0.044733342 -0.10193333 0.77000004
0.043266676 -0.10193333 0.77000004
0.041800007 -0.10193334 0.77000004
0.040333342 -0.10193334 0.77000004
0.038866676 -0.10193334 0.77000004
0.046200011 -0.1034 0.77000004
0.044733342 -0.1034 0.77000004
0.043266676 -0.1034 0.77000004
0.041800007 -0.10340001 0.77000004
0.040228579 -0.10313144 0.76800001
0.038765725 -0.10313144 0.76800001
0.062333342 -0.10486666 0.77000004
0.060866676 -0.10486666 0.77000004
0.059400011 -0.10486666 0.77000004
0.057933342 -0.10486666 0.77000004
0.056466676 -0.10486666 0.77000004
0.055000011 -0.10486666 0.77000004
0.053533342 -0.10486666 0.77000004
0.051931437 -0.10459428 0.76800001
0.050468579 -0.10459428 0.76800001
0.049133342 -0.10486666 0.77000004
0.047666676 -0.10486666 0.77000004
0.046200011 -0.10486666 0.77000004
0.044733342 -0.10486666 0.77000004
0.043266676 -0.10486666 0.77000004
0.041800007 -0.10486667 0.77000004
0.040333342 -0.10486667 0.77000004
0.038866676 -0.10486667 0.77000004
0.062333342 -0.10633333 0.77000004
0.060866676 -0.10633333 0.77000004
0.059400011 -0.10633333 0.77000004
0.057933342 -0.10633333 0.77000004
0.056466676 -0.10633333 0.77000004
0.055000011 -0.10633333 0.77000004
0.053533342 -0.10633333 0.77000004
0.051931437 -0.10605714 0.76800001
0.050468579 -0.10605714 0.76800001
0.049005724 -0.10605714 0.76800001
0.047666676 -0.10633333 0.77000004
0.046200011 -0.10633333 0.77000004
0.044733342 -0.10633333 0.77000004
0.043379061 -0.10660952 0.77200001
0.041800007 -0.10633334 0.77000004
0.040333342 -0.10633334 0.77000004
0.038866676 -0.10633334 0.77000004
0.063800007 -0.1078 0.77000004
0.062333345 -0.1078 0.77000004
0.06086668 -0.1078 0.77000004
0.059400015 -0.1078 0.77000004
0.057933345 -0.1078 0.77000004
0.05646668 -0.1078 0.77000004
0.055000015 -0.1078 0.77000004
0.053533345 -0.1078 0.77000004
0.051931441 -0.10752 0.76800001
0.050468583 -0.10752 0.76800001
0.049005728 -0.10752 0.76800001
0.04766668 -0.1078 0.77000004
0.046200015 -0.1078 0.77000004
0.044733346 -0.1078 0.77000004
0.04326668 -0.1078 0.77000004
0.041800011 -0.10780001 0.77000004
0.040333346 -0.10780001 0.77000004
0.03886668 -0.10780001 0.77000004
0.063634299 -0.10898285 0.76800001
0.062171441 -0.10898285 0.76800001
0.060708586 -0.10898285 0.76800001
0.059400015 -0.10926666 0.77000004
0.057933345 -0.10926666 0.77000004
0.05646668 -0.10926666 0.77000004
0.055000015 -0.10926666 0.77000004
0.053394299 -0.10898285 0.76800001
0.051931441 -0.10898285 0.76800001
0.050468583 -0.10898285 0.76800001
0.049133345 -0.10926666 0.77000004
0.04766668 -0.10926666 0.77000004
0.046200015 -0.10926666 0.77000004
0.044733346 -0.10926666 0.77000004
0.04326668 -0.10926666 0.77000004
0.041800011 -0.10926667 0.77000004
0.040333346 -0.10926667 0.77000004
0.065097153 -0.11044571 0.76800001
0.063634299 -0.11044571 0.76800001
0.062171441 -0.11044571 0.76800001
0.060708586 -0.11044571 0.76800001
0.059400015 -0.11073333 0.77000004
0.057933345 -0.11073333 0.77000004
0.05646668 -0.11073333 0.77000004
0.055142872 -0.11102095 0.77200001
0.053394299 -0.11044571 0.76800001
0.051931441 -0.11044571 0.76800001
0.050600015 -0.11073333 0.77000004
0.049133345 -0.11073333 0.77000004
0.04766668 -0.11073333 0.77000004
0.046200015 -0.11073333 0.77000004
0.044733346 -0.11073333 0.77000004
0.04326668 -0.11073333 0.77000004
0.041908585 -0.11102096 0.77200001
0.040438108 -0.11102096 0.77200001
0.065266676 -0.1122 0.77000004
0.063800007 -0.1122 0.77000004
0.062333345 -0.1122 0.77000004
0.060708586 -0.11190857 0.76800001
0.059400015 -0.1122 0.77000004
0.057933345 -0.1122 0.77000004
0.05646668 -0.1122 0.77000004
0.055142872 -0.11249143 0.77200001
0.053394299 -0.11190857 0.76800001
0.051931441 -0.11190857 0.76800001
0.050600015 -0.1122 0.77000004
0.049133345 -0.1122 0.77000004
0.04766668 -0.1122 0.77000004
0.046200015 -0.1122 0.77000004
0.044733346 -0.1122 0.77000004
0.04326668 -0.1122 0.77000004
0.041908585 -0.11249144 0.77200001
0.040490489 -0.11263715 0.77300006
0.039018109 -0.11263715 0.77300006
0.03764287 -0.11292858 0.77500004
0.036166679 -0.11292858 0.77500004
0.066560008 -0.11337142 0.76800001
0.065097153 -0.11337142 0.76800001
0.063800007 -0.11366666 0.77000004
0.062171441 -0.11337142 0.76800001
0.060708586 -0.11337142 0.76800001
0.059245728 -0.11337142 0.76800001
0.057933345 -0.11366666 0.77000004
0.05646668 -0.11366666 0.77000004
0.055000015 -0.11366666 0.77000004
0.053394299 -0.11337142 0.76800001
0.051931441 -0.11337142 0.76800001
0.050468583 -0.11337142 0.76800001
0.049005728 -0.11337142 0.76800001
0.04754287 -0.11337142 0.76800001
0.046080012 -0.11337142 0.76800001
0.044617157 -0.11337142 0.76800001
0.043379061 -0.1139619 0.77200001
0.041908585 -0.11396191 0.77200001
0.040595252 -0.11440477 0.77500004
0.039119061 -0.11440477 0.77500004
0.037740011 -0.1147 0.77700001
0.036166679 -0.11440477 0.77500004
0.034690488 -0.11440477 0.77500004
0.033128586 -0.11410953 0.77300006
0.031656202 -0.11410953 0.77300006
0.066560008 -0.11483428 0.76800001
0.065266676 -0.11513333 0.77000004
0.063634299 -0.11483428 0.76800001
0.062333345 -0.11513333 0.77000004
0.06086668 -0.11513333 0.77000004
0.059400015 -0.11513333 0.77000004
0.057933345 -0.11513333 0.77000004
0.05646668 -0.11513333 0.77000004
0.055000015 -0.11513333 0.77000004
0.053533345 -0.11513333 0.77000004
0.05206668 -0.11513333 0.77000004
0.050600015 -0.11513333 0.77000004
0.049005728 -0.11483428 0.76800001
0.04779049 -0.11543237 0.77200001
0.046320014 -0.11543237 0.77200001
0.044849537 -0.11543237 0.77200001
0.043379061 -0.11543237 0.77200001
0.041962869 -0.11558191 0.77300006
0.040490489 -0.11558191 0.77300006
0.039119061 -0.11588096 0.77500004
0.03764287 -0.11588096 0.77500004
0.036166679 -0.11588096 0.77500004
0.034690488 -0.11588096 0.77500004
0.033128586 -0.11558191 0.77300006
0.03161525 -0.11543238 0.77200001
0.030066676 -0.11513334 0.77000004
0.028600011 -0.11513334 0.77000004
0.027133344 -0.11513334 0.77000004
0.066560008 -0.11629714 0.76800001
0.065266676 -0.1166 0.77000004
0.063800007 -0.1166 0.77000004
0.062333345 -0.1166 0.77000004
0.06086668 -0.1166 0.77000004
0.059400015 -0.1166 0.77000004
0.057933345 -0.1166 0.77000004
0.05646668 -0.1166 0.77000004
0.055000015 -0.1166 0.77000004
0.053533345 -0.1166 0.77000004
0.05206668 -0.1166 0.77000004
0.050600015 -0.1166 0.77000004
0.049133345 -0.1166 0.77000004
0.04779049 -0.11690285 0.77200001
0.046200015 -0.1166 0.77000004
0.044849537 -0.11690285 0.77200001
0.043379061 -0.11690285 0.77200001
0.041962869 -0.11705429 0.77300006
0.040595252 -0.11735715 0.77500004
0.039119061 -0.11735715 0.77500004
0.03764287 -0.11735715 0.77500004
0.036260013 -0.11766 0.77700001
0.034780014 -0.11766 0.77700001
0.033214297 -0.11735715 0.77500004
0.031738106 -0.11735715 0.77500004
0.030340012 -0.11766 0.77700001
0.028860012 -0.11766 0.77700001
0.027133344 -0.11660001 0.77000004
0.065266676 -0.11806666 0.77000004
0.063800007 -0.11806666 0.77000004
0.062333345 -0.11806666 0.77000004
0.06086668 -0.11806666 0.77000004
0.059400015 -0.11806666 0.77000004
0.057933345 -0.11806666 0.77000004
0.05646668 -0.11806666 0.77000004
0.055000015 -0.11806666 0.77000004
0.053533345 -0.11806666 0.77000004
0.05206668 -0.11806666 0.77000004
0.050600015 -0.11806666 0.77000004
0.049133345 -0.11806666 0.77000004
0.04779049 -0.11837333 0.77200001
0.046320014 -0.11837333 0.77200001
0.044849537 -0.11837333 0.77200001
0.043435249 -0.11852666 0.77300006
0.041962869 -0.11852667 0.77300006
0.040595252 -0.11883334 0.77500004
0.039119061 -0.11883334 0.77500004
0.03764287 -0.11883334 0.77500004
0.036260013 -0.11914001 0.77700001
0.034780014 -0.11914001 0.77700001
0.033214297 -0.11883334 0.77500004
0.031738106 -0.11883334 0.77500004
0.030340012 -0.11914001 0.77700001
0.028860012 -0.11914001 0.77700001
0.065266676 -0.11953333 0.77000004
0.063800007 -0.11953333 0.77000004
0.062333345 -0.11953333 0.77000004
0.06086668 -0.11953333 0.77000004
0.059400015 -0.11953333 0.77000004
0.057933345 -0.11953333 0.77000004
0.05646668 -0.11953333 0.77000004
0.055142872 -0.1198438 0.77200001
0.053533345 -0.11953333 0.77000004
0.052201919 -0.1198438 0.77200001
0.050731443 -0.1198438 0.77200001
0.049260966 -0.1198438 0.77200001
0.04779049 -0.1198438 0.77200001
0.046320014 -0.1198438 0.77200001
0.044849537 -0.1198438 0.77200001
0.043435249 -0.11999904 0.77300006
0.041962869 -0.11999905 0.77300006
0.040595252 -0.12030953 0.77500004
0.039119061 -0.12030953 0.77500004
0.03764287 -0.12030953 0.77500004
0.036166679 -0.12030953 0.77500004
0.034690488 -0.12030953 0.77500004
0.033214297 -0.12030953 0.77500004
0.031738106 -0.12030953 0.77500004
0.030261917 -0.12030953 0.77500004
0.028785726 -0.12030953 0.77500004
0.066733345 -0.121 0.77000004
0.065266676 -0.121 0.77000004
0.063800007 -0.121 0.77000004
0.062333345 -0.121 0.77000004
0.06086668 -0.121 0.77000004
0.059554297 -0.12131428 0.77200001
0.058083821 -0.12131428 0.77200001
0.05646668 -0.121 0.77000004
0.055142872 -0.12131428 0.77200001
0.053672396 -0.12131428 0.77200001
0.052201919 -0.12131428 0.77200001
0.050600015 -0.121 0.77000004
0.049260966 -0.12131428 0.77200001
0.04779049 -0.12131428 0.77200001
0.046320014 -0.12131428 0.77200001
0.044907633 -0.12147143 0.77300006
0.043435249 -0.12147143 0.77300006
0.041962869 -0.12147143 0.77300006
0.040595252 -0.12178572 0.77500004
0.039119061 -0.12178572 0.77500004
0.037740011 -0.1221 0.77700001
0.036260013 -0.1221 0.77700001
0.034780014 -0.1221 0.77700001
0.033214297 -0.12178572 0.77500004
0.031820014 -0.1221 0.77700001
0.030340012 -0.1221 0.77700001
0.028860012 -0.1221 0.77700001
0.068200007 -0.12246666 0.77000004
0.066733345 -0.12246666 0.77000004
0.065266676 -0.12246666 0.77000004
0.063800007 -0.12246666 0.77000004
0.062333345 -0.12246666 0.77000004
0.06086668 -0.12246666 0.77000004
0.059554297 -0.12278476 0.77200001
0.058083821 -0.12278476 0.77200001
0.056613348 -0.12278476 0.77200001
0.055142872 -0.12278476 0.77200001
0.053672396 -0.12278476 0.77200001
0.052201919 -0.12278476 0.77200001
0.050731443 -0.12278476 0.77200001
0.049260966 -0.12278476 0.77200001
0.047852393 -0.1229438 0.77300006
0.046380013 -0.1229438 0.77300006
0.044907633 -0.1229438 0.77300006
0.043435249 -0.1229438 0.77300006
0.041962869 -0.12294381 0.77300006
0.040595252 -0.12326191 0.77500004
0.039119061 -0.12326191 0.77500004
0.037545726 -0.12294381 0.77300006
0.036260013 -0.12358 0.77700001
0.034780014 -0.12358 0.77700001
0.033214297 -0.12326191 0.77500004
0.031820014 -0.12358 0.77700001
0.030340012 -0.12358 0.77700001
0.028860012 -0.12358 0.77700001
0.071133345 -0.12393333 0.77000004
0.069666676 -0.12393333 0.77000004
0.068200007 -0.12393333 0.77000004
0.066733345 -0.12393333 0.77000004
0.065266676 -0.12393333 0.77000004
0.063800007 -0.12393333 0.77000004
0.06249525 -0.12425523 0.77200001
0.061024774 -0.12425523 0.77200001
0.059554297 -0.12425523 0.77200001
0.058083821 -0.12425523 0.77200001
0.056613348 -0.12425523 0.77200001
0.055142872 -0.12425523 0.77200001
0.053672396 -0.12425523 0.77200001
0.052201919 -0.12425523 0.77200001
0.050731443 -0.12425523 0.77200001
0.049260966 -0.12425523 0.77200001
0.047852393 -0.12441619 0.77300006
0.046380013 -0.12441619 0.77300006
0.044907633 -0.12441619 0.77300006
0.043435249 -0.12441619 0.77300006
0.041962869 -0.12441619 0.77300006
0.040595252 -0.1247381 0.77500004
0.039119061 -0.1247381 0.77500004
0.03764287 -0.1247381 0.77500004
0.036166679 -0.1247381 0.77500004
0.034690488 -0.1247381 0.77500004
0.033300012 -0.12506001 0.77700001
0.031820014 -0.12506001 0.77700001
0.030340012 -0.12506001 0.77700001
0.028860012 -0.12506001 0.77700001
0.074066676 -0.12540001 0.77000004
0.072600007 -0.12540001 0.77000004
0.071133345 -0.12540001 0.77000004
0.069666676 -0.12540001 0.77000004
0.068200007 -0.12540001 0.77000004
0.066733345 -0.12540001 0.77000004
0.065266676 -0.12540001 0.77000004
0.063800007 -0.12540001 0.77000004
0.06249525 -0.12572572 0.77200001
0.061024774 -0.12572572 0.77200001
0.059631441 -0.12588857 0.77300006
0.058083821 -0.12572572 0.77200001
0.056613348 -0.12572572 0.77200001
0.055142872 -0.12572572 0.77200001
0.053672396 -0.12572572 0.77200001
0.052201919 -0.12572572 0.77200001
0.050600015 -0.12540001 0.77000004
0.049260966 -0.12572572 0.77200001
0.04779049 -0.12572572 0.77200001
0.046320014 -0.12572572 0.77200001
0.044907633 -0.12588857 0.77300006
0.043435249 -0.12588857 0.77300006
0.041962869 -0.12588857 0.77300006
0.040595252 -0.1262143 0.77500004
0.039119061 -0.1262143 0.77500004
0.03764287 -0.1262143 0.77500004
0.036166679 -0.1262143 0.77500004
0.034690488 -0.1262143 0.77500004
0.033300012 -0.12654001 0.77700001
0.031820014 -0.12654001 0.77700001
0.030418107 -0.12686571 0.77900004
0.028934298 -0.12686571 0.77900004
0.075729534 -0.12719619 0.77200001
0.074066676 -0.12686667 0.77000004
0.072600007 -0.12686667 0.77000004
0.071133345 -0.12686667 0.77000004
0.069666676 -0.12686667 0.77000004
0.068200007 -0.12686667 0.77000004
0.066733345 -0.12686667 0.77000004
0.065436199 -0.12719619 0.77200001
0.063965723 -0.12719619 0.77200001
0.06249525 -0.12719619 0.77200001
0.061103825 -0.12736095 0.77300006
0.059631441 -0.12736095 0.77300006
0.058159061 -0.12736095 0.77300006
0.056686681 -0.12736095 0.77300006
0.055214301 -0.12736095 0.77300006
0.053741917 -0.12736095 0.77300006
0.052201919 -0.12719619 0.77200001
0.050731443 -0.12719619 0.77200001
0.049260966 -0.12719619 0.77200001
0.04779049 -0.12719619 0.77200001
0.046500012 -0.12769048 0.77500004
0.044907633 -0.12736095 0.77300006
0.043435249 -0.12736095 0.77300006
0.042071443 -0.12769048 0.77500004
0.040595252 -0.12769048 0.77500004
0.039119061 -0.12769048 0.77500004
0.03764287 -0.12769048 0.77500004
0.036073346 -0.12736095 0.77300006
0.034690488 -0.12769048 0.77500004
0.033214297 -0.12769048 0.77500004
0.031820014 -0.12802 0.77700001
0.030418107 -0.12834953 0.77900004
0.028934298 -0.12834953 0.77900004
0.077200018 -0.12866667 0.77200001
0.075729541 -0.12866667 0.77200001
0.074066684 -0.12833335 0.77000004
0.072600015 -0.12833335 0.77000004
0.071133353 -0.12833335 0.77000004
0.069666684 -0.12833335 0.77000004
0.068200015 -0.12833335 0.77000004
0.066733353 -0.12833335 0.77000004
0.065436207 -0.12866667 0.77200001
0.064048588 -0.12883334 0.77300006
0.062576205 -0.12883334 0.77300006
0.061103825 -0.12883334 0.77300006
0.059785727 -0.12916668 0.77500004
0.058309536 -0.12916668 0.77500004
0.056833345 -0.12916668 0.77500004
0.055214301 -0.12883334 0.77300006
0.053741917 -0.12883334 0.77300006
0.052269537 -0.12883334 0.77300006
0.050797157 -0.12883334 0.77300006
0.049452394 -0.12916668 0.77500004
0.047976203 -0.12916668 0.77500004
0.046500012 -0.12916668 0.77500004
0.045023821 -0.12916668 0.77500004
0.04354763 -0.12916668 0.77500004
0.042071443 -0.12916668 0.77500004
0.040595252 -0.12916668 0.77500004
0.039119061 -0.12916668 0.77500004
0.03764287 -0.12916668 0.77500004
0.036166679 -0.12916668 0.77500004
0.034690488 -0.12916668 0.77500004
0.033214297 -0.12916668 0.77500004
0.031738106 -0.12916668 0.77500004
0.030261917 -0.12916668 0.77500004
0.028785726 -0.12916668 0.77500004
0.08318954 -0.13030572 0.77300006
0.081717163 -0.13030572 0.77300006
0.08024478 -0.13030572 0.77300006
0.078772396 -0.13030572 0.77300006
0.077200018 -0.13013715 0.77200001
0.075729541 -0.13013715 0.77200001
0.074066684 -0.12980001 0.77000004
0.072600015 -0.12980001 0.77000004
0.071133353 -0.12980001 0.77000004
0.069666684 -0.12980001 0.77000004
0.068200015 -0.12980001 0.77000004
0.066733353 -0.12980001 0.77000004
0.065436207 -0.13013715 0.77200001
0.064048588 -0.13030572 0.77300006
0.062576205 -0.13030572 0.77300006
0.061103825 -0.13030572 0.77300006
0.059785727 -0.13064286 0.77500004
0.058309536 -0.13064286 0.77500004
0.056833345 -0.13064286 0.77500004
0.055357154 -0.13064286 0.77500004
0.053741917 -0.13030572 0.77300006
0.052269537 -0.13030572 0.77300006
0.050797157 -0.13030572 0.77300006
0.049324773 -0.13030572 0.77300006
0.047976203 -0.13064286 0.77500004
0.046500012 -0.13064286 0.77500004
0.045023821 -0.13064286 0.77500004
0.04354763 -0.13064286 0.77500004
0.042071443 -0.13064286 0.77500004
0.040595252 -0.13064286 0.77500004
0.039119061 -0.13064286 0.77500004
0.03764287 -0.13064286 0.77500004
0.036166679 -0.13064286 0.77500004
0.034600966 -0.13030572 0.77300006
0.033128586 -0.13030572 0.77300006
0.031656202 -0.13030572 0.77300006
0.030183822 -0.13030572 0.77300006
0.028785726 -0.13064286 0.77500004
0.087493353 -0.13160761 0.77200001
0.085800014 -0.13126665 0.77000004
0.084661923 -0.13177811 0.77300006
0.08318954 -0.13177811 0.77300006
0.081717163 -0.13177811 0.77300006
0.08024478 -0.13177811 0.77300006
0.078772396 -0.13177811 0.77300006
0.07730002 -0.13177811 0.77300006
0.075827636 -0.13177811 0.77300006
0.074259065 -0.13160762 0.77200001
0.072788589 -0.13160762 0.77200001
0.071318112 -0.13160762 0.77200001
0.069847636 -0.13160762 0.77200001
0.06837716 -0.13160762 0.77200001
0.066733353 -0.13126667 0.77000004
0.065436207 -0.13160762 0.77200001
0.064048588 -0.13177811 0.77300006
0.062576205 -0.13177811 0.77300006
0.061261918 -0.13211906 0.77500004
0.059785727 -0.13211906 0.77500004
0.058309536 -0.13211906 0.77500004
0.056833345 -0.13211906 0.77500004
0.055357154 -0.13211906 0.77500004
0.053741917 -0.13177811 0.77300006
0.052269537 -0.13177811 0.77300006
0.050797157 -0.13177811 0.77300006
0.049324773 -0.13177811 0.77300006
0.047852393 -0.13177811 0.77300006
0.046500012 -0.13211906 0.77500004
0.045023821 -0.13211906 0.77500004
0.04354763 -0.13211906 0.77500004
0.042071443 -0.13211906 0.77500004
0.040595252 -0.13211906 0.77500004
0.039119061 -0.13211906 0.77500004
0.037545726 -0.13177811 0.77300006
0.036073346 -0.13177811 0.77300006
0.034556203 -0.13160762 0.77200001
0.033085726 -0.13160762 0.77200001
0.03161525 -0.13160762 0.77200001
0.030144773 -0.13160762 0.77200001
0.090200022 -0.13273333 0.77000004
0.088963829 -0.13307808 0.77200001
0.087493353 -0.13307808 0.77200001
0.085800014 -0.13273333 0.77000004
0.084661923 -0.13325047 0.77300006
0.08318954 -0.13325047 0.77300006
0.081717163 -0.13325047 0.77300006
0.08024478 -0.13325047 0.77300006
0.078772396 -0.13325047 0.77300006
0.07730002 -0.13325047 0.77300006
0.075827636 -0.13325047 0.77300006
0.074259065 -0.1330781 0.77200001
0.072788589 -0.1330781 0.77200001
0.071318112 -0.1330781 0.77200001
0.069847636 -0.1330781 0.77200001
0.06837716 -0.1330781 0.77200001
0.066906683 -0.1330781 0.77200001
0.065436207 -0.1330781 0.77200001
0.064214304 -0.13359524 0.77500004
0.062738113 -0.13359524 0.77500004
0.061261918 -0.13359524 0.77500004
0.059785727 -0.13359524 0.77500004
0.058460012 -0.13394001 0.77700001
0.056980014 -0.13394001 0.77700001
0.055357154 -0.13359524 0.77500004
0.053741917 -0.13325047 0.77300006
0.052404776 -0.13359524 0.77500004
0.050928585 -0.13359524 0.77500004
0.049324773 -0.13325047 0.77300006
0.047852393 -0.13325047 0.77300006
0.046380013 -0.13325047 0.77300006
0.045023821 -0.13359524 0.77500004
0.04354763 -0.13359524 0.77500004
0.042071443 -0.13359524 0.77500004
0.040490489 -0.13325047 0.77300006
0.039119061 -0.13359524 0.77500004
0.037497155 -0.1330781 0.77200001
0.036026679 -0.1330781 0.77200001
0.034556203 -0.1330781 0.77200001
0.033000011 -0.13273335 0.77000004
0.031533346 -0.13273335 0.77000004
0.030144773 -0.1330781 0.77200001
0.090200022 -0.13419999 0.77000004
0.088963829 -0.13454856 0.77200001
0.087493353 -0.13454856 0.77200001
0.085800014 -0.13419999 0.77000004
0.084333353 -0.13420001 0.77000004
0.083081923 -0.13454857 0.77200001
0.081611447 -0.13454857 0.77200001
0.080140971 -0.13454857 0.77200001
0.078772396 -0.13472286 0.77300006
0.07730002 -0.13472286 0.77300006
0.076023825 -0.13507143 0.77500004
0.074259065 -0.13454857 0.77200001
0.072788589 -0.13454857 0.77200001
0.071318112 -0.13454857 0.77200001
0.069666684 -0.13420001 0.77000004
0.06837716 -0.13454857 0.77200001
0.066906683 -0.13454857 0.77200001
0.065520972 -0.13472286 0.77300006
0.06438002 -0.13542001 0.77700001
0.062900014 -0.13542001 0.77700001
0.061420012 -0.13542001 0.77700001
0.059940014 -0.13542001 0.77700001
0.058460012 -0.13542001 0.77700001
0.056980014 -0.13542001 0.77700001
0.055357154 -0.13507143 0.77500004
0.053880967 -0.13507143 0.77500004
0.052404776 -0.13507143 0.77500004
0.050928585 -0.13507143 0.77500004
0.049452394 -0.13507143 0.77500004
0.047976203 -0.13507143 0.77500004
0.046380013 -0.13472286 0.77300006
0.044907633 -0.13472286 0.77300006
0.04354763 -0.13507143 0.77500004
0.041962869 -0.13472286 0.77300006
0.040438108 -0.13454857 0.77200001
0.038967632 -0.13454857 0.77200001
0.037497155 -0.13454857 0.77200001
0.036026679 -0.13454857 0.77200001
0.034556203 -0.13454857 0.77200001
0.033000011 -0.13420001 0.77000004
0.031533346 -0.13420001 0.77000004
0.090200022 -0.13566665 0.77000004
0.088733353 -0.13566665 0.77000004
0.087266684 -0.13566665 0.77000004
0.085800014 -0.13566665 0.77000004
0.084333353 -0.13566667 0.77000004
0.082866684 -0.13566667 0.77000004
0.081611447 -0.13601905 0.77200001
0.080140971 -0.13601905 0.77200001
0.078670494 -0.13601905 0.77200001
0.07730002 -0.13619524 0.77300006
0.076023825 -0.13654763 0.77500004
0.074259065 -0.13601905 0.77200001
0.072788589 -0.13601905 0.77200001
0.071410492 -0.13619524 0.77300006
0.069847636 -0.13601905 0.77200001
0.06837716 -0.13601905 0.77200001
0.066993348 -0.13619524 0.77300006
0.065520972 -0.13619524 0.77300006
0.06438002 -0.13690001 0.77700001
0.062900014 -0.13690001 0.77700001
0.061420012 -0.13690001 0.77700001
0.059940014 -0.13690001 0.77700001
0.058460012 -0.13690001 0.77700001
0.056980014 -0.13690001 0.77700001
0.055500012 -0.13690001 0.77700001
0.054020014 -0.13690001 0.77700001
0.052404776 -0.13654763 0.77500004
0.050928585 -0.13654763 0.77500004
0.049452394 -0.13654763 0.77500004
0.047976203 -0.13654763 0.77500004
0.046500012 -0.13654763 0.77500004
0.045023821 -0.13654763 0.77500004
0.04354763 -0.13654763 0.77500004
0.041962869 -0.13619524 0.77300006
0.040490489 -0.13619524 0.77300006
0.039119061 -0.13654763 0.77500004
0.037497155 -0.13601905 0.77200001
0.036026679 -0.13601905 0.77200001
0.034556203 -0.13601905 0.77200001
0.033085726 -0.13601905 0.77200001
0.031533346 -0.13566667 0.77000004
0.091666684 -0.13713333 0.77000004
0.090200022 -0.13713333 0.77000004
0.088733353 -0.13713333 0.77000004
0.087493353 -0.13748951 0.77200001
0.085800014 -0.13713333 0.77000004
0.084333353 -0.13713335 0.77000004
0.082866684 -0.13713335 0.77000004
0.081611447 -0.13748953 0.77200001
0.080140971 -0.13748953 0.77200001
0.078670494 -0.13748953 0.77200001
0.07730002 -0.13766763 0.77300006
0.075827636 -0.13766763 0.77300006
0.074355252 -0.13766763 0.77300006
0.072882876 -0.13766763 0.77300006
0.071595259 -0.13802381 0.77500004
0.069938116 -0.13766763 0.77300006
0.068465732 -0.13766763 0.77300006
0.067166686 -0.13802381 0.77500004
0.065690495 -0.13802381 0.77500004
0.064214304 -0.13802381 0.77500004
0.062900014 -0.13838001 0.77700001
0.061420012 -0.13838001 0.77700001
0.059940014 -0.13838001 0.77700001
0.058460012 -0.13838001 0.77700001
0.056980014 -0.13838001 0.77700001
0.055500012 -0.13838001 0.77700001
0.054020014 -0.13838001 0.77700001
0.052540012 -0.13838001 0.77700001
0.051060013 -0.13838001 0.77700001
0.049452394 -0.13802381 0.77500004
0.047976203 -0.13802381 0.77500004
0.046500012 -0.13802381 0.77500004
0.045023821 -0.13802381 0.77500004
0.04354763 -0.13802381 0.77500004
0.041962869 -0.13766763 0.77300006
0.040490489 -0.13766763 0.77300006
0.039018109 -0.13766763 0.77300006
0.037497155 -0.13748953 0.77200001
0.036026679 -0.13748953 0.77200001
0.03446668 -0.13713335 0.77000004
0.033000011 -0.13713335 0.77000004
0.093375258 -0.13895999 0.77200001
0.091666684 -0.13859999 0.77000004
0.090200022 -0.13859999 0.77000004
0.088733353 -0.13859999 0.77000004
0.087266684 -0.13859999 0.77000004
0.085800014 -0.13859999 0.77000004
0.084333353 -0.13860001 0.77000004
0.082866684 -0.13860001 0.77000004
0.081611447 -0.13896 0.77200001
0.080140971 -0.13896 0.77200001
0.078772396 -0.13914001 0.77300006
0.077500015 -0.13950001 0.77500004
0.076023825 -0.13950001 0.77500004
0.074355252 -0.13914001 0.77300006
0.073071443 -0.13950001 0.77500004
0.071780019 -0.13986 0.77700001
0.07030002 -0.13986 0.77700001
0.068820015 -0.13986 0.77700001
0.067340016 -0.13986 0.77700001
0.065860018 -0.13986 0.77700001
0.06438002 -0.13986 0.77700001
0.063061923 -0.14022 0.77900004
0.061420012 -0.13986 0.77700001
0.059940014 -0.13986 0.77700001
0.058460012 -0.13986 0.77700001
0.057126679 -0.14022 0.77900004
0.055500012 -0.13986 0.77700001
0.054020014 -0.13986 0.77700001
0.052540012 -0.13986 0.77700001
0.051060013 -0.13986 0.77700001
0.049580012 -0.13986 0.77700001
0.047976203 -0.13950001 0.77500004
0.046500012 -0.13950001 0.77500004
0.045023821 -0.13950001 0.77500004
0.04354763 -0.13950001 0.77500004
0.041962869 -0.13914001 0.77300006
0.040595252 -0.13950001 0.77500004
0.039018109 -0.13914001 0.77300006
0.037497155 -0.13896 0.77200001
0.036026679 -0.13896 0.77200001
0.03446668 -0.13860001 0.77000004
0.033000011 -0.13860001 0.77000004
0.093133353 -0.14006665 0.77000004
0.091666684 -0.14006665 0.77000004
0.090200022 -0.14006665 0.77000004
0.088733353 -0.14006665 0.77000004
0.087266684 -0.14006665 0.77000004
0.085800014 -0.14006665 0.77000004
0.0845524 -0.14043048 0.77200001
0.083081923 -0.14043048 0.77200001
0.081611447 -0.14043048 0.77200001
0.08024478 -0.14061238 0.77300006
0.078772396 -0.14061238 0.77300006
0.077500015 -0.14097619 0.77500004
0.076023825 -0.14097619 0.77500004
0.074547634 -0.14097619 0.77500004
0.073071443 -0.14097619 0.77500004
0.071780019 -0.14134 0.77700001
0.07030002 -0.14134 0.77700001
0.068820015 -0.14134 0.77700001
0.067340016 -0.14134 0.77700001
0.066029541 -0.14170381 0.77900004
0.064545728 -0.14170381 0.77900004
0.063061923 -0.14170381 0.77900004
0.06157811 -0.14170381 0.77900004
0.060094301 -0.14170381 0.77900004
0.058610488 -0.14170381 0.77900004
0.057126679 -0.14170381 0.77900004
0.055642869 -0.14170381 0.77900004
0.05415906 -0.14170381 0.77900004
0.052675251 -0.14170381 0.77900004
0.051191442 -0.14170381 0.77900004
0.049707633 -0.14170381 0.77900004
0.048100013 -0.14134 0.77700001
0.046620011 -0.14134 0.77700001
0.045140013 -0.14134 0.77700001
0.04354763 -0.14097619 0.77500004
0.042071443 -0.14097619 0.77500004
0.040595252 -0.14097619 0.77500004
0.039018109 -0.14061238 0.77300006
0.037400011 -0.14006667 0.77000004
0.035933346 -0.14006667 0.77000004
0.034377154 -0.13970286 0.76800001
0.0329143 -0.13970286 0.76800001
0.093133353 -0.14153333 0.77000004
0.091666684 -0.14153333 0.77000004
0.090200022 -0.14153333 0.77000004
0.088733353 -0.14153333 0.77000004
0.087493353 -0.14190094 0.77200001
0.086022876 -0.14190094 0.77200001
0.0845524 -0.14190096 0.77200001
0.083081923 -0.14190096 0.77200001
0.081717163 -0.14208476 0.77300006
0.08024478 -0.14208476 0.77300006
0.078976206 -0.14245239 0.77500004
0.077500015 -0.14245239 0.77500004
0.076023825 -0.14245239 0.77500004
0.074740015 -0.14282 0.77700001
0.073260017 -0.14282 0.77700001
0.071964778 -0.14318763 0.77900004
0.070480973 -0.14318763 0.77900004
0.06899716 -0.14318763 0.77900004
0.067513354 -0.14318763 0.77900004
0.066029541 -0.14318763 0.77900004
0.064628586 -0.14337143 0.78000003
0.063142873 -0.14337143 0.78000003
0.06157811 -0.14318763 0.77900004
0.060094301 -0.14318763 0.77900004
0.058685727 -0.14337143 0.78000003
0.057200015 -0.14337143 0.78000003
0.055714298 -0.14337143 0.78000003
0.05415906 -0.14318763 0.77900004
0.052742869 -0.14337143 0.78000003
0.051388584 -0.14373906 0.78200006
0.04989906 -0.14373906 0.78200006
0.048285726 -0.14337143 0.78000003
0.046620011 -0.14282 0.77700001
0.045140013 -0.14282 0.77700001
0.043660011 -0.14282 0.77700001
0.042071443 -0.14245239 0.77500004
0.040595252 -0.14245239 0.77500004
0.039018109 -0.14208476 0.77300006
0.037545726 -0.14208476 0.77300006
0.035933346 -0.14153334 0.77000004
0.034377154 -0.14116572 0.76800001
0.0329143 -0.14116572 0.76800001
0.094600022 -0.14299999 0.77000004
0.093133353 -0.14299999 0.77000004
0.091666684 -0.14299999 0.77000004
0.090200022 -0.14299999 0.77000004
0.088733353 -0.14299999 0.77000004
0.087493353 -0.14337142 0.77200001
0.086022876 -0.14337142 0.77200001
0.0845524 -0.14337143 0.77200001
0.08318954 -0.14355715 0.77300006
0.081717163 -0.14355715 0.77300006
0.080452397 -0.14392857 0.77500004
0.078976206 -0.14392857 0.77500004
0.077700019 -0.1443 0.77700001
0.076220021 -0.1443 0.77700001
0.074740015 -0.1443 0.77700001
0.073260017 -0.1443 0.77700001
0.071964778 -0.14467144 0.77900004
0.070480973 -0.14467144 0.77900004
0.06899716 -0.14467144 0.77900004
0.067513354 -0.14467144 0.77900004
0.066029541 -0.14467144 0.77900004
0.064628586 -0.14485715 0.78000003
0.063142873 -0.14485715 0.78000003
0.06157811 -0.14467144 0.77900004
0.060094301 -0.14467144 0.77900004
0.058685727 -0.14485715 0.78000003
0.057346679 -0.14522858 0.78200006
0.055857155 -0.14522858 0.78200006
0.054228585 -0.14485715 0.78000003
0.052742869 -0.14485715 0.78000003
0.051388584 -0.14522858 0.78200006
0.04989906 -0.14522858 0.78200006
0.048409536 -0.14522858 0.78200006
0.046800014 -0.14485715 0.78000003
0.045256205 -0.14467144 0.77900004
0.043660011 -0.1443 0.77700001
0.042180013 -0.1443 0.77700001
0.040700011 -0.1443 0.77700001
0.039119061 -0.14392857 0.77500004
0.03764287 -0.14392857 0.77500004
0.036166679 -0.14392857 0.77500004
0.096690498 -0.14540476 0.77500004
0.095214307 -0.14540476 0.77500004
0.093133353 -0.14446665 0.77000004
0.091666684 -0.14446665 0.77000004
0.090434305 -0.14484189 0.77200001
0.088733353 -0.14446665 0.77000004
0.087493353 -0.14484189 0.77200001
0.086134307 -0.14502952 0.77300006
0.084661923 -0.14502953 0.77300006
0.083404779 -0.14540477 0.77500004
0.081928588 -0.14540477 0.77500004
0.080452397 -0.14540477 0.77500004
0.079180017 -0.14578001 0.77700001
0.077700019 -0.14578001 0.77700001
0.076220021 -0.14578001 0.77700001
0.074932396 -0.14615524 0.77900004
0.073448591 -0.14615524 0.77900004
0.072057158 -0.14634286 0.78000003
0.070571445 -0.14634286 0.78000003
0.069085732 -0.14634286 0.78000003
0.067600019 -0.14634286 0.78000003
0.066114306 -0.14634286 0.78000003
0.064794302 -0.1467181 0.78200006
0.063142873 -0.14634286 0.78000003
0.061657157 -0.14634286 0.78000003
0.06017144 -0.14634286 0.78000003
0.058685727 -0.14634286 0.78000003
0.057346679 -0.1467181 0.78200006
0.055857155 -0.1467181 0.78200006
0.054228585 -0.14634286 0.78000003
0.052742869 -0.14634286 0.78000003
0.051388584 -0.1467181 0.78200006
0.04989906 -0.1467181 0.78200006
0.048285726 -0.14634286 0.78000003
0.046740014 -0.14615524 0.77900004
0.045256205 -0.14615524 0.77900004
0.043660011 -0.14578001 0.77700001
0.042180013 -0.14578001 0.77700001
0.040700011 -0.14578001 0.77700001
0.039119061 -0.14540477 0.77500004
0.03764287 -0.14540477 0.77500004
0.036166679 -0.14540477 0.77500004
0.098166682 -0.14688094 0.77500004
0.096690498 -0.14688094 0.77500004
0.095214307 -0.14688094 0.77500004
0.093375258 -0.14631237 0.77200001
0.091666684 -0.14593333 0.77000004
0.090434305 -0.14631237 0.77200001
0.088963829 -0.14631237 0.77200001
0.087493353 -0.14631237 0.77200001
0.086134307 -0.1465019 0.77300006
0.084661923 -0.14650191 0.77300006
0.083404779 -0.14688095 0.77500004
0.081928588 -0.14688095 0.77500004
0.080660015 -0.14726001 0.77700001
0.079180017 -0.14726001 0.77700001
0.077900015 -0.14763905 0.77900004
0.076416209 -0.14763905 0.77900004
0.075028591 -0.14782858 0.78000003
0.073542878 -0.14782858 0.78000003
0.072057158 -0.14782858 0.78000003
0.070752397 -0.14820762 0.78200006
0.069262877 -0.14820762 0.78200006
0.06777335 -0.14820762 0.78200006
0.066114306 -0.14782858 0.78000003
0.064628586 -0.14782858 0.78000003
0.063142873 -0.14782858 0.78000003
0.061657157 -0.14782858 0.78000003
0.060325727 -0.14820762 0.78200006
0.058836203 -0.14820762 0.78200006
0.057346679 -0.14820762 0.78200006
0.055857155 -0.14820762 0.78200006
0.054367632 -0.14820762 0.78200006
0.052878108 -0.14820762 0.78200006
0.051388584 -0.14820762 0.78200006
0.04989906 -0.14820762 0.78200006
0.048409536 -0.14820762 0.78200006
0.046800014 -0.14782858 0.78000003
0.045314297 -0.14782858 0.78000003
0.043660011 -0.14726001 0.77700001
0.042180013 -0.14726001 0.77700001
0.040700011 -0.14726001 0.77700001
0.039119061 -0.14688095 0.77500004
0.03764287 -0.14688095 0.77500004
0.036166679 -0.14688095 0.77500004
0.10072764 -0.14778285 0.77200001
0.099257164 -0.14778285 0.77200001
0.097913355 -0.14797428 0.77300006
0.096316211 -0.14778285 0.77200001
0.094845735 -0.14778285 0.77200001
0.093375258 -0.14778285 0.77200001
0.091904782 -0.14778285 0.77200001
0.090434305 -0.14778285 0.77200001
0.088963829 -0.14778285 0.77200001
0.087493353 -0.14778285 0.77200001
0.086134307 -0.14797428 0.77300006
0.084661923 -0.1479743 0.77300006
0.083404779 -0.14835715 0.77500004
0.081928588 -0.14835715 0.77500004
0.080660015 -0.14874001 0.77700001
0.079180017 -0.14874001 0.77700001
0.077900015 -0.14912286 0.77900004
0.076514304 -0.14931428 0.78000003
0.075220972 -0.14969715 0.78200006
0.073731445 -0.14969715 0.78200006
0.072241925 -0.14969715 0.78200006
0.070752397 -0.14969715 0.78200006
0.069262877 -0.14969715 0.78200006
0.06777335 -0.14969715 0.78200006
0.06628383 -0.14969715 0.78200006
0.064794302 -0.14969715 0.78200006
0.063304782 -0.14969715 0.78200006
0.061815254 -0.14969715 0.78200006
0.060325731 -0.14969715 0.78200006
0.058836207 -0.14969715 0.78200006
0.057346683 -0.14969715 0.78200006
0.055857159 -0.14969715 0.78200006
0.054367635 -0.14969715 0.78200006
0.052878112 -0.14969715 0.78200006
0.051388588 -0.14969715 0.78200006
0.049899064 -0.14969715 0.78200006
0.04840954 -0.14969715 0.78200006
0.046740014 -0.14912286 0.77900004
0.045256205 -0.14912286 0.77900004
0.043772392 -0.14912286 0.77900004
0.042180013 -0.14874001 0.77700001
0.040700011 -0.14874001 0.77700001
0.039119061 -0.14835715 0.77500004
0.03764287 -0.14835715 0.77500004
0.10380287 -0.14944665 0.77300006
0.1023305 -0.14944665 0.77300006
0.10085811 -0.14944665 0.77300006
0.099642873 -0.14983332 0.77500004
0.098166682 -0.14983332 0.77500004
0.096690498 -0.14983332 0.77500004
0.095214307 -0.14983332 0.77500004
0.093738116 -0.14983332 0.77500004
0.092023827 -0.14944665 0.77300006
0.090551443 -0.14944665 0.77300006
0.089079067 -0.14944665 0.77300006
0.087606683 -0.14944665 0.77300006
0.086357161 -0.14983332 0.77500004
0.08488097 -0.14983334 0.77500004
0.083404779 -0.14983334 0.77500004
0.082140021 -0.15022001 0.77700001
0.080660015 -0.15022001 0.77700001
0.079180017 -0.15022001 0.77700001
0.077900015 -0.15060668 0.77900004
0.076514304 -0.1508 0.78000003
0.075220972 -0.15118667 0.78200006
0.073731445 -0.15118667 0.78200006
0.072241925 -0.15118667 0.78200006
0.070752397 -0.15118667 0.78200006
0.069262877 -0.15118667 0.78200006
0.06777335 -0.15118667 0.78200006
0.06628383 -0.15118667 0.78200006
0.064794302 -0.15118667 0.78200006
0.063304782 -0.15118667 0.78200006
0.061815254 -0.15118667 0.78200006
0.060325731 -0.15118667 0.78200006
0.058836207 -0.15118667 0.78200006
0.057346683 -0.15118667 0.78200006
0.055857159 -0.15118667 0.78200006
0.054367635 -0.15118667 0.78200006
0.052878112 -0.15118667 0.78200006
0.051388588 -0.15118667 0.78200006
0.049899064 -0.15118667 0.78200006
0.04840954 -0.15118667 0.78200006
0.046620015 -0.15022001 0.77700001
0.045256209 -0.15060668 0.77900004
0.043660015 -0.15022001 0.77700001
0.042071447 -0.14983334 0.77500004
0.040595256 -0.14983334 0.77500004
0.039119065 -0.14983334 0.77500004
0.037642874 -0.14983334 0.77500004
0.10554764 -0.15130952 0.77500004
0.10380287 -0.15091904 0.77300006
0.1023305 -0.15091904 0.77300006
0.10085811 -0.15091904 0.77300006
0.099642873 -0.15130952 0.77500004
0.098166682 -0.15130952 0.77500004
0.096690498 -0.15130952 0.77500004
0.095214307 -0.15130952 0.77500004
0.093375258 -0.1507238 0.77200001
0.091904782 -0.1507238 0.77200001
0.090551443 -0.15091904 0.77300006
0.089079067 -0.15091904 0.77300006
0.087606683 -0.15091904 0.77300006
0.086357161 -0.15130952 0.77500004
0.08488097 -0.15130953 0.77500004
0.083620019 -0.1517 0.77700001
0.082140021 -0.1517 0.77700001
0.080660015 -0.1517 0.77700001
0.079180017 -0.1517 0.77700001
0.077900015 -0.15209047 0.77900004
0.076514304 -0.15228572 0.78000003
0.075413354 -0.15306666 0.78400004
0.073731445 -0.15267619 0.78200006
0.072241925 -0.15267619 0.78200006
0.070752397 -0.15267619 0.78200006
0.069440015 -0.15306666 0.78400004
0.067946687 -0.15306666 0.78400004
0.066453353 -0.15306666 0.78400004
0.064794302 -0.15267619 0.78200006
0.063304782 -0.15267619 0.78200006
0.061815254 -0.15267619 0.78200006
0.060480017 -0.15306666 0.78400004
0.058836207 -0.15267619 0.78200006
0.057493351 -0.15306666 0.78400004
0.056000017 -0.15306666 0.78400004
0.054506682 -0.15306666 0.78400004
0.052878112 -0.15267619 0.78200006
0.051388588 -0.15267619 0.78200006
0.049899064 -0.15267619 0.78200006
0.04840954 -0.15267619 0.78200006
0.046620015 -0.1517 0.77700001
0.045256209 -0.15209047 0.77900004
0.043660015 -0.1517 0.77700001
0.041962873 -0.15091905 0.77300006
0.040490493 -0.15091905 0.77300006
0.039018113 -0.15091905 0.77300006
0.037642874 -0.15130953 0.77500004
0.10702383 -0.1527857 0.77500004
0.10554764 -0.1527857 0.77500004
0.10380287 -0.15239142 0.77300006
0.1023305 -0.15239142 0.77300006
0.10111906 -0.1527857 0.77500004
0.099385731 -0.15239142 0.77300006
0.097913355 -0.15239142 0.77300006
0.096440971 -0.15239142 0.77300006
0.094968587 -0.15239142 0.77300006
0.093375258 -0.15219428 0.77200001
0.092023827 -0.15239142 0.77300006
0.090551443 -0.15239142 0.77300006
0.089309543 -0.1527857 0.77500004
0.087833352 -0.1527857 0.77500004
0.086357161 -0.1527857 0.77500004
0.085100017 -0.15318 0.77700001
0.083620019 -0.15318 0.77700001
0.082140021 -0.15318 0.77700001
0.080660015 -0.15318 0.77700001
0.079383828 -0.15357429 0.77900004
0.077900015 -0.15357429 0.77900004
0.076710492 -0.15416571 0.78200006
0.075413354 -0.15456 0.78400004
0.073920019 -0.15456 0.78400004
0.072426684 -0.15456 0.78400004
0.070933349 -0.15456 0.78400004
0.069440015 -0.15456 0.78400004
0.067946687 -0.15456 0.78400004
0.06628383 -0.15416571 0.78200006
0.064794302 -0.15416571 0.78200006
0.063304782 -0.15416571 0.78200006
0.061973352 -0.15456 0.78400004
0.060480017 -0.15456 0.78400004
0.058986682 -0.15456 0.78400004
0.057493351 -0.15456 0.78400004
0.056000017 -0.15456 0.78400004
0.054506682 -0.15456 0.78400004
0.053013351 -0.15456 0.78400004
0.051388588 -0.15416571 0.78200006
0.049899064 -0.15416571 0.78200006
0.04840954 -0.15416571 0.78200006
0.046740018 -0.15357429 0.77900004
0.045256209 -0.15357429 0.77900004
0.043660015 -0.15318 0.77700001
0.041800015 -0.15180001 0.77000004
0.040333349 -0.15180001 0.77000004
0.038866684 -0.15180001 0.77000004
0.10702383 -0.1542619 0.77500004
0.10554764 -0.1542619 0.77500004
0.10380287 -0.1538638 0.77300006
0.1023305 -0.1538638 0.77300006
0.10111906 -0.1542619 0.77500004
0.099385731 -0.1538638 0.77300006
0.097913355 -0.1538638 0.77300006
0.096440971 -0.1538638 0.77300006
0.094968587 -0.1538638 0.77300006
0.093496211 -0.1538638 0.77300006
0.092023827 -0.1538638 0.77300006
0.090785734 -0.1542619 0.77500004
0.089309543 -0.1542619 0.77500004
0.088060021 -0.15465999 0.77700001
0.086580016 -0.15465999 0.77700001
0.085319065 -0.15505809 0.77900004
0.083620019 -0.15466 0.77700001
0.082140021 -0.15466 0.77700001
0.080867633 -0.1550581 0.77900004
0.07968954 -0.15565525 0.78200006
0.078000017 -0.15525715 0.78000003
0.076710492 -0.15565525 0.78200006
0.075413354 -0.15605333 0.78400004
0.073920019 -0.15605333 0.78400004
0.072426684 -0.15605333 0.78400004
0.070933349 -0.15605333 0.78400004
0.069440015 -0.15605333 0.78400004
0.067946687 -0.15605333 0.78400004
0.06628383 -0.15565525 0.78200006
0.064794302 -0.15565525 0.78200006
0.063466683 -0.15605333 0.78400004
0.061973352 -0.15605333 0.78400004
0.060480017 -0.15605333 0.78400004
0.058986682 -0.15605333 0.78400004
0.057493351 -0.15605333 0.78400004
0.056000017 -0.15605333 0.78400004
0.054506682 -0.15605333 0.78400004
0.053013351 -0.15605333 0.78400004
0.051388588 -0.15565525 0.78200006
0.049899064 -0.15565525 0.78200006
0.04840954 -0.15565525 0.78200006
0.046800017 -0.15525715 0.78000003
0.045430493 -0.15565525 0.78200006
0.04405335 -0.15605333 0.78400004
0.042071447 -0.15426192 0.77500004
0.040595256 -0.15426192 0.77500004
0.038866684 -0.15326667 0.77000004
0.10850002 -0.15573809 0.77500004
0.10674763 -0.15533619 0.77300006
0.10554764 -0.15573809 0.77500004
0.10407145 -0.15573809 0.77500004
0.1023305 -0.15533619 0.77300006
0.10111906 -0.15573809 0.77500004
0.099385731 -0.15533619 0.77300006
0.097913355 -0.15533619 0.77300006
0.096440971 -0.15533619 0.77300006
0.094968587 -0.15533619 0.77300006
0.093496211 -0.15533619 0.77300006
0.092261925 -0.15573809 0.77500004
0.090785734 -0.15573809 0.77500004
0.08954002 -0.15613998 0.77700001
0.088060021 -0.15613998 0.77700001
0.086802877 -0.1565419 0.77900004
0.085319065 -0.1565419 0.77900004
0.083835259 -0.15654191 0.77900004
0.082351446 -0.15654191 0.77900004
0.080867633 -0.15654191 0.77900004
0.07968954 -0.15714477 0.78200006
0.07820002 -0.15714477 0.78200006
0.076906681 -0.15754667 0.78400004
0.075413354 -0.15754667 0.78400004
0.073920019 -0.15754667 0.78400004
0.072426684 -0.15754667 0.78400004
0.070933349 -0.15754667 0.78400004
0.069440015 -0.15754667 0.78400004
0.067946687 -0.15754667 0.78400004
0.066453353 -0.15754667 0.78400004
0.064960018 -0.15754667 0.78400004
0.063628592 -0.15794858 0.78600001
0.062131446 -0.15794858 0.78600001
0.060634304 -0.15794858 0.78600001
0.058986682 -0.15754667 0.78400004
0.057493351 -0.15754667 0.78400004
0.056000017 -0.15754667 0.78400004
0.054506682 -0.15754667 0.78400004
0.053013351 -0.15754667 0.78400004
0.051520016 -0.15754667 0.78400004
0.050026685 -0.15754667 0.78400004
0.04853335 -0.15754667 0.78400004
0.047040015 -0.15754667 0.78400004
0.045546684 -0.15754667 0.78400004
0.04405335 -0.15754667 0.78400004
0.042560015 -0.15754667 0.78400004
0.040595256 -0.1557381 0.77500004
0.10850002 -0.15721428 0.77500004
0.10702383 -0.15721428 0.77500004
0.10554764 -0.15721428 0.77500004
0.10407145 -0.15721428 0.77500004
0.10259525 -0.15721428 0.77500004
0.10111906 -0.15721428 0.77500004
0.099385731 -0.15680856 0.77300006
0.097913355 -0.15680856 0.77300006
0.096440971 -0.15680856 0.77300006
0.094968587 -0.15680856 0.77300006
0.093496211 -0.15680856 0.77300006
0.092261925 -0.15721428 0.77500004
0.091020018 -0.15762 0.77700001
0.089770496 -0.15802571 0.77900004
0.088286683 -0.15802571 0.77900004
0.086914301 -0.15822856 0.78000003
0.085428588 -0.15822856 0.78000003
0.083835259 -0.15802573 0.77900004
0.082351446 -0.15802573 0.77900004
0.081179067 -0.15863429 0.78200006
0.07968954 -0.15863429 0.78200006
0.07820002 -0.15863429 0.78200006
0.076906681 -0.15904 0.78400004
0.075413354 -0.15904 0.78400004
0.073920019 -0.15904 0.78400004
0.072426684 -0.15904 0.78400004
0.070933349 -0.15904 0.78400004
0.069440015 -0.15904 0.78400004
0.067946687 -0.15904 0.78400004
0.066453353 -0.15904 0.78400004
0.064960018 -0.15904 0.78400004
0.063628592 -0.15944572 0.78600001
0.062131446 -0.15944572 0.78600001
0.060634304 -0.15944572 0.78600001
0.059137158 -0.15944572 0.78600001
0.057640016 -0.15944572 0.78600001
0.056000017 -0.15904 0.78400004
0.054506682 -0.15904 0.78400004
0.053013351 -0.15904 0.78400004
0.051520016 -0.15904 0.78400004
0.050026685 -0.15904 0.78400004
0.04853335 -0.15904 0.78400004
0.047040015 -0.15904 0.78400004
0.045546684 -0.15904 0.78400004
0.04405335 -0.15904 0.78400004
0.042560015 -0.15904 0.78400004
0.10850002 -0.15869047 0.77500004
0.10702383 -0.15869047 0.77500004
0.10554764 -0.15869047 0.77500004
0.10407145 -0.15869047 0.77500004
0.10259525 -0.15869047 0.77500004
0.10111906 -0.15869047 0.77500004
0.099385731 -0.15828094 0.77300006
0.098166682 -0.15869047 0.77500004
0.096440971 -0.15828094 0.77300006
0.095214307 -0.15869047 0.77500004
0.093738116 -0.15869047 0.77500004
0.092261925 -0.15869047 0.77500004
0.091020018 -0.1591 0.77700001
0.089885734 -0.15971428 0.78000003
0.088626683 -0.1601238 0.78200006
0.087137163 -0.1601238 0.78200006
0.085647635 -0.1601238 0.78200006
0.083942875 -0.1597143 0.78000003
0.082351446 -0.15950952 0.77900004
0.081179067 -0.16012381 0.78200006
0.07968954 -0.16012381 0.78200006
0.07820002 -0.16012381 0.78200006
0.076906681 -0.16053334 0.78400004
0.075413354 -0.16053334 0.78400004
0.073920019 -0.16053334 0.78400004
0.072426684 -0.16053334 0.78400004
0.071114302 -0.16094287 0.78600001
0.069440015 -0.16053334 0.78400004
0.067946687 -0.16053334 0.78400004
0.066453353 -0.16053334 0.78400004
0.064960018 -0.16053334 0.78400004
0.063628592 -0.16094287 0.78600001
0.062131446 -0.16094287 0.78600001
0.060634304 -0.16094287 0.78600001
0.059137158 -0.16094287 0.78600001
0.057640016 -0.16094287 0.78600001
0.056000017 -0.16053334 0.78400004
0.054506682 -0.16053334 0.78400004
0.053013351 -0.16053334 0.78400004
0.051520016 -0.16053334 0.78400004
0.050026685 -0.16053334 0.78400004
0.04853335 -0.16053334 0.78400004
0.047040015 -0.16053334 0.78400004
0.045546684 -0.16053334 0.78400004
0.04405335 -0.16053334 0.78400004
0.10850002 -0.16016665 0.77500004
0.10702383 -0.16016665 0.77500004
0.10554764 -0.16016665 0.77500004
0.10407145 -0.16016665 0.77500004
0.10259525 -0.16016665 0.77500004
0.10111906 -0.16016665 0.77500004
0.099385731 -0.15975332 0.77300006
0.097913355 -0.15975332 0.77300006
0.096690498 -0.16016665 0.77500004
0.095214307 -0.16016665 0.77500004
0.093738116 -0.16016665 0.77500004
0.092500016 -0.16057999 0.77700001
0.091254301 -0.16099332 0.77900004
0.089885734 -0.16119999 0.78000003
0.088400021 -0.16119999 0.78000003
0.086914301 -0.16119999 0.78000003
0.085647635 -0.16161333 0.78200006
0.083942875 -0.1612 0.78000003
0.082351446 -0.16099334 0.77900004
0.081179067 -0.16161335 0.78200006
0.07968954 -0.16161335 0.78200006
0.07820002 -0.16161335 0.78200006
0.076906681 -0.16202667 0.78400004
0.075605735 -0.16244 0.78600001
0.073920019 -0.16202667 0.78400004
0.072611444 -0.16244 0.78600001
0.071114302 -0.16244 0.78600001
0.069440015 -0.16202667 0.78400004
0.067946687 -0.16202667 0.78400004
0.066453353 -0.16202667 0.78400004
0.064960018 -0.16202667 0.78400004
0.063628592 -0.16244 0.78600001
0.062131446 -0.16244 0.78600001
0.060634304 -0.16244 0.78600001
0.059137158 -0.16244 0.78600001
0.057640016 -0.16244 0.78600001
0.056000017 -0.16202667 0.78400004
0.054506682 -0.16202667 0.78400004
0.053013351 -0.16202667 0.78400004
0.051520016 -0.16202667 0.78400004
0.050026685 -0.16202667 0.78400004
0.04853335 -0.16202667 0.78400004
0.047040015 -0.16202667 0.78400004
0.045662872 -0.16244 0.78600001
0.04416573 -0.16244 0.78600001
0.11026002 -0.16205999 0.77700001
0.10850002 -0.16164285 0.77500004
0.10702383 -0.16164285 0.77500004
0.10554764 -0.16164285 0.77500004
0.10407145 -0.16164285 0.77500004
0.10259525 -0.16164285 0.77500004
0.10111906 -0.16164285 0.77500004
0.099642873 -0.16164285 0.77500004
0.098166682 -0.16164285 0.77500004
0.096940018 -0.16205999 0.77700001
0.09546002 -0.16205999 0.77700001
0.093980022 -0.16205999 0.77700001
0.092738114 -0.16247714 0.77900004
0.091371447 -0.16268571 0.78000003
0.089885734 -0.16268571 0.78000003
0.088400021 -0.16268571 0.78000003
0.086914301 -0.16268571 0.78000003
0.085647635 -0.16310285 0.78200006
0.084158115 -0.16310287 0.78200006
0.082457162 -0.16268572 0.78000003
0.081179067 -0.16310287 0.78200006
0.07968954 -0.16310287 0.78200006
0.078400016 -0.16352001 0.78400004
0.077102877 -0.16393715 0.78600001
0.075605735 -0.16393715 0.78600001
0.074108586 -0.16393715 0.78600001
0.072611444 -0.16393715 0.78600001
0.071295254 -0.16435429 0.78800005
0.06961716 -0.16393715 0.78600001
0.068120018 -0.16393715 0.78600001
0.066622876 -0.16393715 0.78600001
0.065125734 -0.16393715 0.78600001
0.063628592 -0.16393715 0.78600001
0.062131446 -0.16393715 0.78600001
0.060634304 -0.16393715 0.78600001
0.058986682 -0.16352001 0.78400004
0.057640016 -0.16393715 0.78600001
0.056000017 -0.16352001 0.78400004
0.054506682 -0.16352001 0.78400004
0.053013351 -0.16352001 0.78400004
0.051520016 -0.16352001 0.78400004
0.050026685 -0.16352001 0.78400004
0.04853335 -0.16352001 0.78400004
0.047040015 -0.16352001 0.78400004
0.045546684 -0.16352001 0.78400004
0.04405335 -0.16352001 0.78400004
0.042560015 -0.16352001 0.78400004
0.11174002 -0.16353999 0.77700001
0.11026002 -0.16353999 0.77700001
0.10878002 -0.16353999 0.77700001
0.10702383 -0.16311903 0.77500004
0.10554764 -0.16311903 0.77500004
0.10407145 -0.16311903 0.77500004
0.10259525 -0.16311903 0.77500004
0.10111906 -0.16311903 0.77500004
0.099642873 -0.16311903 0.77500004
0.098166682 -0.16311903 0.77500004
0.096940018 -0.16353999 0.77700001
0.09546002 -0.16353999 0.77700001
0.093980022 -0.16353999 0.77700001
0.092738114 -0.16396095 0.77900004
0.091371447 -0.16417141 0.78000003
0.09011621 -0.16459237 0.78200006
0.088400021 -0.16417141 0.78000003
0.087137163 -0.16459237 0.78200006
0.085647635 -0.16459237 0.78200006
0.084158115 -0.16459239 0.78200006
0.082668588 -0.16459239 0.78200006
0.081179067 -0.16459239 0.78200006
0.079893351 -0.16501334 0.78400004
0.078400016 -0.16501334 0.78400004
0.077102877 -0.16543429 0.78600001
0.075605735 -0.16543429 0.78600001
0.074108586 -0.16543429 0.78600001
0.072611444 -0.16543429 0.78600001
0.071295254 -0.16585524 0.78800005
0.06961716 -0.16543429 0.78600001
0.068120018 -0.16543429 0.78600001
0.066622876 -0.16543429 0.78600001
0.065125734 -0.16543429 0.78600001
0.063628592 -0.16543429 0.78600001
0.061973352 -0.16501334 0.78400004
0.060480017 -0.16501334 0.78400004
0.058986682 -0.16501334 0.78400004
0.057493351 -0.16501334 0.78400004
0.056000017 -0.16501334 0.78400004
0.054506682 -0.16501334 0.78400004
0.053013351 -0.16501334 0.78400004
0.051520016 -0.16501334 0.78400004
0.050154302 -0.16543429 0.78600001
0.04853335 -0.16501334 0.78400004
0.047040015 -0.16501334 0.78400004
0.045546684 -0.16501334 0.78400004
0.04405335 -0.16501334 0.78400004
0.042560015 -0.16501334 0.78400004
0.11174002 -0.16501999 0.77700001
0.11026002 -0.16501999 0.77700001
0.10878002 -0.16501999 0.77700001
0.10702383 -0.16459523 0.77500004
0.10554764 -0.16459523 0.77500004
0.10407145 -0.16459523 0.77500004
0.10259525 -0.16459523 0.77500004
0.10111906 -0.16459523 0.77500004
0.099642873 -0.16459523 0.77500004
0.098166682 -0.16459523 0.77500004
0.096940018 -0.16501999 0.77700001
0.095705733 -0.16544475 0.77900004
0.09422192 -0.16544475 0.77900004
0.09285716 -0.16565713 0.78000003
0.091371447 -0.16565713 0.78000003
0.089885734 -0.16565713 0.78000003
0.088400021 -0.16565713 0.78000003
0.087137163 -0.16608189 0.78200006
0.085647635 -0.16608189 0.78200006
0.084158115 -0.16608191 0.78200006
0.08288002 -0.16650668 0.78400004
0.081386685 -0.16650668 0.78400004
0.079893351 -0.16650668 0.78400004
0.078400016 -0.16650668 0.78400004
0.077102877 -0.16693144 0.78600001
0.075605735 -0.16693144 0.78600001
0.074108586 -0.16693144 0.78600001
0.072796211 -0.16735619 0.78800005
0.071295254 -0.16735619 0.78800005
0.069794305 -0.16735619 0.78800005
0.068293348 -0.16735619 0.78800005
0.066792399 -0.16735619 0.78800005
0.065291449 -0.16735619 0.78800005
0.063628592 -0.16693144 0.78600001
0.062131446 -0.16693144 0.78600001
0.060480017 -0.16650668 0.78400004
0.058986682 -0.16650668 0.78400004
0.057640016 -0.16693144 0.78600001
0.056000017 -0.16650668 0.78400004
0.054506682 -0.16650668 0.78400004
0.053013351 -0.16650668 0.78400004
0.051520016 -0.16650668 0.78400004
0.050026685 -0.16650668 0.78400004
0.04853335 -0.16650668 0.78400004
0.047040015 -0.16650668 0.78400004
0.045546684 -0.16650668 0.78400004
0.04405335 -0.16650668 0.78400004
0.11322002 -0.16649999 0.77700001
0.11174002 -0.16649999 0.77700001
0.11026002 -0.16649999 0.77700001
0.10878002 -0.16649999 0.77700001
0.10730002 -0.16649999 0.77700001
0.10554764 -0.16607141 0.77500004
0.10407145 -0.16607141 0.77500004
0.10286002 -0.16649999 0.77700001
0.10111906 -0.16607141 0.77500004
0.099642873 -0.16607141 0.77500004
0.098420016 -0.16649999 0.77700001
0.097189546 -0.16692856 0.77900004
0.095828593 -0.16714285 0.78000003
0.094342873 -0.16714285 0.78000003
0.093095258 -0.16757143 0.78200006
0.09160573 -0.16757143 0.78200006
0.09011621 -0.16757143 0.78200006
0.088626683 -0.16757143 0.78200006
0.087137163 -0.16757143 0.78200006
0.085647635 -0.16757143 0.78200006
0.084158115 -0.16757144 0.78200006
0.082668588 -0.16757144 0.78200006
0.081386685 -0.16800001 0.78400004
0.079893351 -0.16800001 0.78400004
0.078400016 -0.16800001 0.78400004
0.077102877 -0.16842858 0.78600001
0.075798117 -0.16885714 0.78800005
0.07429716 -0.16885714 0.78800005
0.072796211 -0.16885714 0.78800005
0.071295254 -0.16885714 0.78800005
0.069794305 -0.16885714 0.78800005
0.068293348 -0.16885714 0.78800005
0.066792399 -0.16885714 0.78800005
0.065291449 -0.16885714 0.78800005
0.063628592 -0.16842858 0.78600001
0.062131446 -0.16842858 0.78600001
0.060480017 -0.16800001 0.78400004
0.058986682 -0.16800001 0.78400004
0.057493351 -0.16800001 0.78400004
0.056000017 -0.16800001 0.78400004
0.054645732 -0.16842858 0.78600001
0.053013351 -0.16800001 0.78400004
0.051651444 -0.16842858 0.78600001
0.050154302 -0.16842858 0.78600001
0.04853335 -0.16800001 0.78400004
0.047040015 -0.16800001 0.78400004
0.045546684 -0.16800001 0.78400004
0.11470002 -0.16797999 0.77700001
0.11322002 -0.16797999 0.77700001
0.1114524 -0.16754761 0.77500004
0.10997621 -0.16754761 0.77500004
0.10878002 -0.16797999 0.77700001
0.10730002 -0.16797999 0.77700001
0.10582002 -0.16797999 0.77700001
0.10407145 -0.16754761 0.77500004
0.10286002 -0.16797999 0.77700001
0.10138002 -0.16797999 0.77700001
0.099642873 -0.16754761 0.77500004
0.098420016 -0.16797999 0.77700001
0.096940018 -0.16797999 0.77700001
0.095705733 -0.16841237 0.77900004
0.094342873 -0.16862856 0.78000003
0.09285716 -0.16862856 0.78000003
0.091371447 -0.16862856 0.78000003
0.089885734 -0.16862856 0.78000003
0.088400021 -0.16862856 0.78000003
0.087137163 -0.16906095 0.78200006
0.085647635 -0.16906095 0.78200006
0.084158115 -0.16906096 0.78200006
0.08288002 -0.16949333 0.78400004
0.081386685 -0.16949333 0.78400004
0.079893351 -0.16949333 0.78400004
0.078600019 -0.16992572 0.78600001
0.077102877 -0.16992572 0.78600001
0.075798117 -0.17035811 0.78800005
0.074391447 -0.17057429 0.78900003
0.07288859 -0.17057429 0.78900003
0.071385734 -0.17057429 0.78900003
0.069882877 -0.17057429 0.78900003
0.068293348 -0.17035811 0.78800005
0.066877156 -0.17057429 0.78900003
0.065291449 -0.17035811 0.78800005
0.063628592 -0.16992572 0.78600001
0.062131446 -0.16992572 0.78600001
0.060480017 -0.16949333 0.78400004
0.058986682 -0.16949333 0.78400004
0.057493351 -0.16949333 0.78400004
0.056000017 -0.16949333 0.78400004
0.054645732 -0.16992572 0.78600001
0.053013351 -0.16949333 0.78400004
0.051651444 -0.16992572 0.78600001
0.050026685 -0.16949333 0.78400004
0.04853335 -0.16949333 0.78400004
0.047040015 -0.16949333 0.78400004
0.11470002 -0.16946 0.77700001
0.11322002 -0.16946 0.77700001
0.11174002 -0.16946 0.77700001
0.11026002 -0.16946 0.77700001
0.10878002 -0.16946 0.77700001
0.10730002 -0.16946 0.77700001
0.10582002 -0.16946 0.77700001
0.10434002 -0.16946 0.77700001
0.10286002 -0.16946 0.77700001
0.10138002 -0.16946 0.77700001
0.099900022 -0.16946 0.77700001
0.098420016 -0.16946 0.77700001
0.097189546 -0.16989619 0.77900004
0.095705733 -0.16989619 0.77900004
0.094342873 -0.17011428 0.78000003
0.09285716 -0.17011428 0.78000003
0.091371447 -0.17011428 0.78000003
0.089885734 -0.17011428 0.78000003
0.088400021 -0.17011428 0.78000003
0.087137163 -0.17055047 0.78200006
0.085866682 -0.17098665 0.78400004
0.084158115 -0.17055048 0.78200006
0.08288002 -0.17098667 0.78400004
0.081386685 -0.17098667 0.78400004
0.079893351 -0.17098667 0.78400004
0.078400016 -0.17098667 0.78400004
0.077102877 -0.17142287 0.78600001
0.075798117 -0.17185906 0.78800005
0.074391447 -0.17207715 0.78900003
0.07288859 -0.17207715 0.78900003
0.071385734 -0.17207715 0.78900003
0.069882877 -0.17207715 0.78900003
0.068380021 -0.17207715 0.78900003
0.066877156 -0.17207715 0.78900003
0.065291449 -0.17185906 0.78800005
0.063628592 -0.17142287 0.78600001
0.062131446 -0.17142287 0.78600001
0.060480017 -0.17098667 0.78400004
0.058986682 -0.17098667 0.78400004
0.057640016 -0.17142287 0.78600001
0.056142874 -0.17142287 0.78600001
0.054645732 -0.17142287 0.78600001
0.05314859 -0.17142287 0.78600001
0.051651444 -0.17142287 0.78600001
0.050026685 -0.17098667 0.78400004
0.04853335 -0.17098667 0.78400004
0.047040015 -0.17098667 0.78400004
0.11647907 -0.17138 0.77900004
0.11470002 -0.17094 0.77700001
0.11292859 -0.1705 0.77500004
0.1114524 -0.1705 0.77500004
0.10997621 -0.1705 0.77500004
0.10878002 -0.17094 0.77700001
0.10702383 -0.1705 0.77500004
0.10582002 -0.17094 0.77700001
0.10434002 -0.17094 0.77700001
0.10286002 -0.17094 0.77700001
0.10138002 -0.17094 0.77700001
0.099900022 -0.17094 0.77700001
0.098420016 -0.17094 0.77700001
0.097189546 -0.17138 0.77900004
0.095705733 -0.17138 0.77900004
0.094342873 -0.17159998 0.78000003
0.092738114 -0.17138 0.77900004
0.091254301 -0.17138 0.77900004
0.089885734 -0.17159998 0.78000003
0.088400021 -0.17159998 0.78000003
0.087137163 -0.17203999 0.78200006
0.085647635 -0.17203999 0.78200006
0.084373355 -0.17248 0.78400004
0.08288002 -0.17248 0.78400004
0.081386685 -0.17248 0.78400004
0.079893351 -0.17248 0.78400004
0.078600019 -0.17292 0.78600001
0.077299066 -0.17336001 0.78800005
0.075798117 -0.17336001 0.78800005
0.074391447 -0.17358001 0.78900003
0.072796211 -0.17336001 0.78800005
0.071385734 -0.17358001 0.78900003
0.069882877 -0.17358001 0.78900003
0.068380021 -0.17358001 0.78900003
0.066792399 -0.17336001 0.78800005
0.065291449 -0.17336001 0.78800005
0.063628592 -0.17292 0.78600001
0.062131446 -0.17292 0.78600001
0.060480017 -0.17248 0.78400004
0.059137158 -0.17292 0.78600001
0.057640016 -0.17292 0.78600001
0.056142874 -0.17292 0.78600001
0.054645732 -0.17292 0.78600001
0.05314859 -0.17292 0.78600001
0.051520016 -0.17248 0.78400004
0.050026685 -0.17248 0.78400004
0.04853335 -0.17248 0.78400004
0.12139621 -0.17352952 0.78200006
0.11960002 -0.1730857 0.78000003
0.11796287 -0.1728638 0.77900004
0.11647907 -0.1728638 0.77900004
0.11470002 -0.17242 0.77700001
0.11322002 -0.17242 0.77700001
0.11174002 -0.17242 0.77700001
0.10997621 -0.17197618 0.77500004
0.10878002 -0.17242 0.77700001
0.10702383 -0.17197618 0.77500004
0.10582002 -0.17242 0.77700001
0.10407145 -0.17197618 0.77500004
0.10286002 -0.17242 0.77700001
0.10138002 -0.17242 0.77700001
0.099900022 -0.17242 0.77700001
0.098420016 -0.17242 0.77700001
0.096940018 -0.17242 0.77700001
0.09546002 -0.17242 0.77700001
0.09422192 -0.1728638 0.77900004
0.092738114 -0.1728638 0.77900004
0.091254301 -0.1728638 0.77900004
0.089885734 -0.1730857 0.78000003
0.088400021 -0.1730857 0.78000003
0.087137163 -0.17352952 0.78200006
0.085647635 -0.17352952 0.78200006
0.084373355 -0.17397334 0.78400004
0.08288002 -0.17397334 0.78400004
0.081386685 -0.17397334 0.78400004
0.079893351 -0.17397334 0.78400004
0.078600019 -0.17441715 0.78600001
0.077299066 -0.17486095 0.78800005
0.075798117 -0.17486095 0.78800005
0.074391447 -0.17508286 0.78900003
0.072796211 -0.17486095 0.78800005
0.071385734 -0.17508286 0.78900003
0.069882877 -0.17508286 0.78900003
0.068380021 -0.17508286 0.78900003
0.066792399 -0.17486095 0.78800005
0.065291449 -0.17486095 0.78800005
0.063790493 -0.17486095 0.78800005
0.062131446 -0.17441715 0.78600001
0.060634304 -0.17441715 0.78600001
0.059287637 -0.17486095 0.78800005
0.057786684 -0.17486095 0.78800005
0.056285731 -0.17486095 0.78800005
0.054784779 -0.17486095 0.78800005
0.05314859 -0.17441715 0.78600001
0.051520016 -0.17397334 0.78400004
0.049899064 -0.17352954 0.78200006
0.04840954 -0.17352954 0.78200006
0.12139621 -0.17501904 0.78200006
0.11960002 -0.17457142 0.78000003
0.11796287 -0.17434761 0.77900004
0.11647907 -0.17434761 0.77900004
0.11470002 -0.17389999 0.77700001
0.11322002 -0.17389999 0.77700001
0.11174002 -0.17389999 0.77700001
0.11026002 -0.17389999 0.77700001
0.10878002 -0.17389999 0.77700001
0.10730002 -0.17389999 0.77700001
0.10582002 -0.17389999 0.77700001
0.10407145 -0.17345238 0.77500004
0.10286002 -0.17389999 0.77700001
0.10138002 -0.17389999 0.77700001
0.099900022 -0.17389999 0.77700001
0.098420016 -0.17389999 0.77700001
0.096940018 -0.17389999 0.77700001
0.09546002 -0.17389999 0.77700001
0.09422192 -0.17434761 0.77900004
0.092738114 -0.17434761 0.77900004
0.091254301 -0.17434761 0.77900004
0.089770496 -0.17434761 0.77900004
0.088400021 -0.17457142 0.78000003
0.086914301 -0.17457142 0.78000003
0.085647635 -0.17501904 0.78200006
0.084158115 -0.17501906 0.78200006
0.08288002 -0.17546667 0.78400004
0.081386685 -0.17546667 0.78400004
0.079893351 -0.17546667 0.78400004
0.078600019 -0.17591429 0.78600001
0.077299066 -0.17636192 0.78800005
0.075798117 -0.17636192 0.78800005
0.074391447 -0.17658572 0.78900003
0.07288859 -0.17658572 0.78900003
0.071385734 -0.17658572 0.78900003
0.069882877 -0.17658572 0.78900003
0.068293348 -0.17636192 0.78800005
0.066792399 -0.17636192 0.78800005
0.065291449 -0.17636192 0.78800005
0.063790493 -0.17636192 0.78800005
0.06228954 -0.17636192 0.78800005
0.060634304 -0.17591429 0.78600001
0.059287637 -0.17636192 0.78800005
0.057860017 -0.17658572 0.78900003
0.056285731 -0.17636192 0.78800005
0.054854304 -0.17658572 0.78900003
0.05314859 -0.17591429 0.78600001
0.051651444 -0.17591429 0.78600001
0.050154302 -0.17591429 0.78600001
0.04840954 -0.17501906 0.78200006
0.12257145 -0.17605713 0.78000003
0.12108573 -0.17605713 0.78000003
0.11944669 -0.17583142 0.77900004
0.11796287 -0.17583142 0.77900004
0.11647907 -0.17583142 0.77900004
0.11470002 -0.17537999 0.77700001
0.11322002 -0.17537999 0.77700001
0.11174002 -0.17537999 0.77700001
0.10997621 -0.17492856 0.77500004
0.10850002 -0.17492856 0.77500004
0.10730002 -0.17537999 0.77700001
0.10582002 -0.17537999 0.77700001
0.10434002 -0.17537999 0.77700001
0.10286002 -0.17537999 0.77700001
0.10138002 -0.17537999 0.77700001
0.099900022 -0.17537999 0.77700001
0.098420016 -0.17537999 0.77700001
0.096940018 -0.17537999 0.77700001
0.095705733 -0.17583142 0.77900004
0.09422192 -0.17583142 0.77900004
0.092738114 -0.17583142 0.77900004
0.091371447 -0.17605713 0.78000003
0.089885734 -0.17605713 0.78000003
0.088400021 -0.17605713 0.78000003
0.087137163 -0.17650856 0.78200006
0.085647635 -0.17650856 0.78200006
0.084373355 -0.17696001 0.78400004
0.08288002 -0.17696001 0.78400004
0.081594303 -0.17741144 0.78600001
0.080097161 -0.17741144 0.78600001
0.078600019 -0.17741144 0.78600001
0.077299066 -0.17786287 0.78800005
0.075798117 -0.17786287 0.78800005
0.07429716 -0.17786287 0.78800005
0.07288859 -0.17808858 0.78900003
0.071385734 -0.17808858 0.78900003
0.069882877 -0.17808858 0.78900003
0.068380021 -0.17808858 0.78900003
0.066792399 -0.17786287 0.78800005
0.065291449 -0.17786287 0.78800005
0.063790493 -0.17786287 0.78800005
0.062131446 -0.17741144 0.78600001
0.060634304 -0.17741144 0.78600001
0.059287637 -0.17786287 0.78800005
0.057786684 -0.17786287 0.78800005
0.05635716 -0.17808858 0.78900003
0.054784779 -0.17786287 0.78800005
0.05314859 -0.17741144 0.78600001
0.051651444 -0.17741144 0.78600001
0.050154302 -0.17741144 0.78600001
0.12405716 -0.17754285 0.78000003
0.12257145 -0.17754285 0.78000003
0.12108573 -0.17754285 0.78000003
0.11944669 -0.17731524 0.77900004
0.11766002 -0.17685999 0.77700001
0.11647907 -0.17731524 0.77900004
0.11470002 -0.17685999 0.77700001
0.11322002 -0.17685999 0.77700001
0.1114524 -0.17640476 0.77500004
0.10997621 -0.17640476 0.77500004
0.10850002 -0.17640476 0.77500004
0.10702383 -0.17640476 0.77500004
0.10554764 -0.17640476 0.77500004
0.10407145 -0.17640476 0.77500004
0.10286002 -0.17685999 0.77700001
0.10138002 -0.17685999 0.77700001
0.099900022 -0.17685999 0.77700001
0.098420016 -0.17685999 0.77700001
0.096940018 -0.17685999 0.77700001
0.09546002 -0.17685999 0.77700001
0.09422192 -0.17731524 0.77900004
0.092738114 -0.17731524 0.77900004
0.091371447 -0.17754285 0.78000003
0.089885734 -0.17754285 0.78000003
0.088400021 -0.17754285 0.78000003
0.087137163 -0.17799808 0.78200006
0.085866682 -0.17845333 0.78400004
0.084373355 -0.17845334 0.78400004
0.083091445 -0.17890857 0.78600001
0.081594303 -0.17890857 0.78600001
0.080300972 -0.17936382 0.78800005
0.078900017 -0.17959143 0.78900003
0.07739716 -0.17959143 0.78900003
0.075894304 -0.17959143 0.78900003
0.074391447 -0.17959143 0.78900003
0.07288859 -0.17959143 0.78900003
0.071385734 -0.17959143 0.78900003
0.069882877 -0.17959143 0.78900003
0.068293348 -0.17936382 0.78800005
0.066877156 -0.17959143 0.78900003
0.065291449 -0.17936382 0.78800005
0.063790493 -0.17936382 0.78800005
0.06228954 -0.17936382 0.78800005
0.060788587 -0.17936382 0.78800005
0.059287637 -0.17936382 0.78800005
0.057786684 -0.17936382 0.78800005
0.056285731 -0.17936382 0.78800005
0.054784779 -0.17936382 0.78800005
0.05314859 -0.17890857 0.78600001
0.051520016 -0.17845334 0.78400004
0.049899064 -0.1779981 0.78200006
0.04840954 -0.1779981 0.78200006
0.12405716 -0.17902856 0.78000003
0.12257145 -0.17902856 0.78000003
0.12108573 -0.17902856 0.78000003
0.11944669 -0.17879903 0.77900004
0.11766002 -0.17833999 0.77700001
0.11618002 -0.17833999 0.77700001
0.11470002 -0.17833999 0.77700001
0.11292859 -0.17788094 0.77500004
0.11116478 -0.1774219 0.77300006
0.1096924 -0.1774219 0.77300006
0.10822002 -0.1774219 0.77300006
0.10702383 -0.17788094 0.77500004
0.10554764 -0.17788094 0.77500004
0.10407145 -0.17788094 0.77500004
0.10259525 -0.17788094 0.77500004
0.10111906 -0.17788094 0.77500004
0.099900022 -0.17833999 0.77700001
0.098420016 -0.17833999 0.77700001
0.096940018 -0.17833999 0.77700001
0.09546002 -0.17833999 0.77700001
0.09422192 -0.17879903 0.77900004
0.09285716 -0.17902856 0.78000003
0.09160573 -0.17948762 0.78200006
0.089885734 -0.17902856 0.78000003
0.088626683 -0.17948762 0.78200006
0.087137163 -0.17948762 0.78200006
0.085866682 -0.17994666 0.78400004
0.084373355 -0.17994668 0.78400004
0.08288002 -0.17994668 0.78400004
0.081594303 -0.18040572 0.78600001
0.080300972 -0.18086477 0.78800005
0.078800015 -0.18086477 0.78800005
0.07739716 -0.18109429 0.78900003
0.075894304 -0.18109429 0.78900003
0.074391447 -0.18109429 0.78900003
0.07288859 -0.18109429 0.78900003
0.071295254 -0.18086477 0.78800005
0.069794305 -0.18086477 0.78800005
0.068293348 -0.18086477 0.78800005
0.066877156 -0.18109429 0.78900003
0.065291449 -0.18086477 0.78800005
0.063790493 -0.18086477 0.78800005
0.062131446 -0.18040572 0.78600001
0.060788587 -0.18086477 0.78800005
0.059287637 -0.18086477 0.78800005
0.057860017 -0.18109429 0.78900003
0.056500018 -0.18155333 0.79100001
0.054854304 -0.18109429 0.78900003
0.053351447 -0.18109429 0.78900003
0.051848587 -0.18109429 0.78900003
0.049899064 -0.17948763 0.78200006
0.04840954 -0.17948763 0.78200006
0.12389811 -0.18028285 0.77900004
0.12241431 -0.18028285 0.77900004
0.12093049 -0.18028285 0.77900004
0.11944669 -0.18028285 0.77900004
0.11766002 -0.17981999 0.77700001
0.11618002 -0.17981999 0.77700001
0.11440478 -0.17935714 0.77500004
0.11263716 -0.17889428 0.77300006
0.11116478 -0.17889428 0.77300006
0.10926668 -0.17819999 0.77000004
0.10808002 -0.17866285 0.77200001
0.10674763 -0.17889428 0.77300006
0.10554764 -0.17935714 0.77500004
0.10407145 -0.17935714 0.77500004
0.10259525 -0.17935714 0.77500004
0.10111906 -0.17935714 0.77500004
0.099900022 -0.17981999 0.77700001
0.098420016 -0.17981999 0.77700001
0.096940018 -0.17981999 0.77700001
0.09546002 -0.17981999 0.77700001
0.09422192 -0.18028285 0.77900004
0.09285716 -0.18051428 0.78000003
0.09160573 -0.18097714 0.78200006
0.09011621 -0.18097714 0.78200006
0.088626683 -0.18097714 0.78200006
0.087360017 -0.18144 0.78400004
0.085866682 -0.18144 0.78400004
0.084373355 -0.18144001 0.78400004
0.083091445 -0.18190287 0.78600001
0.081801921 -0.18236572 0.78800005
0.080300972 -0.18236572 0.78800005
0.078900017 -0.18259715 0.78900003
0.07739716 -0.18259715 0.78900003
0.075894304 -0.18259715 0.78900003
0.074391447 -0.18259715 0.78900003
0.07288859 -0.18259715 0.78900003
0.071295254 -0.18236572 0.78800005
0.069794305 -0.18236572 0.78800005
0.068293348 -0.18236572 0.78800005
0.066792399 -0.18236572 0.78800005
0.065291449 -0.18236572 0.78800005
0.063790493 -0.18236572 0.78800005
0.06228954 -0.18236572 0.78800005
0.060788587 -0.18236572 0.78800005
0.059362873 -0.18259715 0.78900003
0.057860017 -0.18259715 0.78900003
0.056500018 -0.18306001 0.79100001
0.054854304 -0.18259715 0.78900003
0.053351447 -0.18259715 0.78900003
0.051848587 -0.18259715 0.78900003
0.12538193 -0.18176666 0.77900004
0.12389811 -0.18176666 0.77900004
0.12241431 -0.18176666 0.77900004
0.12093049 -0.18176666 0.77900004
0.11914002 -0.18129998 0.77700001
0.11735716 -0.18083332 0.77500004
0.11588097 -0.18083332 0.77500004
0.11410955 -0.18036667 0.77300006
0.11249145 -0.18013333 0.77200001
0.11073335 -0.17966665 0.77000004
0.10926668 -0.17966665 0.77000004
0.10780002 -0.17966665 0.77000004
0.10674763 -0.18036667 0.77300006
0.10527526 -0.18036667 0.77300006
0.10407145 -0.18083332 0.77500004
0.10259525 -0.18083332 0.77500004
0.10111906 -0.18083332 0.77500004
0.099642873 -0.18083332 0.77500004
0.098420016 -0.18129998 0.77700001
0.096940018 -0.18129998 0.77700001
0.09546002 -0.18129998 0.77700001
0.09422192 -0.18176666 0.77900004
0.09285716 -0.182 0.78000003
0.09160573 -0.18246666 0.78200006
0.09011621 -0.18246666 0.78200006
0.088626683 -0.18246666 0.78200006
0.087360017 -0.18293333 0.78400004
0.085866682 -0.18293333 0.78400004
0.084373355 -0.18293335 0.78400004
0.083091445 -0.18340001 0.78600001
0.081801921 -0.18386668 0.78800005
0.080300972 -0.18386668 0.78800005
0.078900017 -0.1841 0.78900003
0.07739716 -0.1841 0.78900003
0.075894304 -0.1841 0.78900003
0.074391447 -0.1841 0.78900003
0.07288859 -0.1841 0.78900003
0.071385734 -0.1841 0.78900003
0.069882877 -0.1841 0.78900003
0.068293348 -0.18386668 0.78800005
0.066877156 -0.1841 0.78900003
0.065291449 -0.18386668 0.78800005
0.063790493 -0.18386668 0.78800005
0.06228954 -0.18386668 0.78800005
0.06086573 -0.1841 0.78900003
0.059362873 -0.1841 0.78900003
0.057860017 -0.1841 0.78900003
0.056500018 -0.18456668 0.79100001
0.05499335 -0.18456668 0.79100001
0.053486682 -0.18456668 0.79100001
0.12538193 -0.18325047 0.77900004
0.12389811 -0.18325047 0.77900004
0.12241431 -0.18325047 0.77900004
0.12093049 -0.18325047 0.77900004
0.11914002 -0.18278 0.77700001
0.11705431 -0.18183903 0.77300006
0.1154324 -0.1816038 0.77200001
0.11396192 -0.1816038 0.77200001
0.11249145 -0.1816038 0.77200001
0.11073335 -0.18113333 0.77000004
0.10898288 -0.18066286 0.76800001
0.10780002 -0.18113333 0.77000004
0.10660955 -0.1816038 0.77200001
0.10527526 -0.18183903 0.77300006
0.10380287 -0.18183903 0.77300006
0.1023305 -0.18183903 0.77300006
0.10085811 -0.18183903 0.77300006
0.099642873 -0.18230951 0.77500004
0.098166682 -0.18230951 0.77500004
0.096690498 -0.18230951 0.77500004
0.09546002 -0.18278 0.77700001
0.093980022 -0.18278 0.77700001
0.09285716 -0.1834857 0.78000003
0.09160573 -0.18395618 0.78200006
0.09011621 -0.18395618 0.78200006
0.088626683 -0.18395618 0.78200006
0.087360017 -0.18442667 0.78400004
0.086085729 -0.18489714 0.78600001
0.084588587 -0.18489715 0.78600001
0.083091445 -0.18489715 0.78600001
0.081801921 -0.18536763 0.78800005
0.080300972 -0.18536763 0.78800005
0.078900017 -0.18560286 0.78900003
0.07739716 -0.18560286 0.78900003
0.075894304 -0.18560286 0.78900003
0.074391447 -0.18560286 0.78900003
0.07288859 -0.18560286 0.78900003
0.071385734 -0.18560286 0.78900003
0.069882877 -0.18560286 0.78900003
0.068380021 -0.18560286 0.78900003
0.066877156 -0.18560286 0.78900003
0.065291449 -0.18536763 0.78800005
0.063790493 -0.18536763 0.78800005
0.06228954 -0.18536763 0.78800005
0.06086573 -0.18560286 0.78900003
0.059287637 -0.18536763 0.78800005
0.058006685 -0.18607333 0.79100001
0.056500018 -0.18607333 0.79100001
0.05499335 -0.18607333 0.79100001
0.053486682 -0.18607333 0.79100001
0.12702858 -0.18497142 0.78000003
0.12538193 -0.18473428 0.77900004
0.12389811 -0.18473428 0.77900004
0.12241431 -0.18473428 0.77900004
0.12062002 -0.18426 0.77700001
0.11914002 -0.18426 0.77700001
0.11705431 -0.18331142 0.77300006
0.11558192 -0.18331142 0.77300006
0.11396192 -0.18307428 0.77200001
0.11220002 -0.18259999 0.77000004
0.11044573 -0.1821257 0.76800001
0.10898288 -0.1821257 0.76800001
0.10752002 -0.1821257 0.76800001
0.10605716 -0.1821257 0.76800001
0.10459431 -0.1821257 0.76800001
0.10340002 -0.18259999 0.77000004
0.10219812 -0.18307428 0.77200001
0.10085811 -0.18331142 0.77300006
0.099385731 -0.18331142 0.77300006
0.097913355 -0.18331142 0.77300006
0.096690498 -0.18378571 0.77500004
0.095214307 -0.18378571 0.77500004
0.093980022 -0.18426 0.77700001
0.09285716 -0.18497142 0.78000003
0.09160573 -0.18544571 0.78200006
0.090346687 -0.18591999 0.78400004
0.088853352 -0.18591999 0.78400004
0.087360017 -0.18591999 0.78400004
0.086085729 -0.18639427 0.78600001
0.084588587 -0.18639429 0.78600001
0.083091445 -0.18639429 0.78600001
0.081801921 -0.18686858 0.78800005
0.080300972 -0.18686858 0.78800005
0.078900017 -0.18710572 0.78900003
0.07739716 -0.18710572 0.78900003
0.075894304 -0.18710572 0.78900003
0.074391447 -0.18710572 0.78900003
0.07288859 -0.18710572 0.78900003
0.071385734 -0.18710572 0.78900003
0.069882877 -0.18710572 0.78900003
0.068380021 -0.18710572 0.78900003
0.066877156 -0.18710572 0.78900003
0.0653743 -0.18710572 0.78900003
0.063871443 -0.18710572 0.78900003
0.06228954 -0.18686858 0.78800005
0.06086573 -0.18710572 0.78900003
0.059287637 -0.18686858 0.78800005
0.057860017 -0.18710572 0.78900003
0.056285731 -0.18686858 0.78800005
0.054784779 -0.18686858 0.78800005
0.053283826 -0.18686858 0.78800005
0.12884383 -0.18693523 0.78200006
0.12702858 -0.18645714 0.78000003
0.12554288 -0.18645714 0.78000003
0.12389811 -0.18621808 0.77900004
0.12241431 -0.18621808 0.77900004
0.12093049 -0.18621808 0.77900004
0.11914002 -0.18573999 0.77700001
0.11705431 -0.1847838 0.77300006
0.1154324 -0.18454476 0.77200001
0.11366668 -0.18406665 0.77000004
0.11190859 -0.18358856 0.76800001
0.11044573 -0.18358856 0.76800001
0.10884097 -0.18334952 0.76700002
0.10752002 -0.18358856 0.76800001
0.10605716 -0.18358856 0.76800001
0.10486668 -0.18406665 0.77000004
0.10340002 -0.18406665 0.77000004
0.10193335 -0.18406665 0.77000004
0.10046668 -0.18406665 0.77000004
0.099257164 -0.18454476 0.77200001
0.097786687 -0.18454476 0.77200001
0.096316211 -0.18454476 0.77200001
0.094845735 -0.18454476 0.77200001
0.093738116 -0.18526189 0.77500004
0.09285716 -0.18645714 0.78000003
0.091371447 -0.18645714 0.78000003
0.090346687 -0.18741332 0.78400004
0.088853352 -0.18741332 0.78400004
0.087360017 -0.18741332 0.78400004
0.085866682 -0.18741332 0.78400004
0.084588587 -0.18789144 0.78600001
0.083091445 -0.18789144 0.78600001
0.081801921 -0.18836953 0.78800005
0.080300972 -0.18836953 0.78800005
0.078900017 -0.18860857 0.78900003
0.07739716 -0.18860857 0.78900003
0.075894304 -0.18860857 0.78900003
0.074391447 -0.18860857 0.78900003
0.07288859 -0.18860857 0.78900003
0.071385734 -0.18860857 0.78900003
0.069882877 -0.18860857 0.78900003
0.068380021 -0.18860857 0.78900003
0.066877156 -0.18860857 0.78900003
0.0653743 -0.18860857 0.78900003
0.063871443 -0.18860857 0.78900003
0.06228954 -0.18836953 0.78800005
0.06086573 -0.18860857 0.78900003
0.059362873 -0.18860857 0.78900003
0.057860017 -0.18860857 0.78900003
0.05635716 -0.18860857 0.78900003
0.054784779 -0.18836953 0.78800005
0.053283826 -0.18836953 0.78800005
0.12884383 -0.18842475 0.78200006
0.12702858 -0.18794285 0.78000003
0.12554288 -0.18794285 0.78000003
0.12405716 -0.18794285 0.78000003
0.12241431 -0.1877019 0.77900004
0.12062002 -0.18721999 0.77700001
0.11914002 -0.18721999 0.77700001
0.11705431 -0.18625619 0.77300006
0.1154324 -0.18601523 0.77200001
0.11396192 -0.18601523 0.77200001
0.11190859 -0.18505143 0.76800001
0.11044573 -0.18505143 0.76800001
0.10884097 -0.18481047 0.76700002
0.10752002 -0.18505143 0.76800001
0.10605716 -0.18505143 0.76800001
0.10486668 -0.18553333 0.77000004
0.10340002 -0.18553333 0.77000004
0.10193335 -0.18553333 0.77000004
0.10046668 -0.18553333 0.77000004
0.099000022 -0.18553333 0.77000004
0.097533353 -0.18553333 0.77000004
0.096066684 -0.18553333 0.77000004
0.094845735 -0.18601523 0.77200001
0.093375258 -0.18601523 0.77200001
0.092738114 -0.1877019 0.77900004
0.091840021 -0.18890665 0.78400004
0.090346687 -0.18890665 0.78400004
0.088853352 -0.18890665 0.78400004
0.087582879 -0.18938856 0.78600001
0.086085729 -0.18938856 0.78600001
0.084803827 -0.18987048 0.78800005
0.083302878 -0.18987048 0.78800005
0.081801921 -0.18987048 0.78800005
0.080300972 -0.18987048 0.78800005
0.078800015 -0.18987048 0.78800005
0.07739716 -0.19011143 0.78900003
0.075894304 -0.19011143 0.78900003
0.074391447 -0.19011143 0.78900003
0.07288859 -0.19011143 0.78900003
0.071385734 -0.19011143 0.78900003
0.069882877 -0.19011143 0.78900003
0.068380021 -0.19011143 0.78900003
0.066877156 -0.19011143 0.78900003
0.0653743 -0.19011143 0.78900003
0.063871443 -0.19011143 0.78900003
0.06236859 -0.19011143 0.78900003
0.06086573 -0.19011143 0.78900003
0.059362873 -0.19011143 0.78900003
0.057860017 -0.19011143 0.78900003
0.05635716 -0.19011143 0.78900003
0.12884383 -0.18991427 0.78200006
0.12702858 -0.18942857 0.78000003
0.12538193 -0.18918571 0.77900004
0.12389811 -0.18918571 0.77900004
0.12241431 -0.18918571 0.77900004
0.12062002 -0.18869999 0.77700001
0.11883336 -0.18821427 0.77500004
0.11705431 -0.18772857 0.77300006
0.1154324 -0.18748571 0.77200001
0.11396192 -0.18748571 0.77200001
0.11220002 -0.18699999 0.77000004
0.11044573 -0.18651427 0.76800001
0.10884097 -0.18627141 0.76700002
0.10752002 -0.18651427 0.76800001
0.10591906 -0.18627141 0.76700002
0.10459431 -0.18651427 0.76800001
0.10313145 -0.18651427 0.76800001
0.10166859 -0.18651427 0.76800001
0.10020573 -0.18651427 0.76800001
0.099000022 -0.18699999 0.77000004
0.097533353 -0.18699999 0.77000004
0.096066684 -0.18699999 0.77000004
0.094600022 -0.18699999 0.77000004
0.093133353 -0.18699999 0.77000004
0.091666684 -0.18699999 0.77000004
0.09160573 -0.18991427 0.78200006
0.090346687 -0.19039999 0.78400004
0.088853352 -0.19039999 0.78400004
0.087360017 -0.19039999 0.78400004
0.086085729 -0.19088571 0.78600001
0.084803827 -0.19137144 0.78800005
0.083302878 -0.19137144 0.78800005
0.08190573 -0.1916143 0.78900003
0.080402873 -0.1916143 0.78900003
0.078900017 -0.1916143 0.78900003
0.07739716 -0.1916143 0.78900003
0.075894304 -0.1916143 0.78900003
0.074391447 -0.1916143 0.78900003
0.07288859 -0.1916143 0.78900003
0.071385734 -0.1916143 0.78900003
0.069882877 -0.1916143 0.78900003
0.068380021 -0.1916143 0.78900003
0.066877156 -0.1916143 0.78900003
0.0653743 -0.1916143 0.78900003
0.063871443 -0.1916143 0.78900003
0.06236859 -0.1916143 0.78900003
0.06086573 -0.1916143 0.78900003
0.059362873 -0.1916143 0.78900003
0.057860017 -0.1916143 0.78900003
0.12884383 -0.19140381 0.78200006
0.12702858 -0.19091427 0.78000003
0.12554288 -0.19091427 0.78000003
0.12389811 -0.19066952 0.77900004
0.12241431 -0.19066952 0.77900004
0.12062002 -0.19017999 0.77700001
0.11883336 -0.18969047 0.77500004
0.11705431 -0.18920094 0.77300006
0.11558192 -0.18920094 0.77300006
0.11396192 -0.18895619 0.77200001
0.11220002 -0.18846665 0.77000004
0.11044573 -0.18797714 0.76800001
0.10898288 -0.18797714 0.76800001
0.10752002 -0.18797714 0.76800001
0.10605716 -0.18797714 0.76800001
0.10459431 -0.18797714 0.76800001
0.10313145 -0.18797714 0.76800001
0.10166859 -0.18797714 0.76800001
0.10020573 -0.18797714 0.76800001
0.098742872 -0.18797714 0.76800001
0.097280018 -0.18797714 0.76800001
0.095817164 -0.18797714 0.76800001
0.094354302 -0.18797714 0.76800001
0.093133353 -0.18846665 0.77000004
0.091666684 -0.18846665 0.77000004
0.091371447 -0.19091427 0.78000003
0.09011621 -0.19140381 0.78200006
0.088626683 -0.19140381 0.78200006
0.087360017 -0.19189332 0.78400004
0.085866682 -0.19189332 0.78400004
0.084911443 -0.19311716 0.78900003
0.083408587 -0.19311716 0.78900003
0.082113348 -0.19360667 0.79100001
0.080606684 -0.19360667 0.79100001
0.07910002 -0.19360667 0.79100001
0.077593349 -0.19360667 0.79100001
0.075894304 -0.19311716 0.78900003
0.074391447 -0.19311716 0.78900003
0.07288859 -0.19311716 0.78900003
0.071385734 -0.19311716 0.78900003
0.069882877 -0.19311716 0.78900003
0.068380021 -0.19311716 0.78900003
0.066877156 -0.19311716 0.78900003
0.0653743 -0.19311716 0.78900003
0.063871443 -0.19311716 0.78900003
0.062368594 -0.19311716 0.78900003
0.06102002 -0.19360667 0.79100001
0.059513353 -0.19360667 0.79100001
0.058006689 -0.19360667 0.79100001
0.1285143 -0.19239999 0.78000003
0.12702858 -0.19239999 0.78000003
0.12554288 -0.19239999 0.78000003
0.12389811 -0.19215332 0.77900004
0.12241431 -0.19215332 0.77900004
0.12062002 -0.19165999 0.77700001
0.11914002 -0.19165999 0.77700001
0.11705431 -0.19067332 0.77300006
0.11558192 -0.19067332 0.77300006
0.11396192 -0.19042666 0.77200001
0.11220002 -0.18993333 0.77000004
0.11044573 -0.18944 0.76800001
0.10898288 -0.18944 0.76800001
0.10752002 -0.18944 0.76800001
0.10605716 -0.18944 0.76800001
0.10459431 -0.18944 0.76800001
0.10313145 -0.18944 0.76800001
0.10153621 -0.18919332 0.76700002
0.10020573 -0.18944 0.76800001
0.098742872 -0.18944 0.76800001
0.097280018 -0.18944 0.76800001
0.095817164 -0.18944 0.76800001
0.094354302 -0.18944 0.76800001
0.092891447 -0.18944 0.76800001
0.091428593 -0.18944 0.76800001
0.090200022 -0.18993333 0.77000004
0.088733353 -0.18993333 0.77000004
0.088626683 -0.19289333 0.78200006
0.087137163 -0.19289333 0.78200006
0.086085729 -0.19387999 0.78600001
0.084911443 -0.19462001 0.78900003
0.083408587 -0.19462001 0.78900003
0.08190573 -0.19462001 0.78900003
0.080606684 -0.19511335 0.79100001
0.07910002 -0.19511335 0.79100001
0.077593349 -0.19511335 0.79100001
0.075894304 -0.19462001 0.78900003
0.074391447 -0.19462001 0.78900003
0.07288859 -0.19462001 0.78900003
0.071385734 -0.19462001 0.78900003
0.069882877 -0.19462001 0.78900003
0.068380021 -0.19462001 0.78900003
0.066877156 -0.19462001 0.78900003
0.0653743 -0.19462001 0.78900003
0.064033352 -0.19511335 0.79100001
0.062526681 -0.19511335 0.79100001
0.061174307 -0.19560668 0.79300004
0.059663832 -0.19560668 0.79300004
0.058006689 -0.19511335 0.79100001
0.13216002 -0.19487999 0.78400004
0.13066669 -0.19487999 0.78400004
0.12884383 -0.19438285 0.78200006
0.12702858 -0.19388571 0.78000003
0.12538193 -0.19363713 0.77900004
0.12358002 -0.19313999 0.77700001
0.12210002 -0.19313999 0.77700001
0.12062002 -0.19313999 0.77700001
0.11914002 -0.19313999 0.77700001
0.11735716 -0.19264285 0.77500004
0.11558192 -0.19214571 0.77300006
0.11396192 -0.19189714 0.77200001
0.11220002 -0.19139999 0.77000004
0.11044573 -0.19090284 0.76800001
0.10898288 -0.19090284 0.76800001
0.10738002 -0.19065428 0.76700002
0.10605716 -0.19090284 0.76800001
0.10445812 -0.19065428 0.76700002
0.10299716 -0.19065428 0.76700002
0.10127145 -0.19015713 0.76500005
0.10007526 -0.19065428 0.76700002
0.098614305 -0.19065428 0.76700002
0.097153351 -0.19065428 0.76700002
0.095692396 -0.19065428 0.76700002
0.094354302 -0.19090284 0.76800001
0.092891447 -0.19090284 0.76800001
0.091428593 -0.19090284 0.76800001
0.090200022 -0.19139999 0.77000004
0.088733353 -0.19139999 0.77000004
0.088400021 -0.19388571 0.78000003
0.086914301 -0.19388571 0.78000003
0.085866682 -0.19487999 0.78400004
0.084911443 -0.19612287 0.78900003
0.083408587 -0.19612287 0.78900003
0.08190573 -0.19612287 0.78900003
0.080606684 -0.19662 0.79100001
0.078900017 -0.19612287 0.78900003
0.07739716 -0.19612287 0.78900003
0.075894304 -0.19612287 0.78900003
0.074391447 -0.19612287 0.78900003
0.07288859 -0.19612287 0.78900003
0.071385734 -0.19612287 0.78900003
0.069882877 -0.19612287 0.78900003
0.068380021 -0.19612287 0.78900003
0.066877156 -0.19612287 0.78900003
0.065540016 -0.19662 0.79100001
0.064033352 -0.19662 0.79100001
0.062526681 -0.19662 0.79100001
0.061174307 -0.19711715 0.79300004
0.059663832 -0.19711715 0.79300004
0.13182288 -0.19587237 0.78200006
0.13066669 -0.19637333 0.78400004
0.12884383 -0.19587237 0.78200006
0.12702858 -0.19537142 0.78000003
0.12538193 -0.19512095 0.77900004
0.12358002 -0.19462 0.77700001
0.12210002 -0.19462 0.77700001
0.12062002 -0.19462 0.77700001
0.11914002 -0.19462 0.77700001
0.11735716 -0.19411904 0.77500004
0.11588097 -0.19411904 0.77500004
0.11440478 -0.19411904 0.77500004
0.11263716 -0.19361809 0.77300006
0.11073335 -0.19286665 0.77000004
0.10926668 -0.19286665 0.77000004
0.10752002 -0.19236571 0.76800001
0.10605716 -0.19236571 0.76800001
0.10445812 -0.19211523 0.76700002
0.10299716 -0.19211523 0.76700002
0.10127145 -0.19161429 0.76500005
0.10007526 -0.19211523 0.76700002
0.098614305 -0.19211523 0.76700002
0.097153351 -0.19211523 0.76700002
0.095692396 -0.19211523 0.76700002
0.094231449 -0.19211523 0.76700002
0.092770495 -0.19211523 0.76700002
0.09130954 -0.19211523 0.76700002
0.089965731 -0.19236571 0.76800001
0.088502876 -0.19236571 0.76800001
0.087266684 -0.19286665 0.77000004
0.085800014 -0.19286665 0.77000004
0.084333353 -0.19286667 0.77000004
0.084803827 -0.19737524 0.78800005
0.083091445 -0.19687429 0.78600001
0.08190573 -0.19762573 0.78900003
0.080402873 -0.19762573 0.78900003
0.078900017 -0.19762573 0.78900003
0.077299066 -0.19737524 0.78800005
0.075798117 -0.19737524 0.78800005
0.074391447 -0.19762573 0.78900003
0.07288859 -0.19762573 0.78900003
0.071385734 -0.19762573 0.78900003
0.069882877 -0.19762573 0.78900003
0.068380021 -0.19762573 0.78900003
0.066877156 -0.19762573 0.78900003
0.065540016 -0.19812667 0.79100001
0.064033352 -0.19812667 0.79100001
0.062526681 -0.19812667 0.79100001
0.06102002 -0.19812667 0.79100001
0.059663832 -0.19862762 0.79300004
0.13216002 -0.19786666 0.78400004
0.13066669 -0.19786666 0.78400004
0.12884383 -0.1973619 0.78200006
0.12735431 -0.1973619 0.78200006
0.12538193 -0.19660476 0.77900004
0.12358002 -0.1961 0.77700001
0.12210002 -0.1961 0.77700001
0.12062002 -0.1961 0.77700001
0.11914002 -0.1961 0.77700001
0.11735716 -0.19559523 0.77500004
0.11588097 -0.19559523 0.77500004
0.11440478 -0.19559523 0.77500004
0.11292859 -0.19559523 0.77500004
0.11116478 -0.19509047 0.77300006
0.1096924 -0.19509047 0.77300006
0.10752002 -0.19382857 0.76800001
0.10605716 -0.19382857 0.76800001
0.10445812 -0.19357619 0.76700002
0.10299716 -0.19357619 0.76700002
0.10127145 -0.19307142 0.76500005
0.10007526 -0.19357619 0.76700002
0.098614305 -0.19357619 0.76700002
0.097153351 -0.19357619 0.76700002
0.095692396 -0.19357619 0.76700002
0.094231449 -0.19357619 0.76700002
0.092528589 -0.19307142 0.76500005
0.09130954 -0.19357619 0.76700002
0.089848593 -0.19357619 0.76700002
0.088502876 -0.19382857 0.76800001
0.087040015 -0.19382857 0.76800001
0.08557716 -0.19382857 0.76800001
0.084114306 -0.19382858 0.76800001
0.082651444 -0.19382858 0.76800001
0.083091445 -0.19837144 0.78600001
0.081801921 -0.1988762 0.78800005
0.080402873 -0.19912858 0.78900003
0.078900017 -0.19912858 0.78900003
0.077299066 -0.1988762 0.78800005
0.075894304 -0.19912858 0.78900003
0.074391447 -0.19912858 0.78900003
0.07288859 -0.19912858 0.78900003
0.071385734 -0.19912858 0.78900003
0.069882877 -0.19912858 0.78900003
0.068380021 -0.19912858 0.78900003
0.067046687 -0.19963335 0.79100001
0.065540016 -0.19963335 0.79100001
0.064033352 -0.19963335 0.79100001
0.062684782 -0.20013811 0.79300004
0.061174307 -0.20013811 0.79300004
0.13365336 -0.19936 0.78400004
0.13216002 -0.19936 0.78400004
0.13066669 -0.19936 0.78400004
0.12884383 -0.19885142 0.78200006
0.12702858 -0.19834284 0.78000003
0.12506002 -0.19757999 0.77700001
0.12358002 -0.19757999 0.77700001
0.12210002 -0.19757999 0.77700001
0.12062002 -0.19757999 0.77700001
0.11914002 -0.19757999 0.77700001
0.11735716 -0.19707142 0.77500004
0.11588097 -0.19707142 0.77500004
0.11470002 -0.19757999 0.77700001
0.11322002 -0.19757999 0.77700001
0.11174002 -0.19757999 0.77700001
0.11054383 -0.19808856 0.77900004
0.10878002 -0.19757999 0.77700001
0.10660955 -0.19630857 0.77200001
0.10459431 -0.19529141 0.76800001
0.10313145 -0.19529141 0.76800001
0.10127145 -0.19452856 0.76500005
0.099814303 -0.19452856 0.76500005
0.098357163 -0.19452856 0.76500005
0.096900016 -0.19452856 0.76500005
0.095193349 -0.19401999 0.76300001
0.093740016 -0.19401999 0.76300001
0.092286684 -0.19401999 0.76300001
0.090833351 -0.19401999 0.76300001
0.089380018 -0.19401999 0.76300001
0.088157162 -0.19452856 0.76500005
0.086700015 -0.19452856 0.76500005
0.085242875 -0.19452856 0.76500005
0.084114306 -0.19529143 0.76800001
0.082651444 -0.19529143 0.76800001
0.083091445 -0.19986857 0.78600001
0.08190573 -0.20063144 0.78900003
0.080402873 -0.20063144 0.78900003
0.078900017 -0.20063144 0.78900003
0.077299066 -0.20037715 0.78800005
0.075798117 -0.20037715 0.78800005
0.074391447 -0.20063144 0.78900003
0.07288859 -0.20063144 0.78900003
0.071295254 -0.20037715 0.78800005
0.069794305 -0.20037715 0.78800005
0.068380021 -0.20063144 0.78900003
0.066877156 -0.20063144 0.78900003
0.065540016 -0.20114 0.79100001
0.064195253 -0.20164858 0.79300004
0.062684782 -0.20164858 0.79300004
0.061174307 -0.20164858 0.79300004
0.13365336 -0.20085333 0.78400004
0.13182288 -0.20034094 0.78200006
0.13033335 -0.20034094 0.78200006
0.1285143 -0.19982857 0.78000003
0.12702858 -0.19982857 0.78000003
0.12538193 -0.19957237 0.77900004
0.12358002 -0.19905999 0.77700001
0.12210002 -0.19905999 0.77700001
0.12062002 -0.19905999 0.77700001
0.11914002 -0.19905999 0.77700001
0.11766002 -0.19905999 0.77700001
0.11618002 -0.19905999 0.77700001
0.11470002 -0.19905999 0.77700001
0.11351145 -0.19957237 0.77900004
0.11217145 -0.19982857 0.78000003
0.11068574 -0.19982857 0.78000003
0.10906002 -0.19957237 0.77900004
0.10757621 -0.19957237 0.77900004
0.10486668 -0.19726665 0.77000004
0.10299716 -0.19649808 0.76700002
0.10127145 -0.1959857 0.76500005
0.099814303 -0.1959857 0.76500005
0.098100021 -0.19547333 0.76300001
0.096646681 -0.19547333 0.76300001
0.095193349 -0.19547333 0.76300001
0.093740016 -0.19547333 0.76300001
0.092286684 -0.19547333 0.76300001
0.090833351 -0.19547333 0.76300001
0.089380018 -0.19547333 0.76300001
0.087926686 -0.19547333 0.76300001
0.086700015 -0.1959857 0.76500005
0.085242875 -0.1959857 0.76500005
0.084004782 -0.1964981 0.76700002
0.082651444 -0.19675429 0.76800001
0.081611447 -0.19777906 0.77200001
0.080867633 -0.19957238 0.77900004
0.079893351 -0.20085335 0.78400004
0.078400016 -0.20085335 0.78400004
0.077102877 -0.20136572 0.78600001
0.075605735 -0.20136572 0.78600001
0.074108586 -0.20136572 0.78600001
0.072796211 -0.2018781 0.78800005
0.071295254 -0.2018781 0.78800005
0.069794305 -0.2018781 0.78800005
0.068380021 -0.2021343 0.78900003
0.067046687 -0.20264667 0.79100001
0.065540016 -0.20264667 0.79100001
0.064357162 -0.20367144 0.79500002
0.062842876 -0.20367144 0.79500002
0.13514669 -0.20234665 0.78400004
0.13365336 -0.20234665 0.78400004
0.13182288 -0.20183046 0.78200006
0.13033335 -0.20183046 0.78200006
0.12884383 -0.20183046 0.78200006
0.12702858 -0.20131429 0.78000003
0.12538193 -0.20105618 0.77900004
0.12389811 -0.20105618 0.77900004
0.12241431 -0.20105618 0.77900004
0.12062002 -0.20053999 0.77700001
0.11914002 -0.20053999 0.77700001
0.11796287 -0.20105618 0.77900004
0.11618002 -0.20053999 0.77700001
0.11499526 -0.20105618 0.77900004
0.11351145 -0.20105618 0.77900004
0.11217145 -0.20131429 0.78000003
0.11096954 -0.20183046 0.78200006
0.10948002 -0.20183046 0.78200006
0.1079905 -0.20183046 0.78200006
0.10650097 -0.20183046 0.78200006
0.10272859 -0.19744284 0.76500005
0.10127145 -0.19744284 0.76500005
0.099814303 -0.19744284 0.76500005
0.098357163 -0.19744284 0.76500005
0.096646681 -0.19692665 0.76300001
0.095193349 -0.19692665 0.76300001
0.093740016 -0.19692665 0.76300001
0.092286684 -0.19692665 0.76300001
0.090833351 -0.19692665 0.76300001
0.089380018 -0.19692665 0.76300001
0.087926686 -0.19692665 0.76300001
0.086473353 -0.19692665 0.76300001
0.085242875 -0.19744284 0.76500005
0.084004782 -0.19795905 0.76700002
0.082543828 -0.19795905 0.76700002
0.081928588 -0.20002382 0.77500004
0.080867633 -0.2010562 0.77900004
0.07968954 -0.20183048 0.78200006
0.078400016 -0.20234667 0.78400004
0.076906681 -0.20234667 0.78400004
0.075413354 -0.20234667 0.78400004
0.074108586 -0.20286286 0.78600001
0.072611444 -0.20286286 0.78600001
0.071295254 -0.20337905 0.78800005
0.069794305 -0.20337905 0.78800005
0.068380021 -0.20363715 0.78900003
0.067046687 -0.20415334 0.79100001
0.065705732 -0.20466954 0.79300004
0.064195253 -0.20466954 0.79300004
0.062842876 -0.20518573 0.79500002
0.13549145 -0.20435999 0.78600001
0.13365336 -0.20383999 0.78400004
0.13216002 -0.20383999 0.78400004
0.13033335 -0.20332 0.78200006
0.1285143 -0.20279999 0.78000003
0.12702858 -0.20279999 0.78000003
0.12538193 -0.20254 0.77900004
0.12389811 -0.20254 0.77900004
0.12210002 -0.20201999 0.77700001
0.12062002 -0.20201999 0.77700001
0.11914002 -0.20201999 0.77700001
0.11796287 -0.20254 0.77900004
0.11647907 -0.20254 0.77900004
0.11499526 -0.20254 0.77900004
0.11365716 -0.20279999 0.78000003
0.11245906 -0.20332 0.78200006
0.11096954 -0.20332 0.78200006
0.10948002 -0.20332 0.78200006
0.10826669 -0.20383999 0.78400004
0.10677335 -0.20383999 0.78400004
0.10528002 -0.20383999 0.78400004
0.10127145 -0.1989 0.76500005
0.099814303 -0.1989 0.76500005
0.098357163 -0.1989 0.76500005
0.096900016 -0.1989 0.76500005
0.095193349 -0.19837999 0.76300001
0.093740016 -0.19837999 0.76300001
0.092286684 -0.19837999 0.76300001
0.090833351 -0.19837999 0.76300001
0.089380018 -0.19837999 0.76300001
0.087926686 -0.19837999 0.76300001
0.086473353 -0.19837999 0.76300001
0.085242875 -0.1989 0.76500005
0.084004782 -0.19942001 0.76700002
0.082543828 -0.19942001 0.76700002
0.081928588 -0.20150001 0.77500004
0.080867633 -0.20254001 0.77900004
0.079485729 -0.20280001 0.78000003
0.07820002 -0.20332001 0.78200006
0.076906681 -0.20384 0.78400004
0.075413354 -0.20384 0.78400004
0.074108586 -0.20436001 0.78600001
0.07288859 -0.20514001 0.78900003
0.071295254 -0.20488001 0.78800005
0.070060015 -0.20566 0.79100001
0.068553351 -0.20566 0.79100001
0.06721621 -0.20618001 0.79300004
0.065705732 -0.20618001 0.79300004
0.064519063 -0.20722 0.79700005
0.06300097 -0.20722 0.79700005
0.1369886 -0.20585714 0.78600001
0.13549145 -0.20585714 0.78600001
0.13365336 -0.20533332 0.78400004
0.13216002 -0.20533332 0.78400004
0.13033335 -0.20480952 0.78200006
0.12884383 -0.20480952 0.78200006
0.12702858 -0.20428571 0.78000003
0.12538193 -0.20402381 0.77900004
0.12389811 -0.20402381 0.77900004
0.12241431 -0.20402381 0.77900004
0.12093049 -0.20402381 0.77900004
0.11944669 -0.20402381 0.77900004
0.11796287 -0.20402381 0.77900004
0.11662859 -0.20428571 0.78000003
0.11514287 -0.20428571 0.78000003
0.11394859 -0.20480952 0.78200006
0.11245906 -0.20480952 0.78200006
0.11096954 -0.20480952 0.78200006
0.10976002 -0.20533332 0.78400004
0.10826669 -0.20533332 0.78400004
0.10704573 -0.20585714 0.78600001
0.10595145 -0.20664285 0.78900003
0.10444859 -0.20664285 0.78900003
0.099814303 -0.20035714 0.76500005
0.098357163 -0.20035714 0.76500005
0.096646681 -0.19983332 0.76300001
0.095193349 -0.19983332 0.76300001
0.093740016 -0.19983332 0.76300001
0.092286684 -0.19983332 0.76300001
0.090833351 -0.19983332 0.76300001
0.089380018 -0.19983332 0.76300001
0.087926686 -0.19983332 0.76300001
0.086473353 -0.19983332 0.76300001
0.085020021 -0.19983333 0.76300001
0.083785735 -0.20035715 0.76500005
0.082328588 -0.20035715 0.76500005
0.081717163 -0.20245239 0.77300006
0.080452397 -0.2029762 0.77500004
0.079485729 -0.20428573 0.78000003
0.07820002 -0.20480953 0.78200006
0.076906681 -0.20533334 0.78400004
0.075413354 -0.20533334 0.78400004
0.074108586 -0.20585716 0.78600001
0.07288859 -0.20664287 0.78900003
0.071295254 -0.20638096 0.78800005
0.070060015 -0.20716667 0.79100001
0.068553351 -0.20716667 0.79100001
0.06721621 -0.20769048 0.79300004
0.065871447 -0.2082143 0.79500002
0.064519063 -0.2087381 0.79700005
0.06300097 -0.2087381 0.79700005
0.1369886 -0.20735428 0.78600001
0.13549145 -0.20735428 0.78600001
0.13399431 -0.20735428 0.78600001
0.13216002 -0.20682666 0.78400004
0.13066669 -0.20682666 0.78400004
0.12884383 -0.20629904 0.78200006
0.12702858 -0.20577142 0.78000003
0.12538193 -0.20550761 0.77900004
0.12389811 -0.20550761 0.77900004
0.12241431 -0.20550761 0.77900004
0.12093049 -0.20550761 0.77900004
0.11944669 -0.20550761 0.77900004
0.11796287 -0.20550761 0.77900004
0.11662859 -0.20577142 0.78000003
0.11543811 -0.20629904 0.78200006
0.11394859 -0.20629904 0.78200006
0.11245906 -0.20629904 0.78200006
0.11096954 -0.20629904 0.78200006
0.10976002 -0.20682666 0.78400004
0.10826669 -0.20682666 0.78400004
0.10731811 -0.2078819 0.78800005
0.10595145 -0.20814571 0.78900003
0.10444859 -0.20814571 0.78900003
0.10294573 -0.20814571 0.78900003
0.098100021 -0.20128666 0.76300001
0.096646681 -0.20128666 0.76300001
0.095193349 -0.20128666 0.76300001
0.093740016 -0.20128666 0.76300001
0.092286684 -0.20128666 0.76300001
0.090833351 -0.20128666 0.76300001
0.089380018 -0.20128666 0.76300001
0.087926686 -0.20128666 0.76300001
0.086700015 -0.20181428 0.76500005
0.085242875 -0.20181428 0.76500005
0.084004782 -0.20234191 0.76700002
0.082866684 -0.20313334 0.77000004
0.081400014 -0.20313334 0.77000004
0.080452397 -0.2044524 0.77500004
0.079180017 -0.20498 0.77700001
0.078000017 -0.20577143 0.78000003
0.076906681 -0.20682667 0.78400004
0.075413354 -0.20682667 0.78400004
0.07429716 -0.20788191 0.78800005
0.07288859 -0.20814572 0.78900003
0.071295254 -0.20788191 0.78800005
0.070060015 -0.20867334 0.79100001
0.068726681 -0.20920096 0.79300004
0.06721621 -0.20920096 0.79300004
0.065871447 -0.20972858 0.79500002
0.064600021 -0.21052001 0.79800004
0.06308002 -0.21052001 0.79800004
0.13733716 -0.20938285 0.78800005
0.13549145 -0.20885143 0.78600001
0.13399431 -0.20885143 0.78600001
0.13216002 -0.20831999 0.78400004
0.13033335 -0.20778856 0.78200006
0.12884383 -0.20778856 0.78200006
0.12702858 -0.20725714 0.78000003
0.12538193 -0.20699142 0.77900004
0.12389811 -0.20699142 0.77900004
0.12241431 -0.20699142 0.77900004
0.12108573 -0.20725714 0.78000003
0.11960002 -0.20725714 0.78000003
0.11811431 -0.20725714 0.78000003
0.11692764 -0.20778856 0.78200006
0.11543811 -0.20778856 0.78200006
0.11424002 -0.20831999 0.78400004
0.11245906 -0.20778856 0.78200006
0.11096954 -0.20778856 0.78200006
0.10976002 -0.20831999 0.78400004
0.10826669 -0.20831999 0.78400004
0.10731811 -0.20938285 0.78800005
0.10595145 -0.20964856 0.78900003
0.10444859 -0.20964856 0.78900003
0.10294573 -0.20964856 0.78900003
0.10144287 -0.20964856 0.78900003
0.096900016 -0.20327142 0.76500005
0.095442876 -0.20327142 0.76500005
0.093985729 -0.20327142 0.76500005
0.092286684 -0.20274 0.76300001
0.091071449 -0.20327142 0.76500005
0.089614302 -0.20327142 0.76500005
0.087926686 -0.20274 0.76300001
0.086700015 -0.20327142 0.76500005
0.085465729 -0.20380285 0.76700002
0.084114306 -0.20406859 0.76800001
0.082866684 -0.20460001 0.77000004
0.081400014 -0.20460001 0.77000004
0.080140971 -0.20513144 0.77200001
0.078772396 -0.20539714 0.77300006
0.077700019 -0.20646001 0.77700001
0.076710492 -0.20778857 0.78200006
0.075413354 -0.20832001 0.78400004
0.074108586 -0.20885144 0.78600001
0.07288859 -0.20964858 0.78900003
0.071295254 -0.20938286 0.78800005
0.069882877 -0.20964858 0.78900003
0.068553351 -0.21018001 0.79100001
0.06721621 -0.21071143 0.79300004
0.065705732 -0.21071143 0.79300004
0.064195253 -0.21071143 0.79300004
0.06308002 -0.21204001 0.79800004
0.1390143 -0.21115142 0.78900003
0.13733716 -0.2108838 0.78800005
0.13549145 -0.21034856 0.78600001
0.13399431 -0.21034856 0.78600001
0.13216002 -0.20981333 0.78400004
0.13033335 -0.20927809 0.78200006
0.1285143 -0.20874286 0.78000003
0.12702858 -0.20874286 0.78000003
0.12554288 -0.20874286 0.78000003
0.12389811 -0.20847523 0.77900004
0.12241431 -0.20847523 0.77900004
0.12108573 -0.20874286 0.78000003
0.11960002 -0.20874286 0.78000003
0.11811431 -0.20874286 0.78000003
0.11692764 -0.20927809 0.78200006
0.11543811 -0.20927809 0.78200006
0.11424002 -0.20981333 0.78400004
0.11274669 -0.20981333 0.78400004
0.11125335 -0.20981333 0.78400004
0.10976002 -0.20981333 0.78400004
0.10826669 -0.20981333 0.78400004
0.10731811 -0.2108838 0.78800005
0.10595145 -0.21115142 0.78900003
0.10431621 -0.2108838 0.78800005
0.10294573 -0.21115142 0.78900003
0.10144287 -0.21115142 0.78900003
0.099940017 -0.21115142 0.78900003
0.095692396 -0.20526381 0.76700002
0.093985729 -0.20472856 0.76500005
0.092528589 -0.20472856 0.76500005
0.091071449 -0.20472856 0.76500005
0.089614302 -0.20472856 0.76500005
0.088157162 -0.20472856 0.76500005
0.086700015 -0.20472856 0.76500005
0.085465729 -0.20526381 0.76700002
0.084114306 -0.20553143 0.76800001
0.082866684 -0.20606667 0.77000004
0.081400014 -0.20606667 0.77000004
0.080140971 -0.20660192 0.77200001
0.078772396 -0.20686953 0.77300006
0.07730002 -0.20686953 0.77300006
0.076514304 -0.20874287 0.78000003
0.075220972 -0.20927811 0.78200006
0.073920019 -0.20981334 0.78400004
0.072611444 -0.21034858 0.78600001
0.071385734 -0.21115144 0.78900003
0.070060015 -0.21168667 0.79100001
0.068553351 -0.21168667 0.79100001
0.06721621 -0.21222191 0.79300004
0.065705732 -0.21222191 0.79300004
0.064195253 -0.21222191 0.79300004
0.13936669 -0.21319333 0.79100001
0.13751145 -0.21265428 0.78900003
0.13583621 -0.21238476 0.78800005
0.13399431 -0.21184571 0.78600001
0.13216002 -0.21130666 0.78400004
0.13033335 -0.21076761 0.78200006
0.1285143 -0.21022856 0.78000003
0.12702858 -0.21022856 0.78000003
0.12538193 -0.20995905 0.77900004
0.12389811 -0.20995905 0.77900004
0.12257145 -0.21022856 0.78000003
0.12108573 -0.21022856 0.78000003
0.11990669 -0.21076761 0.78200006
0.11841716 -0.21076761 0.78200006
0.11692764 -0.21076761 0.78200006
0.11573336 -0.21130666 0.78400004
0.11424002 -0.21130666 0.78400004
0.11274669 -0.21130666 0.78400004
0.11125335 -0.21130666 0.78400004
0.10976002 -0.21130666 0.78400004
0.10854287 -0.21184571 0.78600001
0.10731811 -0.21238476 0.78800005
0.10581716 -0.21238476 0.78800005
0.10431621 -0.21238476 0.78800005
0.10281526 -0.21238476 0.78800005
0.10131431 -0.21238476 0.78800005
0.099560015 -0.21184571 0.78600001
0.095817164 -0.20699428 0.76800001
0.094231449 -0.20672475 0.76700002
0.092770495 -0.20672475 0.76700002
0.09130954 -0.20672475 0.76700002
0.089848593 -0.20672475 0.76700002
0.088157162 -0.20618571 0.76500005
0.086926684 -0.20672475 0.76700002
0.08557716 -0.20699428 0.76800001
0.084114306 -0.2069943 0.76800001
0.082866684 -0.20753334 0.77000004
0.081400014 -0.20753334 0.77000004
0.080140971 -0.20807239 0.77200001
0.078772396 -0.20834191 0.77300006
0.077500015 -0.20888096 0.77500004
0.076416209 -0.20995906 0.77900004
0.075028591 -0.21022858 0.78000003
0.073731445 -0.21076763 0.78200006
0.072426684 -0.21130668 0.78400004
0.070933349 -0.21130668 0.78400004
0.069882877 -0.21265429 0.78900003
0.068380021 -0.21265429 0.78900003
0.067046694 -0.21319334 0.79100001
0.065705739 -0.21373239 0.79300004
0.06419526 -0.21373239 0.79300004
0.14087336 -0.2147 0.79100001
0.13936669 -0.2147 0.79100001
0.13751145 -0.21415713 0.78900003
0.13583621 -0.21388571 0.78800005
0.13433526 -0.21388571 0.78800005
0.13249716 -0.21334285 0.78600001
0.13033335 -0.21225713 0.78200006
0.1285143 -0.21171428 0.78000003
0.12702858 -0.21171428 0.78000003
0.12538193 -0.21144284 0.77900004
0.12405716 -0.21171428 0.78000003
0.12257145 -0.21171428 0.78000003
0.12108573 -0.21171428 0.78000003
0.11990669 -0.21225713 0.78200006
0.11841716 -0.21225713 0.78200006
0.11722668 -0.2128 0.78400004
0.11573336 -0.2128 0.78400004
0.11424002 -0.2128 0.78400004
0.11274669 -0.2128 0.78400004
0.11125335 -0.2128 0.78400004
0.11004002 -0.21334285 0.78600001
0.10854288 -0.21334285 0.78600001
0.10731812 -0.21388571 0.78800005
0.10581717 -0.21388571 0.78800005
0.10405146 -0.21334285 0.78600001
0.10281526 -0.21388571 0.78800005
0.10080002 -0.2128 0.78400004
0.099306688 -0.2128 0.78400004
0.096066684 -0.20899999 0.77000004
0.094354302 -0.20845714 0.76800001
0.092891447 -0.20845714 0.76800001
0.09130954 -0.2081857 0.76700002
0.089848593 -0.2081857 0.76700002
0.088387638 -0.2081857 0.76700002
0.086926684 -0.2081857 0.76700002
0.085465729 -0.2081857 0.76700002
0.084114306 -0.20845716 0.76800001
0.082651444 -0.20845716 0.76800001
0.081400014 -0.20900001 0.77000004
0.079933353 -0.20900001 0.77000004
0.078670494 -0.20954287 0.77200001
0.07730002 -0.2098143 0.77300006
0.076023825 -0.21035714 0.77500004
0.074547634 -0.21035714 0.77500004
0.073731445 -0.21225715 0.78200006
0.072426684 -0.21280001 0.78400004
0.070933349 -0.21280001 0.78400004
0.069617167 -0.21334286 0.78600001
0.068293355 -0.21388572 0.78800005
0.066877164 -0.21415715 0.78900003
0.065374307 -0.21415715 0.78900003
0.06419526 -0.21524286 0.79300004
0.14087336 -0.21620665 0.79100001
0.13936669 -0.21620665 0.79100001
0.13751145 -0.21565999 0.78900003
0.13583621 -0.21538666 0.78800005
0.13399431 -0.21483999 0.78600001
0.13249716 -0.21483999 0.78600001
0.13033335 -0.21374667 0.78200006
0.12884383 -0.21374667 0.78200006
0.12702858 -0.21319999 0.78000003
0.12554288 -0.21319999 0.78000003
0.12405717 -0.21319999 0.78000003
0.12257145 -0.21319999 0.78000003
0.12139621 -0.21374667 0.78200006
0.11990669 -0.21374667 0.78200006
0.11872002 -0.21429333 0.78400004
0.11722669 -0.21429333 0.78400004
0.1160286 -0.21483999 0.78600001
0.11453146 -0.21483999 0.78600001
0.11303432 -0.21483999 0.78600001
0.11153717 -0.21483999 0.78600001
0.11004002 -0.21483999 0.78600001
0.10854288 -0.21483999 0.78600001
0.10731812 -0.21538666 0.78800005
0.10581717 -0.21538666 0.78800005
0.10378669 -0.21429333 0.78400004
0.10229336 -0.21429333 0.78400004
0.10054288 -0.21374667 0.78200006
0.098800026 -0.21319999 0.78000003
0.096940018 -0.21237999 0.77700001
0.094600022 -0.21046665 0.77000004
0.092891447 -0.20991999 0.76800001
0.091428593 -0.20991999 0.76800001
0.089965731 -0.20991999 0.76800001
0.088502876 -0.20991999 0.76800001
0.087040015 -0.20991999 0.76800001
0.08557716 -0.20991999 0.76800001
0.084114306 -0.20992 0.76800001
0.082866684 -0.21046667 0.77000004
0.081400014 -0.21046667 0.77000004
0.079933353 -0.21046667 0.77000004
0.078670494 -0.21101335 0.77200001
0.07730002 -0.21128668 0.77300006
0.076023825 -0.21183334 0.77500004
0.074547634 -0.21183334 0.77500004
0.073260017 -0.21238001 0.77700001
0.071780019 -0.21238001 0.77700001
0.070480973 -0.21292667 0.77900004
0.06908574 -0.2132 0.78000003
0.068293355 -0.21538667 0.78800005
0.066792406 -0.21538667 0.78800005
0.065374307 -0.21566001 0.78900003
0.14087336 -0.21771333 0.79100001
0.13936669 -0.21771333 0.79100001
0.13751145 -0.21716285 0.78900003
0.13583621 -0.21688761 0.78800005
0.13399431 -0.21633713 0.78600001
0.13249716 -0.21633713 0.78600001
0.13033335 -0.21523619 0.78200006
0.12884383 -0.21523619 0.78200006
0.12735431 -0.21523619 0.78200006
0.12554288 -0.21468571 0.78000003
0.12437526 -0.21523619 0.78200006
0.12257145 -0.21468571 0.78000003
0.12139621 -0.21523619 0.78200006
0.12021336 -0.21578667 0.78400004
0.11872002 -0.21578667 0.78400004
0.11722669 -0.21578667 0.78400004
0.1160286 -0.21633713 0.78600001
0.11482289 -0.21688761 0.78800005
0.11332193 -0.21688761 0.78800005
0.11182098 -0.21688761 0.78800005
0.11004002 -0.21633713 0.78600001
0.10854288 -0.21633713 0.78600001
0.10731812 -0.21688761 0.78800005
0.1055486 -0.21633713 0.78600001
0.10378669 -0.21578667 0.78400004
0.10229336 -0.21578667 0.78400004
0.10054288 -0.21523619 0.78200006
0.098800026 -0.21468571 0.78000003
0.096940026 -0.21385999 0.77700001
0.094600022 -0.21193333 0.77000004
0.092891447 -0.21138285 0.76800001
0.091428593 -0.21138285 0.76800001
0.089965731 -0.21138285 0.76800001
0.088502876 -0.21138285 0.76800001
0.087040015 -0.21138285 0.76800001
0.08557716 -0.21138285 0.76800001
0.084333353 -0.21193334 0.77000004
0.082866684 -0.21193334 0.77000004
0.081400014 -0.21193334 0.77000004
0.079933353 -0.21193334 0.77000004
0.078670494 -0.21248382 0.77200001
0.07730002 -0.21275906 0.77300006
0.076023832 -0.21330953 0.77500004
0.074547641 -0.21330953 0.77500004
0.073260024 -0.21386001 0.77700001
0.071964785 -0.21441048 0.77900004
0.07048098 -0.21441048 0.77900004
0.068997167 -0.21441048 0.77900004
0.067513362 -0.21441048 0.77900004
0.066792406 -0.21688762 0.78800005
0.065374307 -0.21716286 0.78900003
0.14087336 -0.21922 0.79100001
0.13936669 -0.21922 0.79100001
0.13751145 -0.2186657 0.78900003
0.13583621 -0.21838856 0.78800005
0.13399431 -0.21783428 0.78600001
0.13216002 -0.21728 0.78400004
0.13033335 -0.21672571 0.78200006
0.12884383 -0.21672571 0.78200006
0.12735431 -0.21672571 0.78200006
0.12586477 -0.21672571 0.78200006
0.12437526 -0.21672571 0.78200006
0.12288574 -0.21672571 0.78200006
0.12139621 -0.21672571 0.78200006
0.12021336 -0.21728 0.78400004
0.11872002 -0.21728 0.78400004
0.11722669 -0.21728 0.78400004
0.11632384 -0.21838856 0.78800005
0.11482289 -0.21838856 0.78800005
0.11332193 -0.21838856 0.78800005
0.11182098 -0.21838856 0.78800005
0.11032002 -0.21838856 0.78800005
0.10881907 -0.21838856 0.78800005
0.10704574 -0.21783428 0.78600001
0.1055486 -0.21783428 0.78600001
0.10378669 -0.21728 0.78400004
0.10229336 -0.21728 0.78400004
0.10028574 -0.21617143 0.78000003
0.098420024 -0.21533999 0.77700001
0.096940026 -0.21533999 0.77700001
0.094845742 -0.21395428 0.77200001
0.09313336 -0.21339999 0.77000004
0.091666691 -0.21339999 0.77000004
0.090200029 -0.21339999 0.77000004
0.088502876 -0.21284571 0.76800001
0.087040015 -0.21284571 0.76800001
0.08557716 -0.21284571 0.76800001
0.08433336 -0.21340001 0.77000004
0.082866691 -0.21340001 0.77000004
0.081400022 -0.21340001 0.77000004
0.07993336 -0.21340001 0.77000004
0.078670502 -0.2139543 0.77200001
0.077200025 -0.2139543 0.77200001
0.075827643 -0.21423143 0.77300006
0.074547641 -0.21478572 0.77500004
0.07307145 -0.21478572 0.77500004
0.071780026 -0.21534 0.77700001
0.070300028 -0.21534 0.77700001
0.068997167 -0.2158943 0.77900004
0.067513362 -0.2158943 0.77900004
0.14087336 -0.22072665 0.79100001
0.1390143 -0.22016856 0.78900003
0.13751145 -0.22016856 0.78900003
0.13583621 -0.21988952 0.78800005
0.13399431 -0.21933143 0.78600001
0.13216002 -0.21877332 0.78400004
0.13033335 -0.21821523 0.78200006
0.12884383 -0.21821523 0.78200006
0.12735431 -0.21821523 0.78200006
0.12586477 -0.21821523 0.78200006
0.12437526 -0.21821523 0.78200006
0.12288574 -0.21821523 0.78200006
0.12139621 -0.21821523 0.78200006
0.12021336 -0.21877332 0.78400004
0.11902288 -0.21933143 0.78600001
0.11752574 -0.21933143 0.78600001
0.11632384 -0.21988952 0.78800005
0.1149686 -0.22016856 0.78900003
0.11346574 -0.22016856 0.78900003
0.11196288 -0.22016856 0.78900003
0.11032002 -0.21988952 0.78800005
0.10881907 -0.21988952 0.78800005
0.10704574 -0.21933143 0.78600001
0.1055486 -0.21933143 0.78600001
0.10352193 -0.21821523 0.78200006
0.10203241 -0.21821523 0.78200006
0.10015717 -0.21737809 0.77900004
0.098673359 -0.21737809 0.77900004
0.096940026 -0.21681999 0.77700001
0.094968595 -0.2157038 0.77300006
0.093375266 -0.21542476 0.77200001
0.091666691 -0.21486665 0.77000004
0.090200029 -0.21486665 0.77000004
0.08873336 -0.21486665 0.77000004
0.087040022 -0.21430856 0.76800001
0.085577168 -0.21430856 0.76800001
0.08433336 -0.21486667 0.77000004
0.082866691 -0.21486667 0.77000004
0.081400022 -0.21486667 0.77000004
0.07993336 -0.21486667 0.77000004
0.078670502 -0.21542478 0.77200001
0.077300027 -0.21570382 0.77300006
0.076023832 -0.21626191 0.77500004
0.074547641 -0.21626191 0.77500004
0.07307145 -0.21626191 0.77500004
0.071780026 -0.21682 0.77700001
0.070300028 -0.21682 0.77700001
0.068820022 -0.21682 0.77700001
0.067513362 -0.21737811 0.77900004
0.14051716 -0.22167142 0.78900003
0.1390143 -0.22167142 0.78900003
0.13733716 -0.22139047 0.78800005
0.13549145 -0.22082856 0.78600001
0.13399431 -0.22082856 0.78600001
0.13216002 -0.22026666 0.78400004
0.13066669 -0.22026666 0.78400004
0.12917335 -0.22026666 0.78400004
0.12735431 -0.21970476 0.78200006
0.12586477 -0.21970476 0.78200006
0.12469336 -0.22026666 0.78400004
0.12320003 -0.22026666 0.78400004
0.12170669 -0.22026666 0.78400004
0.12052003 -0.22082856 0.78600001
0.11902288 -0.22082856 0.78600001
0.11782479 -0.22139047 0.78800005
0.11632384 -0.22139047 0.78800005
0.1149686 -0.22167142 0.78900003
0.11346574 -0.22167142 0.78900003
0.11196288 -0.22167142 0.78900003
0.11032002 -0.22139047 0.78800005
0.10881907 -0.22139047 0.78800005
0.10704574 -0.22082856 0.78600001
0.10528003 -0.22026666 0.78400004
0.10325717 -0.21914285 0.78000003
0.10177145 -0.21914285 0.78000003
0.10015717 -0.21886189 0.77900004
0.098420024 -0.2183 0.77700001
0.096940026 -0.2183 0.77700001
0.094968595 -0.21717618 0.77300006
0.093375266 -0.21689524 0.77200001
0.091904789 -0.21689524 0.77200001
0.090200029 -0.21633333 0.77000004
0.08873336 -0.21633333 0.77000004
0.087266691 -0.21633333 0.77000004
0.085577168 -0.21577142 0.76800001
0.08433336 -0.21633334 0.77000004
0.082866691 -0.21633334 0.77000004
0.081400022 -0.21633334 0.77000004
0.080140978 -0.21689525 0.77200001
0.078670502 -0.21689525 0.77200001
0.077300027 -0.2171762 0.77300006
0.076023832 -0.21773811 0.77500004
0.074547641 -0.21773811 0.77500004
0.072882883 -0.2171762 0.77300006
0.071595266 -0.21773811 0.77500004
0.070300028 -0.21830001 0.77700001
0.068820022 -0.21830001 0.77700001
0.14274003 -0.2243057 0.79300004
0.14087336 -0.22374 0.79100001
0.1390143 -0.22317427 0.78900003
0.13751145 -0.22317427 0.78900003
0.13583621 -0.22289142 0.78800005
0.13433526 -0.22289142 0.78800005
0.13249716 -0.22232571 0.78600001
0.13100003 -0.22232571 0.78600001
0.12917335 -0.22175999 0.78400004
0.12768002 -0.22175999 0.78400004
0.12618668 -0.22175999 0.78400004
0.12469336 -0.22175999 0.78400004
0.12320003 -0.22175999 0.78400004
0.12170669 -0.22175999 0.78400004
0.12052003 -0.22232571 0.78600001
0.11902288 -0.22232571 0.78600001
0.11782479 -0.22289142 0.78800005
0.11632384 -0.22289142 0.78800005
0.1149686 -0.22317427 0.78900003
0.11346574 -0.22317427 0.78900003
0.11196288 -0.22317427 0.78900003
0.11032002 -0.22289142 0.78800005
0.10854288 -0.22232571 0.78600001
0.10704574 -0.22232571 0.78600001
0.10501146 -0.22119428 0.78200006
0.10325717 -0.22062856 0.78000003
0.10164098 -0.22034571 0.77900004
0.10015717 -0.22034571 0.77900004
0.098420024 -0.21978 0.77700001
0.096940026 -0.21978 0.77700001
0.095214315 -0.21921428 0.77500004
0.093496218 -0.21864857 0.77300006
0.091904789 -0.21836571 0.77200001
0.090434313 -0.21836571 0.77200001
0.08873336 -0.21779999 0.77000004
0.087266691 -0.21779999 0.77000004
0.085800022 -0.21779999 0.77000004
0.08433336 -0.21780001 0.77000004
0.082866691 -0.21780001 0.77000004
0.081400022 -0.21780001 0.77000004
0.080140978 -0.21836573 0.77200001
0.078670502 -0.21836573 0.77200001
0.077300027 -0.21864858 0.77300006
0.076023832 -0.21921429 0.77500004
0.074547641 -0.21921429 0.77500004
0.072882883 -0.21864858 0.77300006
0.071595266 -0.21921429 0.77500004
0.070300028 -0.21978001 0.77700001
0.068820022 -0.21978001 0.77700001
0.067340024 -0.21978001 0.77700001
0.14310002 -0.22638571 0.79500002
0.14087336 -0.22524665 0.79100001
0.13936669 -0.22524665 0.79100001
0.13751145 -0.22467713 0.78900003
0.13583621 -0.22439237 0.78800005
0.13433526 -0.22439237 0.78800005
0.13249716 -0.22382285 0.78600001
0.13066669 -0.22325332 0.78400004
0.12917335 -0.22325332 0.78400004
0.12768002 -0.22325332 0.78400004
0.12618668 -0.22325332 0.78400004
0.12501144 -0.22382285 0.78600001
0.12351431 -0.22382285 0.78600001
0.12232765 -0.22439237 0.78800005
0.12082669 -0.22439237 0.78800005
0.11947717 -0.22467713 0.78900003
0.11797431 -0.22467713 0.78900003
0.11647145 -0.22467713 0.78900003
0.1149686 -0.22467713 0.78900003
0.11346574 -0.22467713 0.78900003
0.11182098 -0.22439237 0.78800005
0.11032002 -0.22439237 0.78800005
0.10854288 -0.22382285 0.78600001
0.10677336 -0.22325332 0.78400004
0.10501146 -0.2226838 0.78200006
0.10312479 -0.22182952 0.77900004
0.10164098 -0.22182952 0.77900004
0.09990003 -0.22126 0.77700001
0.098420024 -0.22126 0.77700001
0.096940026 -0.22126 0.77700001
0.095214315 -0.22069047 0.77500004
0.093496218 -0.22012095 0.77300006
0.091904789 -0.21983619 0.77200001
0.090434313 -0.21983619 0.77200001
0.08873336 -0.21926665 0.77000004
0.087266691 -0.21926665 0.77000004
0.085800022 -0.21926665 0.77000004
0.08433336 -0.21926667 0.77000004
0.082866691 -0.21926667 0.77000004
0.081400022 -0.21926667 0.77000004
0.080140978 -0.21983621 0.77200001
0.078670502 -0.21983621 0.77200001
0.077300027 -0.22012097 0.77300006
0.076023832 -0.22069049 0.77500004
0.07435526 -0.22012097 0.77300006
0.072882883 -0.22012097 0.77300006
0.071595266 -0.22069049 0.77500004
0.070119075 -0.22069049 0.77500004
0.068642884 -0.22069049 0.77500004
0.067340024 -0.22126001 0.77700001
0.14346002 -0.22847332 0.79700005
0.14087336 -0.22675332 0.79100001
0.1390143 -0.22617999 0.78900003
0.13751145 -0.22617999 0.78900003
0.13583621 -0.22589333 0.78800005
0.13433526 -0.22589333 0.78800005
0.13249716 -0.22532 0.78600001
0.13100003 -0.22532 0.78600001
0.12917335 -0.22474666 0.78400004
0.12800573 -0.22532 0.78600001
0.12650859 -0.22532 0.78600001
0.12501144 -0.22532 0.78600001
0.12351431 -0.22532 0.78600001
0.12232765 -0.22589333 0.78800005
0.12082669 -0.22589333 0.78800005
0.11947717 -0.22617999 0.78900003
0.11782479 -0.22589333 0.78800005
0.11647145 -0.22617999 0.78900003
0.11482289 -0.22589333 0.78800005
0.11332193 -0.22589333 0.78800005
0.11153717 -0.22532 0.78600001
0.11004002 -0.22532 0.78600001
0.1082667 -0.22474666 0.78400004
0.1062286 -0.2236 0.78000003
0.10474288 -0.2236 0.78000003
0.10312479 -0.22331333 0.77900004
0.10138003 -0.22273999 0.77700001
0.09990003 -0.22273999 0.77700001
0.098420024 -0.22273999 0.77700001
0.096940026 -0.22273999 0.77700001
0.095214315 -0.22216666 0.77500004
0.093496218 -0.22159332 0.77300006
0.091904789 -0.22130667 0.77200001
0.090434313 -0.22130667 0.77200001
0.088963836 -0.22130667 0.77200001
0.087266691 -0.22073333 0.77000004
0.085800022 -0.22073333 0.77000004
0.08433336 -0.22073334 0.77000004
0.082866691 -0.22073334 0.77000004
0.081400022 -0.22073334 0.77000004
0.07993336 -0.22073334 0.77000004
0.078772403 -0.22159334 0.77300006
0.077300027 -0.22159334 0.77300006
0.075827643 -0.22159334 0.77300006
0.07435526 -0.22159334 0.77300006
0.072882883 -0.22159334 0.77300006
0.0714105 -0.22159334 0.77300006
0.070300028 -0.22274001 0.77700001
0.068820022 -0.22274001 0.77700001
0.14364003 -0.23028 0.79800004
0.14087336 -0.22826 0.79100001
0.1390143 -0.22768284 0.78900003
0.13751145 -0.22768284 0.78900003
0.13583621 -0.22739428 0.78800005
0.13433526 -0.22739428 0.78800005
0.13249716 -0.22681713 0.78600001
0.13100003 -0.22681713 0.78600001
0.12950288 -0.22681713 0.78600001
0.12800573 -0.22681713 0.78600001
0.12650859 -0.22681713 0.78600001
0.12532954 -0.22739428 0.78800005
0.1238286 -0.22739428 0.78800005
0.12232765 -0.22739428 0.78800005
0.12082669 -0.22739428 0.78800005
0.11947717 -0.22768284 0.78900003
0.11797431 -0.22768284 0.78900003
0.11647145 -0.22768284 0.78900003
0.11482289 -0.22739428 0.78800005
0.11332193 -0.22739428 0.78800005
0.11153717 -0.22681713 0.78600001
0.11004002 -0.22681713 0.78600001
0.10771431 -0.22508571 0.78000003
0.1062286 -0.22508571 0.78000003
0.1046086 -0.22479713 0.77900004
0.10286003 -0.22421999 0.77700001
0.10138003 -0.22421999 0.77700001
0.09990003 -0.22421999 0.77700001
0.098420024 -0.22421999 0.77700001
0.096940026 -0.22421999 0.77700001
0.095214315 -0.22364286 0.77500004
0.093738124 -0.22364286 0.77500004
0.092023835 -0.2230657 0.77300006
0.090551451 -0.2230657 0.77300006
0.088963836 -0.22277714 0.77200001
0.08749336 -0.22277714 0.77200001
0.085800022 -0.22219999 0.77000004
0.084552407 -0.22277716 0.77200001
0.083081931 -0.22277716 0.77200001
0.081611454 -0.22277716 0.77200001
0.080140978 -0.22277716 0.77200001
0.078670502 -0.22277716 0.77200001
0.077300027 -0.22306572 0.77300006
0.075827643 -0.22306572 0.77300006
0.07435526 -0.22306572 0.77300006
0.072882883 -0.22306572 0.77300006
0.071595266 -0.22364287 0.77500004
0.070300028 -0.22422001 0.77700001
0.068820022 -0.22422001 0.77700001
0.14364003 -0.23179999 0.79800004
0.14087336 -0.22976667 0.79100001
0.1390143 -0.2291857 0.78900003
0.13751145 -0.2291857 0.78900003
0.13600859 -0.2291857 0.78900003
0.13450573 -0.2291857 0.78900003
0.1328343 -0.22889523 0.78800005
0.13133335 -0.22889523 0.78800005
0.12950288 -0.22831428 0.78600001
0.12833145 -0.22889523 0.78800005
0.12683049 -0.22889523 0.78800005
0.12532954 -0.22889523 0.78800005
0.1238286 -0.22889523 0.78800005
0.12248288 -0.2291857 0.78900003
0.12098002 -0.2291857 0.78900003
0.11947717 -0.2291857 0.78900003
0.11797431 -0.2291857 0.78900003
0.11647145 -0.2291857 0.78900003
0.11482289 -0.22889523 0.78800005
0.11332193 -0.22889523 0.78800005
0.11153717 -0.22831428 0.78600001
0.10976002 -0.22773333 0.78400004
0.10757621 -0.22628094 0.77900004
0.10609241 -0.22628094 0.77900004
0.1046086 -0.22628094 0.77900004
0.10286003 -0.22569999 0.77700001
0.10138003 -0.22569999 0.77700001
0.09990003 -0.22569999 0.77700001
0.098420024 -0.22569999 0.77700001
0.096940026 -0.22569999 0.77700001
0.095214315 -0.22511904 0.77500004
0.093738124 -0.22511904 0.77500004
0.092261933 -0.22511904 0.77500004
0.090551451 -0.22453809 0.77300006
0.089079075 -0.22453809 0.77300006
0.08749336 -0.22424762 0.77200001
0.086022884 -0.22424762 0.77200001
0.084661931 -0.2245381 0.77300006
0.083081931 -0.22424763 0.77200001
0.081611454 -0.22424763 0.77200001
0.080244787 -0.2245381 0.77300006
0.078772403 -0.2245381 0.77300006
0.077500023 -0.22511905 0.77500004
0.076023832 -0.22511905 0.77500004
0.07435526 -0.2245381 0.77300006
0.07307145 -0.22511905 0.77500004
0.071595266 -0.22511905 0.77500004
0.070119075 -0.22511905 0.77500004
0.068642884 -0.22511905 0.77500004
0.14400002 -0.23390475 0.80000001
0.14087336 -0.23127332 0.79100001
0.1390143 -0.23068857 0.78900003
0.13751145 -0.23068857 0.78900003
0.13600859 -0.23068857 0.78900003
0.13450573 -0.23068857 0.78900003
0.13300288 -0.23068857 0.78900003
0.13133335 -0.23039618 0.78800005
0.1298324 -0.23039618 0.78800005
0.12833145 -0.23039618 0.78800005
0.12683049 -0.23039618 0.78800005
0.12532954 -0.23039618 0.78800005
0.1238286 -0.23039618 0.78800005
0.12248288 -0.23068857 0.78900003
0.12098002 -0.23068857 0.78900003
0.11947717 -0.23068857 0.78900003
0.11797431 -0.23068857 0.78900003
0.11647145 -0.23068857 0.78900003
0.11482289 -0.23039618 0.78800005
0.11332193 -0.23039618 0.78800005
0.11153717 -0.22981142 0.78600001
0.10976002 -0.22922666 0.78400004
0.10757621 -0.22776476 0.77900004
0.10609241 -0.22776476 0.77900004
0.1046086 -0.22776476 0.77900004
0.10286003 -0.22717999 0.77700001
0.10138003 -0.22717999 0.77700001
0.09990003 -0.22717999 0.77700001
0.098420024 -0.22717999 0.77700001
0.096940026 -0.22717999 0.77700001
0.095214315 -0.22659524 0.77500004
0.093738124 -0.22659524 0.77500004
0.092261933 -0.22659524 0.77500004
0.090785742 -0.22659524 0.77500004
0.089079075 -0.22601047 0.77300006
0.08749336 -0.2257181 0.77200001
0.086022884 -0.2257181 0.77200001
0.084661931 -0.22601049 0.77300006
0.083189547 -0.22601049 0.77300006
0.081717171 -0.22601049 0.77300006
0.080244787 -0.22601049 0.77300006
0.078976214 -0.22659525 0.77500004
0.077300027 -0.22601049 0.77300006
0.075827643 -0.22601049 0.77300006
0.07435526 -0.22601049 0.77300006
0.072882883 -0.22601049 0.77300006
0.0714105 -0.22601049 0.77300006
0.070119075 -0.22659525 0.77500004
0.068642884 -0.22659525 0.77500004
0.14364003 -0.23483999 0.79800004
0.14087336 -0.23277999 0.79100001
0.13936669 -0.23277999 0.79100001
0.13751145 -0.23219143 0.78900003
0.13600859 -0.23219143 0.78900003
0.13450573 -0.23219143 0.78900003
0.13300288 -0.23219143 0.78900003
0.13150002 -0.23219143 0.78900003
0.1298324 -0.23189713 0.78800005
0.12849431 -0.23219143 0.78900003
0.12699145 -0.23219143 0.78900003
0.12548859 -0.23219143 0.78900003
0.1238286 -0.23189713 0.78800005
0.12248288 -0.23219143 0.78900003
0.12098002 -0.23219143 0.78900003
0.11947717 -0.23219143 0.78900003
0.11797431 -0.23219143 0.78900003
0.11647145 -0.23219143 0.78900003
0.1149686 -0.23219143 0.78900003
0.11332193 -0.23189713 0.78800005
0.11153717 -0.23130856 0.78600001
0.11004002 -0.23130856 0.78600001
0.10771431 -0.22954285 0.78000003
0.1062286 -0.22954285 0.78000003
0.1046086 -0.22924857 0.77900004
0.10286003 -0.22865999 0.77700001
0.10138003 -0.22865999 0.77700001
0.09990003 -0.22865999 0.77700001
0.098420024 -0.22865999 0.77700001
0.096940026 -0.22865999 0.77700001
0.095214315 -0.22807142 0.77500004
0.093980029 -0.22865999 0.77700001
0.092261933 -0.22807142 0.77500004
0.090785742 -0.22807142 0.77500004
0.089309551 -0.22807142 0.77500004
0.087606691 -0.22748286 0.77300006
0.086134315 -0.22748286 0.77300006
0.084880978 -0.22807144 0.77500004
0.083189547 -0.22748287 0.77300006
0.081717171 -0.22748287 0.77300006
0.080244787 -0.22748287 0.77300006
0.078772403 -0.22748287 0.77300006
0.077300027 -0.22748287 0.77300006
0.075827643 -0.22748287 0.77300006
0.07435526 -0.22748287 0.77300006
0.072882883 -0.22748287 0.77300006
0.0714105 -0.22748287 0.77300006
0.14087336 -0.23428667 0.79100001
0.13936669 -0.23428667 0.79100001
0.13751145 -0.23369429 0.78900003
0.13600859 -0.23369429 0.78900003
0.13450573 -0.23369429 0.78900003
0.13300288 -0.23369429 0.78900003
0.13150002 -0.23369429 0.78900003
0.12999716 -0.23369429 0.78900003
0.12849431 -0.23369429 0.78900003
0.12699145 -0.23369429 0.78900003
0.12548859 -0.23369429 0.78900003
0.1238286 -0.23339809 0.78800005
0.12248288 -0.23369429 0.78900003
0.12098002 -0.23369429 0.78900003
0.11947717 -0.23369429 0.78900003
0.11797431 -0.23369429 0.78900003
0.11647145 -0.23369429 0.78900003
0.1149686 -0.23369429 0.78900003
0.11332193 -0.23339809 0.78800005
0.11153717 -0.23280571 0.78600001
0.10976002 -0.23221333 0.78400004
0.10771431 -0.23102857 0.78000003
0.10609241 -0.23073238 0.77900004
0.1046086 -0.23073238 0.77900004
0.10286003 -0.23014 0.77700001
0.10138003 -0.23014 0.77700001
0.09990003 -0.23014 0.77700001
0.098420024 -0.23014 0.77700001
0.096940026 -0.23014 0.77700001
0.095214315 -0.22954762 0.77500004
0.093980029 -0.23014 0.77700001
0.092261933 -0.22954762 0.77500004
0.090785742 -0.22954762 0.77500004
0.089309551 -0.22954762 0.77500004
0.08783336 -0.22954762 0.77500004
0.086357169 -0.22954762 0.77500004
0.084880978 -0.22954763 0.77500004
0.083404787 -0.22954763 0.77500004
0.081928596 -0.22954763 0.77500004
0.080452405 -0.22954763 0.77500004
0.078976214 -0.22954763 0.77500004
0.077500023 -0.22954763 0.77500004
0.076023832 -0.22954763 0.77500004
0.074547641 -0.22954763 0.77500004
0.07307145 -0.22954763 0.77500004
0.0714105 -0.22895525 0.77300006
0.14087336 -0.23579332 0.79100001
0.13936669 -0.23579332 0.79100001
0.13786002 -0.23579332 0.79100001
0.13635336 -0.23579332 0.79100001
0.13484669 -0.23579332 0.79100001
0.13300288 -0.23519714 0.78900003
0.13150002 -0.23519714 0.78900003
0.12999716 -0.23519714 0.78900003
0.12849431 -0.23519714 0.78900003
0.12699145 -0.23519714 0.78900003
0.12548859 -0.23519714 0.78900003
0.12398574 -0.23519714 0.78900003
0.12248288 -0.23519714 0.78900003
0.12098002 -0.23519714 0.78900003
0.11947717 -0.23519714 0.78900003
0.11797431 -0.23519714 0.78900003
0.11647145 -0.23519714 0.78900003
0.1149686 -0.23519714 0.78900003
0.11332193 -0.23489904 0.78800005
0.11153717 -0.23430285 0.78600001
0.10976002 -0.23370665 0.78400004
0.10771431 -0.23251428 0.78000003
0.10609241 -0.23221618 0.77900004
0.1046086 -0.23221618 0.77900004
0.10286003 -0.23162 0.77700001
0.10164098 -0.23221618 0.77900004
0.09990003 -0.23162 0.77700001
0.098420024 -0.23162 0.77700001
0.096940026 -0.23162 0.77700001
0.095214315 -0.2310238 0.77500004
0.093980029 -0.23162 0.77700001
0.092500024 -0.23162 0.77700001
0.090785742 -0.2310238 0.77500004
0.089309551 -0.2310238 0.77500004
0.088060029 -0.23162 0.77700001
0.086357169 -0.2310238 0.77500004
0.085100025 -0.23162001 0.77700001
0.083404787 -0.23102382 0.77500004
0.081928596 -0.23102382 0.77500004
0.080452405 -0.23102382 0.77500004
0.078976214 -0.23102382 0.77500004
0.077500023 -0.23102382 0.77500004
0.076023832 -0.23102382 0.77500004
0.074547641 -0.23102382 0.77500004
0.07307145 -0.23102382 0.77500004
0.14087336 -0.23729999 0.79100001
0.13936669 -0.23729999 0.79100001
0.13786002 -0.23729999 0.79100001
0.13635336 -0.23729999 0.79100001
0.13484669 -0.23729999 0.79100001
0.13334002 -0.23729999 0.79100001
0.13183336 -0.23729999 0.79100001
0.13032669 -0.23729999 0.79100001
0.12882002 -0.23729999 0.79100001
0.12699145 -0.2367 0.78900003
0.12548859 -0.2367 0.78900003
0.12430003 -0.23729999 0.79100001
0.12279336 -0.23729999 0.79100001
0.12128669 -0.23729999 0.79100001
0.11978003 -0.23729999 0.79100001
0.11797431 -0.2367 0.78900003
0.11647145 -0.2367 0.78900003
0.1149686 -0.2367 0.78900003
0.11332193 -0.23639999 0.78800005
0.11153717 -0.2358 0.78600001
0.10976002 -0.23519999 0.78400004
0.1079905 -0.23459999 0.78200006
0.1062286 -0.234 0.78000003
0.1046086 -0.23369999 0.77900004
0.10312479 -0.23369999 0.77900004
0.10138003 -0.2331 0.77700001
0.09990003 -0.2331 0.77700001
0.098420024 -0.2331 0.77700001
0.096940026 -0.2331 0.77700001
0.095214315 -0.23249999 0.77500004
0.093980029 -0.2331 0.77700001
0.092500024 -0.2331 0.77700001
0.091020025 -0.2331 0.77700001
0.089540027 -0.2331 0.77700001
0.088060029 -0.2331 0.77700001
0.086580023 -0.2331 0.77700001
0.085319072 -0.23369999 0.77900004
0.083620027 -0.23310001 0.77700001
0.081928596 -0.2325 0.77500004
0.080452405 -0.2325 0.77500004
0.078976214 -0.2325 0.77500004
0.077500023 -0.2325 0.77500004
0.076023832 -0.2325 0.77500004
0.074547641 -0.2325 0.77500004
0.13971907 -0.23941047 0.79300004
0.1382086 -0.23941047 0.79300004
0.13635336 -0.23880666 0.79100001
0.13484669 -0.23880666 0.79100001
0.13334002 -0.23880666 0.79100001
0.13183336 -0.23880666 0.79100001
0.13032669 -0.23880666 0.79100001
0.12882002 -0.23880666 0.79100001
0.12731335 -0.23880666 0.79100001
0.12580669 -0.23880666 0.79100001
0.12430003 -0.23880666 0.79100001
0.12279336 -0.23880666 0.79100001
0.12128669 -0.23880666 0.79100001
0.11978003 -0.23880666 0.79100001
0.11827336 -0.23880666 0.79100001
0.11676669 -0.23880666 0.79100001
0.1149686 -0.23820285 0.78900003
0.11332193 -0.23790094 0.78800005
0.11153717 -0.23729713 0.78600001
0.11004002 -0.23729713 0.78600001
0.1082667 -0.23669332 0.78400004
0.10650098 -0.23608951 0.78200006
0.10474288 -0.2354857 0.78000003
0.10325717 -0.2354857 0.78000003
0.10164098 -0.23518381 0.77900004
0.09990003 -0.23458 0.77700001
0.098420024 -0.23458 0.77700001
0.096940026 -0.23458 0.77700001
0.095214315 -0.23397619 0.77500004
0.093980029 -0.23458 0.77700001
0.092500024 -0.23458 0.77700001
0.091020025 -0.23458 0.77700001
0.089540027 -0.23458 0.77700001
0.088060029 -0.23458 0.77700001
0.086802885 -0.23518381 0.77900004
0.085319072 -0.23518381 0.77900004
0.083620027 -0.23458001 0.77700001
0.082140028 -0.23458001 0.77700001
0.080660023 -0.23458001 0.77700001
0.079180025 -0.23458001 0.77700001
0.077500023 -0.2339762 0.77500004
0.14095241 -0.24304761 0.80000001
0.13890573 -0.24213618 0.79700005
0.13669811 -0.24092095 0.79300004
0.13518764 -0.24092095 0.79300004
0.13367717 -0.24092095 0.79300004
0.13183336 -0.24031332 0.79100001
0.13065621 -0.24092095 0.79300004
0.12882002 -0.24031332 0.79100001
0.12731335 -0.24031332 0.79100001
0.12612478 -0.24092095 0.79300004
0.12461431 -0.24092095 0.79300004
0.12341432 -0.24152857 0.79500002
0.12159336 -0.24092095 0.79300004
0.12008289 -0.24092095 0.79300004
0.11827336 -0.24031332 0.79100001
0.11676669 -0.24031332 0.79100001
0.1149686 -0.23970571 0.78900003
0.11332193 -0.23940189 0.78800005
0.11182098 -0.23940189 0.78800005
0.11004002 -0.23879428 0.78600001
0.1082667 -0.23818666 0.78400004
0.10650098 -0.23757905 0.78200006
0.10474288 -0.23697142 0.78000003
0.10325717 -0.23697142 0.78000003
0.10164098 -0.23666762 0.77900004
0.10015717 -0.23666762 0.77900004
0.098420024 -0.23605999 0.77700001
0.096940026 -0.23605999 0.77700001
0.095460027 -0.23605999 0.77700001
0.093980029 -0.23605999 0.77700001
0.092500024 -0.23605999 0.77700001
0.091020025 -0.23605999 0.77700001
0.089770503 -0.23666762 0.77900004
0.08828669 -0.23666762 0.77900004
0.086802885 -0.23666762 0.77900004
0.085319072 -0.23666762 0.77900004
0.083835267 -0.23666763 0.77900004
0.082140028 -0.23606001 0.77700001
0.080660023 -0.23606001 0.77700001
0.079180025 -0.23606001 0.77700001
0.13942859 -0.24457142 0.80000001
0.13756002 -0.24395999 0.79800004
0.13586955 -0.24365428 0.79700005
0.13435145 -0.24365428 0.79700005
0.13250002 -0.24304286 0.79500002
0.13098574 -0.24304286 0.79500002
0.12947145 -0.24304286 0.79500002
0.12795717 -0.24304286 0.79500002
0.12644288 -0.24304286 0.79500002
0.1249286 -0.24304286 0.79500002
0.12372479 -0.24365428 0.79700005
0.12190003 -0.24304286 0.79500002
0.12008289 -0.24243142 0.79300004
0.11827336 -0.24181999 0.79100001
0.11676669 -0.24181999 0.79100001
0.1149686 -0.24120857 0.78900003
0.11346574 -0.24120857 0.78900003
0.11153717 -0.24029142 0.78600001
0.11004002 -0.24029142 0.78600001
0.1079905 -0.23906857 0.78200006
0.10650098 -0.23906857 0.78200006
0.10474288 -0.23845714 0.78000003
0.10325717 -0.23845714 0.78000003
0.10177145 -0.23845714 0.78000003
0.10015717 -0.23815142 0.77900004
0.098673359 -0.23815142 0.77900004
0.096940026 -0.23753999 0.77700001
0.095460027 -0.23753999 0.77700001
0.093980029 -0.23753999 0.77700001
0.092500024 -0.23753999 0.77700001
0.091020025 -0.23753999 0.77700001
0.089540027 -0.23753999 0.77700001
0.088060029 -0.23753999 0.77700001
0.086802885 -0.23815142 0.77900004
0.085428596 -0.23845714 0.78000003
0.083942883 -0.23845716 0.78000003
0.08245717 -0.23845716 0.78000003
0.080660023 -0.23754001 0.77700001
0.13604002 -0.24548 0.79800004
0.13452002 -0.24548 0.79800004
0.13300002 -0.24548 0.79800004
0.13131526 -0.24517238 0.79700005
0.12979716 -0.24517238 0.79700005
0.12827906 -0.24517238 0.79700005
0.12676097 -0.24517238 0.79700005
0.12524287 -0.24517238 0.79700005
0.12372479 -0.24517238 0.79700005
0.1222067 -0.24517238 0.79700005
0.12038574 -0.24455714 0.79500002
0.11857241 -0.2439419 0.79300004
0.11706193 -0.2439419 0.79300004
0.11526003 -0.24332666 0.79100001
0.11346574 -0.24271142 0.78900003
0.11153717 -0.24178857 0.78600001
0.11004002 -0.24178857 0.78600001
0.1082667 -0.24117333 0.78400004
0.10650098 -0.24055809 0.78200006
0.10501146 -0.24055809 0.78200006
0.10325717 -0.23994285 0.78000003
0.10177145 -0.23994285 0.78000003
0.10015717 -0.23963523 0.77900004
0.098673359 -0.23963523 0.77900004
0.096940026 -0.23901999 0.77700001
0.095460027 -0.23901999 0.77700001
0.093980029 -0.23901999 0.77700001
0.092500024 -0.23901999 0.77700001
0.091020025 -0.23901999 0.77700001
0.089770503 -0.23963523 0.77900004
0.088060029 -0.23901999 0.77700001
0.086802885 -0.23963523 0.77900004
0.085428596 -0.23994285 0.78000003
0.083942883 -0.23994286 0.78000003
0.08245717 -0.23994286 0.78000003
0.13638097 -0.24761905 0.80000001
0.13485716 -0.24761905 0.80000001
0.13300002 -0.24699999 0.79800004
0.13148002 -0.24699999 0.79800004
0.12979716 -0.24669047 0.79700005
0.12844002 -0.24699999 0.79800004
0.12692001 -0.24699999 0.79800004
0.12524287 -0.24669047 0.79700005
0.12388003 -0.24699999 0.79800004
0.1222067 -0.24669047 0.79700005
0.12068859 -0.24669047 0.79700005
0.11887146 -0.24607143 0.79500002
0.11706193 -0.24545237 0.79300004
0.11526003 -0.24483332 0.79100001
0.11346574 -0.24421428 0.78900003
0.11182098 -0.24390475 0.78800005
0.11032002 -0.24390475 0.78800005
0.1082667 -0.24266666 0.78400004
0.10677336 -0.24266666 0.78400004
0.10501146 -0.24204761 0.78200006
0.10352193 -0.24204761 0.78200006
0.10177145 -0.24142857 0.78000003
0.10028574 -0.24142857 0.78000003
0.098673359 -0.24111904 0.77900004
0.097189553 -0.24111904 0.77900004
0.09570574 -0.24111904 0.77900004
0.094221927 -0.24111904 0.77900004
0.092738122 -0.24111904 0.77900004
0.091371454 -0.24142857 0.78000003
0.089885741 -0.24142857 0.78000003
0.088400029 -0.24142857 0.78000003
0.086914308 -0.24142857 0.78000003
0.085428596 -0.24142857 0.78000003
0.083942883 -0.24142858 0.78000003
0.13485716 -0.24914286 0.80000001
0.13333336 -0.24914286 0.80000001
0.13180955 -0.24914286 0.80000001
0.13028574 -0.24914286 0.80000001
0.12876192 -0.24914286 0.80000001
0.12723811 -0.24914286 0.80000001
0.1257143 -0.24914286 0.80000001
0.1241905 -0.24914286 0.80000001
0.12236003 -0.24851999 0.79800004
0.12084003 -0.24851999 0.79800004
0.1191705 -0.24820857 0.79700005
0.11735717 -0.24758571 0.79500002
0.11526003 -0.24633999 0.79100001
0.11375336 -0.24633999 0.79100001
0.11196288 -0.24571714 0.78900003
0.11032002 -0.2454057 0.78800005
0.10854288 -0.24478285 0.78600001
0.10677336 -0.24416 0.78400004
0.10528003 -0.24416 0.78400004
0.10378669 -0.24416 0.78400004
0.10203241 -0.24353714 0.78200006
0.10054288 -0.24353714 0.78200006
0.098800026 -0.24291427 0.78000003
0.097314313 -0.24291427 0.78000003
0.09570574 -0.24260285 0.77900004
0.094221927 -0.24260285 0.77900004
0.092857167 -0.24291427 0.78000003
0.091371454 -0.24291427 0.78000003
0.089885741 -0.24291427 0.78000003
0.088400029 -0.24291427 0.78000003
0.086914308 -0.24291427 0.78000003
0.085428596 -0.24291427 0.78000003
0.12266669 -0.25066668 0.80000001
0.12084003 -0.25003999 0.79800004
0.1191705 -0.24972667 0.79700005
0.11735717 -0.2491 0.79500002
0.11555146 -0.24847333 0.79300004
0.11375336 -0.24784666 0.79100001
0.11196288 -0.24721999 0.78900003
0.11046003 -0.24721999 0.78900003
0.10881907 -0.24690667 0.78800005
0.10731812 -0.24690667 0.78800005
0.1055486 -0.24628 0.78600001
0.10405146 -0.24628 0.78600001
0.10229336 -0.24565333 0.78400004
0.10080002 -0.24565333 0.78400004
0.099053361 -0.24502666 0.78200006
0.097563833 -0.24502666 0.78200006
0.0958286 -0.24439999 0.78000003
0.09434288 -0.24439999 0.78000003
0.092857167 -0.24439999 0.78000003
0.091371454 -0.24439999 0.78000003
0.11932003 -0.25156 0.79800004
0.11809526 -0.25219047 0.80000001
0.11613432 -0.25124478 0.79700005
0.1143286 -0.25061429 0.79500002
0.11224669 -0.24935333 0.79100001
0.11074003 -0.24935333 0.79100001
0.10895717 -0.24872285 0.78900003
0.10731812 -0.24840762 0.78800005
0.10581717 -0.24840762 0.78800005
0.10405146 -0.24777713 0.78600001
0.10229336 -0.24714667 0.78400004
0.10080002 -0.24714667 0.78400004
0.099053361 -0.24651618 0.78200006
0.097563833 -0.24651618 0.78200006
0.096074313 -0.24651618 0.78200006
0.094584785 -0.24651618 0.78200006
0.093095265 -0.24651618 0.78200006
0.11504765 -0.25371429 0.80000001
0.11309812 -0.25276285 0.79700005
0.11158003 -0.25276285 0.79700005
0.11006193 -0.25276285 0.79700005
0.10731812 -0.24990857 0.78800005
0.10581717 -0.24990857 0.78800005
0.10405146 -0.24927428 0.78600001
0.10255431 -0.24927428 0.78600001
0.10080002 -0.24864 0.78400004
0.11006193 -0.25428095 0.79700005
0.10731812 -0.25140953 0.78800005
0.10581717 -0.25140953 0.78800005
