0.045434 0.965273 -0.000192 
 0.028200 0.967726 -0.024703 
 0.013500 0.973338 -0.026190 
 0.001215 0.982153 -0.004666 
 -0.013524 0.987780 -0.006158 
 -0.028264 0.993406 -0.007649 
 -0.043003 0.999033 -0.009140 
 0.069466 0.939255 0.000921 
 0.054727 0.944882 -0.000571 
 0.039987 0.950509 -0.002062 
 0.025248 0.956136 -0.003553 
 0.010508 0.961762 -0.005044 
 -0.004232 0.967389 -0.006536 
 -0.018971 0.973016 -0.008027 
 -0.033711 0.978642 -0.009518 
 -0.048450 0.984269 -0.011010 
 -0.063190 0.989896 -0.012501 
 0.081382 0.921899 0.023567 
 0.064020 0.924491 -0.000949 
 0.049280 0.930118 -0.002440 
 0.034540 0.935745 -0.003931 
 0.019801 0.941372 -0.005423 
 0.005061 0.946998 -0.006914 
 -0.009679 0.952625 -0.008405 
 -0.024418 0.958252 -0.009897 
 -0.039158 0.963878 -0.011388 
 -0.053897 0.969505 -0.012879 
 -0.068637 0.975132 -0.014371 
 0.135036 0.884529 0.027673 
 0.121620 0.891646 0.037694 
 0.105478 0.895812 0.024683 
 0.090699 0.901454 0.023188 
 0.075920 0.907096 0.021692 
 0.058573 0.909727 -0.002818 
 0.043833 0.915354 -0.004310 
 0.029093 0.920981 -0.005801 
 0.014354 0.926607 -0.007292 
 -0.000386 0.932234 -0.008784 
 -0.015125 0.937861 -0.010275 
 -0.029865 0.943488 -0.011766 
 -0.044605 0.949114 -0.013257 
 -0.059344 0.954741 -0.014749 
 -0.074084 0.960368 -0.016240 
 0.188690 0.847159 0.031780 
 0.173911 0.852801 0.030285 
 0.159133 0.858442 0.028790 
 0.145749 0.865524 0.038811 
 0.129575 0.869726 0.025799 
 0.114796 0.875367 0.024304 
 0.100017 0.881009 0.022808 
 0.085238 0.886651 0.021313 
 0.067865 0.889337 -0.003196 
 0.053126 0.894963 -0.004688 
 0.038386 0.900590 -0.006179 
 0.023647 0.906217 -0.007670 
 0.008907 0.911843 -0.009162 
 -0.005833 0.917470 -0.010653 
 -0.020572 0.923097 -0.012144 
 -0.035312 0.928724 -0.013636 
 -0.050051 0.934350 -0.015127 
 -0.064791 0.939977 -0.016618 
 -0.079531 0.945604 -0.018110 
 0.199474 0.828104 0.042924 
 0.183229 0.832355 0.029906 
 0.168450 0.837997 0.028410 
 0.153671 0.843639 0.026915 
 0.138892 0.849281 0.025420 
 0.124113 0.854922 0.023924 
 0.109334 0.860564 0.022429 
 0.094555 0.866206 0.020934 
 0.079777 0.871847 0.019439 
 0.064998 0.877489 0.017943 
 0.047679 0.880199 -0.006557 
 0.032939 0.885826 -0.008049 
 0.018200 0.891453 -0.009540 
 0.003460 0.897079 -0.011031 
 -0.008897 0.905698 0.010467 
 -0.023676 0.911339 0.008972 
 -0.038455 0.916981 0.007476 
 -0.053233 0.922623 0.005981 
 -0.068012 0.928264 0.004486 
 -0.082791 0.933906 0.002990 
 0.207325 0.806269 0.031022 
 0.192546 0.811910 0.029526 
 0.174888 0.814795 0.004995 
 0.160149 0.820422 0.003504 
 0.145409 0.826049 0.002012 
 0.133431 0.834477 0.023545 
 0.118652 0.840119 0.022050 
 0.103873 0.845760 0.020555 
 0.089094 0.851402 0.019059 
 0.074315 0.857044 0.017564 
 0.059536 0.862686 0.016069 
 0.042232 0.865435 -0.008427 
 0.027492 0.871062 -0.009918 
 0.015200 0.879611 0.011583 
 0.000421 0.885252 0.010088 
 -0.014358 0.890894 0.008592 
 -0.029137 0.896536 0.007097 
 -0.043916 0.902178 0.005602 
 -0.058695 0.907819 0.004107 
 -0.073474 0.913461 0.002611 
 -0.088253 0.919103 0.001116 
 0.218134 0.787160 0.042164 
 0.198921 0.788778 0.006108 
 0.184181 0.794404 0.004617 
 0.169442 0.800031 0.003125 
 0.154702 0.805658 0.001634 
 0.139962 0.811285 0.000143 
 0.127969 0.819674 0.021671 
 0.113190 0.825316 0.020175 
 0.098412 0.830957 0.018680 
 0.083633 0.836599 0.017185 
 0.068854 0.842241 0.015690 
 0.054075 0.847882 0.014194 
 0.036785 0.850671 -0.010296 
 0.022046 0.856298 -0.011788 
 0.009738 0.864807 0.009708 
 -0.005041 0.870449 0.008213 
 -0.019819 0.876091 0.006718 
 -0.034598 0.881733 0.005223 
 -0.049377 0.887374 0.003727 
 -0.063038 0.894495 0.013716 
 -0.077837 0.900144 0.012219 
 0.227464 0.766688 0.041784 
 0.208213 0.768387 0.005730 
 0.193474 0.774014 0.004239 
 0.178734 0.779640 0.002747 
 0.163995 0.785267 0.001256 
 0.149255 0.790894 -0.000235 
 0.134515 0.796521 -0.001727 
 0.122508 0.804870 0.019796 
 0.107729 0.810512 0.018301 
 0.092950 0.816154 0.016806 
 0.078171 0.821795 0.015310 
 0.063392 0.827437 0.013815 
 0.048614 0.833079 0.012320 
 0.031338 0.835907 -0.012166 
 0.016599 0.841534 -0.013657 
 0.004277 0.850004 0.007834 
 -0.010502 0.855646 0.006339 
 -0.024111 0.862724 0.016331 
 -0.040060 0.866929 0.003348 
 -0.053708 0.874022 0.013336 
 -0.068507 0.879672 0.011839 
 -0.083306 0.885321 0.010342 
 0.217506 0.747996 0.005352 
 0.202767 0.753623 0.003860 
 0.188027 0.759250 0.002369 
 0.173287 0.764876 0.000878 
 0.158548 0.770503 -0.000614 
 0.143808 0.776130 -0.002105 
 0.129069 0.781756 -0.003596 
 0.117047 0.790067 0.017922 
 0.102268 0.795709 0.016426 
 0.087489 0.801351 0.014931 
 0.072710 0.806992 0.013436 
 0.057931 0.812634 0.011941 
 0.043152 0.818276 0.010445 
 0.028373 0.823917 0.008950 
 0.013594 0.829559 0.007455 
 -0.001185 0.835201 0.005959 
 -0.014782 0.842252 0.015951 
 -0.027256 0.850735 0.037424 
 -0.042094 0.856399 0.035923 
 -0.056931 0.862063 0.034421 
 -0.071769 0.867727 0.032920 
 -0.085523 0.874839 0.042896 
 -0.100381 0.880510 0.041392 
 0.229816 0.730130 0.028010 
 0.212059 0.733232 0.003482 
 0.197320 0.738859 0.001991 
 0.182580 0.744486 0.000500 
 0.167840 0.750112 -0.000992 
 0.153101 0.755739 -0.002483 
 0.138361 0.761366 -0.003974 
 0.123622 0.766992 -0.005466 
 0.111585 0.775264 0.016047 
 0.096806 0.780905 0.014552 
 0.082027 0.786547 0.013057 
 0.067249 0.792189 0.011561 
 0.052470 0.797830 0.010066 
 0.037691 0.803472 0.008571 
 0.022912 0.809114 0.007076 
 0.008133 0.814756 0.005580 
 -0.006646 0.820397 0.004085 
 -0.020250 0.827429 0.014074 
 -0.035049 0.833078 0.012577 
 -0.049847 0.838727 0.011079 
 -0.064646 0.844376 0.009582 
 -0.077252 0.852865 0.031038 
 -0.092090 0.858529 0.029537 
 -0.106928 0.864193 0.028036 
 -0.124877 0.865531 -0.007877 
 -0.139656 0.871173 -0.009373 
 0.221352 0.712842 0.003104 
 0.206612 0.718468 0.001613 
 0.191873 0.724095 0.000121 
 0.177133 0.729722 -0.001370 
 0.165239 0.737893 0.020154 
 0.150461 0.743535 0.018659 
 0.135682 0.749177 0.017163 
 0.120903 0.754819 0.015668 
 0.106124 0.760460 0.014173 
 0.091345 0.766102 0.012677 
 0.076566 0.771744 0.011182 
 0.061787 0.777385 0.009687 
 0.047008 0.783027 0.008192 
 0.032229 0.788669 0.006696 
 0.017450 0.794310 0.005201 
 0.002671 0.799952 0.003706 
 -0.012107 0.805594 0.002210 
 -0.025719 0.812606 0.012197 
 -0.040517 0.818255 0.010700 
 -0.055316 0.823904 0.009202 
 -0.070114 0.829553 0.007705 
 -0.084913 0.835202 0.006208 
 -0.099712 0.840852 0.004711 
 -0.114510 0.846501 0.003213 
 -0.130338 0.850727 -0.009752 
 -0.145117 0.856369 -0.011247 
 -0.159896 0.862011 -0.012742 
 -0.174675 0.867653 -0.014238 
 0.284826 0.666388 -0.025879 
 0.270145 0.671992 -0.027364 
 0.255465 0.677597 -0.028849 
 0.240784 0.683201 -0.030335 
 0.226103 0.688805 -0.031820 
 0.218894 0.700523 0.024261 
 0.204115 0.706165 0.022765 
 0.189336 0.711807 0.021270 
 0.174557 0.717448 0.019775 
 0.159778 0.723090 0.018279 
 0.144999 0.728732 0.016784 
 0.130220 0.734373 0.015289 
 0.115441 0.740015 0.013794 
 0.100662 0.745657 0.012298 
 0.085883 0.751299 0.010803 
 0.071105 0.756940 0.009308 
 0.056326 0.762582 0.007812 
 0.041547 0.768224 0.006317 
 0.026768 0.773865 0.004822 
 0.011989 0.779507 0.003327 
 -0.002790 0.785149 0.001831 
 -0.017569 0.790790 0.000336 
 -0.032348 0.796432 -0.001159 
 -0.045986 0.803432 0.008823 
 -0.060785 0.809081 0.007325 
 -0.075583 0.814730 0.005828 
 -0.090382 0.820379 0.004331 
 -0.103057 0.828804 0.025773 
 -0.117894 0.834468 0.024272 
 -0.134777 0.837327 -0.000161 
 -0.149576 0.842976 -0.001658 
 -0.164374 0.848625 -0.003156 
 -0.179173 0.854275 -0.004653 
 0.279401 0.651683 -0.027741 
 0.269417 0.660807 0.005330 
 0.254677 0.666434 0.003839 
 0.239937 0.672060 0.002348 
 0.225198 0.677687 0.000856 
 0.213432 0.685720 0.022386 
 0.198653 0.691362 0.020891 
 0.180979 0.694567 -0.003618 
 0.169096 0.702645 0.017900 
 0.154317 0.708287 0.016405 
 0.139538 0.713928 0.014910 
 0.124759 0.719570 0.013414 
 0.109980 0.725212 0.011919 
 0.095201 0.730854 0.010424 
 0.081732 0.737766 0.020421 
 0.066934 0.743415 0.018924 
 0.052135 0.749064 0.017427 
 0.036085 0.753420 0.004443 
 0.021307 0.759062 0.002947 
 0.006528 0.764704 0.001452 
 -0.008251 0.770345 -0.000043 
 -0.023030 0.775987 -0.001539 
 -0.036656 0.782959 0.008443 
 -0.051455 0.788609 0.006946 
 -0.066253 0.794258 0.005448 
 -0.081052 0.799907 0.003951 
 -0.095850 0.805556 0.002454 
 -0.108540 0.813942 0.023891 
 -0.123378 0.819606 0.022390 
 -0.138216 0.825270 0.020888 
 -0.153053 0.830934 0.019387 
 -0.169843 0.833802 -0.005033 
 -0.184642 0.839452 -0.006530 
 -0.196630 0.849340 0.026338 
 -0.211488 0.855012 0.024835 
 0.332698 0.614562 -0.023661 
 0.318017 0.620166 -0.025147 
 0.303337 0.625770 -0.026632 
 0.288656 0.631374 -0.028117 
 0.273975 0.636978 -0.029603 
 0.263970 0.646043 0.003461 
 0.249230 0.651670 0.001969 
 0.234491 0.657296 0.000478 
 0.216752 0.660571 -0.024034 
 0.205012 0.668550 -0.002505 
 0.190272 0.674176 -0.003996 
 0.172652 0.677406 -0.028496 
 0.160793 0.685430 -0.006978 
 0.146053 0.691056 -0.008470 
 0.134076 0.699125 0.013035 
 0.119297 0.704767 0.011540 
 0.104519 0.710408 0.010045 
 0.089740 0.716050 0.008549 
 0.076264 0.722943 0.018544 
 0.061465 0.728592 0.017047 
 0.046666 0.734241 0.015550 
 0.030624 0.738617 0.002568 
 0.015845 0.744259 0.001073 
 0.002271 0.751189 0.011058 
 -0.013713 0.755542 -0.001918 
 -0.028492 0.761184 -0.003413 
 -0.042125 0.768136 0.006566 
 -0.056923 0.773786 0.005069 
 -0.071722 0.779435 0.003571 
 -0.086520 0.785084 0.002074 
 -0.101319 0.790733 0.000577 
 -0.114023 0.799079 0.022009 
 -0.128861 0.804744 0.020508 
 -0.143699 0.810408 0.019006 
 -0.158537 0.816072 0.017505 
 -0.173374 0.821736 0.016004 
 -0.187263 0.828786 0.025957 
 -0.202121 0.834458 0.024454 
 -0.216978 0.840130 0.022951 
 0.356634 0.588648 -0.022553 
 0.341954 0.594252 -0.024038 
 0.328922 0.600953 -0.014000 
 0.314222 0.606565 -0.015487 
 0.297912 0.611065 -0.028494 
 0.284822 0.617788 -0.018462 
 0.270121 0.623400 -0.019949 
 0.258523 0.631279 0.001591 
 0.243783 0.636905 0.000100 
 0.229044 0.642532 -0.001391 
 0.211320 0.645846 -0.025899 
 0.196620 0.651458 -0.027386 
 0.184825 0.659412 -0.005865 
 0.170085 0.665039 -0.007357 
 0.155346 0.670666 -0.008848 
 0.143394 0.678680 0.012656 
 0.128615 0.684322 0.011161 
 0.113836 0.689963 0.009665 
 0.099057 0.695605 0.008170 
 0.084278 0.701247 0.006675 
 0.069499 0.706889 0.005179 
 0.054720 0.712530 0.003684 
 0.039942 0.718172 0.002189 
 0.025163 0.723814 0.000694 
 0.010384 0.729455 -0.000802 
 -0.003198 0.736366 0.009181 
 -0.017996 0.742015 0.007684 
 -0.032795 0.747664 0.006186 
 -0.047593 0.753313 0.004689 
 -0.062392 0.758963 0.003192 
 -0.077191 0.764612 0.001694 
 -0.089831 0.772889 0.023129 
 -0.106788 0.775910 -0.001300 
 -0.119506 0.784217 0.020127 
 -0.134344 0.789881 0.018626 
 -0.149182 0.795545 0.017124 
 -0.164020 0.801210 0.015623 
 -0.178858 0.806874 0.014122 
 -0.192754 0.813904 0.024073 
 -0.207611 0.819576 0.022569 
 -0.222469 0.825248 0.021066 
 -0.237326 0.830919 0.019563 
 0.365890 0.568339 -0.022929 
 0.351209 0.573943 -0.024415 
 0.336529 0.579548 -0.025900 
 0.321848 0.585152 -0.027385 
 0.308790 0.591840 -0.017352 
 0.292487 0.596360 -0.030356 
 0.279389 0.603063 -0.020326 
 0.264689 0.608675 -0.021814 
 0.249989 0.614287 -0.023301 
 0.238337 0.622142 -0.001770 
 0.223597 0.627768 -0.003261 
 0.205888 0.631122 -0.027763 
 0.194118 0.639022 -0.006244 
 0.179378 0.644648 -0.007735 
 0.164639 0.650275 -0.009226 
 0.152711 0.658235 0.012277 
 0.137932 0.663877 0.010781 
 0.124520 0.670700 0.020779 
 0.109722 0.676349 0.019282 
 0.093596 0.680802 0.006296 
 0.080125 0.687647 0.016287 
 0.065326 0.693297 0.014790 
 0.049259 0.697727 0.001810 
 0.034480 0.703368 0.000314 
 0.019701 0.709010 -0.001181 
 0.004922 0.714652 -0.002676 
 -0.009856 0.720294 -0.004171 
 -0.023465 0.727192 0.005807 
 -0.038264 0.732841 0.004309 
 -0.053062 0.738490 0.002812 
 -0.065638 0.746698 0.024250 
 -0.082659 0.749789 -0.000183 
 -0.095314 0.758026 0.021247 
 -0.112256 0.761087 -0.003177 
 -0.124989 0.769355 0.018245 
 -0.139827 0.775019 0.016744 
 -0.154665 0.780683 0.015242 
 -0.169503 0.786347 0.013741 
 -0.184341 0.792011 0.012240 
 -0.199179 0.797676 0.010739 
 -0.213102 0.804694 0.020685 
 -0.227959 0.810366 0.019182 
 -0.242817 0.816037 0.017678 
 0.362159 0.554669 -0.013267 
 0.345784 0.559238 -0.026277 
 0.331103 0.564842 -0.027762 
 0.316423 0.570447 -0.029247 
 0.301742 0.576051 -0.030733 
 0.287062 0.581655 -0.032218 
 0.272381 0.587259 -0.033704 
 0.259257 0.593950 -0.023678 
 0.244556 0.599562 -0.025166 
 0.229856 0.605174 -0.026653 
 0.213659 0.609676 -0.039645 
 0.198978 0.615280 -0.041130 
 0.188671 0.624258 -0.008113 
 0.173931 0.629884 -0.009604 
 0.159192 0.635511 -0.011096 
 0.147250 0.643431 0.010402 
 0.132471 0.649073 0.008907 
 0.121771 0.658201 0.041884 
 0.106933 0.663865 0.040383 
 0.089455 0.667175 0.015908 
 0.074656 0.672824 0.014410 
 0.059858 0.678474 0.012913 
 0.045059 0.684123 0.011416 
 0.030261 0.689772 0.009919 
 0.015462 0.695421 0.008421 
 0.000663 0.701070 0.006924 
 -0.014135 0.706720 0.005427 
 -0.026608 0.714843 0.026872 
 -0.041445 0.720507 0.025370 
 -0.056283 0.726171 0.023869 
 -0.071121 0.731835 0.022368 
 -0.085959 0.737499 0.020867 
 -0.100797 0.743164 0.019365 
 -0.115635 0.748828 0.017864 
 -0.130473 0.754492 0.016363 
 -0.145310 0.760156 0.014862 
 -0.160148 0.765820 0.013360 
 -0.174986 0.771485 0.011859 
 -0.188877 0.778468 0.021807 
 -0.203734 0.784140 0.020304 
 -0.218592 0.789812 0.018800 
 -0.233449 0.795484 0.017297 
 0.356726 0.539944 -0.015131 
 0.342026 0.545556 -0.016619 
 0.325678 0.550138 -0.029624 
 0.310998 0.555742 -0.031110 
 0.296317 0.561346 -0.032595 
 0.281637 0.566950 -0.034080 
 0.266956 0.572554 -0.035566 
 0.253824 0.579226 -0.025543 
 0.239124 0.584837 -0.027030 
 0.227443 0.592613 -0.005509 
 0.208234 0.594971 -0.041507 
 0.195023 0.601673 -0.031492 
 0.180323 0.607284 -0.032979 
 0.168484 0.615120 -0.011474 
 0.153745 0.620747 -0.012965 
 0.141789 0.628628 0.008528 
 0.127010 0.634270 0.007032 
 0.116288 0.643338 0.040002 
 0.101450 0.649002 0.038501 
 0.083986 0.652352 0.014031 
 0.069188 0.658001 0.012533 
 0.054389 0.663651 0.011036 
 0.038336 0.668120 -0.001939 
 0.024792 0.674949 0.008042 
 0.009993 0.680598 0.006544 
 -0.004805 0.686247 0.005047 
 -0.019604 0.691897 0.003550 
 -0.032091 0.699980 0.024990 
 -0.046929 0.705644 0.023488 
 -0.060650 0.712541 0.033452 
 -0.075507 0.718213 0.031948 
 -0.090365 0.723884 0.030445 
 -0.105222 0.729556 0.028942 
 -0.120080 0.735228 0.027439 
 -0.134937 0.740900 0.025935 
 -0.149795 0.746571 0.024432 
 -0.164652 0.752243 0.022929 
 -0.179510 0.757915 0.021426 
 -0.194367 0.763586 0.019922 
 -0.207385 0.771873 0.041308 
 -0.222282 0.777559 0.039801 
 -0.237179 0.783246 0.038294 
 0.351294 0.525219 -0.016996 
 0.334934 0.529829 -0.030001 
 0.320253 0.535433 -0.031486 
 0.305573 0.541037 -0.032972 
 0.290892 0.546641 -0.034457 
 0.276211 0.552245 -0.035942 
 0.261531 0.557849 -0.037428 
 0.248392 0.564501 -0.027407 
 0.233692 0.570113 -0.028895 
 0.218991 0.575724 -0.030382 
 0.202808 0.580266 -0.043369 
 0.188128 0.585870 -0.044854 
 0.174890 0.592560 -0.034844 
 0.163038 0.600356 -0.013343 
 0.148298 0.605983 -0.014835 
 0.136327 0.613825 0.006653 
 0.122913 0.620582 0.016646 
 0.110805 0.628476 0.038120 
 0.095967 0.634140 0.036619 
 0.081129 0.639804 0.035118 
 0.063719 0.643178 0.010657 
 0.048920 0.648828 0.009159 
 0.032875 0.653317 -0.003814 
 0.019323 0.660126 0.006165 
 0.004525 0.665775 0.004667 
 -0.010274 0.671424 0.003170 
 -0.025072 0.677074 0.001673 
 -0.037574 0.685118 0.023108 
 -0.052412 0.690782 0.021607 
 -0.066140 0.697659 0.031567 
 -0.080998 0.703330 0.030064 
 -0.095855 0.709002 0.028561 
 -0.110713 0.714674 0.027057 
 -0.125570 0.720346 0.025554 
 -0.140428 0.726017 0.024051 
 -0.155285 0.731689 0.022548 
 -0.170143 0.737361 0.021044 
 -0.185000 0.743032 0.019541 
 -0.197993 0.751264 0.040926 
 -0.212890 0.756951 0.039419 
 -0.227787 0.762638 0.037911 
 -0.240937 0.770930 0.059281 
 -0.255873 0.776631 0.057770 
 0.388232 0.492707 -0.025922 
 0.373551 0.498311 -0.027407 
 0.360562 0.504883 -0.017373 
 0.349205 0.512445 0.004174 
 0.331161 0.516106 -0.020348 
 0.314828 0.520728 -0.033348 
 0.300148 0.526332 -0.034834 
 0.285467 0.531936 -0.036319 
 0.270786 0.537540 -0.037804 
 0.256106 0.543144 -0.039290 
 0.241425 0.548749 -0.040775 
 0.226744 0.554353 -0.042260 
 0.213559 0.561000 -0.032247 
 0.197383 0.565561 -0.045231 
 0.182703 0.571165 -0.046716 
 0.169458 0.577835 -0.036709 
 0.157591 0.585592 -0.015213 
 0.142851 0.591219 -0.016704 
 0.130866 0.599021 0.004779 
 0.116087 0.604663 0.003283 
 0.105321 0.613613 0.036238 
 0.090484 0.619278 0.034737 
 0.073049 0.622706 0.010277 
 0.058250 0.628355 0.008780 
 0.043452 0.634004 0.007282 
 0.027414 0.638513 -0.005688 
 0.012635 0.644155 -0.007184 
 -0.000944 0.650952 0.002790 
 -0.015742 0.656601 0.001293 
 -0.028219 0.664591 0.022727 
 -0.043057 0.670255 0.021226 
 -0.057895 0.675920 0.019725 
 -0.071631 0.682777 0.029683 
 -0.086488 0.688448 0.028179 
 -0.101346 0.694120 0.026676 
 -0.116203 0.699792 0.025173 
 -0.131061 0.705463 0.023670 
 -0.145918 0.711135 0.022166 
 -0.160776 0.716807 0.020663 
 -0.175633 0.722479 0.019160 
 -0.190491 0.728150 0.017657 
 -0.203498 0.736343 0.039036 
 -0.218395 0.742030 0.037529 
 -0.233292 0.747716 0.036022 
 -0.246456 0.755969 0.057386 
 -0.261392 0.761671 0.055875 
 0.382806 0.478002 -0.027784 
 0.369830 0.484547 -0.017750 
 0.355129 0.490158 -0.019238 
 0.340429 0.495770 -0.020725 
 0.324084 0.500419 -0.033725 
 0.309403 0.506023 -0.035210 
 0.294723 0.511627 -0.036696 
 0.280042 0.517231 -0.038181 
 0.265361 0.522835 -0.039666 
 0.250681 0.528439 -0.041152 
 0.237527 0.535052 -0.031136 
 0.222827 0.540664 -0.032624 
 0.208127 0.546275 -0.034111 
 0.193426 0.551887 -0.035598 
 0.178726 0.557499 -0.037086 
 0.166883 0.565202 -0.015591 
 0.152144 0.570828 -0.017082 
 0.137404 0.576455 -0.018574 
 0.125404 0.584218 0.002904 
 0.111976 0.590935 0.012892 
 0.097177 0.596585 0.011394 
 0.085000 0.604415 0.032855 
 0.067580 0.607883 0.008400 
 0.052782 0.613532 0.006903 
 0.037983 0.619181 0.005405 
 0.021952 0.623710 -0.007563 
 0.007173 0.629352 -0.009058 
 -0.007606 0.634993 -0.010553 
 -0.021211 0.641778 -0.000584 
 -0.033702 0.649729 0.020845 
 -0.048540 0.655393 0.019344 
 -0.063378 0.661057 0.017843 
 -0.077121 0.667894 0.027798 
 -0.089828 0.675928 0.049205 
 -0.106836 0.679238 0.024792 
 -0.121694 0.684910 0.023288 
 -0.136551 0.690581 0.021785 
 -0.149416 0.698674 0.043176 
 -0.164313 0.704361 0.041669 
 -0.179209 0.710048 0.040161 
 -0.194106 0.715735 0.038654 
 -0.209003 0.721421 0.037147 
 -0.223900 0.727108 0.035640 
 -0.238797 0.732795 0.034133 
 -0.253693 0.738481 0.032625 
 -0.266912 0.746710 0.053981 
 0.379098 0.464210 -0.018128 
 0.362701 0.468901 -0.031131 
 0.348020 0.474505 -0.032616 
 0.333339 0.480109 -0.034102 
 0.318659 0.485714 -0.035587 
 0.303978 0.491318 -0.037072 
 0.289298 0.496922 -0.038558 
 0.274617 0.502526 -0.040043 
 0.259936 0.508130 -0.041528 
 0.245256 0.513735 -0.043014 
 0.232095 0.520327 -0.033001 
 0.215894 0.524943 -0.045984 
 0.202694 0.531551 -0.035976 
 0.187994 0.537162 -0.037463 
 0.173294 0.542774 -0.038950 
 0.158593 0.548386 -0.040438 
 0.146697 0.556064 -0.018952 
 0.131957 0.561691 -0.020443 
 0.119943 0.569415 0.001030 
 0.106507 0.576112 0.011015 
 0.094355 0.583889 0.032474 
 0.079517 0.589553 0.030973 
 0.062111 0.593060 0.006523 
 0.047313 0.598709 0.005026 
 0.032514 0.604358 0.003528 
 0.017716 0.610008 0.002031 
 0.001712 0.614548 -0.010933 
 -0.011881 0.621306 -0.000964 
 -0.026680 0.626955 -0.002461 
 -0.039186 0.634866 0.018963 
 -0.054023 0.640531 0.017462 
 -0.067754 0.647341 0.027417 
 -0.082612 0.653013 0.025914 
 -0.095333 0.661006 0.047315 
 -0.112327 0.664356 0.022907 
 -0.127184 0.670028 0.021404 
 -0.142042 0.675699 0.019901 
 -0.154921 0.683753 0.041286 
 -0.169817 0.689440 0.039779 
 -0.184714 0.695127 0.038272 
 -0.199611 0.700813 0.036765 
 -0.212687 0.708942 0.058131 
 -0.227623 0.714644 0.056620 
 -0.242559 0.720345 0.055109 
 -0.257495 0.726047 0.053597 
 0.373665 0.449486 -0.019992 
 0.357276 0.454196 -0.032993 
 0.342595 0.459800 -0.034478 
 0.327914 0.465404 -0.035964 
 0.313234 0.471009 -0.037449 
 0.298553 0.476613 -0.038934 
 0.283872 0.482217 -0.040420 
 0.266049 0.485929 -0.064908 
 0.254511 0.493425 -0.043390 
 0.239831 0.499030 -0.044876 
 0.226663 0.505603 -0.034865 
 0.211962 0.511214 -0.036353 
 0.197262 0.516826 -0.037840 
 0.182562 0.522438 -0.039327 
 0.167861 0.528049 -0.040815 
 0.153161 0.533661 -0.042302 
 0.138461 0.539273 -0.043789 
 0.126510 0.546927 -0.022313 
 0.114482 0.554611 -0.000845 
 0.101038 0.561289 0.009138 
 0.086240 0.566938 0.007640 
 0.074034 0.574690 0.029091 
 0.056643 0.578237 0.004646 
 0.041844 0.583886 0.003149 
 0.027046 0.589535 0.001651 
 0.012247 0.595184 0.000154 
 -0.003750 0.599745 -0.012807 
 -0.017350 0.606483 -0.002841 
 -0.029831 0.614340 0.018582 
 -0.044669 0.620004 0.017081 
 -0.059507 0.625668 0.015580 
 -0.073245 0.632459 0.025532 
 -0.088102 0.638130 0.024029 
 -0.100838 0.646085 0.045426 
 -0.115735 0.651771 0.043919 
 -0.130632 0.657458 0.042411 
 -0.145529 0.663145 0.040904 
 -0.160426 0.668831 0.039397 
 -0.175322 0.674518 0.037890 
 -0.190219 0.680205 0.036382 
 -0.205116 0.685892 0.034875 
 -0.218206 0.693981 0.056237 
 -0.232259 0.700892 0.066157 
 -0.248079 0.705385 0.053214 
 -0.263015 0.711086 0.051703 
 0.368233 0.434761 -0.021857 
 0.353533 0.440373 -0.023344 
 0.338832 0.445984 -0.024831 
 0.324132 0.451596 -0.026319 
 0.307809 0.456304 -0.039311 
 0.293128 0.461908 -0.040796 
 0.278447 0.467512 -0.042282 
 0.265331 0.474043 -0.032268 
 0.253720 0.481523 -0.010761 
 0.238980 0.487149 -0.012252 
 0.224241 0.492776 -0.013743 
 0.209501 0.498403 -0.015234 
 0.194762 0.504029 -0.016726 
 0.177129 0.507713 -0.041192 
 0.162429 0.513325 -0.042679 
 0.147729 0.518936 -0.044167 
 0.135803 0.526536 -0.022691 
 0.121064 0.532163 -0.024182 
 0.109020 0.539808 -0.002719 
 0.095570 0.546466 0.007261 
 0.083389 0.554164 0.028710 
 0.068551 0.559828 0.027209 
 0.053713 0.565492 0.025708 
 0.036376 0.569063 0.001272 
 0.021577 0.574712 -0.000226 
 0.005568 0.579300 -0.013186 
 -0.009211 0.584942 -0.014682 
 -0.023990 0.590583 -0.016177 
 -0.037617 0.597309 -0.006215 
 -0.050152 0.605141 0.015199 
 -0.064990 0.610806 0.013698 
 -0.079828 0.616470 0.012197 
 -0.093592 0.623248 0.022145 
 -0.106343 0.631163 0.043536 
 -0.121240 0.636850 0.042029 
 -0.136137 0.642537 0.040522 
 -0.151034 0.648223 0.039015 
 -0.165931 0.653910 0.037507 
 -0.180827 0.659597 0.036000 
 -0.195724 0.665284 0.034493 
 -0.210621 0.670970 0.032986 
 -0.223726 0.679020 0.054342 
 -0.238662 0.684722 0.052831 
 -0.253598 0.690424 0.051320 
 -0.268534 0.696125 0.049809 
 0.362801 0.420036 -0.023721 
 0.348100 0.425648 -0.025209 
 0.333400 0.431260 -0.026696 
 0.318700 0.436871 -0.028183 
 0.302384 0.441599 -0.041173 
 0.287703 0.447203 -0.042658 
 0.273022 0.452807 -0.044144 
 0.259899 0.459318 -0.034133 
 0.248273 0.466759 -0.012630 
 0.233533 0.472385 -0.014121 
 0.221790 0.479871 0.007368 
 0.207011 0.485513 0.005873 
 0.192232 0.491154 0.004378 
 0.171697 0.492988 -0.043057 
 0.156997 0.498600 -0.044544 
 0.145096 0.506146 -0.023069 
 0.130356 0.511772 -0.024561 
 0.118338 0.519363 -0.003099 
 0.103559 0.525004 -0.004594 
 0.092743 0.533637 0.028330 
 0.077906 0.539301 0.026828 
 0.063068 0.544965 0.025327 
 0.048230 0.550630 0.023826 
 0.030907 0.554240 -0.000605 
 0.016108 0.559889 -0.002103 
 0.001310 0.565538 -0.003600 
 -0.014672 0.570138 -0.016556 
 -0.029451 0.575780 -0.018051 
 -0.043086 0.582486 -0.008092 
 -0.055635 0.590279 0.013317 
 -0.070473 0.595943 0.011816 
 -0.084225 0.602694 0.021764 
 -0.096952 0.610555 0.043154 
 -0.111848 0.616242 0.041647 
 -0.126745 0.621928 0.040140 
 -0.143655 0.625381 0.015751 
 -0.156539 0.633302 0.037125 
 -0.171436 0.638989 0.035618 
 -0.186332 0.644675 0.034111 
 -0.201229 0.650362 0.032604 
 -0.214309 0.658358 0.053959 
 -0.229245 0.664059 0.052448 
 -0.243312 0.670930 0.062363 
 -0.258268 0.676640 0.060850 
 -0.274054 0.681165 0.047914 
 0.375483 0.401354 -0.001078 
 0.357368 0.405312 -0.025586 
 0.342668 0.410923 -0.027073 
 0.327968 0.416535 -0.028560 
 0.311639 0.421290 -0.041550 
 0.296958 0.426894 -0.043035 
 0.282278 0.432498 -0.044520 
 0.267597 0.438102 -0.046006 
 0.254466 0.444594 -0.035997 
 0.242826 0.451995 -0.014500 
 0.231108 0.459426 0.006989 
 0.216329 0.465068 0.005494 
 0.201550 0.470709 0.003999 
 0.186771 0.476351 0.002503 
 0.169128 0.480128 -0.021956 
 0.154389 0.485755 -0.023447 
 0.139649 0.491381 -0.024939 
 0.124909 0.497008 -0.026430 
 0.112876 0.504559 -0.004973 
 0.099431 0.511171 0.005004 
 0.087260 0.518774 0.026448 
 0.072422 0.524439 0.024946 
 0.057585 0.530103 0.023445 
 0.042747 0.535767 0.021944 
 0.027909 0.541431 0.020443 
 0.010640 0.545066 -0.003980 
 -0.004159 0.550715 -0.005477 
 -0.020134 0.555335 -0.018431 
 -0.033756 0.562014 -0.008472 
 -0.046280 0.569752 0.012936 
 -0.061118 0.575417 0.011435 
 -0.075956 0.581081 0.009934 
 -0.089716 0.587812 0.019879 
 -0.102456 0.595633 0.041265 
 -0.117353 0.601320 0.039757 
 -0.132250 0.607007 0.038250 
 -0.147147 0.612694 0.036743 
 -0.162044 0.618380 0.035236 
 -0.176941 0.624067 0.033729 
 -0.191837 0.629754 0.032221 
 -0.206734 0.635440 0.030714 
 -0.219829 0.643397 0.052064 
 -0.234765 0.649098 0.050553 
 -0.247115 0.658250 0.083316 
 -0.262110 0.663974 0.081798 
 0.370036 0.386590 -0.002947 
 0.351936 0.390587 -0.027450 
 0.337236 0.396199 -0.028938 
 0.322535 0.401811 -0.030425 
 0.306214 0.406585 -0.043412 
 0.291533 0.412189 -0.044897 
 0.278435 0.418646 -0.034887 
 0.263734 0.424257 -0.036374 
 0.252119 0.431604 -0.014878 
 0.240425 0.438981 0.006610 
 0.225646 0.444622 0.005115 
 0.210867 0.450264 0.003619 
 0.196088 0.455906 0.002124 
 0.181309 0.461548 0.000629 
 0.163681 0.465364 -0.023826 
 0.148942 0.470991 -0.025317 
 0.134202 0.476618 -0.026808 
 0.119463 0.482244 -0.028300 
 0.107415 0.489756 -0.006848 
 0.093962 0.496348 0.003127 
 0.081777 0.503912 0.024566 
 0.066939 0.509576 0.023064 
 0.052101 0.515240 0.021563 
 0.037263 0.520905 0.020062 
 0.022426 0.526569 0.018561 
 0.007588 0.532233 0.017059 
 -0.009627 0.535892 -0.007354 
 -0.024426 0.541541 -0.008851 
 -0.039225 0.547191 -0.010349 
 -0.051764 0.554890 0.011054 
 -0.066602 0.560554 0.009553 
 -0.081439 0.566218 0.008052 
 -0.093065 0.575025 0.040882 
 -0.107961 0.580712 0.039375 
 -0.122858 0.586399 0.037868 
 -0.137755 0.592085 0.036361 
 -0.154636 0.595617 0.011982 
 -0.167549 0.603459 0.033346 
 -0.182445 0.609146 0.031839 
 -0.197342 0.614832 0.030332 
 -0.212239 0.620519 0.028825 
 -0.225348 0.628436 0.050170 
 -0.240284 0.634138 0.048659 
 -0.252656 0.643230 0.081414 
 -0.267651 0.648954 0.079896 
 0.375904 0.364639 -0.026340 
 0.361204 0.370251 -0.027827 
 0.346504 0.375863 -0.029315 
 0.331803 0.381474 -0.030802 
 0.317103 0.387086 -0.032289 
 0.302403 0.392698 -0.033777 
 0.287703 0.398309 -0.035264 
 0.276151 0.405587 -0.013765 
 0.261412 0.411213 -0.015256 
 0.249743 0.418536 0.006231 
 0.234964 0.424177 0.004736 
 0.220185 0.429819 0.003240 
 0.206882 0.436331 0.013228 
 0.190627 0.441102 0.000250 
 0.175848 0.446744 -0.001246 
 0.158234 0.450600 -0.025695 
 0.143495 0.456227 -0.027186 
 0.128755 0.461854 -0.028678 
 0.116733 0.469311 -0.007227 
 0.101954 0.474953 -0.008722 
 0.088494 0.481525 0.001250 
 0.076294 0.489050 0.022684 
 0.061456 0.494714 0.021183 
 0.046618 0.500378 0.019681 
 0.031780 0.506042 0.018180 
 0.016942 0.511707 0.016679 
 -0.000298 0.515420 -0.007734 
 -0.015096 0.521069 -0.009231 
 -0.029895 0.526718 -0.010728 
 -0.044693 0.532368 -0.012226 
 -0.057247 0.540028 0.009172 
 -0.072085 0.545692 0.007671 
 -0.085839 0.552376 0.017613 
 -0.098570 0.560104 0.038993 
 -0.113466 0.565790 0.037486 
 -0.128363 0.571477 0.035979 
 -0.143260 0.577164 0.034471 
 -0.160127 0.580735 0.010097 
 -0.174984 0.586407 0.008594 
 -0.187950 0.594224 0.029950 
 -0.202847 0.599911 0.028442 
 -0.217744 0.605597 0.026935 
 -0.232641 0.611284 0.025428 
 -0.245804 0.619177 0.046764 
 -0.258198 0.628210 0.079512 
 -0.273193 0.633934 0.077994 
 -0.288188 0.639658 0.076477 
 0.368767 0.349154 -0.039709 
 0.355772 0.355526 -0.029692 
 0.339406 0.360362 -0.042680 
 0.326371 0.366750 -0.032667 
 0.311671 0.372361 -0.034154 
 0.296971 0.377973 -0.035641 
 0.285444 0.385196 -0.014143 
 0.273839 0.392449 0.007347 
 0.259060 0.398090 0.005852 
 0.244281 0.403732 0.004356 
 0.229502 0.409374 0.002861 
 0.214723 0.415016 0.001366 
 0.201413 0.421508 0.011351 
 0.185166 0.426299 -0.001625 
 0.170387 0.431941 -0.003120 
 0.152788 0.435836 -0.027565 
 0.138048 0.441463 -0.029056 
 0.123309 0.447089 -0.030547 
 0.111271 0.454507 -0.009101 
 0.096492 0.460149 -0.010597 
 0.083025 0.466702 -0.000627 
 0.070811 0.474187 0.020802 
 0.055973 0.479851 0.019301 
 0.041135 0.485516 0.017799 
 0.026297 0.491180 0.016298 
 0.011459 0.496844 0.014797 
 -0.003379 0.502508 0.013296 
 -0.020565 0.506246 -0.011108 
 -0.035363 0.511895 -0.012605 
 -0.047892 0.519501 0.008792 
 -0.062730 0.525165 0.007290 
 -0.076472 0.531822 0.017232 
 -0.091330 0.537494 0.015729 
 -0.104075 0.545182 0.037103 
 -0.118971 0.550869 0.035596 
 -0.133868 0.556556 0.034089 
 -0.150760 0.560181 0.009716 
 -0.165617 0.565853 0.008213 
 -0.180475 0.571524 0.006709 
 -0.195332 0.577196 0.005206 
 -0.208352 0.584989 0.026553 
 -0.223249 0.590676 0.025046 
 -0.236387 0.598514 0.046381 
 -0.251323 0.604216 0.044870 
 -0.263739 0.613190 0.077610 
 -0.278734 0.618914 0.076093 
 -0.293729 0.624638 0.074575 
 0.379740 0.329578 -0.028582 
 0.365040 0.335190 -0.030069 
 0.350339 0.340801 -0.031556 
 0.335639 0.346413 -0.033044 
 0.320939 0.352025 -0.034531 
 0.306238 0.357637 -0.036018 
 0.291538 0.363248 -0.037506 
 0.279997 0.370432 -0.016012 
 0.268378 0.377645 0.005472 
 0.253599 0.383287 0.003977 
 0.240340 0.389737 0.013966 
 0.224041 0.394571 0.000987 
 0.209262 0.400212 -0.000509 
 0.195945 0.406685 0.009474 
 0.179704 0.411496 -0.003499 
 0.164925 0.417137 -0.004995 
 0.147341 0.421072 -0.029434 
 0.132601 0.426699 -0.030926 
 0.117862 0.432325 -0.032417 
 0.105810 0.439704 -0.010976 
 0.091031 0.445346 -0.012471 
 0.077556 0.451879 -0.002504 
 0.065328 0.459325 0.018920 
 0.050490 0.464989 0.017419 
 0.035652 0.470653 0.015917 
 0.020814 0.476317 0.014416 
 0.005976 0.481982 0.012915 
 -0.008862 0.487646 0.011414 
 -0.026033 0.491423 -0.012985 
 -0.038537 0.498974 0.008411 
 -0.053375 0.504638 0.006910 
 -0.068213 0.510303 0.005409 
 -0.081963 0.516940 0.015348 
 -0.096820 0.522612 0.013844 
 -0.109580 0.530261 0.035214 
 -0.124476 0.535947 0.033707 
 -0.139373 0.541634 0.032200 
 -0.154270 0.547321 0.030692 
 -0.171108 0.550971 0.006328 
 -0.185965 0.556642 0.004825 
 -0.200823 0.562314 0.003322 
 -0.213857 0.570068 0.024663 
 -0.228754 0.575754 0.023156 
 -0.241907 0.583553 0.044487 
 -0.256843 0.589255 0.042975 
 -0.269280 0.598170 0.075708 
 -0.282649 0.606051 0.097016 
 -0.297683 0.611790 0.095495 
 0.372598 0.314140 -0.041948 
 0.357917 0.319744 -0.043433 
 0.344907 0.326077 -0.033421 
 0.330207 0.331689 -0.034908 
 0.315506 0.337300 -0.036396 
 0.300806 0.342912 -0.037883 
 0.286106 0.348524 -0.039370 
 0.274550 0.355668 -0.017882 
 0.259811 0.361295 -0.019373 
 0.248137 0.368484 0.002103 
 0.234872 0.374914 0.012089 
 0.218579 0.379767 -0.000888 
 0.203801 0.385409 -0.002383 
 0.189022 0.391051 -0.003878 
 0.174243 0.396692 -0.005374 
 0.159464 0.402334 -0.006869 
 0.141894 0.406308 -0.031304 
 0.127154 0.411935 -0.032795 
 0.112415 0.417561 -0.034286 
 0.097675 0.423188 -0.035778 
 0.085569 0.430543 -0.014346 
 0.072088 0.437056 -0.004381 
 0.057289 0.442705 -0.005878 
 0.045006 0.450127 0.015537 
 0.030169 0.455791 0.014035 
 0.015331 0.461455 0.012534 
 0.000493 0.467119 0.011033 
 -0.014345 0.472783 0.009532 
 -0.029183 0.478448 0.008030 
 -0.044021 0.484112 0.006529 
 -0.058858 0.489776 0.005028 
 -0.072596 0.496387 0.014966 
 -0.087453 0.502058 0.013463 
 -0.102311 0.507730 0.011960 
 -0.115084 0.515339 0.033325 
 -0.129981 0.521026 0.031817 
 -0.144878 0.526713 0.030310 
 -0.159775 0.532400 0.028803 
 -0.174672 0.538086 0.027296 
 -0.189569 0.543773 0.025788 
 -0.204465 0.549460 0.024281 
 -0.219362 0.555146 0.022774 
 -0.234259 0.560833 0.021267 
 -0.247426 0.568592 0.042592 
 -0.261517 0.575338 0.052495 
 -0.274821 0.583150 0.073806 
 -0.288205 0.590992 0.095110 
 -0.304812 0.594598 0.070772 
 -0.319807 0.600323 0.069254 
 0.383575 0.294517 -0.030824 
 0.368875 0.300129 -0.032311 
 0.354175 0.305741 -0.033798 
 0.339475 0.311352 -0.035286 
 0.324774 0.316964 -0.036773 
 0.310074 0.322576 -0.038260 
 0.295374 0.328187 -0.039748 
 0.283843 0.335277 -0.018260 
 0.272234 0.342397 0.003219 
 0.257455 0.348039 0.001723 
 0.244202 0.354442 0.011709 
 0.229403 0.360091 0.010212 
 0.214605 0.365740 0.008715 
 0.198339 0.370606 -0.004258 
 0.183560 0.376247 -0.005753 
 0.168781 0.381889 -0.007248 
 0.154002 0.387531 -0.008744 
 0.136447 0.391544 -0.033173 
 0.121707 0.397171 -0.034665 
 0.106968 0.402798 -0.036156 
 0.094887 0.410097 -0.014725 
 0.080108 0.415739 -0.016220 
 0.066619 0.422232 -0.006258 
 0.054361 0.429600 0.015156 
 0.039523 0.435264 0.013655 
 0.024685 0.440928 0.012153 
 0.009848 0.446592 0.010652 
 -0.004990 0.452257 0.009151 
 -0.019828 0.457921 0.007650 
 -0.034666 0.463585 0.006148 
 -0.049504 0.469249 0.004647 
 -0.063228 0.475833 0.014585 
 -0.078086 0.481504 0.013082 
 -0.092943 0.487176 0.011579 
 -0.107801 0.492848 0.010075 
 -0.120589 0.500418 0.031435 
 -0.135486 0.506105 0.029928 
 -0.150383 0.511791 0.028421 
 -0.165280 0.517478 0.026913 
 -0.180177 0.523165 0.025406 
 -0.195073 0.528852 0.023899 
 -0.209970 0.534538 0.022392 
 -0.224867 0.540225 0.020885 
 -0.238009 0.547930 0.042209 
 -0.252946 0.553632 0.040698 
 -0.267882 0.559333 0.039187 
 -0.281999 0.566067 0.049085 
 -0.296955 0.571776 0.047572 
 -0.310353 0.579578 0.068870 
 -0.326867 0.583194 0.044545 
 -0.341823 0.588904 0.043032 
 0.376428 0.279126 -0.044187 
 0.363443 0.285404 -0.034175 
 0.348743 0.291016 -0.035663 
 0.334042 0.296628 -0.037150 
 0.319342 0.302239 -0.038637 
 0.304642 0.307851 -0.040125 
 0.293136 0.314886 -0.018638 
 0.278396 0.320513 -0.020130 
 0.266772 0.327594 0.001344 
 0.251993 0.333235 -0.000151 
 0.238733 0.339619 0.009832 
 0.223935 0.345268 0.008335 
 0.207657 0.350161 -0.004637 
 0.192878 0.355802 -0.006132 
 0.178099 0.361444 -0.007628 
 0.163320 0.367086 -0.009123 
 0.148541 0.372727 -0.010618 
 0.131000 0.376780 -0.035043 
 0.116261 0.382407 -0.036534 
 0.101521 0.388033 -0.038025 
 0.089426 0.395294 -0.016599 
 0.074647 0.400936 -0.018095 
 0.059868 0.406578 -0.019590 
 0.046352 0.413059 -0.009632 
 0.034040 0.420402 0.011773 
 0.019202 0.426066 0.010271 
 0.004364 0.431730 0.008770 
 -0.010473 0.437394 0.007269 
 -0.025311 0.443058 0.005768 
 -0.040149 0.448723 0.004266 
 -0.053861 0.455279 0.014204 
 -0.068719 0.460951 0.012701 
 -0.083576 0.466622 0.011198 
 -0.096301 0.474123 0.032560 
 -0.111198 0.479810 0.031053 
 -0.126094 0.485496 0.029546 
 -0.140991 0.491183 0.028038 
 -0.155888 0.496870 0.026531 
 -0.170785 0.502557 0.025024 
 -0.185682 0.508243 0.023517 
 -0.200578 0.513930 0.022010 
 -0.215475 0.519617 0.020502 
 -0.228593 0.527267 0.041826 
 -0.243529 0.532969 0.040315 
 -0.258465 0.538671 0.038803 
 -0.273401 0.544373 0.037292 
 -0.288337 0.550074 0.035781 
 -0.300899 0.558834 0.068485 
 -0.315894 0.564559 0.066968 
 -0.332393 0.568214 0.042648 
 -0.347349 0.573923 0.041135 
 0.371003 0.264421 -0.046049 
 0.358010 0.270680 -0.036040 
 0.343310 0.276291 -0.037527 
 0.328610 0.281903 -0.039015 
 0.312280 0.286837 -0.051990 
 0.299209 0.293126 -0.041989 
 0.284509 0.298738 -0.043477 
 0.272949 0.305749 -0.021999 
 0.258210 0.311376 -0.023490 
 0.246532 0.318432 -0.002026 
 0.233264 0.324796 0.007955 
 0.218466 0.330445 0.006458 
 0.202195 0.335357 -0.006511 
 0.187416 0.340999 -0.008007 
 0.174070 0.347393 0.001966 
 0.159272 0.353042 0.000469 
 0.144473 0.358691 -0.001028 
 0.125553 0.362016 -0.036912 
 0.110814 0.367643 -0.038404 
 0.098743 0.374849 -0.016978 
 0.083964 0.380491 -0.018474 
 0.069185 0.386132 -0.019969 
 0.055682 0.392586 -0.010012 
 0.043395 0.399875 0.011392 
 0.028557 0.405539 0.009891 
 0.014936 0.412038 0.019836 
 -0.001119 0.416868 0.006888 
 -0.015957 0.422532 0.005387 
 -0.029637 0.429053 0.015326 
 -0.044494 0.434725 0.013823 
 -0.059352 0.440397 0.012320 
 -0.074209 0.446069 0.010816 
 -0.086909 0.453515 0.032178 
 -0.101806 0.459201 0.030671 
 -0.116703 0.464888 0.029163 
 -0.131599 0.470575 0.027656 
 -0.146496 0.476262 0.026149 
 -0.161393 0.481948 0.024642 
 -0.176290 0.487635 0.023135 
 -0.191187 0.493322 0.021627 
 -0.206083 0.499008 0.020120 
 -0.220980 0.504695 0.018613 
 -0.234112 0.512306 0.039931 
 -0.249048 0.518008 0.038420 
 -0.263985 0.523710 0.036909 
 -0.278921 0.529412 0.035398 
 -0.293053 0.536106 0.045291 
 -0.306440 0.543814 0.066583 
 -0.321435 0.549539 0.065066 
 0.381979 0.244732 -0.034930 
 0.367278 0.250343 -0.036417 
 0.352578 0.255955 -0.037904 
 0.337878 0.261567 -0.039392 
 0.323178 0.267178 -0.040879 
 0.306855 0.272132 -0.053852 
 0.293777 0.278402 -0.043854 
 0.279077 0.284013 -0.045341 
 0.267502 0.290985 -0.023869 
 0.252763 0.296612 -0.025360 
 0.241071 0.303629 -0.003900 
 0.226292 0.309270 -0.005395 
 0.212997 0.315622 0.004581 
 0.196734 0.320554 -0.008386 
 0.183400 0.326920 0.001586 
 0.168602 0.332570 0.000089 
 0.152397 0.337479 -0.012872 
 0.137618 0.343121 -0.014367 
 0.120106 0.347252 -0.038782 
 0.105367 0.352879 -0.040273 
 0.093282 0.360046 -0.018853 
 0.078503 0.365687 -0.020348 
 0.065012 0.372114 -0.010392 
 0.052749 0.379348 0.011011 
 0.037912 0.385012 0.009510 
 0.023074 0.390677 0.008009 
 0.009445 0.397156 0.017951 
 -0.006602 0.402005 0.005006 
 -0.021440 0.407669 0.003505 
 -0.035127 0.414171 0.013442 
 -0.049985 0.419843 0.011938 
 -0.064842 0.425515 0.010435 
 -0.079700 0.431186 0.008932 
 -0.092414 0.438593 0.030288 
 -0.107311 0.444280 0.028781 
 -0.122208 0.449967 0.027274 
 -0.137104 0.455653 0.025767 
 -0.152001 0.461340 0.024260 
 -0.166898 0.467027 0.022752 
 -0.181795 0.472714 0.021245 
 -0.196692 0.478400 0.019738 
 -0.211588 0.484087 0.018231 
 -0.226485 0.489774 0.016723 
 -0.239632 0.497346 0.038037 
 -0.254568 0.503047 0.036526 
 -0.269504 0.508749 0.035014 
 -0.284440 0.514451 0.033503 
 -0.298580 0.521125 0.043394 
 -0.311982 0.528795 0.064681 
 -0.326977 0.534519 0.063164 
 0.374833 0.229407 -0.048287 
 0.361846 0.235619 -0.038282 
 0.347146 0.241230 -0.039769 
 0.332446 0.246842 -0.041256 
 0.317745 0.252454 -0.042744 
 0.303045 0.258065 -0.044231 
 0.288345 0.263677 -0.045718 
 0.273644 0.269289 -0.047206 
 0.262055 0.276221 -0.025738 
 0.250388 0.283184 -0.004279 
 0.232576 0.287474 -0.028721 
 0.220830 0.294467 -0.007270 
 0.207529 0.300799 0.002704 
 0.191272 0.305750 -0.010260 
 0.177932 0.312097 -0.000290 
 0.161715 0.317034 -0.013251 
 0.146936 0.322675 -0.014746 
 0.132157 0.328317 -0.016242 
 0.117378 0.333959 -0.017737 
 0.102599 0.339600 -0.019232 
 0.087820 0.345242 -0.020727 
 0.074342 0.351642 -0.010771 
 0.059543 0.357291 -0.012269 
 0.047266 0.364486 0.009129 
 0.033670 0.370931 0.019073 
 0.018812 0.376602 0.017570 
 0.003955 0.382274 0.016067 
 -0.010903 0.387946 0.014564 
 -0.025760 0.393617 0.013060 
 -0.040618 0.399289 0.011557 
 -0.055475 0.404961 0.010054 
 -0.070333 0.410633 0.008551 
 -0.083022 0.417985 0.029906 
 -0.097919 0.423672 0.028399 
 -0.112816 0.429359 0.026892 
 -0.127712 0.435045 0.025385 
 -0.142609 0.440732 0.023877 
 -0.157506 0.446419 0.022370 
 -0.172403 0.452105 0.020863 
 -0.187300 0.457792 0.019356 
 -0.202197 0.463479 0.017848 
 -0.217093 0.469165 0.016341 
 -0.230215 0.476683 0.037654 
 -0.245151 0.482385 0.036142 
 -0.260087 0.488086 0.034631 
 -0.275024 0.493788 0.033120 
 -0.289960 0.499490 0.031609 
 -0.304107 0.506145 0.041497 
 -0.319062 0.511854 0.039984 
 -0.334018 0.517563 0.038471 
 0.369408 0.214702 -0.050149 
 0.354728 0.220306 -0.051635 
 0.340047 0.225910 -0.053120 
 0.327013 0.232117 -0.043121 
 0.310686 0.237118 -0.056091 
 0.296005 0.242723 -0.057576 
 0.282912 0.248952 -0.047583 
 0.268212 0.254564 -0.049070 
 0.256609 0.261457 -0.027608 
 0.244927 0.268380 -0.006154 
 0.230148 0.274022 -0.007649 
 0.215369 0.279664 -0.009144 
 0.202060 0.285976 0.000827 
 0.185811 0.290947 -0.012135 
 0.171032 0.296589 -0.013630 
 0.156253 0.302230 -0.015125 
 0.141475 0.307872 -0.016621 
 0.126696 0.313514 -0.018116 
 0.111917 0.319156 -0.019611 
 0.097138 0.324797 -0.021107 
 0.082359 0.330439 -0.022602 
 0.068873 0.336819 -0.012648 
 0.056621 0.343959 0.008748 
 0.041783 0.349624 0.007247 
 0.028179 0.356048 0.017189 
 0.012107 0.360952 0.004245 
 -0.001536 0.367392 0.014182 
 -0.016393 0.373064 0.012679 
 -0.031251 0.378735 0.011176 
 -0.046108 0.384407 0.009673 
 -0.060966 0.390079 0.008169 
 -0.075823 0.395750 0.006666 
 -0.088527 0.403063 0.028017 
 -0.103424 0.408750 0.026509 
 -0.118321 0.414437 0.025002 
 -0.133217 0.420124 0.023495 
 -0.148114 0.425810 0.021988 
 -0.163011 0.431497 0.020481 
 -0.177908 0.437184 0.018973 
 -0.192805 0.442870 0.017466 
 -0.207702 0.448557 0.015959 
 -0.222598 0.454244 0.014452 
 -0.235735 0.461722 0.035759 
 -0.250671 0.467424 0.034248 
 -0.264766 0.474036 0.044140 
 -0.280543 0.478827 0.031226 
 -0.295479 0.484529 0.029714 
 -0.309633 0.491164 0.039600 
 -0.324589 0.496873 0.038087 
 -0.339545 0.502582 0.036574 
 0.380382 0.194946 -0.039036 
 0.363983 0.199997 -0.052011 
 0.349303 0.205601 -0.053497 
 0.334622 0.211205 -0.054982 
 0.321581 0.217393 -0.044985 
 0.305261 0.222413 -0.057953 
 0.290580 0.228018 -0.059438 
 0.277480 0.234228 -0.049447 
 0.262780 0.239839 -0.050935 
 0.251162 0.246693 -0.029477 
 0.239465 0.253577 -0.008028 
 0.224687 0.259218 -0.009524 
 0.209908 0.264860 -0.011019 
 0.196591 0.271153 -0.001050 
 0.180350 0.276144 -0.014009 
 0.166994 0.282451 -0.004044 
 0.150792 0.287427 -0.017000 
 0.136013 0.293069 -0.018495 
 0.122599 0.299399 -0.008536 
 0.106455 0.304352 -0.021486 
 0.091676 0.309994 -0.022981 
 0.078203 0.316347 -0.013028 
 0.063404 0.321996 -0.014525 
 0.051138 0.329097 0.006866 
 0.036300 0.334761 0.005365 
 0.022689 0.341166 0.015304 
 0.007831 0.346838 0.013801 
 -0.007026 0.352510 0.012298 
 -0.021884 0.358181 0.010795 
 -0.036741 0.363853 0.009291 
 -0.051599 0.369525 0.007788 
 -0.066456 0.375196 0.006285 
 -0.081314 0.380868 0.004782 
 -0.094032 0.388142 0.026127 
 -0.108929 0.393829 0.024620 
 -0.123826 0.399516 0.023113 
 -0.138722 0.405202 0.021606 
 -0.153619 0.410889 0.020098 
 -0.168516 0.416576 0.018591 
 -0.183413 0.422262 0.017084 
 -0.198310 0.427949 0.015577 
 -0.213206 0.433636 0.014070 
 -0.228103 0.439323 0.012562 
 -0.241254 0.446761 0.033865 
 -0.256190 0.452463 0.032354 
 -0.270293 0.459056 0.042243 
 -0.286062 0.463867 0.029331 
 -0.300999 0.469568 0.027820 
 -0.315160 0.476183 0.037703 
 -0.330116 0.481893 0.036190 
 0.374950 0.180221 -0.040901 
 0.358558 0.185292 -0.053873 
 0.343878 0.190896 -0.055359 
 0.329197 0.196500 -0.056844 
 0.314516 0.202104 -0.058330 
 0.299836 0.207709 -0.059815 
 0.285155 0.213313 -0.061300 
 0.270474 0.218917 -0.062786 
 0.257347 0.225115 -0.052799 
 0.242647 0.230727 -0.054287 
 0.234004 0.238773 -0.009903 
 0.219225 0.244415 -0.011398 
 0.204446 0.250057 -0.012893 
 0.189667 0.255699 -0.014389 
 0.176324 0.261979 -0.004424 
 0.161526 0.267628 -0.005921 
 0.146727 0.273277 -0.007419 
 0.131928 0.278927 -0.008916 
 0.117130 0.284576 -0.010413 
 0.100994 0.289549 -0.023360 
 0.086215 0.295190 -0.024856 
 0.072734 0.301523 -0.014905 
 0.057936 0.307173 -0.016402 
 0.043137 0.312822 -0.017900 
 0.030817 0.319899 0.003483 
 0.015979 0.325563 0.001982 
 0.002341 0.331956 0.011917 
 -0.013697 0.336891 -0.001020 
 -0.027374 0.343299 0.008910 
 -0.042231 0.348971 0.007407 
 -0.057089 0.354643 0.005904 
 -0.071947 0.360315 0.004400 
 -0.086804 0.365986 0.002897 
 -0.099537 0.373221 0.024238 
 -0.114434 0.378907 0.022731 
 -0.129331 0.384594 0.021223 
 -0.144227 0.390281 0.019716 
 -0.159124 0.395968 0.018209 
 -0.174021 0.401654 0.016702 
 -0.188918 0.407341 0.015195 
 -0.203815 0.413028 0.013687 
 -0.218711 0.418714 0.012180 
 -0.231838 0.426099 0.033481 
 -0.246774 0.431800 0.031970 
 -0.260864 0.438366 0.041859 
 -0.275820 0.444075 0.040346 
 -0.290775 0.449784 0.038833 
 -0.305731 0.455494 0.037320 
 -0.320687 0.461203 0.035806 
 -0.335643 0.466912 0.034293 
 0.369517 0.165497 -0.042765 
 0.353133 0.170587 -0.055736 
 0.338452 0.176191 -0.057221 
 0.323772 0.181795 -0.058706 
 0.309091 0.187399 -0.060192 
 0.296016 0.193555 -0.050202 
 0.281316 0.199167 -0.051689 
 0.266615 0.204779 -0.053176 
 0.255008 0.211538 -0.031725 
 0.243321 0.218328 -0.010282 
 0.228542 0.223970 -0.011777 
 0.213764 0.229612 -0.013273 
 0.198985 0.235253 -0.014768 
 0.185654 0.241507 -0.004804 
 0.170855 0.247156 -0.006301 
 0.156057 0.252805 -0.007798 
 0.141258 0.258454 -0.009296 
 0.126460 0.264104 -0.010793 
 0.111661 0.269753 -0.012290 
 0.096863 0.275402 -0.013788 
 0.082064 0.281051 -0.015285 
 0.069847 0.288044 0.006105 
 0.055009 0.293708 0.004604 
 0.041423 0.300059 0.014542 
 0.026566 0.305730 0.013039 
 0.011708 0.311402 0.011535 
 -0.003149 0.317074 0.010032 
 -0.019180 0.322029 -0.002902 
 -0.032864 0.328417 0.007026 
 -0.047722 0.334089 0.005522 
 -0.062579 0.339761 0.004019 
 -0.077437 0.345432 0.002516 
 -0.092294 0.351104 0.001013 
 -0.105042 0.358299 0.022348 
 -0.119939 0.363986 0.020841 
 -0.134836 0.369673 0.019334 
 -0.149732 0.375359 0.017827 
 -0.164629 0.381046 0.016319 
 -0.179526 0.386733 0.014812 
 -0.194423 0.392419 0.013305 
 -0.209320 0.398106 0.011798 
 -0.224216 0.403793 0.010291 
 -0.237357 0.411138 0.031587 
 -0.252293 0.416840 0.030076 
 -0.266390 0.423386 0.039962 
 -0.281346 0.429095 0.038449 
 -0.296302 0.434804 0.036936 
 -0.309698 0.442247 0.058206 
 -0.324693 0.447971 0.056689 
 -0.339688 0.453695 0.055171 
 0.385649 0.147108 0.002796 
 0.364085 0.150772 -0.044630 
 0.347708 0.155882 -0.057598 
 0.333027 0.161486 -0.059083 
 0.318347 0.167090 -0.060568 
 0.303666 0.172694 -0.062054 
 0.288985 0.178299 -0.063539 
 0.275883 0.184442 -0.053554 
 0.261183 0.190054 -0.055041 
 0.249561 0.196774 -0.033594 
 0.237860 0.203525 -0.012156 
 0.224581 0.209736 -0.002189 
 0.208302 0.214808 -0.015147 
 0.194984 0.221035 -0.005184 
 0.180185 0.226684 -0.006681 
 0.165387 0.232333 -0.008178 
 0.150588 0.237982 -0.009675 
 0.134408 0.243017 -0.022624 
 0.120991 0.249281 -0.012670 
 0.106193 0.254930 -0.014167 
 0.090071 0.259942 -0.027109 
 0.076595 0.266228 -0.017162 
 0.064364 0.273181 0.004223 
 0.049526 0.278845 0.002722 
 0.035933 0.285177 0.012657 
 0.021075 0.290848 0.011154 
 0.006218 0.296520 0.009651 
 -0.008640 0.302192 0.008148 
 -0.023498 0.307863 0.006644 
 -0.038355 0.313535 0.005141 
 -0.053212 0.319207 0.003638 
 -0.068070 0.324879 0.002135 
 -0.080753 0.332004 0.023473 
 -0.095650 0.337691 0.021966 
 -0.110547 0.343378 0.020459 
 -0.123388 0.350563 0.041782 
 -0.140341 0.354751 0.017444 
 -0.155237 0.360438 0.015937 
 -0.170134 0.366125 0.014430 
 -0.185031 0.371811 0.012923 
 -0.199928 0.377498 0.011416 
 -0.213004 0.384774 0.032715 
 -0.227940 0.390475 0.031204 
 -0.242006 0.396987 0.041092 
 -0.255259 0.404330 0.062372 
 -0.270254 0.410054 0.060855 
 -0.285249 0.415778 0.059338 
 -0.300244 0.421502 0.057821 
 -0.315239 0.427227 0.056304 
 -0.330234 0.432951 0.054787 
 -0.345229 0.438675 0.053270 
 0.381896 0.132772 0.012404 
 0.362031 0.136997 -0.023533 
 0.343952 0.141659 -0.047981 
 0.327602 0.146781 -0.060945 
 0.312922 0.152385 -0.062430 
 0.298241 0.157990 -0.063916 
 0.285151 0.164106 -0.053931 
 0.270451 0.169718 -0.055418 
 0.255751 0.175329 -0.056905 
 0.244114 0.182010 -0.035464 
 0.232399 0.188721 -0.014031 
 0.219112 0.194913 -0.004066 
 0.204314 0.200562 -0.005563 
 0.189515 0.206211 -0.007061 
 0.174717 0.211861 -0.008558 
 0.159918 0.217510 -0.010055 
 0.145120 0.223159 -0.011552 
 0.130321 0.228808 -0.013050 
 0.115522 0.234457 -0.014547 
 0.100724 0.240107 -0.016044 
 0.085925 0.245756 -0.017542 
 0.073719 0.252655 0.003842 
 0.060157 0.258951 0.013779 
 0.045300 0.264623 0.012276 
 0.030442 0.270294 0.010773 
 0.015585 0.275966 0.009270 
 0.000727 0.281638 0.007766 
 -0.014130 0.287310 0.006263 
 -0.028988 0.292981 0.004760 
 -0.041568 0.300023 0.026106 
 -0.058703 0.304325 0.001753 
 -0.071361 0.311396 0.023091 
 -0.086258 0.317083 0.021584 
 -0.101155 0.322769 0.020077 
 -0.116052 0.328456 0.018569 
 -0.128907 0.335602 0.039888 
 -0.143843 0.341304 0.038377 
 -0.160742 0.345516 0.014048 
 -0.173715 0.352708 0.035354 
 -0.190536 0.356890 0.011033 
 -0.203588 0.364111 0.032332 
 -0.218524 0.369813 0.030821 
 -0.233460 0.375514 0.029309 
 -0.247532 0.382006 0.039195 
 -0.260800 0.389310 0.060471 
 -0.275795 0.395034 0.058953 
 -0.290790 0.400758 0.057436 
 -0.305785 0.406483 0.055919 
 -0.320780 0.412207 0.054402 
 -0.335775 0.417931 0.052885 
 -0.350771 0.423655 0.051368 
 0.376428 0.117949 0.010527 
 0.356584 0.122233 -0.025403 
 0.338520 0.126934 -0.049846 
 0.322177 0.132076 -0.062807 
 0.307497 0.137680 -0.064292 
 0.292816 0.143285 -0.065778 
 0.279719 0.149381 -0.055795 
 0.265019 0.154993 -0.057283 
 0.250318 0.160605 -0.058770 
 0.238667 0.167246 -0.037333 
 0.226937 0.173918 -0.015905 
 0.213644 0.180090 -0.005943 
 0.198845 0.185739 -0.007440 
 0.184047 0.191388 -0.008938 
 0.169248 0.197038 -0.010435 
 0.154449 0.202687 -0.011932 
 0.139651 0.208336 -0.013429 
 0.124852 0.213985 -0.014927 
 0.110054 0.219634 -0.016424 
 0.095255 0.225284 -0.017921 
 0.083073 0.232128 0.003462 
 0.068236 0.237792 0.001960 
 0.054667 0.244069 0.011895 
 0.039809 0.249741 0.010392 
 0.024952 0.255412 0.008888 
 0.012514 0.262354 0.030245 
 -0.002382 0.268041 0.028738 
 -0.017279 0.273728 0.027230 
 -0.034478 0.278099 0.002875 
 -0.047073 0.285101 0.024216 
 -0.061970 0.290788 0.022709 
 -0.076866 0.296474 0.021202 
 -0.091763 0.302161 0.019694 
 -0.104554 0.309238 0.041016 
 -0.119490 0.314940 0.039504 
 -0.134427 0.320641 0.037993 
 -0.149363 0.326343 0.036482 
 -0.164299 0.332045 0.034971 
 -0.179235 0.337747 0.033460 
 -0.194171 0.343448 0.031948 
 -0.210938 0.347655 0.007637 
 -0.224043 0.354852 0.028926 
 -0.238979 0.360554 0.027415 
 -0.251346 0.368566 0.060086 
 -0.266341 0.374290 0.058569 
 -0.281336 0.380014 0.057052 
 -0.294737 0.387323 0.078311 
 -0.311327 0.391463 0.054017 
 -0.326322 0.397187 0.052500 
 -0.341317 0.402911 0.050983 
 -0.356312 0.408635 0.049466 
 0.370959 0.103126 0.008650 
 0.354486 0.108340 -0.004322 
 0.333088 0.112210 -0.051711 
 0.318387 0.117822 -0.053198 
 0.303687 0.123433 -0.054685 
 0.288987 0.129045 -0.056173 
 0.274287 0.134657 -0.057660 
 0.262699 0.141229 -0.036220 
 0.247960 0.146856 -0.037712 
 0.236255 0.153473 -0.016285 
 0.222974 0.159618 -0.006323 
 0.208175 0.165267 -0.007820 
 0.193376 0.170916 -0.009317 
 0.178578 0.176565 -0.010815 
 0.163779 0.182214 -0.012312 
 0.148981 0.187864 -0.013809 
 0.134182 0.193513 -0.015306 
 0.119384 0.199162 -0.016804 
 0.107266 0.205937 0.004582 
 0.092428 0.211601 0.003081 
 0.077590 0.217265 0.001580 
 0.062752 0.222930 0.000078 
 0.051700 0.230373 0.032877 
 0.036803 0.236059 0.031370 
 0.021906 0.241746 0.029863 
 0.007009 0.247433 0.028355 
 -0.007887 0.253119 0.026848 
 -0.022784 0.258806 0.025341 
 -0.037681 0.264493 0.023834 
 -0.052578 0.270180 0.022327 
 -0.067475 0.275866 0.020819 
 -0.080202 0.282874 0.042144 
 -0.095138 0.288575 0.040632 
 -0.110074 0.294277 0.039121 
 -0.125010 0.299979 0.037610 
 -0.138940 0.306371 0.047506 
 -0.156855 0.309987 0.011776 
 -0.169818 0.317084 0.033076 
 -0.184754 0.322786 0.031565 
 -0.199690 0.328487 0.030054 
 -0.216443 0.332733 0.005747 
 -0.229563 0.339891 0.027032 
 -0.244499 0.345593 0.025520 
 -0.256888 0.353546 0.058184 
 -0.271883 0.359270 0.056667 
 -0.286878 0.364994 0.055150 
 -0.300293 0.372264 0.076404 
 -0.316868 0.376443 0.052115 
 -0.331863 0.382167 0.050598 
 -0.346858 0.387891 0.049081 
 -0.361853 0.393615 0.047564 
 0.378582 0.082253 -0.003206 
 0.363803 0.087894 -0.004702 
 0.349025 0.093536 -0.006197 
 0.330951 0.098331 -0.030633 
 0.312955 0.103097 -0.055062 
 0.301471 0.109585 -0.033616 
 0.283554 0.114320 -0.058037 
 0.271992 0.120838 -0.036599 
 0.257253 0.126465 -0.038090 
 0.245572 0.133028 -0.016664 
 0.230793 0.138670 -0.018159 
 0.217505 0.144795 -0.008200 
 0.202706 0.150444 -0.009697 
 0.187908 0.156093 -0.011194 
 0.173109 0.161742 -0.012692 
 0.158311 0.167391 -0.014189 
 0.143512 0.173041 -0.015686 
 0.128714 0.178690 -0.017183 
 0.113915 0.184339 -0.018681 
 0.101783 0.191075 0.002700 
 0.086945 0.196739 0.001199 
 0.072107 0.202403 -0.000302 
 0.058543 0.208633 0.009629 
 0.046195 0.215451 0.030988 
 0.031298 0.221138 0.029480 
 0.016401 0.226824 0.027973 
 0.001505 0.232511 0.026466 
 -0.011040 0.239404 0.047805 
 -0.028289 0.243885 0.023452 
 -0.043186 0.249571 0.021944 
 -0.055849 0.256510 0.043272 
 -0.072980 0.260945 0.018930 
 -0.085721 0.267913 0.040249 
 -0.100657 0.273615 0.038738 
 -0.115593 0.279316 0.037227 
 -0.130529 0.285018 0.035716 
 -0.145466 0.290720 0.034204 
 -0.160402 0.296422 0.032693 
 -0.175338 0.302123 0.031182 
 -0.190274 0.307825 0.029671 
 -0.205210 0.313527 0.028160 
 -0.220146 0.319228 0.026648 
 -0.235082 0.324930 0.025137 
 -0.250018 0.330632 0.023626 
 -0.264113 0.337064 0.033504 
 -0.277424 0.344250 0.054765 
 -0.292419 0.349974 0.053248 
 -0.305848 0.357205 0.074497 
 -0.320883 0.362944 0.072976 
 -0.335917 0.368683 0.071455 
 -0.350952 0.374423 0.069934 
 -0.367394 0.378595 0.045662 
 0.373121 0.067449 -0.005081 
 0.358342 0.073091 -0.006576 
 0.343563 0.078733 -0.008071 
 0.325504 0.083567 -0.032503 
 0.310764 0.089194 -0.033994 
 0.296024 0.094821 -0.035485 
 0.281285 0.100448 -0.036977 
 0.266545 0.106074 -0.038468 
 0.251806 0.111701 -0.039959 
 0.240111 0.118225 -0.018538 
 0.225332 0.123866 -0.020034 
 0.212036 0.129972 -0.010077 
 0.197238 0.135621 -0.011574 
 0.182439 0.141270 -0.013071 
 0.167641 0.146919 -0.014569 
 0.152842 0.152568 -0.016066 
 0.138043 0.158218 -0.017563 
 0.123245 0.163867 -0.019060 
 0.108446 0.169516 -0.020558 
 0.097625 0.176736 0.012254 
 0.082768 0.182407 0.010751 
 0.066624 0.187541 -0.002184 
 0.053053 0.193751 0.007745 
 0.040690 0.200530 0.029098 
 0.025793 0.206216 0.027591 
 0.010896 0.211903 0.026084 
 -0.004000 0.217590 0.024577 
 -0.018897 0.223277 0.023069 
 -0.031496 0.230145 0.044400 
 -0.046432 0.235847 0.042888 
 -0.061368 0.241549 0.041377 
 -0.076304 0.247250 0.039866 
 -0.091241 0.252952 0.038355 
 -0.106177 0.258654 0.036844 
 -0.120082 0.264992 0.046739 
 -0.136049 0.270057 0.033821 
 -0.149993 0.276410 0.043712 
 -0.165921 0.281461 0.030799 
 -0.180857 0.287162 0.029288 
 -0.195793 0.292864 0.027776 
 -0.210729 0.298566 0.026265 
 -0.225666 0.304268 0.024754 
 -0.240602 0.309969 0.023243 
 -0.255538 0.315671 0.021732 
 -0.269639 0.322084 0.031607 
 -0.282965 0.329230 0.052863 
 -0.297960 0.334954 0.051346 
 -0.311404 0.342146 0.072591 
 -0.327951 0.346403 0.048311 
 -0.341473 0.353624 0.069548 
 -0.356507 0.359363 0.068027 
 0.364275 0.051923 -0.029898 
 0.349536 0.057550 -0.031390 
 0.338102 0.063929 -0.009946 
 0.320057 0.068803 -0.034372 
 0.305317 0.074430 -0.035864 
 0.290577 0.080057 -0.037355 
 0.275838 0.085684 -0.038846 
 0.261098 0.091310 -0.040338 
 0.246359 0.096937 -0.041829 
 0.234650 0.103421 -0.020413 
 0.219871 0.109063 -0.021908 
 0.206568 0.115149 -0.011954 
 0.191769 0.120798 -0.013451 
 0.176971 0.126447 -0.014948 
 0.162172 0.132096 -0.016446 
 0.147373 0.137745 -0.017943 
 0.135330 0.144357 0.003440 
 0.120492 0.150021 0.001939 
 0.106993 0.156182 0.011873 
 0.092135 0.161854 0.010370 
 0.077277 0.167525 0.008867 
 0.062420 0.173197 0.007364 
 0.047563 0.178869 0.005860 
 0.035185 0.185608 0.027209 
 0.020288 0.191295 0.025702 
 0.007793 0.198079 0.047039 
 -0.007143 0.203781 0.045527 
 -0.022079 0.209483 0.044016 
 -0.037015 0.215184 0.042505 
 -0.051952 0.220886 0.040994 
 -0.065785 0.227174 0.050895 
 -0.081824 0.232290 0.037971 
 -0.096760 0.237991 0.036460 
 -0.111696 0.243693 0.034949 
 -0.125608 0.250011 0.044842 
 -0.140564 0.255720 0.043329 
 -0.155520 0.261429 0.041816 
 -0.173370 0.265222 0.006108 
 -0.186377 0.272202 0.027393 
 -0.201313 0.277903 0.025882 
 -0.216249 0.283605 0.024371 
 -0.231185 0.289307 0.022860 
 -0.246121 0.295008 0.021348 
 -0.261057 0.300710 0.019837 
 -0.275166 0.307103 0.029710 
 -0.288507 0.314210 0.050961 
 -0.303502 0.319935 0.049444 
 -0.316960 0.327086 0.070684 
 -0.333492 0.331383 0.046410 
 -0.347029 0.338565 0.067641 
 -0.362063 0.344304 0.066120 
 0.373568 0.031533 -0.030277 
 0.358829 0.037159 -0.031768 
 0.344089 0.042786 -0.033259 
 0.329350 0.048413 -0.034751 
 0.314610 0.054040 -0.036242 
 0.303083 0.060410 -0.014811 
 0.288304 0.066051 -0.016306 
 0.273525 0.071693 -0.017802 
 0.258746 0.077335 -0.019297 
 0.245495 0.083378 -0.009339 
 0.230696 0.089027 -0.010836 
 0.215898 0.094676 -0.012333 
 0.204036 0.101174 0.009064 
 0.189198 0.106838 0.007563 
 0.174360 0.112502 0.006062 
 0.159522 0.118166 0.004560 
 0.144685 0.123830 0.003059 
 0.133958 0.130880 0.035870 
 0.119061 0.136566 0.034363 
 0.101502 0.141300 0.009989 
 0.089267 0.147940 0.031348 
 0.074371 0.153627 0.029841 
 0.056930 0.158315 0.005479 
 0.044577 0.165000 0.026827 
 0.032146 0.171715 0.048167 
 0.017209 0.177417 0.046655 
 0.002273 0.183118 0.045144 
 -0.012663 0.188820 0.043633 
 -0.027599 0.194522 0.042122 
 -0.042535 0.200223 0.040611 
 -0.057471 0.205925 0.039099 
 -0.072407 0.211627 0.037588 
 -0.087343 0.217329 0.036077 
 -0.102280 0.223030 0.034566 
 -0.116180 0.229321 0.044458 
 -0.131135 0.235030 0.042945 
 -0.146091 0.240740 0.041432 
 -0.161047 0.246449 0.039919 
 -0.176960 0.251539 0.027010 
 -0.190958 0.257867 0.036892 
 -0.206832 0.262942 0.023987 
 -0.221768 0.268644 0.022476 
 -0.236705 0.274346 0.020965 
 -0.250781 0.280704 0.030839 
 -0.265737 0.286413 0.029326 
 -0.280693 0.292123 0.027813 
 -0.294048 0.299190 0.049059 
 -0.309043 0.304915 0.047542 
 -0.324038 0.310639 0.046025 
 -0.339033 0.316363 0.044508 
 -0.354028 0.322087 0.042990 
 -0.367619 0.329245 0.064213 
 0.368121 0.016769 -0.032146 
 0.353382 0.022395 -0.033637 
 0.338642 0.028022 -0.035129 
 0.323903 0.033649 -0.036620 
 0.309163 0.039276 -0.038111 
 0.294423 0.044902 -0.039603 
 0.282842 0.051248 -0.018181 
 0.268063 0.056889 -0.019676 
 0.253284 0.062531 -0.021171 
 0.238506 0.068173 -0.022667 
 0.225227 0.074204 -0.012713 
 0.210429 0.079853 -0.014210 
 0.195630 0.085502 -0.015708 
 0.183715 0.091975 0.005681 
 0.168877 0.097640 0.004180 
 0.154039 0.103304 0.002678 
 0.139201 0.108968 0.001177 
 0.124363 0.114632 -0.000324 
 0.113556 0.121645 0.032473 
 0.098659 0.127331 0.030966 
 0.083762 0.133018 0.029459 
 0.068866 0.138705 0.027952 
 0.053969 0.144392 0.026444 
 0.039072 0.150078 0.024937 
 0.024175 0.155765 0.023430 
 0.009278 0.161452 0.021923 
 -0.003246 0.168157 0.043250 
 -0.018182 0.173859 0.041739 
 -0.033118 0.179561 0.040227 
 -0.048054 0.185263 0.038716 
 -0.062991 0.190964 0.037205 
 -0.076839 0.197213 0.047101 
 -0.091795 0.202922 0.045588 
 -0.104653 0.209755 0.066880 
 -0.119648 0.215480 0.065363 
 -0.134643 0.221204 0.063846 
 -0.151618 0.225759 0.039535 
 -0.164633 0.232652 0.060812 
 -0.181529 0.237178 0.036508 
 -0.196485 0.242887 0.034995 
 -0.211441 0.248596 0.033482 
 -0.226397 0.254305 0.031969 
 -0.241352 0.260014 0.030456 
 -0.256308 0.265724 0.028943 
 -0.269599 0.272722 0.050191 
 -0.284594 0.278446 0.048674 
 -0.299589 0.284170 0.047157 
 -0.314584 0.289895 0.045640 
 -0.328072 0.296968 0.066870 
 -0.343106 0.302707 0.065349 
 -0.359569 0.307067 0.041089 
 0.362674 0.002005 -0.034016 
 0.347935 0.007631 -0.035507 
 0.333195 0.013258 -0.036998 
 0.318456 0.018885 -0.038490 
 0.303716 0.024511 -0.039981 
 0.292160 0.030803 -0.018560 
 0.277381 0.036444 -0.020055 
 0.262602 0.042086 -0.021551 
 0.249356 0.048083 -0.011596 
 0.234557 0.053732 -0.013093 
 0.219759 0.059381 -0.014590 
 0.204960 0.065030 -0.016087 
 0.190162 0.070679 -0.017585 
 0.175363 0.076329 -0.019082 
 0.163394 0.082777 0.002298 
 0.148556 0.088441 0.000797 
 0.133718 0.094106 -0.000705 
 0.118880 0.099770 -0.002206 
 0.108051 0.106723 0.030584 
 0.093154 0.112410 0.029077 
 0.078257 0.118097 0.027569 
 0.063361 0.123784 0.026062 
 0.048464 0.129470 0.024555 
 0.033567 0.135157 0.023048 
 0.018670 0.140844 0.021540 
 0.003773 0.146530 0.020033 
 -0.008766 0.153197 0.041355 
 -0.026020 0.157904 0.017019 
 -0.038638 0.164600 0.038333 
 -0.053574 0.170302 0.036822 
 -0.068510 0.176004 0.035311 
 -0.082366 0.182233 0.045204 
 -0.097321 0.187942 0.043691 
 -0.110194 0.194736 0.064978 
 -0.125190 0.200460 0.063461 
 -0.140185 0.206184 0.061944 
 -0.155180 0.211908 0.060427 
 -0.170175 0.217632 0.058910 
 -0.187056 0.222197 0.034612 
 -0.202012 0.227906 0.033098 
 -0.216967 0.233616 0.031585 
 -0.231923 0.239325 0.030072 
 -0.245150 0.246254 0.051324 
 -0.260145 0.251978 0.049807 
 -0.275140 0.257702 0.048290 
 -0.290135 0.263426 0.046772 
 -0.305130 0.269150 0.045255 
 -0.320125 0.274875 0.043738 
 -0.333627 0.281909 0.064963 
 -0.348662 0.287648 0.063442 
 0.371967 -0.018386 -0.034394 
 0.357228 -0.012759 -0.035885 
 0.342488 -0.007133 -0.037376 
 0.327748 -0.001506 -0.038868 
 0.313009 0.004121 -0.040359 
 0.298269 0.009747 -0.041850 
 0.286698 0.015999 -0.020434 
 0.271919 0.021641 -0.021930 
 0.257141 0.027283 -0.023425 
 0.243887 0.033259 -0.013473 
 0.227583 0.038566 -0.026416 
 0.214290 0.044558 -0.016467 
 0.199492 0.050207 -0.017964 
 0.184693 0.055856 -0.019462 
 0.169894 0.061505 -0.020959 
 0.155096 0.067155 -0.022456 
 0.143073 0.073579 -0.001085 
 0.128235 0.079243 -0.002587 
 0.113397 0.084907 -0.004088 
 0.102546 0.091802 0.028694 
 0.087649 0.097489 0.027187 
 0.072752 0.103175 0.025680 
 0.057856 0.108862 0.024173 
 0.042959 0.114549 0.022665 
 0.028062 0.120235 0.021158 
 0.013165 0.125922 0.019651 
 -0.001732 0.131609 0.018144 
 -0.014285 0.138236 0.039461 
 -0.029221 0.143938 0.037950 
 -0.044157 0.149639 0.036439 
 -0.059093 0.155341 0.034927 
 -0.074030 0.161043 0.033416 
 -0.087892 0.167252 0.043307 
 -0.102848 0.172961 0.041794 
 -0.115736 0.179716 0.063076 
 -0.130731 0.185440 0.061559 
 -0.145726 0.191164 0.060042 
 -0.162671 0.195798 0.035741 
 -0.175716 0.202613 0.057008 
 -0.192583 0.207217 0.032715 
 -0.207538 0.212926 0.031201 
 -0.222494 0.218635 0.029688 
 -0.237450 0.224344 0.028175 
 -0.250691 0.231234 0.049422 
 -0.265686 0.236958 0.047905 
 -0.280681 0.242682 0.046388 
 -0.295677 0.248406 0.044870 
 -0.310672 0.254131 0.043353 
 -0.324149 0.261110 0.064577 
 -0.339183 0.266849 0.063056 
 -0.354218 0.272589 0.061535 
 0.366520 -0.033150 -0.036263 
 0.351781 -0.027523 -0.037755 
 0.337041 -0.021897 -0.039246 
 0.322302 -0.016270 -0.040737 
 0.307562 -0.010643 -0.042229 
 0.292822 -0.005017 -0.043720 
 0.278083 0.000610 -0.045211 
 0.263343 0.006237 -0.046703 
 0.251679 0.012479 -0.025300 
 0.238418 0.018436 -0.015350 
 0.222121 0.023763 -0.028290 
 0.208821 0.029735 -0.018344 
 0.194023 0.035384 -0.019841 
 0.179224 0.041033 -0.021339 
 0.167265 0.047388 0.000035 
 0.152428 0.053052 -0.001466 
 0.137590 0.058717 -0.002967 
 0.122752 0.064381 -0.004469 
 0.109255 0.070428 0.005457 
 0.097041 0.076880 0.026805 
 0.082144 0.082567 0.025298 
 0.067247 0.088254 0.023790 
 0.052351 0.093940 0.022283 
 0.037454 0.099627 0.020776 
 0.022557 0.105314 0.019269 
 0.007660 0.111001 0.017761 
 -0.007237 0.116687 0.016254 
 -0.022133 0.122374 0.014747 
 -0.034741 0.128977 0.036055 
 -0.049677 0.134678 0.034544 
 -0.064613 0.140380 0.033033 
 -0.079549 0.146082 0.031522 
 -0.093419 0.152271 0.041410 
 -0.108375 0.157981 0.039897 
 -0.121277 0.164696 0.061174 
 -0.136272 0.170420 0.059657 
 -0.153242 0.175108 0.035357 
 -0.168198 0.180818 0.033844 
 -0.183154 0.186527 0.032331 
 -0.198110 0.192236 0.030818 
 -0.213065 0.197945 0.029304 
 -0.228021 0.203654 0.027791 
 -0.242977 0.209364 0.026278 
 -0.256233 0.216214 0.047520 
 -0.271228 0.221938 0.046003 
 -0.286223 0.227662 0.044486 
 -0.301218 0.233386 0.042969 
 -0.316213 0.239111 0.041451 
 -0.329705 0.246051 0.062670 
 -0.344739 0.251790 0.061149 
 -0.359773 0.257529 0.059628 
 0.361074 -0.047914 -0.038133 
 0.346334 -0.042287 -0.039624 
 0.328297 -0.037147 -0.064029 
 0.316855 -0.031034 -0.042607 
 0.302115 -0.025407 -0.044098 
 0.287376 -0.019780 -0.045589 
 0.272636 -0.014154 -0.047081 
 0.257896 -0.008527 -0.048572 
 0.246218 -0.002324 -0.027174 
 0.232950 0.003613 -0.017227 
 0.216660 0.008959 -0.030165 
 0.203353 0.014912 -0.020221 
 0.188554 0.020561 -0.021718 
 0.173756 0.026210 -0.023216 
 0.161782 0.032526 -0.001847 
 0.146944 0.038190 -0.003348 
 0.132107 0.043854 -0.004849 
 0.118622 0.049874 0.005076 
 0.106433 0.056272 0.026423 
 0.091536 0.061959 0.024915 
 0.079229 0.068402 0.046250 
 0.064293 0.074104 0.044739 
 0.049356 0.079805 0.043228 
 0.031949 0.084706 0.018886 
 0.017052 0.090393 0.017379 
 0.002155 0.096079 0.015872 
 -0.012742 0.101766 0.014365 
 -0.027638 0.107453 0.012858 
 -0.040260 0.114016 0.034161 
 -0.055196 0.119717 0.032650 
 -0.070132 0.125419 0.031138 
 -0.083990 0.131582 0.041026 
 -0.098946 0.137291 0.039513 
 -0.111823 0.143952 0.060790 
 -0.126818 0.149676 0.059273 
 -0.141813 0.155400 0.057755 
 -0.156808 0.161124 0.056238 
 -0.173725 0.165837 0.031947 
 -0.188680 0.171546 0.030434 
 -0.203636 0.177255 0.028921 
 -0.218592 0.182965 0.027408 
 -0.233548 0.188674 0.025894 
 -0.248504 0.194383 0.024381 
 -0.261774 0.201194 0.045618 
 -0.276769 0.206918 0.044101 
 -0.291764 0.212642 0.042584 
 -0.306759 0.218367 0.041067 
 -0.320226 0.225252 0.062284 
 -0.335260 0.230991 0.060763 
 -0.350295 0.236731 0.059242 
 0.373767 -0.067903 -0.015591 
 0.358988 -0.062261 -0.017086 
 0.340887 -0.057051 -0.041494 
 0.326147 -0.051425 -0.042985 
 0.311408 -0.045798 -0.044476 
 0.296668 -0.040171 -0.045968 
 0.281929 -0.034545 -0.047459 
 0.267189 -0.028918 -0.048950 
 0.252449 -0.023291 -0.050442 
 0.240756 -0.017127 -0.029049 
 0.227481 -0.011210 -0.019104 
 0.212683 -0.005561 -0.020601 
 0.197884 0.000089 -0.022098 
 0.183086 0.005738 -0.023595 
 0.168287 0.011387 -0.025093 
 0.156299 0.017663 -0.003729 
 0.141461 0.023328 -0.005230 
 0.126623 0.028992 -0.006731 
 0.113132 0.034992 0.003192 
 0.100928 0.041351 0.024533 
 0.086031 0.047037 0.023026 
 0.073709 0.053441 0.044356 
 0.058773 0.059143 0.042845 
 0.043837 0.064845 0.041334 
 0.026444 0.069784 0.016997 
 0.011547 0.075471 0.015490 
 -0.003350 0.081158 0.013983 
 -0.015908 0.087651 0.035289 
 -0.033143 0.092531 0.010968 
 -0.045780 0.099055 0.032266 
 -0.060716 0.104757 0.030755 
 -0.075652 0.110458 0.029244 
 -0.089517 0.116601 0.039129 
 -0.104473 0.122310 0.037616 
 -0.117365 0.128932 0.058888 
 -0.132359 0.134656 0.057371 
 -0.147355 0.140380 0.055853 
 -0.164296 0.145147 0.031563 
 -0.179251 0.150856 0.030050 
 -0.192340 0.157553 0.051302 
 -0.209163 0.162275 0.027024 
 -0.224119 0.167984 0.025511 
 -0.239075 0.173693 0.023997 
 -0.252320 0.180450 0.045233 
 -0.267315 0.186174 0.043716 
 -0.282310 0.191898 0.042199 
 -0.295713 0.198715 0.063420 
 -0.310748 0.204454 0.061899 
 -0.325782 0.210193 0.060378 
 -0.340816 0.215932 0.058856 
 -0.355851 0.221671 0.057335 
 0.368305 -0.082706 -0.017465 
 0.350180 -0.077442 -0.041872 
 0.335440 -0.071815 -0.043363 
 0.320700 -0.066189 -0.044855 
 0.305961 -0.060562 -0.046346 
 0.291221 -0.054935 -0.047837 
 0.273332 -0.049761 -0.072220 
 0.258632 -0.044149 -0.073708 
 0.247003 -0.038055 -0.052311 
 0.232263 -0.032428 -0.053802 
 0.217523 -0.026802 -0.055294 
 0.202784 -0.021175 -0.056785 
 0.190958 -0.015006 -0.035409 
 0.176179 -0.009364 -0.036904 
 0.161401 -0.003722 -0.038399 
 0.148020 0.002213 -0.028467 
 0.133221 0.007862 -0.029964 
 0.121140 0.014129 -0.008613 
 0.107641 0.020110 0.001307 
 0.092784 0.025781 -0.000196 
 0.080526 0.032116 0.021136 
 0.065629 0.037803 0.019629 
 0.053254 0.044182 0.040950 
 0.038317 0.049884 0.039439 
 0.020939 0.054863 0.015108 
 0.006042 0.060550 0.013600 
 -0.008855 0.066236 0.012093 
 -0.023751 0.071923 0.010586 
 -0.036363 0.078392 0.031883 
 -0.051299 0.084094 0.030372 
 -0.065132 0.090202 0.040259 
 -0.080088 0.095911 0.038746 
 -0.095044 0.101621 0.037232 
 -0.107911 0.108187 0.058503 
 -0.122906 0.113912 0.056986 
 -0.137901 0.119636 0.055469 
 -0.152896 0.125360 0.053952 
 -0.167891 0.131084 0.052434 
 -0.184778 0.135876 0.028153 
 -0.199734 0.141585 0.026640 
 -0.214690 0.147294 0.025127 
 -0.229646 0.153004 0.023614 
 -0.242866 0.159706 0.044849 
 -0.257861 0.165430 0.043331 
 -0.272856 0.171154 0.041814 
 -0.286235 0.177916 0.063034 
 -0.301269 0.183655 0.061513 
 -0.316303 0.189395 0.059992 
 -0.331338 0.195134 0.058471 
 -0.344912 0.201971 0.079670 
 -0.359986 0.207725 0.078145 
 0.388952 -0.109086 -0.039267 
 0.374212 -0.103459 -0.040759 
 0.359473 -0.097833 -0.042250 
 0.344733 -0.092206 -0.043741 
 0.329993 -0.086579 -0.045233 
 0.315254 -0.080953 -0.046724 
 0.300514 -0.075326 -0.048215 
 0.285775 -0.069699 -0.049707 
 0.267899 -0.064486 -0.074085 
 0.253199 -0.058874 -0.075572 
 0.241556 -0.052819 -0.054181 
 0.226816 -0.047192 -0.055672 
 0.212077 -0.041566 -0.057163 
 0.197337 -0.035939 -0.058655 
 0.185497 -0.029809 -0.037283 
 0.170718 -0.024167 -0.038779 
 0.155939 -0.018526 -0.040274 
 0.142551 -0.012610 -0.030344 
 0.130495 -0.006397 -0.008994 
 0.115657 -0.000733 -0.010495 
 0.102151 0.005228 -0.000577 
 0.089918 0.011508 0.020754 
 0.075021 0.017194 0.019247 
 0.062670 0.023519 0.040567 
 0.047734 0.029221 0.039056 
 0.032798 0.034923 0.037545 
 0.017862 0.040625 0.036033 
 0.000537 0.045628 0.011711 
 -0.014360 0.051315 0.010204 
 -0.026946 0.057730 0.031500 
 -0.041883 0.063431 0.029989 
 -0.055703 0.069512 0.039875 
 -0.070659 0.075221 0.038362 
 -0.085615 0.080931 0.036849 
 -0.098457 0.087443 0.058118 
 -0.113452 0.093168 0.056601 
 -0.128447 0.098892 0.055084 
 -0.143442 0.104616 0.053567 
 -0.158437 0.110340 0.052050 
 -0.173432 0.116064 0.050532 
 -0.190305 0.120895 0.026256 
 -0.205261 0.126605 0.024743 
 -0.218417 0.133237 0.045981 
 -0.233412 0.138961 0.044464 
 -0.248408 0.144686 0.042947 
 -0.263403 0.150410 0.041430 
 -0.278398 0.156134 0.039912 
 -0.291790 0.162857 0.061127 
 -0.306825 0.168596 0.059606 
 -0.321859 0.174335 0.058085 
 -0.335409 0.181118 0.079283 
 -0.350483 0.186872 0.077758 
 -0.364853 0.193163 0.087588 
 0.383505 -0.123850 -0.041137 
 0.368765 -0.118223 -0.042628 
 0.354026 -0.112597 -0.044120 
 0.339286 -0.106970 -0.045611 
 0.324546 -0.101343 -0.047102 
 0.309807 -0.095717 -0.048594 
 0.295067 -0.090090 -0.050085 
 0.280328 -0.084463 -0.051576 
 0.265588 -0.078837 -0.053067 
 0.250848 -0.073210 -0.054559 
 0.236109 -0.067583 -0.056050 
 0.221369 -0.061956 -0.057541 
 0.206630 -0.056330 -0.059033 
 0.191890 -0.050703 -0.060524 
 0.177150 -0.045076 -0.062015 
 0.162411 -0.039450 -0.063507 
 0.147671 -0.033823 -0.064998 
 0.135699 -0.027687 -0.043644 
 0.122284 -0.021784 -0.033718 
 0.110174 -0.015596 -0.012377 
 0.096661 -0.009654 -0.002462 
 0.084413 -0.003414 0.018865 
 0.069516 0.002273 0.017358 
 0.057151 0.008559 0.038673 
 0.042215 0.014260 0.037161 
 0.027278 0.019962 0.035650 
 0.009929 0.025020 0.011329 
 -0.004968 0.030707 0.009821 
 -0.017530 0.037067 0.031117 
 -0.031318 0.043113 0.041004 
 -0.046274 0.048823 0.039491 
 -0.061230 0.054532 0.037978 
 -0.074008 0.060975 0.059251 
 -0.089003 0.066699 0.057734 
 -0.103998 0.072423 0.056216 
 -0.118993 0.078148 0.054699 
 -0.133988 0.083872 0.053182 
 -0.148983 0.089596 0.051665 
 -0.163978 0.095320 0.050148 
 -0.180876 0.100206 0.025873 
 -0.195832 0.105915 0.024359 
 -0.210787 0.111624 0.022846 
 -0.223959 0.118217 0.044079 
 -0.238954 0.123941 0.042562 
 -0.253949 0.129666 0.041045 
 -0.267277 0.136319 0.062263 
 -0.282312 0.142058 0.060741 
 -0.297346 0.147798 0.059220 
 -0.310832 0.154511 0.080421 
 -0.325905 0.160265 0.078896 
 -0.340244 0.166521 0.088728 
 -0.355337 0.172283 0.087201 
 -0.370431 0.178045 0.085674 
 0.392798 -0.144241 -0.041515 
 0.378058 -0.138614 -0.043006 
 0.363318 -0.132987 -0.044498 
 0.348579 -0.127361 -0.045989 
 0.333839 -0.121734 -0.047480 
 0.319100 -0.116107 -0.048972 
 0.304360 -0.110481 -0.050463 
 0.289620 -0.104854 -0.051954 
 0.274881 -0.099227 -0.053446 
 0.260141 -0.093600 -0.054937 
 0.242335 -0.088323 -0.079301 
 0.230662 -0.082347 -0.057920 
 0.215922 -0.076720 -0.059411 
 0.201183 -0.071094 -0.060902 
 0.183533 -0.065877 -0.085251 
 0.168833 -0.060265 -0.086738 
 0.154133 -0.054653 -0.088225 
 0.142224 -0.048587 -0.066867 
 0.130238 -0.042491 -0.045518 
 0.116815 -0.036607 -0.035595 
 0.104691 -0.030458 -0.014259 
 0.091170 -0.024537 -0.004346 
 0.078908 -0.018335 0.016975 
 0.064011 -0.012648 0.015468 
 0.051631 -0.006402 0.036778 
 0.036695 -0.000701 0.035267 
 0.021759 0.005001 0.033756 
 0.004424 0.010098 0.009439 
 -0.010473 0.015785 0.007932 
 -0.023049 0.022106 0.029222 
 -0.036845 0.028133 0.039107 
 -0.051801 0.033842 0.037594 
 -0.066757 0.039551 0.036081 
 -0.079549 0.045955 0.057349 
 -0.094544 0.051679 0.055832 
 -0.109539 0.057404 0.054314 
 -0.124534 0.063128 0.052797 
 -0.139530 0.068852 0.051280 
 -0.154525 0.074576 0.049763 
 -0.169520 0.080301 0.048246 
 -0.184515 0.086025 0.046729 
 -0.199510 0.091749 0.045211 
 -0.214505 0.097473 0.043694 
 -0.229500 0.103197 0.042177 
 -0.242764 0.109781 0.063398 
 -0.257799 0.115520 0.061877 
 -0.272833 0.121260 0.060356 
 -0.287868 0.126999 0.058834 
 -0.302902 0.132738 0.057313 
 -0.316402 0.139412 0.078509 
 -0.331476 0.145166 0.076984 
 -0.346550 0.150921 0.075459 
 -0.360915 0.157165 0.085287 
 -0.376008 0.162926 0.083760 
 0.405575 -0.164486 -0.018982 
 0.387351 -0.159005 -0.043385 
 0.376017 -0.153203 -0.021973 
 0.357871 -0.147751 -0.046367 
 0.343132 -0.142125 -0.047859 
 0.328392 -0.136498 -0.049350 
 0.313653 -0.130871 -0.050841 
 0.298913 -0.125245 -0.052333 
 0.287344 -0.119353 -0.030945 
 0.269434 -0.113991 -0.055315 
 0.254694 -0.108365 -0.056806 
 0.236902 -0.103048 -0.081166 
 0.222202 -0.097436 -0.082653 
 0.207502 -0.091825 -0.084140 
 0.192801 -0.086213 -0.085628 
 0.176654 -0.080786 -0.098541 
 0.161973 -0.075182 -0.100026 
 0.147292 -0.069578 -0.101512 
 0.134000 -0.063766 -0.091577 
 0.119300 -0.058154 -0.093064 
 0.109997 -0.051652 -0.048888 
 0.096548 -0.045781 -0.038970 
 0.084370 -0.039656 -0.017643 
 0.073403 -0.033257 0.015086 
 0.058506 -0.027570 0.013579 
 0.046112 -0.021363 0.034884 
 0.031176 -0.015661 0.033373 
 0.017451 -0.009685 0.043263 
 -0.001081 -0.004823 0.007550 
 -0.015978 0.000864 0.006043 
 -0.028569 0.007145 0.027328 
 -0.042372 0.013152 0.037211 
 -0.057327 0.018861 0.035697 
 -0.072283 0.024571 0.034184 
 -0.085090 0.030935 0.055447 
 -0.100086 0.036659 0.053930 
 -0.115081 0.042384 0.052413 
 -0.130076 0.048108 0.050895 
 -0.145071 0.053832 0.049378 
 -0.160066 0.059556 0.047861 
 -0.175061 0.065281 0.046344 
 -0.190056 0.071005 0.044827 
 -0.205051 0.076729 0.043310 
 -0.220046 0.082453 0.041792 
 -0.235041 0.088177 0.040275 
 -0.248320 0.094722 0.061491 
 -0.263355 0.100461 0.059970 
 -0.278389 0.106200 0.058449 
 -0.293423 0.111940 0.056928 
 -0.306899 0.118559 0.078123 
 -0.321973 0.124313 0.076598 
 -0.336306 0.130523 0.086427 
 -0.351399 0.136284 0.084900 
 -0.365091 0.142986 0.106073 
 -0.380224 0.148763 0.104542 
 0.414893 -0.184931 -0.019362 
 0.400114 -0.179290 -0.020857 
 0.381904 -0.173769 -0.045254 
 0.370556 -0.168006 -0.023847 
 0.352425 -0.162515 -0.048237 
 0.337685 -0.156889 -0.049728 
 0.322945 -0.151262 -0.051219 
 0.308206 -0.145635 -0.052711 
 0.293466 -0.140009 -0.054202 
 0.281883 -0.134156 -0.032819 
 0.263987 -0.128755 -0.057185 
 0.249248 -0.123129 -0.058676 
 0.231470 -0.117773 -0.083030 
 0.216770 -0.112161 -0.084518 
 0.202069 -0.106549 -0.086005 
 0.185909 -0.101095 -0.098918 
 0.171228 -0.095491 -0.100403 
 0.153706 -0.090233 -0.124731 
 0.139065 -0.084644 -0.126212 
 0.127186 -0.078679 -0.104859 
 0.112506 -0.073074 -0.106344 
 0.099167 -0.067267 -0.096416 
 0.087112 -0.061235 -0.075080 
 0.076281 -0.054954 -0.042344 
 0.065332 -0.048629 -0.009618 
 0.053001 -0.042492 0.011689 
 0.040592 -0.036324 0.032989 
 0.026880 -0.030374 0.042880 
 0.011925 -0.024665 0.041366 
 -0.004216 -0.019219 0.028456 
 -0.019152 -0.013517 0.026945 
 -0.032943 -0.007537 0.036827 
 -0.047898 -0.001828 0.035314 
 -0.062854 0.003881 0.033800 
 -0.077810 0.009590 0.032287 
 -0.090632 0.015915 0.053545 
 -0.105627 0.021640 0.052028 
 -0.120622 0.027364 0.050511 
 -0.135617 0.033088 0.048993 
 -0.152589 0.038136 0.024721 
 -0.165607 0.044536 0.045959 
 -0.180602 0.050261 0.044442 
 -0.195597 0.055985 0.042925 
 -0.210592 0.061709 0.041408 
 -0.225587 0.067433 0.039890 
 -0.238842 0.073923 0.061105 
 -0.253876 0.079663 0.059584 
 -0.268910 0.085402 0.058063 
 -0.283945 0.091141 0.056542 
 -0.298979 0.096880 0.055021 
 -0.314014 0.102620 0.053500 
 -0.327543 0.109215 0.074686 
 -0.341884 0.115404 0.084512 
 -0.356977 0.121166 0.082985 
 -0.372070 0.126928 0.081458 
 -0.387164 0.132690 0.079931 
 0.424210 -0.205377 -0.019741 
 0.409431 -0.199735 -0.021236 
 0.394652 -0.194093 -0.022731 
 0.379873 -0.188451 -0.024227 
 0.365095 -0.182810 -0.025722 
 0.346978 -0.177279 -0.050106 
 0.332238 -0.171653 -0.051598 
 0.317499 -0.166026 -0.053089 
 0.302759 -0.160399 -0.054580 
 0.288019 -0.154773 -0.056072 
 0.276421 -0.148960 -0.034694 
 0.258540 -0.143519 -0.059054 
 0.243801 -0.137893 -0.060546 
 0.229061 -0.132266 -0.062037 
 0.211337 -0.126885 -0.086382 
 0.196637 -0.121274 -0.087870 
 0.177578 -0.116077 -0.123625 
 0.162937 -0.110488 -0.125107 
 0.148296 -0.104898 -0.126588 
 0.133654 -0.099309 -0.128069 
 0.119013 -0.093720 -0.129551 
 0.104372 -0.088131 -0.131032 
 0.092400 -0.082175 -0.109692 
 0.077720 -0.076571 -0.111177 
 0.064334 -0.070769 -0.101256 
 0.056014 -0.064128 -0.045718 
 0.043728 -0.058053 -0.024409 
 0.032600 -0.051726 0.008292 
 0.020137 -0.045583 0.029584 
 0.005200 -0.039881 0.028072 
 -0.012091 -0.034666 0.003771 
 -0.026988 -0.028979 0.002264 
 -0.039608 -0.022776 0.023539 
 -0.053425 -0.016809 0.033417 
 -0.068381 -0.011100 0.031903 
 -0.083337 -0.005390 0.030390 
 -0.098292 0.000319 0.028877 
 -0.111168 0.006620 0.050126 
 -0.126163 0.012344 0.048609 
 -0.141158 0.018068 0.047092 
 -0.158116 0.023156 0.022824 
 -0.171148 0.029516 0.044057 
 -0.186144 0.035241 0.042540 
 -0.201139 0.040965 0.041023 
 -0.216134 0.046689 0.039506 
 -0.231129 0.052413 0.037989 
 -0.244397 0.058864 0.059198 
 -0.259432 0.064603 0.057677 
 -0.274466 0.070343 0.056156 
 -0.289501 0.076082 0.054635 
 -0.304535 0.081821 0.053114 
 -0.319569 0.087560 0.051593 
 -0.334604 0.093300 0.050071 
 -0.348187 0.099870 0.071249 
 -0.363261 0.105625 0.069724 
 -0.378334 0.111379 0.068198 
 -0.392741 0.117571 0.078017 
 0.420509 -0.220181 -0.010163 
 0.403970 -0.214538 -0.023111 
 0.389191 -0.208897 -0.024606 
 0.374412 -0.203255 -0.026101 
 0.359633 -0.197613 -0.027596 
 0.341531 -0.192043 -0.051976 
 0.326791 -0.186417 -0.053467 
 0.312052 -0.180790 -0.054959 
 0.297312 -0.175163 -0.056450 
 0.282572 -0.169537 -0.057941 
 0.270960 -0.163763 -0.036568 
 0.256181 -0.158121 -0.038063 
 0.241402 -0.152480 -0.039559 
 0.223614 -0.147030 -0.063906 
 0.204420 -0.141714 -0.099671 
 0.186809 -0.136331 -0.124001 
 0.172168 -0.130742 -0.125482 
 0.154675 -0.125405 -0.149801 
 0.140073 -0.119831 -0.151278 
 0.125471 -0.114257 -0.152756 
 0.113602 -0.108385 -0.131408 
 0.098961 -0.102796 -0.132889 
 0.084320 -0.097207 -0.134370 
 0.069678 -0.091618 -0.135852 
 0.057614 -0.085672 -0.114524 
 0.042933 -0.080067 -0.116010 
 0.029502 -0.074270 -0.106095 
 0.020948 -0.067653 -0.050590 
 0.014617 -0.060544 0.027689 
 -0.000319 -0.054842 0.026178 
 -0.017596 -0.049588 0.001881 
 -0.034794 -0.044363 -0.022407 
 -0.047389 -0.038214 -0.001133 
 -0.060063 -0.032035 0.020133 
 -0.075000 -0.026334 0.018622 
 -0.089936 -0.020632 0.017111 
 -0.103819 -0.014662 0.026980 
 -0.116709 -0.008400 0.048224 
 -0.131704 -0.002676 0.046707 
 -0.148687 0.002466 0.022441 
 -0.163642 0.008175 0.020927 
 -0.176690 0.014497 0.042155 
 -0.193554 0.019594 0.017901 
 -0.206680 0.025945 0.039121 
 -0.221675 0.031669 0.037604 
 -0.236670 0.037394 0.036087 
 -0.249953 0.043805 0.057291 
 -0.264988 0.049544 0.055770 
 -0.280022 0.055283 0.054249 
 -0.295056 0.061023 0.052728 
 -0.310091 0.066762 0.051207 
 -0.325125 0.072501 0.049686 
 -0.340160 0.078240 0.048165 
 -0.355194 0.083980 0.046643 
 -0.370228 0.089719 0.045122 
 -0.385263 0.095458 0.043601 
 0.415040 -0.235005 -0.012040 
 0.398508 -0.229342 -0.024985 
 0.383730 -0.223700 -0.026480 
 0.368951 -0.218058 -0.027976 
 0.354172 -0.212416 -0.029471 
 0.336084 -0.206807 -0.053845 
 0.321345 -0.201181 -0.055337 
 0.306605 -0.195554 -0.056828 
 0.291865 -0.189927 -0.058319 
 0.277126 -0.184301 -0.059811 
 0.262386 -0.178674 -0.061302 
 0.250720 -0.172925 -0.039938 
 0.235941 -0.167283 -0.041433 
 0.218167 -0.161794 -0.065776 
 0.198995 -0.156419 -0.101533 
 0.184314 -0.150814 -0.103018 
 0.166757 -0.145408 -0.127339 
 0.149279 -0.140031 -0.151653 
 0.133278 -0.134571 -0.164544 
 0.120075 -0.128883 -0.154608 
 0.105473 -0.123309 -0.156085 
 0.093551 -0.117462 -0.134746 
 0.078909 -0.111873 -0.136228 
 0.064268 -0.106284 -0.137709 
 0.047065 -0.101012 -0.161995 
 0.032463 -0.095438 -0.163472 
 0.020344 -0.089516 -0.142153 
 0.005703 -0.083927 -0.143634 
 -0.008939 -0.078338 -0.145116 
 -0.008204 -0.070196 0.001499 
 -0.025427 -0.064917 -0.022788 
 -0.041428 -0.059457 -0.035679 
 -0.056266 -0.053792 -0.037180 
 -0.067791 -0.047449 -0.004530 
 -0.084857 -0.042230 -0.028801 
 -0.097585 -0.036076 -0.007544 
 -0.114572 -0.030887 -0.031807 
 -0.124302 -0.023933 0.023570 
 -0.137246 -0.017696 0.044805 
 -0.154213 -0.012515 0.020544 
 -0.169169 -0.006805 0.019030 
 -0.182231 -0.000523 0.040253 
 -0.197226 0.005201 0.038736 
 -0.212221 0.010925 0.037219 
 -0.227216 0.016649 0.035702 
 -0.242211 0.022374 0.034185 
 -0.255509 0.028746 0.055384 
 -0.270543 0.034485 0.053863 
 -0.285578 0.040224 0.052342 
 -0.300612 0.045963 0.050821 
 -0.315647 0.051702 0.049300 
 -0.330681 0.057442 0.047779 
 -0.345715 0.063181 0.046258 
 -0.360750 0.068920 0.044737 
 -0.375784 0.074659 0.043215 
 -0.390819 0.080399 0.041694 
 0.424370 -0.255477 -0.012420 
 0.409572 -0.249828 -0.013917 
 0.393047 -0.244145 -0.026860 
 0.378268 -0.238503 -0.028355 
 0.363489 -0.232862 -0.029850 
 0.348710 -0.227220 -0.031345 
 0.333932 -0.221578 -0.032841 
 0.319153 -0.215937 -0.034336 
 0.304374 -0.210295 -0.035831 
 0.289595 -0.204653 -0.037327 
 0.271679 -0.199065 -0.061680 
 0.260037 -0.193370 -0.040317 
 0.245258 -0.187728 -0.041812 
 0.230479 -0.182086 -0.043308 
 0.215700 -0.176445 -0.044803 
 0.197981 -0.170931 -0.069137 
 0.183241 -0.165304 -0.070628 
 0.164209 -0.159915 -0.106366 
 0.146705 -0.154484 -0.130678 
 0.129281 -0.149083 -0.154982 
 0.114679 -0.143509 -0.156460 
 0.102781 -0.137717 -0.135122 
 0.088140 -0.132128 -0.136603 
 0.073499 -0.126538 -0.138085 
 0.058857 -0.120949 -0.139566 
 0.041669 -0.115638 -0.163847 
 0.027067 -0.110064 -0.165324 
 0.014933 -0.104182 -0.144010 
 0.000292 -0.098593 -0.145491 
 -0.014349 -0.093003 -0.146973 
 -0.028991 -0.087414 -0.148454 
 -0.043632 -0.081825 -0.149936 
 -0.058273 -0.076236 -0.151417 
 -0.070681 -0.070248 -0.130131 
 -0.085362 -0.064644 -0.131617 
 -0.098965 -0.058826 -0.121722 
 -0.111551 -0.052770 -0.100454 
 -0.117987 -0.045310 -0.010941 
 -0.129829 -0.038913 0.021673 
 -0.144784 -0.033204 0.020160 
 -0.159740 -0.027495 0.018647 
 -0.174696 -0.021786 0.017134 
 -0.189652 -0.016077 0.015620 
 -0.202767 -0.009819 0.036834 
 -0.217762 -0.004095 0.035317 
 -0.232758 0.001630 0.033800 
 -0.247753 0.007354 0.032283 
 -0.262748 0.013078 0.030766 
 -0.276099 0.019426 0.051956 
 -0.291134 0.025165 0.050435 
 -0.306168 0.030904 0.048914 
 -0.321202 0.036643 0.047393 
 -0.336237 0.042382 0.045872 
 -0.351271 0.048122 0.044351 
 -0.366306 0.053861 0.042830 
 -0.381340 0.059600 0.041308 
 -0.396374 0.065339 0.039787 
 0.418901 -0.270300 -0.014297 
 0.404103 -0.264651 -0.015794 
 0.387586 -0.258948 -0.028734 
 0.374506 -0.253352 -0.018789 
 0.358028 -0.247665 -0.031725 
 0.343249 -0.242023 -0.033220 
 0.328470 -0.236382 -0.034715 
 0.313691 -0.230740 -0.036210 
 0.298912 -0.225098 -0.037706 
 0.284133 -0.219456 -0.039201 
 0.269355 -0.213815 -0.040696 
 0.254576 -0.208173 -0.042192 
 0.239797 -0.202531 -0.043687 
 0.226520 -0.196860 -0.033761 
 0.210239 -0.191248 -0.046677 
 0.195460 -0.185606 -0.048173 
 0.180681 -0.179964 -0.049668 
 0.160207 -0.174561 -0.096815 
 0.141295 -0.169150 -0.132535 
 0.126654 -0.163561 -0.134016 
 0.109283 -0.158135 -0.158312 
 0.097371 -0.152382 -0.136979 
 0.082730 -0.146793 -0.138460 
 0.065477 -0.141413 -0.162744 
 0.053447 -0.135615 -0.141423 
 0.036273 -0.130264 -0.165699 
 0.021670 -0.124690 -0.167176 
 0.009523 -0.118847 -0.145867 
 -0.005118 -0.113258 -0.147348 
 -0.019760 -0.107669 -0.148830 
 -0.034401 -0.102080 -0.150311 
 -0.049042 -0.096490 -0.151793 
 -0.065942 -0.091245 -0.176040 
 -0.078325 -0.085312 -0.154755 
 -0.095146 -0.080097 -0.178995 
 -0.107608 -0.074134 -0.157718 
 -0.120148 -0.068140 -0.136449 
 -0.133798 -0.062327 -0.126562 
 -0.133333 -0.053460 0.042518 
 -0.150311 -0.048185 0.018263 
 -0.163323 -0.042012 0.039484 
 -0.178319 -0.036287 0.037967 
 -0.193314 -0.030563 0.036450 
 -0.208309 -0.024839 0.034932 
 -0.221518 -0.018591 0.056134 
 -0.236552 -0.012851 0.054613 
 -0.251586 -0.007112 0.053092 
 -0.266621 -0.001373 0.051571 
 -0.281655 0.004366 0.050050 
 -0.296689 0.010106 0.048528 
 -0.311724 0.015845 0.047007 
 -0.326758 0.021584 0.045486 
 -0.341793 0.027323 0.043965 
 -0.356827 0.033062 0.042444 
 -0.371861 0.038802 0.040923 
 -0.386896 0.044541 0.039402 
 0.413433 -0.285123 -0.016174 
 0.398634 -0.279474 -0.017671 
 0.382124 -0.273752 -0.030609 
 0.369037 -0.268175 -0.020666 
 0.352566 -0.262468 -0.033599 
 0.337788 -0.256827 -0.035094 
 0.323009 -0.251185 -0.036590 
 0.308230 -0.245543 -0.038085 
 0.293451 -0.239902 -0.039580 
 0.278672 -0.234260 -0.041076 
 0.263893 -0.228618 -0.042571 
 0.249114 -0.222976 -0.044066 
 0.234335 -0.217335 -0.045561 
 0.221052 -0.211683 -0.035638 
 0.206253 -0.206034 -0.037136 
 0.191455 -0.200385 -0.038633 
 0.175220 -0.194768 -0.051543 
 0.160441 -0.189126 -0.053038 
 0.138678 -0.183721 -0.111575 
 0.121243 -0.178226 -0.135873 
 0.106602 -0.172637 -0.137355 
 0.091960 -0.167048 -0.138836 
 0.077319 -0.161459 -0.140317 
 0.060081 -0.156039 -0.164596 
 0.045479 -0.150465 -0.166073 
 0.030877 -0.144891 -0.167551 
 0.016274 -0.139316 -0.169028 
 0.001673 -0.133742 -0.170506 
 -0.012929 -0.128168 -0.171983 
 -0.027532 -0.122594 -0.173460 
 -0.042134 -0.117020 -0.174938 
 -0.056736 -0.111446 -0.176415 
 -0.071338 -0.105871 -0.177892 
 -0.085940 -0.100297 -0.179370 
 -0.101624 -0.094890 -0.192224 
 -0.115144 -0.089149 -0.182325 
 -0.127660 -0.083210 -0.161056 
 -0.142301 -0.077621 -0.162538 
 -0.156942 -0.072032 -0.164019 
 -0.153870 -0.062756 0.039099 
 -0.166936 -0.056607 0.060312 
 -0.183860 -0.051307 0.036065 
 -0.195154 -0.044674 0.079991 
 -0.212039 -0.039389 0.055748 
 -0.227073 -0.033650 0.054227 
 -0.240375 -0.027411 0.075415 
 -0.255449 -0.021657 0.073890 
 -0.272176 -0.016432 0.049664 
 -0.285596 -0.010148 0.070840 
 -0.302245 -0.004954 0.046622 
 -0.317280 0.000785 0.045100 
 -0.332314 0.006525 0.043579 
 -0.345891 0.012869 0.064739 
 -0.360965 0.018623 0.063214 
 -0.376038 0.024377 0.061689 
 0.393166 -0.294297 -0.019548 
 0.378367 -0.288648 -0.021045 
 0.363568 -0.282998 -0.022543 
 0.347105 -0.277272 -0.035474 
 0.332326 -0.271630 -0.036969 
 0.317547 -0.265988 -0.038464 
 0.302768 -0.260347 -0.039959 
 0.287990 -0.254705 -0.041455 
 0.273211 -0.249063 -0.042950 
 0.258432 -0.243422 -0.044445 
 0.243653 -0.237780 -0.045941 
 0.230381 -0.232155 -0.036018 
 0.215583 -0.226506 -0.037515 
 0.200784 -0.220857 -0.039013 
 0.185986 -0.215208 -0.040510 
 0.171187 -0.209559 -0.042007 
 0.154979 -0.203930 -0.054912 
 0.133253 -0.198426 -0.113437 
 0.115832 -0.192892 -0.137730 
 0.101191 -0.187303 -0.139212 
 0.086550 -0.181713 -0.140693 
 0.071908 -0.176124 -0.142174 
 0.054685 -0.170665 -0.166448 
 0.040082 -0.165091 -0.167925 
 0.025480 -0.159517 -0.169403 
 0.010878 -0.153943 -0.170880 
 -0.003724 -0.148369 -0.172358 
 -0.018326 -0.142794 -0.173835 
 -0.034101 -0.137330 -0.186696 
 -0.047530 -0.131646 -0.176790 
 -0.062132 -0.126072 -0.178267 
 -0.077848 -0.120630 -0.191123 
 -0.091336 -0.114923 -0.181222 
 -0.107013 -0.109497 -0.194073 
 -0.120540 -0.103775 -0.184177 
 -0.135142 -0.098201 -0.185654 
 -0.149744 -0.092627 -0.187132 
 -0.164346 -0.087053 -0.188609 
 -0.155503 -0.077035 0.082654 
 -0.170577 -0.071281 0.081129 
 -0.185651 -0.065527 0.079604 
 -0.199807 -0.059565 0.089437 
 -0.217595 -0.054449 0.053841 
 -0.232629 -0.048709 0.052320 
 -0.245946 -0.042510 0.073503 
 -0.262698 -0.037231 0.049278 
 -0.276093 -0.031001 0.070453 
 -0.291167 -0.025247 0.068928 
 -0.306240 -0.019493 0.067403 
 -0.321314 -0.013739 0.065878 
 -0.336388 -0.007984 0.064353 
 -0.350740 -0.001947 0.074166 
 -0.365833 0.003814 0.072639 
 -0.378198 0.010767 0.116449 
 -0.393370 0.016558 0.114914 
 0.387697 -0.309120 -0.021425 
 0.372898 -0.303471 -0.022922 
 0.356423 -0.297717 -0.035853 
 0.343301 -0.292172 -0.025917 
 0.326865 -0.286433 -0.038843 
 0.312086 -0.280792 -0.040339 
 0.297307 -0.275150 -0.041834 
 0.282528 -0.269508 -0.043329 
 0.269308 -0.263926 -0.033403 
 0.254510 -0.258277 -0.034901 
 0.239711 -0.252628 -0.036398 
 0.224913 -0.246979 -0.037895 
 0.210114 -0.241329 -0.039392 
 0.195316 -0.235680 -0.040890 
 0.183400 -0.230060 -0.019568 
 0.165719 -0.224382 -0.043884 
 0.150920 -0.218733 -0.045382 
 0.134739 -0.213091 -0.058282 
 0.113147 -0.207527 -0.116785 
 0.095780 -0.201968 -0.141069 
 0.081139 -0.196379 -0.142550 
 0.066498 -0.190790 -0.144031 
 0.049289 -0.185292 -0.168300 
 0.034686 -0.179717 -0.169778 
 0.020084 -0.174143 -0.171255 
 0.005482 -0.168569 -0.172732 
 -0.009120 -0.162995 -0.174210 
 -0.023722 -0.157421 -0.175687 
 -0.039490 -0.151937 -0.188546 
 -0.056365 -0.146566 -0.212781 
 -0.072035 -0.141120 -0.225630 
 -0.085451 -0.135463 -0.215724 
 -0.097819 -0.129670 -0.194448 
 -0.112402 -0.124103 -0.195923 
 -0.125936 -0.118401 -0.186029 
 -0.140538 -0.112827 -0.187506 
 -0.155140 -0.107253 -0.188984 
 -0.169742 -0.101679 -0.190461 
 -0.161074 -0.092134 0.080742 
 -0.176147 -0.086380 0.079217 
 -0.191221 -0.080625 0.077692 
 -0.206295 -0.074871 0.076167 
 -0.223151 -0.069508 0.051935 
 -0.238185 -0.063769 0.050413 
 -0.253219 -0.058029 0.048892 
 -0.268254 -0.052290 0.047371 
 -0.281663 -0.046100 0.068541 
 -0.296737 -0.040346 0.067016 
 -0.311811 -0.034591 0.065491 
 -0.326131 -0.028589 0.075306 
 -0.341224 -0.022828 0.073778 
 -0.354889 -0.016540 0.094923 
 -0.370022 -0.010763 0.093392 
 -0.383805 -0.004430 0.114525 
 -0.398977 0.001361 0.112990 
 -0.414149 0.007153 0.111455 
 0.400484 -0.329886 0.001069 
 0.382228 -0.323943 -0.023302 
 0.367430 -0.318294 -0.024799 
 0.352631 -0.312644 -0.026297 
 0.337833 -0.306995 -0.027794 
 0.321403 -0.301237 -0.040718 
 0.308235 -0.295697 -0.030788 
 0.293437 -0.290048 -0.032286 
 0.278638 -0.284398 -0.033783 
 0.263840 -0.278749 -0.035280 
 0.249041 -0.273100 -0.036778 
 0.234243 -0.267451 -0.038275 
 0.219444 -0.261802 -0.039772 
 0.204646 -0.256152 -0.041269 
 0.192754 -0.250587 -0.019949 
 0.177916 -0.244923 -0.021450 
 0.163079 -0.239258 -0.022951 
 0.148241 -0.233594 -0.024452 
 0.133403 -0.227930 -0.025954 
 0.115854 -0.222257 -0.050253 
 0.093041 -0.216627 -0.120132 
 0.075729 -0.211045 -0.144407 
 0.061087 -0.205455 -0.145888 
 0.043893 -0.199918 -0.170152 
 0.029290 -0.194343 -0.171630 
 0.014688 -0.188769 -0.173107 
 0.000086 -0.183195 -0.174584 
 -0.014516 -0.177621 -0.176062 
 -0.029118 -0.172047 -0.177539 
 -0.044879 -0.166543 -0.190396 
 -0.061739 -0.161133 -0.214625 
 -0.077402 -0.155667 -0.227472 
 -0.091925 -0.150123 -0.228941 
 -0.105368 -0.144478 -0.219040 
 -0.117790 -0.138710 -0.197773 
 -0.131332 -0.133027 -0.187881 
 -0.145934 -0.127453 -0.189358 
 -0.160536 -0.121879 -0.190836 
 -0.175138 -0.116305 -0.192313 
 -0.189740 -0.110731 -0.193790 
 -0.180775 -0.101325 0.088662 
 -0.195868 -0.095563 0.087135 
 -0.211865 -0.089970 0.074255 
 -0.226939 -0.084216 0.072730 
 -0.243741 -0.078828 0.048506 
 -0.258775 -0.073089 0.046985 
 -0.273810 -0.067349 0.045464 
 -0.287234 -0.061199 0.066629 
 -0.301522 -0.055231 0.076445 
 -0.316615 -0.049469 0.074918 
 -0.330216 -0.043251 0.096066 
 -0.345349 -0.037474 0.094535 
 -0.360482 -0.031698 0.093004 
 -0.374240 -0.025419 0.114135 
 -0.389412 -0.019627 0.112600 
 -0.404584 -0.013836 0.111065 
 -0.419756 -0.008044 0.109530 
 0.395001 -0.344748 -0.000813 
 0.380163 -0.339084 -0.002314 
 0.361961 -0.333117 -0.026676 
 0.347162 -0.327468 -0.028174 
 0.332364 -0.321818 -0.029671 
 0.315942 -0.316040 -0.042592 
 0.302767 -0.310520 -0.032665 
 0.287968 -0.304871 -0.034163 
 0.273170 -0.299222 -0.035660 
 0.258371 -0.293572 -0.037157 
 0.246623 -0.288106 -0.015825 
 0.231785 -0.282442 -0.017327 
 0.216947 -0.276778 -0.018828 
 0.202109 -0.271113 -0.020329 
 0.188718 -0.265511 -0.010424 
 0.173860 -0.259839 -0.011927 
 0.159003 -0.254167 -0.013431 
 0.144145 -0.248496 -0.014934 
 0.129288 -0.242824 -0.016437 
 0.114430 -0.237152 -0.017940 
 0.095587 -0.231431 -0.053627 
 0.072936 -0.225728 -0.123479 
 0.055677 -0.220121 -0.147746 
 0.038496 -0.214544 -0.172004 
 0.023894 -0.208970 -0.173482 
 0.009292 -0.203395 -0.174959 
 -0.005310 -0.197821 -0.176436 
 -0.019912 -0.192247 -0.177914 
 -0.034514 -0.186673 -0.179391 
 -0.050267 -0.181150 -0.192245 
 -0.064850 -0.175583 -0.193720 
 -0.081657 -0.170149 -0.217941 
 -0.096200 -0.164597 -0.219413 
 -0.108597 -0.158883 -0.198147 
 -0.123179 -0.153317 -0.199622 
 -0.136728 -0.147654 -0.189733 
 -0.151330 -0.142080 -0.191210 
 -0.165932 -0.136505 -0.192688 
 -0.180534 -0.130931 -0.194165 
 -0.195136 -0.125357 -0.195643 
 -0.186353 -0.116443 0.086748 
 -0.201446 -0.110682 0.085221 
 -0.216539 -0.104920 0.083694 
 -0.232509 -0.099314 0.070818 
 -0.247583 -0.093560 0.069293 
 -0.264331 -0.088148 0.045078 
 -0.277730 -0.082052 0.066243 
 -0.292804 -0.076297 0.064717 
 -0.307099 -0.070349 0.074531 
 -0.322193 -0.064588 0.073004 
 -0.335808 -0.058409 0.094147 
 -0.350941 -0.052632 0.092616 
 -0.366074 -0.046855 0.091085 
 -0.381206 -0.041079 0.089554 
 -0.395018 -0.034825 0.110676 
 -0.410190 -0.029033 0.109141 
 -0.425362 -0.023241 0.107606 
 0.391232 -0.359797 0.008737 
 0.376375 -0.354125 0.007233 
 0.356492 -0.347940 -0.028553 
 0.341694 -0.342291 -0.030051 
 0.326895 -0.336641 -0.031548 
 0.312097 -0.330992 -0.033045 
 0.297298 -0.325343 -0.034542 
 0.282500 -0.319694 -0.036040 
 0.267701 -0.314045 -0.037537 
 0.252903 -0.308395 -0.039034 
 0.241139 -0.302969 -0.017707 
 0.226302 -0.297304 -0.019209 
 0.211464 -0.291640 -0.020710 
 0.196626 -0.285976 -0.022211 
 0.183227 -0.280393 -0.012309 
 0.171208 -0.274868 0.008992 
 0.156312 -0.269182 0.007485 
 0.141415 -0.263495 0.005977 
 0.126518 -0.257808 0.004470 
 0.111621 -0.252122 0.002963 
 0.092761 -0.246326 -0.032720 
 0.074018 -0.240576 -0.068391 
 0.052830 -0.234829 -0.126827 
 0.035625 -0.229197 -0.151084 
 0.018498 -0.223596 -0.175334 
 0.003896 -0.218022 -0.176811 
 -0.010706 -0.212448 -0.178288 
 -0.025308 -0.206873 -0.179766 
 -0.041074 -0.201323 -0.192619 
 -0.055656 -0.195756 -0.194095 
 -0.069114 -0.190151 -0.184198 
 -0.084821 -0.184623 -0.197045 
 -0.099403 -0.179056 -0.198521 
 -0.113985 -0.173490 -0.199996 
 -0.127522 -0.167854 -0.190108 
 -0.142124 -0.162280 -0.191585 
 -0.156726 -0.156706 -0.193062 
 -0.171328 -0.151132 -0.194540 
 -0.185930 -0.145557 -0.196017 
 -0.200532 -0.139983 -0.197495 
 -0.191930 -0.131562 0.084833 
 -0.207024 -0.125800 0.083306 
 -0.222117 -0.120038 0.081779 
 -0.238080 -0.114413 0.068906 
 -0.253153 -0.108659 0.067381 
 -0.268227 -0.102904 0.065856 
 -0.283301 -0.097150 0.064331 
 -0.298374 -0.091396 0.062806 
 -0.311135 -0.085120 0.095290 
 -0.326268 -0.079343 0.093759 
 -0.341400 -0.073567 0.092227 
 -0.356533 -0.067790 0.090696 
 -0.371666 -0.062013 0.089165 
 -0.386798 -0.056236 0.087634 
 -0.401931 -0.050460 0.086103 
 -0.417064 -0.044683 0.084572 
 -0.432196 -0.038906 0.083041 
 0.389156 -0.375091 0.029711 
 0.370884 -0.369007 0.005349 
 0.356027 -0.363335 0.003846 
 0.339521 -0.357480 -0.009081 
 0.321427 -0.351464 -0.033425 
 0.306628 -0.345815 -0.034922 
 0.291830 -0.340166 -0.036419 
 0.280170 -0.334824 -0.015086 
 0.265332 -0.329159 -0.016587 
 0.250494 -0.323495 -0.018088 
 0.237167 -0.317962 -0.008180 
 0.222309 -0.312290 -0.009683 
 0.207452 -0.306618 -0.011187 
 0.195497 -0.301163 0.010117 
 0.180600 -0.295477 0.008610 
 0.165704 -0.289790 0.007102 
 0.150807 -0.284103 0.005595 
 0.138656 -0.278573 0.026879 
 0.123720 -0.272871 0.025368 
 0.108783 -0.267170 0.023857 
 0.093847 -0.261468 0.022346 
 0.078911 -0.255766 0.020834 
 0.065250 -0.250105 0.030709 
 0.027704 -0.243796 -0.175708 
 0.013102 -0.238222 -0.177186 
 -0.001500 -0.232648 -0.178663 
 -0.016102 -0.227074 -0.180141 
 -0.030704 -0.221500 -0.181618 
 -0.045306 -0.215925 -0.183095 
 -0.061045 -0.210363 -0.195944 
 -0.074510 -0.204777 -0.186050 
 -0.090210 -0.199230 -0.198895 
 -0.104792 -0.193663 -0.200370 
 -0.119374 -0.188096 -0.201846 
 -0.132918 -0.182480 -0.191960 
 -0.147520 -0.176906 -0.193437 
 -0.162122 -0.171332 -0.194914 
 -0.176724 -0.165758 -0.196392 
 -0.189406 -0.160025 -0.175161 
 -0.204047 -0.154436 -0.176643 
 -0.216846 -0.148659 -0.155425 
 -0.217108 -0.141427 0.024653 
 -0.232102 -0.135703 0.023136 
 -0.245374 -0.129745 0.044307 
 -0.260408 -0.124006 0.042786 
 -0.273797 -0.118003 0.063944 
 -0.288871 -0.112249 0.062419 
 -0.303945 -0.106495 0.060894 
 -0.316727 -0.100278 0.093370 
 -0.331860 -0.094501 0.091839 
 -0.345544 -0.088386 0.112967 
 -0.360716 -0.082594 0.111432 
 -0.375888 -0.076802 0.109897 
 -0.392391 -0.071394 0.085715 
 -0.407523 -0.065617 0.084184 
 -0.422656 -0.059841 0.082653 
 -0.437788 -0.054064 0.081122 
 0.387050 -0.390463 0.050675 
 0.368754 -0.384325 0.026314 
 0.350536 -0.378218 0.001961 
 0.334038 -0.372343 -0.010963 
 0.315958 -0.366288 -0.035302 
 0.301159 -0.360638 -0.036799 
 0.289524 -0.355350 -0.015466 
 0.274686 -0.349686 -0.016968 
 0.261391 -0.344187 -0.007058 
 0.246534 -0.338516 -0.008561 
 0.231676 -0.332844 -0.010065 
 0.216819 -0.327172 -0.011568 
 0.204889 -0.321771 0.009734 
 0.189992 -0.316085 0.008227 
 0.177944 -0.310639 0.029518 
 0.163008 -0.304938 0.028007 
 0.148072 -0.299236 0.026496 
 0.134502 -0.293632 0.036378 
 0.119546 -0.287923 0.034864 
 0.104590 -0.282214 0.033351 
 0.089635 -0.276504 0.031838 
 0.077253 -0.270931 0.053095 
 0.064792 -0.265328 0.074344 
 0.049758 -0.259589 0.072823 
 0.037180 -0.253941 0.094059 
 -0.004479 -0.247350 -0.157761 
 -0.019120 -0.241761 -0.159242 
 -0.036100 -0.236126 -0.183470 
 -0.050702 -0.230552 -0.184947 
 -0.065304 -0.224977 -0.186425 
 -0.079906 -0.219403 -0.187902 
 -0.095598 -0.213836 -0.200745 
 -0.110181 -0.208269 -0.202220 
 -0.123712 -0.202681 -0.192334 
 -0.138314 -0.197107 -0.193812 
 -0.152916 -0.191532 -0.195289 
 -0.165534 -0.185869 -0.174056 
 -0.180175 -0.180280 -0.175537 
 -0.194816 -0.174691 -0.177019 
 -0.207591 -0.168967 -0.155802 
 -0.222271 -0.163363 -0.157287 
 -0.222649 -0.156447 0.022751 
 -0.237644 -0.150723 0.021234 
 -0.250930 -0.144804 0.042400 
 -0.265964 -0.139065 0.040879 
 -0.279368 -0.133102 0.062032 
 -0.293645 -0.127228 0.071842 
 -0.307187 -0.121212 0.092982 
 -0.320807 -0.115166 0.114113 
 -0.335979 -0.109375 0.112578 
 -0.351151 -0.103583 0.111043 
 -0.366323 -0.097791 0.109508 
 -0.381494 -0.091999 0.107973 
 -0.397983 -0.086552 0.083795 
 -0.413115 -0.080775 0.082264 
 -0.428248 -0.074998 0.080733 
 0.413135 -0.417088 0.063231 
 0.398179 -0.411379 0.061718 
 0.381531 -0.405424 0.048781 
 0.363249 -0.399247 0.024424 
 0.348352 -0.393560 0.022917 
 0.328555 -0.387205 -0.012845 
 0.313717 -0.381541 -0.014346 
 0.298879 -0.375877 -0.015847 
 0.284041 -0.370213 -0.017348 
 0.270758 -0.364741 -0.007439 
 0.255901 -0.359069 -0.008943 
 0.241043 -0.353398 -0.010446 
 0.226186 -0.347726 -0.011949 
 0.214281 -0.342380 0.009352 
 0.199384 -0.336693 0.007845 
 0.184487 -0.331006 0.006338 
 0.172425 -0.325600 0.027624 
 0.157489 -0.319898 0.026113 
 0.142553 -0.314197 0.024601 
 0.128975 -0.308613 0.034481 
 0.114019 -0.302903 0.032967 
 0.099064 -0.297194 0.031454 
 0.086707 -0.291675 0.052710 
 0.074271 -0.286127 0.073958 
 0.059237 -0.280387 0.072437 
 0.046683 -0.274794 0.093673 
 0.031610 -0.269039 0.092147 
 0.014134 -0.263170 0.067874 
 -0.024531 -0.256427 -0.161099 
 -0.039172 -0.250837 -0.162581 
 -0.053813 -0.245248 -0.164062 
 -0.070700 -0.239604 -0.188277 
 -0.085302 -0.234029 -0.189754 
 -0.100987 -0.228443 -0.202594 
 -0.115569 -0.222876 -0.204070 
 -0.129108 -0.217307 -0.194186 
 -0.141661 -0.211713 -0.172950 
 -0.156303 -0.206124 -0.174432 
 -0.170944 -0.200535 -0.175913 
 -0.185585 -0.194946 -0.177394 
 -0.198335 -0.189277 -0.156178 
 -0.213016 -0.183672 -0.157664 
 -0.227697 -0.178068 -0.159149 
 -0.242377 -0.172464 -0.160634 
 -0.243185 -0.165742 0.019332 
 -0.258180 -0.160018 0.017815 
 -0.271520 -0.154124 0.038972 
 -0.284938 -0.148200 0.060120 
 -0.300012 -0.142446 0.058595 
 -0.312779 -0.136370 0.091063 
 -0.326413 -0.130363 0.112189 
 -0.341585 -0.124572 0.110654 
 -0.356047 -0.118650 0.120444 
 -0.371929 -0.112988 0.107584 
 -0.387101 -0.107196 0.106049 
 -0.402273 -0.101405 0.104514 
 -0.417445 -0.095613 0.102979 
 -0.433840 -0.090156 0.078814 
 0.405884 -0.431788 0.049909 
 0.392652 -0.426359 0.059821 
 0.376011 -0.420385 0.046886 
 0.357744 -0.414168 0.022535 
 0.342847 -0.408482 0.021028 
 0.324698 -0.402310 -0.003311 
 0.309840 -0.396638 -0.004814 
 0.293396 -0.390739 -0.017729 
 0.280125 -0.385295 -0.007821 
 0.265268 -0.379623 -0.009324 
 0.250410 -0.373952 -0.010827 
 0.238570 -0.368675 0.010477 
 0.223673 -0.362988 0.008970 
 0.208776 -0.357301 0.007463 
 0.193879 -0.351614 0.005956 
 0.178982 -0.345928 0.004448 
 0.166905 -0.340561 0.025729 
 0.151969 -0.334859 0.024218 
 0.138404 -0.329302 0.034097 
 0.123448 -0.323593 0.032584 
 0.111156 -0.318144 0.053842 
 0.096161 -0.312420 0.052325 
 0.083750 -0.306925 0.073572 
 0.068715 -0.301186 0.072051 
 0.053681 -0.295447 0.070530 
 0.041113 -0.289892 0.091761 
 0.023612 -0.283968 0.067488 
 0.008578 -0.278229 0.065967 
 -0.029941 -0.271092 -0.162956 
 -0.044583 -0.265503 -0.164438 
 -0.059224 -0.259914 -0.165919 
 -0.073865 -0.254325 -0.167400 
 -0.088507 -0.248735 -0.168882 
 -0.105300 -0.243081 -0.193084 
 -0.119902 -0.237507 -0.194561 
 -0.134504 -0.231933 -0.196038 
 -0.147072 -0.226379 -0.174807 
 -0.161713 -0.220789 -0.176289 
 -0.176355 -0.215200 -0.177770 
 -0.190996 -0.209611 -0.179251 
 -0.203760 -0.203982 -0.158040 
 -0.218441 -0.198377 -0.159526 
 -0.233122 -0.192773 -0.161011 
 -0.235490 -0.186572 -0.003733 
 -0.248726 -0.180762 0.017430 
 -0.263721 -0.175038 0.015913 
 -0.277076 -0.169184 0.037065 
 -0.292110 -0.163444 0.035544 
 -0.305582 -0.157545 0.056683 
 -0.318371 -0.151528 0.089143 
 -0.332020 -0.145560 0.110264 
 -0.347192 -0.139769 0.108729 
 -0.361661 -0.133867 0.118517 
 -0.377536 -0.128185 0.105659 
 -0.392708 -0.122393 0.104124 
 -0.407880 -0.116602 0.102589 
 -0.423052 -0.110810 0.101054 
 0.420511 -0.453372 0.083801 
 0.402081 -0.447049 0.059437 
 0.387125 -0.441340 0.057924 
 0.370492 -0.435346 0.044992 
 0.352239 -0.429090 0.020646 
 0.337342 -0.423403 0.019138 
 0.322445 -0.417716 0.017631 
 0.304350 -0.411521 -0.006699 
 0.289493 -0.405849 -0.008202 
 0.277755 -0.400656 0.013109 
 0.262858 -0.394970 0.011602 
 0.247961 -0.389283 0.010095 
 0.233065 -0.383596 0.008588 
 0.221131 -0.378329 0.029880 
 0.203271 -0.372223 0.005573 
 0.191258 -0.366925 0.026857 
 0.176322 -0.361224 0.025346 
 0.162789 -0.355701 0.035226 
 0.147833 -0.349992 0.033713 
 0.132877 -0.344283 0.032200 
 0.120609 -0.338888 0.053457 
 0.105614 -0.333164 0.051940 
 0.093228 -0.327724 0.073187 
 0.078194 -0.321984 0.071665 
 0.065690 -0.316499 0.092899 
 0.050616 -0.310745 0.091374 
 0.035542 -0.304991 0.089849 
 0.020469 -0.299237 0.088324 
 0.005395 -0.293482 0.086799 
 -0.009679 -0.287728 0.085273 
 -0.047699 -0.280333 -0.143564 
 -0.062379 -0.274728 -0.145049 
 -0.077060 -0.269124 -0.146534 
 -0.091740 -0.263520 -0.148020 
 -0.110696 -0.257708 -0.194936 
 -0.125298 -0.252134 -0.196413 
 -0.139900 -0.246559 -0.197891 
 -0.152482 -0.241044 -0.176664 
 -0.167124 -0.235455 -0.178146 
 -0.181765 -0.229866 -0.179627 
 -0.196406 -0.224277 -0.181108 
 -0.209185 -0.218687 -0.159902 
 -0.221132 -0.213058 -0.127362 
 -0.233196 -0.207385 -0.094835 
 -0.241889 -0.201575 -0.016967 
 -0.254268 -0.195782 0.015528 
 -0.269263 -0.190058 0.014011 
 -0.282631 -0.184243 0.035158 
 -0.296079 -0.178398 0.056296 
 -0.310378 -0.172583 0.066099 
 -0.323963 -0.166685 0.087224 
 -0.337627 -0.160758 0.108340 
 -0.352798 -0.154966 0.106805 
 -0.367275 -0.149084 0.116590 
 -0.382467 -0.143284 0.115053 
 -0.397658 -0.137485 0.113516 
 -0.413486 -0.131799 0.100665 
 0.411510 -0.467739 0.059053 
 0.396555 -0.462030 0.057540 
 0.381599 -0.456320 0.056027 
 0.364972 -0.450307 0.043097 
 0.346734 -0.444011 0.018756 
 0.331837 -0.438325 0.017249 
 0.316940 -0.432638 0.015742 
 0.302044 -0.426951 0.014234 
 0.287147 -0.421264 0.012727 
 0.272250 -0.415578 0.011220 
 0.257353 -0.409891 0.009713 
 0.242456 -0.404204 0.008206 
 0.227560 -0.398518 0.006698 
 0.215611 -0.393290 0.027985 
 0.200675 -0.387588 0.026474 
 0.185739 -0.381886 0.024963 
 0.170803 -0.376184 0.023452 
 0.157262 -0.370682 0.033329 
 0.142306 -0.364973 0.031816 
 0.127351 -0.359264 0.030303 
 0.115068 -0.353908 0.051555 
 0.102707 -0.348522 0.072801 
 0.090267 -0.343106 0.094037 
 0.075193 -0.337352 0.092512 
 0.060120 -0.331598 0.090987 
 0.046284 -0.325983 0.100835 
 0.031191 -0.320221 0.099308 
 0.014899 -0.314335 0.086412 
 0.001004 -0.308698 0.096254 
 -0.014089 -0.302936 0.094727 
 -0.038303 -0.296360 0.002295 
 -0.066684 -0.289528 -0.135550 
 -0.081384 -0.283916 -0.137037 
 -0.096084 -0.278304 -0.138525 
 -0.113969 -0.272477 -0.174077 
 -0.128610 -0.266888 -0.175559 
 -0.143252 -0.261299 -0.177040 
 -0.157893 -0.255710 -0.178521 
 -0.172534 -0.250121 -0.180003 
 -0.187176 -0.244531 -0.181484 
 -0.201817 -0.238942 -0.182965 
 -0.214611 -0.233391 -0.161764 
 -0.229291 -0.227787 -0.163250 
 -0.239549 -0.222204 -0.108049 
 -0.249138 -0.216543 -0.041533 
 -0.259809 -0.210802 0.013626 
 -0.273153 -0.205041 0.034772 
 -0.288187 -0.199302 0.033251 
 -0.301649 -0.193496 0.054384 
 -0.315956 -0.187701 0.064185 
 -0.329555 -0.181843 0.085304 
 -0.343233 -0.175955 0.106416 
 -0.357698 -0.170100 0.116201 
 -0.371513 -0.164159 0.137298 
 -0.386744 -0.158344 0.135757 
 -0.401975 -0.152530 0.134216 
 0.439418 -0.494861 0.083031 
 0.424423 -0.489136 0.081514 
 0.412873 -0.484105 0.102838 
 0.391028 -0.477010 0.055643 
 0.376072 -0.471301 0.054130 
 0.361116 -0.465592 0.052617 
 0.344517 -0.459566 0.039692 
 0.329580 -0.453864 0.038180 
 0.311435 -0.447559 0.013852 
 0.296539 -0.441873 0.012345 
 0.281642 -0.436186 0.010838 
 0.266745 -0.430499 0.009331 
 0.251848 -0.424813 0.007823 
 0.239964 -0.419654 0.029113 
 0.225028 -0.413952 0.027602 
 0.210092 -0.408250 0.026091 
 0.195155 -0.402549 0.024580 
 0.181647 -0.397081 0.034459 
 0.166691 -0.391372 0.032946 
 0.154512 -0.386100 0.054205 
 0.139517 -0.380376 0.052688 
 0.127220 -0.375060 0.073936 
 0.112185 -0.369321 0.072415 
 0.099770 -0.363959 0.093651 
 0.085987 -0.358387 0.103502 
 0.069623 -0.352451 0.090600 
 0.055800 -0.346863 0.100448 
 0.040707 -0.341101 0.098921 
 0.025613 -0.335340 0.097394 
 0.009328 -0.329434 0.084500 
 -0.005745 -0.323680 0.082975 
 -0.023124 -0.317668 0.058725 
 -0.043822 -0.311321 0.000401 
 -0.072116 -0.304252 -0.137415 
 -0.086816 -0.298641 -0.138902 
 -0.101517 -0.293029 -0.140389 
 -0.119380 -0.287143 -0.175934 
 -0.134021 -0.281554 -0.177416 
 -0.148662 -0.275965 -0.178897 
 -0.163304 -0.270375 -0.180378 
 -0.177945 -0.264786 -0.181860 
 -0.192586 -0.259197 -0.183341 
 -0.207228 -0.253608 -0.184822 
 -0.217286 -0.248213 -0.129610 
 -0.232025 -0.242587 -0.131101 
 -0.245010 -0.237008 -0.109923 
 -0.259789 -0.231366 -0.111419 
 -0.265350 -0.225822 0.011725 
 -0.278709 -0.220101 0.032865 
 -0.293743 -0.214361 0.031344 
 -0.307219 -0.208595 0.052473 
 -0.321533 -0.202820 0.062270 
 -0.335147 -0.197001 0.083385 
 -0.348840 -0.191152 0.104491 
 -0.363311 -0.185316 0.114274 
 -0.377141 -0.179415 0.135366 
 -0.392372 -0.173601 0.133825 
 -0.407603 -0.167786 0.132284 
 0.433877 -0.509881 0.081129 
 0.418882 -0.504156 0.079612 
 0.400457 -0.497700 0.055260 
 0.385501 -0.491991 0.053746 
 0.370545 -0.486281 0.052233 
 0.353933 -0.480228 0.039308 
 0.338997 -0.474527 0.037797 
 0.324061 -0.468825 0.036286 
 0.309125 -0.463123 0.034775 
 0.294189 -0.457422 0.033264 
 0.279253 -0.451720 0.031752 
 0.264317 -0.446018 0.030241 
 0.249381 -0.440316 0.028730 
 0.234444 -0.434615 0.027219 
 0.219508 -0.428913 0.025708 
 0.204572 -0.423211 0.024196 
 0.191076 -0.417771 0.034075 
 0.176120 -0.412061 0.032562 
 0.163966 -0.406845 0.053820 
 0.148971 -0.401120 0.052303 
 0.136698 -0.395858 0.073550 
 0.121664 -0.390119 0.072029 
 0.106630 -0.384380 0.070508 
 0.094200 -0.379058 0.091739 
 0.079126 -0.373304 0.090214 
 0.064053 -0.367549 0.088689 
 0.048979 -0.361795 0.087163 
 0.035129 -0.356220 0.097006 
 0.018832 -0.350287 0.084113 
 0.003758 -0.344532 0.082588 
 -0.013646 -0.338466 0.058339 
 -0.030970 -0.332430 0.034097 
 -0.054970 -0.325576 -0.058285 
 -0.073125 -0.319511 -0.093854 
 -0.087904 -0.313870 -0.095350 
 -0.104816 -0.307991 -0.119549 
 -0.122696 -0.302031 -0.155091 
 -0.137377 -0.296427 -0.156576 
 -0.152058 -0.290822 -0.158062 
 -0.166738 -0.285218 -0.159547 
 -0.180450 -0.279695 -0.149690 
 -0.197997 -0.273863 -0.185198 
 -0.212638 -0.268273 -0.186679 
 -0.227279 -0.262684 -0.188161 
 -0.241921 -0.257095 -0.189642 
 -0.256562 -0.251506 -0.191124 
 -0.271203 -0.245917 -0.192605 
 -0.270891 -0.240842 0.009823 
 -0.284264 -0.235160 0.030959 
 -0.299299 -0.229421 0.029437 
 -0.312790 -0.223694 0.050561 
 -0.327111 -0.217938 0.060356 
 -0.339274 -0.212140 0.104102 
 -0.353734 -0.206332 0.113884 
 -0.367539 -0.200485 0.134976 
 -0.381423 -0.194608 0.156059 
 -0.396693 -0.188779 0.154514 
 -0.411963 -0.182950 0.152969 
 0.416796 -0.519963 0.100545 
 0.398346 -0.513452 0.076193 
 0.379974 -0.506971 0.051849 
 0.365018 -0.501262 0.050336 
 0.348414 -0.495189 0.037414 
 0.333478 -0.489488 0.035903 
 0.318542 -0.483786 0.034392 
 0.303605 -0.478084 0.032880 
 0.288669 -0.472382 0.031369 
 0.273733 -0.466681 0.029858 
 0.258797 -0.460979 0.028347 
 0.243861 -0.455277 0.026836 
 0.230417 -0.449879 0.036718 
 0.215461 -0.444170 0.035204 
 0.203410 -0.439037 0.056470 
 0.188415 -0.433313 0.054953 
 0.173420 -0.427589 0.053436 
 0.161211 -0.422396 0.074686 
 0.146177 -0.416657 0.073165 
 0.131143 -0.410918 0.071643 
 0.116108 -0.405178 0.070122 
 0.101074 -0.399439 0.068601 
 0.088630 -0.394157 0.089827 
 0.074832 -0.388623 0.099673 
 0.059738 -0.382861 0.098146 
 0.044645 -0.377100 0.096619 
 0.028335 -0.371140 0.083726 
 0.013261 -0.365385 0.082201 
 -0.001812 -0.359631 0.080676 
 -0.019201 -0.353525 0.056432 
 -0.039925 -0.346945 -0.001877 
 -0.060453 -0.340439 -0.060167 
 -0.077488 -0.334468 -0.084375 
 -0.093365 -0.328673 -0.097224 
 -0.108144 -0.323031 -0.098720 
 -0.127082 -0.316866 -0.145606 
 -0.142802 -0.311132 -0.158439 
 -0.156482 -0.305643 -0.148580 
 -0.171183 -0.300031 -0.150068 
 -0.185883 -0.294420 -0.151555 
 -0.203407 -0.288528 -0.187055 
 -0.218049 -0.282939 -0.188537 
 -0.229984 -0.277585 -0.156017 
 -0.242919 -0.272115 -0.134840 
 -0.261973 -0.266172 -0.192981 
 -0.274085 -0.260750 -0.160479 
 -0.280550 -0.255621 -0.048708 
 -0.291428 -0.250138 0.006404 
 -0.304855 -0.244480 0.027531 
 -0.319889 -0.238741 0.026009 
 -0.334923 -0.233002 0.024488 
 -0.344156 -0.227348 0.113494 
 -0.357936 -0.221556 0.134585 
 -0.371795 -0.215733 0.155667 
 -0.387066 -0.209904 0.154122 
 -0.402336 -0.204074 0.152577 
 -0.417606 -0.198245 0.151032 
 0.426274 -0.540762 0.100159 
 0.411240 -0.535022 0.098638 
 0.392804 -0.528472 0.074291 
 0.377809 -0.522748 0.072774 
 0.362814 -0.517024 0.071257 
 0.344536 -0.510533 0.046926 
 0.327958 -0.504448 0.034008 
 0.313022 -0.498747 0.032497 
 0.298086 -0.493045 0.030986 
 0.283150 -0.487343 0.029475 
 0.269757 -0.481987 0.039360 
 0.254801 -0.476278 0.037847 
 0.239846 -0.470569 0.036334 
 0.224890 -0.464859 0.034821 
 0.209934 -0.459150 0.033308 
 0.197869 -0.454057 0.054568 
 0.185724 -0.448934 0.075821 
 0.167878 -0.442609 0.051534 
 0.155655 -0.437455 0.072779 
 0.140621 -0.431716 0.071258 
 0.125587 -0.425977 0.069737 
 0.110552 -0.420238 0.068215 
 0.098133 -0.415009 0.089440 
 0.083059 -0.409255 0.087915 
 0.069254 -0.403742 0.097759 
 0.052912 -0.397747 0.084865 
 0.037838 -0.391993 0.083340 
 0.022765 -0.386238 0.081814 
 0.007691 -0.380484 0.080289 
 -0.009723 -0.374324 0.056046 
 -0.030509 -0.367607 -0.002260 
 -0.047706 -0.361529 -0.026482 
 -0.065936 -0.355301 -0.062049 
 -0.082956 -0.349291 -0.086252 
 -0.098827 -0.343476 -0.099099 
 -0.113606 -0.337835 -0.100594 
 -0.132514 -0.331591 -0.147470 
 -0.147214 -0.325979 -0.148957 
 -0.161915 -0.320368 -0.150445 
 -0.176615 -0.314756 -0.151932 
 -0.191315 -0.309144 -0.153419 
 -0.206015 -0.303533 -0.154907 
 -0.220716 -0.297921 -0.156394 
 -0.233626 -0.292505 -0.135219 
 -0.248366 -0.286879 -0.136710 
 -0.261394 -0.281418 -0.115547 
 -0.275338 -0.275852 -0.105717 
 -0.290136 -0.270202 -0.107214 
 -0.303341 -0.264674 -0.086069 
 -0.318179 -0.259010 -0.087570 
 -0.317872 -0.254255 0.137276 
 -0.333103 -0.248440 0.135735 
 -0.348334 -0.242626 0.134194 
 -0.362168 -0.236858 0.155275 
 -0.376081 -0.231059 0.176349 
 -0.391391 -0.225215 0.174800 
 -0.406061 -0.219371 0.184557 
 -0.421390 -0.213519 0.183006 
 0.420718 -0.555821 0.098252 
 0.405684 -0.550082 0.096731 
 0.390650 -0.544342 0.095210 
 0.372268 -0.537768 0.070872 
 0.357273 -0.532044 0.069355 
 0.339009 -0.525514 0.045029 
 0.324053 -0.519805 0.043516 
 0.309098 -0.514095 0.042003 
 0.292566 -0.508006 0.029091 
 0.277630 -0.502304 0.027580 
 0.264230 -0.496968 0.037463 
 0.249275 -0.491259 0.035950 
 0.234319 -0.485549 0.034437 
 0.219363 -0.479840 0.032924 
 0.207322 -0.474801 0.054183 
 0.195203 -0.469732 0.075435 
 0.180168 -0.463993 0.073914 
 0.165134 -0.458254 0.072393 
 0.150100 -0.452515 0.070872 
 0.135065 -0.446775 0.069351 
 0.120031 -0.441036 0.067830 
 0.104997 -0.435297 0.066309 
 0.092563 -0.430108 0.087528 
 0.077489 -0.424354 0.086003 
 0.062415 -0.418600 0.084478 
 0.047342 -0.412846 0.082953 
 0.032268 -0.407091 0.081428 
 0.014790 -0.400862 0.057182 
 -0.000244 -0.395122 0.055661 
 -0.019929 -0.388492 0.008713 
 -0.038314 -0.382138 -0.026864 
 -0.055458 -0.376036 -0.051077 
 -0.073627 -0.369763 -0.086632 
 -0.088425 -0.364114 -0.088129 
 -0.103224 -0.358465 -0.089627 
 -0.119067 -0.352638 -0.102469 
 -0.135896 -0.346656 -0.126649 
 -0.152647 -0.340704 -0.150822 
 -0.167347 -0.335092 -0.152309 
 -0.182047 -0.329481 -0.153797 
 -0.196748 -0.323869 -0.155284 
 -0.211448 -0.318257 -0.156771 
 -0.226148 -0.312646 -0.158259 
 -0.239073 -0.307269 -0.137088 
 -0.253813 -0.301643 -0.138579 
 -0.266856 -0.296221 -0.117421 
 -0.281635 -0.290579 -0.118917 
 -0.296414 -0.284938 -0.120412 
 -0.310403 -0.279376 -0.110589 
 -0.325202 -0.273727 -0.112086 
 -0.323501 -0.269511 0.135344 
 -0.337271 -0.263812 0.156429 
 -0.352541 -0.257982 0.154884 
 -0.366429 -0.252238 0.175957 
 -0.381739 -0.246394 0.174408 
 -0.396396 -0.240578 0.184164 
 -0.411726 -0.234726 0.182613 
 -0.427055 -0.228874 0.181062 
 0.411712 -0.569960 0.073521 
 0.396717 -0.564236 0.072004 
 0.381722 -0.558512 0.070487 
 0.366727 -0.552788 0.068970 
 0.351732 -0.547063 0.067453 
 0.333482 -0.540494 0.043132 
 0.318527 -0.534785 0.041619 
 0.301983 -0.528668 0.028708 
 0.287047 -0.522967 0.027197 
 0.272111 -0.517265 0.025686 
 0.258704 -0.511948 0.035566 
 0.243748 -0.506239 0.034053 
 0.228792 -0.500530 0.032540 
 0.213836 -0.494821 0.031027 
 0.201781 -0.489821 0.052281 
 0.189647 -0.484792 0.073528 
 0.174613 -0.479052 0.072007 
 0.159578 -0.473313 0.070486 
 0.144544 -0.467574 0.068965 
 0.129509 -0.461835 0.067444 
 0.117140 -0.456715 0.088667 
 0.102066 -0.450961 0.087141 
 0.086992 -0.445207 0.085616 
 0.071919 -0.439453 0.084091 
 0.056845 -0.433698 0.082566 
 0.041771 -0.427944 0.081041 
 0.024269 -0.421660 0.056796 
 0.006845 -0.415406 0.032558 
 -0.010500 -0.409182 0.008329 
 -0.028922 -0.402746 -0.027247 
 -0.046091 -0.396589 -0.051458 
 -0.062064 -0.390690 -0.064311 
 -0.079095 -0.384586 -0.088509 
 -0.093894 -0.378937 -0.090006 
 -0.109749 -0.373083 -0.102848 
 -0.124528 -0.367441 -0.104343 
 -0.143379 -0.361040 -0.151199 
 -0.156083 -0.355793 -0.130010 
 -0.172779 -0.349817 -0.154174 
 -0.187480 -0.344205 -0.155661 
 -0.200301 -0.338913 -0.134484 
 -0.216880 -0.332982 -0.158636 
 -0.229781 -0.327660 -0.137466 
 -0.244520 -0.322033 -0.138958 
 -0.259260 -0.316406 -0.140449 
 -0.272317 -0.311024 -0.119296 
 -0.287096 -0.305383 -0.120791 
 -0.301875 -0.299741 -0.122287 
 -0.315872 -0.294199 -0.112466 
 -0.330671 -0.288550 -0.113963 
 -0.327644 -0.284936 0.156037 
 -0.342914 -0.279107 0.154492 
 -0.358184 -0.273278 0.152947 
 -0.372087 -0.267573 0.174015 
 -0.387396 -0.261729 0.172466 
 -0.402706 -0.255885 0.170917 
 -0.418015 -0.250041 0.169368 
 0.409607 -0.585939 0.094439 
 0.391176 -0.579256 0.070102 
 0.376181 -0.573532 0.068585 
 0.361186 -0.567807 0.067068 
 0.346191 -0.562083 0.065551 
 0.327956 -0.555475 0.041235 
 0.313000 -0.549766 0.039722 
 0.298044 -0.544056 0.038209 
 0.283088 -0.538347 0.036696 
 0.268133 -0.532638 0.035183 
 0.256220 -0.527738 0.056448 
 0.241225 -0.522014 0.054931 
 0.223265 -0.515510 0.030643 
 0.211235 -0.510565 0.051897 
 0.199126 -0.505590 0.073143 
 0.184091 -0.499851 0.071622 
 0.169057 -0.494112 0.070100 
 0.154022 -0.488373 0.068579 
 0.138988 -0.482633 0.067058 
 0.126643 -0.477568 0.088280 
 0.111569 -0.471814 0.086755 
 0.096496 -0.466060 0.085229 
 0.081422 -0.460305 0.083704 
 0.066348 -0.454551 0.082179 
 0.051275 -0.448797 0.080654 
 0.036201 -0.443043 0.079129 
 0.018713 -0.436719 0.054889 
 -0.001071 -0.429872 0.007945 
 -0.017195 -0.423893 -0.004921 
 -0.034427 -0.417667 -0.029136 
 -0.051581 -0.411472 -0.053342 
 -0.067548 -0.405553 -0.066193 
 -0.084564 -0.399410 -0.090386 
 -0.099362 -0.393760 -0.091883 
 -0.115211 -0.387887 -0.104722 
 -0.129990 -0.382245 -0.106218 
 -0.146790 -0.376184 -0.130388 
 -0.163511 -0.370153 -0.154551 
 -0.178212 -0.364542 -0.156038 
 -0.191009 -0.359304 -0.134862 
 -0.205748 -0.353677 -0.136353 
 -0.220488 -0.348051 -0.137845 
 -0.235228 -0.342424 -0.139336 
 -0.249967 -0.336797 -0.140827 
 -0.263000 -0.331470 -0.119675 
 -0.277779 -0.325828 -0.121170 
 -0.291743 -0.320321 -0.111348 
 -0.304953 -0.314925 -0.090213 
 -0.321341 -0.309022 -0.114343 
 -0.336139 -0.303373 -0.115840 
 -0.333287 -0.300232 0.154100 
 -0.348557 -0.294403 0.152555 
 -0.363827 -0.288573 0.151010 
 -0.377744 -0.282908 0.172073 
 -0.393054 -0.277064 0.170524 
 -0.408363 -0.271220 0.168975 
 -0.423673 -0.265375 0.167426 
 0.404051 -0.600999 0.092532 
 0.389017 -0.595259 0.091011 
 0.370639 -0.588552 0.066683 
 0.355644 -0.582827 0.065166 
 0.340649 -0.577103 0.063649 
 0.322429 -0.570455 0.039338 
 0.307473 -0.564746 0.037825 
 0.292517 -0.559037 0.036312 
 0.277562 -0.553328 0.034799 
 0.262606 -0.547618 0.033286 
 0.247650 -0.541909 0.031773 
 0.232694 -0.536200 0.030259 
 0.220689 -0.531309 0.051512 
 0.205694 -0.525585 0.049995 
 0.193570 -0.520649 0.071236 
 0.178535 -0.514910 0.069715 
 0.166294 -0.509930 0.090943 
 0.148467 -0.503432 0.066672 
 0.133432 -0.497692 0.065151 
 0.121073 -0.492667 0.086368 
 0.105999 -0.486913 0.084843 
 0.090925 -0.481158 0.083318 
 0.075852 -0.475404 0.081793 
 0.060778 -0.469650 0.080267 
 0.045704 -0.463896 0.078742 
 0.028192 -0.457518 0.054503 
 0.010757 -0.451170 0.030271 
 -0.006598 -0.444853 0.006048 
 -0.022714 -0.438854 -0.006816 
 -0.039932 -0.432589 -0.031026 
 -0.058193 -0.426079 -0.066574 
 -0.075234 -0.419882 -0.090766 
 -0.090032 -0.414233 -0.092263 
 -0.104831 -0.408583 -0.093760 
 -0.119630 -0.402934 -0.095258 
 -0.135451 -0.397048 -0.108092 
 -0.152237 -0.390948 -0.132257 
 -0.166976 -0.385321 -0.133749 
 -0.181716 -0.379695 -0.135240 
 -0.196456 -0.374068 -0.136731 
 -0.211195 -0.368441 -0.138223 
 -0.225935 -0.362815 -0.139714 
 -0.240674 -0.357188 -0.141205 
 -0.255414 -0.351561 -0.142697 
 -0.270153 -0.345935 -0.144188 
 -0.283240 -0.340631 -0.123045 
 -0.297212 -0.335144 -0.113225 
 -0.312011 -0.329495 -0.114722 
 -0.326809 -0.323845 -0.116220 
 -0.339364 -0.318591 -0.083788 
 -0.354222 -0.312920 -0.085292 
 -0.369079 -0.307248 -0.086795 
 -0.369470 -0.303869 0.149073 
 -0.383402 -0.298243 0.170131 
 -0.398711 -0.292399 0.168582 
 -0.414021 -0.286555 0.167033 
 0.398495 -0.616058 0.090625 
 0.386829 -0.611342 0.111908 
 0.368427 -0.604580 0.087583 
 0.353392 -0.598840 0.086061 
 0.338358 -0.593101 0.084540 
 0.320113 -0.586399 0.060230 
 0.305118 -0.580675 0.058713 
 0.290123 -0.574950 0.057196 
 0.275128 -0.569226 0.055678 
 0.260133 -0.563502 0.054161 
 0.245137 -0.557778 0.052644 
 0.230142 -0.552053 0.051127 
 0.212212 -0.545471 0.026849 
 0.200152 -0.540605 0.048093 
 0.188014 -0.535709 0.069329 
 0.172980 -0.529970 0.067808 
 0.157945 -0.524230 0.066287 
 0.142911 -0.518491 0.064765 
 0.127876 -0.512752 0.063244 
 0.115502 -0.507765 0.084456 
 0.100429 -0.502011 0.082931 
 0.085355 -0.496257 0.081406 
 0.070281 -0.490503 0.079881 
 0.055208 -0.484749 0.078356 
 0.040134 -0.478994 0.076830 
 0.020211 -0.471914 0.029887 
 0.001638 -0.465218 -0.005688 
 -0.015644 -0.458884 -0.029901 
 -0.030540 -0.453197 -0.031408 
 -0.048838 -0.446606 -0.066955 
 -0.063676 -0.440942 -0.068456 
 -0.080703 -0.434705 -0.092643 
 -0.095501 -0.429056 -0.094140 
 -0.110300 -0.423406 -0.095637 
 -0.125098 -0.417757 -0.097135 
 -0.139897 -0.412108 -0.098632 
 -0.157684 -0.405712 -0.134127 
 -0.172423 -0.400085 -0.135618 
 -0.187163 -0.394459 -0.137110 
 -0.201902 -0.388832 -0.138601 
 -0.216642 -0.383205 -0.140092 
 -0.231382 -0.377579 -0.141584 
 -0.246121 -0.371952 -0.143075 
 -0.260861 -0.366325 -0.144566 
 -0.275600 -0.360699 -0.146057 
 -0.288701 -0.355435 -0.124919 
 -0.302681 -0.349967 -0.115102 
 -0.315920 -0.344650 -0.093977 
 -0.329997 -0.339145 -0.084170 
 -0.343373 -0.333776 -0.063059 
 -0.358270 -0.328089 -0.064567 
 -0.374570 -0.322130 -0.088679 
 -0.375113 -0.319164 0.147136 
 -0.389059 -0.313578 0.168189 
 -0.404369 -0.307734 0.166640 
 0.381259 -0.626440 0.109996 
 0.366185 -0.620686 0.108471 
 0.347837 -0.613900 0.084155 
 0.332802 -0.608160 0.082633 
 0.317768 -0.602421 0.081112 
 0.299577 -0.595695 0.056811 
 0.284581 -0.589970 0.055294 
 0.269586 -0.584246 0.053777 
 0.254591 -0.578522 0.052259 
 0.239596 -0.572798 0.050742 
 0.224601 -0.567073 0.049225 
 0.209606 -0.561349 0.047708 
 0.194611 -0.555625 0.046191 
 0.182458 -0.550768 0.067422 
 0.167424 -0.545029 0.065901 
 0.152389 -0.539290 0.064380 
 0.137355 -0.533550 0.062859 
 0.125006 -0.528618 0.084069 
 0.109932 -0.522864 0.082544 
 0.094858 -0.517110 0.081019 
 0.079785 -0.511356 0.079494 
 0.064711 -0.505601 0.077969 
 0.049637 -0.499847 0.076444 
 0.034564 -0.494093 0.074918 
 0.012260 -0.486232 0.005281 
 -0.003881 -0.480179 -0.007582 
 -0.021149 -0.473805 -0.031790 
 -0.036045 -0.468119 -0.033297 
 -0.053195 -0.461790 -0.057493 
 -0.069159 -0.455804 -0.070338 
 -0.086171 -0.449528 -0.094520 
 -0.100970 -0.443879 -0.096017 
 -0.115768 -0.438229 -0.097514 
 -0.130567 -0.432580 -0.099012 
 -0.146374 -0.426655 -0.111841 
 -0.163131 -0.420476 -0.135997 
 -0.177870 -0.414849 -0.137488 
 -0.192610 -0.409223 -0.138979 
 -0.207349 -0.403596 -0.140470 
 -0.222089 -0.397969 -0.141962 
 -0.236828 -0.392343 -0.143453 
 -0.251568 -0.386716 -0.144944 
 -0.266308 -0.381089 -0.146436 
 -0.279384 -0.375880 -0.125299 
 -0.294163 -0.370238 -0.126794 
 -0.308149 -0.364790 -0.116979 
 -0.321403 -0.359513 -0.095859 
 -0.335488 -0.354027 -0.086054 
 -0.348878 -0.348698 -0.064949 
 -0.363775 -0.343011 -0.066456 
 -0.378672 -0.337324 -0.067963 
 0.372349 -0.640437 0.085290 
 0.357315 -0.634698 0.083769 
 0.342281 -0.628959 0.082248 
 0.327246 -0.623220 0.080726 
 0.312212 -0.617480 0.079205 
 0.294035 -0.610715 0.054909 
 0.279040 -0.604990 0.053392 
 0.264045 -0.599266 0.051875 
 0.249050 -0.593542 0.050357 
 0.237040 -0.588784 0.071600 
 0.222006 -0.583045 0.070078 
 0.206971 -0.577306 0.068557 
 0.191937 -0.571567 0.067036 
 0.179730 -0.566734 0.088258 
 0.161868 -0.560088 0.063994 
 0.149583 -0.555225 0.085208 
 0.134509 -0.549471 0.083682 
 0.119435 -0.543717 0.082157 
 0.104362 -0.537963 0.080632 
 0.090584 -0.532617 0.090466 
 0.074214 -0.526454 0.077582 
 0.059141 -0.520700 0.076057 
 0.044067 -0.514946 0.074532 
 0.026558 -0.508435 0.050304 
 0.006733 -0.501213 0.003384 
 -0.008223 -0.495503 0.001871 
 -0.026654 -0.488727 -0.033680 
 -0.043828 -0.482343 -0.057874 
 -0.059805 -0.476331 -0.070719 
 -0.074642 -0.470667 -0.072220 
 -0.091640 -0.464351 -0.096397 
 -0.106438 -0.458702 -0.097894 
 -0.122278 -0.452742 -0.110725 
 -0.137056 -0.447100 -0.112220 
 -0.151835 -0.441458 -0.113716 
 -0.168577 -0.435240 -0.137866 
 -0.183317 -0.429613 -0.139357 
 -0.198056 -0.423987 -0.140849 
 -0.212796 -0.418360 -0.142340 
 -0.227536 -0.412733 -0.143831 
 -0.242275 -0.407107 -0.145323 
 -0.257015 -0.401480 -0.146814 
 -0.271754 -0.395853 -0.148305 
 -0.286494 -0.390227 -0.149796 
 -0.299624 -0.385041 -0.128668 
 -0.313618 -0.379613 -0.118856 
 -0.326886 -0.374375 -0.097741 
 -0.340978 -0.368909 -0.087939 
 -0.355836 -0.363238 -0.089442 
 -0.369280 -0.357932 -0.068346 
 -0.384177 -0.352246 -0.069853 
 0.366794 -0.655497 0.083383 
 0.355044 -0.650883 0.104647 
 0.339970 -0.645129 0.103122 
 0.321690 -0.638279 0.078820 
 0.306656 -0.632540 0.077298 
 0.291622 -0.626800 0.075777 
 0.276587 -0.621061 0.074256 
 0.258504 -0.614286 0.049973 
 0.246518 -0.609583 0.071214 
 0.231484 -0.603844 0.069693 
 0.216450 -0.598104 0.068172 
 0.201415 -0.592365 0.066650 
 0.186381 -0.586626 0.065129 
 0.174160 -0.581833 0.086346 
 0.156312 -0.575147 0.062087 
 0.144013 -0.570324 0.083296 
 0.128939 -0.564570 0.081771 
 0.113865 -0.558816 0.080245 
 0.098791 -0.553061 0.078720 
 0.085007 -0.547735 0.088552 
 0.068644 -0.541553 0.075670 
 0.051072 -0.534973 0.051439 
 0.036037 -0.529233 0.049918 
 0.018583 -0.522698 0.025698 
 0.001207 -0.516193 0.001487 
 -0.014920 -0.510101 -0.011371 
 -0.032159 -0.503648 -0.035569 
 -0.049318 -0.497226 -0.059758 
 -0.065288 -0.491193 -0.072601 
 -0.080126 -0.485529 -0.074102 
 -0.097109 -0.479174 -0.098274 
 -0.111907 -0.473525 -0.099771 
 -0.127739 -0.467545 -0.112599 
 -0.141504 -0.462226 -0.102766 
 -0.157297 -0.456262 -0.115590 
 -0.174024 -0.450004 -0.139736 
 -0.188764 -0.444377 -0.141227 
 -0.203503 -0.438751 -0.142718 
 -0.216412 -0.433695 -0.121571 
 -0.231191 -0.428053 -0.123066 
 -0.245970 -0.422411 -0.124562 
 -0.262462 -0.416244 -0.148683 
 -0.275528 -0.411128 -0.127552 
 -0.289490 -0.405734 -0.117738 
 -0.304288 -0.400085 -0.119236 
 -0.317531 -0.394902 -0.098122 
 -0.332369 -0.389238 -0.099623 
 -0.346468 -0.383791 -0.089823 
 -0.361326 -0.378120 -0.091326 
 -0.376183 -0.372448 -0.092830 
 -0.391041 -0.366776 -0.094333 
 0.366202 -0.672327 0.115653 
 0.349474 -0.665982 0.102735 
 0.334400 -0.660228 0.101210 
 0.319327 -0.654474 0.099685 
 0.301100 -0.647599 0.075391 
 0.286066 -0.641860 0.073870 
 0.271031 -0.636121 0.072349 
 0.252962 -0.629306 0.048071 
 0.240963 -0.624642 0.069307 
 0.225928 -0.618903 0.067786 
 0.210894 -0.613164 0.066265 
 0.195860 -0.607424 0.064744 
 0.180825 -0.601685 0.063222 
 0.168590 -0.596931 0.084434 
 0.153516 -0.591177 0.082909 
 0.138442 -0.585423 0.081384 
 0.123369 -0.579669 0.079859 
 0.108295 -0.573914 0.078333 
 0.093221 -0.568160 0.076808 
 0.078147 -0.562406 0.075283 
 0.060550 -0.555771 0.051053 
 0.045516 -0.550032 0.049532 
 0.028036 -0.543442 0.025313 
 0.013041 -0.537718 0.023796 
 -0.004320 -0.531174 -0.000410 
 -0.020440 -0.525062 -0.013266 
 -0.037664 -0.518570 -0.037458 
 -0.054809 -0.512108 -0.061643 
 -0.070771 -0.506056 -0.074483 
 -0.085609 -0.500392 -0.075984 
 -0.102577 -0.493997 -0.100151 
 -0.117376 -0.488348 -0.101648 
 -0.132174 -0.482699 -0.103145 
 -0.146973 -0.477049 -0.104643 
 -0.161771 -0.471400 -0.106140 
 -0.177537 -0.465423 -0.118960 
 -0.192316 -0.459782 -0.120455 
 -0.208950 -0.453515 -0.144588 
 -0.221874 -0.448498 -0.123446 
 -0.236653 -0.442857 -0.124941 
 -0.251431 -0.437215 -0.126436 
 -0.266210 -0.431573 -0.127932 
 -0.280989 -0.425931 -0.129427 
 -0.294958 -0.420557 -0.119615 
 -0.309757 -0.414908 -0.121113 
 -0.323015 -0.409764 -0.100004 
 -0.337101 -0.404345 -0.090204 
 -0.351959 -0.398674 -0.091708 
 -0.366816 -0.393002 -0.093211 
 -0.381674 -0.387330 -0.094714 
 -0.396531 -0.381658 -0.096217 
 0.367215 -0.689885 0.159298 
 0.345532 -0.681683 0.112211 
 0.330438 -0.675921 0.110684 
 0.313756 -0.669572 0.097773 
 0.298682 -0.663818 0.096248 
 0.280510 -0.656919 0.071963 
 0.265476 -0.651180 0.070442 
 0.250441 -0.645441 0.068921 
 0.235407 -0.639701 0.067400 
 0.220373 -0.633962 0.065879 
 0.208240 -0.629293 0.087097 
 0.193167 -0.623538 0.085572 
 0.175269 -0.616744 0.061315 
 0.163019 -0.612030 0.082522 
 0.147946 -0.606276 0.080997 
 0.132872 -0.600521 0.079472 
 0.119131 -0.595257 0.089305 
 0.102724 -0.589013 0.076422 
 0.087651 -0.583259 0.074896 
 0.072577 -0.577504 0.073371 
 0.057503 -0.571750 0.071846 
 0.039960 -0.565091 0.047625 
 0.022495 -0.558462 0.023411 
 0.005109 -0.551863 -0.000794 
 -0.011023 -0.545724 -0.013649 
 -0.025959 -0.540023 -0.015160 
 -0.043169 -0.533491 -0.039348 
 -0.060299 -0.526990 -0.063527 
 -0.076254 -0.520918 -0.076365 
 -0.093247 -0.514469 -0.100531 
 -0.108046 -0.508820 -0.102028 
 -0.122844 -0.503171 -0.103525 
 -0.137643 -0.497522 -0.105022 
 -0.152442 -0.491872 -0.106520 
 -0.167240 -0.486223 -0.108017 
 -0.182998 -0.480227 -0.120834 
 -0.197777 -0.474585 -0.122330 
 -0.212556 -0.468943 -0.123825 
 -0.227335 -0.463302 -0.125320 
 -0.242114 -0.457660 -0.126815 
 -0.256893 -0.452018 -0.128311 
 -0.271672 -0.446377 -0.129806 
 -0.285628 -0.441030 -0.119995 
 -0.300427 -0.435380 -0.121492 
 -0.313660 -0.430291 -0.100385 
 -0.328498 -0.424627 -0.101886 
 -0.342592 -0.419227 -0.092089 
 -0.357449 -0.413556 -0.093592 
 -0.372307 -0.407884 -0.095095 
 -0.387164 -0.402212 -0.096599 
 -0.402022 -0.396541 -0.098102 
 0.361609 -0.705082 0.157373 
 0.343195 -0.698046 0.133068 
 0.324861 -0.691040 0.108770 
 0.308186 -0.684671 0.095861 
 0.293112 -0.678917 0.094336 
 0.278038 -0.673162 0.092811 
 0.259920 -0.666239 0.068535 
 0.244885 -0.660500 0.067014 
 0.229851 -0.654761 0.065493 
 0.214817 -0.649021 0.063972 
 0.202670 -0.644391 0.085186 
 0.187596 -0.638637 0.083660 
 0.172523 -0.632883 0.082135 
 0.157449 -0.627129 0.080610 
 0.142375 -0.621374 0.079085 
 0.127302 -0.615620 0.077560 
 0.113554 -0.610375 0.087390 
 0.098461 -0.604614 0.085863 
 0.082080 -0.598357 0.072985 
 0.067007 -0.592603 0.071459 
 0.051933 -0.586849 0.069934 
 0.034404 -0.580151 0.045718 
 0.019370 -0.574411 0.044197 
 -0.000418 -0.566844 -0.002691 
 -0.016542 -0.560685 -0.015543 
 -0.033777 -0.554099 -0.039730 
 -0.050932 -0.547544 -0.063908 
 -0.066899 -0.541445 -0.076745 
 -0.081737 -0.535781 -0.078247 
 -0.098716 -0.529292 -0.102408 
 -0.113515 -0.523643 -0.103905 
 -0.128313 -0.517994 -0.105402 
 -0.143112 -0.512345 -0.106899 
 -0.157910 -0.506696 -0.108397 
 -0.172709 -0.501046 -0.109894 
 -0.188460 -0.495030 -0.122709 
 -0.203239 -0.489388 -0.124204 
 -0.218018 -0.483747 -0.125699 
 -0.232796 -0.478105 -0.127195 
 -0.247575 -0.472463 -0.128690 
 -0.262354 -0.466822 -0.130185 
 -0.276299 -0.461502 -0.120375 
 -0.291097 -0.455853 -0.121872 
 -0.304305 -0.450818 -0.100765 
 -0.319143 -0.445153 -0.102267 
 -0.333981 -0.439489 -0.103768 
 -0.348082 -0.434109 -0.093973 
 -0.362940 -0.428438 -0.095477 
 -0.377797 -0.422766 -0.096980 
 -0.392655 -0.417094 -0.098483 
 -0.407512 -0.411423 -0.099986 
 0.356002 -0.720279 0.155449 
 0.340830 -0.714487 0.153914 
 0.322470 -0.707427 0.129617 
 0.304190 -0.700396 0.105328 
 0.287542 -0.694015 0.092424 
 0.272468 -0.688261 0.090899 
 0.257394 -0.682507 0.089374 
 0.239330 -0.675559 0.065107 
 0.224295 -0.669820 0.063586 
 0.212173 -0.665244 0.084799 
 0.197100 -0.659490 0.083274 
 0.182026 -0.653736 0.081749 
 0.166952 -0.647981 0.080223 
 0.151879 -0.642227 0.078698 
 0.136805 -0.636473 0.077173 
 0.123070 -0.631255 0.087003 
 0.110614 -0.626552 0.108182 
 0.092883 -0.619732 0.083949 
 0.077790 -0.613970 0.082422 
 0.061436 -0.607702 0.069548 
 0.046363 -0.601948 0.068022 
 0.028848 -0.595210 0.043811 
 0.013814 -0.589471 0.042290 
 -0.005945 -0.581824 -0.004587 
 -0.022062 -0.575646 -0.017438 
 -0.039281 -0.569021 -0.041620 
 -0.057545 -0.561972 -0.077126 
 -0.072383 -0.556307 -0.078627 
 -0.087221 -0.550643 -0.080129 
 -0.104185 -0.544115 -0.104285 
 -0.118983 -0.538466 -0.105782 
 -0.133782 -0.532817 -0.107279 
 -0.148580 -0.527168 -0.108776 
 -0.163379 -0.521519 -0.110274 
 -0.178177 -0.515869 -0.111771 
 -0.193921 -0.509833 -0.124583 
 -0.208700 -0.504192 -0.126079 
 -0.223479 -0.498550 -0.127574 
 -0.237372 -0.493273 -0.117760 
 -0.252170 -0.487623 -0.119257 
 -0.266969 -0.481974 -0.120755 
 -0.281767 -0.476325 -0.122252 
 -0.294950 -0.471344 -0.101146 
 -0.309788 -0.465680 -0.102647 
 -0.324626 -0.460016 -0.104149 
 -0.339464 -0.454352 -0.105650 
 -0.353573 -0.448992 -0.095858 
 -0.368430 -0.443320 -0.097361 
 -0.383288 -0.437648 -0.098864 
 -0.398145 -0.431977 -0.100367 
 0.350395 -0.735476 0.153525 
 0.335223 -0.729684 0.151990 
 0.316878 -0.722584 0.127698 
 0.298612 -0.715515 0.103414 
 0.281971 -0.709114 0.090512 
 0.266898 -0.703360 0.088987 
 0.251824 -0.697605 0.087462 
 0.236750 -0.691851 0.085937 
 0.218739 -0.684879 0.061679 
 0.203705 -0.679140 0.060158 
 0.191529 -0.674589 0.081362 
 0.177865 -0.669421 0.091197 
 0.162772 -0.663659 0.089670 
 0.147679 -0.657897 0.088143 
 0.132585 -0.652136 0.086616 
 0.117492 -0.646374 0.085089 
 0.105021 -0.641710 0.106263 
 0.086014 -0.634309 0.070686 
 0.072212 -0.629089 0.080507 
 0.055866 -0.622800 0.067636 
 0.040792 -0.617046 0.066111 
 0.023293 -0.610269 0.041905 
 0.005871 -0.603522 0.017706 
 -0.012645 -0.596309 -0.017821 
 -0.029890 -0.589629 -0.042002 
 -0.044786 -0.583942 -0.043509 
 -0.061913 -0.577308 -0.067677 
 -0.077866 -0.571170 -0.080509 
 -0.092704 -0.565505 -0.082010 
 -0.109653 -0.558938 -0.106162 
 -0.124452 -0.553289 -0.107659 
 -0.139250 -0.547640 -0.109156 
 -0.154049 -0.541991 -0.110653 
 -0.168847 -0.536342 -0.112151 
 -0.183646 -0.530692 -0.113648 
 -0.199383 -0.524637 -0.126458 
 -0.213243 -0.519394 -0.116642 
 -0.228042 -0.513745 -0.118140 
 -0.242840 -0.508096 -0.119637 
 -0.257639 -0.502446 -0.121134 
 -0.270758 -0.497535 -0.100026 
 -0.287236 -0.491148 -0.124129 
 -0.300434 -0.486207 -0.103028 
 -0.314491 -0.480889 -0.093233 
 -0.329348 -0.475217 -0.094736 
 -0.344206 -0.469545 -0.096239 
 -0.359063 -0.463874 -0.097742 
 -0.372516 -0.458835 -0.076668 
 -0.387413 -0.453148 -0.078175 
 -0.403636 -0.446859 -0.102252 
 0.344789 -0.750673 0.151600 
 0.329617 -0.744881 0.150065 
 0.311286 -0.737742 0.125779 
 0.296154 -0.731965 0.124248 
 0.276401 -0.724213 0.088601 
 0.261327 -0.718458 0.087075 
 0.246254 -0.712704 0.085550 
 0.231180 -0.706950 0.084025 
 0.216106 -0.701196 0.082500 
 0.201033 -0.695442 0.080975 
 0.185959 -0.689687 0.079450 
 0.172288 -0.684539 0.089283 
 0.157194 -0.678777 0.087756 
 0.142101 -0.673016 0.086228 
 0.127008 -0.667254 0.084701 
 0.111914 -0.661492 0.083174 
 0.096821 -0.655730 0.081647 
 0.081728 -0.649969 0.080120 
 0.065370 -0.643653 0.067249 
 0.050296 -0.637899 0.065724 
 0.032771 -0.631068 0.041519 
 0.017737 -0.625329 0.039998 
 0.000330 -0.618542 0.015804 
 -0.018165 -0.611269 -0.019715 
 -0.033101 -0.605568 -0.021227 
 -0.050291 -0.598864 -0.045398 
 -0.067403 -0.592190 -0.069562 
 -0.083349 -0.586032 -0.082391 
 -0.098187 -0.580368 -0.083892 
 -0.115122 -0.573762 -0.108039 
 -0.129920 -0.568112 -0.109536 
 -0.144719 -0.562463 -0.111033 
 -0.159518 -0.556814 -0.112530 
 -0.174316 -0.551165 -0.114028 
 -0.189115 -0.545516 -0.115525 
 -0.204844 -0.539440 -0.128332 
 -0.218712 -0.534217 -0.118519 
 -0.233510 -0.528568 -0.120017 
 -0.246565 -0.523726 -0.098905 
 -0.261403 -0.518062 -0.100406 
 -0.276241 -0.512397 -0.101908 
 -0.291079 -0.506733 -0.103409 
 -0.305124 -0.501443 -0.093614 
 -0.319981 -0.495771 -0.095117 
 -0.334839 -0.490099 -0.096620 
 -0.349696 -0.484428 -0.098123 
 -0.363125 -0.479443 -0.077050 
 -0.378021 -0.473756 -0.078557 
 -0.392918 -0.468070 -0.080065 
 0.340793 -0.766578 0.161054 
 0.324010 -0.760078 0.148141 
 0.308838 -0.754286 0.146606 
 0.290561 -0.747123 0.122328 
 0.275429 -0.741346 0.120797 
 0.260296 -0.735570 0.119266 
 0.242177 -0.728466 0.095004 
 0.227084 -0.722704 0.093477 
 0.210536 -0.716294 0.080588 
 0.196897 -0.711181 0.090422 
 0.184633 -0.706686 0.111611 
 0.169500 -0.700909 0.110080 
 0.154368 -0.695132 0.108549 
 0.139235 -0.689356 0.107017 
 0.124102 -0.683579 0.105486 
 0.108970 -0.677802 0.103955 
 0.093837 -0.672025 0.102424 
 0.076150 -0.665087 0.078206 
 0.059799 -0.658752 0.065337 
 0.044725 -0.652998 0.063812 
 0.029652 -0.647244 0.062287 
 0.012181 -0.640388 0.038091 
 -0.002854 -0.634648 0.036570 
 -0.023684 -0.626230 -0.021610 
 -0.038620 -0.620529 -0.023121 
 -0.055796 -0.613785 -0.047288 
 -0.072894 -0.607072 -0.071446 
 -0.087751 -0.601400 -0.072950 
 -0.103670 -0.595230 -0.085774 
 -0.120590 -0.588585 -0.109915 
 -0.135389 -0.582935 -0.111413 
 -0.150188 -0.577286 -0.112910 
 -0.164986 -0.571637 -0.114407 
 -0.179785 -0.565988 -0.115905 
 -0.194583 -0.560339 -0.117402 
 -0.210305 -0.554244 -0.130207 
 -0.224180 -0.549040 -0.120396 
 -0.237211 -0.544253 -0.099286 
 -0.251184 -0.539012 -0.089485 
 -0.266041 -0.533340 -0.090988 
 -0.280899 -0.527668 -0.092492 
 -0.295756 -0.521996 -0.093995 
 -0.310614 -0.516325 -0.095498 
 -0.325471 -0.510653 -0.097001 
 -0.340329 -0.504981 -0.098505 
 -0.355186 -0.499310 -0.100008 
 -0.368629 -0.494364 -0.078940 
 -0.383526 -0.488678 -0.080447 
 -0.398423 -0.482991 -0.081954 
 0.335180 -0.781795 0.159127 
 0.319988 -0.775996 0.157590 
 0.303232 -0.769484 0.144682 
 0.284970 -0.762281 0.120409 
 0.269837 -0.756504 0.118878 
 0.254704 -0.750727 0.117347 
 0.239572 -0.744951 0.115816 
 0.221506 -0.737823 0.091562 
 0.206413 -0.732061 0.090035 
 0.191319 -0.726299 0.088508 
 0.179041 -0.721844 0.109691 
 0.163908 -0.716067 0.108160 
 0.148776 -0.710290 0.106629 
 0.133643 -0.704513 0.105098 
 0.115853 -0.697491 0.080873 
 0.103378 -0.692960 0.102036 
 0.088245 -0.687183 0.100505 
 0.070573 -0.680205 0.076291 
 0.054229 -0.673851 0.063425 
 0.039155 -0.668096 0.061900 
 0.024082 -0.662342 0.060375 
 0.009008 -0.656588 0.058850 
 -0.008409 -0.649708 0.034663 
 -0.029204 -0.641191 -0.023504 
 -0.044140 -0.635490 -0.025015 
 -0.061301 -0.628707 -0.049177 
 -0.076198 -0.623020 -0.050685 
 -0.091095 -0.617333 -0.052192 
 -0.108099 -0.610611 -0.076337 
 -0.123991 -0.604429 -0.089158 
 -0.138829 -0.598764 -0.090659 
 -0.153667 -0.593100 -0.092160 
 -0.168504 -0.587436 -0.093661 
 -0.183342 -0.581772 -0.095163 
 -0.197244 -0.576581 -0.085357 
 -0.213018 -0.570443 -0.098165 
 -0.226959 -0.565237 -0.088363 
 -0.241817 -0.559565 -0.089866 
 -0.256674 -0.553894 -0.091370 
 -0.269857 -0.549093 -0.070278 
 -0.284754 -0.543406 -0.071786 
 -0.299650 -0.537719 -0.073293 
 -0.314547 -0.532033 -0.074800 
 -0.329444 -0.526346 -0.076307 
 -0.344341 -0.520659 -0.077815 
 -0.359238 -0.514973 -0.079322 
 -0.374134 -0.509286 -0.080829 
 -0.389031 -0.503599 -0.082336 
 -0.403928 -0.497913 -0.083843 
 0.347990 -0.804322 0.181486 
 0.332759 -0.798507 0.179945 
 0.314374 -0.791213 0.155663 
 0.297625 -0.784681 0.142757 
 0.282453 -0.778889 0.141222 
 0.267281 -0.773097 0.139687 
 0.252109 -0.767305 0.138152 
 0.233980 -0.760108 0.113896 
 0.218847 -0.754332 0.112365 
 0.203714 -0.748555 0.110834 
 0.188582 -0.742778 0.109303 
 0.173449 -0.737001 0.107772 
 0.158316 -0.731225 0.106241 
 0.143184 -0.725448 0.104710 
 0.128051 -0.719671 0.103179 
 0.110275 -0.712609 0.078958 
 0.100390 -0.709388 0.122801 
 0.078806 -0.700458 0.064564 
 0.064995 -0.695324 0.074377 
 0.048659 -0.688949 0.061513 
 0.033585 -0.683195 0.059988 
 0.018511 -0.677441 0.058463 
 0.003438 -0.671687 0.056938 
 -0.013965 -0.664767 0.032756 
 -0.034723 -0.656152 -0.025399 
 -0.048534 -0.651018 -0.015585 
 -0.064595 -0.644749 -0.028421 
 -0.081703 -0.637942 -0.052574 
 -0.096600 -0.632255 -0.054081 
 -0.111497 -0.626568 -0.055589 
 -0.128447 -0.619821 -0.079725 
 -0.143305 -0.614149 -0.081228 
 -0.159150 -0.607963 -0.094042 
 -0.173020 -0.602806 -0.084235 
 -0.187877 -0.597134 -0.085738 
 -0.202735 -0.591463 -0.087241 
 -0.217592 -0.585791 -0.088744 
 -0.232450 -0.580119 -0.090248 
 -0.247307 -0.574448 -0.091751 
 -0.262165 -0.568776 -0.093254 
 -0.275362 -0.564014 -0.072168 
 -0.290258 -0.558328 -0.073675 
 -0.305155 -0.552641 -0.075182 
 -0.320052 -0.546954 -0.076690 
 -0.334949 -0.541267 -0.078197 
 -0.349846 -0.535581 -0.079704 
 -0.363318 -0.530714 -0.058645 
 -0.378254 -0.525013 -0.060156 
 -0.394536 -0.518521 -0.084226 
 -0.409433 -0.512834 -0.085733 
 0.345580 -0.821127 0.202298 
 0.327131 -0.813763 0.178013 
 0.308760 -0.806429 0.153736 
 0.293569 -0.800630 0.152199 
 0.276846 -0.794086 0.139298 
 0.261675 -0.788294 0.137763 
 0.246503 -0.782503 0.136228 
 0.231331 -0.776711 0.134693 
 0.216159 -0.770919 0.133158 
 0.198122 -0.763713 0.108915 
 0.182989 -0.757936 0.107384 
 0.167857 -0.752159 0.105853 
 0.152724 -0.746382 0.104322 
 0.137592 -0.740606 0.102790 
 0.122459 -0.734829 0.101259 
 0.107326 -0.729052 0.099728 
 0.094783 -0.724585 0.120877 
 0.074511 -0.716204 0.073990 
 0.059418 -0.710442 0.072463 
 0.044324 -0.704680 0.070935 
 0.028015 -0.698294 0.058076 
 0.012941 -0.692540 0.056551 
 -0.002133 -0.686785 0.055026 
 -0.019521 -0.679826 0.030849 
 -0.039105 -0.671708 -0.015969 
 -0.055179 -0.665411 -0.028804 
 -0.070115 -0.659710 -0.030316 
 -0.085051 -0.654008 -0.031827 
 -0.099987 -0.648306 -0.033338 
 -0.117002 -0.641490 -0.057478 
 -0.131898 -0.635803 -0.058985 
 -0.146795 -0.630116 -0.060492 
 -0.163653 -0.623360 -0.084616 
 -0.176589 -0.618743 -0.063507 
 -0.191486 -0.613056 -0.065014 
 -0.206382 -0.607369 -0.066521 
 -0.223083 -0.600673 -0.090629 
 -0.236176 -0.595996 -0.069536 
 -0.251073 -0.590309 -0.071043 
 -0.265970 -0.584623 -0.072550 
 -0.280867 -0.578936 -0.074057 
 -0.295763 -0.573249 -0.075565 
 -0.310660 -0.567562 -0.077072 
 -0.325557 -0.561876 -0.078579 
 -0.338965 -0.557079 -0.057517 
 -0.353901 -0.551377 -0.059028 
 -0.368132 -0.546105 -0.049259 
 -0.383088 -0.540396 -0.050772 
 0.306272 -0.823205 0.174540 
 0.287955 -0.815847 0.150272 
 0.272763 -0.810048 0.148735 
 0.256068 -0.803491 0.135838 
 0.240896 -0.797700 0.134303 
 0.225724 -0.791908 0.132768 
 0.210552 -0.786116 0.131233 
 0.195380 -0.780324 0.129698 
 0.180208 -0.774533 0.128163 
 0.165036 -0.768741 0.126628 
 0.147132 -0.761540 0.102402 
 0.131999 -0.755763 0.100871 
 0.116867 -0.749987 0.099340 
 0.104348 -0.745574 0.120488 
 0.086602 -0.738433 0.096278 
 0.071469 -0.732656 0.094747 
 0.053840 -0.725560 0.070548 
 0.038747 -0.719799 0.069021 
 0.023653 -0.714037 0.067494 
 0.007371 -0.707638 0.054639 
 -0.007703 -0.701884 0.053114 
 -0.025077 -0.694886 0.028942 
 -0.042371 -0.687917 0.004777 
 -0.059588 -0.680979 -0.019379 
 -0.074543 -0.675270 -0.020892 
 -0.090570 -0.668969 -0.033721 
 -0.105507 -0.663267 -0.035232 
 -0.120443 -0.657565 -0.036744 
 -0.137403 -0.650724 -0.060875 
 -0.152300 -0.645038 -0.062382 
 -0.167197 -0.639351 -0.063889 
 -0.182094 -0.633664 -0.065396 
 -0.196991 -0.627978 -0.066903 
 -0.211887 -0.622291 -0.068411 
 -0.228573 -0.615555 -0.092513 
 -0.241681 -0.610917 -0.071425 
 -0.256578 -0.605231 -0.072932 
 -0.271475 -0.599544 -0.074440 
 -0.286371 -0.593857 -0.075947 
 -0.299676 -0.589145 -0.054878 
 -0.314612 -0.583443 -0.056389 
 -0.329548 -0.577741 -0.057900 
 -0.343747 -0.572504 -0.048130 
 -0.358703 -0.566795 -0.049643 
 -0.372263 -0.561984 -0.028600 
 -0.387258 -0.556260 -0.030118 
 0.285412 -0.832647 0.171067 
 0.267149 -0.825264 0.146809 
 0.251958 -0.819465 0.145272 
 0.236766 -0.813666 0.143734 
 0.221574 -0.807867 0.142197 
 0.204945 -0.801313 0.129309 
 0.189773 -0.795521 0.127774 
 0.174602 -0.789730 0.126239 
 0.160808 -0.784670 0.136049 
 0.144258 -0.778146 0.123169 
 0.129086 -0.772354 0.121634 
 0.113914 -0.766563 0.120099 
 0.098742 -0.760771 0.118563 
 0.083570 -0.754979 0.117028 
 0.065877 -0.747814 0.092827 
 0.048262 -0.740679 0.068634 
 0.033169 -0.734917 0.067107 
 0.018076 -0.729155 0.065580 
 0.001800 -0.722737 0.052727 
 -0.013273 -0.716983 0.051202 
 -0.028347 -0.711228 0.049677 
 -0.045667 -0.704206 0.025514 
 -0.062908 -0.697213 0.001358 
 -0.080070 -0.690250 -0.022789 
 -0.095026 -0.684541 -0.024303 
 -0.109982 -0.678832 -0.025816 
 -0.124938 -0.673123 -0.027329 
 -0.140898 -0.666824 -0.040149 
 -0.155834 -0.661123 -0.041660 
 -0.170771 -0.655421 -0.043172 
 -0.185707 -0.649719 -0.044683 
 -0.200643 -0.644017 -0.046194 
 -0.215579 -0.638316 -0.047705 
 -0.232289 -0.631526 -0.071807 
 -0.245451 -0.626912 -0.050728 
 -0.260387 -0.621211 -0.052239 
 -0.275323 -0.615509 -0.053750 
 -0.290259 -0.609807 -0.055261 
 -0.304407 -0.604612 -0.045487 
 -0.319362 -0.598903 -0.047000 
 -0.334318 -0.593194 -0.048513 
 -0.349274 -0.587484 -0.050027 
 -0.362809 -0.582729 -0.028985 
 -0.377804 -0.577004 -0.030502 
 -0.392799 -0.571280 -0.032020 
 0.246344 -0.834682 0.143345 
 0.231152 -0.828883 0.141808 
 0.215960 -0.823083 0.140271 
 0.200769 -0.817284 0.138734 
 0.185577 -0.811485 0.137197 
 0.170386 -0.805686 0.135659 
 0.155194 -0.799886 0.134122 
 0.138651 -0.793343 0.121244 
 0.123479 -0.787552 0.119709 
 0.108307 -0.781760 0.118174 
 0.093135 -0.775968 0.116639 
 0.077963 -0.770176 0.115104 
 0.062791 -0.764385 0.113569 
 0.045152 -0.757195 0.089377 
 0.026377 -0.749344 0.053866 
 0.011304 -0.743590 0.052341 
 -0.002595 -0.738512 0.062138 
 -0.018844 -0.732081 0.049290 
 -0.033917 -0.726327 0.047765 
 -0.051223 -0.719265 0.023607 
 -0.068449 -0.712233 -0.000544 
 -0.083444 -0.706509 -0.002061 
 -0.100553 -0.699522 -0.026199 
 -0.115508 -0.693813 -0.027713 
 -0.130464 -0.688103 -0.029226 
 -0.146418 -0.681785 -0.042044 
 -0.161354 -0.676084 -0.043555 
 -0.176290 -0.670382 -0.045066 
 -0.191226 -0.664680 -0.046577 
 -0.205243 -0.659557 -0.036792 
 -0.220199 -0.653848 -0.038305 
 -0.236035 -0.647575 -0.051111 
 -0.250110 -0.642430 -0.041331 
 -0.265066 -0.636720 -0.042844 
 -0.280843 -0.630470 -0.055644 
 -0.294978 -0.625302 -0.045871 
 -0.309933 -0.619593 -0.047384 
 -0.323365 -0.614921 -0.026336 
 -0.338360 -0.609197 -0.027853 
 -0.353355 -0.603473 -0.029370 
 -0.368350 -0.597748 -0.030887 
 -0.383346 -0.592024 -0.032404 
 -0.398341 -0.586300 -0.033921 
 0.195155 -0.832501 0.136807 
 0.179963 -0.826702 0.135270 
 0.164772 -0.820902 0.133733 
 0.149580 -0.815103 0.132196 
 0.134389 -0.809304 0.130659 
 0.117872 -0.802749 0.117785 
 0.102700 -0.796957 0.116250 
 0.087528 -0.791165 0.114715 
 0.072357 -0.785373 0.113180 
 0.057185 -0.779582 0.111645 
 0.039560 -0.772353 0.087458 
 0.024427 -0.766576 0.085927 
 0.009295 -0.760799 0.084395 
 -0.008173 -0.753630 0.060224 
 -0.023266 -0.747868 0.058697 
 -0.039488 -0.741426 0.045853 
 -0.056778 -0.734324 0.021700 
 -0.071813 -0.728585 0.020179 
 -0.086847 -0.722846 0.018658 
 -0.103980 -0.715804 -0.005480 
 -0.118976 -0.710080 -0.006997 
 -0.133970 -0.704356 -0.008515 
 -0.150947 -0.697375 -0.032636 
 -0.165902 -0.691665 -0.034149 
 -0.180858 -0.685956 -0.035662 
 -0.195814 -0.680247 -0.037175 
 -0.210770 -0.674538 -0.038689 
 -0.225726 -0.668829 -0.040202 
 -0.241554 -0.662536 -0.053005 
 -0.255637 -0.657410 -0.043228 
 -0.270593 -0.651701 -0.044741 
 -0.285549 -0.645992 -0.046255 
 -0.300504 -0.640282 -0.047768 
 -0.313911 -0.635665 -0.026720 
 -0.328907 -0.629941 -0.028238 
 -0.343902 -0.624217 -0.029755 
 -0.358897 -0.618493 -0.031272 
 -0.373892 -0.612768 -0.032789 
 -0.388887 -0.607044 -0.034306 
 0.146680 -0.831902 0.152944 
 0.131449 -0.826087 0.151403 
 0.113583 -0.818722 0.127195 
 0.098391 -0.812922 0.125658 
 0.083200 -0.807123 0.124121 
 0.068008 -0.801324 0.122584 
 0.052817 -0.795525 0.121046 
 0.036406 -0.788987 0.108185 
 0.021234 -0.783195 0.106650 
 0.006062 -0.777403 0.105115 
 -0.009110 -0.771612 0.103580 
 -0.028844 -0.762987 0.056782 
 -0.043937 -0.757225 0.055255 
 -0.060132 -0.750770 0.042416 
 -0.077368 -0.743644 0.018272 
 -0.092403 -0.737905 0.016751 
 -0.107437 -0.732166 0.015230 
 -0.122472 -0.726427 0.013709 
 -0.137506 -0.720687 0.012188 
 -0.154507 -0.713652 -0.011934 
 -0.169502 -0.707927 -0.013451 
 -0.184497 -0.702203 -0.014968 
 -0.199492 -0.696479 -0.016485 
 -0.212678 -0.691991 0.004582 
 -0.229482 -0.685031 -0.019519 
 -0.246208 -0.678100 -0.043612 
 -0.261164 -0.672391 -0.045125 
 -0.274468 -0.667858 -0.024071 
 -0.289463 -0.662134 -0.025588 
 -0.302884 -0.657556 -0.004545 
 -0.319453 -0.650685 -0.028622 
 -0.332953 -0.646077 -0.007587 
 -0.349443 -0.639237 -0.031657 
 -0.364438 -0.633513 -0.033174 
 -0.379433 -0.627788 -0.034691 
 -0.394428 -0.622064 -0.036208 
 0.110589 -0.835529 0.147930 
 0.095358 -0.829715 0.146389 
 0.080128 -0.823901 0.144848 
 0.064897 -0.818087 0.143307 
 0.047203 -0.810741 0.119120 
 0.032011 -0.804942 0.117583 
 0.016820 -0.799143 0.116046 
 0.001628 -0.793344 0.114508 
 -0.014716 -0.786809 0.101656 
 -0.032155 -0.779561 0.077495 
 -0.047288 -0.773784 0.075963 
 -0.064608 -0.766582 0.051814 
 -0.080776 -0.760115 0.038979 
 -0.095849 -0.754360 0.037454 
 -0.110923 -0.748606 0.035929 
 -0.125997 -0.742852 0.034404 
 -0.141070 -0.737098 0.032879 
 -0.156144 -0.731343 0.031354 
 -0.171218 -0.725589 0.029829 
 -0.188165 -0.718529 0.005717 
 -0.203199 -0.712790 0.004196 
 -0.216439 -0.708326 0.025253 
 -0.231513 -0.702572 0.023728 
 -0.248302 -0.695572 -0.000367 
 -0.263337 -0.689833 -0.001888 
 -0.278371 -0.684094 -0.003410 
 -0.291807 -0.679555 0.017628 
 -0.306881 -0.673801 0.016103 
 -0.321955 -0.668047 0.014578 
 -0.338509 -0.661137 -0.009494 
 -0.353543 -0.655398 -0.011015 
 -0.368578 -0.649658 -0.012536 
 -0.383612 -0.643919 -0.014058 
 0.061756 -0.834928 0.164020 
 0.044037 -0.827528 0.139834 
 0.026397 -0.820159 0.115656 
 0.011206 -0.814360 0.114119 
 -0.003986 -0.808560 0.112582 
 -0.020323 -0.802006 0.099731 
 -0.035495 -0.796214 0.098196 
 -0.050667 -0.790422 0.096661 
 -0.068012 -0.783165 0.072513 
 -0.085279 -0.775938 0.048372 
 -0.100372 -0.770177 0.046845 
 -0.116493 -0.763705 0.034017 
 -0.130559 -0.758653 0.043791 
 -0.145652 -0.752891 0.042264 
 -0.161714 -0.746442 0.029442 
 -0.176788 -0.740688 0.027917 
 -0.191862 -0.734934 0.026392 
 -0.206936 -0.729179 0.024867 
 -0.222009 -0.723425 0.023341 
 -0.237083 -0.717671 0.021816 
 -0.253858 -0.710631 -0.002274 
 -0.267230 -0.706162 0.018766 
 -0.282304 -0.700408 0.017241 
 -0.297378 -0.694654 0.015716 
 -0.312451 -0.688900 0.014191 
 -0.329030 -0.681935 -0.009880 
 -0.344064 -0.676196 -0.011401 
 -0.359099 -0.670457 -0.012922 
 -0.374133 -0.664718 -0.014443 
 -0.389168 -0.658978 -0.015964 
 0.023178 -0.836970 0.136361 
 0.007947 -0.831156 0.134820 
 -0.007284 -0.825342 0.133279 
 -0.024792 -0.817978 0.109118 
 -0.039983 -0.812179 0.107581 
 -0.056274 -0.805619 0.094737 
 -0.071446 -0.799828 0.093202 
 -0.088737 -0.792546 0.069063 
 -0.103870 -0.786770 0.067532 
 -0.121043 -0.779533 0.043404 
 -0.136137 -0.773771 0.041876 
 -0.151230 -0.768010 0.040349 
 -0.166323 -0.762248 0.038822 
 -0.181417 -0.756486 0.037295 
 -0.197432 -0.750032 0.024480 
 -0.211603 -0.744963 0.034241 
 -0.226697 -0.739201 0.032714 
 -0.242653 -0.732769 0.019904 
 -0.259414 -0.725691 -0.004181 
 -0.272801 -0.721261 0.016854 
 -0.287874 -0.715507 0.015329 
 -0.302163 -0.710392 0.025078 
 -0.318022 -0.703998 0.012279 
 -0.333095 -0.698244 0.010754 
 -0.349620 -0.691255 -0.013308 
 -0.028143 -0.834784 0.129806 
 -0.045597 -0.827395 0.105654 
 -0.060789 -0.821596 0.104117 
 -0.075980 -0.815797 0.102580 
 -0.091172 -0.809998 0.101043 
 -0.107396 -0.803441 0.088207 
 -0.122568 -0.797650 0.086672 
 -0.139727 -0.790374 0.062550 
 -0.154860 -0.784597 0.061019 
 -0.169993 -0.778820 0.059488 
 -0.186994 -0.771605 0.035381 
 -0.203003 -0.765131 0.022568 
 -0.217181 -0.760081 0.032327 
 -0.232274 -0.754319 0.030799 
 -0.248224 -0.747868 0.017993 
 -0.264970 -0.740750 -0.006088 
 -0.278371 -0.736360 0.014942 
 -0.292648 -0.731272 0.024691 
 -0.306186 -0.726830 0.045708 
 -0.322834 -0.719749 0.021637 
 -0.337928 -0.713987 0.020110 
 -0.066402 -0.836813 0.102190 
 -0.081594 -0.831014 0.100653 
 -0.096786 -0.825214 0.099116 
 -0.111977 -0.819415 0.097579 
 -0.127169 -0.813616 0.096042 
 -0.143347 -0.807055 0.083213 
 -0.158519 -0.801263 0.081678 
 -0.173691 -0.795471 0.080143 
 -0.190717 -0.788201 0.056037 
 -0.205850 -0.782425 0.054506 
 -0.220983 -0.776648 0.052975 
 -0.236115 -0.770871 0.051444 
 -0.252945 -0.763676 0.027358 
 -0.268868 -0.757213 0.014556 
 -0.283132 -0.752153 0.024304 
 -0.296646 -0.747764 0.045320 
 -0.311778 -0.741987 0.043789 
 -0.326911 -0.736211 0.042258 
 -0.343505 -0.729106 0.018195 
 -0.115555 -0.836225 0.118237 
 -0.130786 -0.830410 0.116696 
 -0.146016 -0.824596 0.115155 
 -0.163166 -0.817234 0.091041 
 -0.178358 -0.811435 0.089504 
 -0.193549 -0.805636 0.087967 
 -0.209641 -0.799085 0.075148 
 -0.226575 -0.791806 0.051056 
 -0.241707 -0.786029 0.049525 
 -0.258523 -0.778794 0.025444 
 -0.276081 -0.770869 -0.009902 
 -0.289512 -0.766557 0.011119 
 -0.304585 -0.760803 0.009593 
 -0.317371 -0.757145 0.041869 
 -0.332503 -0.751368 0.040338 
 -0.149701 -0.841454 0.135796 
 -0.166876 -0.834038 0.111682 
 -0.183972 -0.826652 0.087577 
 -0.199163 -0.820852 0.086040 
 -0.214355 -0.815053 0.084503 
 -0.230420 -0.808490 0.071689 
 -0.247299 -0.801187 0.047605 
 -0.264100 -0.793913 0.023529 
 -0.281637 -0.785928 -0.011809 
 -0.296672 -0.780189 -0.013330 
 -0.310156 -0.775901 0.007682 
 -0.187735 -0.843480 0.108210 
 -0.202966 -0.837666 0.106669 
 -0.219969 -0.830270 0.082576 
 -0.236026 -0.823687 0.069765 
 -0.252891 -0.816344 0.045686 
 -0.269678 -0.809031 0.021615 
 -0.284771 -0.803269 0.020088 
 -0.299865 -0.797508 0.018561 
 -0.235620 -0.844505 0.146740 
 -0.258484 -0.831502 0.043767 
 -0.275256 -0.824149 0.019700 
 -0.290349 -0.818388 0.018173 
 -0.305442 -0.812626 0.016646 
 