0.170391 0.554663 0.134491
0.154373 0.554663 0.134491
0.198943 0.541387 0.112846
0.186409 0.538646 0.134491
0.170391 0.538646 0.134491
0.154373 0.538646 0.134491
0.198943 0.525411 0.112846
0.186409 0.522628 0.134491
0.170391 0.522628 0.134491
0.154373 0.522628 0.134491
0.138356 0.522628 0.134491
0.278826 0.509434 0.112846
0.262849 0.509434 0.112846
0.246873 0.509434 0.112846
0.230896 0.509434 0.112846
0.214920 0.509434 0.112846
0.198943 0.509434 0.112846
0.182966 0.509434 0.112846
0.170391 0.506610 0.134491
0.154373 0.506610 0.134491
0.138356 0.506610 0.134491
-0.067093 0.503786 0.156137
-0.085894 0.506610 0.134491
-0.107313 0.512259 0.091200
-0.124578 0.513671 0.080377
-0.140493 0.513671 0.080377
0.310779 0.493458 0.112846
0.294803 0.493458 0.112846
0.278826 0.493458 0.112846
0.262849 0.493458 0.112846
0.246873 0.493458 0.112846
0.230896 0.493458 0.112846
0.214920 0.493458 0.112846
0.198943 0.493458 0.112846
0.182966 0.493458 0.112846
0.166990 0.493458 0.112846
0.151013 0.493458 0.112846
0.135037 0.493458 0.112846
-0.047870 0.500621 0.058731
-0.063743 0.500621 0.058731
-0.069876 0.490592 0.134491
-0.085894 0.490592 0.134491
-0.108663 0.497756 0.080377
-0.124578 0.497756 0.080377
-0.140493 0.497756 0.080377
0.294803 0.477481 0.112846
0.278826 0.477481 0.112846
0.259201 0.480388 0.091200
0.246873 0.477481 0.112846
0.230896 0.477481 0.112846
0.211394 0.480388 0.091200
0.195459 0.480388 0.091200
0.182966 0.477481 0.112846
0.166990 0.477481 0.112846
0.151013 0.477481 0.112846
0.138356 0.474574 0.134491
0.122338 0.474574 0.134491
-0.031996 0.484748 0.058731
-0.047870 0.484748 0.058731
-0.063743 0.484748 0.058731
-0.072659 0.477481 0.112846
-0.092748 0.481841 0.080377
-0.108663 0.481841 0.080377
-0.124578 0.481841 0.080377
-0.140493 0.481841 0.080377
-0.156407 0.481841 0.080377
0.326756 0.461505 0.112846
0.310779 0.461505 0.112846
0.294803 0.461505 0.112846
0.278826 0.461505 0.112846
0.262849 0.461505 0.112846
0.243265 0.464452 0.091200
0.227330 0.464452 0.091200
0.211394 0.464452 0.091200
0.193717 0.465926 0.080377
0.179524 0.464452 0.091200
0.163588 0.464452 0.091200
0.151013 0.461505 0.112846
0.135037 0.461505 0.112846
0.122338 0.458557 0.134491
0.106320 0.458557 0.134491
-0.016123 0.468874 0.058731
-0.034903 0.471822 0.037085
-0.050735 0.471822 0.037085
-0.066567 0.471822 0.037085
-0.079617 0.468874 0.058731
-0.095490 0.468874 0.058731
-0.111364 0.468874 0.058731
-0.127237 0.468874 0.058731
-0.143111 0.468874 0.058731
-0.152542 0.461505 0.112846
-0.177393 0.471822 0.037085
-0.193226 0.471822 0.037085
0.326756 0.445528 0.112846
0.310779 0.445528 0.112846
0.298534 0.442539 0.134491
0.282516 0.442539 0.134491
0.262849 0.445528 0.112846
0.246873 0.445528 0.112846
0.230896 0.445528 0.112846
0.209632 0.450012 0.080377
0.190233 0.453001 0.058731
0.177802 0.450012 0.080377
0.161887 0.450012 0.080377
0.147653 0.448517 0.091200
0.131717 0.448517 0.091200
0.115782 0.448517 0.091200
0.099847 0.448517 0.091200
0.012594 0.455990 0.037085
-0.003238 0.455990 0.037085
-0.019070 0.455990 0.037085
-0.036356 0.457485 0.026263
-0.052168 0.457485 0.026263
-0.066567 0.455990 0.037085
-0.082400 0.455990 0.037085
-0.098232 0.455990 0.037085
-0.114064 0.455990 0.037085
-0.127237 0.453001 0.058731
-0.143111 0.453001 0.058731
-0.156407 0.450012 0.080377
-0.174858 0.453001 0.058731
-0.190731 0.453001 0.058731
-0.823559 0.445528 0.112846
-0.839535 0.445528 0.112846
-0.856656 0.450012 0.080377
-0.872571 0.450012 0.080377
0.338877 0.432582 0.091200
0.322942 0.432582 0.091200
0.307006 0.432582 0.091200
0.291071 0.432582 0.091200
0.275136 0.432582 0.091200
0.259201 0.432582 0.091200
0.243265 0.432582 0.091200
0.227330 0.432582 0.091200
0.202582 0.440158 0.037085
0.181523 0.444703 0.004617
0.165753 0.444703 0.004617
0.149982 0.444703 0.004617
0.134212 0.444703 0.004617
0.123420 0.440158 0.037085
0.110865 0.437127 0.058731
0.099847 0.432582 0.091200
0.087107 0.429551 0.112846
0.066399 0.434097 0.080377
0.050484 0.434097 0.080377
0.026890 0.441673 0.026263
0.011079 0.441673 0.026263
-0.004733 0.441673 0.026263
-0.020544 0.441673 0.026263
-0.039263 0.444703 0.004617
-0.052168 0.441673 0.026263
-0.067979 0.441673 0.026263
-0.083791 0.441673 0.026263
-0.098232 0.440158 0.037085
-0.114064 0.440158 0.037085
-0.127237 0.437127 0.058731
-0.143111 0.437127 0.058731
-0.158984 0.437127 0.058731
-0.174858 0.437127 0.058731
-0.190731 0.437127 0.058731
-0.206605 0.437127 0.058731
-0.727699 0.429551 0.112846
-0.743676 0.429551 0.112846
-0.759652 0.429551 0.112846
-0.775629 0.429551 0.112846
-0.807582 0.429551 0.112846
-0.824404 0.432582 0.091200
-0.840339 0.432582 0.091200
-0.856656 0.434097 0.080377
-0.873292 0.437127 0.058731
-0.889166 0.437127 0.058731
0.338877 0.416646 0.091200
0.322942 0.416646 0.091200
0.305120 0.418182 0.080377
0.289205 0.418182 0.080377
0.273291 0.418182 0.080377
0.257376 0.418182 0.080377
0.237854 0.421254 0.058731
0.218414 0.424325 0.037085
0.193769 0.432004 -0.017029
0.178039 0.432004 -0.017029
0.162310 0.432004 -0.017029
0.146581 0.432004 -0.017029
0.130852 0.432004 -0.017029
0.115123 0.432004 -0.017029
0.099393 0.432004 -0.017029
0.083664 0.432004 -0.017029
0.083912 0.416646 0.091200
0.063245 0.421254 0.058731
0.039589 0.428933 0.004617
0.020747 0.432004 -0.017029
0.001988 0.435076 -0.038674
-0.013700 0.435076 -0.038674
-0.029388 0.435076 -0.038674
-0.045076 0.435076 -0.038674
-0.060764 0.435076 -0.038674
-0.070804 0.428933 0.004617
-0.089357 0.432004 -0.017029
-0.099603 0.425861 0.026263
-0.118115 0.428933 0.004617
-0.129897 0.424325 0.037085
-0.145729 0.424325 0.037085
-0.158984 0.421254 0.058731
-0.174858 0.421254 0.058731
-0.190731 0.421254 0.058731
-0.206605 0.421254 0.058731
-0.222478 0.421254 0.058731
-0.696921 0.416646 0.091200
-0.712856 0.416646 0.091200
-0.728792 0.416646 0.091200
-0.744727 0.416646 0.091200
-0.759652 0.413575 0.112846
-0.776598 0.416646 0.091200
-0.792533 0.416646 0.091200
-0.807582 0.413575 0.112846
-0.824404 0.416646 0.091200
-0.840741 0.418182 0.080377
-0.857419 0.421254 0.058731
-0.874014 0.424325 0.037085
-0.889166 0.421254 0.058731
-0.905039 0.421254 0.058731
0.339228 0.413163 0.004617
0.333095 0.405380 0.058731
0.317221 0.405380 0.058731
0.301348 0.405380 0.058731
0.285474 0.405380 0.058731
0.269601 0.405380 0.058731
0.253727 0.405380 0.058731
0.234246 0.408493 0.037085
0.209498 0.416275 -0.017029
0.190243 0.419388 -0.038674
0.174555 0.419388 -0.038674
0.157146 0.420945 -0.049497
0.141479 0.420945 -0.049497
0.127491 0.419388 -0.038674
0.111804 0.419388 -0.038674
0.096115 0.419388 -0.038674
0.091755 0.408493 0.037085
0.074326 0.410050 0.026263
0.052206 0.416275 -0.017029
0.036476 0.416275 -0.017029
0.017676 0.419388 -0.038674
0.001988 0.419388 -0.038674
-0.015195 0.420945 -0.049497
-0.029388 0.419388 -0.038674
-0.046530 0.420945 -0.049497
-0.062197 0.420945 -0.049497
-0.077864 0.420945 -0.049497
-0.093532 0.420945 -0.049497
-0.109199 0.420945 -0.049497
-0.124866 0.420945 -0.049497
-0.145852 0.427170 -0.092788
-0.158819 0.424057 -0.071143
-0.168003 0.416275 -0.017029
-0.178661 0.410050 0.026263
-0.194473 0.410050 0.026263
-0.209058 0.408493 0.037085
-0.224890 0.408493 0.037085
-0.666936 0.405380 0.058731
-0.682810 0.405380 0.058731
-0.698684 0.405380 0.058731
-0.713423 0.402267 0.080377
-0.729338 0.402267 0.080377
-0.745253 0.402267 0.080377
-0.761167 0.402267 0.080377
-0.776598 0.400711 0.091200
-0.792997 0.402267 0.080377
-0.808468 0.400711 0.091200
-0.825672 0.405380 0.058731
-0.841545 0.405380 0.058731
-0.858181 0.408493 0.037085
-0.874374 0.410049 0.026263
-0.889846 0.408493 0.037085
-0.905678 0.408493 0.037085
0.351061 0.400546 -0.017029
0.335331 0.400546 -0.017029
0.323457 0.397392 0.004617
0.311501 0.394238 0.026263
0.297575 0.392661 0.037085
0.279877 0.394238 0.026263
0.260376 0.397392 0.004617
0.250078 0.392661 0.037085
0.225227 0.400546 -0.017029
0.204148 0.405277 -0.049497
0.188481 0.405277 -0.049497
0.169330 0.408431 -0.071143
0.153703 0.408431 -0.071143
0.138077 0.408431 -0.071143
0.119091 0.411585 -0.092788
0.103506 0.411585 -0.092788
0.086282 0.413162 -0.103611
0.070718 0.413162 -0.103611
0.055154 0.413162 -0.103611
0.039589 0.413162 -0.103611
0.031807 0.405277 -0.049497
0.016140 0.405277 -0.049497
0.000472 0.405277 -0.049497
-0.021173 0.411585 -0.092788
-0.030862 0.405277 -0.049497
-0.049436 0.408431 -0.071143
-0.065062 0.408431 -0.071143
-0.080689 0.408431 -0.071143
-0.096315 0.408431 -0.071143
-0.111941 0.408431 -0.071143
-0.130268 0.411585 -0.092788
-0.145852 0.411585 -0.092788
-0.161437 0.411585 -0.092788
-0.165426 0.397392 0.004617
-0.178661 0.394238 0.026263
-0.194473 0.394238 0.026263
-0.210284 0.394238 0.026263
-0.224890 0.392661 0.037085
-0.240722 0.392661 0.037085
-0.256555 0.392661 0.037085
-0.652362 0.392661 0.037085
-0.666936 0.389507 0.058731
-0.684026 0.392661 0.037085
-0.698684 0.389507 0.058731
-0.714557 0.389507 0.058731
-0.729338 0.386353 0.080377
-0.745253 0.386353 0.080377
-0.762178 0.389507 0.058731
-0.777082 0.386353 0.080377
-0.792997 0.386353 0.080377
-0.808912 0.386353 0.080377
-0.825672 0.389507 0.058731
-0.841545 0.389507 0.058731
-0.858181 0.392661 0.037085
-0.874014 0.392661 0.037085
-0.890186 0.394238 0.026263
-0.905998 0.394238 0.026263
0.366790 0.384817 -0.017029
0.347123 0.388012 -0.038674
0.331435 0.388012 -0.038674
0.319602 0.384817 -0.017029
0.303873 0.384817 -0.017029
0.288144 0.384817 -0.017029
0.268683 0.388012 -0.038674
0.252995 0.388012 -0.038674
0.228185 0.396000 -0.092788
0.216208 0.392805 -0.071143
0.200582 0.392805 -0.071143
0.184956 0.392805 -0.071143
0.165846 0.396000 -0.092788
0.150261 0.396000 -0.092788
0.134676 0.396000 -0.092788
0.117411 0.397598 -0.103611
0.101846 0.397598 -0.103611
0.086282 0.397598 -0.103611
0.070718 0.397598 -0.103611
0.055154 0.397598 -0.103611
0.039589 0.397598 -0.103611
0.024025 0.397598 -0.103611
-0.006897 0.413575 -0.211840
-0.019225 0.410379 -0.190194
-0.037614 0.413575 -0.211840
-0.050024 0.410379 -0.190194
-0.053796 0.397598 -0.103611
-0.069361 0.397598 -0.103611
-0.084925 0.397598 -0.103611
-0.100489 0.397598 -0.103611
-0.116054 0.397598 -0.103611
-0.131618 0.397598 -0.103611
-0.147182 0.397598 -0.103611
-0.162746 0.397598 -0.103611
-0.177022 0.396000 -0.092788
-0.186268 0.388012 -0.038674
-0.199462 0.384817 -0.017029
-0.215191 0.384817 -0.017029
-0.241908 0.378426 0.026263
-0.257719 0.378426 0.026263
-0.573200 0.376829 0.037085
-0.589033 0.376829 0.037085
-0.604865 0.376829 0.037085
-0.620697 0.376829 0.037085
-0.636529 0.376829 0.037085
-0.652362 0.376829 0.037085
-0.668194 0.376829 0.037085
-0.682810 0.373633 0.058731
-0.698684 0.373633 0.058731
-0.713423 0.370438 0.080377
-0.729338 0.370438 0.080377
-0.746304 0.373633 0.058731
-0.762178 0.373633 0.058731
-0.778051 0.373633 0.058731
-0.793925 0.373633 0.058731
-0.809798 0.373633 0.058731
-0.826517 0.376829 0.037085
-0.842349 0.376829 0.037085
-0.858181 0.376829 0.037085
-0.874374 0.378426 0.026263
-0.890186 0.378426 0.026263
-0.905998 0.378426 0.026263
0.464618 0.390125 -0.157725
0.449157 0.390125 -0.157725
0.428697 0.382034 -0.103611
0.415204 0.380416 -0.092788
0.399619 0.380416 -0.092788
0.366790 0.369088 -0.017029
0.347123 0.372324 -0.038674
0.331435 0.372324 -0.038674
0.315747 0.372324 -0.038674
0.298152 0.373943 -0.049497
0.278712 0.377179 -0.071143
0.259355 0.380416 -0.092788
0.241925 0.382034 -0.103611
0.228185 0.380416 -0.092788
0.212600 0.380416 -0.092788
0.195232 0.382034 -0.103611
0.181430 0.380416 -0.092788
0.165846 0.380416 -0.092788
0.150261 0.380416 -0.092788
0.134676 0.380416 -0.092788
0.114051 0.385270 -0.125257
0.098527 0.385270 -0.125257
0.083004 0.385270 -0.125257
0.067481 0.385270 -0.125257
0.051958 0.385270 -0.125257
0.036435 0.385270 -0.125257
0.013130 0.393362 -0.179371
-0.006897 0.398217 -0.211840
-0.019225 0.394980 -0.190194
-0.037614 0.398217 -0.211840
-0.050024 0.394980 -0.190194
-0.068330 0.398217 -0.211840
-0.083688 0.398217 -0.211840
-0.101870 0.401453 -0.233486
-0.117187 0.401453 -0.233486
-0.118795 0.385270 -0.125257
-0.134318 0.385270 -0.125257
-0.151171 0.386889 -0.136080
-0.166674 0.386889 -0.136080
-0.182176 0.386889 -0.136080
-0.190072 0.377179 -0.071143
-0.205698 0.377179 -0.071143
-0.215191 0.369088 -0.017029
-0.241908 0.362615 0.026263
-0.257719 0.362615 0.026263
-0.280396 0.372324 -0.038674
-0.296084 0.372324 -0.038674
-0.573200 0.360996 0.037085
-0.589033 0.360996 0.037085
-0.604865 0.360996 0.037085
-0.620697 0.360996 0.037085
-0.637199 0.362615 0.026263
-0.653011 0.362615 0.026263
-0.668823 0.362615 0.026263
-0.684026 0.360996 0.037085
-0.699859 0.360996 0.037085
-0.715691 0.360996 0.037085
-0.731523 0.360996 0.037085
-0.747355 0.360996 0.037085
-0.763188 0.360996 0.037085
-0.779020 0.360996 0.037085
-0.794852 0.360996 0.037085
-0.810685 0.360996 0.037085
-0.826939 0.362614 0.026263
-0.842751 0.362614 0.026263
-0.858563 0.362614 0.026263
-0.874014 0.360996 0.037085
-0.889846 0.360996 0.037085
0.491150 0.377942 -0.179371
0.473555 0.379581 -0.190194
0.460310 0.377942 -0.179371
0.449157 0.374664 -0.157725
0.433696 0.374664 -0.157725
0.424512 0.369747 -0.125257
0.415204 0.364831 -0.092788
0.403722 0.361553 -0.071143
0.388095 0.361553 -0.071143
0.360822 0.358275 -0.049497
0.345155 0.358275 -0.049497
0.329487 0.358275 -0.049497
0.309965 0.361553 -0.071143
0.290525 0.364831 -0.092788
0.274940 0.364831 -0.092788
0.257489 0.366470 -0.103611
0.241925 0.366470 -0.103611
0.222712 0.369747 -0.125257
0.207189 0.369747 -0.125257
0.189883 0.371386 -0.136080
0.174380 0.371386 -0.136080
0.158878 0.371386 -0.136080
0.148539 0.366470 -0.103611
0.132975 0.366470 -0.103611
0.112370 0.371386 -0.136080
0.098527 0.369747 -0.125257
0.083004 0.369747 -0.125257
0.062627 0.374664 -0.157725
0.050361 0.371386 -0.136080
0.031704 0.374664 -0.157725
0.013130 0.377942 -0.179371
-0.006897 0.382858 -0.211840
-0.019225 0.379581 -0.190194
-0.040603 0.386136 -0.233486
-0.052972 0.382858 -0.211840
-0.071237 0.386136 -0.233486
-0.083688 0.382858 -0.211840
-0.099046 0.382858 -0.211840
-0.114404 0.382858 -0.211840
-0.127021 0.379581 -0.190194
-0.138369 0.374664 -0.157725
-0.153830 0.374664 -0.157725
-0.169292 0.374664 -0.157725
-0.182176 0.371386 -0.136080
-0.193875 0.366470 -0.103611
-0.209439 0.366470 -0.103611
-0.225004 0.366470 -0.103611
-0.241908 0.346803 0.026263
-0.257719 0.346803 0.026263
-0.256369 0.322220 0.188606
-0.272490 0.322220 0.188606
-0.555822 0.341886 0.058731
-0.573200 0.345164 0.037085
-0.589033 0.345164 0.037085
-0.604865 0.345164 0.037085
-0.621388 0.346803 0.026263
-0.637199 0.346803 0.026263
-0.653011 0.346803 0.026263
-0.668194 0.345164 0.037085
-0.684026 0.345164 0.037085
-0.699859 0.345164 0.037085
-0.715691 0.345164 0.037085
-0.731523 0.345164 0.037085
-0.747355 0.345164 0.037085
-0.763188 0.345164 0.037085
-0.779020 0.345164 0.037085
-0.794852 0.345164 0.037085
-0.810685 0.345164 0.037085
-0.826517 0.345164 0.037085
-0.842349 0.345164 0.037085
-0.858563 0.346803 0.026263
-0.874374 0.346803 0.026263
-0.889846 0.345164 0.037085
0.504353 0.364181 -0.190194
0.488954 0.364181 -0.190194
0.475730 0.362522 -0.179371
0.460310 0.362522 -0.179371
0.444890 0.362522 -0.179371
0.433696 0.359203 -0.157725
0.418235 0.359203 -0.157725
0.406917 0.355884 -0.136080
0.391414 0.355884 -0.136080
0.377943 0.354224 -0.125257
0.362420 0.354224 -0.125257
0.352864 0.349246 -0.092788
0.337280 0.349246 -0.092788
0.319747 0.350905 -0.103611
0.306110 0.349246 -0.092788
0.288618 0.350905 -0.103611
0.273054 0.350905 -0.103611
0.251892 0.355884 -0.136080
0.236390 0.355884 -0.136080
0.220888 0.355884 -0.136080
0.205385 0.355884 -0.136080
0.186316 0.359203 -0.157725
0.170855 0.359203 -0.157725
0.155394 0.359203 -0.157725
0.139933 0.359203 -0.157725
0.127873 0.355884 -0.136080
0.109010 0.359203 -0.157725
0.093549 0.359203 -0.157725
0.078088 0.359203 -0.157725
0.059390 0.362522 -0.179371
0.043970 0.362522 -0.179371
0.026973 0.364181 -0.190194
0.005348 0.370819 -0.233486
-0.009969 0.370819 -0.233486
-0.025286 0.370819 -0.233486
-0.042097 0.372479 -0.244308
-0.055920 0.370819 -0.233486
-0.072690 0.372479 -0.244308
-0.086554 0.370819 -0.233486
-0.101870 0.370819 -0.233486
-0.117187 0.370819 -0.233486
-0.129762 0.367500 -0.211840
-0.141070 0.362522 -0.179371
-0.156490 0.362522 -0.179371
-0.169292 0.359203 -0.157725
-0.184753 0.359203 -0.157725
-0.196411 0.354224 -0.125257
-0.209439 0.350905 -0.103611
-0.225004 0.350905 -0.103611
-0.246598 0.359203 -0.157725
-0.262059 0.359203 -0.157725
-0.256369 0.306099 0.188606
-0.272490 0.306099 0.188606
-0.555822 0.326013 0.058731
-0.573200 0.329332 0.037085
-0.589033 0.329332 0.037085
-0.604865 0.329332 0.037085
-0.621388 0.330991 0.026263
-0.637199 0.330991 0.026263
-0.653011 0.330991 0.026263
-0.668194 0.329332 0.037085
-0.684026 0.329332 0.037085
-0.699859 0.329332 0.037085
-0.715691 0.329332 0.037085
-0.731523 0.329332 0.037085
-0.747355 0.329332 0.037085
-0.763188 0.329332 0.037085
-0.779020 0.329332 0.037085
-0.794852 0.329332 0.037085
-0.810685 0.329332 0.037085
-0.826517 0.329332 0.037085
-0.842349 0.329332 0.037085
-0.858181 0.329332 0.037085
-0.874374 0.330991 0.026263
0.535152 0.348782 -0.190194
0.515279 0.352142 -0.211840
0.504353 0.348782 -0.190194
0.491150 0.347102 -0.179371
0.475730 0.347102 -0.179371
0.460310 0.347102 -0.179371
0.449157 0.343742 -0.157725
0.433696 0.343742 -0.157725
0.418235 0.343742 -0.157725
0.406917 0.340382 -0.136080
0.393466 0.338701 -0.125257
0.375912 0.340382 -0.136080
0.360410 0.340382 -0.136080
0.344907 0.340382 -0.136080
0.329405 0.340382 -0.136080
0.313902 0.340382 -0.136080
0.298400 0.340382 -0.136080
0.282897 0.340382 -0.136080
0.267395 0.340382 -0.136080
0.244430 0.347102 -0.179371
0.229010 0.347102 -0.179371
0.213590 0.347102 -0.179371
0.198170 0.347102 -0.179371
0.182750 0.347102 -0.179371
0.167330 0.347102 -0.179371
0.151910 0.347102 -0.179371
0.139933 0.343742 -0.157725
0.124471 0.343742 -0.157725
0.109010 0.343742 -0.157725
0.093549 0.343742 -0.157725
0.078088 0.343742 -0.157725
0.059390 0.347102 -0.179371
0.042372 0.348782 -0.190194
0.023819 0.352142 -0.211840
0.005348 0.355502 -0.233486
-0.011505 0.357183 -0.244308
-0.026801 0.357183 -0.244308
-0.045087 0.360543 -0.265954
-0.060342 0.360543 -0.265954
-0.075597 0.360543 -0.265954
-0.090852 0.360543 -0.265954
-0.103283 0.357183 -0.244308
-0.118579 0.357183 -0.244308
-0.132504 0.355502 -0.233486
-0.145121 0.352142 -0.211840
-0.160479 0.352142 -0.211840
-0.173219 0.348782 -0.190194
-0.188618 0.348782 -0.190194
-0.197678 0.340381 -0.136080
-0.213181 0.340381 -0.136080
-0.231137 0.343742 -0.157725
-0.246598 0.343742 -0.157725
-0.262059 0.343742 -0.157725
-0.240248 0.289978 0.188606
-0.256369 0.289978 0.188606
-0.272490 0.289978 0.188606
-0.537567 0.305099 0.091200
-0.555822 0.310139 0.058731
-0.573200 0.313499 0.037085
-0.589033 0.313499 0.037085
-0.604865 0.313499 0.037085
-0.620697 0.313499 0.037085
-0.636529 0.313499 0.037085
-0.652362 0.313499 0.037085
-0.668194 0.313499 0.037085
-0.684026 0.313499 0.037085
-0.699859 0.313499 0.037085
-0.715691 0.313499 0.037085
-0.731523 0.313499 0.037085
-0.747355 0.313499 0.037085
-0.763188 0.313499 0.037085
-0.779020 0.313499 0.037085
-0.794852 0.313499 0.037085
-0.810685 0.313499 0.037085
-0.826517 0.313499 0.037085
-0.842349 0.313499 0.037085
-0.858181 0.313499 0.037085
0.550551 0.333383 -0.190194
0.535152 0.333383 -0.190194
0.519753 0.333383 -0.190194
0.499921 0.336784 -0.211840
0.491150 0.331682 -0.179371
0.475730 0.331682 -0.179371
0.460310 0.331682 -0.179371
0.449157 0.328280 -0.157725
0.433696 0.328280 -0.157725
0.418235 0.328280 -0.157725
0.406917 0.324879 -0.136080
0.391414 0.324879 -0.136080
0.371851 0.328280 -0.157725
0.352370 0.331682 -0.179371
0.334960 0.333383 -0.190194
0.321530 0.331682 -0.179371
0.304162 0.333383 -0.190194
0.288762 0.333383 -0.190194
0.273363 0.333383 -0.190194
0.259850 0.331682 -0.179371
0.238833 0.336784 -0.211840
0.219785 0.340186 -0.233486
0.204468 0.340186 -0.233486
0.189151 0.340186 -0.233486
0.173834 0.340186 -0.233486
0.151467 0.346988 -0.276777
0.136232 0.346988 -0.276777
0.117555 0.350390 -0.298422
0.102362 0.350390 -0.298422
0.090529 0.346988 -0.276777
0.081932 0.340186 -0.233486
0.066616 0.340186 -0.233486
0.057772 0.333383 -0.190194
0.039177 0.336784 -0.211840
0.020665 0.340186 -0.233486
0.000679 0.345288 -0.265954
-0.014577 0.345288 -0.265954
-0.029832 0.345288 -0.265954
-0.046581 0.346988 -0.276777
-0.061816 0.346988 -0.276777
-0.077050 0.346988 -0.276777
-0.092284 0.346988 -0.276777
-0.107519 0.346988 -0.276777
-0.118579 0.341886 -0.244308
-0.133875 0.341886 -0.244308
-0.147821 0.340186 -0.233486
-0.160479 0.336784 -0.211840
-0.175837 0.336784 -0.211840
-0.191195 0.336784 -0.211840
-0.202750 0.331682 -0.179371
-0.218170 0.331682 -0.179371
-0.233590 0.331682 -0.179371
-0.252628 0.336784 -0.211840
-0.267986 0.336784 -0.211840
-0.240248 0.273857 0.188606
-0.256369 0.273857 0.188606
-0.272490 0.273857 0.188606
-0.288611 0.273857 0.188606
-0.304732 0.273857 0.188606
-0.522446 0.290864 0.080377
-0.537567 0.289163 0.091200
-0.554276 0.290864 0.080377
-0.571695 0.294266 0.058731
-0.589033 0.297667 0.037085
-0.604865 0.297667 0.037085
-0.621388 0.299368 0.026263
-0.636529 0.297667 0.037085
-0.653011 0.299368 0.026263
-0.668823 0.299368 0.026263
-0.684634 0.299368 0.026263
-0.699859 0.297667 0.037085
-0.715691 0.297667 0.037085
-0.731523 0.297667 0.037085
-0.747355 0.297667 0.037085
-0.763188 0.297667 0.037085
-0.779020 0.297667 0.037085
-0.794852 0.297667 0.037085
-0.810685 0.297667 0.037085
-0.826517 0.297667 0.037085
-0.842349 0.297667 0.037085
0.550551 0.317983 -0.190194
0.535152 0.317983 -0.190194
0.519753 0.317983 -0.190194
0.504353 0.317983 -0.190194
0.491150 0.316262 -0.179371
0.473555 0.317983 -0.190194
0.460310 0.316262 -0.179371
0.444890 0.316262 -0.179371
0.433696 0.312819 -0.157725
0.414050 0.316262 -0.179371
0.402773 0.312819 -0.157725
0.383210 0.316262 -0.179371
0.367790 0.316262 -0.179371
0.350360 0.317983 -0.190194
0.330982 0.321426 -0.211840
0.315624 0.321426 -0.211840
0.300265 0.321426 -0.211840
0.281052 0.324869 -0.233486
0.269549 0.321426 -0.211840
0.254191 0.321426 -0.211840
0.235102 0.324869 -0.233486
0.217940 0.326590 -0.244308
0.202643 0.326590 -0.244308
0.187347 0.326590 -0.244308
0.168484 0.330033 -0.265954
0.147941 0.335197 -0.298422
0.132748 0.335197 -0.298422
0.115834 0.336918 -0.309245
0.100661 0.336918 -0.309245
0.085489 0.336918 -0.309245
0.070316 0.336918 -0.309245
0.064977 0.326590 -0.244308
0.051299 0.324869 -0.233486
0.034384 0.326590 -0.244308
0.015934 0.330033 -0.265954
-0.000878 0.331754 -0.276777
-0.016112 0.331754 -0.276777
-0.031347 0.331754 -0.276777
-0.046581 0.331754 -0.276777
-0.064764 0.335197 -0.298422
-0.079957 0.335197 -0.298422
-0.095150 0.335197 -0.298422
-0.110343 0.335197 -0.298422
-0.122753 0.331754 -0.276777
-0.137988 0.331754 -0.276777
-0.149171 0.326590 -0.244308
-0.164468 0.326590 -0.244308
-0.179764 0.326590 -0.244308
-0.195060 0.326590 -0.244308
-0.209089 0.324869 -0.233486
-0.224406 0.324869 -0.233486
-0.237269 0.321426 -0.211840
-0.252628 0.321426 -0.211840
-0.267986 0.321426 -0.211840
-0.283344 0.321426 -0.211840
-0.256369 0.257736 0.188606
-0.274737 0.261179 0.166960
-0.288611 0.257736 0.188606
-0.304732 0.257736 0.188606
-0.522446 0.274949 0.080377
-0.537567 0.273228 0.091200
-0.554276 0.274949 0.080377
-0.571695 0.278392 0.058731
-0.587569 0.278392 0.058731
-0.604865 0.281835 0.037085
-0.620697 0.281835 0.037085
-0.637199 0.283556 0.026263
-0.653011 0.283556 0.026263
-0.670080 0.286999 0.004617
-0.684634 0.283556 0.026263
-0.699859 0.281835 0.037085
-0.715691 0.281835 0.037085
-0.731523 0.281835 0.037085
-0.747355 0.281835 0.037085
-0.763188 0.281835 0.037085
-0.779020 0.281835 0.037085
-0.794852 0.281835 0.037085
-0.810685 0.281835 0.037085
-0.826517 0.281835 0.037085
0.565951 0.302584 -0.190194
0.550551 0.302584 -0.190194
0.535152 0.302584 -0.190194
0.519753 0.302584 -0.190194
0.504353 0.302584 -0.190194
0.491150 0.300842 -0.179371
0.473555 0.302584 -0.190194
0.460310 0.300842 -0.179371
0.444890 0.300842 -0.179371
0.429470 0.300842 -0.179371
0.414050 0.300842 -0.179371
0.396558 0.302584 -0.190194
0.381159 0.302584 -0.190194
0.361698 0.306068 -0.211840
0.346340 0.306068 -0.211840
0.327003 0.309552 -0.233486
0.311686 0.309552 -0.233486
0.294421 0.311294 -0.244308
0.279125 0.311294 -0.244308
0.263829 0.311294 -0.244308
0.248532 0.311294 -0.244308
0.229505 0.314778 -0.265954
0.214250 0.314778 -0.265954
0.198994 0.314778 -0.265954
0.183739 0.314778 -0.265954
0.166701 0.316520 -0.276777
0.147941 0.320003 -0.298422
0.132748 0.320003 -0.298422
0.115834 0.321745 -0.309245
0.100661 0.321745 -0.309245
0.085489 0.321745 -0.309245
0.070316 0.321745 -0.309245
0.051865 0.325229 -0.330891
0.041589 0.320003 -0.298422
0.026396 0.320003 -0.298422
0.011203 0.320003 -0.298422
-0.003991 0.320003 -0.298422
-0.016112 0.316520 -0.276777
-0.031347 0.316520 -0.276777
-0.049570 0.320003 -0.298422
-0.064764 0.320003 -0.298422
-0.077050 0.316520 -0.276777
-0.095150 0.320003 -0.298422
-0.107519 0.316520 -0.276777
-0.121362 0.314778 -0.265954
-0.136617 0.314778 -0.265954
-0.149171 0.311294 -0.244308
-0.164468 0.311294 -0.244308
-0.182382 0.314778 -0.265954
-0.195060 0.311294 -0.244308
-0.210357 0.311294 -0.244308
-0.224406 0.309552 -0.233486
-0.239723 0.309552 -0.233486
-0.252628 0.306068 -0.211840
-0.227684 0.246841 0.156137
-0.242578 0.245099 0.166960
-0.258657 0.245099 0.166960
-0.272490 0.241615 0.188606
-0.286405 0.238131 0.210251
-0.302567 0.238131 0.210251
-0.314483 0.231163 0.253543
-0.330727 0.231163 0.253543
-0.522446 0.259035 0.080377
-0.538361 0.259035 0.080377
-0.554276 0.259035 0.080377
-0.571695 0.262519 0.058731
-0.587569 0.262519 0.058731
-0.604865 0.266003 0.037085
-0.621388 0.267745 0.026263
-0.638539 0.271228 0.004617
-0.653011 0.267745 0.026263
-0.670080 0.271228 0.004617
-0.685851 0.271228 0.004617
-0.700446 0.267745 0.026263
-0.715691 0.266002 0.037085
-0.732069 0.267745 0.026263
-0.747881 0.267745 0.026263
-0.763693 0.267745 0.026263
-0.779504 0.267745 0.026263
-0.795316 0.267745 0.026263
-0.810685 0.266002 0.037085
0.565951 0.287185 -0.190194
0.550551 0.287185 -0.190194
0.535152 0.287185 -0.190194
0.519753 0.287185 -0.190194
0.506570 0.285422 -0.179371
0.491150 0.285422 -0.179371
0.473555 0.287185 -0.190194
0.460310 0.285422 -0.179371
0.444890 0.285422 -0.179371
0.429470 0.285422 -0.179371
0.411957 0.287185 -0.190194
0.388271 0.294235 -0.233486
0.372954 0.294235 -0.233486
0.357637 0.294235 -0.233486
0.342320 0.294235 -0.233486
0.325014 0.295997 -0.244308
0.305780 0.299523 -0.265954
0.288577 0.301285 -0.276777
0.273342 0.301285 -0.276777
0.260015 0.299523 -0.265954
0.242873 0.301285 -0.276777
0.227639 0.301285 -0.276777
0.212405 0.301285 -0.276777
0.193521 0.304810 -0.298422
0.181936 0.301285 -0.276777
0.163135 0.304810 -0.298422
0.146179 0.306573 -0.309245
0.131006 0.306573 -0.309245
0.112391 0.310098 -0.330891
0.100661 0.306573 -0.309245
0.085489 0.306573 -0.309245
0.070316 0.306573 -0.309245
0.051865 0.310098 -0.330891
0.039971 0.306573 -0.309245
0.024798 0.306573 -0.309245
0.011203 0.304810 -0.298422
-0.003991 0.304810 -0.298422
-0.019184 0.304810 -0.298422
-0.034377 0.304810 -0.298422
-0.049570 0.304810 -0.298422
-0.064764 0.304810 -0.298422
-0.077050 0.301285 -0.276777
-0.095150 0.304810 -0.298422
-0.107519 0.301285 -0.276777
-0.121362 0.299523 -0.265954
-0.136617 0.299523 -0.265954
-0.149171 0.295997 -0.244308
-0.164468 0.295997 -0.244308
-0.179764 0.295997 -0.244308
-0.195060 0.295997 -0.244308
-0.210357 0.295997 -0.244308
-0.224406 0.294235 -0.233486
-0.198019 0.234307 0.134491
-0.211624 0.230782 0.156137
-0.226498 0.229020 0.166960
-0.242578 0.229019 0.166960
-0.256369 0.225494 0.188606
-0.272490 0.225494 0.188606
-0.286405 0.221969 0.210251
-0.302567 0.221969 0.210251
-0.314483 0.214919 0.253543
-0.330727 0.214919 0.253543
-0.492328 0.246645 0.058731
-0.508201 0.246645 0.058731
-0.522446 0.243120 0.080377
-0.538361 0.243120 0.080377
-0.555822 0.246645 0.058731
-0.571695 0.246645 0.058731
-0.589033 0.250170 0.037085
-0.604865 0.250170 0.037085
-0.621388 0.251933 0.026263
-0.638539 0.255458 0.004617
-0.654310 0.255458 0.004617
-0.670080 0.255458 0.004617
-0.685851 0.255458 0.004617
-0.701621 0.255458 0.004617
-0.714557 0.246645 0.058731
-0.731523 0.250170 0.037085
-0.747355 0.250170 0.037085
-0.763693 0.251933 0.026263
-0.779504 0.251933 0.026263
-0.795316 0.251933 0.026263
0.581350 0.271785 -0.190194
0.565951 0.271785 -0.190194
0.550551 0.271785 -0.190194
0.535152 0.271785 -0.190194
0.519753 0.271785 -0.190194
0.504353 0.271785 -0.190194
0.488954 0.271785 -0.190194
0.473555 0.271785 -0.190194
0.458155 0.271785 -0.190194
0.442756 0.271785 -0.190194
0.427357 0.271785 -0.190194
0.407772 0.275352 -0.211840
0.388271 0.278918 -0.233486
0.372954 0.278918 -0.233486
0.357637 0.278918 -0.233486
0.340310 0.280701 -0.244308
0.321035 0.284268 -0.265954
0.303811 0.286051 -0.276777
0.288577 0.286051 -0.276777
0.273342 0.286051 -0.276777
0.258108 0.286051 -0.276777
0.242873 0.286051 -0.276777
0.227639 0.286051 -0.276777
0.208714 0.289617 -0.298422
0.193521 0.289617 -0.298422
0.178328 0.289617 -0.298422
0.161351 0.291400 -0.309245
0.139129 0.298533 -0.352537
0.124039 0.298533 -0.352537
0.107227 0.300316 -0.363360
0.092157 0.300316 -0.363360
0.082128 0.294967 -0.330891
0.066997 0.294967 -0.330891
0.048588 0.298533 -0.352537
0.036734 0.294967 -0.330891
0.024798 0.291400 -0.309245
0.011203 0.289617 -0.298422
-0.003991 0.289617 -0.298422
-0.019184 0.289617 -0.298422
-0.034377 0.289617 -0.298422
-0.049570 0.289617 -0.298422
-0.064764 0.289617 -0.298422
-0.077050 0.286051 -0.276777
-0.092284 0.286051 -0.276777
-0.107519 0.286051 -0.276777
-0.118579 0.280701 -0.244308
-0.133875 0.280701 -0.244308
-0.149171 0.280701 -0.244308
-0.164468 0.280701 -0.244308
-0.179764 0.280701 -0.244308
-0.195060 0.280701 -0.244308
-0.210357 0.280701 -0.244308
-0.224406 0.278918 -0.233486
-0.198018 0.218289 0.134491
-0.211624 0.214723 0.156137
-0.227683 0.214723 0.156137
-0.242578 0.212940 0.166960
-0.258657 0.212940 0.166960
-0.272490 0.209373 0.188606
-0.286405 0.205807 0.210251
-0.302567 0.205807 0.210251
-0.316606 0.202241 0.231897
-0.332809 0.202241 0.231897
-0.476454 0.230772 0.058731
-0.490617 0.227205 0.080377
-0.506532 0.227205 0.080377
-0.522446 0.227205 0.080377
-0.538361 0.227205 0.080377
-0.555822 0.230772 0.058731
-0.571695 0.230772 0.058731
-0.589033 0.234338 0.037085
-0.604865 0.234338 0.037085
-0.621388 0.236121 0.026263
-0.638539 0.239688 0.004617
-0.654310 0.239688 0.004617
-0.670080 0.239688 0.004617
-0.685851 0.239688 0.004617
-0.701621 0.239688 0.004617
-0.717392 0.239688 0.004617
-0.729338 0.227205 0.080377
-0.747355 0.234338 0.037085
0.596750 0.256386 -0.190194
0.581350 0.256386 -0.190194
0.565951 0.256386 -0.190194
0.550551 0.256386 -0.190194
0.535152 0.256386 -0.190194
0.515279 0.259993 -0.211840
0.504353 0.256386 -0.190194
0.491150 0.254582 -0.179371
0.473555 0.256386 -0.190194
0.458155 0.256386 -0.190194
0.442756 0.256386 -0.190194
0.423131 0.259993 -0.211840
0.403588 0.263601 -0.233486
0.382055 0.269013 -0.265954
0.364749 0.270816 -0.276777
0.355606 0.265405 -0.244308
0.330260 0.274424 -0.298422
0.319046 0.270816 -0.276777
0.299874 0.274424 -0.298422
0.282733 0.276228 -0.309245
0.269487 0.274424 -0.298422
0.254294 0.274424 -0.298422
0.239101 0.274424 -0.298422
0.223908 0.274424 -0.298422
0.206869 0.276228 -0.309245
0.191697 0.276228 -0.309245
0.176524 0.276228 -0.309245
0.154219 0.283443 -0.352537
0.137366 0.285247 -0.363360
0.122296 0.285247 -0.363360
0.107227 0.285247 -0.363360
0.092157 0.285247 -0.363360
0.077088 0.285247 -0.363360
0.062018 0.285247 -0.363360
0.048588 0.283443 -0.352537
0.033498 0.283443 -0.352537
0.024798 0.276228 -0.309245
0.011203 0.274424 -0.298422
-0.003991 0.274424 -0.298422
-0.016112 0.270816 -0.276777
-0.034377 0.274424 -0.298422
-0.046581 0.270816 -0.276777
-0.060342 0.269012 -0.265954
-0.075597 0.269012 -0.265954
-0.090852 0.269012 -0.265954
-0.106107 0.269012 -0.265954
-0.118579 0.265405 -0.244308
-0.133875 0.265405 -0.244308
-0.149171 0.265405 -0.244308
-0.164468 0.265405 -0.244308
-0.179764 0.265405 -0.244308
-0.195060 0.265405 -0.244308
-0.210357 0.265405 -0.244308
-0.184495 0.205879 0.112846
-0.198018 0.202272 0.134491
-0.214036 0.202272 0.134491
-0.227683 0.198664 0.156137
-0.243742 0.198664 0.156137
-0.258657 0.196860 0.166960
-0.272490 0.193252 0.188606
-0.286405 0.189645 0.210251
-0.302567 0.189645 0.210251
-0.316606 0.186037 0.231897
-0.330727 0.182430 0.253543
-0.346972 0.182430 0.253543
-0.474702 0.211290 0.080377
-0.490617 0.211290 0.080377
-0.506532 0.211290 0.080377
-0.522446 0.211290 0.080377
-0.539948 0.214898 0.058731
-0.555822 0.214898 0.058731
-0.571695 0.214898 0.058731
-0.587569 0.214898 0.058731
-0.604865 0.218506 0.037085
-0.620697 0.218506 0.037085
-0.636529 0.218506 0.037085
-0.652362 0.218506 0.037085
-0.668823 0.220309 0.026263
-0.684634 0.220309 0.026263
-0.700446 0.220309 0.026263
-0.716258 0.220309 0.026263
-0.729338 0.211290 0.080377
0.596750 0.240987 -0.190194
0.581350 0.240987 -0.190194
0.565951 0.240987 -0.190194
0.550551 0.240987 -0.190194
0.530637 0.244635 -0.211840
0.515279 0.244635 -0.211840
0.499921 0.244635 -0.211840
0.488954 0.240987 -0.190194
0.473555 0.240987 -0.190194
0.458155 0.240987 -0.190194
0.438489 0.244635 -0.211840
0.423131 0.244635 -0.211840
0.397310 0.253757 -0.265954
0.379984 0.255582 -0.276777
0.364749 0.255582 -0.276777
0.349514 0.255582 -0.276777
0.330260 0.259231 -0.298422
0.315067 0.259231 -0.298422
0.297905 0.261055 -0.309245
0.282733 0.261055 -0.309245
0.267560 0.261055 -0.309245
0.254294 0.259231 -0.298422
0.237215 0.261055 -0.309245
0.222042 0.261055 -0.309245
0.206869 0.261055 -0.309245
0.191697 0.261055 -0.309245
0.176524 0.261055 -0.309245
0.154219 0.268353 -0.352537
0.137366 0.270177 -0.363360
0.122296 0.270177 -0.363360
0.107227 0.270177 -0.363360
0.092157 0.270177 -0.363360
0.077088 0.270177 -0.363360
0.062018 0.270177 -0.363360
0.046949 0.270177 -0.363360
0.033498 0.268353 -0.352537
0.021603 0.264704 -0.330891
0.009626 0.261055 -0.309245
-0.003991 0.259231 -0.298422
-0.019184 0.259231 -0.298422
-0.029832 0.253757 -0.265954
-0.042097 0.250109 -0.244308
-0.057394 0.250109 -0.244308
-0.072690 0.250109 -0.244308
-0.087986 0.250109 -0.244308
-0.103283 0.250109 -0.244308
-0.118579 0.250109 -0.244308
-0.133875 0.250109 -0.244308
-0.149171 0.250109 -0.244308
-0.164468 0.250109 -0.244308
-0.179764 0.250109 -0.244308
-0.195060 0.250109 -0.244308
-0.210357 0.250109 -0.244308
-0.184495 0.189903 0.112846
-0.200472 0.189903 0.112846
-0.214036 0.186254 0.134491
-0.227683 0.182605 0.156137
-0.243742 0.182605 0.156137
-0.259802 0.182605 0.156137
-0.274737 0.180780 0.166960
-0.288611 0.177131 0.188606
-0.302567 0.173483 0.210251
-0.318729 0.173483 0.210251
-0.334891 0.173483 0.210251
-0.349013 0.169834 0.231897
-0.365216 0.169834 0.231897
-0.474702 0.195376 0.080377
-0.490617 0.195376 0.080377
-0.506532 0.195376 0.080377
-0.522446 0.195376 0.080377
-0.539948 0.199025 0.058731
-0.555822 0.199025 0.058731
-0.571695 0.199025 0.058731
-0.589033 0.202673 0.037085
-0.604865 0.202673 0.037085
-0.620697 0.202673 0.037085
-0.637199 0.204498 0.026263
-0.653011 0.204498 0.026263
-0.668823 0.204498 0.026263
-0.685851 0.208147 0.004617
-0.701621 0.208147 0.004617
-0.716258 0.204498 0.026263
0.596750 0.225587 -0.190194
0.583670 0.223742 -0.179371
0.565951 0.225587 -0.190194
0.550551 0.225587 -0.190194
0.530637 0.229277 -0.211840
0.515279 0.229277 -0.211840
0.499921 0.229277 -0.211840
0.488954 0.225587 -0.190194
0.469205 0.229277 -0.211840
0.453847 0.229277 -0.211840
0.438489 0.229277 -0.211840
0.423131 0.229277 -0.211840
0.397310 0.238502 -0.265954
0.379984 0.240347 -0.276777
0.360647 0.244037 -0.298422
0.345453 0.244037 -0.298422
0.330260 0.244037 -0.298422
0.313078 0.245883 -0.309245
0.297905 0.245883 -0.309245
0.278836 0.249573 -0.330891
0.263705 0.249573 -0.330891
0.252387 0.245883 -0.309245
0.237215 0.245883 -0.309245
0.222042 0.245883 -0.309245
0.206869 0.245883 -0.309245
0.188048 0.249573 -0.330891
0.172917 0.249573 -0.330891
0.152436 0.255108 -0.363360
0.137366 0.255108 -0.363360
0.122296 0.255108 -0.363360
0.107227 0.255108 -0.363360
0.092157 0.255108 -0.363360
0.077088 0.255108 -0.363360
0.062018 0.255108 -0.363360
0.046949 0.255108 -0.363360
0.033498 0.253263 -0.352537
0.018408 0.253263 -0.352537
0.006471 0.249573 -0.330891
-0.005547 0.245883 -0.309245
-0.019184 0.244037 -0.298422
-0.029832 0.238502 -0.265954
-0.042097 0.234812 -0.244308
-0.057394 0.234812 -0.244308
-0.071237 0.232967 -0.233486
-0.086554 0.232967 -0.233486
-0.101870 0.232967 -0.233486
-0.118579 0.234812 -0.244308
-0.132504 0.232967 -0.233486
-0.147821 0.232967 -0.233486
-0.163138 0.232967 -0.233486
-0.179764 0.234812 -0.244308
-0.195060 0.234812 -0.244308
-0.171054 0.177616 0.091200
-0.184495 0.173926 0.112846
-0.200472 0.173926 0.112846
-0.216448 0.173926 0.112846
-0.230054 0.170236 0.134491
-0.246072 0.170236 0.134491
-0.259802 0.166546 0.156137
-0.272490 0.161011 0.188606
-0.288611 0.161011 0.188606
-0.302567 0.157320 0.210251
-0.318729 0.157320 0.210251
-0.334891 0.157320 0.210251
-0.351054 0.157320 0.210251
-0.367216 0.157320 0.210251
-0.383378 0.157320 0.210251
-0.440120 0.173926 0.112846
-0.456097 0.173926 0.112846
-0.474702 0.179461 0.080377
-0.492328 0.183151 0.058731
-0.506532 0.179461 0.080377
-0.522446 0.179461 0.080377
-0.539948 0.183151 0.058731
-0.555822 0.183151 0.058731
-0.571695 0.183151 0.058731
-0.587569 0.183151 0.058731
-0.604865 0.186841 0.037085
-0.620697 0.186841 0.037085
-0.636529 0.186841 0.037085
-0.653011 0.188686 0.026263
-0.668823 0.188686 0.026263
-0.685851 0.192376 0.004617
-0.701621 0.192376 0.004617
0.596750 0.210188 -0.190194
0.581350 0.210188 -0.190194
0.565951 0.210188 -0.190194
0.545996 0.213919 -0.211840
0.530637 0.213919 -0.211840
0.515279 0.213919 -0.211840
0.499921 0.213919 -0.211840
0.488954 0.210188 -0.190194
0.469205 0.213919 -0.211840
0.453847 0.213919 -0.211840
0.438489 0.213919 -0.211840
0.418905 0.217650 -0.233486
0.397310 0.223247 -0.265954
0.375840 0.228844 -0.298422
0.360647 0.228844 -0.298422
0.345453 0.228844 -0.298422
0.328250 0.230710 -0.309245
0.309099 0.234441 -0.330891
0.297905 0.230710 -0.309245
0.278836 0.234441 -0.330891
0.263705 0.234441 -0.330891
0.252387 0.230710 -0.309245
0.237215 0.230710 -0.309245
0.222042 0.230710 -0.309245
0.203179 0.234441 -0.330891
0.188048 0.234441 -0.330891
0.172917 0.234441 -0.330891
0.152436 0.240038 -0.363360
0.133841 0.243769 -0.385005
0.118813 0.243769 -0.385005
0.103784 0.243769 -0.385005
0.088756 0.243769 -0.385005
0.073728 0.243769 -0.385005
0.058699 0.243769 -0.385005
0.046949 0.240038 -0.363360
0.033498 0.238172 -0.352537
0.018408 0.238172 -0.352537
0.009626 0.230710 -0.309245
-0.003991 0.228844 -0.298422
-0.019184 0.228844 -0.298422
-0.026801 0.219516 -0.244308
-0.042097 0.219516 -0.244308
-0.055920 0.217650 -0.233486
-0.071237 0.217650 -0.233486
-0.086554 0.217650 -0.233486
-0.101870 0.217650 -0.233486
-0.117187 0.217650 -0.233486
-0.132504 0.217650 -0.233486
-0.147821 0.217650 -0.233486
-0.163138 0.217650 -0.233486
-0.178455 0.217650 -0.233486
-0.193772 0.217650 -0.233486
-0.168518 0.157949 0.112846
-0.184495 0.157949 0.112846
-0.200472 0.157949 0.112846
-0.214036 0.154218 0.134491
-0.230054 0.154218 0.134491
-0.243742 0.150487 0.156137
-0.259802 0.150487 0.156137
-0.272490 0.144890 0.188606
-0.290817 0.148621 0.166960
-0.302567 0.141158 0.210251
-0.318729 0.141158 0.210251
-0.340097 0.150487 0.156137
-0.356156 0.150487 0.156137
-0.369215 0.144890 0.188606
-0.388274 0.150487 0.156137
-0.404333 0.150487 0.156137
-0.424144 0.157949 0.112846
-0.442873 0.163546 0.080377
-0.458787 0.163546 0.080377
-0.476454 0.167277 0.058731
-0.492328 0.167277 0.058731
-0.508201 0.167277 0.058731
-0.524075 0.167277 0.058731
-0.539948 0.167277 0.058731
-0.555822 0.167277 0.058731
-0.571695 0.167277 0.058731
-0.587569 0.167277 0.058731
-0.603442 0.167277 0.058731
-0.620697 0.171009 0.037085
-0.637199 0.172874 0.026263
-0.653011 0.172874 0.026263
-0.668823 0.172874 0.026263
-0.684634 0.172874 0.026263
-0.701621 0.176606 0.004617
0.596750 0.194788 -0.190194
0.581350 0.194788 -0.190194
0.565951 0.194788 -0.190194
0.545996 0.198561 -0.211840
0.530637 0.198561 -0.211840
0.515279 0.198561 -0.211840
0.499921 0.198561 -0.211840
0.484563 0.198561 -0.211840
0.469205 0.198561 -0.211840
0.453847 0.198561 -0.211840
0.438489 0.198561 -0.211840
0.418905 0.202333 -0.233486
0.397310 0.207992 -0.265954
0.379984 0.209879 -0.276777
0.360647 0.213651 -0.298422
0.345453 0.213651 -0.298422
0.328250 0.215537 -0.309245
0.313078 0.215537 -0.309245
0.297905 0.215537 -0.309245
0.282733 0.215537 -0.309245
0.267560 0.215537 -0.309245
0.252387 0.215537 -0.309245
0.237215 0.215537 -0.309245
0.222042 0.215537 -0.309245
0.206869 0.215537 -0.309245
0.188048 0.219310 -0.330891
0.172917 0.219310 -0.330891
0.152436 0.224969 -0.363360
0.133841 0.228741 -0.385005
0.118813 0.228741 -0.385005
0.103784 0.228741 -0.385005
0.088756 0.228741 -0.385005
0.073728 0.228741 -0.385005
0.058699 0.228741 -0.385005
0.046949 0.224969 -0.363360
0.033498 0.223082 -0.352537
0.021603 0.219310 -0.330891
0.009626 0.215537 -0.309245
-0.005547 0.215537 -0.309245
-0.019184 0.213651 -0.298422
-0.029831 0.207992 -0.265954
-0.042097 0.204220 -0.244308
-0.057394 0.204220 -0.244308
-0.071237 0.202333 -0.233486
-0.086554 0.202333 -0.233486
-0.101870 0.202333 -0.233486
-0.117187 0.202333 -0.233486
-0.129762 0.198561 -0.211840
-0.145121 0.198561 -0.211840
-0.160479 0.198561 -0.211840
-0.175837 0.198561 -0.211840
-0.191195 0.198561 -0.211840
-0.171054 0.145745 0.091200
-0.184495 0.141973 0.112846
-0.200472 0.141973 0.112846
-0.218860 0.145745 0.091200
-0.232425 0.141973 0.112846
-0.246072 0.138200 0.134491
-0.262090 0.138200 0.134491
-0.275861 0.134428 0.156137
-0.291920 0.134428 0.156137
-0.306896 0.132541 0.166960
-0.320853 0.128769 0.188606
-0.340097 0.134428 0.156137
-0.356156 0.134428 0.156137
-0.372215 0.134428 0.156137
-0.390232 0.138200 0.134491
-0.406250 0.138200 0.134491
-0.424144 0.141973 0.112846
-0.442873 0.147632 0.080377
-0.458787 0.147632 0.080377
-0.474702 0.147632 0.080377
-0.492328 0.151404 0.058731
-0.506532 0.147632 0.080377
-0.522446 0.147632 0.080377
-0.539948 0.151404 0.058731
-0.555822 0.151404 0.058731
-0.571695 0.151404 0.058731
-0.587569 0.151404 0.058731
-0.603442 0.151404 0.058731
-0.620697 0.155176 0.037085
-0.637199 0.157063 0.026263
-0.653011 0.157063 0.026263
-0.668823 0.157063 0.026263
-0.684634 0.157063 0.026263
0.565951 0.179389 -0.190194
0.545996 0.183203 -0.211840
0.530637 0.183203 -0.211840
0.515279 0.183203 -0.211840
0.499921 0.183203 -0.211840
0.484563 0.183203 -0.211840
0.469205 0.183203 -0.211840
0.453847 0.183203 -0.211840
0.438489 0.183203 -0.211840
0.423131 0.183203 -0.211840
0.401495 0.188923 -0.244308
0.379984 0.194644 -0.276777
0.360647 0.198458 -0.298422
0.345453 0.198458 -0.298422
0.330260 0.198458 -0.298422
0.313078 0.200365 -0.309245
0.297905 0.200365 -0.309245
0.282733 0.200365 -0.309245
0.267560 0.200365 -0.309245
0.254294 0.198458 -0.298422
0.237215 0.200365 -0.309245
0.222042 0.200365 -0.309245
0.206869 0.200365 -0.309245
0.188048 0.204178 -0.330891
0.172917 0.204178 -0.330891
0.152436 0.209899 -0.363360
0.133841 0.213713 -0.385005
0.118813 0.213713 -0.385005
0.103784 0.213713 -0.385005
0.088756 0.213713 -0.385005
0.073728 0.213713 -0.385005
0.058699 0.213713 -0.385005
0.046949 0.209899 -0.363360
0.033498 0.207992 -0.352537
0.024798 0.200365 -0.309245
0.011203 0.198458 -0.298422
-0.000878 0.194644 -0.276777
-0.014576 0.192737 -0.265954
-0.029831 0.192737 -0.265954
-0.042097 0.188923 -0.244308
-0.055920 0.187016 -0.233486
-0.071237 0.187016 -0.233486
-0.083688 0.183203 -0.211840
-0.099046 0.183203 -0.211840
-0.114404 0.183203 -0.211840
-0.127021 0.179389 -0.190194
-0.142420 0.179389 -0.190194
-0.157819 0.179389 -0.190194
-0.173219 0.179389 -0.190194
-0.188618 0.179389 -0.190194
-0.172322 0.131717 0.080377
-0.186989 0.129810 0.091200
-0.202925 0.129810 0.091200
-0.218860 0.129810 0.091200
-0.234796 0.129810 0.091200
-0.248401 0.125996 0.112846
-0.264378 0.125996 0.112846
-0.278108 0.122182 0.134491
-0.294125 0.122182 0.134491
-0.310143 0.122182 0.134491
-0.326161 0.122182 0.134491
-0.340097 0.118369 0.156137
-0.356156 0.118369 0.156137
-0.372215 0.118369 0.156137
-0.390232 0.122182 0.134491
-0.406250 0.122182 0.134491
-0.424144 0.125996 0.112846
-0.441955 0.129810 0.091200
-0.457891 0.129810 0.091200
-0.474702 0.131717 0.080377
-0.490617 0.131717 0.080377
-0.506532 0.131717 0.080377
-0.522446 0.131717 0.080377
-0.538361 0.131717 0.080377
-0.554276 0.131717 0.080377
-0.569438 0.129810 0.091200
-0.586105 0.131717 0.080377
-0.602020 0.131717 0.080377
-0.619316 0.135531 0.058731
-0.635189 0.135531 0.058731
-0.653011 0.141251 0.026263
-0.668823 0.141251 0.026263
0.565951 0.163990 -0.190194
0.545996 0.167845 -0.211840
0.530637 0.167845 -0.211840
0.515279 0.167845 -0.211840
0.499921 0.167845 -0.211840
0.488954 0.163990 -0.190194
0.469205 0.167845 -0.211840
0.453847 0.167845 -0.211840
0.438489 0.167845 -0.211840
0.423131 0.167845 -0.211840
0.403588 0.171700 -0.233486
0.386199 0.173627 -0.244308
0.360647 0.183265 -0.298422
0.345453 0.183265 -0.298422
0.330260 0.183265 -0.298422
0.315067 0.183265 -0.298422
0.299874 0.183265 -0.298422
0.284681 0.183265 -0.298422
0.269487 0.183265 -0.298422
0.254294 0.183265 -0.298422
0.239101 0.183265 -0.298422
0.222042 0.185192 -0.309245
0.206869 0.185192 -0.309245
0.188048 0.189047 -0.330891
0.169309 0.192902 -0.352537
0.152436 0.194829 -0.363360
0.137366 0.194829 -0.363360
0.122297 0.194829 -0.363360
0.107227 0.194829 -0.363360
0.092158 0.194829 -0.363360
0.073728 0.198685 -0.385005
0.062018 0.194829 -0.363360
0.048588 0.192902 -0.352537
0.033498 0.192902 -0.352537
0.024798 0.185192 -0.309245
0.011203 0.183265 -0.298422
0.000679 0.177482 -0.265954
-0.011505 0.173627 -0.244308
-0.026801 0.173627 -0.244308
-0.040603 0.171700 -0.233486
-0.055920 0.171700 -0.233486
-0.071237 0.171700 -0.233486
-0.080823 0.163990 -0.190194
-0.099046 0.167845 -0.211840
-0.111621 0.163990 -0.190194
-0.125650 0.162062 -0.179371
-0.141070 0.162062 -0.179371
-0.153830 0.158207 -0.157725
-0.169292 0.158207 -0.157725
-0.158984 0.119657 0.058731
-0.174858 0.119657 0.058731
-0.186989 0.113875 0.091200
-0.202925 0.113875 0.091200
-0.220066 0.115802 0.080377
-0.234796 0.113874 0.091200
-0.248401 0.110020 0.112846
-0.264378 0.110020 0.112846
-0.280355 0.110020 0.112846
-0.294125 0.106164 0.134491
-0.310143 0.106164 0.134491
-0.326161 0.106164 0.134491
-0.342179 0.106164 0.134491
-0.358197 0.106164 0.134491
-0.374214 0.106164 0.134491
-0.390232 0.106164 0.134491
-0.406250 0.106164 0.134491
-0.424144 0.110020 0.112846
-0.440120 0.110020 0.112846
-0.456097 0.110020 0.112846
-0.472074 0.110020 0.112846
-0.488050 0.110020 0.112846
-0.504027 0.110020 0.112846
-0.520003 0.110020 0.112846
-0.535980 0.110020 0.112846
-0.551957 0.110020 0.112846
-0.569438 0.113874 0.091200
-0.585373 0.113874 0.091200
-0.602020 0.115802 0.080377
-0.617935 0.115802 0.080377
-0.633849 0.115802 0.080377
0.545996 0.152486 -0.211840
0.530637 0.152486 -0.211840
0.515279 0.152486 -0.211840
0.504353 0.148590 -0.190194
0.488954 0.148590 -0.190194
0.473555 0.148590 -0.190194
0.453847 0.152486 -0.211840
0.438489 0.152486 -0.211840
0.423131 0.152486 -0.211840
0.397310 0.162227 -0.265954
0.382055 0.162227 -0.265954
0.364749 0.164175 -0.276777
0.345453 0.168071 -0.298422
0.330260 0.168071 -0.298422
0.315067 0.168071 -0.298422
0.299874 0.168071 -0.298422
0.284681 0.168071 -0.298422
0.269487 0.168071 -0.298422
0.254294 0.168071 -0.298422
0.239101 0.168071 -0.298422
0.223908 0.168071 -0.298422
0.206869 0.170019 -0.309245
0.191697 0.170019 -0.309245
0.172917 0.173916 -0.330891
0.152436 0.179760 -0.363360
0.137366 0.179760 -0.363360
0.122297 0.179760 -0.363360
0.107227 0.179760 -0.363360
0.092158 0.179760 -0.363360
0.077088 0.179760 -0.363360
0.062018 0.179760 -0.363360
0.051866 0.173916 -0.330891
0.036734 0.173916 -0.330891
0.024798 0.170019 -0.309245
0.011203 0.168071 -0.298422
0.000679 0.162227 -0.265954
-0.011505 0.158331 -0.244308
-0.026801 0.158331 -0.244308
-0.040603 0.156383 -0.233486
-0.055920 0.156383 -0.233486
-0.068330 0.152486 -0.211840
-0.080823 0.148590 -0.190194
-0.096222 0.148590 -0.190194
-0.111621 0.148590 -0.190194
-0.125650 0.146642 -0.179371
-0.138369 0.142746 -0.157725
-0.153830 0.142746 -0.157725
-0.169292 0.142746 -0.157725
-0.161561 0.107680 0.037085
-0.174858 0.103784 0.058731
-0.190731 0.103784 0.058731
-0.206605 0.103784 0.058731
-0.222478 0.103784 0.058731
-0.232425 0.094043 0.112846
-0.248401 0.094043 0.112846
-0.266666 0.097939 0.091200
-0.280355 0.094043 0.112846
-0.296331 0.094043 0.112846
-0.312308 0.094043 0.112846
-0.326161 0.090147 0.134491
-0.342179 0.090147 0.134491
-0.358197 0.090147 0.134491
-0.374214 0.090147 0.134491
-0.390232 0.090147 0.134491
-0.406250 0.090147 0.134491
-0.424144 0.094043 0.112846
-0.440120 0.094043 0.112846
-0.456097 0.094043 0.112846
-0.472074 0.094043 0.112846
-0.488050 0.094043 0.112846
-0.504027 0.094043 0.112846
-0.520003 0.094043 0.112846
-0.534393 0.090147 0.134491
-0.550411 0.090147 0.134491
-0.567933 0.094043 0.112846
-0.583910 0.094043 0.112846
-0.601309 0.097939 0.091200
-0.617244 0.097939 0.091200
-0.633849 0.099887 0.080377
0.530637 0.137128 -0.211840
0.515279 0.137128 -0.211840
0.504353 0.133191 -0.190194
0.488954 0.133191 -0.190194
0.473555 0.133191 -0.190194
0.453847 0.137128 -0.211840
0.438489 0.137128 -0.211840
0.423131 0.137128 -0.211840
0.401495 0.143035 -0.244308
0.382055 0.146972 -0.265954
0.364749 0.148941 -0.276777
0.349514 0.148941 -0.276777
0.334280 0.148941 -0.276777
0.315067 0.152878 -0.298422
0.303811 0.148941 -0.276777
0.284681 0.152878 -0.298422
0.273342 0.148941 -0.276777
0.258108 0.148941 -0.276777
0.239101 0.152878 -0.298422
0.223908 0.152878 -0.298422
0.208714 0.152878 -0.298422
0.191697 0.154847 -0.309245
0.172917 0.158784 -0.330891
0.154219 0.162722 -0.352537
0.139129 0.162722 -0.352537
0.122297 0.164691 -0.363360
0.108948 0.162722 -0.352537
0.093858 0.162722 -0.352537
0.077088 0.164691 -0.363360
0.062018 0.164691 -0.363360
0.051866 0.158784 -0.330891
0.036734 0.158784 -0.330891
0.026396 0.152878 -0.298422
0.014357 0.148941 -0.276777
0.003792 0.143035 -0.244308
-0.011505 0.143035 -0.244308
-0.025286 0.141066 -0.233486
-0.040603 0.141066 -0.233486
-0.050024 0.133191 -0.190194
-0.065423 0.133191 -0.190194
-0.079390 0.131222 -0.179371
-0.094810 0.131222 -0.179371
-0.110230 0.131222 -0.179371
-0.125650 0.131222 -0.179371
-0.138369 0.127285 -0.157725
-0.153830 0.127285 -0.157725
-0.169292 0.127285 -0.157725
-0.158984 0.087910 0.058731
-0.174858 0.087910 0.058731
-0.190731 0.087910 0.058731
-0.206605 0.087910 0.058731
-0.222478 0.087910 0.058731
-0.234796 0.082004 0.091200
-0.250731 0.082004 0.091200
-0.264378 0.078066 0.112846
-0.280355 0.078066 0.112846
-0.296331 0.078066 0.112846
-0.312308 0.078066 0.112846
-0.328284 0.078066 0.112846
-0.342179 0.074129 0.134491
-0.358197 0.074129 0.134491
-0.374214 0.074129 0.134491
-0.392191 0.078066 0.112846
-0.406250 0.074129 0.134491
-0.424144 0.078066 0.112846
-0.440120 0.078066 0.112846
-0.456097 0.078066 0.112846
-0.472074 0.078066 0.112846
-0.488050 0.078066 0.112846
-0.502357 0.074129 0.134491
-0.518375 0.074129 0.134491
-0.534393 0.074129 0.134491
-0.550411 0.074129 0.134491
-0.567933 0.078066 0.112846
-0.583910 0.078066 0.112846
-0.601309 0.082004 0.091200
-0.617244 0.082004 0.091200
0.535152 0.117791 -0.190194
0.515279 0.121770 -0.211840
0.499921 0.121770 -0.211840
0.488954 0.117791 -0.190194
0.473555 0.117791 -0.190194
0.458155 0.117791 -0.190194
0.442756 0.117791 -0.190194
0.423131 0.121770 -0.211840
0.403588 0.125749 -0.233486
0.386199 0.127738 -0.244308
0.366800 0.131717 -0.265954
0.349514 0.133706 -0.276777
0.334280 0.133706 -0.276777
0.319046 0.133706 -0.276777
0.303811 0.133706 -0.276777
0.288577 0.133706 -0.276777
0.273342 0.133706 -0.276777
0.258108 0.133706 -0.276777
0.242873 0.133706 -0.276777
0.227639 0.133706 -0.276777
0.208714 0.137685 -0.298422
0.193521 0.137685 -0.298422
0.176524 0.139674 -0.309245
0.157785 0.143653 -0.330891
0.142654 0.143653 -0.330891
0.127523 0.143653 -0.330891
0.112391 0.143653 -0.330891
0.097260 0.143653 -0.330891
0.078768 0.147632 -0.352537
0.066997 0.143653 -0.330891
0.055143 0.139674 -0.309245
0.039971 0.139674 -0.309245
0.026396 0.137685 -0.298422
0.015934 0.131717 -0.265954
0.005348 0.125749 -0.233486
-0.009969 0.125749 -0.233486
-0.022255 0.121770 -0.211840
-0.034624 0.117791 -0.190194
-0.048550 0.115802 -0.179371
-0.063970 0.115802 -0.179371
-0.079390 0.115802 -0.179371
-0.094810 0.115802 -0.179371
-0.110230 0.115802 -0.179371
-0.122908 0.111823 -0.157725
-0.138369 0.111823 -0.157725
-0.153830 0.111823 -0.157725
-0.165364 0.105855 -0.125257
-0.161561 0.076015 0.037085
-0.174858 0.072037 0.058731
-0.190731 0.072037 0.058731
-0.206605 0.072037 0.058731
-0.222478 0.072037 0.058731
-0.235981 0.068058 0.080377
-0.250731 0.066069 0.091200
-0.266666 0.066069 0.091200
-0.280355 0.062090 0.112846
-0.296331 0.062090 0.112846
-0.312308 0.062090 0.112846
-0.328284 0.062090 0.112846
-0.344261 0.062090 0.112846
-0.360238 0.062090 0.112846
-0.376214 0.062090 0.112846
-0.392191 0.062090 0.112846
-0.408167 0.062090 0.112846
-0.424144 0.062090 0.112846
-0.440120 0.062090 0.112846
-0.454304 0.058111 0.134491
-0.472074 0.062090 0.112846
-0.486339 0.058111 0.134491
-0.502357 0.058111 0.134491
-0.518375 0.058111 0.134491
-0.532805 0.054132 0.156137
-0.548864 0.054132 0.156137
-0.564923 0.054132 0.156137
-0.583910 0.062090 0.112846
0.535152 0.102392 -0.190194
0.510806 0.110432 -0.233486
0.504353 0.102392 -0.190194
0.488954 0.102392 -0.190194
0.473555 0.102392 -0.190194
0.458155 0.102392 -0.190194
0.442756 0.102392 -0.190194
0.427357 0.102392 -0.190194
0.403588 0.110432 -0.233486
0.386199 0.112442 -0.244308
0.370902 0.112442 -0.244308
0.351545 0.116462 -0.265954
0.336290 0.116462 -0.265954
0.319046 0.118472 -0.276777
0.305780 0.116462 -0.265954
0.290525 0.116462 -0.265954
0.275270 0.116462 -0.265954
0.260015 0.116462 -0.265954
0.242873 0.118472 -0.276777
0.227639 0.118472 -0.276777
0.208714 0.122492 -0.298422
0.193521 0.122492 -0.298422
0.178328 0.122492 -0.298422
0.161352 0.124502 -0.309245
0.146179 0.124502 -0.309245
0.131006 0.124502 -0.309245
0.115834 0.124502 -0.309245
0.100661 0.124502 -0.309245
0.082128 0.128522 -0.330891
0.066997 0.128522 -0.330891
0.055143 0.124502 -0.309245
0.039971 0.124502 -0.309245
0.026396 0.122492 -0.298422
0.015934 0.116462 -0.265954
0.008461 0.106412 -0.211840
-0.006897 0.106412 -0.211840
-0.019225 0.102392 -0.190194
-0.033130 0.100382 -0.179371
-0.048550 0.100382 -0.179371
-0.063970 0.100382 -0.179371
-0.076524 0.096362 -0.157725
-0.094810 0.100382 -0.179371
-0.110230 0.100382 -0.179371
-0.122908 0.096362 -0.157725
-0.138369 0.096362 -0.157725
-0.151171 0.092342 -0.136080
-0.156201 0.076263 -0.049497
-0.165426 0.066213 0.004617
-0.178661 0.062193 0.026263
-0.193226 0.060183 0.037085
-0.206605 0.056163 0.058731
-0.222478 0.056163 0.058731
-0.235981 0.052143 0.080377
-0.251896 0.052143 0.080377
-0.266666 0.050133 0.091200
-0.280355 0.046113 0.112846
-0.298537 0.050133 0.091200
-0.312308 0.046113 0.112846
-0.328284 0.046113 0.112846
-0.344261 0.046113 0.112846
-0.360238 0.046113 0.112846
-0.376214 0.046113 0.112846
-0.392191 0.046113 0.112846
-0.408167 0.046113 0.112846
-0.424144 0.046113 0.112846
-0.440120 0.046113 0.112846
-0.454304 0.042093 0.134491
-0.470321 0.042093 0.134491
-0.486339 0.042093 0.134491
-0.502357 0.042093 0.134491
-0.516746 0.038073 0.156137
-0.532805 0.038073 0.156137
-0.548864 0.038073 0.156137
-0.564923 0.038073 0.156137
-0.580982 0.038073 0.156137
0.510806 0.095115 -0.233486
0.504353 0.086993 -0.190194
0.488954 0.086993 -0.190194
0.473555 0.086993 -0.190194
0.458155 0.086993 -0.190194
0.442756 0.086993 -0.190194
0.423131 0.091054 -0.211840
0.403588 0.095115 -0.233486
0.388271 0.095115 -0.233486
0.370902 0.097146 -0.244308
0.355606 0.097146 -0.244308
0.340310 0.097146 -0.244308
0.325014 0.097146 -0.244308
0.309717 0.097146 -0.244308
0.294421 0.097146 -0.244308
0.279125 0.097146 -0.244308
0.263829 0.097146 -0.244308
0.248532 0.097146 -0.244308
0.229505 0.101207 -0.265954
0.214250 0.101207 -0.265954
0.198994 0.101207 -0.265954
0.181936 0.103237 -0.276777
0.163135 0.107299 -0.298422
0.147942 0.107299 -0.298422
0.132748 0.107299 -0.298422
0.117555 0.107299 -0.298422
0.100661 0.109329 -0.309245
0.085489 0.109329 -0.309245
0.070316 0.109329 -0.309245
0.056782 0.107299 -0.298422
0.041589 0.107299 -0.298422
0.026396 0.107299 -0.298422
0.019088 0.097146 -0.244308
0.005348 0.095115 -0.233486
-0.006897 0.091054 -0.211840
-0.019225 0.086993 -0.190194
-0.033130 0.084962 -0.179371
-0.048550 0.084962 -0.179371
-0.061063 0.080901 -0.157725
-0.076524 0.080901 -0.157725
-0.091986 0.080901 -0.157725
-0.110230 0.084962 -0.179371
-0.122908 0.080901 -0.157725
-0.138369 0.080901 -0.157725
-0.151171 0.076840 -0.136080
-0.154892 0.058565 -0.038674
-0.165426 0.050442 0.004617
-0.178661 0.046381 0.026263
-0.194473 0.046381 0.026263
-0.209058 0.044351 0.037085
-0.222478 0.040290 0.058731
-0.238352 0.040289 0.058731
-0.251896 0.036228 0.080377
-0.266666 0.034198 0.091200
-0.280355 0.030137 0.112846
-0.296331 0.030137 0.112846
-0.312308 0.030137 0.112846
-0.328284 0.030137 0.112846
-0.344261 0.030137 0.112846
-0.358197 0.026075 0.134491
-0.374214 0.026075 0.134491
-0.392191 0.030137 0.112846
-0.406250 0.026075 0.134491
-0.422268 0.026075 0.134491
-0.438286 0.026075 0.134491
-0.454304 0.026075 0.134491
-0.470321 0.026075 0.134491
-0.486339 0.026075 0.134491
-0.500687 0.022014 0.156137
-0.516746 0.022014 0.156137
-0.532012 0.019984 0.166960
-0.548091 0.019984 0.166960
-0.564171 0.019984 0.166960
-0.580982 0.022014 0.156137
0.504353 0.071593 -0.190194
0.488954 0.071593 -0.190194
0.523577 0.024416 0.058731
0.507703 0.024416 0.058731
0.487563 0.028519 0.037085
0.471730 0.028519 0.037085
0.411957 0.071593 -0.190194
0.388271 0.079798 -0.233486
0.372954 0.079798 -0.233486
0.355606 0.081849 -0.244308
0.340310 0.081849 -0.244308
0.325014 0.081849 -0.244308
0.309717 0.081849 -0.244308
0.296369 0.079798 -0.233486
0.281052 0.079798 -0.233486
0.265735 0.079798 -0.233486
0.250419 0.079798 -0.233486
0.235102 0.079798 -0.233486
0.219785 0.079798 -0.233486
0.202643 0.081849 -0.244308
0.187347 0.081849 -0.244308
0.168484 0.085952 -0.265954
0.153229 0.085952 -0.265954
0.137974 0.085952 -0.265954
0.120998 0.088003 -0.276777
0.105763 0.088003 -0.276777
0.090529 0.088003 -0.276777
0.070316 0.094156 -0.309245
0.056782 0.092105 -0.298422
0.044826 0.088003 -0.276777
0.031189 0.085952 -0.265954
0.019088 0.081849 -0.244308
0.005348 0.079798 -0.233486
-0.006897 0.075696 -0.211840
-0.022255 0.075696 -0.211840
-0.033130 0.069542 -0.179371
-0.045602 0.065440 -0.157725
-0.061063 0.065440 -0.157725
-0.076524 0.065440 -0.157725
-0.091986 0.065440 -0.157725
-0.107447 0.065440 -0.157725
-0.122908 0.065440 -0.157725
-0.138369 0.065440 -0.157725
-0.139204 0.042877 -0.038674
-0.152274 0.038774 -0.017029
-0.162849 0.030570 0.026263
-0.178661 0.030570 0.026263
-0.194473 0.030570 0.026263
-0.209058 0.028519 0.037085
-0.222478 0.024416 0.058731
-0.235981 0.020314 0.080377
-0.251896 0.020314 0.080377
-0.266666 0.018262 0.091200
-0.280355 0.014160 0.112846
-0.296331 0.014160 0.112846
-0.312308 0.014160 0.112846
-0.326161 0.010058 0.134491
-0.344261 0.014160 0.112846
-0.358197 0.010058 0.134491
-0.374214 0.010058 0.134491
-0.392191 0.014160 0.112846
-0.406250 0.010058 0.134491
-0.422268 0.010058 0.134491
-0.440120 0.014160 0.112846
-0.454304 0.010058 0.134491
-0.470321 0.010058 0.134491
-0.486339 0.010058 0.134491
-0.500687 0.005955 0.156137
-0.516746 0.005955 0.156137
-0.532805 0.005955 0.156137
-0.548864 0.005955 0.156137
-0.564923 0.005955 0.156137
0.607500 0.004399 0.080377
0.591586 0.004399 0.080377
0.575671 0.004399 0.080377
0.559756 0.004399 0.080377
0.543841 0.004399 0.080377
0.523577 0.008543 0.058731
0.507703 0.008543 0.058731
0.487563 0.012686 0.037085
0.471730 0.012686 0.037085
0.403588 0.064481 -0.233486
0.388271 0.064481 -0.233486
0.372954 0.064481 -0.233486
0.355606 0.066553 -0.244308
0.340310 0.066553 -0.244308
0.325014 0.066553 -0.244308
0.311686 0.064481 -0.233486
0.296369 0.064481 -0.233486
0.281052 0.064481 -0.233486
0.265735 0.064481 -0.233486
0.250419 0.064481 -0.233486
0.238833 0.060338 -0.211840
0.219785 0.064481 -0.233486
0.204468 0.064481 -0.233486
0.187347 0.066553 -0.244308
0.172051 0.066553 -0.244308
0.156754 0.066553 -0.244308
0.137974 0.070697 -0.265954
0.122719 0.070697 -0.265954
0.105763 0.072768 -0.276777
0.090529 0.072768 -0.276777
0.075294 0.072768 -0.276777
0.061699 0.070697 -0.265954
0.046444 0.070697 -0.265954
0.034384 0.066553 -0.244308
0.019088 0.066553 -0.244308
0.005348 0.064481 -0.233486
-0.006897 0.060338 -0.211840
-0.017710 0.054122 -0.179371
-0.030141 0.049979 -0.157725
-0.042654 0.045835 -0.136080
-0.052343 0.037548 -0.092788
-0.065062 0.033404 -0.071143
-0.080688 0.033404 -0.071143
-0.100489 0.039620 -0.103611
-0.109199 0.029261 -0.049497
-0.124866 0.029261 -0.049497
-0.139204 0.027189 -0.038674
-0.152274 0.023045 -0.017029
-0.165426 0.018902 0.004617
-0.181197 0.018902 0.004617
-0.194473 0.014758 0.026263
-0.210284 0.014758 0.026263
-0.222478 0.008543 0.058731
-0.238352 0.008542 0.058731
-0.251896 0.004399 0.080377
-0.267810 0.004399 0.080377
-0.280355 -0.001817 0.112846
-0.298537 0.002327 0.091200
-0.312308 -0.001817 0.112846
-0.326161 -0.005960 0.134491
-0.344261 -0.001817 0.112846
-0.358197 -0.005960 0.134491
-0.376214 -0.001817 0.112846
-0.392191 -0.001817 0.112846
-0.406250 -0.005960 0.134491
-0.422268 -0.005960 0.134491
-0.438286 -0.005960 0.134491
-0.454304 -0.005960 0.134491
-0.470321 -0.005960 0.134491
-0.484628 -0.010104 0.156137
-0.500687 -0.010104 0.156137
-0.516746 -0.010104 0.156137
-0.532012 -0.012175 0.166960
-0.548864 -0.010104 0.156137
-0.564923 -0.010104 0.156137
0.607500 -0.011516 0.080377
0.593843 -0.013608 0.091200
0.575671 -0.011516 0.080377
0.559756 -0.011516 0.080377
0.543841 -0.011516 0.080377
0.527927 -0.011516 0.080377
0.503395 -0.003146 0.037085
0.491830 -0.007331 0.058731
0.471730 -0.003146 0.037085
0.455898 -0.003146 0.037085
0.388271 0.049164 -0.233486
0.372954 0.049164 -0.233486
0.357637 0.049164 -0.233486
0.342320 0.049164 -0.233486
0.327003 0.049164 -0.233486
0.311686 0.049164 -0.233486
0.296369 0.049164 -0.233486
0.281052 0.049164 -0.233486
0.265735 0.049164 -0.233486
0.257964 0.040795 -0.190194
0.238833 0.044979 -0.211840
0.223475 0.044979 -0.211840
0.204468 0.049164 -0.233486
0.189151 0.049164 -0.233486
0.173834 0.049164 -0.233486
0.158517 0.049164 -0.233486
0.141458 0.051257 -0.244308
0.126162 0.051257 -0.244308
0.107464 0.055442 -0.265954
0.092209 0.055442 -0.265954
0.076954 0.055442 -0.265954
0.066616 0.049164 -0.233486
0.051299 0.049164 -0.233486
0.035982 0.049164 -0.233486
0.020665 0.049164 -0.233486
0.005348 0.049164 -0.233486
-0.002290 0.038702 -0.179371
-0.017710 0.038702 -0.179371
-0.030141 0.034517 -0.157725
-0.042654 0.030333 -0.136080
-0.053796 0.024055 -0.103611
-0.067928 0.021963 -0.092788
-0.077864 0.013593 -0.049497
-0.093532 0.013593 -0.049497
-0.107828 0.011501 -0.038674
-0.123516 0.011501 -0.038674
-0.139204 0.011501 -0.038674
-0.149656 0.003131 0.004617
-0.162849 -0.001054 0.026263
-0.177393 -0.003146 0.037085
-0.193226 -0.003146 0.037085
-0.209058 -0.003146 0.037085
-0.222478 -0.007331 0.058731
-0.235981 -0.011516 0.080377
-0.251896 -0.011516 0.080377
-0.266666 -0.013608 0.091200
-0.282602 -0.013608 0.091200
-0.298537 -0.013608 0.091200
-0.314472 -0.013608 0.091200
-0.330408 -0.013608 0.091200
-0.344261 -0.017793 0.112846
-0.360238 -0.017793 0.112846
-0.378214 -0.013608 0.091200
-0.394149 -0.013608 0.091200
-0.408167 -0.017793 0.112846
-0.424144 -0.017793 0.112846
-0.440120 -0.017793 0.112846
-0.456097 -0.017793 0.112846
-0.470321 -0.021978 0.134491
-0.484628 -0.026163 0.156137
-0.500687 -0.026163 0.156137
-0.516746 -0.026163 0.156137
-0.532012 -0.028255 0.166960
-0.548864 -0.026163 0.156137
-0.564923 -0.026163 0.156137
0.609778 -0.029544 0.091200
0.593843 -0.029544 0.091200
0.577908 -0.029544 0.091200
0.559756 -0.027431 0.080377
0.543841 -0.027431 0.080377
0.527927 -0.027431 0.080377
0.507703 -0.023205 0.058731
0.491830 -0.023205 0.058731
0.471730 -0.018978 0.037085
0.455898 -0.018978 0.037085
0.444209 -0.023205 0.058731
0.428336 -0.023205 0.058731
0.357637 0.033847 -0.233486
0.342320 0.033847 -0.233486
0.327003 0.033847 -0.233486
0.311686 0.033847 -0.233486
0.300265 0.029621 -0.211840
0.284907 0.029621 -0.211840
0.269549 0.029621 -0.211840
0.259850 0.023282 -0.179371
0.244430 0.023282 -0.179371
0.229010 0.023282 -0.179371
0.211765 0.025395 -0.190194
0.189151 0.033847 -0.233486
0.173834 0.033847 -0.233486
0.158517 0.033847 -0.233486
0.143200 0.033847 -0.233486
0.127883 0.033847 -0.233486
0.110866 0.035960 -0.244308
0.095569 0.035960 -0.244308
0.081933 0.033847 -0.233486
0.069893 0.029621 -0.211840
0.051299 0.033847 -0.233486
0.035982 0.033847 -0.233486
0.020665 0.033847 -0.233486
0.005348 0.033847 -0.233486
-0.002290 0.023282 -0.179371
-0.014679 0.019056 -0.157725
-0.030141 0.019056 -0.157725
-0.026440 -0.008413 -0.017029
-0.042169 -0.008413 -0.017029
-0.057899 -0.008413 -0.017029
-0.076452 -0.004187 -0.038674
-0.092140 -0.004187 -0.038674
-0.107828 -0.004187 -0.038674
-0.123516 -0.004187 -0.038674
-0.136545 -0.008413 -0.017029
-0.149656 -0.012639 0.004617
-0.162849 -0.016865 0.026263
-0.177393 -0.018978 0.037085
-0.193226 -0.018978 0.037085
-0.206605 -0.023205 0.058731
-0.222478 -0.023205 0.058731
-0.238352 -0.023205 0.058731
-0.251896 -0.027431 0.080377
-0.267810 -0.027431 0.080377
-0.282602 -0.029544 0.091200
-0.298537 -0.029544 0.091200
-0.314472 -0.029544 0.091200
-0.330408 -0.029544 0.091200
-0.344261 -0.033770 0.112846
-0.360238 -0.033770 0.112846
-0.378214 -0.029544 0.091200
-0.392191 -0.033770 0.112846
-0.408167 -0.033770 0.112846
-0.424144 -0.033770 0.112846
-0.440120 -0.033770 0.112846
-0.454304 -0.037996 0.134491
-0.470321 -0.037996 0.134491
-0.484628 -0.042222 0.156137
-0.500687 -0.042222 0.156137
-0.516746 -0.042222 0.156137
-0.532805 -0.042222 0.156137
-0.548091 -0.044335 0.166960
-0.564923 -0.042222 0.156137
0.609778 -0.045479 0.091200
0.593843 -0.045479 0.091200
0.577908 -0.045479 0.091200
0.559756 -0.043345 0.080377
0.546037 -0.045479 0.091200
0.523577 -0.039078 0.058731
0.507703 -0.039078 0.058731
0.491830 -0.039078 0.058731
0.475956 -0.039078 0.058731
0.460083 -0.039078 0.058731
0.444209 -0.039078 0.058731
0.428336 -0.039078 0.058731
0.416523 -0.043345 0.080377
0.342320 0.018531 -0.233486
0.327003 0.018531 -0.233486
0.315624 0.014263 -0.211840
0.304162 0.009996 -0.190194
0.290690 0.007862 -0.179371
0.275270 0.007862 -0.179371
0.259850 0.007862 -0.179371
0.244430 0.007862 -0.179371
0.229010 0.007862 -0.179371
0.213590 0.007862 -0.179371
0.196366 0.009996 -0.190194
0.173834 0.018531 -0.233486
0.165567 0.009996 -0.190194
0.150168 0.009996 -0.190194
0.136490 0.007862 -0.179371
0.121070 0.007862 -0.179371
0.103970 0.009996 -0.190194
0.088571 0.009996 -0.190194
0.073171 0.009996 -0.190194
0.054535 0.014263 -0.211840
0.039177 0.014263 -0.211840
0.020665 0.018531 -0.233486
0.005348 0.018531 -0.233486
-0.002290 0.007862 -0.179371
-0.014679 0.003595 -0.157725
-0.030141 0.003595 -0.157725
-0.020544 -0.032677 0.026263
-0.036356 -0.032677 0.026263
-0.052168 -0.032677 0.026263
-0.073628 -0.024143 -0.017029
-0.089357 -0.024143 -0.017029
-0.105086 -0.024143 -0.017029
-0.120816 -0.024143 -0.017029
-0.133885 -0.028410 0.004617
-0.147038 -0.032677 0.026263
-0.161561 -0.034811 0.037085
-0.177393 -0.034811 0.037085
-0.193226 -0.034811 0.037085
-0.206605 -0.039078 0.058731
-0.222478 -0.039078 0.058731
-0.238352 -0.039078 0.058731
-0.251896 -0.043345 0.080377
-0.266666 -0.045479 0.091200
-0.282602 -0.045479 0.091200
-0.298537 -0.045479 0.091200
-0.314472 -0.045479 0.091200
-0.328284 -0.049746 0.112846
-0.344261 -0.049746 0.112846
-0.360238 -0.049746 0.112846
-0.378214 -0.045479 0.091200
-0.392191 -0.049746 0.112846
-0.408167 -0.049746 0.112846
-0.422268 -0.054014 0.134491
-0.438286 -0.054014 0.134491
-0.454304 -0.054014 0.134491
-0.468569 -0.058281 0.156137
-0.484628 -0.058281 0.156137
-0.500687 -0.058281 0.156137
-0.516746 -0.058281 0.156137
-0.532805 -0.058281 0.156137
-0.548091 -0.060415 0.166960
0.614334 -0.065723 0.112846
0.593843 -0.061414 0.091200
0.571197 -0.054951 0.058731
0.550892 -0.050643 0.037085
0.535059 -0.050643 0.037085
0.523577 -0.054951 0.058731
0.507703 -0.054951 0.058731
0.491830 -0.054951 0.058731
0.475956 -0.054951 0.058731
0.460083 -0.054951 0.058731
0.444209 -0.054951 0.058731
0.428336 -0.054951 0.058731
0.416523 -0.059260 0.080377
0.400609 -0.059260 0.080377
0.380715 -0.054951 0.058731
0.321530 -0.007558 -0.179371
0.306110 -0.007558 -0.179371
0.298400 -0.016175 -0.136080
0.279084 -0.011866 -0.157725
0.263622 -0.011866 -0.157725
0.244430 -0.007558 -0.179371
0.229010 -0.007558 -0.179371
0.213590 -0.007558 -0.179371
0.198170 -0.007558 -0.179371
0.177400 -0.001095 -0.211840
0.162042 -0.001095 -0.211840
0.150168 -0.005403 -0.190194
0.136490 -0.007558 -0.179371
0.121070 -0.007558 -0.179371
0.103970 -0.005403 -0.190194
0.088571 -0.005403 -0.190194
0.074810 -0.007558 -0.179371
0.057772 -0.005403 -0.190194
0.039177 -0.001095 -0.211840
0.020665 0.003214 -0.233486
0.005348 0.003214 -0.233486
0.000782 -0.011866 -0.157725
-0.014679 -0.011866 -0.157725
-0.030141 -0.011866 -0.157725
-0.019070 -0.050643 0.037085
-0.034903 -0.050643 0.037085
-0.050735 -0.050643 0.037085
-0.066567 -0.050643 0.037085
-0.082400 -0.050643 0.037085
-0.099603 -0.048489 0.026263
-0.114064 -0.050643 0.037085
-0.131226 -0.048489 0.026263
-0.147038 -0.048489 0.026263
-0.161561 -0.050643 0.037085
-0.177393 -0.050643 0.037085
-0.190731 -0.054951 0.058731
-0.206605 -0.054951 0.058731
-0.222478 -0.054951 0.058731
-0.238352 -0.054952 0.058731
-0.254225 -0.054952 0.058731
-0.267810 -0.059260 0.080377
-0.282602 -0.061414 0.091200
-0.298537 -0.061414 0.091200
-0.314472 -0.061414 0.091200
-0.328284 -0.065723 0.112846
-0.344261 -0.065723 0.112846
-0.360238 -0.065723 0.112846
-0.376214 -0.065723 0.112846
-0.392191 -0.065723 0.112846
-0.408167 -0.065723 0.112846
-0.422268 -0.070031 0.134491
-0.438286 -0.070031 0.134491
-0.452510 -0.074340 0.156137
-0.470321 -0.070031 0.134491
-0.484628 -0.074340 0.156137
-0.500687 -0.074340 0.156137
-0.516746 -0.074340 0.156137
-0.532805 -0.074340 0.156137
0.614334 -0.081699 0.112846
0.593843 -0.077350 0.091200
0.571197 -0.070825 0.058731
0.555324 -0.070825 0.058731
0.539450 -0.070825 0.058731
0.523577 -0.070825 0.058731
0.507703 -0.070825 0.058731
0.491830 -0.070825 0.058731
0.475956 -0.070825 0.058731
0.460083 -0.070825 0.058731
0.444209 -0.070825 0.058731
0.428336 -0.070825 0.058731
0.412462 -0.070825 0.058731
0.396589 -0.070825 0.058731
0.380715 -0.070825 0.058731
0.364842 -0.070825 0.058731
0.313902 -0.031677 -0.136080
0.298400 -0.031677 -0.136080
0.284804 -0.033852 -0.125257
0.263622 -0.027327 -0.157725
0.248161 -0.027327 -0.157725
0.229010 -0.022978 -0.179371
0.213590 -0.022978 -0.179371
0.198170 -0.022978 -0.179371
0.177400 -0.016453 -0.211840
0.162042 -0.016453 -0.211840
0.146684 -0.016453 -0.211840
0.134769 -0.020803 -0.190194
0.119369 -0.020803 -0.190194
0.103970 -0.020803 -0.190194
0.088571 -0.020803 -0.190194
0.074810 -0.022978 -0.179371
0.059390 -0.022978 -0.179371
0.039177 -0.016453 -0.211840
0.023819 -0.016453 -0.211840
0.016243 -0.027327 -0.157725
0.000782 -0.027327 -0.157725
-0.014679 -0.027327 -0.157725
-0.030141 -0.027327 -0.157725
-0.020544 -0.064300 0.026263
-0.034903 -0.066475 0.037085
-0.050735 -0.066475 0.037085
-0.066567 -0.066475 0.037085
-0.083791 -0.064300 0.026263
-0.099603 -0.064300 0.026263
-0.114064 -0.066475 0.037085
-0.131226 -0.064300 0.026263
-0.147038 -0.064300 0.026263
-0.161561 -0.066475 0.037085
-0.177393 -0.066475 0.037085
-0.193226 -0.066475 0.037085
-0.206605 -0.070825 0.058731
-0.222478 -0.070825 0.058731
-0.238352 -0.070825 0.058731
-0.254225 -0.070825 0.058731
-0.267810 -0.075175 0.080377
-0.283725 -0.075175 0.080377
-0.299640 -0.075175 0.080377
-0.314472 -0.077350 0.091200
-0.330408 -0.077350 0.091200
-0.346343 -0.077350 0.091200
-0.360238 -0.081700 0.112846
-0.376214 -0.081700 0.112846
-0.392191 -0.081700 0.112846
-0.408167 -0.081700 0.112846
-0.422268 -0.086049 0.134491
-0.438286 -0.086049 0.134491
-0.452510 -0.090399 0.156137
-0.468569 -0.090399 0.156137
-0.483773 -0.092574 0.166960
-0.499852 -0.092574 0.166960
-0.515932 -0.092574 0.166960
0.602944 -0.086698 0.058731
0.587071 -0.086698 0.058731
0.571197 -0.086698 0.058731
0.555324 -0.086698 0.058731
0.543841 -0.091090 0.080377
0.523577 -0.086698 0.058731
0.507703 -0.086698 0.058731
0.491830 -0.086698 0.058731
0.475956 -0.086698 0.058731
0.460083 -0.086698 0.058731
0.444209 -0.086698 0.058731
0.428336 -0.086698 0.058731
0.416523 -0.091090 0.080377
0.396589 -0.086698 0.058731
0.380715 -0.086698 0.058731
0.364842 -0.086698 0.058731
0.345072 -0.082308 0.037085
0.298400 -0.047180 -0.136080
0.282897 -0.047180 -0.136080
0.259850 -0.038398 -0.179371
0.248161 -0.042789 -0.157725
0.229010 -0.038398 -0.179371
0.213590 -0.038398 -0.179371
0.241461 -0.091090 0.080377
0.225547 -0.091090 0.080377
0.214920 -0.097676 0.112846
0.198943 -0.097676 0.112846
0.186409 -0.102067 0.134491
0.170391 -0.102067 0.134491
0.103970 -0.036202 -0.190194
0.088571 -0.036202 -0.190194
0.074810 -0.038398 -0.179371
0.059390 -0.038398 -0.179371
0.043970 -0.038398 -0.179371
0.028550 -0.038398 -0.179371
0.016243 -0.042789 -0.157725
0.000782 -0.042789 -0.157725
0.020170 -0.093285 0.091200
0.004235 -0.093285 0.091200
-0.016123 -0.086698 0.058731
-0.031996 -0.086698 0.058731
-0.047870 -0.086698 0.058731
-0.066567 -0.082308 0.037085
-0.082400 -0.082308 0.037085
-0.098232 -0.082308 0.037085
-0.114064 -0.082308 0.037085
-0.129896 -0.082308 0.037085
-0.145729 -0.082308 0.037085
-0.161561 -0.082308 0.037085
-0.177393 -0.082308 0.037085
-0.190731 -0.086698 0.058731
-0.206605 -0.086698 0.058731
-0.222478 -0.086698 0.058731
-0.238352 -0.086699 0.058731
-0.254225 -0.086699 0.058731
-0.267810 -0.091090 0.080377
-0.283725 -0.091090 0.080377
-0.299640 -0.091090 0.080377
-0.314472 -0.093285 0.091200
-0.330408 -0.093285 0.091200
-0.346343 -0.093285 0.091200
-0.360238 -0.097676 0.112846
-0.378214 -0.093285 0.091200
-0.392191 -0.097676 0.112846
-0.408167 -0.097676 0.112846
-0.422268 -0.102067 0.134491
-0.438286 -0.102067 0.134491
-0.454304 -0.102067 0.134491
-0.468569 -0.106458 0.156137
-0.483773 -0.108654 0.166960
-0.499852 -0.108654 0.166960
-0.515932 -0.108654 0.166960
0.607500 -0.107004 0.080377
0.587071 -0.102572 0.058731
0.575671 -0.107004 0.080377
0.555324 -0.102572 0.058731
0.543841 -0.107004 0.080377
0.523577 -0.102572 0.058731
0.507703 -0.102572 0.058731
0.491830 -0.102572 0.058731
0.475956 -0.102572 0.058731
0.460083 -0.102572 0.058731
0.444209 -0.102572 0.058731
0.428336 -0.102572 0.058731
0.416523 -0.107004 0.080377
0.400609 -0.107004 0.080377
0.380715 -0.102572 0.058731
0.364842 -0.102572 0.058731
0.348968 -0.102572 0.058731
0.333095 -0.102572 0.058731
0.317221 -0.102572 0.058731
0.301348 -0.102572 0.058731
0.285474 -0.102572 0.058731
0.269601 -0.102572 0.058731
0.257376 -0.107004 0.080377
0.241461 -0.107004 0.080377
0.230896 -0.113653 0.112846
0.214920 -0.113653 0.112846
0.198943 -0.113653 0.112846
0.182966 -0.113653 0.112846
0.170391 -0.118085 0.134491
0.154373 -0.118085 0.134491
0.090230 -0.053818 -0.179371
0.074810 -0.053818 -0.179371
0.059390 -0.053818 -0.179371
0.043970 -0.053818 -0.179371
0.031704 -0.058250 -0.157725
0.016243 -0.058250 -0.157725
0.036105 -0.109220 0.091200
0.020170 -0.109220 0.091200
0.004235 -0.109220 0.091200
-0.016123 -0.102572 0.058731
-0.029089 -0.107004 0.080377
-0.045004 -0.107004 0.080377
-0.063743 -0.102572 0.058731
-0.079617 -0.102572 0.058731
-0.098232 -0.098140 0.037085
-0.111364 -0.102572 0.058731
-0.127237 -0.102572 0.058731
-0.143111 -0.102572 0.058731
-0.158984 -0.102572 0.058731
-0.174858 -0.102572 0.058731
-0.190731 -0.102572 0.058731
-0.206605 -0.102572 0.058731
-0.222478 -0.102572 0.058731
-0.238352 -0.102572 0.058731
-0.254225 -0.102572 0.058731
-0.267810 -0.107004 0.080377
-0.283725 -0.107004 0.080377
-0.299640 -0.107004 0.080377
-0.314472 -0.109220 0.091200
-0.330408 -0.109220 0.091200
-0.346343 -0.109220 0.091200
-0.362278 -0.109220 0.091200
-0.378214 -0.109220 0.091200
-0.392191 -0.113653 0.112846
-0.408167 -0.113653 0.112846
-0.424144 -0.113653 0.112846
-0.440120 -0.113653 0.112846
-0.454304 -0.118085 0.134491
-0.470321 -0.118085 0.134491
-0.484628 -0.122517 0.156137
-0.500687 -0.122517 0.156137
0.607500 -0.122919 0.080377
0.591586 -0.122919 0.080377
0.575671 -0.122919 0.080377
0.559756 -0.122919 0.080377
0.543841 -0.122919 0.080377
0.527927 -0.122919 0.080377
0.507703 -0.118446 0.058731
0.491830 -0.118446 0.058731
0.475956 -0.118446 0.058731
0.460083 -0.118446 0.058731
0.444209 -0.118446 0.058731
0.428336 -0.118446 0.058731
0.416523 -0.122919 0.080377
0.396589 -0.118446 0.058731
0.380715 -0.118446 0.058731
0.364842 -0.118446 0.058731
0.352864 -0.122919 0.080377
0.336950 -0.122919 0.080377
0.317221 -0.118446 0.058731
0.305120 -0.122919 0.080377
0.285474 -0.118446 0.058731
0.273291 -0.122919 0.080377
0.257376 -0.122919 0.080377
0.243265 -0.125156 0.091200
0.227330 -0.125156 0.091200
0.214920 -0.129629 0.112846
0.198943 -0.129629 0.112846
0.186409 -0.134103 0.134491
0.170391 -0.134103 0.134491
0.154373 -0.134103 0.134491
0.138356 -0.134103 0.134491
0.119060 -0.129629 0.112846
0.103083 -0.129629 0.112846
0.087107 -0.129629 0.112846
0.067976 -0.125156 0.091200
0.052041 -0.125156 0.091200
0.036105 -0.125156 0.091200
0.020170 -0.125156 0.091200
0.002740 -0.122919 0.080377
-0.013175 -0.122919 0.080377
-0.031996 -0.118446 0.058731
-0.047870 -0.118446 0.058731
-0.063743 -0.118446 0.058731
-0.079617 -0.118446 0.058731
-0.095490 -0.118446 0.058731
-0.111364 -0.118446 0.058731
-0.127237 -0.118446 0.058731
-0.145729 -0.113972 0.037085
-0.161561 -0.113972 0.037085
-0.177393 -0.113972 0.037085
-0.193226 -0.113972 0.037085
-0.206605 -0.118446 0.058731
-0.222478 -0.118446 0.058731
-0.238352 -0.118446 0.058731
-0.254225 -0.118446 0.058731
-0.267810 -0.122919 0.080377
-0.283725 -0.122919 0.080377
-0.299640 -0.122919 0.080377
-0.314472 -0.125156 0.091200
-0.330408 -0.125156 0.091200
-0.346343 -0.125156 0.091200
-0.360238 -0.129629 0.112846
-0.378214 -0.125156 0.091200
-0.392191 -0.129629 0.112846
-0.408167 -0.129629 0.112846
-0.424144 -0.129629 0.112846
-0.438286 -0.134103 0.134491
-0.454304 -0.134103 0.134491
-0.472074 -0.129629 0.112846
-0.488050 -0.129629 0.112846
-0.500687 -0.138576 0.156137
0.607500 -0.138834 0.080377
0.591586 -0.138834 0.080377
0.575671 -0.138834 0.080377
0.559756 -0.138834 0.080377
0.543841 -0.138834 0.080377
0.527927 -0.138834 0.080377
0.507703 -0.134319 0.058731
0.491830 -0.134319 0.058731
0.475956 -0.134319 0.058731
0.460083 -0.134319 0.058731
0.444209 -0.134319 0.058731
0.428336 -0.134319 0.058731
0.412462 -0.134319 0.058731
0.396589 -0.134319 0.058731
0.380715 -0.134319 0.058731
0.364842 -0.134319 0.058731
0.352864 -0.138834 0.080377
0.333095 -0.134319 0.058731
0.317221 -0.134319 0.058731
0.305120 -0.138834 0.080377
0.289205 -0.138834 0.080377
0.273291 -0.138834 0.080377
0.257376 -0.138834 0.080377
0.241461 -0.138834 0.080377
0.227330 -0.141091 0.091200
0.214920 -0.145606 0.112846
0.198943 -0.145606 0.112846
0.186409 -0.150120 0.134491
0.170391 -0.150120 0.134491
0.154373 -0.150120 0.134491
0.135037 -0.145606 0.112846
0.119060 -0.145606 0.112846
0.103083 -0.145606 0.112846
0.087107 -0.145606 0.112846
0.067976 -0.141091 0.091200
0.052041 -0.141091 0.091200
0.036105 -0.141091 0.091200
0.018655 -0.138834 0.080377
0.002740 -0.138834 0.080377
-0.013175 -0.138834 0.080377
-0.031996 -0.134319 0.058731
-0.045004 -0.138834 0.080377
-0.063743 -0.134319 0.058731
-0.079617 -0.134319 0.058731
-0.095490 -0.134319 0.058731
-0.111364 -0.134319 0.058731
-0.127237 -0.134319 0.058731
-0.145729 -0.129804 0.037085
-0.161561 -0.129804 0.037085
-0.177393 -0.129804 0.037085
-0.193226 -0.129804 0.037085
-0.209058 -0.129804 0.037085
-0.224890 -0.129804 0.037085
-0.238352 -0.134319 0.058731
-0.254225 -0.134319 0.058731
-0.270099 -0.134319 0.058731
-0.283725 -0.138834 0.080377
-0.299640 -0.138834 0.080377
-0.315555 -0.138834 0.080377
-0.330408 -0.141091 0.091200
-0.346343 -0.141091 0.091200
-0.362278 -0.141091 0.091200
-0.376214 -0.145606 0.112846
-0.392191 -0.145606 0.112846
-0.408167 -0.145606 0.112846
-0.424144 -0.145606 0.112846
-0.438286 -0.150121 0.134491
-0.454304 -0.150121 0.134491
-0.470321 -0.150121 0.134491
-0.486339 -0.150121 0.134491
0.575671 -0.154748 0.080377
0.559756 -0.154748 0.080377
0.543841 -0.154748 0.080377
0.527927 -0.154748 0.080377
0.507703 -0.150192 0.058731
0.491830 -0.150192 0.058731
0.480182 -0.154748 0.080377
0.460083 -0.150192 0.058731
0.444209 -0.150192 0.058731
0.428336 -0.150192 0.058731
0.412462 -0.150192 0.058731
0.396589 -0.150192 0.058731
0.380715 -0.150192 0.058731
0.364842 -0.150192 0.058731
0.348968 -0.150192 0.058731
0.333095 -0.150192 0.058731
0.317221 -0.150192 0.058731
0.301348 -0.150192 0.058731
0.289205 -0.154748 0.080377
0.273291 -0.154748 0.080377
0.257376 -0.154748 0.080377
0.241461 -0.154748 0.080377
0.227330 -0.157026 0.091200
0.214920 -0.161582 0.112846
0.198943 -0.161582 0.112846
0.186409 -0.166138 0.134491
0.166990 -0.161582 0.112846
0.151013 -0.161582 0.112846
0.135037 -0.161582 0.112846
0.119060 -0.161582 0.112846
0.103083 -0.161582 0.112846
0.083912 -0.157026 0.091200
0.067976 -0.157026 0.091200
0.052041 -0.157026 0.091200
0.036105 -0.157026 0.091200
0.018655 -0.154748 0.080377
0.002740 -0.154748 0.080377
-0.013175 -0.154748 0.080377
-0.031996 -0.150192 0.058731
-0.045004 -0.154748 0.080377
-0.063743 -0.150192 0.058731
-0.079617 -0.150192 0.058731
-0.095490 -0.150192 0.058731
-0.111364 -0.150192 0.058731
-0.127237 -0.150192 0.058731
-0.145729 -0.145637 0.037085
-0.161561 -0.145637 0.037085
-0.177393 -0.145637 0.037085
-0.190731 -0.150192 0.058731
-0.209058 -0.145637 0.037085
-0.222478 -0.150192 0.058731
-0.238352 -0.150193 0.058731
-0.254225 -0.150193 0.058731
-0.270099 -0.150193 0.058731
-0.283725 -0.154749 0.080377
-0.299640 -0.154749 0.080377
-0.314472 -0.157027 0.091200
-0.330408 -0.157027 0.091200
-0.346343 -0.157027 0.091200
-0.360238 -0.161582 0.112846
-0.376214 -0.161582 0.112846
-0.392191 -0.161582 0.112846
-0.408167 -0.161582 0.112846
-0.424144 -0.161582 0.112846
-0.438286 -0.166138 0.134491
-0.454304 -0.166138 0.134491
-0.470321 -0.166138 0.134491
-0.484628 -0.170694 0.156137
0.559756 -0.170663 0.080377
0.546037 -0.172962 0.091200
0.527927 -0.170663 0.080377
0.512012 -0.170663 0.080377
0.496097 -0.170663 0.080377
0.480182 -0.170663 0.080377
0.464268 -0.170663 0.080377
0.444209 -0.166066 0.058731
0.432438 -0.170663 0.080377
0.416523 -0.170663 0.080377
0.396589 -0.166066 0.058731
0.380715 -0.166066 0.058731
0.364842 -0.166066 0.058731
0.348968 -0.166066 0.058731
0.333095 -0.166066 0.058731
0.317221 -0.166066 0.058731
0.305120 -0.170663 0.080377
0.289205 -0.170663 0.080377
0.273291 -0.170663 0.080377
0.259201 -0.172962 0.091200
0.243265 -0.172962 0.091200
0.230896 -0.177559 0.112846
0.214920 -0.177559 0.112846
0.198943 -0.177559 0.112846
0.186409 -0.182156 0.134491
0.166990 -0.177559 0.112846
0.151013 -0.177559 0.112846
0.135037 -0.177559 0.112846
0.119060 -0.177559 0.112846
0.099847 -0.172962 0.091200
0.083912 -0.172962 0.091200
0.067976 -0.172962 0.091200
0.052041 -0.172962 0.091200
0.036105 -0.172962 0.091200
0.018655 -0.170663 0.080377
0.002740 -0.170663 0.080377
-0.013175 -0.170663 0.080377
-0.029089 -0.170663 0.080377
-0.045004 -0.170663 0.080377
-0.063743 -0.166066 0.058731
-0.079617 -0.166066 0.058731
-0.095490 -0.166066 0.058731
-0.111364 -0.166066 0.058731
-0.127237 -0.166066 0.058731
-0.145729 -0.161469 0.037085
-0.161561 -0.161469 0.037085
-0.177393 -0.161469 0.037085
-0.193226 -0.161469 0.037085
-0.209058 -0.161469 0.037085
-0.224890 -0.161469 0.037085
-0.238352 -0.166066 0.058731
-0.254225 -0.166066 0.058731
-0.270099 -0.166066 0.058731
-0.283725 -0.170663 0.080377
-0.299640 -0.170663 0.080377
-0.314472 -0.172962 0.091200
-0.330408 -0.172962 0.091200
-0.346343 -0.172962 0.091200
-0.360238 -0.177559 0.112846
-0.376214 -0.177559 0.112846
-0.392191 -0.177559 0.112846
-0.408167 -0.177559 0.112846
-0.422268 -0.182156 0.134491
-0.438286 -0.182156 0.134491
-0.454304 -0.182156 0.134491
-0.470321 -0.182156 0.134491
-0.484628 -0.186753 0.156137
0.577908 -0.188897 0.091200
0.561972 -0.188897 0.091200
0.546037 -0.188897 0.091200
0.530102 -0.188897 0.091200
0.514166 -0.188897 0.091200
0.496097 -0.186578 0.080377
0.480182 -0.186578 0.080377
0.464268 -0.186578 0.080377
0.444209 -0.181940 0.058731
0.432438 -0.186578 0.080377
0.416523 -0.186578 0.080377
0.396589 -0.181940 0.058731
0.380715 -0.181940 0.058731
0.364842 -0.181940 0.058731
0.348968 -0.181940 0.058731
0.333095 -0.181940 0.058731
0.321035 -0.186578 0.080377
0.305120 -0.186578 0.080377
0.289205 -0.186578 0.080377
0.275136 -0.188897 0.091200
0.259201 -0.188897 0.091200
0.246873 -0.193535 0.112846
0.230896 -0.193535 0.112846
0.214920 -0.193535 0.112846
0.198943 -0.193535 0.112846
0.186409 -0.198174 0.134491
0.166990 -0.193535 0.112846
0.151013 -0.193535 0.112846
0.135037 -0.193535 0.112846
0.119060 -0.193535 0.112846
0.099847 -0.188897 0.091200
0.083912 -0.188897 0.091200
0.066399 -0.186578 0.080377
0.050484 -0.186578 0.080377
0.034570 -0.186578 0.080377
0.018655 -0.186578 0.080377
0.002740 -0.186578 0.080377
-0.013175 -0.186578 0.080377
-0.029089 -0.186578 0.080377
-0.045004 -0.186578 0.080377
-0.060919 -0.186578 0.080377
-0.079617 -0.181940 0.058731
-0.095490 -0.181940 0.058731
-0.111364 -0.181940 0.058731
-0.127237 -0.181940 0.058731
-0.143111 -0.181940 0.058731
-0.161561 -0.177301 0.037085
-0.174858 -0.181940 0.058731
-0.190731 -0.181940 0.058731
-0.206605 -0.181940 0.058731
-0.224890 -0.177301 0.037085
-0.238352 -0.181940 0.058731
-0.254225 -0.181940 0.058731
-0.267810 -0.186578 0.080377
-0.283725 -0.186578 0.080377
-0.299640 -0.186578 0.080377
-0.314472 -0.188897 0.091200
-0.330408 -0.188897 0.091200
-0.346343 -0.188897 0.091200
-0.360238 -0.193536 0.112846
-0.376214 -0.193536 0.112846
-0.392191 -0.193536 0.112846
-0.408167 -0.193536 0.112846
-0.422268 -0.198174 0.134491
-0.438286 -0.198174 0.134491
-0.454304 -0.198174 0.134491
0.577908 -0.204832 0.091200
0.561972 -0.204832 0.091200
0.546037 -0.204832 0.091200
0.530102 -0.204832 0.091200
0.514166 -0.204832 0.091200
0.496097 -0.202493 0.080377
0.480182 -0.202493 0.080377
0.464268 -0.202493 0.080377
0.448353 -0.202493 0.080377
0.432438 -0.202493 0.080377
0.416523 -0.202493 0.080377
0.396589 -0.197813 0.058731
0.380715 -0.197813 0.058731
0.364842 -0.197813 0.058731
0.348968 -0.197813 0.058731
0.333095 -0.197813 0.058731
0.317221 -0.197813 0.058731
0.305120 -0.202493 0.080377
0.289205 -0.202493 0.080377
0.273291 -0.202493 0.080377
0.259201 -0.204832 0.091200
0.243265 -0.204832 0.091200
0.230896 -0.209512 0.112846
0.214920 -0.209512 0.112846
0.198943 -0.209512 0.112846
0.182966 -0.209512 0.112846
0.166990 -0.209512 0.112846
0.151013 -0.209512 0.112846
0.135037 -0.209512 0.112846
0.119060 -0.209512 0.112846
0.099847 -0.204832 0.091200
0.083912 -0.204832 0.091200
0.066399 -0.202493 0.080377
0.050484 -0.202493 0.080377
0.034570 -0.202493 0.080377
0.018655 -0.202493 0.080377
0.002740 -0.202493 0.080377
-0.013175 -0.202493 0.080377
-0.029089 -0.202493 0.080377
-0.045004 -0.202493 0.080377
-0.063743 -0.197813 0.058731
-0.079617 -0.197813 0.058731
-0.095490 -0.197813 0.058731
-0.111364 -0.197813 0.058731
-0.129896 -0.193134 0.037085
-0.145729 -0.193134 0.037085
-0.161561 -0.193134 0.037085
-0.177393 -0.193134 0.037085
-0.190731 -0.197813 0.058731
-0.209058 -0.193134 0.037085
-0.224890 -0.193134 0.037085
-0.238352 -0.197813 0.058731
-0.254225 -0.197813 0.058731
-0.267810 -0.202493 0.080377
-0.283725 -0.202493 0.080377
-0.299640 -0.202493 0.080377
-0.314472 -0.204833 0.091200
-0.330408 -0.204833 0.091200
-0.346343 -0.204833 0.091200
-0.360238 -0.209512 0.112846
-0.376214 -0.209512 0.112846
-0.392191 -0.209512 0.112846
-0.406250 -0.214192 0.134491
-0.422268 -0.214192 0.134491
-0.438286 -0.214192 0.134491
0.577908 -0.220768 0.091200
0.561972 -0.220768 0.091200
0.546037 -0.220768 0.091200
0.530102 -0.220768 0.091200
0.518475 -0.225489 0.112846
0.498231 -0.220768 0.091200
0.482295 -0.220768 0.091200
0.464268 -0.218407 0.080377
0.448353 -0.218407 0.080377
0.432438 -0.218407 0.080377
0.416523 -0.218407 0.080377
0.400609 -0.218407 0.080377
0.380715 -0.213687 0.058731
0.364842 -0.213687 0.058731
0.348968 -0.213687 0.058731
0.333095 -0.213687 0.058731
0.317221 -0.213687 0.058731
0.301348 -0.213687 0.058731
0.285474 -0.213687 0.058731
0.269601 -0.213687 0.058731
0.253727 -0.213687 0.058731
0.241461 -0.218407 0.080377
0.227330 -0.220768 0.091200
0.211394 -0.220768 0.091200
0.195459 -0.220768 0.091200
0.182966 -0.225489 0.112846
0.163588 -0.220768 0.091200
0.151013 -0.225489 0.112846
0.135037 -0.225489 0.112846
0.115782 -0.220768 0.091200
0.099847 -0.220768 0.091200
0.083912 -0.220768 0.091200
0.066399 -0.218407 0.080377
0.052041 -0.220768 0.091200
0.034570 -0.218407 0.080377
0.018655 -0.218407 0.080377
0.002740 -0.218407 0.080377
-0.013175 -0.218407 0.080377
-0.029089 -0.218407 0.080377
-0.045004 -0.218407 0.080377
-0.063743 -0.213687 0.058731
-0.079617 -0.213687 0.058731
-0.095490 -0.213687 0.058731
-0.111364 -0.213687 0.058731
-0.129896 -0.208966 0.037085
-0.145729 -0.208966 0.037085
-0.161561 -0.208966 0.037085
-0.177393 -0.208966 0.037085
-0.193226 -0.208966 0.037085
-0.209058 -0.208966 0.037085
-0.224890 -0.208966 0.037085
-0.235981 -0.218408 0.080377
-0.251896 -0.218408 0.080377
-0.267810 -0.218408 0.080377
-0.282602 -0.220768 0.091200
-0.298537 -0.220768 0.091200
-0.314472 -0.220768 0.091200
-0.330408 -0.220768 0.091200
-0.344261 -0.225489 0.112846
-0.358197 -0.230210 0.134491
-0.374214 -0.230210 0.134491
-0.390232 -0.230210 0.134491
-0.406250 -0.230210 0.134491
-0.422268 -0.230210 0.134491
-0.438286 -0.230210 0.134491
0.561972 -0.236703 0.091200
0.550428 -0.241465 0.112846
0.534451 -0.241465 0.112846
0.514166 -0.236703 0.091200
0.498231 -0.236703 0.091200
0.482295 -0.236703 0.091200
0.466360 -0.236703 0.091200
0.448353 -0.234322 0.080377
0.432438 -0.234322 0.080377
0.416523 -0.234322 0.080377
0.396589 -0.229560 0.058731
0.380715 -0.229560 0.058731
0.364842 -0.229560 0.058731
0.348968 -0.229560 0.058731
0.333095 -0.229560 0.058731
0.317221 -0.229560 0.058731
0.301348 -0.229560 0.058731
0.285474 -0.229560 0.058731
0.269601 -0.229560 0.058731
0.257376 -0.234322 0.080377
0.241461 -0.234322 0.080377
0.225547 -0.234322 0.080377
0.209632 -0.234322 0.080377
0.193717 -0.234322 0.080377
0.179524 -0.236703 0.091200
0.161888 -0.234322 0.080377
0.145973 -0.234322 0.080377
0.131718 -0.236703 0.091200
0.115782 -0.236703 0.091200
0.099847 -0.236703 0.091200
0.083912 -0.236703 0.091200
0.066399 -0.234322 0.080377
0.050484 -0.234322 0.080377
0.034570 -0.234322 0.080377
0.018655 -0.234322 0.080377
0.002740 -0.234322 0.080377
-0.013175 -0.234322 0.080377
-0.029089 -0.234322 0.080377
-0.045004 -0.234322 0.080377
-0.060919 -0.234322 0.080377
-0.079617 -0.229560 0.058731
-0.095490 -0.229560 0.058731
-0.111364 -0.229560 0.058731
-0.129896 -0.224798 0.037085
-0.145729 -0.224798 0.037085
-0.161561 -0.224798 0.037085
-0.177393 -0.224798 0.037085
-0.193226 -0.224798 0.037085
-0.209058 -0.224798 0.037085
-0.224890 -0.224798 0.037085
-0.238352 -0.229560 0.058731
-0.251896 -0.234322 0.080377
-0.267810 -0.234322 0.080377
-0.282602 -0.236703 0.091200
-0.298537 -0.236703 0.091200
-0.314472 -0.236703 0.091200
-0.328284 -0.241465 0.112846
-0.344261 -0.241465 0.112846
-0.358197 -0.246227 0.134491
-0.374214 -0.246227 0.134491
-0.388274 -0.250990 0.156137
-0.404333 -0.250990 0.156137
-0.420392 -0.250990 0.156137
-0.436451 -0.250990 0.156137
0.561972 -0.252639 0.091200
0.550428 -0.257442 0.112846
0.534451 -0.257442 0.112846
0.518475 -0.257442 0.112846
0.498231 -0.252639 0.091200
0.482295 -0.252639 0.091200
0.466360 -0.252639 0.091200
0.450425 -0.252639 0.091200
0.432438 -0.250237 0.080377
0.416523 -0.250237 0.080377
0.396589 -0.245434 0.058731
0.384694 -0.250237 0.080377
0.364842 -0.245434 0.058731
0.348968 -0.245434 0.058731
0.333095 -0.245434 0.058731
0.317221 -0.245434 0.058731
0.301348 -0.245434 0.058731
0.289205 -0.250237 0.080377
0.273291 -0.250237 0.080377
0.257376 -0.250237 0.080377
0.241461 -0.250237 0.080377
0.227330 -0.252639 0.091200
0.209632 -0.250237 0.080377
0.195459 -0.252639 0.091200
0.179524 -0.252639 0.091200
0.163588 -0.252639 0.091200
0.147653 -0.252639 0.091200
0.131718 -0.252639 0.091200
0.114143 -0.250237 0.080377
0.103083 -0.257442 0.112846
0.083912 -0.252639 0.091200
0.066399 -0.250237 0.080377
0.050484 -0.250237 0.080377
0.034570 -0.250237 0.080377
0.018655 -0.250237 0.080377
0.002740 -0.250237 0.080377
-0.013175 -0.250237 0.080377
-0.029089 -0.250237 0.080377
-0.045004 -0.250237 0.080377
-0.060919 -0.250237 0.080377
-0.079617 -0.245434 0.058731
-0.095490 -0.245434 0.058731
-0.111364 -0.245434 0.058731
-0.127237 -0.245434 0.058731
-0.145729 -0.240630 0.037085
-0.158984 -0.245434 0.058731
-0.174858 -0.245434 0.058731
-0.190731 -0.245434 0.058731
-0.206605 -0.245434 0.058731
-0.222478 -0.245434 0.058731
-0.235981 -0.250237 0.080377
-0.251896 -0.250237 0.080377
-0.267810 -0.250237 0.080377
-0.282602 -0.252639 0.091200
-0.298537 -0.252639 0.091200
-0.312308 -0.257442 0.112846
-0.328284 -0.257442 0.112846
-0.342179 -0.262245 0.134491
-0.358197 -0.262245 0.134491
-0.372215 -0.267048 0.156137
-0.387295 -0.269450 0.166960
-0.403374 -0.269450 0.166960
-0.419454 -0.269450 0.166960
-0.436451 -0.267048 0.156137
0.561972 -0.268574 0.091200
0.550428 -0.273418 0.112846
0.534451 -0.273418 0.112846
0.518475 -0.273418 0.112846
0.502498 -0.273418 0.112846
0.482295 -0.268574 0.091200
0.466360 -0.268574 0.091200
0.450425 -0.268574 0.091200
0.432438 -0.266152 0.080377
0.416523 -0.266152 0.080377
0.400609 -0.266152 0.080377
0.384694 -0.266152 0.080377
0.368779 -0.266152 0.080377
0.348968 -0.261307 0.058731
0.336950 -0.266152 0.080377
0.321035 -0.266152 0.080377
0.305120 -0.266152 0.080377
0.291071 -0.268574 0.091200
0.275136 -0.268574 0.091200
0.259201 -0.268574 0.091200
0.241461 -0.266152 0.080377
0.225547 -0.266152 0.080377
0.209632 -0.266152 0.080377
0.195459 -0.268574 0.091200
0.179524 -0.268574 0.091200
0.163588 -0.268574 0.091200
0.147653 -0.268574 0.091200
0.131718 -0.268574 0.091200
0.114143 -0.266152 0.080377
0.103083 -0.273418 0.112846
0.082314 -0.266152 0.080377
0.066399 -0.266152 0.080377
0.050484 -0.266152 0.080377
0.034570 -0.266152 0.080377
0.018655 -0.266152 0.080377
0.002740 -0.266152 0.080377
-0.013175 -0.266152 0.080377
-0.029089 -0.266152 0.080377
-0.045004 -0.266152 0.080377
-0.060919 -0.266152 0.080377
-0.079617 -0.261307 0.058731
-0.092748 -0.266152 0.080377
-0.108663 -0.266152 0.080377
-0.124578 -0.266152 0.080377
-0.143111 -0.261307 0.058731
-0.158984 -0.261307 0.058731
-0.174858 -0.261307 0.058731
-0.190731 -0.261307 0.058731
-0.206605 -0.261307 0.058731
-0.222478 -0.261307 0.058731
-0.238352 -0.261307 0.058731
-0.251896 -0.266152 0.080377
-0.267810 -0.266152 0.080377
-0.282602 -0.268574 0.091200
-0.298537 -0.268574 0.091200
-0.312308 -0.273419 0.112846
-0.328284 -0.273419 0.112846
-0.342179 -0.278263 0.134491
-0.358197 -0.278263 0.134491
-0.372215 -0.283108 0.156137
-0.388274 -0.283108 0.156137
-0.404333 -0.283108 0.156137
-0.420392 -0.283108 0.156137
0.561972 -0.284509 0.091200
0.550428 -0.289395 0.112846
0.534451 -0.289395 0.112846
0.518475 -0.289395 0.112846
0.502498 -0.289395 0.112846
0.486522 -0.289395 0.112846
0.470545 -0.289395 0.112846
0.450425 -0.284509 0.091200
0.434489 -0.284509 0.091200
0.416523 -0.282066 0.080377
0.400609 -0.282066 0.080377
0.384694 -0.282066 0.080377
0.368779 -0.282066 0.080377
0.348968 -0.277181 0.058731
0.336950 -0.282066 0.080377
0.321035 -0.282066 0.080377
0.301348 -0.277181 0.058731
0.289205 -0.282066 0.080377
0.273291 -0.282066 0.080377
0.257376 -0.282066 0.080377
0.241461 -0.282066 0.080377
0.225547 -0.282066 0.080377
0.209632 -0.282066 0.080377
0.195459 -0.284509 0.091200
0.179524 -0.284509 0.091200
0.163588 -0.284509 0.091200
0.151013 -0.289395 0.112846
0.131718 -0.284509 0.091200
0.119060 -0.289395 0.112846
0.103083 -0.289395 0.112846
0.083912 -0.284509 0.091200
0.066399 -0.282066 0.080377
0.050484 -0.282066 0.080377
0.034570 -0.282066 0.080377
0.018655 -0.282066 0.080377
0.002740 -0.282066 0.080377
-0.013175 -0.282066 0.080377
-0.029089 -0.282066 0.080377
-0.045004 -0.282066 0.080377
-0.060919 -0.282066 0.080377
-0.079617 -0.277181 0.058731
-0.092748 -0.282066 0.080377
-0.108663 -0.282066 0.080377
-0.127237 -0.277181 0.058731
-0.143111 -0.277181 0.058731
-0.156407 -0.282066 0.080377
-0.172322 -0.282066 0.080377
-0.186989 -0.284509 0.091200
-0.204151 -0.282066 0.080377
-0.220066 -0.282066 0.080377
-0.234796 -0.284509 0.091200
-0.250731 -0.284509 0.091200
-0.264378 -0.289395 0.112846
-0.280355 -0.289395 0.112846
-0.296331 -0.289395 0.112846
-0.312308 -0.289395 0.112846
-0.328284 -0.289395 0.112846
-0.342179 -0.294281 0.134491
-0.358197 -0.294281 0.134491
-0.374214 -0.294281 0.134491
-0.390232 -0.294281 0.134491
-0.404333 -0.299167 0.156137
-0.420392 -0.299167 0.156137
0.561972 -0.300445 0.091200
0.550428 -0.305372 0.112846
0.534451 -0.305372 0.112846
0.518475 -0.305372 0.112846
0.502498 -0.305372 0.112846
0.486522 -0.305372 0.112846
0.470545 -0.305372 0.112846
0.450425 -0.300445 0.091200
0.434489 -0.300445 0.091200
0.416523 -0.297981 0.080377
0.400609 -0.297981 0.080377
0.384694 -0.297981 0.080377
0.368779 -0.297981 0.080377
0.348968 -0.293054 0.058731
0.336950 -0.297981 0.080377
0.321035 -0.297981 0.080377
0.301348 -0.293054 0.058731
0.289205 -0.297981 0.080377
0.273291 -0.297981 0.080377
0.257376 -0.297981 0.080377
0.241461 -0.297981 0.080377
0.225547 -0.297981 0.080377
0.209632 -0.297981 0.080377
0.195459 -0.300445 0.091200
0.179524 -0.300445 0.091200
0.163588 -0.300445 0.091200
0.147653 -0.300445 0.091200
0.131718 -0.300445 0.091200
0.115782 -0.300445 0.091200
0.099847 -0.300445 0.091200
0.083912 -0.300445 0.091200
0.067976 -0.300445 0.091200
0.050484 -0.297981 0.080377
0.034570 -0.297981 0.080377
0.018655 -0.297981 0.080377
0.002740 -0.297981 0.080377
-0.013175 -0.297981 0.080377
-0.029089 -0.297981 0.080377
-0.045004 -0.297981 0.080377
-0.060919 -0.297981 0.080377
-0.079617 -0.293054 0.058731
-0.092748 -0.297981 0.080377
-0.108663 -0.297981 0.080377
-0.124578 -0.297981 0.080377
-0.140492 -0.297981 0.080377
-0.156407 -0.297981 0.080377
-0.171054 -0.300445 0.091200
-0.186989 -0.300445 0.091200
-0.202925 -0.300445 0.091200
-0.218860 -0.300445 0.091200
-0.232425 -0.305372 0.112846
-0.248401 -0.305372 0.112846
-0.264378 -0.305372 0.112846
-0.280355 -0.305372 0.112846
-0.296331 -0.305372 0.112846
-0.312308 -0.305372 0.112846
-0.328284 -0.305372 0.112846
-0.342179 -0.310299 0.134491
-0.358197 -0.310299 0.134491
-0.374214 -0.310299 0.134491
-0.390232 -0.310299 0.134491
-0.404333 -0.315226 0.156137
0.554819 -0.326316 0.134491
0.538801 -0.326316 0.134491
0.518475 -0.321348 0.112846
0.502498 -0.321348 0.112846
0.486522 -0.321348 0.112846
0.470545 -0.321348 0.112846
0.450425 -0.316380 0.091200
0.434489 -0.316380 0.091200
0.418554 -0.316380 0.091200
0.400609 -0.313896 0.080377
0.384694 -0.313896 0.080377
0.368779 -0.313896 0.080377
0.348968 -0.308928 0.058731
0.336950 -0.313896 0.080377
0.321035 -0.313896 0.080377
0.305120 -0.313896 0.080377
0.289205 -0.313896 0.080377
0.273291 -0.313896 0.080377
0.257376 -0.313896 0.080377
0.241461 -0.313896 0.080377
0.227330 -0.316380 0.091200
0.209632 -0.313896 0.080377
0.195459 -0.316380 0.091200
0.179524 -0.316380 0.091200
0.163588 -0.316380 0.091200
0.151013 -0.321348 0.112846
0.135037 -0.321348 0.112846
0.115782 -0.316380 0.091200
0.103083 -0.321348 0.112846
0.087107 -0.321348 0.112846
0.067976 -0.316380 0.091200
0.050484 -0.313896 0.080377
0.034570 -0.313896 0.080377
0.018655 -0.313896 0.080377
0.002740 -0.313896 0.080377
-0.013175 -0.313896 0.080377
-0.029089 -0.313896 0.080377
-0.045004 -0.313896 0.080377
-0.060919 -0.313896 0.080377
-0.076833 -0.313896 0.080377
-0.092748 -0.313896 0.080377
-0.108663 -0.313896 0.080377
-0.124578 -0.313896 0.080377
-0.140492 -0.313896 0.080377
-0.155119 -0.316380 0.091200
-0.168518 -0.321348 0.112846
-0.184495 -0.321348 0.112846
-0.200472 -0.321348 0.112846
-0.216448 -0.321348 0.112846
-0.232425 -0.321348 0.112846
-0.248401 -0.321348 0.112846
-0.264378 -0.321348 0.112846
-0.280355 -0.321348 0.112846
-0.296331 -0.321348 0.112846
-0.312308 -0.321348 0.112846
-0.328284 -0.321348 0.112846
-0.342179 -0.326316 0.134491
-0.358197 -0.326316 0.134491
-0.374214 -0.326316 0.134491
0.554819 -0.342334 0.134491
0.538801 -0.342334 0.134491
0.522783 -0.342334 0.134491
0.502498 -0.337325 0.112846
0.486522 -0.337325 0.112846
0.470545 -0.337325 0.112846
0.450425 -0.332315 0.091200
0.434489 -0.332315 0.091200
0.418554 -0.332315 0.091200
0.400609 -0.329811 0.080377
0.384694 -0.329811 0.080377
0.368779 -0.329811 0.080377
0.352864 -0.329811 0.080377
0.336950 -0.329811 0.080377
0.321035 -0.329811 0.080377
0.305120 -0.329811 0.080377
0.289205 -0.329811 0.080377
0.275136 -0.332315 0.091200
0.259201 -0.332315 0.091200
0.243265 -0.332315 0.091200
0.227330 -0.332315 0.091200
0.211394 -0.332315 0.091200
0.195459 -0.332315 0.091200
0.182966 -0.337325 0.112846
0.166990 -0.337325 0.112846
0.151013 -0.337325 0.112846
0.135037 -0.337325 0.112846
0.115782 -0.332315 0.091200
0.103083 -0.337325 0.112846
0.087107 -0.337325 0.112846
0.067976 -0.332315 0.091200
0.052041 -0.332315 0.091200
0.036105 -0.332315 0.091200
0.018655 -0.329811 0.080377
0.002740 -0.329811 0.080377
-0.011701 -0.332315 0.091200
-0.029089 -0.329811 0.080377
-0.045004 -0.329811 0.080377
-0.060919 -0.329811 0.080377
-0.076833 -0.329811 0.080377
-0.091377 -0.332315 0.091200
-0.107313 -0.332315 0.091200
-0.123248 -0.332315 0.091200
-0.139183 -0.332315 0.091200
-0.152542 -0.337325 0.112846
-0.168518 -0.337325 0.112846
-0.184495 -0.337325 0.112846
-0.200472 -0.337325 0.112846
-0.216448 -0.337325 0.112846
-0.230054 -0.342334 0.134491
-0.246072 -0.342334 0.134491
-0.262090 -0.342334 0.134491
-0.278108 -0.342334 0.134491
-0.296331 -0.337325 0.112846
-0.310143 -0.342334 0.134491
-0.328284 -0.337325 0.112846
-0.344261 -0.337325 0.112846
-0.358197 -0.342334 0.134491
0.538801 -0.358352 0.134491
0.522783 -0.358352 0.134491
0.506765 -0.358352 0.134491
0.486522 -0.353301 0.112846
0.470545 -0.353301 0.112846
0.454568 -0.353301 0.112846
0.434489 -0.348251 0.091200
0.418554 -0.348251 0.091200
0.402619 -0.348251 0.091200
0.386683 -0.348251 0.091200
0.370748 -0.348251 0.091200
0.352864 -0.345725 0.080377
0.336950 -0.345725 0.080377
0.321035 -0.345725 0.080377
0.305120 -0.345725 0.080377
0.289205 -0.345725 0.080377
0.273291 -0.345725 0.080377
0.259201 -0.348251 0.091200
0.243265 -0.348251 0.091200
0.227330 -0.348251 0.091200
0.211394 -0.348251 0.091200
0.195459 -0.348251 0.091200
0.182966 -0.353301 0.112846
0.166990 -0.353301 0.112846
0.147653 -0.348251 0.091200
0.135037 -0.353301 0.112846
0.115782 -0.348251 0.091200
0.103083 -0.353301 0.112846
0.087107 -0.353301 0.112846
0.067976 -0.348251 0.091200
0.052041 -0.348251 0.091200
0.036105 -0.348251 0.091200
0.020170 -0.348251 0.091200
0.002740 -0.345725 0.080377
-0.011701 -0.348251 0.091200
-0.029089 -0.345725 0.080377
-0.043571 -0.348251 0.091200
-0.060919 -0.345725 0.080377
-0.076833 -0.345725 0.080377
-0.091377 -0.348251 0.091200
-0.107313 -0.348251 0.091200
-0.123248 -0.348251 0.091200
-0.139183 -0.348251 0.091200
-0.152542 -0.353301 0.112846
-0.168518 -0.353301 0.112846
-0.184495 -0.353301 0.112846
-0.200472 -0.353301 0.112846
-0.214036 -0.358352 0.134491
-0.230054 -0.358352 0.134491
-0.246072 -0.358352 0.134491
-0.262090 -0.358352 0.134491
-0.278108 -0.358352 0.134491
-0.294125 -0.358352 0.134491
-0.310143 -0.358352 0.134491
-0.328284 -0.353301 0.112846
-0.344261 -0.353301 0.112846
0.506765 -0.374370 0.134491
0.490748 -0.374370 0.134491
0.470545 -0.369278 0.112846
0.454568 -0.369278 0.112846
0.434489 -0.364186 0.091200
0.418554 -0.364186 0.091200
0.402619 -0.364186 0.091200
0.384694 -0.361640 0.080377
0.368779 -0.361640 0.080377
0.352864 -0.361640 0.080377
0.336950 -0.361640 0.080377
0.321035 -0.361640 0.080377
0.305120 -0.361640 0.080377
0.289205 -0.361640 0.080377
0.273291 -0.361640 0.080377
0.257376 -0.361640 0.080377
0.243265 -0.364186 0.091200
0.227330 -0.364186 0.091200
0.211394 -0.364186 0.091200
0.195459 -0.364186 0.091200
0.179524 -0.364186 0.091200
0.166990 -0.369278 0.112846
0.151013 -0.369278 0.112846
0.135037 -0.369278 0.112846
0.119060 -0.369278 0.112846
0.103083 -0.369278 0.112846
0.087107 -0.369278 0.112846
0.067976 -0.364186 0.091200
0.052041 -0.364186 0.091200
0.036105 -0.364186 0.091200
0.020170 -0.364186 0.091200
0.004235 -0.364186 0.091200
-0.011701 -0.364186 0.091200
-0.027636 -0.364186 0.091200
-0.040706 -0.369278 0.112846
-0.059507 -0.364186 0.091200
-0.075442 -0.364186 0.091200
-0.091377 -0.364186 0.091200
-0.104612 -0.369278 0.112846
-0.123248 -0.364186 0.091200
-0.136565 -0.369278 0.112846
-0.152542 -0.369278 0.112846
-0.165983 -0.374370 0.134491
-0.182001 -0.374370 0.134491
-0.200472 -0.369278 0.112846
-0.214036 -0.374370 0.134491
-0.230054 -0.374370 0.134491
-0.246072 -0.374370 0.134491
-0.262090 -0.374370 0.134491
-0.278108 -0.374370 0.134491
-0.294125 -0.374370 0.134491
0.506765 -0.390388 0.134491
0.490748 -0.390388 0.134491
0.470545 -0.385255 0.112846
0.454568 -0.385255 0.112846
0.438592 -0.385255 0.112846
0.418554 -0.380121 0.091200
0.402619 -0.380121 0.091200
0.384694 -0.377555 0.080377
0.368779 -0.377555 0.080377
0.352864 -0.377555 0.080377
0.336950 -0.377555 0.080377
0.321035 -0.377555 0.080377
0.305120 -0.377555 0.080377
0.289205 -0.377555 0.080377
0.275136 -0.380121 0.091200
0.259201 -0.380121 0.091200
0.243265 -0.380121 0.091200
0.227330 -0.380121 0.091200
0.211394 -0.380121 0.091200
0.195459 -0.380121 0.091200
0.182966 -0.385255 0.112846
0.166990 -0.385255 0.112846
0.151013 -0.385255 0.112846
0.135037 -0.385255 0.112846
0.119060 -0.385255 0.112846
0.103083 -0.385255 0.112846
0.087107 -0.385255 0.112846
0.071130 -0.385255 0.112846
0.052041 -0.380121 0.091200
0.039177 -0.385255 0.112846
0.020170 -0.380121 0.091200
0.004235 -0.380121 0.091200
-0.008753 -0.385255 0.112846
-0.024729 -0.385255 0.112846
-0.040706 -0.385255 0.112846
-0.056682 -0.385255 0.112846
-0.072659 -0.385255 0.112846
-0.088636 -0.385255 0.112846
-0.104612 -0.385255 0.112846
-0.120589 -0.385255 0.112846
-0.136565 -0.385255 0.112846
-0.152542 -0.385255 0.112846
-0.165983 -0.390388 0.134491
-0.182001 -0.390388 0.134491
-0.198018 -0.390388 0.134491
-0.214036 -0.390388 0.134491
-0.230054 -0.390388 0.134491
-0.243742 -0.395521 0.156137
-0.259802 -0.395521 0.156137
-0.275861 -0.395521 0.156137
-0.294125 -0.390388 0.134491
0.506765 -0.406405 0.134491
0.490748 -0.406405 0.134491
0.470545 -0.401231 0.112846
0.454568 -0.401231 0.112846
0.438592 -0.401231 0.112846
0.418554 -0.396057 0.091200
0.402619 -0.396057 0.091200
0.386683 -0.396057 0.091200
0.370748 -0.396057 0.091200
0.352864 -0.393470 0.080377
0.338877 -0.396057 0.091200
0.322942 -0.396057 0.091200
0.307006 -0.396057 0.091200
0.291071 -0.396057 0.091200
0.275136 -0.396057 0.091200
0.259201 -0.396057 0.091200
0.246873 -0.401231 0.112846
0.230896 -0.401231 0.112846
0.214920 -0.401231 0.112846
0.198943 -0.401231 0.112846
0.182966 -0.401231 0.112846
0.166990 -0.401231 0.112846
0.151013 -0.401231 0.112846
0.135037 -0.401231 0.112846
0.119060 -0.401231 0.112846
0.103083 -0.401231 0.112846
0.087107 -0.401231 0.112846
0.071130 -0.401231 0.112846
0.055154 -0.401231 0.112846
0.039177 -0.401231 0.112846
0.023201 -0.401231 0.112846
0.007224 -0.401231 0.112846
-0.008753 -0.401231 0.112846
-0.021823 -0.406405 0.134491
-0.037840 -0.406405 0.134491
-0.053858 -0.406405 0.134491
-0.069876 -0.406405 0.134491
-0.085894 -0.406405 0.134491
-0.104612 -0.401231 0.112846
-0.120589 -0.401231 0.112846
-0.136565 -0.401231 0.112846
-0.149965 -0.406405 0.134491
-0.165983 -0.406405 0.134491
-0.182001 -0.406405 0.134491
-0.198018 -0.406405 0.134491
-0.214036 -0.406405 0.134491
-0.227683 -0.411580 0.156137
-0.243742 -0.411580 0.156137
-0.259802 -0.411580 0.156137
-0.275861 -0.411580 0.156137
0.490748 -0.422423 0.134491
0.470545 -0.417208 0.112846
0.454568 -0.417208 0.112846
0.438592 -0.417208 0.112846
0.422615 -0.417208 0.112846
0.406639 -0.417208 0.112846
0.386683 -0.411992 0.091200
0.370748 -0.411992 0.091200
0.352864 -0.409384 0.080377
0.336950 -0.409384 0.080377
0.322942 -0.411992 0.091200
0.307006 -0.411992 0.091200
0.291071 -0.411992 0.091200
0.275136 -0.411992 0.091200
0.259201 -0.411992 0.091200
0.246873 -0.417208 0.112846
0.230896 -0.417208 0.112846
0.214920 -0.417208 0.112846
0.198943 -0.417208 0.112846
0.182966 -0.417208 0.112846
0.166990 -0.417208 0.112846
0.151013 -0.417208 0.112846
0.135037 -0.417208 0.112846
0.119060 -0.417208 0.112846
0.106320 -0.422423 0.134491
0.090302 -0.422423 0.134491
0.071130 -0.417208 0.112846
0.055154 -0.417208 0.112846
0.039177 -0.417208 0.112846
0.023201 -0.417208 0.112846
0.010213 -0.422423 0.134491
-0.005805 -0.422423 0.134491
-0.021823 -0.422423 0.134491
-0.034975 -0.427639 0.156137
-0.051034 -0.427639 0.156137
-0.067093 -0.427639 0.156137
-0.083152 -0.427639 0.156137
-0.101912 -0.422423 0.134491
-0.117929 -0.422423 0.134491
-0.133947 -0.422423 0.134491
-0.147388 -0.427639 0.156137
-0.163447 -0.427639 0.156137
-0.179506 -0.427639 0.156137
-0.195565 -0.427639 0.156137
-0.210418 -0.430247 0.166960
-0.226498 -0.430247 0.166960
-0.242578 -0.430247 0.166960
-0.259802 -0.427639 0.156137
0.474730 -0.438441 0.134491
0.454568 -0.433184 0.112846
0.438592 -0.433184 0.112846
0.422615 -0.433184 0.112846
0.406639 -0.433184 0.112846
0.386683 -0.427928 0.091200
0.370748 -0.427928 0.091200
0.354813 -0.427928 0.091200
0.338877 -0.427928 0.091200
0.322942 -0.427928 0.091200
0.307006 -0.427928 0.091200
0.291071 -0.427928 0.091200
0.275136 -0.427928 0.091200
0.262849 -0.433184 0.112846
0.246873 -0.433184 0.112846
0.230896 -0.433184 0.112846
0.214920 -0.433184 0.112846
0.198943 -0.433184 0.112846
0.182966 -0.433184 0.112846
0.166990 -0.433184 0.112846
0.151013 -0.433184 0.112846
0.135037 -0.433184 0.112846
0.119060 -0.433184 0.112846
0.103083 -0.433184 0.112846
0.090302 -0.438441 0.134491
0.071130 -0.433184 0.112846
0.055154 -0.433184 0.112846
0.042249 -0.438441 0.134491
0.026231 -0.438441 0.134491
0.010213 -0.438441 0.134491
-0.005805 -0.438441 0.134491
-0.018916 -0.443698 0.156137
-0.033542 -0.446326 0.166960
-0.049622 -0.446326 0.166960
-0.065701 -0.446326 0.166960
-0.081781 -0.446326 0.166960
-0.099211 -0.443698 0.156137
-0.115270 -0.443698 0.156137
-0.131329 -0.443698 0.156137
-0.147388 -0.443698 0.156137
-0.162179 -0.446326 0.166960
-0.178259 -0.446326 0.166960
-0.194339 -0.446326 0.166960
-0.210418 -0.446326 0.166960
-0.226498 -0.446326 0.166960
-0.242578 -0.446326 0.166960
0.474730 -0.454459 0.134491
0.458712 -0.454459 0.134491
0.442694 -0.454459 0.134491
0.422615 -0.449161 0.112846
0.406639 -0.449161 0.112846
0.390662 -0.449161 0.112846
0.370748 -0.443863 0.091200
0.354813 -0.443863 0.091200
0.338877 -0.443863 0.091200
0.326756 -0.449161 0.112846
0.307006 -0.443863 0.091200
0.294803 -0.449161 0.112846
0.278826 -0.449161 0.112846
0.262849 -0.449161 0.112846
0.246873 -0.449161 0.112846
0.230896 -0.449161 0.112846
0.214920 -0.449161 0.112846
0.198943 -0.449161 0.112846
0.182966 -0.449161 0.112846
0.166990 -0.449161 0.112846
0.151013 -0.449161 0.112846
0.135037 -0.449161 0.112846
0.119060 -0.449161 0.112846
0.106320 -0.454459 0.134491
0.090302 -0.454459 0.134491
0.074284 -0.454459 0.134491
0.058267 -0.454459 0.134491
0.042249 -0.454459 0.134491
0.026231 -0.454459 0.134491
0.013202 -0.459757 0.156137
-0.002857 -0.459757 0.156137
-0.018916 -0.459757 0.156137
-0.030677 -0.467704 0.188606
-0.046798 -0.467704 0.188606
-0.062918 -0.467704 0.188606
-0.079039 -0.467704 0.188606
-0.097861 -0.462406 0.166960
-0.115270 -0.459757 0.156137
-0.130020 -0.462406 0.166960
-0.146100 -0.462406 0.166960
-0.159644 -0.467704 0.188606
-0.175765 -0.467704 0.188606
-0.191886 -0.467704 0.188606
-0.210418 -0.462406 0.166960
0.478915 -0.475816 0.156137
0.458712 -0.470477 0.134491
0.442694 -0.470477 0.134491
0.426676 -0.470477 0.134491
0.410658 -0.470477 0.134491
0.390662 -0.465137 0.112846
0.374685 -0.465137 0.112846
0.358709 -0.465137 0.112846
0.338877 -0.459798 0.091200
0.326756 -0.465137 0.112846
0.310779 -0.465137 0.112846
0.294803 -0.465137 0.112846
0.278826 -0.465137 0.112846
0.262849 -0.465137 0.112846
0.246873 -0.465137 0.112846
0.230896 -0.465137 0.112846
0.214920 -0.465137 0.112846
0.198943 -0.465137 0.112846
0.182966 -0.465137 0.112846
0.170391 -0.470477 0.134491
0.154373 -0.470477 0.134491
0.138356 -0.470477 0.134491
0.119060 -0.465137 0.112846
0.106320 -0.470477 0.134491
0.090302 -0.470477 0.134491
0.074284 -0.470477 0.134491
0.058267 -0.470477 0.134491
0.042249 -0.470477 0.134491
0.029261 -0.475816 0.156137
0.013202 -0.475816 0.156137
-0.001383 -0.478486 0.166960
-0.014556 -0.483825 0.188606
-0.027811 -0.489164 0.210251
-0.041149 -0.494503 0.231897
-0.060135 -0.489164 0.210251
-0.076298 -0.489164 0.210251
-0.095160 -0.483825 0.188606
-0.111281 -0.483825 0.188606
-0.127402 -0.483825 0.188606
-0.146100 -0.478486 0.166960
-0.162179 -0.478486 0.166960
-0.175765 -0.483825 0.188606
-0.191886 -0.483825 0.188606
0.478915 -0.491875 0.156137
0.458712 -0.486494 0.134491
0.442694 -0.486494 0.134491
0.426676 -0.486494 0.134491
0.410658 -0.486494 0.134491
0.390662 -0.481114 0.112846
0.374685 -0.481114 0.112846
0.358709 -0.481114 0.112846
0.342732 -0.481114 0.112846
0.330569 -0.486494 0.134491
0.314552 -0.486494 0.134491
0.298534 -0.486494 0.134491
0.278826 -0.481114 0.112846
0.262849 -0.481114 0.112846
0.246873 -0.481114 0.112846
0.234463 -0.486494 0.134491
0.214920 -0.481114 0.112846
0.198943 -0.481114 0.112846
0.182966 -0.481114 0.112846
0.170391 -0.486494 0.134491
0.154373 -0.486494 0.134491
0.138356 -0.486494 0.134491
0.122338 -0.486494 0.134491
0.106320 -0.486494 0.134491
0.093498 -0.491875 0.156137
0.074284 -0.486494 0.134491
0.061379 -0.491875 0.156137
0.045320 -0.491875 0.156137
0.030777 -0.494565 0.166960
0.017686 -0.499946 0.188606
0.004513 -0.505326 0.210251
-0.005836 -0.516087 0.253543
-0.022080 -0.516087 0.253543
-0.038325 -0.516087 0.253543
-0.054569 -0.516087 0.253543
-0.073556 -0.510707 0.231897
-0.092460 -0.505326 0.210251
-0.111281 -0.499946 0.188606
-0.124784 -0.505326 0.210251
-0.140946 -0.505326 0.210251
-0.162179 -0.494565 0.166960
0.478915 -0.507934 0.156137
0.458712 -0.502512 0.134491
0.446797 -0.507934 0.156137
0.430737 -0.507934 0.156137
0.414679 -0.507934 0.156137
0.394641 -0.502512 0.134491
0.378623 -0.502512 0.134491
0.362605 -0.502512 0.134491
0.350442 -0.507934 0.156137
0.334383 -0.507934 0.156137
0.314552 -0.502512 0.134491
0.298534 -0.502512 0.134491
0.282516 -0.502512 0.134491
0.266498 -0.502512 0.134491
0.250480 -0.502512 0.134491
0.234463 -0.502512 0.134491
0.218445 -0.502512 0.134491
0.202427 -0.502512 0.134491
0.186409 -0.502512 0.134491
0.170391 -0.502512 0.134491
0.154373 -0.502512 0.134491
0.138356 -0.502512 0.134491
0.122338 -0.502512 0.134491
0.109557 -0.507934 0.156137
0.093498 -0.507934 0.156137
0.077438 -0.507934 0.156137
0.069162 -0.521488 0.210251
0.052999 -0.521488 0.210251
0.039868 -0.526910 0.231897
0.026654 -0.532332 0.253543
0.010409 -0.532332 0.253543
-0.004382 -0.535043 0.264365
-0.017782 -0.540464 0.286011
-0.036913 -0.535043 0.264365
-0.053178 -0.535043 0.264365
-0.073556 -0.526910 0.231897
-0.089759 -0.526910 0.231897
-0.105962 -0.526910 0.231897
-0.124784 -0.521488 0.210251
-0.140946 -0.521488 0.210251
0.442694 -0.518530 0.134491
0.430737 -0.523993 0.156137
0.414679 -0.523993 0.156137
0.398619 -0.523993 0.156137
0.378623 -0.518530 0.134491
0.366501 -0.523993 0.156137
0.352370 -0.526725 0.166960
0.334383 -0.523993 0.156137
0.320210 -0.526725 0.166960
0.302265 -0.523993 0.156137
0.286206 -0.523993 0.156137
0.270147 -0.523993 0.156137
0.255892 -0.526725 0.166960
0.239812 -0.526725 0.166960
0.221970 -0.523993 0.156137
0.205911 -0.523993 0.156137
0.189852 -0.523993 0.156137
0.175493 -0.526725 0.166960
0.159414 -0.526725 0.166960
0.141675 -0.523993 0.156137
0.125616 -0.523993 0.156137
0.111175 -0.526725 0.166960
0.098290 -0.532188 0.188606
0.082170 -0.532188 0.188606
0.069162 -0.537651 0.210251
0.059143 -0.548577 0.253543
0.042898 -0.548577 0.253543
0.028148 -0.551308 0.264365
0.014831 -0.556771 0.286011
0.001431 -0.562234 0.307657
-0.014917 -0.562234 0.307657
-0.034088 -0.556771 0.286011
-0.050395 -0.556771 0.286011
-0.066701 -0.556771 0.286011
-0.083008 -0.556771 0.286011
-0.105962 -0.543114 0.231897
0.442694 -0.534548 0.134491
0.430737 -0.540052 0.156137
0.416688 -0.542804 0.166960
0.400609 -0.542804 0.166960
0.382560 -0.540052 0.156137
0.368449 -0.542804 0.166960
0.356225 -0.548308 0.188606
0.336290 -0.542804 0.166960
0.320210 -0.542804 0.166960
0.304131 -0.542804 0.166960
0.286206 -0.540052 0.156137
0.271971 -0.542804 0.166960
0.255892 -0.542804 0.166960
0.239812 -0.542804 0.166960
0.223732 -0.542804 0.166960
0.207653 -0.542804 0.166960
0.191573 -0.542804 0.166960
0.178895 -0.548308 0.188606
0.162774 -0.548308 0.188606
0.146653 -0.548308 0.188606
0.130532 -0.548308 0.188606
0.114411 -0.548308 0.188606
0.107876 -0.564821 0.253543
0.091632 -0.564821 0.253543
0.080057 -0.573077 0.286011
0.063750 -0.573077 0.286011
0.047444 -0.573077 0.286011
0.034126 -0.578581 0.307657
0.020727 -0.584086 0.329302
0.004338 -0.584086 0.329302
-0.012051 -0.584086 0.329302
-0.031264 -0.578581 0.307657
-0.050395 -0.573077 0.286011
-0.066701 -0.573077 0.286011
-0.083008 -0.573077 0.286011
0.392404 -0.569975 0.210251
0.376242 -0.569975 0.210251
0.356225 -0.564429 0.188606
0.340104 -0.564429 0.188606
0.323983 -0.564429 0.188606
0.307862 -0.564429 0.188606
0.288051 -0.558884 0.166960
0.275620 -0.564429 0.188606
0.259499 -0.564429 0.188606
0.243379 -0.564429 0.188606
0.227258 -0.564429 0.188606
0.211137 -0.564429 0.188606
0.195016 -0.564429 0.188606
0.182296 -0.569975 0.210251
0.166134 -0.569975 0.210251
0.149972 -0.569975 0.210251
0.137088 -0.575520 0.231897
0.120884 -0.575520 0.231897
0.109474 -0.583838 0.264365
0.096363 -0.589384 0.286011
0.086282 -0.600475 0.329302
0.066822 -0.594929 0.307657
0.053505 -0.600475 0.329302
0.037116 -0.600475 0.329302
0.025149 -0.608793 0.361771
0.008698 -0.608793 0.361771
-0.009186 -0.606020 0.350948
-0.025616 -0.606020 0.350948
-0.042046 -0.606020 0.350948
-0.058476 -0.606020 0.350948
0.392404 -0.586137 0.210251
0.385982 -0.600104 0.264365
0.367790 -0.597310 0.253543
0.351545 -0.597310 0.253543
0.331528 -0.591723 0.231897
0.315325 -0.591723 0.231897
0.295431 -0.586137 0.210251
0.279269 -0.586137 0.210251
0.266715 -0.591723 0.231897
0.246945 -0.586137 0.210251
0.230783 -0.586137 0.210251
0.214621 -0.586137 0.210251
0.201901 -0.591723 0.231897
0.185698 -0.591723 0.231897
0.169494 -0.591723 0.231897
0.153291 -0.591723 0.231897
0.142004 -0.600104 0.264365
0.125739 -0.600104 0.264365
0.109474 -0.600104 0.264365
0.099517 -0.611277 0.307657
0.086282 -0.616863 0.329302
0.072965 -0.622450 0.350948
0.056535 -0.622450 0.350948
0.041599 -0.625243 0.361771
0.028097 -0.630830 0.383417
0.011605 -0.630830 0.383417
-0.004887 -0.630830 0.383417
-0.024204 -0.625243 0.361771
-0.040654 -0.625243 0.361771
-0.058476 -0.622450 0.350948
0.397671 -0.633252 0.329302
0.381282 -0.633252 0.329302
0.357266 -0.621997 0.286011
0.337187 -0.616369 0.264365
0.320922 -0.616369 0.264365
0.304656 -0.616369 0.264365
0.288391 -0.616369 0.264365
0.272126 -0.616369 0.264365
0.254078 -0.613555 0.253543
0.234308 -0.607927 0.231897
0.218105 -0.607927 0.231897
0.210508 -0.621997 0.286011
0.194202 -0.621997 0.286011
0.177895 -0.621997 0.286011
0.158270 -0.616369 0.264365
0.148560 -0.627624 0.307657
0.128976 -0.621997 0.286011
0.115865 -0.627624 0.307657
0.099517 -0.627624 0.307657
0.090952 -0.641694 0.361771
0.074501 -0.641694 0.361771
0.058050 -0.641694 0.361771
0.044589 -0.647322 0.383417
0.011605 -0.647322 0.383417
-0.004887 -0.647322 0.383417
-0.024204 -0.641694 0.361771
-0.040654 -0.641694 0.361771
0.403516 -0.658145 0.361771
0.387065 -0.658145 0.361771
0.364893 -0.649641 0.329302
0.348505 -0.649641 0.329302
0.324653 -0.638303 0.286011
0.308347 -0.638303 0.286011
0.295689 -0.643972 0.307657
0.275734 -0.638303 0.286011
0.255861 -0.632634 0.264365
0.237833 -0.629799 0.253543
0.223330 -0.632634 0.264365
0.210508 -0.638303 0.286011
0.197603 -0.643972 0.307657
0.181255 -0.643972 0.307657
0.161589 -0.638303 0.286011
0.151838 -0.649641 0.329302
0.138685 -0.655310 0.350948
0.122255 -0.655310 0.350948
0.094064 -0.663814 0.383417
0.077572 -0.663814 0.383417
0.061081 -0.663814 0.383417
-0.024204 -0.658145 0.361771
-0.040654 -0.658145 0.361771
0.390920 -0.680306 0.383417
0.374428 -0.680306 0.383417
0.354163 -0.674596 0.361771
0.335847 -0.671741 0.350948
0.315727 -0.666030 0.329302
0.299338 -0.666030 0.329302
0.279341 -0.660320 0.307657
0.259427 -0.654609 0.286011
0.243121 -0.654609 0.286011
0.226814 -0.654609 0.286011
0.213951 -0.660320 0.307657
0.201004 -0.666030 0.329302
0.184616 -0.666030 0.329302
0.164908 -0.660320 0.307657
0.155116 -0.671741 0.350948
0.138685 -0.671741 0.350948
0.357936 -0.696798 0.383417
0.337713 -0.691046 0.361771
0.321262 -0.691046 0.361771
0.304811 -0.691046 0.361771
0.286556 -0.688170 0.350948
0.262994 -0.676667 0.307657
0.246646 -0.676667 0.307657
0.230298 -0.676667 0.307657
0.213951 -0.676667 0.307657
0.201004 -0.682419 0.329302
0.184616 -0.682419 0.329302
0.168227 -0.682419 0.329302
0.151838 -0.682419 0.329302
0.291968 -0.713290 0.383417
0.271910 -0.707497 0.361771
0.253696 -0.704601 0.350948
0.204406 -0.704601 0.350948
0.187976 -0.704601 0.350948
0.171546 -0.704601 0.350948
