-0.251485 -0.331449 0.011326 
 0.334687 -0.496295 -0.042415 
 0.231579 0.384326 0.079109 
 -0.217809 -0.484273 0.075978 
 -0.154880 -0.094665 -0.187213 
 -0.368875 0.443405 0.074678 
 -0.008272 0.251099 -0.183489 
 -0.215748 -0.012126 -0.119208 
 0.033732 -0.568770 0.026316 
 0.167178 -0.586024 -0.011323 
 -0.108366 0.372366 -0.043864 
 0.413482 -0.627414 0.034594 
 0.064257 -0.570880 0.028171 
 -0.071544 0.057299 -0.252400 
 -0.048623 -0.331922 0.040819 
 0.046666 0.391624 -0.150386 
 0.392191 0.066649 0.003624 
 0.352744 -0.515497 -0.030480 
 -0.332050 -0.305885 0.072433 
 -0.097015 -0.570786 0.081041 
 0.194008 -0.177844 0.061554 
 0.245963 0.689642 0.175346 
 -0.237662 -0.379195 0.017200 
 -0.260935 -0.518841 0.104217 
 -0.467195 -0.170591 0.133458 
 0.393884 -0.300620 -0.017741 
 -0.360228 -0.242416 0.063712 
 0.396011 0.096057 0.012928 
 0.220995 -0.176203 0.040149 
 -0.143358 0.360302 -0.058810 
 -0.482267 -0.203147 0.150655 
 0.348271 0.705833 0.143703 
 0.099113 0.253253 -0.242237 
 0.378925 0.617048 0.095868 
 -0.336138 0.441670 0.098201 
 -0.021891 -0.361504 0.021873 
 0.309609 -0.216142 -0.047256 
 0.430187 0.170012 0.024181 
 -0.068159 -0.552734 0.064530 
 0.345014 0.690038 0.129148 
 0.225726 0.046540 0.103661 
 0.027909 0.158530 -0.280903 
 -0.174666 -0.273282 0.004364 
 0.323652 -0.338354 -0.040808 
 -0.312017 0.347834 -0.007260 
 -0.321561 0.019167 0.137174 
 -0.320728 0.102469 -0.179271 
 -0.164902 -0.115354 -0.152959 
 0.226575 -0.232206 -0.000864 
 -0.289921 -0.258031 0.035925 
 0.219716 0.220674 0.048379 
 0.443755 -0.211010 -0.009499 
 0.250163 -0.176215 0.028736 
 -0.445205 0.371811 0.080838 
 -0.134917 0.415380 -0.023480 
 0.030977 0.047530 -0.325001 
 -0.109813 -0.574942 0.107013 
 -0.206991 0.194595 -0.132210 
 0.229716 -0.102989 0.069879 
 -0.065722 0.303510 -0.102521 
 -0.021509 -0.280001 0.091849 
 -0.322737 0.279308 -0.069108 
 -0.443058 0.011056 0.128464 
 0.018759 -0.225772 0.129473 
 -0.102275 -0.448822 0.023451 
 -0.080766 -0.570955 0.076117 
 -0.208444 -0.042205 0.104007 
 0.338071 0.364916 0.074721 
 -0.443973 0.386092 0.083111 
 -0.477905 0.268593 0.096792 
 0.385667 -0.406768 -0.034167 
 -0.269073 0.279462 -0.085946 
 -0.222881 -0.331460 0.003797 
 -0.462077 0.283813 0.084509 
 0.078038 -0.519910 0.002154 
 0.233000 0.144227 0.045956 
 -0.056690 0.329627 -0.073632 
 -0.054617 0.276012 -0.125284 
 -0.020235 -0.065410 -0.339947 
 -0.243516 0.065910 -0.145391 
 0.045117 0.186502 -0.278323 
 0.269252 -0.380067 -0.058398 
 0.229775 -0.102404 0.069881 
 -0.389118 -0.033203 0.098113 
 0.238671 -0.505000 -0.048492 
 -0.477503 0.239815 0.111101 
 0.444962 -0.306045 -0.001331 
 -0.216404 -0.258090 0.022559 
 0.178433 0.111360 0.089716 
 0.418175 -0.088898 -0.000455 
 0.360402 0.453154 0.091360 
 0.351136 0.572806 0.104961 
 -0.137776 0.009277 -0.198893 
 -0.276371 -0.287466 0.034309 
 -0.260867 -0.518160 0.104218 
 -0.013903 0.403558 -0.091020 
 0.355180 -0.084109 -0.003464 
 0.005776 0.075594 -0.308314 
 0.341459 0.821975 0.166729 
 0.003252 0.200738 -0.260835 
 -0.417061 0.372785 0.070460 
 0.391098 -0.347080 -0.018834 
 -0.263575 0.225280 -0.128597 
 0.000913 0.019515 -0.322947 
 0.287550 0.338117 0.059184 
 -0.016920 -0.052152 -0.325278 
 0.077493 0.265067 -0.207810 
 0.299377 -0.167519 -0.031001 
 -0.254359 -0.183673 0.045048 
 0.197288 -0.281211 0.018466 
 0.409094 0.034346 0.011703 
 -0.147876 0.452379 0.073176 
 -0.405006 0.297222 0.081258 
 -0.217926 -0.483646 0.075981 
 0.288991 0.352136 0.062948 
 -0.209686 -0.346090 -0.005642 
 0.435505 -0.057527 0.001820 
 0.061492 -0.665963 0.106538 
 -0.175360 0.467482 0.075717 
 -0.119042 0.095641 -0.190819 
 -0.156718 0.427042 0.022236 
 0.397815 -0.610085 0.033179 
 0.262493 0.880379 0.222492 
 0.050953 -0.311587 0.071064 
 0.445441 -0.386838 0.010522 
 -0.041920 -0.421701 0.011566 
 -0.190713 0.453274 0.076483 
 -0.182331 0.136945 -0.145868 
 0.350709 0.235410 0.008645 
 -0.030452 -0.335656 0.055462 
 -0.347133 0.116154 -0.166842 
 -0.025016 -0.489670 0.033570 
 0.016906 0.349453 -0.151970 
 0.017203 0.267050 -0.210633 
 -0.194969 0.387057 -0.012008 
 -0.428707 0.400358 0.083126 
 -0.086795 -0.420375 0.026173 
 -0.433693 -0.063036 0.115853 
 -0.402644 -0.034623 0.114269 
 -0.151259 0.386856 -0.024357 
 0.302967 -0.413898 -0.054986 
 -0.380439 -0.108146 0.085460 
 0.086519 0.186475 -0.292203 
 0.031752 0.032066 -0.319009 
 -0.330440 0.144554 -0.164257 
 0.345839 0.453174 0.096207 
 -0.239967 0.294677 -0.093414 
 -0.427512 0.414233 0.086157 
 -0.113361 0.344108 -0.051176 
 -0.240077 0.293590 -0.093467 
 -0.374994 0.131704 -0.164838 
 0.315116 0.600327 0.146796 
 -0.192420 -0.462724 0.037547 
 0.314904 -0.555422 -0.052829 
 -0.413260 0.025437 0.122620 
 -0.338313 0.058973 -0.185890 
 -0.032351 0.198725 -0.225520 
 0.005566 -0.473640 0.027602 
 -0.138112 0.165637 -0.152588 
 -0.468307 0.428939 0.103546 
 -0.347883 -0.287587 0.058378 
 -0.495348 0.131906 0.135223 
 -0.350000 0.292609 -0.045240 
 -0.439813 0.117423 0.110870 
 -0.289231 0.437936 0.116534 
 -0.149306 0.401046 -0.022447 
 -0.156961 -0.534641 0.076713 
 0.135473 -0.568751 -0.008404 
 -0.152913 -0.036146 -0.182097 
 0.307137 0.542704 0.111918 
 0.107079 0.292902 -0.209864 
 -0.059522 0.182865 -0.209129 
 0.145919 -0.369216 0.012170 
 0.261328 0.808837 0.155630 
 0.428218 0.630857 0.094218 
 0.004130 0.362668 -0.143673 
 -0.325720 -0.136693 0.058810 
 -0.458643 -0.228970 0.111902 
 -0.236648 -0.139861 0.051604 
 0.375093 0.036773 0.002626 
 -0.228581 -0.012236 -0.114516 
 -0.248363 0.239171 -0.129622 
 0.440783 -0.287445 -0.018278 
 -0.447768 0.342433 0.072530 
 -0.114208 -0.154950 -0.193165 
 -0.084950 0.344050 -0.060353 
 -0.084446 0.166242 -0.180478 
 0.365136 -0.143416 -0.021957 
 -0.348153 -0.287559 0.058370 
 0.409700 0.435912 0.104056 
 0.076796 -0.519784 0.002159 
 -0.009411 -0.309941 0.079330 
 -0.161085 0.051681 -0.177013 
 0.424852 0.048341 0.012842 
 -0.412302 0.110659 -0.216170 
 0.048798 0.228618 -0.267534 
 0.460259 -0.032211 0.037352 
 0.286329 -0.024705 0.037746 
 0.408591 -0.380818 -0.010799 
 0.359997 -0.344179 -0.019396 
 -0.054068 -0.089354 -0.358736 
 0.309211 0.113235 0.045927 
 -0.017116 -0.350933 0.046778 
 -0.236684 -0.027465 0.118571 
 0.100224 0.185614 -0.296826 
 0.063562 -0.538764 0.024158 
 0.226998 -0.443511 -0.037063 
 -0.418335 -0.033125 0.109995 
 -0.406125 -0.110581 0.118460 
 0.011175 -0.036709 -0.341987 
 0.097803 0.320167 -0.187230 
 -0.562813 0.223227 0.135815 
 -0.084892 0.071466 -0.245943 
 -0.507411 0.301283 0.080350 
 0.127779 -0.398802 0.007537 
 0.056129 0.334937 -0.169595 
 -0.205924 0.304144 -0.066542 
 -0.111701 0.358543 -0.047517 
 -0.336196 0.306894 -0.046264 
 0.438962 0.049184 0.007968 
 -0.262538 0.225176 -0.128601 
 -0.200746 -0.502700 0.088464 
 -0.261049 0.113442 -0.173001 
 -0.172557 0.345802 -0.054104 
 0.405612 -0.506776 -0.010445 
 0.346557 -0.635967 0.019740 
 0.213411 0.045876 0.117857 
 -0.468303 0.428935 0.104658 
 -0.521393 0.270109 0.099707 
 0.277404 0.081483 0.047361 
 -0.475217 -0.080802 0.148199 
 0.134664 0.263973 -0.215763 
 -0.071962 -0.050889 -0.307229 
 0.105442 -0.239646 0.095809 
 0.066791 0.308550 -0.192255 
 -0.020765 0.414513 -0.050238 
 -0.275659 0.239332 -0.120334 
 0.307035 0.173684 0.029379 
 0.227095 0.062244 0.106170 
 0.507896 -0.033803 0.032150 
 -0.261295 0.453153 0.100162 
 0.120755 0.263980 -0.210823 
 -0.101301 -0.323250 0.000818 
 0.368791 0.719100 0.164206 
 0.105936 -0.519798 -0.006247 
 -0.358896 -0.227352 0.067460 
 -0.293443 0.057490 -0.178185 
 -0.347990 -0.063760 0.086320 
 -0.053708 0.290243 -0.122110 
 -0.244577 0.081507 -0.152878 
 0.286773 -0.590234 -0.029971 
 -0.212378 -0.012467 -0.119221 
 -0.459929 -0.003898 0.129522 
 0.390540 0.259881 0.048922 
 -0.309993 0.060283 -0.195139 
 -0.519652 -0.113124 0.165983 
 -0.497216 -0.170436 0.141355 
 0.080510 0.143650 -0.313662 
 -0.025036 0.172411 -0.258802 
 0.261595 -0.641998 -0.000620 
 0.302331 0.674944 0.150321 
 0.320245 -0.464627 -0.040202 
 -0.206412 -0.478434 0.049926 
 0.246072 -0.335829 -0.037167 
 -0.454206 0.443323 0.102901 
 0.220909 0.234558 0.052144 
 0.209176 0.156580 0.080716 
 0.445082 -0.211144 -0.009504 
 -0.459189 0.400622 0.091908 
 0.291786 -0.243392 -0.049966 
 -0.168503 0.426111 0.039210 
 0.328083 -0.170615 -0.040740 
 0.405217 -0.010404 0.002511 
 -0.262032 -0.287608 0.029149 
 -0.198276 -0.214586 0.030234 
 -0.263280 -0.464730 0.072802 
 -0.100739 -0.450223 0.023441 
 0.279693 0.156733 0.056426 
 0.048096 -0.225292 0.119281 
 -0.145862 0.331522 -0.067122 
 0.276708 0.719270 0.160803 
 -0.430530 -0.244215 0.098518 
 -0.073413 0.044121 -0.256010 
 0.372588 0.007793 -0.004957 
 -0.326742 -0.475096 0.150765 
 -0.503932 -0.097495 0.163804 
 -0.111700 -0.080031 -0.196410 
 -0.165237 -0.395863 0.001356 
 0.446892 -0.370350 0.014385 
 -0.225377 -0.071500 0.101587 
 -0.043003 0.343374 -0.074664 
 -0.240071 0.293585 -0.091883 
 0.213435 -0.459332 -0.026652 
 0.419684 0.716537 0.181958 
 -0.335739 0.020924 0.141992 
 0.073720 0.363118 -0.166228 
 -0.181576 -0.609350 0.145071 
 -0.017541 -0.235462 0.102472 
 -0.099565 0.041904 -0.236042 
 -0.096822 0.070073 -0.229194 
 0.317267 0.542999 0.096353 
 0.272176 -0.202549 -0.007893 
 0.314199 0.645592 0.137966 
 0.379814 0.466370 0.111667 
 -0.500233 -0.005874 0.154769 
 -0.303398 0.437670 0.121641 
 0.373925 -0.376936 -0.021583 
 0.408595 -0.380822 -0.009660 
 0.214562 -0.250454 0.022200 
 -0.487369 0.387052 0.088506 
 -0.129408 -0.123120 -0.202505 
 -0.281048 -0.010228 0.115228 
 0.208426 -0.599621 -0.029901 
 -0.324205 -0.136695 0.058805 
 -0.049090 -0.331871 0.039193 
 0.182186 0.030409 0.123836 
 -0.363979 0.081600 0.134043 
 -0.163154 -0.349938 0.002003 
 0.247825 0.436853 0.145402 
 -0.228978 0.398681 0.038464 
 -0.293783 0.358429 0.013802 
 0.492147 0.090932 0.027624 
 0.226491 -0.380130 -0.043764 
 -0.278921 -0.316823 0.025993 
 0.262003 0.542349 0.126424 
 -0.154541 0.136715 -0.156102 
 0.210007 -0.046973 0.116813 
 -0.345973 0.129627 -0.163238 
 0.127523 -0.182788 0.116770 
 0.210025 -0.147993 0.063326 
 0.040078 0.240379 -0.237865 
 -0.362409 0.117864 -0.170701 
 0.249139 0.807013 0.171300 
 0.026528 -0.626813 0.082448 
 0.135952 0.360142 -0.153953 
 -0.133434 0.430800 -0.019816 
 -0.357547 0.174031 -0.158656 
 -0.160175 0.331916 -0.062435 
 -0.321550 0.019301 0.136645 
 -0.135823 0.192312 -0.145322 
 -0.170771 -0.553665 0.099157 
 0.004976 -0.504892 0.030470 
 0.450238 0.568739 0.129433 
 0.039876 -0.266935 0.086662 
 -0.328991 0.267597 -0.092846 
 0.317289 0.068021 0.019552 
 -0.254846 -0.039192 0.098484 
 -0.207048 -0.528106 0.060894 
 -0.402707 0.131935 -0.155599 
 0.097787 -0.625135 0.047278 
 0.481393 0.182275 0.032429 
 -0.136062 -0.203425 0.033898 
 0.426834 -0.192888 -0.021612 
 0.372182 -0.055691 0.000859 
 0.091895 -0.226651 0.104543 
 0.411813 -0.192844 -0.014413 
 0.339859 0.318698 0.083503 
 0.111718 0.402813 -0.134016 
 -0.141747 -0.672575 0.206882 
 -0.144475 0.360417 -0.059816 
 0.302517 0.704773 0.147803 
 -0.201115 -0.026580 -0.127084 
 -0.207690 -0.429192 0.027493 
 0.219672 -0.191413 0.036454 
 0.424794 0.305039 0.050564 
 -0.110109 0.164979 -0.161920 
 -0.382545 0.092686 -0.197310 
 0.186286 -0.624630 0.015878 
 -0.026462 0.372533 -0.072520 
 0.114951 -0.415707 0.017917 
 -0.075738 -0.094238 -0.318050 
 0.473710 0.108355 0.012874 
 0.383593 0.302235 0.075760 
 -0.115270 0.108373 -0.176789 
 0.237385 0.001892 0.086020 
 -0.240198 0.411468 0.057775 
 -0.139032 -0.050472 -0.189539 
 -0.223142 0.306648 -0.083585 
 -0.167275 0.150306 -0.146898 
 0.383070 -0.098226 -0.015423 
 -0.107760 0.274865 -0.095780 
 0.146092 0.235415 -0.227699 
 -0.081601 -0.070908 -0.274295 
 -0.070104 0.261957 -0.124251 
 -0.100057 -0.354784 0.014455 
 0.114644 -0.626822 0.053985 
 -0.358882 -0.227017 0.067461 
 -0.422069 0.175835 0.110136 
 0.305507 -0.096372 -0.012044 
 -0.235422 0.425985 0.083312 
 0.281404 -0.488813 -0.069159 
 -0.043081 -0.435321 0.008646 
 0.388951 -0.377720 -0.026505 
 0.292995 0.234779 0.028008 
 -0.434987 -0.077918 0.112115 
 0.303940 0.764092 0.140787 
 0.064500 0.117630 -0.318717 
 -0.375715 0.226506 -0.101392 
 -0.372027 0.369841 0.078274 
 0.286155 0.322222 0.055413 
 0.317410 0.069227 0.019119 
 -0.140869 0.441665 0.021194 
 0.305394 -0.110671 -0.015840 
 -0.084841 0.071897 -0.244142 
 0.241795 -0.217342 -0.002233 
 -0.030828 -0.220517 0.111993 
 0.448495 -0.167643 0.001979 
 0.416960 0.687016 0.172937 
 0.398895 0.478831 0.121272 
 0.253792 0.171319 0.070012 
 -0.151678 0.009282 -0.192843 
 0.284653 -0.169630 -0.026543 
 0.364465 0.081426 0.020020 
 0.228999 -0.365015 -0.039965 
 -0.427729 -0.212351 0.106029 
 -0.107509 -0.594290 0.124209 
 -0.179496 0.009300 -0.184218 
 -0.189794 0.207494 -0.123027 
 -0.090477 0.429492 -0.033914 
 0.414487 -0.131771 -0.010472 
 -0.247586 -0.286712 0.024684 
 0.276364 0.066686 0.044274 
 0.232062 0.422106 0.148248 
 -0.153629 0.263524 -0.096182 
 0.150052 0.374462 -0.154525 
 -0.168969 0.247713 -0.095179 
 0.030679 0.106423 -0.331893 
 0.180739 -0.046711 0.125927 
 -0.145312 0.080049 -0.174404 
 0.256165 -0.443523 -0.048662 
 -0.234758 -0.013607 0.122328 
 0.419968 -0.571174 -0.011501 
 -0.489522 -0.129957 0.173722 
 0.020357 -0.569901 0.041699 
 -0.295631 0.293624 -0.075126 
 -0.285346 -0.165671 0.035778 
 0.302506 0.206583 0.006151 
 0.052659 -0.197244 0.137529 
 0.295320 -0.213949 -0.042711 
 0.277294 0.497360 0.132457 
 -0.310748 0.279496 -0.075174 
 -0.078661 0.301436 -0.097847 
 0.311608 -0.184339 -0.039662 
 0.116282 -0.400467 0.022908 
 -0.453099 0.178906 0.097645 
 -0.362405 -0.286546 0.063196 
 -0.224844 -0.169055 0.039399 
 0.389654 0.850961 0.170979 
 -0.030715 -0.052141 -0.321768 
 -0.315327 0.158575 -0.165277 
 0.333296 -0.512180 -0.046250 
 0.335761 0.909783 0.195235 
 -0.456312 0.056855 0.124308 
 0.227011 0.061391 0.106724 
 -0.395375 0.092605 -0.193855 
 0.391772 -0.315452 -0.019203 
 -0.022064 0.214688 -0.247983 
 0.203708 -0.320990 -0.019931 
 -0.106920 0.067287 -0.202875 
 0.245760 0.687696 0.173760 
 -0.460444 0.357806 0.080902 
 0.268165 -0.246963 -0.019301 
 -0.263018 0.070173 -0.174336 
 0.274367 0.352364 0.067783 
 -0.252130 0.198120 -0.151315 
 -0.336217 -0.092874 0.074239 
 0.323374 0.305160 0.084581 
 -0.005471 -0.264620 0.090771 
 -0.420332 0.282895 0.082056 
 0.223396 -0.504925 -0.043005 
 -0.330580 0.267762 -0.094506 
 -0.174287 -0.273083 0.004363 
 -0.433567 0.344169 0.067831 
 0.437771 0.197240 0.050109 
 0.067103 0.447367 -0.140517 
 -0.214655 -0.042358 -0.117317 
 0.191429 -0.207580 0.053444 
 -0.203344 -0.009329 -0.145948 
 0.036961 0.117598 -0.307001 
 -0.063418 -0.092660 -0.333290 
 -0.222317 -0.139867 0.045936 
 -0.481561 -0.170572 0.134777 
 -0.367717 -0.121926 0.076932 
 0.284851 -0.556010 -0.042992 
 0.014402 0.320681 -0.160113 
 0.225921 -0.232566 -0.000863 
 0.010105 0.295360 -0.177253 
 -0.160138 0.414392 -0.003208 
 -0.336212 -0.092845 0.074816 
 0.444243 0.031464 0.025158 
 -0.229028 0.079690 -0.146419 
 -0.269524 -0.151156 0.035895 
 0.377107 -0.315544 -0.016654 
 0.217775 0.144317 0.049702 
 -0.269524 -0.151156 0.035895 
 -0.304503 0.130541 -0.176855 
 0.284581 -0.395096 -0.066338 
 0.130167 -0.382775 0.011349 
 -0.404624 0.266352 0.094945 
 0.239463 -0.131479 0.046815 
 0.448519 -0.105932 -0.003606 
 0.275072 -0.057269 0.056096 
 -0.130644 -0.418723 0.030188 
 -0.028275 0.261830 -0.138201 
 0.355153 0.170604 0.035908 
 -0.147092 0.414482 -0.007908 
 0.006296 -0.538473 0.043800 
 -0.114206 -0.108914 -0.202362 
 0.422822 0.004534 0.001430 
 0.380410 -0.158437 -0.030647 
 -0.091033 0.000630 -0.262221 
 -0.208375 -0.139838 0.041870 
 -0.041619 0.005521 -0.313118 
 0.307137 -0.244801 -0.054839 
 -0.557947 -0.005366 0.173950 
 -0.140437 -0.657406 0.209607 
 0.349633 0.274045 0.067282 
 -0.105544 0.429604 -0.029213 
 -0.369639 0.428830 0.071009 
 0.399130 0.510507 0.120185 
 -0.496029 0.117398 0.130016 
 -0.484231 0.071441 0.135940 
 0.084737 0.172493 -0.295802 
 -0.023126 -0.294817 0.088038 
 0.210683 -0.148060 0.063324 
 0.244153 -0.302122 -0.050542 
 -0.173280 -0.517523 0.074504 
 0.242100 -0.605252 -0.018155 
 0.304059 0.306096 0.067149 
 0.323939 0.364896 0.078387 
 0.217127 -0.220746 0.027134 
 -0.117963 0.443838 -0.020857 
 0.300852 -0.039654 0.030411 
 -0.111224 0.010672 -0.217265 
 -0.288728 -0.403665 0.087398 
 -0.051622 0.061718 -0.293683 
 0.307699 0.096240 0.040453 
 0.067297 -0.197514 0.132610 
 -0.231172 -0.242016 0.020089 
 -0.386925 -0.004103 0.105577 
 0.400362 0.140316 0.024304 
 -0.487206 0.387041 0.086618 
 0.175548 -0.106591 0.111664 
 0.134711 0.264448 -0.215761 
 0.324953 0.631494 0.120324 
 -0.303925 -0.256586 0.040736 
 -0.420340 0.282902 0.079791 
 -0.104468 0.095564 -0.195547 
 -0.149261 -0.189566 0.043393 
 -0.441269 0.164610 0.089354 
 0.142452 -0.267029 0.052242 
 0.222106 0.096138 0.071318 
 0.176818 -0.207567 0.056987 
 -0.359339 -0.194742 0.054558 
 -0.093841 0.098216 -0.221565 
 0.338892 0.777892 0.156546 
 -0.566591 0.194606 0.128438 
 0.227009 0.061393 0.106088 
 -0.391576 0.253691 0.086375 
 -0.091050 0.331947 -0.085852 
 0.104215 -0.371094 0.035006 
 -0.228294 0.109197 -0.149930 
 0.122663 -0.458202 -0.007716 
 0.477553 0.090948 0.030216 
 -0.430231 -0.276222 0.112533 
 -0.001919 0.145702 -0.285792 
 0.201058 -0.351458 -0.026408 
 -0.318652 -0.258629 0.045538 
 0.396769 0.110880 0.016723 
 -0.447523 0.311360 0.087148 
 -0.205886 -0.302252 0.005599 
 -0.007777 -0.555902 0.054186 
 -0.362949 0.214010 -0.110583 
 0.081811 -0.198998 0.127688 
 0.225665 0.045989 0.102353 
 0.086686 -0.384067 0.026020 
 -0.415907 -0.276906 0.107705 
 0.118993 0.361214 -0.159533 
 -0.345810 -0.405540 0.117549 
 0.128099 -0.641855 0.044084 
 -0.053085 0.033581 -0.300888 
 0.386103 -0.470618 -0.028538 
 -0.045155 -0.035459 -0.323504 
 0.074981 0.377631 -0.163357 
 -0.292178 0.335202 -0.052985 
 0.408129 0.082811 0.004278 
 0.155872 -0.280894 0.043657 
 -0.181036 -0.346701 -0.014398 
 -0.177172 -0.302274 -0.002270 
 0.316727 0.176079 0.002335 
 -0.329265 -0.020175 0.093498 
 0.304512 0.422062 0.124571 
 0.417871 0.392493 0.078019 
 -0.442733 0.400367 0.087186 
 -0.467092 -0.169501 0.131725 
 0.327756 -0.007206 0.005848 
 -0.503481 0.343264 0.091344 
 0.339924 -0.005223 -0.009540 
 -0.328689 0.384143 0.067135 
 0.279025 0.572241 0.131727 
 -0.329994 -0.388982 0.105792 
 -0.150609 -0.022967 -0.178458 
 0.066699 -0.524042 0.027979 
 0.188047 -0.219868 0.038614 
 0.396380 -0.098832 -0.020300 
 -0.291425 -0.335283 0.049214 
 0.004315 -0.439358 0.012998 
 0.196201 -0.650920 0.065629 
 0.309059 0.924416 0.219545 
 0.186695 -0.430623 -0.009203 
 0.303124 -0.124154 -0.019625 
 0.117445 -0.646338 0.069703 
 0.152363 -0.048293 0.146358 
 0.406542 0.004712 0.008620 
 -0.131829 -0.320651 0.000104 
 -0.335728 0.306846 -0.046265 
 0.040950 0.047906 -0.329605 
 -0.052599 -0.471812 0.047175 
 -0.127577 -0.033534 -0.212816 
 0.070404 -0.398865 0.026674 
 -0.019195 -0.265256 0.095658 
 0.175481 -0.107217 0.110612 
 0.294265 0.249452 0.031265 
 0.426408 -0.192844 -0.022238 
 0.247210 0.436909 0.147825 
 0.350055 -0.143357 -0.015776 
 -0.193211 -0.156135 0.044779 
 -0.318981 -0.223870 0.031467 
 -0.087892 -0.450062 0.018457 
 0.142069 -0.624611 0.032706 
 -0.415858 -0.276428 0.107706 
 0.496216 -0.106624 0.002566 
 0.149772 -0.519588 -0.022333 
 -0.462354 -0.063692 0.124598 
 0.324044 0.792726 0.165142 
 -0.251576 0.411560 0.062488 
 0.408288 -0.444667 -0.006010 
 -0.009089 0.062802 -0.307541 
 0.084995 -0.398878 0.023122 
 -0.009556 0.317118 -0.128381 
 0.501363 -0.077066 0.010213 
 0.085856 -0.152620 0.139193 
 0.348108 0.704264 0.142682 
 0.158271 -0.136828 0.107867 
 0.412219 0.125676 0.015650 
 0.321909 0.602245 0.111405 
 -0.354105 0.061844 -0.192073 
 0.270689 0.309711 0.056485 
 -0.413105 0.414593 0.081454 
 0.321985 0.289287 0.081830 
 -0.247639 0.385980 0.016581 
 -0.461585 0.344490 0.077238 
 0.297574 0.647555 0.132348 
 -0.324435 -0.121998 0.064883 
 -0.228491 0.250059 -0.098125 
 0.414534 -0.054386 -0.013770 
 0.286849 -0.217511 -0.016580 
 -0.024104 0.048523 -0.306523 
 -0.445636 -0.018567 0.120709 
 -0.290026 0.098435 -0.167342 
 -0.469614 0.413952 0.100267 
 -0.369030 0.023350 0.119094 
 0.301367 -0.413736 -0.054980 
 0.372698 -0.455626 -0.020038 
 -0.391401 0.251933 0.086369 
 0.054001 0.321437 -0.183971 
 -0.433871 -0.047651 0.111045 
 0.305125 -0.158139 -0.005602 
 -0.359656 0.130703 -0.158610 
 0.283615 0.292926 0.047879 
 0.093258 -0.553861 0.010500 
 0.344834 0.438436 0.092429 
 -0.106786 0.429734 -0.029208 
 0.034728 0.391433 -0.145730 
 0.175593 0.361099 -0.178046 
 -0.308886 -0.107446 0.061633 
 -0.069415 -0.021695 -0.300016 
 0.313830 0.585453 0.144744 
 -0.054027 -0.519772 0.046243 
 -0.244274 -0.227740 0.029000 
 0.040208 -0.266966 0.085659 
 0.413747 0.510492 0.113307 
 -0.237277 -0.395621 0.025484 
 0.401616 -0.551849 -0.021484 
 -0.003584 -0.628080 0.092346 
 -0.132293 -0.399877 0.012811 
 0.149536 -0.324638 0.021707 
 0.016081 0.033508 -0.323983 
 0.382672 0.320487 0.068932 
 -0.112811 0.136685 -0.168132 
 -0.269573 0.397505 0.062374 
 0.246213 0.719463 0.169526 
 0.053330 -0.539201 0.029052 
 -0.563761 0.222659 0.135817 
 -0.187660 0.235913 -0.115754 
 0.370153 0.155354 0.037838 
 0.262341 0.019614 0.058943 
 -0.265805 -0.139795 0.061101 
 0.287247 0.749678 0.141853 
 0.270284 -0.395111 -0.062210 
 -0.068440 -0.009995 -0.298004 
 0.214987 -0.413805 -0.024294 
 0.384150 0.141087 0.029178 
 -0.348496 0.102506 -0.170445 
 0.334139 0.572895 0.099053 
 0.411410 0.318088 0.059207 
 -0.326967 -0.151097 0.054957 
 -0.550832 0.193357 0.135054 
 0.107925 -0.474997 0.003824 
 -0.078497 0.415308 -0.042268 
 0.235920 -0.645654 0.029994 
 0.309276 -0.052788 -0.000668 
 0.393441 -0.236344 -0.023265 
 -0.068594 -0.687971 0.178892 
 0.404980 0.199449 0.039477 
 -0.183582 0.122572 -0.149931 
 0.406912 0.019621 0.010121 
 -0.061264 -0.286870 0.044836 
 0.357182 -0.375049 -0.027055 
 0.356281 0.408426 0.080027 
 0.348635 0.320232 0.057362 
 -0.467757 0.164444 0.098832 
 0.334015 0.558127 0.095286 
 -0.514518 -0.005754 0.159565 
 0.087737 0.200514 -0.288333 
 -0.447267 0.357621 0.076201 
 0.014801 0.320639 -0.159244 
 0.388344 -0.504690 -0.015782 
 -0.238847 -0.169080 0.043988 
 0.074633 0.075556 -0.332077 
 -0.130463 -0.483713 0.046343 
 0.014393 0.432182 -0.102925 
 0.374849 -0.282118 -0.029823 
 0.142446 -0.267024 0.050574 
 -0.209704 -0.056791 0.101390 
 -0.126967 0.344077 -0.047363 
 0.398568 -0.116645 -0.003174 
 -0.478965 0.223264 0.108478 
 -0.285019 0.400791 0.057334 
 -0.237232 0.320957 -0.075280 
 0.384815 -0.485479 -0.032655 
 0.380808 0.466391 0.111663 
 -0.390767 0.280871 0.093759 
 0.369022 0.571003 0.121587 
 -0.068614 0.099611 -0.241655 
 0.236522 0.822655 0.179867 
 0.213378 -0.475382 -0.030478 
 -0.058154 0.330004 -0.073625 
 -0.089784 0.443805 -0.030250 
 -0.014106 0.225334 -0.212203 
 -0.061803 0.090293 -0.281867 
 0.259930 0.407319 0.135387 
 0.116137 -0.661403 0.065641 
 0.448409 0.152210 0.034584 
 -0.317650 0.238817 -0.106400 
 0.330450 0.528926 0.088233 
 -0.369974 0.237109 -0.066060 
 0.366887 0.617132 0.100686 
 -0.400295 0.010481 0.111717 
 0.126524 -0.296885 0.049629 
 -0.076825 -0.089874 -0.246219 
 0.304520 0.422055 0.126759 
 0.443769 0.434204 0.116144 
 -0.129314 -0.291601 0.007403 
 0.388343 -0.504689 -0.016000 
 -0.315612 -0.020118 0.088368 
 -0.320254 0.424979 0.111724 
 -0.209637 -0.345634 -0.004767 
 -0.054372 0.194522 -0.184039 
 -0.086338 0.233448 -0.126866 
 0.323950 -0.276636 -0.045248 
 0.285212 0.837137 0.190910 
 0.401826 0.600272 0.119387 
 0.297984 -0.183398 -0.034796 
 -0.104066 -0.059966 -0.240542 
 0.259480 -0.042347 0.064809 
 -0.319972 -0.223770 0.031598 
 0.376219 -0.236464 -0.028799 
 -0.417102 -0.290813 0.103944 
 0.385912 0.200830 0.033769 
 -0.481003 -0.188495 0.154417 
 0.178910 -0.076850 0.118266 
 0.012541 0.145625 -0.290566 
 0.361691 0.528375 0.088825 
 -0.333791 -0.287574 0.055698 
 -0.022598 0.200584 -0.253169 
 -0.379106 -0.092847 0.087957 
 -0.232371 -0.241896 0.020452 
 -0.034683 0.428797 -0.041865 
 0.125684 0.402803 -0.138335 
 -0.375513 -0.033144 0.093716 
 -0.062349 0.060199 -0.278537 
 -0.074159 -0.449993 0.013718 
 0.062829 -0.342802 0.057769 
 0.275911 -0.258145 -0.048893 
 0.366912 0.588374 0.103897 
 0.279364 0.466335 0.143930 
 0.408357 0.420490 0.101236 
 0.092292 -0.341358 0.047976 
 -0.216683 -0.534425 0.096311 
 0.166493 -0.210945 0.082883 
 -0.150200 0.399434 -0.022449 
 0.200070 -0.249461 0.026097 
 -0.408953 0.427099 0.107126 
 -0.036539 0.415289 -0.056359 
 0.275751 -0.158093 0.003517 
 -0.424473 0.193375 0.092003 
 0.328251 -0.169664 -0.040738 
 0.125922 -0.281825 0.053453 
 0.368449 -0.098931 -0.010740 
 -0.140622 -0.247307 0.023521 
 0.107221 0.294308 -0.209860 
 0.238807 -0.261859 -0.013349 
 0.413327 -0.627962 0.034593 
 0.082592 -0.428590 0.014582 
 -0.335099 0.453989 0.101876 
 0.044462 0.172405 -0.281930 
 -0.124298 0.164704 -0.157255 
 0.080651 -0.212589 0.123511 
 0.333427 -0.109351 -0.025564 
 -0.130763 -0.308024 0.003637 
 -0.038530 0.172479 -0.254177 
 0.269535 0.296210 0.052721 
 -0.367903 0.457458 0.078343 
 0.243973 -0.303909 -0.050547 
 0.302790 0.291380 0.065089 
 -0.390203 0.126738 0.144639 
 -0.531867 -0.034490 0.156887 
 -0.404701 0.297194 0.080276 
 0.195576 -0.163000 0.064401 
 -0.027058 0.063882 -0.324244 
 0.336842 0.350717 0.069766 
 0.422232 -0.332218 -0.025730 
 0.331498 0.407366 0.111093 
 -0.086365 0.235026 -0.126861 
 -0.067648 0.290246 -0.115624 
 -0.151680 0.009284 -0.193379 
 0.043519 0.446361 -0.107878 
 -0.540443 0.118776 0.134280 
 -0.032996 0.428627 -0.041871 
 0.370067 0.394270 0.071403 
 0.232806 -0.321009 -0.029195 
 0.068060 0.240333 -0.248084 
 -0.112342 -0.064379 -0.203424 
 0.194934 -0.585881 -0.021475 
 -0.378305 0.082989 0.127965 
 0.309638 -0.215855 -0.047256 
 0.378240 -0.302213 -0.012830 
 -0.393981 0.083136 0.134139 
 0.220904 -0.177104 0.040265 
 -0.370139 0.428882 0.070502 
 -0.250662 -0.513140 0.078137 
 -0.349243 0.343176 0.039607 
 -0.125820 0.262669 -0.105539 
 0.135986 -0.341582 0.033280 
 -0.213147 0.047624 -0.126081 
 -0.415911 -0.276952 0.107705 
 0.053162 0.145676 -0.306244 
 0.458692 0.209872 0.070918 
 0.328871 0.675443 0.130215 
 -0.130646 -0.137334 -0.207377 
 -0.215755 0.109908 -0.154582 
 0.316970 0.035949 0.022089 
 -0.502517 -0.097641 0.164919 
 0.331717 0.543581 0.090775 
 -0.564943 0.208943 0.131470 
 0.205180 -0.304366 -0.014992 
 0.202546 -0.220742 0.033279 
 0.349055 0.382499 0.051153 
 -0.023988 0.401046 -0.064948 
 -0.018379 0.442175 -0.042908 
 0.315063 0.851308 0.185017 
 0.304917 0.066716 0.034544 
 0.208611 -0.177849 0.055720 
 0.187556 -0.252182 0.040387 
 -0.162009 0.006342 -0.168154 
 -0.305901 0.424402 0.106986 
 -0.112990 -0.094816 -0.200063 
 0.275685 0.381633 0.075322 
 -0.300330 0.398542 0.062049 
 -0.439962 0.443293 0.098198 
 0.034451 0.391460 -0.145460 
 0.045899 0.363140 -0.158500 
 -0.034068 0.332125 -0.104591 
 0.399982 0.170154 0.031901 
 0.479714 0.167505 0.028628 
 0.424681 0.273414 0.053580 
 -0.054927 0.276134 -0.125282 
 -0.247714 -0.449947 0.072108 
 -0.302025 -0.193435 0.034278 
 0.246643 -0.073763 0.072615 
 -0.144593 0.346086 -0.063051 
 -0.189922 0.318639 -0.067576 
 0.265407 0.450813 0.157485 
 -0.246842 -0.483648 0.086235 
 0.407937 -0.237444 -0.028258 
 0.015003 -0.010118 -0.324171 
 -0.394042 0.207663 0.085944 
 0.237411 0.340462 0.041069 
 -0.406066 -0.109931 0.116668 
 0.261882 -0.642027 -0.000621 
 -0.084525 0.358390 -0.056907 
 -0.506228 0.268626 0.105976 
 -0.001915 0.145699 -0.284673 
 -0.379114 0.486941 0.090381 
 0.137275 -0.210257 0.093640 
 -0.376864 0.148523 -0.182954 
 0.114405 -0.626795 0.052747 
 -0.359992 0.145916 -0.167255 
 -0.294623 -0.107772 0.056695 
 0.107270 0.377115 -0.151209 
 0.042708 0.158422 -0.286187 
 -0.346200 0.371672 0.046937 
 0.363058 -0.300447 -0.007912 
 -0.224310 -0.412010 0.016879 
 0.100311 0.186467 -0.296721 
 0.034775 -0.210070 0.128022 
 -0.100469 0.233476 -0.122436 
 -0.125710 0.010739 -0.212238 
 0.154934 -0.380208 -0.019111 
 0.381889 -0.112017 -0.019224 
 0.209673 0.156530 0.080714 
 -0.422486 0.223235 0.088049 
 0.268194 0.031668 0.084183 
 0.331777 0.068011 0.014256 
 -0.468479 0.164511 0.101154 
 -0.027062 -0.010023 -0.310536 
 -0.319995 -0.238449 0.027857 
 0.226929 0.060608 0.106165 
 -0.198713 0.108420 -0.148086 
 0.387564 0.377277 0.084076 
 0.351465 0.748322 0.155003 
 0.232285 0.205522 0.039778 
 0.401153 0.170041 0.029649 
 0.328207 -0.169659 -0.040738 
 0.076800 -0.569659 0.011583 
 0.294645 -0.533526 -0.075133 
 -0.173360 0.080093 -0.166632 
 -0.282588 0.293699 -0.079441 
 -0.061222 -0.286452 0.044837 
 0.280912 -0.291608 -0.035596 
 -0.186476 -0.243965 0.016682 
 -0.401941 -0.245406 0.088886 
 -0.119082 0.429569 -0.024517 
 0.296486 -0.200331 -0.038595 
 -0.513267 0.056894 0.141699 
 -0.190697 0.318827 -0.067573 
 -0.440835 0.443382 0.098201 
 -0.036838 -0.363018 0.026736 
 -0.387400 0.355747 0.079315 
 0.441595 0.332099 0.053273 
 0.463208 -0.197881 -0.001382 
 -0.346049 -0.453370 0.127498 
 -0.178272 0.023462 -0.181660 
 -0.256044 -0.198222 0.041141 
 0.151096 0.373793 -0.154531 
 0.337587 -0.579956 -0.020266 
 0.260414 -0.057961 0.060986 
 0.444794 -0.210623 -0.009502 
 0.374393 0.674899 0.126859 
 0.157387 -0.351716 -0.011772 
 0.155768 -0.281906 0.043349 
 -0.211910 0.412671 0.048333 
 0.324719 -0.036667 -0.001736 
 -0.233522 0.208962 -0.119857 
 -0.191130 -0.007841 -0.161647 
 -0.126723 0.136696 -0.164740 
 -0.227011 0.123912 -0.146239 
 0.100048 0.348973 -0.179956 
 -0.350872 0.278412 -0.047615 
 0.258752 0.779231 0.147572 
 -0.229939 -0.502681 0.098247 
 0.327928 -0.172147 -0.040745 
 -0.158482 -0.515455 0.069982 
 0.441670 0.332835 0.053275 
 -0.042508 -0.502570 0.034660 
 0.359919 -0.344946 -0.019398 
 -0.271483 -0.068433 0.095405 
 0.045297 0.106328 -0.337093 
 -0.491986 0.268601 0.101816 
 -0.095945 -0.261913 0.015895 
 -0.376573 0.297181 0.070831 
 0.364556 0.512094 0.106474 
 -0.305263 -0.270077 0.036993 
 0.096741 -0.196377 0.122778 
 -0.212300 -0.214607 0.033813 
 0.194544 -0.162896 0.064405 
 -0.468709 0.102909 0.116781 
 0.514533 0.087033 0.052824 
 -0.344536 -0.340848 0.100679 
 0.414805 0.170114 0.027034 
 -0.236031 -0.331574 0.008607 
 -0.116076 -0.306016 -0.001185 
 0.355632 -0.421739 -0.028166 
 -0.415258 0.010552 0.118889 
 -0.353029 -0.121979 0.073840 
 -0.125085 -0.555837 0.094806 
 -0.213848 0.094268 -0.146720 
 0.289108 0.543078 0.116766 
 0.096137 -0.428494 0.009694 
 -0.091404 -0.089798 -0.241348 
 -0.177579 0.179093 -0.134965 
 0.005199 -0.671664 0.147350 
 -0.092497 0.302723 -0.093159 
 0.427698 -0.177976 -0.018023 
 -0.202526 -0.070983 -0.127849 
 -0.358831 0.159336 -0.162258 
 0.035237 0.391382 -0.145732 
 0.306171 0.747190 0.158677 
 0.440764 0.063943 0.011429 
 -0.112924 0.344419 -0.051177 
 -0.017615 -0.250436 0.099469 
 -0.207698 0.165204 -0.129268 
 0.318376 -0.399011 -0.055905 
 0.276955 -0.258251 -0.048897 
 0.206131 -0.091700 0.105827 
 0.440286 0.317044 0.049485 
 0.049588 -0.570867 0.031803 
 -0.069986 0.263125 -0.124248 
 -0.284065 -0.508859 0.145977 
 -0.065319 0.303469 -0.102522 
 -0.388794 0.141258 0.147685 
 -0.420990 0.455092 0.119194 
 0.314950 -0.154875 -0.032865 
 0.099643 0.349014 -0.179955 
 0.284158 0.630930 0.144196 
 0.172644 -0.252146 0.046393 
 0.413112 0.140484 0.020256 
 -0.165840 -0.154536 0.023698 
 -0.111542 0.151293 -0.165553 
 0.252712 -0.146836 0.038108 
 0.391946 0.761893 0.192277 
 -0.010254 -0.487917 0.027936 
 -0.069113 -0.326255 0.012316 
 0.360253 -0.282027 -0.024583 
 -0.133143 -0.335742 -0.003884 
 -0.083618 0.151900 -0.185623 
 -0.091405 -0.074147 -0.248361 
 -0.177870 -0.037713 -0.162040 
 -0.104633 0.015257 -0.253962 
 0.291728 0.220102 0.025644 
 0.105828 0.278511 -0.213495 
 0.317193 0.038156 0.022095 
 -0.334518 0.306728 -0.047670 
 -0.347760 -0.320955 0.072283 
 -0.114539 -0.635418 0.174018 
 0.301994 0.719608 0.151163 
 -0.446236 -0.018507 0.121001 
 -0.394545 0.457332 0.087745 
 -0.192759 -0.316507 -0.002077 
 0.180907 -0.650865 0.070838 
 0.344655 0.498245 0.086121 
 0.035552 -0.538880 0.035599 
 0.231351 0.793837 0.161803 
 0.151955 -0.209915 0.088730 
 0.276400 -0.321544 -0.043196 
 -0.329937 -0.020414 0.093500 
 0.298493 -0.459850 -0.066427 
 0.078552 -0.473118 0.002416 
 0.350004 -0.143817 -0.017078 
 0.403295 0.362061 0.084655 
 0.411744 0.273264 0.058439 
 0.002260 0.349073 -0.147305 
 0.354924 0.645342 0.113034 
 -0.182473 0.427290 0.042568 
 -0.047523 -0.062869 -0.330702 
 0.020620 -0.538838 0.038888 
 -0.136582 0.179142 -0.148955 
 0.063981 0.131818 -0.312631 
 -0.005248 -0.626568 0.092357 
 0.253381 -0.553858 -0.043523 
 -0.327669 -0.165706 0.051335 
 0.235781 -0.647028 0.029990 
 -0.276977 -0.271149 0.027376 
 0.032353 0.198392 -0.270098 
 -0.298374 -0.151115 0.045919 
 -0.504168 0.283828 0.098658 
 -0.187815 0.234384 -0.115759 
 0.410775 -0.207733 -0.020531 
 0.043860 0.018063 -0.326207 
 -0.003177 0.131261 -0.289546 
 -0.058367 -0.052832 -0.311860 
 0.024335 -0.281640 0.087741 
 0.332682 -0.095613 -0.021768 
 -0.531226 -0.034555 0.156885 
 0.334510 -0.096530 -0.021777 
 0.225946 -0.032075 0.116148 
 0.306124 0.440109 0.128394 
 0.427198 -0.255926 -0.016080 
 0.060715 -0.667611 0.106536 
 -0.136951 0.179182 -0.150014 
 0.361782 -0.618853 0.018651 
 0.496040 0.135854 0.037178 
 0.213354 -0.460135 -0.026654 
 0.034533 0.089600 -0.314660 
 -0.114494 0.122575 -0.172823 
 0.424464 0.273436 0.053580 
 0.334548 0.381565 0.055984 
 -0.101534 0.220915 -0.125829 
 -0.037506 -0.246768 0.083159 
 0.341610 -0.328292 -0.031485 
 0.393337 -0.222437 -0.019444 
 0.330456 0.836418 0.176419 
 0.202517 -0.399027 -0.016931 
 -0.128331 -0.503686 0.064003 
 0.321418 -0.305851 -0.054027 
 0.298621 0.646047 0.132340 
 0.335604 0.112169 0.025619 
 -0.370723 -0.198152 0.078547 
 -0.301578 -0.227382 0.048103 
 -0.092432 0.303405 -0.094111 
 -0.328997 0.267602 -0.094492 
 -0.098823 -0.139263 -0.194432 
 -0.500289 0.042395 0.132396 
 -0.489157 -0.115215 0.178055 
 -0.001959 0.292371 -0.161984 
 0.411484 0.318822 0.059209 
 0.373065 -0.391908 -0.025577 
 -0.276937 -0.273472 0.027369 
 0.401507 -0.552905 -0.022023 
 -0.236339 0.424466 0.083311 
 0.002465 0.349053 -0.147305 
 0.433783 0.408659 0.077079 
 -0.319810 0.019124 0.137168 
 0.159183 0.332712 -0.180767 
 0.297353 -0.473250 -0.069992 
 0.434757 0.407122 0.077071 
 0.353731 0.631484 0.108503 
 0.043024 -0.010178 -0.333424 
 0.219407 -0.307544 -0.019880 
 -0.320399 0.226477 -0.121041 
 0.271226 0.322883 0.060250 
 -0.104068 0.191811 -0.133122 
 -0.062800 0.317556 -0.098877 
 0.326475 -0.021942 0.001198 
 0.281312 -0.489728 -0.069161 
 0.144374 -0.154024 0.119517 
 0.274256 0.407327 0.130961 
 0.514383 0.085567 0.052323 
 0.312571 0.570899 0.141119 
 -0.149222 0.037597 -0.185301 
 -0.360742 0.117702 -0.173063 
 -0.039213 -0.669456 0.162325 
 -0.016465 -0.350548 0.046777 
 -0.086102 0.057378 -0.246750 
 -0.346109 -0.453968 0.127456 
 0.415343 0.363292 0.070572 
 -0.509496 0.132464 0.138493 
 0.206284 -0.519663 -0.041920 
 0.209481 -0.504788 -0.038108 
 -0.088665 -0.223308 0.050217 
 -0.153637 -0.080456 -0.180503 
 -0.372058 0.171233 0.150363 
 0.265078 -0.534733 -0.065338 
 0.402171 0.377744 0.079218 
 -0.371797 -0.229090 0.081962 
 -0.173566 -0.119390 -0.116212 
 0.118428 -0.386063 0.026722 
 -0.086829 0.138704 -0.189244 
 0.082833 -0.280937 0.068149 
 -0.038975 -0.376134 0.022951 
 -0.021341 0.214963 -0.247985 
 0.500310 -0.076958 0.009580 
 -0.218866 -0.598336 0.102160 
 -0.359759 -0.034647 0.099459 
 -0.522555 0.193344 0.124427 
 -0.205449 -0.110694 0.049749 
 -0.536398 0.162053 0.144473 
 -0.414603 -0.261872 0.110274 
 -0.141959 0.121538 -0.163499 
 -0.515782 0.027908 0.133768 
 0.309824 -0.213953 -0.048889 
 0.243086 -0.605349 -0.019028 
 -0.363108 0.212421 -0.110309 
 -0.236387 -0.364548 0.022449 
 -0.058684 -0.257153 0.052412 
 0.288691 -0.576430 -0.026133 
 0.347639 0.704308 0.143701 
 -0.310069 0.185820 -0.136367 
 -0.312670 -0.151106 0.050684 
 -0.200343 0.250007 -0.106256 
 -0.507487 0.300528 0.080348 
 0.105925 -0.240791 0.095803 
 0.444925 -0.148251 -0.015054 
 -0.201864 -0.056647 -0.124408 
 -0.151908 -0.154505 0.019063 
 0.282830 0.616266 0.139937 
 0.323683 0.141774 0.038449 
 0.345990 0.035948 0.012357 
 -0.309663 0.292197 -0.070133 
 -0.199499 -0.214459 0.029005 
 0.070330 -0.413838 0.023282 
 -0.200332 0.250161 -0.107455 
 -0.398882 -0.229240 0.092638 
 0.403305 0.362053 0.087476 
 -0.148203 -0.365755 0.004020 
 0.338080 0.365050 0.073543 
 -0.056840 -0.038111 -0.308254 
 0.057715 0.172455 -0.287649 
 0.337747 -0.356216 -0.039111 
 -0.325475 0.047532 -0.194113 
 -0.321551 0.019303 0.136153 
 0.139374 -0.443446 -0.008798 
 -0.047513 0.183555 -0.224500 
 0.497922 0.025968 0.052403 
 0.258167 -0.589602 -0.020110 
 0.325921 0.643198 0.122682 
 0.228173 -0.605320 -0.014096 
 -0.461710 0.343271 0.076919 
 0.365597 -0.190902 -0.012464 
 0.146262 -0.106577 0.122393 
 -0.208429 -0.169273 0.034367 
 -0.563919 0.160069 0.164961 
 -0.262670 -0.110671 0.068592 
 0.015963 -0.353877 0.058108 
 0.354474 0.777617 0.162896 
 -0.147262 0.452317 0.073174 
 0.094483 -0.605104 0.030288 
 -0.476397 -0.144621 0.166040 
 0.420750 0.258739 0.039196 
 -0.408518 0.115403 0.123229 
 -0.340123 0.414209 0.079874 
 -0.287156 0.267548 -0.108448 
 -0.506074 0.268612 0.105119 
 0.477443 0.151579 0.024825 
 0.306454 0.350371 0.079464 
 0.369947 0.140474 0.034041 
 -0.310514 0.412439 0.081392 
 0.405689 -0.474684 -0.012705 
 -0.140904 0.441296 0.021946 
 0.018298 -0.519745 0.022508 
 -0.140337 0.136675 -0.159862 
 0.297248 0.616253 0.136534 
 -0.336671 0.198328 -0.123969 
 0.171699 -0.266703 0.042574 
 0.360092 -0.343233 -0.019393 
 -0.102084 -0.000509 -0.246907 
 -0.009242 -0.210843 0.142165 
 -0.284829 -0.458147 0.129256 
 0.293528 0.572231 0.124292 
 0.303589 0.190757 0.011444 
 0.381135 0.615701 0.095856 
 0.000496 0.334969 -0.150938 
 0.376501 -0.252202 -0.022184 
 0.267885 -0.246935 -0.019300 
 0.095214 -0.443381 0.005880 
 0.430857 -0.101997 -0.009152 
 0.261683 0.483821 0.132844 
 -0.160799 -0.498091 0.052663 
 -0.048381 -0.331942 0.039190 
 -0.491840 0.237649 0.116513 
 -0.027738 0.006588 -0.317323 
 -0.032973 -0.626731 0.101737 
 -0.242978 -0.212821 0.031937 
 -0.307483 -0.366368 0.057189 
 -0.440164 0.085900 0.125337 
 -0.072640 0.071612 -0.248775 
 -0.164405 -0.021463 -0.173776 
 -0.328995 0.267601 -0.094076 
 0.141217 -0.281373 0.048554 
 -0.294101 0.004665 0.125763 
 -0.182219 -0.122163 -0.079421 
 -0.037848 0.223123 -0.181435 
 0.323692 0.365686 0.078391 
 -0.367127 0.038064 0.122829 
 0.397352 0.126050 0.020519 
 -0.029441 -0.320818 0.059266 
 -0.348881 -0.287486 0.058382 
 0.273113 -0.187705 -0.004089 
 -0.242984 0.399248 0.043181 
 0.392176 0.761261 0.192274 
 -0.114271 -0.017548 -0.223566 
 -0.534726 0.223226 0.126344 
 0.035684 -0.537506 0.033980 
 0.245258 -0.624669 -0.002509 
 -0.534154 0.238182 0.130040 
 -0.083758 -0.326227 0.017163 
 0.282651 -0.474375 -0.065348 
 0.367998 -0.113826 -0.014353 
 0.406850 -0.474801 -0.013071 
 0.406118 -0.571266 -0.005267 
 -0.345462 -0.034657 0.095116 
 -0.228432 -0.229159 0.034877 
 -0.225470 -0.072454 0.102451 
 0.244016 0.748015 0.156290 
 -0.398650 0.110458 -0.221666 
 -0.164111 -0.113843 -0.152957 
 -0.471846 -0.005449 0.145183 
 -0.342225 0.172685 -0.152208 
 0.191512 -0.534636 -0.040844 
 0.373010 -0.392457 -0.025420 
 -0.223308 -0.379203 0.013792 
 -0.357427 0.175219 -0.158653 
 -0.349178 -0.077615 0.083349 
 -0.317655 -0.422196 0.104018 
 -0.221060 -0.513208 0.068377 
 0.273517 -0.187169 -0.004089 
 0.171275 0.318569 -0.189180 
 0.328124 -0.170214 -0.040739 
 0.331994 0.467962 0.104833 
 0.422565 0.082081 -0.000590 
 0.380158 -0.191146 -0.017707 
 -0.234865 -0.513273 0.072795 
 0.030508 -0.354293 0.053324 
 -0.028315 0.064557 -0.324238 
 -0.429032 -0.262270 0.116294 
 -0.360135 0.130621 -0.158608 
 0.306203 -0.609765 -0.018086 
 0.260951 -0.641935 0.000120 
 0.287976 -0.428829 -0.053911 
 -0.438781 0.129678 0.114677 
 0.020770 0.089685 -0.309582 
 0.294250 0.249288 0.031743 
 0.232803 -0.321007 -0.029882 
 -0.275221 -0.435187 0.086979 
 -0.232266 -0.483370 0.080860 
 -0.014192 -0.009938 -0.314915 
 0.279978 -0.112714 0.014927 
 -0.415915 0.386068 0.076247 
 0.020186 -0.473308 0.022711 
 0.408796 0.034370 0.013922 
 0.302791 0.291419 0.064348 
 0.033519 -0.472966 0.017825 
 0.052460 -0.294534 0.074132 
 -0.246206 -0.435200 0.075900 
 -0.420084 0.237492 0.092146 
 -0.112973 -0.140693 -0.189578 
 -0.422876 -0.156031 0.121032 
 -0.399421 0.414618 0.077327 
 0.378983 0.081558 0.014006 
 0.277313 0.220115 0.029536 
 -0.317717 -0.209319 0.035898 
 -0.330318 0.252525 -0.098136 
 0.268017 -0.474840 -0.060457 
 -0.251696 -0.346173 0.009669 
 -0.509283 0.131892 0.138491 
 0.058459 0.047798 -0.334238 
 0.309828 -0.213957 -0.047750 
 0.028945 -0.384093 0.045586 
 -0.489546 -0.097225 0.160111 
 -0.127548 -0.033207 -0.213894 
 -0.250788 0.211155 -0.136199 
 -0.083662 0.085537 -0.239790 
 -0.106772 -0.220185 0.032024 
 0.386104 -0.470618 -0.028369 
 0.321787 -0.243516 -0.057019 
 0.407658 0.776028 0.192375 
 -0.194300 -0.168958 0.040262 
 0.240207 0.045549 0.097459 
 0.279285 0.047524 0.061630 
 -0.006756 0.414394 -0.056121 
 -0.251474 -0.331458 0.014337 
 -0.162306 0.207510 -0.131982 
 0.342259 0.247229 0.038476 
 -0.367377 0.200783 -0.136721 
 -0.551587 0.146468 0.156492 
 -0.203343 -0.009330 -0.145645 
 -0.209885 -0.058589 0.101385 
 0.066247 0.145733 -0.309035 
 -0.071851 0.137844 -0.193908 
 -0.100493 0.027780 -0.241226 
 0.083144 -0.183691 0.131523 
 -0.125081 -0.555792 0.094710 
 0.229146 -0.250459 0.016680 
 -0.211072 0.137960 -0.147329 
 0.198577 -0.380233 -0.033874 
 -0.299320 0.398441 0.061878 
 0.262115 0.543456 0.126427 
 -0.175267 0.452305 0.082658 
 0.414109 0.333354 0.062991 
 -0.120582 0.207485 -0.145742 
 0.465588 0.182408 0.038208 
 0.358147 0.820229 0.173834 
 0.323954 -0.051489 -0.005531 
 -0.220214 0.438755 0.083092 
 -0.247629 0.385971 0.019470 
 -0.076888 -0.090503 -0.246017 
 -0.165240 -0.395860 0.000602 
 0.124477 -0.605184 0.021311 
 0.220734 -0.092075 0.099706 
 0.020207 -0.670410 0.143074 
 0.400115 -0.069331 -0.012360 
 -0.110505 0.024862 -0.213632 
 -0.550262 0.193300 0.134678 
 -0.245482 0.112603 -0.166849 
 -0.469144 0.024921 0.141764 
 0.412262 0.465451 0.111907 
 0.124597 -0.458398 -0.007723 
 0.317164 0.513538 0.099593 
 0.390919 0.051871 0.002249 
 -0.265558 -0.346214 0.014481 
 0.235084 0.095517 0.066456 
 0.240935 -0.131815 0.046809 
 0.320844 -0.370363 -0.048440 
 0.240295 -0.458366 -0.046537 
 -0.054735 -0.519699 0.045979 
 0.398178 0.302976 0.070877 
 -0.549718 0.268159 0.109134 
 0.153692 -0.474456 -0.010876 
 -0.363581 -0.078663 0.088141 
 -0.294317 0.002600 0.123788 
 0.278597 -0.128502 0.011463 
 0.258053 -0.365459 -0.049072 
 -0.212507 0.003349 -0.115551 
 -0.434973 0.328984 0.064163 
 0.075850 0.089575 -0.328072 
 -0.103248 0.109706 -0.193463 
 0.081666 -0.590190 0.040140 
 -0.247062 -0.112238 0.074522 
 0.269870 -0.217256 -0.011692 
 0.377545 -0.251216 -0.022184 
 0.461680 0.137467 0.025903 
 -0.202612 0.020559 -0.148895 
 0.178129 -0.076770 0.117923 
 -0.040469 0.372543 -0.068558 
 -0.224192 -0.057729 0.106215 
 0.309899 -0.213275 -0.047249 
 -0.018123 0.117672 -0.288976 
 -0.115922 -0.370858 0.015521 
 -0.428928 -0.226302 0.102279 
 -0.496828 0.163944 0.108318 
 0.062081 0.089579 -0.322517 
 -0.302704 0.158685 -0.169899 
 0.004946 -0.309702 0.074440 
 0.276914 -0.258808 -0.048898 
 -0.261011 0.113802 -0.172531 
 0.394993 -0.222604 -0.019451 
 0.286327 -0.556159 -0.042997 
 0.247428 -0.320306 -0.033435 
 -0.454606 -0.199897 0.119401 
 -0.334438 0.424376 0.116458 
 -0.508886 0.131852 0.138489 
 -0.188582 -0.081518 0.052943 
 -0.275716 0.083535 -0.164802 
 0.267048 0.600613 0.141492 
 -0.376751 0.298142 0.070835 
 0.042639 -0.382817 0.040701 
 0.249290 0.808505 0.171304 
 0.318008 -0.432087 -0.053311 
 -0.175260 0.468479 0.075441 
 0.229664 -0.187699 0.010548 
 -0.088298 0.043400 -0.251370 
 0.395699 0.274252 0.063313 
 0.162230 -0.091300 0.119354 
 -0.354343 0.412666 0.084585 
 0.096606 -0.197666 0.121492 
 0.243991 -0.118492 0.061157 
 0.388467 0.554777 0.133529 
 0.368973 0.554919 0.117800 
 0.288760 0.352159 0.063082 
 0.318986 0.778754 0.139727 
 0.481363 0.042327 0.050508 
 0.173686 -0.385185 -0.003333 
 -0.103017 -0.075740 -0.233053 
 -0.401625 -0.004837 0.110365 
 0.303436 -0.431747 -0.048413 
 -0.382931 0.443172 0.077261 
 0.167008 -0.489343 -0.019594 
 -0.249700 0.424447 0.088044 
 -0.202414 0.022507 -0.148804 
 -0.024532 0.386719 -0.068379 
 -0.092210 -0.013013 -0.266173 
 0.262495 0.880377 0.223184 
 -0.262837 -0.271138 0.022569 
 -0.194416 -0.378592 0.004140 
 0.267954 -0.504328 -0.057701 
 -0.183762 -0.624268 0.141222 
 -0.386007 0.010463 0.110131 
 -0.479144 0.254253 0.094390 
 0.317720 0.407305 0.115181 
 0.506821 -0.033263 0.032155 
 0.204854 -0.106404 0.100791 
 0.021181 -0.293810 0.073362 
 0.291296 0.436821 0.133245 
 -0.238379 -0.154407 0.047738 
 -0.202558 0.021089 -0.148808 
 -0.125727 0.358350 -0.042821 
 0.093021 -0.538798 0.014334 
 -0.188008 -0.056639 -0.128884 
 0.007036 0.103753 -0.301359 
 -0.143658 -0.534518 0.071953 
 0.194007 -0.177842 0.061128 
 0.300384 0.037376 0.026966 
 -0.358641 -0.374346 0.119302 
 -0.224870 -0.024599 0.093131 
 0.371033 -0.069165 -0.002941 
 0.426312 -0.207835 -0.025432 
 -0.013313 0.173222 -0.274127 
 -0.194862 0.292303 -0.096556 
 -0.376577 -0.063746 0.097092 
 0.082462 -0.428122 0.014584 
 0.422496 0.081402 -0.000592 
 0.350222 0.396141 0.054679 
 -0.200352 0.094304 -0.152109 
 -0.493086 0.223273 0.112918 
 -0.303288 0.144582 -0.173720 
 0.100684 -0.385832 0.021125 
 -0.422816 0.114819 0.127896 
 -0.523649 0.132932 0.143256 
 -0.525006 0.164979 0.117805 
 0.165824 0.388613 -0.155560 
 0.336210 0.234543 0.013476 
 -0.382219 0.457496 0.083048 
 -0.198713 0.108419 -0.147984 
 -0.463865 0.268180 0.091806 
 -0.332873 0.240550 -0.112634 
 0.093309 0.116362 -0.314846 
 -0.147203 0.414494 -0.007908 
 0.339873 -0.005748 -0.009027 
 0.440548 -0.240764 -0.017153 
 -0.479179 0.284129 0.089236 
 0.189162 -0.320984 -0.014504 
 -0.379210 0.485995 0.090262 
 0.278766 0.096244 0.051860 
 0.346543 0.880581 0.182394 
 0.142776 0.304324 -0.183136 
 0.320267 0.909576 0.200065 
 -0.461722 0.343137 0.077234 
 0.006488 0.390035 -0.136404 
 -0.256536 0.264141 -0.096024 
 -0.387538 0.354386 0.079312 
 0.338069 0.364917 0.074361 
 0.280087 -0.111644 0.014929 
 -0.070984 -0.468941 0.031844 
 0.034291 -0.538748 0.033981 
 0.110205 0.306497 -0.195527 
 0.195519 0.000531 0.111297 
 -0.565257 0.146423 0.161252 
 0.417141 -0.039709 -0.009972 
 -0.042228 0.261844 -0.135430 
 0.432608 0.478688 0.132887 
 0.376404 0.051884 0.005401 
 -0.321788 0.358442 0.024354 
 0.420877 0.732021 0.185753 
 0.239025 -0.568917 -0.042445 
 -0.288616 0.114384 -0.163722 
 0.434389 -0.617610 0.054073 
 0.066996 -0.296740 0.069227 
 0.344006 0.851273 0.176084 
 0.425287 -0.206081 -0.025423 
 -0.481520 -0.203626 0.150651 
 -0.091962 -0.104023 -0.245600 
 0.500318 -0.076964 0.011768 
 0.395617 0.273435 0.063559 
 0.218913 -0.306129 -0.019874 
 -0.343814 0.303549 -0.008926 
 -0.240606 0.168851 -0.151709 
 -0.101773 -0.450118 0.023445 
 0.050537 -0.409773 0.008917 
 -0.376762 0.148776 -0.182953 
 0.371687 0.170098 0.041630 
 -0.419346 -0.095959 0.125222 
 0.017644 -0.487807 0.018903 
 0.093819 -0.490881 0.004895 
 -0.245915 -0.081489 0.073498 
 0.399909 0.155545 0.028104 
 0.289399 -0.413993 -0.050098 
 -0.104081 0.095524 -0.195481 
 -0.299132 -0.474607 0.140975 
 0.261654 0.704440 0.172699 
 -0.245550 0.006373 -0.138424 
 -0.303530 -0.209315 0.030538 
 0.257364 0.322557 0.065080 
 0.046366 0.200537 -0.273836 
 -0.364983 0.343358 0.044317 
 0.020422 0.214552 -0.261864 
 -0.439848 0.117071 0.110970 
 -0.299256 -0.035611 0.101756 
 0.367193 0.601627 0.107664 
 0.471156 -0.076956 0.020039 
 0.306133 0.220100 0.019006 
 -0.349649 0.292575 -0.045472 
 -0.449776 0.284999 0.079802 
 0.121037 0.375329 -0.155577 
 0.120826 -0.568741 -0.004061 
 0.294812 -0.534803 -0.075137 
 0.320894 -0.369871 -0.048438 
 -0.213904 -0.229184 0.029556 
 -0.446465 0.357356 0.076197 
 -0.510455 0.164498 0.113059 
 -0.433858 0.341296 0.067823 
 0.333624 0.909999 0.195243 
 0.478777 0.166881 0.028629 
 -0.014219 -0.221086 0.117712 
 0.398612 -0.146609 -0.010015 
 0.016984 0.003844 -0.320569 
 0.198738 0.045203 0.123006 
 0.437772 0.197239 0.050414 
 -0.177042 0.037617 -0.177083 
 0.124106 -0.296641 0.049638 
 0.066881 -0.296363 0.069228 
 -0.200766 -0.043766 -0.120519 
 0.225625 -0.280062 0.008688 
 -0.113556 -0.108976 -0.203716 
 -0.413455 0.414634 0.079461 
 -0.323290 0.004736 0.133424 
 0.427622 0.140474 0.015827 
 -0.004277 0.442945 -0.048005 
 -0.343775 0.384253 0.072521 
 -0.173756 0.331884 -0.056991 
 0.006558 -0.195931 0.141672 
 -0.346498 0.116466 -0.166843 
 0.343634 -0.217406 -0.034896 
 -0.435661 0.268570 0.081944 
 0.328223 0.835468 0.176424 
 -0.230045 0.004905 -0.133248 
 -0.062091 0.250012 -0.154095 
 0.209991 -0.553888 -0.028539 
 0.281498 -0.487887 -0.069156 
 0.365742 0.096199 0.023101 
 0.320948 0.750986 0.153860 
 0.067274 -0.197646 0.130142 
 -0.193242 -0.364569 0.007901 
 0.342026 -0.616617 0.002984 
 0.318564 0.557917 0.100116 
 0.425760 0.034116 0.009034 
 0.417291 -0.099764 -0.004257 
 -0.048129 -0.202337 0.099446 
 0.442524 -0.257502 -0.010587 
 -0.394324 -0.139771 0.105119 
 -0.107860 -0.234515 0.028257 
 -0.419482 0.143723 0.135443 
 0.499270 -0.106933 0.002554 
 0.055286 0.417934 -0.121568 
 0.262613 0.557659 0.130195 
 0.346977 -0.636010 0.019738 
 -0.407084 0.237924 0.087416 
 -0.476224 -0.081252 0.148201 
 0.372960 -0.601285 -0.003176 
 -0.244169 0.347159 -0.041572 
 0.168619 0.334745 -0.205761 
 -0.296141 0.198399 -0.137390 
 -0.173279 -0.517524 0.074748 
 -0.552236 0.131066 0.152775 
 0.439500 0.212003 0.054675 
 0.322339 0.350219 0.074266 
 -0.015686 0.145707 -0.279961 
 -0.481221 0.147611 0.123257 
 -0.094017 0.401091 -0.042839 
 0.498433 0.040975 0.056239 
 0.042994 0.446419 -0.109596 
 0.172956 -0.136403 0.102179 
 0.242014 0.836961 0.205390 
 -0.042070 -0.024055 -0.309524 
 -0.159348 -0.305979 0.012069 
 0.065788 0.293379 -0.195890 
 -0.455063 0.071356 0.125917 
 0.306779 -0.081684 -0.008252 
 0.380995 0.526727 0.104702 
 0.264332 -0.012880 0.072777 
 0.170370 -0.166219 0.094195 
 0.094293 0.305822 -0.201579 
 -0.178739 -0.363804 0.003076 
 0.376226 -0.620745 0.013671 
 -0.024727 -0.391021 0.015939 
 -0.442966 0.011972 0.128466 
 -0.033544 0.249046 -0.163429 
 0.290024 -0.274759 -0.057560 
 -0.026429 0.290287 -0.130990 
 0.049589 -0.570868 0.032082 
 -0.262785 -0.110660 0.069036 
 0.188874 -0.121727 0.101873 
 -0.242632 0.361327 -0.037927 
 0.273990 0.422235 0.134322 
 -0.338520 0.279508 -0.064608 
 -0.100417 -0.404290 0.024256 
 -0.054014 -0.487892 0.042762 
 -0.014342 -0.222330 0.118374 
 0.026803 -0.253004 0.095375 
 -0.462695 0.298314 0.089265 
 -0.200512 -0.042383 -0.120516 
 0.061723 -0.355854 0.053956 
 -0.439477 0.117389 0.110970 
 0.236097 -0.646432 0.029991 
 0.290023 0.422071 0.129366 
 0.093179 0.212165 -0.263650 
 0.248429 -0.027987 0.073505 
 0.451473 0.523063 0.138976 
 -0.000702 -0.252238 0.105168 
 0.192828 -0.076249 0.113360 
 -0.054176 0.019549 -0.305141 
 0.341453 -0.389099 -0.025970 
 -0.118191 -0.399851 0.007966 
 -0.099453 -0.307917 0.004586 
 0.384197 0.171243 0.026029 
 0.292887 0.036053 0.052957 
 -0.112728 -0.262014 0.010104 
 -0.381154 0.427724 0.097697 
 -0.371097 0.428977 0.071015 
 -0.375462 0.260725 -0.010435 
 0.357330 -0.039512 0.009550 
 0.242117 -0.605251 -0.019025 
 0.163913 -0.240767 0.076824 
 -0.306958 0.225491 -0.114656 
 0.068063 0.240330 -0.247228 
 -0.305052 -0.385409 0.074747 
 -0.081299 -0.488068 0.053135 
 0.377912 -0.157673 -0.030636 
 -0.352350 0.278565 -0.048871 
 0.394060 0.421133 0.106104 
 -0.264921 -0.362043 0.032042 
 0.269479 -0.101809 0.044663 
 0.078101 -0.554671 0.015411 
 0.418332 0.524435 0.127784 
 0.271239 -0.101518 0.044658 
 -0.438306 0.238310 0.074994 
 -0.331388 -0.355822 0.091995 
 0.383517 0.303000 0.075763 
 -0.118246 0.096667 -0.190819 
 0.307532 0.094525 0.042124 
 -0.252747 -0.346065 0.009128 
 -0.342522 -0.165644 0.056739 
 0.111723 0.320284 -0.191894 
 0.354496 0.171333 0.035913 
 -0.270386 0.397584 0.063543 
 0.067281 -0.197652 0.132014 
 0.206283 -0.090153 0.104623 
 -0.041901 0.358303 -0.071000 
 -0.328667 0.384338 0.067802 
 -0.397804 0.039165 0.121561 
 0.167095 -0.488484 -0.019591 
 0.500312 -0.076960 0.010183 
 0.275962 0.704311 0.167867 
 0.369661 0.570938 0.121584 
 -0.391004 -0.322215 0.097495 
 0.346045 0.036487 0.012358 
 -0.040042 0.158474 -0.259626 
 -0.144453 -0.306041 0.008468 
 0.278933 0.127052 0.048406 
 -0.248032 0.006624 -0.138414 
 0.076090 -0.240248 0.105630 
 -0.249897 -0.415819 0.047803 
 -0.406573 0.190875 0.109823 
 -0.394319 -0.139688 0.104366 
 0.084420 -0.609392 0.056076 
 0.345683 0.452829 0.096207 
 0.009819 -0.036569 -0.343123 
 -0.141938 0.121752 -0.163498 
 -0.120994 0.221811 -0.142706 
 0.017239 0.267399 -0.210556 
 0.308124 -0.291338 -0.045346 
 0.130901 -0.661780 0.060867 
 -0.285870 0.347171 -0.027606 
 -0.402743 -0.291190 0.099769 
 -0.008175 0.332811 -0.125265 
 -0.044978 -0.646281 0.124297 
 -0.191631 -0.316994 -0.002082 
 0.228091 0.061284 0.106163 
 -0.258579 -0.227404 0.032525 
 0.030890 0.047537 -0.324483 
 0.172025 -0.350833 -0.016648 
 -0.282482 0.185090 -0.145645 
 0.264276 0.466399 0.150541 
 -0.202914 -0.081512 0.058443 
 0.018924 -0.487939 0.019853 
 0.131116 0.331004 -0.171510 
 -0.363884 0.082540 0.134045 
 0.126563 -0.281894 0.055050 
 0.370668 0.660775 0.112424 
 0.209710 -0.553858 -0.028790 
 -0.022690 -0.294860 0.087567 
 -0.053202 -0.010154 -0.301048 
 -0.099114 0.342491 -0.055879 
 0.058675 0.047498 -0.334239 
 -0.261751 0.023110 -0.151632 
 0.194439 -0.665942 0.061752 
 0.171198 -0.413773 -0.010956 
 0.357236 -0.601183 0.001893 
 -0.481280 -0.170605 0.136534 
 -0.408451 0.116067 0.123231 
 0.369700 -0.549703 -0.022003 
 0.407063 0.004666 0.006314 
 0.377385 0.259752 0.054901 
 0.025478 0.144243 -0.295186 
 -0.428419 -0.198085 0.098993 
 -0.040911 -0.010601 -0.305669 
 -0.413289 -0.262008 0.111463 
 0.106395 -0.666028 0.091607 
 0.358031 -0.602571 0.001886 
 -0.402738 -0.017925 0.106636 
 0.238240 -0.585838 -0.035904 
 0.082786 0.416918 -0.130925 
 0.353663 0.586746 0.108722 
 0.260806 0.190735 0.026340 
 -0.474161 -0.068286 0.151941 
 -0.152234 0.009337 -0.192579 
 -0.085534 -0.468931 0.035797 
 0.284966 -0.054950 0.030135 
 -0.376197 0.117886 -0.170486 
 0.043111 0.003977 -0.330345 
 0.013578 -0.237215 0.104162 
 0.353313 0.792661 0.155079 
 -0.101182 -0.322068 0.000821 
 0.006630 0.391482 -0.137604 
 0.494514 -0.003806 0.044739 
 -0.435507 0.270079 0.082365 
 -0.124176 0.165004 -0.157255 
 -0.252251 -0.154443 0.051928 
 -0.027924 0.358298 -0.075698 
 -0.019047 0.249854 -0.168093 
 -0.175301 0.332042 -0.057748 
 0.029587 0.335304 -0.160270 
 -0.307736 0.212916 -0.129139 
 -0.102920 -0.433278 0.017361 
 -0.096794 0.070335 -0.228803 
 -0.452514 0.117280 0.115727 
 0.257276 0.321691 0.065078 
 -0.124865 -0.589998 0.108097 
 0.363195 0.081558 0.018876 
 0.116245 -0.400842 0.022974 
 0.121653 -0.141261 0.154359 
 0.460686 0.108209 0.018292 
 0.139398 -0.444219 -0.008800 
 0.203710 -0.320992 -0.019355 
 0.407891 0.020250 0.010120 
 -0.194065 -0.331486 -0.006467 
 0.123629 -0.475117 -0.001079 
 -0.184804 0.108409 -0.152067 
 0.281586 0.157470 0.056422 
 0.447608 -0.117070 -0.007415 
 -0.147210 -0.464798 0.033671 
 -0.211308 -0.199364 0.037569 
 0.396039 0.110954 0.016873 
 0.237939 -0.261768 -0.014552 
 0.288772 -0.575336 -0.026130 
 0.042585 0.004028 -0.329813 
 0.309589 -0.051495 -0.000666 
 -0.262281 0.225150 -0.128602 
 0.397642 0.464334 0.117479 
 0.016856 0.348999 -0.152963 
 -0.062048 0.446264 -0.039636 
 -0.527484 0.057102 0.146541 
 0.359557 0.836307 0.176594 
 0.404219 -0.521792 -0.014703 
 0.143189 -0.167838 0.115155 
 0.320304 0.909896 0.201254 
 0.276814 0.719260 0.160803 
 0.040939 0.321624 -0.179316 
 0.002888 0.092369 -0.326279 
 0.167578 0.402782 -0.153444 
 0.258453 0.851244 0.204321 
 -0.123393 -0.232823 0.022451 
 -0.109137 0.179167 -0.159764 
 -0.362567 -0.288144 0.063192 
 0.366740 0.049176 0.031730 
 0.366740 0.049176 0.031599 
 0.336802 0.602185 0.106948 
 0.313981 0.600437 0.148526 
 0.066976 0.446117 -0.140520 
 -0.420722 -0.078277 0.108790 
 -0.323410 0.293642 -0.066614 
 0.340298 -0.402652 -0.029794 
 -0.011503 -0.405796 0.006174 
 0.258102 -0.590294 -0.018774 
 -0.310601 0.060238 -0.195137 
 0.170684 0.304469 -0.192828 
 -0.223329 0.305902 -0.083587 
 -0.515146 -0.020063 0.155825 
 0.080518 -0.296639 0.064332 
 0.411747 0.140624 0.019450 
 -0.366486 0.052681 0.126206 
 0.377983 -0.156975 -0.030634 
 0.224139 -0.504273 -0.043006 
 -0.372117 0.369851 0.077940 
 -0.243006 -0.213127 0.032747 
 -0.301996 -0.066855 0.093857 
 -0.438910 0.085774 0.125332 
 0.386033 -0.471296 -0.028815 
 0.332939 0.097656 0.021837 
 0.272584 0.322746 0.060245 
 -0.192379 -0.125295 0.041352 
 -0.519550 -0.112102 0.165787 
 -0.379948 0.214828 -0.127791 
 -0.250211 -0.316842 0.016993 
 -0.068581 -0.687782 0.177337 
 0.245259 -0.624669 -0.002431 
 0.230256 0.382574 0.079109 
 0.343719 0.263225 0.042258 
 0.422502 0.746051 0.189542 
 -0.349564 -0.092963 0.079607 
 -0.441048 0.429001 0.094531 
 0.364461 0.081429 0.019150 
 0.405691 -0.474686 -0.012113 
 -0.269065 -0.037841 0.102914 
 -0.110304 0.165545 -0.161917 
 0.052816 0.321818 -0.183966 
 -0.023368 0.106367 -0.313826 
 0.135513 -0.568371 -0.008060 
 -0.469900 0.414697 0.100270 
 -0.070587 0.071405 -0.248783 
 0.021282 -0.411270 0.016927 
 0.399377 0.630645 0.105528 
 -0.412519 -0.184159 0.097930 
 -0.218658 -0.598357 0.102159 
 -0.330218 0.253502 -0.097773 
 -0.269572 0.397504 0.062606 
 0.048676 -0.210812 0.123110 
 0.064693 -0.490031 0.014976 
 0.429073 -0.131778 -0.015767 
 0.005605 -0.473251 0.027603 
 0.145460 0.334929 -0.176177 
 -0.275441 -0.256583 0.030675 
 -0.581943 0.180238 0.129482 
 -0.441265 0.100989 0.107254 
 0.005412 0.377315 -0.138622 
 0.287108 -0.365863 -0.059483 
 0.430281 -0.148240 -0.009427 
 -0.020169 -0.265715 0.095660 
 -0.389461 -0.322376 0.099344 
 0.332007 0.498686 0.090950 
 -0.107021 -0.560125 0.110851 
 0.182470 -0.017053 0.133585 
 -0.318439 -0.256563 0.046649 
 -0.306129 -0.238414 0.023064 
 0.255240 -0.380113 -0.053521 
 -0.040466 0.372541 -0.067820 
 -0.133258 0.083535 -0.189789 
 -0.139677 -0.080459 -0.187070 
 -0.127739 -0.519419 0.070739 
 -0.037234 -0.376311 0.022944 
 0.335964 -0.481549 -0.038582 
 0.417058 -0.102069 -0.004069 
 0.396348 -0.098828 -0.020300 
 0.156716 -0.412986 -0.006062 
 0.315646 0.690205 0.138805 
 0.298628 -0.458516 -0.066423 
 0.347689 0.084178 0.013188 
 0.388803 0.674893 0.121292 
 0.323944 -0.276630 -0.047001 
 0.060916 0.377299 -0.158693 
 -0.081299 0.386260 -0.049590 
 -0.230414 -0.097738 0.073457 
 -0.282965 0.279499 -0.083074 
 -0.120584 0.207487 -0.146264 
 -0.330833 0.144952 -0.164254 
 0.461678 0.076108 0.031134 
 -0.285010 0.156055 -0.152274 
 -0.504081 -0.099008 0.164920 
 0.149917 0.360137 -0.159217 
 -0.387201 0.340226 0.085939 
 -0.163623 0.439804 0.063322 
 -0.056438 0.210998 -0.201891 
 0.443190 -0.320967 -0.004635 
 0.155941 0.290074 -0.191799 
 -0.168358 -0.247397 0.033171 
 -0.494583 -0.188379 0.159242 
 -0.067139 -0.359581 0.025900 
 -0.342935 -0.360224 0.118229 
 -0.048125 0.235716 -0.162399 
 -0.133266 0.221655 -0.138601 
 0.473608 -0.047125 0.027512 
 -0.203948 0.207528 -0.118362 
 0.198646 -0.379545 -0.034010 
 0.091029 -0.356231 0.044158 
 0.163497 -0.076636 0.123182 
 0.076857 0.264707 -0.207808 
 0.379207 -0.206030 -0.021171 
 0.238995 0.264044 0.054841 
 -0.083578 0.086395 -0.240526 
 -0.167218 0.150880 -0.147235 
 0.417047 -0.054640 -0.013779 
 -0.000950 -0.646232 0.109409 
 -0.332851 -0.257284 0.050349 
 0.274741 -0.624685 -0.012508 
 0.107126 0.293389 -0.210347 
 0.000914 0.019514 -0.322667 
 0.352167 0.586898 0.108727 
 -0.443384 -0.261858 0.120804 
 -0.016477 -0.052196 -0.325736 
 0.006891 -0.409744 0.022549 
 0.235895 -0.645896 0.029993 
 0.066128 -0.523984 0.027802 
 0.223833 0.078879 0.088743 
 0.321572 0.924550 0.204447 
 0.259926 -0.057372 0.060989 
 0.097946 0.320621 -0.187229 
 0.301395 0.276683 0.060571 
 -0.233542 0.208750 -0.119423 
 -0.246809 0.437910 0.102657 
 0.234841 -0.276398 -0.017142 
 0.170376 -0.281916 0.039046 
 0.001741 0.003998 -0.315405 
 -0.054540 0.194539 -0.184039 
 0.172801 -0.383976 -0.003327 
 0.470368 -0.076876 0.020042 
 0.032963 -0.568694 0.026774 
 -0.234726 -0.449124 0.056627 
 -0.282570 0.184215 -0.145727 
 -0.191126 -0.007845 -0.160433 
 0.476353 0.138683 0.021027 
 -0.434795 -0.110512 0.126281 
 0.217015 -0.335816 -0.027482 
 0.360250 -0.282024 -0.025332 
 0.334541 0.381475 0.056616 
 0.060396 -0.371067 0.049421 
 0.306283 0.748303 0.158680 
 -0.169490 0.122544 -0.154168 
 -0.429244 -0.229419 0.102270 
 -0.417149 -0.291281 0.103943 
 -0.014106 0.173836 -0.274122 
 0.439874 -0.287353 -0.018254 
 -0.208958 -0.443909 0.025687 
 -0.403381 0.280729 0.097791 
 0.007911 0.405631 -0.132765 
 -0.148178 0.304568 -0.074420 
 0.232524 0.144275 0.045957 
 -0.562443 0.237737 0.139510 
 0.208367 -0.517926 -0.041922 
 0.366959 0.586851 0.103893 
 -0.320856 -0.080291 0.073753 
 -0.473111 0.373277 0.089275 
 -0.278017 -0.366741 0.047518 
 0.106160 0.361110 -0.154860 
 -0.213615 0.033332 -0.130988 
 0.003419 -0.685484 0.143467 
 -0.192573 0.179208 -0.129180 
 0.311648 0.616166 0.130762 
 -0.305410 0.320859 -0.051964 
 -0.063082 0.139834 -0.219993 
 0.320211 0.158964 0.020926 
 -0.448631 0.298305 0.085026 
 0.266392 -0.534866 -0.065344 
 0.190126 -0.207447 0.052953 
 0.372466 -0.601235 -0.003072 
 0.279766 0.049194 0.061633 
 -0.023168 -0.540181 0.053618 
 0.287512 0.864070 0.198427 
 0.480495 -0.136583 -0.000826 
 -0.117434 -0.320661 -0.004282 
 0.298723 0.262113 0.056799 
 -0.143306 -0.517622 0.065081 
 -0.007636 -0.294917 0.083141 
 -0.252638 -0.345013 0.009676 
 -0.056154 -0.026949 -0.304655 
 -0.360050 -0.305944 0.080870 
 -0.437523 0.195147 0.096747 
 -0.038535 0.304436 -0.124455 
 -0.348055 0.226489 -0.110541 
 0.271412 -0.102005 0.044655 
 0.355935 -0.390721 -0.030886 
 0.145177 0.235744 -0.227694 
 -0.395065 0.151866 -0.210943 
 -0.345161 -0.405605 0.117547 
 0.158316 -0.136398 0.108113 
 0.028644 -0.646285 0.098941 
 -0.534184 0.329147 0.097091 
 -0.292682 -0.349814 0.045452 
 -0.270959 -0.164830 0.032161 
 0.078130 0.279262 -0.203218 
 -0.381743 0.038105 0.127625 
 -0.140630 0.136704 -0.159791 
 0.242984 -0.118393 0.062392 
 -0.068854 -0.327839 0.012310 
 -0.064530 0.429685 -0.043299 
 0.131326 -0.369201 0.015133 
 0.354718 -0.404878 -0.034831 
 -0.136970 0.178957 -0.148955 
 -0.245493 0.112455 -0.165800 
 0.118209 -0.092142 0.134087 
 -0.120236 -0.205113 0.040627 
 -0.320238 -0.238427 0.028868 
 0.393059 -0.300539 -0.016703 
 -0.451760 0.131785 0.119441 
 -0.184879 0.107709 -0.153141 
 0.120815 -0.568887 -0.003150 
 -0.028264 -0.023923 -0.313898 
 -0.264893 -0.381573 0.038917 
 0.145121 0.250943 -0.233285 
 -0.406124 -0.110506 0.116667 
 -0.070871 -0.038078 -0.303994 
 0.258103 -0.590233 -0.020112 
 -0.320927 0.454878 0.097055 
 -0.099276 0.041775 -0.236044 
 -0.500389 -0.007418 0.154765 
 0.290026 0.422068 0.130459 
 -0.330831 -0.474683 0.150781 
 0.386102 -0.470617 -0.028754 
 0.213402 0.045783 0.117857 
 0.441895 -0.335936 -0.007845 
 -0.385109 0.382483 0.086662 
 -0.232475 -0.112268 0.069369 
 0.307428 0.234988 0.023144 
 -0.334523 0.102481 -0.175626 
 0.142273 -0.398801 0.002645 
 -0.034100 0.331804 -0.104498 
 0.289182 0.190761 0.017706 
 0.058522 0.061657 -0.330634 
 -0.031725 0.198080 -0.225524 
 0.091444 -0.341273 0.047979 
 0.290471 -0.641950 -0.010205 
 -0.211956 0.374561 -0.032060 
 -0.025819 0.290230 -0.132723 
 -0.227338 -0.197874 0.031689 
 -0.536603 0.146380 0.151727 
 0.164308 -0.600789 -0.016665 
 0.271445 -0.605837 -0.028888 
 0.084531 -0.167802 0.134241 
 -0.223252 -0.393990 0.010025 
 -0.344656 0.144601 -0.158265 
 -0.126942 -0.094687 -0.194766 
 -0.062626 -0.628026 0.112149 
 -0.092188 -0.012810 -0.265834 
 -0.234867 -0.513272 0.072344 
 0.363003 -0.250585 -0.017284 
 0.004570 0.061680 -0.312163 
 0.397318 -0.161454 -0.015537 
 0.140321 -0.460125 -0.002162 
 -0.199493 0.331680 -0.048394 
 0.094488 0.145643 -0.317069 
 -0.045355 -0.646242 0.123958 
 -0.377254 0.148563 -0.182952 
 -0.089212 -0.119597 -0.227357 
 -0.101830 -0.465013 0.019647 
 0.116934 -0.661485 0.065828 
 0.376382 -0.174925 -0.034445 
 -0.277950 0.424419 0.096313 
 0.422207 0.673863 0.133486 
 -0.139466 -0.080481 -0.187045 
 0.484382 -0.091866 0.013384 
 0.397396 -0.610045 0.034140 
 0.346711 -0.282125 -0.020030 
 -0.298405 -0.151400 0.045485 
 0.453788 -0.045349 0.011669 
 0.350232 0.234787 0.008644 
 0.398239 -0.610128 0.033177 
 0.299708 -0.053034 0.025261 
 0.289456 0.720056 0.155985 
 0.217135 -0.220753 0.029219 
 -0.372934 -0.004082 0.100790 
 0.348474 0.542292 0.097423 
 -0.041086 -0.454098 0.025040 
 -0.509790 0.193679 0.109490 
 -0.449277 0.298374 0.083478 
 0.254905 0.394292 0.110173 
 -0.249411 0.226800 -0.133238 
 -0.362377 0.298070 0.055171 
 0.476402 -0.183458 -0.011675 
 0.412325 0.495762 0.107302 
 0.260603 0.221258 0.025481 
 -0.228114 0.250509 -0.098125 
 -0.072139 -0.435673 0.017507 
 -0.229464 0.095637 -0.153932 
 -0.374330 -0.258315 0.074517 
 -0.094002 -0.057115 -0.266032 
 0.320182 -0.321071 -0.057832 
 0.266738 0.394549 0.105336 
 -0.181745 -0.609333 0.145071 
 -0.194480 -0.379224 0.004188 
 0.415005 0.585549 0.111802 
 0.314462 0.022511 0.018304 
 -0.217973 0.207199 -0.113698 
 -0.033150 -0.080220 -0.329049 
 -0.493469 0.300455 0.075897 
 -0.448059 -0.063701 0.119933 
 -0.094148 -0.056809 -0.266030 
 0.213621 -0.119821 0.070953 
 -0.483612 0.070609 0.135935 
 0.274784 0.689628 0.165071 
 -0.012362 0.033616 -0.314742 
 0.347320 0.080525 0.013178 
 -0.251383 0.424568 0.088050 
 -0.321941 0.088426 -0.181689 
 0.375082 0.036664 0.002626 
 -0.488337 -0.033765 0.142505 
 0.446780 -0.371548 0.016878 
 -0.119880 -0.205146 0.039462 
 -0.290010 -0.418412 0.082648 
 0.314745 0.585520 0.144741 
 0.267994 0.278878 0.048946 
 -0.291249 0.084333 -0.170958 
 -0.040057 -0.570648 0.061375 
 -0.177178 -0.302269 -0.004033 
 0.303055 0.037105 0.026956 
 0.339319 0.155226 0.036978 
 0.348576 0.543300 0.097426 
 -0.200817 -0.243804 0.020888 
 -0.498972 0.008667 0.158507 
 -0.290284 0.335522 -0.052990 
 -0.057482 0.116359 -0.264585 
 0.017912 0.363171 -0.148335 
 -0.059877 -0.271036 0.048230 
 -0.070566 0.166241 -0.187376 
 -0.141861 -0.534700 0.071812 
 0.305396 0.793424 0.148861 
 0.421936 -0.396389 -0.019459 
 0.301728 -0.140102 -0.022294 
 0.400256 -0.054404 -0.008892 
 -0.421524 -0.139901 0.113975 
 -0.093466 -0.233212 0.023428 
 -0.152711 0.440396 0.036799 
 0.108444 -0.443251 0.000993 
 0.340193 0.807320 0.164115 
 -0.101014 0.233531 -0.122186 
 0.160930 0.346858 -0.177216 
 0.296394 -0.519964 -0.071320 
 0.447388 0.478656 0.128007 
 -0.530932 -0.068173 0.182059 
 -0.449959 -0.126664 0.138168 
 -0.477035 -0.144555 0.165703 
 0.241138 -0.428492 -0.039222 
 0.389011 0.554719 0.134387 
 -0.387671 -0.340845 0.115158 
 -0.026546 0.020362 -0.313724 
 0.343635 -0.217407 -0.034617 
 -0.218547 0.319269 -0.058217 
 0.001647 0.003093 -0.315941 
 -0.243070 -0.198093 0.036500 
 0.120825 -0.568740 -0.004443 
 -0.243349 0.095644 -0.148834 
 -0.245561 0.452306 0.106145 
 0.292219 0.558194 0.120527 
 0.115182 -0.152654 0.129357 
 0.246074 -0.335831 -0.036622 
 -0.384062 -0.183527 0.088318 
 -0.523807 0.178952 0.119722 
 0.161781 -0.549571 -0.033326 
 -0.401526 -0.003863 0.110367 
 0.303512 -0.575355 -0.028762 
 -0.144083 0.481040 0.080001 
 0.143936 0.317843 -0.179831 
 0.036099 -0.313995 0.075199 
 -0.267559 -0.494027 0.148600 
 0.375693 -0.331664 -0.020486 
 -0.187647 0.236043 -0.115754 
 0.336791 0.350208 0.069964 
 -0.150442 -0.381110 0.000254 
 0.203949 -0.321018 -0.018800 
 -0.436904 0.254234 0.078256 
 -0.334568 0.306180 -0.046271 
 0.078200 0.212289 -0.259008 
 0.373390 -0.391942 -0.025420 
 0.073801 -0.370956 0.045243 
 0.231742 -0.088723 0.073692 
 0.147562 -0.091521 0.124265 
 -0.491840 0.237648 0.116685 
 0.018585 -0.227479 0.129097 
 0.246965 -0.335919 -0.037242 
 -0.058702 0.102322 -0.268965 
 -0.363640 0.103788 -0.176657 
 0.342426 0.023758 -0.002982 
 -0.033540 0.249089 -0.163429 
 -0.239181 -0.169044 0.043492 
 -0.265222 -0.464535 0.073188 
 0.140453 -0.490349 -0.009809 
 0.248143 -0.273155 -0.042963 
 0.307509 0.235783 0.023146 
 -0.286675 -0.180932 0.033215 
 -0.136009 0.401269 -0.027140 
 -0.441497 0.414646 0.090359 
 0.398176 0.302978 0.070199 
 -0.207281 0.386893 -0.006656 
 0.244265 -0.103518 0.063926 
 -0.130536 0.481090 0.075825 
 0.060245 -0.372593 0.050132 
 0.187565 -0.252191 0.043101 
 0.336789 -0.530606 -0.029393 
 -0.528072 0.025138 0.160923 
 0.260107 -0.173796 0.004589 
 -0.040605 -0.454149 0.025805 
 0.415917 -0.054808 -0.013776 
 -0.260979 0.253469 -0.123507 
 0.010762 -0.608859 0.080798 
 0.388937 0.676203 0.121667 
 -0.264579 0.211159 -0.132218 
 0.208302 -0.600816 -0.030797 
 0.220971 0.127090 0.066522 
 -0.119214 0.223061 -0.142708 
 -0.254244 0.411829 0.062493 
 0.352713 -0.516402 -0.030483 
 -0.388706 0.400545 0.068390 
 0.428892 0.155254 0.016457 
 0.182646 -0.477024 -0.020681 
 -0.051716 0.047860 -0.297288 
 0.120594 -0.141153 0.153983 
 0.368452 -0.098934 -0.009706 
 0.076819 -0.225753 0.109459 
 0.349383 0.718933 0.147088 
 0.044325 0.018019 -0.327463 
 0.333703 0.704267 0.149255 
 -0.292686 -0.349863 0.045698 
 -0.175793 0.193194 -0.131332 
 -0.053878 -0.392254 0.024017 
 0.340881 0.247368 0.038482 
 0.498333 -0.106838 0.002558 
 0.152892 -0.538963 -0.005317 
 0.268418 0.616275 0.144597 
 0.351075 0.572209 0.104775 
 0.259082 0.779196 0.148133 
 0.311052 -0.199762 -0.043459 
 0.294427 -0.113700 0.010093 
 0.253873 0.393992 0.110176 
 0.247312 -0.335954 -0.037244 
 -0.125599 -0.080478 -0.191728 
 0.290582 0.483780 0.123151 
 0.361910 0.482682 0.098919 
 -0.414549 0.400338 0.077789 
 -0.100105 -0.309325 0.004584 
 -0.018302 0.442954 -0.043383 
 -0.095545 0.290266 -0.107620 
 -0.477995 0.284095 0.089232 
 -0.033507 0.429227 -0.041867 
 -0.085881 -0.403776 0.017462 
 0.091302 -0.225745 0.104548 
 0.320460 -0.258651 -0.063496 
 -0.423001 -0.139748 0.112595 
 -0.164357 0.023447 -0.184017 
 -0.278612 0.209955 -0.127576 
 -0.252086 -0.154462 0.052543 
 -0.035948 0.415229 -0.056361 
 -0.343532 0.384228 0.072520 
 0.318478 0.778807 0.138836 
 0.209594 -0.585886 -0.027579 
 0.435188 -0.632030 0.050164 
 -0.470005 0.414708 0.100270 
 0.237768 0.017189 0.089837 
 0.141902 -0.182772 0.113249 
 0.233462 0.205403 0.039773 
 -0.275440 -0.256585 0.031073 
 -0.013574 -0.010001 -0.314917 
 -0.088775 0.109635 -0.196509 
 -0.199014 0.265208 -0.103817 
 -0.215293 -0.258525 0.022554 
 0.125904 -0.475347 -0.001087 
 -0.228135 -0.227994 0.034880 
 0.408842 0.081319 0.004271 
 0.104487 -0.536188 -0.011460 
 -0.350875 0.278414 -0.048467 
 -0.267911 -0.024345 0.106663 
 0.237850 -0.570162 -0.042445 
 -0.244230 0.265485 -0.100672 
 0.008752 0.279972 -0.180886 
 0.193580 -0.519712 -0.037028 
 0.413576 0.480530 0.116411 
 -0.436609 0.223245 0.092454 
 -0.245384 -0.081537 0.071277 
 -0.505240 0.326823 0.087673 
 -0.367270 -0.121373 0.076933 
 0.092191 -0.341349 0.048346 
 -0.177025 0.037736 -0.175981 
 -0.450314 -0.141369 0.134459 
 0.260758 -0.334458 -0.042115 
 0.266721 0.264133 0.046881 
 0.144964 -0.121482 0.117165 
 0.369518 0.394326 0.071240 
 -0.124567 0.024081 -0.208976 
 -0.236379 -0.364555 0.024721 
 -0.024235 -0.504846 0.039680 
 0.043765 0.047621 -0.329616 
 0.041495 0.253150 -0.234255 
 0.426205 -0.177826 -0.017786 
 0.223862 -0.507015 -0.043013 
 0.341029 -0.021533 -0.002810 
 0.134047 -0.600681 -0.005310 
 -0.100255 0.329170 -0.059537 
 -0.468306 0.428938 0.103791 
 -0.317092 0.239346 -0.106400 
 0.025618 0.145692 -0.296901 
 0.482653 0.057238 0.053468 
 -0.291041 0.225274 -0.119308 
 0.394624 -0.222570 -0.018230 
 0.001743 0.447074 -0.095565 
 -0.360006 0.145721 -0.165857 
 -0.173759 0.235835 -0.120181 
 0.048800 0.228617 -0.267019 
 -0.090993 0.429544 -0.033912 
 -0.406554 -0.079496 0.102522 
 -0.288672 0.253471 -0.112068 
 0.033340 0.377292 -0.149365 
 0.297019 0.924185 0.224369 
 -0.356387 0.251393 -0.067040 
 -0.459831 -0.034586 0.132148 
 -0.210377 -0.410445 0.012052 
 0.326220 0.646150 0.122809 
 -0.328384 -0.474925 0.148918 
 -0.079790 0.401056 -0.045928 
 0.073577 -0.384208 0.030907 
 -0.068567 -0.325001 0.012318 
 0.180777 -0.505021 -0.028314 
 0.429807 0.362980 0.066852 
 -0.356111 0.007656 0.110560 
 -0.526788 0.118824 0.128602 
 -0.293805 0.358218 0.013541 
 -0.151539 -0.034179 -0.182096 
 -0.262184 -0.096000 0.072342 
 -0.339497 0.315676 0.019108 
 -0.389167 -0.003877 0.105586 
 0.180904 -0.650862 0.069906 
 -0.335912 0.019209 0.141988 
 0.309698 -0.215255 -0.047254 
 0.010596 0.131261 -0.294164 
 0.315496 0.690128 0.138805 
 -0.006041 0.236611 -0.187133 
 -0.131839 -0.320748 -0.000120 
 0.495886 0.135498 0.037178 
 0.262318 0.436842 0.141582 
 0.264048 -0.027829 0.068610 
 0.014265 0.173543 -0.283364 
 -0.094869 -0.249181 0.019557 
 0.339707 -0.036724 -0.006607 
 -0.347714 -0.320528 0.073110 
 -0.387893 -0.340820 0.114306 
 -0.475693 0.343659 0.081939 
 -0.455663 0.413238 0.095561 
 0.156252 -0.365047 -0.015571 
 -0.505054 -0.129835 0.179122 
 0.394441 0.790793 0.199309 
 0.296995 -0.473213 -0.070235 
 -0.100486 0.027774 -0.239237 
 -0.077705 0.001112 -0.266856 
 -0.276463 -0.095997 0.077149 
 0.192396 -0.291433 -0.006318 
 0.129564 -0.415722 0.015033 
 -0.053823 0.158472 -0.251916 
 -0.205353 0.453176 0.081220 
 0.304039 -0.258072 -0.058621 
 0.447167 0.152932 0.034590 
 -0.358656 -0.374493 0.119301 
 -0.297714 0.169218 -0.144627 
 -0.357320 -0.359176 0.123091 
 -0.504484 0.357767 0.095018 
 0.007212 0.405702 -0.132763 
 -0.072050 -0.434794 0.017510 
 0.353313 0.631524 0.109276 
 -0.112442 -0.155127 -0.193406 
 0.306360 -0.258307 -0.058630 
 0.317884 0.051964 0.025886 
 0.221928 0.111059 0.073910 
 0.345437 -0.635851 0.018567 
 -0.140628 0.136703 -0.159369 
 0.033344 0.106154 -0.331903 
 -0.053938 0.372494 -0.062645 
 -0.250789 0.211157 -0.136552 
 -0.437852 0.208867 0.089320 
 -0.346115 -0.453962 0.125707 
 0.278775 0.249568 0.036581 
 -0.229945 0.222650 -0.116237 
 0.277404 0.081483 0.047450 
 0.308384 -0.230368 -0.051047 
 -0.053523 0.386834 -0.058982 
 -0.235188 -0.413278 0.042964 
 0.276812 0.436829 0.138085 
 -0.410783 0.054082 0.129899 
 0.275008 0.719437 0.162837 
 -0.188007 -0.258398 0.012932 
 -0.054447 -0.213589 0.074405 
 -0.351994 0.314652 0.031817 
 0.424106 -0.207612 -0.025424 
 0.041897 -0.010066 -0.332775 
 -0.331077 -0.390460 0.105792 
 -0.040949 -0.010970 -0.305670 
 -0.132701 -0.464806 0.028727 
 -0.497853 0.102997 0.127996 
 -0.397653 0.187993 -0.140580 
 -0.322078 0.060118 -0.190520 
 -0.380012 0.268605 0.063472 
 0.091400 -0.519045 -0.002737 
 0.276807 0.018809 0.054027 
 -0.256680 0.279610 -0.092384 
 -0.333589 0.116547 -0.171465 
 -0.241749 -0.198609 0.036494 
 -0.376803 0.148376 -0.182954 
 0.015191 0.349164 -0.151965 
 0.069283 -0.412090 0.023292 
 0.295818 -0.097837 0.013851 
 -0.389641 0.141343 0.147688 
 0.066692 0.307548 -0.191648 
 0.316101 0.278026 0.055728 
 -0.543084 -0.005498 0.169154 
 -0.439582 0.085686 0.125334 
 -0.231176 -0.242013 0.019021 
 0.276008 0.482658 0.125547 
 -0.099199 -0.390138 0.028041 
 0.425020 -0.208716 -0.025431 
 -0.472138 0.401309 0.084883 
 -0.085605 -0.403810 0.019397 
 -0.290857 0.335069 -0.052990 
 -0.335375 -0.092961 0.074813 
 0.015418 0.004003 -0.320563 
 -0.431967 0.371885 0.075163 
 0.301315 0.866032 0.193609 
 0.287638 -0.302573 -0.064877 
 -0.128017 -0.276697 0.011420 
 0.440784 0.064131 0.011769 
 0.318596 0.558239 0.099990 
 0.204862 -0.106328 0.100791 
 -0.335567 0.357605 0.038576 
 -0.244297 -0.227969 0.029000 
 -0.344149 -0.019574 0.098297 
 -0.197869 0.278557 -0.100184 
 0.238576 -0.504992 -0.047905 
 0.364453 -0.300589 -0.007917 
 0.184115 -0.460359 -0.017405 
 0.399097 0.480221 0.121275 
 -0.084946 0.344047 -0.059461 
 0.088106 -0.270542 0.094049 
 0.186714 -0.220608 0.038617 
 -0.114896 -0.291355 0.002424 
 -0.186735 0.034678 -0.149843 
 0.050738 0.117630 -0.311360 
 0.399896 -0.131758 -0.006874 
 0.100369 -0.415704 0.023988 
 0.111271 -0.197675 0.116718 
 0.436798 -0.042683 0.007348 
 -0.394255 0.223104 0.078988 
 -0.345046 -0.194749 0.049130 
 0.028919 0.158429 -0.281057 
 0.432484 -0.087181 -0.005340 
 0.123599 -0.458294 -0.008634 
 0.216196 -0.399681 -0.021821 
 0.096808 -0.475341 0.008709 
 0.064815 -0.539097 0.024152 
 -0.291417 -0.335210 0.049297 
 0.320343 0.910325 0.200067 
 0.290245 0.895278 0.205957 
 -0.420993 0.455062 0.119194 
 0.292994 0.234780 0.027680 
 0.288399 0.763146 0.145602 
 0.237248 0.065548 0.080078 
 -0.252974 0.198206 -0.151311 
 0.234062 -0.058960 0.081330 
 0.295808 -0.519905 -0.071194 
 -0.378418 0.223037 0.074245 
 -0.054890 0.194575 -0.184037 
 -0.179611 -0.395483 0.006151 
 -0.206968 0.194848 -0.132803 
 0.366968 0.364904 0.063682 
 0.506741 -0.034057 0.032153 
 0.039438 -0.413647 0.033074 
 -0.139503 0.149861 -0.156228 
 0.256224 -0.217339 -0.006817 
 0.211188 -0.148110 0.063118 
 0.409038 0.033714 0.013919 
 -0.263612 0.070229 -0.173063 
 -0.038826 -0.552323 0.054710 
 0.247835 0.436844 0.148331 
 -0.085291 0.247665 -0.123138 
 -0.380884 0.069449 0.124240 
 -0.016478 -0.038033 -0.322125 
 0.095658 -0.444008 0.005876 
 0.032538 0.075658 -0.317798 
 0.302504 0.052061 0.030755 
 0.324468 -0.276685 -0.046425 
 0.196156 0.015467 0.114532 
 -0.265942 -0.394039 0.035156 
 0.291398 0.019221 0.049149 
 0.044680 0.047737 -0.329619 
 -0.200037 0.048943 -0.141518 
 -0.435661 0.298412 0.078763 
 -0.261243 0.454049 0.100165 
 0.315891 0.498867 0.095791 
 0.079846 -0.458275 0.008031 
 0.281094 0.263805 0.040344 
 -0.317708 -0.403647 0.097141 
 0.061394 -0.240701 0.109248 
 -0.333035 -0.420272 0.108892 
 0.138053 -0.538993 -0.000405 
 0.258998 0.368719 0.065691 
 0.278739 0.096763 0.051861 
 0.274746 -0.624690 -0.010896 
 -0.075852 -0.104255 -0.249659 
 0.253594 -0.473224 -0.055330 
 0.225769 0.000408 0.101496 
 0.357006 0.806848 0.170070 
 -0.434777 -0.110335 0.126282 
 0.437867 0.258636 0.046268 
 0.168370 -0.046846 0.141440 
 0.041393 -0.253158 0.090475 
 -0.336817 -0.092815 0.074818 
 -0.070876 -0.038147 -0.303627 
 -0.439569 0.085842 0.124632 
 -0.522757 0.286196 0.081080 
 -0.170894 0.108399 -0.155972 
 0.294892 0.837768 0.164366 
 -0.436054 -0.092841 0.108376 
 0.004017 -0.570682 0.046620 
 -0.220287 0.438056 0.082262 
 0.260280 0.688766 0.168930 
 0.240294 -0.458366 -0.046593 
 0.277913 0.249655 0.036585 
 0.387458 0.836381 0.167942 
 -0.265793 -0.331067 0.018240 
 0.150608 0.388748 -0.150871 
 -0.059288 -0.435139 0.012648 
 -0.220332 0.437611 0.082261 
 -0.023874 0.185906 -0.255198 
 -0.377919 -0.079072 0.092934 
 0.231383 -0.103686 0.069871 
 0.326873 -0.184701 -0.044532 
 -0.250646 -0.139887 0.056289 
 -0.440724 0.085957 0.125339 
 0.243853 0.367866 0.070517 
 -0.095975 -0.262206 0.015894 
 -0.359007 0.289335 -0.006465 
 -0.423270 -0.139724 0.113981 
 -0.011537 -0.406114 0.005629 
 -0.174861 0.452266 0.082141 
 0.291101 -0.609720 -0.013142 
 0.383466 0.703103 0.155573 
 -0.052462 -0.376236 0.030136 
 -0.083316 -0.374282 0.027177 
 0.300671 0.600330 0.153503 
 -0.153000 -0.005813 -0.196218 
 -0.231330 -0.534463 0.101209 
 0.051795 0.212176 -0.248761 
 0.358549 -0.360621 -0.023229 
 0.117621 -0.124275 0.137020 
 -0.144981 -0.306286 0.008469 
 0.031794 -0.339442 0.056599 
 0.315120 0.600324 0.148012 
 -0.330215 0.253500 -0.096907 
 0.362051 -0.172765 -0.029560 
 -0.322015 0.019347 0.137176 
 0.227405 -0.605131 -0.014093 
 0.170377 -0.281916 0.039096 
 0.418397 -0.086701 -0.000449 
 -0.408827 0.223273 0.083726 
 -0.379332 0.268537 0.063237 
 0.214046 -0.460450 -0.026658 
 -0.413556 0.110788 -0.217074 
 -0.333116 -0.337316 0.074387 
 -0.423728 0.441621 0.115526 
 -0.181817 -0.395635 0.006158 
 0.305048 0.734003 0.154918 
 0.065785 -0.475142 0.018513 
 0.005623 -0.473079 0.027826 
 0.388140 -0.039707 0.001390 
 -0.211997 0.411814 0.048330 
 0.368039 0.319082 0.073788 
 -0.495870 -0.203219 0.155778 
 0.242219 -0.380258 -0.048757 
 0.315585 0.689599 0.138803 
 0.393051 -0.300533 -0.018908 
 0.064202 -0.571378 0.026941 
 -0.381169 0.200792 -0.132343 
 0.463532 -0.166420 -0.002931 
 -0.382206 0.200894 -0.131330 
 -0.475492 0.312923 0.096585 
 0.108086 -0.326489 0.047275 
 0.172956 -0.252179 0.047189 
 -0.019548 0.249904 -0.167963 
 0.431002 -0.102012 -0.009153 
 0.462951 0.060108 0.038399 
 -0.004223 0.443470 -0.047608 
 0.390801 0.748469 0.188493 
 -0.427571 0.025023 0.127406 
 0.000260 0.255705 -0.220334 
 -0.163531 0.193351 -0.135187 
 0.437865 0.198143 0.050875 
 -0.125731 0.358334 -0.043511 
 -0.154468 0.136705 -0.155197 
 0.121393 -0.224611 0.094725 
 -0.534160 0.329144 0.097091 
 0.426332 -0.193624 -0.021613 
 -0.143919 0.094190 -0.170769 
 -0.439192 0.085802 0.125333 
 -0.415547 0.355558 0.088701 
 0.159511 0.332679 -0.180861 
 -0.047694 -0.064582 -0.330290 
 -0.329004 0.267533 -0.094512 
 -0.104288 -0.014508 -0.250525 
 0.314897 -0.555496 -0.052829 
 -0.151721 -0.218072 0.036084 
 -0.497282 -0.170430 0.141355 
 -0.097073 -0.570995 0.081040 
 0.019548 -0.312071 0.069541 
 -0.364775 -0.092551 0.084405 
 0.078148 -0.554203 0.015412 
 0.317327 0.543587 0.096574 
 -0.301287 0.267584 -0.103802 
 -0.168278 -0.624351 0.136274 
 0.234085 -0.306196 -0.026616 
 -0.346362 0.033663 0.150544 
 0.364325 -0.205594 -0.016277 
 -0.359676 0.130580 -0.160544 
 0.207427 0.111061 0.081039 
 -0.277925 0.320877 -0.061291 
 -0.063818 0.155069 -0.227092 
 0.334458 0.718992 0.152302 
 -0.174647 0.065285 -0.168712 
 0.339450 0.156518 0.037076 
 0.025433 -0.609531 0.075101 
 0.259183 -0.072277 0.057712 
 -0.024733 -0.391015 0.014198 
 0.318433 0.081450 0.022900 
 -0.427844 0.056844 0.112927 
 -0.238388 -0.346078 0.005601 
 0.028810 -0.646303 0.099480 
 0.402799 -0.038550 -0.005090 
 0.367499 -0.530610 -0.039260 
 -0.058591 -0.256291 0.053884 
 0.450046 -0.088775 0.001659 
 -0.105954 -0.594606 0.124202 
 -0.099699 -0.355748 0.014451 
 -0.108183 -0.575166 0.107007 
 -0.164764 -0.113991 -0.152955 
 0.236208 0.111071 0.070252 
 -0.443017 0.042326 0.114168 
 -0.112360 -0.487858 0.062231 
 0.306663 0.808036 0.152473 
 -0.054293 0.374289 -0.062638 
 -0.120808 0.067294 -0.198114 
 0.029323 0.003981 -0.324541 
 0.305291 0.542894 0.110541 
 0.039250 -0.182709 0.146483 
 -0.009321 -0.458055 0.036315 
 -0.370232 0.428890 0.071011 
 0.279524 0.049893 0.061636 
 -0.113207 0.247452 -0.113866 
 -0.062410 -0.625892 0.112154 
 -0.436291 -0.092812 0.106485 
 -0.241019 0.279423 -0.097049 
 -0.190305 0.400223 0.001643 
 -0.102978 -0.000875 -0.246905 
 -0.331408 -0.356016 0.091994 
 -0.178823 -0.364576 0.001529 
 0.100861 -0.384029 0.019771 
 0.440428 0.288177 0.053659 
 -0.067200 0.004218 -0.292812 
 0.285419 -0.442763 -0.057716 
 -0.268303 0.412067 0.067222 
 0.050531 -0.409767 0.007088 
 0.020209 -0.473086 0.022688 
 0.410133 0.273504 0.058446 
 0.292581 0.451571 0.137212 
 -0.306167 0.071590 -0.170349 
 -0.019641 -0.380105 0.038837 
 0.005777 0.075593 -0.308062 
 -0.128064 0.121412 -0.168164 
 -0.243217 0.034779 -0.130289 
 0.348862 0.380590 0.051148 
 -0.163656 0.401089 -0.017749 
 -0.180919 -0.410528 0.003056 
 -0.082000 -0.055264 -0.281319 
 -0.070176 0.261244 -0.124253 
 0.242869 -0.428668 -0.038870 
 0.433136 0.538896 0.126713 
 -0.159517 0.079390 -0.169741 
 0.229075 -0.250451 0.016311 
 -0.104451 0.190911 -0.133124 
 -0.286056 0.143717 -0.156488 
 0.197214 -0.047150 0.121007 
 -0.327157 -0.460732 0.154588 
 -0.218968 -0.287636 0.015444 
 0.348395 0.482595 0.103762 
 -0.022087 0.250162 -0.168082 
 0.250946 0.111041 0.064305 
 0.242870 -0.428669 -0.038628 
 -0.526254 0.103017 0.136474 
 -0.240078 0.293591 -0.093694 
 0.367166 -0.113743 -0.014083 
 0.421213 0.006018 0.001440 
 0.112804 -0.475490 0.003805 
 0.388268 -0.551982 -0.017076 
 0.389023 -0.376987 -0.027168 
 0.249608 -0.228603 -0.031575 
 -0.360133 -0.241481 0.063715 
 0.020161 -0.473553 0.022710 
 0.274108 0.515338 0.114062 
 0.087715 0.200306 -0.288594 
 0.277002 0.881318 0.217911 
 -0.356510 -0.359454 0.123087 
 -0.542521 0.009192 0.172893 
 0.055919 0.172633 -0.286546 
 -0.266623 0.307741 -0.079237 
 -0.388007 -0.018655 0.101845 
 0.276036 0.205446 0.024423 
 0.432664 0.478682 0.132887 
 -0.218969 0.453132 0.086240 
 0.433185 0.479732 0.132888 
 0.209337 0.078882 0.093635 
 -0.427452 0.414635 0.086158 
 -0.144281 0.094541 -0.170767 
 0.078149 -0.473080 0.003146 
 -0.081129 0.179128 -0.167612 
 -0.211975 0.412022 0.048331 
 0.321913 -0.081083 -0.013118 
 0.285340 -0.443541 -0.057916 
 0.338222 0.142268 0.033196 
 0.342335 0.645968 0.117857 
 0.020565 0.391468 -0.141064 
 0.306625 0.451608 0.132174 
 -0.167641 -0.247469 0.033168 
 -0.083696 0.085543 -0.240528 
 0.283494 -0.183212 -0.029930 
 0.019317 -0.225827 0.129100 
 0.176691 -0.093125 0.114438 
 0.157015 -0.151378 0.104040 
 0.095778 -0.442820 0.005879 
 -0.298306 -0.150429 0.045487 
 0.256170 -0.443527 -0.047241 
 0.225299 0.014746 0.105319 
 0.094374 0.389544 -0.143271 
 0.447625 0.478630 0.128859 
 -0.137327 -0.218081 0.031432 
 -0.049056 0.221527 -0.166037 
 0.096612 -0.197651 0.122775 
 0.442260 -0.178434 -0.022691 
 -0.152092 0.009323 -0.192579 
 -0.198274 -0.214588 0.030998 
 -0.355911 0.009640 0.110566 
 -0.245354 0.051817 -0.150673 
 0.058340 0.046619 -0.334241 
 0.283811 -0.538950 -0.049517 
 -0.466956 0.131894 0.124298 
 -0.006042 0.414319 -0.054944 
 -0.267884 0.293299 -0.084103 
 0.080651 -0.212589 0.123576 
 -0.330886 -0.374012 0.109589 
 -0.217386 -0.584406 0.105984 
 -0.389679 0.311605 0.079236 
 0.206123 -0.292926 -0.011198 
 0.305556 -0.095880 -0.012043 
 -0.377104 0.113046 0.135436 
 0.327107 -0.022009 0.002052 
 0.303546 -0.008741 0.036668 
 -0.476472 -0.145352 0.165699 
 -0.402777 -0.243587 0.088895 
 0.451191 0.182404 0.042191 
 0.317615 0.422194 0.119744 
 -0.209492 -0.344203 -0.004763 
 -0.482737 0.132062 0.128974 
 0.018906 -0.309648 0.069550 
 0.242979 0.322842 0.069742 
 -0.334362 0.425120 0.116461 
 0.388337 -0.504683 -0.017750 
 0.197097 -0.443417 -0.028364 
 -0.086023 -0.687520 0.183899 
 0.273231 -0.428804 -0.049018 
 0.359980 0.674908 0.131422 
 -0.077163 0.001061 -0.268226 
 -0.039343 -0.670742 0.162321 
 0.277635 -0.027741 0.065198 
 0.408065 -0.459785 -0.009217 
 0.290596 0.483910 0.123151 
 0.290466 -0.641946 -0.011448 
 -0.160846 -0.498504 0.051228 
 -0.376616 -0.046108 0.089600 
 -0.347426 0.116560 -0.166840 
 -0.032251 0.198133 -0.225522 
 0.345836 -0.250525 -0.023109 
 0.395940 0.807698 0.203644 
 -0.437300 0.146326 0.120119 
 -0.160844 -0.498506 0.051974 
 -0.191124 -0.007846 -0.160101 
 -0.278502 0.071571 -0.178453 
 0.248464 -0.012741 0.077323 
 -0.102243 0.219332 -0.125832 
 -0.106873 -0.560144 0.112393 
 0.167377 -0.619259 0.001790 
 0.003455 0.033401 -0.319368 
 -0.067623 -0.653978 0.176193 
 -0.048099 0.089649 -0.287132 
 0.009190 0.115367 -0.297770 
 -0.277671 0.320702 -0.061293 
 0.160089 0.332620 -0.180863 
 0.144695 -0.383377 0.006455 
 -0.093570 -0.234240 0.023425 
 -0.079223 0.018031 -0.284584 
 0.421851 -0.397232 -0.019462 
 0.211305 -0.032070 0.122369 
 -0.545585 -0.034540 0.161680 
 -0.277663 0.320856 -0.063416 
 -0.029740 -0.038079 -0.317502 
 -0.005532 0.391310 -0.131742 
 0.299408 0.585609 0.152966 
 0.191431 -0.207581 0.053961 
 -0.419202 -0.095972 0.124652 
 0.267891 0.278821 0.048946 
 0.461690 0.076203 0.031709 
 0.085830 -0.152877 0.139303 
 0.273770 -0.072287 0.053050 
 0.139647 0.402798 -0.143943 
 -0.005709 0.361203 -0.116786 
 0.281100 0.924345 0.229209 
 -0.392724 0.097672 0.137039 
 -0.279722 0.057490 -0.181657 
 -0.264484 0.373208 0.007810 
 0.394845 -0.190177 -0.022247 
 0.261063 0.793715 0.151877 
 -0.170637 0.412594 0.023271 
 -0.217946 -0.549038 0.092494 
 0.010681 -0.609651 0.080796 
 0.246219 0.719457 0.171329 
 0.439369 -0.012982 0.014073 
 0.408291 -0.444670 -0.004987 
 -0.420328 0.282891 0.083211 
 0.026815 -0.383878 0.045594 
 -0.161885 -0.335286 0.005620 
 0.144492 -0.152916 0.121079 
 0.346850 0.895329 0.186653 
 0.236460 0.111234 0.070252 
 -0.299116 -0.474448 0.140976 
 0.393257 -0.205984 -0.026061 
 0.291910 0.109970 0.040191 
 -0.126179 -0.094762 -0.195382 
 -0.449637 0.283970 0.079799 
 0.177129 -0.091709 0.114441 
 0.186296 -0.624639 0.018752 
 -0.265820 -0.381034 0.038922 
 -0.344068 0.253511 -0.093532 
 0.243203 -0.201314 0.001868 
 -0.397658 0.187998 -0.142072 
 -0.182241 -0.624337 0.141216 
 -0.146573 0.452244 0.074509 
 -0.005205 0.279315 -0.176658 
 0.015923 -0.354286 0.058686 
 -0.190669 0.453704 0.076484 
 -0.161820 0.008145 -0.166482 
 -0.083022 -0.325032 0.017165 
 -0.038465 -0.261609 0.078823 
 0.062268 0.391443 -0.154162 
 0.279452 0.049229 0.060343 
 0.207925 0.141828 0.076929 
 0.493189 -0.003672 0.044744 
 -0.003256 -0.036634 -0.337366 
 -0.204308 0.386594 -0.007328 
 0.368807 -0.500546 -0.030756 
 0.314921 -0.155187 -0.032081 
 -0.473253 0.371828 0.090447 
 -0.487071 -0.052159 0.161870 
 -0.083946 -0.519683 0.056019 
 0.320006 -0.321933 -0.057834 
 0.020089 -0.210473 0.132932 
 0.315406 0.022416 0.018301 
 0.321911 0.234752 0.018310 
 0.306814 -0.081338 -0.008251 
 0.090866 0.279373 -0.208830 
 0.263988 0.173679 0.043819 
 -0.025026 -0.489768 0.033570 
 0.319893 -0.464458 -0.040200 
 0.374534 -0.345254 -0.024102 
 0.336798 -0.530458 -0.030741 
 0.284876 0.322952 0.055419 
 -0.244533 0.019777 -0.134779 
 0.277306 -0.143305 0.005635 
 -0.206741 -0.481680 0.049917 
 -0.395670 -0.154353 0.100618 
 -0.452756 0.131885 0.119776 
 -0.139402 -0.247431 0.023517 
 0.408588 -0.380816 -0.011479 
 0.188895 -0.121503 0.101314 
 -0.218785 0.453114 0.085954 
 -0.128230 -0.502702 0.064466 
 0.379958 0.572778 0.095294 
 0.195428 -0.046282 0.121016 
 -0.120790 0.415365 -0.029731 
 0.208359 0.110969 0.079979 
 -0.119317 -0.335250 -0.008707 
 -0.506036 0.284947 0.098668 
 0.372174 -0.470687 -0.023885 
 -0.000977 -0.236700 0.108994 
 0.335500 0.111147 0.025616 
 0.078128 0.279264 -0.203769 
 -0.183967 0.278498 -0.104848 
 -0.305372 -0.271162 0.037354 
 0.300673 0.600328 0.154029 
 0.049437 -0.209909 0.123110 
 -0.262786 -0.110660 0.068844 
 0.290195 -0.273028 -0.058643 
 -0.075953 -0.611678 0.120397 
 -0.125426 0.151532 -0.160888 
 0.336012 0.232593 0.013471 
 0.108929 -0.443300 0.000991 
 0.390269 -0.362555 -0.022671 
 -0.366592 0.051614 0.126566 
 0.232064 0.422105 0.148653 
 -0.376518 -0.047702 0.089594 
 -0.337551 0.344250 0.023973 
 -0.201901 0.006957 -0.141715 
 -0.178638 0.179514 -0.134960 
 -0.494231 0.209930 0.108451 
 -0.107655 -0.234536 0.028257 
 -0.124015 0.024832 -0.208976 
 -0.220397 -0.302230 0.011302 
 0.396812 0.287368 0.067102 
 -0.425528 -0.168936 0.105972 
 0.285617 0.585560 0.154434 
 -0.117435 -0.320659 -0.004770 
 -0.451814 -0.170698 0.126904 
 0.224431 -0.555903 -0.033707 
 0.045042 0.446212 -0.109604 
 0.137721 -0.490073 -0.009584 
 0.340808 -0.023718 -0.002816 
 0.146524 -0.138058 0.123351 
 -0.579140 0.208176 0.136861 
 0.250917 0.450820 0.162351 
 -0.331028 -0.389972 0.105793 
 -0.123228 0.387121 -0.035497 
 -0.223335 0.166329 -0.135907 
 -0.406132 -0.110575 0.116336 
 -0.039307 -0.670371 0.161866 
 -0.228811 0.019122 -0.129177 
 0.077035 -0.650803 0.105087 
 -0.252736 0.307733 -0.084042 
 -0.073048 0.137631 -0.193905 
 0.202528 -0.220932 0.033720 
 0.316975 0.511674 0.099552 
 0.226599 -0.279868 0.008685 
 0.511307 0.057282 0.044673 
 0.015882 -0.354280 0.058107 
 0.235207 0.111172 0.070256 
 0.292582 0.173695 0.033573 
 -0.114561 -0.635582 0.172850 
 -0.413587 -0.214456 0.101219 
 -0.088125 0.123829 -0.192108 
 -0.438988 0.443510 0.098195 
 0.262472 -0.258132 -0.044031 
 -0.463402 -0.126746 0.142445 
 -0.366889 0.486811 0.074672 
 -0.226083 0.411816 0.052072 
 0.202918 -0.626842 0.023044 
 0.237467 -0.013614 0.092788 
 0.321985 0.763376 0.156554 
 0.368816 0.571024 0.121587 
 0.120989 0.389656 -0.152240 
 -0.273412 -0.454419 0.103101 
 0.342433 0.023752 -0.001231 
 -0.176768 -0.024793 -0.158393 
 0.390736 -0.009739 0.007392 
 0.291705 0.496988 0.126925 
 0.169776 -0.475378 -0.015783 
 0.331329 0.206566 -0.004659 
 -0.328997 0.267602 -0.094486 
 -0.419106 -0.078437 0.107313 
 -0.381575 0.038088 0.127624 
 -0.070563 0.166239 -0.186776 
 0.208549 -0.178461 0.055684 
 0.123421 -0.538932 0.006123 
 -0.262812 -0.110911 0.068592 
 -0.300996 0.253332 -0.107428 
 0.335612 0.289369 0.075934 
 0.197657 0.045313 0.122757 
 0.320149 0.733999 0.150089 
 0.197773 -0.443973 -0.028368 
 -0.518388 -0.097480 0.169738 
 -0.533276 0.329055 0.097087 
 -0.372192 -0.004157 0.100788 
 0.370372 0.570867 0.121236 
 -0.359804 -0.406436 0.122411 
 -0.144928 0.094292 -0.170765 
 -0.269200 -0.039183 0.102964 
 0.498048 -0.091770 0.006392 
 0.393245 -0.205983 -0.026061 
 -0.283142 0.170070 -0.149266 
 -0.189478 0.467488 0.081177 
 -0.083556 0.086612 -0.240526 
 0.268422 0.616271 0.145814 
 0.010999 -0.266951 0.096206 
 0.273463 0.674508 0.160330 
 0.266305 -0.568731 -0.052260 
 -0.306075 -0.239705 0.023060 
 0.177600 -0.535406 -0.035950 
 0.015902 0.033525 -0.323456 
 -0.308359 0.293513 -0.070133 
 0.349078 0.234903 0.008649 
 0.293689 -0.290211 -0.040464 
 -0.110635 -0.657430 0.202072 
 -0.296549 0.184238 -0.141009 
 -0.155556 -0.262256 0.024582 
 -0.395280 0.427133 0.101641 
 0.415725 -0.117360 -0.008077 
 -0.288547 0.115068 -0.163720 
 -0.386139 -0.229091 0.089913 
 0.261140 0.235989 0.027003 
 -0.177852 0.438731 0.068430 
 0.376516 0.036971 0.002622 
 0.314493 -0.154831 -0.032078 
 -0.148920 0.401007 -0.022448 
 0.253609 0.031675 0.089496 
 0.461981 -0.181307 -0.005200 
 -0.278297 -0.349870 0.040118 
 -0.049817 0.221604 -0.165705 
 -0.377342 0.148572 -0.182952 
 0.386098 -0.470613 -0.029961 
 -0.105467 -0.205155 0.035033 
 -0.359016 0.289342 -0.008797 
 0.235596 -0.291413 -0.020952 
 0.117411 0.236694 -0.229047 
 0.057563 0.253278 -0.228527 
 0.271331 0.866170 0.203267 
 -0.481007 0.149780 0.121752 
 0.344984 0.053259 0.004589 
 0.260428 0.191503 0.026344 
 0.116635 0.236773 -0.229044 
 -0.389256 0.280718 0.093981 
 0.220483 -0.534630 -0.050640 
 -0.224637 -0.394862 0.010027 
 -0.027505 0.144008 -0.266012 
 0.421128 0.005172 0.001438 
 -0.433872 -0.047575 0.108747 
 -0.320554 0.019199 0.137171 
 -0.375721 0.260941 -0.010433 
 0.128188 -0.640967 0.043939 
 -0.084924 0.344048 -0.060572 
 -0.317704 -0.403650 0.098128 
 0.287045 0.704891 0.152225 
 0.448452 0.152631 0.034585 
 0.155666 -0.282928 0.043651 
 -0.054036 -0.089022 -0.359125 
 -0.005713 0.361206 -0.117710 
 -0.217980 -0.549341 0.091480 
 0.003359 0.003836 -0.315945 
 -0.081117 0.274979 -0.105142 
 -0.363446 -0.063636 0.091884 
 0.372140 -0.519671 -0.014738 
 0.319826 -0.479490 -0.044033 
 0.210734 0.000460 0.106396 
 -0.131951 0.094379 -0.175426 
 -0.304833 0.226598 -0.114660 
 0.449090 0.555279 0.125644 
 -0.230853 -0.259028 0.027370 
 -0.148968 0.401012 -0.022448 
 -0.239709 0.182984 -0.148747 
 0.066174 0.145740 -0.309035 
 0.284067 -0.458249 -0.061531 
 0.423283 0.760026 0.193334 
 0.143389 -0.398398 0.002642 
 0.386733 0.200519 0.033766 
 -0.004896 0.279282 -0.176232 
 -0.279724 0.057492 -0.182076 
 -0.272852 -0.226828 0.038617 
 -0.462889 0.329561 0.073571 
 -0.461458 0.312643 0.091868 
 -0.016907 -0.611714 0.101283 
 -0.363467 -0.077535 0.088144 
 0.260355 0.190781 0.026187 
 -0.039690 -0.585745 0.057601 
 0.297342 -0.473350 -0.070237 
 -0.517806 0.343305 0.095304 
 0.293868 0.909698 0.222486 
 0.061055 -0.240670 0.110541 
 0.020155 -0.424563 0.014101 
 -0.092773 0.415342 -0.037168 
 0.370666 0.660777 0.111901 
 0.318791 -0.110564 -0.021533 
 -0.152377 -0.065913 -0.178709 
 -0.178207 0.023449 -0.179617 
 0.329697 0.852134 0.180192 
 -0.226104 -0.183652 0.037282 
 0.224635 -0.553896 -0.033599 
 0.406859 -0.459664 -0.009213 
 0.314085 0.394120 0.090781 
 -0.136909 0.179551 -0.148953 
 -0.368503 0.285994 0.029648 
 -0.138152 -0.019253 -0.204524 
 0.293063 -0.129296 0.006241 
 -0.535292 0.224879 0.126351 
 0.121419 -0.341188 0.038180 
 0.289562 -0.337366 -0.051881 
 -0.403605 -0.291101 0.099120 
 0.072743 0.186638 -0.287572 
 0.319941 0.573616 0.103881 
 0.269839 -0.232192 -0.015499 
 -0.081817 -0.657348 0.191681 
 -0.445126 0.372632 0.079866 
 0.282845 0.394671 0.100484 
 -0.178188 -0.479484 0.040194 
 0.265663 0.002412 0.076241 
 0.403211 -0.425572 -0.022208 
 0.105506 -0.356225 0.039232 
 -0.299780 0.347554 -0.022862 
 0.265464 0.249678 0.041411 
 0.334254 0.572888 0.097442 
 -0.447872 -0.095996 0.134836 
 -0.129287 -0.291348 0.007708 
 0.263174 -0.027741 0.068613 
 0.285621 0.735021 0.138102 
 0.087941 -0.645374 0.079630 
 -0.137121 0.039290 -0.200685 
 0.448579 0.152789 0.034585 
 -0.321800 0.358453 0.020828 
 0.364351 -0.145800 -0.021962 
 -0.151710 -0.035868 -0.182100 
 -0.006061 -0.280097 0.086953 
 0.162972 0.376255 -0.169920 
 -0.296445 0.183781 -0.141010 
 -0.081244 0.386801 -0.049589 
 -0.330583 -0.388923 0.105795 
 -0.032410 0.198150 -0.225634 
 0.277322 0.220228 0.029044 
 0.273868 0.865913 0.203258 
 -0.176907 -0.317040 -0.006898 
 0.197231 -0.017074 0.128674 
 0.489524 -0.063536 0.028841 
 -0.209109 -0.410573 0.012047 
 0.186448 -0.252073 0.041498 
 0.297881 -0.184408 -0.035104 
 0.284873 0.322952 0.055419 
 -0.446739 -0.031562 0.117270 
 -0.126483 -0.571784 0.090874 
 -0.545636 -0.082008 0.183121 
 0.201143 -0.350613 -0.026535 
 -0.017923 -0.626771 0.097300 
 0.255753 -0.458462 -0.051751 
 -0.316842 0.318854 -0.025474 
 0.329087 0.690201 0.133981 
 0.365579 0.035552 0.028561 
 0.395716 0.805546 0.202031 
 -0.278506 0.071564 -0.179208 
 -0.141626 -0.555108 0.089082 
 0.078144 0.279444 -0.204177 
 -0.302307 0.158645 -0.169901 
 -0.347774 0.116595 -0.166838 
 0.271310 -0.380272 -0.059610 
 -0.119357 -0.351755 -0.001877 
 0.239017 0.031690 0.092565 
 0.177126 0.111210 0.089720 
 0.336811 -0.530468 -0.027265 
 -0.199997 -0.243889 0.021493 
 0.054822 -0.266982 0.082973 
 0.161774 -0.549564 -0.035465 
 0.326477 -0.021944 0.001811 
 -0.306712 -0.302161 0.040186 
 0.292727 0.034401 0.054781 
 -0.237656 -0.379200 0.018871 
 -0.537951 0.131937 0.147503 
 -0.006208 -0.265103 0.090772 
 -0.015933 -0.611813 0.101156 
 0.453788 -0.045344 0.011669 
 -0.229074 0.109859 -0.149926 
 0.145417 0.318380 -0.179834 
 -0.064957 0.207457 -0.165746 
 -0.454239 0.429349 0.099233 
 -0.508350 0.145866 0.142202 
 -0.495587 0.194529 0.103343 
 -0.322841 0.198319 -0.128474 
 -0.402342 -0.340812 0.119302 
 -0.200986 0.004772 -0.141724 
 -0.458627 -0.003798 0.129518 
 0.094837 -0.310920 0.055614 
 -0.211995 0.411802 0.048993 
 0.379149 -0.143374 -0.025600 
 0.476277 0.137977 0.019879 
 0.250902 0.156731 0.066145 
 -0.127538 -0.033216 -0.210920 
 0.303546 -0.430693 -0.047492 
 -0.202421 0.331976 -0.048383 
 -0.007961 -0.196067 0.146582 
 -0.132694 -0.464812 0.030696 
 -0.234776 0.334991 -0.071649 
 -0.383861 0.237116 -0.060874 
 0.248940 -0.012789 0.077321 
 -0.027374 -0.454022 0.020164 
 -0.163116 0.037735 -0.180645 
 0.085266 0.253258 -0.236773 
 -0.329908 -0.020108 0.092750 
 -0.101449 -0.030070 -0.232807 
 -0.077414 0.126391 -0.218969 
 0.306658 0.808041 0.151011 
 -0.256047 -0.198220 0.040399 
 -0.499589 0.009162 0.158511 
 0.042680 0.158114 -0.285533 
 0.306846 0.512119 0.125859 
 -0.390565 0.158278 0.131283 
 0.155220 0.290147 -0.191796 
 -0.518994 0.329506 0.092384 
 -0.179708 -0.331497 -0.010513 
 0.308367 0.096168 0.042126 
 0.379897 0.572193 0.094746 
 -0.508357 0.145795 0.142202 
 0.050856 -0.312511 0.070305 
 0.325814 0.333545 0.090944 
 -0.129151 -0.483847 0.046701 
 0.282735 0.170943 0.060207 
 -0.481422 0.194900 0.100022 
 0.411409 0.288195 0.062953 
 -0.305377 -0.271158 0.035985 
 0.304715 0.480625 0.118297 
 -0.053611 -0.553735 0.060348 
 -0.152671 0.370933 -0.029770 
 -0.518280 0.237485 0.125296 
 -0.141291 -0.155026 -0.184009 
 0.108313 0.389458 -0.147568 
 0.197216 -0.032111 0.124840 
 0.292652 -0.244550 -0.049973 
 0.105929 -0.519811 -0.007638 
 0.442121 -0.272076 -0.014423 
 0.068125 -0.281848 0.070541 
 0.378856 0.081433 0.014006 
 -0.210570 0.292491 -0.091202 
 -0.444412 -0.004412 0.124729 
 0.315960 0.276665 0.054918 
 0.255904 -0.395119 -0.057331 
 -0.326963 -0.151100 0.056041 
 -0.344534 -0.340850 0.101492 
 0.426046 -0.349340 -0.007923 
 0.033319 0.075579 -0.317709 
 -0.147168 0.221658 -0.132278 
 -0.134789 -0.188776 0.038435 
 -0.182245 -0.624424 0.142305 
 0.408870 -0.317288 -0.014892 
 0.373128 -0.391295 -0.025417 
 -0.481481 -0.203225 0.150211 
 -0.502008 -0.082952 0.168674 
 -0.155488 -0.261581 0.024584 
 0.237313 -0.015137 0.092784 
 0.213699 -0.428652 -0.028515 
 0.277271 0.497150 0.131772 
 -0.094794 -0.590310 0.098232 
 -0.452781 0.443179 0.102896 
 -0.227889 -0.012306 -0.114461 
 -0.376533 0.112132 0.135431 
 -0.182589 0.426123 0.043018 
 0.104062 -0.255420 0.091978 
 0.227215 -0.133264 0.062241 
 0.341778 -0.326624 -0.031536 
 -0.544414 -0.052121 0.179669 
 0.015919 -0.354282 0.057490 
 -0.227788 -0.071259 0.102463 
 0.390375 -0.571162 0.000046 
 -0.249757 -0.414464 0.048376 
 -0.556009 0.009119 0.177684 
 -0.081870 -0.311580 0.021866 
 -0.212912 0.062696 -0.133196 
 -0.403360 -0.355551 0.116228 
 -0.021465 0.213732 -0.247988 
 -0.004077 -0.609797 0.085740 
 0.013967 0.254438 -0.223961 
 0.293733 0.465072 0.140817 
 -0.021322 -0.279236 0.091850 
 0.242088 -0.381554 -0.048651 
 -0.127456 -0.502779 0.064003 
 -0.321580 0.212777 -0.124501 
 -0.318856 -0.319797 0.062632 
 0.452620 -0.059035 0.008294 
 -0.513230 0.057258 0.141766 
 0.176005 -0.369321 0.000479 
 -0.190438 -0.547216 0.072462 
 0.330706 0.453252 0.101056 
 0.269636 -0.232172 -0.015498 
 0.093336 0.294347 -0.205202 
 -0.128332 0.136859 -0.164519 
 -0.270353 0.264851 -0.091364 
 0.154939 -0.380213 -0.017669 
 0.116135 -0.661401 0.064897 
 -0.379832 -0.139794 0.099557 
 -0.344979 -0.194068 0.048659 
 -0.144303 -0.517521 0.065085 
 -0.134986 -0.190730 0.038562 
 0.384348 -0.084138 -0.011623 
 0.071128 0.158319 -0.294787 
 -0.281555 -0.122016 0.048463 
 0.351389 0.127002 0.026594 
 0.364727 0.084070 0.018879 
 -0.096447 0.164992 -0.165323 
 0.074074 0.075611 -0.331655 
 -0.311607 0.046283 -0.198743 
 -0.010688 -0.487875 0.028685 
 0.233607 0.296627 0.029126 
 -0.080830 0.193379 -0.163973 
 -0.091460 -0.027951 -0.258788 
 -0.175846 0.051422 -0.172347 
 0.134549 0.262845 -0.215766 
 -0.433757 -0.063714 0.116884 
 0.052075 -0.442230 0.020557 
 0.417489 0.525541 0.127790 
 -0.023322 0.106361 -0.313474 
 -0.174863 0.452267 0.081612 
 -0.301315 -0.052204 0.098005 
 0.372438 -0.053158 0.000866 
 -0.360205 -0.273043 0.066941 
 0.280513 0.264192 0.040348 
 -0.003735 -0.034446 -0.337357 
 -0.243075 0.081354 -0.152537 
 -0.277436 -0.400233 0.061277 
 -0.178859 -0.156141 0.039314 
 -0.095176 0.179632 -0.162946 
 0.427830 0.142576 0.014584 
 -0.241222 0.280251 -0.097046 
 -0.232586 -0.549333 0.096462 
 -0.369971 0.237106 -0.065038 
 -0.166193 0.372582 -0.025070 
 0.490764 0.123032 0.012339 
 -0.259749 -0.241099 0.030064 
 -0.481452 -0.202961 0.150653 
 -0.120331 -0.205103 0.040627 
 0.261324 0.865735 0.208077 
 -0.452866 0.147597 0.112795 
 -0.103672 -0.464833 0.022044 
 0.331208 0.176716 -0.001591 
 0.415768 -0.116935 -0.008076 
 -0.344749 0.239358 -0.097110 
 0.387749 0.379112 0.084081 
 -0.390206 0.126741 0.143888 
 0.408453 -0.382181 -0.010687 
 0.230520 -0.624664 0.003638 
 -0.344999 -0.403515 0.117553 
 -0.146575 0.452246 0.073771 
 -0.032332 0.198911 -0.225520 
 0.009816 0.293454 -0.177258 
 0.382977 0.171366 0.026196 
 -0.001873 -0.626909 0.092344 
 -0.282796 -0.037916 0.096933 
 0.116092 -0.285458 0.077302 
 0.300538 -0.395245 -0.071973 
 0.150009 0.361010 -0.158178 
 -0.218964 -0.464837 0.058579 
 -0.063432 0.429574 -0.043303 
 0.423639 -0.285645 -0.023359 
 -0.287243 -0.227392 0.043488 
 -0.371475 -0.212800 0.076013 
 -0.242855 0.400519 0.043185 
 -0.334423 0.102469 -0.175071 
 0.420125 -0.025072 -0.006176 
 -0.125706 0.010736 -0.211192 
 -0.195706 -0.393430 0.000377 
 -0.396858 -0.168953 0.096579 
 0.409884 -0.365847 -0.008240 
 -0.162121 0.006349 -0.166486 
 0.148555 -0.568603 -0.012967 
 0.364021 0.497549 0.102694 
 0.223359 -0.061891 0.108329 
 -0.213995 0.249992 -0.102792 
 0.314650 0.008791 0.014509 
 0.080649 -0.212588 0.123078 
 0.053223 0.321777 -0.183968 
 -0.390531 -0.095991 0.115599 
 -0.264709 0.210475 -0.132220 
 -0.131442 -0.433305 0.026398 
 -0.243067 0.398406 0.043684 
 0.112131 0.433287 -0.136627 
 -0.067726 -0.570816 0.071205 
 0.257834 0.353120 0.061925 
 0.274245 0.351158 0.067780 
 0.019341 0.377579 -0.144700 
 0.333494 0.422043 0.115393 
 0.048288 0.089416 -0.318820 
 0.243188 -0.187604 0.005673 
 0.242224 -0.380263 -0.047120 
 -0.191433 -0.301318 0.001677 
 -0.017228 -0.235496 0.103286 
 -0.189276 0.066017 -0.164043 
 0.269606 -0.232168 -0.015778 
 0.007515 -0.571036 0.046607 
 -0.428800 0.010870 0.123675 
 0.221760 0.188431 0.062137 
 -0.159349 -0.306043 0.013296 
 -0.002069 0.291276 -0.161851 
 0.137409 0.292260 -0.208493 
 0.423949 0.019361 0.005233 
 -0.189416 -0.112292 0.054513 
 0.119551 -0.141049 0.154367 
 -0.385510 0.414623 0.072049 
 -0.455519 0.414652 0.095719 
 -0.391484 0.237440 0.082673 
 0.184095 -0.265279 0.026191 
 0.024360 0.131185 -0.298783 
 0.421932 -0.396429 -0.019460 
 0.350387 -0.545456 -0.038168 
 -0.141053 0.136747 -0.159860 
 0.313811 0.585262 0.144744 
 0.191503 -0.091476 0.109530 
 0.227944 -0.280296 0.008679 
 0.205869 0.173752 0.060461 
 0.508711 -0.018826 0.035985 
 0.080573 0.307546 -0.198337 
 0.050191 -0.538884 0.029024 
 0.223660 0.000622 0.101504 
 0.309566 -0.049920 -0.000661 
 0.109730 0.306545 -0.195525 
 -0.246734 0.438646 0.102674 
 0.277829 0.542770 0.121587 
 0.257177 -0.365369 -0.049721 
 0.288473 -0.302656 -0.065144 
 -0.008173 0.332815 -0.124732 
 0.370100 -0.485574 -0.028267 
 0.122563 -0.210923 0.098642 
 0.126337 -0.182669 0.116775 
 0.086725 -0.646207 0.079632 
 0.395024 0.688550 0.145751 
 0.226997 0.061272 0.106167 
 -0.335794 0.019297 0.141987 
 0.336415 -0.095990 -0.021782 
 0.262586 0.436811 0.142962 
 -0.171328 -0.123303 -0.188629 
 0.300230 0.585535 0.149587 
 0.178240 -0.075685 0.118272 
 0.046751 -0.240694 0.114659 
 -0.228549 0.049022 -0.132161 
 -0.111749 -0.080472 -0.197512 
 -0.305689 0.318699 -0.051969 
 -0.127707 -0.108949 -0.199031 
 0.084089 0.158391 -0.298023 
 0.028337 0.432176 -0.108207 
 0.379569 0.111161 0.021599 
 0.090790 0.265117 -0.211929 
 -0.335675 0.293215 -0.049904 
 -0.446668 -0.112257 0.141912 
 0.488252 -0.047133 0.022497 
 -0.100185 0.122527 -0.177489 
 0.410130 0.273424 0.059591 
 -0.100372 -0.403768 0.022371 
 -0.277396 -0.399725 0.058221 
 -0.368078 0.250192 -0.051480 
 0.120589 -0.141211 0.154363 
 -0.290634 -0.286565 0.039126 
 0.223431 -0.567930 -0.037528 
 0.067329 -0.509982 0.031806 
 -0.179935 0.150766 -0.142237 
 -0.458753 0.371774 0.084565 
 0.206781 -0.340065 -0.001677 
 0.268279 0.393550 0.105328 
 -0.192495 0.372425 -0.015683 
 -0.222103 0.180462 -0.130503 
 -0.131601 -0.385109 0.017264 
 0.397548 -0.098952 -0.019519 
 0.160786 -0.106568 0.115525 
 0.336799 -0.530458 -0.030532 
 -0.151892 -0.037667 -0.182105 
 0.313971 0.836867 0.181255 
 0.147269 -0.353684 0.014082 
 -0.436285 -0.092817 0.108162 
 0.372569 0.007567 -0.003927 
 -0.287437 0.267687 -0.108446 
 -0.521440 0.269653 0.099705 
 0.304196 0.004829 0.040470 
 -0.308400 0.306694 -0.066501 
 0.382436 0.601541 0.100749 
 -0.005699 0.361333 -0.117441 
 -0.549580 0.269524 0.109137 
 -0.146366 0.331924 -0.067119 
 -0.216172 -0.097735 0.068643 
 -0.036633 -0.360995 0.026741 
 0.061632 -0.356755 0.053953 
 -0.194171 -0.316737 -0.002072 
 0.308488 -0.229335 -0.051044 
 -0.165196 -0.395452 0.001318 
 -0.402743 -0.291191 0.099970 
 0.440527 0.289195 0.052509 
 -0.110665 -0.657717 0.201668 
 -0.104275 0.444184 -0.025551 
 -0.436006 -0.141825 0.129597 
 -0.389772 0.310681 0.079234 
 -0.494515 0.286160 0.071977 
 -0.149629 0.193347 -0.141095 
 -0.145804 0.332094 -0.067121 
 -0.498928 0.009105 0.158508 
 -0.107084 -0.562171 0.110845 
 0.235163 0.096275 0.067074 
 0.285713 -0.102640 0.039763 
 -0.277521 -0.095890 0.077153 
 -0.165995 -0.216880 0.040700 
 -0.318808 0.144765 -0.168875 
 -0.118563 -0.401164 0.007963 
 0.004903 -0.505610 0.030468 
 0.007771 -0.280028 0.081635 
 -0.463559 0.238050 0.106360 
 0.206882 -0.339067 -0.001674 
 -0.009721 0.391733 -0.131726 
 -0.338765 0.005210 0.127412 
 0.446169 -0.133374 -0.012557 
 -0.330755 -0.194753 0.042965 
 -0.085637 0.152503 -0.185614 
 -0.244244 -0.227413 0.028059 
 0.169513 -0.460353 -0.011470 
 0.403179 0.554744 0.129528 
 0.366924 0.364470 0.063849 
 0.373835 -0.440656 -0.016194 
 0.392224 0.066906 0.005348 
 0.024516 0.132723 -0.298779 
 -0.082326 -0.570180 0.076124 
 0.053336 -0.281827 0.077944 
 0.245262 -0.624672 -0.001443 
 0.252338 0.264487 0.050013 
 -0.275085 0.437922 0.113396 
 -0.167194 0.151111 -0.146896 
 -0.087326 0.043302 -0.251208 
 0.258035 -0.085718 0.053365 
 -0.033533 -0.609497 0.094974 
 -0.541901 0.023976 0.165706 
 -0.272312 0.142860 -0.161129 
 0.150932 -0.666056 0.076678 
 0.277891 0.234857 0.032813 
 -0.494172 -0.159049 0.166773 
 0.209484 -0.587033 -0.026074 
 0.096606 -0.197670 0.122775 
 -0.422880 0.223274 0.088462 
 -0.161986 0.006500 -0.166486 
 0.308244 0.909413 0.215775 
 -0.330303 -0.439421 0.126420 
 -0.483704 0.117579 0.125261 
 -0.563171 0.223263 0.135816 
 -0.095668 -0.554962 0.084877 
 -0.364851 0.089834 -0.181017 
 0.416387 0.199753 0.034623 
 -0.204779 0.453810 0.081220 
 0.448751 -0.103641 -0.003524 
 0.190987 0.375267 -0.179278 
 0.264970 0.466329 0.150538 
 -0.487164 -0.069510 0.167612 
 -0.562402 0.238150 0.139511 
 0.440848 0.125697 0.006469 
 0.060103 -0.255611 0.106021 
 -0.085891 -0.403948 0.019397 
 0.383983 0.139436 0.029174 
 0.412239 -0.610364 0.028190 
 0.318170 -0.575717 -0.035993 
 0.269268 0.293481 0.052714 
 -0.375595 -0.272929 0.071382 
 0.101623 -0.139590 0.138103 
 0.107228 -0.504845 -0.003819 
 -0.058258 -0.051760 -0.311857 
 -0.211396 -0.200229 0.037566 
 -0.400898 -0.243777 0.088887 
 -0.194926 0.150885 -0.137568 
 -0.080857 0.275672 -0.105141 
 0.359975 0.674913 0.129980 
 -0.160673 0.065920 -0.172803 
 -0.092941 -0.103925 -0.244983 
 -0.033510 0.249382 -0.163428 
 -0.234681 -0.012890 0.123345 
 0.376205 0.246022 0.049992 
 -0.333007 0.240563 -0.112576 
 -0.422991 -0.139756 0.115194 
 -0.132351 -0.448093 0.022610 
 -0.288750 -0.403882 0.087429 
 -0.049301 0.317597 -0.104007 
 -0.140069 0.136648 -0.159863 
 0.123611 -0.458202 -0.007719 
 -0.404627 0.266354 0.094304 
 0.019043 -0.585018 0.037865 
 -0.200792 -0.088400 -0.110106 
 0.306659 0.335968 0.075681 
 -0.224034 -0.346055 0.000045 
 0.209527 -0.177942 0.055682 
 -0.191125 -0.007845 -0.160287 
 -0.068883 0.276051 -0.120557 
 0.301240 0.660252 0.146897 
 0.268360 0.263972 0.045172 
 -0.563846 0.160866 0.163137 
 -0.206145 -0.125343 0.045613 
 -0.114559 -0.635616 0.174017 
 0.144130 0.318510 -0.179829 
 0.444549 -0.305368 -0.001327 
 0.226718 -0.458459 -0.041967 
 -0.160615 0.065916 -0.173374 
 -0.194511 0.372625 -0.014350 
 0.047081 -0.356190 0.058380 
 -0.429104 0.042353 0.108246 
 0.041055 0.417969 -0.115979 
 0.241719 -0.443530 -0.043043 
 -0.324440 -0.121993 0.063506 
 -0.351845 0.441420 0.092543 
 0.135838 -0.489882 -0.009792 
 0.301143 0.689116 0.143628 
 0.327351 0.660816 0.126454 
 0.221269 -0.644165 0.034961 
 -0.009151 -0.210854 0.142753 
 0.439562 0.110931 0.001094 
 -0.322816 0.004688 0.133157 
 -0.022688 -0.294862 0.088147 
 0.368033 0.601541 0.108071 
 -0.037185 -0.246796 0.081491 
 -0.151763 -0.203287 0.039637 
 -0.243672 0.081414 -0.152535 
 0.431643 -0.102076 -0.009292 
 -0.103126 0.190777 -0.133129 
 -0.097717 0.358313 -0.051513 
 -0.154983 0.136757 -0.155195 
 0.048797 -0.504891 0.015836 
 -0.223255 0.306662 -0.084563 
 -0.563840 0.160862 0.164676 
 -0.149564 0.207621 -0.137014 
 0.247832 0.436847 0.147488 
 0.169466 -0.033867 0.145268 
 0.129336 -0.383980 0.011348 
 -0.313555 -0.472789 0.145879 
 0.148054 -0.254873 0.077245 
 -0.062866 0.155839 -0.227093 
 -0.359137 0.239418 -0.091751 
 -0.426974 -0.185339 0.102734 
 -0.102862 -0.432680 0.016684 
 -0.284467 -0.508829 0.149687 
 0.409703 0.435909 0.105065 
 0.194868 0.000597 0.110962 
 0.095606 0.403741 -0.139086 
 -0.183990 0.278323 -0.106285 
 -0.344341 -0.439208 0.131298 
 -0.034284 0.329995 -0.104597 
 -0.282761 0.411882 0.071945 
 -0.029083 0.005636 -0.317321 
 -0.480182 0.209224 0.103713 
 0.000609 0.159590 -0.282349 
 -0.293968 -0.302006 0.035379 
 -0.318105 -0.369480 0.083374 
 0.412376 -0.207895 -0.020537 
 -0.345960 0.129750 -0.163237 
 0.143189 -0.167838 0.115149 
 -0.328610 0.317754 -0.008560 
 -0.091401 -0.074114 -0.248366 
 -0.225602 -0.168978 0.039185 
 0.144762 -0.123461 0.116603 
 -0.581406 0.180184 0.129480 
 0.263680 0.127136 0.053707 
 -0.153737 0.358348 -0.033238 
 0.304507 -0.333444 -0.056749 
 -0.527580 0.024408 0.160919 
 -0.150738 0.180337 -0.144287 
 0.036346 -0.311579 0.075888 
 -0.025744 0.290904 -0.130990 
 0.084993 -0.398876 0.022732 
 -0.373460 -0.341047 0.110312 
 -0.010284 -0.391618 0.009420 
 -0.193806 0.165053 -0.133983 
 -0.071786 0.152098 -0.189531 
 -0.303213 -0.403660 0.093616 
 0.495998 0.011102 0.048911 
 0.232273 -0.088777 0.073690 
 0.285404 -0.217717 -0.016576 
 -0.204553 -0.563163 0.083780 
 -0.177295 -0.008979 -0.165458 
 -0.421811 -0.125958 0.117725 
 0.220646 -0.092946 0.099703 
 0.237383 -0.519869 -0.052068 
 0.317572 -0.430641 -0.053305 
 -0.041705 0.358287 -0.072192 
 0.305339 0.320803 0.072071 
 -0.463901 0.283997 0.084516 
 -0.073537 -0.271111 0.053484 
 -0.234705 0.334984 -0.071766 
 0.097327 -0.624532 0.047281 
 0.201602 -0.235626 0.029907 
 -0.415544 0.355555 0.089503 
 -0.087741 -0.403594 0.019405 
 0.065042 -0.490066 0.014692 
 0.412265 -0.610051 0.028191 
 0.230958 -0.088648 0.075315 
 -0.286218 -0.050517 0.093200 
 -0.502540 0.357568 0.095717 
 0.002127 0.033536 -0.319855 
 -0.299413 -0.037158 0.101752 
 0.325809 0.333549 0.089591 
 0.440743 -0.013120 0.013717 
 -0.402805 -0.018594 0.106851 
 -0.217365 0.332928 -0.053393 
 -0.461726 -0.112177 0.146729 
 0.403947 0.731768 0.179840 
 0.307160 0.174933 0.029285 
 -0.253040 -0.024634 0.101846 
 -0.307792 0.212392 -0.129844 
 -0.030708 -0.052094 -0.321108 
 0.440797 0.125205 0.005919 
 -0.341626 0.397308 0.076191 
 -0.246937 -0.484568 0.085736 
 0.290732 -0.156577 -0.001359 
 -0.074494 -0.121596 -0.232042 
 -0.224840 -0.169059 0.040528 
 -0.459127 -0.243104 0.108149 
 0.270016 -0.395236 -0.062209 
 -0.190158 0.023259 -0.174960 
 0.336668 0.350221 0.069766 
 0.084092 0.158469 -0.299408 
 0.156219 -0.365400 -0.014895 
 -0.152966 0.358270 -0.033430 
 -0.495605 0.194298 0.104756 
 0.048297 -0.585798 0.028700 
 0.375650 -0.362048 -0.018986 
 0.038911 0.307568 -0.183488 
 -0.083347 -0.686541 0.183893 
 0.399115 0.510439 0.118167 
 0.051151 0.117589 -0.311621 
 -0.482410 0.117450 0.124649 
 -0.225689 0.138997 -0.142665 
 0.403384 0.392499 0.083955 
 0.226941 0.061400 0.106168 
 0.239451 -0.131592 0.046815 
 0.248902 -0.646240 0.025035 
 0.251287 0.279877 0.044172 
 -0.109133 0.179164 -0.158659 
 -0.125321 0.261829 -0.105544 
 0.068039 0.240092 -0.247144 
 -0.402721 0.341231 0.081313 
 0.288544 0.764573 0.145606 
 0.496514 0.026110 0.052408 
 -0.479279 0.284139 0.089237 
 -0.041801 -0.420549 0.012071 
 -0.012866 0.019524 -0.318344 
 -0.261391 -0.483638 0.090444 
 0.150420 -0.600863 -0.010235 
 0.219481 -0.106616 0.096744 
 -0.134735 0.415893 -0.023479 
 0.266551 -0.520332 -0.061522 
 -0.377681 -0.078314 0.092936 
 -0.331055 -0.439088 0.126423 
 0.212432 0.061401 0.111059 
 -0.336342 -0.092863 0.074817 
 0.261300 0.482686 0.132842 
 -0.298551 -0.508877 0.154596 
 0.195289 -0.162967 0.062728 
 -0.020280 0.428751 -0.046570 
 -0.067421 -0.213931 0.079264 
 0.066686 0.145688 -0.309037 
 -0.218970 0.453132 0.086099 
 -0.351962 0.314954 0.032277 
 0.092008 0.279262 -0.210605 
 -0.266429 0.309714 -0.080466 
 -0.287848 -0.194608 0.029480 
 -0.245147 -0.258389 0.030986 
 -0.208441 -0.042207 0.104846 
 0.400174 -0.068733 -0.012697 
 -0.060793 -0.080837 -0.319070 
 -0.073648 -0.631159 0.137973 
 -0.263993 -0.124661 0.064847 
 0.174251 -0.121496 0.106538 
 0.079720 -0.490082 0.009794 
 0.220769 -0.091703 0.099089 
 0.194697 0.158005 0.085580 
 0.064286 -0.570548 0.026943 
 0.045206 0.105410 -0.336505 
 0.101862 -0.122906 0.141946 
 0.377616 -0.250509 -0.022182 
 -0.467038 -0.168971 0.131726 
 -0.236427 0.320875 -0.075283 
 0.378234 0.436774 0.102734 
 0.336937 0.219882 0.009702 
 0.038658 -0.428548 0.029493 
 -0.092097 -0.011909 -0.265832 
 0.422368 0.019518 0.005988 
 -0.261008 0.113799 -0.171719 
 0.123977 -0.311625 0.044965 
 0.315030 -0.169785 -0.035877 
 0.066105 -0.182475 0.136453 
 -0.347040 0.371757 0.047089 
 -0.363812 0.081771 0.134042 
 -0.386009 0.010464 0.109654 
 -0.523753 0.147744 0.136013 
 0.339674 0.009153 -0.005749 
 -0.351633 0.198449 -0.118836 
 -0.129286 -0.291349 0.007973 
 -0.125496 0.150855 -0.161178 
 0.076833 -0.240793 0.105626 
 0.304698 0.004780 0.040046 
 -0.270839 -0.227609 0.038608 
 0.163062 -0.534693 -0.032116 
 -0.228810 0.019121 -0.128996 
 -0.220782 -0.464653 0.058586 
 0.381273 0.273428 0.068176 
 -0.360885 -0.420373 0.118619 
 0.305621 0.436830 0.128386 
 0.375091 0.022215 -0.001170 
 0.352977 0.762969 0.158769 
 0.215671 -0.350828 -0.031285 
 0.255641 0.323010 0.065088 
 0.307744 0.335401 0.075676 
 0.044559 0.347830 -0.161303 
 -0.412457 -0.183538 0.097794 
 -0.305470 0.320865 -0.051812 
 -0.371031 0.237216 -0.066015 
 -0.375594 -0.272930 0.071570 
 -0.148952 0.037570 -0.185311 
 0.064619 -0.490751 0.014692 
 0.447559 0.538027 0.121845 
 0.344368 0.053319 0.005612 
 0.118451 -0.089746 0.134093 
 -0.433882 -0.047641 0.107839 
 -0.051967 -0.361380 0.031609 
 0.310443 0.379646 0.087533 
 -0.491768 0.223141 0.112134 
 0.347778 0.895235 0.186650 
 -0.141483 -0.553695 0.089086 
 -0.232792 -0.272940 0.023623 
 -0.037730 -0.276624 0.075544 
 0.324629 0.364826 0.078385 
 0.280268 0.142348 0.052634 
 0.370561 0.348271 0.079901 
 0.237397 -0.014298 0.092532 
 0.201112 -0.350610 -0.026406 
 -0.181081 -0.108865 -0.075729 
 -0.195778 -0.185660 0.036504 
 0.368179 -0.161134 -0.004838 
 -0.287239 -0.227396 0.044842 
 -0.195779 -0.394151 0.000375 
 0.277319 -0.143317 0.009338 
 0.118574 0.346934 -0.163184 
 -0.041908 -0.022460 -0.309269 
 0.441491 0.333498 0.053277 
 