0.082680002 0.033213343 0.74200004
0.081266671 0.033213343 0.74200004
0.079638101 0.033123817 0.74000001
0.078122862 0.033079058 0.73900002
0.076715238 0.033079058 0.73900002
0.075103812 0.032989532 0.73700005
0.073700003 0.032989532 0.73700005
0.072590478 0.033123817 0.74000001
0.071180955 0.033123817 0.74000001
0.084206671 0.031842865 0.74300003
0.082680002 0.031800009 0.74200004
0.081266671 0.031800009 0.74200004
0.079853334 0.031800009 0.74200004
0.078440003 0.031800009 0.74200004
0.077026673 0.031800009 0.74200004
0.075409524 0.031714294 0.74000001
0.074200004 0.031800009 0.74200004
0.072786666 0.031800009 0.74200004
0.071373336 0.031800009 0.74200004
0.085621908 0.030427627 0.74300003
0.084206671 0.030427627 0.74300003
0.082791433 0.030427627 0.74300003
0.081266671 0.030386675 0.74200004
0.079853334 0.030386675 0.74200004
0.078440003 0.030386675 0.74200004
0.077026673 0.030386675 0.74200004
0.075613335 0.030386675 0.74200004
0.074200004 0.030386673 0.74200004
0.072786666 0.030386673 0.74200004
0.071180955 0.030304769 0.74000001
0.069771431 0.030304769 0.74000001
0.088690482 0.029090485 0.74500006
0.08727143 0.029090485 0.74500006
0.085621908 0.029012389 0.74300003
0.084206671 0.029012389 0.74300003
0.082791433 0.029012389 0.74300003
0.081376195 0.029012389 0.74300003
0.079960957 0.029012389 0.74300003
0.078545719 0.029012389 0.74300003
0.077130482 0.029012389 0.74300003
0.075613335 0.028973341 0.74200004
0.074200004 0.028973339 0.74200004
0.072786666 0.028973339 0.74200004
0.071373336 0.028973339 0.74200004
0.069771431 0.028895244 0.74000001
0.093571432 0.027857151 0.75000006
0.091897145 0.027782865 0.74800003
0.090351433 0.027745722 0.74700004
0.088690482 0.027671438 0.74500006
0.08727143 0.027671438 0.74500006
0.085621908 0.027597152 0.74300003
0.084206671 0.027597152 0.74300003
0.082791433 0.027597152 0.74300003
0.081376195 0.027597152 0.74300003
0.079853334 0.027560009 0.74200004
0.078545719 0.027597152 0.74300003
0.077026673 0.027560009 0.74200004
0.075613335 0.027560009 0.74200004
0.074200004 0.027560007 0.74200004
0.072786666 0.027560007 0.74200004
0.071373336 0.027560007 0.74200004
0.096428573 0.026428582 0.75000006
0.095000006 0.02642858 0.75000006
0.093321905 0.026358103 0.74800003
0.091897145 0.026358103 0.74800003
0.090351433 0.026322866 0.74700004
0.088690482 0.026252389 0.74500006
0.08727143 0.026252389 0.74500006
0.085621908 0.026181914 0.74300003
0.084206671 0.026181914 0.74300003
0.082791433 0.026181914 0.74300003
0.081376195 0.026181914 0.74300003
0.079960957 0.026181914 0.74300003
0.078545719 0.026181914 0.74300003
0.077026673 0.026146675 0.74200004
0.075613335 0.026146675 0.74200004
0.074200004 0.026146673 0.74200004
0.072786666 0.026146673 0.74200004
0.071373336 0.026146673 0.74200004
0.097857147 0.02500001 0.75000006
0.096428573 0.02500001 0.75000006
0.095000006 0.025000008 0.75000006
0.093571432 0.025000008 0.75000006
0.092142858 0.025000008 0.75000006
0.090472385 0.024933342 0.74800003
0.088928573 0.024900008 0.74700004
0.087505721 0.024900008 0.74700004
0.085852385 0.024833342 0.74500006
0.08443334 0.024833342 0.74500006
0.082791433 0.024766674 0.74300003
0.081376195 0.024766674 0.74300003
0.079960957 0.024766674 0.74300003
0.078545719 0.024766674 0.74300003
0.077130482 0.024766674 0.74300003
0.075715244 0.024766674 0.74300003
0.074200004 0.02473334 0.74200004
0.072786666 0.02473334 0.74200004
0.10584 0.02376001 0.75600004
0.1042619 0.023728581 0.75500005
0.10282382 0.023728581 0.75500005
0.10071429 0.023571439 0.75000006
0.099285714 0.023571439 0.75000006
0.097857147 0.023571439 0.75000006
0.096428573 0.023571439 0.75000006
0.094746672 0.02350858 0.74800003
0.093321905 0.02350858 0.74800003
0.091897145 0.02350858 0.74800003
0.090472385 0.02350858 0.74800003
0.088928573 0.023477152 0.74700004
0.087505721 0.023477152 0.74700004
0.085852385 0.023414293 0.74500006
0.08443334 0.023414293 0.74500006
0.083014287 0.023414293 0.74500006
0.081595242 0.023414293 0.74500006
0.079960957 0.023351436 0.74300003
0.078757145 0.023414293 0.74500006
0.077130482 0.023351436 0.74300003
0.075715244 0.023351436 0.74300003
0.074300006 0.023351435 0.74300003
0.072884768 0.023351435 0.74300003
0.10728 0.02232001 0.75600004
0.10584 0.02232001 0.75600004
0.1042619 0.022290487 0.75500005
0.10282382 0.022290487 0.75500005
0.10098286 0.022201914 0.75200003
0.099550478 0.022201914 0.75200003
0.097857147 0.022142867 0.75000006
0.096428573 0.022142867 0.75000006
0.094746672 0.022083817 0.74800003
0.093321905 0.022083817 0.74800003
0.091897145 0.022083817 0.74800003
0.090472385 0.022083817 0.74800003
0.088928573 0.022054294 0.74700004
0.087622859 0.022083817 0.74800003
0.085852385 0.021995246 0.74500006
0.084660001 0.022054294 0.74700004
0.083014287 0.021995246 0.74500006
0.081595242 0.021995246 0.74500006
0.080176197 0.021995246 0.74500006
0.078757145 0.021995246 0.74500006
0.077130482 0.021936199 0.74300003
0.075715244 0.021936199 0.74300003
0.074300006 0.021936197 0.74300003
0.072884768 0.021936197 0.74300003
0.10900763 0.020935249 0.75800002
0.10728 0.02088001 0.75600004
0.1057 0.020852391 0.75500005
0.1042619 0.020852391 0.75500005
0.10255143 0.020797152 0.75300002
0.10098286 0.020769535 0.75200003
0.099550478 0.020769535 0.75200003
0.097857147 0.020714296 0.75000006
0.096428573 0.020714296 0.75000006
0.095000006 0.020714294 0.75000006
0.093321905 0.020659056 0.74800003
0.091897145 0.020659056 0.74800003
0.090472385 0.020659056 0.74800003
0.089047626 0.020659056 0.74800003
0.087622859 0.020659056 0.74800003
0.086082861 0.020631436 0.74700004
0.08443334 0.0205762 0.74500006
0.082791433 0.020520961 0.74300003
0.081376195 0.020520961 0.74300003
0.079960957 0.020520961 0.74300003
0.078545719 0.020520961 0.74300003
0.077130482 0.020520961 0.74300003
0.075715244 0.020520961 0.74300003
0.074300006 0.020520959 0.74300003
0.1181362 0.019568583 0.76100004
0.11668667 0.019568581 0.76100004
0.11508572 0.019542867 0.76000005
0.1136381 0.019542867 0.76000005
0.11189524 0.019491438 0.75800002
0.11045143 0.019491438 0.75800002
0.10900763 0.019491438 0.75800002
0.10728 0.01944001 0.75600004
0.1057 0.019414296 0.75500005
0.1042619 0.019414296 0.75500005
0.10255143 0.019362867 0.75300002
0.10111715 0.019362867 0.75300002
0.099550478 0.019337153 0.75200003
0.097857147 0.019285724 0.75000006
0.096428573 0.019285724 0.75000006
0.095000006 0.019285722 0.75000006
0.093321905 0.019234294 0.74800003
0.091897145 0.019234294 0.74800003
0.090472385 0.019234294 0.74800003
0.089047626 0.019234294 0.74800003
0.087505721 0.01920858 0.74700004
0.085852385 0.019157151 0.74500006
0.084206671 0.019105723 0.74300003
0.082791433 0.019105723 0.74300003
0.081376195 0.019105723 0.74300003
0.079960957 0.019105723 0.74300003
0.078545719 0.019105723 0.74300003
0.077130482 0.019105723 0.74300003
0.075715244 0.019105723 0.74300003
0.074300006 0.019105721 0.74300003
0.16502 0.018500015 0.77700001
0.16354001 0.018500015 0.77700001
0.16164286 0.018452397 0.77500004
0.16016667 0.018452397 0.77500004
0.15869048 0.018452395 0.77500004
0.15680857 0.018404776 0.77300006
0.1553362 0.018404776 0.77300006
0.12135334 0.018166678 0.76300001
0.11958572 0.01811906 0.76100004
0.1181362 0.01811906 0.76100004
0.11668667 0.018119058 0.76100004
0.11508572 0.018095247 0.76000005
0.11333905 0.018047629 0.75800002
0.11189524 0.018047629 0.75800002
0.11045143 0.018047629 0.75800002
0.10872 0.01800001 0.75600004
0.1071381 0.0179762 0.75500005
0.1057 0.0179762 0.75500005
0.1042619 0.0179762 0.75500005
0.10255143 0.017928582 0.75300002
0.10111715 0.017928582 0.75300002
0.09968286 0.017928582 0.75300002
0.098118097 0.017904771 0.75200003
0.096428573 0.017857153 0.75000006
0.095000006 0.017857151 0.75000006
0.093571432 0.017857151 0.75000006
0.092142858 0.017857151 0.75000006
0.090472385 0.017809533 0.74800003
0.089047626 0.017809533 0.74800003
0.087622859 0.017809533 0.74800003
0.085852385 0.017738104 0.74500006
0.08409334 0.017666675 0.74200004
0.082680002 0.017666675 0.74200004
0.081376195 0.017690483 0.74300003
0.079960957 0.017690483 0.74300003
0.078545719 0.017690483 0.74300003
0.077130482 0.017690483 0.74300003
0.19507524 0.017458113 0.79700005
0.19355714 0.017458113 0.79700005
0.19155715 0.017414303 0.79500002
0.19004287 0.017414303 0.79500002
0.18852858 0.017414303 0.79500002
0.17204 0.017129539 0.78200006
0.17055048 0.017129539 0.78200006
0.16841239 0.017063824 0.77900004
0.16692857 0.017063824 0.77900004
0.16459525 0.016976206 0.77500004
0.16311905 0.016976206 0.77500004
0.16122572 0.016932396 0.77300006
0.15975334 0.016932394 0.77300006
0.15828095 0.016932394 0.77300006
0.15680857 0.016932394 0.77300006
0.1553362 0.016932394 0.77300006
0.15386382 0.016932394 0.77300006
0.15239143 0.016932394 0.77300006
0.12426 0.016713345 0.76300001
0.12280667 0.016713345 0.76300001
0.12135334 0.016713345 0.76300001
0.11958572 0.016669536 0.76100004
0.1181362 0.016669536 0.76100004
0.11668667 0.016669534 0.76100004
0.11508572 0.016647629 0.76000005
0.11333905 0.01660382 0.75800002
0.11189524 0.01660382 0.75800002
0.11016 0.016560011 0.75600004
0.10872 0.016560011 0.75600004
0.1071381 0.016538106 0.75500005
0.1057 0.016538106 0.75500005
0.1042619 0.016538106 0.75500005
0.10282382 0.016538106 0.75500005
0.10111715 0.016494296 0.75300002
0.09968286 0.016494296 0.75300002
0.098248579 0.016494296 0.75300002
0.096685715 0.016472392 0.75200003
0.095000006 0.016428579 0.75000006
0.093571432 0.016428579 0.75000006
0.092142858 0.016428579 0.75000006
0.090472385 0.016384769 0.74800003
0.089047626 0.016384769 0.74800003
0.087505721 0.016362865 0.74700004
0.085621908 0.016275246 0.74300003
0.084206671 0.016275246 0.74300003
0.082680002 0.016253341 0.74200004
0.19659334 0.015940018 0.79700005
0.19458573 0.015900018 0.79500002
0.19307144 0.015900018 0.79500002
0.19107525 0.015860017 0.79300004
0.18956476 0.015860017 0.79300004
0.18686858 0.015760018 0.78800005
0.18536763 0.015760018 0.78800005
0.18340001 0.015720017 0.78600001
0.18144001 0.015680017 0.78400004
0.17994668 0.015680015 0.78400004
0.17845334 0.015680015 0.78400004
0.17650858 0.015640015 0.78200006
0.17501906 0.015640015 0.78200006
0.17352954 0.015640015 0.78200006
0.1716 0.015600015 0.78000003
0.17011429 0.015600015 0.78000003
0.16841239 0.015580015 0.77900004
0.16692857 0.015580015 0.77900004
0.16459525 0.015500015 0.77500004
0.1626981 0.015460014 0.77300006
0.16122572 0.015460014 0.77300006
0.15954667 0.015440014 0.77200001
0.1580762 0.015440014 0.77200001
0.1572143 0.015500015 0.77500004
0.1553362 0.015460014 0.77300006
0.15386382 0.015460013 0.77300006
0.15239143 0.015460013 0.77300006
0.12571333 0.015260012 0.76300001
0.12426 0.015260012 0.76300001
0.12280667 0.015260012 0.76300001
0.12135334 0.015260011 0.76300001
0.11958572 0.015220011 0.76100004
0.1181362 0.015220011 0.76100004
0.11668667 0.015220011 0.76100004
0.11508572 0.015200011 0.76000005
0.11333905 0.015160011 0.75800002
0.11189524 0.015160011 0.75800002
0.11016 0.01512001 0.75600004
0.10872 0.01512001 0.75600004
0.1071381 0.01510001 0.75500005
0.1057 0.01510001 0.75500005
0.1042619 0.01510001 0.75500005
0.10282382 0.01510001 0.75500005
0.10138572 0.01510001 0.75500005
0.099947624 0.015100009 0.75500005
0.098509528 0.015100009 0.75500005
0.09681429 0.015060009 0.75300002
0.095253333 0.015040009 0.75200003
0.093571432 0.015000009 0.75000006
0.091897145 0.014960009 0.74800003
0.090472385 0.014960008 0.74800003
0.088928573 0.014940008 0.74700004
0.087505721 0.014940008 0.74700004
0.086082861 0.014940008 0.74700004
0.084206671 0.014860008 0.74300003
0.19811143 0.014421923 0.79700005
0.19659334 0.014421922 0.79700005
0.19458573 0.014385732 0.79500002
0.19258572 0.014349541 0.79300004
0.19107525 0.014349541 0.79300004
0.18908668 0.01431335 0.79100001
0.18686858 0.014259065 0.78800005
0.18536763 0.014259064 0.78800005
0.18340001 0.014222873 0.78600001
0.18144001 0.014186683 0.78400004
0.17994668 0.014186683 0.78400004
0.17845334 0.014186683 0.78400004
0.17650858 0.014150493 0.78200006
0.17501906 0.014150492 0.78200006
0.17308572 0.014114301 0.78000003
0.1716 0.014114301 0.78000003
0.17011429 0.014114301 0.78000003
0.16841239 0.014096206 0.77900004
0.16692857 0.014096206 0.77900004
0.16502 0.014060015 0.77700001
0.16311905 0.014023824 0.77500004
0.16164286 0.014023824 0.77500004
0.16016667 0.014023824 0.77500004
0.15828095 0.013987633 0.77300006
0.15680857 0.013987633 0.77300006
0.1553362 0.013987633 0.77300006
0.15286858 0.013897156 0.76800001
0.14982858 0.013752394 0.76000005
0.14838096 0.013752394 0.76000005
0.14693333 0.013752394 0.76000005
0.12571333 0.013806678 0.76300001
0.12426 0.013806678 0.76300001
0.12280667 0.013806678 0.76300001
0.12135334 0.013806677 0.76300001
0.1199 0.013806677 0.76300001
0.1181362 0.013770487 0.76100004
0.11668667 0.013770487 0.76100004
0.11508572 0.013752392 0.76000005
0.11333905 0.013716201 0.75800002
0.11189524 0.013716201 0.75800002
0.11016 0.01368001 0.75600004
0.10872 0.01368001 0.75600004
0.10728 0.01368001 0.75600004
0.10584 0.01368001 0.75600004
0.1044 0.01368001 0.75600004
0.10282382 0.013661915 0.75500005
0.10138572 0.013661915 0.75500005
0.099947624 0.013661914 0.75500005
0.098509528 0.013661914 0.75500005
0.09681429 0.013625723 0.75300002
0.095253333 0.013607628 0.75200003
0.093571432 0.013571437 0.75000006
0.091897145 0.013535247 0.74800003
0.090472385 0.013535246 0.74800003
0.089047626 0.013535246 0.74800003
0.087505721 0.013517151 0.74700004
0.086082861 0.013517151 0.74700004
0.1976143 0.012871447 0.79500002
0.19610001 0.012871446 0.79500002
0.19360667 0.012806684 0.79100001
0.1921 0.012806684 0.79100001
0.19011143 0.012774303 0.78900003
0.18836953 0.012758113 0.78800005
0.18686858 0.012758113 0.78800005
0.18489715 0.01272573 0.78600001
0.18293335 0.012693349 0.78400004
0.18144001 0.012693349 0.78400004
0.17994668 0.012693349 0.78400004
0.17845334 0.012693349 0.78400004
0.17650858 0.012660969 0.78200006
0.17501906 0.012660968 0.78200006
0.17308572 0.012628587 0.78000003
0.1716 0.012628587 0.78000003
0.17011429 0.012628587 0.78000003
0.16841239 0.012612396 0.77900004
0.16692857 0.012612396 0.77900004
0.16459525 0.012547634 0.77500004
0.16311905 0.012547634 0.77500004
0.16122572 0.012515252 0.77300006
0.15975334 0.012515252 0.77300006
0.15869048 0.012547634 0.77500004
0.1572143 0.012547634 0.77500004
0.15433143 0.012434299 0.76800001
0.15286858 0.012434299 0.76800001
0.15120858 0.012418109 0.76700002
0.14838096 0.012304775 0.76000005
0.14654668 0.012272394 0.75800002
0.14510286 0.012272394 0.75800002
0.14365906 0.012272393 0.75800002
0.14221524 0.012272393 0.75800002
0.12783334 0.012418107 0.76700002
0.12604286 0.012385726 0.76500005
0.12426 0.012353345 0.76300001
0.12280667 0.012353345 0.76300001
0.12135334 0.012353344 0.76300001
0.11958572 0.012320963 0.76100004
0.1181362 0.012320963 0.76100004
0.11668667 0.012320963 0.76100004
0.11508572 0.012304773 0.76000005
0.1136381 0.012304773 0.76000005
0.11219048 0.012304773 0.76000005
0.11045143 0.012272391 0.75800002
0.10872 0.012240009 0.75600004
0.10728 0.012240009 0.75600004
0.10584 0.012240009 0.75600004
0.1044 0.012240009 0.75600004
0.10296001 0.012240009 0.75600004
0.10138572 0.012223819 0.75500005
0.099947624 0.012223818 0.75500005
0.098509528 0.012223818 0.75500005
0.09681429 0.012191437 0.75300002
0.095253333 0.012175247 0.75200003
0.093820959 0.012175247 0.75200003
0.091897145 0.012110485 0.74800003
0.090472385 0.012110484 0.74800003
0.089047626 0.012110484 0.74800003
0.19912858 0.011357161 0.79500002
0.1976143 0.011357161 0.79500002
0.19610001 0.01135716 0.79500002
0.19360667 0.011300017 0.79100001
0.1921 0.011300017 0.79100001
0.19011143 0.011271446 0.78900003
0.18836953 0.01125716 0.78800005
0.18639429 0.011228587 0.78600001
0.18489715 0.011228587 0.78600001
0.18293335 0.011200016 0.78400004
0.18144001 0.011200016 0.78400004
0.17994668 0.011200016 0.78400004
0.1779981 0.011171445 0.78200006
0.17650858 0.011171445 0.78200006
0.17457144 0.011142872 0.78000003
0.17308572 0.011142872 0.78000003
0.1716 0.011142872 0.78000003
0.1698962 0.011128587 0.77900004
0.16841239 0.011128587 0.77900004
0.1665 0.011100016 0.77700001
0.16459525 0.011071443 0.77500004
0.16311905 0.011071443 0.77500004
0.16122572 0.011042872 0.77300006
0.15975334 0.011042872 0.77300006
0.15828095 0.011042872 0.77300006
0.15680857 0.011042872 0.77300006
0.15433143 0.010971442 0.76800001
0.15266953 0.010957156 0.76700002
0.15081429 0.010928585 0.76500005
0.14838096 0.010857156 0.76000005
0.14654668 0.010828584 0.75800002
0.14472 0.010800013 0.75600004
0.14365906 0.010828584 0.75800002
0.14221524 0.010828584 0.75800002
0.14077143 0.010828584 0.75800002
0.13932763 0.010828584 0.75800002
0.13788381 0.010828584 0.75800002
0.13092571 0.01097144 0.76800001
0.12929429 0.010957154 0.76700002
0.12783334 0.010957154 0.76700002
0.12604286 0.010928583 0.76500005
0.12426 0.010900011 0.76300001
0.12312858 0.010928583 0.76500005
0.12135334 0.01090001 0.76300001
0.11958572 0.010871439 0.76100004
0.1181362 0.010871439 0.76100004
0.11668667 0.010871439 0.76100004
0.11523715 0.010871439 0.76100004
0.1136381 0.010857154 0.76000005
0.11219048 0.010857154 0.76000005
0.11045143 0.010828581 0.75800002
0.10900763 0.010828581 0.75800002
0.10728 0.01080001 0.75600004
0.10584 0.01080001 0.75600004
0.1044 0.01080001 0.75600004
0.10296001 0.01080001 0.75600004
0.10152 0.01080001 0.75600004
0.10008001 0.010800009 0.75600004
0.098640002 0.010800009 0.75600004
0.097071432 0.010785723 0.75500005
0.095633335 0.010785723 0.75500005
0.093820959 0.010742866 0.75200003
0.19912858 0.0098428754 0.79500002
0.1976143 0.0098428754 0.79500002
0.19560668 0.0098181125 0.79300004
0.19360667 0.0097933505 0.79100001
0.1916143 0.0097685885 0.78900003
0.19011143 0.0097685885 0.78900003
0.18836953 0.0097562075 0.78800005
0.18639429 0.0097314445 0.78600001
0.18442668 0.0097066825 0.78400004
0.18293335 0.0097066825 0.78400004
0.18097715 0.0096819205 0.78200006
0.17948763 0.0096819205 0.78200006
0.17754287 0.0096571594 0.78000003
0.17605714 0.0096571594 0.78000003
0.17457144 0.0096571585 0.78000003
0.17308572 0.0096571585 0.78000003
0.17138001 0.0096447775 0.77900004
0.1698962 0.0096447775 0.77900004
0.16798 0.0096200155 0.77700001
0.1665 0.0096200155 0.77700001
0.16459525 0.0095952526 0.77500004
0.1626981 0.0095704906 0.77300006
0.16122572 0.0095704906 0.77300006
0.15954667 0.0095581096 0.77200001
0.1580762 0.0095581096 0.77200001
0.15660572 0.0095581096 0.77200001
0.15413049 0.0094962036 0.76700002
0.15227143 0.0094714416 0.76500005
0.15042001 0.0094466796 0.76300001
0.14838096 0.0094095375 0.76000005
0.14654668 0.0093847755 0.75800002
0.14472 0.0093600135 0.75600004
0.14365906 0.0093847746 0.75800002
0.14221524 0.0093847746 0.75800002
0.14077143 0.0093847746 0.75800002
0.13896 0.0093600126 0.75600004
0.13752 0.0093600126 0.75600004
0.13590001 0.0093476316 0.75500005
0.13446191 0.0093476316 0.75500005
0.13092571 0.0095085828 0.76800001
0.12946287 0.0095085828 0.76800001
0.12800001 0.0095085828 0.76800001
0.12604286 0.0094714398 0.76500005
0.12458572 0.0094714398 0.76500005
0.12312858 0.0094714398 0.76500005
0.12135334 0.0094466768 0.76300001
0.1199 0.0094466768 0.76300001
0.1181362 0.0094219157 0.76100004
0.11668667 0.0094219157 0.76100004
0.11523715 0.0094219157 0.76100004
0.11378762 0.0094219157 0.76100004
0.11219048 0.0094095347 0.76000005
0.11074286 0.0094095338 0.76000005
0.10900763 0.0093847718 0.75800002
0.10756382 0.0093847718 0.75800002
0.10612001 0.0093847718 0.75800002
0.10467619 0.0093847718 0.75800002
0.10323238 0.0093847718 0.75800002
0.10152 0.0093600098 0.75600004
0.10008001 0.0093600089 0.75600004
0.098640002 0.0093600089 0.75600004
0.097071432 0.0093476279 0.75500005
0.095633335 0.0093476279 0.75500005
0.20064287 0.0083285896 0.79500002
0.19912858 0.0083285896 0.79500002
0.19711715 0.0083076367 0.79300004
0.19511335 0.0082866838 0.79100001
0.19311716 0.0082657309 0.78900003
0.1916143 0.0082657309 0.78900003
0.18987048 0.0082552554 0.78800005
0.18789144 0.0082343025 0.78600001
0.18592 0.0082133496 0.78400004
0.18442668 0.0082133496 0.78400004
0.18246667 0.0081923967 0.78200006
0.18097715 0.0081923967 0.78200006
0.17948763 0.0081923967 0.78200006
0.17754287 0.0081714448 0.78000003
0.17605714 0.0081714448 0.78000003
0.17457144 0.0081714438 0.78000003
0.17308572 0.0081714438 0.78000003
0.17138001 0.0081609674 0.77900004
0.16946001 0.0081400154 0.77700001
0.16798 0.0081400154 0.77700001
0.1665 0.0081400154 0.77700001
0.16417049 0.0080981096 0.77300006
0.1626981 0.0080981096 0.77300006
0.16101715 0.0080876332 0.77200001
0.15954667 0.0080876332 0.77200001
0.1580762 0.0080876332 0.77200001
0.15620001 0.0080666812 0.77000004
0.15413049 0.0080352519 0.76700002
0.15227143 0.008014299 0.76500005
0.15042001 0.007993347 0.76300001
0.14838096 0.0079619177 0.76000005
0.14654668 0.0079409657 0.75800002
0.14472 0.0079200137 0.75600004
0.14328 0.0079200128 0.75600004
0.14184001 0.0079200128 0.75600004
0.14040001 0.0079200128 0.75600004
0.13896 0.0079200128 0.75600004
0.13752 0.0079200128 0.75600004
0.13590001 0.0079095364 0.75500005
0.13446191 0.0079095364 0.75500005
0.13302381 0.0079095354 0.75500005
0.13092571 0.0080457255 0.76800001
0.12946287 0.0080457255 0.76800001
0.12800001 0.0080457255 0.76800001
0.12637238 0.00803525 0.76700002
0.12491143 0.00803525 0.76700002
0.12312858 0.0080142971 0.76500005
0.12167143 0.0080142962 0.76500005
0.1199 0.0079933442 0.76300001
0.11844667 0.0079933442 0.76300001
0.11668667 0.0079723913 0.76100004
0.11523715 0.0079723913 0.76100004
0.11378762 0.0079723913 0.76100004
0.1123381 0.0079723913 0.76100004
0.11088858 0.0079723904 0.76100004
0.10943905 0.0079723904 0.76100004
0.10784762 0.0079619139 0.76000005
0.10640001 0.0079619139 0.76000005
0.10467619 0.007940962 0.75800002
0.10323238 0.007940962 0.75800002
0.10178857 0.007940962 0.75800002
0.10008001 0.0079200091 0.75600004
0.20266572 0.0068314467 0.79700005
0.20064287 0.0068143038 0.79500002
0.19912858 0.0068143033 0.79500002
0.19662 0.0067800176 0.79100001
0.19462001 0.0067628748 0.78900003
0.19311716 0.0067628743 0.78900003
0.19137144 0.0067543029 0.78800005
0.18987048 0.0067543029 0.78800005
0.18789144 0.0067371596 0.78600001
0.18592 0.0067200167 0.78400004
0.18442668 0.0067200167 0.78400004
0.18246667 0.0067028734 0.78200006
0.18097715 0.0067028734 0.78200006
0.17948763 0.0067028734 0.78200006
0.17754287 0.0066857301 0.78000003
0.17605714 0.0066857301 0.78000003
0.17457144 0.0066857301 0.78000003
0.17286381 0.0066771582 0.77900004
0.17138001 0.0066771582 0.77900004
0.16946001 0.0066600153 0.77700001
0.16754763 0.006642872 0.77500004
0.16607143 0.006642872 0.77500004
0.16417049 0.0066257291 0.77300006
0.1626981 0.0066257291 0.77300006
0.16122572 0.0066257287 0.77300006
0.15954667 0.0066171573 0.77200001
0.1580762 0.0066171573 0.77200001
0.15660572 0.0066171568 0.77200001
0.15413049 0.0065742997 0.76700002
0.15227143 0.0065571568 0.76500005
0.15081429 0.0065571563 0.76500005
0.14838096 0.0065142992 0.76000005
0.14616001 0.006480013 0.75600004
0.14452858 0.0064714416 0.75500005
0.14328 0.006480013 0.75600004
0.14184001 0.006480013 0.75600004
0.14040001 0.0064800126 0.75600004
0.1387762 0.0064714411 0.75500005
0.1373381 0.0064714411 0.75500005
0.13590001 0.0064714411 0.75500005
0.13446191 0.0064714407 0.75500005
0.13302381 0.0064714407 0.75500005
0.13092571 0.0065828692 0.76800001
0.12946287 0.0065828688 0.76800001
0.12800001 0.0065828688 0.76800001
0.12653714 0.0065828688 0.76800001
0.12491143 0.0065742969 0.76700002
0.12345048 0.0065742969 0.76700002
0.12167143 0.006557154 0.76500005
0.1199 0.0065400111 0.76300001
0.11844667 0.0065400107 0.76300001
0.11699334 0.0065400107 0.76300001
0.11554001 0.0065400107 0.76300001
0.11378762 0.0065228674 0.76100004
0.1123381 0.0065228674 0.76100004
0.11088858 0.0065228674 0.76100004
0.10972667 0.0065400102 0.76300001
0.10798953 0.0065228669 0.76100004
0.10640001 0.0065142955 0.76000005
0.10467619 0.0064971526 0.75800002
0.10323238 0.0064971521 0.75800002
0.10178857 0.0064971521 0.75800002
0.20570192 0.0053133518 0.79700005
0.20418382 0.0053133513 0.79700005
0.20114 0.0052733514 0.79100001
0.19963335 0.005273351 0.79100001
0.19862762 0.0052866843 0.79300004
0.19662 0.005273351 0.79100001
0.19462001 0.0052600172 0.78900003
0.19311716 0.0052600168 0.78900003
0.19137144 0.0052533504 0.78800005
0.18987048 0.0052533504 0.78800005
0.18789144 0.0052400166 0.78600001
0.18592 0.0052266833 0.78400004
0.18395619 0.0052133496 0.78200006
0.18246667 0.0052133491 0.78200006
0.18097715 0.0052133491 0.78200006
0.17948763 0.0052133491 0.78200006
0.17754287 0.0052000154 0.78000003
0.17605714 0.0052000154 0.78000003
0.17457144 0.0052000154 0.78000003
0.17286381 0.0051933485 0.77900004
0.17138001 0.0051933485 0.77900004
0.16946001 0.0051800152 0.77700001
0.16754763 0.0051666815 0.77500004
0.16607143 0.0051666815 0.77500004
0.16417049 0.0051533477 0.77300006
0.1626981 0.0051533477 0.77300006
0.16101715 0.0051466809 0.77200001
0.15954667 0.0051466809 0.77200001
0.1580762 0.0051466809 0.77200001
0.15660572 0.0051466804 0.77200001
0.15433143 0.0051200138 0.76800001
0.15266953 0.005113347 0.76700002
0.15120858 0.0051133465 0.76700002
0.14740476 0.0050333464 0.75500005
0.14596668 0.0050333459 0.75500005
0.14452858 0.0050333459 0.75500005
0.14309049 0.0050333459 0.75500005
0.14165239 0.0050333459 0.75500005
0.14021429 0.0050333454 0.75500005
0.1387762 0.0050333454 0.75500005
0.1373381 0.0050333454 0.75500005
0.13590001 0.0050333454 0.75500005
0.13446191 0.005033345 0.75500005
0.13355239 0.0050533451 0.75800002
0.13263144 0.0050733453 0.76100004
0.13118191 0.0050733453 0.76100004
0.13092571 0.005120012 0.76800001
0.12946287 0.0051200115 0.76800001
0.12800001 0.0051200115 0.76800001
0.12653714 0.0051200115 0.76800001
0.1250743 0.005120011 0.76800001
0.12361144 0.005120011 0.76800001
0.12167143 0.0051000109 0.76500005
0.12021429 0.0051000109 0.76500005
0.11844667 0.0050866771 0.76300001
0.11699334 0.0050866771 0.76300001
0.11554001 0.0050866771 0.76300001
0.11378762 0.0050733434 0.76100004
0.1123381 0.0050733434 0.76100004
0.11118001 0.0050866767 0.76300001
0.10972667 0.0050866767 0.76300001
0.10827333 0.0050866762 0.76300001
0.10682 0.0050866762 0.76300001
0.10467619 0.0050533428 0.75800002
0.10323238 0.0050533423 0.75800002
0.048686668 0.0050866711 0.76300001
0.047233336 0.0050866711 0.76300001
0.044326667 0.0050866706 0.76300001
0.042873334 0.0050866706 0.76300001
0.2082143 0.0037857327 0.79500002
0.20670001 0.0037857327 0.79500002
0.20466954 0.0037762085 0.79300004
0.20264667 0.0037666846 0.79100001
0.20114 0.0037666846 0.79100001
0.19963335 0.0037666843 0.79100001
0.19812667 0.0037666841 0.79100001
0.19662 0.0037666841 0.79100001
0.19462001 0.0037571599 0.78900003
0.19311716 0.0037571599 0.78900003
0.1916143 0.0037571597 0.78900003
0.18938857 0.0037428739 0.78600001
0.18789144 0.0037428739 0.78600001
0.18592 0.0037333497 0.78400004
0.18395619 0.0037238258 0.78200006
0.18246667 0.0037238258 0.78200006
0.18097715 0.0037238256 0.78200006
0.17948763 0.0037238253 0.78200006
0.17754287 0.0037143014 0.78000003
0.17605714 0.0037143012 0.78000003
0.17457144 0.0037143012 0.78000003
0.17308572 0.0037143009 0.78000003
0.17138001 0.0037095388 0.77900004
0.16946001 0.0037000151 0.77700001
0.16798 0.0037000149 0.77700001
0.16607143 0.0036904907 0.77500004
0.16417049 0.003680967 0.77300006
0.1626981 0.0036809668 0.77300006
0.16101715 0.0036762045 0.77200001
0.15954667 0.0036762045 0.77200001
0.15766667 0.0036666805 0.77000004
0.15660572 0.0036762042 0.77200001
0.15433143 0.0036571566 0.76800001
0.15286858 0.0036571564 0.76800001
0.14825143 0.0035809656 0.75200003
0.14701429 0.0035857272 0.75300002
0.14558001 0.0035857272 0.75300002
0.14414571 0.003585727 0.75300002
0.14271143 0.003585727 0.75300002
0.14165239 0.0035952507 0.75500005
0.14021429 0.0035952507 0.75500005
0.1387762 0.0035952504 0.75500005
0.13697429 0.0035857263 0.75300002
0.13590001 0.0035952502 0.75500005
0.13446191 0.00359525 0.75500005
0.13355239 0.0036095355 0.75800002
0.13263144 0.0036238213 0.76100004
0.13118191 0.0036238211 0.76100004
0.13092571 0.0036571545 0.76800001
0.12946287 0.0036571545 0.76800001
0.12800001 0.0036571543 0.76800001
0.12653714 0.0036571543 0.76800001
0.1250743 0.003657154 0.76800001
0.12361144 0.0036571538 0.76800001
0.12198953 0.0036523917 0.76700002
0.12052858 0.0036523915 0.76700002
0.11875714 0.0036428678 0.76500005
0.11699334 0.0036333436 0.76300001
0.11554001 0.0036333434 0.76300001
0.11408667 0.0036333434 0.76300001
0.1123381 0.0036238194 0.76100004
0.11118001 0.0036333431 0.76300001
0.10972667 0.0036333429 0.76300001
0.10827333 0.0036333429 0.76300001
0.10682 0.0036333427 0.76300001
0.050140001 0.0036333378 0.76300001
0.048686668 0.0036333376 0.76300001
0.047233336 0.0036333376 0.76300001
0.045780003 0.0036333373 0.76300001
0.044326667 0.0036333373 0.76300001
0.042873334 0.0036333371 0.76300001
0.038513336 0.0036333366 0.76300001
0.03706 0.0036333366 0.76300001
0.035606667 0.0036333364 0.76300001
0.21204001 0.0022800188 0.79800004
0.2102562 0.0022771612 0.79700005
0.2082143 0.0022714469 0.79500002
0.20670001 0.0022714469 0.79500002
0.20466954 0.0022657323 0.79300004
0.20315905 0.002265732 0.79300004
0.20114 0.0022600177 0.79100001
0.19963335 0.0022600174 0.79100001
0.19812667 0.0022600172 0.79100001
0.19612287 0.0022543031 0.78900003
0.19462001 0.0022543028 0.78900003
0.19311716 0.0022543028 0.78900003
0.19137144 0.0022514453 0.78800005
0.18938857 0.002245731 0.78600001
0.18789144 0.002245731 0.78600001
0.18592 0.0022400164 0.78400004
0.18395619 0.0022343018 0.78200006
0.18246667 0.0022343018 0.78200006
0.18097715 0.0022343015 0.78200006
0.17948763 0.0022343013 0.78200006
0.17754287 0.0022285872 0.78000003
0.17605714 0.0022285869 0.78000003
0.17457144 0.0022285869 0.78000003
0.17308572 0.0022285867 0.78000003
0.17138001 0.0022257292 0.77900004
0.16946001 0.002220015 0.77700001
0.16798 0.0022200148 0.77700001
0.16564286 0.0022085859 0.77300006
0.16417049 0.0022085859 0.77300006
0.1626981 0.0022085856 0.77300006
0.16101715 0.0022057283 0.77200001
0.15954667 0.0022057283 0.77200001
0.15766667 0.0022000137 0.77000004
0.15660572 0.0022057281 0.77200001
0.15011144 0.0021342989 0.74700004
0.14888762 0.002137156 0.74800003
0.14746286 0.0021371557 0.74800003
0.1460381 0.0021371557 0.74800003
0.14500001 0.0021428699 0.75000006
0.14395429 0.002148584 0.75200003
0.1425219 0.002148584 0.75200003
0.14108953 0.0021485838 0.75200003
0.13984287 0.0021514411 0.75300002
0.13840857 0.0021514408 0.75300002
0.13697429 0.0021514406 0.75300002
0.13590001 0.0021571547 0.75500005
0.13464001 0.002160012 0.75600004
0.13390477 0.0021714403 0.76000005
0.13263144 0.0021742973 0.76100004
0.13187143 0.0021857261 0.76500005
0.13075525 0.00219144 0.76700002
0.12946287 0.0021942973 0.76800001
0.12833335 0.0022000112 0.77000004
0.12686667 0.0022000112 0.77000004
0.1250743 0.0021942968 0.76800001
0.12361144 0.0021942966 0.76800001
0.12214857 0.0021942966 0.76800001
0.12052858 0.002191439 0.76700002
0.11875714 0.0021857249 0.76500005
0.1173 0.0021857247 0.76500005
0.11554001 0.0021800101 0.76300001
0.11408667 0.0021800101 0.76300001
0.11263334 0.0021800098 0.76300001
0.11118001 0.0021800098 0.76300001
0.10972667 0.0021800096 0.76300001
0.10855715 0.002185724 0.76500005
0.1071 0.0021857237 0.76500005
0.10564286 0.0021857237 0.76500005
0.089309528 0.0022142937 0.77500004
0.087833337 0.0022142935 0.77500004
0.086357147 0.0022142932 0.77500004
0.084661908 0.0022085789 0.77300006
0.083189525 0.0022085786 0.77300006
0.081611432 0.0022057216 0.77200001
0.080140956 0.0022057213 0.77200001
0.051593333 0.0021800045 0.76300001
0.050140001 0.0021800045 0.76300001
0.048686668 0.0021800043 0.76300001
0.047233336 0.0021800043 0.76300001
0.045780003 0.002180004 0.76300001
0.044326667 0.002180004 0.76300001
0.042873334 0.0021800038 0.76300001
0.041528571 0.0021857182 0.76500005
0.040071432 0.0021857179 0.76500005
0.038513336 0.0021800033 0.76300001
0.03706 0.0021800033 0.76300001
0.035606667 0.0021800031 0.76300001
0.034153335 0.0021800031 0.76300001
0.21204001 0.00076001853 0.79800004
0.2102562 0.00075906602 0.79700005
0.2087381 0.00075906591 0.79700005
0.20670001 0.00075716095 0.79500002
0.20466954 0.00075525598 0.79300004
0.20264667 0.00075335108 0.79100001
0.20063144 0.00075144612 0.78900003
0.19912858 0.000751446 0.78900003
0.19762573 0.00075144588 0.78900003
0.19612287 0.00075144577 0.78900003
0.19462001 0.00075144559 0.78900003
0.19311716 0.00075144548 0.78900003
0.19137144 0.00075049291 0.78800005
0.18938857 0.00074858801 0.78600001
0.18741333 0.00074668304 0.78400004
0.18592 0.00074668293 0.78400004
0.18395619 0.00074477802 0.78200006
0.18246667 0.00074477791 0.78200006
0.18097715 0.00074477779 0.78200006
0.17948763 0.00074477767 0.78200006
0.17754287 0.00074287271 0.78000003
0.17605714 0.00074287254 0.78000003
0.17457144 0.00074287242 0.78000003
0.17308572 0.0007428723 0.78000003
0.17138001 0.00074191974 0.77900004
0.16946001 0.00074001489 0.77700001
0.16798 0.00074001472 0.77700001
0.16607143 0.00073810975 0.77500004
0.16417049 0.00073620491 0.77300006
0.1626981 0.00073620473 0.77300006
0.16122572 0.00073620462 0.77300006
0.15954667 0.00073525211 0.77200001
0.1580762 0.00073525193 0.77200001
0.15153429 0.00071144185 0.74700004
0.15011144 0.00071144168 0.74700004
0.14868857 0.00071144156 0.74700004
0.14746286 0.00071239384 0.74800003
0.1460381 0.00071239372 0.74800003
0.14500001 0.00071429845 0.75000006
0.14395429 0.00071620307 0.75200003
0.1425219 0.00071620295 0.75200003
0.14108953 0.00071620283 0.75200003
0.13984287 0.00071715511 0.75300002
0.13840857 0.000717155 0.75300002
0.13697429 0.00071715488 0.75300002
0.13590001 0.00071905949 0.75500005
0.13464001 0.00072001177 0.75600004
0.13390477 0.00072382123 0.76000005
0.13263144 0.0007247735 0.76100004
0.13187143 0.00072858296 0.76500005
0.13041429 0.00072858285 0.76500005
0.12946287 0.00073143991 0.76800001
0.12800001 0.0007314398 0.76800001
0.12686667 0.00073334447 0.77000004
0.1250743 0.00073143956 0.76800001
0.12393334 0.00073334418 0.77000004
0.12214857 0.00073143927 0.76800001
0.12068572 0.00073143916 0.76800001
0.11906762 0.00073048664 0.76700002
0.11760667 0.00073048653 0.76700002
0.11584286 0.00072858157 0.76500005
0.11408667 0.00072667666 0.76300001
0.11263334 0.00072667655 0.76300001
0.11118001 0.00072667643 0.76300001
0.10972667 0.00072667631 0.76300001
0.10827333 0.0007266762 0.76300001
0.1085 0.00073810475 0.77500004
0.10702381 0.00073810463 0.77500004
0.10554762 0.00073810451 0.77500004
0.10407143 0.00073810434 0.77500004
0.09226191 0.00073810335 0.77500004
0.090785719 0.00073810318 0.77500004
0.089309528 0.00073810306 0.77500004
0.087833337 0.00073810294 0.77500004
0.086357147 0.00073810283 0.77500004
0.084661908 0.00073619792 0.77300006
0.083189525 0.00073619781 0.77300006
0.0814 0.00073334045 0.77000004
0.079933338 0.00073334033 0.77000004
0.078466669 0.00073334022 0.77000004
0.077 0.0007333401 0.77000004
0.075239047 0.0007304828 0.76700002
0.073585719 0.0007285779 0.76500005
0.071940005 0.000726673 0.76300001
0.070671432 0.00072857761 0.76500005
0.069214292 0.00072857749 0.76500005
0.067757145 0.00072857738 0.76500005
0.066300005 0.00072857726 0.76500005
0.064842857 0.00072857708 0.76500005
0.063551433 0.00073048176 0.76700002
0.062090479 0.00073048164 0.76700002
0.06047143 0.00072857674 0.76500005
0.059014287 0.00072857662 0.76500005
0.057406668 0.00072667171 0.76300001
0.055953335 0.0007266716 0.76300001
0.054500002 0.00072667148 0.76300001
0.05304667 0.00072667137 0.76300001
0.051593333 0.00072667119 0.76300001
0.050008573 0.00072476629 0.76100004
0.048686668 0.00072667096 0.76300001
0.047233336 0.00072667084 0.76300001
0.045780003 0.00072667073 0.76300001
0.044326667 0.00072667061 0.76300001
0.042873334 0.00072667043 0.76300001
0.041528571 0.00072857505 0.76500005
0.040071432 0.00072857493 0.76500005
0.038513336 0.00072667008 0.76300001
0.03706 0.00072666997 0.76300001
0.035606667 0.00072666979 0.76300001
0.034153335 0.00072666968 0.76300001
0.21257144 -0.00076188624 0.80000001
0.2102562 -0.00075902924 0.79700005
0.2087381 -0.00075902935 0.79700005
0.20670001 -0.00075712486 0.79500002
0.20466954 -0.00075522024 0.79300004
0.20315905 -0.00075522036 0.79300004
0.20063144 -0.00075141108 0.78900003
0.19912858 -0.00075141119 0.78900003
0.19762573 -0.00075141131 0.78900003
0.19612287 -0.00075141143 0.78900003
0.19462001 -0.0007514116 0.78900003
0.19311716 -0.00075141172 0.78900003
0.19137144 -0.0007504595 0.78800005
0.18938857 -0.00074855494 0.78600001
0.18789144 -0.00074855506 0.78600001
0.18592 -0.00074665045 0.78400004
0.18395619 -0.00074474589 0.78200006
0.18246667 -0.00074474601 0.78200006
0.18097715 -0.00074474612 0.78200006
0.17948763 -0.00074474624 0.78200006
0.1779981 -0.00074474642 0.78200006
0.17605714 -0.0007428418 0.78000003
0.17457144 -0.00074284192 0.78000003
0.17308572 -0.00074284204 0.78000003
0.1716 -0.00074284215 0.78000003
0.1698962 -0.00074188993 0.77900004
0.16841239 -0.00074189005 0.77900004
0.16607143 -0.00073808077 0.77500004
0.16459525 -0.00073808088 0.77500004
0.1626981 -0.00073617633 0.77300006
0.16122572 -0.00073617644 0.77300006
0.15975334 -0.00073617656 0.77300006
0.15254763 -0.00070951052 0.74500006
0.15153429 -0.00071141531 0.74700004
0.15011144 -0.00071141549 0.74700004
0.14868857 -0.0007114156 0.74700004
0.14726572 -0.00071141572 0.74700004
0.1460381 -0.00071236823 0.74800003
0.14461334 -0.00071236835 0.74800003
0.14357144 -0.00071427319 0.75000006
0.14214286 -0.00071427337 0.75000006
0.14108953 -0.00071617815 0.75200003
0.13965715 -0.00071617827 0.75200003
0.13840857 -0.00071713078 0.75300002
0.13697429 -0.0007171309 0.75300002
0.13590001 -0.00071903574 0.75500005
0.13464001 -0.00071998825 0.75600004
0.13390477 -0.00072379783 0.76000005
0.13263144 -0.00072475034 0.76100004
0.13238858 -0.00073141704 0.76800001
0.13126667 -0.00073332188 0.77000004
0.12980001 -0.000733322 0.77000004
0.12866667 -0.0007352269 0.77200001
0.12719619 -0.00073522702 0.77200001
0.12540001 -0.00073332241 0.77000004
0.12425524 -0.00073522725 0.77200001
0.12278476 -0.00073522743 0.77200001
0.12131429 -0.00073522754 0.77200001
0.11984381 -0.00073522766 0.77200001
0.11837333 -0.00073522778 0.77200001
0.11690286 -0.00073522789 0.77200001
0.11468477 -0.00073046621 0.76700002
0.11322381 -0.00073046633 0.76700002
0.11322001 -0.00073999015 0.77700001
0.11174 -0.00073999027 0.77700001
0.11026 -0.00073999038 0.77700001
0.10878 -0.00073999056 0.77700001
0.10702381 -0.00073808589 0.77500004
0.10554762 -0.000738086 0.77500004
0.10407143 -0.00073808618 0.77500004
0.10259524 -0.0007380863 0.77500004
0.1008581 -0.00073618174 0.77300006
0.099385716 -0.00073618186 0.77300006
0.09791334 -0.00073618197 0.77300006
0.096316196 -0.0007352297 0.77200001
0.094600007 -0.00073332508 0.77000004
0.093133338 -0.0007333252 0.77000004
0.091666669 -0.00073332532 0.77000004
0.090551428 -0.00073618261 0.77300006
0.089079052 -0.00073618273 0.77300006
0.087493338 -0.00073523051 0.77200001
0.086022861 -0.00073523063 0.77200001
0.084552385 -0.00073523074 0.77200001
0.083081909 -0.00073523086 0.77200001
0.0814 -0.00073332625 0.77000004
0.07972572 -0.00073142163 0.76800001
0.078262858 -0.00073142175 0.76800001
0.076800004 -0.00073142193 0.76800001
0.075239047 -0.00073046965 0.76700002
0.073585719 -0.00072856498 0.76500005
0.071940005 -0.00072666042 0.76300001
0.070856191 -0.00073047006 0.76700002
0.069395244 -0.00073047017 0.76700002
0.067757145 -0.0007285655 0.76500005
0.066300005 -0.00072856562 0.76500005
0.06501238 -0.00073047052 0.76700002
0.063551433 -0.0007304707 0.76700002
0.062090479 -0.00073047081 0.76700002
0.06047143 -0.00072856614 0.76500005
0.058860004 -0.00072666159 0.76300001
0.057406668 -0.0007266617 0.76300001
0.055953335 -0.00072666182 0.76300001
0.054500002 -0.00072666194 0.76300001
0.05304667 -0.00072666205 0.76300001
0.051593333 -0.00072666223 0.76300001
0.050140001 -0.00072666234 0.76300001
0.048686668 -0.00072666246 0.76300001
0.047233336 -0.00072666258 0.76300001
0.045780003 -0.00072666269 0.76300001
0.044326667 -0.00072666281 0.76300001
0.042873334 -0.00072666298 0.76300001
0.041420002 -0.0007266631 0.76300001
0.039966669 -0.00072666322 0.76300001
0.038513336 -0.00072666333 0.76300001
0.03706 -0.00072666345 0.76300001
0.035513334 -0.00072475884 0.76100004
0.034063812 -0.00072475895 0.76100004
0.21257144 -0.0022856956 0.80000001
0.21052001 -0.0022799817 0.79800004
0.2087381 -0.0022771247 0.79700005
0.20670001 -0.0022714105 0.79500002
0.20466954 -0.0022656964 0.79300004
0.20315905 -0.0022656966 0.79300004
0.20114 -0.0022599823 0.79100001
0.19912858 -0.0022542684 0.78900003
0.19762573 -0.0022542686 0.78900003
0.19612287 -0.0022542686 0.78900003
0.19462001 -0.0022542689 0.78900003
0.19311716 -0.0022542689 0.78900003
0.19137144 -0.0022514118 0.78800005
0.18987048 -0.002251412 0.78800005
0.18789144 -0.0022456979 0.78600001
0.18639429 -0.0022456981 0.78600001
0.18442668 -0.002239984 0.78400004
0.18293335 -0.002239984 0.78400004
0.18097715 -0.0022342699 0.78200006
0.17948763 -0.0022342701 0.78200006
0.1779981 -0.0022342701 0.78200006
0.17650858 -0.0022342703 0.78200006
0.17457144 -0.0022285562 0.78000003
0.17352954 -0.0022342706 0.78200006
0.1716 -0.0022285567 0.78000003
0.17011429 -0.0022285567 0.78000003
0.16841239 -0.0022256996 0.77900004
0.16607143 -0.0022142713 0.77500004
0.16459525 -0.0022142713 0.77500004
0.1626981 -0.0022085572 0.77300006
0.16122572 -0.0022085572 0.77300006
0.15334667 -0.0021199866 0.74200004
0.15254763 -0.0021285582 0.74500006
0.15112858 -0.0021285582 0.74500006
0.14970952 -0.0021285585 0.74500006
0.14829049 -0.0021285585 0.74500006
0.14726572 -0.0021342731 0.74700004
0.14584287 -0.0021342731 0.74700004
0.14461334 -0.0021371304 0.74800003
0.14357144 -0.0021428447 0.75000006
0.14214286 -0.002142845 0.75000006
0.14108953 -0.0021485591 0.75200003
0.13965715 -0.0021485593 0.75200003
0.13822477 -0.0021485593 0.75200003
0.13697429 -0.0021514168 0.75300002
0.13590001 -0.002157131 0.75500005
0.13464001 -0.0021599883 0.75600004
0.1332 -0.0021599885 0.75600004
0.13507143 -0.0022142739 0.77500004
0.13359524 -0.0022142741 0.77500004
0.13177811 -0.00220856 0.77300006
0.13013715 -0.0022057029 0.77200001
0.12883334 -0.0022085602 0.77300006
0.12736095 -0.0022085602 0.77300006
0.12588857 -0.0022085605 0.77300006
0.12441619 -0.0022085605 0.77300006
0.12294381 -0.0022085607 0.77300006
0.12147143 -0.0022085607 0.77300006
0.12030953 -0.0022142753 0.77500004
0.11883334 -0.0022142753 0.77500004
0.11735715 -0.0022142755 0.77500004
0.11618 -0.0022199899 0.77700001
0.1147 -0.0022199901 0.77700001
0.11322001 -0.0022199901 0.77700001
0.11174 -0.0022199904 0.77700001
0.11026 -0.0022199906 0.77700001
0.10878 -0.0022199906 0.77700001
0.10730001 -0.0022199908 0.77700001
0.10554762 -0.0022142765 0.77500004
0.10407143 -0.0022142767 0.77500004
0.10233048 -0.0022085626 0.77300006
0.1008581 -0.0022085626 0.77300006
0.099385716 -0.0022085628 0.77300006
0.09791334 -0.0022085628 0.77300006
0.096316196 -0.002205706 0.77200001
0.094600007 -0.0021999916 0.77000004
0.093133338 -0.0021999918 0.77000004
0.091666669 -0.0021999921 0.77000004
0.090200007 -0.0021999921 0.77000004
0.088733338 -0.0021999923 0.77000004
0.087266669 -0.0021999923 0.77000004
0.085577145 -0.0021942784 0.76800001
0.084114291 -0.0021942784 0.76800001
0.082651429 -0.0021942786 0.76800001
0.081082858 -0.0021914216 0.76700002
0.079621911 -0.0021914216 0.76700002
0.077957146 -0.0021857077 0.76500005
0.076500006 -0.0021857077 0.76500005
0.075042859 -0.0021857079 0.76500005
0.073393337 -0.0021799935 0.76300001
0.071940005 -0.0021799938 0.76300001
0.070486672 -0.002179994 0.76300001
0.069214292 -0.0021857084 0.76500005
0.067757145 -0.0021857086 0.76500005
0.066300005 -0.0021857086 0.76500005
0.064842857 -0.0021857088 0.76500005
0.063385718 -0.0021857088 0.76500005
0.062090479 -0.0021914232 0.76700002
0.06047143 -0.0021857091 0.76500005
0.059014287 -0.0021857093 0.76500005
0.057406668 -0.0021799949 0.76300001
0.055953335 -0.0021799952 0.76300001
0.054500002 -0.0021799954 0.76300001
0.05304667 -0.0021799954 0.76300001
0.051593333 -0.0021799956 0.76300001
0.050140001 -0.0021799956 0.76300001
0.048686668 -0.0021799959 0.76300001
0.047109526 -0.0021742815 0.76100004
0.045780003 -0.0021799961 0.76300001
0.044326667 -0.0021799961 0.76300001
0.042873334 -0.0021799963 0.76300001
0.041420002 -0.0021799963 0.76300001
0.039966669 -0.0021799966 0.76300001
0.038513336 -0.0021799968 0.76300001
0.03706 -0.0021799968 0.76300001
0.035513334 -0.0021742827 0.76100004
0.034063812 -0.0021742827 0.76100004
0.21257144 -0.0038095054 0.80000001
0.21052001 -0.0037999817 0.79800004
0.2087381 -0.0037952201 0.79700005
0.20722 -0.0037952201 0.79700005
0.20518573 -0.0037856966 0.79500002
0.20315905 -0.0037761729 0.79300004
0.20114 -0.0037666492 0.79100001
0.19912858 -0.0037571255 0.78900003
0.19762573 -0.0037571257 0.78900003
0.19612287 -0.0037571257 0.78900003
0.19462001 -0.0037571259 0.78900003
0.19311716 -0.0037571259 0.78900003
0.19137144 -0.0037523643 0.78800005
0.18987048 -0.0037523645 0.78800005
0.18836953 -0.0037523645 0.78800005
0.18686858 -0.0037523648 0.78800005
0.18442668 -0.0037333174 0.78400004
0.18293335 -0.0037333174 0.78400004
0.18144001 -0.0037333176 0.78400004
0.17948763 -0.0037237941 0.78200006
0.1779981 -0.0037237941 0.78200006
0.17650858 -0.0037237944 0.78200006
0.17457144 -0.0037142704 0.78000003
0.17352954 -0.0037237946 0.78200006
0.1716 -0.0037142709 0.78000003
0.1698962 -0.003709509 0.77900004
0.15868382 -0.0034952243 0.73400003
0.15728572 -0.0034952245 0.73400003
0.15546286 -0.0034857008 0.73200005
0.15406857 -0.0034857008 0.73200005
0.15371715 -0.0035095105 0.73700005
0.15334667 -0.00353332 0.74200004
0.15193334 -0.0035333203 0.74200004
0.15072286 -0.0035380821 0.74300003
0.14970952 -0.0035476061 0.74500006
0.14829049 -0.0035476061 0.74500006
0.14726572 -0.0035571302 0.74700004
0.14584287 -0.0035571302 0.74700004
0.14461334 -0.0035618923 0.74800003
0.14357144 -0.003571416 0.75000006
0.14214286 -0.0035714163 0.75000006
0.14071429 -0.0035714163 0.75000006
0.13984287 -0.003585702 0.75300002
0.13822477 -0.0035809404 0.75200003
0.13697429 -0.0035857025 0.75300002
0.13590001 -0.0035952264 0.75500005
0.13464001 -0.0035999883 0.75600004
0.1332 -0.0035999885 0.75600004
0.13576858 -0.0037095121 0.77900004
0.13428476 -0.0037095123 0.77900004
0.13246 -0.0036999886 0.77700001
0.13064286 -0.0036904649 0.77500004
0.12916668 -0.0036904651 0.77500004
0.12769048 -0.0036904651 0.77500004
0.1262143 -0.0036904654 0.77500004
0.1247381 -0.0036904654 0.77500004
0.12326191 -0.0036904656 0.77500004
0.1221 -0.0036999895 0.77700001
0.12062 -0.0036999898 0.77700001
0.11914001 -0.0036999898 0.77700001
0.11766 -0.00369999 0.77700001
0.11647905 -0.0037095137 0.77900004
0.11499524 -0.0037095139 0.77900004
0.11351144 -0.0037095139 0.77900004
0.11174 -0.0036999905 0.77700001
0.11026 -0.0036999907 0.77700001
0.10878 -0.0036999907 0.77700001
0.10730001 -0.0036999909 0.77700001
0.10554762 -0.003690467 0.77500004
0.10407143 -0.0036904672 0.77500004
0.10233048 -0.0036809437 0.77300006
0.1008581 -0.0036809437 0.77300006
0.099385716 -0.003680944 0.77300006
0.097786672 -0.0036761819 0.77200001
0.096316196 -0.0036761821 0.77200001
0.094600007 -0.0036666584 0.77000004
0.093133338 -0.0036666587 0.77000004
0.091666669 -0.0036666589 0.77000004
0.090200007 -0.0036666589 0.77000004
0.088733338 -0.0036666591 0.77000004
0.08704 -0.0036571354 0.76800001
0.085577145 -0.0036571356 0.76800001
0.084114291 -0.0036571356 0.76800001
0.082543813 -0.0036523738 0.76700002
0.081082858 -0.003652374 0.76700002
0.079414286 -0.0036428503 0.76500005
0.077957146 -0.0036428506 0.76500005
0.076500006 -0.0036428506 0.76500005
0.075042859 -0.0036428508 0.76500005
0.073585719 -0.0036428508 0.76500005
0.071940005 -0.0036333271 0.76300001
0.070486672 -0.0036333273 0.76300001
0.069214292 -0.0036428513 0.76500005
0.067757145 -0.0036428515 0.76500005
0.066126667 -0.0036333275 0.76300001
0.064673334 -0.0036333278 0.76300001
0.063385718 -0.0036428517 0.76500005
0.061928574 -0.003642852 0.76500005
0.06047143 -0.003642852 0.76500005
0.059014287 -0.0036428522 0.76500005
0.057557143 -0.0036428522 0.76500005
0.055953335 -0.0036333285 0.76300001
0.054500002 -0.0036333287 0.76300001
0.05304667 -0.0036333287 0.76300001
0.051593333 -0.0036333289 0.76300001
0.050140001 -0.0036333289 0.76300001
0.048686668 -0.0036333292 0.76300001
0.047109526 -0.0036238055 0.76100004
0.045780003 -0.0036333294 0.76300001
0.044326667 -0.0036333294 0.76300001
0.042873334 -0.0036333296 0.76300001
0.041420002 -0.0036333296 0.76300001
0.039966669 -0.0036333299 0.76300001
0.038513336 -0.0036333301 0.76300001
0.03706 -0.0036333301 0.76300001
0.035513334 -0.0036238066 0.76100004
0.034063812 -0.0036238066 0.76100004
0.21409525 -0.0053333151 0.80000001
0.21257144 -0.0053333151 0.80000001
0.21052001 -0.0053199814 0.79800004
0.2087381 -0.0053133154 0.79700005
0.20722 -0.0053133154 0.79700005
0.20518573 -0.0052999821 0.79500002
0.20367144 -0.0052999826 0.79500002
0.20164858 -0.0052866493 0.79300004
0.19963335 -0.0052733165 0.79100001
0.19762573 -0.0052599828 0.78900003
0.19662 -0.0052733165 0.79100001
0.19462001 -0.0052599828 0.78900003
0.19311716 -0.0052599832 0.78900003
0.1916143 -0.0052599832 0.78900003
0.18987048 -0.0052533168 0.78800005
0.18836953 -0.0052533173 0.78800005
0.18686858 -0.0052533173 0.78800005
0.18489715 -0.005239984 0.78600001
0.18340001 -0.0052399845 0.78600001
0.18144001 -0.0052266512 0.78400004
0.17994668 -0.0052266512 0.78400004
0.17845334 -0.0052266512 0.78400004
0.17650858 -0.0052133179 0.78200006
0.17501906 -0.0052133179 0.78200006
0.17352954 -0.0052133179 0.78200006
0.1716 -0.0051999851 0.78000003
0.1698962 -0.0051933187 0.77900004
0.15868382 -0.0048933197 0.73400003
0.15728572 -0.0048933197 0.73400003
0.15546286 -0.0048799869 0.73200005
0.15512095 -0.0049133198 0.73700005
0.15371715 -0.0049133198 0.73700005
0.15293334 -0.00493332 0.74000001
0.15193334 -0.0049466533 0.74200004
0.15112858 -0.0049666539 0.74500006
0.14970952 -0.0049666539 0.74500006
0.14868857 -0.0049799872 0.74700004
0.14726572 -0.0049799872 0.74700004
0.1460381 -0.0049866545 0.74800003
0.14461334 -0.0049866545 0.74800003
0.14357144 -0.0049999878 0.75000006
0.14214286 -0.0049999878 0.75000006
0.14071429 -0.0049999882 0.75000006
0.13965715 -0.0050133215 0.75200003
0.13822477 -0.0050133215 0.75200003
0.13697429 -0.0050199879 0.75300002
0.13590001 -0.0050333212 0.75500005
0.13446191 -0.0050333217 0.75500005
0.13302381 -0.0050333217 0.75500005
0.13594286 -0.0051999879 0.78000003
0.13445714 -0.0051999884 0.78000003
0.13280095 -0.005193322 0.77900004
0.13098 -0.0051799887 0.77700001
0.1295 -0.0051799892 0.77700001
0.12802 -0.0051799892 0.77700001
0.12654001 -0.0051799892 0.77700001
0.12506001 -0.0051799896 0.77700001
0.12358 -0.0051799896 0.77700001
0.1221 -0.0051799896 0.77700001
0.12093048 -0.0051933229 0.77900004
0.11944667 -0.0051933234 0.77900004
0.11796286 -0.0051933234 0.77900004
0.11662857 -0.0051999898 0.78000003
0.11499524 -0.0051933234 0.77900004
0.11351144 -0.0051933238 0.77900004
0.11174 -0.0051799905 0.77700001
0.11026 -0.0051799905 0.77700001
0.10878 -0.005179991 0.77700001
0.10730001 -0.005179991 0.77700001
0.10554762 -0.0051666577 0.77500004
0.10407143 -0.0051666577 0.77500004
0.10233048 -0.0051533245 0.77300006
0.1008581 -0.0051533245 0.77300006
0.099385716 -0.0051533245 0.77300006
0.097786672 -0.0051466585 0.77200001
0.096066669 -0.0051333252 0.77000004
0.094600007 -0.0051333252 0.77000004
0.092891432 -0.0051199924 0.76800001
0.091666669 -0.0051333257 0.77000004
0.090200007 -0.0051333257 0.77000004
0.088502862 -0.0051199924 0.76800001
0.08704 -0.0051199929 0.76800001
0.085465714 -0.005113326 0.76700002
0.084004767 -0.005113326 0.76700002
0.082543813 -0.0051133265 0.76700002
0.080871433 -0.0050999932 0.76500005
0.079414286 -0.0050999932 0.76500005
0.077957146 -0.0050999932 0.76500005
0.076500006 -0.0050999937 0.76500005
0.075042859 -0.0050999937 0.76500005
0.073585719 -0.0050999937 0.76500005
0.071940005 -0.0050866604 0.76300001
0.070671432 -0.0050999941 0.76500005
0.069214292 -0.0050999941 0.76500005
0.067757145 -0.0050999941 0.76500005
0.066126667 -0.0050866613 0.76300001
0.064842857 -0.0050999946 0.76500005
0.063385718 -0.0050999946 0.76500005
0.061928574 -0.0050999946 0.76500005
0.06047143 -0.0050999951 0.76500005
0.059014287 -0.0050999951 0.76500005
0.057557143 -0.0050999951 0.76500005
0.056100003 -0.0050999951 0.76500005
0.054500002 -0.0050866622 0.76300001
0.053185716 -0.0050999955 0.76500005
0.051728573 -0.0050999955 0.76500005
0.050140001 -0.0050866627 0.76300001
0.048686668 -0.0050866627 0.76300001
0.047233336 -0.0050866627 0.76300001
0.045780003 -0.0050866627 0.76300001
0.044326667 -0.0050866632 0.76300001
0.042873334 -0.0050866632 0.76300001
0.041420002 -0.0050866632 0.76300001
0.039966669 -0.0050866632 0.76300001
0.038513336 -0.0050866636 0.76300001
0.03706 -0.0050866636 0.76300001
0.035513334 -0.0050733304 0.76100004
0.034063812 -0.0050733308 0.76100004
0.21257144 -0.0068571246 0.80000001
0.21052001 -0.0068399818 0.79800004
0.2087381 -0.0068314108 0.79700005
0.20722 -0.0068314108 0.79700005
0.20518573 -0.006814268 0.79500002
0.20367144 -0.0068142684 0.79500002
0.20164858 -0.0067971256 0.79300004
0.19963335 -0.0067799832 0.79100001
0.19812667 -0.0067799832 0.79100001
0.19662 -0.0067799832 0.79100001
0.19511335 -0.0067799832 0.79100001
0.19360667 -0.0067799836 0.79100001
0.1916143 -0.0067628408 0.78900003
0.18987048 -0.0067542694 0.78800005
0.18836953 -0.0067542698 0.78800005
0.18686858 -0.0067542698 0.78800005
0.18489715 -0.006737127 0.78600001
0.18340001 -0.0067371274 0.78600001
0.18190287 -0.0067371274 0.78600001
0.18040572 -0.0067371274 0.78600001
0.17845334 -0.0067199846 0.78400004
0.17696001 -0.006719985 0.78400004
0.17546667 -0.006719985 0.78400004
0.17397334 -0.006719985 0.78400004
0.16008191 -0.0062914146 0.73400003
0.15868382 -0.0062914146 0.73400003
0.15728572 -0.0062914146 0.73400003
0.15546286 -0.0062742722 0.73200005
0.15491048 -0.0063085579 0.73600006
0.15350857 -0.0063085579 0.73600006
0.15231334 -0.0063171294 0.73700005
0.15131906 -0.0063342727 0.73900002
0.15112858 -0.0063857017 0.74500006
0.15011144 -0.0064028446 0.74700004
0.14868857 -0.0064028446 0.74700004
0.14726572 -0.0064028446 0.74700004
0.14584287 -0.006402845 0.74700004
0.14461334 -0.0064114165 0.74800003
0.14357144 -0.0064285593 0.75000006
0.14214286 -0.0064285593 0.75000006
0.14071429 -0.0064285598 0.75000006
0.13965715 -0.0064457026 0.75200003
0.13822477 -0.0064457026 0.75200003
0.13697429 -0.0064542741 0.75300002
0.13590001 -0.0064714169 0.75500005
0.13446191 -0.0064714174 0.75500005
0.13778096 -0.0067028455 0.78200006
0.13594286 -0.0066857026 0.78000003
0.13445714 -0.0066857031 0.78000003
0.13280095 -0.0066771316 0.77900004
0.13131715 -0.0066771316 0.77900004
0.1295 -0.0066599892 0.77700001
0.12834953 -0.0066771321 0.77900004
0.12686571 -0.0066771321 0.77900004
0.12506001 -0.0066599897 0.77700001
0.1238981 -0.0066771326 0.77900004
0.12241429 -0.0066771326 0.77900004
0.12093048 -0.0066771326 0.77900004
0.11960001 -0.0066857045 0.78000003
0.11811429 -0.0066857045 0.78000003
0.11662857 -0.0066857045 0.78000003
0.11499524 -0.006677133 0.77900004
0.11351144 -0.0066771335 0.77900004
0.11174 -0.0066599906 0.77700001
0.11026 -0.0066599906 0.77700001
0.10878 -0.0066599911 0.77700001
0.10730001 -0.0066599911 0.77700001
0.10554762 -0.0066428483 0.77500004
0.10407143 -0.0066428483 0.77500004
0.1021981 -0.0066171344 0.77200001
0.1008581 -0.0066257059 0.77300006
0.099257149 -0.0066171344 0.77200001
0.097786672 -0.0066171349 0.77200001
0.096066669 -0.006599992 0.77000004
0.094600007 -0.006599992 0.77000004
0.093133338 -0.0065999925 0.77000004
0.091666669 -0.0065999925 0.77000004
0.089965716 -0.0065828497 0.76800001
0.088502862 -0.0065828497 0.76800001
0.08704 -0.0065828501 0.76800001
0.085465714 -0.0065742787 0.76700002
0.084004767 -0.0065742787 0.76700002
0.082543813 -0.0065742792 0.76700002
0.080871433 -0.0065571363 0.76500005
0.079414286 -0.0065571363 0.76500005
0.077957146 -0.0065571363 0.76500005
0.076500006 -0.0065571368 0.76500005
0.075042859 -0.0065571368 0.76500005
0.073585719 -0.0065571368 0.76500005
0.071940005 -0.0065399939 0.76300001
0.070671432 -0.0065571372 0.76500005
0.069214292 -0.0065571372 0.76500005
0.067757145 -0.0065571372 0.76500005
0.066300005 -0.0065571377 0.76500005
0.064842857 -0.0065571377 0.76500005
0.063385718 -0.0065571377 0.76500005
0.061928574 -0.0065571377 0.76500005
0.06047143 -0.0065571382 0.76500005
0.059014287 -0.0065571382 0.76500005
0.057557143 -0.0065571382 0.76500005
0.056100003 -0.0065571382 0.76500005
0.05464286 -0.0065571386 0.76500005
0.053185716 -0.0065571386 0.76500005
0.051863812 -0.0065742815 0.76700002
0.050271429 -0.0065571391 0.76500005
0.048814289 -0.0065571391 0.76500005
0.047233336 -0.0065399962 0.76300001
0.045900002 -0.0065571391 0.76500005
0.044442859 -0.0065571396 0.76500005
0.042873334 -0.0065399967 0.76300001
0.041420002 -0.0065399967 0.76300001
0.040071432 -0.0065571396 0.76500005
0.038614288 -0.00655714 0.76500005
0.037157144 -0.00655714 0.76500005
0.035700001 -0.00655714 0.76500005
0.034063812 -0.0065228548 0.76100004
0.21561906 -0.0083809337 0.80000001
0.21409525 -0.0083809337 0.80000001
0.21257144 -0.0083809337 0.80000001
0.21052001 -0.0083599817 0.79800004
0.2087381 -0.0083495053 0.79700005
0.20722 -0.0083495062 0.79700005
0.20518573 -0.0083285542 0.79500002
0.20367144 -0.0083285542 0.79500002
0.20164858 -0.0083076013 0.79300004
0.20013811 -0.0083076013 0.79300004
0.19862762 -0.0083076013 0.79300004
0.19711715 -0.0083076013 0.79300004
0.19560668 -0.0083076023 0.79300004
0.19360667 -0.0082866503 0.79100001
0.1916143 -0.0082656974 0.78900003
0.19059335 -0.0082866503 0.79100001
0.18860857 -0.0082656974 0.78900003
0.18686858 -0.0082552219 0.78800005
0.18536763 -0.0082552228 0.78800005
0.18340001 -0.0082342699 0.78600001
0.18236572 -0.0082552228 0.78800005
0.18086477 -0.0082552228 0.78800005
0.17890857 -0.0082342699 0.78600001
0.17786287 -0.0082552228 0.78800005
0.17636192 -0.0082552228 0.78800005
0.17397334 -0.0082133189 0.78400004
0.16008191 -0.00768951 0.73400003
0.15825143 -0.0076685576 0.73200005
0.15685715 -0.007668558 0.73200005
0.15546286 -0.007668558 0.73200005
0.15448953 -0.0076895105 0.73400003
0.15309143 -0.0076895105 0.73400003
0.15210667 -0.0077104629 0.73600006
0.15070477 -0.0077104634 0.73600006
0.14930287 -0.0077104634 0.73600006
0.15011144 -0.0078257015 0.74700004
0.14868857 -0.0078257015 0.74700004
0.14726572 -0.0078257015 0.74700004
0.14584287 -0.0078257015 0.74700004
0.14442 -0.0078257015 0.74700004
0.14357144 -0.0078571308 0.75000006
0.14214286 -0.0078571308 0.75000006
0.14071429 -0.0078571308 0.75000006
0.13965715 -0.0078780837 0.75200003
0.13822477 -0.0078780837 0.75200003
0.13679239 -0.0078780837 0.75200003
0.14112 -0.0082133217 0.78400004
0.13962667 -0.0082133217 0.78400004
0.13813333 -0.0082133217 0.78400004
0.13629143 -0.0081923688 0.78200006
0.13480191 -0.0081923688 0.78200006
0.13297144 -0.0081714178 0.78000003
0.13148572 -0.0081714178 0.78000003
0.12983334 -0.0081609413 0.77900004
0.12834953 -0.0081609413 0.77900004
0.12686571 -0.0081609413 0.77900004
0.12538192 -0.0081609413 0.77900004
0.1238981 -0.0081609413 0.77900004
0.12241429 -0.0081609422 0.77900004
0.12108572 -0.0081714187 0.78000003
0.11960001 -0.0081714187 0.78000003
0.11811429 -0.0081714187 0.78000003
0.11662857 -0.0081714187 0.78000003
0.11514286 -0.0081714187 0.78000003
0.11351144 -0.0081609422 0.77900004
0.11174 -0.0081399912 0.77700001
0.11026 -0.0081399912 0.77700001
0.10878 -0.0081399912 0.77700001
0.10702381 -0.0081190383 0.77500004
0.10527524 -0.0080980863 0.77300006
0.10380286 -0.0080980863 0.77300006
0.10193334 -0.0080666579 0.77000004
0.10046667 -0.0080666589 0.77000004
0.099000007 -0.0080666589 0.77000004
0.097533338 -0.0080666589 0.77000004
0.096066669 -0.0080666589 0.77000004
0.094600007 -0.0080666589 0.77000004
0.092891432 -0.008045706 0.76800001
0.091666669 -0.0080666589 0.77000004
0.089965716 -0.0080457069 0.76800001
0.088502862 -0.0080457069 0.76800001
0.08704 -0.0080457069 0.76800001
0.085465714 -0.0080352314 0.76700002
0.084004767 -0.0080352314 0.76700002
0.082543813 -0.0080352314 0.76700002
0.081082858 -0.0080352314 0.76700002
0.079621911 -0.0080352323 0.76700002
0.077957146 -0.0080142794 0.76500005
0.076500006 -0.0080142794 0.76500005
0.075239047 -0.0080352323 0.76700002
0.073585719 -0.0080142794 0.76500005
0.072128572 -0.0080142794 0.76500005
0.070671432 -0.0080142794 0.76500005
0.069214292 -0.0080142803 0.76500005
0.06793429 -0.0080352332 0.76700002
0.066300005 -0.0080142803 0.76500005
0.064842857 -0.0080142803 0.76500005
0.063551433 -0.0080352332 0.76700002
0.062090479 -0.0080352332 0.76700002
0.06047143 -0.0080142803 0.76500005
0.059168573 -0.0080352332 0.76700002
0.057557143 -0.0080142813 0.76500005
0.056246668 -0.0080352342 0.76700002
0.054785717 -0.0080352342 0.76700002
0.053324763 -0.0080352342 0.76700002
0.051863812 -0.0080352342 0.76700002
0.050402857 -0.0080352342 0.76700002
0.048941907 -0.0080352342 0.76700002
0.047357146 -0.0080142822 0.76500005
0.045780003 -0.0079933302 0.76300001
0.044442859 -0.0080142822 0.76500005
0.042985715 -0.0080142822 0.76500005
0.041528571 -0.0080142822 0.76500005
0.04017619 -0.0080352351 0.76700002
0.03871524 -0.0080352351 0.76700002
0.037254289 -0.008035236 0.76700002
0.035793334 -0.008035236 0.76700002
0.21409525 -0.0099047441 0.80000001
0.21257144 -0.0099047441 0.80000001
0.2102562 -0.0098676011 0.79700005
0.2087381 -0.0098676011 0.79700005
0.20722 -0.009867602 0.79700005
0.20518573 -0.00984284 0.79500002
0.20367144 -0.00984284 0.79500002
0.20215715 -0.00984284 0.79500002
0.20013811 -0.009818078 0.79300004
0.19862762 -0.009818078 0.79300004
0.1976143 -0.00984284 0.79500002
0.19560668 -0.009818079 0.79300004
0.19409619 -0.009818079 0.79300004
0.19258572 -0.009818079 0.79300004
0.19107525 -0.009818079 0.79300004
0.18956476 -0.009818079 0.79300004
0.18710572 -0.0097685549 0.78900003
0.18536763 -0.0097561749 0.78800005
0.18386668 -0.0097561749 0.78800005
0.18259715 -0.0097685559 0.78900003
0.18109429 -0.0097685559 0.78900003
0.16889334 -0.0091866525 0.74200004
0.16748001 -0.0091866525 0.74200004
0.17636192 -0.0097561749 0.78800005
0.16258001 -0.0091495104 0.73900002
0.16117239 -0.0091495104 0.73900002
0.15825143 -0.0090628434 0.73200005
0.15685715 -0.0090628434 0.73200005
0.15546286 -0.0090628434 0.73200005
0.15406857 -0.0090628443 0.73200005
0.15267429 -0.0090628443 0.73200005
0.15128 -0.0090628443 0.73200005
0.14988571 -0.0090628443 0.73200005
0.14849143 -0.0090628443 0.73200005
0.14790095 -0.0091123683 0.73600006
0.1470962 -0.0091495113 0.73900002
0.14568858 -0.0091495113 0.73900002
0.14545238 -0.0092237964 0.74500006
0.14403334 -0.0092237964 0.74500006
0.14261429 -0.0092237974 0.74500006
0.14119524 -0.0092237974 0.74500006
0.14033905 -0.0092609404 0.74800003
0.13891429 -0.0092609404 0.74800003
0.14484191 -0.0097561777 0.78800005
0.14334096 -0.0097561786 0.78800005
0.14148 -0.0097314166 0.78600001
0.13962667 -0.0097066546 0.78400004
0.13813333 -0.0097066546 0.78400004
0.13629143 -0.0096818926 0.78200006
0.13480191 -0.0096818926 0.78200006
0.13331239 -0.0096818926 0.78200006
0.13148572 -0.0096571324 0.78000003
0.13000001 -0.0096571324 0.78000003
0.12851429 -0.0096571324 0.78000003
0.12686571 -0.0096447514 0.77900004
0.12538192 -0.0096447514 0.77900004
0.1238981 -0.0096447514 0.77900004
0.12257143 -0.0096571324 0.78000003
0.12093048 -0.0096447524 0.77900004
0.11944667 -0.0096447524 0.77900004
0.11796286 -0.0096447524 0.77900004
0.11647905 -0.0096447524 0.77900004
0.1147 -0.0096199904 0.77700001
0.11322001 -0.0096199904 0.77700001
0.11174 -0.0096199913 0.77700001
0.11026 -0.0096199913 0.77700001
0.1085 -0.0095952293 0.77500004
0.10674762 -0.0095704673 0.77300006
0.10527524 -0.0095704673 0.77300006
0.10380286 -0.0095704673 0.77300006
0.10193334 -0.0095333243 0.77000004
0.10046667 -0.0095333252 0.77000004
0.099000007 -0.0095333252 0.77000004
0.097533338 -0.0095333252 0.77000004
0.096066669 -0.0095333252 0.77000004
0.094600007 -0.0095333252 0.77000004
0.092891432 -0.0095085632 0.76800001
0.091666669 -0.0095333252 0.77000004
0.089965716 -0.0095085641 0.76800001
0.088502862 -0.0095085641 0.76800001
0.08704 -0.0095085641 0.76800001
0.085465714 -0.0094961831 0.76700002
0.084004767 -0.0094961831 0.76700002
0.082543813 -0.0094961831 0.76700002
0.081082858 -0.0094961831 0.76700002
0.079621911 -0.0094961841 0.76700002
0.077957146 -0.0094714221 0.76500005
0.076700002 -0.0094961841 0.76700002
0.075239047 -0.0094961841 0.76700002
0.0737781 -0.0094961841 0.76700002
0.072128572 -0.0094714221 0.76500005
0.070856191 -0.0094961841 0.76700002
0.069395244 -0.0094961841 0.76700002
0.06793429 -0.009496185 0.76700002
0.066473335 -0.009496185 0.76700002
0.06501238 -0.009496185 0.76700002
0.063551433 -0.009496185 0.76700002
0.062090479 -0.009496185 0.76700002
0.060629524 -0.009496185 0.76700002
0.059168573 -0.009496185 0.76700002
0.057557143 -0.0094714239 0.76500005
0.056246668 -0.0094961859 0.76700002
0.054785717 -0.0094961859 0.76700002
0.053394288 -0.0095085669 0.76800001
0.05193143 -0.0095085669 0.76800001
0.050468571 -0.0095085669 0.76800001
0.048941907 -0.0094961859 0.76700002
0.047480956 -0.0094961869 0.76700002
0.045900002 -0.0094714249 0.76500005
0.044442859 -0.0094714249 0.76500005
0.042873334 -0.0094466629 0.76300001
0.041637145 -0.0094961869 0.76700002
0.04017619 -0.0094961869 0.76700002
0.03871524 -0.0094961869 0.76700002
0.037254289 -0.0094961878 0.76700002
0.035793334 -0.0094961878 0.76700002
0.21409525 -0.011428554 0.80000001
0.21204001 -0.011399982 0.79800004
0.21052001 -0.011399982 0.79800004
0.2087381 -0.011385696 0.79700005
0.20722 -0.011385697 0.79700005
0.20518573 -0.011357126 0.79500002
0.20367144 -0.011357126 0.79500002
0.20215715 -0.011357126 0.79500002
0.20064287 -0.011357126 0.79500002
0.19912858 -0.011357126 0.79500002
0.1976143 -0.011357126 0.79500002
0.19610001 -0.011357127 0.79500002
0.19458573 -0.011357127 0.79500002
0.19258572 -0.011328555 0.79300004
0.19107525 -0.011328555 0.79300004
0.18956476 -0.011328555 0.79300004
0.18805429 -0.011328555 0.79300004
0.18560286 -0.011271413 0.78900003
0.1841 -0.011271413 0.78900003
0.18259715 -0.011271413 0.78900003
0.16984762 -0.010571414 0.74000001
0.16889334 -0.010599986 0.74200004
0.16770571 -0.010614271 0.74300003
0.16629048 -0.010614271 0.74300003
0.16465335 -0.010599987 0.74200004
0.16258001 -0.010557129 0.73900002
0.1607362 -0.010528558 0.73700005
0.15868382 -0.0104857 0.73400003
0.15728572 -0.0104857 0.73400003
0.15588762 -0.0104857 0.73400003
0.15448953 -0.0104857 0.73400003
0.15309143 -0.010485701 0.73400003
0.15128 -0.01045713 0.73200005
0.14988571 -0.01045713 0.73200005
0.14849143 -0.01045713 0.73200005
0.14749905 -0.010485701 0.73400003
0.1466981 -0.010528559 0.73700005
0.14588572 -0.010571416 0.74000001
0.14584287 -0.010671416 0.74700004
0.14442 -0.010671416 0.74700004
0.14299715 -0.010671417 0.74700004
0.14953429 -0.011271416 0.78900003
0.14803143 -0.011271416 0.78900003
0.14652857 -0.011271416 0.78900003
0.14484191 -0.011257131 0.78800005
0.14334096 -0.011257132 0.78800005
0.14148 -0.01122856 0.78600001
0.13962667 -0.011199988 0.78400004
0.13813333 -0.011199988 0.78400004
0.13629143 -0.011171417 0.78200006
0.13480191 -0.011171417 0.78200006
0.13331239 -0.011171417 0.78200006
0.13182287 -0.011171418 0.78200006
0.13000001 -0.011142846 0.78000003
0.12851429 -0.011142846 0.78000003
0.12702857 -0.011142846 0.78000003
0.12538192 -0.011128561 0.77900004
0.12405714 -0.011142846 0.78000003
0.12257143 -0.011142846 0.78000003
0.12108572 -0.011142847 0.78000003
0.11944667 -0.011128562 0.77900004
0.11796286 -0.011128562 0.77900004
0.11647905 -0.011128562 0.77900004
0.1147 -0.01109999 0.77700001
0.11322001 -0.01109999 0.77700001
0.11174 -0.011099991 0.77700001
0.10997619 -0.011071419 0.77500004
0.1085 -0.011071419 0.77500004
0.10702381 -0.011071419 0.77500004
0.10527524 -0.011042848 0.77300006
0.10380286 -0.011042848 0.77300006
0.1021981 -0.011028563 0.77200001
0.10046667 -0.010999992 0.77000004
0.099000007 -0.010999992 0.77000004
0.097533338 -0.010999992 0.77000004
0.096066669 -0.010999992 0.77000004
0.094600007 -0.010999992 0.77000004
0.093133338 -0.010999992 0.77000004
0.091428578 -0.01097142 0.76800001
0.089965716 -0.010971421 0.76800001
0.088502862 -0.010971421 0.76800001
0.086926669 -0.010957136 0.76700002
0.085465714 -0.010957136 0.76700002
0.084004767 -0.010957136 0.76700002
0.082543813 -0.010957136 0.76700002
0.081082858 -0.010957136 0.76700002
0.079621911 -0.010957137 0.76700002
0.078160957 -0.010957137 0.76700002
0.076700002 -0.010957137 0.76700002
0.075239047 -0.010957137 0.76700002
0.0737781 -0.010957137 0.76700002
0.072128572 -0.010928566 0.76500005
0.070856191 -0.010957137 0.76700002
0.069395244 -0.010957137 0.76700002
0.06793429 -0.010957138 0.76700002
0.066473335 -0.010957138 0.76700002
0.06501238 -0.010957138 0.76700002
0.063551433 -0.010957138 0.76700002
0.062090479 -0.010957138 0.76700002
0.060629524 -0.010957138 0.76700002
0.059168573 -0.010957138 0.76700002
0.057707623 -0.010957139 0.76700002
0.05632 -0.010971424 0.76800001
0.054857146 -0.010971424 0.76800001
0.053394288 -0.010971424 0.76800001
0.052066669 -0.010999995 0.77000004
0.050468571 -0.010971424 0.76800001
0.049005717 -0.010971424 0.76800001
0.047480956 -0.01095714 0.76700002
0.045900002 -0.010928568 0.76500005
0.044326667 -0.010899996 0.76300001
0.042873334 -0.010899996 0.76300001
0.04169143 -0.010971425 0.76800001
0.040228572 -0.010971425 0.76800001
0.038765717 -0.010971425 0.76800001
0.037254289 -0.01095714 0.76700002
0.21257144 -0.012952363 0.80000001
0.21052001 -0.012919982 0.79800004
0.20900001 -0.012919982 0.79800004
0.20722 -0.012903792 0.79700005
0.20570192 -0.012903792 0.79700005
0.20418382 -0.012903792 0.79700005
0.20215715 -0.012871412 0.79500002
0.20064287 -0.012871412 0.79500002
0.19912858 -0.012871412 0.79500002
0.1976143 -0.012871412 0.79500002
0.19610001 -0.012871413 0.79500002
0.19458573 -0.012871413 0.79500002
0.19307144 -0.012871413 0.79500002
0.19107525 -0.012839031 0.79300004
0.18956476 -0.012839031 0.79300004
0.18805429 -0.012839031 0.79300004
0.18654382 -0.012839031 0.79300004
0.18503334 -0.012839032 0.79300004
0.18352287 -0.012839032 0.79300004
0.16984762 -0.011980938 0.74000001
0.16889334 -0.012013319 0.74200004
0.16748001 -0.012013319 0.74200004
0.16561906 -0.011980938 0.74000001
0.16465335 -0.01201332 0.74200004
0.1628 -0.011980939 0.74000001
0.16117239 -0.011964749 0.73900002
0.15911619 -0.011916177 0.73600006
0.15728572 -0.011883796 0.73400003
0.15588762 -0.011883796 0.73400003
0.15448953 -0.011883796 0.73400003
0.15309143 -0.011883797 0.73400003
0.15169334 -0.011883797 0.73400003
0.14988571 -0.011851416 0.73200005
0.14849143 -0.011851416 0.73200005
0.14749905 -0.011883797 0.73400003
0.14649905 -0.011916178 0.73600006
0.14509715 -0.011916178 0.73600006
0.14369525 -0.011916179 0.73600006
0.15234667 -0.012758083 0.78800005
0.15103714 -0.012774273 0.78900003
0.14953429 -0.012774273 0.78900003
0.14803143 -0.012774273 0.78900003
0.14652857 -0.012774273 0.78900003
0.14484191 -0.012758083 0.78800005
0.14334096 -0.012758084 0.78800005
0.14148 -0.012725702 0.78600001
0.13998286 -0.012725702 0.78600001
0.13813333 -0.012693321 0.78400004
0.13664001 -0.012693321 0.78400004
0.13480191 -0.012660941 0.78200006
0.13331239 -0.012660941 0.78200006
0.13216001 -0.012693322 0.78400004
0.13033333 -0.012660942 0.78200006
0.12884381 -0.012660942 0.78200006
0.12735429 -0.012660942 0.78200006
0.12586476 -0.012660942 0.78200006
0.12437524 -0.012660942 0.78200006
0.12288572 -0.012660942 0.78200006
0.12108572 -0.012628562 0.78000003
0.11960001 -0.012628562 0.78000003
0.11796286 -0.012612371 0.77900004
0.11647905 -0.012612371 0.77900004
0.1147 -0.012579991 0.77700001
0.11351144 -0.012612371 0.77900004
0.11174 -0.012579991 0.77700001
0.11026 -0.012579991 0.77700001
0.10878 -0.012579991 0.77700001
0.10674762 -0.012515229 0.77300006
0.10527524 -0.012515229 0.77300006
0.10366858 -0.012499039 0.77200001
0.1021981 -0.012499039 0.77200001
0.10046667 -0.012466659 0.77000004
0.099000007 -0.012466659 0.77000004
0.097533338 -0.012466659 0.77000004
0.096066669 -0.012466659 0.77000004
0.094600007 -0.012466659 0.77000004
0.093133338 -0.012466659 0.77000004
0.091666669 -0.012466659 0.77000004
0.089965716 -0.012434279 0.76800001
0.088502862 -0.012434279 0.76800001
0.086926669 -0.012418089 0.76700002
0.085465714 -0.012418089 0.76700002
0.084004767 -0.012418089 0.76700002
0.082651429 -0.012434279 0.76800001
0.081082858 -0.012418089 0.76700002
0.079621911 -0.012418089 0.76700002
0.078160957 -0.012418089 0.76700002
0.076700002 -0.012418089 0.76700002
0.075337149 -0.01243428 0.76800001
0.0737781 -0.012418089 0.76700002
0.072317146 -0.012418089 0.76700002
0.070856191 -0.012418089 0.76700002
0.069395244 -0.012418089 0.76700002
0.068022862 -0.01243428 0.76800001
0.066473335 -0.01241809 0.76700002
0.06501238 -0.01241809 0.76700002
0.063551433 -0.01241809 0.76700002
0.062090479 -0.01241809 0.76700002
0.060629524 -0.01241809 0.76700002
0.059168573 -0.01241809 0.76700002
0.057707623 -0.012418091 0.76700002
0.056246668 -0.012418091 0.76700002
0.054857146 -0.012434281 0.76800001
0.053394288 -0.012434281 0.76800001
0.052066669 -0.012466663 0.77000004
0.050468571 -0.012434281 0.76800001
0.049133334 -0.012466663 0.77000004
0.047480956 -0.012418092 0.76700002
0.046020001 -0.012418092 0.76700002
0.044442859 -0.012385711 0.76500005
0.042985715 -0.012385711 0.76500005
0.04169143 -0.012434282 0.76800001
0.040228572 -0.012434282 0.76800001
0.038765717 -0.012434282 0.76800001
0.21257144 -0.014476173 0.80000001
0.21052001 -0.014439982 0.79800004
0.20900001 -0.014439982 0.79800004
0.20722 -0.014421888 0.79700005
0.20570192 -0.014421888 0.79700005
0.20418382 -0.014421888 0.79700005
0.20215715 -0.014385697 0.79500002
0.20064287 -0.014385697 0.79500002
0.19912858 -0.014385697 0.79500002
0.1976143 -0.014385697 0.79500002
0.19610001 -0.014385698 0.79500002
0.19458573 -0.014385698 0.79500002
0.19258572 -0.014349507 0.79300004
0.19107525 -0.014349507 0.79300004
0.18956476 -0.014349507 0.79300004
0.18805429 -0.014349507 0.79300004
0.18654382 -0.014349507 0.79300004
0.18503334 -0.014349508 0.79300004
0.18398573 -0.014385699 0.79500002
0.17030667 -0.013426652 0.74200004
0.16889334 -0.013426652 0.74200004
0.16748001 -0.013426652 0.74200004
0.16606668 -0.013426652 0.74200004
0.16465335 -0.013426653 0.74200004
0.1628 -0.013390463 0.74000001
0.16117239 -0.013372367 0.73900002
0.15911619 -0.013318081 0.73600006
0.15771429 -0.013318081 0.73600006
0.15631239 -0.013318081 0.73600006
0.15491048 -0.013318081 0.73600006
0.15309143 -0.013281892 0.73400003
0.15169334 -0.013281892 0.73400003
0.15029524 -0.013281892 0.73400003
0.14849143 -0.013245702 0.73200005
0.14709716 -0.013245702 0.73200005
0.14570287 -0.013245702 0.73200005
0.14509715 -0.013318082 0.73600006
0.15404287 -0.01427713 0.78900003
0.15234667 -0.014259035 0.78800005
0.15084572 -0.014259035 0.78800005
0.14991334 -0.014313321 0.79100001
0.14840667 -0.014313321 0.79100001
0.14652857 -0.01427713 0.78900003
0.14502572 -0.01427713 0.78900003
0.14352286 -0.014277131 0.78900003
0.14184001 -0.014259036 0.78800005
0.13998286 -0.014222845 0.78600001
0.13848571 -0.014222845 0.78600001
0.13664001 -0.014186655 0.78400004
0.13514668 -0.014186655 0.78400004
0.13365334 -0.014186655 0.78400004
0.13216001 -0.014186656 0.78400004
0.13066667 -0.014186656 0.78400004
0.12917334 -0.014186656 0.78400004
0.12735429 -0.014150466 0.78200006
0.12586476 -0.014150466 0.78200006
0.12437524 -0.014150466 0.78200006
0.12288572 -0.014150466 0.78200006
0.12139619 -0.014150467 0.78200006
0.11990667 -0.014150467 0.78200006
0.11811429 -0.014114276 0.78000003
0.11662857 -0.014114276 0.78000003
0.11499524 -0.014096181 0.77900004
0.11365715 -0.014114276 0.78000003
0.11202762 -0.014096181 0.77900004
0.11054382 -0.014096182 0.77900004
0.10906 -0.014096182 0.77900004
0.10702381 -0.0140238 0.77500004
0.10554762 -0.0140238 0.77500004
0.10407143 -0.0140238 0.77500004
0.10233048 -0.01398761 0.77300006
0.10046667 -0.013933325 0.77000004
0.099000007 -0.013933325 0.77000004
0.097533338 -0.013933325 0.77000004
0.096066669 -0.013933325 0.77000004
0.094600007 -0.013933325 0.77000004
0.093133338 -0.013933325 0.77000004
0.091428578 -0.013897135 0.76800001
0.089965716 -0.013897136 0.76800001
0.088502862 -0.013897136 0.76800001
0.08704 -0.013897136 0.76800001
0.085577145 -0.013897136 0.76800001
0.084114291 -0.013897136 0.76800001
0.082651429 -0.013897136 0.76800001
0.081188574 -0.013897136 0.76800001
0.07972572 -0.013897137 0.76800001
0.078262858 -0.013897137 0.76800001
0.077 -0.013933327 0.77000004
0.075337149 -0.013897137 0.76800001
0.073874287 -0.013897137 0.76800001
0.072411433 -0.013897137 0.76800001
0.070948571 -0.013897137 0.76800001
0.069485717 -0.013897137 0.76800001
0.068022862 -0.013897138 0.76800001
0.06656 -0.013897138 0.76800001
0.065097146 -0.013897138 0.76800001
0.063551433 -0.013879042 0.76700002
0.062090479 -0.013879042 0.76700002
0.06047143 -0.013842852 0.76500005
0.059014287 -0.013842852 0.76500005
0.057557143 -0.013842853 0.76500005
0.056100003 -0.013842853 0.76500005
0.054857146 -0.013897139 0.76800001
0.053394288 -0.013897139 0.76800001
0.05193143 -0.013897139 0.76800001
0.050600003 -0.013933329 0.77000004
0.049133334 -0.013933329 0.77000004
0.047542859 -0.01389714 0.76800001
0.046080001 -0.01389714 0.76800001
0.044442859 -0.013842854 0.76500005
0.21257144 -0.015999982 0.80000001
0.21052001 -0.015959982 0.79800004
0.20900001 -0.015959982 0.79800004
0.20722 -0.015939983 0.79700005
0.20570192 -0.015939983 0.79700005
0.20418382 -0.015939983 0.79700005
0.20215715 -0.015899984 0.79500002
0.20064287 -0.015899984 0.79500002
0.19912858 -0.015899984 0.79500002
0.1976143 -0.015899984 0.79500002
0.19610001 -0.015899984 0.79500002
0.19409619 -0.015859984 0.79300004
0.19258572 -0.015859984 0.79300004
0.19107525 -0.015859984 0.79300004
0.19004287 -0.015899984 0.79500002
0.18852858 -0.015899984 0.79500002
0.1870143 -0.015899984 0.79500002
0.18550001 -0.015899984 0.79500002
0.18444858 -0.015939984 0.79700005
0.17030667 -0.014839985 0.74200004
0.16889334 -0.014839985 0.74200004
0.16748001 -0.014839985 0.74200004
0.16561906 -0.014799986 0.74000001
0.16420953 -0.014799987 0.74000001
0.1628 -0.014799987 0.74000001
0.16117239 -0.014779987 0.73900002
0.15933238 -0.014739987 0.73700005
0.15771429 -0.014719986 0.73600006
0.15631239 -0.014719986 0.73600006
0.15491048 -0.014719986 0.73600006
0.15350857 -0.014719987 0.73600006
0.15169334 -0.014679988 0.73400003
0.15029524 -0.014679988 0.73400003
0.14889714 -0.014679988 0.73400003
0.14749905 -0.014679988 0.73400003
0.14610095 -0.014679988 0.73400003
0.15404287 -0.015779987 0.78900003
0.15292667 -0.015819987 0.79100001
0.15103714 -0.015779987 0.78900003
0.14991334 -0.015819987 0.79100001
0.14840667 -0.015819987 0.79100001
0.1469 -0.015819987 0.79100001
0.14502572 -0.015779987 0.78900003
0.14352286 -0.015779987 0.78900003
0.14184001 -0.015759988 0.78800005
0.14033905 -0.015759988 0.78800005
0.1388381 -0.015759988 0.78800005
0.13733715 -0.01575999 0.78800005
0.1358362 -0.01575999 0.78800005
0.13365334 -0.015679989 0.78400004
0.13249715 -0.015719989 0.78600001
0.13066667 -0.015679989 0.78400004
0.12917334 -0.015679989 0.78400004
0.12768 -0.015679989 0.78400004
0.12618667 -0.015679989 0.78400004
0.12469334 -0.015679989 0.78400004
0.12320001 -0.015679989 0.78400004
0.12139619 -0.015639989 0.78200006
0.11990667 -0.015639989 0.78200006
0.11841714 -0.015639989 0.78200006
0.11662857 -0.01559999 0.78000003
0.11514286 -0.01559999 0.78000003
0.11365715 -0.01559999 0.78000003
0.11202762 -0.01557999 0.77900004
0.11054382 -0.015579991 0.77900004
0.10906 -0.015579991 0.77900004
0.10702381 -0.015499991 0.77500004
0.10554762 -0.015499991 0.77500004
0.10407143 -0.015499991 0.77500004
0.10233048 -0.015459991 0.77300006
0.10072763 -0.015439992 0.77200001
0.099000007 -0.015399992 0.77000004
0.097533338 -0.015399992 0.77000004
0.096066669 -0.015399992 0.77000004
0.094600007 -0.015399992 0.77000004
0.093133338 -0.015399992 0.77000004
0.091666669 -0.015399992 0.77000004
0.089965716 -0.015359993 0.76800001
0.088502862 -0.015359993 0.76800001
0.08704 -0.015359993 0.76800001
0.085577145 -0.015359993 0.76800001
0.084114291 -0.015359993 0.76800001
0.082866669 -0.015399993 0.77000004
0.0814 -0.015399993 0.77000004
0.079933338 -0.015399993 0.77000004
0.078466669 -0.015399994 0.77000004
0.077 -0.015399994 0.77000004
0.075337149 -0.015359994 0.76800001
0.073874287 -0.015359994 0.76800001
0.0726 -0.015399994 0.77000004
0.071133338 -0.015399994 0.77000004
0.069666669 -0.015399994 0.77000004
0.0682 -0.015399995 0.77000004
0.06656 -0.015359995 0.76800001
0.065097146 -0.015359995 0.76800001
0.063634291 -0.015359995 0.76800001
0.062090479 -0.015339995 0.76700002
0.053394288 -0.015359996 0.76800001
0.05193143 -0.015359996 0.76800001
0.050468571 -0.015359996 0.76800001
0.049133334 -0.015399996 0.77000004
0.047542859 -0.015359997 0.76800001
0.21257144 -0.017523792 0.80000001
0.21052001 -0.017479982 0.79800004
0.20900001 -0.017479982 0.79800004
0.20722 -0.017458078 0.79700005
0.20570192 -0.017458078 0.79700005
0.20418382 -0.017458078 0.79700005
0.20215715 -0.01741427 0.79500002
0.20064287 -0.01741427 0.79500002
0.19912858 -0.01741427 0.79500002
0.1976143 -0.01741427 0.79500002
0.19610001 -0.01741427 0.79500002
0.19409619 -0.017370461 0.79300004
0.19307144 -0.01741427 0.79500002
0.19107525 -0.017370461 0.79300004
0.19004287 -0.01741427 0.79500002
0.18852858 -0.01741427 0.79500002
0.1870143 -0.01741427 0.79500002
0.18596667 -0.017458079 0.79700005
0.18444858 -0.017458079 0.79700005
0.17030667 -0.016253319 0.74200004
0.16889334 -0.016253319 0.74200004
0.16748001 -0.016253319 0.74200004
0.16606668 -0.016253319 0.74200004
0.16465335 -0.016253319 0.74200004
0.1628 -0.016209509 0.74000001
0.16139048 -0.016209509 0.74000001
0.15911619 -0.016121892 0.73600006
0.15792857 -0.016143797 0.73700005
0.15631239 -0.016121892 0.73600006
0.15491048 -0.016121892 0.73600006
0.15350857 -0.016121892 0.73600006
0.15210667 -0.016121892 0.73600006
0.15070477 -0.016121892 0.73600006
0.14889714 -0.016078083 0.73400003
0.14749905 -0.016078083 0.73400003
0.14610095 -0.016078083 0.73400003
0.15443334 -0.017326655 0.79100001
0.15292667 -0.017326655 0.79100001
0.15103714 -0.017282845 0.78900003
0.14991334 -0.017326655 0.79100001
0.14840667 -0.017326655 0.79100001
0.1469 -0.017326655 0.79100001
0.14539334 -0.017326655 0.79100001
0.14352286 -0.017282845 0.78900003
0.14202 -0.017282845 0.78900003
0.14051715 -0.017282845 0.78900003
0.13901429 -0.017282845 0.78900003
0.13751143 -0.017282847 0.78900003
0.13600858 -0.017282847 0.78900003
0.13433525 -0.017260943 0.78800005
0.13249715 -0.017217133 0.78600001
0.13100001 -0.017217133 0.78600001
0.12950286 -0.017217133 0.78600001
0.12768 -0.017173322 0.78400004
0.12618667 -0.017173322 0.78400004
0.12469334 -0.017173322 0.78400004
0.12320001 -0.017173322 0.78400004
0.12170667 -0.017173322 0.78400004
0.11990667 -0.017129513 0.78200006
0.11841714 -0.017129513 0.78200006
0.11692762 -0.017129514 0.78200006
0.1154381 -0.017129514 0.78200006
0.11394858 -0.017129514 0.78200006
0.11202762 -0.0170638 0.77900004
0.11054382 -0.0170638 0.77900004
0.10906 -0.0170638 0.77900004
0.10702381 -0.016976181 0.77500004
0.10582 -0.017019991 0.77700001
0.10407143 -0.016976181 0.77500004
0.10233048 -0.016932372 0.77300006
0.1008581 -0.016932372 0.77300006
0.099257149 -0.016910467 0.77200001
0.097533338 -0.016866658 0.77000004
0.096066669 -0.016866658 0.77000004
0.094600007 -0.01686666 0.77000004
0.093133338 -0.01686666 0.77000004
0.091666669 -0.01686666 0.77000004
0.089965716 -0.01682285 0.76800001
0.088502862 -0.01682285 0.76800001
0.08704 -0.01682285 0.76800001
0.085577145 -0.01682285 0.76800001
0.084114291 -0.01682285 0.76800001
0.082866669 -0.01686666 0.77000004
0.0814 -0.01686666 0.77000004
0.079933338 -0.01686666 0.77000004
0.069666669 -0.016866662 0.77000004
0.050600003 -0.016866663 0.77000004
0.049133334 -0.016866663 0.77000004
0.21052001 -0.018999983 0.79800004
0.20900001 -0.018999983 0.79800004
0.20722 -0.018976172 0.79700005
0.20570192 -0.018976172 0.79700005
0.20418382 -0.018976172 0.79700005
0.20215715 -0.018928556 0.79500002
0.20064287 -0.018928556 0.79500002
0.19862762 -0.018880935 0.79300004
0.19711715 -0.018880935 0.79300004
0.19560668 -0.018880935 0.79300004
0.19409619 -0.018880935 0.79300004
0.19258572 -0.018880935 0.79300004
0.19107525 -0.018880935 0.79300004
0.18956476 -0.018880935 0.79300004
0.18852858 -0.018928556 0.79500002
0.1870143 -0.018928556 0.79500002
0.18550001 -0.018928556 0.79500002
0.17172001 -0.017666653 0.74200004
0.17030667 -0.017666653 0.74200004
0.16889334 -0.017666653 0.74200004
0.16748001 -0.017666653 0.74200004
0.16606668 -0.017666653 0.74200004
0.16420953 -0.017619034 0.74000001
0.1628 -0.017619034 0.74000001
0.16139048 -0.017619034 0.74000001
0.15933238 -0.017547607 0.73700005
0.15771429 -0.017523797 0.73600006
0.15631239 -0.017523797 0.73600006
0.15491048 -0.017523797 0.73600006
0.15350857 -0.017523797 0.73600006
0.15210667 -0.017523797 0.73600006
0.15029524 -0.017476179 0.73400003
0.14930287 -0.017523797 0.73600006
0.14850381 -0.017595226 0.73900002
0.14729524 -0.017619036 0.74000001
0.14588572 -0.017619036 0.74000001
0.15404287 -0.018785702 0.78900003
0.15292667 -0.018833321 0.79100001
0.15103714 -0.018785702 0.78900003
0.14991334 -0.018833321 0.79100001
0.14840667 -0.018833321 0.79100001
0.1469 -0.018833321 0.79100001
0.14539334 -0.018833321 0.79100001
0.14388667 -0.018833321 0.79100001
0.14202 -0.018785702 0.78900003
0.14051715 -0.018785702 0.78900003
0.13901429 -0.018785702 0.78900003
0.13751143 -0.018785704 0.78900003
0.13600858 -0.018785704 0.78900003
0.13433525 -0.018761894 0.78800005
0.13283429 -0.018761894 0.78800005
0.13100001 -0.018714275 0.78600001
0.12950286 -0.018714275 0.78600001
0.12800571 -0.018714275 0.78600001
0.12618667 -0.018666657 0.78400004
0.12469334 -0.018666657 0.78400004
0.12320001 -0.018666657 0.78400004
0.12170667 -0.018666657 0.78400004
0.11990667 -0.018619036 0.78200006
0.11841714 -0.018619036 0.78200006
0.11692762 -0.018619038 0.78200006
0.1154381 -0.018619038 0.78200006
0.11365715 -0.01857142 0.78000003
0.11217143 -0.01857142 0.78000003
0.11068572 -0.01857142 0.78000003
0.10906 -0.018547611 0.77900004
0.10702381 -0.018452372 0.77500004
0.10554762 -0.018452372 0.77500004
0.10407143 -0.018452372 0.77500004
0.10259524 -0.018452372 0.77500004
0.10111905 -0.018452372 0.77500004
0.099257149 -0.018380944 0.77200001
0.097533338 -0.018333325 0.77000004
0.096066669 -0.018333325 0.77000004
0.094600007 -0.018333327 0.77000004
0.21104762 -0.020571411 0.80000001
0.20900001 -0.020519983 0.79800004
0.20748001 -0.020519983 0.79800004
0.20570192 -0.020494267 0.79700005
0.20418382 -0.020494267 0.79700005
0.20215715 -0.020442842 0.79500002
0.20064287 -0.020442842 0.79500002
0.19812667 -0.020339984 0.79100001
0.19612287 -0.020288555 0.78900003
0.19388001 -0.020211412 0.78600001
0.19091429 -0.020057127 0.78000003
0.18942858 -0.020057127 0.78000003
0.18722001 -0.019979984 0.77700001
0.18574001 -0.019979984 0.77700001
0.18805429 -0.020391412 0.79300004
0.18278001 -0.019979984 0.77700001
0.1813 -0.019979984 0.77700001
0.17172001 -0.019079985 0.74200004
0.17030667 -0.019079985 0.74200004
0.16889334 -0.019079985 0.74200004
0.16748001 -0.019079985 0.74200004
0.16606668 -0.019079985 0.74200004
0.16420953 -0.019028557 0.74000001
0.1628 -0.019028557 0.74000001
0.16139048 -0.019028557 0.74000001
0.15976477 -0.019002846 0.73900002
0.15771429 -0.018925702 0.73600006
0.15631239 -0.018925702 0.73600006
0.15491048 -0.018925702 0.73600006
0.15350857 -0.018925702 0.73600006
0.15210667 -0.018925702 0.73600006
0.15070477 -0.018925702 0.73600006
0.14889714 -0.018874273 0.73400003
0.14870477 -0.019028559 0.74000001
0.14729524 -0.019028559 0.74000001
0.15594001 -0.020339988 0.79100001
0.15443334 -0.020339988 0.79100001
0.15292667 -0.020339988 0.79100001
0.15103714 -0.020288559 0.78900003
0.14991334 -0.020339988 0.79100001
0.14840667 -0.020339988 0.79100001
0.1469 -0.020339988 0.79100001
0.14539334 -0.020339988 0.79100001
0.14388667 -0.020339988 0.79100001
0.14202 -0.020288559 0.78900003
0.14051715 -0.020288559 0.78900003
0.13901429 -0.020288559 0.78900003
0.13751143 -0.020288561 0.78900003
0.13600858 -0.020288561 0.78900003
0.13450572 -0.020288561 0.78900003
0.13283429 -0.020262847 0.78800005
0.13100001 -0.020211417 0.78600001
0.12983239 -0.020262847 0.78800005
0.12800571 -0.020211417 0.78600001
0.12618667 -0.02015999 0.78400004
0.12469334 -0.02015999 0.78400004
0.12320001 -0.02015999 0.78400004
0.12170667 -0.02015999 0.78400004
0.11990667 -0.02010856 0.78200006
0.11872 -0.02015999 0.78400004
0.11692762 -0.020108562 0.78200006
0.1154381 -0.020108562 0.78200006
0.11394858 -0.020108562 0.78200006
0.11217143 -0.020057134 0.78000003
0.11068572 -0.020057134 0.78000003
0.1092 -0.020057134 0.78000003
0.10702381 -0.019928563 0.77500004
0.10582 -0.019979991 0.77700001
0.10434 -0.019979991 0.77700001
0.10259524 -0.019928563 0.77500004
0.10111905 -0.019928563 0.77500004
0.21104762 -0.02209522 0.80000001
0.20900001 -0.022039982 0.79800004
0.20748001 -0.022039982 0.79800004
0.20570192 -0.022012362 0.79700005
0.20367144 -0.021957126 0.79500002
0.20215715 -0.021957127 0.79500002
0.20064287 -0.021957127 0.79500002
0.19737524 -0.021763794 0.78800005
0.19488001 -0.021653317 0.78400004
0.19289334 -0.02159808 0.78200006
0.19091429 -0.021542842 0.78000003
0.18918572 -0.021515222 0.77900004
0.18722001 -0.021459984 0.77700001
0.18574001 -0.021459984 0.77700001
0.18426001 -0.021459984 0.77700001
0.18230952 -0.021404745 0.77500004
0.18083334 -0.021404747 0.77500004
0.17172001 -0.020493319 0.74200004
0.17030667 -0.020493319 0.74200004
0.16889334 -0.020493319 0.74200004
0.16748001 -0.020493319 0.74200004
0.16606668 -0.020493319 0.74200004
0.16420953 -0.020438081 0.74000001
0.1628 -0.020438081 0.74000001
0.16139048 -0.020438081 0.74000001
0.15998095 -0.020438081 0.74000001
0.15835714 -0.020410463 0.73900002
0.15694954 -0.020410463 0.73900002
0.15575239 -0.020438083 0.74000001
0.15434286 -0.020438083 0.74000001
0.15293334 -0.020438083 0.74000001
0.15152381 -0.020438083 0.74000001
0.1501143 -0.020438083 0.74000001
0.14870477 -0.020438083 0.74000001
0.14729524 -0.020438083 0.74000001
0.15534858 -0.021763798 0.78800005
0.15384762 -0.021763798 0.78800005
0.15234667 -0.021763798 0.78800005
0.15103714 -0.021791417 0.78900003
0.14991334 -0.021846654 0.79100001
0.14840667 -0.021846654 0.79100001
0.1469 -0.021846654 0.79100001
0.14502572 -0.021791417 0.78900003
0.14388667 -0.021846654 0.79100001
0.14202 -0.021791417 0.78900003
0.14051715 -0.021791417 0.78900003
0.13901429 -0.021791417 0.78900003
0.13751143 -0.021791419 0.78900003
0.13600858 -0.021791419 0.78900003
0.13450572 -0.021791419 0.78900003
0.13300286 -0.021791419 0.78900003
0.13133334 -0.0217638 0.78800005
0.12983239 -0.0217638 0.78800005
0.12800571 -0.021708561 0.78600001
0.12618667 -0.021653323 0.78400004
0.12469334 -0.021653323 0.78400004
0.12320001 -0.021653323 0.78400004
0.12170667 -0.021653323 0.78400004
0.11990667 -0.021598086 0.78200006
0.11872 -0.021653323 0.78400004
0.11722667 -0.021653323 0.78400004
0.11573334 -0.021653324 0.78400004
0.11394858 -0.021598088 0.78200006
0.11245905 -0.021598088 0.78200006
0.11096953 -0.021598088 0.78200006
0.10948 -0.021598088 0.78200006
0.10771429 -0.021542849 0.78000003
0.10609239 -0.02151523 0.77900004
0.10460857 -0.02151523 0.77900004
0.10259524 -0.021404753 0.77500004
0.10111905 -0.021404753 0.77500004
0.21104762 -0.02361903 0.80000001
0.20900001 -0.023559982 0.79800004
0.20722 -0.023530459 0.79700005
0.20518573 -0.023471411 0.79500002
0.20367144 -0.023471411 0.79500002
0.20114 -0.023353318 0.79100001
0.19963335 -0.023353318 0.79100001
0.19587238 -0.023087604 0.78200006
0.19388573 -0.023028556 0.78000003
0.19240001 -0.023028556 0.78000003
0.19066954 -0.022999031 0.77900004
0.18870001 -0.022939984 0.77700001
0.1867381 -0.022880936 0.77500004
0.18526191 -0.022880936 0.77500004
0.18378572 -0.022880936 0.77500004
0.18230952 -0.022880936 0.77500004
0.18036668 -0.02282189 0.77300006
0.17172001 -0.021906653 0.74200004
0.17030667 -0.021906653 0.74200004
0.16889334 -0.021906653 0.74200004
0.16748001 -0.021906653 0.74200004
0.16606668 -0.021906653 0.74200004
0.16465335 -0.021906653 0.74200004
0.1628 -0.021847606 0.74000001
0.16182667 -0.021906653 0.74200004
0.16041334 -0.021906653 0.74200004
0.15857144 -0.021847608 0.74000001
0.15716191 -0.021847608 0.74000001
0.15575239 -0.021847608 0.74000001
0.15434286 -0.021847608 0.74000001
0.15293334 -0.021847608 0.74000001
0.15152381 -0.021847608 0.74000001
0.1501143 -0.021847608 0.74000001
0.14870477 -0.021847608 0.74000001
0.14729524 -0.021847608 0.74000001
0.15534858 -0.023264749 0.78800005
0.15384762 -0.023264749 0.78800005
0.15234667 -0.023264749 0.78800005
0.15103714 -0.023294274 0.78900003
0.14953429 -0.023294274 0.78900003
0.14840667 -0.023353321 0.79100001
0.1469 -0.023353321 0.79100001
0.14502572 -0.023294274 0.78900003
0.14352286 -0.023294274 0.78900003
0.14202 -0.023294274 0.78900003
0.14051715 -0.023294274 0.78900003
0.13901429 -0.023294274 0.78900003
0.13751143 -0.023294276 0.78900003
0.13600858 -0.023294276 0.78900003
0.13450572 -0.023294276 0.78900003
0.13300286 -0.023294276 0.78900003
0.13150001 -0.023294276 0.78900003
0.12983239 -0.023264751 0.78800005
0.12800571 -0.023205703 0.78600001
0.12618667 -0.023146657 0.78400004
0.12469334 -0.023146657 0.78400004
0.12320001 -0.023146657 0.78400004
0.12170667 -0.023146657 0.78400004
0.12021334 -0.023146657 0.78400004
0.11872 -0.023146657 0.78400004
0.11722667 -0.023146657 0.78400004
0.11573334 -0.023146659 0.78400004
0.11394858 -0.023087611 0.78200006
0.11245905 -0.023087611 0.78200006
0.11096953 -0.023087611 0.78200006
0.10948 -0.023087611 0.78200006
0.10771429 -0.023028564 0.78000003
0.10622858 -0.023028564 0.78000003
0.10460857 -0.022999039 0.77900004
0.21052001 -0.025079982 0.79800004
0.20900001 -0.025079982 0.79800004
0.20722 -0.025048554 0.79700005
0.20466954 -0.02492284 0.79300004
0.20085335 -0.024639985 0.78400004
0.19936001 -0.024639985 0.78400004
0.19736192 -0.024577128 0.78200006
0.19587238 -0.024577128 0.78200006
0.19388573 -0.024514269 0.78000003
0.19215333 -0.024482841 0.77900004
0.19018 -0.024419984 0.77700001
0.18870001 -0.024419984 0.77700001
0.1867381 -0.024357127 0.77500004
0.18526191 -0.024357127 0.77500004
0.18378572 -0.024357127 0.77500004
0.18183905 -0.02429427 0.77300006
0.18036668 -0.024294272 0.77300006
0.17172001 -0.023319986 0.74200004
0.17030667 -0.023319986 0.74200004
0.16889334 -0.023319986 0.74200004
0.16748001 -0.023319986 0.74200004
0.16606668 -0.023319986 0.74200004
0.16465335 -0.023319986 0.74200004
0.1628 -0.023257129 0.74000001
0.16182667 -0.023319986 0.74200004
0.16041334 -0.023319986 0.74200004
0.15900001 -0.023319988 0.74200004
0.15758668 -0.023319988 0.74200004
0.15617333 -0.023319988 0.74200004
0.15476 -0.023319988 0.74200004
0.15334667 -0.023319988 0.74200004
0.15152381 -0.023257131 0.74000001
0.1501143 -0.023257131 0.74000001
0.14910667 -0.023319988 0.74200004
0.14769334 -0.023319988 0.74200004
0.15495428 -0.024702845 0.78600001
0.15345715 -0.024702845 0.78600001
0.15234667 -0.024765702 0.78800005
0.15084572 -0.024765702 0.78800005
0.14991334 -0.024859987 0.79100001
0.14840667 -0.024859987 0.79100001
0.1469 -0.024859987 0.79100001
0.14539334 -0.024859987 0.79100001
0.14388667 -0.024859987 0.79100001
0.14202 -0.02479713 0.78900003
0.14051715 -0.02479713 0.78900003
0.13901429 -0.02479713 0.78900003
0.13751143 -0.024797132 0.78900003
0.13600858 -0.024797132 0.78900003
0.13450572 -0.024797132 0.78900003
0.13300286 -0.024797132 0.78900003
0.13150001 -0.024797132 0.78900003
0.12999715 -0.024797132 0.78900003
0.12800571 -0.024702847 0.78600001
0.12650858 -0.024702847 0.78600001
0.12469334 -0.02463999 0.78400004
0.12320001 -0.02463999 0.78400004
0.12170667 -0.02463999 0.78400004
0.12021334 -0.02463999 0.78400004
0.11872 -0.02463999 0.78400004
0.11722667 -0.02463999 0.78400004
0.11573334 -0.024639992 0.78400004
0.11394858 -0.024577135 0.78200006
0.11245905 -0.024577135 0.78200006
0.11096953 -0.024577135 0.78200006
0.10948 -0.024577135 0.78200006
0.10799048 -0.024577135 0.78200006
0.10622858 -0.024514277 0.78000003
0.21052001 -0.026599983 0.79800004
0.20900001 -0.026599983 0.79800004
0.20722 -0.026566649 0.79700005
0.20234667 -0.026133318 0.78400004
0.20085335 -0.026133318 0.78400004
0.19885144 -0.026066652 0.78200006
0.19685715 -0.025999984 0.78000003
0.19537143 -0.025999984 0.78000003
0.19363715 -0.025966652 0.77900004
0.19166 -0.025899984 0.77700001
0.19018 -0.025899984 0.77700001
0.18821429 -0.025833318 0.77500004
0.1867381 -0.025833318 0.77500004
0.18478382 -0.02576665 0.77300006
0.18331143 -0.02576665 0.77300006
0.18183905 -0.02576665 0.77300006
0.18036668 -0.025766652 0.77300006
0.1788943 -0.025766652 0.77300006
0.17030667 -0.02473332 0.74200004
0.16889334 -0.02473332 0.74200004
0.16748001 -0.02473332 0.74200004
0.16606668 -0.02473332 0.74200004
0.16465335 -0.02473332 0.74200004
0.1628 -0.024666652 0.74000001
0.16182667 -0.02473332 0.74200004
0.16041334 -0.02473332 0.74200004
0.15900001 -0.024733322 0.74200004
0.15758668 -0.024733322 0.74200004
0.15617333 -0.024733322 0.74200004
0.15476 -0.024733322 0.74200004
0.15334667 -0.024733322 0.74200004
0.15152381 -0.024666654 0.74000001
0.1501143 -0.024666654 0.74000001
0.14870477 -0.024666654 0.74000001
0.15605333 -0.026133321 0.78400004
0.15456 -0.026133321 0.78400004
0.15345715 -0.026199987 0.78600001
0.15234667 -0.026266655 0.78800005
0.15084572 -0.026266655 0.78800005
0.14991334 -0.026366655 0.79100001
0.14840667 -0.026366655 0.79100001
0.1469 -0.026366655 0.79100001
0.14539334 -0.026366655 0.79100001
0.14388667 -0.026366655 0.79100001
0.14202 -0.026299989 0.78900003
0.14051715 -0.026299989 0.78900003
0.13901429 -0.026299989 0.78900003
0.13751143 -0.026299991 0.78900003
0.13635334 -0.026366657 0.79100001
0.13484667 -0.026366657 0.79100001
0.13300286 -0.026299991 0.78900003
0.13150001 -0.026299991 0.78900003
0.12983239 -0.026266657 0.78800005
0.12833144 -0.026266657 0.78800005
0.12650858 -0.026199989 0.78600001
0.12501143 -0.026199989 0.78600001
0.12351429 -0.026199989 0.78600001
0.12170667 -0.026133323 0.78400004
0.12021334 -0.026133323 0.78400004
0.11872 -0.026133323 0.78400004
0.11722667 -0.026133323 0.78400004
0.11573334 -0.026133325 0.78400004
0.11424001 -0.026133325 0.78400004
0.11274667 -0.026133325 0.78400004
0.11125334 -0.026133325 0.78400004
0.10948 -0.026066659 0.78200006
0.10799048 -0.026066659 0.78200006
0.20428573 -0.027485697 0.78000003
0.20332001 -0.027556174 0.78200006
0.20183048 -0.027556175 0.78200006
0.20034096 -0.027556175 0.78200006
0.19834286 -0.027485698 0.78000003
0.19660477 -0.027450461 0.77900004
0.19512096 -0.027450461 0.77900004
0.19314 -0.027379984 0.77700001
0.19116667 -0.027309507 0.77500004
0.18969049 -0.027309507 0.77500004
0.18821429 -0.027309507 0.77500004
0.1862562 -0.027239032 0.77300006
0.18478382 -0.027239032 0.77300006
0.1830743 -0.027203795 0.77200001
0.18183905 -0.027239032 0.77300006
0.18036668 -0.027239034 0.77300006
0.1788943 -0.027239034 0.77300006
0.17030667 -0.026146652 0.74200004
0.16889334 -0.026146652 0.74200004
0.16748001 -0.026146652 0.74200004
0.16606668 -0.026146652 0.74200004
0.16465335 -0.026146652 0.74200004
0.1628 -0.026076177 0.74000001
0.16204476 -0.026181892 0.74300003
0.16041334 -0.026146652 0.74200004
0.15900001 -0.026146654 0.74200004
0.15758668 -0.026146654 0.74200004
0.15617333 -0.026146654 0.74200004
0.15476 -0.026146654 0.74200004
0.15334667 -0.026146654 0.74200004
0.15152381 -0.026076179 0.74000001
0.15052001 -0.026146654 0.74200004
0.14910667 -0.026146654 0.74200004
0.15565525 -0.027556179 0.78200006
0.15416571 -0.027556179 0.78200006
0.15267619 -0.027556179 0.78200006
0.15157335 -0.027626654 0.78400004
0.15046287 -0.027697131 0.78600001
0.14953429 -0.027802845 0.78900003
0.14803143 -0.027802845 0.78900003
0.1469 -0.027873321 0.79100001
0.14539334 -0.027873321 0.79100001
0.14388667 -0.027873321 0.79100001
0.14202 -0.027802845 0.78900003
0.14087334 -0.027873321 0.79100001
0.13901429 -0.027802845 0.78900003
0.13751143 -0.027802847 0.78900003
0.13600858 -0.027802847 0.78900003
0.13484667 -0.027873322 0.79100001
0.13300286 -0.027802847 0.78900003
0.13150001 -0.027802847 0.78900003
0.12983239 -0.02776761 0.78800005
0.12833144 -0.02776761 0.78800005
0.12650858 -0.027697133 0.78600001
0.12501143 -0.027697133 0.78600001
0.12351429 -0.027697133 0.78600001
0.12170667 -0.027626656 0.78400004
0.12021334 -0.027626656 0.78400004
0.11872 -0.027626656 0.78400004
0.11722667 -0.027626656 0.78400004
0.11573334 -0.027626658 0.78400004
0.11424001 -0.027626658 0.78400004
0.11274667 -0.027626658 0.78400004
0.11125334 -0.027626658 0.78400004
0.10976 -0.027626658 0.78400004
0.10826667 -0.027626658 0.78400004
0.20428573 -0.028971411 0.78000003
0.20332001 -0.029045697 0.78200006
0.2013143 -0.028971413 0.78000003
0.19982858 -0.028971413 0.78000003
0.19834286 -0.028971413 0.78000003
0.19610001 -0.028859984 0.77700001
0.19462001 -0.028859984 0.77700001
0.19214572 -0.028711412 0.77300006
0.19067334 -0.028711412 0.77300006
0.18920095 -0.028711412 0.77300006
0.18772858 -0.028711412 0.77300006
0.1862562 -0.028711412 0.77300006
0.18454477 -0.028674269 0.77200001
0.1830743 -0.028674269 0.77200001
0.18160382 -0.028674269 0.77200001
0.18013334 -0.028674271 0.77200001
0.17866287 -0.028674271 0.77200001
0.17030667 -0.027559986 0.74200004
0.16889334 -0.027559986 0.74200004
0.16748001 -0.027559986 0.74200004
0.16606668 -0.027559986 0.74200004
0.16465335 -0.027559986 0.74200004
0.16324 -0.027559986 0.74200004
0.16204476 -0.027597129 0.74300003
0.16062953 -0.027597129 0.74300003
0.15900001 -0.027559988 0.74200004
0.15758668 -0.027559988 0.74200004
0.15617333 -0.027559988 0.74200004
0.15476 -0.027559988 0.74200004
0.15334667 -0.027559988 0.74200004
0.15152381 -0.027485702 0.74000001
0.1501143 -0.027485702 0.74000001
0.15674286 -0.028971417 0.78000003
0.15565525 -0.029045703 0.78200006
0.15416571 -0.029045703 0.78200006
0.15267619 -0.029045703 0.78200006
0.15118667 -0.029045703 0.78200006
0.15008001 -0.029119989 0.78400004
0.14934477 -0.029268559 0.78800005
0.14803143 -0.029305702 0.78900003
0.14652857 -0.029305702 0.78900003
0.14539334 -0.029379988 0.79100001
0.14388667 -0.029379988 0.79100001
0.14202 -0.029305702 0.78900003
0.14051715 -0.029305702 0.78900003
0.13901429 -0.029305702 0.78900003
0.13751143 -0.029305704 0.78900003
0.13600858 -0.029305704 0.78900003
0.13484667 -0.02937999 0.79100001
0.13334 -0.02937999 0.79100001
0.13150001 -0.029305704 0.78900003
0.12999715 -0.029305704 0.78900003
0.12833144 -0.029268561 0.78800005
0.12683047 -0.029268561 0.78800005
0.12501143 -0.029194275 0.78600001
0.12351429 -0.029194275 0.78600001
0.12201715 -0.029194275 0.78600001
0.12021334 -0.029119991 0.78400004
0.11872 -0.029119991 0.78400004
0.11722667 -0.029119991 0.78400004
0.11573334 -0.029119993 0.78400004
0.11424001 -0.029119993 0.78400004
0.11274667 -0.029119993 0.78400004
0.11125334 -0.029119993 0.78400004
0.10976 -0.029119993 0.78400004
0.10826667 -0.029119993 0.78400004
0.10650095 -0.029045707 0.78200006
0.10501143 -0.029045707 0.78200006
0.20428573 -0.030457126 0.78000003
0.20280001 -0.030457126 0.78000003
0.20054001 -0.030339984 0.77700001
0.19906001 -0.030339984 0.77700001
0.19758001 -0.030339984 0.77700001
0.19559525 -0.030261889 0.77500004
0.19411905 -0.030261889 0.77500004
0.19214572 -0.030183794 0.77300006
0.19067334 -0.030183794 0.77300006
0.18920095 -0.030183794 0.77300006
0.18772858 -0.030183794 0.77300006
0.18601525 -0.030144745 0.77200001
0.18454477 -0.030144745 0.77200001
0.18260001 -0.03006665 0.77000004
0.18113334 -0.03006665 0.77000004
0.17966667 -0.030066652 0.77000004
0.17287715 -0.029168557 0.74700004
0.17030667 -0.028973319 0.74200004
0.16889334 -0.028973319 0.74200004
0.16748001 -0.028973319 0.74200004
0.16606668 -0.028973319 0.74200004
0.16465335 -0.028973319 0.74200004
0.16324 -0.028973319 0.74200004
0.16182667 -0.028973319 0.74200004
0.16041334 -0.028973319 0.74200004
0.15921429 -0.029012369 0.74300003
0.15758668 -0.02897332 0.74200004
0.15638381 -0.029012369 0.74300003
0.15476 -0.02897332 0.74200004
0.15334667 -0.02897332 0.74200004
0.15193334 -0.02897332 0.74200004
0.15802573 -0.030418083 0.77900004
0.15674286 -0.030457132 0.78000003
0.15565525 -0.030535227 0.78200006
0.15416571 -0.030535227 0.78200006
0.15267619 -0.030535227 0.78200006
0.15118667 -0.030535227 0.78200006
0.15008001 -0.030613322 0.78400004
0.14896572 -0.030691417 0.78600001
0.14784381 -0.030769512 0.78800005
0.14652857 -0.030808559 0.78900003
0.14539334 -0.030886656 0.79100001
0.14388667 -0.030886656 0.79100001
0.14202 -0.030808559 0.78900003
0.14051715 -0.030808559 0.78900003
0.13901429 -0.030808559 0.78900003
0.13751143 -0.030808561 0.78900003
0.13600858 -0.030808561 0.78900003
0.13484667 -0.030886658 0.79100001
0.13334 -0.030886658 0.79100001
0.13183334 -0.030886658 0.79100001
0.12999715 -0.030808561 0.78900003
0.12833144 -0.030769514 0.78800005
0.12683047 -0.030769514 0.78800005
0.12501143 -0.030691419 0.78600001
0.12320001 -0.030613324 0.78400004
0.12170667 -0.030613324 0.78400004
0.12021334 -0.030613324 0.78400004
0.11872 -0.030613324 0.78400004
0.11722667 -0.030613324 0.78400004
0.11573334 -0.030613326 0.78400004
0.11424001 -0.030613326 0.78400004
0.11274667 -0.030613326 0.78400004
0.11125334 -0.030613326 0.78400004
0.10976 -0.030613326 0.78400004
0.10826667 -0.030613326 0.78400004
0.10650095 -0.03053523 0.78200006
0.10501143 -0.03053523 0.78200006
0.20280001 -0.031942841 0.78000003
0.20002382 -0.031738076 0.77500004
0.19854763 -0.031738076 0.77500004
0.19758001 -0.031819984 0.77700001
0.19559525 -0.031738076 0.77500004
0.19411905 -0.031738076 0.77500004
0.19214572 -0.031656172 0.77300006
0.19042668 -0.031615224 0.77200001
0.1889562 -0.031615224 0.77200001
0.18748572 -0.031615224 0.77200001
0.18601525 -0.031615224 0.77200001
0.18406667 -0.03153332 0.77000004
0.18212572 -0.031451415 0.76800001
0.18066287 -0.031451415 0.76800001
0.17570001 -0.03083713 0.75300002
0.17287715 -0.030591415 0.74700004
0.1714543 -0.030591415 0.74700004
0.1695762 -0.030509509 0.74500006
0.16770571 -0.030427605 0.74300003
0.16606668 -0.030386653 0.74200004
0.16465335 -0.030386653 0.74200004
0.16324 -0.030386653 0.74200004
0.16204476 -0.030427605 0.74300003
0.16062953 -0.030427605 0.74300003
0.15921429 -0.030427607 0.74300003
0.15822382 -0.030509511 0.74500006
0.15680477 -0.030509511 0.74500006
0.15538572 -0.030509511 0.74500006
0.15396667 -0.030509511 0.74500006
0.15254763 -0.030509511 0.74500006
0.15822858 -0.031942844 0.78000003
0.15674286 -0.031942844 0.78000003
0.15525715 -0.031942844 0.78000003
0.15377143 -0.031942844 0.78000003
0.15228572 -0.031942844 0.78000003
0.15118667 -0.032024749 0.78200006
0.14969715 -0.032024749 0.78200006
0.14896572 -0.032188561 0.78600001
0.14784381 -0.032270465 0.78800005
0.14652857 -0.032311417 0.78900003
0.14502572 -0.032311417 0.78900003
0.14388667 -0.032393325 0.79100001
0.14238 -0.032393325 0.79100001
0.14087334 -0.032393325 0.79100001
0.13936667 -0.032393325 0.79100001
0.13751143 -0.032311417 0.78900003
0.13635334 -0.032393325 0.79100001
0.13484667 -0.032393325 0.79100001
0.13334 -0.032393325 0.79100001
0.13150001 -0.032311417 0.78900003
0.12999715 -0.032311417 0.78900003
0.12833144 -0.032270465 0.78800005
0.12683047 -0.032270465 0.78800005
0.12501143 -0.032188561 0.78600001
0.12351429 -0.032188561 0.78600001
0.12170667 -0.032106657 0.78400004
0.12021334 -0.032106657 0.78400004
0.11872 -0.032106657 0.78400004
0.11722667 -0.032106657 0.78400004
0.11573334 -0.032106657 0.78400004
0.11424001 -0.032106657 0.78400004
0.11274667 -0.032106657 0.78400004
0.11125334 -0.032106657 0.78400004
0.10976 -0.032106657 0.78400004
0.10826667 -0.032106657 0.78400004
0.10650095 -0.032024756 0.78200006
0.10501143 -0.032024756 0.78200006
0.10352191 -0.032024756 0.78200006
0.20428573 -0.033428553 0.78000003
0.20280001 -0.033428553 0.78000003
0.20054001 -0.033299983 0.77700001
0.19906001 -0.033299983 0.77700001
0.19758001 -0.033299983 0.77700001
0.19559525 -0.033214267 0.77500004
0.19411905 -0.033214267 0.77500004
0.19214572 -0.033128556 0.77300006
0.19042668 -0.0330857 0.77200001
0.1889562 -0.0330857 0.77200001
0.18748572 -0.0330857 0.77200001
0.18553334 -0.032999985 0.77000004
0.18406667 -0.032999985 0.77000004
0.18212572 -0.032914273 0.76800001
0.18042763 -0.032871414 0.76700002
0.17453334 -0.032057129 0.74800003
0.17310858 -0.032057129 0.74800003
0.17168382 -0.032057129 0.74800003
0.1695762 -0.031928558 0.74500006
0.16815715 -0.031928558 0.74500006
0.16629048 -0.031842843 0.74300003
0.16487524 -0.031842843 0.74300003
0.16346 -0.031842843 0.74300003
0.16204476 -0.031842843 0.74300003
0.16062953 -0.031842843 0.74300003
0.15921429 -0.031842843 0.74300003
0.15822382 -0.031928558 0.74500006
0.15680477 -0.031928558 0.74500006
0.15538572 -0.031928558 0.74500006
0.15396667 -0.031928558 0.74500006
0.15910001 -0.033299986 0.77700001
0.15762001 -0.033299986 0.77700001
0.15654191 -0.033385701 0.77900004
0.1550581 -0.033385701 0.77900004
0.15377143 -0.033428557 0.78000003
0.15228572 -0.033428557 0.78000003
0.15118667 -0.033514272 0.78200006
0.14969715 -0.033514272 0.78200006
0.14896572 -0.033685703 0.78600001
0.14746858 -0.033685703 0.78600001
0.14634286 -0.033771418 0.78800005
0.14484191 -0.033771418 0.78800005
0.14388667 -0.033899989 0.79100001
0.14238 -0.033899989 0.79100001
0.14087334 -0.033899989 0.79100001
0.13936667 -0.033899989 0.79100001
0.13786 -0.033899989 0.79100001
0.13635334 -0.033899989 0.79100001
0.13484667 -0.033899989 0.79100001
0.13334 -0.033899989 0.79100001
0.13183334 -0.033899989 0.79100001
0.12999715 -0.033814277 0.78900003
0.12849429 -0.033814277 0.78900003
0.12699144 -0.033814277 0.78900003
0.12501143 -0.033685703 0.78600001
0.12351429 -0.033685703 0.78600001
0.12170667 -0.033599991 0.78400004
0.12021334 -0.033599991 0.78400004
0.11872 -0.033599991 0.78400004
0.11722667 -0.033599991 0.78400004
0.11573334 -0.033599991 0.78400004
0.11424001 -0.033599991 0.78400004
0.11274667 -0.033599991 0.78400004
0.11125334 -0.033599991 0.78400004
0.10976 -0.033599991 0.78400004
0.10826667 -0.033599991 0.78400004
0.10650095 -0.03351428 0.78200006
0.10528 -0.033599995 0.78400004
0.10378667 -0.033599995 0.78400004
0.10203239 -0.03351428 0.78200006
0.10054286 -0.03351428 0.78200006
0.099053338 -0.03351428 0.78200006
0.097563811 -0.03351428 0.78200006
0.096320003 -0.033599995 0.78400004
0.094826669 -0.033599995 0.78400004
0.20480953 -0.035003792 0.78200006
0.20280001 -0.03491427 0.78000003
0.20054001 -0.034779985 0.77700001
0.19906001 -0.034779985 0.77700001
0.19758001 -0.034779985 0.77700001
0.19559525 -0.034690458 0.77500004
0.19411905 -0.034690458 0.77500004
0.19214572 -0.034600936 0.77300006
0.19042668 -0.034556177 0.77200001
0.1889562 -0.034556177 0.77200001
0.18700001 -0.034466654 0.77000004
0.18505144 -0.034377128 0.76800001
0.18358858 -0.034377128 0.76800001
0.18141429 -0.034242842 0.76500005
0.17878096 -0.034019034 0.76000005
0.17616667 -0.033795223 0.75500005
0.17426573 -0.0337057 0.75300002
0.17214286 -0.033571415 0.75000006
0.17025906 -0.033481892 0.74800003
0.16860858 -0.033437129 0.74700004
0.16718572 -0.033437129 0.74700004
0.16576286 -0.033437129 0.74700004
0.1639 -0.033347607 0.74500006
0.16248097 -0.033347607 0.74500006
0.16106191 -0.033347607 0.74500006
0.16007143 -0.033437129 0.74700004
0.15822382 -0.033347607 0.74500006
0.15680477 -0.033347607 0.74500006
0.16247715 -0.034869511 0.77900004
0.16058001 -0.034779988 0.77700001
0.15910001 -0.034779988 0.77700001
0.15802573 -0.034869511 0.77900004
0.15654191 -0.034869511 0.77900004
0.1550581 -0.034869511 0.77900004
0.15377143 -0.034914274 0.78000003
0.15228572 -0.034914274 0.78000003
0.15118667 -0.035003796 0.78200006
0.15008001 -0.035093319 0.78400004
0.14858668 -0.035093322 0.78400004
0.14746858 -0.035182849 0.78600001
0.14597143 -0.035182849 0.78600001
0.14484191 -0.035272371 0.78800005
0.14334096 -0.035272371 0.78800005
0.14202 -0.035317134 0.78900003
0.14087334 -0.035406657 0.79100001
0.13901429 -0.035317134 0.78900003
0.13786 -0.035406657 0.79100001
0.13635334 -0.035406657 0.79100001
0.13484667 -0.035406657 0.79100001
0.13334 -0.035406657 0.79100001
0.13183334 -0.035406657 0.79100001
0.12999715 -0.035317134 0.78900003
0.12849429 -0.035317134 0.78900003
0.12699144 -0.035317134 0.78900003
0.12532952 -0.035272371 0.78800005
0.12351429 -0.035182849 0.78600001
0.12201715 -0.035182849 0.78600001
0.12021334 -0.035093322 0.78400004
0.11872 -0.035093322 0.78400004
0.11722667 -0.035093322 0.78400004
0.11573334 -0.035093322 0.78400004
0.11424001 -0.035093322 0.78400004
0.11274667 -0.035093322 0.78400004
0.11125334 -0.035093322 0.78400004
0.10976 -0.035093322 0.78400004
0.10799048 -0.0350038 0.78200006
0.10677334 -0.035093322 0.78400004
0.10528 -0.035093326 0.78400004
0.10378667 -0.035093326 0.78400004
0.10229333 -0.035093326 0.78400004
0.10054286 -0.035003804 0.78200006
0.099053338 -0.035003804 0.78200006
0.097563811 -0.035003804 0.78200006
0.096074291 -0.035003804 0.78200006
0.094826669 -0.035093326 0.78400004
0.093333334 -0.035093326 0.78400004
0.20964858 -0.036819983 0.78900003
0.20788191 -0.036773317 0.78800005
0.20585716 -0.036679983 0.78600001
0.20384 -0.03658665 0.78400004
0.2013143 -0.036399983 0.78000003
0.19906001 -0.036259983 0.77700001
0.19758001 -0.036259983 0.77700001
0.19559525 -0.036166649 0.77500004
0.19411905 -0.036166649 0.77500004
0.19214572 -0.036073316 0.77300006
0.19042668 -0.036026653 0.77200001
0.1889562 -0.036026653 0.77200001
0.18700001 -0.035933319 0.77000004
0.18505144 -0.035839986 0.76800001
0.18358858 -0.035839986 0.76800001
0.18094 -0.035606652 0.76300001
0.17878096 -0.035466652 0.76000005
0.17616667 -0.035233319 0.75500005
0.17426573 -0.035139985 0.75300002
0.17260191 -0.035093319 0.75200003
0.17025906 -0.034906652 0.74800003
0.1688343 -0.034906652 0.74800003
0.16718572 -0.034859985 0.74700004
0.16576286 -0.034859985 0.74700004
0.16434 -0.034859985 0.74700004
0.16291715 -0.034859985 0.74700004
0.16149428 -0.034859985 0.74700004
0.16007143 -0.034859985 0.74700004
0.15822382 -0.034766652 0.74500006
0.15680477 -0.034766652 0.74500006
0.16247715 -0.03635332 0.77900004
0.16099334 -0.03635332 0.77900004
0.15910001 -0.036259986 0.77700001
0.15802573 -0.03635332 0.77900004
0.15654191 -0.03635332 0.77900004
0.15525715 -0.036399987 0.78000003
0.15416571 -0.03649332 0.78200006
0.15267619 -0.03649332 0.78200006
0.15157335 -0.036586653 0.78400004
0.15008001 -0.036586653 0.78400004
0.14934477 -0.03677332 0.78800005
0.14784381 -0.036773324 0.78800005
0.14634286 -0.036773324 0.78800005
0.14484191 -0.036773324 0.78800005
0.14352286 -0.036819991 0.78900003
0.14238 -0.036913324 0.79100001
0.14087334 -0.036913324 0.79100001
0.13936667 -0.036913324 0.79100001
0.13786 -0.036913324 0.79100001
0.13635334 -0.036913324 0.79100001
0.13450572 -0.036819991 0.78900003
0.13300286 -0.036819991 0.78900003
0.13183334 -0.036913324 0.79100001
0.12999715 -0.036819991 0.78900003
0.12849429 -0.036819991 0.78900003
0.12699144 -0.036819991 0.78900003
0.12532952 -0.036773324 0.78800005
0.12351429 -0.036679991 0.78600001
0.12201715 -0.036679991 0.78600001
0.12052 -0.036679991 0.78600001
0.11872 -0.036586657 0.78400004
0.11722667 -0.036586657 0.78400004
0.11573334 -0.036586657 0.78400004
0.11424001 -0.036586657 0.78400004
0.11274667 -0.036586657 0.78400004
0.11125334 -0.036586657 0.78400004
0.10976 -0.036586657 0.78400004
0.10799048 -0.036493324 0.78200006
0.10677334 -0.036586657 0.78400004
0.10528 -0.036586661 0.78400004
0.10378667 -0.036586661 0.78400004
0.10203239 -0.036493327 0.78200006
0.10054286 -0.036493327 0.78200006
0.099053338 -0.036493327 0.78200006
0.097563811 -0.036493327 0.78200006
0.096074291 -0.036493327 0.78200006
0.094584763 -0.036493327 0.78200006
0.093095243 -0.036493327 0.78200006
0.091605715 -0.036493327 0.78200006
0.090116195 -0.036493327 0.78200006
0.088626668 -0.036493327 0.78200006
0.21115144 -0.03832284 0.78900003
0.20964858 -0.03832284 0.78900003
0.20788191 -0.03827427 0.78800005
0.20585716 -0.038177125 0.78600001
0.20384 -0.038079984 0.78400004
0.2013143 -0.037885696 0.78000003
0.19957238 -0.037837125 0.77900004
0.19758001 -0.037739981 0.77700001
0.19559525 -0.03764284 0.77500004
0.19411905 -0.03764284 0.77500004
0.19214572 -0.037545696 0.77300006
0.19042668 -0.037497129 0.77200001
0.1889562 -0.037497129 0.77200001
0.18700001 -0.037399985 0.77000004
0.18505144 -0.037302844 0.76800001
0.18334953 -0.037254274 0.76700002
0.18094 -0.037059985 0.76300001
0.17878096 -0.03691427 0.76000005
0.17640001 -0.036719985 0.75600004
0.17426573 -0.036574271 0.75300002
0.17283143 -0.036574271 0.75300002
0.17071429 -0.03642856 0.75000006
0.16928571 -0.03642856 0.75000006
0.16740952 -0.036331415 0.74800003
0.16598476 -0.036331415 0.74800003
0.16456001 -0.036331415 0.74800003
0.16313525 -0.036331415 0.74800003
0.16171049 -0.036331415 0.74800003
0.16028573 -0.036331415 0.74800003
0.15886095 -0.036331415 0.74800003
0.15743619 -0.036331415 0.74800003
0.16206001 -0.037739985 0.77700001
0.16058001 -0.037739985 0.77700001
0.15869048 -0.037642844 0.77500004
0.15762001 -0.037739985 0.77700001
0.15654191 -0.037837129 0.77900004
0.15525715 -0.037885699 0.78000003
0.15416571 -0.037982844 0.78200006
0.15306666 -0.038079988 0.78400004
0.15157335 -0.038079988 0.78400004
0.15008001 -0.038079988 0.78400004
0.14934477 -0.038274273 0.78800005
0.14784381 -0.038274277 0.78800005
0.14634286 -0.038274277 0.78800005
0.14502572 -0.038322847 0.78900003
0.14352286 -0.038322847 0.78900003
0.14238 -0.038419992 0.79100001
0.14087334 -0.038419992 0.79100001
0.13936667 -0.038419992 0.79100001
0.13786 -0.038419992 0.79100001
0.13635334 -0.038419992 0.79100001
0.13484667 -0.038419992 0.79100001
0.13334 -0.038419992 0.79100001
0.13183334 -0.038419992 0.79100001
0.13032667 -0.038419992 0.79100001
0.12882 -0.038419992 0.79100001
0.12699144 -0.038322847 0.78900003
0.12548858 -0.038322847 0.78900003
0.12382858 -0.038274277 0.78800005
0.12201715 -0.038177133 0.78600001
0.12052 -0.038177133 0.78600001
0.11872 -0.038079992 0.78400004
0.11722667 -0.038079992 0.78400004
0.11573334 -0.038079992 0.78400004
0.11424001 -0.038079992 0.78400004
0.11274667 -0.038079992 0.78400004
0.11125334 -0.038079992 0.78400004
0.10948 -0.037982848 0.78200006
0.10799048 -0.037982848 0.78200006
0.10650095 -0.037982851 0.78200006
0.10501143 -0.037982851 0.78200006
0.10352191 -0.037982851 0.78200006
0.10203239 -0.037982851 0.78200006
0.10054286 -0.037982851 0.78200006
0.099053338 -0.037982851 0.78200006
0.097563811 -0.037982851 0.78200006
0.095828578 -0.037885707 0.78000003
0.094342858 -0.037885707 0.78000003
0.092857145 -0.037885707 0.78000003
0.091254286 -0.037837137 0.77900004
0.089540005 -0.037739992 0.77700001
0.088060006 -0.037739992 0.77700001
0.086802863 -0.037837137 0.77900004
0.08531905 -0.037837137 0.77900004
0.083620004 -0.037739992 0.77700001
0.082140006 -0.037739992 0.77700001
0.21115144 -0.039825696 0.78900003
0.20964858 -0.039825696 0.78900003
0.20814572 -0.039825696 0.78900003
0.20585716 -0.039674267 0.78600001
0.20384 -0.039573316 0.78400004
0.20183048 -0.039472364 0.78200006
0.19982858 -0.039371412 0.78000003
0.19808857 -0.039320935 0.77900004
0.19610001 -0.039219983 0.77700001
0.19462001 -0.039219983 0.77700001
0.19264287 -0.039119031 0.77500004
0.19067334 -0.039018083 0.77300006
0.1889562 -0.038967606 0.77200001
0.18700001 -0.038866654 0.77000004
0.18505144 -0.038765702 0.76800001
0.18358858 -0.038765702 0.76800001
0.18094 -0.038513321 0.76300001
0.17878096 -0.038361892 0.76000005
0.17640001 -0.038159985 0.75600004
0.17472857 -0.038109511 0.75500005
0.17283143 -0.038008559 0.75300002
0.17116953 -0.037958082 0.75200003
0.16928571 -0.03785713 0.75000006
0.16785716 -0.03785713 0.75000006
0.16598476 -0.037756179 0.74800003
0.16500001 -0.03785713 0.75000006
0.16357143 -0.03785713 0.75000006
0.16214286 -0.03785713 0.75000006
0.1607143 -0.03785713 0.75000006
0.15928572 -0.03785713 0.75000006
0.15785715 -0.03785713 0.75000006
0.16164286 -0.039119035 0.77500004
0.16058001 -0.039219987 0.77700001
0.15869048 -0.039119035 0.77500004
0.15762001 -0.039219987 0.77700001
0.15654191 -0.039320938 0.77900004
0.15525715 -0.039371416 0.78000003
0.15416571 -0.039472368 0.78200006
0.15306666 -0.039573319 0.78400004
0.15157335 -0.039573319 0.78400004
0.15008001 -0.039573319 0.78400004
0.14953429 -0.0398257 0.78900003
0.14784381 -0.03977523 0.78800005
0.14634286 -0.03977523 0.78800005
0.14502572 -0.039825704 0.78900003
0.14352286 -0.039825704 0.78900003
0.14238 -0.039926656 0.79100001
0.14087334 -0.039926656 0.79100001
0.13936667 -0.039926656 0.79100001
0.13786 -0.039926656 0.79100001
0.13635334 -0.039926656 0.79100001
0.13484667 -0.039926656 0.79100001
0.13334 -0.039926656 0.79100001
0.13183334 -0.039926656 0.79100001
0.13032667 -0.039926656 0.79100001
0.12882 -0.039926656 0.79100001
0.12699144 -0.039825704 0.78900003
0.12548858 -0.039825704 0.78900003
0.12398572 -0.039825704 0.78900003
0.12232763 -0.03977523 0.78800005
0.12082667 -0.03977523 0.78800005
0.11902286 -0.039674275 0.78600001
0.11722667 -0.039573323 0.78400004
0.11573334 -0.039573323 0.78400004
0.11424001 -0.039573323 0.78400004
0.11274667 -0.039573323 0.78400004
0.11125334 -0.039573323 0.78400004
0.10948 -0.039472371 0.78200006
0.10799048 -0.039472371 0.78200006
0.10650095 -0.039472375 0.78200006
0.10501143 -0.039472375 0.78200006
0.10352191 -0.039472375 0.78200006
0.10203239 -0.039472375 0.78200006
0.10028572 -0.039371423 0.78000003
0.098800004 -0.039371423 0.78000003
0.097314291 -0.039371423 0.78000003
0.095460005 -0.039219994 0.77700001
0.093980007 -0.039219994 0.77700001
0.092500001 -0.039219994 0.77700001
0.091020003 -0.039219994 0.77700001
0.089309528 -0.039119042 0.77500004
0.087833337 -0.039119042 0.77500004
0.086357147 -0.039119042 0.77500004
0.084880956 -0.039119042 0.77500004
0.083404765 -0.039119042 0.77500004
0.081717148 -0.039018091 0.77300006
0.080140956 -0.038967613 0.77200001
0.078670479 -0.038967613 0.77200001
0.077200003 -0.038967613 0.77200001
0.20938286 -0.041276172 0.78800005
0.20788191 -0.041276172 0.78800005
0.20585716 -0.041171413 0.78600001
0.20384 -0.04106665 0.78400004
0.20183048 -0.040961888 0.78200006
0.19982858 -0.040857125 0.78000003
0.19808857 -0.040804744 0.77900004
0.19610001 -0.040699981 0.77700001
0.19462001 -0.040699981 0.77700001
0.19264287 -0.040595222 0.77500004
0.19067334 -0.040490463 0.77300006
0.1889562 -0.040438082 0.77200001
0.18700001 -0.040333319 0.77000004
0.18505144 -0.040228557 0.76800001
0.18334953 -0.040176176 0.76700002
0.18046573 -0.039861891 0.76100004
0.17878096 -0.03980951 0.76000005
0.17640001 -0.039599985 0.75600004
0.17472857 -0.039547607 0.75500005
0.17329048 -0.039547607 0.75500005
0.17185238 -0.039547607 0.75500005
0.16996287 -0.039442845 0.75300002
0.16830477 -0.039390463 0.75200003
0.16687238 -0.039390463 0.75200003
0.16566001 -0.039442845 0.75300002
0.16422573 -0.039442845 0.75300002
0.16322382 -0.039547607 0.75500005
0.16178572 -0.039547607 0.75500005
0.16310857 -0.040228557 0.76800001
0.16248763 -0.040438082 0.77200001
0.16122572 -0.040490463 0.77300006
0.16016667 -0.040595226 0.77500004
0.15869048 -0.040595226 0.77500004
0.15802573 -0.040804747 0.77900004
0.15654191 -0.040804747 0.77900004
0.15565525 -0.040961891 0.78200006
0.15416571 -0.040961891 0.78200006
0.15306666 -0.041066654 0.78400004
0.15196 -0.041171417 0.78600001
0.15008001 -0.041066654 0.78400004
0.14934477 -0.041276176 0.78800005
0.14746858 -0.04117142 0.78600001
0.14634286 -0.041276179 0.78800005
0.14502572 -0.041328561 0.78900003
0.14352286 -0.041328561 0.78900003
0.14238 -0.041433323 0.79100001
0.14087334 -0.041433323 0.79100001
0.13936667 -0.041433323 0.79100001
0.13786 -0.041433323 0.79100001
0.13635334 -0.041433323 0.79100001
0.13484667 -0.041433323 0.79100001
0.13334 -0.041433323 0.79100001
0.13183334 -0.041433323 0.79100001
0.13032667 -0.041433323 0.79100001
0.12882 -0.041433323 0.79100001
0.12731333 -0.041433323 0.79100001
0.12548858 -0.041328561 0.78900003
0.12398572 -0.041328561 0.78900003
0.12232763 -0.041276179 0.78800005
0.12052 -0.04117142 0.78600001
0.11902286 -0.04117142 0.78600001
0.11722667 -0.041066658 0.78400004
0.11573334 -0.041066658 0.78400004
0.11424001 -0.041066658 0.78400004
0.11274667 -0.041066658 0.78400004
0.11125334 -0.041066658 0.78400004
0.10948 -0.040961895 0.78200006
0.10799048 -0.040961895 0.78200006
0.10650095 -0.040961899 0.78200006
0.10501143 -0.040961899 0.78200006
0.10352191 -0.040961899 0.78200006
0.10203239 -0.040961899 0.78200006
0.10028572 -0.040857136 0.78000003
0.098800004 -0.040857136 0.78000003
0.097314291 -0.040857136 0.78000003
0.095460005 -0.040699992 0.77700001
0.093980007 -0.040699992 0.77700001
0.09226191 -0.040595233 0.77500004
0.090785719 -0.040595233 0.77500004
0.089309528 -0.040595233 0.77500004
0.087833337 -0.040595233 0.77500004
0.086357147 -0.040595233 0.77500004
0.084880956 -0.040595233 0.77500004
0.083404765 -0.040595233 0.77500004
0.081717148 -0.040490471 0.77300006
0.080140956 -0.04043809 0.77200001
0.078670479 -0.04043809 0.77200001
0.077 -0.040333327 0.77000004
0.075533338 -0.040333327 0.77000004
0.20638096 -0.042777125 0.78800005
0.20436001 -0.042668555 0.78600001
0.20183048 -0.042451411 0.78200006
0.20034096 -0.042451411 0.78200006
0.19834286 -0.042342842 0.78000003
0.19660477 -0.042288553 0.77900004
0.19512096 -0.042288553 0.77900004
0.19264287 -0.042071413 0.77500004
0.19116667 -0.042071417 0.77500004
0.18920095 -0.041962843 0.77300006
0.18700001 -0.041799985 0.77000004
0.18505144 -0.041691415 0.76800001
0.18334953 -0.04163713 0.76700002
0.18094 -0.041419987 0.76300001
0.17878096 -0.041257128 0.76000005
0.17686668 -0.041148558 0.75800002
0.17496 -0.041039988 0.75600004
0.17352001 -0.041039988 0.75600004
0.17208001 -0.041039988 0.75600004
0.1704143 -0.0409857 0.75500005
0.1689762 -0.0409857 0.75500005
0.16820382 -0.041148558 0.75800002
0.1672 -0.041257128 0.76000005
0.16597049 -0.041311417 0.76100004
0.16495334 -0.041419987 0.76300001
0.16457143 -0.041691415 0.76800001
0.1628962 -0.04163713 0.76700002
0.16164573 -0.041691415 0.76800001
0.16101715 -0.041908558 0.77200001
0.16016667 -0.042071417 0.77500004
0.15869048 -0.042071417 0.77500004
0.15802573 -0.042288557 0.77900004
0.15674286 -0.042342845 0.78000003
0.15605333 -0.042559985 0.78400004
0.15456 -0.042559985 0.78400004
0.15345715 -0.042668559 0.78600001
0.15196 -0.042668559 0.78600001
0.15046287 -0.042668559 0.78600001
0.14953429 -0.042831413 0.78900003
0.14803143 -0.042831417 0.78900003
0.14652857 -0.042831417 0.78900003
0.14502572 -0.042831417 0.78900003
0.14352286 -0.042831417 0.78900003
0.14238 -0.042939991 0.79100001
0.14087334 -0.042939991 0.79100001
0.13936667 -0.042939991 0.79100001
0.13786 -0.042939991 0.79100001
0.13635334 -0.042939991 0.79100001
0.13484667 -0.042939991 0.79100001
0.13334 -0.042939991 0.79100001
0.13183334 -0.042939991 0.79100001
0.13032667 -0.042939991 0.79100001
0.12882 -0.042939991 0.79100001
0.12731333 -0.042939991 0.79100001
0.12580667 -0.042939991 0.79100001
0.12430001 -0.042939991 0.79100001
0.12248287 -0.042831417 0.78900003
0.12098001 -0.042831417 0.78900003
0.11902287 -0.042668562 0.78600001
0.11752573 -0.042668562 0.78600001
0.11573334 -0.042559989 0.78400004
0.11424001 -0.042559989 0.78400004
0.11274667 -0.042559989 0.78400004
0.11096953 -0.042451419 0.78200006
0.10948 -0.042451419 0.78200006
0.10799048 -0.042451419 0.78200006
0.10650095 -0.042451423 0.78200006
0.10501143 -0.042451423 0.78200006
0.10352191 -0.042451423 0.78200006
0.10203239 -0.042451423 0.78200006
0.10028572 -0.042342853 0.78000003
0.098800004 -0.042342853 0.78000003
0.097314291 -0.042342853 0.78000003
0.095460005 -0.042179994 0.77700001
0.093980007 -0.042179994 0.77700001
0.092500001 -0.042179994 0.77700001
0.090785719 -0.042071424 0.77500004
0.089309528 -0.042071424 0.77500004
0.087833337 -0.042071424 0.77500004
0.086357147 -0.042071424 0.77500004
0.084880956 -0.042071424 0.77500004
0.083404765 -0.042071424 0.77500004
0.081928574 -0.042071424 0.77500004
0.080244765 -0.041962851 0.77300006
0.078772381 -0.041962851 0.77300006
0.077200003 -0.041908566 0.77200001
0.075729527 -0.041908566 0.77200001
0.074066669 -0.041799992 0.77000004
0.0726 -0.041799992 0.77000004
0.071133338 -0.041799992 0.77000004
0.065436192 -0.041908566 0.77200001
0.063965715 -0.041908566 0.77200001
0.20638096 -0.044278078 0.78800005
0.20436001 -0.044165697 0.78600001
0.20234667 -0.044053316 0.78400004
0.20085335 -0.044053316 0.78400004
0.19885144 -0.043940935 0.78200006
0.19685715 -0.043828554 0.78000003
0.19512096 -0.043772362 0.77900004
0.19264287 -0.043547601 0.77500004
0.19067334 -0.043435223 0.77300006
0.1889562 -0.043379035 0.77200001
0.18700001 -0.043266654 0.77000004
0.18505144 -0.043154273 0.76800001
0.18334953 -0.043098081 0.76700002
0.18094 -0.042873319 0.76300001
0.17948668 -0.042873319 0.76300001
0.17756668 -0.042760938 0.76100004
0.17588572 -0.04270475 0.76000005
0.17397906 -0.042592369 0.75800002
0.17208001 -0.042479988 0.75600004
0.17109144 -0.042592369 0.75800002
0.16964762 -0.042592369 0.75800002
0.16864763 -0.04270475 0.76000005
0.16786 -0.042873319 0.76300001
0.16684286 -0.0429857 0.76500005
0.16538572 -0.0429857 0.76500005
0.16435716 -0.043098081 0.76700002
0.16310857 -0.043154273 0.76800001
0.16206667 -0.043266654 0.77000004
0.16101715 -0.043379035 0.77200001
0.16016667 -0.043547604 0.77500004
0.15910001 -0.043659985 0.77700001
0.15822858 -0.043828558 0.78000003
0.15674286 -0.043828558 0.78000003
0.15645143 -0.044165701 0.78600001
0.15495428 -0.044165701 0.78600001
0.15384762 -0.044278082 0.78800005
0.15234667 -0.044278082 0.78800005
0.15084572 -0.044278082 0.78800005
0.14953429 -0.044334274 0.78900003
0.14803143 -0.044334278 0.78900003
0.14652857 -0.044334278 0.78900003
0.14502572 -0.044334278 0.78900003
0.14388667 -0.044446658 0.79100001
0.14238 -0.044446658 0.79100001
0.14087334 -0.044446658 0.79100001
0.13936667 -0.044446658 0.79100001
0.13786 -0.044446658 0.79100001
0.1366981 -0.044559039 0.79300004
0.13484667 -0.044446658 0.79100001
0.13334 -0.044446658 0.79100001
0.13183334 -0.044446658 0.79100001
0.13032667 -0.044446658 0.79100001
0.12882 -0.044446658 0.79100001
0.12731333 -0.044446658 0.79100001
0.12580667 -0.044446658 0.79100001
0.12430001 -0.044446658 0.79100001
0.12248287 -0.044334278 0.78900003
0.12098001 -0.044334278 0.78900003
0.11902287 -0.044165704 0.78600001
0.11752573 -0.044165704 0.78600001
0.11573335 -0.044053324 0.78400004
0.11424001 -0.044053324 0.78400004
0.11274668 -0.044053324 0.78400004
0.11125334 -0.044053324 0.78400004
0.10948001 -0.043940943 0.78200006
0.10799049 -0.043940943 0.78200006
0.10650096 -0.043940946 0.78200006
0.10501144 -0.043940946 0.78200006
0.10352191 -0.043940946 0.78200006
0.10177144 -0.043828566 0.78000003
0.10028572 -0.043828566 0.78000003
0.098673344 -0.043772373 0.77900004
0.097189538 -0.043772373 0.77900004
0.095460013 -0.043659993 0.77700001
0.093980014 -0.043659993 0.77700001
0.092261918 -0.043547612 0.77500004
0.090785727 -0.043547612 0.77500004
0.089309536 -0.043547612 0.77500004
0.087606676 -0.043435231 0.77300006
0.0861343 -0.043435231 0.77300006
0.084661916 -0.043435231 0.77300006
0.083404772 -0.043547612 0.77500004
0.081928581 -0.043547612 0.77500004
0.080244772 -0.043435231 0.77300006
0.078772388 -0.043435231 0.77300006
0.07720001 -0.043379042 0.77200001
0.075729534 -0.043379042 0.77200001
0.074259058 -0.043379042 0.77200001
0.072600007 -0.043266661 0.77000004
0.071133345 -0.043266661 0.77000004
0.069666676 -0.043266661 0.77000004
0.068200007 -0.043266661 0.77000004
0.066733345 -0.043266661 0.77000004
0.065266676 -0.043266661 0.77000004
0.063800007 -0.043266665 0.77000004
0.062171433 -0.043154284 0.76800001
0.060708579 -0.043154284 0.76800001
0.059245721 -0.043154284 0.76800001
0.20436001 -0.045662839 0.78600001
0.20234667 -0.045546651 0.78400004
0.20085335 -0.045546651 0.78400004
0.19885144 -0.045430459 0.78200006
0.19685715 -0.045314267 0.78000003
0.19537143 -0.045314267 0.78000003
0.19363715 -0.045256175 0.77900004
0.19116667 -0.045023795 0.77500004
0.18920095 -0.044907607 0.77300006
0.18748572 -0.044849511 0.77200001
0.18505144 -0.044617131 0.76800001
0.18334953 -0.044559035 0.76700002
0.18141429 -0.044442844 0.76500005
0.17948668 -0.044326652 0.76300001
0.17803334 -0.044326652 0.76300001
0.17658001 -0.044326652 0.76300001
0.1744381 -0.044152368 0.76000005
0.17253524 -0.044036176 0.75800002
0.17154287 -0.044152368 0.76000005
0.17031905 -0.044210464 0.76100004
0.16886953 -0.044210464 0.76100004
0.1683 -0.044442844 0.76500005
0.16727905 -0.044559035 0.76700002
0.1660343 -0.044617131 0.76800001
0.16457143 -0.044617131 0.76800001
0.16353334 -0.044733319 0.77000004
0.16248763 -0.044849511 0.77200001
0.16164286 -0.045023795 0.77500004
0.16016667 -0.045023795 0.77500004
0.15950952 -0.045256179 0.77900004
0.15822858 -0.045314271 0.78000003
0.15714477 -0.045430463 0.78200006
0.15605333 -0.045546655 0.78400004
0.15495428 -0.045662843 0.78600001
0.15384762 -0.045779034 0.78800005
0.15234667 -0.045779034 0.78800005
0.15084572 -0.045779034 0.78800005
0.14953429 -0.04583713 0.78900003
0.14840667 -0.045953322 0.79100001
0.14652857 -0.045837134 0.78900003
0.14539334 -0.045953322 0.79100001
0.14388667 -0.045953322 0.79100001
0.14238 -0.045953322 0.79100001
0.14122953 -0.046069514 0.79300004
0.13971905 -0.046069514 0.79300004
0.13786 -0.045953322 0.79100001
0.1366981 -0.046069514 0.79300004
0.13518763 -0.046069514 0.79300004
0.13367715 -0.046069514 0.79300004
0.13183334 -0.045953322 0.79100001
0.13032667 -0.045953322 0.79100001
0.12914571 -0.046069514 0.79300004
0.12763524 -0.046069514 0.79300004
0.12580667 -0.045953322 0.79100001
0.12430001 -0.045953322 0.79100001
0.12248287 -0.045837134 0.78900003
0.12098001 -0.045837134 0.78900003
0.11932573 -0.045779038 0.78800005
0.11752573 -0.045662846 0.78600001
0.11573335 -0.045546658 0.78400004
0.11424001 -0.045546658 0.78400004
0.11274668 -0.045546658 0.78400004
0.11125334 -0.045546658 0.78400004
0.10948001 -0.045430467 0.78200006
0.10799049 -0.045430467 0.78200006
0.10650096 -0.04543047 0.78200006
0.10501144 -0.04543047 0.78200006
0.10352191 -0.04543047 0.78200006
0.10177144 -0.045314278 0.78000003
0.10028572 -0.045314278 0.78000003
0.098673344 -0.045256186 0.77900004
0.097189538 -0.045256186 0.77900004
0.095460013 -0.045139994 0.77700001
0.093738109 -0.045023803 0.77500004
0.092261918 -0.045023803 0.77500004
0.090785727 -0.045023803 0.77500004
0.089309536 -0.045023803 0.77500004
0.087833345 -0.045023803 0.77500004
0.0861343 -0.044907615 0.77300006
0.084661916 -0.044907615 0.77300006
0.083404772 -0.045023803 0.77500004
0.081717156 -0.044907615 0.77300006
0.080244772 -0.044907615 0.77300006
0.078670487 -0.044849519 0.77200001
0.07720001 -0.044849519 0.77200001
0.075729534 -0.044849519 0.77200001
0.074259058 -0.044849519 0.77200001
0.072600007 -0.044733327 0.77000004
0.071133345 -0.044733327 0.77000004
0.069666676 -0.044733327 0.77000004
0.068200007 -0.044733327 0.77000004
0.066560008 -0.044617139 0.76800001
0.065097153 -0.044617139 0.76800001
0.063634299 -0.044617143 0.76800001
0.062090483 -0.044559047 0.76700002
0.060471434 -0.044442855 0.76500005
0.059168577 -0.044559047 0.76700002
0.057707626 -0.044559047 0.76700002
0.20436001 -0.047159985 0.78600001
0.20234667 -0.047039982 0.78400004
0.20085335 -0.047039982 0.78400004
0.19885144 -0.046919983 0.78200006
0.19736192 -0.046919983 0.78200006
0.19587238 -0.046919983 0.78200006
0.19363715 -0.046739984 0.77900004
0.19166 -0.046619985 0.77700001
0.18969049 -0.046499986 0.77500004
0.18772858 -0.046379987 0.77300006
0.18553334 -0.046199989 0.77000004
0.18358858 -0.046079986 0.76800001
0.18188858 -0.046019986 0.76700002
0.18042763 -0.046019986 0.76700002
0.17850001 -0.045899987 0.76500005
0.17658001 -0.045779988 0.76300001
0.17512667 -0.045779988 0.76300001
0.17367335 -0.045779988 0.76300001
0.17267144 -0.045899987 0.76500005
0.1712143 -0.045899987 0.76500005
0.17020096 -0.046019986 0.76700002
0.16896001 -0.046079986 0.76800001
0.16749714 -0.046079986 0.76800001
0.16646667 -0.046199989 0.77000004
0.16542858 -0.046319988 0.77200001
0.1639581 -0.046319988 0.77200001
0.1626981 -0.046379987 0.77300006
0.16206001 -0.046619985 0.77700001
0.1612 -0.046799988 0.78000003
0.1597143 -0.046799988 0.78000003
0.15822858 -0.046799988 0.78000003
0.15714477 -0.046919987 0.78200006
0.15565525 -0.046919987 0.78200006
0.15495428 -0.047159988 0.78600001
0.15345715 -0.047159988 0.78600001
0.15234667 -0.047279987 0.78800005
0.15103714 -0.047339987 0.78900003
0.14953429 -0.047339987 0.78900003
0.14840667 -0.04745999 0.79100001
0.14652857 -0.047339991 0.78900003
0.14539334 -0.04745999 0.79100001
0.14388667 -0.04745999 0.79100001
0.14274001 -0.047579989 0.79300004
0.14122953 -0.047579989 0.79300004
0.14007144 -0.047699992 0.79500002
0.13820858 -0.047579989 0.79300004
0.13704287 -0.047699992 0.79500002
0.13518763 -0.047579989 0.79300004
0.13367715 -0.047579989 0.79300004
0.13216667 -0.047579989 0.79300004
0.1306562 -0.047579989 0.79300004
0.12914571 -0.047579989 0.79300004
0.12795715 -0.047699992 0.79500002
0.12612477 -0.047579989 0.79300004
0.1246143 -0.047579989 0.79300004
0.12279335 -0.04745999 0.79100001
0.12128668 -0.04745999 0.79100001
0.11932573 -0.047279991 0.78800005
0.11722668 -0.047039989 0.78400004
0.11573335 -0.047039989 0.78400004
0.11394858 -0.04691999 0.78200006
0.11245906 -0.04691999 0.78200006
0.11125334 -0.047039989 0.78400004
0.10976001 -0.047039989 0.78400004
0.10799049 -0.04691999 0.78200006
0.10650096 -0.046919994 0.78200006
0.10501144 -0.046919994 0.78200006
0.10352191 -0.046919994 0.78200006
0.10177144 -0.046799995 0.78000003
0.10015716 -0.046739995 0.77900004
0.098673344 -0.046739995 0.77900004
0.097189538 -0.046739995 0.77900004
0.095460013 -0.046619993 0.77700001
0.093738109 -0.046499994 0.77500004
0.092261918 -0.046499994 0.77500004
0.090785727 -0.046499994 0.77500004
0.089309536 -0.046499994 0.77500004
0.087833345 -0.046499994 0.77500004
0.0861343 -0.046379995 0.77300006
0.084661916 -0.046379995 0.77300006
0.083189532 -0.046379995 0.77300006
0.081717156 -0.046379995 0.77300006
0.080244772 -0.046379995 0.77300006
0.078670487 -0.046319995 0.77200001
0.07720001 -0.046319995 0.77200001
0.075729534 -0.046319995 0.77200001
0.074259058 -0.046319995 0.77200001
0.072600007 -0.046199996 0.77000004
0.071133345 -0.046199996 0.77000004
0.069666676 -0.046199996 0.77000004
0.068200007 -0.046199996 0.77000004
0.066560008 -0.046079993 0.76800001
0.065097153 -0.046079993 0.76800001
0.063634299 -0.046079997 0.76800001
0.062090483 -0.046019997 0.76700002
0.060471434 -0.045899998 0.76500005
0.059245721 -0.046079997 0.76800001
0.057782862 -0.046079997 0.76800001
0.056100007 -0.045899998 0.76500005
0.054642864 -0.045899998 0.76500005
0.053394292 -0.046079997 0.76800001
0.051931433 -0.046079997 0.76800001
0.050468575 -0.046079997 0.76800001
0.049005721 -0.046079997 0.76800001
0.20234667 -0.048533317 0.78400004
0.20034096 -0.048409507 0.78200006
0.19834286 -0.048285697 0.78000003
0.19685715 -0.048285697 0.78000003
0.19587238 -0.048409507 0.78200006
0.19388573 -0.048285697 0.78000003
0.19215333 -0.048223794 0.77900004
0.19018 -0.048099987 0.77700001
0.18821429 -0.047976177 0.77500004
0.18601525 -0.047790464 0.77200001
0.18358858 -0.047542844 0.76800001
0.18212572 -0.047542844 0.76800001
0.18066287 -0.047542844 0.76800001
0.17896667 -0.047480941 0.76700002
0.17773715 -0.047542844 0.76800001
0.17604476 -0.047480941 0.76700002
0.17458382 -0.047480941 0.76700002
0.17334858 -0.047542844 0.76800001
0.17188571 -0.047542844 0.76800001
0.17042287 -0.047542844 0.76800001
0.16940001 -0.047666654 0.77000004
0.16836953 -0.047790464 0.77200001
0.16689906 -0.047790464 0.77200001
0.16564286 -0.047852367 0.77300006
0.16417049 -0.047852367 0.77300006
0.16354001 -0.048099987 0.77700001
0.16247715 -0.048223797 0.77900004
0.1612 -0.0482857 0.78000003
0.16012381 -0.04840951 0.78200006
0.15863429 -0.04840951 0.78200006
0.15754667 -0.04853332 0.78400004
0.15645143 -0.04865713 0.78600001
0.15534858 -0.04878094 0.78800005
0.15404287 -0.048842844 0.78900003
0.15254 -0.048842844 0.78900003
0.15103714 -0.048842844 0.78900003
0.14991334 -0.048966654 0.79100001
0.14840667 -0.048966657 0.79100001
0.1469 -0.048966657 0.79100001
0.14539334 -0.048966657 0.79100001
0.14388667 -0.048966657 0.79100001
0.14238 -0.048966657 0.79100001
0.14122953 -0.049090467 0.79300004
0.14007144 -0.049214277 0.79500002
0.13820858 -0.049090467 0.79300004
0.13738762 -0.049338087 0.79700005
0.13552858 -0.049214277 0.79500002
0.13401429 -0.049214277 0.79500002
0.13183334 -0.048966657 0.79100001
0.13032667 -0.048966657 0.79100001
0.12914571 -0.049090467 0.79300004
0.12763524 -0.049090467 0.79300004
0.12612477 -0.049090467 0.79300004
0.12430001 -0.048966657 0.79100001
0.12279335 -0.048966657 0.79100001
0.12021334 -0.048533324 0.78400004
0.11872001 -0.048533324 0.78400004
0.11722668 -0.048533324 0.78400004
0.11573335 -0.048533324 0.78400004
0.11394858 -0.048409514 0.78200006
0.11274668 -0.048533324 0.78400004
0.11125334 -0.048533324 0.78400004
0.10976001 -0.048533324 0.78400004
0.10799049 -0.048409514 0.78200006
0.10650096 -0.048409518 0.78200006
0.10501144 -0.048409518 0.78200006
0.10352191 -0.048409518 0.78200006
0.10177144 -0.048285708 0.78000003
0.10015716 -0.048223805 0.77900004
0.098673344 -0.048223805 0.77900004
0.097189538 -0.048223805 0.77900004
0.095460013 -0.048099995 0.77700001
0.093980014 -0.048099995 0.77700001
0.092261918 -0.047976185 0.77500004
0.090785727 -0.047976185 0.77500004
0.089309536 -0.047976185 0.77500004
0.087833345 -0.047976185 0.77500004
0.086357154 -0.047976185 0.77500004
0.084880963 -0.047976185 0.77500004
0.083404772 -0.047976185 0.77500004
0.081717156 -0.047852375 0.77300006
0.080244772 -0.047852375 0.77300006
0.078670487 -0.047790471 0.77200001
0.07720001 -0.047790471 0.77200001
0.075729534 -0.047790471 0.77200001
0.074066676 -0.047666661 0.77000004
0.072600007 -0.047666661 0.77000004
0.071133345 -0.047666661 0.77000004
0.069666676 -0.047666661 0.77000004
0.068200007 -0.047666661 0.77000004
0.066560008 -0.047542851 0.76800001
0.065097153 -0.047542851 0.76800001
0.063634299 -0.047542855 0.76800001
0.062090483 -0.047480952 0.76700002
0.060471434 -0.047357142 0.76500005
0.059014291 -0.047357142 0.76500005
0.057782862 -0.047542855 0.76800001
0.056100007 -0.047357142 0.76500005
0.054642864 -0.047357142 0.76500005
0.05318572 -0.047357142 0.76500005
0.051931433 -0.047542855 0.76800001
0.050468575 -0.047542855 0.76800001
0.04894191 -0.047480952 0.76700002
0.047480959 -0.047480952 0.76700002
0.20234667 -0.050026651 0.78400004
0.20085335 -0.050026651 0.78400004
0.19885144 -0.04989903 0.78200006
0.19736192 -0.04989903 0.78200006
0.19587238 -0.04989903 0.78200006
0.19438286 -0.04989903 0.78200006
0.19240001 -0.049771413 0.78000003
0.19091429 -0.049771417 0.78000003
0.18942858 -0.049771417 0.78000003
0.18794286 -0.049771417 0.78000003
0.18358858 -0.049005702 0.76800001
0.18212572 -0.049005702 0.76800001
0.18113334 -0.049133319 0.77000004
0.17966667 -0.049133319 0.77000004
0.17820001 -0.049133319 0.77000004
0.1762743 -0.049005702 0.76800001
0.17526667 -0.049133319 0.77000004
0.17380001 -0.049133319 0.77000004
0.17233334 -0.049133319 0.77000004
0.17086667 -0.049133319 0.77000004
0.16940001 -0.049133319 0.77000004
0.16858763 -0.049324747 0.77300006
0.16711524 -0.049324747 0.77300006
0.16607143 -0.049452368 0.77500004
0.16459525 -0.049452368 0.77500004
0.16396096 -0.049707606 0.77900004
0.16247715 -0.049707606 0.77900004
0.16161335 -0.049899034 0.78200006
0.16053334 -0.050026655 0.78400004
0.15904 -0.050026655 0.78400004
0.15794858 -0.050154272 0.78600001
0.15684953 -0.050281893 0.78800005
0.15534858 -0.050281893 0.78800005
0.15404287 -0.0503457 0.78900003
0.15254 -0.0503457 0.78900003
0.15103714 -0.0503457 0.78900003
0.14991334 -0.050473321 0.79100001
0.14878191 -0.050600942 0.79300004
0.1469 -0.050473325 0.79100001
0.14539334 -0.050473325 0.79100001
0.14425048 -0.050600942 0.79300004
0.14274001 -0.050600942 0.79300004
0.13738762 -0.05085618 0.79700005
0.13552858 -0.050728563 0.79500002
0.13401429 -0.050728563 0.79500002
0.11872001 -0.050026659 0.78400004
0.11722668 -0.050026659 0.78400004
0.11573335 -0.050026659 0.78400004
0.11424001 -0.050026659 0.78400004
0.11274668 -0.050026659 0.78400004
0.11096954 -0.049899038 0.78200006
0.10948001 -0.049899038 0.78200006
0.10799049 -0.049899038 0.78200006
0.10677335 -0.050026659 0.78400004
0.10501144 -0.049899042 0.78200006
0.10352191 -0.049899042 0.78200006
0.10177144 -0.049771424 0.78000003
0.10015716 -0.049707614 0.77900004
0.098420009 -0.049579993 0.77700001
0.097314298 -0.049771424 0.78000003
0.095460013 -0.049579993 0.77700001
0.093980014 -0.049579993 0.77700001
0.092261918 -0.049452376 0.77500004
0.090785727 -0.049452376 0.77500004
0.089309536 -0.049452376 0.77500004
0.087833345 -0.049452376 0.77500004
0.086357154 -0.049452376 0.77500004
0.084880963 -0.049452376 0.77500004
0.083404772 -0.049452376 0.77500004
0.081717156 -0.049324755 0.77300006
0.080244772 -0.049324755 0.77300006
0.078670487 -0.049260948 0.77200001
0.07720001 -0.049260948 0.77200001
0.075729534 -0.049260948 0.77200001
0.074066676 -0.049133327 0.77000004
0.072600007 -0.049133327 0.77000004
0.070948578 -0.04900571 0.76800001
0.069485724 -0.04900571 0.76800001
0.06802287 -0.04900571 0.76800001
0.066733345 -0.049133327 0.77000004
0.065266676 -0.049133327 0.77000004
0.063634299 -0.049005713 0.76800001
0.062090483 -0.048941903 0.76700002
0.060629528 -0.048941903 0.76700002
0.059245721 -0.049005713 0.76800001
0.057782862 -0.049005713 0.76800001
0.056100007 -0.048814286 0.76500005
0.054642864 -0.048814286 0.76500005
0.05318572 -0.048814286 0.76500005
0.051728576 -0.048814286 0.76500005
0.050402861 -0.048941903 0.76700002
0.04894191 -0.048941903 0.76700002
0.047233339 -0.048686665 0.76300001
0.045780007 -0.048686665 0.76300001
0.20234667 -0.051519983 0.78400004
0.20085335 -0.051519983 0.78400004
0.19885144 -0.051388554 0.78200006
0.19736192 -0.051388554 0.78200006
0.19637334 -0.051519983 0.78400004
0.19438286 -0.051388554 0.78200006
0.19289334 -0.051388554 0.78200006
0.19140382 -0.051388558 0.78200006
0.18942858 -0.05125713 0.78000003
0.18794286 -0.05125713 0.78000003
0.18113334 -0.050599989 0.77000004
0.17966667 -0.050599989 0.77000004
0.17820001 -0.050599989 0.77000004
0.1762743 -0.050468557 0.76800001
0.17526667 -0.050599989 0.77000004
0.17380001 -0.050599989 0.77000004
0.17233334 -0.050599989 0.77000004
0.17086667 -0.050599989 0.77000004
0.16940001 -0.050599989 0.77000004
0.16836953 -0.050731417 0.77200001
0.16711524 -0.050797131 0.77300006
0.16607143 -0.050928559 0.77500004
0.16459525 -0.050928559 0.77500004
0.16396096 -0.051191416 0.77900004
0.16268572 -0.05125713 0.78000003
0.16161335 -0.051388558 0.78200006
0.16053334 -0.051519986 0.78400004
0.15904 -0.051519986 0.78400004
0.15794858 -0.051651414 0.78600001
0.15684953 -0.051782843 0.78800005
0.15554573 -0.051848557 0.78900003
0.15404287 -0.051848557 0.78900003
0.15254 -0.051848557 0.78900003
0.15142001 -0.051979989 0.79100001
0.15029238 -0.052111417 0.79300004
0.14878191 -0.052111421 0.79300004
0.14727144 -0.052111421 0.79300004
0.14576095 -0.052111421 0.79300004
0.14425048 -0.052111421 0.79300004
0.14274001 -0.052111421 0.79300004
0.098420009 -0.051059995 0.77700001
0.096940011 -0.051059995 0.77700001
0.095460013 -0.051059995 0.77700001
0.093980014 -0.051059995 0.77700001
0.092500009 -0.051059995 0.77700001
0.09102001 -0.051059995 0.77700001
0.089309536 -0.050928567 0.77500004
0.087833345 -0.050928567 0.77500004
0.086357154 -0.050928567 0.77500004
0.084880963 -0.050928567 0.77500004
0.083404772 -0.050928567 0.77500004
0.081717156 -0.050797138 0.77300006
0.080244772 -0.050797138 0.77300006
0.078772388 -0.050797138 0.77300006
0.07720001 -0.050731424 0.77200001
0.075729534 -0.050731424 0.77200001
0.074066676 -0.050599996 0.77000004
0.072600007 -0.050599996 0.77000004
0.070948578 -0.050468564 0.76800001
0.069485724 -0.050468564 0.76800001
0.06802287 -0.050468564 0.76800001
0.066560008 -0.050468564 0.76800001
0.065097153 -0.050468564 0.76800001
0.063634299 -0.050468568 0.76800001
0.062090483 -0.050402854 0.76700002
0.060629528 -0.050402854 0.76700002
0.059168577 -0.050402854 0.76700002
0.057782862 -0.050468568 0.76800001
0.056100007 -0.050271425 0.76500005
0.054642864 -0.050271425 0.76500005
0.053324766 -0.050402854 0.76700002
0.051863816 -0.050402854 0.76700002
0.050402861 -0.050402854 0.76700002
0.04894191 -0.050402854 0.76700002
0.047233339 -0.050139997 0.76300001
0.045780007 -0.050139997 0.76300001
0.04432667 -0.050139997 0.76300001
0.19786668 -0.053013317 0.78400004
0.19637334 -0.053013317 0.78400004
0.19438286 -0.052878078 0.78200006
0.19289334 -0.052878078 0.78200006
0.19140382 -0.052878082 0.78200006
0.18113334 -0.052066654 0.77000004
0.18013334 -0.052201893 0.77200001
0.17820001 -0.052066654 0.77000004
0.1762743 -0.051931415 0.76800001
0.17526667 -0.052066654 0.77000004
0.17425144 -0.052201893 0.77200001
0.17233334 -0.052066654 0.77000004
0.17086667 -0.052066654 0.77000004
0.16940001 -0.052066654 0.77000004
0.16858763 -0.052269511 0.77300006
0.16798 -0.052539986 0.77700001
0.16607143 -0.05240475 0.77500004
0.16502 -0.052539986 0.77700001
0.16396096 -0.052675225 0.77900004
0.16247715 -0.052675225 0.77900004
0.16161335 -0.052878082 0.78200006
0.16012381 -0.052878082 0.78200006
0.15863429 -0.052878082 0.78200006
0.15835048 -0.053283796 0.78800005
0.15684953 -0.053283796 0.78800005
0.15554573 -0.053351417 0.78900003
0.15443334 -0.053486653 0.79100001
0.15292667 -0.053486653 0.79100001
0.15180287 -0.053621892 0.79300004
0.15067144 -0.053757131 0.79500002
0.14915715 -0.053757131 0.79500002
0.14727144 -0.053621896 0.79300004
0.14576095 -0.053621896 0.79300004
0.14425048 -0.053621896 0.79300004
0.095460013 -0.052539993 0.77700001
0.093980014 -0.052539993 0.77700001
0.092500009 -0.052539993 0.77700001
0.09102001 -0.052539993 0.77700001
0.089540012 -0.052539993 0.77700001
0.088060014 -0.052539993 0.77700001
0.086580008 -0.052539993 0.77700001
0.084880963 -0.052404758 0.77500004
0.083404772 -0.052404758 0.77500004
0.081928581 -0.052404758 0.77500004
0.080140963 -0.052201901 0.77200001
0.078670487 -0.052201901 0.77200001
0.077000007 -0.052066661 0.77000004
0.075533345 -0.052066661 0.77000004
0.073874295 -0.051931422 0.76800001
0.07241144 -0.051931422 0.76800001
0.070948578 -0.051931422 0.76800001
0.069485724 -0.051931422 0.76800001
0.06802287 -0.051931422 0.76800001
0.066560008 -0.051931422 0.76800001
0.065097153 -0.051931422 0.76800001
0.063634299 -0.051931426 0.76800001
0.062090483 -0.051863808 0.76700002
0.060471434 -0.051728569 0.76500005
0.059014291 -0.051728569 0.76500005
0.057707626 -0.051863808 0.76700002
0.056100007 -0.051728569 0.76500005
0.054642864 -0.051728569 0.76500005
0.05318572 -0.051728569 0.76500005
0.051728576 -0.051728569 0.76500005
0.050271433 -0.051728569 0.76500005
0.04894191 -0.051863808 0.76700002
0.047233339 -0.05159333 0.76300001
0.045780007 -0.05159333 0.76300001
0.04432667 -0.05159333 0.76300001
0.042873338 -0.05159333 0.76300001
0.19587238 -0.054367602 0.78200006
0.19438286 -0.054367602 0.78200006
0.19289334 -0.054367602 0.78200006
0.19140382 -0.054367606 0.78200006
0.18013334 -0.05367237 0.77200001
0.17866287 -0.05367237 0.77200001
0.17673334 -0.053533319 0.77000004
0.17526667 -0.053533319 0.77000004
0.17380001 -0.053533319 0.77000004
0.17233334 -0.053533319 0.77000004
0.17042287 -0.053394273 0.76800001
0.16896001 -0.053394273 0.76800001
0.16749714 -0.053394273 0.76800001
0.16798 -0.054019988 0.77700001
0.1665 -0.054019988 0.77700001
0.16544476 -0.054159034 0.77900004
0.16417143 -0.054228559 0.78000003
0.16268572 -0.054228559 0.78000003
0.16161335 -0.054367606 0.78200006
0.16012381 -0.054367606 0.78200006
0.15863429 -0.054367606 0.78200006
0.15835048 -0.054784749 0.78800005
0.15684953 -0.054784749 0.78800005
0.15554573 -0.054854274 0.78900003
0.15443334 -0.05499332 0.79100001
0.15292667 -0.05499332 0.79100001
0.15180287 -0.055132367 0.79300004
0.15067144 -0.055271417 0.79500002
0.14953239 -0.055410463 0.79700005
0.14801429 -0.055410467 0.79700005
0.092500009 -0.054019995 0.77700001
0.09102001 -0.054019995 0.77700001
0.089540012 -0.054019995 0.77700001
0.088060014 -0.054019995 0.77700001
0.086580008 -0.054019995 0.77700001
0.08510001 -0.054019995 0.77700001
0.083404772 -0.053880949 0.77500004
0.081928581 -0.053880949 0.77500004
0.08045239 -0.053880949 0.77500004
0.078262866 -0.05339428 0.76800001
0.076800011 -0.05339428 0.76800001
0.075337157 -0.05339428 0.76800001
0.073874295 -0.05339428 0.76800001
0.07241144 -0.05339428 0.76800001
0.070948578 -0.05339428 0.76800001
0.069485724 -0.05339428 0.76800001
0.06802287 -0.05339428 0.76800001
0.066733345 -0.053533327 0.77000004
0.065266676 -0.053533327 0.77000004
0.063634299 -0.053394284 0.76800001
0.062171433 -0.053394284 0.76800001
0.060708579 -0.053394284 0.76800001
0.059168577 -0.053324759 0.76700002
0.057933338 -0.053533331 0.77000004
0.056320004 -0.053394284 0.76800001
0.05485715 -0.053394284 0.76800001
0.053394292 -0.053394284 0.76800001
0.051863816 -0.053324759 0.76700002
0.050402861 -0.053324759 0.76700002
0.04894191 -0.053324759 0.76700002
0.047233339 -0.053046666 0.76300001
0.045780007 -0.053046666 0.76300001
0.04432667 -0.053046666 0.76300001
0.042873338 -0.053046666 0.76300001
0.17233334 -0.054999989 0.77000004
0.17042287 -0.054857131 0.76800001
0.088060014 -0.055499993 0.77700001
0.086580008 -0.055499993 0.77700001
0.08510001 -0.055499993 0.77700001
0.083404772 -0.055357136 0.77500004
0.081928581 -0.055357136 0.77500004
0.08045239 -0.055357136 0.77500004
0.078262866 -0.054857139 0.76800001
0.073778108 -0.05478571 0.76700002
0.07241144 -0.054857139 0.76800001
0.070948578 -0.054857139 0.76800001
0.069485724 -0.054857139 0.76800001
0.06802287 -0.054857139 0.76800001
0.066733345 -0.054999996 0.77000004
0.065097153 -0.054857139 0.76800001
0.063634299 -0.054857142 0.76800001
0.062171433 -0.054857142 0.76800001
0.060708579 -0.054857142 0.76800001
0.059245721 -0.054857142 0.76800001
0.057782862 -0.054857142 0.76800001
0.056320004 -0.054857142 0.76800001
0.05485715 -0.054857142 0.76800001
0.053394292 -0.054857142 0.76800001
0.051931433 -0.054857142 0.76800001
0.050468575 -0.054857142 0.76800001
0.049005721 -0.054857142 0.76800001
0.047357149 -0.054642856 0.76500005
0.045780007 -0.054499999 0.76300001
0.04432667 -0.054499999 0.76300001
0.042873338 -0.054499999 0.76300001
0.065266676 -0.056466661 0.77000004
0.063800007 -0.056466665 0.77000004
0.062171433 -0.056319997 0.76800001
0.060866673 -0.056466665 0.77000004
0.059245721 -0.056319997 0.76800001
0.057933338 -0.056466665 0.77000004
0.056320004 -0.056319997 0.76800001
0.054785721 -0.056246664 0.76700002
0.053324766 -0.056246664 0.76700002
0.051931433 -0.056319997 0.76800001
0.050468575 -0.056319997 0.76800001
0.049133338 -0.056466665 0.77000004
0.047233339 -0.055953331 0.76300001
0.045780007 -0.055953331 0.76300001
0.04432667 -0.055953331 0.76300001
0.042873338 -0.055953331 0.76300001
0.057782862 -0.057782855 0.76800001
0.056320004 -0.057782855 0.76800001
0.054785721 -0.057707619 0.76700002
0.05318572 -0.05755714 0.76500005
0.051728576 -0.05755714 0.76500005
0.050271433 -0.05755714 0.76500005
0.048814293 -0.05755714 0.76500005
0.047233339 -0.057406664 0.76300001
0.045780007 -0.057406664 0.76300001
