-0.023702 0.995752 0.088972 
 -0.036494 0.997478 0.059480 
 -0.054301 0.994760 0.055828 
 -0.072108 0.992042 0.052176 
 -0.002594 0.980506 0.090156 
 -0.020451 0.977781 0.086494 
 -0.038307 0.975055 0.082832 
 -0.056163 0.972329 0.079170 
 -0.074019 0.969604 0.075508 
 -0.091876 0.966878 0.071846 
 0.018513 0.965260 0.091341 
 0.005605 0.967071 0.061842 
 -0.012202 0.964352 0.058190 
 -0.035055 0.957084 0.080354 
 -0.052912 0.954358 0.076692 
 -0.070768 0.951632 0.073030 
 -0.088624 0.948907 0.069368 
 0.039621 0.950015 0.092525 
 0.026654 0.951867 0.063023 
 0.008847 0.949149 0.059371 
 -0.008960 0.946431 0.055719 
 -0.031804 0.939112 0.077876 
 -0.044574 0.940994 0.048415 
 -0.062381 0.938276 0.044763 
 -0.080188 0.935558 0.041111 
 0.042872 0.932043 0.090047 
 0.029896 0.933945 0.060551 
 0.012089 0.931227 0.056900 
 -0.005718 0.928509 0.053248 
 -0.023525 0.925791 0.049596 
 -0.041332 0.923072 0.045944 
 -0.059139 0.920354 0.042292 
 -0.074358 0.919972 0.025754 
 -0.092140 0.917258 0.022107 
 0.050946 0.918741 0.061732 
 0.033139 0.916023 0.058080 
 0.010411 0.908620 0.080245 
 -0.007445 0.905895 0.076583 
 -0.020282 0.907869 0.047125 
 -0.038089 0.905151 0.043473 
 -0.053337 0.904790 0.026933 
 -0.071120 0.902075 0.023286 
 -0.088902 0.899361 0.019639 
 -0.106684 0.896647 0.015992 
 -0.474833 0.832585 -0.005858 
 -0.492713 0.829855 -0.009525 
 -0.510594 0.827126 -0.013193 
 -0.528475 0.824397 -0.016860 
 0.056595 0.903179 0.046346 
 0.038812 0.900464 0.042699 
 0.018574 0.895383 0.051957 
 0.003248 0.895036 0.035406 
 -0.014535 0.892321 0.031759 
 -0.032317 0.889607 0.028112 
 -0.050099 0.886893 0.024465 
 -0.062724 0.888950 -0.004941 
 -0.080457 0.886243 -0.008578 
 -0.103446 0.878750 0.013524 
 -0.441958 0.815125 0.024552 
 -0.459888 0.812388 0.020875 
 -0.471577 0.814589 -0.008340 
 -0.495748 0.806914 0.013520 
 -0.507338 0.809130 -0.015674 
 -0.525219 0.806400 -0.019341 
 -0.543100 0.803671 -0.023008 
 0.057431 0.882897 0.056790 
 0.039624 0.880179 0.053138 
 0.021817 0.877461 0.049486 
 0.004010 0.874743 0.045834 
 -0.013797 0.872025 0.042182 
 -0.029079 0.871710 0.025644 
 -0.046861 0.868996 0.021997 
 -0.064644 0.866281 0.018351 
 -0.077228 0.868396 -0.011039 
 -0.094961 0.865689 -0.014676 
 -0.112694 0.862982 -0.018313 
 -0.420763 0.799816 0.025741 
 -0.438693 0.797079 0.022064 
 -0.450440 0.799322 -0.007154 
 -0.468321 0.796592 -0.010821 
 -0.486202 0.793863 -0.014488 
 -0.504083 0.791134 -0.018155 
 -0.521963 0.788404 -0.021822 
 -0.536629 0.788183 -0.038234 
 -0.554486 0.785458 -0.041896 
 0.060673 0.864975 0.054319 
 0.038022 0.857432 0.076473 
 0.025059 0.859539 0.047015 
 0.007252 0.856821 0.043363 
 -0.010555 0.854103 0.039711 
 -0.025841 0.853813 0.023177 
 -0.046169 0.848667 0.032407 
 -0.063976 0.845949 0.028755 
 -0.079188 0.845670 0.012236 
 -0.096971 0.842955 0.008589 
 -0.114753 0.840241 0.004942 
 -0.393541 0.789514 0.001366 
 -0.411422 0.786784 -0.002301 
 -0.435428 0.779034 0.019576 
 -0.447184 0.781325 -0.009635 
 -0.465065 0.778596 -0.013302 
 -0.482946 0.775867 -0.016970 
 -0.500827 0.773137 -0.020637 
 -0.515522 0.772937 -0.037050 
 -0.533378 0.770212 -0.040712 
 -0.551234 0.767486 -0.044374 
 -0.562571 0.769842 -0.073498 
 -0.580378 0.767124 -0.077150 
 0.063916 0.847054 0.051848 
 0.046109 0.844335 0.048196 
 0.028302 0.841617 0.044544 
 0.010495 0.838899 0.040892 
 -0.004821 0.838630 0.024356 
 -0.022603 0.835916 0.020709 
 -0.042926 0.830745 0.029936 
 -0.060733 0.828027 0.026284 
 -0.078540 0.825309 0.022632 
 -0.096347 0.822591 0.018980 
 -0.114154 0.819873 0.015329 
 -0.387277 0.774045 -0.013894 
 -0.408166 0.768788 -0.004783 
 -0.426047 0.766059 -0.008450 
 -0.443928 0.763329 -0.012117 
 -0.461809 0.760600 -0.015784 
 -0.476558 0.760417 -0.032204 
 -0.497571 0.755141 -0.023118 
 -0.515452 0.752412 -0.026785 
 -0.533332 0.749682 -0.030452 
 -0.541522 0.754638 -0.072318 
 -0.559329 0.751920 -0.075970 
 -0.577136 0.749202 -0.079622 
 0.067158 0.829132 0.049377 
 0.044525 0.821489 0.071517 
 0.031544 0.823696 0.042073 
 0.013737 0.820977 0.038421 
 -0.004070 0.818259 0.034769 
 -0.021877 0.815541 0.031117 
 -0.039684 0.812823 0.027465 
 -0.057491 0.810105 0.023813 
 -0.075298 0.807387 0.020161 
 -0.093105 0.804669 0.016509 
 -0.110912 0.801951 0.012857 
 -0.387030 0.753521 -0.003597 
 -0.404911 0.750792 -0.007264 
 -0.422791 0.748062 -0.010931 
 -0.440672 0.745333 -0.014598 
 -0.458553 0.742604 -0.018265 
 -0.476434 0.739874 -0.021932 
 -0.494315 0.737145 -0.025599 
 -0.512196 0.734415 -0.029266 
 -0.530077 0.731686 -0.032934 
 -0.544732 0.731543 -0.049330 
 -0.562588 0.728818 -0.052992 
 -0.580444 0.726092 -0.056654 
 0.070400 0.811210 0.046906 
 0.052593 0.808492 0.043254 
 0.034786 0.805774 0.039602 
 0.016979 0.803056 0.035950 
 -0.000828 0.800337 0.032298 
 -0.018635 0.797619 0.028646 
 -0.036442 0.794901 0.024994 
 -0.054249 0.792183 0.021342 
 -0.072055 0.789465 0.017690 
 -0.089862 0.786747 0.014038 
 -0.107669 0.784029 0.010386 
 -0.383774 0.735525 -0.006078 
 -0.401655 0.732796 -0.009745 
 -0.419536 0.730066 -0.013412 
 -0.434343 0.729926 -0.029836 
 -0.452199 0.727200 -0.033498 
 -0.470055 0.724474 -0.037160 
 -0.487911 0.721749 -0.040822 
 -0.505768 0.719023 -0.044484 
 -0.523624 0.716297 -0.048146 
 -0.541480 0.713572 -0.051808 
 -0.559336 0.710846 -0.055470 
 -0.577193 0.708121 -0.059132 
 0.068884 0.788272 0.070223 
 0.051027 0.785546 0.066561 
 0.038029 0.787852 0.037131 
 0.015315 0.780095 0.059237 
 0.002415 0.782416 0.029827 
 -0.015392 0.779697 0.026175 
 -0.038254 0.771918 0.048251 
 -0.056110 0.769192 0.044589 
 -0.073966 0.766467 0.040927 
 -0.094424 0.761199 0.050114 
 -0.112305 0.758469 0.046447 
 -0.386509 0.712324 0.016977 
 -0.398399 0.714799 -0.012227 
 -0.416280 0.712070 -0.015894 
 -0.431091 0.711954 -0.032314 
 -0.448948 0.709228 -0.035976 
 -0.466804 0.706503 -0.039638 
 -0.484660 0.703777 -0.043300 
 -0.502516 0.701052 -0.046962 
 -0.520372 0.698326 -0.050624 
 -0.538229 0.695600 -0.054286 
 -0.556085 0.692875 -0.057948 
 -0.573941 0.690149 -0.061610 
 0.072135 0.770300 0.067745 
 0.054279 0.767574 0.064083 
 0.041271 0.769930 0.034659 
 0.018566 0.762123 0.056759 
 0.005657 0.764494 0.027356 
 -0.012150 0.761776 0.023704 
 -0.035002 0.753946 0.045773 
 -0.052859 0.751221 0.042111 
 -0.073287 0.745932 0.051299 
 -0.096362 0.738069 0.073324 
 -0.116913 0.732761 0.082487 
 -0.134868 0.730021 0.078805 
 -0.365314 0.697015 0.018166 
 -0.383244 0.694278 0.014489 
 -0.395143 0.696803 -0.014708 
 -0.413024 0.694074 -0.018375 
 -0.427840 0.693983 -0.034792 
 -0.445696 0.691257 -0.038454 
 -0.463552 0.688531 -0.042116 
 -0.481409 0.685806 -0.045778 
 -0.492938 0.688387 -0.074898 
 -0.510745 0.685669 -0.078550 
 -0.528552 0.682951 -0.082202 
 -0.546359 0.680232 -0.085854 
 0.093243 0.755054 0.068929 
 0.075386 0.752329 0.065267 
 0.057530 0.749603 0.061605 
 0.044514 0.752008 0.032188 
 0.026707 0.749290 0.028536 
 0.008900 0.746572 0.024885 
 -0.008907 0.743854 0.021233 
 -0.031751 0.735975 0.043295 
 -0.049607 0.733249 0.039633 
 -0.070031 0.727936 0.048818 
 -0.093097 0.720023 0.070836 
 -0.113644 0.714691 0.079995 
 -0.131599 0.711950 0.076313 
 -0.362049 0.678969 0.015678 
 -0.374006 0.681536 -0.013522 
 -0.391887 0.678807 -0.017189 
 -0.409768 0.676077 -0.020857 
 -0.424588 0.676011 -0.037270 
 -0.442445 0.673286 -0.040932 
 -0.460301 0.670560 -0.044594 
 -0.478157 0.667834 -0.048256 
 -0.489696 0.670465 -0.077369 
 -0.507503 0.667747 -0.081021 
 -0.525310 0.665029 -0.084673 
 -0.543117 0.662311 -0.088325 
 0.096494 0.737083 0.066451 
 0.078638 0.734357 0.062789 
 0.060782 0.731632 0.059127 
 0.042925 0.728906 0.055465 
 0.029949 0.731368 0.026065 
 0.012142 0.728650 0.022413 
 -0.005665 0.725932 0.018761 
 -0.023472 0.723214 0.015110 
 -0.046356 0.715278 0.037155 
 -0.064212 0.712552 0.033493 
 -0.082068 0.709827 0.029831 
 -0.110375 0.696620 0.077504 
 -0.128329 0.693879 0.073821 
 -0.358784 0.660924 0.013190 
 -0.370750 0.663540 -0.016004 
 -0.388631 0.660811 -0.019671 
 -0.403481 0.660765 -0.036086 
 -0.421337 0.658040 -0.039748 
 -0.439193 0.655314 -0.043410 
 -0.457050 0.652588 -0.047072 
 -0.474906 0.649863 -0.050734 
 -0.492762 0.647137 -0.054396 
 -0.513797 0.641705 -0.045340 
 -0.531678 0.638976 -0.049008 
 -0.549559 0.636246 -0.052675 
 0.099745 0.719111 0.063973 
 0.081889 0.716386 0.060311 
 0.064033 0.713660 0.056649 
 0.046177 0.710934 0.052987 
 0.028320 0.708209 0.049325 
 0.015385 0.710728 0.019942 
 -0.002422 0.708010 0.016290 
 -0.025248 0.700032 0.038339 
 -0.043105 0.697306 0.034677 
 -0.060961 0.694581 0.031015 
 -0.081400 0.689214 0.040188 
 -0.099281 0.686484 0.036521 
 -0.125060 0.675809 0.071330 
 -0.367494 0.645544 -0.018485 
 -0.385375 0.642814 -0.022152 
 -0.403256 0.640085 -0.025819 
 -0.418086 0.640068 -0.042226 
 -0.435942 0.637343 -0.045888 
 -0.453798 0.634617 -0.049550 
 -0.471654 0.631891 -0.053212 
 -0.489511 0.629166 -0.056874 
 -0.507367 0.626440 -0.060536 
 -0.525223 0.623715 -0.064198 
 -0.543079 0.620989 -0.067860 
 0.085141 0.698414 0.057833 
 0.067284 0.695689 0.054171 
 0.049428 0.692963 0.050509 
 0.031572 0.690237 0.046847 
 0.018627 0.692806 0.017471 
 0.000820 0.690088 0.013819 
 -0.021997 0.682060 0.035861 
 -0.039853 0.679335 0.032199 
 -0.057709 0.676609 0.028537 
 -0.078144 0.671218 0.037707 
 -0.101232 0.663149 0.059694 
 -0.119163 0.660412 0.056017 
 -0.352254 0.624832 0.008213 
 -0.364238 0.627547 -0.020967 
 -0.382119 0.624818 -0.024634 
 -0.400000 0.622089 -0.028301 
 -0.414834 0.622097 -0.044704 
 -0.432690 0.619371 -0.048366 
 -0.450547 0.616646 -0.052028 
 -0.468403 0.613920 -0.055690 
 -0.486259 0.611194 -0.059352 
 -0.504115 0.608469 -0.063014 
 -0.521972 0.605743 -0.066676 
 -0.539828 0.603017 -0.070338 
 0.086039 0.677786 0.068229 
 0.068158 0.675056 0.064562 
 0.052679 0.674992 0.048031 
 0.034823 0.672266 0.044369 
 0.021869 0.674884 0.015000 
 0.004062 0.672166 0.011348 
 -0.018745 0.664089 0.033383 
 -0.036602 0.661363 0.029721 
 -0.054458 0.658638 0.026059 
 -0.074889 0.653221 0.035225 
 -0.097968 0.645103 0.057206 
 -0.115898 0.642366 0.053528 
 -0.331059 0.609523 0.009402 
 -0.348989 0.606786 0.005725 
 -0.360983 0.609551 -0.023448 
 -0.378863 0.606822 -0.027115 
 -0.396744 0.604092 -0.030782 
 -0.411583 0.604125 -0.047182 
 -0.429439 0.601400 -0.050844 
 -0.447295 0.598674 -0.054506 
 -0.465152 0.595948 -0.058168 
 -0.483008 0.593223 -0.061830 
 -0.500864 0.590497 -0.065492 
 -0.518720 0.587772 -0.069154 
 0.611522 0.769707 -0.000729 
 0.592278 0.764446 0.008676 
 0.574692 0.761762 0.005070 
 0.557107 0.759078 0.001464 
 0.089295 0.659790 0.065748 
 0.071414 0.657060 0.062081 
 0.055931 0.657020 0.045553 
 0.038075 0.654294 0.041891 
 0.020218 0.651569 0.038229 
 0.002362 0.648843 0.034567 
 -0.015494 0.646118 0.030905 
 -0.033350 0.643392 0.027243 
 -0.051207 0.640666 0.023581 
 -0.071633 0.635225 0.032744 
 -0.097297 0.624338 0.067537 
 -0.115252 0.621597 0.063855 
 -0.327794 0.591477 0.006914 
 -0.345725 0.588740 0.003237 
 -0.354763 0.594331 -0.038673 
 -0.375608 0.588826 -0.029596 
 -0.393488 0.586096 -0.033263 
 -0.408331 0.586154 -0.049659 
 -0.426188 0.583428 -0.053322 
 -0.444044 0.580703 -0.056984 
 -0.461900 0.577977 -0.060646 
 -0.479756 0.575251 -0.064308 
 -0.491291 0.578137 -0.093377 
 -0.509098 0.575419 -0.097029 
 0.632280 0.754713 0.000436 
 0.614719 0.752033 -0.003166 
 0.595480 0.746747 0.006236 
 0.577895 0.744063 0.002630 
 0.560309 0.741379 -0.000977 
 0.542724 0.738695 -0.004583 
 0.525139 0.736010 -0.008190 
 0.092551 0.641793 0.063266 
 0.074670 0.639064 0.059599 
 0.056789 0.636335 0.055932 
 0.041326 0.636323 0.039413 
 0.023470 0.633597 0.035751 
 0.005614 0.630872 0.032089 
 -0.012243 0.628146 0.028427 
 -0.030099 0.625421 0.024765 
 -0.047955 0.622695 0.021103 
 -0.068377 0.617229 0.030263 
 -0.091438 0.609011 0.052229 
 -0.104139 0.611770 0.022928 
 -0.122019 0.609041 0.019261 
 -0.336590 0.576288 -0.024744 
 -0.351511 0.576359 -0.041151 
 -0.372352 0.570829 -0.032078 
 -0.387224 0.570908 -0.048475 
 -0.405080 0.568182 -0.052137 
 -0.422936 0.565457 -0.055799 
 -0.440793 0.562731 -0.059462 
 -0.458649 0.560006 -0.063124 
 -0.470241 0.562934 -0.092196 
 -0.488048 0.560216 -0.095848 
 -0.505855 0.557497 -0.099500 
 0.635478 0.737039 -0.002001 
 0.616267 0.731733 0.007402 
 0.598682 0.729049 0.003796 
 0.581097 0.726364 0.000189 
 0.563511 0.723680 -0.003417 
 0.545926 0.720996 -0.007024 
 0.528341 0.718312 -0.010630 
 0.512553 0.718276 -0.027211 
 0.494992 0.715595 -0.030813 
 0.106744 0.618344 0.103059 
 0.091128 0.618334 0.086513 
 0.073198 0.615597 0.082836 
 0.060045 0.618338 0.053451 
 0.042164 0.615609 0.049784 
 0.026721 0.615626 0.033273 
 0.008865 0.612900 0.029611 
 -0.008991 0.610175 0.025949 
 -0.026848 0.607449 0.022287 
 -0.047240 0.601962 0.031448 
 -0.065121 0.599233 0.027781 
 -0.088173 0.590965 0.049741 
 -0.106103 0.588228 0.046064 
 -0.124033 0.585491 0.042387 
 -0.333334 0.558292 -0.027225 
 -0.348260 0.558388 -0.043629 
 -0.369096 0.552833 -0.034559 
 -0.383972 0.552937 -0.050953 
 -0.401829 0.550211 -0.054615 
 -0.419685 0.547485 -0.058277 
 -0.437541 0.544760 -0.061939 
 -0.455397 0.542034 -0.065601 
 -0.466999 0.545012 -0.094667 
 -0.484806 0.542294 -0.098319 
 -0.502613 0.539576 -0.101971 
 0.637055 0.716718 0.008568 
 0.619469 0.714034 0.004962 
 0.601884 0.711350 0.001355 
 0.584299 0.708666 -0.002251 
 0.566713 0.705981 -0.005858 
 0.549128 0.703297 -0.009464 
 0.533311 0.703282 -0.026047 
 0.515750 0.700602 -0.029648 
 0.498190 0.697921 -0.033250 
 0.480629 0.695241 -0.036851 
 0.105393 0.594768 0.126297 
 0.094393 0.600289 0.084025 
 0.076463 0.597552 0.080347 
 0.058533 0.594815 0.076670 
 0.040603 0.592078 0.072993 
 0.027539 0.594883 0.043635 
 0.009658 0.592154 0.039968 
 -0.008222 0.589425 0.036301 
 -0.026103 0.586695 0.032634 
 -0.043984 0.583966 0.028967 
 -0.066978 0.575656 0.050930 
 -0.084908 0.572919 0.047253 
 -0.102838 0.570183 0.043576 
 -0.123399 0.564644 0.052698 
 -0.141354 0.561904 0.049016 
 -0.330078 0.540296 -0.029706 
 -0.345009 0.540416 -0.046107 
 -0.362865 0.537691 -0.049769 
 -0.383721 0.532108 -0.040708 
 -0.401602 0.529378 -0.044375 
 -0.416433 0.529514 -0.060755 
 -0.434290 0.526788 -0.064417 
 -0.452146 0.524063 -0.068079 
 -0.470002 0.521337 -0.071741 
 -0.487858 0.518611 -0.075403 
 -0.499370 0.521654 -0.104442 
 0.640257 0.699020 0.006128 
 0.622671 0.696335 0.002521 
 0.605086 0.693651 -0.001085 
 0.587501 0.690967 -0.004691 
 0.569915 0.688283 -0.008298 
 0.552330 0.685598 -0.011904 
 0.534745 0.682914 -0.015511 
 0.517159 0.680230 -0.019117 
 0.501387 0.680247 -0.035687 
 0.483827 0.677567 -0.039288 
 0.108671 0.576648 0.123799 
 0.097658 0.582243 0.081536 
 0.084438 0.585075 0.052155 
 0.066557 0.582346 0.048488 
 0.048676 0.579616 0.044821 
 0.030795 0.576887 0.041154 
 0.012914 0.574158 0.037487 
 -0.004967 0.571428 0.033820 
 -0.022847 0.568699 0.030153 
 -0.045783 0.560347 0.052119 
 -0.063713 0.557611 0.048442 
 -0.081643 0.554874 0.044764 
 -0.099574 0.552137 0.041087 
 -0.120129 0.546574 0.050206 
 -0.138084 0.543833 0.046524 
 -0.326822 0.522299 -0.032188 
 -0.344703 0.519570 -0.035855 
 -0.362584 0.516841 -0.039522 
 -0.380465 0.514111 -0.043189 
 -0.398346 0.511382 -0.046856 
 -0.413182 0.511542 -0.063233 
 -0.434108 0.505923 -0.054190 
 -0.448895 0.506091 -0.070557 
 -0.466751 0.503366 -0.074219 
 -0.484607 0.500640 -0.077881 
 0.643459 0.681321 0.003688 
 0.625873 0.678637 0.000081 
 0.608288 0.675952 -0.003525 
 0.590703 0.673268 -0.007132 
 0.573118 0.670584 -0.010738 
 0.555532 0.667900 -0.014345 
 0.539706 0.667934 -0.030921 
 0.522145 0.665254 -0.034522 
 0.504585 0.662573 -0.038124 
 0.487024 0.659893 -0.041725 
 0.469463 0.657212 -0.045326 
 0.118853 0.566934 0.082725 
 0.105575 0.569808 0.053341 
 0.087694 0.567079 0.049674 
 0.069813 0.564350 0.046007 
 0.047132 0.555986 0.068017 
 0.029202 0.553249 0.064339 
 0.011272 0.550512 0.060662 
 -0.001711 0.553432 0.031338 
 -0.024588 0.545039 0.053308 
 -0.042518 0.542302 0.049631 
 -0.060448 0.539565 0.045953 
 -0.078379 0.536828 0.042276 
 -0.096309 0.534091 0.038599 
 -0.114239 0.531354 0.034922 
 -0.134815 0.525763 0.044032 
 -0.152770 0.523022 0.040350 
 -0.323566 0.504303 -0.034669 
 -0.341447 0.501574 -0.038336 
 -0.359328 0.498844 -0.042003 
 -0.377209 0.496115 -0.045670 
 -0.395090 0.493386 -0.049337 
 -0.412971 0.490656 -0.053004 
 -0.430852 0.487927 -0.056672 
 -0.448732 0.485198 -0.060339 
 -0.463499 0.485394 -0.076697 
 -0.481356 0.482669 -0.080359 
 0.646661 0.663622 0.001247 
 0.629076 0.660938 -0.002359 
 0.611490 0.658253 -0.005966 
 0.593905 0.655569 -0.009572 
 0.576320 0.652885 -0.013179 
 0.558734 0.650201 -0.016785 
 0.542904 0.650260 -0.033358 
 0.525343 0.647580 -0.036959 
 0.507782 0.644899 -0.040560 
 0.490222 0.642219 -0.044162 
 0.470808 0.636779 -0.034817 
 0.453222 0.634095 -0.038424 
 0.435637 0.631411 -0.042030 
 0.122118 0.548888 0.080237 
 0.108830 0.551812 0.050859 
 0.090950 0.549083 0.047192 
 0.073069 0.546353 0.043525 
 0.050397 0.537940 0.065528 
 0.032467 0.535203 0.061851 
 0.019426 0.538165 0.032524 
 0.001545 0.535436 0.028857 
 -0.021323 0.526993 0.050820 
 -0.039253 0.524256 0.047142 
 -0.057184 0.521519 0.043465 
 -0.075114 0.518782 0.039788 
 -0.093044 0.516045 0.036111 
 -0.113591 0.510433 0.045223 
 -0.136829 0.501933 0.067109 
 -0.154833 0.499185 0.063417 
 -0.320310 0.486307 -0.037150 
 -0.338191 0.483578 -0.040818 
 -0.356072 0.480848 -0.044485 
 -0.373953 0.478119 -0.048152 
 -0.391834 0.475389 -0.051819 
 -0.409715 0.472660 -0.055486 
 -0.427596 0.469931 -0.059153 
 -0.445477 0.467201 -0.062820 
 -0.463357 0.464472 -0.066487 
 -0.478104 0.464697 -0.082837 
 -0.495961 0.461971 -0.086499 
 0.649863 0.645923 -0.001193 
 0.632278 0.643239 -0.004800 
 0.614692 0.640555 -0.008406 
 0.597107 0.637870 -0.012013 
 0.579522 0.635186 -0.015619 
 0.561936 0.632502 -0.019225 
 0.546101 0.632586 -0.035795 
 0.528541 0.629906 -0.039396 
 0.510980 0.627225 -0.042997 
 0.493419 0.624545 -0.046599 
 0.474010 0.619081 -0.037258 
 0.456424 0.616396 -0.040864 
 0.438839 0.613712 -0.044471 
 0.125383 0.530842 0.077749 
 0.112086 0.533816 0.048378 
 0.094205 0.531087 0.044711 
 0.076325 0.528357 0.041044 
 0.053662 0.519895 0.063040 
 0.035732 0.517158 0.059363 
 0.022682 0.520169 0.030043 
 0.004801 0.517440 0.026376 
 -0.018058 0.508947 0.048331 
 -0.035989 0.506210 0.044654 
 -0.053919 0.503473 0.040977 
 -0.071849 0.500736 0.037300 
 -0.089779 0.497999 0.033623 
 -0.110321 0.492362 0.042731 
 -0.133550 0.483813 0.064611 
 -0.151554 0.481065 0.060918 
 -0.314147 0.471256 -0.052357 
 -0.340801 0.459683 -0.017858 
 -0.358731 0.456946 -0.021535 
 -0.376661 0.454209 -0.025212 
 -0.388578 0.457393 -0.054300 
 -0.406459 0.454664 -0.057967 
 -0.430451 0.445998 -0.036244 
 -0.448382 0.443261 -0.039921 
 -0.466312 0.440524 -0.043598 
 -0.484242 0.437787 -0.047275 
 -0.492709 0.444000 -0.088977 
 0.653065 0.628224 -0.003633 
 0.635480 0.625540 -0.007240 
 0.617894 0.622856 -0.010846 
 0.600309 0.620172 -0.014453 
 0.582724 0.617487 -0.018059 
 0.565138 0.614803 -0.021666 
 0.549299 0.614912 -0.038232 
 0.531738 0.612232 -0.041833 
 0.512382 0.606750 -0.032485 
 0.494797 0.604066 -0.036092 
 0.477212 0.601382 -0.039698 
 0.459626 0.598697 -0.043305 
 0.442041 0.596013 -0.046911 
 0.424456 0.593329 -0.050518 
 0.126360 0.509920 0.088109 
 0.110717 0.510059 0.071583 
 0.097461 0.513090 0.042230 
 0.079580 0.510361 0.038563 
 0.056927 0.501849 0.060552 
 0.038997 0.499112 0.056875 
 0.021067 0.496375 0.053198 
 0.003137 0.493638 0.049520 
 -0.014794 0.490901 0.045843 
 -0.035233 0.485254 0.054969 
 -0.050654 0.485427 0.038489 
 -0.068584 0.482690 0.034812 
 -0.089097 0.477032 0.043922 
 -0.107052 0.474291 0.040240 
 -0.130272 0.465693 0.062112 
 -0.148276 0.462945 0.058420 
 -0.313799 0.450314 -0.042113 
 -0.337536 0.441637 -0.020346 
 -0.355466 0.438900 -0.024023 
 -0.373396 0.436163 -0.027700 
 -0.391326 0.433426 -0.031378 
 -0.403203 0.436668 -0.060449 
 -0.427187 0.427952 -0.038732 
 -0.445117 0.425215 -0.042409 
 -0.463047 0.422479 -0.046086 
 -0.480977 0.419742 -0.049764 
 0.656267 0.610526 -0.006074 
 0.638682 0.607841 -0.009680 
 0.621096 0.605157 -0.013287 
 0.603511 0.602473 -0.016893 
 0.585926 0.599789 -0.020500 
 0.568340 0.597104 -0.024106 
 0.550755 0.594420 -0.027713 
 0.533170 0.591736 -0.031319 
 0.515584 0.589052 -0.034926 
 0.497999 0.586367 -0.038532 
 0.476734 0.578016 -0.016267 
 0.462829 0.580999 -0.045745 
 0.445243 0.578314 -0.049351 
 0.429572 0.578475 -0.065878 
 0.412011 0.575794 -0.069480 
 0.129629 0.491849 0.085617 
 0.113982 0.492014 0.069095 
 0.096052 0.489277 0.065418 
 0.078122 0.486540 0.061741 
 0.057810 0.480887 0.070888 
 0.042262 0.481066 0.054387 
 0.024332 0.478329 0.050709 
 0.006401 0.475592 0.047032 
 -0.011529 0.472855 0.043355 
 -0.029459 0.470118 0.039678 
 -0.047389 0.467382 0.036001 
 -0.065319 0.464645 0.032323 
 -0.085828 0.458961 0.041430 
 -0.103783 0.456221 0.037748 
 -0.121738 0.453480 0.034066 
 -0.139692 0.450739 0.030384 
 -0.298411 0.429065 -0.015480 
 -0.310543 0.432318 -0.044595 
 -0.334271 0.423591 -0.022834 
 -0.352201 0.420854 -0.026511 
 -0.370131 0.418117 -0.030189 
 -0.388061 0.415380 -0.033866 
 -0.399947 0.418671 -0.062930 
 -0.423922 0.409907 -0.041220 
 -0.441852 0.407170 -0.044897 
 -0.459782 0.404433 -0.048575 
 -0.477712 0.401696 -0.052252 
 0.603387 0.579110 0.006601 
 0.589128 0.582090 -0.022940 
 0.571543 0.579406 -0.026547 
 0.553957 0.576721 -0.030153 
 0.536372 0.574037 -0.033759 
 0.518787 0.571353 -0.037366 
 0.501201 0.568668 -0.040972 
 0.483616 0.565984 -0.044579 
 0.466031 0.563300 -0.048185 
 0.448445 0.560616 -0.051792 
 0.432769 0.560801 -0.068315 
 0.415209 0.558120 -0.071917 
 0.099317 0.471231 0.062930 
 0.081387 0.468494 0.059253 
 0.061079 0.462816 0.068397 
 0.045527 0.463020 0.051898 
 0.027596 0.460283 0.048221 
 0.009666 0.457546 0.044544 
 -0.008264 0.454809 0.040867 
 -0.028694 0.449113 0.049985 
 -0.044124 0.449336 0.033512 
 -0.062054 0.446599 0.029835 
 -0.082559 0.440891 0.038939 
 -0.100513 0.438150 0.035256 
 -0.123715 0.429453 0.057115 
 -0.141719 0.426704 0.053423 
 -0.295146 0.411019 -0.017968 
 -0.307287 0.414322 -0.047076 
 -0.331006 0.405545 -0.025322 
 -0.348936 0.402808 -0.029000 
 -0.366866 0.400071 -0.032677 
 -0.378810 0.403404 -0.061744 
 -0.396691 0.400675 -0.065411 
 -0.420657 0.391861 -0.043708 
 -0.438587 0.389124 -0.047386 
 -0.456517 0.386387 -0.051063 
 -0.474447 0.383650 -0.054740 
 0.592330 0.564391 -0.025380 
 0.574745 0.561707 -0.028987 
 0.557159 0.559023 -0.032593 
 0.539574 0.556338 -0.036200 
 0.521989 0.553654 -0.039806 
 0.504403 0.550970 -0.043413 
 0.486818 0.548285 -0.047019 
 0.469233 0.545601 -0.050626 
 0.447887 0.537136 -0.028395 
 0.435967 0.543127 -0.070752 
 0.418406 0.540446 -0.074354 
 0.400845 0.537766 -0.077955 
 0.082303 0.447486 0.069587 
 0.064349 0.444746 0.065905 
 0.048791 0.444974 0.049410 
 0.030861 0.442237 0.045733 
 0.012931 0.439501 0.042056 
 -0.004999 0.436764 0.038379 
 -0.025425 0.431042 0.047494 
 -0.040859 0.431290 0.031024 
 -0.058789 0.428553 0.027347 
 -0.079289 0.422820 0.036447 
 -0.097244 0.420080 0.032765 
 -0.120437 0.411332 0.054617 
 -0.138441 0.408584 0.050925 
 -0.273951 0.395710 -0.016779 
 -0.291881 0.392973 -0.020456 
 -0.304031 0.396326 -0.049557 
 -0.327741 0.387499 -0.027811 
 -0.345672 0.384763 -0.031488 
 -0.363602 0.382026 -0.035165 
 -0.375555 0.385408 -0.064226 
 -0.393435 0.382679 -0.067893 
 -0.417392 0.373815 -0.046197 
 -0.435322 0.371078 -0.049874 
 -0.453252 0.368341 -0.053551 
 -0.471182 0.365604 -0.057228 
 0.595532 0.546692 -0.027821 
 0.577947 0.544008 -0.031427 
 0.560361 0.541324 -0.035034 
 0.542776 0.538639 -0.038640 
 0.525191 0.535955 -0.042247 
 0.507605 0.533271 -0.045853 
 0.486367 0.524771 -0.023609 
 0.468733 0.522079 -0.027226 
 0.454849 0.525218 -0.056673 
 0.437264 0.522534 -0.060279 
 0.419679 0.519850 -0.063885 
 0.402093 0.517165 -0.067492 
 0.085573 0.429416 0.067096 
 0.067618 0.426675 0.063413 
 0.049663 0.423934 0.059731 
 0.034126 0.424192 0.043245 
 0.016196 0.421455 0.039568 
 -0.001734 0.418718 0.035890 
 -0.022156 0.412972 0.045002 
 -0.040111 0.410231 0.041320 
 -0.058065 0.407490 0.037638 
 -0.076020 0.404750 0.033955 
 -0.093975 0.402009 0.030273 
 -0.117159 0.393212 0.052118 
 -0.137802 0.387432 0.061185 
 -0.161158 0.378609 0.082995 
 -0.179236 0.375849 0.079288 
 -0.270686 0.377664 -0.019267 
 -0.288616 0.374927 -0.022945 
 -0.300775 0.378330 -0.052039 
 -0.324477 0.369454 -0.030299 
 -0.342407 0.366717 -0.033976 
 -0.360337 0.363980 -0.037653 
 -0.372299 0.367412 -0.066707 
 -0.390180 0.364683 -0.070374 
 -0.414127 0.355769 -0.048685 
 -0.432057 0.353032 -0.052362 
 -0.449987 0.350295 -0.056039 
 -0.467918 0.347558 -0.059716 
 0.598734 0.528994 -0.030261 
 0.581149 0.526309 -0.033868 
 0.563563 0.523625 -0.037474 
 0.542482 0.515098 -0.015206 
 0.524847 0.512406 -0.018823 
 0.507213 0.509714 -0.022440 
 0.489578 0.507023 -0.026056 
 0.471944 0.504331 -0.029673 
 0.452438 0.498699 -0.020378 
 0.436674 0.498947 -0.036906 
 0.419040 0.496256 -0.040522 
 0.401405 0.493564 -0.044139 
 0.383771 0.490872 -0.047756 
 0.109111 0.417093 0.055465 
 0.088842 0.411345 0.064604 
 0.070887 0.408604 0.060922 
 0.052933 0.405864 0.057239 
 0.034978 0.403123 0.053557 
 0.019461 0.403409 0.037079 
 0.001531 0.400672 0.033402 
 -0.018886 0.394901 0.042511 
 -0.036841 0.392160 0.038828 
 -0.054796 0.389420 0.035146 
 -0.072751 0.386679 0.031464 
 -0.090705 0.383938 0.027782 
 -0.113880 0.375092 0.049620 
 -0.134519 0.369287 0.058684 
 -0.152548 0.366535 0.054986 
 -0.175945 0.357655 0.076779 
 -0.257913 0.353107 0.020081 
 -0.270253 0.356532 -0.009041 
 -0.285351 0.356882 -0.025433 
 -0.303282 0.354145 -0.029110 
 -0.321212 0.351408 -0.032787 
 -0.339142 0.348671 -0.036464 
 -0.357072 0.345934 -0.040141 
 -0.375002 0.343197 -0.043819 
 -0.392932 0.340460 -0.047496 
 -0.410862 0.337723 -0.051173 
 -0.428792 0.334986 -0.054850 
 -0.446723 0.332249 -0.058527 
 0.584351 0.508610 -0.036308 
 0.563328 0.500042 -0.014037 
 0.545693 0.497350 -0.017654 
 0.528058 0.494658 -0.021270 
 0.510424 0.491966 -0.024887 
 0.492789 0.489274 -0.028503 
 0.475155 0.486583 -0.032120 
 0.455653 0.480926 -0.022828 
 0.439885 0.481199 -0.039353 
 0.422251 0.478507 -0.042970 
 0.402676 0.472839 -0.033693 
 0.385016 0.470144 -0.037315 
 0.367357 0.467448 -0.040936 
 0.349698 0.464753 -0.044558 
 0.112376 0.399048 0.052977 
 0.092111 0.393274 0.062112 
 0.069438 0.384454 0.084045 
 0.056202 0.387793 0.054748 
 0.038247 0.385052 0.051066 
 0.020292 0.382312 0.047383 
 0.002338 0.379571 0.043701 
 -0.015617 0.376830 0.040019 
 -0.038586 0.367965 0.061891 
 -0.051527 0.371349 0.032654 
 -0.074594 0.362468 0.054506 
 -0.092598 0.359720 0.050814 
 -0.110602 0.356972 0.047121 
 -0.128606 0.354224 0.043429 
 -0.146610 0.351475 0.039737 
 -0.172653 0.339460 0.074270 
 -0.254634 0.334986 0.017583 
 -0.266984 0.338461 -0.011532 
 -0.282087 0.338836 -0.027921 
 -0.300017 0.336099 -0.031598 
 -0.317947 0.333362 -0.035275 
 -0.335877 0.330625 -0.038953 
 -0.353807 0.327888 -0.042630 
 -0.371737 0.325151 -0.046307 
 -0.389667 0.322414 -0.049984 
 -0.407597 0.319677 -0.053661 
 -0.425528 0.316941 -0.057338 
 -0.443458 0.314204 -0.061016 
 0.584173 0.484985 -0.012868 
 0.566539 0.482293 -0.016484 
 0.548904 0.479601 -0.020101 
 0.531269 0.476910 -0.023717 
 0.513635 0.474218 -0.027334 
 0.496000 0.471526 -0.030951 
 0.476528 0.465848 -0.021657 
 0.458869 0.463153 -0.025279 
 0.443096 0.463451 -0.041800 
 0.423550 0.457762 -0.032522 
 0.405891 0.455066 -0.036144 
 0.384310 0.446361 -0.013995 
 0.366602 0.443658 -0.017627 
 0.348893 0.440955 -0.021258 
 0.095381 0.375204 0.059621 
 0.072716 0.366333 0.081546 
 0.059471 0.369722 0.052256 
 0.041517 0.366982 0.048574 
 0.023562 0.364241 0.044892 
 0.005607 0.361501 0.041209 
 -0.012348 0.358760 0.037527 
 -0.035308 0.349844 0.059392 
 -0.053312 0.347096 0.055700 
 -0.071316 0.344348 0.052008 
 -0.089320 0.341600 0.048315 
 -0.107324 0.338852 0.044623 
 -0.127954 0.332997 0.053680 
 -0.145982 0.330245 0.049982 
 -0.236126 0.316485 0.031495 
 -0.251356 0.316866 0.015084 
 -0.263714 0.320391 -0.014024 
 -0.281669 0.317650 -0.017706 
 -0.296752 0.318053 -0.034086 
 -0.314682 0.315316 -0.037764 
 -0.335533 0.309428 -0.028753 
 -0.353488 0.306687 -0.032435 
 -0.371443 0.303947 -0.036117 
 -0.389398 0.301206 -0.039800 
 -0.407352 0.298465 -0.043482 
 -0.425307 0.295725 -0.047164 
 -0.440193 0.296158 -0.063504 
 -0.458123 0.293421 -0.067181 
 0.569750 0.464545 -0.018932 
 0.552115 0.461853 -0.022548 
 0.534480 0.459161 -0.026165 
 0.516846 0.456469 -0.029781 
 0.499211 0.453778 -0.033398 
 0.479744 0.448075 -0.024108 
 0.462084 0.445380 -0.027729 
 0.446308 0.445702 -0.044247 
 0.426766 0.439989 -0.034973 
 0.409107 0.437293 -0.038594 
 0.387535 0.428538 -0.016452 
 0.369826 0.425835 -0.020084 
 0.352118 0.423132 -0.023716 
 0.098650 0.357133 0.057129 
 0.075995 0.348213 0.079048 
 0.057991 0.345465 0.075356 
 0.044786 0.348911 0.046082 
 0.026831 0.346171 0.042400 
 0.008876 0.343430 0.038718 
 -0.009078 0.340689 0.035036 
 -0.032029 0.331724 0.056894 
 -0.050033 0.328976 0.053202 
 -0.068037 0.326228 0.049509 
 -0.086042 0.323480 0.045817 
 -0.106642 0.317604 0.054875 
 -0.124671 0.314852 0.051178 
 -0.142700 0.312100 0.047480 
 -0.230074 0.301494 0.016278 
 -0.242490 0.305061 -0.012833 
 -0.260445 0.302320 -0.016516 
 -0.278400 0.299579 -0.020198 
 -0.293487 0.300007 -0.036575 
 -0.311417 0.297270 -0.040252 
 -0.332264 0.291357 -0.031245 
 -0.350219 0.288617 -0.034927 
 -0.368174 0.285876 -0.038609 
 -0.386128 0.283135 -0.042291 
 -0.404083 0.280395 -0.045973 
 -0.422038 0.277654 -0.049656 
 -0.439993 0.274913 -0.053338 
 -0.457947 0.272173 -0.057020 
 0.571255 0.443780 -0.008450 
 0.553596 0.441084 -0.012072 
 0.535937 0.438389 -0.015693 
 0.518277 0.435693 -0.019315 
 0.500618 0.432998 -0.022937 
 0.482959 0.430302 -0.026558 
 0.461593 0.421528 -0.004383 
 0.447641 0.424911 -0.033802 
 0.429981 0.422215 -0.037423 
 0.408468 0.413419 -0.015278 
 0.390759 0.410716 -0.018910 
 0.373051 0.408013 -0.022542 
 0.353341 0.402248 -0.013305 
 0.335608 0.399541 -0.016942 
 0.079273 0.330093 0.076549 
 0.061269 0.327345 0.072857 
 0.043265 0.324597 0.069165 
 0.030100 0.328100 0.039908 
 0.012146 0.325359 0.036226 
 -0.010747 0.316352 0.058088 
 -0.028751 0.313604 0.054395 
 -0.046755 0.310856 0.050703 
 -0.067302 0.304963 0.059768 
 -0.085331 0.302211 0.056071 
 -0.103360 0.299459 0.052373 
 -0.126622 0.290396 0.074159 
 -0.144700 0.287636 0.070452 
 -0.226795 0.283374 0.013780 
 -0.239221 0.286990 -0.015325 
 -0.257176 0.284249 -0.019007 
 -0.275130 0.281509 -0.022689 
 -0.293085 0.278768 -0.026372 
 -0.308152 0.279225 -0.042740 
 -0.328995 0.273287 -0.033736 
 -0.346949 0.270546 -0.037418 
 -0.364904 0.267805 -0.041101 
 -0.382859 0.265065 -0.044783 
 -0.400814 0.262324 -0.048465 
 -0.418769 0.259583 -0.052147 
 -0.436723 0.256843 -0.055830 
 -0.454678 0.254102 -0.059512 
 0.574471 0.426007 -0.010901 
 0.556811 0.423311 -0.014522 
 0.539152 0.420616 -0.018144 
 0.521493 0.417920 -0.021766 
 0.503834 0.415224 -0.025387 
 0.486175 0.412529 -0.029009 
 0.464818 0.403705 -0.006840 
 0.450856 0.407138 -0.036252 
 0.433197 0.404442 -0.039874 
 0.411692 0.395596 -0.017736 
 0.393984 0.392893 -0.021367 
 0.376275 0.390190 -0.024999 
 0.356570 0.384400 -0.015766 
 0.334795 0.375512 0.006316 
 0.317012 0.372798 0.002669 
 0.082551 0.311973 0.074051 
 0.064547 0.309225 0.070359 
 0.046543 0.306477 0.066666 
 0.028539 0.303728 0.062974 
 0.010535 0.300980 0.059282 
 -0.007469 0.298232 0.055589 
 -0.025473 0.295484 0.051897 
 -0.043477 0.292736 0.048205 
 -0.064019 0.286818 0.057266 
 -0.082048 0.284066 0.053569 
 -0.105252 0.274960 0.075358 
 -0.123330 0.272201 0.071650 
 -0.146682 0.263073 0.093410 
 -0.164809 0.260306 0.089692 
 -0.244306 0.259299 0.020292 
 -0.259525 0.259757 0.003897 
 -0.271861 0.263438 -0.025181 
 -0.289816 0.260697 -0.028863 
 -0.307771 0.257957 -0.032546 
 -0.325725 0.255216 -0.036228 
 -0.343680 0.252475 -0.039910 
 -0.361635 0.249735 -0.043592 
 -0.379590 0.246994 -0.047274 
 -0.397544 0.244254 -0.050957 
 -0.415499 0.241513 -0.054639 
 -0.433454 0.238772 -0.058321 
 -0.448328 0.239284 -0.074646 
 -0.466259 0.236547 -0.078323 
 0.574293 0.402101 0.012492 
 0.556584 0.399398 0.008861 
 0.538876 0.396695 0.005229 
 0.521168 0.393992 0.001597 
 0.503459 0.391289 -0.002034 
 0.485751 0.388585 -0.005666 
 0.468042 0.385882 -0.009298 
 0.454072 0.389365 -0.038703 
 0.436412 0.386669 -0.042324 
 0.414917 0.377773 -0.020193 
 0.397208 0.375070 -0.023825 
 0.379500 0.372367 -0.027456 
 0.359799 0.366553 -0.018227 
 0.338033 0.357615 0.003849 
 0.320250 0.354901 0.000202 
 0.085830 0.293853 0.071553 
 0.067826 0.291105 0.067860 
 0.049822 0.288356 0.064168 
 0.031818 0.285608 0.060476 
 0.013813 0.282860 0.056783 
 -0.004191 0.280112 0.053091 
 -0.024679 0.274177 0.062159 
 -0.042708 0.271425 0.058462 
 -0.060737 0.268673 0.054764 
 -0.083882 0.259525 0.076557 
 -0.101960 0.256766 0.072849 
 -0.125254 0.247596 0.094612 
 -0.143381 0.244829 0.090894 
 -0.161508 0.242062 0.087177 
 -0.246584 0.234690 0.043189 
 -0.256247 0.241637 0.001398 
 -0.274251 0.238889 -0.002294 
 -0.286547 0.242627 -0.031355 
 -0.304501 0.239886 -0.035037 
 -0.322456 0.237146 -0.038719 
 -0.346267 0.227896 -0.017064 
 -0.364271 0.225148 -0.020756 
 -0.382275 0.222400 -0.024448 
 -0.394275 0.226183 -0.053448 
 -0.412230 0.223442 -0.057131 
 -0.430185 0.220702 -0.060813 
 -0.445064 0.221238 -0.077134 
 -0.447492 0.234904 -0.143980 
 -0.465299 0.232186 -0.147632 
 0.577517 0.384278 0.010035 
 0.559809 0.381575 0.006403 
 0.540359 0.375773 0.015680 
 0.522626 0.373067 0.012043 
 0.504893 0.370360 0.008406 
 0.487160 0.367653 0.004769 
 0.469427 0.364946 0.001133 
 0.453558 0.365357 -0.015387 
 0.435850 0.362654 -0.019019 
 0.418141 0.359951 -0.022650 
 0.400433 0.357247 -0.026282 
 0.382724 0.354544 -0.029914 
 0.365016 0.351841 -0.033546 
 0.345295 0.345998 -0.024325 
 0.329599 0.346435 -0.040809 
 0.311890 0.343732 -0.044441 
 0.107112 0.278481 0.072746 
 0.089108 0.275733 0.069054 
 0.071104 0.272984 0.065362 
 0.053100 0.270236 0.061669 
 0.035096 0.267488 0.057977 
 0.017092 0.264740 0.054285 
 -0.000912 0.261992 0.050592 
 -0.021397 0.256032 0.059657 
 -0.039425 0.253280 0.055960 
 -0.057454 0.250528 0.052263 
 -0.080591 0.241331 0.074048 
 -0.098669 0.238571 0.070341 
 -0.121953 0.229352 0.092096 
 -0.142708 0.223351 0.101105 
 -0.160860 0.220580 0.097382 
 -0.225214 0.219255 0.044388 
 -0.237740 0.223009 0.015289 
 -0.252968 0.223517 -0.001100 
 -0.265322 0.227297 -0.030164 
 -0.283277 0.224556 -0.033847 
 -0.301232 0.221816 -0.037529 
 -0.324985 0.212524 -0.015870 
 -0.342989 0.209776 -0.019562 
 -0.360993 0.207028 -0.023254 
 -0.378997 0.204280 -0.026947 
 -0.391006 0.208112 -0.055940 
 -0.408961 0.205372 -0.059622 
 -0.426915 0.202631 -0.063304 
 -0.441799 0.203192 -0.079622 
 -0.444249 0.216982 -0.146451 
 -0.462056 0.214264 -0.150103 
 0.563033 0.363752 0.003946 
 0.545325 0.361049 0.000314 
 0.527617 0.358346 -0.003318 
 0.508122 0.352512 0.005945 
 0.490389 0.349805 0.002308 
 0.472656 0.347099 -0.001328 
 0.456783 0.347534 -0.017844 
 0.439074 0.344831 -0.021476 
 0.421366 0.342128 -0.025108 
 0.403657 0.339425 -0.028740 
 0.385949 0.336722 -0.032371 
 0.368240 0.334019 -0.036003 
 0.348524 0.328151 -0.026786 
 0.330791 0.325444 -0.030422 
 0.308944 0.316393 -0.008381 
 0.291161 0.313678 -0.012027 
 0.110390 0.260361 0.070248 
 0.092386 0.257612 0.066556 
 0.074382 0.254864 0.062863 
 0.056378 0.252116 0.059171 
 0.038374 0.249368 0.055479 
 0.020370 0.246620 0.051786 
 0.002366 0.243871 0.048094 
 -0.015638 0.241123 0.044402 
 -0.033642 0.238375 0.040709 
 -0.054171 0.232383 0.049761 
 -0.072200 0.229631 0.046063 
 -0.095377 0.220377 0.067832 
 -0.118653 0.211107 0.089581 
 -0.136780 0.208340 0.085863 
 -0.157555 0.202311 0.094863 
 -0.221922 0.201061 0.041879 
 -0.234458 0.204864 0.012787 
 -0.249690 0.205397 -0.003599 
 -0.267694 0.202649 -0.007291 
 -0.280008 0.206486 -0.036338 
 -0.297963 0.203745 -0.040020 
 -0.321706 0.194404 -0.018368 
 -0.339710 0.191656 -0.022060 
 -0.357714 0.188908 -0.025753 
 -0.375718 0.186160 -0.029445 
 -0.387736 0.190042 -0.058432 
 -0.405691 0.187301 -0.062114 
 -0.423646 0.184560 -0.065796 
 -0.438534 0.185146 -0.082110 
 -0.441007 0.199060 -0.148922 
 -0.458814 0.196342 -0.152574 
 0.566258 0.345930 0.001488 
 0.546817 0.340078 0.010758 
 0.529084 0.337372 0.007121 
 0.511351 0.334665 0.003484 
 0.493618 0.331958 -0.000152 
 0.475885 0.329251 -0.003789 
 0.460007 0.329711 -0.020302 
 0.442299 0.327008 -0.023934 
 0.424590 0.324305 -0.027565 
 0.406882 0.321602 -0.031197 
 0.389173 0.318899 -0.034829 
 0.371465 0.316196 -0.038461 
 0.351753 0.310303 -0.029247 
 0.334020 0.307596 -0.032883 
 0.312182 0.298495 -0.010848 
 0.292322 0.292580 -0.001665 
 0.274515 0.289862 -0.005316 
 0.113669 0.242240 0.067749 
 0.095665 0.239492 0.064057 
 0.077660 0.236744 0.060365 
 0.059656 0.233996 0.056672 
 0.041652 0.231248 0.052980 
 0.023648 0.228499 0.049288 
 0.005644 0.225751 0.045595 
 -0.012360 0.223003 0.041903 
 -0.032860 0.216990 0.050956 
 -0.050888 0.214238 0.047259 
 -0.074007 0.204942 0.069031 
 -0.092085 0.202182 0.065323 
 -0.115352 0.192863 0.087065 
 -0.136098 0.186813 0.096067 
 -0.154250 0.184042 0.092344 
 -0.172402 0.181271 0.088622 
 -0.195939 0.171911 0.110308 
 -0.231175 0.186719 0.010285 
 -0.249203 0.183967 0.006588 
 -0.264416 0.184529 -0.009790 
 -0.282420 0.181780 -0.013482 
 -0.300424 0.179032 -0.017174 
 -0.318428 0.176284 -0.020867 
 -0.336432 0.173536 -0.024559 
 -0.354436 0.170788 -0.028251 
 -0.372440 0.168039 -0.031944 
 -0.384467 0.171971 -0.060923 
 -0.402422 0.169230 -0.064605 
 -0.420377 0.166490 -0.068288 
 -0.435269 0.167100 -0.084598 
 -0.434677 0.184493 -0.164017 
 -0.452460 0.181779 -0.167664 
 0.551774 0.325404 -0.004601 
 0.534066 0.322701 -0.008233 
 0.514580 0.316817 0.001024 
 0.496847 0.314110 -0.002613 
 0.479114 0.311404 -0.006250 
 0.463232 0.311888 -0.022759 
 0.445523 0.309185 -0.026391 
 0.427815 0.306482 -0.030023 
 0.408181 0.300576 -0.020797 
 0.390448 0.297869 -0.024434 
 0.372715 0.295163 -0.028071 
 0.354982 0.292456 -0.031707 
 0.333202 0.283313 -0.009669 
 0.313372 0.277377 -0.000484 
 0.295565 0.274658 -0.004136 
 0.277758 0.271940 -0.007788 
 0.116947 0.224120 0.065251 
 0.096624 0.218109 0.074336 
 0.080939 0.218624 0.057866 
 0.060566 0.212605 0.066941 
 0.044931 0.213127 0.050482 
 0.026927 0.210379 0.046789 
 0.006480 0.204349 0.055849 
 -0.011548 0.201597 0.052152 
 -0.029577 0.198845 0.048454 
 -0.047605 0.196093 0.044757 
 -0.070715 0.186747 0.066522 
 -0.088793 0.183988 0.062814 
 -0.112051 0.174619 0.084550 
 -0.132793 0.168544 0.093548 
 -0.150945 0.165773 0.089825 
 -0.174424 0.156371 0.111515 
 -0.187248 0.160232 0.082380 
 -0.202687 0.160784 0.065962 
 -0.215339 0.164672 0.036862 
 -0.233417 0.161912 0.033154 
 -0.245921 0.165822 0.004086 
 -0.261138 0.166408 -0.012288 
 -0.279142 0.163660 -0.015980 
 -0.297146 0.160912 -0.019673 
 -0.315150 0.158164 -0.023365 
 -0.333154 0.155416 -0.027057 
 -0.351158 0.152667 -0.030750 
 -0.369162 0.149919 -0.034442 
 -0.381198 0.153900 -0.063415 
 -0.399153 0.151160 -0.067097 
 -0.417107 0.148419 -0.070779 
 -0.435062 0.145679 -0.074462 
 -0.453017 0.142938 -0.078144 
 -0.449222 0.163882 -0.170132 
 0.554998 0.307581 -0.007058 
 0.537290 0.304878 -0.010690 
 0.519582 0.302175 -0.014322 
 0.500076 0.296263 -0.005074 
 0.482343 0.293556 -0.008711 
 0.466456 0.294066 -0.025217 
 0.448748 0.291363 -0.028849 
 0.431039 0.288660 -0.032480 
 0.411410 0.282729 -0.023258 
 0.393677 0.280022 -0.026895 
 0.375944 0.277315 -0.030532 
 0.354222 0.268130 -0.008490 
 0.334421 0.262173 0.000697 
 0.316614 0.259455 -0.002955 
 0.294671 0.250236 0.019041 
 0.276814 0.247510 0.015379 
 0.258958 0.244785 0.011716 
 0.117935 0.202716 0.075531 
 0.099907 0.199964 0.071834 
 0.081878 0.197212 0.068137 
 0.063849 0.194460 0.064439 
 0.045821 0.191708 0.060742 
 0.027792 0.188956 0.057045 
 0.009763 0.186204 0.053347 
 -0.008265 0.183452 0.049650 
 -0.026294 0.180700 0.045952 
 -0.049346 0.171312 0.067721 
 -0.067424 0.168553 0.064013 
 -0.090623 0.159142 0.085752 
 -0.108750 0.156375 0.082034 
 -0.129488 0.150275 0.091029 
 -0.152909 0.140831 0.112721 
 -0.171110 0.138052 0.108989 
 -0.183943 0.141963 0.079861 
 -0.199386 0.142540 0.063446 
 -0.217513 0.139773 0.059729 
 -0.230125 0.143718 0.030646 
 -0.242638 0.147677 0.001584 
 -0.260666 0.144925 -0.002114 
 -0.275863 0.145540 -0.018479 
 -0.293867 0.142792 -0.022171 
 -0.314752 0.136669 -0.013206 
 -0.332781 0.133917 -0.016903 
 -0.350810 0.131165 -0.020601 
 -0.365883 0.131799 -0.036940 
 -0.383887 0.129051 -0.040633 
 -0.401891 0.126303 -0.044325 
 -0.419895 0.123555 -0.048017 
 -0.431793 0.127608 -0.076953 
 -0.449747 0.124867 -0.080635 
 0.540514 0.287055 -0.013147 
 0.522806 0.284352 -0.016779 
 0.503305 0.278415 -0.007535 
 0.485572 0.275709 -0.011172 
 0.469681 0.276243 -0.027674 
 0.450105 0.270295 -0.018445 
 0.432372 0.267588 -0.022082 
 0.414639 0.264881 -0.025719 
 0.396906 0.262174 -0.029356 
 0.379173 0.259468 -0.032992 
 0.357460 0.250233 -0.010958 
 0.337663 0.244251 -0.001774 
 0.315778 0.234990 0.020225 
 0.297922 0.232264 0.016563 
 0.277977 0.226260 0.025716 
 0.255870 0.216965 0.047670 
 0.237940 0.214228 0.043993 
 0.121218 0.184571 0.073030 
 0.103189 0.181819 0.069332 
 0.087495 0.182383 0.052869 
 0.067132 0.176315 0.061937 
 0.051487 0.176887 0.045485 
 0.031075 0.170811 0.054543 
 0.013046 0.168059 0.050845 
 -0.004983 0.165307 0.047148 
 -0.023011 0.162555 0.043451 
 -0.041040 0.159803 0.039753 
 -0.064132 0.150358 0.061504 
 -0.087323 0.140898 0.083236 
 -0.105450 0.138131 0.079519 
 -0.126182 0.132006 0.088510 
 -0.144334 0.129235 0.084788 
 -0.159831 0.129830 0.068366 
 -0.177958 0.127063 0.064648 
 -0.190677 0.131042 0.035552 
 -0.208755 0.128282 0.031845 
 -0.226833 0.125523 0.028137 
 -0.239355 0.129532 -0.000918 
 -0.257384 0.126780 -0.004616 
 -0.275412 0.124028 -0.008313 
 -0.293441 0.121276 -0.012010 
 -0.317223 0.111726 0.009600 
 -0.335300 0.108966 0.005892 
 -0.347527 0.113020 -0.023102 
 -0.365556 0.110268 -0.026800 
 -0.380609 0.110931 -0.043131 
 -0.398613 0.108183 -0.046824 
 -0.416617 0.105434 -0.050516 
 0.543739 0.269233 -0.015605 
 0.526030 0.266529 -0.019237 
 0.506534 0.260568 -0.009996 
 0.485175 0.251336 0.012103 
 0.471068 0.255154 -0.017269 
 0.449610 0.245908 0.004809 
 0.431828 0.243193 0.001162 
 0.414045 0.240479 -0.002485 
 0.396263 0.237765 -0.006132 
 0.378481 0.235050 -0.009778 
 0.358713 0.229047 -0.000593 
 0.340906 0.226329 -0.004245 
 0.319030 0.217019 0.017747 
 0.301173 0.214293 0.014085 
 0.277065 0.201656 0.048859 
 0.257027 0.195612 0.057988 
 0.239072 0.192871 0.054306 
 0.221117 0.190130 0.050624 
 0.203163 0.187390 0.046942 
 0.162790 0.175256 0.065140 
 0.144786 0.172508 0.061448 
 0.126782 0.169760 0.057756 
 0.106472 0.163674 0.066830 
 0.088443 0.160922 0.063133 
 0.070415 0.158170 0.059436 
 0.052386 0.155418 0.055738 
 0.034357 0.152666 0.052041 
 0.016329 0.149914 0.048343 
 -0.001700 0.147162 0.044646 
 -0.019728 0.144410 0.040949 
 -0.042762 0.134923 0.062703 
 -0.060840 0.132164 0.058996 
 -0.084022 0.122654 0.080721 
 -0.102149 0.119887 0.077003 
 -0.120276 0.117120 0.073285 
 -0.141029 0.110966 0.082269 
 -0.151230 0.118366 0.040458 
 -0.169308 0.115607 0.036751 
 -0.181986 0.119643 0.007672 
 -0.200015 0.116891 0.003975 
 -0.223541 0.107328 0.025628 
 -0.236072 0.111387 -0.003420 
 -0.254101 0.108635 -0.007117 
 -0.272130 0.105883 -0.010815 
 -0.295853 0.096291 0.010798 
 -0.313931 0.093531 0.007091 
 -0.332009 0.090772 0.003383 
 -0.350087 0.088012 -0.000324 
 -0.368165 0.085253 -0.004032 
 -0.386242 0.082493 -0.007739 
 -0.404320 0.079734 -0.011447 
 0.488413 0.233439 0.009635 
 0.470630 0.230725 0.005988 
 0.450990 0.224716 0.015195 
 0.435066 0.225296 -0.001305 
 0.417283 0.222582 -0.004952 
 0.399501 0.219867 -0.008599 
 0.381718 0.217153 -0.012246 
 0.361955 0.211125 -0.003064 
 0.340137 0.201773 0.018931 
 0.322281 0.199047 0.015269 
 0.302370 0.192997 0.024420 
 0.280330 0.183610 0.046371 
 0.260296 0.177541 0.055497 
 0.242341 0.174801 0.051815 
 0.224387 0.172060 0.048132 
 0.206432 0.169319 0.044450 
 0.188477 0.166579 0.040768 
 0.166068 0.157136 0.062642 
 0.148064 0.154388 0.058949 
 0.127784 0.148281 0.068026 
 0.109755 0.145529 0.064328 
 0.091726 0.142777 0.060631 
 0.073698 0.140025 0.056934 
 0.055669 0.137273 0.053236 
 0.032841 0.127766 0.075024 
 0.019612 0.131769 0.045842 
 0.001583 0.129017 0.042144 
 -0.016446 0.126265 0.038447 
 -0.039470 0.116729 0.060194 
 -0.057548 0.113969 0.056487 
 -0.075626 0.111210 0.052779 
 -0.093704 0.108450 0.049072 
 -0.116975 0.098876 0.070770 
 -0.135103 0.096109 0.067052 
 -0.147938 0.100172 0.037950 
 -0.166016 0.097412 0.034242 
 -0.178704 0.101498 0.005170 
 -0.196732 0.098746 0.001473 
 -0.214761 0.095994 -0.002224 
 -0.232789 0.093242 -0.005922 
 -0.250818 0.090490 -0.009619 
 -0.268847 0.087738 -0.013317 
 -0.286875 0.084986 -0.017014 
 -0.310639 0.075337 0.004582 
 -0.328717 0.072577 0.000875 
 -0.346795 0.069818 -0.002833 
 -0.364873 0.067058 -0.006540 
 -0.388883 0.057371 0.015006 
 -0.407010 0.054604 0.011288 
 -0.425137 0.051837 0.007571 
 0.473868 0.212828 0.003521 
 0.454233 0.206794 0.012724 
 0.436426 0.204076 0.009072 
 0.418619 0.201358 0.005420 
 0.400812 0.198640 0.001768 
 0.383005 0.195922 -0.001884 
 0.365198 0.193203 -0.005535 
 0.343389 0.183801 0.016453 
 0.323507 0.177730 0.025606 
 0.301525 0.168301 0.047560 
 0.283595 0.165565 0.043882 
 0.263566 0.159471 0.053005 
 0.245611 0.156730 0.049323 
 0.223358 0.147260 0.071220 
 0.205354 0.144512 0.067528 
 0.187350 0.141764 0.063836 
 0.169346 0.139016 0.060143 
 0.149095 0.132888 0.069221 
 0.131066 0.130136 0.065524 
 0.108445 0.120610 0.087346 
 0.095009 0.124632 0.058129 
 0.072289 0.115091 0.079931 
 0.058952 0.119128 0.050734 
 0.036133 0.109572 0.072516 
 0.018055 0.106812 0.068808 
 -0.000023 0.104053 0.065101 
 -0.018101 0.101293 0.061393 
 -0.036179 0.098534 0.057686 
 -0.059293 0.088933 0.079407 
 -0.077420 0.086166 0.075689 
 -0.095547 0.083399 0.071972 
 -0.113675 0.080632 0.068254 
 -0.131802 0.077865 0.064537 
 -0.144646 0.081977 0.035441 
 -0.157392 0.086105 0.006366 
 -0.175421 0.083353 0.002668 
 -0.193449 0.080601 -0.001029 
 -0.211478 0.077849 -0.004726 
 -0.229507 0.075097 -0.008424 
 -0.247535 0.072345 -0.012121 
 -0.265564 0.069593 -0.015819 
 -0.289269 0.059902 0.005781 
 -0.307347 0.057142 0.002073 
 -0.325425 0.054383 -0.001634 
 -0.343503 0.051623 -0.005342 
 -0.367455 0.041894 0.016208 
 -0.385582 0.039127 0.012490 
 -0.406695 0.032868 0.021391 
 -0.424847 0.030097 0.017668 
 0.457475 0.188872 0.010253 
 0.439668 0.186154 0.006601 
 0.418065 0.176732 0.028623 
 0.400209 0.174007 0.024961 
 0.382353 0.171281 0.021299 
 0.364496 0.168556 0.017637 
 0.346640 0.165830 0.013975 
 0.326763 0.159734 0.023124 
 0.304790 0.150256 0.045071 
 0.284790 0.144141 0.054196 
 0.266835 0.141400 0.050514 
 0.244641 0.131888 0.072414 
 0.226637 0.129140 0.068722 
 0.208633 0.126392 0.065030 
 0.190629 0.123644 0.061337 
 0.170406 0.117495 0.070417 
 0.152378 0.114743 0.066719 
 0.134349 0.111991 0.063022 
 0.116320 0.109239 0.059325 
 0.093658 0.099656 0.081129 
 0.075581 0.096896 0.077422 
 0.057503 0.094137 0.073714 
 0.039425 0.091377 0.070007 
 0.021347 0.088618 0.066299 
 0.003269 0.085858 0.062592 
 -0.014809 0.083099 0.058885 
 -0.037865 0.073455 0.080609 
 -0.055992 0.070688 0.076892 
 -0.074120 0.067921 0.073174 
 -0.092247 0.065154 0.069456 
 -0.110374 0.062387 0.065739 
 -0.128501 0.059620 0.062021 
 -0.141354 0.063783 0.032932 
 -0.159432 0.061023 0.029225 
 -0.172138 0.065208 0.000167 
 -0.190167 0.062456 -0.003531 
 -0.208195 0.059704 -0.007228 
 -0.226224 0.056952 -0.010926 
 -0.244252 0.054200 -0.014623 
 -0.267900 0.044466 0.006980 
 -0.285978 0.041707 0.003272 
 -0.309773 0.031951 0.024845 
 -0.322133 0.036188 -0.004143 
 -0.340211 0.033429 -0.007850 
 -0.364154 0.023650 0.013692 
 -0.385238 0.017369 0.022595 
 -0.403390 0.014599 0.018872 
 -0.421542 0.011828 0.015149 
 0.457029 0.164212 0.033469 
 0.439173 0.161487 0.029807 
 0.421316 0.158761 0.026145 
 0.403460 0.156035 0.022483 
 0.385604 0.153310 0.018821 
 0.365780 0.147196 0.027977 
 0.347899 0.144467 0.024310 
 0.330019 0.141737 0.020643 
 0.308055 0.132210 0.042583 
 0.288059 0.126070 0.051704 
 0.265923 0.116516 0.073608 
 0.247919 0.113768 0.069916 
 0.229915 0.111020 0.066223 
 0.209747 0.104854 0.075310 
 0.191718 0.102102 0.071612 
 0.173689 0.099350 0.067915 
 0.155661 0.096598 0.064218 
 0.133106 0.086980 0.086036 
 0.115028 0.084221 0.082328 
 0.096950 0.081461 0.078621 
 0.078872 0.078702 0.074913 
 0.060794 0.075942 0.071206 
 0.042716 0.073183 0.067498 
 0.024639 0.070423 0.063791 
 0.006561 0.067664 0.060083 
 -0.011517 0.064904 0.056376 
 -0.034565 0.055211 0.078094 
 -0.052692 0.052444 0.074376 
 -0.070819 0.049677 0.070658 
 -0.088946 0.046910 0.066941 
 -0.107073 0.044143 0.063223 
 -0.125200 0.041376 0.059506 
 -0.138063 0.045588 0.030423 
 -0.156141 0.042829 0.026716 
 -0.168855 0.047063 -0.002335 
 -0.186884 0.044311 -0.006033 
 -0.210374 0.034550 0.015593 
 -0.222941 0.038807 -0.013428 
 -0.240970 0.036055 -0.017125 
 -0.264608 0.026272 0.004471 
 -0.282686 0.023513 0.000763 
 -0.306472 0.013707 0.022330 
 -0.324599 0.010940 0.018612 
 -0.342726 0.008173 0.014895 
 -0.360853 0.005406 0.011177 
 -0.381933 -0.000900 0.020076 
 -0.400085 -0.003670 0.016353 
 -0.418237 -0.006441 0.012630 
 0.460280 0.146241 0.030991 
 0.442424 0.143515 0.027329 
 0.424568 0.140789 0.023667 
 0.406712 0.138064 0.020005 
 0.388855 0.135338 0.016343 
 0.369036 0.129200 0.025496 
 0.351155 0.126471 0.021829 
 0.333274 0.123741 0.018162 
 0.311320 0.114164 0.040095 
 0.291328 0.107999 0.049212 
 0.269201 0.098396 0.071110 
 0.251197 0.095648 0.067417 
 0.233193 0.092900 0.063725 
 0.213029 0.086709 0.072808 
 0.195001 0.083957 0.069110 
 0.176972 0.081205 0.065413 
 0.158943 0.078453 0.061716 
 0.140915 0.075701 0.058018 
 0.118320 0.066026 0.079819 
 0.100242 0.063267 0.076112 
 0.082164 0.060507 0.072405 
 0.064086 0.057748 0.068697 
 0.046008 0.054988 0.064990 
 0.023118 0.045268 0.086731 
 0.004991 0.042501 0.083013 
 -0.013137 0.039734 0.079296 
 -0.031264 0.036967 0.075578 
 -0.049391 0.034200 0.071860 
 -0.067518 0.031433 0.068143 
 -0.085645 0.028666 0.064425 
 -0.103772 0.025899 0.060708 
 -0.121900 0.023132 0.056990 
 -0.134771 0.027394 0.027915 
 -0.152849 0.024634 0.024207 
 -0.170927 0.021875 0.020500 
 -0.189005 0.019115 0.016792 
 -0.207082 0.016356 0.013085 
 -0.225160 0.013596 0.009377 
 -0.243238 0.010837 0.005670 
 -0.261316 0.008077 0.001962 
 -0.285044 -0.001771 0.023532 
 -0.303171 -0.004538 0.019814 
 -0.321298 -0.007305 0.016097 
 -0.339426 -0.010072 0.012379 
 -0.357553 -0.012839 0.008661 
 -0.378628 -0.019169 0.017557 
 -0.402725 -0.029073 0.039050 
 -0.423924 -0.035421 0.047920 
 -0.442149 -0.038203 0.044182 
 0.463532 0.128269 0.028513 
 0.445676 0.125544 0.024851 
 0.427819 0.122818 0.021189 
 0.409963 0.120092 0.017527 
 0.392107 0.117367 0.013865 
 0.372292 0.111204 0.023015 
 0.354411 0.108474 0.019347 
 0.332515 0.098855 0.041284 
 0.314585 0.096118 0.037607 
 0.296655 0.093381 0.033930 
 0.272480 0.080276 0.068611 
 0.254476 0.077528 0.064919 
 0.236472 0.074779 0.061227 
 0.216312 0.068564 0.070306 
 0.198283 0.065812 0.066609 
 0.180255 0.063060 0.062911 
 0.162226 0.060308 0.059214 
 0.144197 0.057556 0.055516 
 0.121612 0.047832 0.077311 
 0.103534 0.045072 0.073603 
 0.085456 0.042313 0.069896 
 0.067378 0.039553 0.066188 
 0.044546 0.029791 0.087933 
 0.026418 0.027024 0.084215 
 0.008291 0.024257 0.080498 
 -0.009836 0.021490 0.076780 
 -0.030439 0.015207 0.085768 
 -0.048591 0.012436 0.082045 
 -0.066742 0.009665 0.078323 
 -0.082345 0.010422 0.061910 
 -0.100472 0.007655 0.058192 
 -0.118599 0.004888 0.054475 
 -0.136726 0.002121 0.050757 
 -0.149557 0.006440 0.021698 
 -0.167635 0.003680 0.017991 
 -0.185713 0.000921 0.014284 
 -0.203791 -0.001839 0.010576 
 -0.221869 -0.004598 0.006869 
 -0.245489 -0.014481 0.028451 
 -0.263616 -0.017248 0.024734 
 -0.281743 -0.020015 0.021016 
 -0.302716 -0.026354 0.029928 
 -0.320867 -0.029125 0.026206 
 -0.339019 -0.031896 0.022483 
 -0.357171 -0.034667 0.018760 
 -0.381210 -0.044613 0.040257 
 -0.408316 -0.058166 0.074338 
 -0.420605 -0.053765 0.045391 
 -0.438831 -0.056547 0.041653 
 0.466783 0.110298 0.026035 
 0.448927 0.107572 0.022373 
 0.429191 0.101396 0.031534 
 0.413214 0.102121 0.015049 
 0.395358 0.099395 0.011387 
 0.375548 0.093208 0.020533 
 0.357667 0.090478 0.016866 
 0.339786 0.087749 0.013199 
 0.321905 0.085019 0.009532 
 0.299919 0.075335 0.031441 
 0.275758 0.062156 0.066113 
 0.257754 0.059407 0.062420 
 0.239750 0.056659 0.058728 
 0.219595 0.050419 0.067804 
 0.201566 0.047667 0.064107 
 0.179137 0.037915 0.085925 
 0.165509 0.042163 0.056712 
 0.142981 0.032396 0.078510 
 0.124903 0.029637 0.074802 
 0.106825 0.026878 0.071095 
 0.084101 0.017081 0.092852 
 0.065974 0.014314 0.089135 
 0.047846 0.011547 0.085417 
 0.029719 0.008780 0.081700 
 0.011592 0.006013 0.077982 
 -0.006535 0.003246 0.074264 
 -0.027133 -0.003062 0.083249 
 -0.045285 -0.005833 0.079526 
 -0.063437 -0.008604 0.075804 
 -0.081589 -0.011374 0.072081 
 -0.099741 -0.014145 0.068358 
 -0.115298 -0.013356 0.051959 
 -0.133425 -0.016123 0.048241 
 -0.146265 -0.011755 0.019190 
 -0.164343 -0.014514 0.015482 
 -0.182421 -0.017274 0.011775 
 -0.205934 -0.027191 0.033371 
 -0.224061 -0.029958 0.029653 
 -0.242188 -0.032725 0.025936 
 -0.260315 -0.035492 0.022218 
 -0.281259 -0.041853 0.031132 
 -0.299410 -0.044623 0.027409 
 -0.317562 -0.047394 0.023687 
 -0.335714 -0.050165 0.019964 
 -0.359695 -0.060153 0.041464 
 -0.380835 -0.066544 0.050337 
 -0.404988 -0.076559 0.071802 
 -0.423263 -0.079348 0.068054 
 -0.441538 -0.082138 0.064306 
 0.432446 0.083399 0.029053 
 0.414566 0.080670 0.025386 
 0.396685 0.077941 0.021719 
 0.374905 0.068237 0.043662 
 0.356975 0.065500 0.039985 
 0.339045 0.062763 0.036307 
 0.321114 0.060027 0.032630 
 0.303184 0.057290 0.028953 
 0.283182 0.051047 0.038055 
 0.261032 0.041287 0.059922 
 0.243028 0.038539 0.056230 
 0.222878 0.032274 0.065302 
 0.204849 0.029522 0.061605 
 0.182429 0.019721 0.083416 
 0.168792 0.024018 0.054210 
 0.146273 0.014202 0.076001 
 0.128195 0.011442 0.072293 
 0.110117 0.008683 0.068586 
 0.087401 -0.001163 0.090337 
 0.069274 -0.003930 0.086619 
 0.051147 -0.006697 0.082902 
 0.033020 -0.009464 0.079184 
 0.014893 -0.012231 0.075467 
 -0.005677 -0.018560 0.084453 
 -0.023828 -0.021331 0.080730 
 -0.041980 -0.024102 0.077007 
 -0.060132 -0.026873 0.073285 
 -0.078284 -0.029643 0.069562 
 -0.096435 -0.032414 0.065839 
 -0.111997 -0.031600 0.049443 
 -0.130125 -0.034367 0.045726 
 -0.148252 -0.037134 0.042008 
 -0.166379 -0.039901 0.038291 
 -0.184506 -0.042668 0.034573 
 -0.202633 -0.045435 0.030855 
 -0.220760 -0.048202 0.027138 
 -0.238888 -0.050969 0.023420 
 -0.259802 -0.057351 0.032336 
 -0.277953 -0.060121 0.028613 
 -0.296105 -0.062892 0.024890 
 -0.319978 -0.072915 0.046403 
 -0.338179 -0.075693 0.042670 
 -0.356381 -0.078472 0.038938 
 -0.377516 -0.084887 0.047808 
 -0.401661 -0.094952 0.069266 
 -0.419936 -0.097741 0.065518 
 -0.438210 -0.100531 0.061770 
 0.417821 0.062674 0.022905 
 0.396100 0.052928 0.044851 
 0.378170 0.050191 0.041174 
 0.358270 0.043939 0.050293 
 0.342309 0.044718 0.033819 
 0.324379 0.041981 0.030142 
 0.304406 0.035717 0.039246 
 0.286451 0.032976 0.035564 
 0.264311 0.023167 0.057423 
 0.246307 0.020419 0.053731 
 0.228303 0.017671 0.050039 
 0.208132 0.011377 0.059103 
 0.190103 0.008625 0.055406 
 0.172075 0.005873 0.051708 
 0.149565 -0.003993 0.073492 
 0.126956 -0.013874 0.095257 
 0.113409 -0.009512 0.066077 
 0.090702 -0.019408 0.087821 
 0.072575 -0.022174 0.084104 
 0.054448 -0.024941 0.080386 
 0.036321 -0.027708 0.076669 
 0.018193 -0.030475 0.072951 
 -0.002371 -0.036829 0.081934 
 -0.020523 -0.039600 0.078211 
 -0.038675 -0.042371 0.074488 
 -0.056827 -0.045142 0.070766 
 -0.074978 -0.047912 0.067043 
 -0.093130 -0.050683 0.063320 
 -0.108697 -0.049844 0.046928 
 -0.126824 -0.052611 0.043210 
 -0.144951 -0.055378 0.039493 
 -0.163078 -0.058145 0.035775 
 -0.181205 -0.060912 0.032057 
 -0.199332 -0.063679 0.028340 
 -0.217460 -0.066446 0.024622 
 -0.238345 -0.072849 0.033539 
 -0.256496 -0.075620 0.029817 
 -0.274648 -0.078390 0.026094 
 -0.292800 -0.081161 0.022371 
 -0.316664 -0.091234 0.043877 
 -0.334865 -0.094012 0.040145 
 -0.355972 -0.100448 0.049016 
 -0.374198 -0.103230 0.045278 
 -0.398333 -0.113344 0.066730 
 -0.416608 -0.116134 0.062982 
 0.399365 0.034883 0.042363 
 0.379494 0.028609 0.051483 
 0.361539 0.025868 0.047801 
 0.343585 0.023128 0.044119 
 0.325630 0.020387 0.040437 
 0.307675 0.017646 0.036754 
 0.289720 0.014906 0.033072 
 0.267589 0.005047 0.054925 
 0.249585 0.002299 0.051233 
 0.231581 -0.000449 0.047540 
 0.211415 -0.006768 0.056601 
 0.193386 -0.009520 0.052904 
 0.175357 -0.012272 0.049206 
 0.152857 -0.022187 0.070983 
 0.134779 -0.024947 0.067276 
 0.116701 -0.027706 0.063568 
 0.094003 -0.037652 0.085306 
 0.075876 -0.040419 0.081588 
 0.057749 -0.043186 0.077871 
 0.039621 -0.045953 0.074153 
 0.019086 -0.052327 0.083137 
 0.000934 -0.055098 0.079415 
 -0.017218 -0.057869 0.075692 
 -0.035370 -0.060640 0.071969 
 -0.053521 -0.063410 0.068247 
 -0.071673 -0.066181 0.064524 
 -0.089825 -0.068952 0.060801 
 -0.105396 -0.068088 0.044412 
 -0.123523 -0.070855 0.040695 
 -0.141650 -0.073622 0.036977 
 -0.159777 -0.076389 0.033260 
 -0.177905 -0.079156 0.029542 
 -0.196032 -0.081923 0.025824 
 -0.214159 -0.084690 0.022107 
 -0.235039 -0.091118 0.031020 
 -0.253191 -0.093889 0.027298 
 -0.276948 -0.103995 0.048817 
 -0.295149 -0.106774 0.045084 
 -0.316202 -0.113228 0.053963 
 -0.334428 -0.116010 0.050225 
 -0.358455 -0.126158 0.071689 
 -0.376730 -0.128948 0.067941 
 -0.395005 -0.131737 0.064194 
 -0.416255 -0.138221 0.073031 
 -0.434555 -0.141015 0.069278 
 0.382763 0.010539 0.048992 
 0.360887 0.000668 0.070888 
 0.342883 -0.002081 0.067196 
 0.324879 -0.004829 0.063504 
 0.310944 -0.000424 0.034263 
 0.292990 -0.003165 0.030580 
 0.270867 -0.013073 0.052427 
 0.252863 -0.015821 0.048734 
 0.234859 -0.018570 0.045042 
 0.216855 -0.021318 0.041350 
 0.196669 -0.027665 0.050402 
 0.178640 -0.030417 0.046704 
 0.156148 -0.040382 0.068475 
 0.138070 -0.043141 0.064767 
 0.119992 -0.045901 0.061060 
 0.097304 -0.055896 0.082790 
 0.079176 -0.058663 0.079073 
 0.058695 -0.065055 0.088064 
 0.042922 -0.064197 0.071637 
 0.022391 -0.070596 0.080618 
 0.004239 -0.073367 0.076896 
 -0.013913 -0.076138 0.073173 
 -0.032064 -0.078909 0.069450 
 -0.050216 -0.081679 0.065728 
 -0.068368 -0.084450 0.062005 
 -0.086520 -0.087221 0.058283 
 -0.102095 -0.086332 0.041897 
 -0.120222 -0.089099 0.038179 
 -0.138350 -0.091866 0.034462 
 -0.156477 -0.094633 0.030744 
 -0.174604 -0.097400 0.027026 
 -0.195431 -0.103845 0.035947 
 -0.213582 -0.106616 0.032224 
 -0.231734 -0.109387 0.028501 
 -0.255433 -0.119536 0.050024 
 -0.273634 -0.122314 0.046291 
 -0.294658 -0.128789 0.055171 
 -0.318578 -0.138972 0.076649 
 -0.336853 -0.141762 0.072901 
 -0.355128 -0.144551 0.069153 
 -0.373403 -0.147341 0.065405 
 -0.391678 -0.150130 0.061658 
 -0.412923 -0.156639 0.070492 
 -0.431223 -0.159432 0.066739 
 0.382170 -0.014704 0.072082 
 0.364166 -0.017453 0.068390 
 0.344181 -0.023795 0.077479 
 0.326152 -0.026546 0.073782 
 0.310154 -0.025697 0.057313 
 0.292150 -0.028445 0.053620 
 0.274146 -0.031193 0.049928 
 0.256142 -0.033942 0.046236 
 0.238138 -0.036690 0.042543 
 0.217980 -0.043058 0.051597 
 0.199952 -0.045810 0.047900 
 0.181923 -0.048562 0.044203 
 0.159440 -0.058576 0.065966 
 0.141362 -0.061336 0.062258 
 0.118731 -0.071373 0.083992 
 0.100604 -0.074140 0.080275 
 0.082477 -0.076907 0.076557 
 0.064350 -0.079674 0.072840 
 0.043848 -0.086095 0.081822 
 0.025696 -0.088865 0.078099 
 0.007544 -0.091636 0.074377 
 -0.010607 -0.094407 0.070654 
 -0.033706 -0.104515 0.092291 
 -0.046911 -0.099948 0.063209 
 -0.065063 -0.102719 0.059486 
 -0.083215 -0.105490 0.055764 
 -0.101366 -0.108260 0.052041 
 -0.116922 -0.107344 0.035664 
 -0.135049 -0.110111 0.031946 
 -0.153176 -0.112878 0.028228 
 -0.171303 -0.115644 0.024511 
 -0.192125 -0.122114 0.033428 
 -0.210277 -0.124885 0.029705 
 -0.228429 -0.127656 0.025982 
 -0.252119 -0.137854 0.047498 
 -0.270320 -0.140632 0.043765 
 -0.291339 -0.147132 0.052642 
 -0.315250 -0.157365 0.074113 
 -0.333525 -0.160154 0.070365 
 -0.351800 -0.162944 0.066617 
 -0.370075 -0.165733 0.062869 
 -0.388350 -0.168523 0.059121 
 -0.409591 -0.175057 0.067952 
 -0.427891 -0.177850 0.064200 
 0.385448 -0.032825 0.069584 
 0.367444 -0.035573 0.065891 
 0.347464 -0.041939 0.074977 
 0.329435 -0.044691 0.071280 
 0.313432 -0.043817 0.054814 
 0.295428 -0.046565 0.051122 
 0.277424 -0.049314 0.047430 
 0.259420 -0.052062 0.043737 
 0.241416 -0.054810 0.040045 
 0.221263 -0.061203 0.049095 
 0.203234 -0.063955 0.045398 
 0.180810 -0.074011 0.067165 
 0.158287 -0.084083 0.088912 
 0.140159 -0.086850 0.085194 
 0.122032 -0.089617 0.081477 
 0.103905 -0.092384 0.077759 
 0.085778 -0.095151 0.074042 
 0.065305 -0.101593 0.083026 
 0.047153 -0.104364 0.079303 
 0.029001 -0.107134 0.075580 
 0.006010 -0.117277 0.097231 
 -0.012191 -0.120055 0.093498 
 -0.030392 -0.122834 0.089765 
 -0.048593 -0.125612 0.086033 
 -0.066794 -0.128390 0.082300 
 -0.084995 -0.131168 0.078567 
 -0.098061 -0.126529 0.049522 
 -0.116213 -0.129300 0.045799 
 -0.134365 -0.132071 0.042077 
 -0.152517 -0.134842 0.038354 
 -0.170668 -0.137612 0.034631 
 -0.188820 -0.140383 0.030909 
 -0.206972 -0.143154 0.027186 
 -0.225124 -0.145925 0.023463 
 -0.248804 -0.156173 0.044972 
 -0.267005 -0.158951 0.041240 
 -0.288020 -0.165476 0.050113 
 -0.306246 -0.168258 0.046375 
 -0.330198 -0.178547 0.067829 
 -0.351360 -0.185094 0.076672 
 -0.369660 -0.187888 0.072919 
 -0.387959 -0.190681 0.069166 
 -0.406259 -0.193474 0.065413 
 -0.424558 -0.196267 0.061660 
 0.386804 -0.054581 0.079870 
 0.370722 -0.053693 0.063393 
 0.352718 -0.056441 0.059700 
 0.332718 -0.062836 0.068778 
 0.316710 -0.061937 0.052316 
 0.302798 -0.057377 0.023106 
 0.284843 -0.060117 0.019423 
 0.266888 -0.062858 0.015741 
 0.248933 -0.065599 0.012059 
 0.226690 -0.075678 0.033854 
 0.206517 -0.082100 0.042896 
 0.184102 -0.092206 0.064656 
 0.166024 -0.094965 0.060949 
 0.143460 -0.105094 0.082679 
 0.125333 -0.107861 0.078961 
 0.107206 -0.110628 0.075244 
 0.089079 -0.113395 0.071526 
 0.068610 -0.119862 0.080507 
 0.050458 -0.122632 0.076784 
 0.027526 -0.132817 0.098438 
 0.009325 -0.135596 0.094705 
 -0.011316 -0.142089 0.103650 
 -0.027078 -0.141152 0.087240 
 -0.045279 -0.143930 0.083507 
 -0.063480 -0.146709 0.079774 
 -0.081681 -0.149487 0.076041 
 -0.099882 -0.152265 0.072309 
 -0.118083 -0.155043 0.068576 
 -0.136284 -0.157822 0.064843 
 -0.154485 -0.160600 0.061110 
 -0.172686 -0.163378 0.057378 
 -0.190887 -0.166156 0.053645 
 -0.209088 -0.168935 0.049912 
 -0.230024 -0.175473 0.058797 
 -0.248250 -0.178255 0.055059 
 -0.272045 -0.188571 0.076537 
 -0.290320 -0.191361 0.072789 
 -0.308595 -0.194150 0.069041 
 -0.329728 -0.200719 0.077885 
 -0.348028 -0.203512 0.074132 
 -0.366328 -0.206305 0.070379 
 -0.384627 -0.209098 0.066626 
 -0.402927 -0.211892 0.062874 
 -0.421226 -0.214685 0.059121 
 0.390086 -0.072725 0.077368 
 0.374001 -0.071813 0.060894 
 0.355997 -0.074561 0.057202 
 0.341976 -0.069966 0.027978 
 0.324022 -0.072707 0.024296 
 0.306067 -0.075447 0.020614 
 0.290178 -0.074505 0.004181 
 0.272248 -0.077242 0.000504 
 0.254318 -0.079979 -0.003173 
 0.229968 -0.093799 0.031356 
 0.205471 -0.107641 0.065855 
 0.187393 -0.110401 0.062147 
 0.169315 -0.113160 0.058440 
 0.146761 -0.123338 0.080163 
 0.128634 -0.126105 0.076446 
 0.108219 -0.132589 0.085433 
 0.090067 -0.135360 0.081710 
 0.071915 -0.138131 0.077988 
 0.049041 -0.148358 0.099645 
 0.028454 -0.154868 0.108597 
 0.010228 -0.157650 0.104859 
 -0.007998 -0.160432 0.101121 
 -0.026223 -0.163214 0.097383 
 -0.044449 -0.165996 0.093646 
 -0.062675 -0.168778 0.089908 
 -0.080900 -0.171560 0.086170 
 -0.099126 -0.174342 0.082432 
 -0.117352 -0.177124 0.078694 
 -0.135577 -0.179906 0.074957 
 -0.153803 -0.182688 0.071219 
 -0.172029 -0.185470 0.067481 
 -0.190254 -0.188252 0.063743 
 -0.208480 -0.191034 0.060005 
 -0.226706 -0.193816 0.056268 
 -0.244931 -0.196598 0.052530 
 -0.268717 -0.206964 0.074001 
 -0.286992 -0.209754 0.070253 
 -0.308097 -0.216343 0.079099 
 -0.326396 -0.219136 0.075346 
 -0.350453 -0.229544 0.096761 
 -0.368802 -0.232345 0.092998 
 -0.387151 -0.235146 0.089235 
 -0.405500 -0.237946 0.085472 
 -0.423849 -0.240747 0.081709 
 0.411398 -0.088119 0.078564 
 0.393369 -0.090870 0.074866 
 0.377279 -0.089933 0.058396 
 0.359275 -0.092681 0.054704 
 0.345246 -0.088037 0.025487 
 0.333327 -0.079676 -0.016468 
 0.315447 -0.082406 -0.020135 
 0.299627 -0.081427 -0.036549 
 0.279685 -0.087864 -0.027469 
 0.261804 -0.090594 -0.031136 
 0.239652 -0.100761 -0.009338 
 0.213083 -0.118390 0.037892 
 0.190685 -0.128595 0.059639 
 0.172607 -0.131355 0.055931 
 0.150062 -0.141582 0.077648 
 0.131934 -0.144349 0.073930 
 0.111524 -0.150858 0.082914 
 0.088757 -0.161120 0.104584 
 0.068224 -0.167647 0.113543 
 0.049998 -0.170429 0.109805 
 0.031772 -0.173211 0.106068 
 0.008734 -0.183514 0.127683 
 -0.009541 -0.186304 0.123935 
 -0.022905 -0.181557 0.094854 
 -0.041130 -0.184339 0.091116 
 -0.059356 -0.187121 0.087379 
 -0.082640 -0.197462 0.108944 
 -0.100915 -0.200251 0.105196 
 -0.119190 -0.203041 0.101448 
 -0.137465 -0.205830 0.097700 
 -0.155740 -0.208620 0.093952 
 -0.174015 -0.211409 0.090204 
 -0.192290 -0.214199 0.086456 
 -0.210565 -0.216988 0.082708 
 -0.228840 -0.219778 0.078960 
 -0.247115 -0.222568 0.075213 
 -0.265390 -0.225357 0.071465 
 -0.286465 -0.231967 0.080312 
 -0.304765 -0.234761 0.076559 
 -0.328763 -0.245210 0.097978 
 -0.347112 -0.248011 0.094215 
 -0.371258 -0.258483 0.115602 
 -0.389657 -0.261292 0.111829 
 -0.408055 -0.264100 0.108056 
 -0.426453 -0.266908 0.104283 
 -0.444851 -0.269717 0.100510 
 0.414681 -0.106264 0.076062 
 0.398561 -0.105305 0.059590 
 0.380557 -0.108053 0.055897 
 0.362553 -0.110802 0.052205 
 0.356447 -0.091222 -0.028041 
 0.342606 -0.086497 -0.057210 
 0.326831 -0.085486 -0.073611 
 0.309049 -0.088201 -0.077257 
 0.289185 -0.094651 -0.068166 
 0.267166 -0.104850 -0.046351 
 0.247179 -0.111319 -0.037284 
 0.218521 -0.132787 0.022666 
 0.198337 -0.139287 0.031693 
 0.175899 -0.149549 0.053422 
 0.153362 -0.159826 0.075132 
 0.135235 -0.162593 0.071415 
 0.114829 -0.169127 0.080395 
 0.092071 -0.179438 0.102059 
 0.071542 -0.185990 0.111014 
 0.048612 -0.196328 0.132643 
 0.030337 -0.199117 0.128895 
 0.012062 -0.201907 0.125147 
 -0.006213 -0.204696 0.121399 
 -0.024488 -0.207486 0.117651 
 -0.042763 -0.210275 0.113903 
 -0.061038 -0.213065 0.110155 
 -0.079313 -0.215855 0.106408 
 -0.097588 -0.218644 0.102660 
 -0.115863 -0.221434 0.098912 
 -0.134138 -0.224223 0.095164 
 -0.152413 -0.227013 0.091416 
 -0.170687 -0.229802 0.087668 
 -0.188962 -0.232592 0.083920 
 -0.207237 -0.235381 0.080172 
 -0.225512 -0.238171 0.076424 
 -0.243787 -0.240960 0.072676 
 -0.264833 -0.247592 0.081526 
 -0.283133 -0.250385 0.077773 
 -0.301432 -0.253178 0.074020 
 -0.325422 -0.263677 0.095432 
 -0.343771 -0.266478 0.091668 
 -0.367908 -0.277000 0.113049 
 -0.386306 -0.279808 0.109276 
 -0.407648 -0.286485 0.118065 
 -0.423103 -0.285425 0.101730 
 -0.441501 -0.288233 0.097957 
 0.419844 -0.120677 0.060784 
 0.401839 -0.123425 0.057091 
 0.387694 -0.118696 0.027868 
 0.381463 -0.098983 -0.052377 
 0.363656 -0.101701 -0.056029 
 0.347852 -0.100669 -0.072431 
 0.334125 -0.095876 -0.101569 
 0.316392 -0.098583 -0.105206 
 0.294505 -0.108812 -0.083372 
 0.274621 -0.115291 -0.074289 
 0.252561 -0.125547 -0.052491 
 0.228252 -0.139590 -0.017992 
 0.208146 -0.146103 -0.008954 
 0.179191 -0.167744 0.050914 
 0.156663 -0.178071 0.072617 
 0.136286 -0.184625 0.081599 
 0.113587 -0.194978 0.103266 
 0.093087 -0.201551 0.112222 
 0.070214 -0.211931 0.133855 
 0.051939 -0.214721 0.130107 
 0.033664 -0.217510 0.126359 
 0.015390 -0.220300 0.122611 
 -0.002885 -0.223089 0.118863 
 -0.021160 -0.225879 0.115115 
 -0.039435 -0.228668 0.111367 
 -0.057710 -0.231458 0.107619 
 -0.075985 -0.234247 0.103871 
 -0.094260 -0.237037 0.100124 
 -0.112535 -0.239827 0.096376 
 -0.130810 -0.242616 0.092628 
 -0.149085 -0.245406 0.088880 
 -0.167360 -0.248195 0.085132 
 -0.185635 -0.250985 0.081384 
 -0.203910 -0.253774 0.077636 
 -0.222185 -0.256564 0.073888 
 -0.240460 -0.259353 0.070140 
 -0.261501 -0.266009 0.078986 
 -0.279801 -0.268803 0.075233 
 -0.298100 -0.271596 0.071480 
 -0.322081 -0.282145 0.092885 
 -0.346160 -0.292708 0.114269 
 -0.367448 -0.299402 0.123065 
 -0.385871 -0.302214 0.119286 
 -0.404294 -0.305026 0.115508 
 -0.422716 -0.307838 0.111730 
 -0.441139 -0.310650 0.107952 
 0.423122 -0.138797 0.058285 
 0.414619 -0.122747 -0.009243 
 0.398662 -0.121713 -0.025672 
 0.386654 -0.113138 -0.067605 
 0.374794 -0.104539 -0.109509 
 0.357086 -0.107242 -0.113140 
 0.339377 -0.109945 -0.116772 
 0.321669 -0.112648 -0.120404 
 0.303960 -0.115351 -0.124036 
 0.286252 -0.118054 -0.127667 
 0.268543 -0.120757 -0.131299 
 0.250835 -0.123460 -0.134931 
 0.217929 -0.152771 -0.049581 
 0.182482 -0.185938 0.048405 
 0.159964 -0.196315 0.070101 
 0.141837 -0.199082 0.066383 
 0.116901 -0.213297 0.100740 
 0.096405 -0.219895 0.109693 
 0.073542 -0.230324 0.131319 
 0.055267 -0.233114 0.127571 
 0.034624 -0.239734 0.136494 
 0.016324 -0.242527 0.132741 
 0.000442 -0.241482 0.116327 
 -0.017833 -0.244272 0.112579 
 -0.036108 -0.247061 0.108831 
 -0.054383 -0.249851 0.105083 
 -0.072658 -0.252640 0.101335 
 -0.090932 -0.255430 0.097588 
 -0.109207 -0.258219 0.093840 
 -0.127482 -0.261009 0.090092 
 -0.145757 -0.263798 0.086344 
 -0.164032 -0.266588 0.082596 
 -0.182307 -0.269377 0.078848 
 -0.200582 -0.272167 0.075100 
 -0.218857 -0.274957 0.071352 
 -0.237132 -0.277746 0.067604 
 -0.258169 -0.284427 0.076447 
 -0.276469 -0.287220 0.072694 
 -0.294768 -0.290013 0.068941 
 -0.318740 -0.300612 0.090339 
 -0.342810 -0.311225 0.111716 
 -0.361208 -0.314034 0.107943 
 -0.379606 -0.316842 0.104170 
 -0.400939 -0.323568 0.112952 
 -0.419362 -0.326380 0.109173 
 -0.428833 -0.317417 0.067761 
 -0.447182 -0.320218 0.063998 
 0.435755 -0.138014 -0.008058 
 0.423561 -0.129390 -0.050016 
 0.405754 -0.132108 -0.053668 
 0.393782 -0.123451 -0.095581 
 0.378019 -0.122362 -0.111966 
 0.360310 -0.125065 -0.115598 
 0.342602 -0.127768 -0.119230 
 0.324893 -0.130471 -0.122861 
 0.307185 -0.133174 -0.126493 
 0.289476 -0.135877 -0.130125 
 0.271768 -0.138580 -0.133757 
 0.251917 -0.145105 -0.124675 
 0.234184 -0.147812 -0.128312 
 0.216451 -0.150519 -0.131949 
 0.163264 -0.214559 0.067585 
 0.142897 -0.221163 0.076561 
 0.117950 -0.235456 0.110902 
 0.099724 -0.238238 0.107164 
 0.076870 -0.248717 0.128783 
 0.058595 -0.251506 0.125035 
 0.037956 -0.258152 0.133954 
 0.019657 -0.260945 0.130201 
 0.003770 -0.259875 0.113791 
 -0.014505 -0.262665 0.110043 
 -0.032780 -0.265454 0.106295 
 -0.051055 -0.268244 0.102547 
 -0.069330 -0.271033 0.098799 
 -0.087605 -0.273823 0.095051 
 -0.105880 -0.276612 0.091304 
 -0.124155 -0.279402 0.087556 
 -0.142430 -0.282191 0.083808 
 -0.160705 -0.284981 0.080060 
 -0.178980 -0.287770 0.076312 
 -0.197254 -0.290560 0.072564 
 -0.215529 -0.293349 0.068816 
 -0.233804 -0.296139 0.065068 
 -0.254837 -0.302844 0.073907 
 -0.273137 -0.305638 0.070154 
 -0.291436 -0.308431 0.066401 
 -0.315399 -0.319079 0.087793 
 -0.333748 -0.321880 0.084030 
 -0.357858 -0.332550 0.105390 
 -0.376256 -0.335359 0.101617 
 -0.397584 -0.342109 0.110395 
 -0.416007 -0.344921 0.106617 
 -0.425492 -0.335884 0.065214 
 -0.443841 -0.338685 0.061451 
 0.440878 -0.152205 -0.023304 
 0.426804 -0.147312 -0.052487 
 0.414744 -0.138591 -0.094405 
 0.397011 -0.141298 -0.098042 
 0.381243 -0.140184 -0.114424 
 0.363535 -0.142888 -0.118055 
 0.345826 -0.145591 -0.121687 
 0.328118 -0.148294 -0.125319 
 0.314537 -0.143325 -0.154401 
 0.296877 -0.146021 -0.158023 
 0.279218 -0.148717 -0.161644 
 0.257284 -0.159106 -0.139846 
 0.239575 -0.161809 -0.143477 
 0.221867 -0.164512 -0.147109 
 0.204158 -0.167215 -0.150741 
 0.141730 -0.247155 0.099421 
 0.121268 -0.253799 0.108373 
 0.098472 -0.264320 0.129994 
 0.077887 -0.270983 0.138921 
 0.059588 -0.273776 0.135168 
 0.041288 -0.276569 0.131415 
 0.022989 -0.279363 0.127662 
 0.007098 -0.278268 0.111255 
 -0.013610 -0.284949 0.120156 
 -0.031910 -0.287743 0.116403 
 -0.047727 -0.286636 0.100011 
 -0.066002 -0.289426 0.096263 
 -0.084277 -0.292216 0.092515 
 -0.102552 -0.295005 0.088767 
 -0.120827 -0.297795 0.085020 
 -0.139102 -0.300584 0.081272 
 -0.157377 -0.303374 0.077524 
 -0.175652 -0.306163 0.073776 
 -0.193927 -0.308953 0.070028 
 -0.212202 -0.311742 0.066280 
 -0.230477 -0.314532 0.062532 
 -0.248752 -0.317321 0.058784 
 -0.269804 -0.324055 0.067615 
 -0.288104 -0.326849 0.063862 
 -0.312058 -0.337546 0.085246 
 -0.336110 -0.348259 0.106610 
 -0.354508 -0.351067 0.102837 
 -0.372906 -0.353875 0.099063 
 -0.394230 -0.360651 0.107838 
 -0.412653 -0.363463 0.104060 
 -0.428101 -0.362300 0.087744 
 -0.449498 -0.369087 0.096504 
 -0.467921 -0.371899 0.092726 
 0.444129 -0.170176 -0.025782 
 0.431933 -0.161400 -0.067715 
 0.417973 -0.156439 -0.096866 
 0.400240 -0.159146 -0.100503 
 0.388389 -0.150317 -0.142365 
 0.370730 -0.153012 -0.145987 
 0.353071 -0.155708 -0.149608 
 0.335411 -0.158403 -0.153230 
 0.317752 -0.161099 -0.156852 
 0.300093 -0.163794 -0.160473 
 0.282434 -0.166490 -0.164095 
 0.260508 -0.176929 -0.142303 
 0.247115 -0.171881 -0.171338 
 0.229456 -0.174576 -0.174960 
 0.211797 -0.177272 -0.178581 
 0.145044 -0.265474 0.096895 
 0.124587 -0.272143 0.105843 
 0.101800 -0.282713 0.127458 
 0.083525 -0.285503 0.123710 
 0.065250 -0.288292 0.119962 
 0.044620 -0.294987 0.128875 
 0.026321 -0.297780 0.125123 
 0.010425 -0.296661 0.108719 
 -0.007850 -0.299450 0.104971 
 -0.028578 -0.306160 0.113864 
 -0.044400 -0.305029 0.097475 
 -0.062675 -0.307819 0.093727 
 -0.080950 -0.310608 0.089979 
 -0.094121 -0.305527 0.060990 
 -0.117499 -0.316187 0.082484 
 -0.135774 -0.318977 0.078736 
 -0.154049 -0.321766 0.074988 
 -0.172324 -0.324556 0.071240 
 -0.190599 -0.327346 0.067492 
 -0.208874 -0.330135 0.063744 
 -0.227149 -0.332925 0.059996 
 -0.248173 -0.339680 0.068828 
 -0.266472 -0.342473 0.065075 
 -0.284772 -0.345266 0.061322 
 -0.303071 -0.348060 0.057569 
 -0.327066 -0.358814 0.078937 
 -0.351158 -0.369584 0.100283 
 -0.369556 -0.372392 0.096510 
 -0.390875 -0.379193 0.105282 
 -0.409298 -0.382005 0.101504 
 -0.427721 -0.384817 0.097725 
 -0.446144 -0.387629 0.093947 
 -0.464566 -0.390441 0.090169 
 0.451096 -0.180438 -0.053777 
 0.435171 -0.179297 -0.070182 
 0.421202 -0.174286 -0.099327 
 0.405401 -0.173127 -0.115707 
 0.391604 -0.168090 -0.144816 
 0.373945 -0.170785 -0.148437 
 0.356286 -0.173481 -0.152059 
 0.338627 -0.176176 -0.155681 
 0.323022 -0.174987 -0.172020 
 0.305388 -0.177679 -0.175637 
 0.287753 -0.180370 -0.179253 
 0.267990 -0.186959 -0.170167 
 0.252484 -0.185754 -0.186487 
 0.241383 -0.176734 -0.228181 
 0.223822 -0.179414 -0.231783 
 0.206261 -0.182095 -0.235384 
 0.127906 -0.290486 0.103314 
 0.105128 -0.301106 0.124922 
 0.086853 -0.303895 0.121174 
 0.068578 -0.306685 0.117426 
 0.047953 -0.313405 0.126336 
 0.029653 -0.316198 0.122583 
 0.013753 -0.315054 0.106183 
 -0.004522 -0.317843 0.102435 
 -0.025246 -0.324578 0.111324 
 -0.041072 -0.323422 0.094939 
 -0.059347 -0.326212 0.091191 
 -0.077622 -0.329001 0.087443 
 -0.090802 -0.323870 0.058461 
 -0.114172 -0.334580 0.079947 
 -0.132447 -0.337370 0.076200 
 -0.145479 -0.332216 0.047247 
 -0.163705 -0.334998 0.043509 
 -0.181931 -0.337780 0.039772 
 -0.200156 -0.340562 0.036034 
 -0.223821 -0.351318 0.057460 
 -0.242096 -0.354107 0.053712 
 -0.260371 -0.356897 0.049964 
 -0.278646 -0.359686 0.046216 
 -0.296921 -0.362476 0.042468 
 -0.318039 -0.369271 0.051277 
 -0.347808 -0.388101 0.097730 
 -0.366206 -0.390909 0.093957 
 -0.387521 -0.397734 0.102725 
 -0.411826 -0.408587 0.124020 
 -0.430298 -0.411407 0.120232 
 -0.448770 -0.414226 0.116444 
 -0.461212 -0.408982 0.087612 
 0.454338 -0.198360 -0.056248 
 0.442164 -0.189427 -0.098151 
 0.426334 -0.188246 -0.114533 
 0.408625 -0.190950 -0.118164 
 0.394820 -0.185863 -0.147266 
 0.377161 -0.188558 -0.150888 
 0.359502 -0.191254 -0.154510 
 0.341842 -0.193949 -0.158131 
 0.326233 -0.192735 -0.174468 
 0.312748 -0.187600 -0.203503 
 0.295163 -0.190284 -0.207110 
 0.277577 -0.192968 -0.210716 
 0.259992 -0.195652 -0.214323 
 0.244580 -0.194408 -0.230618 
 0.231415 -0.189223 -0.259589 
 0.213904 -0.191896 -0.263180 
 0.126730 -0.316709 0.126134 
 0.108455 -0.319499 0.122386 
 0.090180 -0.322288 0.118638 
 0.071905 -0.325078 0.114890 
 0.053630 -0.327867 0.111142 
 0.032985 -0.334616 0.120044 
 0.017080 -0.333446 0.103647 
 -0.001194 -0.336236 0.099899 
 -0.021914 -0.342995 0.108785 
 -0.037744 -0.341815 0.092403 
 -0.056019 -0.344605 0.088655 
 -0.074294 -0.347394 0.084907 
 -0.092569 -0.350184 0.081159 
 -0.110844 -0.352973 0.077411 
 -0.129119 -0.355763 0.073664 
 -0.142161 -0.350559 0.044718 
 -0.157745 -0.349341 0.028387 
 -0.175946 -0.352119 0.024654 
 -0.194147 -0.354898 0.020921 
 -0.212348 -0.357676 0.017189 
 -0.230549 -0.360454 0.013456 
 -0.251515 -0.367252 0.022291 
 -0.269741 -0.370034 0.018553 
 -0.287966 -0.372816 0.014816 
 -0.311869 -0.383658 0.036185 
 -0.338732 -0.398550 0.070081 
 -0.357081 -0.401350 0.066318 
 -0.381254 -0.412234 0.087631 
 -0.408463 -0.427178 0.121457 
 -0.421012 -0.421900 0.092612 
 -0.439434 -0.424712 0.088834 
 0.484198 -0.230331 0.012394 
 0.469916 -0.225266 -0.016797 
 0.453883 -0.224091 -0.033216 
 0.439774 -0.219000 -0.062371 
 0.427660 -0.209981 -0.104248 
 0.411850 -0.208772 -0.120622 
 0.398035 -0.203636 -0.149717 
 0.380376 -0.206331 -0.153339 
 0.364713 -0.205100 -0.169682 
 0.347079 -0.207792 -0.173298 
 0.333535 -0.202614 -0.202337 
 0.315950 -0.205298 -0.205944 
 0.298365 -0.207983 -0.209550 
 0.280780 -0.210667 -0.213156 
 0.263194 -0.213351 -0.216763 
 0.247778 -0.212082 -0.233055 
 0.230217 -0.214762 -0.236657 
 0.212656 -0.217443 -0.240258 
 0.195096 -0.220123 -0.243860 
 0.111783 -0.337892 0.119850 
 0.093508 -0.340681 0.116102 
 0.075233 -0.343471 0.112354 
 0.054617 -0.350240 0.121257 
 0.036317 -0.353033 0.117504 
 0.020408 -0.351839 0.101111 
 0.002133 -0.354629 0.097363 
 0.037532 -0.269531 -0.184257 
 0.019799 -0.272238 -0.187894 
 -0.052692 -0.362997 0.086119 
 -0.070967 -0.365787 0.082371 
 -0.084165 -0.360557 0.053402 
 -0.102391 -0.363339 0.049664 
 -0.125791 -0.374156 0.071127 
 -0.136230 -0.364881 0.029594 
 -0.146521 -0.355585 -0.011909 
 -0.167309 -0.362381 -0.003042 
 -0.182775 -0.361119 -0.019344 
 -0.200902 -0.363886 -0.023062 
 -0.219030 -0.366653 -0.026779 
 -0.239917 -0.373464 -0.017932 
 -0.263637 -0.384329 0.003465 
 -0.276220 -0.379005 -0.025377 
 -0.300039 -0.389886 -0.004001 
 -0.321099 -0.396723 0.004811 
 -0.345091 -0.407630 0.026153 
 -0.377904 -0.430751 0.085078 
 -0.405099 -0.445769 0.118893 
 -0.414700 -0.436368 0.077531 
 -0.436080 -0.443254 0.086278 
 -0.454503 -0.446066 0.082499 
 0.487463 -0.248377 0.009906 
 0.474991 -0.239337 -0.032032 
 0.460823 -0.234203 -0.061190 
 0.439278 -0.244788 -0.039356 
 0.430889 -0.227829 -0.106709 
 0.415074 -0.226595 -0.123079 
 0.401251 -0.221409 -0.152168 
 0.385559 -0.220156 -0.168512 
 0.367924 -0.222848 -0.172129 
 0.354323 -0.217629 -0.201171 
 0.336738 -0.220313 -0.204777 
 0.321218 -0.219034 -0.221087 
 0.303657 -0.221714 -0.224688 
 0.286097 -0.224395 -0.228289 
 0.266396 -0.231050 -0.219203 
 0.248811 -0.233734 -0.222810 
 0.231226 -0.236418 -0.226416 
 0.215854 -0.235117 -0.242695 
 0.198293 -0.237797 -0.246297 
 0.180732 -0.240478 -0.249898 
 0.094548 -0.363071 0.126223 
 0.076248 -0.365864 0.122471 
 0.128050 -0.248520 -0.260702 
 0.110490 -0.251200 -0.264304 
 0.092929 -0.253881 -0.267905 
 0.060905 -0.280656 -0.195714 
 0.040761 -0.287379 -0.186718 
 0.023028 -0.290086 -0.190355 
 0.005295 -0.292793 -0.193992 
 -0.012438 -0.295499 -0.197629 
 -0.035239 -0.306276 -0.176051 
 -0.060696 -0.321105 -0.141893 
 -0.078553 -0.323831 -0.145555 
 -0.114662 -0.354878 -0.061074 
 -0.132691 -0.357630 -0.064772 
 -0.156033 -0.368489 -0.043306 
 -0.168748 -0.363134 -0.072166 
 -0.192189 -0.374008 -0.050721 
 -0.210267 -0.376768 -0.054428 
 -0.228345 -0.379527 -0.058136 
 -0.251983 -0.390431 -0.036730 
 -0.270110 -0.393198 -0.040448 
 -0.288237 -0.395965 -0.044165 
 -0.309219 -0.402816 -0.035342 
 -0.324492 -0.401499 -0.051600 
 -0.368748 -0.441086 0.057463 
 -0.392952 -0.452076 0.078751 
 -0.411350 -0.454884 0.074978 
 -0.429748 -0.457693 0.071205 
 -0.448146 -0.460501 0.067432 
 0.478242 -0.257308 -0.034510 
 0.471424 -0.236308 -0.114641 
 0.453716 -0.239012 -0.118273 
 0.436007 -0.241715 -0.121905 
 0.418299 -0.244418 -0.125537 
 0.404467 -0.239182 -0.154618 
 0.388770 -0.237905 -0.170959 
 0.371136 -0.240597 -0.174576 
 0.357525 -0.235327 -0.203611 
 0.339940 -0.238012 -0.207218 
 0.324416 -0.236708 -0.223524 
 0.306855 -0.239388 -0.227125 
 0.289294 -0.242069 -0.230726 
 0.269598 -0.248749 -0.221644 
 0.252013 -0.251433 -0.225250 
 0.234428 -0.254117 -0.228857 
 0.216842 -0.256801 -0.232463 
 0.201491 -0.255471 -0.248733 
 0.183930 -0.258152 -0.252335 
 0.166369 -0.260832 -0.255936 
 0.148809 -0.263513 -0.259538 
 0.131248 -0.266193 -0.263139 
 0.113687 -0.268874 -0.266741 
 0.096127 -0.271554 -0.270342 
 0.064129 -0.298479 -0.198171 
 0.046421 -0.301182 -0.201803 
 0.028712 -0.303885 -0.205434 
 0.011004 -0.306588 -0.209066 
 -0.009209 -0.313347 -0.200089 
 -0.032001 -0.324173 -0.178519 
 -0.057445 -0.339077 -0.144371 
 -0.077880 -0.345869 -0.135440 
 -0.095761 -0.348599 -0.139107 
 -0.118897 -0.359477 -0.117607 
 -0.136827 -0.362214 -0.121284 
 -0.157434 -0.369033 -0.112388 
 -0.180792 -0.379945 -0.090934 
 -0.198796 -0.382693 -0.094627 
 -0.225053 -0.397722 -0.060644 
 -0.243131 -0.400481 -0.064352 
 -0.255609 -0.395039 -0.093155 
 -0.279287 -0.406000 -0.071767 
 -0.297365 -0.408759 -0.075474 
 -0.315443 -0.411519 -0.079182 
 -0.333521 -0.414278 -0.082889 
 -0.360369 -0.429397 -0.049029 
 -0.378521 -0.432167 -0.052751 
 -0.396672 -0.434938 -0.056474 
 -0.444796 -0.479018 0.064879 
 0.467308 -0.270047 -0.066133 
 0.432763 -0.308610 0.044844 
 0.431694 -0.275483 -0.073437 
 0.425341 -0.254260 -0.153447 
 0.407682 -0.256955 -0.157069 
 0.395898 -0.247658 -0.198839 
 0.378312 -0.250342 -0.202445 
 0.360727 -0.253026 -0.206052 
 0.343142 -0.255710 -0.209658 
 0.327613 -0.254382 -0.225961 
 0.310052 -0.257062 -0.229562 
 0.292492 -0.259743 -0.233163 
 0.274931 -0.262423 -0.236765 
 0.255215 -0.269132 -0.227690 
 0.237630 -0.271816 -0.231297 
 0.220044 -0.274500 -0.234903 
 0.204688 -0.273145 -0.251170 
 0.187128 -0.275826 -0.254772 
 0.169567 -0.278507 -0.258373 
 0.152006 -0.281187 -0.261975 
 0.134446 -0.283868 -0.265576 
 0.116885 -0.286548 -0.269178 
 0.089816 -0.305475 -0.222258 
 0.072157 -0.308171 -0.225880 
 0.054498 -0.310866 -0.229501 
 0.031937 -0.321708 -0.207892 
 0.014228 -0.324411 -0.211524 
 -0.003480 -0.327114 -0.215155 
 -0.023713 -0.333901 -0.206187 
 -0.046545 -0.344784 -0.184633 
 -0.066902 -0.351590 -0.175690 
 -0.089906 -0.362499 -0.154173 
 -0.110386 -0.369324 -0.145255 
 -0.128266 -0.372054 -0.148922 
 -0.151492 -0.382997 -0.127449 
 -0.169423 -0.385734 -0.131127 
 -0.190075 -0.392585 -0.122244 
 -0.213522 -0.403562 -0.100817 
 -0.231526 -0.406310 -0.104510 
 -0.249530 -0.409058 -0.108202 
 -0.275995 -0.424195 -0.074276 
 -0.294073 -0.426954 -0.077983 
 -0.312151 -0.429713 -0.081691 
 -0.336017 -0.440754 -0.060349 
 -0.357063 -0.447666 -0.051548 
 -0.375215 -0.450436 -0.055270 
 -0.399303 -0.461511 -0.033975 
 -0.417504 -0.464289 -0.037708 
 0.490163 -0.281251 -0.077695 
 0.477873 -0.271954 -0.119556 
 0.428624 -0.342785 0.093274 
 0.410497 -0.345552 0.089557 
 0.436175 -0.255973 -0.206789 
 0.418614 -0.258653 -0.210390 
 0.401054 -0.261334 -0.213992 
 0.377558 -0.276093 -0.179470 
 0.363929 -0.270725 -0.208492 
 0.346344 -0.273409 -0.212098 
 0.330811 -0.272056 -0.228397 
 0.313250 -0.274736 -0.231999 
 0.295689 -0.277417 -0.235600 
 0.276002 -0.284146 -0.226524 
 0.258417 -0.286831 -0.230131 
 0.240832 -0.289515 -0.233737 
 0.225447 -0.288139 -0.250006 
 0.207886 -0.290819 -0.253607 
 0.190325 -0.293500 -0.257209 
 0.177313 -0.288037 -0.286105 
 0.159801 -0.290710 -0.289696 
 0.142290 -0.293383 -0.293288 
 0.124778 -0.296056 -0.296879 
 0.095404 -0.319162 -0.237335 
 0.077770 -0.321854 -0.240952 
 0.057713 -0.328639 -0.231952 
 0.040054 -0.331335 -0.235573 
 0.022395 -0.334030 -0.239195 
 0.004736 -0.336726 -0.242817 
 -0.017964 -0.347640 -0.221245 
 -0.038218 -0.354456 -0.212285 
 -0.055951 -0.357162 -0.215922 
 -0.078872 -0.368110 -0.194395 
 -0.096655 -0.370824 -0.198042 
 -0.122367 -0.385922 -0.163975 
 -0.142891 -0.392779 -0.155071 
 -0.166158 -0.403779 -0.133615 
 -0.184088 -0.406516 -0.137292 
 -0.204760 -0.413396 -0.128418 
 -0.228248 -0.424430 -0.107008 
 -0.246252 -0.427178 -0.110701 
 -0.267072 -0.434081 -0.101856 
 -0.285100 -0.436833 -0.105554 
 -0.303129 -0.439585 -0.109251 
 -0.326937 -0.450667 -0.087907 
 -0.350844 -0.461765 -0.066582 
 -0.368971 -0.464532 -0.070300 
 -0.395989 -0.479829 -0.036501 
 -0.414190 -0.482608 -0.040233 
 -0.432391 -0.485386 -0.043966 
 0.493401 -0.299148 -0.080163 
 0.481097 -0.289777 -0.122014 
 0.430074 -0.365062 0.103488 
 0.411922 -0.367832 0.099765 
 0.389970 -0.378683 0.121481 
 0.371769 -0.381461 0.117749 
 0.353568 -0.384239 0.114016 
 0.386690 -0.281688 -0.220030 
 0.369130 -0.284369 -0.223632 
 0.351569 -0.287049 -0.227233 
 0.334008 -0.289730 -0.230834 
 0.316448 -0.292410 -0.234436 
 0.298887 -0.295091 -0.238037 
 0.281326 -0.297771 -0.241639 
 0.263766 -0.300452 -0.245240 
 0.244034 -0.307214 -0.236178 
 0.228644 -0.305813 -0.252443 
 0.211083 -0.308493 -0.256044 
 0.193523 -0.311174 -0.259646 
 0.180501 -0.305662 -0.288535 
 0.162990 -0.308335 -0.292126 
 0.145478 -0.311008 -0.295718 
 0.127967 -0.313681 -0.299309 
 0.098615 -0.336910 -0.239783 
 0.078588 -0.343717 -0.230781 
 0.060929 -0.346413 -0.234402 
 0.043270 -0.349108 -0.238024 
 0.025610 -0.351804 -0.241646 
 0.007951 -0.354499 -0.245267 
 -0.009708 -0.357195 -0.248889 
 -0.032448 -0.368165 -0.227334 
 -0.050157 -0.370869 -0.230965 
 -0.067865 -0.373572 -0.234597 
 -0.096031 -0.392870 -0.187937 
 -0.113838 -0.395588 -0.191588 
 -0.136972 -0.406619 -0.170115 
 -0.157516 -0.413505 -0.161219 
 -0.175397 -0.416234 -0.164886 
 -0.198753 -0.427299 -0.143457 
 -0.219445 -0.434207 -0.134592 
 -0.237400 -0.436948 -0.138274 
 -0.260978 -0.448047 -0.116891 
 -0.278982 -0.450795 -0.120584 
 -0.299846 -0.457730 -0.111753 
 -0.323645 -0.468862 -0.090416 
 -0.341723 -0.471621 -0.094123 
 -0.359801 -0.474381 -0.097831 
 -0.377879 -0.477140 -0.101538 
 -0.413860 -0.505131 -0.030262 
 -0.432085 -0.507913 -0.034000 
 0.484322 -0.307599 -0.124471 
 0.427840 -0.395502 0.139147 
 0.411486 -0.394223 0.122688 
 0.393285 -0.397001 0.118956 
 0.375084 -0.399780 0.115223 
 0.356883 -0.402558 0.111490 
 0.338681 -0.405336 0.107757 
 0.320480 -0.408114 0.104025 
 0.354767 -0.304723 -0.229670 
 0.337206 -0.307404 -0.233271 
 0.319645 -0.310084 -0.236873 
 0.299992 -0.316860 -0.227799 
 0.282407 -0.319544 -0.231405 
 0.266963 -0.318126 -0.247677 
 0.249402 -0.320806 -0.251278 
 0.231842 -0.323487 -0.254880 
 0.214281 -0.326167 -0.258481 
 0.201201 -0.320613 -0.287374 
 0.185955 -0.319165 -0.303605 
 0.173047 -0.313585 -0.332463 
 0.150981 -0.324504 -0.310778 
 0.133494 -0.327173 -0.314364 
 0.106553 -0.346387 -0.267470 
 0.084192 -0.357350 -0.245846 
 0.066557 -0.360042 -0.249463 
 0.048923 -0.362734 -0.253080 
 0.028826 -0.369577 -0.244096 
 0.011167 -0.372272 -0.247718 
 -0.006492 -0.374968 -0.251340 
 -0.029224 -0.385988 -0.229791 
 -0.046932 -0.388691 -0.233423 
 -0.064641 -0.391394 -0.237055 
 -0.082349 -0.394097 -0.240686 
 -0.107961 -0.409333 -0.206624 
 -0.125743 -0.412047 -0.210271 
 -0.151577 -0.427316 -0.176255 
 -0.169433 -0.430042 -0.179917 
 -0.190022 -0.436960 -0.171035 
 -0.213418 -0.448082 -0.149623 
 -0.239695 -0.463419 -0.115697 
 -0.257699 -0.466167 -0.119390 
 -0.275703 -0.468915 -0.123082 
 -0.296564 -0.475875 -0.114255 
 -0.314592 -0.478626 -0.117952 
 -0.338432 -0.489816 -0.096632 
 -0.356510 -0.492575 -0.100339 
 -0.374587 -0.495335 -0.104047 
 -0.392665 -0.498094 -0.107754 
 -0.410743 -0.500854 -0.111462 
 0.443933 -0.423298 0.178540 
 0.427475 -0.422009 0.162064 
 0.412933 -0.416627 0.132880 
 0.394708 -0.419409 0.129142 
 0.376482 -0.422191 0.125405 
 0.360197 -0.420876 0.108964 
 0.341996 -0.423655 0.105232 
 0.323795 -0.426433 0.101499 
 0.355950 -0.326506 -0.219420 
 0.338365 -0.329190 -0.223026 
 0.320779 -0.331874 -0.226632 
 0.303194 -0.334558 -0.230239 
 0.285609 -0.337243 -0.233845 
 0.270161 -0.335800 -0.250114 
 0.252600 -0.338480 -0.253715 
 0.235039 -0.341161 -0.257317 
 0.221901 -0.335565 -0.286213 
 0.206626 -0.334096 -0.302446 
 0.193660 -0.328473 -0.331306 
 0.176223 -0.331135 -0.334883 
 0.158785 -0.333797 -0.338459 
 0.141348 -0.336458 -0.342035 
 0.112115 -0.359924 -0.282527 
 0.092170 -0.366770 -0.273517 
 0.069768 -0.377790 -0.251910 
 0.052134 -0.380482 -0.255527 
 0.032042 -0.387350 -0.246547 
 0.014382 -0.390045 -0.250168 
 -0.003277 -0.392741 -0.253790 
 -0.025999 -0.403811 -0.232249 
 -0.043708 -0.406514 -0.235880 
 -0.061416 -0.409217 -0.239512 
 -0.081730 -0.416119 -0.230578 
 -0.099463 -0.418825 -0.234214 
 -0.122505 -0.429944 -0.212739 
 -0.142967 -0.436868 -0.203835 
 -0.166182 -0.448013 -0.182395 
 -0.184038 -0.450739 -0.186057 
 -0.210154 -0.466128 -0.152111 
 -0.230861 -0.473089 -0.143257 
 -0.254421 -0.484287 -0.121888 
 -0.272425 -0.487035 -0.125581 
 -0.293281 -0.494020 -0.116757 
 -0.311309 -0.496771 -0.120454 
 -0.335140 -0.508011 -0.099140 
 -0.347367 -0.502275 -0.127849 
 -0.371296 -0.513529 -0.106555 
 -0.389374 -0.516289 -0.110263 
 -0.407451 -0.519048 -0.113970 
 0.447265 -0.441715 0.176000 
 0.430803 -0.440402 0.159528 
 0.412528 -0.443191 0.155780 
 0.398026 -0.437752 0.126613 
 0.379801 -0.440534 0.122875 
 0.361575 -0.443316 0.119138 
 0.345310 -0.441973 0.102706 
 0.321153 -0.457139 0.137041 
 0.302878 -0.459929 0.133293 
 0.337498 -0.355162 -0.200109 
 0.323981 -0.349573 -0.229073 
 0.306396 -0.352257 -0.232679 
 0.288811 -0.354941 -0.236286 
 0.273358 -0.353474 -0.252551 
 0.255798 -0.356154 -0.256152 
 0.238237 -0.358835 -0.259754 
 0.225090 -0.353189 -0.288643 
 0.209810 -0.351695 -0.304873 
 0.196835 -0.346023 -0.333726 
 0.181678 -0.344511 -0.349931 
 0.161960 -0.351347 -0.340879 
 0.144523 -0.354008 -0.344455 
 0.115312 -0.377599 -0.284964 
 0.090614 -0.392847 -0.250741 
 0.072979 -0.395539 -0.254357 
 0.055345 -0.398231 -0.257974 
 0.035257 -0.405123 -0.248998 
 0.017598 -0.407819 -0.252619 
 -0.000061 -0.410514 -0.256241 
 -0.022775 -0.421634 -0.234706 
 -0.040483 -0.424337 -0.238338 
 -0.058192 -0.427040 -0.241970 
 -0.075900 -0.429743 -0.245601 
 -0.096234 -0.436673 -0.236675 
 -0.119267 -0.447841 -0.215206 
 -0.139725 -0.454790 -0.206306 
 -0.162930 -0.465985 -0.184873 
 -0.180786 -0.468710 -0.188535 
 -0.206889 -0.484174 -0.154599 
 -0.227592 -0.491160 -0.145749 
 -0.251143 -0.502407 -0.124387 
 -0.269147 -0.505155 -0.128079 
 -0.289998 -0.512165 -0.119259 
 -0.308027 -0.514917 -0.122956 
 -0.331848 -0.526205 -0.101649 
 -0.349926 -0.528964 -0.105357 
 -0.368004 -0.531724 -0.109064 
 -0.386082 -0.534483 -0.112772 
 -0.404160 -0.537243 -0.116479 
 -0.422238 -0.540002 -0.120187 
 0.450597 -0.460133 0.173461 
 0.432298 -0.462926 0.169708 
 0.415856 -0.461584 0.153244 
 0.397581 -0.464374 0.149496 
 0.383119 -0.458878 0.120346 
 0.361031 -0.469953 0.142000 
 0.346668 -0.464442 0.112871 
 0.324481 -0.475532 0.134505 
 0.306206 -0.478321 0.130757 
 0.340709 -0.372910 -0.202556 
 0.327183 -0.367272 -0.231513 
 0.309598 -0.369956 -0.235120 
 0.292013 -0.372640 -0.238726 
 0.274427 -0.375324 -0.242333 
 0.256842 -0.378009 -0.245939 
 0.241435 -0.376509 -0.262191 
 0.228279 -0.370814 -0.291073 
 0.212994 -0.369295 -0.307299 
 0.200011 -0.363573 -0.336146 
 0.182573 -0.366235 -0.339722 
 0.165135 -0.368897 -0.343298 
 0.147698 -0.371558 -0.346875 
 0.118510 -0.395272 -0.287401 
 0.093825 -0.410595 -0.253188 
 0.076190 -0.413287 -0.256805 
 0.058556 -0.415979 -0.260421 
 0.038473 -0.422896 -0.251448 
 0.020813 -0.425592 -0.255070 
 0.003154 -0.428287 -0.258691 
 -0.014505 -0.430983 -0.262313 
 -0.032164 -0.433678 -0.265935 
 -0.054967 -0.444863 -0.244427 
 -0.072676 -0.447566 -0.248059 
 -0.090384 -0.450269 -0.251690 
 -0.110738 -0.457227 -0.242773 
 -0.136482 -0.472712 -0.208777 
 -0.154289 -0.475430 -0.212429 
 -0.177535 -0.486682 -0.191013 
 -0.203624 -0.502219 -0.157087 
 -0.224323 -0.509231 -0.148241 
 -0.242278 -0.511971 -0.151923 
 -0.265868 -0.523276 -0.130577 
 -0.286715 -0.530309 -0.121760 
 -0.310478 -0.541640 -0.100450 
 -0.328556 -0.544400 -0.104158 
 -0.346634 -0.547159 -0.107865 
 -0.364712 -0.549919 -0.111573 
 -0.382790 -0.552678 -0.115280 
 -0.400868 -0.555437 -0.118988 
 -0.418946 -0.558197 -0.122695 
 0.453929 -0.478550 0.170921 
 0.435630 -0.481344 0.167168 
 0.419183 -0.479977 0.150708 
 0.400908 -0.482767 0.146960 
 0.382633 -0.485556 0.143212 
 0.364358 -0.488346 0.139464 
 0.346084 -0.491135 0.135716 
 0.325832 -0.498104 0.144651 
 0.307533 -0.500897 0.140898 
 0.330386 -0.384970 -0.233954 
 0.312800 -0.387655 -0.237560 
 0.295215 -0.390339 -0.241166 
 0.277630 -0.393023 -0.244773 
 0.260044 -0.395707 -0.248379 
 0.244632 -0.394183 -0.264628 
 0.231467 -0.388438 -0.293503 
 0.213956 -0.391111 -0.297094 
 0.203186 -0.381123 -0.338566 
 0.185748 -0.383785 -0.342142 
 0.168311 -0.386447 -0.345718 
 0.146231 -0.397572 -0.324071 
 0.121707 -0.412947 -0.289838 
 0.097036 -0.428344 -0.255635 
 0.079401 -0.431036 -0.259252 
 0.061767 -0.433727 -0.262868 
 0.041688 -0.440669 -0.253899 
 0.024029 -0.443365 -0.257520 
 0.006370 -0.446060 -0.261142 
 -0.011290 -0.448756 -0.264764 
 -0.028949 -0.451452 -0.268385 
 -0.051743 -0.462685 -0.246884 
 -0.069451 -0.465388 -0.250516 
 -0.089776 -0.472368 -0.241597 
 -0.112792 -0.483636 -0.220142 
 -0.133240 -0.490634 -0.211248 
 -0.151047 -0.493352 -0.214900 
 -0.174284 -0.504653 -0.193491 
 -0.194880 -0.511674 -0.184627 
 -0.218289 -0.523002 -0.163253 
 -0.239008 -0.530042 -0.154414 
 -0.262590 -0.541396 -0.133076 
 -0.283432 -0.548454 -0.124262 
 -0.307187 -0.559835 -0.102959 
 -0.325265 -0.562594 -0.106667 
 -0.343342 -0.565354 -0.110374 
 -0.361420 -0.568113 -0.114082 
 -0.379498 -0.570872 -0.117789 
 -0.397576 -0.573632 -0.121497 
 -0.415654 -0.576391 -0.125204 
 0.435314 -0.508124 0.190047 
 0.420662 -0.502555 0.160876 
 0.402363 -0.505348 0.157123 
 0.384063 -0.508141 0.153370 
 0.365764 -0.510935 0.149617 
 0.347464 -0.513728 0.145864 
 0.325221 -0.524929 0.167469 
 0.306872 -0.527729 0.163706 
 0.284482 -0.538952 0.185280 
 0.266083 -0.541761 0.181507 
 0.316002 -0.405353 -0.240000 
 0.298417 -0.408038 -0.243607 
 0.280832 -0.410722 -0.247213 
 0.263246 -0.413406 -0.250820 
 0.245661 -0.416091 -0.254426 
 0.230269 -0.414537 -0.270666 
 0.217144 -0.408735 -0.299524 
 0.201875 -0.407163 -0.315739 
 0.184389 -0.409833 -0.319325 
 0.166902 -0.412502 -0.322911 
 0.149415 -0.415171 -0.326498 
 0.124905 -0.430620 -0.292274 
 0.100247 -0.446092 -0.258082 
 0.082612 -0.448784 -0.261699 
 0.062563 -0.455747 -0.252728 
 0.044904 -0.458443 -0.256349 
 0.027244 -0.461138 -0.259971 
 0.009585 -0.463834 -0.263593 
 -0.008074 -0.466529 -0.267214 
 -0.025733 -0.469225 -0.270836 
 -0.048518 -0.480508 -0.249342 
 -0.066227 -0.483211 -0.252974 
 -0.086547 -0.490216 -0.244058 
 -0.109554 -0.501533 -0.222609 
 -0.129997 -0.508556 -0.213719 
 -0.147804 -0.511274 -0.217371 
 -0.173743 -0.526941 -0.183442 
 -0.191624 -0.529671 -0.187109 
 -0.217784 -0.545372 -0.153224 
 -0.241308 -0.556768 -0.131882 
 -0.259312 -0.559516 -0.135574 
 -0.280150 -0.566599 -0.126764 
 -0.303895 -0.578029 -0.105468 
 -0.321973 -0.580789 -0.109175 
 -0.340051 -0.583548 -0.112883 
 -0.358129 -0.586307 -0.116590 
 -0.376207 -0.589067 -0.120298 
 -0.394284 -0.591826 -0.124005 
 0.438655 -0.526591 0.187501 
 0.414774 -0.542020 0.221840 
 0.398220 -0.540619 0.205366 
 0.379822 -0.543427 0.201593 
 0.365260 -0.537794 0.172449 
 0.346911 -0.540595 0.168686 
 0.328562 -0.543396 0.164923 
 0.310213 -0.546196 0.161160 
 0.291865 -0.548997 0.157397 
 0.273516 -0.551798 0.153634 
 0.301619 -0.425737 -0.246047 
 0.284034 -0.428421 -0.249654 
 0.262169 -0.439614 -0.227980 
 0.248863 -0.433789 -0.256867 
 0.231278 -0.436474 -0.260473 
 0.215906 -0.434892 -0.276704 
 0.202822 -0.429033 -0.305546 
 0.185310 -0.431706 -0.309137 
 0.167799 -0.434379 -0.312728 
 0.145663 -0.445614 -0.291110 
 0.125766 -0.452579 -0.282112 
 0.108180 -0.455264 -0.285718 
 0.085823 -0.466532 -0.264146 
 0.068189 -0.469224 -0.267763 
 0.050554 -0.471916 -0.271379 
 0.030460 -0.478911 -0.262422 
 0.007832 -0.490221 -0.240904 
 -0.009877 -0.492925 -0.244536 
 -0.027585 -0.495628 -0.248168 
 -0.045294 -0.498331 -0.251799 
 -0.063002 -0.501034 -0.255431 
 -0.083318 -0.508063 -0.246519 
 -0.106316 -0.519430 -0.225077 
 -0.126755 -0.526478 -0.216190 
 -0.144562 -0.529196 -0.219842 
 -0.167781 -0.540596 -0.198447 
 -0.193829 -0.556357 -0.164552 
 -0.214515 -0.563442 -0.155715 
 -0.238029 -0.574888 -0.134381 
 -0.258838 -0.581992 -0.125569 
 -0.282525 -0.593464 -0.104269 
 -0.300603 -0.596224 -0.107977 
 -0.324438 -0.607718 -0.086707 
 -0.336759 -0.601743 -0.115392 
 -0.360692 -0.613252 -0.094142 
 -0.378820 -0.616019 -0.097859 
 -0.396947 -0.618786 -0.101577 
 0.418129 -0.560562 0.219283 
 0.399706 -0.563374 0.215505 
 0.381283 -0.566186 0.211727 
 0.364774 -0.564753 0.195267 
 0.346376 -0.567561 0.191493 
 0.327978 -0.570369 0.187720 
 0.309580 -0.573178 0.183947 
 0.291182 -0.575986 0.180174 
 0.272784 -0.578794 0.176401 
 0.254386 -0.581603 0.172628 
 0.283015 -0.454671 -0.226811 
 0.265380 -0.457363 -0.230428 
 0.247746 -0.460055 -0.234044 
 0.230111 -0.462746 -0.237661 
 0.212477 -0.465438 -0.241277 
 0.199309 -0.459541 -0.270126 
 0.183982 -0.457927 -0.286344 
 0.166421 -0.460607 -0.289946 
 0.148861 -0.463288 -0.293547 
 0.131300 -0.465968 -0.297148 
 0.106669 -0.481589 -0.262977 
 0.089034 -0.484281 -0.266593 
 0.071400 -0.486972 -0.270210 
 0.053765 -0.489664 -0.273826 
 0.033675 -0.496684 -0.264872 
 0.016016 -0.499380 -0.268494 
 -0.001643 -0.502075 -0.272115 
 -0.019302 -0.504771 -0.275737 
 -0.036961 -0.507467 -0.279359 
 -0.059778 -0.518857 -0.257888 
 -0.080089 -0.525910 -0.248980 
 -0.105705 -0.541681 -0.215009 
 -0.123512 -0.544400 -0.218661 
 -0.146673 -0.555842 -0.197263 
 -0.164529 -0.558568 -0.200925 
 -0.190564 -0.574403 -0.167040 
 -0.216747 -0.590260 -0.133187 
 -0.234751 -0.593008 -0.136879 
 -0.261156 -0.608899 -0.103070 
 -0.284883 -0.620429 -0.081787 
 -0.305860 -0.627584 -0.073015 
 -0.324011 -0.630355 -0.076737 
 -0.342163 -0.633125 -0.080460 
 -0.360315 -0.635896 -0.084183 
 -0.378467 -0.638667 -0.087905 
 -0.396618 -0.641438 -0.091628 
 0.403061 -0.581916 0.212948 
 0.384638 -0.584728 0.209170 
 0.366215 -0.587540 0.205392 
 0.349726 -0.586078 0.188940 
 0.331328 -0.588886 0.185167 
 0.312930 -0.591694 0.181394 
 0.298547 -0.585932 0.152304 
 0.276134 -0.597311 0.173848 
 0.261849 -0.591533 0.144778 
 0.243500 -0.594334 0.141015 
 0.218833 -0.610037 0.175166 
 0.268591 -0.475111 -0.232875 
 0.250957 -0.477803 -0.236491 
 0.233322 -0.480495 -0.240108 
 0.213483 -0.487502 -0.231107 
 0.198053 -0.485878 -0.247341 
 0.180418 -0.488570 -0.250958 
 0.162784 -0.491262 -0.254574 
 0.145149 -0.493954 -0.258191 
 0.125187 -0.500980 -0.249215 
 0.107528 -0.503675 -0.252836 
 0.092245 -0.502029 -0.269041 
 0.074611 -0.504721 -0.272657 
 0.054550 -0.511762 -0.263701 
 0.036891 -0.514458 -0.267323 
 0.019232 -0.517153 -0.270944 
 0.001573 -0.519849 -0.274566 
 -0.016087 -0.522544 -0.278188 
 -0.033746 -0.525240 -0.281809 
 -0.074571 -0.567283 -0.172550 
 -0.092452 -0.570012 -0.176217 
 -0.110333 -0.572742 -0.179884 
 -0.128213 -0.575471 -0.183551 
 -0.154112 -0.591362 -0.149652 
 -0.172067 -0.594102 -0.153334 
 -0.195465 -0.605632 -0.131993 
 -0.213469 -0.608380 -0.135685 
 -0.239786 -0.624334 -0.101872 
 -0.263455 -0.635906 -0.080585 
 -0.284402 -0.643082 -0.071811 
 -0.308244 -0.654679 -0.050560 
 -0.326445 -0.657458 -0.054293 
 -0.344646 -0.660236 -0.058026 
 -0.362847 -0.663014 -0.061759 
 -0.381048 -0.665792 -0.065491 
 -0.393313 -0.659707 -0.094147 
 0.384233 -0.611852 0.231975 
 0.369570 -0.606081 0.202835 
 0.351147 -0.608893 0.199057 
 0.332724 -0.611706 0.195279 
 0.314302 -0.614518 0.191501 
 0.297882 -0.613019 0.175068 
 0.277456 -0.620142 0.183944 
 0.261086 -0.618636 0.167521 
 0.240611 -0.625766 0.176388 
 0.222188 -0.628578 0.172610 
 0.203765 -0.631390 0.168832 
 0.252017 -0.499884 -0.226314 
 0.234358 -0.502580 -0.229936 
 0.218899 -0.500935 -0.246172 
 0.201264 -0.503627 -0.249788 
 0.183629 -0.506318 -0.253405 
 0.165995 -0.509010 -0.257021 
 0.148360 -0.511702 -0.260638 
 0.037798 -0.688760 0.239321 
 0.019178 -0.691602 0.235503 
 0.000558 -0.694445 0.231684 
 -0.018061 -0.697287 0.227865 
 -0.036681 -0.700129 0.224047 
 -0.055301 -0.702971 0.220228 
 -0.071450 -0.701432 0.203851 
 -0.072576 -0.673571 0.112159 
 -0.078397 -0.654437 0.045635 
 -0.096697 -0.657231 0.041882 
 -0.104718 -0.642437 -0.012026 
 -0.122919 -0.645215 -0.015759 
 -0.120170 -0.612759 -0.119722 
 -0.138174 -0.615507 -0.123414 
 -0.158847 -0.622668 -0.114587 
 -0.182260 -0.634251 -0.093258 
 -0.194904 -0.628172 -0.121982 
 -0.223900 -0.648616 -0.075665 
 -0.244794 -0.655810 -0.066885 
 -0.268528 -0.667441 -0.045621 
 -0.289545 -0.674654 -0.036865 
 -0.307770 -0.677436 -0.040603 
 -0.325996 -0.680218 -0.044341 
 -0.344222 -0.683000 -0.048079 
 -0.362447 -0.685782 -0.051816 
 -0.377734 -0.684111 -0.068017 
 0.387596 -0.630443 0.229411 
 0.372924 -0.624623 0.200279 
 0.354502 -0.627435 0.196501 
 0.336079 -0.630247 0.192722 
 0.317656 -0.633059 0.188944 
 0.299233 -0.635871 0.185166 
 0.280811 -0.638683 0.181388 
 0.262388 -0.641496 0.177610 
 0.243965 -0.644308 0.173831 
 0.225543 -0.647120 0.170053 
 0.207120 -0.649932 0.166275 
 0.188697 -0.652744 0.162497 
 0.165932 -0.664279 0.183952 
 0.219914 -0.523048 -0.236008 
 0.202255 -0.525744 -0.239629 
 0.184596 -0.528440 -0.243251 
 0.166936 -0.531135 -0.246873 
 0.149277 -0.533831 -0.250494 
 0.043507 -0.703116 0.224151 
 0.024912 -0.705955 0.220338 
 0.003949 -0.713184 0.229100 
 -0.014671 -0.716027 0.225281 
 -0.030873 -0.714470 0.208897 
 -0.049469 -0.717308 0.205084 
 -0.068064 -0.720147 0.201270 
 -0.069221 -0.692113 0.109602 
 -0.075065 -0.672855 0.043096 
 -0.093365 -0.675648 0.039343 
 -0.101404 -0.660755 -0.014552 
 -0.119605 -0.663534 -0.018285 
 -0.132578 -0.657454 -0.047068 
 -0.148091 -0.655792 -0.063311 
 -0.166218 -0.658559 -0.067028 
 -0.184345 -0.661326 -0.070746 
 -0.202472 -0.664093 -0.074463 
 -0.223337 -0.671308 -0.065681 
 -0.247012 -0.682982 -0.044414 
 -0.273574 -0.699126 -0.010676 
 -0.291849 -0.701916 -0.014424 
 -0.312959 -0.709168 -0.005692 
 -0.331259 -0.711961 -0.009445 
 -0.346673 -0.710284 -0.025668 
 -0.364948 -0.713074 -0.029416 
 0.390960 -0.649035 0.226848 
 0.372488 -0.651854 0.223059 
 0.357856 -0.645977 0.193944 
 0.339433 -0.648789 0.190166 
 0.321011 -0.651601 0.186388 
 0.302588 -0.654413 0.182609 
 0.284165 -0.657225 0.178831 
 0.265742 -0.660037 0.175053 
 0.247320 -0.662849 0.171275 
 0.228897 -0.665661 0.167497 
 0.206240 -0.677231 0.188965 
 0.187768 -0.680050 0.185176 
 0.169296 -0.682870 0.181388 
 0.146442 -0.694469 0.202815 
 0.127921 -0.697297 0.199017 
 0.113880 -0.691329 0.170023 
 0.088613 -0.707352 0.204012 
 0.065488 -0.718993 0.225384 
 0.046893 -0.721831 0.221571 
 0.028298 -0.724670 0.217757 
 0.009703 -0.727508 0.213944 
 -0.011280 -0.734767 0.222697 
 -0.027487 -0.733185 0.206317 
 -0.041208 -0.727168 0.177388 
 -0.052368 -0.716705 0.135928 
 -0.065866 -0.710655 0.107045 
 -0.076755 -0.700150 0.065641 
 -0.090032 -0.694066 0.036804 
 -0.105771 -0.692413 0.020519 
 -0.118876 -0.686302 -0.008284 
 -0.137102 -0.689084 -0.012021 
 -0.155327 -0.691866 -0.015759 
 -0.170894 -0.690187 -0.032009 
 -0.183728 -0.684035 -0.060755 
 -0.201880 -0.686806 -0.064477 
 -0.225497 -0.698522 -0.043207 
 -0.243698 -0.701300 -0.046940 
 -0.273028 -0.721999 -0.000726 
 -0.291328 -0.724792 -0.004479 
 -0.309627 -0.727586 -0.008232 
 -0.339351 -0.748345 0.037901 
 -0.357749 -0.751153 0.034128 
 -0.361621 -0.731467 -0.031952 
 0.394323 -0.667626 0.224284 
 0.370178 -0.683554 0.258491 
 0.351632 -0.686385 0.254687 
 0.333086 -0.689216 0.250884 
 0.324365 -0.670142 0.183831 
 0.305942 -0.672954 0.180053 
 0.287520 -0.675767 0.176275 
 0.269097 -0.678579 0.172496 
 0.250674 -0.681391 0.168718 
 0.232252 -0.684203 0.164940 
 0.209603 -0.695822 0.186401 
 0.191131 -0.698641 0.182613 
 0.172659 -0.701461 0.178825 
 0.149814 -0.713110 0.200245 
 0.131293 -0.715937 0.196446 
 0.112772 -0.718764 0.192648 
 0.091990 -0.726018 0.201439 
 0.073444 -0.728848 0.197635 
 0.050279 -0.740546 0.218990 
 0.031684 -0.743385 0.215177 
 0.013089 -0.746223 0.211363 
 -0.005506 -0.749062 0.207550 
 -0.019285 -0.743003 0.178618 
 -0.035398 -0.741381 0.162261 
 -0.049004 -0.735296 0.133365 
 -0.062512 -0.729196 0.104489 
 -0.078428 -0.727545 0.088172 
 -0.091763 -0.721418 0.059332 
 -0.105000 -0.715277 0.030511 
 -0.120719 -0.713595 0.014235 
 -0.138994 -0.716385 0.010487 
 -0.157269 -0.719174 0.006739 
 -0.170234 -0.712992 -0.022026 
 -0.188460 -0.715774 -0.025764 
 -0.206686 -0.718556 -0.029502 
 -0.224912 -0.721338 -0.033240 
 -0.243137 -0.724120 -0.036977 
 -0.266918 -0.735912 -0.015748 
 -0.299205 -0.761245 0.042894 
 -0.317603 -0.764053 0.039121 
 -0.338853 -0.771378 0.047816 
 -0.357275 -0.774190 0.044038 
 0.369782 -0.711009 0.281240 
 0.360743 -0.691856 0.214144 
 0.342271 -0.694676 0.210356 
 0.327720 -0.688684 0.181274 
 0.309297 -0.691496 0.177496 
 0.290874 -0.694308 0.173718 
 0.272452 -0.697120 0.169940 
 0.254029 -0.699932 0.166162 
 0.235606 -0.702745 0.162383 
 0.212967 -0.714413 0.183838 
 0.194495 -0.717233 0.180050 
 0.176023 -0.720052 0.176261 
 0.153187 -0.731751 0.197675 
 0.134666 -0.734578 0.193876 
 0.116144 -0.737405 0.190078 
 0.095367 -0.744683 0.198865 
 0.072260 -0.756423 0.220223 
 0.053665 -0.759261 0.216410 
 0.035070 -0.762100 0.212596 
 0.016475 -0.764938 0.208783 
 -0.002120 -0.767777 0.204969 
 -0.015908 -0.761668 0.176044 
 -0.032026 -0.760022 0.159691 
 -0.045641 -0.753888 0.130802 
 -0.059157 -0.747738 0.101932 
 -0.075078 -0.746062 0.085619 
 -0.093476 -0.748870 0.081846 
 -0.106771 -0.742687 0.053022 
 -0.125120 -0.745487 0.049259 
 -0.138267 -0.739281 0.020466 
 -0.153941 -0.737567 0.004203 
 -0.172216 -0.740357 0.000455 
 -0.190491 -0.743146 -0.003293 
 -0.208766 -0.745936 -0.007041 
 -0.227041 -0.748725 -0.010789 
 -0.245316 -0.751515 -0.014537 
 -0.263591 -0.754304 -0.018285 
 -0.295855 -0.779762 0.040341 
 -0.314253 -0.782570 0.036568 
 -0.332651 -0.785378 0.032795 
 -0.353921 -0.792731 0.041481 
 0.373168 -0.729724 0.278660 
 0.364106 -0.710447 0.211581 
 0.339840 -0.726547 0.245736 
 0.321295 -0.729378 0.241933 
 0.308690 -0.718906 0.200216 
 0.290218 -0.721726 0.196428 
 0.271746 -0.724545 0.192639 
 0.253274 -0.727365 0.188851 
 0.234802 -0.730185 0.185063 
 0.216330 -0.733004 0.181275 
 0.197858 -0.735824 0.177486 
 0.179386 -0.738643 0.173698 
 0.156559 -0.750392 0.195104 
 0.138038 -0.753219 0.191306 
 0.119517 -0.756046 0.187508 
 0.100996 -0.758873 0.183709 
 0.080198 -0.766179 0.192488 
 0.061652 -0.769010 0.188684 
 0.038456 -0.780815 0.210016 
 0.019861 -0.783653 0.206202 
 0.001265 -0.786492 0.202389 
 -0.012531 -0.780334 0.173471 
 -0.028653 -0.778663 0.157120 
 -0.042277 -0.772479 0.128238 
 -0.060749 -0.775298 0.124450 
 -0.074226 -0.769092 0.095597 
 -0.090126 -0.767387 0.079293 
 -0.108524 -0.770195 0.075519 
 -0.126922 -0.773004 0.071746 
 -0.140127 -0.766755 0.042950 
 -0.153234 -0.760492 0.014173 
 -0.176825 -0.772357 0.035424 
 -0.195174 -0.775158 0.031661 
 -0.213523 -0.777959 0.027898 
 -0.226433 -0.771665 -0.000838 
 -0.250220 -0.783560 0.020372 
 -0.274107 -0.795470 0.041561 
 -0.295298 -0.802837 0.050259 
 -0.313721 -0.805649 0.046481 
 -0.332144 -0.808461 0.042703 
 0.343217 -0.745213 0.243163 
 0.324672 -0.748044 0.239359 
 0.308102 -0.746415 0.222921 
 0.289580 -0.749242 0.219123 
 0.271059 -0.752070 0.215325 
 0.252538 -0.754897 0.211526 
 0.234017 -0.757724 0.207728 
 0.215496 -0.760551 0.203929 
 0.196974 -0.763378 0.200131 
 0.178453 -0.766205 0.196332 
 0.159932 -0.769032 0.192534 
 0.141411 -0.771859 0.188736 
 0.120667 -0.779183 0.197521 
 0.102121 -0.782014 0.193718 
 0.083575 -0.784845 0.189914 
 0.065029 -0.787676 0.186111 
 0.041842 -0.799530 0.207435 
 0.023246 -0.802368 0.203622 
 0.004651 -0.805207 0.199808 
 -0.009154 -0.798999 0.170897 
 -0.027700 -0.801830 0.167093 
 -0.046246 -0.804661 0.163290 
 -0.062323 -0.802958 0.146953 
 -0.075858 -0.796709 0.118098 
 -0.094330 -0.799529 0.114310 
 -0.107716 -0.793257 0.085485 
 -0.126139 -0.796069 0.081706 
 -0.141970 -0.794329 0.065420 
 -0.160368 -0.797137 0.061647 
 -0.178766 -0.799945 0.057874 
 -0.197164 -0.802754 0.054101 
 -0.215562 -0.805562 0.050327 
 -0.233960 -0.808370 0.046554 
 -0.252359 -0.811179 0.042781 
 -0.273521 -0.818566 0.051481 
 -0.291944 -0.821378 0.047702 
 -0.310366 -0.824190 0.043924 
 -0.328789 -0.827002 0.040146 
 0.311474 -0.765056 0.220351 
 0.286964 -0.781346 0.254431 
 0.272411 -0.775202 0.225375 
 0.253865 -0.778033 0.221572 
 0.235319 -0.780863 0.217768 
 0.216773 -0.783694 0.213965 
 0.200347 -0.782019 0.197561 
 0.179682 -0.789356 0.206358 
 0.161136 -0.792187 0.202554 
 0.142590 -0.795018 0.198751 
 0.124044 -0.797849 0.194948 
 0.101013 -0.809730 0.216296 
 0.086952 -0.803511 0.187341 
 0.063823 -0.815407 0.208668 
 0.045228 -0.818245 0.204855 
 0.026632 -0.821084 0.201041 
 0.005672 -0.828466 0.209778 
 -0.010558 -0.826760 0.193414 
 -0.024323 -0.820496 0.164520 
 -0.047748 -0.832437 0.185787 
 -0.061415 -0.826158 0.156913 
 -0.077472 -0.824426 0.140585 
 -0.090966 -0.818120 0.111747 
 -0.109438 -0.820940 0.107958 
 -0.122785 -0.814611 0.079150 
 -0.141207 -0.817423 0.075372 
 -0.159630 -0.820235 0.071593 
 -0.178053 -0.823047 0.067815 
 -0.196475 -0.825859 0.064037 
 -0.214898 -0.828671 0.060259 
 -0.233321 -0.831483 0.056481 
 -0.251744 -0.834296 0.052702 
 -0.270166 -0.837108 0.048924 
 -0.294158 -0.849136 0.070075 
 -0.312630 -0.851955 0.066287 
 0.290350 -0.800061 0.251851 
 0.271755 -0.802899 0.248037 
 0.253160 -0.805738 0.244224 
 0.234565 -0.808576 0.240410 
 0.220150 -0.802360 0.211391 
 0.201604 -0.805191 0.207588 
 0.183058 -0.808022 0.203784 
 0.164513 -0.810852 0.199981 
 0.141589 -0.822768 0.221342 
 0.122994 -0.825607 0.217529 
 0.104399 -0.828445 0.213715 
 0.085804 -0.831283 0.209902 
 0.064921 -0.838679 0.218650 
 0.046302 -0.841521 0.214831 
 0.027682 -0.844364 0.211013 
 0.011423 -0.842637 0.194647 
 -0.007172 -0.845475 0.190834 
 -0.025767 -0.848314 0.187020 
 -0.046797 -0.855732 0.195738 
 -0.062957 -0.853991 0.179393 
 -0.076584 -0.847654 0.150536 
 -0.095129 -0.850485 0.146732 
 -0.111142 -0.848721 0.130418 
 -0.124547 -0.842350 0.101607 
 -0.143019 -0.845170 0.097818 
 -0.161491 -0.847989 0.094030 
 -0.174698 -0.841589 0.065259 
 -0.193121 -0.844401 0.061480 
 -0.211544 -0.847213 0.057702 
 -0.229966 -0.850025 0.053924 
 -0.248389 -0.852837 0.050146 
 -0.266812 -0.855649 0.046368 
 -0.290794 -0.867727 0.067512 
 -0.309266 -0.870546 0.063723 
 0.291749 -0.823313 0.261889 
 0.273129 -0.826155 0.258071 
 0.256546 -0.824453 0.241643 
 0.237951 -0.827291 0.237830 
 0.219356 -0.830130 0.234016 
 0.204981 -0.823856 0.205014 
 0.186435 -0.826687 0.201211 
 0.167890 -0.829518 0.197407 
 0.144975 -0.841483 0.218762 
 0.126380 -0.844322 0.214948 
 0.107785 -0.847160 0.211135 
 0.089190 -0.849999 0.207321 
 0.068312 -0.857419 0.216066 
 0.049692 -0.860261 0.212247 
 0.031072 -0.863104 0.208429 
 0.012452 -0.865946 0.204610 
 -0.006167 -0.868788 0.200792 
 -0.059571 -0.872706 0.176813 
 -0.073207 -0.866319 0.147962 
 -0.096762 -0.878383 0.169185 
 -0.115357 -0.881221 0.165372 
 -0.121183 -0.860941 0.099043 
 -0.139655 -0.863761 0.095255 
 -0.158127 -0.866581 0.091467 
 -0.171344 -0.860131 0.062702 
 -0.189766 -0.862943 0.058924 
 -0.208189 -0.865755 0.055146 
 -0.226612 -0.868567 0.051367 
 -0.245034 -0.871379 0.047589 
 -0.263457 -0.874191 0.043811 
 -0.154763 -0.885172 0.088903 
 -0.173235 -0.887991 0.085115 
 -0.191707 -0.890811 0.081326 
 -0.210179 -0.893631 0.077538 
 -0.223257 -0.887108 0.048811 
 