0.098563 -0.527099 0.180795 
 0.060292 -0.664862 0.164739 
 0.574806 0.469277 -0.099110 
 0.033526 -0.672465 0.156010 
 0.367814 -0.231908 -0.289849 
 -0.297743 0.704987 0.010200 
 -0.322023 0.383800 -0.040142 
 -0.191849 -0.056679 0.048193 
 -0.154789 -0.684322 -0.060626 
 -0.225230 -0.683093 -0.066013 
 -0.044312 0.542774 0.025210 
 -0.209476 -0.710038 -0.020984 
 -0.129166 -0.692789 -0.030618 
 0.027767 -0.011532 0.127634 
 -0.003760 -0.426370 -0.179325 
 0.472043 0.466769 -0.138184 
 0.367475 0.030642 -0.008728 
 -0.065825 -0.617026 -0.060219 
 -0.007887 -0.401631 -0.242933 
 -0.313222 -0.652463 -0.105800 
 -0.196896 -0.200323 -0.031950 
 0.102417 0.759031 0.116191 
 0.159151 -0.604235 0.266324 
 0.030553 -0.721109 0.199139 
 0.236761 -0.268198 -0.312807 
 0.101627 -0.358863 -0.302443 
 -0.164202 -0.304572 -0.221084 
 -0.166928 0.168515 0.082052 
 -0.168551 -0.205072 -0.032348 
 -0.279987 0.563804 -0.006575 
 0.146929 -0.291622 -0.306981 
 -0.001428 0.805067 0.040755 
 -0.058594 0.328847 0.061739 
 0.004308 0.754648 0.034098 
 -0.034444 0.650892 0.057100 
 0.112240 -0.546480 0.203247 
 0.131779 -0.345070 0.167292 
 -0.344638 0.324114 -0.026077 
 -0.130393 -0.686314 0.002748 
 -0.362213 0.868010 -0.032163 
 0.380391 0.004614 -0.017803 
 -0.030454 0.154807 0.120539 
 -0.042716 -0.418086 0.132852 
 -0.291081 -0.362241 -0.223889 
 0.502290 0.374556 -0.043882 
 -0.314949 0.059445 0.006951 
 -0.244536 0.111031 0.010788 
 -0.178635 -0.188580 -0.034242 
 -0.297296 -0.261867 -0.037044 
 0.140437 -0.438623 0.166246 
 0.010746 0.314339 0.086087 
 0.152096 -0.258283 -0.299627 
 -0.145092 -0.209930 -0.024545 
 0.083638 0.502554 0.089154 
 -0.375888 0.684620 -0.088747 
 -0.287969 0.042252 0.005342 
 -0.325040 -0.650015 -0.108790 
 -0.208068 0.258094 0.036972 
 0.301782 -0.210140 0.112026 
 0.350906 0.343695 -0.052440 
 -0.113323 -0.318840 -0.268712 
 -0.037324 0.362647 0.064449 
 -0.218824 0.015244 0.029212 
 -0.027774 -0.257252 -0.270415 
 0.050868 -0.637199 0.165884 
 -0.274596 -0.654803 -0.123145 
 -0.208373 -0.051571 0.031407 
 -0.339794 0.639233 -0.071130 
 0.074833 0.528389 0.090256 
 -0.359095 0.429729 -0.057553 
 0.140690 -0.580106 0.217804 
 0.020994 0.350579 0.084631 
 0.125958 -0.537334 0.210606 
 -0.390228 0.462575 -0.064506 
 -0.129979 -0.676916 0.154629 
 -0.299496 0.263250 -0.007149 
 -0.026543 0.460813 0.062634 
 0.478190 0.270518 -0.037904 
 0.183260 -0.177029 -0.296742 
 0.400860 -0.049135 -0.030503 
 0.347163 0.132900 -0.000461 
 0.210155 -0.590078 0.288458 
 0.301149 -0.210140 0.111959 
 0.331050 -0.166009 0.130418 
 -0.161811 -0.587605 -0.145077 
 -0.328776 0.370684 -0.033723 
 0.135337 -0.365590 -0.290850 
 0.211135 -0.454827 0.191018 
 0.077365 0.134082 0.124478 
 0.307825 -0.188357 0.139677 
 0.533321 0.572478 -0.132929 
 0.074022 0.715478 0.097833 
 -0.287783 -0.010275 0.007590 
 0.213250 -0.499521 0.227939 
 0.030506 -0.721648 0.199139 
 0.026859 0.576492 0.068636 
 0.258776 -0.172439 0.069757 
 -0.091789 0.036459 0.100385 
 -0.017193 0.920669 0.095932 
 0.073855 0.198833 0.134582 
 0.100030 0.497054 0.138259 
 -0.191707 -0.372096 -0.253011 
 0.344588 0.196583 -0.024529 
 -0.124700 -0.047019 0.095865 
 -0.339904 0.589762 -0.068245 
 -0.329987 -0.104006 -0.012555 
 -0.240392 0.390472 0.025721 
 0.101229 -0.210397 -0.312066 
 0.090697 -0.257426 -0.312315 
 0.161267 -0.364988 -0.258753 
 0.022579 0.042463 0.133354 
 0.003509 0.667266 0.074492 
 -0.417312 0.491110 -0.058460 
 0.041143 -0.675777 0.166928 
 -0.359545 0.618760 -0.071210 
 0.016343 -0.488278 -0.052010 
 -0.218534 -0.036761 0.030097 
 -0.232242 -0.820164 0.202786 
 -0.024596 0.686278 0.055802 
 -0.040189 0.064937 0.124612 
 0.609163 0.498955 -0.103186 
 -0.065667 -0.754178 0.168013 
 0.080419 0.937784 0.135883 
 0.035200 -0.388041 -0.212612 
 -0.011585 -0.467995 -0.069918 
 -0.057155 -0.577995 0.145838 
 -0.038043 0.676586 0.049312 
 -0.062891 0.134125 0.116269 
 0.346883 0.283240 -0.041921 
 -0.013546 -0.435623 -0.108681 
 0.295242 0.035388 -0.057250 
 -0.227175 -0.565352 -0.145013 
 0.100086 0.459895 0.122995 
 -0.295437 0.403572 -0.026827 
 -0.346606 0.628467 -0.063924 
 0.058153 0.556709 0.078100 
 -0.008994 -0.547805 -0.059364 
 -0.025788 -0.146808 0.139615 
 0.320475 -0.163700 0.126375 
 -0.311898 0.620003 -0.052635 
 -0.035194 -0.515893 -0.075281 
 0.270360 -0.258139 0.125020 
 -0.368436 0.277824 -0.031515 
 -0.154472 -0.012509 0.057814 
 -0.209971 0.165821 0.054047 
 0.126207 0.653180 0.162387 
 0.040465 0.372119 0.084271 
 0.016912 0.590854 0.067184 
 -0.035888 0.489378 0.041364 
 0.028825 0.374674 0.080583 
 -0.053516 0.106952 0.115303 
 0.066283 0.729366 0.064697 
 -0.153690 -0.557885 -0.169311 
 -0.190937 -0.643509 -0.111182 
 0.397680 -0.071127 -0.035565 
 -0.252786 0.051097 -0.002194 
 0.026868 0.207689 0.114592 
 -0.090551 -0.629059 0.157399 
 0.338284 0.106880 0.035580 
 -0.307540 0.681439 -0.008648 
 0.125930 -0.477717 0.175745 
 0.051557 0.126659 0.114961 
 -0.260516 0.433445 0.001950 
 -0.366009 0.199690 -0.021037 
 0.023403 0.638912 0.078211 
 -0.337767 0.651803 -0.068580 
 -0.084835 -0.711914 0.167644 
 -0.133899 -0.732919 0.167517 
 -0.346703 -0.064251 0.008999 
 0.049299 0.708178 0.086697 
 -0.277658 0.449941 -0.012597 
 0.231249 0.154422 -0.007879 
 -0.247319 -0.399901 -0.267592 
 0.027851 0.886931 0.107138 
 -0.378913 0.846262 -0.085491 
 0.082012 0.489695 0.086597 
 0.294801 -0.307026 0.170549 
 0.155784 -0.332415 -0.287172 
 -0.309329 -0.171176 -0.026315 
 -0.017456 0.048673 0.130196 
 -0.201413 -0.054228 0.042690 
 0.298191 0.229441 -0.025065 
 0.240277 -0.449794 0.224358 
 0.063743 0.455659 0.074914 
 0.285374 -0.291870 -0.287045 
 -0.012759 0.484579 0.049388 
 -0.353973 0.249044 -0.019611 
 0.159562 -0.183874 -0.306621 
 0.137890 -0.480805 0.180674 
 0.586441 0.549724 -0.112738 
 -0.137466 -0.673291 0.143375 
 -0.022586 -0.371460 -0.254062 
 -0.092634 0.009646 0.117399 
 -0.163191 0.103947 0.073103 
 -0.353933 0.129586 0.005028 
 -0.032377 0.271160 0.094403 
 0.360420 -0.079149 -0.137764 
 0.030102 -0.051274 0.130985 
 -0.033994 -0.463174 -0.077979 
 -0.253375 -0.364931 -0.242370 
 0.140747 -0.206012 -0.306544 
 0.295005 0.105534 0.007951 
 -0.173479 -0.395356 -0.271790 
 0.375088 -0.115501 -0.159713 
 -0.345189 0.272966 -0.023393 
 -0.261427 -0.614971 -0.132959 
 -0.007975 -0.599570 0.150367 
 0.311302 -0.160907 0.113103 
 0.235737 -0.250851 0.113069 
 0.344699 -0.164739 -0.320360 
 0.475276 0.344199 -0.058976 
 -0.332051 0.345647 -0.038876 
 -0.190663 0.062248 0.023801 
 0.415788 0.319571 -0.053751 
 -0.040524 -0.501179 -0.085685 
 0.108725 0.433129 0.120178 
 -0.026586 0.410938 0.065570 
 -0.045446 0.515596 0.042467 
 -0.317121 0.470494 -0.035187 
 -0.151373 0.101996 0.077195 
 0.353991 0.194238 -0.019737 
 -0.096462 -0.615314 -0.114582 
 0.381984 0.015764 -0.016572 
 -0.307326 0.544270 -0.018640 
 0.097159 -0.685515 0.262183 
 -0.071237 -0.799954 0.190999 
 0.373205 0.005364 -0.032272 
 -0.307540 0.682132 -0.009712 
 0.493076 0.256355 -0.023243 
 -0.075494 0.124581 0.109569 
 0.268700 -0.214398 0.088130 
 -0.031967 0.348440 0.074610 
 0.323651 -0.246746 0.169194 
 0.239603 -0.392113 0.189974 
 0.496925 0.313542 -0.001470 
 -0.039312 0.616235 0.049709 
 0.266536 0.235037 -0.014395 
 0.368620 0.176313 0.004213 
 0.095777 0.067799 0.111688 
 -0.370091 0.047014 -0.026228 
 -0.344981 0.740539 -0.089867 
 -0.055319 0.352282 0.066986 
 -0.020816 -0.410740 -0.248714 
 0.012860 0.814699 0.046766 
 -0.101108 -0.680918 0.155656 
 0.061137 -0.383914 0.144022 
 -0.205728 0.040070 0.013971 
 0.309017 -0.146261 -0.321133 
 0.445830 0.300901 -0.044572 
 0.044557 0.024559 0.138929 
 -0.172125 -0.737774 0.151311 
 -0.178657 -0.059130 0.052291 
 -0.149091 -0.026888 0.068186 
 0.114693 0.368364 0.133888 
 -0.229257 0.044943 0.005794 
 0.307870 -0.208582 -0.319355 
 0.205607 -0.265907 -0.302346 
 0.351286 0.066190 0.045209 
 -0.278964 0.233851 -0.004204 
 -0.208688 -0.749680 -0.015913 
 -0.328421 0.848766 -0.044876 
 -0.032376 -0.571808 -0.050588 
 0.041143 -0.676078 0.167173 
 0.179265 -0.516016 0.201072 
 -0.349046 0.716481 -0.095716 
 -0.002846 0.343211 0.073986 
 0.354078 0.155222 -0.004731 
 0.152096 -0.256761 -0.299781 
 0.024655 0.563897 0.066083 
 0.142998 -0.383916 0.154420 
 0.598684 0.500130 -0.106977 
 0.123445 -0.214998 -0.304670 
 0.026109 -0.025548 0.124406 
 0.213250 -0.500384 0.227939 
 0.145864 -0.303243 -0.308998 
 -0.274900 -0.550242 -0.128139 
 0.050619 -0.637199 0.166037 
 -0.365726 0.302365 -0.026329 
 0.010831 -0.260278 -0.289242 
 -0.275670 0.513608 -0.012820 
 0.086472 0.787128 0.081365 
 0.279955 -0.461489 0.260307 
 0.367559 -0.072600 -0.090667 
 -0.215842 0.055116 0.012622 
 0.126411 -0.686282 0.230148 
 -0.225804 -0.131904 -0.031190 
 -0.131843 -0.170240 0.051884 
 0.042171 -0.579905 0.151897 
 0.140525 -0.521104 0.187851 
 0.295286 -0.194171 0.101348 
 0.032183 0.474980 0.065435 
 0.040535 0.372119 0.084613 
 -0.099279 -0.542278 -0.159305 
 0.057585 0.804465 0.062666 
 -0.314047 0.059445 0.008355 
 0.474946 0.417908 -0.080115 
 -0.000098 -0.820634 0.247492 
 0.131754 -0.369953 0.152927 
 0.346534 -0.064538 -0.129960 
 -0.214192 0.067121 0.014579 
 0.055992 0.706739 0.100727 
 -0.185215 -0.239454 -0.044490 
 -0.332920 0.836770 -0.070339 
 0.018324 0.689720 0.083991 
 -0.191287 -0.016930 0.042931 
 0.000264 0.643704 0.068187 
 -0.023155 -0.448707 -0.179406 
 -0.023986 -0.465585 -0.074505 
 0.253206 -0.334223 -0.297041 
 0.034558 0.537295 0.064982 
 0.196562 -0.296225 0.113164 
 0.044773 -0.065879 0.124833 
 -0.006205 -0.805809 0.236974 
 0.307645 -0.310570 0.174634 
 -0.004237 -0.425288 -0.179325 
 -0.222657 0.095775 0.016338 
 0.132135 0.050828 0.090089 
 -0.032129 -0.516581 0.155005 
 0.038217 0.660786 0.086509 
 -0.424661 0.670043 -0.109562 
 0.539125 0.390948 -0.027389 
 -0.055709 0.146396 0.109536 
 0.173797 -0.581388 0.276042 
 -0.237735 -0.378601 -0.250247 
 -0.008459 0.720140 0.067846 
 -0.010164 0.123086 0.123502 
 0.005881 -0.075508 0.141291 
 -0.019292 0.099609 0.127419 
 -0.309764 -0.182795 -0.028923 
 -0.191954 -0.163628 -0.024173 
 -0.231791 0.337376 0.040325 
 0.268419 0.040014 -0.054477 
 0.014222 0.890103 0.103139 
 0.009561 -0.843339 0.280241 
 0.530637 0.405684 -0.060916 
 -0.408151 0.716359 -0.118486 
 0.014253 0.158645 0.117096 
 -0.293863 0.518077 -0.029920 
 -0.298114 0.057040 0.002467 
 -0.107193 0.234675 0.082675 
 -0.202358 -0.656851 -0.096110 
 0.040090 -0.688682 0.164269 
 -0.428896 0.832526 -0.128496 
 0.123430 -0.410979 0.154154 
 -0.009467 0.331389 0.080579 
 0.277061 0.049486 -0.040550 
 -0.250698 -0.041352 0.005692 
 -0.133383 -0.702310 0.152799 
 -0.086870 0.114294 0.102869 
 -0.276473 -0.729509 -0.016315 
 -0.355284 0.352656 -0.046961 
 -0.331092 -0.241751 -0.046054 
 -0.348098 -0.187815 -0.043444 
 -0.278313 -0.024523 0.009073 
 0.088146 -0.269065 -0.314771 
 -0.359915 -0.185368 -0.047556 
 -0.300596 0.554731 -0.026249 
 0.497814 0.485798 -0.125730 
 -0.295542 -0.820811 0.178750 
 -0.280486 0.563804 -0.006575 
 0.098198 0.772451 0.104564 
 0.292267 -0.122971 -0.300881 
 0.142843 -0.645623 0.210936 
 0.304899 -0.270458 -0.287443 
 -0.052871 0.479640 0.066323 
 0.361021 0.102139 0.043868 
 -0.101965 0.052430 0.099654 
 -0.159318 -0.748520 0.003990 
 0.043804 0.522796 0.066435 
 -0.178603 -0.464795 -0.240176 
 0.102787 -0.198776 -0.309543 
 -0.285139 0.222132 0.002200 
 -0.267429 0.525145 0.002840 
 -0.228616 0.133530 0.020054 
 0.399270 -0.059265 -0.033597 
 0.554273 0.485228 -0.104292 
 -0.086212 -0.146934 0.116375 
 -0.054100 0.416263 0.066269 
 -0.256516 0.201255 0.020815 
 -0.258557 -0.090968 -0.004724 
 0.411055 0.282736 -0.038608 
 0.021957 0.285680 0.107376 
 -0.110943 -0.178976 0.091230 
 -0.395920 0.424784 -0.072212 
 0.048900 -0.528538 0.160713 
 -0.240593 -0.735719 -0.003893 
 0.073310 -0.386383 0.149370 
 0.318416 0.151762 -0.018348 
 -0.350079 -0.073254 -0.015527 
 0.517498 0.516699 -0.124600 
 0.023183 -0.657387 0.151429 
 -0.169451 -0.511566 -0.201422 
 -0.019646 -0.455768 -0.135684 
 0.087681 0.323896 0.106277 
 0.291187 -0.222689 0.127868 
 -0.025293 0.860247 0.083929 
 -0.024312 0.087779 0.133934 
 0.200580 0.221506 0.003723 
 0.480600 0.429634 -0.087064 
 -0.331580 0.563511 -0.069406 
 0.277061 0.050249 -0.040233 
 0.558117 0.532106 -0.117307 
 -0.071435 -0.161159 0.108826 
 -0.191057 0.062248 0.023365 
 0.261586 -0.298856 -0.297139 
 -0.099214 -0.247148 -0.262934 
 -0.319490 -0.154773 -0.027798 
 0.027050 0.787006 0.058922 
 0.633229 0.563539 -0.093444 
 0.316830 0.189592 -0.024720 
 -0.287783 -0.008332 0.007590 
 0.063160 -0.203957 -0.314399 
 0.032649 0.105054 0.114858 
 -0.141515 -0.416077 -0.262471 
 -0.198733 -0.264576 -0.216519 
 -0.128913 -0.761825 0.175276 
 -0.327112 -0.002502 0.004243 
 -0.327941 0.307347 -0.011567 
 -0.362157 0.706834 -0.100901 
 -0.326513 -0.116085 -0.024066 
 0.228953 -0.506935 0.254549 
 0.170260 0.056710 0.072757 
 -0.039663 0.664305 0.046703 
 0.405330 0.259510 -0.034234 
 0.555440 0.424294 -0.048342 
 0.363575 0.243210 -0.041366 
 0.286037 0.025968 -0.072891 
 -0.026998 -0.070160 0.151258 
 0.292226 0.002542 -0.096297 
 0.050801 -0.606206 0.148983 
 0.092044 -0.074964 0.141132 
 -0.116079 -0.667592 -0.043161 
 -0.234528 -0.169154 -0.030037 
 -0.166589 -0.680104 -0.064711 
 -0.034683 0.387042 0.069595 
 0.274931 -0.342820 0.167837 
 0.283585 0.244332 -0.017218 
 0.098113 -0.232947 -0.316405 
 0.103599 -0.341425 0.167803 
 -0.376404 0.783988 -0.116701 
 -0.014008 0.357822 0.072631 
 0.107789 0.382461 0.123177 
 0.245335 -0.322347 0.148998 
 -0.040994 -0.499706 -0.085685 
 0.269351 0.161288 -0.025518 
 0.122648 -0.473577 0.154963 
 0.323198 -0.356476 0.215948 
 0.062344 0.927167 0.138673 
 -0.341563 -0.101476 -0.016653 
 0.346366 0.080399 0.034491 
 -0.085791 -0.611113 -0.078567 
 -0.000581 0.992175 0.126204 
 -0.224307 0.082153 0.013742 
 0.068197 0.072638 0.112726 
 -0.113801 0.055867 0.094801 
 0.254702 -0.498372 0.267666 
 -0.035667 0.246397 0.089957 
 -0.058446 -0.377303 -0.268319 
 -0.225957 0.069595 0.011145 
 0.102319 0.759031 0.116191 
 0.068800 0.482104 0.080028 
 0.102960 -0.378157 0.151164 
 0.386541 -0.045259 -0.025171 
 -0.377689 0.622727 -0.088067 
 -0.261809 0.268199 0.007622 
 0.145167 -0.155734 -0.318095 
 -0.327101 0.536363 -0.039427 
 0.071389 -0.398857 0.147233 
 -0.343667 0.451673 -0.047816 
 -0.176513 -0.587204 -0.140264 
 0.006039 0.326979 0.075449 
 -0.041658 -0.418765 0.132852 
 0.088994 0.450860 0.082937 
 0.401829 0.220878 0.012770 
 -0.304036 0.719074 -0.023632 
 0.330626 -0.206063 0.145202 
 -0.315959 -0.219598 -0.036747 
 -0.165906 -0.061581 0.055307 
 -0.059819 0.094602 0.122305 
 0.125003 -0.203377 -0.300618 
 -0.309329 -0.170791 -0.026315 
 0.205607 -0.264840 -0.301900 
 -0.111492 -0.200104 0.057549 
 -0.214395 -0.636957 -0.118127 
 0.369511 0.366230 -0.052512 
 -0.285478 -0.265310 -0.032296 
 -0.388596 0.471777 -0.061937 
 -0.398956 0.689397 -0.097669 
 0.156221 -0.158024 -0.313932 
 0.071457 0.033261 0.118543 
 0.060797 0.020759 0.133872 
 0.186568 -0.237087 -0.305891 
 0.241972 -0.495881 0.261370 
 -0.310371 0.265679 -0.011485 
 0.186568 -0.238832 -0.305127 
 0.042064 0.089799 0.116335 
 0.058705 -0.557292 0.159572 
 0.071208 -0.547227 0.164805 
 -0.282144 0.412387 -0.020315 
 0.217634 -0.233194 0.098370 
 -0.203185 -0.103470 0.025045 
 0.333519 -0.153904 0.132994 
 -0.061780 -0.534771 -0.088362 
 -0.365386 0.418058 -0.051309 
 0.417236 0.167034 0.042543 
 -0.387834 0.687009 -0.092492 
 -0.327103 -0.604908 -0.135723 
 -0.124768 -0.202954 -0.004347 
 -0.190259 0.047390 0.043766 
 0.328497 -0.308218 0.226428 
 -0.042206 -0.092053 0.141880 
 -0.280703 -0.174935 -0.026208 
 0.262396 -0.091951 -0.305648 
 0.162489 -0.391120 0.171776 
 -0.245734 -0.004557 0.012787 
 -0.299520 -0.758713 0.014484 
 -0.040807 0.425671 0.073277 
 -0.385154 0.711597 -0.108710 
 0.031727 0.612310 0.076636 
 0.591133 0.584029 -0.107131 
 0.343732 0.056617 0.029439 
 0.316422 0.009821 -0.085992 
 -0.172294 0.208052 0.085784 
 0.125993 -0.448628 0.158774 
 -0.190950 -0.163780 -0.024173 
 0.127608 -0.465206 0.179208 
 -0.315054 -0.595037 -0.128356 
 0.007575 -0.807466 0.241207 
 -0.339999 0.538883 -0.065500 
 -0.356168 0.643645 -0.088148 
 0.235719 -0.295946 -0.295732 
 0.583375 0.526855 -0.118873 
 0.307520 -0.087094 -0.202903 
 -0.247389 -0.016901 0.010881 
 -0.018158 -0.534763 -0.060830 
 0.088386 -0.020079 0.115931 
 -0.246401 0.187272 0.022292 
 0.120329 -0.240328 -0.308713 
 0.034921 -0.325905 -0.289626 
 -0.080206 -0.044628 0.124862 
 -0.146617 0.229301 0.099183 
 0.021916 0.539691 0.060977 
 0.247018 -0.197619 0.082615 
 -0.031967 0.348440 0.073451 
 0.118991 0.731068 0.129498 
 0.115505 -0.433684 0.157989 
 -0.333056 0.449262 -0.044355 
 -0.015796 0.061125 0.132808 
 0.219651 -0.278652 -0.310010 
 -0.323745 0.255838 -0.017946 
 0.238328 -0.433431 0.204190 
 -0.350710 0.207491 0.006403 
 -0.332831 -0.218777 -0.031964 
 0.101926 -0.353209 0.165521 
 -0.015796 0.060035 0.132356 
 0.059428 0.853960 0.082110 
 -0.065459 0.242223 0.088369 
 0.085342 0.069631 0.107627 
 -0.242034 0.378220 0.022794 
 -0.071516 0.469876 0.068886 
 0.223721 -0.578749 0.295329 
 -0.374254 0.160111 0.002061 
 -0.191834 -0.523109 -0.189821 
 -0.083621 0.151383 0.110693 
 -0.186074 -0.336446 -0.245446 
 0.260344 0.085902 0.013459 
 -0.009931 -0.455818 -0.067349 
 0.103817 -0.431288 0.153861 
 -0.366696 0.238816 -0.026270 
 0.390367 0.348051 -0.046326 
 0.000154 -0.467025 0.141510 
 -0.120020 -0.723387 0.174418 
 0.314507 0.178672 -0.027222 
 0.142545 -0.241647 -0.301021 
 0.380391 0.005052 -0.019078 
 0.026338 -0.543024 0.171973 
 -0.154099 -0.338849 -0.255275 
 0.519154 0.407981 -0.064756 
 -0.063316 -0.518317 -0.107803 
 -0.056986 -0.837558 0.234081 
 -0.244079 0.008162 0.016109 
 -0.048486 -0.605824 0.144192 
 0.265678 -0.151678 -0.317046 
 0.483174 0.439803 -0.084621 
 0.520862 0.345554 -0.009840 
 0.093095 0.093507 0.103631 
 0.125741 -0.351810 -0.292118 
 -0.055681 -0.511597 0.145470 
 0.024109 -0.471238 0.149646 
 0.391332 0.172173 0.012077 
 0.290856 -0.096718 -0.199785 
 0.025025 0.650231 0.079950 
 -0.333314 0.686991 -0.060932 
 0.036806 0.561501 0.067961 
 0.243311 -0.270394 -0.299915 
 -0.058686 -0.009587 0.127110 
 0.007615 0.469623 0.054855 
 -0.046117 -0.012095 0.131220 
 0.525005 0.443356 -0.089862 
 -0.006839 0.732224 0.070442 
 0.055377 -0.569840 0.156924 
 0.344933 -0.129518 -0.303972 
 -0.161705 -0.667574 0.134675 
 0.200976 -0.288007 -0.307233 
 -0.245518 -0.093412 0.000184 
 0.050582 -0.517162 0.164906 
 -0.111105 -0.523509 -0.182227 
 -0.314802 -0.744427 0.020877 
 0.045696 0.982794 0.140875 
 0.179118 -0.633525 0.269368 
 0.287896 -0.247793 0.122699 
 -0.057455 -0.838381 0.234081 
 -0.058096 -0.061456 0.129816 
 -0.190259 0.047408 0.042867 
 -0.051105 -0.403334 -0.269396 
 -0.328931 0.473617 -0.039217 
 -0.255617 0.037508 -0.004790 
 -0.038022 -0.591827 -0.077621 
 -0.284252 -0.073975 -0.000813 
 -0.062687 -0.480664 -0.177113 
 0.050599 -0.398049 0.160744 
 0.247018 -0.197619 0.083544 
 0.057576 0.355680 0.099313 
 -0.358714 -0.185368 -0.047897 
 0.026648 0.662585 0.082503 
 0.129937 -0.180137 -0.296456 
 0.281860 -0.250969 -0.314232 
 0.113193 -0.392625 0.152659 
 0.062649 -0.639685 0.170049 
 -0.207015 -0.738642 -0.013520 
 -0.187312 -0.336446 -0.245446 
 -0.158432 -0.116614 0.072923 
 -0.039053 -0.687451 0.145332 
 -0.056211 -0.140889 0.118190 
 0.070360 0.865277 0.120480 
 0.528257 0.491533 -0.102465 
 -0.096335 -0.501335 -0.172371 
 0.259432 -0.022842 -0.156072 
 -0.046965 -0.487400 -0.151307 
 0.104659 0.408775 0.115040 
 0.304791 -0.112540 -0.294161 
 -0.380435 -0.134863 -0.014940 
 0.131112 0.766023 0.149422 
 0.308485 -0.194795 -0.316935 
 0.137761 0.150863 0.097049 
 0.077797 0.726984 0.069194 
 -0.287941 0.054596 0.007579 
 -0.386400 0.548262 -0.059548 
 0.040051 0.585707 0.074609 
 -0.318738 0.509502 -0.040650 
 -0.422197 0.644381 -0.101676 
 0.065550 0.455659 0.074418 
 -0.355917 0.841533 -0.077190 
 0.126561 -0.192084 -0.298907 
 0.274375 0.258430 -0.018643 
 -0.225443 -0.035589 0.016467 
 0.103599 -0.342615 0.168153 
 -0.352060 0.053258 -0.006528 
 -0.040574 -0.079597 0.145329 
 -0.221007 0.108544 0.018934 
 -0.029365 0.600084 0.052014 
 -0.351669 0.066787 -0.003920 
 -0.035522 -0.515208 -0.075281 
 0.150894 -0.631960 0.204517 
 -0.242199 0.378220 0.021869 
 0.407236 0.357030 -0.050215 
 -0.211688 -0.076297 0.023969 
 0.274153 -0.285669 0.133326 
 -0.034488 0.102082 0.131425 
 -0.353606 0.516723 -0.051181 
 0.002868 -0.740743 0.185397 
 0.130064 0.641706 0.150504 
 -0.373655 0.709785 -0.105442 
 0.109882 0.531962 0.136698 
 -0.387058 0.600158 -0.106316 
 0.332147 -0.277870 0.200576 
 -0.213345 -0.087012 0.023191 
 -0.388341 0.823075 -0.103584 
 -0.156467 -0.615438 -0.137953 
 0.200774 -0.409601 0.173934 
 0.123430 -0.408000 0.154402 
 0.608326 0.580304 -0.090064 
 -0.055465 -0.565390 0.147920 
 0.010707 -0.714916 0.182416 
 -0.026697 -0.835831 0.267468 
 0.082536 -0.586362 0.155291 
 -0.145902 -0.365785 -0.256359 
 -0.166750 -0.009462 0.053723 
 -0.275965 0.549923 0.003949 
 0.049288 0.114370 0.112369 
 0.547174 0.462104 -0.099703 
 0.067455 0.790801 0.066334 
 -0.276403 -0.613316 -0.128225 
 -0.342229 0.350238 -0.042919 
 0.367874 0.217509 -0.033347 
 -0.271894 0.283276 0.006149 
 0.112304 0.001721 0.106868 
 -0.349730 -0.163462 -0.029712 
 0.109977 0.807369 0.126388 
 0.033540 -0.552601 0.151265 
 0.317737 -0.175914 0.124683 
 -0.075034 -0.490311 -0.183632 
 -0.162807 0.230548 0.104170 
 -0.289840 0.118407 0.016514 
 0.050919 0.722341 0.089996 
 -0.020053 0.498467 0.038747 
 0.110913 -0.224318 -0.310107 
 -0.049041 0.236779 0.082936 
 0.048931 -0.649785 0.162997 
 -0.316977 0.673102 -0.046427 
 -0.259116 -0.747409 -0.001544 
 -0.351915 -0.012726 0.014454 
 0.082764 -0.281287 -0.308242 
 -0.381556 -0.793487 0.096494 
 0.383314 0.225079 -0.004910 
 0.237020 0.063322 0.022867 
 0.376070 -0.031027 -0.026597 
 0.090220 -0.443194 0.147101 
 -0.035697 -0.445316 -0.183374 
 0.592772 0.512439 -0.117820 
 -0.300596 0.556984 -0.026249 
 -0.358932 0.263125 -0.029244 
 -0.388484 0.811468 -0.106118 
 -0.203401 -0.014482 0.039093 
 0.324256 0.163520 -0.026260 
 0.080387 0.477503 0.082934 
 0.368338 0.364428 -0.052512 
 0.090106 -0.678950 0.217578 
 0.309967 -0.355425 0.211838 
 -0.021730 0.022890 0.124972 
 0.096113 -0.701575 0.259497 
 -0.047636 0.641185 0.048807 
 0.180814 -0.432785 0.172138 
 0.238328 -0.433431 0.205791 
 0.006567 -0.126512 0.143623 
 -0.266828 0.535312 0.005413 
 0.248654 -0.161292 -0.312128 
 -0.253725 0.329583 0.020564 
 0.536775 0.465224 -0.103512 
 -0.290575 0.490740 -0.020788 
 -0.135610 -0.547193 -0.173236 
 0.018324 0.688546 0.083604 
 -0.308746 0.444441 -0.037192 
 0.084747 0.713085 0.101994 
 0.040562 0.050335 0.131162 
 0.027394 0.899219 0.109688 
 0.131711 -0.678913 0.255591 
 -0.026543 0.463768 0.062634 
 0.616166 0.520063 -0.110315 
 -0.236751 0.312798 0.035140 
 0.377205 -0.019431 -0.024090 
 0.124126 0.604905 0.142809 
 -0.163915 -0.833546 0.215207 
 -0.218168 0.273392 0.035497 
 0.067345 0.263727 0.121011 
 -0.357975 0.792325 -0.096726 
 -0.002666 0.278280 0.097438 
 -0.007718 0.757026 0.030123 
 -0.187440 0.007796 0.048147 
 0.257945 -0.485787 0.268190 
 0.276563 -0.273380 0.135918 
 0.024299 0.651015 0.079950 
 0.609851 0.545197 -0.106798 
 -0.155697 -0.351445 -0.257789 
 0.096942 -0.682945 0.230818 
 0.301602 -0.099026 -0.196030 
 0.066296 0.605122 0.088313 
 0.016343 -0.488278 -0.050260 
 0.002403 0.212555 0.110180 
 -0.360267 0.366860 -0.057518 
 0.121760 -0.421342 0.151526 
 0.094254 0.897992 0.145584 
 -0.449516 0.848554 -0.112262 
 0.245335 -0.321940 0.150368 
 0.289544 -0.235541 0.126800 
 0.078569 -0.085585 0.132818 
 0.113038 -0.393079 0.152659 
 0.034233 -0.276083 -0.292918 
 0.037767 -0.461189 0.155814 
 0.380351 0.227259 -0.026949 
 0.306311 -0.383407 0.238086 
 -0.228753 -0.058822 0.010028 
 0.287862 0.080441 0.012152 
 -0.322677 0.785192 -0.085274 
 0.137890 -0.480867 0.180674 
 0.038615 0.205257 0.121679 
 -0.108768 -0.166538 0.094206 
 0.034921 -0.325905 -0.291077 
 -0.325301 0.696964 -0.045327 
 0.504711 0.484352 -0.112511 
 0.354197 -0.170954 0.138503 
 0.039585 -0.013980 0.132761 
 0.078004 -0.645341 0.196459 
 -0.051128 -0.474714 0.153435 
 -0.072790 -0.299747 -0.282910 
 -0.336766 0.812712 -0.074642 
 -0.325897 0.761171 -0.089646 
 0.115763 0.631954 0.144359 
 0.005966 -0.482351 0.152042 
 -0.152816 -0.696139 0.133522 
 -0.352969 -0.212541 -0.049022 
 -0.349726 0.654196 -0.072745 
 0.226562 -0.330821 -0.294013 
 -0.026120 0.624290 0.055668 
 -0.291001 0.666044 0.006583 
 0.255341 -0.281170 0.116014 
 0.192965 0.197733 0.006992 
 0.123559 -0.214998 -0.303810 
 0.082890 -0.345893 -0.285889 
 -0.273754 -0.088786 0.000125 
 0.143333 -0.341765 -0.294929 
 -0.288897 0.452355 -0.016724 
 -0.167662 -0.294537 -0.209672 
 -0.210752 -0.710308 -0.020984 
 0.088470 -0.602390 0.163648 
 -0.401683 0.752446 -0.109772 
 -0.220839 0.218377 0.069417 
 0.338131 0.106880 0.034925 
 0.237820 -0.346409 0.152954 
 0.186605 -0.153711 -0.291855 
 0.072528 -0.481161 0.166392 
 -0.295238 0.236508 0.000562 
 -0.353606 0.518384 -0.052605 
 0.628253 0.529234 -0.101642 
 0.127608 -0.464599 0.179172 
 -0.331329 0.511909 -0.044557 
 0.205808 0.104253 0.050170 
 0.355693 -0.120970 -0.297765 
 -0.415481 0.491110 -0.058460 
 0.344306 -0.238819 -0.299212 
 0.246738 -0.020520 -0.159955 
 -0.313520 0.609176 -0.055272 
 -0.010143 -0.451673 0.140007 
 0.568808 0.518385 -0.115932 
 -0.371926 0.369785 -0.061434 
 0.429020 0.303565 -0.039115 
 -0.287636 -0.009713 0.007590 
 -0.322056 0.725406 -0.040220 
 0.284202 0.068468 0.009626 
 -0.325301 0.697821 -0.045327 
 -0.351318 0.692424 -0.100017 
 -0.035495 -0.381523 -0.260480 
 -0.061869 0.302817 0.056679 
 0.289544 -0.235797 0.125284 
 -0.204396 -0.696415 -0.027197 
 0.132135 0.051933 0.089683 
 0.152314 -0.348620 0.153167 
 0.049482 -0.354709 -0.278738 
 0.120459 0.053246 0.086251 
 -0.180280 -0.202984 -0.036830 
 0.019428 0.614706 0.072290 
 0.049553 -0.727317 0.216547 
 0.462062 0.383312 -0.069294 
 0.427193 0.256407 -0.026444 
 0.053746 -0.492064 0.168654 
 -0.142451 0.022837 0.078770 
 -0.175472 -0.339190 -0.241489 
 0.321870 0.074950 0.024040 
 0.436865 0.240751 -0.025066 
 0.006741 0.778669 0.039165 
 -0.184289 -0.227183 -0.042007 
 -0.352169 0.155776 0.010244 
 -0.076634 0.059262 0.109707 
 -0.223899 -0.131904 -0.033041 
 0.072905 0.703393 0.095446 
 -0.245145 0.302614 0.019008 
 0.065438 -0.452821 0.158468 
 0.224647 -0.292123 -0.299566 
 -0.348106 0.664911 -0.070031 
 0.003720 0.580792 0.061362 
 -0.370430 0.733355 -0.100367 
 -0.013952 0.945016 0.101337 
 0.248384 0.051273 -0.007314 
 -0.180280 -0.202643 -0.037975 
 0.215471 -0.328806 -0.297853 
 -0.329936 -0.002502 0.004243 
 0.089574 0.600330 0.096400 
 0.233528 -0.263026 0.110480 
 -0.435175 0.684127 -0.111010 
 0.525171 0.467502 -0.107388 
 -0.347967 0.716040 -0.072220 
 0.109882 0.532959 0.136163 
 0.457281 0.421223 -0.097175 
 0.007166 0.455536 0.052297 
 -0.357585 0.328227 -0.052115 
 -0.292062 0.312330 0.001916 
 0.059050 0.407173 0.065204 
 0.476280 0.270280 -0.037904 
 -0.128968 -0.609016 0.156441 
 0.173781 -0.364230 0.158768 
 -0.167566 -0.073963 0.055368 
 -0.284045 0.539449 -0.010755 
 -0.260676 0.482374 -0.000842 
 0.039840 0.673586 0.089062 
 -0.002566 -0.664990 0.142861 
 0.098301 -0.283008 -0.312920 
 -0.343656 -0.040022 0.014239 
 0.012894 0.249173 0.108318 
 -0.374223 0.597769 -0.102322 
 0.235173 -0.252432 0.113069 
 -0.208443 -0.751116 -0.015913 
 -0.022272 0.510825 0.050491 
 -0.381853 0.434587 -0.065613 
 0.260319 0.085182 0.013459 
 -0.423168 0.781025 -0.090648 
 0.296708 -0.363978 0.205108 
 -0.248051 0.176592 0.019696 
 -0.252553 -0.733664 -0.007589 
 -0.233832 0.170709 0.045876 
 -0.378770 -0.122035 -0.011192 
 0.508359 0.433201 -0.086366 
 0.001939 0.148774 0.110427 
 0.513818 0.420752 -0.075563 
 0.050803 -0.354709 -0.278192 
 -0.108487 -0.511443 -0.178910 
 -0.357287 0.274090 -0.027454 
 0.202367 -0.339262 0.140679 
 -0.384278 0.371689 -0.065470 
 -0.275965 -0.013198 0.011681 
 0.120515 -0.557164 0.182984 
 0.224556 -0.160196 -0.289441 
 0.354078 0.155042 -0.004731 
 -0.073496 0.292832 0.072353 
 -0.142870 0.074632 0.075994 
 0.308354 0.044399 -0.050822 
 -0.358932 0.263125 -0.032099 
 -0.378987 -0.032646 0.001376 
 -0.074372 -0.309810 -0.285333 
 0.085342 0.070228 0.107218 
 -0.338801 0.153803 0.014336 
 -0.318599 0.659984 -0.050189 
 -0.008673 0.844542 0.098219 
 0.034110 0.284778 0.111431 
 -0.370261 0.330645 -0.056157 
 0.123445 -0.214998 -0.304428 
 -0.131473 -0.698751 0.000124 
 -0.106901 -0.694640 0.161918 
 0.153407 0.009464 0.080858 
 -0.006097 0.382240 0.068492 
 0.090220 -0.440689 0.147101 
 -0.064694 -0.339429 -0.264062 
 0.093823 -0.332934 -0.301381 
 -0.218545 -0.297624 -0.219219 
 -0.385154 0.710444 -0.109423 
 -0.015660 -0.232672 -0.283105 
 -0.294426 0.094073 0.011306 
 -0.260676 0.484114 -0.000775 
 -0.346900 0.716040 -0.072875 
 0.101743 -0.543988 0.199620 
 0.424854 0.414511 -0.088557 
 0.014115 0.516144 0.064525 
 -0.324462 -0.191983 -0.035622 
 -0.100902 -0.554381 -0.161439 
 0.358067 -0.090394 -0.140234 
 0.218459 -0.370240 0.153874 
 0.555688 0.425221 -0.048342 
 0.051423 -0.780282 0.284279 
 0.321012 -0.151485 0.128369 
 0.152096 -0.256160 -0.299627 
 0.059638 0.767833 0.068476 
 -0.014803 -0.438882 -0.165174 
 0.136872 -0.354121 -0.288387 
 0.582733 0.479128 -0.083420 
 0.325634 -0.091984 -0.185751 
 -0.369499 0.316713 -0.036771 
 -0.154071 -0.065166 0.060486 
 0.022534 0.119287 0.112386 
 0.155874 0.075322 0.080491 
 0.489944 0.390059 -0.067933 
 -0.065357 0.367909 0.064505 
 0.115927 0.831431 0.153783 
 -0.119858 -0.610485 -0.123189 
 0.123445 -0.214998 -0.302617 
 -0.284674 -0.598876 -0.129700 
 0.014922 0.516144 0.065083 
 -0.020789 -0.676206 0.143407 
 -0.236127 -0.366609 -0.248763 
 0.257958 -0.184598 0.066829 
 0.287631 0.025968 -0.072891 
 -0.370213 0.432140 -0.063069 
 -0.193700 -0.314371 -0.222669 
 -0.392185 0.486281 -0.051021 
 0.554222 0.591641 -0.109781 
 -0.011408 -0.359252 -0.269055 
 0.141394 -0.242840 -0.301021 
 0.134756 -0.302920 -0.313278 
 0.333322 -0.236545 -0.302206 
 -0.190474 0.136245 0.055863 
 -0.034639 0.146014 0.095611 
 -0.018411 -0.506486 0.161167 
 -0.358677 0.328227 -0.050772 
 0.114890 -0.528780 0.175050 
 0.100333 -0.485113 0.165612 
 -0.073283 -0.547627 0.133340 
 -0.199478 0.010244 0.044056 
 -0.114711 -0.203850 0.085983 
 -0.144910 -0.668506 -0.075743 
 -0.141213 0.086995 0.078314 
 0.026196 0.714178 0.079448 
 0.091773 -0.606192 0.186345 
 0.276272 -0.273380 0.135583 
 -0.011667 0.190105 0.100928 
 -0.306130 -0.806817 0.176804 
 0.102595 0.384420 0.109902 
 0.230367 -0.232050 -0.309321 
 0.346796 -0.189691 -0.312262 
 0.312818 0.087674 0.022603 
 0.098241 0.535370 0.133214 
 0.117158 0.806082 0.139530 
 -0.348961 0.168139 0.012790 
 -0.265794 0.535312 0.005228 
 -0.048636 -0.290873 -0.274167 
 0.242241 0.125905 0.012840 
 0.080376 -0.562260 0.167878 
 -0.061504 -0.299040 -0.279003 
 -0.023021 -0.134352 0.142242 
 -0.011355 0.496701 0.051945 
 -0.153355 -0.687887 -0.038814 
 0.491503 0.242703 -0.025439 
 -0.189806 -0.595998 -0.145916 
 0.350906 0.345048 -0.052027 
 -0.087799 0.178963 0.102715 
 0.572755 0.540553 -0.120564 
 0.293979 -0.291102 0.150309 
 0.489944 0.390241 -0.067933 
 0.090548 0.736632 0.075196 
 0.200318 -0.326366 -0.292654 
 -0.118235 0.221249 0.098271 
 0.303863 -0.255752 -0.307034 
 -0.207455 0.189884 0.059256 
 -0.159468 -0.174684 0.019025 
 0.057816 0.842388 0.079933 
 -0.209853 -0.566778 -0.150737 
 -0.001672 -0.420554 -0.210112 
 0.157480 -0.427854 0.164178 
 0.205589 -0.560104 0.281493 
 -0.165064 0.180704 0.084660 
 -0.122324 -0.174285 0.087114 
 -0.358574 -0.062400 0.004440 
 -0.229086 -0.021950 0.028048 
 0.081516 0.297832 0.110343 
 -0.238857 0.416394 0.008878 
 -0.064798 0.057066 0.113805 
 -0.317121 0.471206 -0.034456 
 0.203523 -0.543645 0.260687 
 -0.144120 -0.802662 0.186876 
 0.115630 0.781876 0.134622 
 -0.028811 -0.082063 0.148630 
 0.605932 0.533762 -0.109211 
 -0.100187 -0.394707 -0.275084 
 -0.334109 -0.738652 0.003752 
 -0.318353 0.771593 -0.052162 
 -0.293175 -0.612217 -0.123984 
 -0.022053 0.886529 0.088591 
 -0.351412 -0.212541 -0.049048 
 0.009789 -0.391131 -0.244801 
 0.275656 -0.094697 -0.194492 
 -0.044087 -0.569471 -0.054737 
 0.012839 -0.642310 0.150929 
 0.126912 -0.180137 -0.296456 
 -0.292237 0.630210 -0.033007 
 0.035876 0.412064 0.056662 
 0.081320 0.464020 0.103981 
 -0.001553 0.769413 0.023409 
 0.587267 0.502397 -0.111140 
 0.161115 -0.172291 -0.304990 
 -0.316826 -0.607344 -0.131650 
 0.035320 0.180114 0.117196 
 -0.211620 0.153477 0.051443 
 -0.015033 -0.838355 0.271725 
 -0.254557 -0.630752 -0.122600 
 0.231880 -0.331483 0.142309 
 -0.242271 -0.748652 -0.007108 
 0.027190 -0.365554 -0.266050 
 0.243162 0.176519 -0.021649 
 0.148727 -0.230714 -0.308639 
 0.466653 0.284550 -0.039970 
 0.367483 0.218598 -0.033347 
 0.119236 -0.249859 -0.311164 
 -0.069984 -0.059527 0.126238 
 -0.272775 0.167891 0.008953 
 -0.387012 -0.094739 -0.011190 
 -0.042099 -0.328439 -0.276169 
 -0.297314 -0.083891 -0.008058 
 0.357417 -0.121822 -0.297765 
 -0.309074 -0.081443 -0.012150 
 -0.062015 -0.034474 0.121315 
 0.091551 0.649606 0.115642 
 0.257352 -0.414906 0.236416 
 -0.232242 -0.821426 0.202786 
 0.023702 0.183112 0.113129 
 -0.258378 -0.700048 -0.037474 
 -0.021767 0.204708 0.099453 
 -0.098941 -0.542278 -0.158247 
 -0.280366 0.106354 -0.004028 
 0.334304 0.047936 0.013690 
 0.047463 0.409572 0.060334 
 -0.364860 0.670165 -0.087050 
 -0.343937 0.336403 -0.023492 
 -0.071207 -0.286937 -0.280420 
 -0.086631 -0.437156 0.123651 
 0.231955 -0.360309 0.159021 
 -0.004021 0.930362 0.103085 
 -0.047717 -0.539260 0.144325 
 -0.135767 -0.660613 0.145423 
 0.211775 -0.482544 0.208158 
 -0.355917 0.841533 -0.076787 
 0.329287 0.097773 0.019821 
 0.078078 -0.348960 0.157084 
 0.141330 -0.397290 0.151783 
 0.101932 0.384420 0.110523 
 0.005492 0.328601 0.075449 
 -0.140660 -0.230121 -0.069690 
 -0.046225 0.015411 0.114164 
 0.329802 -0.210810 -0.311325 
 -0.405478 0.476499 -0.057012 
 -0.032611 0.500863 0.034741 
 -0.219632 -0.419324 -0.249114 
 0.015923 -0.363220 -0.270023 
 -0.001715 -0.712410 0.177565 
 0.516492 0.516699 -0.124083 
 0.080659 0.464138 0.103981 
 -0.372043 0.721244 -0.102447 
 -0.314949 0.058260 0.008355 
 0.508085 0.361029 -0.033155 
 -0.256534 -0.537976 -0.129962 
 -0.372043 0.721960 -0.102904 
 0.126101 0.729705 0.141751 
 -0.292715 -0.046802 -0.000234 
 0.100472 -0.456164 0.148189 
 0.279361 0.208691 -0.024101 
 -0.359923 0.568692 -0.069127 
 -0.071797 0.226936 0.094895 
 0.060859 0.419294 0.067242 
 0.081884 -0.061221 0.139648 
 0.011152 -0.654998 0.148078 
 -0.278247 -0.150246 -0.021830 
 0.123209 0.605230 0.142809 
 -0.055709 0.146396 0.109738 
 0.027816 0.725047 0.081296 
 0.294859 -0.053054 -0.158552 
 0.268419 0.041158 -0.055891 
 -0.267069 -0.773740 0.001659 
 -0.173479 -0.397036 -0.271790 
 0.015949 -0.007140 0.122922 
 -0.100701 -0.554381 -0.160800 
 -0.284258 0.625124 0.002239 
 0.024184 0.133052 0.115977 
 0.037763 -0.701577 0.161610 
 -0.187868 -0.583803 -0.144300 
 0.265831 -0.324932 -0.290376 
 -0.172254 -0.156722 -0.004479 
 0.355484 0.142532 0.016400 
 -0.127047 -0.688562 0.144589 
 -0.318538 0.659984 -0.048981 
 0.049212 -0.382166 0.141113 
 -0.195249 -0.188357 -0.029088 
 0.059213 -0.544743 0.163775 
 0.079642 0.109468 0.111332 
 0.027281 -0.338306 -0.283491 
 -0.020765 -0.493231 -0.066099 
 -0.035355 0.246620 0.089957 
 0.324572 -0.115520 -0.309137 
 -0.023458 -0.811960 0.207881 
 -0.389193 -0.017769 -0.000226 
 -0.030218 0.232142 0.101238 
 -0.265465 -0.140346 -0.015141 
 0.330311 0.123416 0.002363 
 -0.016611 -0.411196 0.143789 
 0.300022 0.055236 0.001820 
 0.314463 -0.049114 -0.139133 
 0.153110 -0.346895 0.153167 
 0.006021 -0.805595 0.241207 
 0.303169 0.180078 -0.032941 
 -0.158968 -0.442367 -0.239870 
 0.028399 -0.388273 0.121175 
 0.007761 -0.764849 0.227084 
 0.130029 0.766023 0.149422 
 -0.171910 0.219859 0.088392 
 0.121936 -0.226618 -0.306262 
 0.316976 0.250989 -0.025176 
 0.420865 0.317620 -0.041064 
 0.246378 -0.395291 0.203261 
 0.259516 -0.197592 -0.325455 
 -0.150535 -0.127530 0.051525 
 0.314864 -0.257804 -0.302261 
 -0.380225 0.834266 -0.088029 
 -0.214622 0.244296 0.043490 
 -0.041127 0.052555 0.123236 
 -0.045712 0.387901 0.065558 
 0.144855 -0.303243 -0.309432 
 -0.224455 -0.455299 -0.257020 
 0.316976 0.250989 -0.025542 
 0.017941 -0.373576 0.119680 
 -0.290816 0.628682 -0.009806 
 -0.083685 -0.460303 -0.204309 
 -0.340157 0.639719 -0.071130 
 0.250197 -0.149783 -0.309451 
 -0.197203 0.212947 0.078639 
 0.041275 -0.502129 0.161854 
 -0.076871 -0.020463 0.129454 
 -0.286314 0.054452 0.007579 
 -0.113449 -0.586909 0.165986 
 0.231249 0.153977 -0.008222 
 0.144940 0.024075 0.080841 
 -0.137643 -0.712307 0.006378 
 -0.321421 0.834389 -0.065954 
 -0.006205 -0.804877 0.236974 
 0.053963 0.458059 0.070800 
 0.304335 -0.334259 0.169426 
 0.388422 -0.175145 -0.305222 
 -0.349755 -0.200178 -0.045407 
 0.304245 0.128134 -0.005526 
 -0.344883 -0.126318 -0.021817 
 -0.134354 -0.402804 -0.268821 
 0.073302 0.852013 0.109890 
 0.003509 0.666205 0.074492 
 -0.143653 -0.772054 0.168025 
 0.331781 -0.247815 -0.306106 
 0.349330 0.331944 -0.055063 
 -0.341639 0.192703 0.009107 
 0.107613 0.571160 0.131184 
 0.048126 0.319299 0.101827 
 -0.382988 0.434550 -0.065613 
 -0.196834 0.264577 0.074880 
 -0.348981 0.616364 -0.067205 
 -0.175071 0.232999 0.100386 
 0.473249 0.501912 -0.120818 
 -0.031909 -0.607172 0.137644 
 0.546544 0.534741 -0.121097 
 -0.093722 -0.636708 -0.073517 
 0.001636 0.121833 0.126066 
 -0.369027 0.831309 -0.084047 
 -0.355642 0.287665 -0.025988 
 0.251078 -0.440708 0.240309 
 -0.236127 -0.366609 -0.245854 
 -0.054150 -0.089587 0.138373 
 0.117195 -0.332742 0.174913 
 -0.071412 -0.572153 -0.087307 
 0.004713 0.729832 0.073086 
 0.334854 0.212488 -0.025078 
 0.003612 0.754754 0.034098 
 0.080050 0.440593 0.066220 
 0.226219 -0.401876 0.183234 
 0.105173 -0.378157 0.151164 
 -0.056461 -0.550348 -0.076900 
 -0.210118 -0.100743 0.011276 
 0.080244 0.676832 0.094347 
 -0.056983 -0.629814 -0.058746 
 -0.001892 -0.425288 -0.179325 
 -0.339647 0.374667 -0.037765 
 0.273380 -0.096177 -0.303639 
 -0.043005 -0.828094 0.239825 
 0.096290 -0.294647 -0.315829 
 -0.249034 -0.427360 -0.251063 
 0.051228 0.062748 0.117307 
 -0.181639 0.057248 0.059542 
 0.335059 -0.127889 -0.307763 
 -0.010253 0.331100 0.080579 
 0.103419 -0.348382 -0.299980 
 -0.089174 -0.017291 0.125338 
 -0.217889 -0.183492 -0.037492 
 -0.255230 0.318753 0.017976 
 -0.351346 0.642737 -0.075129 
 0.265930 -0.010958 -0.162378 
 0.126376 0.153277 0.093013 
 0.184052 -0.503190 0.194598 
 0.125447 -0.477717 0.176533 
 0.193864 -0.313624 0.141804 
 0.567639 0.457904 -0.059910 
 0.058816 0.842388 0.079572 
 0.267805 -0.161509 0.085184 
 -0.316972 0.343766 -0.012798 
 -0.293175 -0.614384 -0.123503 
 -0.179083 -0.782276 0.172789 
 -0.381949 0.383885 -0.060646 
 -0.019017 -0.414568 -0.226930 
 -0.268245 -0.535926 -0.134363 
 0.213046 -0.157906 -0.293644 
 -0.019878 -0.609664 0.142549 
 -0.118357 -0.661362 -0.065001 
 -0.377233 -0.020227 0.004528 
 0.218712 -0.415271 0.189761 
 0.294483 -0.195080 0.101348 
 0.077587 0.813568 0.082509 
 -0.342115 0.128602 0.010107 
 -0.179996 -0.190373 -0.034242 
 -0.156130 -0.024620 0.055206 
 0.015719 0.158645 0.116362 
 -0.111948 -0.647657 -0.071031 
 -0.208169 -0.421698 -0.246151 
 0.158102 -0.604235 0.266324 
 0.008531 0.159506 0.103877 
 -0.361904 -0.088007 -0.000350 
 -0.209765 -0.484912 -0.244322 
 0.065259 -0.734736 0.243009 
 0.193864 -0.315014 0.141804 
 0.520846 0.332302 0.011265 
 0.112337 -0.212697 -0.306037 
 -0.023251 0.697911 0.058351 
 0.125371 0.090704 0.093371 
 0.307948 -0.337872 0.194436 
 0.050377 -0.727317 0.215379 
 -0.118048 -0.404987 -0.274750 
 0.249656 -0.020520 -0.159955 
 -0.041036 -0.406167 0.135495 
 -0.034488 0.100742 0.132448 
 -0.332603 -0.696091 -0.010024 
 -0.208688 -0.751116 -0.016809 
 -0.184716 -0.477657 -0.234815 
 0.133069 0.112972 0.089331 
 -0.303295 0.109301 0.009824 
 0.057576 0.355531 0.098703 
 -0.035495 -0.382424 -0.260480 
 0.064337 -0.626595 0.172704 
 0.009465 -0.667482 0.144808 
 -0.379164 -0.032646 0.001908 
 -0.095212 -0.156563 0.100196 
 0.096609 0.523192 0.129363 
 -0.054604 -0.631962 0.147842 
 0.034397 0.037920 0.138014 
 -0.330361 0.511309 -0.044557 
 -0.039817 -0.633402 0.144176 
 0.187932 -0.465079 0.202516 
 0.097580 -0.635642 0.194250 
 -0.268742 0.359876 0.008590 
 -0.171364 -0.229613 -0.037946 
 -0.140996 -0.217925 -0.067117 
 0.051620 0.583311 0.079240 
 0.060126 0.099648 0.113843 
 0.061338 0.302907 0.124710 
 -0.014259 -0.282580 -0.280188 
 0.009588 0.302124 0.083511 
 -0.285821 -0.534062 -0.129612 
 -0.033490 -0.474496 -0.089495 
 0.023542 0.131594 0.115977 
 -0.244416 0.035072 -0.000717 
 0.132325 -0.345721 0.167292 
 -0.045626 -0.526675 0.146980 
 -0.200405 -0.135932 -0.023056 
 -0.284252 -0.073975 0.000121 
 0.415639 0.155110 0.040029 
 0.351559 -0.012701 -0.054370 
 0.242315 -0.320346 -0.296786 
 -0.065098 -0.604217 0.147692 
 0.178664 -0.392239 0.166837 
 0.114947 0.843623 0.133812 
 -0.326119 -0.204443 -0.038230 
 -0.375911 0.148550 -0.000547 
 -0.311785 0.135994 0.011566 
 -0.016449 0.609791 0.057720 
 0.114890 -0.528673 0.173266 
 -0.305436 0.302489 -0.001898 
 0.092550 0.348487 0.111422 
 0.381408 0.135610 0.048042 
 -0.243101 0.212247 0.026919 
 -0.165906 -0.062267 0.056389 
 0.006567 -0.128951 0.144019 
 0.333876 0.070960 0.028002 
 0.094737 0.105675 0.106216 
 -0.319921 0.022557 0.000531 
 -0.358258 -0.173005 -0.045089 
 -0.144433 -0.668506 -0.075743 
 0.055570 -0.368293 0.134675 
 -0.085655 0.139020 0.107660 
 0.146645 -0.567089 0.213627 
 0.512907 0.469780 -0.111130 
 -0.008132 0.720140 0.067449 
 -0.027705 0.674194 0.053252 
 -0.008262 0.520944 0.057059 
 -0.258519 0.292917 0.012799 
 -0.373561 0.357078 -0.063149 
 0.005911 0.914162 0.104238 
 -0.351014 -0.012726 0.015368 
 0.099888 0.622963 0.113331 
 -0.422276 0.644317 -0.101676 
 0.276272 -0.273380 0.134898 
 0.042171 -0.580736 0.150124 
 -0.107082 -0.779628 0.180527 
 -0.013495 -0.136818 0.146365 
 -0.291058 -0.809368 0.181467 
 -0.018617 -0.109440 0.147498 
 -0.336800 0.025734 0.005369 
 -0.037312 0.233639 0.087369 
 -0.370646 0.162928 -0.028825 
 0.359321 -0.055477 -0.124107 
 0.041462 0.684928 0.090915 
 -0.191834 -0.523109 -0.189629 
 0.108013 0.683571 0.126454 
 -0.184663 0.111477 0.033750 
 -0.032570 -0.476033 -0.089495 
 -0.338910 0.205048 0.013324 
 0.217634 -0.233385 0.098370 
 -0.050331 -0.434952 -0.230917 
 -0.080917 -0.548922 -0.141339 
 -0.156467 -0.615438 -0.136567 
 -0.267429 0.522834 0.002840 
 0.459432 0.261402 -0.037049 
 0.092716 -0.660178 0.188932 
 -0.373775 -0.083456 -0.004461 
 -0.076810 -0.019754 0.129454 
 0.276190 -0.245367 0.117748 
 -0.101826 -0.422363 -0.261284 
 -0.375626 0.008731 -0.012148 
 0.099675 0.422848 0.104330 
 -0.222657 0.093266 0.016338 
 -0.208030 0.128657 0.028200 
 0.051625 -0.812519 0.299234 
 -0.316175 -0.132706 -0.022582 
 0.306539 -0.307739 -0.281829 
 0.226219 -0.402088 0.182853 
 -0.061683 0.212622 0.097216 
 0.333338 -0.082902 -0.170244 
 -0.240553 -0.056378 0.006795 
 0.031938 0.525192 0.061170 
 -0.005321 -0.124050 0.140626 
 0.131779 -0.345721 0.167539 
 -0.105497 0.104407 0.105249 
 -0.054076 -0.469046 -0.183489 
 0.176625 -0.337031 -0.280895 
 0.363238 0.114112 0.046031 
 -0.245995 0.099045 0.008191 
 -0.380761 0.228960 -0.033597 
 -0.001705 -0.373396 -0.268197 
 -0.072460 -0.298004 -0.282910 
 0.374795 0.018372 -0.029769 
 0.231955 -0.360309 0.159555 
 -0.231063 -0.636022 -0.114549 
 -0.022922 -0.384337 -0.256560 
 0.185425 -0.297910 -0.304477 
 0.054866 0.608666 0.084307 
 0.023366 0.131594 0.115977 
 -0.169252 -0.123176 0.034342 
 0.004555 0.028897 0.135780 
 0.006333 0.741916 0.076068 
 -0.392185 0.486281 -0.050403 
 -0.033816 -0.529080 0.151146 
 0.002670 0.892264 0.099139 
 -0.150751 -0.484790 -0.224833 
 -0.018691 0.684805 0.069033 
 0.315568 -0.273119 -0.283621 
 0.360515 -0.070022 -0.105140 
 0.015057 0.415379 0.071301 
 -0.071067 -0.125719 0.125753 
 0.093552 0.574476 0.104497 
 0.143361 -0.242840 -0.301021 
 -0.141148 -0.143224 0.053010 
 -0.337758 0.800683 -0.078075 
 -0.372253 0.807827 -0.090636 
 -0.357764 0.618760 -0.071210 
 0.047463 0.856798 0.078129 
 -0.115920 0.094819 0.089470 
 0.122583 -0.561557 0.206696 
 -0.121660 -0.176513 0.087114 
 -0.092095 -0.042166 0.120042 
 -0.174020 -0.480034 -0.230840 
 -0.303695 0.706449 -0.003518 
 -0.149147 -0.632748 0.155823 
 0.507685 0.518971 -0.127880 
 0.335372 -0.082902 -0.170244 
 0.035183 0.550591 0.067536 
 0.299419 -0.170688 0.106494 
 0.080081 0.936245 0.135883 
 0.038458 -0.367887 -0.262345 
 0.182517 -0.609027 0.274717 
 -0.125059 -0.596200 -0.132986 
 -0.223917 -0.788736 0.168485 
 -0.164633 0.003573 0.056331 
 -0.320388 0.396339 -0.037570 
 0.555957 0.520966 -0.119723 
 -0.372224 0.047014 -0.026973 
 0.282537 -0.204862 0.094739 
 0.165164 -0.462339 0.194234 
 0.072925 0.654132 0.098526 
 0.213248 -0.241149 -0.306147 
 0.333859 -0.082779 -0.170244 
 -0.280780 0.563804 -0.006529 
 -0.224480 -0.620866 -0.120776 
 -0.138699 -0.130843 0.057330 
 0.158233 0.033856 0.086562 
 -0.068149 -0.713708 0.162729 
 -0.208643 -0.199019 -0.036018 
 -0.088470 0.062360 0.107958 
 0.208456 -0.601596 0.285194 
 0.290901 -0.131686 0.110176 
 -0.043914 -0.105795 0.139253 
 0.128372 -0.252160 -0.307318 
 -0.259998 0.227170 0.012926 
 0.082527 0.363321 0.109959 
 0.266272 -0.140188 -0.313335 
 0.091773 -0.607555 0.186345 
 0.113695 0.092308 0.089185 
 -0.386262 0.699568 -0.111960 
 -0.129395 0.084547 0.081044 
 -0.265314 0.332012 0.015473 
 -0.175289 0.158490 0.066304 
 0.026338 -0.541624 0.173197 
 -0.352365 0.195837 0.005021 
 0.012419 0.133838 0.111904 
 0.343920 0.118801 0.029060 
 0.562766 0.446918 -0.052408 
 0.335064 0.285573 -0.045823 
 0.617699 0.530273 -0.105426 
 -0.338801 0.153321 0.014336 
 -0.351974 0.427840 -0.044533 
 0.053274 0.266427 0.126149 
 0.018732 0.079912 0.127946 
 -0.387422 0.687009 -0.093259 
 -0.047453 -0.012095 0.131220 
 0.125206 -0.287021 -0.314554 
 -0.390228 0.461316 -0.066366 
 -0.080560 -0.372614 -0.276158 
 -0.431868 0.783414 -0.094641 
 -0.281695 0.196249 0.010072 
 0.036026 0.959438 0.122434 
 -0.345244 0.489998 -0.052566 
 0.078782 0.961932 0.150339 
 0.053437 0.458059 0.070902 
 0.079478 0.539285 0.115347 
 0.071478 0.316566 0.108877 
 0.435294 0.412980 -0.084711 
 -0.339794 0.639719 -0.068663 
 -0.113710 -0.154458 0.105503 
 -0.061373 -0.586991 -0.086545 
 -0.293175 -0.612317 -0.123503 
 -0.390550 0.497169 -0.047815 
 0.358117 -0.050077 -0.057945 
 -0.261787 0.216921 0.010334 
 -0.359267 0.017233 -0.005439 
 -0.377044 0.420373 -0.055179 
 -0.420734 0.793091 -0.088102 
 -0.184063 0.111477 0.032363 
 0.518764 0.396379 -0.067204 
 0.054590 0.818137 0.074497 
 -0.010951 -0.751615 0.178427 
 0.352118 0.023647 -0.037624 
 -0.041393 -0.760510 0.177246 
 0.201043 -0.467556 0.205800 
 0.020702 0.938046 0.113336 
 0.129880 -0.253587 -0.307318 
 0.158530 -0.293569 -0.303135 
 0.074695 -0.194622 -0.307743 
 0.304791 -0.112540 -0.295198 
 0.003075 0.417786 0.067012 
 0.100472 -0.456164 0.149027 
 -0.335802 0.475432 -0.052252 
 0.185334 0.133395 0.047270 
 0.051288 -0.637199 0.165884 
 -0.240986 -0.453758 -0.251311 
 -0.248051 0.175325 0.020940 
 0.416727 0.166488 0.042543 
 -0.151034 -0.152797 0.037309 
 -0.182941 -0.570607 -0.150569 
 -0.100145 -0.587857 -0.122357 
 -0.208857 -0.110693 -0.021938 
 -0.248435 0.278269 0.014271 
 -0.037153 -0.515208 -0.075281 
 -0.016451 0.060035 0.132808 
 -0.342150 -0.542313 -0.109247 
 0.060826 0.779862 0.070866 
 0.305243 -0.134101 0.114212 
 0.001573 -0.284326 -0.285242 
 -0.373111 0.571996 -0.094424 
 0.258890 0.175542 -0.028158 
 0.450936 0.385616 -0.073729 
 -0.000480 0.239332 0.102634 
 -0.363903 0.199690 -0.021037 
 -0.319232 -0.029716 0.003117 
 0.117369 0.718964 0.126173 
 0.287275 -0.107678 -0.311571 
 0.275968 0.270445 -0.017933 
 -0.249986 0.431027 0.005993 
 -0.364555 0.456494 -0.056445 
 0.526443 0.430631 -0.069906 
 -0.158245 -0.729215 0.159088 
 -0.107699 -0.694640 0.161918 
 -0.049766 -0.433748 -0.230917 
 0.232259 -0.417737 0.193863 
 0.068800 0.479903 0.079844 
 0.343920 0.118801 0.030855 
 0.088443 0.450860 0.082937 
 -0.002150 0.992175 0.124852 
 -0.292062 0.312330 0.002743 
 -0.067483 -0.250780 -0.272948 
 0.192780 -0.190754 -0.294705 
 0.312920 -0.105214 -0.279280 
 0.361867 0.008475 -0.036197 
 0.409060 0.218461 0.025372 
 0.261219 -0.046098 -0.168487 
 0.256389 -0.485787 0.268812 
 0.203367 -0.467556 0.206656 
 0.332458 -0.209379 0.167741 
 -0.007931 -0.401120 0.159619 
 -0.124768 -0.203757 -0.004955 
 0.026980 0.588103 0.071189 
 -0.119994 -0.009763 0.103939 
 -0.106435 0.219956 0.102356 
 -0.358932 0.730751 -0.096385 
 0.501248 0.447928 -0.097164 
 -0.293863 0.518486 -0.029920 
 0.050539 -0.227171 -0.300998 
 0.283385 0.037737 -0.061176 
 0.176056 -0.351812 0.162000 
 -0.305460 0.419558 -0.028388 
 -0.004021 0.930296 0.102788 
 0.315119 -0.136670 0.118248 
 -0.380314 0.396081 -0.061755 
 -0.316680 -0.624222 -0.115072 
 0.011152 -0.656020 0.148078 
 -0.197310 0.174712 0.060737 
 0.118072 0.806780 0.193803 
 0.120601 -0.238239 -0.308713 
 -0.113713 -0.451848 -0.225092 
 -0.301139 -0.699896 -0.010518 
 -0.407691 0.815094 -0.123088 
 0.033607 0.037920 0.137446 
 -0.210906 -0.100743 0.011618 
 0.301435 -0.293550 -0.292049 
 0.269229 -0.417383 0.240810 
 0.233506 -0.291036 0.127700 
 -0.177414 -0.280171 -0.211238 
 -0.116136 0.183731 0.103634 
 -0.162034 -0.113559 0.050039 
 0.053243 0.594857 0.081754 
 0.602629 0.593930 -0.068643 
 -0.072220 -0.799721 0.190999 
 -0.262122 0.356553 0.021680 
 0.257733 -0.212229 0.084093 
 -0.099089 -0.752900 0.176925 
 -0.373074 0.558970 -0.074978 
 0.522432 0.357268 -0.005392 
 -0.308726 0.277949 -0.007630 
 -0.316311 -0.595037 -0.129053 
 -0.034639 0.143776 0.095457 
 0.410932 0.245663 -0.023487 
 -0.325090 0.611572 -0.058932 
 0.228747 0.089944 0.024084 
 -0.187023 0.198136 0.079084 
 -0.289186 0.640841 -0.009438 
 -0.108821 0.092025 0.103893 
 -0.322056 0.722781 -0.040220 
 0.320374 -0.197066 -0.312664 
 0.052117 0.906315 0.120086 
 -0.183172 -0.096275 0.044455 
 0.048064 -0.476200 0.157180 
 -0.318754 0.458293 -0.037755 
 0.340623 0.004999 -0.078177 
 0.352133 -0.141080 -0.324684 
 -0.326728 0.786048 -0.053527 
 -0.144111 0.010686 0.076158 
 0.311354 -0.231982 -0.311288 
 -0.390550 0.497754 -0.047815 
 -0.101742 -0.454219 -0.221427 
 -0.246472 -0.703713 -0.033351 
 -0.142607 -0.458425 -0.226683 
 -0.229903 0.017688 0.022798 
 -0.344803 0.388837 -0.048215 
 0.093565 -0.416271 0.152488 
 0.478089 0.295595 -0.055583 
 -0.141395 -0.690338 -0.034716 
 -0.327993 -0.128073 -0.026674 
 -0.180119 -0.129418 -0.003359 
 -0.370998 0.584081 -0.092044 
 -0.009683 0.657833 0.067933 
 -0.054192 0.365491 0.069562 
 0.102147 -0.593336 0.170890 
 -0.276666 -0.561032 -0.130727 
 -0.066459 -0.250780 -0.273153 
 0.010854 -0.299033 -0.283832 
 0.466170 0.309583 -0.056984 
 0.333144 -0.207949 0.167741 
 -0.095335 -0.409691 -0.265379 
 -0.353932 0.197253 -0.016881 
 -0.259116 -0.746551 -0.001860 
 0.012675 0.653411 0.075944 
 0.183110 0.211517 0.004475 
 -0.027189 -0.041849 0.134200 
 -0.021382 0.722532 0.063449 
 -0.031987 -0.292615 -0.277631 
 -0.228753 -0.058822 0.010672 
 -0.174422 -0.032587 0.057515 
 -0.247637 -0.415729 -0.248530 
 0.094513 -0.588635 0.157687 
 0.112407 -0.487752 0.169753 
 0.427531 0.164129 0.046487 
 -0.112141 0.068161 0.097413 
 -0.221665 -0.309635 -0.221750 
 0.020158 0.614706 0.073369 
 0.020158 0.614378 0.072290 
 -0.228482 0.374242 0.048094 
 0.354616 -0.099201 -0.166274 
 0.012800 -0.811297 0.254433 
 0.294826 -0.409883 0.251478 
 0.290717 0.207275 -0.020804 
 -0.050193 0.302516 0.060721 
 0.084216 -0.573832 0.157341 
 -0.314581 -0.554712 -0.134124 
 0.328497 -0.306802 0.226660 
 -0.063654 0.367909 0.065520 
 0.104141 0.634247 0.139890 
 -0.198314 -0.435837 -0.243997 
 0.331496 -0.221667 0.166502 
 -0.021371 -0.734838 0.177005 
 -0.303660 0.780203 -0.045623 
 0.330889 -0.221667 0.165149 
 -0.280453 0.360924 0.004535 
 -0.065801 -0.449356 -0.207421 
 -0.274037 0.524861 -0.010558 
 -0.027632 0.062486 0.130549 
 -0.246401 0.188134 0.022292 
 -0.032338 -0.474496 -0.089495 
 0.218486 -0.329396 0.138223 
 0.486695 0.341183 -0.055118 
 0.417236 0.165607 0.042543 
 0.558176 0.460667 -0.095630 
 0.118370 -0.238239 -0.308713 
 -0.024374 -0.134352 0.142242 
 0.028693 0.501369 0.057323 
 0.523212 0.443356 -0.089522 
 0.088327 -0.008534 0.118527 
 -0.149147 -0.634953 0.155823 
 0.324572 -0.114807 -0.309137 
 0.072749 0.776700 0.074847 
 0.087309 0.713085 0.101994 
 0.176457 -0.528823 0.198428 
 -0.052623 0.055007 0.117902 
 -0.118961 0.171088 0.101026 
 0.059377 -0.478680 0.162245 
 -0.036808 0.184648 0.090201 
 0.315119 -0.136515 0.119604 
 0.208062 -0.384025 0.168478 
 -0.134296 -0.502785 -0.208613 
 0.208815 0.195189 0.000140 
 0.233824 -0.291227 0.127700 
 -0.154216 -0.769529 0.164144 
 0.126207 0.654733 0.164718 
 0.355630 -0.166375 -0.316371 
 0.300022 0.054173 0.001955 
 -0.355649 0.337847 -0.027547 
 -0.295474 0.403572 -0.026924 
 -0.005032 -0.346766 -0.274896 
 -0.153748 -0.836565 0.219465 
 0.520811 0.369145 -0.026748 
 0.061722 -0.466448 0.164888 
 0.045342 0.447781 0.054690 
 -0.253169 -0.797752 0.165645 
 -0.132759 -0.391499 -0.265081 
 0.085342 0.070446 0.107627 
 0.188414 -0.407139 0.168261 
 -0.287969 0.042362 0.004975 
 -0.017426 -0.443702 -0.132798 
 -0.148274 0.216042 0.096575 
 -0.349327 0.765926 -0.097819 
 -0.181207 -0.120728 0.030017 
 -0.180905 -0.570607 -0.150569 
 0.481490 0.367065 -0.063447 
 0.148210 0.048224 0.084539 
 0.081310 -0.346243 -0.285889 
 -0.447700 0.872653 -0.084810 
 -0.328480 -0.621853 -0.116701 
 0.113872 -0.446159 0.155358 
 0.329413 -0.178332 0.128064 
 -0.037109 0.489378 0.042974 
 -0.242671 0.035082 -0.000717 
 0.266891 -0.068714 -0.193430 
 -0.372614 -0.754898 0.041093 
 -0.126180 -0.477535 -0.212515 
 -0.123434 -0.748378 0.169045 
 0.221202 -0.266568 -0.308745 
 -0.340565 0.192197 0.009107 
 -0.037700 -0.704891 0.163982 
 -0.189992 0.047390 0.042867 
 0.099249 0.372243 0.107333 
 0.298980 0.078354 0.016114 
 0.234166 -0.306470 -0.297795 
 0.336439 -0.184801 0.173726 
 -0.029059 -0.408715 0.139771 
 -0.183631 -0.832321 0.219841 
 -0.123434 -0.747668 0.169045 
 0.036958 -0.090338 0.128664 
 -0.156688 -0.704318 -0.010732 
 0.095020 0.586598 0.107054 
 -0.336145 0.813979 -0.074642 
 0.265271 0.223138 -0.016098 
 -0.056211 -0.138162 0.118190 
 -0.299601 -0.007265 0.002806 
 -0.072979 -0.584573 -0.089884 
 0.344364 -0.155091 0.137037 
 0.179149 0.043765 0.074216 
 0.311183 -0.113778 -0.194528 
 0.145062 -0.372415 0.157044 
 0.089318 0.861683 0.137924 
 -0.020816 -0.411145 -0.248760 
 0.079809 0.539498 0.115347 
 -0.117120 0.030118 0.089997 
 -0.317118 0.420526 -0.032424 
 0.349442 0.104509 0.039542 
 0.197640 -0.238777 -0.301293 
 0.040263 0.498590 0.061543 
 -0.335066 0.386423 -0.044179 
 -0.310591 0.519702 -0.024911 
 0.098686 0.433983 0.084392 
 0.367027 0.166426 0.001707 
 -0.219914 -0.503311 -0.208576 
 -0.214192 0.067121 0.015439 
 -0.365685 0.199690 -0.021037 
 -0.372288 0.571091 -0.072421 
 -0.149487 -0.755550 0.156062 
 0.047063 0.102106 0.118931 
 -0.033319 -0.493346 -0.125452 
 0.261057 -0.186150 -0.324972 
 -0.308633 0.226652 -0.004874 
 -0.019294 -0.561982 -0.044043 
 -0.069458 -0.375825 -0.272239 
 0.367916 -0.028497 -0.039778 
 0.158539 -0.540171 0.200738 
 0.060962 -0.652276 0.167488 
 -0.321930 0.150782 0.008710 
 -0.372288 0.304462 -0.038816 
 0.305946 -0.169168 -0.325100 
 -0.107342 -0.568819 -0.154476 
 0.265220 -0.384600 0.200640 
 -0.379114 0.241249 -0.029592 
 -0.167394 -0.294537 -0.209672 
 0.024345 -0.764204 0.222306 
 0.296980 -0.110996 -0.189227 
 -0.363786 -0.010267 0.012733 
 0.355909 0.194238 -0.018291 
 0.029893 0.687166 0.087609 
 0.093398 0.461731 0.108005 
 -0.416424 0.742739 -0.116291 
 -0.304949 0.096304 0.007220 
 0.030398 0.923184 0.114786 
 -0.121626 -0.650444 0.152613 
 0.278403 -0.225171 -0.323394 
 0.062655 0.967046 0.156112 
 0.097359 0.786503 0.085346 
 0.407324 0.357030 -0.050246 
 -0.315095 0.111305 0.006389 
 0.552733 0.473827 -0.108106 
 0.083861 0.912491 0.144335 
 -0.190535 -0.277797 -0.215080 
 0.058718 0.175814 0.125330 
 0.122648 -0.472903 0.154223 
 -0.219357 0.118556 0.021530 
 -0.207593 0.117181 0.025604 
 0.091727 0.724187 0.093345 
 0.066585 0.729366 0.064697 
 -0.304036 0.719074 -0.024027 
 0.310482 -0.229071 0.145200 
 -0.057370 0.391418 0.061522 
 0.109850 -0.566263 0.165570 
 0.180817 -0.621933 0.270678 
 -0.144799 -0.708726 -0.005459 
 -0.229257 0.045123 0.005953 
 -0.310376 0.483562 -0.041639 
 -0.054100 0.416494 0.066668 
 -0.102623 -0.064354 0.101596 
 0.224963 -0.472509 0.214915 
 -0.134799 0.225512 0.103275 
 -0.149307 0.062234 0.082689 
 0.328497 -0.306802 0.226008 
 -0.176513 -0.586217 -0.140602 
 0.480600 0.428220 -0.086562 
 0.096741 -0.295783 -0.315829 
 0.368093 -0.157204 -0.309533 
 0.039463 0.064298 0.111142 
 -0.048104 -0.605699 0.144192 
 -0.220910 0.180610 0.053241 
 -0.359881 0.568692 -0.068409 
 0.290927 -0.216571 -0.316470 
 0.307870 -0.206267 -0.318995 
 0.287532 0.182179 -0.025817 
 -0.193310 -0.384959 -0.255533 
 -0.381626 -0.792923 0.096494 
 -0.179375 -0.782276 0.175014 
 0.563716 0.473306 -0.102913 
 0.071781 0.379026 0.086027 
 0.067701 0.827302 0.081016 
 0.145167 -0.155734 -0.318281 
 -0.289241 0.678221 0.008484 
 0.041852 0.102106 0.118931 
 -0.031909 -0.607172 0.138298 
 -0.279280 -0.036886 0.007068 
 0.349576 0.104509 0.040188 
 0.426825 0.353857 -0.065330 
 0.121659 0.038472 0.105726 
 -0.136788 -0.726385 0.145478 
 -0.037903 0.602480 0.047155 
 -0.187177 0.059734 0.045471 
 0.200908 -0.627996 0.288889 
 -0.397515 0.849876 -0.102492 
 -0.262220 -0.237172 -0.062655 
 -0.020146 -0.815663 0.230043 
 0.021500 0.301496 0.087553 
 0.558176 0.460456 -0.095894 
 0.214184 -0.341426 0.144771 
 -0.117769 -0.581642 -0.139290 
 -0.327046 -0.116085 -0.024066 
 -0.079437 -0.631566 0.161589 
 0.500964 0.362899 -0.045102 
 0.163965 -0.443562 0.174503 
 -0.010020 0.202699 0.102665 
 -0.160290 0.128979 0.078319 
 0.085263 0.513868 0.091997 
 -0.067704 -0.428329 -0.247702 
 0.219501 -0.194890 -0.296760 
 0.050618 -0.397822 0.160744 
 0.176457 -0.528232 0.198428 
 -0.328754 0.773982 -0.056155 
 -0.141144 -0.673224 -0.053936 
 -0.228969 0.030253 0.025402 
 0.104379 -0.431215 0.153861 
 -0.063087 -0.312148 -0.281692 
 0.185917 -0.583392 0.280066 
 0.033677 0.525192 0.062429 
 0.292291 0.002542 -0.096297 
 -0.158186 -0.162340 0.021629 
 -0.252013 -0.601660 -0.139176 
 -0.008640 -0.495645 -0.062063 
 -0.175239 -0.539764 -0.175990 
 -0.221353 -0.098299 0.007532 
 -0.233718 -0.097314 0.003447 
 -0.132752 -0.474364 -0.225244 
 -0.386225 0.873393 -0.062298 
 -0.055799 -0.566266 -0.058792 
 0.011782 0.107044 0.129764 
 0.071137 0.764744 0.072309 
 0.133667 -0.422922 0.155267 
 0.471080 0.442097 -0.087599 
 -0.022663 0.561378 0.047897 
 0.278816 -0.176510 -0.325905 
 0.009309 0.353013 0.080595 
 -0.246790 0.289891 0.016860 
 -0.211184 0.165821 0.054047 
 0.157506 0.085055 0.085064 
 -0.369014 0.227161 -0.028862 
 -0.212152 -0.134337 -0.028777 
 0.544623 0.401188 -0.034365 
 0.416857 0.392529 -0.084104 
 0.524648 0.538908 -0.128588 
 -0.093596 0.258765 0.069652 
 -0.226243 -0.330299 -0.248475 
 -0.230606 0.440283 0.003265 
 0.119533 -0.337149 -0.302645 
 0.298471 -0.381201 0.225006 
 0.072891 -0.534626 0.169019 
 -0.074147 -0.443717 -0.241320 
 -0.330413 0.359941 -0.036299 
 -0.368716 0.343714 -0.053580 
 -0.292299 0.005218 -0.002838 
 -0.335511 0.310738 -0.024606 
 0.146645 -0.567279 0.213627 
 -0.068780 -0.413614 -0.266919 
 -0.268965 -0.051697 0.007949 
 -0.241791 0.390472 0.024454 
 0.076013 -0.242101 -0.304722 
 -0.045673 0.401653 0.068131 
 0.350673 -0.011786 -0.054370 
 -0.244751 0.199940 0.024715 
 -0.225443 -0.033455 0.016467 
 -0.213508 -0.810495 0.198963 
 0.091162 -0.428745 0.149732 
 -0.135746 -0.787331 0.169895 
 -0.276038 0.449941 -0.012597 
 -0.124700 -0.047019 0.096171 
 -0.336145 0.812712 -0.076015 
 0.157659 -0.370793 -0.283121 
 -0.329728 -0.104006 -0.011074 
 0.181523 -0.627561 0.303589 
 -0.242271 -0.747373 -0.006532 
 -0.149586 -0.670781 0.137939 
 -0.134583 0.136447 0.087672 
 0.057265 0.981777 0.144880 
 0.320678 -0.151485 0.128952 
 0.475711 0.344199 -0.058976 
 -0.238994 0.467090 0.004373 
 -0.370645 0.318888 -0.036771 
 0.058111 0.631724 0.091145 
 0.022019 -0.401454 0.126902 
 0.148064 -0.356433 -0.283843 
 0.301918 -0.101351 -0.282331 
 0.002083 0.212555 0.110180 
 0.118641 -0.557164 0.182984 
 0.293807 -0.110266 -0.296909 
 -0.154789 -0.682201 -0.060626 
 -0.115509 -0.612409 0.160637 
 -0.148274 0.216763 0.096575 
 -0.154071 -0.064032 0.059840 
 -0.045260 0.207689 0.091319 
 0.391322 -0.225086 -0.279819 
 0.155097 -0.511055 0.192778 
 0.157480 -0.427165 0.163894 
 -0.365972 0.670436 -0.087050 
 0.188646 -0.565836 0.251184 
 0.117158 0.804632 0.139729 
 0.257129 0.061198 0.010845 
 0.178087 -0.337031 -0.280895 
 0.037767 -0.461189 0.154462 
 -0.266991 0.231422 -0.000143 
 0.230074 -0.447486 0.220217 
 -0.075924 -0.618906 0.167647 
 -0.320386 0.446852 -0.039307 
 0.049998 0.571208 0.076076 
 0.048197 0.395999 0.080543 
 -0.298642 0.263348 -0.007149 
 0.427700 0.213957 0.043359 
 0.025715 -0.698791 0.158209 
 -0.336145 0.812712 -0.076047 
 -0.311203 -0.093806 -0.014101 
 0.060846 0.506546 0.081130 
 -0.214805 -0.434493 -0.238588 
 0.497126 0.412574 -0.071266 
 0.076178 -0.045308 0.129022 
 -0.369330 -0.794469 0.100727 
 -0.034108 0.195276 0.092794 
 -0.345147 0.827122 -0.076085 
 -0.372058 0.507924 -0.050200 
 0.127009 0.101977 0.095947 
 -0.330539 0.295077 -0.013287 
 0.489097 0.304960 -0.048903 
 -0.139166 -0.685970 0.140767 
 -0.304141 -0.222331 -0.030757 
 -0.100217 -0.752900 0.177474 
 -0.328640 0.138518 0.015668 
 0.060812 -0.742528 0.219636 
 -0.013305 0.956923 0.103887 
 -0.274083 -0.125369 -0.016622 
 -0.032155 -0.408292 -0.252639 
 0.011594 0.391062 0.065906 
 -0.286503 -0.601219 -0.129700 
 0.138689 -0.451098 0.163615 
 -0.025375 -0.477762 -0.076517 
 -0.194262 -0.093824 0.040357 
 -0.037083 -0.393835 -0.261836 
 0.169059 0.202481 -0.002023 
 0.377580 0.338642 -0.053624 
 0.227835 0.217790 0.000430 
 0.343243 -0.224100 0.168341 
 -0.247637 -0.415265 -0.248530 
 0.022399 0.285680 0.108718 
 -0.259816 0.177762 0.015194 
 -0.059703 -0.513156 -0.137988 
 0.309408 -0.194201 -0.316935 
 -0.155077 -0.816242 0.200119 
 -0.028173 0.450592 0.060069 
 -0.040985 -0.458147 -0.177514 
 0.282617 -0.345351 0.182020 
 -0.262209 0.421231 -0.001924 
 0.254894 -0.008639 -0.166646 
 0.000109 0.121833 0.127587 
 -0.137319 -0.146368 0.075122 
 0.001999 -0.420554 -0.210112 
 -0.343245 0.702534 -0.061568 
 -0.270209 -0.395031 -0.275518 
 0.120896 -0.574143 0.203821 
 0.035320 0.180679 0.118571 
 -0.370646 0.162768 -0.028850 
 -0.118693 -0.115504 0.109263 
 -0.307456 -0.246664 -0.037871 
 -0.074780 -0.309810 -0.285401 
 0.076727 -0.358659 -0.279387 
 0.116970 0.116414 0.094482 
 -0.323089 0.150782 0.009465 
 -0.157937 -0.727561 0.159088 
 -0.168638 -0.103610 0.070651 
 0.130871 -0.589220 0.204151 
 -0.011890 0.319175 0.078211 
 0.246902 -0.253280 0.115777 
 0.228815 -0.148256 -0.296092 
 -0.137643 -0.713192 0.006378 
 -0.375040 0.746661 -0.112525 
 0.346534 -0.067048 -0.129960 
 -0.179844 -0.019377 0.047023 
 0.001886 0.655807 0.072270 
 -0.365278 -0.537936 -0.117418 
 -0.065098 -0.604217 0.148192 
 0.361867 0.009437 -0.036759 
 0.013999 -0.456228 0.148301 
 0.458783 0.457071 -0.111988 
 -0.292539 -0.135198 -0.014399 
 0.089280 0.324582 0.106277 
 -0.256301 0.113789 0.005154 
 -0.020957 -0.505427 -0.068672 
 0.016961 0.453136 0.056309 
 0.307939 0.216591 -0.023641 
 0.330702 -0.039494 -0.110470 
 0.026868 0.208199 0.118314 
 -0.006029 -0.480772 0.147889 
 -0.172915 -0.758525 -0.003117 
 -0.338282 0.602046 -0.065752 
 0.487531 0.293284 -0.051352 
 0.245617 -0.378981 0.184091 
 -0.229400 0.208721 0.053689 
 -0.058320 -0.789726 0.198162 
 0.020959 -0.821596 0.297840 
 0.189674 -0.213920 -0.300807 
 -0.031368 -0.569697 0.156340 
 -0.222565 0.166085 0.049962 
 0.220414 -0.260692 0.106419 
 -0.075277 -0.819663 0.219355 
 0.286898 -0.169349 0.102457 
 0.062514 -0.729831 0.220507 
 0.214588 -0.399626 0.179117 
 0.273149 -0.027844 -0.129945 
 -0.370228 -0.147241 -0.013449 
 -0.180265 -0.525192 -0.186286 
 -0.340354 0.527514 -0.046016 
 0.359727 0.063782 0.058465 
 -0.249924 -0.802854 0.188118 
 -0.248213 0.175325 0.019696 
 0.255385 -0.309253 0.133250 
 -0.073049 -0.584573 -0.090400 
 -0.165367 -0.833546 0.215207 
 0.177048 -0.223211 -0.306340 
 0.111915 0.595478 0.136220 
 0.085046 0.760749 0.098885 
 -0.156195 -0.162340 0.021629 
 -0.392522 -0.042606 -0.004605 
 -0.086916 -0.757201 0.181689 
 0.134417 -0.422922 0.155649 
 0.132995 -0.229699 -0.302416 
 -0.322052 0.009993 -0.002077 
 0.345781 0.282147 -0.041921 
 -0.086916 -0.755143 0.181689 
 -0.375657 -0.007809 0.006646 
 0.099815 0.784517 0.107639 
 0.224647 -0.292593 -0.300023 
 -0.056428 -0.049552 0.131962 
 0.102554 0.697154 0.116394 
 0.105602 -0.656500 0.228200 
 -0.006725 0.226943 0.108705 
 0.477935 0.307080 -0.053120 
 0.559824 0.494263 -0.111316 
 0.367229 0.192184 -0.015817 
 -0.375967 0.483260 -0.055338 
 0.272361 -0.237182 -0.316033 
 0.000227 0.705663 0.068899 
 0.058165 0.304666 0.101701 
 0.285732 0.256212 -0.015883 
 -0.181902 -0.504966 -0.227066 
 -0.164849 0.091890 0.071266 
 0.035284 -0.420053 0.151324 
 0.297108 -0.238344 0.138550 
 0.045721 -0.402273 -0.211723 
 0.559619 0.496143 -0.111316 
 -0.001012 -0.828060 0.277712 
 0.190182 -0.612785 0.288033 
 0.002001 0.743328 0.031564 
 0.295006 -0.009115 -0.109055 
 -0.360505 0.314288 -0.032716 
 0.329200 -0.290233 0.197244 
 0.420865 0.317207 -0.040523 
 -0.037017 -0.144342 0.136230 
 0.308837 -0.242125 0.142611 
 -0.159229 -0.137640 0.035826 
 0.316422 0.009306 -0.085992 
 0.123805 0.755274 0.133521 
 -0.201700 -0.002119 0.041448 
 0.011782 0.107044 0.129095 
 0.508168 0.518971 -0.127880 
 -0.042317 0.040174 0.119388 
 -0.001057 0.045262 0.125037 
 0.349920 -0.134847 -0.172368 
 0.152502 -0.523585 0.191756 
 -0.307456 -0.247311 -0.037871 
 -0.185266 -0.489667 -0.237348 
 -0.389207 0.823478 -0.103584 
 -0.275059 0.474333 -0.007451 
 -0.018409 0.035271 0.127584 
 -0.215773 -0.666680 -0.102779 
 0.024002 -0.471238 0.149804 
 -0.088681 0.062360 0.105609 
 -0.306272 0.290219 -0.006033 
 0.090985 0.699550 0.112397 
 0.073263 -0.333063 -0.287295 
 -0.290245 0.029907 0.002371 
 0.509665 0.347873 -0.012801 
 -0.162514 0.116616 0.075711 
 0.095988 0.486049 0.113135 
 -0.160185 -0.317270 -0.232489 
 -0.353973 0.248672 -0.018604 
 -0.056030 -0.715135 0.167091 
 0.051851 0.868856 0.103830 
 -0.168808 -0.428024 -0.242633 
 -0.119272 -0.188996 0.075483 
 -0.238223 -0.031690 0.012382 
 0.202496 -0.284645 0.106331 
 -0.134718 -0.283333 -0.238761 
 0.531540 0.537372 -0.114918 
 -0.052987 -0.554705 -0.056207 
 0.105057 0.870184 0.135135 
 0.433421 0.201106 0.054029 
 0.533538 0.379758 -0.020016 
 -0.359064 -0.577414 -0.121145 
 -0.387867 0.786131 -0.120210 
 -0.127544 -0.124302 0.092719 
 -0.193601 -0.176517 -0.026766 
 0.331781 -0.246776 -0.306106 
 -0.219635 -0.470524 -0.244647 
 -0.338489 0.800683 -0.077179 
 0.017978 -0.476082 -0.048470 
 -0.149350 -0.039269 0.065710 
 0.175592 -0.351812 0.161388 
 -0.277816 0.488329 -0.017958 
 0.301918 -0.101351 -0.282347 
 0.242131 -0.375142 0.162557 
 -0.158245 -0.727561 0.158579 
 -0.173949 0.096733 0.035557 
 -0.334881 0.738158 -0.085886 
 -0.430504 0.819842 -0.132179 
 -0.334707 -0.141150 -0.021152 
 0.178137 -0.516016 0.200088 
 -0.221825 -0.244436 -0.059367 
 0.061770 0.188102 0.127923 
 0.053143 -0.768907 0.286644 
 -0.094093 -0.042166 0.120091 
 0.035616 -0.771976 0.257767 
 -0.371820 0.770682 -0.106793 
 0.516115 0.336094 -0.034137 
 0.025127 -0.385689 -0.216544 
 -0.026627 -0.660007 0.133154 
 -0.063655 -0.442125 0.132418 
 0.367483 0.216498 -0.033347 
 -0.313520 0.608759 -0.055188 
 -0.262337 -0.436527 -0.257572 
 -0.069458 -0.374889 -0.272239 
 -0.277795 0.387005 -0.012399 
 -0.329042 0.473617 -0.039217 
 0.171647 0.215368 0.000507 
 -0.208142 -0.421698 -0.245436 
 0.191790 -0.570258 0.274597 
 0.003813 -0.138949 0.141395 
 -0.082973 -0.122194 0.121630 
 -0.340451 0.373637 -0.037765 
 -0.027774 -0.256919 -0.270171 
 0.178137 -0.516016 0.200802 
 0.061342 0.048004 0.115676 
 -0.311805 0.123650 0.008343 
 0.324353 -0.016276 -0.087066 
 -0.358170 0.391252 -0.052252 
 0.309804 -0.354018 0.211838 
 -0.274033 -0.548762 -0.128139 
 -0.071168 -0.601286 -0.070600 
 0.035402 -0.407856 0.153964 
 0.100938 0.322802 0.110313 
 0.047408 -0.250349 -0.305924 
 -0.331791 0.649644 -0.055539 
 0.006414 0.592895 0.063178 
 -0.267755 0.523116 0.002840 
 -0.360063 0.631579 -0.090693 
 0.316252 -0.215746 0.138562 
 -0.360339 0.767460 -0.101794 
 0.188072 -0.565321 0.251184 
 0.215471 -0.328232 -0.297853 
 -0.308039 -0.581722 -0.135241 
 0.303249 -0.043864 -0.142267 
 -0.133363 -0.211784 -0.020587 
 0.102136 -0.651252 0.204815 
 -0.225443 -0.034123 0.016467 
 0.247308 0.263546 -0.017128 
 -0.164796 -0.731579 -0.007122 
 0.059638 0.767833 0.068172 
 0.404247 0.156930 0.036150 
 -0.005122 -0.798638 0.205818 
 -0.109744 0.195649 0.096401 
 -0.355649 0.338791 -0.025663 
 0.527910 0.490520 -0.102465 
 -0.067067 -0.617026 -0.059243 
 0.092731 0.549250 0.122339 
 -0.218168 0.271067 0.035426 
 0.111722 -0.672776 0.236854 
 0.373412 -0.077969 -0.045862 
 0.261116 -0.186150 -0.323031 
 -0.274092 -0.087928 0.000125 
 0.072888 -0.267322 -0.307787 
 0.000182 0.817077 0.042894 
 -0.082004 -0.057065 0.121583 
 0.126249 0.767377 0.136075 
 -0.040985 -0.457771 -0.176981 
 -0.199180 0.252120 0.072276 
 -0.163442 -0.455177 -0.234620 
 0.104208 0.345080 0.115459 
 -0.158432 -0.115020 0.072141 
 -0.139616 -0.633376 -0.122980 
 -0.392024 0.835123 -0.092010 
 0.073155 0.715478 0.097995 
 0.115927 0.831587 0.154184 
 -0.014966 -0.231941 -0.283105 
 -0.083089 -0.159025 0.104710 
 0.543847 0.499083 -0.105671 
 0.178137 -0.515192 0.201072 
 -0.150726 -0.164862 0.034701 
 0.105700 0.671449 0.124953 
 0.600437 0.570775 -0.105758 
 0.058445 0.556709 0.078100 
 0.112293 -0.487752 0.169725 
 -0.370430 0.733652 -0.100367 
 0.396864 0.310746 -0.050763 
 0.508288 0.276984 -0.048069 
 -0.325301 0.698652 -0.045327 
 0.117521 -0.599314 0.197636 
 0.073020 -0.267322 -0.309641 
 -0.018360 -0.306118 -0.285153 
 0.202496 -0.282406 0.106331 
 0.368610 -0.095622 -0.104820 
 0.397086 0.159174 0.022821 
 0.197640 -0.239380 -0.303409 
 -0.291001 0.663584 0.005915 
 0.513968 0.446040 -0.093343 
 0.018660 0.863956 0.111337 
 -0.187532 -0.696748 -0.031928 
 -0.182133 -0.714223 -0.021588 
 -0.029365 0.600064 0.051161 
 0.084722 0.006329 0.107898 
 -0.282358 -0.187280 -0.029755 
 0.034110 0.283368 0.111431 
 0.152075 -0.441093 0.170375 
 -0.365568 -0.035105 0.006019 
 -0.194898 0.126221 0.032273 
 0.339958 0.271745 -0.035673 
 0.211776 -0.453441 0.191018 
 0.059840 -0.652276 0.167394 
 0.220352 -0.415271 0.189454 
 0.112341 0.092308 0.089328 
 -0.186319 -0.622330 -0.139150 
 -0.236933 0.400224 0.049219 
 0.341889 -0.107705 -0.171306 
 -0.010951 -0.751615 0.178397 
 0.095119 0.309627 0.116962 
 -0.337918 0.437621 -0.037924 
 0.008590 -0.697447 0.162257 
 -0.422424 0.793295 -0.110122 
 -0.216487 0.321774 0.054924 
 -0.201998 -0.112491 -0.010522 
 0.006695 0.442095 0.072142 
 -0.111492 -0.201542 0.054856 
 0.005966 -0.481947 0.152042 
 0.260979 -0.046098 -0.170182 
 0.364048 -0.254859 -0.294697 
 0.189486 -0.523672 0.235534 
 -0.021943 0.396824 0.076204 
 -0.210505 -0.122048 -0.025620 
 -0.387094 0.699075 -0.089946 
 -0.355375 0.029698 -0.009609 
 -0.158143 -0.442367 -0.240943 
 0.003308 -0.681196 0.152971 
 -0.276169 0.039808 0.008460 
 -0.267100 0.370820 0.010931 
 0.230011 -0.231365 -0.309321 
 -0.176513 -0.586217 -0.138429 
 0.259649 -0.057811 -0.172401 
 -0.094891 -0.782152 0.184733 
 -0.239757 0.504314 0.021453 
 -0.306558 0.682132 -0.008648 
 0.067602 0.262537 0.121011 
 0.286689 0.080441 0.012152 
 -0.318851 0.163127 0.012069 
 0.317688 0.201453 -0.022962 
 0.231955 -0.359885 0.159507 
 -0.346350 0.727595 -0.070330 
 -0.234365 0.170709 0.044457 
 0.388900 0.211087 0.005984 
 -0.044106 0.273589 0.090367 
 -0.361023 0.706834 -0.101461 
 0.325757 -0.234208 0.171791 
 0.059175 0.291352 0.122125 
 0.453085 0.446104 -0.104839 
 0.034127 0.984987 0.138108 
 -0.001852 0.304542 0.078318 
 0.370617 -0.138853 -0.164639 
 -0.097953 -0.513832 -0.173015 
 -0.321421 0.834389 -0.064664 
 0.125674 -0.686832 0.230148 
 -0.282625 0.639147 0.004808 
 0.002276 -0.536641 0.164956 
 -0.001075 -0.420554 -0.210112 
 -0.216434 -0.579985 -0.143058 
 -0.033422 0.575877 0.046055 
 -0.135262 -0.004576 0.077644 
 0.313052 0.063892 0.008299 
 0.531937 0.392765 -0.039966 
 -0.324748 -0.066861 -0.005473 
 0.238107 -0.171998 -0.297142 
 0.510405 0.322878 0.004897 
 -0.068317 -0.047090 0.127283 
 -0.333925 -0.738652 0.002845 
 -0.327433 0.061892 0.004263 
 0.131779 -0.346030 0.167292 
 -0.262094 0.165454 0.013026 
 -0.386225 0.872776 -0.060628 
 -0.294079 0.351167 -0.002104 
 -0.049991 -0.402850 -0.269396 
 -0.033513 0.207565 0.095517 
 0.050455 0.658326 0.090514 
 0.006431 -0.046371 0.123657 
 -0.236504 0.223761 0.021060 
 0.183113 -0.352626 -0.270466 
 0.343454 -0.096890 -0.170056 
 0.204846 -0.543089 0.260687 
 0.017978 -0.476444 -0.048845 
 0.030789 0.463245 0.062878 
 -0.017796 0.597688 0.055885 
 -0.235874 -0.401829 -0.264639 
 -0.257306 -0.166308 -0.038184 
 -0.036701 0.900142 0.097149 
 -0.256534 -0.539663 -0.130308 
 -0.318100 0.022356 0.000531 
 -0.017495 -0.096985 0.150125 
 0.222550 -0.171839 -0.291881 
 -0.178288 -0.327498 -0.230099 
 -0.155677 -0.470612 -0.233181 
 -0.129611 0.173519 0.096935 
 -0.297295 0.730652 -0.029656 
 -0.029256 -0.303788 -0.291562 
 -0.206535 0.268634 0.039564 
 0.192175 -0.600088 0.291397 
 0.067266 0.148423 0.124213 
 -0.106699 -0.439061 -0.232256 
 0.011290 0.491901 0.059969 
 0.049998 0.571208 0.077618 
 -0.170404 -0.507347 -0.222218 
 -0.470198 0.866931 -0.095342 
 0.301435 -0.293550 -0.292221 
 -0.018006 -0.306118 -0.284043 
 -0.254651 0.126096 0.009179 
 0.155165 0.123939 0.078627 
 -0.060029 -0.802479 0.196419 
 0.022534 0.119906 0.113381 
 0.275488 0.028313 -0.077253 
 0.004812 0.530666 0.063628 
 0.415639 0.155021 0.040029 
 -0.034022 0.258044 0.092545 
 -0.100902 -0.554381 -0.159867 
 0.034260 0.360147 0.091240 
 0.374381 0.189484 -0.002589 
 -0.087047 0.126657 0.105477 
 -0.045470 -0.267261 -0.267565 
 0.001138 0.556586 0.055519 
 -0.132555 -0.506666 -0.186442 
 0.061356 0.656152 0.094520 
 -0.179849 0.069611 0.061187 
 0.097359 0.784747 0.085290 
 0.250560 -0.464952 0.225798 
 -0.223692 -0.256707 -0.062576 
 0.504090 0.324447 -0.017796 
 0.140988 -0.254460 -0.303125 
 -0.292755 -0.046802 0.000337 
 0.055951 -0.569840 0.156924 
 0.336439 -0.184801 0.173857 
 -0.093731 -0.574765 -0.128676 
 -0.215799 0.143401 0.026723 
 -0.246604 0.238171 0.019586 
 -0.229257 0.044660 0.005953 
 -0.262172 0.407574 0.019946 
 -0.129979 -0.678177 0.156192 
 0.263109 0.001404 -0.151122 
 0.044283 0.344443 0.092704 
 0.311821 0.033122 -0.062553 
 0.242131 -0.374759 0.160993 
 -0.246165 0.173905 0.041791 
 0.100086 0.459895 0.121727 
 -0.224455 -0.454932 -0.256994 
 -0.360987 -0.071889 -0.019624 
 -0.087799 0.178417 0.103044 
 0.507589 0.311128 0.002419 
 -0.082982 0.432977 0.101829 
 -0.222133 -0.008484 0.021676 
 0.037839 0.065184 0.111142 
 0.034921 -0.326388 -0.289968 
 0.087740 0.675344 0.109350 
 -0.227896 -0.444126 -0.246584 
 0.141151 -0.254460 -0.303472 
 0.013667 0.566978 0.062077 
 0.113943 -0.594810 0.175043 
 0.520862 0.343583 -0.008977 
 0.156288 -0.158024 -0.314846 
 0.313762 -0.103629 -0.279280 
 0.093344 0.498838 0.125260 
 -0.000781 0.954531 0.109941 
 0.163487 -0.469972 0.191595 
 0.009687 -0.427926 0.141668 
 -0.349526 0.168139 0.012852 
 -0.401229 0.813845 -0.110093 
 0.269895 -0.202447 0.090703 
 0.495571 0.400972 -0.076111 
 0.207697 -0.412805 0.185638 
 0.285816 -0.090288 -0.244081 
 0.109781 0.331285 0.126158 
 -0.143482 -0.590125 -0.149903 
 0.049482 -0.354709 -0.277155 
 -0.129122 -0.532952 -0.179129 
 0.633229 0.564559 -0.094405 
 -0.013890 0.484579 0.049388 
 0.187218 -0.419576 0.164589 
 0.201911 -0.288007 -0.307233 
 -0.123033 -0.353757 -0.267660 
 0.089022 -0.048295 0.133108 
 -0.036767 0.089700 0.129836 
 -0.365234 -0.109939 -0.005590 
 -0.188552 -0.462421 -0.245088 
 0.185015 -0.249174 -0.307570 
 -0.338460 0.012331 0.002877 
 -0.037800 0.286038 0.084518 
 0.101926 -0.351782 0.165521 
 -0.030454 0.154660 0.120539 
 0.319537 -0.191386 0.142798 
 -0.208376 -0.521643 -0.184484 
 -0.035188 -0.541752 0.148491 
 0.026100 -0.644802 0.154898 
 -0.259667 -0.614061 -0.132959 
 0.050582 -0.516894 0.163360 
 0.078323 0.963300 0.150339 
 0.056446 0.955989 0.139774 
 0.573977 0.540553 -0.120002 
 0.089280 0.323896 0.108675 
 0.111706 0.820109 0.128937 
 0.097071 0.067780 0.111688 
 -0.261263 0.268232 0.007622 
 0.290168 -0.142517 0.107603 
 -0.336933 -0.577857 -0.134670 
 -0.014378 0.279331 0.092627 
 0.003374 0.212555 0.111038 
 0.030176 -0.575317 0.145971 
 -0.219815 0.258778 0.033507 
 -0.310275 0.634151 -0.050081 
 -0.360520 0.044570 -0.022143 
 -0.265179 -0.449003 -0.260106 
 -0.231397 0.197503 0.028962 
 0.286785 -0.303435 -0.289484 
 -0.191954 -0.163780 -0.026288 
 0.035822 0.037920 0.137446 
 0.378183 -0.041822 -0.038355 
 -0.146427 -0.712494 0.143954 
 0.026746 0.663118 0.082503 
 0.433365 0.225637 0.036778 
 -0.377569 0.135945 -0.003089 
 0.307995 -0.157714 -0.322593 
 -0.054156 -0.552575 -0.056207 
 -0.068019 0.032695 0.108581 
 -0.276553 0.130969 0.001164 
 0.133667 -0.422922 0.157066 
 0.019264 0.016091 0.128138 
 -0.079562 -0.560400 0.139361 
 0.272471 -0.004448 -0.117197 
 -0.276289 0.039808 0.009060 
 -0.132193 0.020187 0.082868 
 0.500258 0.302888 -0.045391 
 -0.345821 0.740539 -0.088898 
 -0.324025 0.773181 -0.087335 
 -0.283339 -0.520594 -0.127023 
 -0.004464 0.393939 0.070277 
 -0.049299 -0.524990 -0.081890 
 0.208339 -0.384025 0.168471 
 -0.221245 -0.483231 -0.249273 
 -0.162505 -0.628719 -0.131065 
 -0.420656 0.656465 -0.098620 
 -0.281695 0.196111 0.010072 
 -0.133172 -0.787347 0.169895 
 0.102988 -0.198776 -0.309051 
 -0.301759 -0.533587 -0.124872 
 0.387932 -0.056647 -0.036931 
 -0.030364 0.910977 0.090207 
 0.380338 -0.222839 -0.283622 
 0.359377 0.329618 -0.050616 
 -0.050811 -0.064675 0.144547 
 0.042813 -0.300875 -0.293983 
 0.145481 -0.155734 -0.318673 
 0.229374 -0.148256 -0.296092 
 0.039463 0.065184 0.110861 
 0.468588 0.284550 -0.039309 
 -0.298330 0.146278 0.017636 
 0.105533 0.895596 0.149590 
 -0.156082 -0.150056 0.024233 
 -0.199899 -0.679186 -0.055205 
 0.100182 0.622963 0.114725 
 0.112265 0.757670 0.129516 
 -0.080917 -0.548040 -0.142095 
 0.033207 0.360360 0.091240 
 0.060610 0.917283 0.136120 
 0.086568 -0.524614 0.175974 
 0.557205 0.448628 -0.066177 
 -0.170404 -0.507347 -0.224079 
 0.099888 0.622477 0.114725 
 0.278448 0.146393 -0.024090 
 -0.385465 -0.082321 -0.008571 
 0.304113 -0.213463 0.134508 
 0.265500 -0.323503 0.134727 
 -0.338027 -0.165699 -0.025614 
 0.040849 0.065184 0.111142 
 -0.420656 0.656465 -0.101881 
 -0.193056 -0.313772 -0.222669 
 -0.272247 0.435863 -0.003518 
 0.209977 -0.286354 0.119514 
 0.164071 -0.620455 0.276950 
 -0.026491 0.675764 0.053252 
 0.032467 -0.824147 0.303194 
 0.021533 0.801054 0.048207 
 -0.025883 -0.489939 -0.079086 
 -0.032579 -0.481639 -0.122899 
 0.046435 0.733742 0.079269 
 -0.116159 -0.074310 0.094951 
 -0.165105 -0.693629 0.128782 
 0.034707 0.232045 0.114415 
 0.063356 -0.507097 0.170160 
 -0.273558 -0.113213 -0.014018 
 0.060042 -0.478680 0.161037 
 -0.063159 -0.471471 0.149270 
 0.077906 0.726984 0.068678 
 0.025889 0.297932 0.109961 
 0.150547 -0.219112 -0.305151 
 -0.298114 0.056830 0.003493 
 -0.005363 -0.804934 0.236974 
 0.148064 -0.355337 -0.284522 
 0.307825 -0.188960 0.138882 
 -0.050023 0.287982 0.080463 
 -0.263846 0.409016 -0.004308 
 -0.099279 -0.544464 -0.158247 
 -0.353460 0.131050 0.005028 
 -0.006380 -0.508978 0.166178 
 -0.330074 0.712226 -0.055473 
 0.028197 -0.577421 0.145971 
 0.108466 0.795285 0.124377 
 0.000809 -0.639165 0.146567 
 -0.076498 -0.631566 0.161589 
 0.367032 -0.107658 -0.107592 
 0.583214 0.479128 -0.083420 
 -0.282413 0.551626 -0.007994 
 0.147422 -0.291622 -0.308874 
 0.173797 -0.581388 0.272801 
 -0.387071 0.872776 -0.062298 
 0.076633 -0.358717 -0.279387 
 -0.128886 -0.691752 -0.030618 
 0.378267 0.138695 0.023168 
 -0.295854 -0.161430 -0.019615 
 0.368075 0.140173 0.019224 
 0.357208 0.355019 -0.058870 
 -0.206563 -0.359201 -0.245601 
 0.199846 -0.327208 -0.292654 
 -0.343300 0.388837 -0.048215 
 -0.210118 -0.100743 0.012896 
 -0.348961 0.168139 0.013528 
 -0.347433 0.728510 -0.091616 
 0.019178 0.838593 0.096941 
 0.375003 -0.066430 -0.044503 
 -0.303786 0.378211 -0.023061 
 -0.144960 0.240474 0.101791 
 0.409060 0.219144 0.026034 
 -0.274182 0.562119 0.006306 
 -0.010164 0.124277 0.124537 
 0.126764 -0.275290 -0.312221 
 -0.028173 0.449259 0.060069 
 -0.348606 -0.187815 -0.043806 
 -0.074974 0.071206 0.112319 
 0.051228 0.062748 0.113130 
 0.101719 0.472202 0.123854 
 0.508085 0.360816 -0.033075 
 0.160571 -0.172291 -0.304410 
 0.006727 0.328601 0.075449 
 0.279445 -0.165001 0.089214 
 -0.190937 -0.642375 -0.111182 
 0.188909 -0.312445 -0.294048 
 0.189977 -0.263716 -0.297135 
 -0.286360 -0.651161 -0.127219 
 0.011377 -0.379527 -0.241446 
 -0.096880 -0.167977 0.097970 
 -0.009252 -0.739227 0.181201 
 0.056277 0.707061 0.100727 
 0.029355 0.323321 0.083522 
 -0.197713 -0.794687 0.176964 
 0.112591 -0.458633 0.152726 
 0.259623 -0.013902 -0.122621 
 0.048974 -0.239682 -0.303461 
 -0.034488 0.102092 0.132448 
 0.123045 0.126835 0.087867 
 -0.343614 0.502157 -0.050528 
 -0.141429 0.175328 0.092843 
 0.113123 0.782388 0.189360 
 -0.323452 0.087811 0.009479 
 -0.308826 0.290219 -0.006033 
 -0.152890 -0.736171 -0.003000 
 -0.153437 -0.080109 0.080001 
 -0.142607 -0.459925 -0.227114 
 -0.016405 0.112393 0.130027 
 -0.189013 0.075039 0.025961 
 -0.016447 -0.480173 -0.072487 
 -0.176617 -0.819064 0.213663 
 -0.373966 0.019684 -0.010862 
 -0.268106 -0.588001 -0.132744 
 0.028178 -0.387875 0.121175 
 0.334791 -0.197090 0.169388 
 -0.141943 -0.759301 0.171545 
 0.028247 -0.529038 0.174628 
 -0.313222 -0.652900 -0.104961 
 -0.178796 -0.190373 -0.034242 
 0.179940 0.121631 0.053930 
 0.029424 0.001896 0.129622 
 -0.360709 -0.553068 -0.107163 
 0.071787 0.877361 0.123137 
 0.020369 0.527588 0.059144 
 -0.249486 0.074773 0.002999 
 0.337055 -0.104982 -0.301687 
 0.049299 0.708413 0.087447 
 0.309608 -0.325490 0.194709 
 0.133413 -0.664797 0.257832 
 0.031727 0.612310 0.075639 
 -0.311785 0.134870 0.010947 
 0.407543 0.233132 0.005935 
 -0.074255 -0.819165 0.219355 
 -0.156779 -0.149995 0.024233 
 0.065469 0.340921 0.100777 
 -0.379123 0.659336 -0.093589 
 -0.066062 -0.087121 0.133636 
 -0.063154 -0.444510 -0.237376 
 -0.101742 -0.454055 -0.221129 
 0.047218 -0.542544 0.158066 
 -0.028173 0.449069 0.060069 
 -0.019738 -0.096985 0.150125 
 0.087315 -0.614939 0.161442 
 0.521322 0.493042 -0.115700 
 -0.240986 -0.453758 -0.252920 
 -0.058278 -0.631962 0.147842 
 0.035876 0.412663 0.056662 
 0.058415 0.668927 0.106425 
 0.349985 -0.032571 -0.090969 
 0.003141 -0.498059 -0.058027 
 -0.091789 0.036359 0.100385 
 0.311449 0.052269 0.005777 
 0.024452 -0.036258 0.122348 
 -0.354438 0.667777 -0.083751 
 -0.356055 0.655544 -0.085602 
 -0.072895 -0.523939 -0.145129 
 0.324107 -0.247061 0.169194 
 0.491503 0.242339 -0.025718 
 -0.237516 -0.464917 -0.263493 
 0.577654 0.598559 -0.099398 
 0.262783 0.008026 -0.117205 
 0.067237 -0.370678 0.138797 
 -0.071797 0.227736 0.094895 
 -0.163564 0.155775 0.070390 
 -0.009664 -0.071838 0.146281 
 -0.089224 -0.556777 -0.156794 
 -0.260937 -0.337815 -0.241278 
 0.589507 0.572594 -0.110898 
 -0.333681 0.386423 -0.043606 
 0.210786 0.116478 0.043498 
 -0.226063 -0.467827 -0.259524 
 -0.251351 0.150711 0.015522 
 0.040465 0.373145 0.084613 
 0.213046 -0.157906 -0.293212 
 -0.183296 0.044885 0.057190 
 0.049767 -0.649785 0.163229 
 -0.013497 -0.710123 0.173375 
 -0.016413 -0.450892 -0.166947 
 -0.122528 -0.254302 -0.273271 
 -0.175647 -0.303455 -0.225047 
 -0.056417 -0.631962 0.147346 
 0.075341 0.691146 0.083613 
 0.313020 0.165868 -0.029725 
 0.098675 0.934758 0.153244 
 -0.095271 -0.441398 -0.227490 
 -0.346052 0.039545 0.003883 
 -0.197203 0.212947 0.078093 
 -0.240629 0.454894 0.002133 
 0.048974 -0.093321 0.132761 
 0.247372 0.251647 -0.019761 
 -0.420616 0.793091 -0.089935 
 -0.319858 0.734999 -0.037667 
 -0.420616 0.793061 -0.088102 
 -0.158094 0.141342 0.080927 
 0.016912 0.591134 0.067184 
 -0.073954 0.072290 0.112319 
 0.012900 -0.642310 0.150733 
 0.127951 0.165473 0.096915 
 0.583265 0.479128 -0.083896 
 0.369626 -0.145769 -0.309120 
 0.074792 -0.612455 0.158203 
 -0.205567 0.240120 0.078725 
 -0.013016 0.770353 0.020402 
 0.086601 0.537780 0.129245 
 0.091277 0.661727 0.118385 
 0.109647 -0.335857 -0.306504 
 0.348557 -0.009144 -0.076760 
 0.209935 -0.312355 0.136742 
 -0.043798 -0.255454 -0.265133 
 -0.047254 -0.129420 0.132961 
 -0.265593 -0.152690 -0.018012 
 -0.056461 -0.550348 -0.077999 
 0.148727 -0.230714 -0.307187 
 0.038806 -0.605002 0.143158 
 0.057874 0.008414 0.131267 
 0.494353 0.461760 -0.098550 
 -0.376404 0.783988 -0.116378 
 0.206980 -0.314106 -0.299245 
 -0.278688 0.322171 0.010557 
 0.142096 -0.242840 -0.301021 
 0.250398 -0.232625 -0.323589 
 -0.311419 -0.004818 -0.001576 
 0.145864 -0.303243 -0.309720 
 -0.146946 -0.002125 0.073546 
 -0.173136 0.030075 0.057119 
 -0.242671 0.034695 -0.000717 
 -0.127755 -0.688480 0.144589 
 0.091922 0.121478 0.117981 
 -0.016173 0.610590 0.057720 
 -0.005224 0.381762 0.068492 
 0.249638 -0.349726 0.157762 
 -0.272208 -0.424430 -0.259013 
 -0.170244 -0.715638 -0.017472 
 0.473569 0.332541 -0.061435 
 -0.162442 -0.329224 -0.234977 
 -0.350079 -0.074340 -0.015865 
 -0.295109 0.185071 0.003563 
 0.093701 -0.063306 0.142298 
 -0.098493 -0.002392 0.123846 
 0.331781 -0.249860 -0.306106 
 -0.220411 -0.297624 -0.219219 
 -0.386466 0.359493 -0.068043 
 0.048164 0.646559 0.087961 
 0.006009 -0.485864 -0.055454 
 0.061990 0.124226 0.119028 
 0.011377 -0.378713 -0.242303 
 -0.370740 0.571996 -0.094424 
 0.054866 0.606695 0.084307 
 0.090106 -0.679314 0.217039 
 -0.046796 -0.593094 0.148179 
 -0.297270 -0.835133 0.176026 
 -0.197438 -0.475279 -0.238790 
 0.036642 0.770598 0.060366 
 -0.030187 -0.094519 0.146003 
 -0.275224 -0.769988 -0.011294 
 0.006431 -0.046371 0.124395 
 0.148472 -0.646616 0.298884 
 0.106388 0.670769 0.124953 
 -0.172915 -0.757365 -0.003527 
 -0.056983 -0.631725 -0.058061 
 -0.166973 -0.088632 0.073271 
 0.295425 0.035388 -0.056725 
 0.019688 0.209716 0.105085 
 0.190553 -0.395300 0.170885 
 0.004291 0.903800 0.101638 
 -0.127954 0.185899 0.100289 
 -0.056983 -0.631725 -0.057414 
 -0.154071 -0.064032 0.060826 
 0.361037 -0.037817 -0.055447 
 -0.151157 0.012465 0.063030 
 -0.343937 0.337434 -0.023492 
 -0.143536 -0.669643 -0.075743 
 -0.183167 -0.744387 -0.005024 
 -0.178108 -0.008265 0.049631 
 -0.277691 -0.792673 0.157321 
 0.383841 -0.021665 -0.010892 
 -0.083490 0.099505 0.112250 
 -0.331991 0.499750 -0.046953 
 0.508125 0.361029 -0.033075 
 0.084040 -0.549712 0.170525 
 -0.134718 -0.282626 -0.238878 
 -0.205578 -0.026845 0.036232 
 -0.168463 -0.428024 -0.242380 
 -0.062015 -0.034474 0.122629 
 0.344585 -0.118703 -0.301556 
 -0.343261 0.502157 -0.051146 
 0.281118 -0.153566 -0.321065 
 0.065338 0.542911 0.090427 
 -0.394507 0.826481 -0.116590 
 -0.315959 -0.219883 -0.036038 
 -0.137251 -0.155244 0.040908 
 -0.273969 0.474851 -0.007451 
 0.173520 0.082648 0.075316 
 -0.379048 -0.134454 -0.014940 
 -0.141566 -0.081816 0.084329 
 0.526714 0.479011 -0.103710 
 0.070836 0.492024 0.082585 
 0.011120 0.989779 0.128858 
 -0.124423 0.122896 0.090594 
 -0.203169 0.037489 0.036177 
 -0.402413 0.615427 -0.099482 
 0.319783 -0.340274 0.196028 
 -0.010501 0.881525 0.092591 
 -0.422023 0.693007 -0.104472 
 -0.237652 -0.649944 -0.108329 
 -0.152890 -0.733258 -0.003000 
 0.068427 0.790801 0.064107 
 0.049745 -0.028790 0.133939 
 -0.096335 -0.501210 -0.172371 
 -0.343667 0.451522 -0.048385 
 -0.043815 -0.526675 0.146980 
 0.181781 -0.549779 0.240551 
 -0.294197 -0.148079 -0.017007 
 0.009365 0.977676 0.126985 
 0.155944 0.123939 0.077534 
 -0.353951 -0.540609 -0.113333 
 0.102982 -0.248091 -0.305333 
 0.267855 0.109128 0.008039 
 0.221799 -0.260692 0.105872 
 -0.366948 0.457741 -0.056445 
 -0.059160 -0.127029 0.129875 
 -0.158901 -0.748520 0.003233 
 0.131240 -0.589220 0.203542 
 0.009824 0.303078 0.083511 
 -0.225332 -0.232647 -0.046910 
 -0.246672 0.239066 0.019586 
 -0.209957 -0.791199 0.172724 
 -0.009816 0.670306 0.070486 
 -0.356940 0.441906 -0.053922 
 -0.150695 -0.401801 -0.264279 
 -0.037459 0.676586 0.049253 
 -0.328284 -0.002742 0.004243 
 -0.012395 -0.418195 -0.213094 
 0.035616 -0.391083 0.134353 
 0.482965 0.464494 -0.134381 
 -0.329927 0.138518 0.015820 
 -0.322100 0.268108 -0.014767 
 -0.117127 0.030118 0.089578 
 0.318430 -0.159982 -0.318976 
 -0.358512 0.631579 -0.090693 
 0.086686 -0.674572 0.196180 
 0.282214 -0.288135 0.146589 
 0.060463 0.506098 0.081130 
 -0.282434 -0.061612 0.001249 
 -0.206975 -0.611361 -0.122957 
 0.057088 -0.404625 -0.207255 
 0.177593 -0.339393 0.164007 
 0.294738 -0.009115 -0.107988 
 0.299243 0.291208 -0.025766 
 0.363046 -0.143134 -0.322586 
 -0.251282 0.418813 0.003416 
 0.343000 0.184545 -0.026155 
 -0.248363 -0.564905 -0.131422 
 -0.032376 -0.571808 -0.050538 
 -0.219613 -0.367974 -0.252090 
 -0.308349 -0.581722 -0.137018 
 -0.348336 0.568279 -0.064397 
 0.293584 -0.073228 -0.194866 
 -0.135792 -0.179572 0.025991 
 0.053191 -0.678573 0.170793 
 0.004218 -0.210426 -0.283226 
 0.091922 0.118673 0.117981 
 0.154221 -0.344073 -0.291194 
 -0.035626 -0.462578 -0.077979 
 -0.180119 -0.129671 -0.003607 
 -0.326408 0.736395 -0.050735 
 -0.135767 -0.660613 0.145122 
 0.097126 0.712107 0.105994 
 -0.010541 -0.071507 0.146281 
 -0.364354 0.681306 -0.084505 
 0.121814 0.128885 0.087867 
 0.225674 -0.564267 0.298003 
 0.466653 0.286178 -0.039309 
 -0.065597 -0.604217 0.148990 
 0.132776 -0.369953 0.151568 
 0.331284 0.097258 0.019821 
 -0.262209 0.421231 -0.000392 
 0.329099 0.300473 -0.056534 
 -0.011408 -0.359252 -0.268676 
 0.045592 0.733742 0.080555 
 0.214184 -0.342383 0.143917 
 -0.343513 -0.126318 -0.021876 
 0.091072 -0.416271 0.152364 
 -0.296622 -0.716093 -0.000063 
 -0.207306 0.190510 0.059256 
 0.310418 0.288864 -0.021501 
 -0.042445 -0.557026 -0.052152 
 0.091126 -0.511182 0.169400 
 -0.138616 0.059783 0.086606 
 -0.302650 0.718608 -0.000382 
 -0.166973 -0.089318 0.072982 
 0.473984 0.381008 -0.064843 
 -0.363791 0.004851 -0.008475 
 -0.009579 0.190410 0.100928 
 -0.092668 0.271035 0.071171 
 -0.165951 -0.282545 -0.207437 
 -0.356413 0.029698 -0.011744 
 -0.028171 -0.462126 0.142230 
 -0.252269 0.494517 0.014834 
 0.280737 -0.277432 -0.297521 
 -0.404715 0.827085 -0.120559 
 -0.032380 -0.408797 -0.252639 
 0.243311 -0.271355 -0.299915 
 -0.296591 -0.624524 -0.126099 
 -0.327313 0.724311 -0.053285 
 -0.060726 -0.604871 -0.066545 
 0.093701 -0.063306 0.143602 
 0.298442 -0.192524 -0.320579 
 -0.269670 0.307472 0.011326 
 0.028270 0.675221 0.084866 
 0.068116 -0.572325 0.161078 
 -0.282275 0.614175 -0.031553 
 0.213394 0.127277 0.046043 
 0.246276 -0.253280 0.117130 
 -0.267366 -0.771823 0.001659 
 0.315871 -0.078019 -0.188061 
 -0.102265 -0.826902 0.208175 
 -0.096386 0.423136 0.095702 
 0.116666 0.104522 0.091905 
 0.213537 -0.290300 -0.303400 
 0.108013 0.683558 0.127511 
 -0.008673 -0.401867 0.159619 
 -0.294641 0.158239 0.020240 
 -0.149672 -0.401801 -0.263901 
 0.179940 0.121917 0.053930 
 0.354321 0.182395 -0.023702 
 -0.144120 -0.802662 0.184760 
 -0.187302 -0.265805 -0.212550 
 0.357159 0.042648 0.021603 
 -0.347967 0.715735 -0.072875 
 -0.115070 -0.295404 -0.255129 
 -0.205348 -0.173636 -0.029409 
 -0.389475 0.774093 -0.122740 
 0.554273 0.485317 -0.102265 
 -0.227986 -0.772148 0.158081 
 -0.174793 0.019321 0.054847 
 -0.013987 0.857854 0.087492 
 0.086971 0.713085 0.101994 
 0.526032 0.454903 -0.087086 
 -0.059736 -0.574447 -0.083264 
 0.317542 -0.014798 -0.100186 
 0.323036 -0.125948 -0.311554 
 0.008413 -0.021608 0.129430 
 -0.358729 0.781009 -0.099260 
 0.103905 -0.669160 0.224438 
 0.325050 0.236802 -0.024001 
 0.005418 0.328601 0.075449 
 0.298753 -0.225943 0.141139 
 0.106230 -0.010007 0.113440 
 -0.342226 0.244838 -0.015543 
 -0.180280 -0.203727 -0.036830 
 -0.174643 -0.627050 -0.135107 
 -0.344883 -0.126318 -0.023655 
 0.047464 0.293081 0.117305 
 -0.290311 0.502917 -0.019420 
 0.349256 0.011785 -0.040123 
 0.117569 0.794584 0.191933 
 -0.031329 -0.594587 0.142036 
 -0.240592 -0.129796 -0.025761 
 -0.016551 0.446326 0.064094 
 -0.068317 -0.047090 0.127630 
 0.084922 0.713085 0.101994 
 -0.059220 -0.513156 -0.138570 
 -0.063139 0.069839 0.114375 
 -0.267462 -0.040820 0.010557 
 -0.380651 -0.045065 0.000856 
 0.091856 -0.244955 -0.309860 
 0.099664 0.143761 0.114325 
 -0.024871 0.686278 0.056522 
 0.358686 -0.015047 -0.041202 
 -0.403523 0.839029 -0.097016 
 0.083313 -0.401690 0.150867 
 -0.358459 0.854725 -0.042612 
 0.007761 -0.764091 0.228487 
 -0.062726 -0.312148 -0.281493 
 -0.125853 -0.641222 -0.097157 
 -0.166290 -0.009778 0.053723 
 -0.046519 0.389457 0.065558 
 0.344880 0.283240 -0.041921 
 -0.020914 -0.345109 -0.270845 
 -0.267237 -0.761191 0.004306 
 -0.164290 0.218166 0.101558 
 0.266278 -0.471553 0.251067 
 -0.002981 0.619498 0.063823 
 0.279865 -0.165038 -0.323485 
 0.350736 0.023647 -0.037621 
 0.034963 -0.378974 0.136984 
 0.052959 0.331139 0.094168 
 0.512807 0.541176 -0.132469 
 -0.017456 0.047330 0.130196 
 0.293979 -0.291102 0.150483 
 -0.349026 0.654196 -0.072580 
 -0.154688 0.077079 0.071027 
 0.261400 -0.236087 -0.319842 
 -0.029504 -0.460855 -0.173006 
 -0.278688 0.322171 0.010525 
 -0.249504 0.175325 0.019696 
 -0.048150 -0.605699 0.144192 
 -0.275614 -0.247493 -0.069937 
 -0.272247 0.434268 -0.002092 
 -0.098657 -0.332395 -0.275918 
 -0.003490 0.292328 0.077620 
 -0.254269 0.368394 0.015230 
 -0.035436 0.961089 0.095888 
 -0.174140 0.195689 0.083176 
 -0.226190 0.121169 0.009469 
 0.265271 0.223138 -0.017451 
 -0.003885 0.292328 0.076891 
 -0.309858 0.444441 -0.036294 
 -0.172321 -0.677322 0.118905 
 -0.031482 -0.570381 0.156340 
 0.199834 0.091573 0.056835 
 -0.183329 0.044885 0.055971 
 -0.211688 -0.075598 0.025799 
 -0.297661 0.057040 0.003493 
 -0.056956 0.341062 0.066078 
 -0.044725 -0.840421 0.238326 
 -0.025054 0.486979 0.045376 
 -0.050212 -0.524990 -0.081890 
 0.093911 0.772718 0.082809 
 -0.206421 0.268634 0.039635 
 0.125741 -0.351810 -0.291944 
 0.140747 -0.205213 -0.307531 
 0.058838 0.494424 0.078545 
 -0.243320 -0.645474 -0.121208 
 0.301918 -0.101351 -0.283277 
 0.449790 0.275456 -0.036675 
 0.293836 -0.144365 -0.314848 
 -0.163376 -0.643981 0.148942 
 -0.198414 -0.536641 -0.184014 
 0.366921 -0.052220 -0.044783 
 -0.052069 0.067388 0.120514 
 0.292754 0.206339 -0.020804 
 -0.015803 0.735644 0.034291 
 0.211135 -0.453379 0.191018 
 -0.339247 0.651803 -0.068580 
 -0.086862 0.204565 0.085629 
 0.333316 0.070960 0.026859 
 -0.055799 -0.566957 -0.058367 
 0.083218 0.836524 0.110164 
 -0.021901 -0.506105 -0.068672 
 0.370591 0.229315 -0.030857 
 -0.358157 0.441906 -0.054984 
 -0.191914 0.035066 0.040263 
 0.176522 -0.404676 0.164145 
 0.062300 0.432703 0.069799 
 0.367939 0.353618 -0.054987 
 -0.200922 -0.724960 -0.019489 
 -0.361904 -0.087238 -0.002316 
 0.265496 0.223138 -0.016905 
 -0.052105 -0.776830 0.191646 
 -0.256534 -0.537976 -0.130014 
 -0.015560 0.472089 0.046831 
 0.043020 0.970488 0.138322 
 0.208339 -0.384025 0.170484 
 0.019588 -0.591967 0.160616 
 -0.328546 0.673941 -0.050433 
 -0.432991 0.870264 -0.080817 
 0.168827 -0.148749 -0.308303 
 0.239495 -0.222478 0.085964 
 0.370046 -0.093052 -0.136358 
 0.009151 0.940054 0.108888 
 0.117214 -0.260876 -0.313616 
 -0.295753 -0.624524 -0.126099 
 0.148472 -0.649774 0.298884 
 0.600623 0.487709 -0.086656 
 0.023573 0.183933 0.113129 
 -0.278971 0.437745 -0.015169 
 0.355868 -0.132424 -0.300182 
 0.276512 -0.245367 0.118644 
 -0.318872 0.343766 -0.013225 
 0.029956 -0.486239 0.160348 
 0.209381 -0.529515 0.254212 
 0.061273 -0.466150 0.164888 
 0.379430 0.123655 0.043212 
 0.050919 0.720736 0.089996 
 -0.100452 -0.258991 -0.265625 
 -0.210360 -0.763590 -0.018435 
 0.086241 0.500614 0.111676 
 0.581756 0.490679 -0.103723 
 0.064004 -0.686961 0.206527 
 -0.360563 0.081598 -0.005933 
 -0.042451 -0.555281 0.154827 
 -0.033745 -0.419511 -0.255142 
 0.511215 0.372248 -0.040024 
 0.022253 0.362775 0.087204 
 0.050919 0.720262 0.087581 
 -0.158240 -0.146851 0.003442 
 -0.155697 -0.353731 -0.257789 
 0.006431 -0.045807 0.124206 
 0.108466 0.795285 0.124548 
 -0.089238 -0.829437 0.213539 
 0.318237 -0.057692 -0.150799 
 -0.206368 0.268634 0.039564 
 0.517751 0.397475 -0.067204 
 0.159744 -0.183874 -0.306853 
 -0.324748 -0.066861 -0.004325 
 -0.085749 -0.322896 -0.270117 
 0.562824 0.423543 -0.035052 
 -0.164895 0.218166 0.102646 
 -0.023955 0.561378 0.047507 
 0.067844 -0.571279 0.161078 
 0.020254 0.209934 0.105085 
 0.060818 0.304460 0.124710 
 -0.023884 0.959315 0.101196 
 -0.090484 -0.397055 -0.272268 
 -0.216444 0.027589 0.029488 
 -0.177154 -0.046749 0.054903 
 -0.097953 -0.513936 -0.174917 
 0.226587 -0.330301 -0.294013 
 0.220900 -0.317052 0.140827 
 -0.348336 0.566292 -0.064932 
 0.282578 -0.153300 0.091783 
 0.053350 -0.799654 0.304303 
 0.354097 -0.178718 -0.318988 
 -0.009928 -0.455818 -0.067349 
 -0.030744 -0.831174 0.245278 
 -0.071967 -0.555771 -0.107180 
 -0.384193 0.510025 -0.054230 
 -0.379419 0.871595 -0.049240 
 -0.029292 0.050104 0.126635 
 -0.008505 0.906192 0.097689 
 0.366844 -0.040358 -0.042920 
 -0.176734 -0.665892 -0.067327 
 -0.262209 0.421231 -0.001590 
 0.360980 0.075115 0.060999 
 0.295425 0.035388 -0.056449 
 0.210155 -0.587629 0.288458 
 0.014279 -0.526547 0.170462 
 -0.166506 0.079527 0.067948 
 0.065618 0.135589 0.121621 
 -0.308349 -0.581722 -0.134742 
 0.073219 -0.332211 -0.287295 
 0.139663 -0.409727 0.149079 
 0.049557 -0.763902 0.264770 
 0.081884 -0.062141 0.139648 
 0.005327 -0.407270 -0.216543 
 -0.112141 0.067262 0.096603 
 0.158940 -0.598707 0.234840 
 -0.020309 0.139065 0.122450 
 0.071389 -0.398857 0.147449 
 -0.198113 -0.724960 -0.019489 
 -0.321579 0.010418 -0.002077 
 -0.374254 0.160671 0.003621 
 0.516115 0.335193 -0.034137 
 -0.106181 0.261194 0.065591 
 -0.289368 0.676948 0.008484 
 -0.222496 0.205899 0.066809 
 0.021333 0.221758 0.107673 
 -0.346129 0.285236 -0.020805 
 0.005409 -0.473668 -0.052881 
 -0.363791 0.005074 -0.008051 
 -0.148507 -0.026888 0.068322 
 -0.060958 -0.429576 0.135919 
 0.576241 0.480862 -0.096686 
 0.170634 -0.186168 -0.302989 
 -0.045260 0.209997 0.090697 
 0.402649 0.144862 0.033570 
 -0.284252 -0.074811 -0.001359 
 -0.173713 -0.480034 -0.233247 
 -0.326567 0.524067 -0.041992 
 0.025074 -0.227405 -0.277866 
 -0.096338 -0.569883 -0.150465 
 -0.374661 0.533696 -0.058089 
 -0.002666 0.278280 0.096546 
 -0.151157 0.012817 0.063795 
 0.113421 -0.660257 0.240363 
 0.283613 -0.050735 -0.162709 
 -0.230129 0.361953 0.044506 
 0.290458 -0.096718 -0.201030 
 -0.243863 -0.081067 0.001028 
 -0.367347 0.187382 -0.023383 
 0.071779 0.877361 0.123137 
 0.218459 -0.370240 0.152814 
 -0.277019 0.027463 0.006456 
 0.002305 0.147833 0.110427 
 0.089362 0.687447 0.110388 
 -0.275175 0.246121 -0.001616 
 -0.247258 0.443241 0.007254 
 -0.004928 0.445292 0.068118 
 0.174081 -0.545946 0.227268 
 -0.246401 0.187419 0.022292 
 0.098472 0.710693 0.105994 
 -0.210678 0.203031 0.070861 
 0.024600 -0.384269 -0.216544 
 -0.316766 0.584280 -0.060294 
 0.095452 -0.701575 0.260403 
 0.341716 0.184739 -0.026155 
 0.027384 0.219978 0.120906 
 -0.077246 0.458246 0.076462 
 -0.011596 -0.359252 -0.269428 
 0.545784 0.580988 -0.124681 
 -0.166804 -0.707024 0.126652 
 -0.286485 0.590659 -0.036667 
 -0.370291 0.381470 -0.059293 
 0.263833 -0.287291 -0.294700 
 0.512088 0.458271 -0.113558 
 -0.090427 -0.028735 0.122714 
 0.142998 -0.384623 0.154420 
 -0.101589 -0.680821 0.155656 
 0.134021 -0.327799 -0.296328 
 0.029739 -0.338306 -0.283491 
 0.060978 0.099648 0.113843 
 0.063771 0.367297 0.092674 
 -0.134906 -0.034287 0.094590 
 -0.094741 0.434713 0.097769 
 0.012620 -0.551718 0.166198 
 0.099448 -0.222017 -0.313953 
 -0.030659 -0.503995 0.156456 
 -0.147500 -0.376945 -0.258873 
 -0.068118 0.033534 0.108581 
 -0.380392 0.346432 -0.057623 
 0.230706 -0.281532 -0.306182 
 -0.209957 -0.791272 0.173657 
 -0.270808 -0.324735 -0.242719 
 -0.219632 -0.419324 -0.249709 
 0.147422 -0.290463 -0.306981 
 0.233725 -0.208355 0.076021 
 0.266278 -0.470395 0.252493 
 -0.161834 0.015265 0.058939 
 -0.265558 -0.461981 -0.262639 
 -0.375495 0.783988 -0.116241 
 -0.117562 -0.764350 0.179767 
 -0.347852 0.716481 -0.094942 
 -0.201413 -0.053812 0.044095 
 -0.295109 0.185071 0.002239 
 0.576318 0.503335 -0.114558 
 0.118722 -0.310894 -0.310580 
 0.381878 -0.210741 -0.281198 
 -0.086277 -0.437156 0.124111 
 -0.356425 -0.049982 0.007509 
 -0.150320 -0.401801 -0.263901 
 0.295286 -0.195080 0.102180 
 -0.137324 -0.655080 -0.082012 
 -0.132446 -0.506666 -0.186897 
 -0.353717 0.042061 -0.007979 
 0.124253 -0.489861 0.173893 
 -0.370723 0.096464 -0.006888 
 -0.146642 -0.432764 -0.234454 
 -0.035667 0.246201 0.089957 
 -0.176703 -0.729359 -0.011244 
 -0.303786 0.379627 -0.023117 
 -0.329963 0.761916 -0.057452 
 -0.101613 -0.321188 -0.265106 
 0.185917 -0.583897 0.279822 
 -0.135767 -0.660633 0.145742 
 0.361335 0.168337 -0.011519 
 0.219388 -0.550714 0.287336 
 -0.206716 -0.037750 0.033624 
 -0.292627 0.094073 0.011306 
 -0.218024 -0.407332 -0.246130 
 -0.214248 -0.649228 -0.121892 
 0.102926 0.659844 0.154326 
 -0.100501 -0.258991 -0.265432 
 -0.289262 0.452355 -0.016633 
 0.022261 0.119287 0.113381 
 0.071478 0.314523 0.108877 
 0.111530 -0.553733 0.169871 
 -0.166537 -0.833546 0.215207 
 0.257035 -0.296100 0.136897 
 0.101926 -0.353899 0.164779 
 -0.253035 -0.601660 -0.139005 
 0.230706 -0.280106 -0.306182 
 0.285263 -0.180470 0.100111 
 0.037598 0.139087 0.122646 
 0.178608 -0.200044 -0.301630 
 0.045419 0.163494 0.118671 
 0.032649 0.104543 0.114144 
 -0.377466 0.253538 -0.029236 
 -0.020776 0.022380 0.124972 
 -0.036608 -0.026171 0.132710 
 -0.209853 -0.567351 -0.149800 
 -0.393601 0.524613 -0.055692 
 -0.043613 0.222286 0.094017 
 -0.232063 -0.083511 0.006783 
 -0.104505 0.012616 0.112700 
 -0.031967 0.348897 0.075071 
 0.205092 -0.132144 -0.292217 
 -0.073894 -0.534967 -0.147682 
 -0.292305 0.778882 -0.041630 
 0.142173 0.036196 0.091067 
 -0.026491 0.671721 0.053252 
 -0.105116 -0.104635 0.117617 
 -0.289664 -0.022076 0.004982 
 -0.079609 -0.348927 -0.271162 
 0.011753 0.391062 0.065906 
 0.318430 -0.159291 -0.318802 
 0.032739 0.025224 0.134838 
 -0.006482 -0.535591 -0.057516 
 0.282366 -0.250969 -0.314652 
 0.116292 0.167887 0.091515 
 -0.085212 0.216814 0.088226 
 0.067599 0.340921 0.100985 
 -0.272946 -0.641705 -0.119427 
 0.009045 0.275854 0.098664 
 -0.297112 0.593058 -0.041218 
 0.283937 0.133023 -0.013414 
 0.009223 -0.321904 -0.288790 
 0.158530 -0.293224 -0.303135 
 -0.319274 -0.244088 -0.041963 
 0.097053 0.921927 0.150690 
 -0.151589 0.190794 0.091293 
 -0.079410 -0.581140 -0.102827 
 0.398571 0.170458 0.025331 
 0.264137 -0.162053 -0.318183 
 0.032468 0.269893 0.108847 
 -0.329575 0.662380 -0.052986 
 0.205808 0.103956 0.050170 
 -0.036821 -0.463174 -0.077979 
 -0.195996 -0.782808 0.179666 
 -0.062336 -0.518831 -0.107803 
 0.002567 0.667910 0.074492 
 0.026868 0.207689 0.116621 
 -0.376955 0.471083 -0.058204 
 0.428628 0.164760 0.046487 
 -0.026480 -0.835831 0.267468 
 -0.291098 -0.034439 0.005496 
 0.083679 -0.346243 -0.285889 
 0.069526 -0.559776 0.164409 
 0.544623 0.402723 -0.034365 
 -0.197544 -0.552634 -0.164893 
 -0.343245 0.702534 -0.061445 
 0.212871 -0.440966 0.193649 
 0.153219 -0.401225 0.155912 
 -0.090719 -0.273179 -0.266061 
 0.568284 0.457155 -0.059910 
 -0.268065 0.116225 0.002715 
 0.347962 -0.073538 -0.163917 
 -0.260633 -0.014458 0.006815 
 0.009849 -0.576890 0.159842 
 0.322780 -0.285887 -0.304271 
 0.116570 -0.516143 0.177356 
 -0.328284 -0.002502 0.005327 
 -0.121727 -0.735124 0.171828 
 -0.298870 0.767864 -0.036523 
 0.269784 -0.138712 0.090321 
 0.299886 0.253597 -0.020060 
 -0.296459 0.069384 0.005761 
 0.249638 -0.349726 0.157583 
 0.426825 0.353857 -0.063366 
 -0.133935 -0.161614 0.085621 
 0.404796 0.156930 0.036084 
 -0.325386 -0.507955 -0.097349 
 0.575392 0.455910 -0.046621 
 0.079826 0.614829 0.094872 
 -0.262831 -0.656448 -0.120257 
 -0.383976 0.624290 -0.099848 
 -0.366165 0.620334 -0.084227 
 0.094976 0.511015 0.128629 
 0.048164 0.646223 0.088090 
 -0.269715 0.103375 0.000045 
 0.326605 -0.276797 -0.279800 
 0.173797 -0.581388 0.278174 
 0.012132 -0.468758 0.144166 
 0.116533 -0.368167 0.156250 
 -0.335270 0.089066 0.005444 
 -0.075524 -0.259705 -0.288263 
 -0.199899 -0.677121 -0.055205 
 -0.213030 0.012691 0.039964 
 0.078408 0.249050 0.122481 
 0.031639 -0.474547 0.163073 
 -0.405478 0.476499 -0.057117 
 -0.247258 0.443241 0.007623 
 0.391112 -0.033193 -0.031693 
 -0.264298 -0.140346 -0.015141 
 0.261057 -0.186150 -0.322125 
 0.074220 0.578519 0.087212 
 -0.017796 0.597688 0.055773 
 -0.238566 0.351695 0.029450 
 0.273738 -0.445873 0.248603 
 -0.261466 0.166607 0.013026 
 -0.168808 -0.428024 -0.238290 
 -0.049802 -0.702385 0.158686 
 0.001906 0.121833 0.127587 
 -0.394834 0.824711 -0.116590 
 -0.035347 -0.132331 0.138120 
 -0.007907 -0.401867 0.159619 
 0.246658 0.201877 -0.016621 
 0.276601 -0.039416 -0.141605 
 0.508157 0.311492 0.002419 
 -0.277495 -0.613598 -0.128225 
 0.387932 -0.056690 -0.036931 
 -0.364881 -0.010267 0.011258 
 -0.375393 0.495437 -0.052769 
 0.056225 0.631724 0.089414 
 0.014644 0.715355 0.075621 
 -0.101826 -0.419134 -0.259517 
 0.163487 -0.472000 0.191595 
 0.056911 0.443762 0.059127 
 -0.147179 -0.544797 -0.175657 
 0.292793 -0.360184 0.180571 
 -0.299169 -0.185242 -0.024494 
 -0.089238 -0.829437 0.212477 
 0.025818 0.787006 0.058922 
 0.085342 0.069790 0.107627 
 -0.326767 0.061892 0.006526 
 -0.297917 -0.083891 -0.008058 
 0.049787 0.656539 0.090514 
 0.336868 -0.262865 -0.295606 
 -0.394507 0.825893 -0.116590 
 -0.240553 -0.056378 0.006447 
 0.180331 -0.379802 0.169022 
 -0.161318 0.027611 0.061547 
 -0.132248 -0.170438 0.051884 
 -0.383981 0.510025 -0.054230 
 -0.136514 -0.198547 -0.009023 
 0.049363 0.139028 0.126229 
 -0.024497 0.636393 0.059645 
 -0.379114 0.241249 -0.030287 
 -0.233010 0.388505 0.037567 
 -0.073758 0.394756 0.065634 
 0.380338 -0.222663 -0.283968 
 -0.281134 0.002775 0.000232 
 0.357443 0.042340 0.021603 
 0.035876 0.411972 0.056392 
 0.102998 -0.592326 0.170890 
 -0.006482 -0.533888 -0.056787 
 -0.025204 0.309378 0.071504 
 0.261057 -0.186150 -0.323629 
 0.184453 -0.490102 0.197237 
 -0.022649 -0.749105 0.174331 
 0.083144 -0.705792 0.221273 
 -0.263293 0.204000 0.007742 
 0.082782 0.501746 0.089154 
 0.142204 -0.508813 0.188631 
 0.570790 0.493872 -0.110547 
 -0.326712 0.599469 -0.062871 
 -0.084489 0.203105 0.106066 
 -0.250857 -0.439370 -0.254804 
 -0.233718 -0.095856 0.003483 
 0.235360 -0.195999 0.078593 
 -0.308349 -0.581689 -0.135241 
 -0.324748 -0.067034 -0.004719 
 -0.016743 0.932754 0.098788 
 -0.016811 -0.434463 -0.185813 
 -0.154352 -0.149995 0.024233 
 -0.215842 0.056278 0.012622 
 0.049728 0.319299 0.100792 
 0.493076 0.255088 -0.023243 
 -0.313207 0.071808 0.010963 
 -0.282200 0.463974 -0.023072 
 0.115551 0.720414 0.157845 
 0.058838 0.494337 0.078573 
 0.474709 0.259545 -0.040375 
 -0.287310 0.513572 -0.016851 
 0.301118 -0.181052 -0.318311 
 0.096881 -0.539578 0.177325 
 -0.095335 -0.409691 -0.267675 
 -0.116455 -0.393107 -0.271075 
 -0.045470 -0.267261 -0.266669 
 0.044098 -0.579905 0.150124 
 0.061722 -0.468422 0.164888 
 -0.026900 0.449325 0.060069 
 -0.265683 -0.761245 0.004306 
 0.605236 0.521351 -0.111623 
 0.202496 -0.283361 0.105821 
 0.473988 0.334141 -0.061435 
 0.489047 0.279912 -0.030152 
 -0.144960 0.240246 0.101891 
 -0.275670 0.513395 -0.012820 
 -0.289754 0.029907 0.002371 
 -0.141334 -0.672667 -0.053936 
 -0.350482 0.207491 0.007625 
 0.343243 -0.225257 0.169216 
 0.211061 -0.169471 -0.295708 
 0.179188 -0.310144 -0.297169 
 -0.187164 0.160934 0.063100 
 0.102147 -0.592294 0.170890 
 0.027405 -0.684880 0.160098 
 -0.074428 -0.324217 -0.266165 
 -0.305424 0.365321 -0.025638 
 0.130360 -0.506093 0.184484 
 0.065291 0.542911 0.088802 
 -0.122773 -0.007027 0.081742 
 -0.297911 -0.120670 -0.024793 
 0.118203 -0.355711 0.161108 
 -0.165064 0.180878 0.085669 
 0.202309 -0.409601 0.172377 
 -0.157126 -0.531285 -0.178275 
 -0.327215 0.798302 -0.073198 
 -0.308979 0.633382 -0.050081 
 -0.108674 -0.495196 -0.198113 
 0.369483 0.030642 -0.008728 
 -0.261466 0.164509 0.013026 
 -0.262831 -0.656448 -0.118468 
 -0.016116 -0.332644 -0.277289 
 -0.179083 -0.782978 0.175014 
 -0.031655 0.399238 0.072168 
 0.034972 0.637569 0.081402 
 -0.256516 0.202376 0.022274 
 0.357889 -0.067209 -0.126077 
 0.268759 -0.128564 -0.310911 
 -0.228496 -0.721228 -0.018907 
 0.275445 -0.039416 -0.141605 
 -0.144744 0.151257 0.086590 
 -0.120305 -0.838512 0.210149 
 0.067773 0.328725 0.098204 
 -0.250491 -0.203364 -0.041899 
 -0.187590 -0.697707 -0.031928 
 0.141887 -0.242840 -0.301021 
 -0.072934 0.292832 0.071153 
 -0.310908 -0.004818 -0.000594 
 0.062655 0.967830 0.155684 
 -0.007848 -0.612156 0.147383 
 0.354601 0.054246 0.033265 
 -0.332051 0.347820 -0.039011 
 -0.134298 -0.678265 -0.040978 
 -0.101965 0.052430 0.098603 
 0.394914 0.222734 -0.000483 
 -0.296910 0.730207 -0.029656 
 -0.196217 -0.106205 0.037127 
 -0.400793 0.627511 -0.095908 
 -0.337292 0.763549 -0.093844 
 -0.095862 -0.132013 0.114880 
 0.427700 0.213957 0.043219 
 0.229646 0.144454 -0.010744 
 0.064907 -0.302912 -0.308048 
 0.117521 -0.599314 0.198458 
 -0.163235 0.230548 0.101659 
 -0.062571 -0.760463 0.190157 
 0.043502 -0.778668 0.271017 
 -0.354572 0.516723 -0.052605 
 -0.088924 -0.346583 -0.275021 
 0.236559 -0.184398 -0.299578 
 -0.318463 -0.567000 -0.136716 
 -0.387311 -0.094739 -0.012016 
 0.257488 -0.381440 0.188417 
 -0.219963 -0.297624 -0.219219 
 -0.286786 0.209498 -0.001047 
 0.439006 0.277779 -0.040182 
 0.036642 0.771386 0.060366 
 -0.294804 0.081729 0.009225 
 0.075846 -0.194052 -0.307743 
 -0.356997 0.390642 -0.052252 
 0.266462 -0.069033 -0.193430 
 0.346180 0.307458 -0.059463 
 0.052724 0.266427 0.126149 
 0.209977 -0.285632 0.119554 
 0.013976 -0.629724 0.153388 
 -0.006482 -0.535591 -0.056448 
 0.073150 0.416895 0.071254 
 0.001636 0.122886 0.127587 
 -0.207470 -0.521643 -0.185469 
 -0.293802 0.416211 -0.024351 
 0.017062 -0.792121 0.225924 
 -0.230158 -0.144540 -0.024845 
 -0.316766 0.585034 -0.060294 
 -0.006973 -0.483449 -0.059892 
 -0.196701 -0.200646 -0.031950 
 -0.154071 -0.064032 0.060018 
 0.449790 0.274011 -0.036299 
 0.101986 0.746947 0.114359 
 -0.020761 0.396824 0.077644 
 0.295329 0.129809 -0.009470 
 0.291594 -0.215955 -0.316470 
 -0.144120 -0.802662 0.185722 
 0.516115 0.335359 -0.034137 
 0.146498 -0.368399 -0.286985 
 -0.088453 -0.544674 -0.154241 
 -0.311634 0.083093 0.013571 
 -0.338225 0.601865 -0.065752 
 -0.118347 -0.404987 -0.273752 
 0.041242 -0.001617 0.134214 
 0.041674 0.597654 0.077748 
 0.014816 -0.600034 0.135816 
 0.126561 -0.194036 -0.298907 
 -0.034444 0.648886 0.057368 
 -0.059416 -0.603712 -0.066545 
 -0.381900 0.871519 -0.091887 
 0.126963 0.741780 0.144308 
 -0.266190 -0.743656 -0.014814 
 0.117195 -0.330644 0.174913 
 -0.320379 0.230122 -0.010002 
 -0.112537 -0.012367 0.117377 
 0.126449 -0.448628 0.159486 
 0.110297 0.720385 0.113903 
 -0.059921 -0.288536 -0.278070 
 0.304639 -0.395881 0.235150 
 0.044557 0.023109 0.136088 
 -0.203185 -0.103470 0.023509 
 -0.083900 0.229802 0.090822 
 -0.045446 0.516021 0.041408 
 -0.010164 0.124277 0.121476 
 0.074610 -0.702021 0.208046 
 -0.042442 0.412029 0.070704 
 0.306720 0.127178 -0.005526 
 -0.281978 0.297394 0.004677 
 0.026648 0.663118 0.083219 
 -0.121371 -0.022181 0.101563 
 0.083204 -0.549014 0.170525 
 -0.365894 -0.537936 -0.117418 
 0.161935 -0.320539 -0.295172 
 -0.141985 0.175983 0.092843 
 0.020756 0.273429 0.106249 
 -0.262220 -0.237637 -0.063968 
 -0.231466 -0.500128 -0.212575 
 -0.178307 -0.598413 -0.142837 
 0.575510 0.551988 -0.119120 
 0.358117 -0.048742 -0.057945 
 0.475846 0.490810 -0.133336 
 0.329099 0.299357 -0.057207 
 -0.019878 -0.609664 0.143737 
 0.005205 0.455536 0.052297 
 0.497037 0.496691 -0.123306 
 0.273380 -0.094001 -0.303639 
 -0.080938 0.268606 0.076770 
 -0.065854 0.160416 0.108282 
 0.009619 -0.415686 -0.172837 
 -0.272084 -0.422605 -0.259013 
 0.102744 -0.248091 -0.306008 
 -0.034488 0.102082 0.131838 
 0.267031 -0.222896 -0.326500 
 -0.412231 0.516618 -0.053315 
 -0.122337 -0.176513 0.087114 
 -0.349755 -0.199561 -0.046414 
 -0.238942 -0.117489 -0.024610 
 -0.010020 0.202699 0.102940 
 -0.048555 0.186724 0.086134 
 -0.298966 0.567889 -0.022470 
 0.233478 -0.533018 0.262555 
 0.287689 -0.042320 -0.137716 
 0.023573 0.183112 0.112127 
 0.024254 -0.385689 -0.216544 
 0.488162 0.293284 -0.051718 
 -0.046965 -0.487188 -0.151965 
 -0.054503 -0.499012 0.147099 
 -0.131144 -0.462299 -0.223571 
 0.259057 0.123472 0.007841 
 -0.165064 0.179706 0.084660 
 -0.025171 -0.530815 -0.073818 
 -0.345753 0.103876 0.003904 
 0.242122 -0.124486 -0.309418 
 0.305770 -0.308014 -0.281829 
 0.006817 -0.770565 0.193226 
 -0.151772 -0.068145 0.082620 
 -0.151425 -0.186035 -0.001525 
 -0.011534 -0.133237 0.146365 
 0.048709 -0.709775 0.197921 
 -0.162232 -0.484276 -0.226865 
 0.011889 0.504023 0.062526 
 -0.331580 0.562352 -0.069406 
 -0.390228 0.462123 -0.064506 
 -0.177252 -0.316798 -0.227573 
 -0.375222 0.534071 -0.058089 
 -0.253510 -0.728764 -0.029795 
 -0.309113 -0.260117 -0.040479 
 0.090999 0.474483 0.119824 
 0.117521 -0.599441 0.197331 
 -0.118303 -0.581642 -0.139290 
 -0.062367 -0.760463 0.190118 
 0.242281 -0.124486 -0.309491 
 -0.068592 -0.112033 0.128380 
 -0.001343 0.494301 0.055957 
 -0.189926 -0.004697 0.045539 
 -0.307933 -0.032167 0.007714 
 -0.316766 0.584064 -0.060294 
 0.049459 -0.028790 0.132589 
 0.036958 -0.089487 0.128664 
 -0.340354 0.526474 -0.046624 
 0.362700 -0.217623 -0.300093 
 0.047714 0.820010 0.061224 
 0.368620 0.177995 0.004401 
 0.364027 -0.113189 -0.163577 
 0.367027 0.166559 0.001707 
 -0.341317 -0.101555 -0.016653 
 0.229646 0.140770 -0.010744 
 0.480870 0.476616 -0.122557 
 -0.002566 -0.665613 0.141257 
 0.267070 -0.282679 0.120236 
 0.265792 -0.310844 0.137324 
 0.321838 -0.356476 0.216584 
 0.252237 -0.453438 0.228498 
 0.033540 -0.552449 0.151265 
 0.356181 -0.086024 -0.162515 
 -0.313520 0.609176 -0.055735 
 0.050134 0.139028 0.126720 
 -0.235874 -0.401829 -0.262757 
 -0.298966 0.568344 -0.023684 
 0.009604 0.223984 0.103612 
 0.027824 -0.800389 0.261374 
 0.076255 -0.511073 0.174313 
 0.491127 0.316636 -0.046792 
 -0.297270 -0.835496 0.176032 
 0.590149 0.584029 -0.107131 
 -0.036148 0.089700 0.129586 
 0.354756 0.054246 0.033402 
 -0.097261 0.141467 0.103994 
 -0.344865 0.691326 -0.064932 
 0.085225 0.070228 0.107627 
 0.217634 -0.234024 0.098370 
 -0.230311 -0.750582 -0.002391 
 -0.280055 0.476151 -0.020527 
 0.058814 0.175814 0.125366 
 0.415568 0.257180 -0.030339 
 -0.050193 0.302000 0.059974 
 0.102935 0.447165 0.109108 
 0.111761 0.819454 0.128937 
 0.144940 0.024869 0.079394 
 0.508288 0.275559 -0.046453 
 -0.070396 -0.575499 0.141166 
 -0.136571 -0.044560 0.092653 
 -0.026627 -0.658949 0.132926 
 -0.082701 -0.785051 0.189468 
 0.290834 -0.207722 0.107983 
 -0.363915 0.682231 -0.084505 
 0.079865 -0.724068 0.249910 
 -0.386325 -0.082321 -0.008571 
 0.013133 -0.612582 0.135304 
 0.070824 0.072638 0.112726 
 0.156221 -0.158024 -0.314101 
 0.069162 0.679224 0.089450 
 -0.206396 -0.594618 -0.141688 
 0.333322 -0.236545 -0.302574 
 -0.307286 0.695417 -0.028246 
 -0.235421 -0.254278 -0.066882 
 0.340585 0.068564 0.041093 
 -0.320433 0.735931 -0.037667 
 0.506525 0.324447 -0.016518 
 -0.250533 0.418283 0.003416 
 -0.240820 0.454894 0.002085 
 0.186262 -0.367396 0.162878 
 0.175362 -0.446032 0.179060 
 -0.220191 -0.049124 0.026273 
 -0.004693 -0.111612 0.142526 
 0.319158 -0.283181 0.161405 
 -0.095216 -0.814751 0.201947 
 0.206864 -0.204166 -0.303027 
 -0.187011 -0.126914 -0.014656 
 -0.100145 -0.587482 -0.121609 
 -0.011534 -0.137529 0.146365 
 0.347311 0.158823 -0.017947 
 -0.131521 -0.692789 -0.030618 
 0.298130 0.023623 -0.069051 
 -0.284228 -0.110769 -0.019253 
 0.226219 -0.401960 0.183234 
 0.236761 -0.268289 -0.312145 
 -0.297123 0.492232 -0.035050 
 0.550702 0.557280 -0.116265 
 0.304298 0.265459 -0.017558 
 0.040489 -0.592561 0.147477 
 0.297746 -0.170688 0.106494 
 0.391112 -0.033193 -0.030903 
 0.374795 0.020121 -0.029769 
 -0.032419 -0.435140 0.134356 
 0.111559 -0.212697 -0.307656 
 0.325371 -0.331639 0.221188 
 0.524890 0.419048 -0.072382 
 0.148210 0.048467 0.083507 
 -0.164633 0.002901 0.054457 
 -0.229400 0.208652 0.053689 
 -0.251136 0.063515 0.000403 
 -0.367177 0.290094 -0.028927 
 -0.144575 -0.354131 -0.253845 
 -0.207455 0.190510 0.058862 
 0.220210 -0.386483 0.172975 
 -0.296550 0.069384 0.006097 
 0.160819 -0.402942 0.168656 
 -0.137347 -0.638166 -0.101212 
 0.315871 -0.078019 -0.186157 
 -0.198335 -0.552634 -0.163782 
 0.003435 0.418356 0.067012 
 -0.352422 -0.491869 -0.093514 
 0.089807 0.649606 0.115827 
 0.347113 -0.022433 -0.079251 
 0.016278 0.851344 0.108784 
 0.012568 -0.459042 -0.059289 
 -0.371510 0.571091 -0.070450 
 -0.318562 0.584970 -0.060294 
 0.423296 0.403660 -0.090531 
 -0.233776 -0.243282 -0.063428 
 -0.383698 0.509148 -0.054230 
 0.009045 0.275105 0.100737 
 -0.103528 -0.344912 -0.270111 
 0.294809 -0.053054 -0.159088 
 -0.118606 -0.580944 -0.139290 
 0.588602 0.596292 -0.096809 
 -0.220500 0.118787 0.021530 
 -0.118693 -0.114625 0.110549 
 -0.218000 -0.073610 0.012741 
 0.084437 -0.537163 0.173172 
 -0.400573 0.677331 -0.098831 
 -0.265314 0.332012 0.017383 
 0.026406 0.973915 0.120984 
 -0.149502 -0.664936 -0.088671 
 0.075060 -0.370391 -0.280514 
 -0.113323 -0.318840 -0.268264 
 -0.351346 0.640635 -0.075129 
 -0.239307 0.251104 0.013155 
 -0.283777 0.602780 -0.034110 
 -0.162975 0.015265 0.060512 
 -0.022353 -0.454239 -0.071379 
 0.341114 -0.224553 -0.310384 
 0.166449 -0.270113 -0.307262 
 0.317014 -0.300238 0.190545 
 0.151753 -0.399752 0.155912 
 -0.002786 -0.574398 0.153922 
 -0.135792 -0.179572 0.026883 
 0.496999 0.387671 -0.054684 
 -0.182019 -0.096275 0.044455 
 0.014115 0.516526 0.065083 
 0.047244 -0.662371 0.160915 
 0.039840 0.674126 0.089062 
 -0.032842 0.219853 0.097978 
 -0.096549 -0.133859 0.114880 
 0.270890 -0.016236 -0.118860 
 0.152502 -0.524158 0.190134 
 -0.287783 -0.009713 0.006982 
 -0.282200 0.463475 -0.023096 
 -0.297296 -0.261821 -0.036387 
 0.108249 0.520782 0.134757 
 0.305990 -0.321814 0.170840 
 0.242482 -0.209144 -0.322604 
 0.511419 0.301275 -0.041526 
 0.081320 0.464138 0.103144 
 -0.387211 0.600158 -0.106846 
 0.052126 0.533675 0.082233 
 0.061409 0.431416 0.069799 
 -0.035190 -0.746330 0.170134 
 -0.009039 0.894108 0.095140 
 -0.152959 -0.683124 -0.060626 
 0.089086 0.810216 0.086440 
 -0.246472 -0.704776 -0.033351 
 0.051371 0.266427 0.123990 
 0.325452 -0.091984 -0.187430 
 -0.066503 -0.511159 -0.151483 
 -0.301759 -0.533240 -0.124872 
 0.065550 0.457386 0.074914 
 0.293550 -0.253248 -0.310843 
 -0.006703 -0.726258 0.183876 
 -0.141384 -0.737289 0.001123 
 0.506532 0.518971 -0.127402 
 -0.348336 0.566292 -0.063243 
 0.093398 -0.416271 0.152364 
 0.089296 0.724603 0.072885 
 0.029893 0.687324 0.085849 
 -0.242282 0.047379 0.001880 
 0.119797 -0.586728 0.199986 
 -0.307186 -0.806817 0.177204 
 0.096936 0.934301 0.153244 
 0.311495 -0.112992 -0.194528 
 -0.023667 -0.529818 -0.073818 
 -0.100200 -0.587482 -0.122357 
 -0.078817 -0.475035 -0.193973 
 -0.104398 -0.526838 -0.167358 
 0.133667 -0.422922 0.155223 
 -0.291001 0.666288 0.005915 
 0.335424 -0.071226 -0.166882 
 0.083846 0.488456 0.109111 
 0.184977 -0.583897 0.280066 
 -0.014921 -0.692449 0.153432 
 0.051832 0.496194 0.065860 
 0.013133 -0.610487 0.133876 
 0.266619 0.097155 0.006752 
 -0.105976 0.167998 0.105118 
 -0.320388 0.394787 -0.037570 
 0.007558 -0.589476 0.159085 
 0.018936 -0.326418 -0.284901 
 0.341826 0.002402 -0.057071 
 -0.309975 -0.259420 -0.040479 
 -0.150918 -0.649381 -0.107851 
 0.495571 0.400972 -0.075815 
 0.428934 0.291833 -0.040905 
 0.226717 -0.275938 0.117058 
 -0.010713 -0.455818 -0.066624 
 -0.054077 -0.509472 -0.092284 
 0.094737 0.107644 0.106216 
 0.097621 0.585726 0.130634 
 -0.423852 0.768959 -0.092895 
 0.340896 0.121056 0.005466 
 -0.157363 -0.430394 -0.237738 
 0.503389 0.326000 -0.040686 
 -0.072964 -0.456271 0.147759 
 0.052034 -0.201163 -0.317902 
 0.054590 0.819010 0.074497 
 -0.157294 -0.363689 -0.261073 
 -0.147427 -0.658103 0.141546 
 0.325678 -0.048013 -0.135250 
 -0.022432 -0.531658 0.155311 
 -0.302199 0.645290 -0.034462 
 -0.098526 -0.332395 -0.276503 
 -0.296602 -0.583869 -0.131174 
 0.098736 -0.551253 0.165617 
 0.388027 0.275638 -0.048865 
 -0.325496 0.497972 -0.032011 
 -0.232943 -0.007001 0.017590 
 0.175150 0.094807 0.080351 
 -0.159660 0.039643 0.064155 
 -0.310973 -0.756221 0.009427 
 0.383419 -0.198966 -0.278774 
 -0.202666 -0.638801 -0.115243 
 -0.362220 0.071028 -0.008012 
 -0.327907 0.138518 0.015820 
 0.067809 -0.452821 0.157887 
 0.279955 -0.460720 0.259294 
 -0.063139 0.070793 0.116417 
 0.121097 0.707220 0.168632 
 0.548080 0.544099 -0.118681 
 0.041952 -0.489580 0.164141 
 -0.180280 -0.202012 -0.036830 
 0.109373 0.770062 0.109418 
 -0.269120 -0.051697 0.005668 
 0.252781 -0.410952 0.213929 
 -0.026120 0.624955 0.056267 
 0.345384 0.357341 -0.062753 
 -0.118048 -0.404987 -0.273282 
 -0.339794 0.640275 -0.071130 
 0.144290 -0.645623 0.211062 
 -0.108200 -0.612899 -0.116818 
 0.066621 0.890207 0.112359 
 -0.355620 0.236384 -0.022955 
 0.490392 0.414344 -0.085674 
 -0.375657 -0.007612 0.007148 
 0.123734 0.605230 0.142809 
 -0.445513 0.872653 -0.084630 
 0.064638 -0.740854 0.274327 
 -0.301956 -0.699896 -0.010518 
 0.306720 0.127432 -0.005526 
 0.151882 -0.207510 -0.302704 
 -0.370210 0.782726 -0.103235 
 0.462748 0.346507 -0.062834 
 -0.468580 0.878296 -0.092797 
 -0.091789 0.037597 0.100902 
 0.021991 0.540154 0.060977 
 -0.176617 -0.818947 0.213663 
 -0.150864 0.114168 0.079803 
 -0.059429 -0.741391 0.161742 
 0.106306 -0.308590 -0.314841 
 -0.120035 -0.127081 0.106636 
 -0.376700 -0.007809 0.007148 
 0.196461 -0.300207 -0.300637 
 0.045682 0.944961 0.123884 
 -0.046076 -0.444834 0.127566 
 0.056445 -0.712803 0.210206 
 0.106999 0.907421 0.152143 
 0.015994 -0.526718 0.170462 
 -0.010901 -0.359252 -0.269428 
 -0.233666 -0.776152 -0.007417 
 -0.317121 0.471601 -0.035187 
 0.094503 -0.708756 0.225469 
 0.333322 -0.236545 -0.303187 
 -0.349585 0.703975 -0.077112 
 0.072134 0.314463 0.108877 
 0.102144 -0.443689 0.151545 
 0.139953 -0.521104 0.185987 
 -0.299376 0.692809 0.008255 
 -0.127296 0.044950 0.086620 
 -0.094741 0.435406 0.095826 
 -0.056983 -0.631845 -0.058746 
 0.246357 0.201749 -0.016621 
 0.152058 -0.617941 0.272748 
 0.345781 0.281743 -0.041921 
 -0.070335 -0.544476 -0.104021 
 0.110094 0.445307 0.123233 
 -0.044797 -0.340434 -0.278660 
 0.010946 0.802689 0.044232 
 0.311354 -0.231995 -0.311021 
 -0.380651 -0.044589 -0.000711 
 -0.296886 0.224493 -0.001867 
 -0.290575 0.490740 -0.022191 
 -0.007887 -0.402805 -0.242286 
 -0.345578 0.628467 -0.064652 
 -0.242866 0.047379 0.001880 
 0.066621 0.890600 0.112935 
 0.520811 0.371221 -0.026748 
 0.039943 -0.013980 0.131105 
 -0.198314 -0.435625 -0.243997 
 0.523895 0.455993 -0.109749 
 0.126997 -0.322895 -0.309184 
 -0.215233 -0.246947 -0.046387 
 -0.373624 0.870406 -0.036671 
 -0.229257 0.044943 0.006361 
 -0.270285 -0.697709 -0.042273 
 -0.373728 0.696686 -0.085953 
 -0.175647 -0.303551 -0.224430 
 -0.319490 -0.155621 -0.027725 
 0.298753 -0.227235 0.141139 
 -0.316607 0.047647 0.005747 
 0.307825 -0.188960 0.138949 
 -0.118996 0.106858 0.101894 
 0.102926 0.659554 0.154194 
 0.010268 0.288106 0.103321 
 0.285719 -0.119150 -0.313805 
 0.290267 -0.215955 -0.316470 
 -0.125534 -0.623759 -0.116361 
 -0.332608 -0.708640 -0.012147 
 0.604654 0.522327 -0.111623 
 0.198963 -0.239380 -0.301293 
 0.336701 -0.249182 0.173267 
 0.366897 -0.040358 -0.042281 
 -0.119890 0.211225 0.095667 
 0.265930 -0.010958 -0.163025 
 0.153654 -0.245140 -0.298606 
 -0.324390 -0.650015 -0.109053 
 0.089926 0.637484 0.113422 
 0.054720 -0.492064 0.168654 
 -0.162370 -0.125940 0.047580 
 0.095452 -0.702616 0.259497 
 0.519036 0.529208 -0.121663 
 -0.318737 0.357606 -0.032257 
 -0.347643 0.815094 -0.079390 
 -0.101895 -0.014829 0.121222 
 -0.105521 -0.344912 -0.270111 
 0.035753 0.295507 0.113600 
 0.025050 0.400813 0.071654 
 -0.088953 0.243564 0.080235 
 -0.175599 0.084994 0.032631 
 0.158293 -0.415398 0.166521 
 0.258174 -0.057811 -0.172653 
 -0.105976 0.168641 0.107133 
 0.074620 -0.672035 0.191134 
 -0.255791 -0.677063 -0.088768 
 -0.215447 -0.158914 -0.032125 
 -0.338170 0.651803 -0.068580 
 -0.159890 -0.159057 -0.000405 
 -0.141429 0.175983 0.092968 
 -0.155077 -0.816620 0.200119 
 -0.393213 0.386299 -0.066934 
 0.136539 -0.289322 -0.310827 
 0.016087 -0.088939 0.141085 
 0.508085 0.360256 -0.033075 
 0.074450 -0.255348 -0.307181 
 -0.004607 0.744309 0.072548 
 -0.284045 0.539449 -0.012663 
 0.037076 0.748197 0.077821 
 -0.131903 -0.597326 0.168061 
 0.192175 -0.600088 0.291649 
 -0.316977 0.672088 -0.046876 
 -0.200619 0.151033 0.057049 
 0.576241 0.480768 -0.094872 
 -0.105984 -0.117091 0.113386 
 -0.132192 -0.719628 0.170203 
 -0.282144 0.413353 -0.020304 
 -0.056986 -0.838381 0.233200 
 -0.275183 0.258964 0.000973 
 0.407324 0.356579 -0.050215 
 -0.312644 -0.195158 -0.029947 
 -0.033939 -0.795960 0.206351 
 0.227702 -0.248018 0.099841 
 0.597729 0.582571 -0.093854 
 -0.087799 0.178417 0.103421 
 -0.375950 0.597769 -0.102322 
 0.349330 0.331944 -0.055138 
 -0.394507 0.823675 -0.116590 
 -0.093731 -0.574297 -0.127267 
 -0.082366 -0.384457 -0.278835 
 -0.031339 0.167751 0.100803 
 0.143803 -0.562133 0.191291 
 0.199211 -0.450820 0.186889 
 0.282089 -0.260568 0.129894 
 -0.293459 0.198364 0.005999 
 -0.335474 0.256978 -0.021921 
 0.101513 0.636959 0.117282 
 -0.308726 0.276772 -0.008622 
 -0.341709 -0.028049 0.016859 
 -0.090129 0.049978 0.104200 
 -0.113021 -0.204398 -0.000888 
 -0.178108 -0.007520 0.049631 
 0.126412 -0.531154 0.179197 
 -0.034444 0.650892 0.057648 
 -0.334219 0.101429 0.007996 
 -0.110126 -0.141132 0.108130 
 0.484313 0.378892 -0.060991 
 -0.377105 -0.109617 -0.009812 
 -0.380774 0.822238 -0.090566 
 -0.384946 -0.057483 -0.003331 
 0.013345 -0.551718 0.165152 
 0.373412 -0.078555 -0.045862 
 0.361867 0.009827 -0.036197 
 0.077848 0.528121 0.112782 
 0.075028 0.801539 0.079922 
 -0.029059 -0.408715 0.139330 
 0.184745 -0.519391 0.214339 
 -0.342469 0.362452 -0.040342 
 0.109243 0.582222 0.133655 
 -0.210678 0.203031 0.072390 
 -0.157363 -0.430394 -0.238312 
 0.070577 -0.559776 0.163725 
 -0.250491 -0.203358 -0.041899 
 0.041785 -0.790752 0.266539 
 -0.165105 -0.693629 0.128815 
 -0.387035 0.699568 -0.111960 
 -0.362573 -0.161011 -0.033810 
 -0.295843 0.069384 0.006097 
 -0.033755 0.712840 0.056901 
 0.100444 -0.665820 0.202152 
 -0.205369 0.025145 0.030927 
 0.174845 -0.475113 0.195735 
 0.003092 0.718154 0.071448 
 -0.055319 0.353276 0.066481 
 0.353749 -0.252585 -0.298975 
 0.561212 0.458897 -0.073186 
 -0.319490 -0.155621 -0.028753 
 -0.275352 0.207065 0.003674 
 -0.071271 -0.414543 0.133292 
 0.188132 -0.225504 -0.302683 
 -0.009460 0.150917 0.106353 
 -0.253585 0.329583 0.019022 
 -0.204764 0.254167 0.050089 
 -0.318448 -0.565557 -0.136716 
 0.358686 -0.014164 -0.041202 
 -0.027632 0.062145 0.128710 
 -0.245915 0.099045 0.008191 
 -0.231063 -0.634558 -0.114549 
 -0.094981 0.435406 0.097769 
 0.095903 -0.635642 0.194250 
 0.017901 0.864383 0.111337 
 -0.308726 0.278924 -0.008622 
 0.097489 -0.375036 -0.272617 
 0.381444 0.135610 0.045734 
 -0.206213 -0.149413 -0.016698 
 -0.167147 0.079527 0.067887 
 -0.028039 0.935146 0.094789 
 -0.122614 -0.151993 0.101380 
 -0.284228 -0.110769 -0.017999 
 0.277453 -0.300973 0.143993 
 0.381760 0.135610 0.045734 
 0.251593 -0.031763 -0.171588 
 0.284798 -0.390233 0.218256 
 -0.190632 -0.523109 -0.190292 
 -0.006839 0.732224 0.070884 
 -0.341625 0.715259 -0.059833 
 0.258437 -0.296100 0.135847 
 0.069486 -0.440310 0.160721 
 -0.208688 -0.751116 -0.015984 
 -0.348106 0.666280 -0.070727 
 -0.048555 0.184738 0.086134 
 0.266594 -0.339172 0.154565 
 -0.243101 0.213006 0.027485 
 -0.138645 -0.487167 -0.218915 
 -0.232368 0.337376 0.040325 
 0.568284 0.457759 -0.059910 
 -0.003300 -0.223248 -0.276737 
 0.073887 0.430287 0.073811 
 -0.045106 -0.581502 0.149509 
 -0.101984 -0.321188 -0.265211 
 -0.214074 0.141132 0.048284 
 0.064280 0.979168 0.156836 
 0.064410 0.530789 0.086244 
 0.365156 0.254997 -0.037894 
 -0.203287 -0.487994 -0.232499 
 -0.250706 -0.115052 -0.027000 
 0.058166 0.227187 0.124027 
 -0.231777 0.349665 0.042763 
 -0.128400 0.096910 0.085378 
 -0.275463 -0.548762 -0.128139 
 -0.239681 -0.591834 -0.133454 
 -0.176451 0.005349 0.050755 
 -0.173387 -0.169029 -0.007075 
 0.282202 -0.419859 0.244698 
 0.045944 0.832740 0.073054 
 -0.309076 -0.069080 -0.009542 
 -0.310341 0.819857 -0.040086 
 0.308354 0.044902 -0.049747 
 0.042899 0.010746 0.138005 
 0.118780 0.818185 0.141967 
 0.082334 0.688033 0.096896 
 -0.131516 -0.607279 -0.126691 
 0.274922 -0.094697 -0.195508 
 -0.229687 0.222118 0.035159 
 -0.013315 0.178122 0.098652 
 -0.283900 0.602780 -0.033597 
 0.052126 0.533189 0.082170 
 -0.357287 0.274030 -0.027454 
 0.312917 0.165220 -0.029725 
 -0.001891 -0.389026 -0.248721 
 -0.092634 0.010158 0.116029 
 0.375613 -0.031347 -0.026597 
 -0.293057 0.641545 -0.030450 
 -0.087710 -0.544674 -0.154680 
 -0.297468 -0.209525 -0.038660 
 -0.007787 -0.495645 -0.062063 
 -0.260606 -0.188896 -0.043216 
 0.009561 -0.843471 0.280621 
 -0.072220 -0.799954 0.189842 
 -0.350457 0.440035 -0.043702 
 0.260128 -0.197640 -0.325455 
 0.232725 -0.417737 0.193883 
 -0.276169 0.039808 0.008427 
 0.119209 -0.586728 0.200252 
 -0.267429 0.524045 0.002840 
 -0.041950 0.602480 0.047155 
 0.077159 0.951934 0.147785 
 -0.383976 0.625745 -0.101225 
 0.274059 -0.094697 -0.194492 
 0.046430 -0.055683 0.127373 
 -0.298918 0.211931 -0.004460 
 0.381569 0.187523 0.012039 
 0.023269 0.961831 0.118435 
 0.062578 -0.518682 0.167513 
 -0.307672 -0.158069 -0.023369 
 0.316422 0.009674 -0.086418 
 0.466785 0.284550 -0.039309 
 -0.237735 -0.379406 -0.249754 
 0.072891 -0.534679 0.170439 
 -0.073283 -0.545484 0.133340 
 0.094788 0.003896 0.111965 
 -0.210345 -0.710038 -0.020984 
 0.117507 -0.569267 0.180337 
 -0.307241 0.744706 -0.030567 
 0.419293 0.305888 -0.044695 
 -0.024210 -0.465585 -0.073948 
 0.214119 0.077880 0.049260 
 0.281045 -0.006927 -0.102695 
 -0.200334 -0.661005 -0.074348 
 -0.230944 -0.681958 -0.078927 
 -0.028547 -0.421245 0.136999 
 -0.272434 -0.077394 0.002733 
 -0.086104 -0.611113 -0.077239 
 -0.082428 -0.005100 0.118889 
 -0.362114 0.594554 -0.076317 
 -0.371991 0.318998 -0.058734 
 0.282822 0.232452 -0.019724 
 -0.378987 -0.032011 0.001908 
 -0.334808 0.775559 -0.091310 
 0.621447 0.565803 -0.098189 
 0.551789 0.400298 -0.019346 
 0.035047 -0.750198 0.206988 
 -0.135964 -0.403397 -0.268821 
 0.282866 -0.407348 0.248086 
 -0.170244 -0.716757 -0.017472 
 -0.374871 -0.767576 0.038117 
 -0.172915 -0.758525 -0.003767 
 0.021991 0.539691 0.061071 
 -0.217484 -0.666194 -0.102779 
 -0.259189 -0.014458 0.007038 
 -0.433768 0.783414 -0.094791 
 0.290717 0.206339 -0.020657 
 -0.164468 -0.543363 -0.171978 
 0.015720 -0.500474 -0.053990 
 -0.003173 0.980072 0.122299 
 0.282214 -0.289343 0.146589 
 -0.221218 -0.382121 -0.254616 
 0.379937 0.301465 -0.047796 
 0.554222 0.590996 -0.109017 
 -0.252103 0.392897 0.021681 
 0.056488 0.618417 0.086860 
 0.302710 -0.032318 -0.131348 
 -0.178674 0.134069 0.061096 
 0.002305 0.149904 0.110427 
 -0.111588 -0.539882 -0.162252 
 -0.310002 0.160683 0.016155 
 -0.025204 0.309378 0.071295 
 -0.421173 0.842621 -0.113488 
 -0.238994 0.467090 0.005407 
 0.094185 0.360484 0.113909 
 0.011662 0.814787 0.046766 
 0.245617 -0.379152 0.183428 
 -0.002401 0.942446 0.106576 
 -0.325507 -0.116085 -0.024066 
 -0.016405 0.111972 0.129094 
 -0.262554 0.421231 -0.000627 
 0.230367 -0.231365 -0.309201 
 0.246357 0.202073 -0.016621 
 -0.025376 0.636393 0.058821 
 -0.012208 -0.084276 0.143459 
 -0.297336 0.578334 -0.021119 
 0.037124 -0.617171 0.142183 
 -0.360116 -0.185368 -0.047897 
 -0.250857 -0.438559 -0.253597 
 0.176483 -0.462602 0.198375 
 0.014498 -0.497160 0.153548 
 0.323878 -0.222467 -0.305061 
 0.282866 -0.408302 0.247337 
 0.139232 -0.266081 -0.305924 
 0.183110 0.212099 0.001647 
 -0.362752 0.004851 -0.008051 
 -0.352486 -0.491869 -0.094123 
 0.027816 0.725047 0.083520 
 0.346534 -0.064229 -0.129960 
 0.095426 0.056002 0.109100 
 -0.343656 -0.542824 -0.109247 
 0.330489 -0.290233 0.197869 
 -0.276473 -0.729279 -0.016315 
 0.304003 -0.213463 0.134508 
 0.156988 -0.581994 0.215137 
 -0.056283 0.030243 0.113032 
 -0.077963 -0.084357 0.129513 
 -0.371510 0.572255 -0.072421 
 0.191227 -0.202337 -0.296801 
 -0.164614 -0.741499 0.164362 
 0.290458 -0.095656 -0.199785 
 -0.202059 0.048274 0.038782 
 -0.126219 -0.379816 -0.272672 
 -0.388131 0.736546 -0.117344 
 -0.324253 -0.508235 -0.097349 
 0.000839 0.966615 0.110436 
 -0.038273 -0.040821 0.130090 
 0.258835 -0.272861 -0.305311 
 -0.270777 -0.064060 0.005612 
 -0.117120 0.030118 0.088836 
 0.225718 0.204607 -0.002091 
 -0.285443 -0.110769 -0.018104 
 0.053191 -0.678573 0.172038 
 -0.237079 -0.230214 -0.053746 
 0.054701 -0.768907 0.286985 
 -0.372043 0.721768 -0.102904 
 0.004716 -0.046371 0.124206 
 -0.002981 0.619232 0.064279 
 -0.077963 -0.084655 0.128358 
 0.127356 -0.263780 -0.309770 
 0.532019 0.441642 -0.075564 
 -0.193191 -0.349074 -0.239113 
 0.001317 0.121833 0.127587 
 0.072993 -0.654768 0.171898 
 -0.212989 0.307933 0.043274 
 -0.304682 0.781270 -0.045623 
 -0.262195 0.471918 -0.003415 
 0.079964 0.652006 0.111744 
 -0.127987 -0.680407 -0.028006 
 0.112078 0.856891 0.145280 
 0.502151 0.508182 -0.120882 
 0.097409 0.884661 0.133685 
 0.378428 0.350373 -0.051104 
 0.017462 0.913492 0.108378 
 0.300370 -0.229384 -0.315091 
 0.333859 -0.083757 -0.170244 
 0.357936 0.306117 -0.055574 
 0.484429 0.367065 -0.063447 
 -0.039282 0.664502 0.046703 
 -0.353973 0.248672 -0.019657 
 -0.013952 0.944646 0.101337 
 0.335872 -0.249182 0.173523 
 -0.152627 0.037471 0.076925 
 -0.290447 0.324600 0.005793 
 0.252237 -0.452440 0.229253 
 0.220371 -0.609658 0.321605 
 -0.054616 0.353276 0.066986 
 -0.231947 0.005344 0.020194 
 -0.353844 0.131050 0.005028 
 -0.273539 0.270662 0.003682 
 -0.272208 -0.422605 -0.259285 
 -0.227346 -0.738617 0.000248 
 -0.112103 -0.191413 0.088953 
 0.449654 0.398558 -0.092364 
 0.040184 0.585707 0.075195 
 -0.044322 -0.141537 0.121074 
 0.220260 0.192819 0.003749 
 0.059802 0.316014 0.104834 
 0.300191 -0.157530 0.109066 
 0.497426 0.388039 -0.054684 
 0.258835 -0.272647 -0.305164 
 -0.323893 0.798114 -0.051064 
 0.001662 0.791963 0.028531 
 -0.370229 0.381470 -0.058861 
 0.039840 0.672825 0.089220 
 -0.130769 -0.622577 0.153766 
 -0.165753 -0.455177 -0.234620 
 0.340195 0.068564 0.041240 
 0.070425 0.490638 0.082585 
 0.364050 0.021299 -0.033695 
 0.042276 0.089799 0.116335 
 0.200774 -0.409601 0.172058 
 0.145866 0.087465 0.079266 
 -0.209217 -0.652887 -0.109007 
 -0.371907 -0.551237 -0.111255 
 -0.188534 -0.663448 -0.069583 
 0.018043 0.197664 0.101797 
 0.033597 0.283255 0.111431 
 -0.110848 -0.539882 -0.161633 
 0.071293 0.416895 0.071254 
 -0.283529 0.639279 0.004808 
 -0.115872 -0.037632 0.111858 
 0.073515 -0.672073 0.191134 
 -0.259816 0.177974 0.015623 
 0.416951 0.341154 -0.048809 
 -0.313250 0.746087 -0.044187 
 -0.326819 -0.593721 -0.133127 
 0.324107 -0.246746 0.170292 
 -0.379114 0.241249 -0.030354 
 -0.222037 -0.205970 -0.042677 
 -0.007054 -0.401631 -0.242286 
 -0.318810 0.292648 -0.009485 
 0.306311 -0.381604 0.238338 
 -0.028173 0.449325 0.058543 
 -0.212760 -0.660368 -0.132714 
 0.196468 -0.381377 0.164368 
 0.544623 0.402100 -0.034141 
 -0.051303 0.067388 0.119609 
 0.323878 -0.223043 -0.305061 
 -0.082086 -0.638724 -0.069456 
 -0.174422 -0.034367 0.058118 
 -0.112103 -0.190713 0.088606 
 0.064870 -0.241699 -0.307767 
 -0.088311 -0.623364 -0.079824 
 -0.382090 0.624290 -0.101225 
 0.238633 0.075450 0.025404 
 0.227062 0.216561 0.000430 
 0.220119 -0.357858 0.154332 
 0.074680 -0.642182 0.172729 
 -0.385426 0.074130 -0.016195 
 0.114098 -0.516143 0.177693 
 0.396975 0.159174 0.021622 
 0.318889 -0.163700 0.126375 
 0.149131 0.111820 0.084321 
 -0.352296 -0.527853 -0.110729 
 0.274318 -0.342258 0.167837 
 -0.118126 -0.437072 -0.235403 
 -0.002866 0.619498 0.064279 
 -0.370754 0.393666 -0.056288 
 -0.033979 -0.356355 -0.277243 
 0.389866 0.348051 -0.047222 
 0.001942 0.791963 0.028469 
 -0.207593 0.117153 0.025604 
 -0.093177 -0.652550 -0.054258 
 -0.020291 0.346238 0.079113 
 0.310552 -0.134808 -0.317859 
 -0.358932 0.263240 -0.030043 
 0.008597 0.827856 0.057275 
 0.346222 -0.064886 -0.129960 
 -0.029504 -0.460711 -0.173006 
 0.420801 0.268659 -0.037198 
 0.020296 0.750920 0.051310 
 0.069234 0.353117 0.101256 
 0.292861 -0.253180 -0.310843 
 0.056521 0.214917 0.118783 
 0.208327 -0.298662 0.116964 
 0.055087 0.892988 0.107761 
 -0.275317 -0.279125 -0.029742 
 -0.083997 0.151411 0.110693 
 0.038862 0.784625 0.062904 
 0.193855 0.080257 0.064344 
 0.033187 -0.286888 -0.295389 
 -0.034400 -0.673711 0.139240 
 0.011040 -0.843471 0.280241 
 -0.310300 -0.726157 -0.008260 
 -0.284646 -0.534062 -0.129612 
 0.159101 -0.626971 0.251881 
 -0.020816 -0.411464 -0.248714 
 -0.122981 -0.086990 0.101363 
 -0.166874 0.129313 0.065181 
 0.563716 0.471552 -0.103080 
 0.052034 -0.201653 -0.316769 
 -0.173151 -0.480034 -0.230840 
 0.286286 0.268093 -0.012205 
 0.172097 -0.595532 0.273195 
 0.069310 0.679224 0.090347 
 0.281991 0.106725 0.003995 
 0.071478 0.314463 0.109916 
 -0.383976 0.624290 -0.100697 
 0.288019 -0.274493 0.139986 
 -0.292062 0.312330 0.002687 
 -0.262831 -0.656448 -0.120738 
 -0.317192 0.047082 0.005747 
 0.051109 -0.397822 0.160744 
 0.066621 0.890600 0.111649 
 0.326307 -0.185156 -0.319146 
 0.306768 -0.201212 0.137092 
 -0.007712 -0.492192 0.144224 
 -0.133363 -0.211361 -0.020587 
 -0.077218 -0.540228 -0.117732 
 -0.125987 -0.561692 -0.171364 
 -0.348229 0.616106 -0.067205 
 -0.386463 0.548262 -0.059548 
 -0.050453 -0.457158 0.133924 
 -0.020011 0.722847 0.063449 
 0.040477 0.128295 0.110894 
 -0.253585 0.330775 0.020564 
 -0.061141 -0.300342 -0.279003 
 -0.299376 0.692809 0.006740 
 -0.037083 -0.393846 -0.262978 
 -0.074636 -0.439641 0.127159 
 0.315119 -0.136515 0.118443 
 0.090915 0.336581 0.108849 
 0.053032 0.682058 0.095621 
 0.143858 -0.182444 -0.301649 
 -0.033226 0.849334 0.090208 
 -0.355251 0.792325 -0.096726 
 0.038429 0.573604 0.072575 
 0.010766 0.042815 0.129262 
 0.025074 -0.227405 -0.275362 
 -0.218025 -0.458513 -0.244607 
 -0.300262 0.044695 0.000889 
 0.118698 0.718964 0.125862 
 -0.010564 0.253854 0.100667 
 0.366933 -0.243369 -0.292273 
 -0.217282 -0.356306 -0.249564 
 0.273061 0.246684 -0.021150 
 -0.242671 0.035811 -0.000717 
 -0.042029 -0.442124 -0.196265 
 0.245254 -0.209814 0.080057 
 -0.083541 -0.070058 0.118960 
 -0.065459 0.239440 0.089662 
 -0.295020 0.172497 0.022845 
 -0.158892 -0.375606 -0.261087 
 0.354980 0.142532 0.015279 
 -0.231133 0.084303 0.001347 
 -0.306985 0.238941 -0.003001 
 0.172390 -0.258280 -0.313847 
 0.307825 -0.188315 0.139677 
 0.298830 -0.241247 -0.317515 
 0.386341 -0.069530 -0.039434 
 0.062985 0.111937 0.116436 
 -0.046107 0.013652 0.114164 
 -0.035184 0.712840 0.056901 
 -0.237936 0.160581 0.021640 
 -0.166324 -0.753767 0.162614 
 0.089576 -0.470287 0.164110 
 0.176997 -0.403605 0.164145 
 -0.059276 -0.417083 0.137712 
 -0.029059 -0.408715 0.139596 
 -0.058658 -0.536769 0.140160 
 0.254702 -0.498372 0.264824 
 -0.001191 -0.821570 0.247492 
 -0.308007 0.682709 -0.030803 
 0.321870 0.073330 0.024096 
 0.336892 -0.050639 -0.131367 
 0.493076 0.254434 -0.022490 
 0.024959 0.774977 0.056385 
 -0.119272 -0.777103 0.176428 
 -0.113477 -0.283831 -0.252270 
 0.502931 0.447928 -0.097403 
 0.504930 0.447928 -0.097164 
 0.248965 -0.308131 -0.303407 
 0.025834 0.143901 0.119872 
 0.105580 0.659328 0.122396 
 -0.226172 0.158145 0.026576 
 0.046753 0.547359 0.071541 
 -0.049824 -0.473840 0.153435 
 -0.091275 -0.631940 -0.104233 
 0.063967 0.941490 0.140488 
 0.233069 -0.291227 0.127700 
 0.258835 -0.271678 -0.305164 
 0.067599 0.341043 0.100777 
 -0.047534 -0.540428 0.144325 
 -0.360267 0.366527 -0.057397 
 0.007404 0.827856 0.058573 
 0.626759 0.517800 -0.104054 
 0.043412 -0.489580 0.164501 
 0.232107 -0.388942 0.176699 
 0.026564 -0.401438 -0.197196 
 0.307870 -0.206267 -0.319916 
 -0.044160 -0.514089 0.148991 
 -0.381900 0.871519 -0.091287 
 0.270200 0.070034 0.014898 
 -0.314342 0.432792 -0.029851 
 -0.296459 0.070228 0.006097 
 -0.325386 -0.509137 -0.097349 
 0.385173 0.238543 -0.033776 
 -0.124588 -0.151993 0.101380 
 0.054590 0.818047 0.074497 
 0.453085 0.446104 -0.105998 
 -0.009755 -0.534149 0.158469 
 0.101305 0.435006 0.107067 
 -0.236156 -0.418132 -0.244555 
 0.003374 0.212069 0.110180 
 0.154945 -0.245140 -0.297175 
 -0.405970 0.827093 -0.120559 
 -0.074487 -0.298004 -0.282910 
 0.384751 -0.080640 -0.042081 
 -0.120727 -0.678608 0.018383 
 0.064745 0.276268 0.131893 
 -0.308633 0.226652 -0.008294 
 0.570790 0.494055 -0.107519 
 -0.225230 -0.685561 -0.066343 
 0.131172 0.050828 0.089683 
 -0.297295 0.730207 -0.028678 
 -0.014367 -0.282580 -0.280188 
 -0.289624 0.027440 0.002371 
 0.276175 0.182901 -0.029749 
 0.226640 -0.459998 0.218526 
 -0.035859 -0.473398 -0.164570 
 0.067599 0.340393 0.100777 
 0.283601 -0.088121 -0.265972 
 -0.115920 0.094282 0.089470 
 -0.265829 0.585748 0.002593 
 -0.186747 -0.126914 -0.016396 
 -0.125853 -0.640591 -0.096487 
 0.517498 0.516699 -0.123554 
 -0.077621 -0.631566 0.161576 
 0.281078 -0.151904 0.091783 
 -0.169638 0.119013 0.062577 
 -0.359211 0.618760 -0.071210 
 -0.012417 0.370018 0.075095 
 0.378798 -0.007600 -0.021584 
 0.375373 -0.115501 -0.159076 
 0.023573 0.183112 0.111720 
 0.032910 -0.445391 0.146045 
 0.135115 -0.653775 0.260510 
 -0.044196 -0.302069 -0.284019 
 0.157506 0.085055 0.083934 
 0.251170 -0.226685 0.090702 
 0.220154 -0.272963 0.103033 
 0.541749 0.476101 -0.108926 
 -0.132276 0.007691 0.080256 
 0.392925 0.185172 0.014240 
 0.291403 -0.144365 -0.314848 
 -0.115926 -0.665767 -0.043161 
 -0.149716 0.114168 0.080497 
 0.061251 0.779862 0.070651 
 -0.149586 -0.670781 0.139796 
 -0.218072 -0.592105 -0.146124 
 -0.254233 0.241263 0.006506 
 0.334513 0.285573 -0.046635 
 -0.262547 -0.349313 -0.243812 
 -0.038273 -0.039504 0.130090 
 -0.044849 -0.116964 0.136625 
 0.249638 -0.351228 0.157046 
 -0.370985 0.733273 -0.100367 
 -0.211033 -0.484912 -0.245298 
 -0.152434 -0.696139 0.133522 
 0.011833 0.640171 0.073391 
 -0.107475 -0.467047 -0.214776 
 -0.118340 -0.581642 -0.139290 
 0.032021 0.911100 0.112237 
 -0.350295 0.016299 -0.001341 
 0.209977 -0.286354 0.120799 
 -0.286786 0.207448 -0.000393 
 0.291861 -0.303409 0.148066 
 0.165164 -0.458304 0.194234 
 -0.382316 -0.057483 -0.002473 
 0.221603 -0.260692 0.106419 
 -0.303786 0.379627 -0.023038 
 0.192175 -0.601073 0.290712 
 -0.137898 0.111177 0.083895 
 0.245257 -0.265551 0.115678 
 0.026338 -0.541624 0.171956 
 -0.242034 0.378220 0.023677 
 -0.131259 0.148810 0.091719 
 -0.067727 -0.099577 0.130090 
 -0.129395 0.084547 0.083719 
 -0.009683 0.658203 0.068038 
 0.258373 -0.456520 0.250987 
 0.098198 0.772451 0.107125 
 -0.362436 0.158223 0.005745 
 0.006832 0.778669 0.037785 
 -0.152890 -0.735546 -0.003000 
 -0.233934 -0.006335 0.017590 
 -0.130229 -0.579235 -0.143666 
 -0.167579 0.180878 0.084660 
 -0.063028 -0.604217 0.148990 
 -0.037324 0.363206 0.064449 
 -0.093679 -0.590922 -0.109436 
 -0.114073 -0.551985 -0.164805 
 0.060413 0.111937 0.116436 
 0.207144 -0.192601 -0.300587 
 0.328372 -0.194234 0.157026 
 -0.100902 -0.554381 -0.161592 
 0.516987 0.320759 0.018201 
 -0.000187 0.966615 0.110436 
 -0.312710 -0.510678 -0.093264 
 -0.307113 0.457693 -0.033725 
 0.406097 0.296478 -0.049355 
 0.227637 -0.275938 0.117039 
 0.249553 0.225712 -0.012463 
 0.028001 -0.490692 -0.047714 
 0.013133 -0.613033 0.133876 
 -0.236172 -0.632099 -0.127426 
 -0.033355 0.143776 0.095611 
 -0.038670 -0.405748 -0.265476 
 -0.014339 0.534702 0.046406 
 0.193027 -0.190754 -0.295352 
 -0.006449 -0.258499 -0.284174 
 -0.363559 0.744467 -0.106861 
 -0.311419 -0.004818 -0.000446 
 -0.295151 -0.519363 -0.131084 
 -0.283779 0.401157 -0.022214 
 -0.288897 0.452355 -0.015728 
 0.208456 -0.601596 0.285015 
 -0.098981 -0.002392 0.123692 
 -0.348229 0.614859 -0.067205 
 0.387222 0.324587 -0.051599 
 0.309608 -0.324872 0.194542 
 -0.081303 -0.109567 0.124617 
 -0.221785 0.334943 0.044392 
 0.246902 -0.252845 0.117130 
 0.065035 -0.291091 -0.305585 
 0.386111 0.238368 -0.033776 
 -0.347304 0.180502 0.015545 
 0.176013 0.147872 0.045224 
 0.037767 -0.461189 0.155741 
 0.091247 0.549250 0.121936 
 -0.106077 -0.567484 -0.154476 
 0.076474 0.273839 0.135903 
 0.384751 -0.080640 -0.042656 
 0.006381 -0.395968 -0.214033 
 0.187933 -0.325742 0.148555 
 0.034273 0.537295 0.064982 
 0.202502 -0.288007 -0.307275 
 0.084706 0.564626 0.088665 
 -0.282750 -0.626961 -0.122026 
 -0.087710 -0.544674 -0.155121 
 -0.281265 0.018185 -0.018129 
 0.183462 -0.259376 -0.310014 
 -0.250876 -0.721900 -0.005394 
 -0.354438 0.665840 -0.083057 
 -0.221665 -0.307403 -0.221752 
 -0.029133 -0.460525 -0.173006 
 0.037767 -0.460781 0.156594 
 -0.267429 0.522468 0.002840 
 -0.264765 0.141095 0.007834 
 0.095083 0.873200 0.131136 
 -0.335511 0.308245 -0.024606 
 0.492166 0.475050 -0.118748 
 0.022579 0.040367 0.132718 
 -0.119726 -0.114625 0.109263 
 -0.006047 -0.405511 -0.219545 
 -0.227822 0.145838 0.023643 
 0.303461 -0.133940 0.114212 
 -0.296602 -0.583213 -0.131174 
 0.000809 -0.639819 0.145584 
 -0.042244 -0.091604 0.141880 
 -0.062888 -0.586991 -0.085841 
 -0.370640 0.819136 -0.086585 
 -0.010713 -0.456792 -0.067349 
 0.379865 0.149834 0.025682 
 -0.391410 0.486281 -0.050388 
 0.188333 -0.565836 0.251184 
 -0.182070 0.235462 0.086908 
 -0.328335 0.587366 -0.065874 
 0.086694 0.799157 0.083903 
 -0.059429 -0.741575 0.163087 
 0.102982 -0.248091 -0.307599 
 -0.067514 -0.562358 0.143825 
 -0.259667 -0.615635 -0.132959 
 0.118772 -0.249859 -0.311754 
 -0.176513 -0.586217 -0.141075 
 -0.305460 0.418182 -0.026615 
 -0.058098 -0.561790 -0.080688 
 0.063550 -0.693673 0.171640 
 -0.265314 0.332012 0.018412 
 -0.360339 0.768304 -0.100528 
 -0.022693 -0.357439 -0.273336 
 -0.318848 0.734999 -0.037667 
 0.200774 -0.408755 0.172377 
 0.340011 0.002402 -0.055791 
 0.332067 -0.248035 -0.306106 
 0.053287 0.496194 0.065334 
 -0.340119 -0.000051 -0.000109 
 0.257976 -0.209131 -0.327570 
 -0.030364 0.910977 0.089583 
 -0.169947 0.054801 0.062671 
 -0.086445 -0.544674 -0.154241 
 0.544830 0.499083 -0.105258 
 -0.028526 0.062486 0.128710 
 0.208327 -0.299100 0.116957 
 0.407467 0.206580 0.023161 
 -0.129793 -0.686314 0.002748 
 0.196448 -0.352956 0.146647 
 0.522540 0.330824 0.011265 
 -0.110653 -0.089836 0.105480 
 -0.134027 -0.518732 -0.189442 
 -0.343373 -0.040025 0.014239 
 -0.233145 -0.307257 -0.224680 
 -0.135610 -0.547193 -0.171150 
 0.069526 -0.560263 0.163725 
 -0.283600 0.639279 0.004808 
 0.053963 0.457967 0.070902 
 0.555688 0.424294 -0.046588 
 0.029981 0.811218 0.063997 
 0.053407 0.918400 0.122785 
 0.316894 -0.171435 -0.321521 
 -0.179939 -0.145108 0.016062 
 -0.318448 -0.567389 -0.136716 
 -0.001953 -0.308172 -0.290200 
 -0.332051 0.347820 -0.038031 
 -0.099732 -0.002392 0.123846 
 0.482995 0.256757 -0.027126 
 0.063637 -0.318423 -0.288701 
 0.006966 0.603691 0.065731 
 0.145758 -0.425388 0.159771 
 -0.046356 -0.429055 -0.206620 
 0.201149 -0.438497 0.189521 
 0.073855 0.197958 0.134671 
 -0.373750 -0.069921 -0.023722 
 -0.056283 0.030789 0.112679 
 0.596898 0.536026 -0.112995 
 -0.145964 -0.432764 -0.234454 
 0.149667 -0.333446 0.164915 
 0.328672 0.277335 -0.039015 
 -0.186005 -0.748709 0.145286 
 -0.025522 0.486979 0.045357 
 -0.253585 0.329730 0.020564 
 -0.251172 0.163018 0.017100 
 0.509925 0.288660 -0.043990 
 0.098686 0.436338 0.085613 
 0.212021 -0.300675 -0.305843 
 0.496999 0.388039 -0.054027 
 -0.233934 -0.007001 0.017287 
 0.313800 0.227303 -0.031555 
 -0.247836 0.085872 0.005595 
 -0.249383 -0.589408 -0.136591 
 0.405754 0.344886 -0.052686 
 0.010988 0.989779 0.128540 
 -0.000879 -0.651846 0.143912 
 0.129523 -0.252160 -0.307318 
 -0.281265 0.017767 -0.017990 
 -0.210333 -0.011888 0.027050 
 0.033349 0.624413 0.078976 
 -0.293815 -0.809368 0.180195 
 -0.317085 0.253663 -0.006945 
 0.192348 -0.190754 -0.295352 
 -0.244510 0.183848 0.044395 
 -0.002401 0.942446 0.105260 
 -0.079168 -0.084655 0.129513 
 0.323417 -0.068915 -0.171645 
 0.045918 0.357891 0.095277 
 0.047209 0.745722 0.081815 
 0.069705 -0.559776 0.163725 
 -0.421173 0.842621 -0.112104 
 -0.292062 0.312477 0.003204 
 0.024977 -0.401870 -0.197196 
 0.026107 -0.812709 0.258672 
 0.388422 -0.172975 -0.305222 
 -0.232912 -0.342625 -0.243208 
 0.268330 -0.429894 0.237918 
 0.353749 -0.252585 -0.299533 
 -0.192512 -0.212484 -0.043480 
 -0.236209 -0.619829 -0.125249 
 0.036958 -0.091376 0.128664 
 0.065083 0.111937 0.116436 
 0.211973 -0.252714 -0.308958 
 0.169891 0.030147 0.090039 
 -0.402191 0.665659 -0.101576 
 0.350528 0.011785 -0.040009 
 -0.238898 -0.044034 0.011547 
 -0.375811 0.213855 -0.022514 
 0.079406 0.109468 0.111332 
 -0.113323 -0.317403 -0.269032 
 -0.233934 -0.007137 0.017590 
 -0.362740 0.069235 -0.008012 
 0.104746 0.634361 0.139890 
 -0.391861 0.449784 -0.067075 
 0.367790 -0.004914 -0.025516 
 -0.258884 -0.164281 -0.038184 
 -0.297296 -0.261246 -0.036387 
 -0.277691 -0.792673 0.158910 
 -0.254002 -0.601660 -0.139176 
 -0.358932 0.730892 -0.096939 
 0.051901 -0.781734 0.284279 
 0.071378 0.504146 0.085142 
 -0.193916 -0.711315 -0.025705 
 0.279585 -0.166172 -0.323485 
 0.021790 0.376496 0.067555 
 0.098923 0.672948 0.111643 
 -0.253415 0.329583 0.020564 
 0.182178 -0.549779 0.240551 
 0.073123 0.665900 0.132948 
 0.035320 0.178619 0.117196 
 -0.338174 0.652754 -0.068580 
 -0.285525 0.590659 -0.036436 
 -0.368600 0.794702 -0.100006 
 0.277109 -0.387062 0.205213 
 -0.425469 0.756893 -0.095300 
 0.123233 -0.165814 -0.306045 
 0.524826 0.394576 -0.054934 
 0.317749 -0.246295 -0.300797 
 -0.316607 0.047082 0.004897 
 -0.238566 0.353552 0.029802 
 0.230619 -0.594932 0.305997 
 -0.041132 -0.442124 -0.196265 
 -0.174643 -0.626484 -0.135107 
 0.057265 0.980058 0.144880 
 0.274624 -0.285669 0.134427 
 0.020702 0.937923 0.113336 
 0.624031 0.495901 -0.108878 
 0.598215 0.500130 -0.106179 
 -0.248251 0.225887 0.016993 
 0.064850 0.367297 0.092674 
 0.001727 0.200266 0.107859 
 -0.303825 0.431319 -0.025815 
 0.323216 0.085304 0.026566 
 -0.348531 0.168139 0.012852 
 0.293979 -0.292104 0.150663 
 0.203204 -0.514007 0.243563 
 -0.227484 0.374242 0.048102 
 -0.010063 -0.507841 -0.064636 
 0.120791 -0.337149 -0.302070 
 -0.007233 -0.483449 -0.059490 
 0.081320 0.465133 0.103981 
 0.047679 0.696093 0.083224 
 -0.274083 -0.125557 -0.017687 
 0.296932 -0.392699 0.222378 
 -0.326924 0.686789 -0.047880 
 0.068335 0.629328 0.093419 
 0.186366 -0.152469 -0.291855 
 -0.234269 -0.389974 -0.261104 
 0.113764 -0.528673 0.175050 
 0.059733 0.643827 0.092826 
 0.189215 -0.338950 -0.277037 
 -0.286629 -0.545401 -0.132200 
 -0.112141 0.067262 0.095646 
 0.080714 0.676751 0.094347 
 -0.074049 0.394756 0.066631 
 0.144641 -0.330107 -0.293231 
 0.082406 0.750708 0.096340 
 0.052878 0.074290 0.117811 
 -0.375657 -0.007809 0.006588 
 0.035616 -0.774160 0.257168 
 0.369511 0.364428 -0.054158 
 0.041674 0.597810 0.077529 
 -0.171755 -0.194654 -0.021224 
 0.110873 0.595407 0.136220 
 -0.321696 -0.723673 -0.011165 
 -0.075395 0.382541 0.065249 
 0.222550 -0.171201 -0.291881 
 0.029636 -0.478496 -0.044386 
 -0.260027 -0.412972 -0.252505 
 -0.241021 0.048015 0.001880 
 -0.206771 -0.323492 -0.229167 
 -0.123378 -0.650444 0.152613 
 -0.059084 -0.591460 -0.063823 
 0.516987 0.320586 0.018201 
 -0.201413 -0.054228 0.043408 
 -0.058137 -0.376764 -0.268319 
 0.427124 0.378586 -0.082838 
 0.069716 -0.410333 0.144107 
 0.265930 -0.012276 -0.162770 
 -0.285910 -0.086338 -0.003863 
 0.100938 0.321482 0.109471 
 -0.308864 0.732098 -0.033661 
 0.007992 0.275854 0.100737 
 -0.141785 -0.588987 -0.149903 
 -0.181639 0.057851 0.058579 
 -0.033605 0.336225 0.073617 
 0.153204 -0.457648 0.189687 
 0.125430 -0.461103 0.156855 
 0.080812 0.837625 0.087314 
 -0.181568 -0.504966 -0.227075 
 0.017181 -0.484612 0.156195 
 -0.246790 0.290344 0.016640 
 0.315568 -0.272743 -0.284125 
 0.298191 0.230218 -0.025065 
 -0.082086 -0.637960 -0.069456 
 0.274375 0.258564 -0.019998 
 0.086409 0.488456 0.109111 
 0.211039 -0.440966 0.193649 
 -0.010600 0.008057 0.125675 
 0.150239 -0.219112 -0.305151 
 0.027824 -0.801025 0.262272 
 0.048081 0.241886 0.119901 
 0.105688 0.659328 0.122396 
 -0.088314 -0.449705 0.122580 
 -0.138114 0.199687 0.098059 
 0.305775 -0.213463 0.134508 
 -0.002347 0.482179 0.053804 
 0.070002 0.666878 0.110361 
 0.556554 0.424294 -0.048342 
 -0.022748 -0.463750 -0.159613 
 -0.320375 0.345732 -0.034834 
 -0.207455 0.192135 0.059256 
 0.190749 -0.280209 0.102264 
 -0.011337 -0.467995 -0.069918 
 0.086275 -0.372080 -0.277979 
 -0.139075 0.188346 0.095451 
 -0.004393 0.470058 0.050843 
 -0.196744 -0.188357 -0.029358 
 0.023943 0.962951 0.118435 
 0.047464 0.292431 0.118070 
 -0.320461 -0.155621 -0.027798 
 -0.258973 -0.103312 -0.007220 
 -0.336626 0.309437 -0.024606 
 -0.322104 -0.741144 0.007917 
 0.016912 0.590499 0.067235 
 0.261040 -0.443189 0.244456 
 0.033300 0.525192 0.062429 
 -0.073314 0.084672 0.116495 
 0.122583 -0.560329 0.205296 
 0.378202 0.111580 0.040691 
 0.102687 0.659554 0.154326 
 -0.252576 -0.053935 0.003088 
 0.364829 0.254997 -0.039092 
 -0.349184 0.654196 -0.072580 
 -0.072498 -0.247918 -0.285776 
 -0.013098 -0.004324 0.123846 
 0.055291 0.470181 0.073459 
 0.519036 0.528171 -0.119976 
 0.382299 0.373837 -0.047419 
 0.492166 0.475447 -0.118748 
 -0.223332 0.284871 0.024982 
 -0.134298 -0.675903 -0.040978 
 0.322650 -0.140013 0.131528 
 -0.028169 0.372869 0.080224 
 -0.266415 0.128051 0.005237 
 0.315682 -0.272743 -0.283621 
 -0.238813 -0.044034 0.009778 
 -0.179683 -0.145108 0.016368 
 -0.114162 -0.491923 -0.210965 
 0.048873 0.139028 0.126720 
 0.114580 -0.349498 -0.297482 
 0.020369 0.527588 0.057774 
 0.577654 0.600622 -0.099019 
 -0.144960 0.240246 0.102187 
 -0.004817 -0.471253 -0.056917 
 -0.379114 0.240723 -0.030337 
 0.011572 -0.811297 0.254433 
 0.326307 -0.185156 -0.319394 
 -0.008372 0.215623 0.106113 
 -0.014921 -0.692449 0.152514 
 0.062139 -0.652276 0.167394 
 0.055848 -0.569840 0.156606 
 -0.316859 0.420596 -0.032424 
 -0.305424 0.365560 -0.025638 
 0.149850 -0.482671 0.184875 
 0.304639 -0.395881 0.234385 
 0.303249 -0.043864 -0.142180 
 -0.040136 -0.778239 0.195861 
 0.078688 -0.006098 0.114454 
 -0.120013 -0.838512 0.210518 
 -0.374038 0.071682 -0.011568 
 -0.047766 -0.024514 0.128600 
 -0.153484 -0.339854 -0.255275 
 0.231459 0.101973 0.026498 
 -0.175599 0.085218 0.032631 
 -0.401406 0.665265 -0.101576 
 0.021887 -0.350745 -0.277021 
 -0.230408 -0.070656 0.008655 
 0.326833 -0.319220 0.223574 
 0.029956 -0.486788 0.160348 
 -0.325674 0.485794 -0.036648 
 0.153614 -0.606789 0.210769 
 0.124827 -0.686832 0.230148 
 -0.239785 0.339424 0.027214 
 -0.048636 -0.290562 -0.272605 
 -0.107091 0.234877 0.082675 
 0.463433 0.236248 -0.026600 
 -0.009368 0.508822 0.054502 
 -0.127463 -0.219955 -0.063080 
 -0.040574 -0.079597 0.144519 
 -0.180253 -0.425981 -0.246342 
 0.328672 0.274082 -0.038550 
 0.045626 0.484418 0.072004 
 0.311038 0.033122 -0.063490 
 0.255713 -0.008639 -0.166646 
 -0.092100 -0.369701 -0.280078 
 -0.026280 0.587221 0.039407 
 -0.337450 0.812712 -0.074642 
 -0.161540 -0.171466 -0.004075 
 0.018483 0.811887 0.060016 
 0.048375 0.558166 0.074094 
 0.172777 -0.348045 0.139018 
 -0.348635 0.026017 0.001271 
 0.309925 -0.112992 -0.194528 
 -0.010713 -0.455818 -0.066746 
 -0.126219 -0.379663 -0.272672 
 0.251013 -0.043779 -0.174059 
 -0.035242 0.322913 0.069917 
 -0.422023 0.694175 -0.106236 
 -0.099279 -0.541603 -0.158247 
 -0.182133 -0.714742 -0.021588 
 -0.121246 -0.705036 0.155037 
 -0.279048 -0.162906 -0.024434 
 -0.021252 0.660599 0.063425 
 0.610745 0.556632 -0.104386 
 0.067175 0.467781 0.078310 
 0.010494 0.802689 0.044232 
 0.043706 -0.301828 -0.293983 
 -0.034233 0.563774 0.044515 
 -0.118587 -0.197228 0.040333 
 0.031639 -0.472969 0.162995 
 -0.323088 -0.054452 -0.002107 
 -0.366258 0.238816 -0.026270 
 0.231991 -0.581023 0.308676 
 0.225938 0.230431 -0.019481 
 0.331679 0.187278 -0.030075 
 -0.080779 -0.372244 -0.276158 
 -0.076871 -0.018482 0.129454 
 0.065964 0.328988 0.098204 
 0.103071 -0.320229 -0.316888 
 0.062472 0.506546 0.081130 
 -0.008741 -0.678701 0.149069 
 0.479501 0.317385 -0.050656 
 0.025466 0.663118 0.082503 
 -0.382616 0.773059 -0.109744 
 -0.225946 -0.329990 -0.248475 
 -0.035626 -0.463842 -0.077979 
 0.120791 -0.337149 -0.302334 
 0.033423 -0.353075 -0.273126 
 -0.017118 -0.765538 0.184320 
 0.272471 -0.003175 -0.115791 
 -0.274028 -0.347061 -0.247787 
 0.308354 0.044902 -0.049159 
 -0.118357 -0.659440 -0.065001 
 0.078821 0.963300 0.150339 
 -0.208240 -0.778124 0.175426 
 0.268759 -0.130804 -0.310911 
 -0.021767 0.203882 0.099453 
 -0.304573 -0.043523 -0.004326 
 -0.241013 0.327154 0.024625 
 -0.347905 0.604261 -0.069758 
 -0.250491 -0.203640 -0.043013 
 0.292793 -0.357914 0.182608 
 -0.031052 -0.396935 -0.250137 
 -0.212297 0.242332 0.065587 
 -0.338799 0.437621 -0.037729 
 0.196821 0.171841 0.014043 
 0.207803 0.195189 0.000657 
 0.025715 -0.698791 0.156899 
 0.023324 -0.417891 0.148198 
 0.358150 0.231652 -0.034764 
 0.238107 -0.173634 -0.296948 
 0.098529 -0.375036 -0.274096 
 -0.131144 -0.462299 -0.222643 
 -0.107342 -0.567484 -0.152859 
 0.370786 -0.182772 -0.302265 
 -0.421472 0.791124 -0.110122 
 0.014152 0.415379 0.071036 
 -0.019796 -0.545387 -0.063920 
 0.268079 0.058824 0.012368 
 0.252122 -0.247483 -0.304114 
 0.012606 -0.399078 -0.201140 
 -0.035689 0.374847 0.067422 
 -0.091540 -0.094645 0.122164 
 0.489370 0.304960 -0.049255 
 0.050775 0.931729 0.134668 
 0.038813 -0.367887 -0.262756 
 0.046317 0.844586 0.075591 
 -0.235140 0.183053 0.048481 
 0.367069 0.292041 -0.053403 
 -0.077246 0.460559 0.075472 
 0.159817 -0.233010 -0.304293 
 -0.094196 -0.654379 0.152057 
 0.051300 0.931782 0.134668 
 0.105489 -0.417272 0.156492 
 -0.008780 -0.443641 -0.064780 
 -0.120248 -0.638174 0.155288 
 -0.132523 -0.774578 0.172585 
 -0.433557 0.696563 -0.106435 
 0.016607 -0.061204 0.124891 
 0.211855 -0.576239 0.289925 
 -0.181854 -0.177000 -0.022699 
 0.023391 -0.771628 0.253683 
 0.050142 -0.763902 0.264698 
 0.026432 -0.801025 0.261374 
 -0.324582 0.773181 -0.087335 
 -0.276977 0.130969 0.001164 
 0.183942 0.212099 0.004475 
 0.535547 0.465224 -0.103512 
 0.503970 0.472059 -0.114939 
 0.108939 -0.512775 0.167363 
 0.343454 -0.096890 -0.167370 
 -0.144021 -0.651532 -0.094349 
 -0.261829 -0.747409 -0.001860 
 -0.158219 0.141342 0.080861 
 0.140756 0.140279 0.085275 
 -0.252791 0.457308 -0.001951 
 -0.291113 0.118762 0.016514 
 0.415943 0.257180 -0.029337 
 0.032739 0.024722 0.134838 
 0.079227 0.057917 0.114667 
 0.372521 0.278268 -0.042327 
 0.558176 0.460667 -0.093321 
 -0.202274 0.139397 0.052925 
 -0.289624 0.030504 0.002371 
 -0.258519 0.292782 0.012799 
 0.257286 -0.352830 0.168039 
 -0.074974 0.072290 0.113019 
 -0.151373 0.102627 0.077195 
 -0.072012 -0.386802 -0.274737 
 0.038587 -0.513523 0.159207 
 -0.205163 -0.311398 -0.226936 
 0.089297 -0.482798 0.161471 
 0.294809 -0.053054 -0.157188 
 -0.141566 -0.081816 0.083730 
 0.299765 -0.278246 0.144284 
 -0.317642 0.709352 -0.029700 
 0.346180 0.307931 -0.059463 
 0.205405 -0.182398 -0.289075 
 0.077670 0.249381 0.122481 
 0.015511 -0.363220 -0.270558 
 0.339958 0.271745 -0.033701 
 -0.467974 0.877430 -0.092797 
 0.266487 0.235037 -0.014395 
 -0.211516 -0.063934 0.028407 
 -0.166324 -0.754251 0.160684 
 0.101422 -0.259504 -0.308463 
 -0.123837 -0.266145 -0.275770 
 0.317737 -0.176095 0.123798 
 0.330432 -0.106255 -0.175170 
 0.014816 -0.600034 0.134641 
 -0.232710 0.181621 0.048481 
 0.143305 0.012993 0.076821 
 0.426825 0.353857 -0.065943 
 0.135337 -0.365797 -0.292128 
 -0.177742 -0.057859 0.052291 
 -0.205620 0.227757 0.076117 
 -0.319274 -0.244610 -0.043290 
 0.066435 0.605122 0.088963 
 0.073914 0.926990 0.142983 
 0.248654 -0.160128 -0.312893 
 0.221682 -0.304708 0.143431 
 -0.044322 -0.141583 0.122306 
 -0.153247 -0.574421 -0.151362 
 -0.118587 -0.197228 0.042725 
 0.296395 -0.084790 -0.206653 
 0.372521 0.278127 -0.043437 
 -0.324731 0.810331 -0.070661 
 0.144641 -0.330107 -0.292559 
 -0.043821 0.526719 0.045024 
 0.398180 0.234577 0.002016 
 0.387958 0.273391 -0.048865 
 -0.201413 -0.055451 0.044095 
 0.290624 -0.143882 0.107603 
 0.184052 -0.502613 0.195782 
 -0.029716 -0.542969 -0.067449 
 0.204925 -0.513578 0.243563 
 -0.186258 -0.747987 0.145286 
 0.496999 0.388039 -0.054060 
 -0.109835 -0.625095 -0.120921 
 0.079410 0.739013 0.071460 
 -0.022396 0.382493 0.073631 
 0.060722 0.917283 0.136620 
 0.104542 -0.234750 -0.303553 
 0.126411 -0.686832 0.229158 
 -0.127186 -0.111865 0.096116 
 0.094976 0.511015 0.127256 
 0.052578 -0.041414 0.120851 
 0.319537 -0.191386 0.143976 
 0.110094 0.445307 0.124071 
 -0.258519 0.290507 0.012799 
 0.065035 -0.291236 -0.305116 
 0.265343 -0.103136 -0.318442 
 0.086601 0.537780 0.129858 
 0.077365 0.133393 0.125688 
 0.287535 0.080441 0.011714 
 0.296179 -0.195080 0.101348 
 0.070927 0.852035 0.085597 
 0.379024 -0.159468 -0.306281 
 -0.253035 -0.601660 -0.139166 
 0.587267 0.502472 -0.110767 
 0.126997 -0.324837 -0.309664 
 -0.193697 -0.711315 -0.025705 
 -0.156082 -0.149995 0.023140 
 0.257269 -0.416520 0.236416 
 0.394365 0.197052 0.017089 
 0.030544 0.025557 0.134838 
 -0.409692 0.839070 -0.109000 
 -0.310256 0.214364 -0.008527 
 0.241882 0.140101 -0.006788 
 0.401726 0.220601 0.012770 
 0.029636 -0.478496 -0.044635 
 0.023664 0.040367 0.133354 
 0.052265 -0.504613 0.164711 
 0.011946 -0.468758 0.145657 
 0.035184 0.295507 0.114016 
 -0.421550 0.793091 -0.088102 
 0.004979 0.729832 0.073998 
 -0.217095 -0.170858 -0.034900 
 0.085342 0.070228 0.108559 
 0.075795 -0.672073 0.191134 
 -0.053516 0.108252 0.115144 
 0.526443 0.430631 -0.069738 
 -0.363786 -0.010267 0.012410 
 -0.111948 -0.648083 -0.071285 
 0.261931 -0.248126 -0.300292 
 -0.350710 0.206566 0.007625 
 0.422196 0.268659 -0.037198 
 -0.262337 -0.436551 -0.257572 
 -0.202666 -0.639387 -0.114676 
 -0.341710 0.233951 -0.018136 
 -0.324287 0.773181 -0.086936 
 0.423296 0.404220 -0.091009 
 -0.382316 -0.057483 -0.002732 
 -0.373135 0.558159 -0.074978 
 -0.051182 0.302000 0.060721 
 -0.166582 0.067164 0.065279 
 -0.082834 0.215450 0.111198 
 0.405844 0.168847 0.039473 
 -0.043920 0.040174 0.119388 
 -0.365315 0.470274 -0.053876 
 0.107445 0.795285 0.123839 
 0.281543 -0.316927 0.163859 
 -0.325042 0.599469 -0.061747 
 -0.160490 -0.388495 -0.265331 
 -0.063677 0.122905 0.113661 
 0.325114 0.175382 -0.023297 
 0.145573 -0.425791 0.159771 
 0.121760 -0.420656 0.151526 
 0.506661 0.398882 -0.071043 
 -0.291001 0.666057 0.005915 
 0.506661 0.398675 -0.071589 
 -0.159392 -0.174605 0.019025 
 0.057833 -0.557292 0.159572 
 0.093861 -0.063306 0.143740 
 -0.350416 0.592158 -0.072311 
 0.204924 -0.314106 -0.299245 
 -0.046043 -0.647517 0.149357 
 -0.024480 0.423115 0.067871 
 -0.096767 -0.513832 -0.174917 
 -0.242335 0.479885 0.016299 
 -0.071830 -0.462177 -0.200340 
 0.054166 -0.583128 0.154277 
 -0.319170 0.009993 -0.002077 
 -0.034272 0.012526 0.118262 
 0.113850 -0.660098 0.240363 
 0.082334 0.689525 0.096896 
 0.301940 -0.064463 -0.179374 
 0.340780 -0.280866 0.213185 
 -0.001953 -0.307827 -0.290495 
 0.457341 0.311894 -0.060848 
 0.016278 0.851853 0.109858 
 -0.357673 0.644982 -0.088148 
 -0.226243 -0.329990 -0.248220 
 -0.139313 -0.725369 0.003750 
 0.346366 0.079231 0.034491 
 -0.265683 -0.761191 0.005084 
 0.396975 0.159174 0.021107 
 -0.021041 0.573481 0.049911 
 -0.263293 0.205740 0.007742 
 -0.057490 -0.114499 0.134001 
 0.255537 -0.209131 -0.327878 
 0.271325 -0.138712 0.090321 
 -0.104824 0.273465 0.068180 
 -0.361420 0.607365 -0.073764 
 -0.366138 0.620063 -0.084227 
 -0.009472 0.571085 0.054512 
 -0.321500 -0.256972 -0.044571 
 0.374151 -0.031027 -0.026597 
 0.599749 0.487709 -0.086741 
 -0.319274 -0.244421 -0.041963 
 0.533538 0.379758 -0.021051 
 -0.270874 -0.373806 -0.240067 
 -0.208678 0.000456 0.025998 
 -0.307933 -0.032167 0.008796 
 0.464408 0.346242 -0.062834 
 -0.046816 -0.380786 -0.264399 
 0.038618 -0.078488 0.129953 
 -0.023440 -0.133625 0.142242 
 0.349507 0.033086 -0.025861 
 0.154886 -0.387934 0.158536 
 -0.337378 0.763345 -0.093844 
 0.268350 -0.214643 0.088130 
 -0.062336 -0.518738 -0.107803 
 0.282566 0.016685 -0.097756 
 0.230058 -0.231365 -0.309321 
 0.354615 0.208040 -0.039078 
 0.145167 -0.155127 -0.318673 
 -0.344280 0.388837 -0.048215 
 0.002186 -0.446051 -0.060750 
 0.185895 -0.518368 0.214339 
 0.024345 -0.765473 0.222306 
 -0.164849 0.093490 0.070495 
 0.326125 -0.004544 -0.084575 
 -0.159229 -0.137464 0.035826 
 -0.011442 -0.546042 0.156822 
 0.039695 0.796654 0.065441 
 0.485265 0.378704 -0.060991 
 -0.116079 -0.667049 -0.043161 
 0.002868 -0.741446 0.185503 
 -0.166506 0.079527 0.067244 
 -0.106009 -0.407339 -0.269821 
 -0.101108 -0.681182 0.155656 
 -0.003075 -0.223248 -0.276737 
 0.015719 0.158645 0.117117 
 0.238633 0.074358 0.025404 
 0.373205 0.005855 -0.032272 
 0.243311 -0.271805 -0.299915 
 0.357096 -0.026758 -0.043704 
 0.049819 -0.788049 0.315611 
 0.014401 0.185545 0.109062 
 -0.071797 0.227366 0.094072 
 -0.224924 -0.536609 -0.159750 
 -0.089870 -0.082966 0.125391 
 0.066693 -0.344605 -0.280795 
 -0.316922 0.659984 -0.048981 
 -0.174680 0.084426 0.032631 
 0.609374 0.556632 -0.104386 
 0.072725 -0.217661 -0.312654 
 0.134444 -0.359328 0.155551 
 -0.318448 -0.566847 -0.136716 
 0.335791 -0.262361 -0.295606 
 -0.005309 -0.246749 -0.281179 
 -0.060116 -0.496866 -0.158517 
 0.019009 0.015641 0.128138 
 0.102552 0.016289 0.105395 
 0.092615 -0.511182 0.170125 
 0.003963 -0.524055 0.166410 
 -0.052871 0.479641 0.066323 
 0.089086 0.811186 0.086145 
 -0.401431 0.813845 -0.110811 
 0.054077 0.545310 0.084790 
 -0.298966 0.565436 -0.023684 
 0.143858 -0.182009 -0.300794 
 -0.016013 0.820589 0.048052 
 -0.323452 0.085551 0.009479 
 0.258835 -0.272861 -0.304650 
 0.489911 0.509739 -0.124685 
 -0.376955 0.471196 -0.057907 
 0.284139 0.242289 -0.017218 
 -0.382550 0.586861 -0.095875 
 -0.216520 0.283355 0.037595 
 -0.032155 -0.408797 -0.253017 
 -0.236005 0.325087 0.037732 
 -0.001705 -0.373396 -0.268645 
 0.276309 -0.104591 -0.315181 
 -0.103709 -0.092179 0.118641 
 0.037288 -0.379779 0.136984 
 -0.003950 -0.437960 0.133800 
 -0.038022 -0.591827 -0.078590 
 -0.310275 0.634262 -0.050081 
 -0.170555 -0.373247 -0.266762 
 0.030789 0.463390 0.062878 
 0.029981 0.811064 0.062852 
 0.542129 0.476101 -0.110519 
 0.558324 0.460667 -0.095894 
 0.475846 0.489750 -0.133393 
 -0.066449 -0.699846 0.165570 
 0.410226 0.245663 -0.022834 
 -0.133536 -0.702310 0.150835 
 -0.278634 -0.162591 -0.024434 
 -0.209765 -0.484912 -0.246617 
 -0.248251 0.227021 0.016993 
 -0.388596 0.473493 -0.061869 
 0.472884 0.381008 -0.064843 
 -0.108986 -0.077015 0.110066 
 -0.037324 0.362651 0.062892 
 0.002810 0.263873 0.108345 
 0.014222 0.889323 0.102190 
 0.318785 -0.159982 -0.318802 
 -0.135607 -0.745337 0.164753 
 0.119209 -0.585586 0.199986 
 -0.025504 0.947231 0.097698 
 0.241962 -0.207328 -0.322604 
 -0.335474 0.258267 -0.020965 
 0.544830 0.498644 -0.105671 
 0.321012 -0.152849 0.128952 
 0.021927 0.092256 0.129974 
 0.327015 -0.080327 -0.183720 
 -0.079293 -0.552387 -0.119522 
 0.063713 0.530789 0.086729 
 -0.086447 0.087123 0.110833 
 0.090985 0.699550 0.113008 
 0.025834 0.143901 0.117396 
 0.055666 -0.368293 0.134675 
 0.114142 0.619795 0.141350 
 0.292535 -0.331715 0.164356 
 0.298191 0.231032 -0.025065 
 -0.071435 -0.161488 0.107779 
 -0.313520 0.609176 -0.055042 
 -0.194893 0.113914 0.029677 
 0.074218 0.889446 0.125686 
 0.506560 0.299377 -0.000060 
 -0.283779 0.401157 -0.022403 
 -0.025862 -0.041849 0.134200 
 0.472870 0.332541 -0.061435 
 0.001727 0.201004 0.107587 
 -0.019926 -0.399383 0.154499 
 0.331310 0.049552 -0.008625 
 -0.326259 0.798013 -0.073198 
 0.024184 0.132599 0.115977 
 0.326472 -0.027903 -0.098771 
 -0.044160 -0.513583 0.149635 
 0.334854 0.212365 -0.025078 
 0.223975 -0.578749 0.296508 
 -0.270777 -0.064060 0.005087 
 0.040624 0.722655 0.085996 
 0.334513 0.287529 -0.045823 
 -0.041386 -0.154736 0.110623 
 -0.202612 0.049834 0.038782 
 -0.328731 0.524576 -0.041992 
 0.107252 0.358070 0.118031 
 0.137890 -0.480194 0.180282 
 -0.122396 -0.176513 0.087114 
 -0.034233 0.564586 0.043501 
 0.044384 -0.290901 -0.291512 
 -0.187164 0.160934 0.063119 
 -0.212542 0.079892 0.017815 
 0.034757 -0.275987 -0.292918 
 -0.163564 0.155138 0.070390 
 0.106775 0.870184 0.135135 
 0.620765 0.553129 -0.100602 
 -0.181207 -0.120728 0.029395 
 -0.289840 0.118762 0.016286 
 0.077291 -0.719647 0.227630 
 0.125790 0.617388 0.145374 
 -0.230879 0.207742 0.053689 
 -0.128030 -0.071856 0.090058 
 -0.326924 0.687019 -0.047880 
 -0.355237 -0.540380 -0.113333 
 0.307054 -0.217739 -0.321775 
 0.086686 -0.674572 0.194832 
 0.319158 -0.283668 0.160232 
 0.118187 0.867792 0.138931 
 -0.305197 0.314759 -0.000857 
 -0.344496 0.690449 -0.064932 
 -0.335068 -0.141150 -0.020391 
 -0.031562 0.724924 0.058837 
 -0.239210 -0.218383 -0.040422 
 -0.034077 0.012959 0.118262 
 0.026268 0.259308 0.115439 
 0.369568 -0.092713 -0.136358 
 0.068242 -0.279560 -0.303121 
 0.181905 -0.550960 0.240551 
 -0.245145 0.302614 0.020043 
 0.331645 0.198927 -0.027576 
 0.196821 0.171509 0.014329 
 -0.348098 -0.189976 -0.043806 
 -0.006482 -0.535591 -0.056313 
 0.240605 -0.479133 0.241813 
 0.013936 -0.600034 0.136524 
 -0.119426 -0.509054 -0.182903 
 -0.383353 0.586473 -0.095875 
 0.097450 -0.576313 0.160330 
 -0.313222 -0.652463 -0.105627 
 0.254702 -0.498372 0.264947 
 0.074792 -0.612849 0.157289 
 -0.336650 0.775559 -0.091310 
 -0.218742 -0.183862 -0.037492 
 -0.246790 0.290773 0.016860 
 0.274624 -0.285260 0.133326 
 -0.168774 -0.510722 -0.201422 
 -0.087799 0.178417 0.102958 
 0.027190 -0.365554 -0.264105 
 0.463855 0.419465 -0.085086 
 -0.056428 -0.048610 0.132439 
 -0.161540 -0.171466 -0.003100 
 0.243686 -0.320346 -0.297640 
 -0.032377 0.270090 0.095134 
 -0.284147 0.401157 -0.022888 
 -0.085791 -0.610130 -0.077239 
 0.287475 -0.190166 -0.324528 
 -0.438621 0.748667 -0.102277 
 -0.173304 -0.169029 -0.008151 
 -0.339999 0.540446 -0.065500 
 -0.124154 -0.355114 -0.267660 
 -0.219635 -0.470734 -0.246739 
 -0.318810 0.292551 -0.010094 
 0.091033 0.549250 0.121936 
 -0.043151 -0.418765 0.132852 
 0.378456 0.175643 0.008145 
 0.378301 0.292323 -0.050275 
 0.506519 0.348504 -0.035538 
 0.623083 0.565803 -0.098189 
 0.346468 -0.118703 -0.300720 
 -0.353932 0.197253 -0.018197 
 0.001338 -0.334890 -0.282328 
 0.339045 0.062136 0.036307 
 0.162790 0.174716 0.065140 
 0.044227 0.752008 0.032188 
 0.453787 0.525218 -0.056673 
 -0.252119 -0.137673 0.047498 
 0.223358 0.147260 0.071246 
 -0.096783 -0.657231 0.041882 
 -0.072713 0.745932 0.051299 
 -0.240970 0.036055 -0.017884 
 0.159440 -0.059099 0.065966 
 -0.081948 0.554874 0.044764 
 -0.046911 -0.099948 0.064175 
 0.347206 -0.540595 0.168686 
 -0.123715 0.429453 0.057671 
 -0.319237 0.486307 -0.037150 
 0.044740 0.752008 0.032188 
 0.247115 -0.171881 -0.172672 
 0.002814 0.874743 0.045834 
 0.468042 0.385882 -0.010996 
 