0.018267 -0.525852 0.105662 
 0.217065 -0.712659 0.217728 
 0.662084 0.534840 -0.134993 
 -0.170809 -0.620438 -0.078351 
 -0.035626 -0.249004 0.115841 
 0.055993 0.643339 0.061341 
 0.455121 0.320600 -0.197037 
 -0.167644 -0.061430 0.027039 
 0.149049 -0.801160 0.247315 
 -0.241173 -0.706998 -0.047507 
 -0.362336 0.572390 -0.091417 
 -0.107233 -0.780033 0.142842 
 0.157293 -0.810649 0.282161 
 -0.101834 0.015776 0.110218 
 0.221762 -0.531188 0.150396 
 -0.411963 0.611426 -0.123268 
 0.407333 0.088252 -0.051054 
 -0.312703 -0.609158 -0.100363 
 0.013758 -0.500603 0.132108 
 0.044519 -0.768382 0.149224 
 -0.359671 -0.234013 -0.022732 
 0.231235 0.776085 0.122005 
 -0.071733 -0.512374 -0.139675 
 -0.163084 -0.669547 -0.017029 
 0.326559 -0.236736 -0.413733 
 0.222902 -0.347115 -0.365985 
 -0.247650 -0.342606 -0.144727 
 -0.006560 0.136165 0.118103 
 -0.343559 -0.235846 -0.017746 
 0.157119 0.468806 0.143135 
 0.027657 -0.261890 -0.358341 
 0.245133 0.789440 0.129667 
 0.534443 0.308910 -0.151064 
 0.185591 0.751311 0.102291 
 0.069618 0.641551 0.065906 
 0.138463 -0.557685 0.139533 
 0.027067 -0.248054 -0.355310 
 0.032439 0.241924 0.139497 
 0.060701 -0.757030 0.159274 
 0.079412 0.807952 0.099131 
 0.028418 0.065581 0.139616 
 -0.090924 0.164054 0.083252 
 0.294341 -0.497109 0.203297 
 -0.046379 -0.400008 -0.282983 
 0.647292 0.437454 -0.182284 
 -0.331885 0.057570 -0.039044 
 -0.343240 0.120854 -0.033032 
 -0.342663 -0.220321 -0.014857 
 -0.284956 -0.308053 -0.069500 
 0.299241 -0.493094 0.252408 
 0.582122 0.306798 -0.158583 
 0.252278 -0.240706 -0.370717 
 -0.313540 -0.239512 -0.008694 
 0.149323 0.488044 0.119912 
 -0.394715 0.654170 -0.109637 
 -0.224059 0.022998 0.022350 
 0.024638 -0.774113 0.164390 
 -0.232219 0.246440 0.029352 
 -0.270804 -0.115660 0.006311 
 -0.328574 0.454588 -0.044730 
 -0.054007 -0.336439 -0.283266 
 -0.316442 0.406800 -0.049623 
 -0.088584 -0.017070 0.110009 
 0.343821 -0.397938 0.181214 
 -0.084191 -0.591616 -0.078731 
 0.059686 -0.772776 0.153975 
 -0.183625 -0.059460 0.022383 
 0.047978 0.546326 0.098389 
 -0.375536 0.589306 -0.092864 
 0.605691 0.336830 -0.179328 
 -0.150139 -0.468843 -0.238109 
 -0.271771 0.401400 -0.035765 
 0.048541 -0.531010 0.114328 
 -0.241716 0.412585 -0.023437 
 0.096101 -0.726781 0.163188 
 -0.201997 0.226392 0.035459 
 0.617112 0.426436 -0.192616 
 0.099413 0.350026 0.125186 
 -0.068161 -0.197608 0.034189 
 0.010737 0.021563 0.125791 
 -0.295444 0.244001 -0.029520 
 -0.200262 -0.452863 -0.228718 
 -0.269118 -0.116698 0.006311 
 0.249023 -0.119557 0.098690 
 0.164463 -0.727325 0.220276 
 0.519451 0.295266 -0.158473 
 0.254846 -0.348577 -0.367218 
 -0.248532 -0.359532 -0.146787 
 -0.032330 0.156149 0.101849 
 -0.244753 -0.083165 -0.002596 
 0.213163 0.667324 0.141579 
 0.041808 0.749763 0.099160 
 0.221061 -0.083062 0.095569 
 0.239414 -0.397747 -0.278407 
 -0.163084 -0.669547 -0.014772 
 0.093763 0.555570 0.115312 
 -0.294270 -0.070814 -0.051934 
 0.276092 0.016412 0.052529 
 0.237334 0.881748 0.143931 
 0.045947 0.210415 0.137796 
 0.172809 0.481358 0.150889 
 0.021469 -0.400512 -0.293571 
 -0.321719 0.315024 -0.068380 
 -0.238187 -0.019843 0.000130 
 -0.309040 0.543844 -0.021305 
 -0.263503 -0.151972 0.024519 
 -0.004821 0.347385 0.089091 
 -0.268357 -0.245011 0.006378 
 0.290226 -0.370735 0.146089 
 0.154386 -0.334249 -0.339789 
 0.034708 0.053704 0.116171 
 0.116187 0.666441 0.085836 
 0.497550 0.394497 -0.215687 
 -0.170809 -0.621741 -0.078112 
 0.209280 0.497182 0.142657 
 0.002229 -0.540586 0.097736 
 -0.239053 -0.034038 -0.003046 
 0.046007 -0.874169 0.222153 
 0.087096 0.685145 0.080970 
 -0.185094 0.097947 0.039480 
 -0.473947 0.692587 -0.106111 
 -0.089663 -0.750781 0.096549 
 0.160638 0.935695 0.151086 
 -0.217687 -0.379641 -0.199821 
 -0.034709 -0.444492 -0.229643 
 -0.029318 -0.572850 -0.033446 
 0.071550 0.671806 0.074365 
 0.364767 0.122847 -0.058405 
 0.473679 0.349184 -0.198031 
 0.231088 -0.537853 0.174810 
 -0.230155 0.118818 0.027798 
 -0.035256 -0.661252 0.062586 
 0.067389 0.464596 0.111725 
 -0.228705 0.380456 -0.025118 
 0.116693 0.520250 0.138754 
 0.196269 0.527748 0.144339 
 -0.060753 -0.558050 -0.087113 
 0.037351 -0.168375 0.179642 
 0.249023 -0.118630 0.098690 
 0.165851 0.517474 0.132011 
 0.230230 -0.626853 0.205271 
 0.059424 -0.253874 0.193147 
 -0.254474 0.238536 -0.003168 
 0.067171 -0.046802 0.131303 
 0.235019 0.129647 -0.043810 
 0.203148 0.670839 0.116343 
 0.157057 0.364782 0.100627 
 0.014400 0.578684 0.115945 
 -0.325488 0.515190 -0.032176 
 0.157057 0.365243 0.100627 
 -0.109717 0.119655 0.067992 
 -0.444466 0.824751 -0.048751 
 -0.164553 -0.602641 -0.084815 
 -0.163982 -0.685639 -0.019079 
 0.227549 -0.020129 0.098586 
 -0.302076 0.053257 -0.030370 
 0.000152 0.214753 0.123848 
 -0.049492 -0.644338 0.061093 
 -0.054723 0.178541 0.074711 
 -0.335308 0.662859 -0.087649 
 0.182117 -0.393228 -0.296232 
 0.256393 0.145764 -0.056324 
 0.041162 0.372570 0.109258 
 0.001095 0.114729 0.139844 
 0.107556 0.634627 0.098013 
 -0.314829 0.612407 -0.068369 
 -0.045298 -0.728255 0.126776 
 -0.258875 -0.691343 -0.040595 
 -0.155444 -0.109533 0.022155 
 0.014820 0.734451 0.122220 
 -0.358992 0.442025 -0.057058 
 -0.362616 0.255588 -0.070141 
 0.263377 -0.583503 0.222652 
 0.207195 0.869248 0.131556 
 0.056616 0.778304 0.109989 
 0.648959 0.466311 -0.173755 
 0.174661 -0.194287 -0.353819 
 -0.246403 -0.327339 -0.140494 
 0.254698 -0.197061 -0.360748 
 -0.002524 0.054325 0.127094 
 -0.169133 -0.061430 0.027039 
 0.115443 0.266128 0.147896 
 0.259492 -0.454877 0.165261 
 0.534916 0.451099 -0.215767 
 -0.293945 -0.283965 -0.032855 
 -0.295517 0.511590 -0.023263 
 -0.016496 0.170063 0.109673 
 -0.106719 -0.201419 -0.012957 
 0.182117 -0.392950 -0.296232 
 -0.478268 0.750805 -0.073535 
 0.086957 -0.719967 0.138468 
 -0.279911 -0.384120 -0.162295 
 -0.162870 0.031130 0.046115 
 0.249689 0.074980 -0.001886 
 0.295623 0.055979 -0.002488 
 0.048617 0.255510 0.147151 
 -0.209987 0.006074 0.025791 
 0.237698 -0.054220 0.106915 
 -0.060593 -0.449047 -0.204380 
 -0.007373 -0.396997 -0.302144 
 -0.206117 -0.225594 -0.027203 
 0.064728 0.139811 0.164889 
 0.206757 -0.544914 0.142033 
 0.074173 -0.083752 0.148307 
 -0.239608 0.235472 0.002009 
 0.137974 -0.750590 0.184566 
 0.127936 -0.641500 0.144082 
 0.237092 -0.113643 0.083899 
 0.043372 -0.252025 0.188426 
 0.113921 -0.183012 0.144697 
 0.542293 0.417091 -0.196625 
 -0.313289 0.326509 -0.040587 
 0.176396 0.020877 0.065706 
 0.068337 0.382286 0.131865 
 0.157772 -0.586093 0.118916 
 -0.403140 0.514264 -0.092964 
 -0.454421 0.466693 -0.060494 
 0.550993 0.477801 -0.205465 
 0.568689 0.387184 -0.193857 
 0.263759 0.073197 0.001729 
 -0.321719 0.315437 -0.067534 
 -0.155589 -0.649171 -0.032441 
 -0.158862 0.107989 0.062013 
 -0.362302 0.522442 -0.066059 
 -0.296808 -0.592673 -0.092508 
 -0.161642 -0.768730 0.046594 
 0.027476 0.066135 0.139616 
 -0.337232 0.662859 -0.088316 
 0.572322 0.336642 -0.167341 
 -0.266054 0.157872 0.001132 
 -0.330018 -0.123814 -0.013925 
 0.035949 0.339564 0.113138 
 -0.315910 -0.141109 -0.013839 
 0.273438 -0.399840 0.134275 
 -0.026506 0.406261 0.127640 
 -0.306912 0.644204 -0.081916 
 0.094938 0.265453 0.164445 
 -0.184429 0.270050 0.049597 
 0.234900 0.091851 -0.004267 
 -0.176262 0.003686 0.025077 
 -0.353955 0.723663 -0.060083 
 0.024295 0.344141 0.098329 
 0.185357 -0.518926 0.105991 
 0.189076 0.813239 0.114565 
 0.108338 -0.731795 0.177966 
 -0.137948 -0.315925 -0.217108 
 -0.279435 0.048124 -0.001116 
 0.114817 -0.166784 0.146290 
 0.609253 0.366346 -0.183741 
 0.233132 0.036985 0.042145 
 -0.159194 -0.737514 0.053060 
 -0.160534 -0.066592 0.052062 
 0.207080 -0.068015 0.094291 
 0.002416 0.388247 0.133747 
 -0.294379 0.049046 -0.005765 
 -0.049826 -0.230727 0.115230 
 0.306547 -0.236478 -0.397907 
 -0.201078 0.160911 0.057586 
 0.040111 0.161691 0.138495 
 -0.245279 -0.806927 0.136442 
 0.107884 0.789248 0.105006 
 0.197083 -0.670529 0.184560 
 -0.172117 -0.620438 -0.078112 
 -0.103601 -0.403387 -0.257427 
 -0.383919 0.696985 -0.075604 
 0.050815 0.339371 0.117763 
 0.338835 0.222986 -0.094481 
 0.252177 -0.240539 -0.370717 
 0.166730 0.531926 0.134525 
 0.323529 -0.443628 0.245885 
 -0.488630 0.694375 -0.112650 
 -0.224242 -0.241756 -0.025081 
 0.002553 -0.012046 0.139222 
 0.253738 -0.399864 -0.273950 
 0.128437 -0.286397 -0.340321 
 -0.236801 -0.602439 -0.073410 
 -0.084081 -0.591616 -0.078224 
 0.420441 0.218312 -0.102961 
 -0.325392 -0.295775 -0.045943 
 0.562489 0.433220 -0.210032 
 0.109631 0.819503 0.112504 
 0.302336 -0.462556 0.189466 
 -0.317323 0.040387 -0.038174 
 0.249133 -0.003807 0.085594 
 -0.297998 -0.595125 -0.092508 
 -0.220211 -0.163946 -0.009183 
 -0.157399 -0.184838 -0.004443 
 -0.079652 -0.532200 -0.123857 
 0.044909 -0.410516 -0.323199 
 -0.253223 -0.100587 0.014166 
 0.008156 0.471815 0.093161 
 0.157057 0.363313 0.100627 
 0.127693 -0.656127 0.140857 
 0.210201 0.806986 0.144403 
 -0.331885 0.058956 -0.039644 
 -0.422256 0.564415 -0.114289 
 -0.139661 -0.805929 0.184287 
 0.290006 -0.279479 -0.409658 
 0.276986 -0.037557 0.089371 
 0.145998 0.014809 0.111911 
 0.016053 0.734451 0.122265 
 0.123179 -0.236921 -0.357721 
 0.107010 0.774121 0.102753 
 0.087970 0.699383 0.082942 
 0.171331 -0.065658 0.105732 
 0.092845 0.636837 0.095586 
 -0.089861 -0.445802 -0.214356 
 -0.059904 -0.449369 -0.204380 
 0.266828 -0.419545 0.152676 
 -0.405836 0.591550 -0.101993 
 0.130383 -0.203715 -0.369746 
 -0.232862 -0.011051 0.037410 
 -0.200280 -0.730568 -0.028009 
 0.175912 -0.194287 -0.353510 
 0.221762 -0.531188 0.149899 
 -0.157217 0.078898 0.044846 
 -0.267828 0.127138 -0.003137 
 0.032503 -0.544771 0.106455 
 0.124072 0.663169 0.110991 
 -0.381824 0.622884 -0.111303 
 0.038654 0.483473 0.106500 
 0.068255 0.127190 0.141336 
 -0.229607 -0.448468 -0.237847 
 0.028030 -0.518010 0.133395 
 -0.417911 0.790176 -0.045849 
 0.400200 0.122288 -0.069383 
 -0.133438 -0.032592 0.032674 
 -0.083156 0.114573 0.087293 
 0.309412 -0.208846 -0.391943 
 -0.265223 -0.198491 0.014931 
 -0.290421 0.342291 -0.054704 
 -0.238019 0.122330 0.004015 
 0.207195 0.869805 0.131556 
 -0.000692 -0.824780 0.169747 
 -0.378238 0.559051 -0.099717 
 -0.459284 0.689455 -0.101546 
 -0.242532 0.204818 -0.004861 
 0.534498 0.436146 -0.218740 
 -0.331885 0.057570 -0.039715 
 -0.186204 0.240990 0.043837 
 -0.043705 -0.755672 0.168467 
 -0.003425 -0.693156 0.112162 
 0.119936 0.742078 0.102111 
 0.142097 -0.317825 -0.341944 
 0.484183 0.331709 -0.184609 
 0.342545 0.090245 -0.038349 
 -0.213551 -0.057422 0.013073 
 -0.065166 -0.717111 0.087927 
 -0.143008 0.121867 0.068664 
 0.060090 -0.832920 0.188850 
 -0.320839 0.330664 -0.066138 
 0.332943 -0.270142 -0.395764 
 0.316427 -0.347512 0.180119 
 -0.276703 -0.026530 -0.039134 
 -0.284066 -0.293101 -0.066325 
 0.295758 -0.350693 0.197073 
 0.636695 0.454658 -0.193766 
 0.191144 0.538941 0.168082 
 -0.241971 -0.848402 0.165302 
 0.171927 0.467230 0.146092 
 0.202838 0.794790 0.116503 
 0.122687 -0.132263 0.134034 
 -0.165822 -0.560695 -0.124048 
 0.210684 -0.220998 -0.380681 
 0.096123 0.445714 0.118414 
 -0.031440 0.171924 0.105024 
 0.095350 0.032531 0.121463 
 0.122016 -0.854402 0.262702 
 -0.315051 0.562617 -0.040698 
 0.091028 -0.598969 0.116343 
 -0.245367 -0.227621 -0.006669 
 0.358655 0.157168 -0.077257 
 0.066507 0.449329 0.109626 
 -0.044791 0.090743 0.119467 
 0.109098 0.001790 0.119762 
 0.182536 0.560580 0.146021 
 -0.031127 -0.171172 0.132760 
 0.652892 0.375684 -0.168139 
 -0.264574 0.188606 0.007409 
 -0.134103 -0.131091 0.048316 
 0.054873 0.354971 0.110722 
 -0.226482 0.323274 0.043823 
 -0.120737 -0.185019 -0.014427 
 -0.317322 0.391573 -0.053337 
 0.093051 -0.552150 0.126111 
 0.082401 -0.828935 0.173684 
 -0.139894 -0.315925 -0.216750 
 0.451189 0.201441 -0.107384 
 -0.194110 -0.124802 0.028396 
 0.149938 0.598171 0.107641 
 0.186520 -0.706835 0.208214 
 -0.044944 -0.575189 -0.085647 
 -0.082008 -0.452668 -0.189081 
 0.125146 0.330641 0.140889 
 -0.300015 -0.128937 -0.006211 
 0.155396 0.843525 0.132379 
 0.139934 0.081077 0.099596 
 0.523042 0.245399 -0.131093 
 0.565822 0.491528 -0.198137 
 0.594767 0.459768 -0.205640 
 0.320625 0.088445 -0.022411 
 -0.464673 0.724172 -0.119963 
 -0.067459 -0.175988 0.085350 
 0.175974 0.020923 0.065706 
 -0.101743 -0.282039 -0.164546 
 0.298700 -0.391956 0.167176 
 0.255818 -0.182512 -0.358723 
 0.138562 0.800799 0.118461 
 -0.520650 0.787559 -0.081015 
 -0.229144 0.276741 0.035686 
 0.207291 -0.081251 0.091132 
 -0.290531 -0.246963 0.019433 
 -0.217317 0.146412 0.049751 
 -0.199389 -0.437710 -0.224767 
 -0.112091 -0.295792 -0.238915 
 0.022103 -0.789899 0.159432 
 0.170443 -0.081079 0.102182 
 0.395084 0.237910 -0.119106 
 -0.415267 0.686634 -0.087851 
 -0.294808 -0.163812 0.011965 
 0.193070 -0.484386 0.091908 
 0.288591 0.090625 -0.021254 
 0.085349 0.654890 0.074026 
 -0.398716 0.397767 -0.055643 
 0.135433 0.507465 0.119682 
 -0.010420 0.315381 0.092945 
 -0.053131 0.073819 0.136484 
 -0.147390 -0.030770 0.028025 
 0.344018 0.038839 -0.012407 
 0.164231 -0.639406 0.132521 
 -0.192443 -0.009975 0.017253 
 -0.113454 -0.699837 0.029389 
 -0.326727 -0.206028 -0.006982 
 0.139583 -0.794155 0.222513 
 0.100297 0.365333 0.128267 
 -0.346622 -0.266859 -0.024445 
 0.026901 0.292711 0.124018 
 0.043032 -0.219504 -0.346363 
 0.012801 -0.245009 -0.359748 
 -0.476517 0.784209 -0.067283 
 -0.289268 0.403200 -0.040360 
 -0.343343 0.456081 -0.050724 
 0.299402 -0.217608 -0.419063 
 0.142674 -0.585233 0.113619 
 0.418477 0.203544 -0.105695 
 0.029142 -0.486718 0.140055 
 -0.300229 -0.271102 -0.010407 
 0.180541 0.919057 0.131806 
 -0.278024 -0.149816 0.019840 
 0.449948 0.134824 -0.073965 
 0.229230 -0.747027 0.284333 
 0.186204 0.961776 0.130719 
 -0.002615 0.038858 0.123906 
 0.235927 0.091335 -0.004267 
 0.077873 0.031727 0.126957 
 0.120401 -0.362310 -0.345461 
 0.542694 0.223789 -0.095274 
 -0.102734 -0.388459 -0.252945 
 0.132032 0.016626 0.107274 
 0.216601 0.777919 0.118018 
 -0.386676 0.542929 -0.082135 
 0.306348 -0.429297 0.185311 
 -0.004265 0.024070 0.120718 
 0.194510 0.499783 0.138062 
 -0.265352 0.255689 -0.014671 
 -0.078813 -0.185828 0.057421 
 0.012413 0.451740 0.126001 
 0.109266 -0.316927 -0.340805 
 -0.020419 0.378703 0.100956 
 0.155065 -0.721020 0.195466 
 0.485896 0.331709 -0.186316 
 0.294341 -0.498101 0.204786 
 0.549327 0.451309 -0.211412 
 0.116330 0.281495 0.150033 
 0.071260 0.656679 0.069024 
 -0.223220 -0.105823 0.023500 
 0.021241 -0.236435 -0.330601 
 -0.152328 -0.071764 0.076577 
 0.098603 0.078751 0.130979 
 -0.205495 -0.225594 -0.027203 
 0.254780 -0.197061 -0.361722 
 0.304689 -0.237783 -0.397907 
 -0.203574 -0.210188 -0.024027 
 -0.194140 -0.681418 -0.027259 
 0.165798 0.412250 0.088452 
 -0.284956 -0.308929 -0.069418 
 -0.455729 0.451426 -0.064631 
 -0.423983 0.658472 -0.118093 
 -0.075751 -0.185828 0.057421 
 0.042527 0.048840 0.140859 
 0.250036 0.036756 0.036297 
 -0.115043 -0.255846 -0.060196 
 0.120984 -0.362622 -0.345461 
 -0.216902 0.229257 0.030686 
 -0.116690 -0.255846 -0.060196 
 -0.053753 0.110926 0.097779 
 -0.236768 -0.468852 -0.221249 
 0.213669 -0.582515 0.160451 
 -0.405378 0.411182 -0.032469 
 0.050529 -0.232949 0.171485 
 -0.095659 -0.141122 0.082383 
 0.206436 -0.096577 0.087974 
 -0.087248 -0.551421 -0.106281 
 -0.295059 0.385773 -0.022668 
 -0.020476 0.252137 0.100606 
 -0.409349 0.656689 -0.114899 
 0.092156 -0.744456 0.169969 
 -0.297541 -0.225838 -0.000819 
 -0.330998 0.074178 -0.036477 
 0.213205 -0.176259 -0.371894 
 -0.047045 -0.083586 0.109204 
 0.301069 -0.188635 -0.413519 
 -0.007945 -0.093484 0.143413 
 0.332388 -0.449744 0.271020 
 0.117416 -0.064366 0.121846 
 -0.186713 -0.832935 0.163305 
 0.504880 0.411223 -0.233396 
 -0.422240 0.688647 -0.112247 
 0.043747 0.609937 0.085851 
 0.147534 0.709372 0.104319 
 -0.037376 0.124529 0.107009 
 0.189836 0.057558 0.031292 
 0.345207 0.173922 -0.078679 
 -0.180348 -0.363862 -0.206214 
 -0.250630 -0.200324 0.019136 
 0.004386 -0.360840 -0.327104 
 -0.091732 -0.681183 0.017493 
 -0.211077 -0.752506 0.055344 
 -0.003743 0.453526 0.121376 
 0.026030 0.546346 0.114259 
 -0.115814 -0.280250 -0.168480 
 -0.449765 0.721358 -0.115410 
 -0.076653 -0.049916 0.106238 
 0.235927 -0.086896 0.100383 
 -0.144193 -0.505462 -0.219811 
 -0.064512 0.015238 0.098862 
 -0.078050 0.146826 0.084381 
 0.060596 -0.219410 -0.350374 
 -0.092387 -0.323101 -0.260447 
 0.266545 -0.073171 0.112864 
 0.013997 0.197525 0.125322 
 -0.412834 0.596074 -0.126628 
 -0.303144 -0.104999 -0.037519 
 0.036289 0.340802 0.113138 
 -0.453002 0.842072 -0.070368 
 0.299868 -0.478123 0.186258 
 -0.021745 0.378703 0.102329 
 -0.171271 0.095159 0.044129 
 -0.361286 -0.280848 -0.032320 
 -0.068740 0.195725 0.073678 
 0.247976 -0.313449 -0.384473 
 -0.156189 0.154544 0.071172 
 0.022917 -0.236435 -0.332303 
 0.127469 -0.272024 -0.337294 
 -0.171271 0.096626 0.044129 
 0.141597 0.860957 0.130932 
 -0.250981 0.267938 0.003150 
 0.235927 0.091303 -0.004267 
 0.109395 0.317251 0.133105 
 0.590479 0.430072 -0.201324 
 0.240336 -0.575196 0.193256 
 -0.143899 0.106440 0.065543 
 0.051153 -0.646430 0.117250 
 0.053292 0.129014 0.136764 
 0.181183 -0.365898 -0.337728 
 -0.265166 0.173239 0.003372 
 -0.183842 -0.425029 -0.217917 
 0.285752 -0.476282 0.183101 
 0.292164 0.161102 -0.064527 
 0.644952 0.394167 -0.189855 
 0.126030 -0.507391 0.145061 
 0.106519 -0.762614 0.172243 
 0.031260 0.226518 0.136322 
 0.074843 -0.221014 -0.346760 
 0.028116 0.066135 0.139616 
 0.188868 -0.574207 0.130527 
 0.192315 -0.371597 -0.323269 
 -0.378238 0.559051 -0.099099 
 -0.195272 -0.504565 -0.214102 
 0.073535 -0.849960 0.190364 
 0.000762 -0.043994 0.132830 
 0.237013 -0.680883 0.218893 
 0.059020 -0.182212 0.160944 
 0.070034 0.510397 0.122812 
 0.110050 0.428648 0.120876 
 -0.172043 0.140941 0.065611 
 0.122683 -0.332894 -0.339222 
 0.017366 -0.543206 0.102446 
 0.186253 -0.502211 0.108854 
 -0.174914 0.267421 0.074409 
 -0.007901 -0.077938 0.146618 
 0.122481 0.648002 0.107865 
 -0.364576 0.666239 -0.097422 
 0.175454 0.528298 0.160323 
 0.340554 -0.237153 -0.411809 
 -0.044504 0.001398 0.080177 
 0.146685 0.442363 0.111986 
 -0.036054 -0.003885 0.106901 
 0.002197 0.536498 0.081466 
 -0.445342 0.808929 -0.052692 
 -0.136377 -0.486285 -0.236473 
 0.188673 -0.125420 0.076123 
 0.071742 -0.718113 0.134473 
 -0.145761 -0.277621 -0.177610 
 -0.118810 -0.133943 0.052983 
 -0.028319 -0.521786 0.091534 
 -0.038290 -0.606517 0.037676 
 -0.285948 -0.784150 0.061723 
 0.212423 0.959684 0.150214 
 0.120179 -0.618265 0.122545 
 0.104998 -0.243777 0.210077 
 0.053051 -0.852137 0.205509 
 -0.178389 -0.027048 0.018726 
 -0.331383 0.072937 -0.036477 
 0.164351 -0.521582 0.120560 
 0.568689 0.384912 -0.193857 
 -0.205607 0.022735 0.019203 
 -0.078389 -0.627350 -0.002653 
 -0.133210 -0.116733 0.051503 
 0.090910 -0.583363 0.119560 
 0.095000 -0.314708 -0.343572 
 -0.303276 -0.104999 -0.037081 
 -0.445618 0.427356 -0.008144 
 0.316427 -0.347512 0.182649 
 0.123828 0.663169 0.110991 
 -0.121624 -0.200735 -0.017594 
 0.048470 -0.202853 -0.351779 
 -0.091522 -0.309244 -0.258273 
 -0.083764 -0.591616 -0.078224 
 0.106140 -0.839073 0.203177 
 0.192315 -0.371848 -0.323269 
 -0.057162 -0.150157 0.118830 
 0.139721 -0.734844 0.187469 
 0.008722 -0.164685 0.169380 
 0.113126 0.880012 0.124032 
 0.167366 0.562380 0.141426 
 -0.239406 -0.499186 -0.227091 
 -0.035161 0.011581 0.108687 
 0.127576 -0.582413 0.106916 
 0.130156 0.413346 0.100852 
 0.081243 -0.118990 0.168357 
 -0.363342 -0.182024 -0.037631 
 0.225223 0.790070 0.145850 
 -0.025157 -0.223421 0.146195 
 -0.299958 0.227392 -0.020686 
 -0.444466 0.824096 -0.049927 
 -0.316980 0.055754 -0.035008 
 -0.288887 0.492642 -0.001915 
 0.029136 0.576124 0.120552 
 -0.437282 0.501043 -0.095563 
 0.078184 0.527498 0.104441 
 0.521337 0.452448 -0.220121 
 0.092338 0.775909 0.099418 
 -0.167115 -0.210097 -0.034673 
 -0.222782 0.345637 -0.006652 
 -0.257549 -0.034341 0.002287 
 0.013911 -0.245443 -0.359748 
 -0.265381 0.029784 0.000358 
 -0.113246 -0.065074 0.113778 
 -0.328335 0.119142 -0.026975 
 -0.307783 0.630043 -0.085430 
 0.257243 -0.023747 0.108691 
 0.230230 -0.626517 0.203726 
 0.228418 -0.658847 0.197260 
 0.109395 0.315827 0.133105 
 0.505675 0.427262 -0.230422 
 -0.100604 -0.114282 0.108857 
 0.161335 -0.177952 -0.354034 
 -0.098119 0.115659 0.083813 
 0.645626 0.408596 -0.186851 
 0.172036 -0.796257 0.290249 
 0.210382 0.651655 0.148784 
 -0.422240 0.688647 -0.115012 
 -0.426597 0.613210 -0.127126 
 -0.334130 0.553686 -0.085405 
 0.119271 -0.261872 0.212033 
 -0.086422 -0.129720 0.110344 
 0.155451 0.740161 0.089912 
 -0.024808 -0.711909 0.125255 
 -0.009918 -0.301475 -0.309052 
 0.140987 -0.317825 -0.342241 
 0.168343 0.707924 0.088246 
 -0.125149 -0.517089 -0.180988 
 -0.171318 -0.662845 -0.041759 
 -0.016660 -0.824317 0.164972 
 -0.059988 -0.542723 -0.083869 
 -0.160416 -0.391622 -0.227184 
 0.067171 -0.047617 0.130899 
 0.662121 0.450177 -0.172453 
 0.434570 0.122178 -0.081496 
 -0.425726 0.630412 -0.124962 
 0.072348 0.822013 0.123944 
 0.137974 -0.750590 0.183253 
 -0.313063 0.326509 -0.040587 
 0.432185 0.281235 -0.121687 
 -0.353016 0.288583 -0.082425 
 -0.255586 0.080134 -0.010124 
 0.226717 -0.193621 -0.370502 
 0.204581 0.824965 0.121580 
 0.255899 -0.617927 0.236603 
 -0.279588 -0.057264 -0.043265 
 0.181171 -0.610038 0.144576 
 -0.000667 0.199346 0.120673 
 0.345158 0.054111 -0.009309 
 -0.400979 0.803550 -0.038147 
 -0.437802 0.551076 -0.121207 
 -0.159533 -0.251144 -0.074054 
 -0.252704 0.267938 0.001871 
 0.050250 -0.662526 0.113456 
 -0.350814 0.650513 -0.095979 
 -0.276134 -0.803167 0.127574 
 0.249908 -0.102013 0.100669 
 -0.085529 -0.287111 -0.215650 
 -0.010564 -0.892273 0.234278 
 0.107624 0.285763 0.126459 
 0.045207 0.095239 0.151345 
 -0.143163 0.061670 0.045656 
 -0.227488 -0.372733 -0.165113 
 -0.090651 -0.445802 -0.213486 
 -0.473083 0.708091 -0.102993 
 0.636695 0.454658 -0.192873 
 -0.167185 0.196526 0.121422 
 0.207098 0.716221 0.125914 
 0.156426 -0.063842 0.099982 
 0.105722 0.202005 0.155729 
 -0.371427 0.540328 -0.077558 
 0.165798 0.411380 0.089536 
 -0.310733 -0.593297 -0.097175 
 -0.300229 -0.272358 -0.008759 
 -0.345015 0.090120 -0.037389 
 -0.109365 -0.639164 -0.016359 
 -0.319803 0.676163 -0.078283 
 0.219221 -0.445059 0.130996 
 0.247976 -0.313449 -0.386845 
 0.080346 -0.135604 0.165018 
 -0.328707 0.517813 -0.066953 
 -0.008217 -0.193791 0.159081 
 -0.239512 0.317486 -0.017552 
 -0.425726 0.628297 -0.126238 
 -0.283386 0.464305 -0.027807 
 0.234820 -0.698774 0.225714 
 0.087970 0.700272 0.082363 
 -0.006879 0.378020 0.105581 
 0.054842 0.748527 0.103737 
 -0.129827 0.089190 0.068883 
 0.142668 0.891563 0.137168 
 0.124532 -0.671773 0.137633 
 0.618827 0.426436 -0.192616 
 -0.420498 0.719747 -0.106305 
 -0.004684 0.265293 0.107643 
 -0.284508 0.097504 -0.016231 
 0.150814 0.614081 0.109256 
 -0.292480 -0.817192 0.120335 
 -0.316039 0.280708 -0.050606 
 0.049506 0.270876 0.150497 
 -0.508516 0.800372 -0.063258 
 0.011109 0.278843 0.115471 
 0.170957 0.753095 0.095809 
 -0.043854 -0.022569 0.121988 
 -0.013151 -0.346400 -0.318220 
 0.199934 -0.161084 -0.374160 
 0.123143 0.647577 0.107865 
 -0.455790 0.753240 -0.089075 
 0.264051 -0.510018 0.190662 
 -0.311810 -0.593266 -0.097175 
 0.005481 -0.081453 0.161404 
 0.076382 0.607445 0.084757 
 0.002491 -0.541082 0.097736 
 -0.013827 0.216465 0.119199 
 0.532758 0.278589 -0.158184 
 0.275622 -0.331438 -0.379928 
 0.129546 0.908479 0.135978 
 0.041007 0.764930 0.103039 
 0.299402 -0.216320 -0.419467 
 0.127116 -0.226263 0.198396 
 -0.105416 -0.046063 0.096879 
 -0.091522 -0.311555 -0.257362 
 -0.106978 -0.289184 -0.201445 
 0.115240 -0.392048 -0.284061 
 0.086521 0.285128 0.142650 
 0.164957 -0.257426 -0.345478 
 -0.161528 -0.082059 0.048544 
 -0.250261 0.171811 0.008879 
 -0.475641 0.797347 -0.062800 
 0.183874 -0.392277 -0.296232 
 0.018631 0.212932 0.128498 
 -0.096735 -0.177155 0.018043 
 -0.092785 -0.324212 -0.260447 
 -0.371249 0.680070 -0.074570 
 0.625135 0.540554 -0.168825 
 0.263310 -0.119152 0.103315 
 -0.086793 0.013943 0.112280 
 -0.075928 -0.598643 -0.053744 
 0.280403 -0.553989 0.234091 
 0.251395 -0.433219 0.143550 
 0.199353 0.734440 0.105595 
 -0.366299 0.755706 -0.058568 
 0.207714 0.636468 0.145654 
 -0.275004 -0.411038 -0.188313 
 -0.075213 -0.710314 0.063355 
 0.006426 -0.234691 -0.336754 
 -0.330726 0.614624 -0.072934 
 0.257543 -0.413478 0.126150 
 -0.287730 0.658262 -0.083889 
 -0.306912 0.644204 -0.083300 
 -0.033968 -0.274069 0.158369 
 -0.021363 0.236376 0.095738 
 -0.245909 -0.243050 -0.009857 
 0.094151 -0.329416 -0.346919 
 -0.141695 -0.126784 0.023631 
 -0.010775 -0.316744 -0.312140 
 -0.360096 0.442654 -0.057058 
 0.330436 -0.313548 -0.405767 
 -0.106933 -0.779893 0.142842 
 0.035187 -0.602505 0.073962 
 -0.397625 0.729028 -0.073933 
 0.297738 0.176381 -0.071680 
 -0.046213 0.173997 0.100375 
 -0.140577 -0.269234 -0.139018 
 -0.047129 -0.184419 0.124855 
 0.216334 -0.507085 0.119613 
 0.040296 0.161691 0.138428 
 0.645626 0.408596 -0.188417 
 -0.412646 0.730816 -0.078566 
 0.004386 -0.361645 -0.326756 
 0.658549 0.406890 -0.182528 
 0.357796 0.142429 -0.080451 
 0.125073 -0.116796 0.137222 
 0.498520 0.394497 -0.216550 
 -0.063779 -0.238179 -0.004270 
 -0.043073 0.016542 0.083357 
 0.623886 0.498580 -0.177747 
 0.095763 -0.381802 -0.322971 
 -0.487756 0.709502 -0.107638 
 0.532758 0.280327 -0.157077 
 0.608859 0.366346 -0.183741 
 0.206195 -0.081251 0.090695 
 0.041331 0.659673 0.059894 
 -0.083212 0.129999 0.091648 
 -0.371249 0.680070 -0.074572 
 -0.393844 0.670293 -0.106528 
 -0.074475 -0.381551 -0.287971 
 -0.275652 0.339639 -0.048318 
 0.127116 -0.228351 0.198248 
 -0.210278 -0.710673 -0.039561 
 -0.282733 0.127678 -0.009897 
 0.027067 -0.247182 -0.356201 
 0.196278 -0.354147 -0.331453 
 -0.282733 0.130557 -0.009897 
 -0.343559 -0.237194 -0.018053 
 0.043747 0.610094 0.085851 
 -0.147595 -0.671385 -0.011184 
 0.619302 0.440484 -0.189642 
 -0.369919 0.394796 -0.046429 
 -0.245500 -0.414638 -0.179123 
 -0.223168 0.038425 0.027643 
 0.192187 -0.371003 -0.323269 
 -0.227486 0.165038 0.038510 
 -0.229585 0.366637 -0.028257 
 0.137229 0.786027 0.115343 
 -0.140562 -0.263637 -0.092512 
 -0.113973 0.104211 0.075978 
 -0.047483 0.060831 0.113092 
 -0.219787 -0.164543 -0.009183 
 0.039255 0.734595 0.096907 
 0.107501 0.232818 0.161833 
 -0.055083 -0.366254 -0.290478 
 -0.131088 -0.278462 -0.173071 
 -0.395587 0.639818 -0.112875 
 0.078993 0.557953 0.110709 
 -0.369502 0.711418 -0.067921 
 0.261599 0.892354 0.176804 
 0.306370 0.090762 -0.026940 
 -0.343559 -0.235318 -0.018053 
 0.257543 -0.413478 0.125846 
 0.185348 -0.082841 0.109429 
 0.092025 0.606086 0.089334 
 -0.003040 -0.263030 0.171037 
 -0.461330 0.645417 -0.110899 
 -0.440359 0.630955 -0.129515 
 -0.371550 0.695197 -0.071039 
 -0.426597 0.613136 -0.128071 
 -0.436928 0.566204 -0.118569 
 0.646918 0.423025 -0.183908 
 0.002405 0.245567 0.130199 
 0.059529 0.237001 0.158998 
 0.560822 0.405585 -0.215980 
 0.099413 0.350026 0.124583 
 -0.211615 -0.581771 -0.095587 
 0.201909 -0.268737 -0.367481 
 -0.123143 -0.090936 0.082837 
 -0.348370 0.520646 -0.061476 
 -0.050833 0.422326 0.146531 
 0.131114 0.681023 0.093519 
 -0.207691 -0.621889 -0.067693 
 -0.067555 -0.286874 -0.222664 
 -0.228479 -0.069562 0.005238 
 0.485888 0.252621 -0.165987 
 -0.319547 0.551898 -0.081321 
 0.034490 -0.246406 0.162930 
 -0.245908 -0.806927 0.137514 
 0.564988 0.476545 -0.199806 
 0.591638 0.337894 -0.182928 
 -0.265166 0.173239 0.004114 
 -0.425571 0.762859 -0.076951 
 -0.088407 -0.280367 -0.101530 
 0.076103 0.107149 0.163181 
 0.080001 -0.828935 0.173684 
 0.100383 0.109797 0.137340 
 -0.355017 -0.171987 -0.010793 
 0.090634 0.510471 0.105897 
 -0.074470 0.162232 0.087901 
 0.579817 0.489268 -0.194436 
 0.196278 -0.352917 -0.330269 
 -0.147665 -0.533828 -0.168009 
 -0.239608 0.233965 0.001457 
 -0.182949 -0.273490 -0.109480 
 0.518608 0.280572 -0.161480 
 0.221061 -0.083062 0.094737 
 0.237782 -0.591278 0.190031 
 -0.022962 -0.192208 0.154371 
 0.352911 0.221233 -0.090007 
 -0.213067 0.306091 0.046657 
 -0.092488 0.066866 0.099090 
 0.341251 0.090245 -0.038349 
 -0.167185 0.195513 0.122466 
 -0.255776 -0.064242 -0.015151 
 -0.203885 -0.336758 -0.174054 
 0.235927 0.093251 -0.004267 
 -0.113973 0.102793 0.078322 
 -0.366651 0.636251 -0.103641 
 0.235210 0.817458 0.177416 
 -0.024749 0.302069 0.085161 
 0.002896 0.246528 0.130199 
 -0.224242 -0.241079 -0.025371 
 0.165310 -0.818961 0.307017 
 -0.253558 -0.659236 -0.044023 
 0.306482 0.037445 0.009168 
 0.120186 0.365775 0.111895 
 -0.227488 -0.370742 -0.165113 
 0.122186 -0.347602 -0.342430 
 -0.053146 -0.321792 -0.281260 
 0.311281 -0.468734 0.216745 
 -0.444612 0.689010 -0.096338 
 0.130982 -0.242517 -0.331240 
 -0.063378 0.045618 0.105237 
 -0.246232 0.462518 -0.038786 
 -0.369981 0.695197 -0.071039 
 0.137210 -0.557685 0.140121 
 -0.327550 0.534949 -0.063827 
 0.098768 0.491521 0.128054 
 0.331467 -0.349345 0.186266 
 -0.303694 -0.570807 -0.113650 
 -0.112849 -0.025836 0.075297 
 0.237100 -0.268084 -0.381104 
 0.135433 0.504744 0.119682 
 -0.114547 -0.715444 0.025167 
 0.205446 -0.096577 0.087974 
 0.252177 -0.240506 -0.370717 
 0.172699 0.783270 0.104332 
 -0.235026 -0.424692 -0.211871 
 0.123274 -0.332894 -0.339398 
 -0.468126 0.663822 -0.132401 
 -0.045072 -0.053582 0.115596 
 0.348562 0.243554 -0.122200 
 -0.152328 -0.071764 0.077512 
 0.414621 0.120531 -0.066609 
 0.000202 0.100724 0.135715 
 0.135961 0.459390 0.110267 
 -0.331212 0.407937 -0.054145 
 0.082907 0.868530 0.112673 
 -0.164296 -0.642513 -0.056879 
 -0.224242 -0.241079 -0.025045 
 -0.082961 -0.687921 0.042024 
 0.098768 0.491602 0.127854 
 -0.042358 -0.682721 0.079248 
 0.013708 -0.394389 -0.320032 
 -0.276075 -0.094945 -0.013742 
 -0.053131 0.072892 0.136484 
 0.605506 0.336181 -0.179328 
 -0.107891 -0.337410 -0.268048 
 0.512554 0.392129 -0.211321 
 0.118188 0.711823 0.095073 
 0.203084 -0.474239 0.120300 
 0.072953 -0.221014 -0.345942 
 0.114466 -0.284976 -0.344754 
 -0.063779 -0.237419 -0.005380 
 -0.217823 0.129663 0.046572 
 0.068255 0.128291 0.141379 
 0.069525 -0.431242 -0.306653 
 0.019108 0.243745 0.134848 
 0.033404 -0.529165 0.109942 
 0.221747 -0.515621 0.153147 
 -0.231355 -0.480609 -0.244083 
 -0.052071 -0.017524 0.097153 
 -0.189066 -0.212633 -0.019378 
 0.008615 -0.757012 0.162880 
 -0.260195 0.107053 0.016234 
 -0.386338 0.786590 -0.036696 
 0.044035 -0.609349 0.098998 
 0.199934 -0.161084 -0.373025 
 0.382475 0.189470 -0.097433 
 -0.002998 -0.871452 0.217692 
 -0.343343 0.456081 -0.049277 
 -0.132032 -0.240641 -0.051685 
 0.042563 -0.211505 0.149408 
 0.415480 0.135398 -0.062739 
 -0.441231 0.614993 -0.131656 
 0.204581 0.824880 0.122228 
 -0.319250 0.152570 -0.042426 
 -0.325056 0.515259 -0.032176 
 0.197094 -0.300000 -0.366654 
 -0.123740 0.183103 0.077129 
 -0.222943 -0.470645 -0.215594 
 0.265932 -0.432673 0.148230 
 0.063058 -0.149312 0.157258 
 -0.437802 0.551182 -0.120476 
 0.149049 -0.800992 0.247315 
 -0.318845 0.391573 -0.052688 
 -0.216907 -0.641839 -0.051159 
 -0.328574 0.454281 -0.044834 
 -0.300477 0.212066 -0.023361 
 -0.455313 0.736181 -0.092193 
 0.161335 -0.177723 -0.354907 
 0.148087 0.457590 0.114862 
 -0.479893 0.845864 -0.079498 
 0.242542 -0.411007 0.121848 
 0.027096 0.194368 0.140131 
 0.061445 -0.204589 -0.347538 
 -0.226596 0.179850 0.041410 
 -0.203120 -0.195365 -0.020852 
 0.199414 0.839028 0.146544 
 -0.035256 -0.662242 0.062544 
 0.215438 -0.522279 0.115016 
 0.315567 -0.326306 -0.413823 
 0.110357 -0.538389 0.133918 
 -0.200187 0.175441 0.060560 
 -0.120737 -0.184813 -0.012257 
 -0.171335 -0.107710 0.017044 
 0.250794 -0.086942 0.105008 
 -0.355173 0.377725 -0.045139 
 0.550315 0.357521 -0.194170 
 -0.047483 0.060354 0.113092 
 0.568689 0.386409 -0.193857 
 0.098995 -0.419734 -0.294648 
 -0.140395 -0.822658 0.181005 
 0.138976 0.815927 0.122759 
 -0.097910 -0.066428 0.118470 
 -0.441991 0.734392 -0.087685 
 0.109991 -0.521763 0.137135 
 0.084194 -0.872069 0.269295 
 -0.419966 0.775008 -0.048975 
 0.121701 -0.748729 0.179472 
 0.214960 0.851592 0.153757 
 0.006936 -0.234322 -0.336754 
 -0.021785 -0.380371 -0.304442 
 -0.008238 -0.077938 0.146618 
 0.188523 -0.663525 0.159743 
 0.020592 -0.658827 0.104583 
 -0.121624 -0.199988 -0.017594 
 0.092883 0.540926 0.114314 
 0.541457 0.403835 -0.201191 
 0.046214 0.464412 0.126939 
 0.135145 0.770544 0.112226 
 0.189923 0.592702 0.131680 
 -0.076022 -0.190262 -0.000992 
 0.107429 -0.746868 0.175111 
 0.431948 0.187030 -0.104738 
 0.392952 0.104414 -0.052480 
 -0.016660 -0.824392 0.164972 
 -0.210288 -0.679581 -0.033153 
 -0.375431 -0.261677 -0.033803 
 -0.260707 -0.805047 0.130959 
 0.227361 -0.482948 0.149470 
 0.060994 0.207468 0.142445 
 -0.144686 -0.252177 -0.069435 
 -0.271255 0.416627 -0.033562 
 0.431113 0.279535 -0.121687 
 0.238066 -0.237998 -0.375107 
 -0.192942 -0.025307 0.014077 
 0.327472 0.106982 -0.039780 
 -0.301187 -0.142937 -0.009399 
 0.015220 -0.324923 -0.350541 
 -0.157191 -0.124960 0.018976 
 0.101822 -0.118431 0.152801 
 -0.157263 -0.124960 0.018782 
 0.177474 -0.046973 0.088200 
 0.182864 0.656926 0.129299 
 -0.183584 -0.297531 -0.217370 
 0.046007 -0.875025 0.222153 
 0.412205 0.185969 -0.088496 
 -0.129671 -0.757657 0.059294 
 0.087321 0.187074 0.158752 
 0.127032 -0.656438 0.140857 
 -0.216991 0.086183 0.026657 
 0.219596 0.117649 -0.051019 
 0.560822 0.402358 -0.215980 
 -0.409929 0.641601 -0.117300 
 -0.228257 0.295291 0.038853 
 0.155838 -0.304873 -0.334484 
 0.028947 -0.382688 -0.310908 
 0.084132 -0.254136 -0.336812 
 0.158891 0.904902 0.145539 
 0.211780 -0.598122 0.157235 
 -0.101557 -0.661352 0.006094 
 0.071929 -0.361393 -0.338819 
 0.092338 0.775362 0.098531 
 0.102163 0.140891 0.143691 
 0.115039 -0.270287 -0.342621 
 -0.067466 -0.304861 -0.282687 
 -0.358112 0.459454 -0.053920 
 0.484183 0.331709 -0.184975 
 -0.123895 -0.265442 -0.088707 
 -0.233715 0.057191 0.017733 
 -0.026058 -0.239027 0.145651 
 0.652628 0.361215 -0.170642 
 0.671657 0.446317 -0.148384 
 -0.134634 -0.455539 -0.230893 
 0.227361 -0.482294 0.148527 
 -0.171318 -0.662538 -0.040317 
 0.149938 0.598914 0.107318 
 0.047631 0.464412 0.128186 
 -0.399720 0.696859 -0.080169 
 -0.331885 0.055869 -0.039644 
 -0.325935 0.499962 -0.033928 
 0.190345 -0.691664 0.201415 
 -0.399720 0.698773 -0.080680 
 -0.444852 0.839263 -0.045625 
 -0.199203 -0.073209 0.014549 
 -0.041269 -0.367229 -0.285979 
 -0.373508 0.318251 -0.062162 
 0.577375 0.460410 -0.199731 
 -0.060329 0.228630 0.060117 
 0.070107 0.413813 0.136352 
 -0.314728 0.018628 -0.006795 
 0.186632 -0.708936 0.208214 
 -0.303588 -0.189337 -0.020012 
 0.149395 0.614081 0.110767 
 0.068255 0.125984 0.141379 
 -0.414496 0.805343 -0.042723 
 0.223717 -0.037082 0.104478 
 -0.238019 0.123505 0.003356 
 -0.034292 -0.865853 0.208080 
 0.205765 -0.544914 0.141590 
 -0.103465 0.024875 0.064736 
 -0.303694 -0.573172 -0.113883 
 0.107653 0.538342 0.116769 
 0.241719 0.147534 -0.060711 
 0.182347 -0.757266 0.266700 
 0.155065 -0.720960 0.195500 
 0.235546 -0.282632 -0.385214 
 -0.202230 -0.179374 -0.019350 
 -0.375862 0.272660 -0.071601 
 -0.268637 -0.656807 -0.048714 
 -0.352903 0.634467 -0.099088 
 -0.157079 -0.316185 -0.211374 
 -0.343614 -0.220339 -0.014857 
 0.198110 -0.580670 0.156012 
 -0.343520 0.188202 -0.054380 
 0.065619 -0.325616 -0.357152 
 0.075824 -0.565912 0.118067 
 0.543567 0.223201 -0.095274 
 0.081290 -0.120057 0.168357 
 -0.140571 -0.779980 0.085715 
 -0.292721 -0.040080 -0.044735 
 -0.237838 0.267476 0.007775 
 -0.280021 -0.181152 0.013448 
 -0.202884 0.212073 0.032713 
 0.219813 -0.460566 0.127800 
 0.080943 0.094513 0.139675 
 0.123152 -0.017332 0.121734 
 0.027067 -0.247182 -0.355403 
 -0.211902 -0.752506 0.055344 
 0.031893 0.226518 0.136054 
 -0.035039 -0.520232 -0.049016 
 0.066468 -0.310580 -0.354120 
 -0.159017 -0.709909 0.012045 
 0.225320 0.790070 0.145850 
 0.055806 0.175294 0.146262 
 -0.159533 -0.250418 -0.072779 
 -0.225594 0.339595 0.048355 
 0.086334 0.383128 0.126269 
 0.273362 -0.399840 0.134370 
 -0.063798 -0.218590 0.055713 
 -0.081604 -0.158461 0.082462 
 0.072414 -0.208594 -0.332901 
 0.106137 0.760786 0.099978 
 -0.052948 0.209275 0.081173 
 -0.031633 0.057981 0.117759 
 0.084735 0.367142 0.123115 
 0.128437 -0.288234 -0.340321 
 0.060073 -0.595280 0.107027 
 -0.225594 0.339449 0.048355 
 -0.199472 -0.320765 -0.181084 
 0.092883 0.540926 0.112541 
 -0.013810 -0.554843 0.090073 
 0.048575 0.548075 0.098389 
 0.044994 -0.180372 0.156247 
 0.310420 0.174619 -0.067594 
 -0.064188 -0.425912 -0.235295 
 0.046779 -0.033571 0.150064 
 -0.316980 0.055754 -0.032679 
 0.058271 -0.626492 0.100247 
 -0.361978 0.255588 -0.070141 
 0.096824 0.047146 0.124639 
 -0.182810 -0.728660 0.024247 
 0.107010 0.773635 0.103096 
 -0.200747 -0.730568 -0.028222 
 0.520814 0.452804 -0.220121 
 0.341388 -0.222725 -0.408660 
 -0.318193 -0.103177 -0.042168 
 -0.285188 -0.275140 -0.005728 
 -0.232694 0.216965 0.023017 
 -0.324936 -0.175653 -0.002153 
 0.229333 -0.553147 0.171593 
 0.162422 0.859819 0.114788 
 0.117478 0.666441 0.085836 
 0.113059 -0.817033 0.186464 
 -0.072903 -0.249620 -0.033185 
 0.017791 0.386411 0.138384 
 0.016096 0.113202 0.144512 
 0.100916 0.573099 0.097856 
 0.526517 0.326659 -0.173145 
 0.589807 0.337894 -0.183700 
 -0.293676 0.273050 -0.020755 
 0.608640 0.500493 -0.182101 
 -0.014717 0.199782 0.116024 
 0.124181 0.567780 0.126431 
 0.249429 -0.684287 0.233711 
 -0.479033 0.725956 -0.126567 
 0.056528 -0.716259 0.128865 
 0.400200 0.121726 -0.069926 
 0.106137 0.758734 0.099978 
 -0.331729 0.266707 -0.057780 
 0.265141 -0.312562 -0.391377 
 -0.007373 -0.396997 -0.302657 
 -0.068650 -0.087272 0.124648 
 -0.253289 -0.281758 -0.054158 
 -0.258805 -0.577768 -0.099684 
 -0.431113 0.807136 -0.047300 
 0.489466 0.269387 -0.173291 
 0.185591 0.751311 0.101254 
 -0.432562 0.517165 -0.102333 
 -0.278660 -0.320316 -0.092410 
 0.306089 -0.429297 0.185743 
 0.012859 -0.620958 0.087630 
 -0.110789 -0.139289 0.077140 
 0.132388 0.694908 0.096637 
 -0.116949 -0.662027 0.001403 
 0.215438 -0.520496 0.115016 
 0.505301 0.295982 -0.162875 
 0.001750 -0.097020 0.158196 
 -0.060149 -0.829189 0.195111 
 0.100197 -0.283239 -0.349186 
 -0.085950 -0.495346 -0.141725 
 -0.327448 0.134404 -0.023243 
 0.196788 0.024186 0.049963 
 0.168056 -0.127125 0.092681 
 0.483461 0.331709 -0.186316 
 0.108417 -0.330062 -0.343837 
 0.031739 -0.030429 0.145384 
 -0.357366 -0.218506 -0.019536 
 -0.020345 0.267109 0.103773 
 0.049335 0.546326 0.098389 
 -0.117537 0.041086 0.063760 
 -0.299958 0.227392 -0.020143 
 0.270876 -0.531957 0.212373 
 0.183219 -0.392277 -0.296232 
 0.262306 -0.220177 -0.397947 
 -0.396641 0.624730 -0.115856 
 0.198712 0.839028 0.146074 
 0.218406 -0.129043 0.087991 
 -0.283778 0.322900 -0.031276 
 0.107429 -0.746868 0.175448 
 -0.256206 -0.772096 0.072138 
 0.476127 0.300075 -0.171680 
 0.199720 -0.520759 0.110337 
 0.176192 -0.688897 0.196670 
 -0.023355 -0.193484 0.154371 
 0.249429 -0.685575 0.233711 
 -0.113646 -0.699837 0.029158 
 -0.277011 -0.041897 -0.040098 
 0.017834 -0.296027 -0.344462 
 -0.252429 -0.102022 0.014166 
 0.175313 0.826979 0.113122 
 0.310238 0.054312 0.001717 
 -0.342663 -0.219984 -0.014857 
 0.208301 -0.065924 0.094291 
 -0.233581 0.200483 0.019850 
 0.213611 -0.791374 0.328210 
 -0.120016 -0.457322 -0.225701 
 -0.072060 -0.512374 -0.138462 
 -0.241379 0.203125 -0.004861 
 -0.232008 -0.140131 0.037017 
 -0.253472 -0.544213 -0.103184 
 -0.132925 -0.673223 -0.010214 
 0.261387 -0.220177 -0.397947 
 0.603794 0.413713 -0.199944 
 -0.246261 -0.243743 -0.009857 
 0.043952 0.705637 0.068460 
 -0.157747 0.139117 0.068372 
 0.280734 -0.347889 0.192381 
 -0.148317 -0.671385 -0.011184 
 0.239589 -0.559550 0.197294 
 -0.043206 0.016542 0.083357 
 0.203980 -0.458282 0.123121 
 -0.098119 0.116080 0.083813 
 -0.160100 -0.752436 0.049827 
 -0.245279 -0.806927 0.136764 
 0.189124 -0.632233 0.166192 
 0.323158 0.143041 -0.068485 
 -0.216991 0.085740 0.027007 
 -0.443541 0.427356 -0.008534 
 -0.074475 -0.381584 -0.288123 
 -0.239418 -0.562651 -0.101710 
 -0.186816 -0.618614 -0.082768 
 -0.255776 -0.064242 -0.012605 
 -0.082499 -0.174712 0.080670 
 -0.347145 0.586749 -0.083734 
 -0.025630 -0.653278 0.089013 
 0.033875 0.053271 0.116171 
 0.659621 0.407059 -0.182528 
 -0.027437 -0.653278 0.090418 
 -0.102315 -0.348166 -0.290979 
 -0.209244 -0.555259 -0.136522 
 -0.392927 0.370490 -0.081940 
 -0.123895 -0.265442 -0.087673 
 -0.284293 -0.259295 -0.002532 
 0.050334 0.576780 0.106295 
 -0.201969 0.144588 0.054713 
 -0.362509 0.382779 -0.069611 
 0.039635 -0.278849 -0.356934 
 -0.304311 0.359012 -0.054370 
 0.171656 -0.678786 0.151797 
 -0.014052 -0.515260 -0.006856 
 0.241876 0.147066 -0.060711 
 -0.190663 0.020913 0.022186 
 0.028699 -0.247182 -0.355310 
 0.127777 -0.566846 0.112130 
 -0.204824 -0.166569 -0.004528 
 -0.133210 -0.115472 0.051503 
 0.334237 0.245281 -0.126656 
 -0.299698 0.100038 -0.020868 
 0.215585 -0.285050 -0.368398 
 0.235253 -0.680607 0.218893 
 0.340341 -0.455870 0.295984 
 0.205777 0.855140 0.128447 
 -0.236892 -0.268172 -0.046027 
 0.043420 0.063679 0.144283 
 0.097439 0.063344 0.127814 
 0.000402 0.593583 0.114484 
 0.018267 -0.527320 0.106098 
 0.416277 0.238849 -0.135220 
 -0.408265 0.424337 -0.019296 
 -0.346274 0.269051 -0.062387 
 0.407044 0.154910 -0.084333 
 -0.152328 -0.072189 0.076450 
 0.065266 -0.134478 0.160462 
 -0.216041 0.162029 0.052931 
 -0.330592 0.186392 -0.048922 
 -0.052762 -0.032990 0.093966 
 0.253858 -0.212340 -0.364720 
 0.008615 -0.756461 0.164013 
 0.281868 -0.418052 0.156105 
 0.334860 0.124897 -0.057167 
 0.262471 -0.600914 0.219659 
 -0.440359 0.630081 -0.130579 
 -0.416795 0.792097 -0.045849 
 0.086222 0.670389 0.076707 
 0.090245 0.495489 0.102759 
 0.445606 0.236717 -0.137098 
 -0.343466 0.330119 -0.049801 
 0.237162 0.881748 0.143772 
 0.249908 -0.101925 0.101849 
 0.166401 0.629108 0.118470 
 0.076905 0.527498 0.104441 
 0.199934 -0.162766 -0.373286 
 -0.066138 -0.534005 -0.118362 
 0.128033 -0.836146 0.255986 
 0.077196 -0.152920 0.172058 
 0.012049 -0.874328 0.222497 
 0.002662 -0.112181 0.154988 
 -0.051644 -0.032990 0.093966 
 -0.252704 0.267841 0.003150 
 -0.143899 0.106440 0.065449 
 0.159088 -0.017741 0.110086 
 0.102642 0.698484 0.086550 
 0.051153 -0.646879 0.117270 
 0.088843 0.716850 0.086060 
 0.235056 0.076764 -0.008253 
 -0.014967 -0.515260 -0.006125 
 -0.141226 0.152720 0.076070 
 0.050529 -0.232562 0.171485 
 -0.119129 -0.442235 -0.222751 
 0.148192 -0.655483 0.125531 
 -0.010672 -0.714835 0.130000 
 0.074261 0.445486 0.134270 
 0.543647 0.340596 -0.176110 
 0.080601 -0.664789 0.123468 
 -0.245295 -0.138298 0.032394 
 0.046779 -0.033567 0.150158 
 0.095940 -0.238179 0.185858 
 -0.168915 -0.441287 -0.216470 
 0.131488 -0.082475 0.122548 
 -0.251830 0.475735 -0.015478 
 -0.157217 0.077534 0.045603 
 -0.037195 0.085977 0.144206 
 0.154168 -0.826575 0.278878 
 -0.302694 -0.172933 -0.015775 
 -0.051662 -0.273641 -0.214614 
 -0.278660 -0.320316 -0.093330 
 0.056856 0.189068 0.149442 
 -0.132668 -0.018307 0.035849 
 -0.161427 -0.082059 0.048978 
 -0.315051 0.561137 -0.042919 
 0.065266 -0.133766 0.160615 
 0.027067 -0.247182 -0.355301 
 0.061005 0.077945 0.152138 
 0.016464 -0.557609 0.099229 
 -0.217127 -0.321007 -0.175507 
 -0.179986 0.205794 0.062721 
 -0.187104 0.082540 0.036264 
 -0.357483 0.205620 -0.055005 
 -0.279911 -0.384248 -0.162295 
 0.264027 -0.435052 0.148230 
 -0.158862 0.108462 0.062013 
 0.084132 -0.254136 -0.335783 
 -0.194140 -0.681418 -0.026598 
 -0.059996 -0.382406 -0.283618 
 0.054519 -0.265367 -0.349465 
 0.061740 0.609671 0.080180 
 0.256393 0.145764 -0.057252 
 -0.104993 -0.151962 0.054462 
 0.198569 0.037458 0.053102 
 -0.488600 0.830215 -0.062482 
 0.512554 0.393723 -0.211321 
 0.136540 -0.573291 0.136904 
 0.192561 0.872359 0.127004 
 0.219895 -0.635932 0.174995 
 0.086811 0.685145 0.079824 
 0.224795 -0.222718 -0.376393 
 -0.317868 0.040387 -0.038946 
 0.541457 0.403835 -0.199220 
 0.025057 -0.150924 0.178149 
 0.100916 0.573099 0.096725 
 0.074843 -0.222031 -0.345942 
 -0.110789 -0.159488 0.016012 
 -0.504187 0.816100 -0.071830 
 0.222767 0.714433 0.130261 
 0.209280 0.496071 0.142937 
 0.141597 0.861308 0.131000 
 0.302299 0.073348 -0.019816 
 0.237782 -0.591943 0.190031 
 -0.136118 -0.182996 -0.019064 
 0.266545 -0.071568 0.112792 
 0.204719 -0.634082 0.171320 
 0.040457 0.645128 0.057981 
 0.103983 -0.690385 0.149694 
 0.135824 0.600707 0.103064 
 -0.132626 -0.017185 0.035849 
 0.665454 0.507892 -0.161939 
 -0.308288 -0.053631 -0.052368 
 0.160638 0.935157 0.150593 
 0.242440 -0.484132 0.154558 
 -0.055787 -0.526303 -0.090733 
 0.189289 -0.737894 0.249887 
 -0.178094 -0.809325 0.136964 
 -0.027200 -0.024402 0.126667 
 0.035064 0.325627 0.109979 
 0.193564 0.607889 0.134810 
 -0.176609 0.003686 0.026491 
 -0.276966 -0.109592 -0.018266 
 -0.133595 -0.356788 -0.245900 
 0.159825 0.661077 0.099531 
 -0.100146 -0.257656 -0.056678 
 -0.134134 -0.017185 0.035849 
 0.171927 0.468461 0.147742 
 0.156761 -0.764359 0.232786 
 -0.081706 -0.158461 0.083866 
 -0.076593 0.078405 0.106945 
 -0.035771 -0.735077 0.151843 
 -0.373640 -0.231487 -0.027411 
 -0.069066 0.055651 0.128609 
 -0.097642 -0.480482 -0.199881 
 0.089213 -0.085585 0.154197 
 -0.027535 -0.108668 0.145593 
 0.238066 -0.238987 -0.373143 
 0.057174 0.159867 0.143083 
 0.497685 0.379230 -0.218670 
 0.093747 -0.168534 0.163436 
 0.044035 -0.608630 0.098998 
 -0.157080 0.139117 0.068734 
 -0.409168 0.671776 -0.111080 
 -0.261522 0.107053 0.016234 
 -0.254162 0.319291 -0.021818 
 0.249576 0.126874 -0.038869 
 0.188868 -0.573610 0.130919 
 0.016096 0.115803 0.144512 
 0.242170 0.147534 -0.060711 
 -0.202884 0.212073 0.031432 
 -0.331599 0.597853 -0.076051 
 0.458140 0.350901 -0.202415 
 -0.426950 0.732604 -0.083063 
 -0.113973 0.103376 0.075978 
 0.619745 0.334468 -0.174593 
 0.034563 0.272738 0.146603 
 0.209677 0.096915 -0.022800 
 -0.409053 0.656689 -0.114190 
 -0.036054 -0.003885 0.105951 
 -0.052998 -0.288648 -0.218199 
 -0.241716 0.413372 -0.023437 
 -0.117291 -0.384576 -0.257474 
 -0.439388 0.764647 -0.081392 
 -0.107937 0.150468 0.074836 
 0.228307 0.929099 0.138148 
 0.042779 0.403184 0.115567 
 0.243792 0.942475 0.145402 
 0.521337 0.451683 -0.220121 
 -0.457104 0.616777 -0.137177 
 0.539685 0.324830 -0.168755 
 -0.328273 0.534949 -0.063827 
 0.048068 0.546326 0.098389 
 -0.083293 -0.173968 0.080670 
 -0.078389 -0.626151 -0.002653 
 0.122701 -0.748308 0.179472 
 0.010006 0.405734 0.116524 
 0.048570 -0.002554 0.157141 
 0.378753 0.159502 -0.093282 
 0.023620 -0.066067 0.158687 
 -0.295059 0.385773 -0.024208 
 -0.491905 0.783973 -0.071860 
 0.222819 0.080066 -0.022116 
 0.007439 0.487082 0.097065 
 0.154523 0.829867 0.129262 
 -0.168285 -0.703115 -0.011974 
 -0.173825 0.110617 0.057358 
 -0.084165 -0.761051 0.133022 
 -0.087230 -0.348516 -0.286474 
 0.130419 0.923957 0.138839 
 0.238066 -0.238224 -0.375107 
 0.026842 -0.261890 -0.358341 
 -0.267461 -0.229175 0.008539 
 0.065770 -0.118220 0.163666 
 0.532098 0.407812 -0.224688 
 -0.020427 -0.365503 -0.301378 
 0.554656 0.388504 -0.198223 
 -0.175951 0.184530 0.093401 
 -0.084191 -0.591616 -0.077263 
 0.045668 -0.593435 0.102215 
 0.076103 0.108430 0.163181 
 -0.020476 0.251743 0.100257 
 -0.141566 -0.170741 0.004096 
 -0.027147 -0.668924 0.087194 
 0.049346 -0.679317 0.110801 
 -0.127388 -0.144034 0.025107 
 -0.337075 0.286783 -0.079252 
 0.231183 -0.626853 0.203726 
 -0.171271 0.096126 0.044689 
 -0.274092 -0.603494 -0.063484 
 0.152775 0.798051 0.123026 
 0.089213 -0.087206 0.154514 
 0.039635 -0.278534 -0.356934 
 0.564792 0.462116 -0.204085 
 0.075586 0.205647 0.147094 
 0.607911 0.443656 -0.204183 
 -0.338139 0.302010 -0.076113 
 0.001095 0.115638 0.139844 
 -0.258483 -0.050488 -0.000893 
 -0.400332 0.819997 -0.035021 
 0.047957 -0.117402 0.169080 
 -0.332971 0.376320 -0.060421 
 0.055006 0.370761 0.113877 
 -0.226947 0.411803 -0.018842 
 0.099021 0.506788 0.131000 
 -0.273974 -0.690796 -0.045292 
 -0.254112 -0.658521 -0.044023 
 -0.119129 -0.441544 -0.222592 
 0.038785 -0.293045 -0.360316 
 -0.371965 0.540328 -0.078018 
 -0.194930 0.207616 0.057168 
 0.534008 0.451099 -0.215767 
 0.186204 0.964260 0.130719 
 0.059059 0.237001 0.158980 
 0.320018 -0.389858 0.151559 
 -0.083571 -0.209351 0.017081 
 0.028825 -0.104105 0.187798 
 0.013417 0.065744 0.134949 
 0.116330 0.281574 0.151841 
 0.193984 -0.033622 0.095984 
 -0.040408 -0.353109 -0.284235 
 -0.087230 -0.349930 -0.285122 
 -0.201261 -0.103775 0.008190 
 0.188212 -0.333470 -0.351733 
 -0.297542 -0.224852 -0.000819 
 0.029136 0.576880 0.122683 
 0.016698 -0.030124 0.140705 
 0.026621 0.194368 0.140131 
 -0.354829 0.708574 -0.063356 
 0.002101 0.536498 0.081466 
 0.534498 0.438871 -0.218740 
 -0.079468 -0.270856 -0.074084 
 -0.228990 0.118818 0.028708 
 0.055600 -0.250659 -0.346273 
 -0.420225 0.413323 -0.037088 
 0.158891 0.904902 0.145429 
 0.110389 -0.083898 0.138930 
 0.072503 0.302311 0.141592 
 -0.257976 -0.676508 -0.036817 
 0.186520 -0.709923 0.208214 
 -0.036485 0.138333 0.108793 
 0.222980 0.819251 0.172839 
 0.060866 -0.219277 -0.350374 
 -0.014943 -0.530410 -0.009304 
 -0.129671 -0.756752 0.058793 
 0.193446 0.718010 0.121132 
 0.033875 0.053989 0.116171 
 -0.110789 -0.139289 0.076622 
 -0.268233 -0.279936 -0.057836 
 -0.184456 -0.297531 -0.216629 
 0.095320 -0.201266 -0.300932 
 0.113342 -0.299664 -0.347335 
 -0.312059 0.215197 -0.035300 
 -0.072241 -0.148319 0.113009 
 0.057601 0.595474 0.087304 
 0.154580 0.723708 0.086802 
 -0.161006 -0.770446 0.046594 
 -0.393184 0.363816 -0.038498 
 -0.330018 -0.123814 -0.014632 
 -0.098336 -0.744775 0.072368 
 -0.417030 0.530539 -0.094415 
 -0.311166 0.498162 -0.031484 
 -0.295259 0.259308 -0.023909 
 -0.090995 -0.681183 0.017218 
 0.083218 0.123622 0.146034 
 -0.245053 0.367345 -0.032852 
 0.623809 0.498580 -0.177747 
 -0.280071 0.175055 -0.001962 
 0.450664 0.148686 -0.070909 
 0.013447 0.563463 0.112798 
 0.302299 0.074223 -0.019446 
 0.042162 0.660255 0.059894 
 -0.010020 -0.225266 0.152786 
 0.281236 0.876397 0.157263 
 -0.056264 -0.134065 0.119727 
 0.200881 -0.505252 0.113533 
 -0.394705 0.444207 -0.046203 
 0.207548 0.057302 0.026300 
 0.205630 -0.140775 0.069250 
 -0.475641 0.795931 -0.064157 
 -0.104318 0.008409 0.061557 
 -0.078684 -0.236363 -0.009186 
 0.009757 0.405734 0.118318 
 -0.019291 -0.546803 0.055184 
 -0.121078 -0.763660 0.083100 
 0.030700 -0.575984 0.101613 
 -0.088584 -0.017444 0.107950 
 0.108510 0.301090 0.130659 
 0.261247 -0.329718 -0.383978 
 0.629224 0.367015 -0.200157 
 0.149625 -0.801113 0.247315 
 -0.324936 -0.175506 -0.000590 
 -0.154347 -0.154024 0.002622 
 0.083079 0.478059 0.119388 
 0.109436 0.649794 0.103288 
 -0.316442 0.406800 -0.049514 
 -0.043372 -0.555584 -0.034223 
 -0.057446 -0.653730 0.033304 
 0.319336 -0.390624 0.151559 
 0.236210 -0.297181 -0.387101 
 0.128398 0.382194 0.094576 
 -0.201261 -0.104063 0.008509 
 0.254765 -0.561400 0.200934 
 0.001095 0.116191 0.139825 
 -0.276134 -0.804757 0.127915 
 0.123143 0.648765 0.107865 
 -0.285541 0.292006 -0.037666 
 0.193099 -0.050874 0.092825 
 -0.431507 0.791968 -0.050084 
 0.197094 -0.300000 -0.365114 
 -0.161427 -0.080641 0.048544 
 -0.283069 -0.014379 -0.013818 
 -0.149268 -0.453755 -0.234822 
 -0.051719 -0.549149 -0.061069 
 0.222661 -0.515621 0.154230 
 -0.012284 0.247388 0.125550 
 -0.078516 0.063466 0.103758 
 -0.139688 -0.344970 -0.222961 
 0.029016 0.611930 0.081268 
 0.043747 0.610654 0.085765 
 0.124261 0.314605 0.137382 
 -0.036696 -0.058716 0.139217 
 -0.212598 -0.753392 0.055344 
 0.307246 -0.413061 0.188947 
 -0.373508 0.318461 -0.062614 
 -0.260882 0.338234 -0.043723 
 -0.128647 -0.489250 -0.212129 
 -0.085893 -0.648240 0.013990 
 0.227316 -0.179072 -0.366579 
 -0.331852 0.408600 -0.054145 
 0.193431 0.638263 0.141071 
 -0.054903 -0.510365 -0.087578 
 -0.239115 -0.119317 0.016116 
 0.159887 -0.792190 0.275420 
 -0.445393 0.793761 -0.055003 
 -0.224113 -0.120425 0.020312 
 0.548533 0.291453 -0.149668 
 -0.047391 -0.490082 -0.104315 
 0.067178 0.449329 0.109200 
 -0.186214 0.097947 0.040376 
 -0.078050 0.146078 0.084726 
 -0.014052 -0.516258 -0.006125 
 0.345612 -0.365742 0.187606 
 0.561655 0.420023 -0.213006 
 -0.020476 0.252181 0.100606 
 -0.411092 0.625114 -0.120409 
 0.060596 -0.218272 -0.350374 
 0.064216 -0.149312 0.157258 
 0.605994 0.471428 -0.188049 
 0.003388 0.537321 0.081466 
 -0.144053 0.046637 0.043902 
 0.094874 -0.683845 0.124965 
 0.081243 -0.120057 0.167070 
 0.174592 0.798357 0.106903 
 0.040131 0.749763 0.098297 
 0.065818 -0.409094 -0.337971 
 -0.032481 0.057981 0.117892 
 -0.161628 0.167235 0.094880 
 0.201293 -0.505252 0.113375 
 0.439899 0.166542 -0.082611 
 0.110787 -0.084035 0.138930 
 0.346141 -0.287105 -0.393755 
 -0.162435 -0.533094 -0.173521 
 -0.021363 0.236376 0.095310 
 0.095320 -0.200154 -0.300932 
 0.113059 -0.816832 0.186464 
 0.204477 0.672804 0.116343 
 0.114619 -0.182291 0.144697 
 0.081436 0.094513 0.139335 
 -0.228257 0.292540 0.039297 
 -0.229176 0.380773 -0.025118 
 0.153537 -0.348300 -0.343566 
 -0.280522 -0.820943 0.134471 
 0.659762 0.435748 -0.176580 
 0.129622 -0.393584 -0.278764 
 0.660454 0.421319 -0.178008 
 -0.101633 -0.849422 0.211180 
 0.094854 -0.520507 0.132426 
 0.235927 0.092054 -0.004267 
 -0.009918 -0.300829 -0.309052 
 -0.224065 0.022998 0.024315 
 -0.220784 -0.425143 -0.207294 
 0.296822 0.191823 -0.068607 
 -0.381553 0.757512 -0.063133 
 -0.106107 -0.151238 0.054462 
 -0.026703 -0.668924 0.087194 
 -0.349202 0.505459 -0.064606 
 -0.267828 0.127138 -0.005125 
 0.094151 -0.329416 -0.347729 
 -0.444933 0.854430 -0.042499 
 -0.257976 -0.676735 -0.037386 
 -0.202100 -0.366267 -0.189299 
 -0.278478 -0.057115 -0.043265 
 -0.323855 0.515190 -0.032176 
 -0.205607 0.022202 0.018954 
 -0.175681 -0.011721 0.021902 
 -0.218734 -0.829170 0.154114 
 0.135759 -0.604050 0.130471 
 -0.113550 -0.742915 0.067260 
 0.306547 -0.237783 -0.398146 
 0.015683 0.114363 0.144512 
 -0.208321 -0.664034 -0.029167 
 -0.330998 0.072937 -0.036691 
 -0.012489 0.388230 0.129110 
 -0.242430 0.166859 0.033478 
 0.072298 -0.264066 -0.355024 
 -0.263573 -0.058649 -0.038628 
 0.203448 -0.458733 0.123121 
 -0.292480 -0.817404 0.119837 
 -0.114088 -0.742921 0.067260 
 -0.067752 -0.070587 0.128345 
 -0.184282 -0.717250 -0.020316 
 0.087198 0.590081 0.096470 
 0.198430 0.734440 0.103570 
 0.430051 0.266527 -0.124719 
 0.008722 -0.164685 0.170739 
 0.204568 -0.081251 0.091132 
 -0.087971 -0.620722 -0.027167 
 0.220176 -0.098389 0.092013 
 -0.252924 0.125322 -0.000740 
 0.067141 -0.102673 0.166870 
 0.304040 -0.281190 -0.407349 
 0.127798 0.878224 0.129824 
 0.185357 -0.519253 0.105658 
 -0.455865 0.616643 -0.137177 
 -0.271378 0.064215 -0.017928 
 -0.420225 0.412166 -0.037088 
 -0.046384 0.172831 0.100375 
 -0.100146 -0.257656 -0.054756 
 0.606974 0.473493 -0.188049 
 0.123376 0.299278 0.135424 
 0.533232 0.436670 -0.218740 
 -0.418179 0.515372 -0.097541 
 0.077379 0.221054 0.150270 
 -0.073451 -0.569223 -0.104816 
 0.145870 0.014809 0.111911 
 -0.013907 0.118019 0.133347 
 0.563684 0.462116 -0.204085 
 0.006791 -0.788033 0.155350 
 -0.201969 0.144588 0.055830 
 0.142674 -0.583550 0.113619 
 -0.044626 -0.214181 0.108398 
 0.338479 0.156757 -0.061257 
 0.058271 -0.627489 0.100491 
 -0.117138 -0.386605 -0.257474 
 -0.143163 0.061670 0.047801 
 0.057478 -0.535708 0.139823 
 0.050250 -0.662929 0.114026 
 -0.099010 0.100970 0.080018 
 0.405005 0.220058 -0.105860 
 0.022057 -0.197743 0.168747 
 -0.132427 -0.615237 -0.041169 
 0.273758 -0.265356 -0.402611 
 0.292164 0.160047 -0.063866 
 0.331069 -0.313548 -0.404085 
 -0.144821 -0.711754 0.018505 
 0.051983 -0.100572 0.162179 
 0.249448 -0.102013 0.101849 
 -0.321867 0.315437 -0.068380 
 0.086682 0.700272 0.082942 
 0.067389 0.463755 0.112347 
 -0.413519 0.715689 -0.079389 
 -0.063378 0.046453 0.105237 
 0.181167 0.903969 0.128670 
 -0.274418 -0.619001 -0.066680 
 -0.101750 -0.228594 -0.039276 
 0.243792 0.942606 0.145801 
 0.109764 0.819503 0.112449 
 0.505566 0.425652 -0.230422 
 -0.231935 0.087726 0.022357 
 0.653125 0.538456 -0.159232 
 0.222117 0.898619 0.142328 
 0.113770 -0.299664 -0.347781 
 0.446272 0.184929 -0.100136 
 0.029837 -0.484639 0.140055 
 0.192867 0.074263 0.024241 
 0.223555 0.080066 -0.022116 
 -0.429755 0.822303 -0.044546 
 -0.444466 0.824096 -0.048983 
 0.070676 0.657693 0.069024 
 -0.285013 -0.129299 -0.001228 
 0.070603 0.368951 0.117582 
 -0.207935 -0.472438 -0.212095 
 0.005889 -0.583822 0.068134 
 -0.182810 -0.728660 0.023348 
 -0.294379 0.048886 -0.005765 
 0.072828 0.399565 0.124805 
 0.652892 0.373710 -0.167660 
 -0.160719 -0.051125 0.054920 
 -0.069328 -0.350301 -0.291904 
 0.015170 0.198779 0.125322 
 0.056635 0.031545 0.143374 
 0.214672 -0.177353 -0.371894 
 0.164463 -0.727764 0.220529 
 0.565822 0.490974 -0.198598 
 0.099944 -0.283239 -0.350292 
 -0.303560 -0.089592 -0.034344 
 -0.327448 0.134768 -0.023808 
 0.249429 -0.686297 0.233711 
 -0.052402 0.141779 0.104138 
 0.578811 0.460410 -0.199731 
 -0.064454 -0.234056 0.050524 
 -0.035206 -0.233437 0.119927 
 0.016950 0.228339 0.132926 
 0.043206 -0.519860 0.137931 
 -0.258445 -0.846515 0.160484 
 -0.254414 -0.772096 0.072903 
 0.661944 0.534840 -0.134858 
 -0.026792 0.391861 0.124473 
 0.082033 0.853334 0.110755 
 -0.076776 -0.185828 0.057002 
 -0.302345 0.658869 -0.089309 
 -0.201969 0.144588 0.053508 
 0.248602 -0.684890 0.233711 
 -0.228514 -0.054135 0.008671 
 -0.046384 0.174201 0.100375 
 0.519670 0.423946 -0.225630 
 -0.084938 0.086003 0.082109 
 -0.258875 -0.692074 -0.043072 
 -0.307815 0.629117 -0.085430 
 0.175974 0.020592 0.065706 
 0.020987 -0.585423 0.072832 
 -0.389728 0.834919 -0.052109 
 0.216901 -0.253548 -0.362385 
 -0.125555 -0.781932 0.090466 
 -0.297678 0.355239 -0.029687 
 -0.411092 0.626514 -0.119653 
 -0.169050 -0.275295 -0.104873 
 0.013524 -0.679324 0.121293 
 -0.292404 -0.163812 0.011965 
 -0.034064 -0.646636 0.065802 
 -0.334016 0.503664 -0.060023 
 0.307709 -0.501521 0.286909 
 0.086782 0.187400 0.158752 
 -0.188857 0.127338 0.055882 
 0.017278 0.519471 0.082820 
 -0.130434 -0.438246 -0.237047 
 -0.071940 -0.213035 0.032166 
 0.094029 -0.314708 -0.345244 
 0.065818 -0.407847 -0.338092 
 -0.424697 0.777100 -0.073710 
 0.030603 -0.753307 0.147717 
 -0.175720 0.019092 0.027906 
 0.285752 -0.476282 0.182931 
 -0.203885 -0.337989 -0.172538 
 -0.214935 -0.451049 -0.234896 
 -0.315206 0.562617 -0.042919 
 0.343767 0.038839 -0.012407 
 -0.187287 -0.181195 -0.013807 
 -0.073868 -0.694387 0.066580 
 0.077013 -0.565912 0.117815 
 0.205599 -0.692615 0.204930 
 -0.110462 -0.139289 0.077704 
 -0.119102 -0.133943 0.052511 
 0.135759 -0.605177 0.130471 
 0.064740 0.809740 0.094935 
 0.187736 -0.663525 0.160095 
 -0.216932 0.146412 0.048642 
 0.187333 0.779760 0.108346 
 0.298517 -0.325952 -0.405734 
 0.069829 0.510397 0.121786 
 0.626047 0.513997 -0.183543 
 -0.024256 -0.206329 0.151155 
 -0.272134 0.400526 -0.035765 
 0.465364 0.235934 -0.152806 
 0.234398 0.129647 -0.043398 
 -0.142117 0.137294 0.073250 
 -0.342636 0.203509 -0.049941 
 -0.219787 -0.164170 -0.009183 
 -0.363396 0.557263 -0.094534 
 0.575760 0.445982 -0.202704 
 -0.501555 0.726418 -0.109170 
 0.507988 0.231962 -0.139545 
 0.149516 -0.365787 -0.337183 
 -0.329453 0.439054 -0.047200 
 -0.038686 -0.324213 -0.276762 
 0.150749 -0.255033 -0.348821 
 0.108303 -0.553995 0.130702 
 -0.055531 -0.483369 -0.128803 
 -0.371407 0.348995 -0.055869 
 -0.235813 0.296780 0.014093 
 0.081279 -0.064912 0.132692 
 0.379959 0.239654 -0.123557 
 0.262471 -0.599459 0.219659 
 0.264282 -0.567816 0.225684 
 -0.182886 -0.075033 0.019204 
 -0.005399 0.347920 0.089091 
 0.203594 -0.239560 -0.364435 
 -0.299914 0.436323 -0.038678 
 -0.299174 0.100038 -0.020868 
 -0.263770 0.188606 0.007409 
 -0.257549 -0.035062 0.002124 
 -0.045640 -0.845615 0.196632 
 0.285375 -0.476282 0.181561 
 -0.223791 -0.775221 0.081666 
 -0.359960 0.442654 -0.057058 
 -0.238163 -0.020032 0.000130 
 0.197629 0.734440 0.103570 
 0.259357 -0.356776 -0.332650 
 -0.262984 -0.151972 0.025186 
 0.003878 -0.583258 0.068134 
 -0.260707 -0.805047 0.132631 
 0.086957 -0.720373 0.138494 
 -0.301597 0.166085 -0.032838 
 0.230047 0.959834 0.144359 
 0.203823 -0.096577 0.087974 
 0.542440 0.418304 -0.196625 
 0.150190 0.401368 0.081823 
 0.346834 0.241809 -0.122200 
 0.136979 0.630172 0.109316 
 0.204304 -0.335201 -0.347312 
 0.140139 -0.332044 -0.344971 
 0.018659 -0.100461 0.162894 
 -0.013827 0.216318 0.119199 
 0.237629 -0.590843 0.190031 
 0.047957 -0.117002 0.169080 
 0.139583 -0.795864 0.222513 
 -0.210421 -0.581771 -0.096133 
 0.296822 0.191289 -0.067997 
 -0.152328 -0.072105 0.076450 
 0.071089 0.188897 0.154097 
 0.012216 -0.248326 0.178983 
 -0.136199 -0.402002 -0.255790 
 0.315567 -0.324749 -0.411433 
 -0.395788 0.639818 -0.112747 
 0.199012 -0.564865 0.158958 
 0.204581 0.824587 0.122228 
 0.045207 0.096859 0.150658 
 -0.217739 -0.321007 -0.175541 
 0.115149 -0.391831 -0.284061 
 0.054355 0.159867 0.143083 
 0.257765 -0.454877 0.165261 
 -0.158715 -0.583181 -0.101410 
 -0.006879 0.376891 0.103730 
 0.109035 0.554353 0.119907 
 -0.409997 0.461279 -0.048104 
 -0.204368 0.227440 0.035459 
 0.440332 0.300204 -0.149570 
 0.182575 -0.758635 0.266700 
 0.199353 0.734440 0.104307 
 -0.195003 -0.140186 0.026459 
 0.134553 0.490022 0.116544 
 -0.054903 -0.510165 -0.087578 
 -0.407583 0.562627 -0.109374 
 0.158201 -0.033909 0.107047 
 -0.259063 -0.846515 0.160484 
 0.366084 0.189825 -0.091568 
 0.135482 0.755513 0.109108 
 -0.335044 0.472919 -0.066283 
 -0.313827 0.184583 -0.044370 
 0.456248 0.218925 -0.124281 
 0.143167 0.381454 0.098635 
 -0.283337 -0.654845 -0.053406 
 0.043359 -0.234212 -0.347840 
 -0.097244 -0.744775 0.071994 
 0.079654 0.063660 0.132028 
 0.064686 -0.738789 0.151006 
 0.227437 0.913883 0.135043 
 -0.256796 -0.163006 0.001415 
 0.184747 -0.518926 0.105658 
 -0.255606 0.430054 -0.023302 
 -0.082470 -0.687921 0.042982 
 -0.155173 -0.361086 -0.230613 
 -0.018394 -0.529862 0.058388 
 -0.071343 -0.132773 0.116640 
 -0.001418 -0.498665 0.127841 
 -0.036551 0.238192 0.092801 
 -0.313804 0.452481 -0.040606 
 0.533389 0.240988 -0.107016 
 -0.224113 -0.122726 0.020312 
 -0.149023 -0.453755 -0.234807 
 -0.226482 0.322877 0.045187 
 0.076103 0.107086 0.163181 
 -0.210008 -0.502772 -0.218347 
 -0.026091 -0.223421 0.147938 
 -0.008227 -0.845821 0.186359 
 -0.334167 0.489744 -0.063153 
 -0.034152 -0.504865 -0.044865 
 -0.329776 -0.268692 -0.019765 
 0.530886 0.356842 -0.176371 
 -0.129109 0.042986 0.048551 
 0.399834 0.122288 -0.069926 
 -0.110789 -0.160077 0.016569 
 0.216759 -0.522592 0.115016 
 -0.384921 0.681858 -0.078722 
 0.253861 -0.578351 0.197977 
 -0.186463 -0.469079 -0.227270 
 0.411334 0.185969 -0.088496 
 -0.143899 0.105402 0.066668 
 0.002190 -0.143719 0.148571 
 0.347432 -0.271852 -0.390773 
 -0.203885 -0.339533 -0.174054 
 0.222340 -0.347279 -0.365985 
 0.305781 0.143354 -0.063175 
 -0.099010 0.100467 0.080634 
 -0.273974 -0.690234 -0.047348 
 -0.044432 -0.138199 0.133947 
 -0.101598 -0.508774 -0.148797 
 0.568010 0.306842 -0.163382 
 0.043391 -0.251550 0.188426 
 0.016654 -0.185741 0.190674 
 -0.174599 -0.735504 0.048326 
 -0.376165 0.725651 -0.044623 
 0.277078 -0.037557 0.088515 
 0.171331 -0.065658 0.104731 
 0.108202 0.649794 0.103288 
 -0.281300 -0.596954 -0.087841 
 0.235457 -0.680607 0.218893 
 0.013417 0.068441 0.134949 
 0.096172 -0.381271 -0.322971 
 -0.332473 0.583941 -0.078487 
 -0.294856 -0.179054 0.008769 
 0.126656 0.329932 0.140889 
 0.368213 0.055618 -0.035485 
 0.172177 -0.587933 0.123013 
 0.645182 0.423025 -0.183908 
 0.475316 0.270898 -0.177626 
 0.025913 0.004268 0.126865 
 0.002650 0.214753 0.123848 
 -0.274434 -0.411807 -0.188313 
 -0.200861 -0.800460 0.107106 
 -0.442973 0.585545 -0.138843 
 0.643126 0.365309 -0.196442 
 0.249715 -0.269804 -0.376714 
 0.407518 0.154910 -0.083257 
 -0.242070 -0.721617 -0.052148 
 -0.190529 -0.747883 0.040360 
 -0.153209 -0.227280 -0.033786 
 -0.102478 -0.523400 -0.152003 
 0.220463 0.131421 -0.047778 
 -0.018216 -0.260273 0.165105 
 -0.078823 -0.830188 0.200228 
 -0.308820 -0.053631 -0.052540 
 -0.132743 -0.673223 -0.006492 
 -0.277514 -0.320316 -0.092470 
 -0.020159 0.008619 0.112863 
 0.241427 -0.180792 -0.364108 
 0.051153 -0.644434 0.117250 
 0.506508 0.440283 -0.227448 
 -0.186115 0.158191 0.061226 
 -0.086148 -0.851309 0.216369 
 0.100383 0.109564 0.136806 
 0.173817 -0.208896 -0.355328 
 -0.093274 -0.614129 -0.051657 
 -0.291673 -0.817192 0.119837 
 -0.183906 -0.239014 -0.045649 
 0.117400 0.601678 0.107227 
 0.202779 0.779703 0.112899 
 -0.186465 -0.181195 -0.013027 
 -0.222327 -0.090212 0.025202 
 -0.098336 -0.745374 0.071994 
 0.298517 -0.326736 -0.406367 
 -0.144686 -0.252228 -0.070199 
 0.038700 -0.067905 0.164269 
 0.472528 0.349183 -0.198031 
 -0.098336 -0.746753 0.071994 
 0.235042 -0.100201 0.098700 
 0.124304 0.817715 0.115867 
 -0.131088 -0.276224 -0.173045 
 -0.297048 0.002849 -0.014745 
 0.075044 0.732315 0.085956 
 -0.062453 -0.613757 0.005222 
 -0.230032 0.261969 0.032519 
 0.128398 0.382490 0.094576 
 0.169976 0.577607 0.144564 
 -0.315217 0.311242 -0.043734 
 0.522509 0.389924 -0.196602 
 -0.114109 -0.240539 -0.057406 
 -0.373537 0.770845 -0.035245 
 -0.362509 0.382470 -0.069611 
 -0.222782 0.346215 -0.006987 
 -0.068399 -0.578371 -0.070420 
 -0.283621 0.113588 -0.013464 
 0.244001 -0.468585 0.157366 
 -0.330911 -0.139965 -0.018734 
 0.013157 -0.379561 -0.315383 
 0.170156 0.577607 0.144564 
 -0.139661 -0.806732 0.184833 
 -0.055787 -0.525112 -0.090932 
 -0.503311 0.831267 -0.067121 
 -0.217881 0.070776 0.023646 
 0.362886 0.240063 -0.119305 
 0.256379 -0.167963 -0.355995 
 0.085189 0.382449 0.126269 
 0.017557 -0.168793 0.195106 
 -0.330492 -0.139280 -0.018734 
 -0.124778 -0.157667 0.011920 
 0.189019 0.057558 0.031292 
 0.245869 0.774352 0.126836 
 0.030843 -0.047240 0.143146 
 -0.216932 0.147765 0.049751 
 0.135227 0.601253 0.103064 
 0.151705 0.033285 0.094745 
 -0.002478 0.054325 0.126740 
 0.168668 -0.111375 0.095848 
 0.044549 -0.410516 -0.322507 
 0.347449 -0.271852 -0.390773 
 -0.199679 -0.523563 -0.207033 
 0.155451 0.739565 0.089912 
 0.108286 0.397488 0.113581 
 0.182822 0.039258 0.048507 
 0.105610 -0.778360 0.168591 
 0.171212 -0.501586 0.103237 
 -0.069735 0.058630 0.128609 
 0.470514 0.217186 -0.120214 
 0.053966 0.732802 0.101629 
 -0.071027 -0.322014 -0.275816 
 -0.120209 -0.002966 0.053722 
 0.095241 0.430453 0.114819 
 0.013918 0.083429 0.138136 
 0.657906 0.460498 -0.149768 
 -0.093251 -0.339180 -0.262112 
 -0.004778 0.166770 0.124462 
 -0.036408 -0.735077 0.152574 
 0.098453 0.881244 0.120356 
 -0.097554 -0.465355 -0.194903 
 -0.156571 -0.200245 -0.006904 
 -0.257692 -0.035062 0.002287 
 0.072426 -0.193565 -0.329869 
 0.127589 -0.301400 -0.342239 
 -0.479217 0.725956 -0.124516 
 0.026455 -0.622803 0.091073 
 0.259852 0.862130 0.170088 
 0.518608 0.282426 -0.161480 
 0.536165 0.465527 -0.212819 
 -0.313596 -0.623990 -0.103551 
 -0.490494 0.783973 -0.071860 
 -0.045331 -0.153854 0.131271 
 -0.296647 -0.210332 0.002573 
 -0.074110 -0.247888 -0.033185 
 0.165132 -0.623013 0.136673 
 -0.504187 0.816192 -0.070185 
 0.026378 -0.425916 -0.320077 
 -0.253107 -0.016588 -0.004519 
 0.055600 -0.250659 -0.346806 
 -0.268617 0.462308 -0.023792 
 0.018537 -0.098860 0.162894 
 0.236386 -0.268649 -0.381104 
 -0.273174 -0.690234 -0.045292 
 -0.283621 0.113611 -0.013064 
 -0.339283 0.721875 -0.055591 
 0.169214 0.723277 0.091355 
 -0.333591 -0.185680 -0.028873 
 -0.103601 -0.403387 -0.255431 
 0.251337 -0.256778 -0.373716 
 0.366940 0.204653 -0.089628 
 -0.288173 -0.672828 -0.047442 
 0.266545 -0.072082 0.112792 
 -0.129220 -0.713599 0.021463 
 -0.410898 0.761071 -0.071725 
 0.590100 0.415418 -0.204298 
 -0.235679 -0.379960 -0.192611 
 -0.222693 -0.619544 -0.072360 
 0.047032 -0.380900 -0.316403 
 0.431113 0.280383 -0.121687 
 0.623106 0.498580 -0.177747 
 -0.027538 -0.541998 -0.027650 
 -0.117291 -0.386605 -0.257659 
 0.073474 0.317678 0.144264 
 0.568689 0.386640 -0.193857 
 -0.285412 0.292366 -0.037666 
 -0.120000 -0.457195 -0.225701 
 0.214149 -0.567333 0.163668 
 0.101010 -0.149445 0.146409 
 0.020245 -0.143799 0.143184 
 0.505301 0.297489 -0.162875 
 0.328780 -0.395864 0.176195 
 -0.127442 -0.408111 -0.230836 
 -0.129827 0.089227 0.068144 
 0.330583 0.054904 -0.013844 
 -0.187994 0.067134 0.032669 
 0.108510 0.301090 0.129460 
 -0.300229 -0.272358 -0.010110 
 -0.214990 -0.599541 -0.088898 
 0.079698 -0.681871 0.119925 
 0.233474 -0.326278 -0.393098 
 0.125146 0.329932 0.141631 
 0.260223 -0.366563 0.136078 
 -0.316053 0.612407 -0.068549 
 0.014328 0.578684 0.115932 
 0.066507 0.449329 0.109821 
 0.114793 0.520250 0.138754 
 -0.254021 -0.117489 0.010978 
 -0.396344 0.759283 -0.067698 
 0.214149 -0.566909 0.164104 
 0.257543 -0.413478 0.126500 
 -0.299733 -0.637461 -0.054893 
 0.108208 -0.015511 0.116877 
 -0.313478 -0.239512 -0.008159 
 -0.062773 -0.613650 0.005222 
 -0.240059 -0.035250 -0.003046 
 -0.238251 0.348020 -0.011259 
 0.036502 -0.807551 0.163103 
 0.187333 0.780301 0.108346 
 0.334237 0.243555 -0.126736 
 -0.200280 -0.730568 -0.027876 
 0.396810 0.173628 -0.096017 
 -0.228257 0.292587 0.038853 
 0.168529 0.562380 0.141426 
 -0.312703 -0.608764 -0.100772 
 0.638297 0.525732 -0.166810 
 -0.316039 0.280708 -0.050745 
 0.095777 -0.668504 0.128190 
 -0.298690 0.032116 0.001039 
 -0.045674 -0.214543 0.108398 
 -0.142300 -0.126886 0.023631 
 -0.284920 -0.293522 -0.066325 
 0.173525 0.813445 0.110013 
 -0.193333 -0.025307 0.014051 
 0.226138 0.790070 0.145149 
 -0.034102 -0.504865 -0.045310 
 -0.216014 0.245767 0.033989 
 0.015860 -0.574139 0.096013 
 -0.408265 0.425856 -0.019296 
 -0.057162 -0.148212 0.116523 
 0.188604 -0.782563 0.298337 
 0.091464 0.758805 0.095413 
 0.040131 0.751221 0.099160 
 0.082907 0.868170 0.112673 
 0.151898 -0.240385 -0.346879 
 -0.067459 -0.175801 0.084093 
 0.168768 0.577607 0.144564 
 -0.128554 -0.408111 -0.229715 
 -0.172343 -0.183099 -0.008378 
 0.146721 0.693120 0.101202 
 0.205350 0.685245 0.119461 
 0.196269 0.528326 0.144609 
 0.237760 -0.517461 0.159400 
 -0.368408 0.710324 -0.067921 
 0.580576 0.369767 -0.192473 
 -0.242215 0.413027 -0.023437 
 -0.370937 0.680070 -0.074157 
 -0.031688 -0.561069 -0.020318 
 -0.284066 -0.295429 -0.066325 
 0.290371 -0.443006 0.177204 
 0.073263 -0.193565 -0.329202 
 -0.106047 -0.030743 0.100075 
 0.113588 0.220027 0.139172 
 -0.099676 -0.257656 -0.055577 
 -0.328978 0.645513 -0.066698 
 0.003388 0.533571 0.081466 
 0.127721 0.863097 0.126367 
 -0.211014 -0.708802 -0.039561 
 -0.091583 -0.781904 0.145824 
 -0.307783 0.629117 -0.084357 
 -0.285175 0.082854 -0.019398 
 0.308218 -0.209604 -0.391943 
 -0.027118 0.302069 0.085161 
 0.299241 -0.493650 0.251756 
 -0.244319 -0.067739 0.000583 
 -0.037195 0.085977 0.144606 
 0.604855 0.321692 -0.182855 
 -0.249659 -0.357873 -0.146787 
 0.050250 -0.662478 0.114026 
 0.017834 -0.294566 -0.344462 
 -0.172043 0.140941 0.064680 
 0.166571 -0.771257 0.258643 
 -0.331212 0.408600 -0.054075 
 0.034657 -0.085134 0.172035 
 -0.179958 -0.700359 -0.026975 
 0.548427 0.320630 -0.143655 
 0.480050 0.366084 -0.215717 
 0.173025 -0.750403 0.241730 
 -0.505939 0.785542 -0.076437 
 -0.227369 0.307907 0.043074 
 -0.128228 -0.144534 0.025107 
 -0.327178 0.484735 -0.038453 
 -0.204010 -0.210188 -0.023013 
 -0.274434 -0.411038 -0.187275 
 0.194990 -0.033458 0.095984 
 0.058997 -0.192535 -0.334308 
 -0.082191 -0.400964 -0.271354 
 -0.285145 0.433796 -0.034083 
 -0.195896 -0.156180 0.023271 
 -0.408478 0.671776 -0.109633 
 -0.074440 -0.034339 0.109434 
 -0.035039 -0.520232 -0.048846 
 -0.033854 -0.689390 0.103859 
 -0.224059 0.022998 0.024213 
 0.497454 0.315341 -0.184924 
 -0.147234 -0.240807 -0.056310 
 0.164463 -0.727764 0.221283 
 -0.283690 0.016434 -0.007467 
 0.125900 -0.836146 0.256045 
 0.590479 0.430440 -0.201324 
 -0.335308 0.662859 -0.087142 
 0.049506 0.269212 0.150497 
 -0.242430 0.166859 0.033245 
 -0.296751 0.146358 -0.011367 
 -0.336488 0.317237 -0.073533 
 0.083058 -0.254136 -0.337556 
 -0.332694 0.708121 -0.078894 
 0.220463 0.131421 -0.046891 
 0.475023 0.285487 -0.174686 
 0.049308 0.255510 0.147322 
 -0.416019 0.685434 -0.087851 
 -0.277129 -0.134632 0.023350 
 -0.267206 0.351629 -0.019780 
 0.040418 0.514007 0.110835 
 0.212423 0.961120 0.150214 
 -0.326346 0.358848 -0.038901 
 0.189559 -0.110093 0.078669 
 -0.132896 -0.536204 -0.164331 
 0.107010 0.774121 0.101974 
 -0.295513 -0.595125 -0.092508 
 0.028255 0.561613 0.118775 
 0.176737 -0.570060 0.116786 
 0.215438 -0.523914 0.115016 
 0.148721 -0.711492 0.160661 
 0.122422 0.537326 0.120452 
 -0.013383 -0.024517 0.131347 
 -0.052339 0.126458 0.100958 
 0.023846 0.485277 0.100754 
 -0.156372 -0.109321 0.022155 
 -0.030713 -0.202304 0.126344 
 -0.386772 0.476708 -0.058760 
 -0.297048 0.002849 -0.015633 
 0.083724 -0.872069 0.269766 
 0.277867 -0.020379 0.091662 
 0.028935 -0.247182 -0.355310 
 0.348298 0.108205 -0.055739 
 0.064740 0.807788 0.095637 
 -0.334729 0.347691 -0.067905 
 0.145819 -0.521987 0.126452 
 0.072032 0.188897 0.154097 
 0.144913 0.662865 0.097058 
 0.222832 -0.052409 0.103038 
 0.282575 0.178143 -0.076179 
 0.052202 -0.309781 -0.358559 
 -0.036696 -0.059911 0.140439 
 0.084349 -0.417981 -0.299123 
 0.027231 -0.425798 -0.320077 
 0.161454 0.442003 0.116319 
 -0.000480 0.581115 0.111338 
 -0.265325 -0.434932 -0.223759 
 -0.341708 -0.204833 -0.011661 
 0.157144 0.874071 0.138615 
 0.174609 -0.688897 0.196670 
 -0.052842 -0.033852 0.093966 
 -0.042380 -0.091500 0.144104 
 -0.047028 -0.200464 0.121646 
 0.058193 -0.343345 -0.340230 
 0.107385 -0.600814 0.121052 
 -0.170261 0.169627 0.070076 
 0.071550 0.671806 0.069917 
 0.280973 -0.436885 0.155160 
 -0.316039 0.281195 -0.050027 
 -0.113100 -0.479069 -0.204446 
 -0.210763 0.194030 0.048859 
 -0.070301 -0.481919 -0.134396 
 -0.408457 0.547209 -0.111347 
 0.108621 0.554353 0.119907 
 -0.070039 -0.578066 -0.070420 
 -0.444393 0.839263 -0.045625 
 -0.293945 -0.283965 -0.033371 
 0.290371 -0.443006 0.178835 
 0.132355 0.062726 0.116775 
 0.009294 0.149563 0.125938 
 -0.161006 -0.768730 0.045860 
 0.414621 0.120531 -0.065185 
 -0.061592 0.077104 0.110897 
 -0.318850 0.567025 -0.077722 
 0.334237 0.242094 -0.126656 
 0.446454 0.250637 -0.133610 
 -0.303694 -0.573172 -0.112674 
 0.641567 0.350880 -0.198777 
 -0.299467 0.307186 -0.039127 
 -0.282652 0.159689 -0.003562 
 -0.154317 -0.286010 -0.203536 
 0.640023 0.511842 -0.180851 
 -0.162435 -0.531214 -0.173521 
 0.144913 0.662865 0.097472 
 0.026632 0.035201 0.132072 
 0.109631 0.819503 0.111451 
 -0.203855 -0.353176 -0.177185 
 0.289333 -0.386134 0.142225 
 -0.386772 0.475368 -0.059971 
 0.250500 -0.240706 -0.370717 
 -0.199479 -0.073209 0.013653 
 -0.135900 -0.485714 -0.236473 
 -0.263573 -0.060383 -0.038628 
 -0.116788 -0.616625 -0.036502 
 -0.244209 0.136046 0.026624 
 -0.015607 0.185329 0.112848 
 -0.294379 0.049579 -0.005765 
 -0.360750 0.412200 -0.063950 
 0.095924 -0.726781 0.163219 
 -0.240681 0.077405 -0.005885 
 -0.242595 0.397800 -0.027311 
 -0.213399 0.116996 0.033357 
 0.236386 -0.268084 -0.380536 
 0.100383 0.108964 0.137340 
 0.067389 0.464596 0.113478 
 0.058921 -0.595280 0.106924 
 -0.207628 -0.122974 0.024980 
 -0.300843 0.213374 -0.023361 
 -0.026029 0.407227 0.127640 
 0.163046 0.397063 0.086406 
 0.132379 -0.067048 0.126540 
 -0.327998 0.134404 -0.023808 
 -0.091867 -0.324212 -0.260447 
 0.132579 0.694908 0.096637 
 -0.013986 -0.557123 0.032043 
 0.251340 -0.240706 -0.370717 
 0.165810 0.531926 0.135149 
 -0.044014 -0.555584 -0.034920 
 0.108305 0.428648 0.119875 
 -0.076230 -0.185828 0.057421 
 0.027686 -0.104105 0.187798 
 0.172809 0.483335 0.150889 
 0.239077 0.911923 0.151471 
 0.039728 -0.359512 -0.337753 
 -0.279030 -0.370446 -0.159148 
 -0.320621 0.152570 -0.040622 
 0.192425 0.718010 0.119834 
 -0.288333 -0.106820 -0.032802 
 -0.005770 0.488887 0.092234 
 0.017834 -0.294797 -0.344462 
 -0.025737 -0.077531 0.152010 
 -0.022630 0.363376 0.098416 
 0.179499 -0.729630 0.225040 
 0.188297 -0.348118 -0.356536 
 0.096681 -0.652428 0.132962 
 -0.520650 0.787758 -0.081014 
 -0.295517 0.511590 -0.020678 
 0.199381 -0.312502 -0.379380 
 -0.145761 -0.277360 -0.177610 
 0.278303 -0.514302 0.195371 
 0.179678 -0.031646 0.091359 
 0.125850 0.081558 0.094971 
 -0.301801 -0.158203 -0.012587 
 0.090348 -0.598969 0.116543 
 0.108920 -0.220542 -0.357121 
 0.023859 -0.066067 0.159204 
 -0.033606 0.284293 0.101878 
 0.149903 -0.270230 -0.352917 
 -0.093367 0.164054 0.083252 
 -0.244931 -0.083165 -0.002596 
 0.049939 -0.646879 0.117250 
 0.222499 -0.604639 0.182085 
 0.019898 -0.658683 0.104583 
 0.137974 -0.750590 0.185080 
 -0.027145 -0.523509 0.091534 
 0.244693 0.942475 0.145801 
 0.257536 0.925626 0.145848 
 -0.456663 0.736117 -0.092193 
 0.125146 0.329932 0.139869 
 0.126051 0.847138 0.123250 
 0.250561 0.090068 -0.000214 
 -0.266827 0.255689 -0.014671 
 0.172313 -0.096392 0.099015 
 -0.311493 -0.635624 -0.059584 
 -0.003796 0.281682 0.111577 
 -0.013827 0.215863 0.119199 
 -0.079652 -0.532040 -0.122969 
 -0.230919 0.246440 0.028847 
 0.078114 0.542726 0.106879 
 -0.176609 0.003686 0.025740 
 0.029799 -0.591590 0.096449 
 -0.249974 0.186789 0.012046 
 -0.066688 -0.273404 -0.219143 
 -0.250630 -0.200324 0.021224 
 0.033875 0.053559 0.116171 
 -0.013361 0.028321 0.095847 
 0.091247 -0.761634 0.166724 
 0.124019 0.663169 0.111761 
 0.057598 0.303845 0.136460 
 0.281009 0.057874 -0.009192 
 0.074558 -0.183380 0.165641 
 0.027996 -0.621480 0.091073 
 0.305672 0.022584 0.006059 
 0.118811 0.064543 0.111242 
 0.298517 -0.326736 -0.407501 
 -0.315205 0.087915 -0.028672 
 -0.136427 -0.511737 -0.195468 
 -0.232825 0.071691 0.019182 
 -0.207694 0.022735 0.018954 
 -0.204717 0.038141 0.020209 
 0.143167 0.379643 0.099170 
 -0.353955 0.723938 -0.060239 
 -0.447094 0.778594 -0.058510 
 0.020801 -0.643180 0.108651 
 -0.270896 0.431854 -0.029488 
 -0.180560 -0.506358 -0.209573 
 0.346141 -0.286321 -0.395014 
 -0.268415 -0.543672 -0.107109 
 0.175857 -0.778164 0.283745 
 -0.300590 0.595492 -0.066922 
 -0.107937 0.149202 0.075427 
 -0.225237 -0.775828 0.081666 
 -0.244756 -0.227583 -0.006669 
 0.171847 -0.677322 0.151797 
 0.091054 0.000130 0.124586 
 0.099327 0.896928 0.123287 
 0.013370 -0.248326 0.178983 
 0.038604 0.386204 0.122615 
 -0.163445 -0.028949 0.023424 
 0.251888 -0.297211 -0.392767 
 -0.075524 -0.185828 0.057421 
 0.016768 -0.185741 0.191882 
 -0.327448 0.135552 -0.023808 
 -0.272073 0.416627 -0.032627 
 -0.083910 0.099146 0.085289 
 0.129546 0.907007 0.135721 
 -0.156510 -0.169431 -0.001033 
 0.130194 -0.787175 0.197720 
 0.166401 0.627542 0.118470 
 0.231235 0.776684 0.122005 
 0.148192 -0.653168 0.123588 
 -0.449719 0.432281 -0.043171 
 0.208938 0.900026 0.137775 
 0.003130 -0.525475 0.099563 
 -0.338794 0.602509 -0.100490 
 -0.068399 -0.579296 -0.070420 
 0.166565 0.627456 0.118470 
 -0.313359 0.258353 -0.110942 
 -0.247837 -0.138298 0.032394 
 -0.254117 -0.117489 0.010082 
 0.313397 -0.219313 -0.416627 
 0.242621 -0.195341 -0.366112 
 -0.327915 0.134404 -0.023808 
 -0.302254 0.595848 -0.066922 
 -0.093251 -0.339180 -0.262131 
 0.041574 0.372570 0.109258 
 0.073263 -0.193565 -0.329918 
 -0.006315 -0.579100 0.053467 
 0.086807 0.670018 0.076707 
 -0.175315 -0.750141 0.045093 
 0.045664 0.825599 0.114790 
 0.063389 -0.564067 0.113357 
 0.040495 -0.565606 0.128652 
 -0.458314 0.825889 -0.053328 
 -0.122247 -0.076969 0.085808 
 -0.089948 -0.708465 0.059045 
 -0.315157 0.296203 -0.046880 
 -0.032762 -0.418062 -0.280762 
 -0.227616 -0.152079 0.013937 
 0.201293 -0.504580 0.113533 
 0.270844 -0.547469 0.209148 
 -0.444466 0.824409 -0.048751 
 -0.296822 0.355239 -0.030432 
 -0.198267 -0.237198 -0.050281 
 -0.331885 0.055356 -0.039644 
 -0.200280 -0.729970 -0.028222 
 0.140139 -0.332513 -0.344600 
 -0.260221 -0.081219 -0.007251 
 -0.033606 0.284293 0.102349 
 -0.390532 0.411129 -0.027850 
 0.127032 -0.656127 0.142565 
 0.295623 0.056093 -0.001929 
 0.069525 -0.431056 -0.306819 
 -0.348200 0.694011 -0.086650 
 -0.079652 -0.532200 -0.120620 
 0.060098 0.838973 0.121903 
 0.003820 -0.656977 0.099861 
 -0.034355 -0.647922 0.065802 
 -0.008046 -0.062392 0.149822 
 -0.467885 0.661782 -0.132401 
 0.648126 0.452305 -0.177960 
 0.025272 -0.261890 -0.358341 
 -0.229607 -0.449899 -0.237847 
 0.064740 0.809740 0.095494 
 0.223406 -0.347279 -0.365985 
 0.155669 -0.810649 0.280435 
 -0.361345 0.270855 -0.068024 
 -0.356733 -0.203000 -0.016340 
 -0.361345 0.270855 -0.065770 
 0.616802 0.398268 -0.198564 
 -0.218563 -0.395000 -0.201042 
 0.242542 -0.411650 0.122087 
 0.123376 0.299278 0.135061 
 -0.110238 -0.139289 0.077704 
 -0.311656 0.146730 -0.016004 
 -0.354829 0.708529 -0.063356 
 0.067479 0.855122 0.104990 
 0.214605 -0.018319 0.093590 
 0.467692 0.318880 -0.193705 
 -0.201109 0.242807 0.037859 
 0.425486 0.301465 -0.153990 
 0.171927 0.467230 0.147861 
 0.400200 0.122288 -0.071786 
 -0.246856 -0.293215 -0.076861 
 -0.332267 0.488477 -0.063153 
 0.316427 -0.346205 0.181443 
 -0.215570 0.101590 0.030182 
 -0.327448 0.134404 -0.022663 
 -0.342543 0.535374 -0.068404 
 -0.326461 0.499962 -0.035315 
 -0.076022 -0.190475 -0.000516 
 0.498294 0.332092 -0.181926 
 0.235540 -0.129087 0.080744 
 -0.163982 -0.685094 -0.016612 
 0.161351 -0.286061 -0.351516 
 0.292513 -0.236073 -0.402977 
 0.044519 -0.771014 0.149224 
 -0.257906 -0.383692 -0.177441 
 -0.096735 -0.177133 0.018043 
 0.159369 -0.792190 0.275420 
 0.017684 0.734451 0.122265 
 0.512406 0.328171 -0.177535 
 -0.168260 -0.816328 0.161513 
 -0.020077 -0.365503 -0.302765 
 -0.101561 0.039263 0.067916 
 0.186299 -0.240033 -0.358134 
 -0.098119 0.116396 0.083713 
 -0.020632 0.153558 0.116624 
 -0.312925 0.467708 -0.036167 
 -0.170261 0.171794 0.069220 
 0.153649 0.814523 0.126144 
 0.049466 0.011526 0.159651 
 0.470514 0.217540 -0.120498 
 0.050663 -0.809417 0.167410 
 -0.114785 -0.096167 0.106826 
 0.030340 -0.575984 0.100722 
 -0.228376 0.149631 0.035488 
 0.011079 0.037030 0.128573 
 -0.019005 -0.530623 0.058388 
 -0.023224 -0.843946 0.181571 
 0.008541 -0.064229 0.155358 
 -0.282819 -0.639299 -0.048957 
 0.065959 -0.311231 -0.354120 
 -0.232261 -0.084989 0.002059 
 0.005478 -0.788033 0.156373 
 0.077914 -0.550681 0.121283 
 0.023014 -0.775047 0.164390 
 -0.342663 -0.220144 -0.014857 
 0.022298 0.148088 0.130593 
 -0.174595 0.049906 0.034603 
 -0.100972 -0.645294 0.009298 
 0.236038 0.866660 0.140662 
 -0.316892 0.567025 -0.077722 
 0.116523 0.018442 0.102637 
 0.026972 -0.104105 0.187798 
 0.014820 0.734451 0.121053 
 0.219429 -0.212107 -0.354545 
 -0.042103 -0.624437 0.044912 
 0.045541 0.610654 0.085851 
 0.098250 0.063344 0.127814 
 0.027789 0.307760 0.127496 
 -0.094240 -0.828305 0.195236 
 -0.156510 -0.169431 -0.002350 
 -0.228916 0.396000 -0.021980 
 -0.357678 0.617772 -0.082063 
 -0.068650 -0.086134 0.124028 
 -0.047391 -0.491663 -0.104315 
 -0.019583 -0.546169 0.055184 
 0.188868 -0.573003 0.130919 
 -0.334167 0.488477 -0.063173 
 -0.041735 -0.091500 0.143920 
 0.173464 -0.646029 0.160280 
 0.159557 0.565918 0.116254 
 0.043367 -0.593435 0.102215 
 -0.025630 -0.653278 0.089957 
 0.540433 0.403835 -0.199607 
 0.145786 0.677992 0.098731 
 -0.042722 0.030383 0.086536 
 0.092150 -0.568719 0.122776 
 0.276447 0.016412 0.051867 
 0.099493 0.094157 0.135860 
 0.122262 -0.032739 0.118682 
 -0.393263 0.639818 -0.112747 
 -0.331412 0.614196 -0.072934 
 -0.116942 -0.547741 -0.115519 
 -0.315910 -0.141912 -0.014066 
 -0.318824 0.391573 -0.052688 
 0.164844 -0.623800 0.136673 
 0.119062 0.726570 0.098307 
 0.329715 0.040474 -0.016941 
 0.280185 -0.421378 0.156105 
 -0.060329 0.230698 0.060117 
 0.264132 0.127160 -0.034340 
 -0.149203 -0.030770 0.028025 
 -0.288731 -0.574996 -0.108383 
 0.208072 -0.483950 0.096575 
 0.205350 0.685901 0.119461 
 0.123376 0.299123 0.134571 
 0.024257 0.148088 0.129162 
 0.165132 -0.623800 0.134216 
 -0.259153 0.136743 0.022585 
 0.157057 0.363417 0.100627 
 -0.032030 -0.186738 0.128849 
 -0.330726 0.072937 -0.036477 
 0.034548 -0.660676 0.109304 
 -0.185511 -0.661012 -0.044996 
 -0.082121 -0.452016 -0.189081 
 -0.241646 -0.304593 -0.099855 
 -0.263246 -0.340802 -0.148248 
 -0.025630 -0.653278 0.090683 
 0.059498 0.718976 0.077183 
 0.105722 0.202196 0.156392 
 0.184464 0.934532 0.124381 
 -0.070301 -0.481639 -0.133398 
 -0.148046 0.000043 0.034375 
 0.310420 0.174062 -0.067181 
 0.629964 0.381976 -0.197183 
 -0.046150 -0.068855 0.112400 
 0.011898 0.294210 0.119381 
 -0.505247 0.785766 -0.076437 
 0.042205 0.675382 0.062463 
 -0.491167 0.783973 -0.071860 
 -0.314711 0.169276 -0.046343 
 0.014328 0.578684 0.116937 
 -0.202415 0.099768 0.034831 
 0.019898 -0.658827 0.104429 
 0.478347 0.183206 -0.101523 
 -0.467885 0.663822 -0.132140 
 -0.309175 -0.068997 -0.055583 
 0.173484 -0.646029 0.158246 
 -0.038043 0.207459 0.085324 
 0.136356 0.770544 0.113482 
 -0.441231 0.614878 -0.132624 
 0.175132 0.674416 0.107687 
 -0.038686 -0.323293 -0.276912 
 -0.314769 0.101854 -0.025505 
 0.276268 -0.221890 -0.394493 
 0.328780 -0.396600 0.176534 
 0.047789 -0.149239 0.162663 
 -0.303588 -0.189543 -0.018962 
 0.027996 -0.622803 0.091156 
 -0.144686 -0.251799 -0.069435 
 0.164231 -0.639393 0.133457 
 -0.285396 0.082131 -0.019398 
 -0.382695 0.607859 -0.114711 
 -0.491228 0.782900 -0.071860 
 0.183768 -0.282165 -0.367167 
 -0.033772 0.268926 0.099136 
 0.075379 -0.221014 -0.345942 
 -0.132367 -0.240641 -0.051561 
 0.207914 -0.081251 0.091132 
 0.127764 -0.286712 -0.340321 
 -0.013383 -0.025860 0.131347 
 -0.238131 0.040501 0.022840 
 -0.190663 0.020913 0.023434 
 -0.268637 -0.657053 -0.048714 
 0.290791 0.145119 -0.067604 
 -0.288601 0.642184 -0.087867 
 0.121210 0.365775 0.111895 
 -0.140577 -0.269234 -0.140277 
 -0.100719 -0.494176 -0.145726 
 -0.083304 -0.788846 0.172230 
 -0.416310 0.481738 -0.069161 
 0.058193 -0.344902 -0.339720 
 -0.194110 -0.124802 0.029729 
 0.046100 0.111564 0.153846 
 -0.296939 0.018255 -0.012116 
 -0.087689 -0.002145 0.111146 
 -0.073690 -0.247888 -0.033185 
 0.309910 -0.468734 0.214439 
 -0.357291 0.331923 -0.054408 
 0.137855 0.646209 0.111855 
 0.002229 -0.539302 0.097736 
 0.270911 0.143616 -0.051677 
 -0.257906 -0.382176 -0.177441 
 0.564269 0.462116 -0.204085 
 0.060573 0.609671 0.080180 
 -0.311810 -0.592398 -0.097175 
 0.103682 -0.632027 0.114621 
 -0.026050 -0.890790 0.230539 
 0.189543 -0.632561 0.166192 
 0.151902 0.783884 0.119900 
 -0.047045 -0.084595 0.107908 
 -0.035355 -0.867687 0.208080 
 0.222832 -0.052467 0.102075 
 0.250339 -0.668208 0.236956 
 0.146660 0.693636 0.101202 
 -0.200861 -0.800460 0.108822 
 -0.114729 -0.659514 0.001403 
 -0.070445 -0.117226 0.118472 
 -0.228452 0.118818 0.028708 
 0.001116 0.214639 0.123848 
 0.342156 -0.455644 0.295984 
 0.128672 0.893351 0.133956 
 -0.326906 0.218595 -0.042612 
 -0.116949 -0.660581 0.001403 
 -0.152935 -0.071764 0.076450 
 -0.034268 0.026979 0.111384 
 -0.119318 0.010233 0.056196 
 -0.228257 0.292540 0.038547 
 0.008615 -0.756461 0.164719 
 0.106570 -0.852276 0.257896 
 0.052401 -0.045788 0.126636 
 -0.118713 -0.847535 0.207134 
 -0.276766 0.092760 0.008410 
 0.083660 0.079691 0.126340 
 -0.312925 0.467708 -0.036732 
 -0.327894 0.499962 -0.035315 
 0.212313 -0.582515 0.160451 
 0.127589 -0.301017 -0.343349 
 -0.299731 -0.012558 -0.018467 
 -0.099263 -0.465355 -0.196764 
 0.178233 -0.048129 0.088200 
 0.102463 -0.119070 0.152801 
 -0.312925 0.466927 -0.036996 
 0.061194 -0.182212 0.160944 
 0.679449 0.505910 -0.157357 
 0.155791 0.739791 0.089912 
 0.041015 -0.234212 -0.347840 
 -0.142231 -0.171252 0.004096 
 0.108286 0.399775 0.113581 
 -0.142117 0.137294 0.074383 
 -0.363871 -0.182024 -0.037631 
 -0.099706 -0.098328 0.112061 
 0.639130 0.540161 -0.164988 
 0.635282 0.468017 -0.179340 
 0.202445 0.962885 0.135266 
 -0.157971 0.123691 0.067523 
 -0.264491 0.045426 0.003738 
 0.644708 0.478675 -0.151017 
 0.280679 -0.348833 0.192381 
 0.229596 0.850579 0.158321 
 -0.438617 0.660256 -0.122318 
 -0.061480 -0.742612 0.119208 
 0.051814 -0.810666 0.167410 
 0.073933 0.821715 0.123944 
 0.017594 -0.014394 0.143470 
 -0.239406 -0.499186 -0.228013 
 -0.021745 0.378703 0.102186 
 0.137562 -0.573073 0.136904 
 0.078345 -0.534699 0.124500 
 -0.318589 -0.187399 -0.023630 
 0.199948 0.947818 0.132501 
 0.009294 0.150433 0.125938 
 -0.274382 -0.603494 -0.063484 
 0.217744 -0.241284 -0.359611 
 0.054906 0.144441 0.139903 
 -0.019479 -0.260273 0.166315 
 -0.226947 0.410984 -0.018842 
 0.044579 -0.149239 0.162663 
 0.119829 -0.854661 0.262702 
 -0.101598 -0.508849 -0.148865 
 -0.304508 0.359318 -0.054370 
 0.088242 -0.237438 -0.344314 
 -0.015607 0.185761 0.114458 
 -0.176865 -0.809315 0.136964 
 0.100895 0.668548 0.081271 
 0.156178 0.349200 0.097790 
 0.215050 -0.551303 0.166775 
 0.071550 0.671286 0.072142 
 0.185348 -0.082841 0.105644 
 0.200398 -0.521265 0.110337 
 0.080734 -0.312969 -0.350695 
 -0.411696 0.611426 -0.123519 
 0.078604 0.063660 0.133316 
 -0.224742 0.233943 0.006082 
 -0.271378 0.065671 -0.017547 
 0.098881 -0.180458 0.140817 
 0.100532 0.522055 0.134276 
 0.235606 -0.726235 0.267476 
 0.161335 -0.177762 -0.354907 
 0.134553 0.490375 0.116544 
 -0.147318 -0.097408 0.050024 
 -0.034753 -0.705133 0.100626 
 0.014565 -0.378294 -0.315383 
 -0.209354 -0.277563 -0.083480 
 -0.217881 0.071689 0.023831 
 0.155298 0.333973 0.093658 
 0.205700 -0.140775 0.068351 
 0.550315 0.358752 -0.193830 
 -0.215343 0.275357 0.040323 
 -0.050393 -0.661184 0.057876 
 0.197480 -0.670202 0.184560 
 0.014086 -0.394389 -0.318439 
 -0.297898 -0.637461 -0.054939 
 0.595098 0.459768 -0.205774 
 -0.165989 -0.015150 0.036996 
 -0.188176 -0.196672 -0.016203 
 -0.155980 -0.622262 -0.073457 
 -0.262156 -0.256085 -0.017711 
 0.291302 0.145119 -0.067389 
 0.015597 -0.310175 -0.347502 
 -0.060593 -0.449583 -0.204380 
 -0.155620 -0.156379 0.002622 
 0.042205 0.675693 0.063012 
 -0.101869 -0.661749 0.006094 
 0.069554 0.746177 0.108534 
 -0.148490 -0.030770 0.028025 
 -0.395493 0.654905 -0.109637 
 -0.020632 0.153558 0.114759 
 0.126877 -0.540234 0.138628 
 -0.271255 0.417023 -0.032627 
 0.237013 -0.680607 0.216952 
 0.290006 -0.279479 -0.410159 
 0.101891 0.140378 0.143691 
 0.530886 0.355976 -0.177499 
 -0.008283 0.361565 0.102422 
 0.203084 -0.474890 0.119925 
 -0.459177 0.825889 -0.053234 
 -0.169201 -0.275295 -0.105628 
 -0.324936 -0.175653 -0.000051 
 0.261247 -0.329718 -0.384409 
 -0.059230 -0.814919 0.198389 
 -0.226596 0.180445 0.041220 
 0.459587 0.350901 -0.201670 
 0.043299 -0.624648 0.095782 
 -0.014933 -0.415094 -0.286200 
 0.079174 0.032807 0.126957 
 0.070676 0.656679 0.070499 
 -0.070445 -0.117226 0.119686 
 0.619302 0.440707 -0.189642 
 0.155993 -0.079208 0.097545 
 0.383302 0.189411 -0.097433 
 0.395219 0.252445 -0.116067 
 0.127353 -0.301400 -0.343349 
 -0.074118 -0.034409 0.109434 
 0.110892 -0.507176 0.139654 
 -0.378359 0.493862 -0.076474 
 0.285450 -0.357596 0.168889 
 0.134608 0.740290 0.105959 
 0.164351 -0.521582 0.121742 
 0.340554 -0.237153 -0.410769 
 -0.242878 -0.678348 -0.032485 
 0.039673 0.660255 0.059894 
 0.079602 -0.681871 0.120244 
 -0.296158 0.018929 -0.012116 
 -0.025157 -0.223652 0.147938 
 0.092558 0.235470 0.158094 
 0.116441 0.681569 0.087056 
 -0.136091 -0.485714 -0.236473 
 0.174572 0.513031 0.156286 
 -0.121102 0.182647 0.077129 
 0.043391 -0.252478 0.188426 
 -0.034292 -0.867687 0.206530 
 -0.147612 -0.015364 0.029836 
 0.022273 -0.849572 0.197091 
 0.643959 0.379918 -0.192829 
 -0.328674 0.187177 -0.048922 
 -0.145761 -0.276443 -0.177610 
 0.088843 0.715400 0.085975 
 0.189143 -0.333470 -0.351756 
 -0.281846 0.144399 -0.006730 
 0.215050 -0.551303 0.167065 
 0.009294 0.149911 0.125518 
 -0.199334 0.273541 0.044622 
 -0.140580 -0.822658 0.181507 
 -0.097534 -0.299470 -0.234387 
 0.234153 0.114640 -0.045645 
 -0.370375 0.694311 -0.071039 
 0.251274 -0.433219 0.143550 
 -0.311687 -0.208499 -0.001627 
 -0.425529 0.762859 -0.076827 
 0.183258 0.559964 0.146021 
 -0.285036 -0.768364 0.062971 
 -0.130889 0.013230 0.042200 
 0.155396 0.843698 0.132379 
 0.054772 0.747970 0.103737 
 -0.368353 0.606076 -0.109860 
 -0.250910 -0.583390 -0.075319 
 -0.186123 0.067134 0.033129 
 0.146811 -0.129498 0.108306 
 -0.012487 -0.010728 0.134935 
 -0.461678 0.780387 -0.062706 
 0.093216 -0.668074 0.128190 
 0.056711 0.288761 0.132209 
 0.484183 0.331709 -0.185713 
 -0.285013 -0.129299 -0.000898 
 -0.129109 0.044442 0.048273 
 -0.004778 0.167162 0.124730 
 -0.343559 -0.234527 -0.018053 
 0.169302 -0.771257 0.258643 
 -0.338550 -0.173820 -0.005269 
 -0.274772 0.355718 -0.045848 
 -0.423465 0.499248 -0.090650 
 0.013417 0.068428 0.134949 
 0.081160 0.837736 0.106437 
 0.112760 -0.636841 0.139361 
 -0.241795 -0.165928 0.006082 
 -0.334167 0.489434 -0.063153 
 -0.296211 0.002849 -0.015291 
 0.054131 0.747970 0.103737 
 -0.211799 -0.502772 -0.218347 
 -0.201158 0.099768 0.036070 
 -0.227987 -0.054135 0.008418 
 -0.200370 -0.088636 0.010514 
 0.217330 -0.241284 -0.359378 
 -0.195819 0.192209 0.054169 
 0.072423 0.688034 0.075260 
 -0.299361 0.100038 -0.020868 
 0.091483 0.760782 0.095413 
 0.109266 -0.316133 -0.340805 
 0.092802 0.791036 0.101649 
 -0.159769 -0.709909 0.012045 
 -0.203885 -0.337769 -0.174054 
 0.204411 -0.784446 0.303142 
 0.067171 -0.047617 0.131104 
 0.085450 0.367647 0.123115 
 0.475418 0.349183 -0.198031 
 0.139313 -0.347201 -0.347998 
 -0.179510 -0.839986 0.187863 
 0.071950 0.173470 0.150917 
 -0.179506 -0.348734 -0.202328 
 -0.005217 0.610612 0.138103 
 0.001139 -0.199537 0.183935 
 -0.173825 0.108629 0.057358 
 -0.170694 -0.314475 -0.215926 
 0.089183 0.331845 0.152068 
 0.195824 0.624561 0.127624 
 -0.002478 0.054325 0.127789 
 0.175505 -0.180387 -0.350499 
 -0.316053 0.612407 -0.068751 
 -0.107490 0.067123 0.095278 
 -0.114109 -0.240539 -0.056652 
 -0.018478 -0.506681 -0.040673 
 -0.034493 0.268946 0.099136 
 0.100383 0.109111 0.137340 
 0.249010 -0.684890 0.233711 
 0.265081 -0.378391 0.114647 
 0.022853 0.373901 0.114831 
 0.093301 -0.344125 -0.352960 
 -0.238472 0.331841 -0.014406 
 0.510864 0.313721 -0.180534 
 0.212822 0.915902 0.130587 
 0.451380 0.149652 -0.070909 
 0.179002 0.075747 0.019664 
 0.430264 0.266527 -0.125003 
 -0.239730 0.332753 -0.014406 
 -0.006879 0.375933 0.105581 
 -0.313875 -0.651117 -0.062788 
 -0.110418 -0.519181 -0.176405 
 -0.287747 0.179507 -0.025054 
 -0.330998 0.073792 -0.036477 
 -0.108363 -0.108276 0.084095 
 -0.316980 0.057055 -0.035007 
 0.124261 0.313866 0.137730 
 0.073507 -0.849960 0.190364 
 -0.310132 0.513390 -0.027581 
 -0.181959 -0.506358 -0.209194 
 0.188205 0.798480 0.111456 
 -0.317635 0.280708 -0.050027 
 0.121797 -0.332894 -0.339398 
 -0.204900 -0.225594 -0.027376 
 0.634964 0.468695 -0.179340 
 -0.061480 -0.742139 0.117280 
 0.017929 -0.098860 0.162894 
 0.078859 0.350694 0.130172 
 0.116018 -0.166784 0.147893 
 -0.297701 -0.610592 -0.095605 
 0.205599 -0.692615 0.204788 
 0.069851 -0.001590 0.140867 
 -0.186214 0.097947 0.040961 
 -0.350172 0.319037 -0.077570 
 -0.460053 0.812000 -0.056454 
 -0.263340 -0.356069 -0.152327 
 -0.316053 0.612407 -0.069808 
 0.331530 0.192129 -0.080101 
 -0.216375 0.161838 0.052931 
 0.187896 -0.663525 0.159743 
 0.214087 0.837240 0.150354 
 0.172871 -0.585758 0.123013 
 0.086521 0.285128 0.144298 
 0.156178 0.349200 0.096799 
 -0.264491 0.045426 0.004212 
 -0.031063 -0.304274 -0.292849 
 -0.283798 0.479335 -0.024668 
 0.630249 0.395873 -0.194210 
 0.014954 -0.810825 0.179333 
 -0.247048 -0.137375 0.032394 
 0.431603 0.266527 -0.124719 
 0.068037 -0.794254 0.175427 
 0.175092 -0.688897 0.196024 
 0.131915 0.441855 0.107129 
 0.229177 0.944107 0.141254 
 0.347056 -0.286321 -0.393755 
 -0.010108 -0.596296 0.060229 
 -0.350814 0.649826 -0.095979 
 -0.431266 0.852145 -0.027823 
 -0.058958 -0.182700 0.110115 
 0.081704 -0.220728 0.186566 
 -0.112833 -0.025677 0.075297 
 0.130419 0.923606 0.136707 
 0.299348 -0.376692 0.170372 
 -0.241122 -0.678348 -0.032689 
 0.250339 -0.669144 0.240344 
 -0.460158 0.675671 -0.103647 
 0.412028 0.185969 -0.089068 
 0.022755 0.373268 0.114831 
 0.188673 -0.125322 0.077031 
 0.095940 -0.238179 0.185724 
 -0.283778 0.322900 -0.030603 
 -0.259664 -0.412838 -0.185123 
 -0.067673 -0.402589 -0.266181 
 0.130005 -0.393584 -0.279587 
 -0.254474 0.237284 -0.002617 
 -0.401208 0.803550 -0.036977 
 -0.240856 -0.304050 -0.099855 
 -0.148090 -0.842774 0.197499 
 0.159054 0.484302 0.146282 
 -0.473947 0.677460 -0.109229 
 -0.147685 -0.628566 -0.049024 
 0.130166 0.001132 0.104107 
 -0.202010 -0.483092 -0.234085 
 -0.264449 -0.419764 -0.220673 
 0.647292 0.437454 -0.180560 
 0.642293 0.350880 -0.196879 
 -0.402336 0.803550 -0.038147 
 -0.156510 -0.169431 -0.000706 
 0.263165 -0.510018 0.192227 
 0.221859 -0.052409 0.102075 
 0.045387 0.840954 0.117916 
 0.037662 -0.850942 0.200722 
 0.241309 -0.037245 0.099673 
 -0.316039 0.278365 -0.050027 
 0.009810 0.487082 0.097065 
 -0.106476 -0.201996 -0.012957 
 -0.156077 -0.109533 0.022155 
 -0.039547 -0.338201 -0.278692 
 0.149222 0.503271 0.124277 
 0.070928 0.173470 0.150872 
 0.626047 0.515226 -0.185199 
 -0.136377 -0.485714 -0.237348 
 0.001116 0.214838 0.123848 
 -0.355173 0.377725 -0.043626 
 0.212822 0.915902 0.130067 
 0.125128 -0.524627 0.142426 
 -0.164207 0.016298 0.042936 
 -0.209166 -0.037068 0.006253 
 -0.132896 -0.534361 -0.164331 
 0.257543 -0.413478 0.125982 
 0.276268 -0.221890 -0.392677 
 0.594767 0.459768 -0.207071 
 0.204586 -0.111904 0.084815 
 0.006176 -0.772247 0.159626 
 0.068168 -0.203277 0.182627 
 -0.180840 -0.424371 -0.217917 
 -0.038366 -0.826204 0.180868 
 0.157384 -0.660139 0.150300 
 -0.335044 0.473289 -0.065103 
 0.079412 0.807952 0.101577 
 -0.011014 0.059175 0.102181 
 0.113999 0.894261 0.128038 
 -0.012796 0.028714 0.095847 
 -0.007105 -0.754595 0.158116 
 0.530980 0.356842 -0.177499 
 -0.357483 0.204995 -0.055005 
 -0.231314 0.118818 0.028708 
 -0.199954 -0.452838 -0.228718 
 0.077914 -0.552179 0.121283 
 -0.116124 0.071940 0.069619 
 -0.032330 0.156769 0.102058 
 -0.297898 -0.637461 -0.056246 
 -0.072378 -0.321840 -0.275816 
 0.155234 -0.320376 -0.337511 
 -0.288173 -0.672828 -0.048470 
 -0.314728 0.016351 -0.006795 
 0.028855 -0.502364 0.136830 
 -0.077486 0.063466 0.104090 
 -0.071587 -0.512374 -0.139675 
 0.107456 0.127826 0.119372 
 0.109266 -0.316447 -0.341367 
 -0.000209 -0.808954 0.173009 
 0.060028 -0.066413 0.148813 
 -0.143899 0.107032 0.066668 
 0.575650 0.417810 -0.208652 
 0.507988 0.232482 -0.141105 
 -0.327161 0.659578 -0.063580 
 0.421284 0.153157 -0.079858 
 -0.215127 0.260918 0.037156 
 -0.323473 0.262927 -0.033148 
 -0.001334 -0.432425 -0.284774 
 0.155538 -0.080337 0.097545 
 0.207080 -0.065924 0.094701 
 -0.170658 -0.372451 -0.238265 
 -0.467885 0.663822 -0.132035 
 -0.091814 -0.203813 -0.007657 
 0.071819 0.189876 0.154097 
 0.390681 0.221804 -0.111622 
 -0.133210 -0.116648 0.050412 
 0.204719 -0.634082 0.170346 
 0.520503 0.439059 -0.223094 
 -0.094279 -0.271231 -0.078691 
 -0.118173 -0.617065 -0.036502 
 0.151944 0.428735 0.088083 
 0.011109 0.277768 0.116214 
 -0.119318 0.010233 0.056659 
 -0.053681 -0.620226 0.029781 
 0.208329 -0.035270 0.100609 
 0.534443 0.309856 -0.151064 
 -0.007436 -0.077625 0.146618 
 -0.109893 -0.122742 0.080900 
 0.246088 0.111384 -0.031761 
 0.236938 0.866660 0.140662 
 0.215897 -0.270461 -0.365391 
 -0.120209 -0.006040 0.053722 
 -0.077161 0.162232 0.087385 
 0.074849 0.717188 0.081495 
 -0.030550 0.187582 0.108376 
 -0.328411 0.439054 -0.047868 
 -0.326815 0.482710 -0.038453 
 0.080358 -0.534699 0.124500 
 -0.078050 0.146826 0.084942 
 0.069554 0.744397 0.108314 
 0.437032 0.151405 -0.075384 
 -0.235978 -0.380740 -0.192611 
 -0.005361 0.504154 0.095605 
 -0.109365 -0.640257 -0.015208 
 -0.199334 0.273819 0.044960 
 -0.200222 0.258174 0.041291 
 -0.363629 0.492067 -0.072650 
 0.218125 -0.476072 0.124147 
 0.167471 0.692745 0.084659 
 0.060701 -0.757030 0.156864 
 -0.406709 0.577755 -0.104020 
 0.477001 0.299741 -0.171680 
 -0.308947 -0.282328 -0.038089 
 -0.382695 0.605979 -0.114413 
 0.157313 -0.048184 0.103879 
 0.322053 -0.443628 0.245885 
 0.108298 -0.731122 0.177966 
 -0.295697 -0.333866 -0.100274 
 0.065619 -0.325939 -0.357709 
 -0.201969 0.144588 0.053234 
 0.497685 0.380029 -0.218661 
 0.221946 -0.067735 0.099687 
 0.150190 0.399173 0.081823 
 0.240646 -0.617590 0.231858 
 -0.074201 -0.283396 0.154651 
 0.248395 -0.574002 0.168029 
 0.253368 -0.542366 0.168616 
 -0.188501 0.055448 0.135268 
 0.354334 0.231671 -0.015070 
 0.313558 -0.277669 -0.303772 
 -0.106591 -0.775822 -0.064570 
 0.341740 -0.537304 0.231427 
 0.136109 -0.448496 -0.321846 
 0.321451 -0.312128 -0.289360 
 -0.403673 -0.110385 0.084366 
 0.011491 -0.331478 -0.288005 
 -0.063886 -0.018352 0.176644 
 -0.192020 -0.489058 -0.179945 
 0.709751 0.560916 -0.063368 
 -0.028878 -0.751681 -0.010935 
 -0.411825 0.714244 -0.194063 
 -0.262131 -0.050190 0.086446 
 -0.257062 0.177934 0.033279 
 -0.352191 0.684290 -0.153116 
 -0.362550 -0.324221 0.085993 
 -0.315676 -0.155209 0.090960 
 0.284142 -0.424347 -0.249155 
 -0.346877 -0.068663 0.080186 
 -0.152948 -0.418917 -0.165381 
 