-0.170706 0.857598 -0.007055
-0.187670 0.857598 -0.007055
-0.141814 0.844090 -0.041620
-0.158712 0.844090 -0.041620
-0.172341 0.841785 -0.018577
-0.192509 0.844090 -0.041620
-0.209408 0.844090 -0.041620
-0.226306 0.844090 -0.041620
-0.124916 0.827191 -0.041620
-0.141814 0.827191 -0.041620
-0.158712 0.827191 -0.041620
-0.175611 0.827191 -0.041620
-0.195736 0.829540 -0.064664
-0.212590 0.829540 -0.064664
-0.229445 0.829540 -0.064664
-0.254035 0.835410 -0.122272
-0.270780 0.835410 -0.122272
-0.287525 0.835410 -0.122272
-0.307233 0.837758 -0.145315
-0.325393 0.838932 -0.156837
-0.340634 0.837758 -0.145315
-0.357335 0.837758 -0.145315
-0.374036 0.837758 -0.145315
-0.390737 0.837758 -0.145315
-0.108017 0.810293 -0.041620
-0.124916 0.810293 -0.041620
-0.145172 0.812685 -0.064664
-0.162026 0.812685 -0.064664
-0.178881 0.812685 -0.064664
-0.200575 0.816273 -0.099228
-0.217363 0.816273 -0.099228
-0.237290 0.818665 -0.122272
-0.254035 0.818665 -0.122272
-0.273831 0.821057 -0.145315
-0.290532 0.821057 -0.145315
-0.308714 0.822253 -0.156837
-0.325393 0.822253 -0.156837
-0.340634 0.821057 -0.145315
-0.358751 0.822253 -0.156837
-0.375430 0.822253 -0.156837
-0.397596 0.827038 -0.202924
-0.414187 0.827038 -0.202924
-0.091119 0.793394 -0.041620
-0.108017 0.793394 -0.041620
-0.128317 0.795830 -0.064664
-0.145172 0.795830 -0.064664
-0.162026 0.795830 -0.064664
-0.178881 0.795830 -0.064664
-0.200575 0.799484 -0.099228
-0.220546 0.801920 -0.122272
-0.237290 0.801920 -0.122272
-0.257130 0.804356 -0.145315
-0.273831 0.804356 -0.145315
-0.290532 0.804356 -0.145315
-0.308714 0.805574 -0.156837
-0.328312 0.808010 -0.179880
-0.344947 0.808010 -0.179880
-0.361582 0.808010 -0.179880
-0.381004 0.810447 -0.202924
-0.397596 0.810447 -0.202924
-0.414187 0.810447 -0.202924
-0.430778 0.810447 -0.202924
-0.447369 0.810447 -0.202924
-0.463960 0.810447 -0.202924
-0.480552 0.810447 -0.202924
-0.497143 0.810447 -0.202924
-0.070687 0.774016 -0.018577
-0.087629 0.774016 -0.018577
-0.108017 0.776496 -0.041620
-0.128317 0.778976 -0.064664
-0.145172 0.778976 -0.064664
-0.163683 0.780216 -0.076185
-0.180516 0.780216 -0.076185
-0.200575 0.782696 -0.099228
-0.220546 0.785176 -0.122272
-0.240429 0.787655 -0.145315
-0.257130 0.787655 -0.145315
-0.275356 0.788895 -0.156837
-0.292035 0.788895 -0.156837
-0.311677 0.791375 -0.179880
-0.328312 0.791375 -0.179880
-0.344947 0.791375 -0.179880
-0.364413 0.793855 -0.202924
-0.382398 0.795095 -0.214445
-0.398967 0.795095 -0.214445
-0.414187 0.793855 -0.202924
-0.430778 0.793855 -0.202924
-0.447369 0.793855 -0.202924
-0.463960 0.793855 -0.202924
-0.480552 0.793855 -0.202924
-0.497143 0.793855 -0.202924
-0.513734 0.793855 -0.202924
-0.057322 0.759597 -0.041620
-0.074220 0.759597 -0.041620
-0.091119 0.759597 -0.041620
-0.111463 0.762121 -0.064664
-0.128317 0.762121 -0.064664
-0.146851 0.763383 -0.076185
-0.166997 0.765907 -0.099228
-0.183786 0.765907 -0.099228
-0.203801 0.768431 -0.122272
-0.223728 0.770955 -0.145315
-0.240429 0.770955 -0.145315
-0.258677 0.772216 -0.156837
-0.278406 0.774740 -0.179880
-0.295041 0.774740 -0.179880
-0.314639 0.777264 -0.202924
-0.331231 0.777264 -0.202924
-0.347822 0.777264 -0.202924
-0.365829 0.778526 -0.214445
-0.382398 0.778526 -0.214445
-0.398967 0.778526 -0.214445
-0.415536 0.778526 -0.214445
-0.432106 0.778526 -0.214445
-0.447369 0.777264 -0.202924
-0.463960 0.777264 -0.202924
-0.480552 0.777264 -0.202924
-0.497143 0.777264 -0.202924
-0.513734 0.777264 -0.202924
-0.530325 0.777264 -0.202924
-0.546917 0.777264 -0.202924
-0.012189 0.746551 -0.076185
-0.027190 0.745267 -0.064664
-0.045855 0.746551 -0.076185
-0.062687 0.746551 -0.076185
-0.079520 0.746551 -0.076185
-0.094608 0.745267 -0.064664
-0.113185 0.746551 -0.076185
-0.133420 0.749118 -0.099228
-0.150208 0.749118 -0.099228
-0.173625 0.754254 -0.145315
-0.190326 0.754254 -0.145315
-0.207027 0.754254 -0.145315
-0.223728 0.754254 -0.145315
-0.241998 0.755537 -0.156837
-0.258677 0.755537 -0.156837
-0.278406 0.758105 -0.179880
-0.299551 0.761957 -0.214445
-0.316121 0.761957 -0.214445
-0.332690 0.761957 -0.214445
-0.349259 0.761957 -0.214445
-0.365829 0.761957 -0.214445
-0.385185 0.764524 -0.237489
-0.401710 0.764524 -0.237489
-0.418236 0.764524 -0.237489
-0.434761 0.764524 -0.237489
-0.451287 0.764524 -0.237489
-0.465244 0.761957 -0.214445
-0.480552 0.760673 -0.202924
-0.497143 0.760673 -0.202924
-0.514952 0.761957 -0.214445
-0.530325 0.760673 -0.202924
-0.546917 0.760673 -0.202924
-0.002862 0.734941 -0.122272
-0.015898 0.732329 -0.099228
-0.032687 0.732329 -0.099228
-0.049476 0.732329 -0.099228
-0.069842 0.734941 -0.122272
-0.090120 0.737553 -0.145315
-0.106821 0.737553 -0.145315
-0.123522 0.737553 -0.145315
-0.141924 0.738858 -0.156837
-0.158603 0.738858 -0.156837
-0.178596 0.741470 -0.179880
-0.195231 0.741470 -0.179880
-0.208640 0.738858 -0.156837
-0.228501 0.741470 -0.179880
-0.248274 0.744082 -0.202924
-0.264866 0.744082 -0.202924
-0.282982 0.745387 -0.214445
-0.299551 0.745387 -0.214445
-0.316121 0.745387 -0.214445
-0.332690 0.745387 -0.214445
-0.352134 0.747999 -0.237489
-0.365829 0.745387 -0.214445
-0.382398 0.745387 -0.214445
-0.401710 0.747999 -0.237489
-0.418236 0.747999 -0.237489
-0.434761 0.747999 -0.237489
-0.448675 0.745387 -0.214445
-0.465244 0.745387 -0.214445
-0.481814 0.745387 -0.214445
-0.498383 0.745387 -0.214445
-0.514952 0.745387 -0.214445
-0.531521 0.745387 -0.214445
-0.546917 0.744082 -0.202924
-0.563508 0.744082 -0.202924
0.013882 0.718196 -0.122272
-0.002862 0.718196 -0.122272
-0.019607 0.718196 -0.122272
-0.036352 0.718196 -0.122272
-0.053097 0.718196 -0.122272
-0.073419 0.720852 -0.145315
-0.095420 0.724835 -0.179880
-0.115545 0.727490 -0.202924
-0.132136 0.727490 -0.202924
-0.148727 0.727490 -0.202924
-0.165318 0.727490 -0.202924
-0.181910 0.727490 -0.202924
-0.200136 0.728818 -0.214445
-0.215092 0.727490 -0.202924
-0.233274 0.728818 -0.214445
-0.249844 0.728818 -0.214445
-0.266413 0.728818 -0.214445
-0.282982 0.728818 -0.214445
-0.302558 0.731474 -0.237489
-0.319083 0.731474 -0.237489
-0.335609 0.731474 -0.237489
-0.352134 0.731474 -0.237489
-0.368660 0.731474 -0.237489
-0.385185 0.731474 -0.237489
-0.401710 0.731474 -0.237489
-0.418236 0.731474 -0.237489
-0.432106 0.728818 -0.214445
-0.448675 0.728818 -0.214445
-0.465244 0.728818 -0.214445
-0.481814 0.728818 -0.214445
-0.498383 0.728818 -0.214445
-0.514952 0.728818 -0.214445
-0.531521 0.728818 -0.214445
-0.546917 0.727490 -0.202924
-0.563508 0.727490 -0.202924
-0.580099 0.727490 -0.202924
0.013882 0.701451 -0.122272
-0.002862 0.701451 -0.122272
-0.023316 0.704151 -0.145315
-0.040017 0.704151 -0.145315
-0.056718 0.704151 -0.145315
-0.078785 0.708200 -0.179880
-0.098953 0.710899 -0.202924
-0.115545 0.710899 -0.202924
-0.133859 0.712249 -0.214445
-0.150428 0.712249 -0.214445
-0.170355 0.714948 -0.237489
-0.186880 0.714948 -0.237489
-0.203406 0.714948 -0.237489
-0.216705 0.712249 -0.214445
-0.236456 0.714948 -0.237489
-0.254551 0.716298 -0.249010
-0.271054 0.716298 -0.249010
-0.286033 0.714948 -0.237489
-0.302558 0.714948 -0.237489
-0.319083 0.714948 -0.237489
-0.339987 0.718997 -0.272053
-0.356447 0.718997 -0.272053
-0.370075 0.716298 -0.249010
-0.385185 0.714948 -0.237489
-0.401710 0.714948 -0.237489
-0.419585 0.716298 -0.249010
-0.434761 0.714948 -0.237489
-0.451287 0.714948 -0.237489
-0.467812 0.714948 -0.237489
-0.484337 0.714948 -0.237489
-0.500863 0.714948 -0.237489
-0.517388 0.714948 -0.237489
-0.531521 0.712249 -0.214445
-0.548091 0.712249 -0.214445
-0.563508 0.710899 -0.202924
-0.580099 0.710899 -0.202924
0.030627 0.684706 -0.122272
0.013882 0.684706 -0.122272
-0.006615 0.687450 -0.145315
-0.023316 0.687450 -0.145315
-0.041850 0.688821 -0.156837
-0.058529 0.688821 -0.156837
-0.078785 0.691565 -0.179880
-0.098953 0.694308 -0.202924
-0.117289 0.695679 -0.214445
-0.133859 0.695679 -0.214445
-0.153829 0.698423 -0.237489
-0.172034 0.699794 -0.249010
-0.188537 0.699794 -0.249010
-0.205041 0.699794 -0.249010
-0.221544 0.699794 -0.249010
-0.241230 0.702538 -0.272053
-0.257689 0.702538 -0.272053
-0.274149 0.702538 -0.272053
-0.290608 0.702538 -0.272053
-0.307068 0.702538 -0.272053
-0.323528 0.702538 -0.272053
-0.342906 0.705281 -0.295097
-0.359322 0.705281 -0.295097
-0.372906 0.702538 -0.272053
-0.386579 0.699794 -0.249010
-0.403082 0.699794 -0.249010
-0.422285 0.702538 -0.272053
-0.436089 0.699794 -0.249010
-0.452592 0.699794 -0.249010
-0.469096 0.699794 -0.249010
-0.485599 0.699794 -0.249010
-0.502103 0.699794 -0.249010
-0.518606 0.699794 -0.249010
-0.533914 0.698423 -0.237489
-0.550439 0.698423 -0.237489
-0.566964 0.698423 -0.237489
-0.584620 0.699794 -0.249010
-0.601123 0.699794 -0.249010
0.047372 0.667962 -0.122272
0.030627 0.667962 -0.122272
0.010086 0.670749 -0.145315
-0.006615 0.670749 -0.145315
-0.025171 0.672142 -0.156837
-0.041850 0.672142 -0.156837
-0.062150 0.674930 -0.179880
-0.078785 0.674930 -0.179880
-0.098953 0.677717 -0.202924
-0.117289 0.679110 -0.214445
-0.133859 0.679110 -0.214445
-0.153829 0.681897 -0.237489
-0.172034 0.683291 -0.249010
-0.188537 0.683291 -0.249010
-0.208311 0.686078 -0.272053
-0.227996 0.688865 -0.295097
-0.244412 0.688865 -0.295097
-0.262397 0.690259 -0.306619
-0.278790 0.690259 -0.306619
-0.295184 0.690259 -0.306619
-0.311578 0.690259 -0.306619
-0.327972 0.690259 -0.306619
-0.347284 0.693046 -0.329662
-0.363634 0.693046 -0.329662
-0.377153 0.690259 -0.306619
-0.389366 0.686078 -0.272053
-0.405825 0.686078 -0.272053
-0.424984 0.688865 -0.295097
-0.438744 0.686078 -0.272053
-0.455204 0.686078 -0.272053
-0.469096 0.683291 -0.249010
-0.485599 0.683291 -0.249010
-0.502103 0.683291 -0.249010
-0.518606 0.683291 -0.249010
-0.535110 0.683291 -0.249010
-0.551613 0.683291 -0.249010
-0.568116 0.683291 -0.249010
-0.586880 0.686078 -0.272053
-0.603340 0.686078 -0.272053
-0.617627 0.683291 -0.249010
-0.634130 0.683291 -0.249010
0.064117 0.651217 -0.122272
0.047372 0.651217 -0.122272
0.030627 0.651217 -0.122272
0.010086 0.654048 -0.145315
-0.006615 0.654048 -0.145315
-0.025171 0.655463 -0.156837
-0.045515 0.658294 -0.179880
-0.062150 0.658294 -0.179880
-0.082362 0.661125 -0.202924
-0.100720 0.662541 -0.214445
-0.117289 0.662541 -0.214445
-0.137304 0.665372 -0.237489
-0.153829 0.665372 -0.237489
-0.172034 0.666787 -0.249010
-0.191851 0.669619 -0.272053
-0.211581 0.672450 -0.295097
-0.227996 0.672450 -0.295097
-0.246003 0.673865 -0.306619
-0.262397 0.673865 -0.306619
-0.278790 0.673865 -0.306619
-0.298235 0.676696 -0.329662
-0.314584 0.676696 -0.329662
-0.330934 0.676696 -0.329662
-0.350203 0.679527 -0.352706
-0.366509 0.679527 -0.352706
-0.382815 0.679527 -0.352706
-0.396334 0.676696 -0.329662
-0.412683 0.676696 -0.329662
-0.429033 0.676696 -0.329662
-0.442728 0.673865 -0.306619
-0.457816 0.672450 -0.295097
-0.471664 0.669619 -0.272053
-0.488123 0.669619 -0.272053
-0.504583 0.669619 -0.272053
-0.518606 0.666787 -0.249010
-0.537502 0.669619 -0.272053
-0.553961 0.669619 -0.272053
-0.570421 0.669619 -0.272053
-0.586880 0.669619 -0.272053
-0.603340 0.669619 -0.272053
-0.617627 0.666787 -0.249010
-0.634130 0.666787 -0.249010
-0.650634 0.666787 -0.249010
0.064117 0.634472 -0.122272
0.047372 0.634472 -0.122272
0.030627 0.634472 -0.122272
0.010086 0.637347 -0.145315
-0.008492 0.638784 -0.156837
-0.028879 0.641659 -0.179880
-0.045515 0.641659 -0.179880
-0.065771 0.644534 -0.202924
-0.082362 0.644534 -0.202924
-0.100720 0.645972 -0.214445
-0.117289 0.645972 -0.214445
-0.137304 0.648847 -0.237489
-0.153829 0.648847 -0.237489
-0.172034 0.650284 -0.249010
-0.191851 0.653159 -0.272053
-0.211581 0.656034 -0.295097
-0.227996 0.656034 -0.295097
-0.246003 0.657471 -0.306619
-0.265535 0.660346 -0.329662
-0.281885 0.660346 -0.329662
-0.298235 0.660346 -0.329662
-0.317591 0.663221 -0.352706
-0.333897 0.663221 -0.352706
-0.350203 0.663221 -0.352706
-0.366509 0.663221 -0.352706
-0.382815 0.663221 -0.352706
-0.396334 0.660346 -0.329662
-0.412683 0.660346 -0.329662
-0.429033 0.660346 -0.329662
-0.445383 0.660346 -0.329662
-0.459121 0.657471 -0.306619
-0.475515 0.657471 -0.306619
-0.488123 0.653159 -0.272053
-0.504583 0.653159 -0.272053
-0.517388 0.648847 -0.237489
-0.537502 0.653159 -0.272053
-0.551613 0.650284 -0.249010
-0.570421 0.653159 -0.272053
-0.584620 0.650284 -0.249010
-0.601123 0.650284 -0.249010
-0.617627 0.650284 -0.249010
-0.636259 0.653159 -0.272053
-0.652719 0.653159 -0.272053
0.068045 0.614808 -0.099228
0.047372 0.617727 -0.122272
0.026787 0.620646 -0.145315
0.010086 0.620646 -0.145315
-0.008492 0.622105 -0.156837
-0.028879 0.625024 -0.179880
-0.045515 0.625024 -0.179880
-0.065771 0.627943 -0.202924
-0.082362 0.627943 -0.202924
-0.098953 0.627943 -0.202924
-0.117289 0.629402 -0.214445
-0.137304 0.632321 -0.237489
-0.153829 0.632321 -0.237489
-0.172034 0.633781 -0.249010
-0.191851 0.636699 -0.272053
-0.211581 0.639618 -0.295097
-0.227996 0.639618 -0.295097
-0.246003 0.641078 -0.306619
-0.265535 0.643996 -0.329662
-0.281885 0.643996 -0.329662
-0.301285 0.646915 -0.352706
-0.317591 0.646915 -0.352706
-0.333897 0.646915 -0.352706
-0.350203 0.646915 -0.352706
-0.367946 0.648375 -0.364227
-0.384230 0.648375 -0.364227
-0.400514 0.648375 -0.364227
-0.415427 0.646915 -0.352706
-0.433082 0.648375 -0.364227
-0.449366 0.648375 -0.364227
-0.465650 0.648375 -0.364227
-0.481934 0.648375 -0.364227
-0.498218 0.648375 -0.364227
-0.502103 0.633781 -0.249010
-0.518606 0.633781 -0.249010
-0.537502 0.636699 -0.272053
-0.553961 0.636699 -0.272053
-0.570421 0.636699 -0.272053
-0.586880 0.636699 -0.272053
-0.601123 0.633781 -0.249010
-0.617627 0.633781 -0.249010
-0.634130 0.633781 -0.249010
-0.650634 0.633781 -0.249010
0.084834 0.598020 -0.099228
0.068045 0.598020 -0.099228
0.047372 0.600982 -0.122272
0.026787 0.603945 -0.145315
0.010086 0.603945 -0.145315
-0.008492 0.605426 -0.156837
-0.028879 0.608389 -0.179880
-0.045515 0.608389 -0.179880
-0.065771 0.611352 -0.202924
-0.082362 0.611352 -0.202924
-0.100720 0.612833 -0.214445
-0.117289 0.612833 -0.214445
-0.133859 0.612833 -0.214445
-0.153829 0.615796 -0.237489
-0.172034 0.617277 -0.249010
-0.191851 0.620240 -0.272053
-0.208311 0.620240 -0.272053
-0.227996 0.623203 -0.295097
-0.244412 0.623203 -0.295097
-0.262397 0.624684 -0.306619
-0.281885 0.627647 -0.329662
-0.301285 0.630609 -0.352706
-0.317591 0.630609 -0.352706
-0.333897 0.630609 -0.352706
-0.351662 0.632091 -0.364227
-0.367946 0.632091 -0.364227
-0.384230 0.632091 -0.364227
-0.400514 0.632091 -0.364227
-0.416798 0.632091 -0.364227
-0.433082 0.632091 -0.364227
-0.452022 0.635053 -0.387271
-0.468262 0.635053 -0.387271
-0.484502 0.635053 -0.387271
-0.490647 0.623203 -0.295097
-0.507063 0.623203 -0.295097
-0.523478 0.623203 -0.295097
-0.537502 0.620240 -0.272053
-0.553961 0.620240 -0.272053
-0.570421 0.620240 -0.272053
-0.586880 0.620240 -0.272053
-0.603340 0.620240 -0.272053
-0.619800 0.620240 -0.272053
-0.636259 0.620240 -0.272053
-0.652719 0.620240 -0.272053
0.084834 0.581231 -0.099228
0.068045 0.581231 -0.099228
0.047372 0.584237 -0.122272
0.030627 0.584237 -0.122272
0.010086 0.587244 -0.145315
-0.008492 0.588747 -0.156837
-0.028879 0.591754 -0.179880
-0.045515 0.591754 -0.179880
-0.065771 0.594760 -0.202924
-0.082362 0.594760 -0.202924
-0.100720 0.596264 -0.214445
-0.117289 0.596264 -0.214445
-0.137304 0.599270 -0.237489
-0.153829 0.599270 -0.237489
-0.172034 0.600774 -0.249010
-0.191851 0.603780 -0.272053
-0.208311 0.603780 -0.272053
-0.227996 0.606787 -0.295097
-0.244412 0.606787 -0.295097
-0.262397 0.608290 -0.306619
-0.281885 0.611297 -0.329662
-0.298235 0.611297 -0.329662
-0.317591 0.614303 -0.352706
-0.333897 0.614303 -0.352706
-0.350203 0.614303 -0.352706
-0.367946 0.615807 -0.364227
-0.384230 0.615807 -0.364227
-0.400514 0.615807 -0.364227
-0.416798 0.615807 -0.364227
-0.433082 0.615807 -0.364227
-0.453350 0.620317 -0.398792
-0.469568 0.620317 -0.398792
-0.485786 0.620317 -0.398792
-0.502004 0.620317 -0.398792
-0.518222 0.620317 -0.398792
-0.518606 0.600774 -0.249010
-0.535110 0.600774 -0.249010
-0.553961 0.603780 -0.272053
-0.570421 0.603780 -0.272053
-0.586880 0.603780 -0.272053
-0.603340 0.603780 -0.272053
-0.619800 0.603780 -0.272053
-0.636259 0.603780 -0.272053
-0.652719 0.603780 -0.272053
0.107647 0.559866 -0.064664
0.088807 0.561392 -0.076185
0.068045 0.564442 -0.099228
0.051257 0.564442 -0.099228
0.030627 0.567493 -0.122272
0.008187 0.572068 -0.156837
-0.008492 0.572068 -0.156837
-0.028879 0.575119 -0.179880
-0.045515 0.575119 -0.179880
-0.065771 0.578169 -0.202924
-0.082362 0.578169 -0.202924
-0.100720 0.579694 -0.214445
-0.117289 0.579694 -0.214445
-0.137304 0.582745 -0.237489
-0.153829 0.582745 -0.237489
-0.172034 0.584270 -0.249010
-0.191851 0.587321 -0.272053
-0.211581 0.590371 -0.295097
-0.227996 0.590371 -0.295097
-0.246003 0.591896 -0.306619
-0.265535 0.594947 -0.329662
-0.281885 0.594947 -0.329662
-0.301285 0.597998 -0.352706
-0.317591 0.597998 -0.352706
-0.333897 0.597998 -0.352706
-0.351662 0.599523 -0.364227
-0.367946 0.599523 -0.364227
-0.384230 0.599523 -0.364227
-0.400514 0.599523 -0.364227
-0.416798 0.599523 -0.364227
-0.433082 0.599523 -0.364227
-0.453350 0.604099 -0.398792
-0.472179 0.607149 -0.421836
-0.488353 0.607149 -0.421836
-0.504528 0.607149 -0.421836
-0.518222 0.604099 -0.398792
-0.518606 0.584270 -0.249010
-0.535110 0.584270 -0.249010
-0.551613 0.584270 -0.249010
-0.568116 0.584270 -0.249010
-0.584620 0.584270 -0.249010
-0.603340 0.587321 -0.272053
-0.619800 0.587321 -0.272053
-0.636259 0.587321 -0.272053
0.124502 0.543012 -0.064664
0.107647 0.543012 -0.064664
0.088807 0.544559 -0.076185
0.071974 0.544559 -0.076185
0.051257 0.547653 -0.099228
0.030627 0.550748 -0.122272
0.008187 0.555389 -0.156837
-0.008492 0.555389 -0.156837
-0.028879 0.558484 -0.179880
-0.049180 0.561578 -0.202924
-0.065771 0.561578 -0.202924
-0.084151 0.563125 -0.214445
-0.100720 0.563125 -0.214445
-0.120779 0.566220 -0.237489
-0.137304 0.566220 -0.237489
-0.153829 0.566220 -0.237489
-0.172034 0.567767 -0.249010
-0.191851 0.570861 -0.272053
-0.211581 0.573956 -0.295097
-0.229609 0.575503 -0.306619
-0.249185 0.578597 -0.329662
-0.268673 0.581692 -0.352706
-0.284979 0.581692 -0.352706
-0.301285 0.581692 -0.352706
-0.317591 0.581692 -0.352706
-0.333897 0.581692 -0.352706
-0.351662 0.583239 -0.364227
-0.367946 0.583239 -0.364227
-0.384230 0.583239 -0.364227
-0.400514 0.583239 -0.364227
-0.415427 0.581692 -0.352706
-0.433082 0.583239 -0.364227
-0.449366 0.583239 -0.364227
-0.465650 0.583239 -0.364227
-0.488353 0.590975 -0.421836
-0.504528 0.590975 -0.421836
-0.535110 0.567767 -0.249010
-0.570421 0.570861 -0.272053
-0.586880 0.570861 -0.272053
-0.603340 0.570861 -0.272053
0.124502 0.526157 -0.064664
0.107647 0.526157 -0.064664
0.088807 0.527726 -0.076185
0.068045 0.530865 -0.099228
0.051257 0.530865 -0.099228
0.030627 0.534003 -0.122272
0.008187 0.538710 -0.156837
-0.012244 0.541848 -0.179880
-0.028879 0.541848 -0.179880
-0.049180 0.544987 -0.202924
-0.065771 0.544987 -0.202924
-0.084151 0.546556 -0.214445
-0.104253 0.549694 -0.237489
-0.120779 0.549694 -0.237489
-0.139027 0.551263 -0.249010
-0.155530 0.551263 -0.249010
-0.175391 0.554402 -0.272053
-0.195165 0.557540 -0.295097
-0.211581 0.557540 -0.295097
-0.232835 0.562247 -0.329662
-0.252367 0.565386 -0.352706
-0.268673 0.565386 -0.352706
-0.284979 0.565386 -0.352706
-0.301285 0.565386 -0.352706
-0.317591 0.565386 -0.352706
-0.333897 0.565386 -0.352706
-0.351662 0.566955 -0.364227
-0.366509 0.565386 -0.352706
-0.382815 0.565386 -0.352706
-0.396334 0.562247 -0.329662
-0.415427 0.565386 -0.352706
-0.431733 0.565386 -0.352706
-0.448039 0.565386 -0.352706
-0.465650 0.566955 -0.364227
0.141356 0.509303 -0.064664
0.124502 0.509303 -0.064664
0.105639 0.510894 -0.076185
0.088807 0.510894 -0.076185
0.068045 0.514076 -0.099228
0.047372 0.517258 -0.122272
0.030627 0.517258 -0.122272
0.010086 0.520440 -0.145315
-0.012244 0.525213 -0.179880
-0.032588 0.528396 -0.202924
-0.049180 0.528396 -0.202924
-0.067581 0.529987 -0.214445
-0.087728 0.533169 -0.237489
-0.106020 0.534760 -0.249010
-0.122523 0.534760 -0.249010
-0.142472 0.537942 -0.272053
-0.158932 0.537942 -0.272053
-0.178749 0.541124 -0.295097
-0.196822 0.542715 -0.306619
-0.216486 0.545898 -0.329662
-0.232835 0.545898 -0.329662
-0.252367 0.549080 -0.352706
-0.268673 0.549080 -0.352706
-0.284979 0.549080 -0.352706
-0.301285 0.549080 -0.352706
-0.317591 0.549080 -0.352706
-0.333897 0.549080 -0.352706
-0.350203 0.549080 -0.352706
-0.366509 0.549080 -0.352706
-0.379984 0.545898 -0.329662
-0.396334 0.545898 -0.329662
-0.415427 0.549080 -0.352706
-0.429033 0.545898 -0.329662
-0.445383 0.545898 -0.329662
0.141356 0.492448 -0.064664
0.124502 0.492448 -0.064664
0.105639 0.494061 -0.076185
0.084834 0.497287 -0.099228
0.068045 0.497287 -0.099228
0.047372 0.500513 -0.122272
0.030627 0.500513 -0.122272
0.008187 0.505352 -0.156837
-0.015997 0.511804 -0.202924
-0.034443 0.513417 -0.214445
-0.060175 0.521482 -0.272053
-0.076634 0.521482 -0.272053
-0.093094 0.521482 -0.272053
-0.109553 0.521482 -0.272053
-0.126013 0.521482 -0.272053
-0.145918 0.524709 -0.295097
-0.164034 0.526322 -0.306619
-0.180428 0.526322 -0.306619
-0.200136 0.529548 -0.329662
-0.216486 0.529548 -0.329662
-0.232835 0.529548 -0.329662
-0.252367 0.532774 -0.352706
-0.268673 0.532774 -0.352706
-0.284979 0.532774 -0.352706
-0.301285 0.532774 -0.352706
-0.317591 0.532774 -0.352706
-0.333897 0.532774 -0.352706
-0.350203 0.532774 -0.352706
-0.363634 0.529548 -0.329662
-0.379984 0.529548 -0.329662
-0.393546 0.526322 -0.306619
-0.412683 0.529548 -0.329662
-0.429033 0.529548 -0.329662
-0.445383 0.529548 -0.329662
0.141356 0.475593 -0.064664
0.122472 0.477228 -0.076185
0.101623 0.480498 -0.099228
0.076890 0.487038 -0.145315
0.060189 0.487038 -0.145315
0.041545 0.488673 -0.156837
0.021026 0.491943 -0.179880
0.000594 0.495213 -0.202924
-0.021626 0.500118 -0.237489
-0.040006 0.501753 -0.249010
-0.060175 0.505023 -0.272053
-0.076634 0.505023 -0.272053
-0.093094 0.505023 -0.272053
-0.113087 0.508293 -0.295097
-0.129502 0.508293 -0.295097
-0.147641 0.509928 -0.306619
-0.170838 0.516468 -0.352706
-0.187144 0.516468 -0.352706
-0.203450 0.516468 -0.352706
-0.219755 0.516468 -0.352706
-0.236061 0.516468 -0.352706
-0.252367 0.516468 -0.352706
-0.268673 0.516468 -0.352706
-0.284979 0.516468 -0.352706
-0.301285 0.516468 -0.352706
-0.317591 0.516468 -0.352706
-0.333897 0.516468 -0.352706
-0.350203 0.516468 -0.352706
-0.363634 0.513198 -0.329662
-0.379984 0.513198 -0.329662
-0.396334 0.513198 -0.329662
-0.412683 0.513198 -0.329662
-0.429033 0.513198 -0.329662
0.122472 0.460396 -0.076185
0.097607 0.467023 -0.122272
0.074904 0.471994 -0.156837
0.054296 0.475308 -0.179880
0.037661 0.475308 -0.179880
0.017185 0.478622 -0.202924
-0.001304 0.480279 -0.214445
-0.023503 0.485250 -0.249010
-0.043715 0.488563 -0.272053
-0.060175 0.488563 -0.272053
-0.076634 0.488563 -0.272053
-0.096671 0.491877 -0.295097
-0.113087 0.491877 -0.295097
-0.129502 0.491877 -0.295097
-0.147641 0.493534 -0.306619
-0.167436 0.496848 -0.329662
-0.183786 0.496848 -0.329662
-0.203450 0.500162 -0.352706
-0.219755 0.500162 -0.352706
-0.236061 0.500162 -0.352706
-0.252367 0.500162 -0.352706
-0.268673 0.500162 -0.352706
-0.284979 0.500162 -0.352706
-0.301285 0.500162 -0.352706
-0.317591 0.500162 -0.352706
-0.333897 0.500162 -0.352706
-0.350203 0.500162 -0.352706
-0.366509 0.500162 -0.352706
-0.379984 0.496848 -0.329662
-0.396334 0.496848 -0.329662
-0.412683 0.496848 -0.329662
0.114352 0.450279 -0.122272
0.091583 0.455315 -0.156837
0.066959 0.462031 -0.202924
0.050368 0.462031 -0.202924
0.033777 0.462031 -0.202924
0.015265 0.463710 -0.214445
-0.006999 0.468746 -0.249010
-0.027255 0.472104 -0.272053
-0.043715 0.472104 -0.272053
-0.063840 0.475462 -0.295097
-0.080255 0.475462 -0.295097
-0.096671 0.475462 -0.295097
-0.113087 0.475462 -0.295097
-0.129502 0.475462 -0.295097
-0.147641 0.477141 -0.306619
-0.167436 0.480498 -0.329662
-0.183786 0.480498 -0.329662
-0.200136 0.480498 -0.329662
-0.219755 0.483856 -0.352706
-0.236061 0.483856 -0.352706
-0.252367 0.483856 -0.352706
-0.265535 0.480498 -0.329662
-0.281885 0.480498 -0.329662
-0.301285 0.483856 -0.352706
-0.317591 0.483856 -0.352706
-0.333897 0.483856 -0.352706
-0.347284 0.480498 -0.329662
-0.363634 0.480498 -0.329662
-0.379984 0.480498 -0.329662
-0.396334 0.480498 -0.329662
-0.412683 0.480498 -0.329662
0.131096 0.433534 -0.122272
0.110292 0.436935 -0.145315
0.087566 0.442038 -0.179880
0.066959 0.445439 -0.202924
0.048404 0.447140 -0.214445
0.031834 0.447140 -0.214445
0.015265 0.447140 -0.214445
-0.006999 0.452243 -0.249010
-0.027255 0.455644 -0.272053
-0.043715 0.455644 -0.272053
-0.063840 0.459046 -0.295097
-0.080255 0.459046 -0.295097
-0.096671 0.459046 -0.295097
-0.113087 0.459046 -0.295097
-0.129502 0.459046 -0.295097
-0.147641 0.460747 -0.306619
-0.164034 0.460747 -0.306619
-0.180428 0.460747 -0.306619
-0.196822 0.460747 -0.306619
-0.219755 0.467550 -0.352706
-0.236061 0.467550 -0.352706
-0.252367 0.467550 -0.352706
-0.262397 0.460747 -0.306619
-0.281885 0.464148 -0.329662
-0.298235 0.464148 -0.329662
-0.317591 0.467550 -0.352706
-0.330934 0.464148 -0.329662
-0.344365 0.460747 -0.306619
-0.360759 0.460747 -0.306619
0.168778 0.413343 -0.099228
0.147841 0.416789 -0.122272
0.126993 0.420234 -0.145315
0.108262 0.421957 -0.156837
0.083550 0.428848 -0.202924
0.064973 0.430571 -0.214445
0.048404 0.430571 -0.214445
0.031834 0.430571 -0.214445
0.011425 0.434016 -0.237489
-0.006999 0.435739 -0.249010
-0.027255 0.439185 -0.272053
-0.043715 0.439185 -0.272053
-0.060175 0.439185 -0.272053
-0.076634 0.439185 -0.272053
-0.096671 0.442630 -0.295097
-0.113087 0.442630 -0.295097
-0.129502 0.442630 -0.295097
-0.147641 0.444353 -0.306619
-0.164034 0.444353 -0.306619
-0.180428 0.444353 -0.306619
-0.196822 0.444353 -0.306619
-0.216486 0.447799 -0.329662
-0.232835 0.447799 -0.329662
-0.249185 0.447799 -0.329662
-0.262397 0.444353 -0.306619
-0.281885 0.447799 -0.329662
-0.295184 0.444353 -0.306619
-0.314584 0.447799 -0.329662
-0.330934 0.447799 -0.329662
-0.344365 0.444353 -0.306619
-0.360759 0.444353 -0.306619
0.191920 0.391320 -0.064664
0.164586 0.400044 -0.122272
0.143694 0.403533 -0.145315
0.126993 0.403533 -0.145315
0.104202 0.408768 -0.179880
0.083550 0.412257 -0.202924
0.064973 0.414002 -0.214445
0.048404 0.414002 -0.214445
0.027950 0.417491 -0.237489
0.011425 0.417491 -0.237489
-0.006999 0.419236 -0.249010
-0.027255 0.422725 -0.272053
-0.043715 0.422725 -0.272053
-0.063840 0.426215 -0.295097
-0.076634 0.422725 -0.272053
-0.093094 0.422725 -0.272053
-0.113087 0.426215 -0.295097
-0.129502 0.426215 -0.295097
-0.145918 0.426215 -0.295097
-0.162334 0.426215 -0.295097
-0.178749 0.426215 -0.295097
-0.195165 0.426215 -0.295097
-0.211581 0.426215 -0.295097
-0.229609 0.427959 -0.306619
-0.246003 0.427959 -0.306619
-0.262397 0.427959 -0.306619
0.181331 0.383299 -0.122272
0.160394 0.386832 -0.145315
0.143694 0.386832 -0.145315
0.124941 0.388599 -0.156837
0.104202 0.392132 -0.179880
0.083550 0.395666 -0.202924
0.064973 0.397432 -0.214445
0.048404 0.397432 -0.214445
0.027950 0.400966 -0.237489
0.011425 0.400966 -0.237489
-0.010796 0.406266 -0.272053
-0.027255 0.406266 -0.272053
-0.043715 0.406266 -0.272053
-0.063840 0.409799 -0.295097
-0.080255 0.409799 -0.295097
-0.093094 0.406266 -0.272053
-0.109553 0.406266 -0.272053
-0.126013 0.406266 -0.272053
-0.142472 0.406266 -0.272053
-0.089198 0.333833 0.200335
-0.106558 0.333833 0.200335
-0.113975 0.323233 0.269466
-0.138006 0.330299 0.223379
-0.152184 0.326766 0.246422
-0.166449 0.323233 0.269466
-0.179232 0.317933 0.304030
0.202356 0.362977 -0.099228
0.181331 0.366554 -0.122272
0.160394 0.370131 -0.145315
0.137472 0.375497 -0.179880
0.120837 0.375497 -0.179880
0.100142 0.379075 -0.202924
0.081542 0.380863 -0.214445
0.064973 0.380863 -0.214445
0.044475 0.384440 -0.237489
0.027950 0.384440 -0.237489
0.011425 0.384440 -0.237489
-0.010796 0.389806 -0.272053
-0.027255 0.389806 -0.272053
-0.047424 0.393383 -0.295097
-0.063840 0.393383 -0.295097
-0.080255 0.393383 -0.295097
-0.093094 0.389806 -0.272053
-0.109553 0.389806 -0.272053
-0.126013 0.389806 -0.272053
-0.071839 0.316473 0.200335
-0.089198 0.316473 0.200335
-0.106558 0.316473 0.200335
-0.113975 0.305742 0.269466
-0.134736 0.309319 0.246422
-0.152184 0.309319 0.246422
-0.166449 0.305742 0.269466
-0.182370 0.303953 0.280987
-0.196789 0.300376 0.304030
0.214821 0.349809 -0.122272
0.198076 0.349809 -0.122272
0.174978 0.355241 -0.156837
0.154107 0.358862 -0.179880
0.137472 0.358862 -0.179880
0.120837 0.358862 -0.179880
0.100142 0.362483 -0.202924
0.081542 0.364294 -0.214445
0.064973 0.364294 -0.214445
0.048404 0.364294 -0.214445
0.031834 0.364294 -0.214445
0.011425 0.367915 -0.237489
-0.005101 0.367915 -0.237489
-0.027255 0.373347 -0.272053
-0.043715 0.373347 -0.272053
-0.007032 0.320841 0.062075
-0.022318 0.319030 0.073597
-0.041224 0.320841 0.062075
-0.049487 0.311788 0.119684
-0.059714 0.304546 0.165771
-0.077007 0.304546 0.165771
-0.089198 0.299114 0.200335
-0.103200 0.295493 0.223379
-0.117289 0.291872 0.246422
-0.138006 0.295493 0.223379
-0.152184 0.291872 0.246422
-0.169631 0.291872 0.246422
-0.182370 0.286440 0.280987
-0.196789 0.282819 0.304030
0.259338 0.323902 -0.064664
0.242484 0.323902 -0.064664
0.214821 0.333065 -0.122272
0.193796 0.336730 -0.145315
0.174978 0.338562 -0.156837
0.154107 0.342227 -0.179880
0.137472 0.342227 -0.179880
0.120837 0.342227 -0.179880
0.100142 0.345892 -0.202924
0.081542 0.347725 -0.214445
0.064973 0.347725 -0.214445
0.044475 0.351390 -0.237489
0.031834 0.347724 -0.214445
0.011425 0.351390 -0.237489
-0.006999 0.353222 -0.249010
-0.027255 0.356887 -0.272053
0.010064 0.303745 0.062075
-0.010697 0.307410 0.039032
-0.027749 0.307410 0.039032
-0.044801 0.307410 0.039032
-0.056554 0.301912 0.073597
-0.070182 0.298247 0.096641
-0.075284 0.285420 0.177292
-0.089198 0.281755 0.200335
-0.103200 0.278090 0.223379
-0.117289 0.274425 0.246422
-0.134736 0.274425 0.246422
-0.152184 0.274425 0.246422
-0.169631 0.274425 0.246422
-0.182370 0.268927 0.280987
-0.199883 0.268927 0.280987
0.259338 0.307047 -0.064664
0.231566 0.316320 -0.122272
0.210497 0.320029 -0.145315
0.191657 0.321883 -0.156837
0.170742 0.325592 -0.179880
0.149915 0.329301 -0.202924
0.133324 0.329301 -0.202924
0.116733 0.329301 -0.202924
0.100142 0.329301 -0.202924
0.081542 0.331155 -0.214445
0.064973 0.331155 -0.214445
0.044475 0.334864 -0.237489
0.031834 0.331155 -0.214445
0.011425 0.334864 -0.237489
-0.006999 0.336718 -0.249010
-0.023503 0.336718 -0.249010
0.010064 0.286649 0.062075
-0.010697 0.290358 0.039032
-0.027749 0.290358 0.039032
-0.044801 0.290358 0.039032
-0.058320 0.286649 0.062075
-0.070182 0.281085 0.096641
-0.071839 0.264395 0.200335
-0.082395 0.256977 0.246422
-0.099842 0.256977 0.246422
-0.117289 0.256977 0.246422
-0.134736 0.256977 0.246422
-0.148957 0.253269 0.269466
-0.164857 0.251414 0.280987
0.276193 0.290193 -0.064664
0.257133 0.292069 -0.076185
0.231566 0.299575 -0.122272
0.210497 0.303328 -0.145315
0.187377 0.308957 -0.179880
0.166506 0.312710 -0.202924
0.149915 0.312710 -0.202924
0.133324 0.312710 -0.202924
0.116733 0.312710 -0.202924
0.098112 0.314586 -0.214445
0.081542 0.314586 -0.214445
0.061001 0.318339 -0.237489
0.044475 0.318339 -0.237489
0.031834 0.314586 -0.214445
0.011425 0.318339 -0.237489
-0.006999 0.320215 -0.249010
0.023407 0.273305 0.039032
0.006355 0.273305 0.039032
-0.010697 0.273305 0.039032
-0.027749 0.273305 0.039032
-0.044801 0.273305 0.039032
-0.058320 0.269553 0.062075
-0.070182 0.263923 0.096641
-0.071839 0.247036 0.200335
-0.082395 0.239530 0.246422
-0.099842 0.239530 0.246422
-0.117289 0.239530 0.246422
-0.134736 0.239530 0.246422
-0.147344 0.233901 0.280987
-0.161675 0.230148 0.304030
0.273965 0.275237 -0.076185
0.257133 0.275237 -0.076185
0.227198 0.286627 -0.145315
0.208336 0.288525 -0.156837
0.183098 0.296118 -0.202924
0.166506 0.296118 -0.202924
0.147819 0.298017 -0.214445
0.133324 0.296118 -0.202924
0.116733 0.296118 -0.202924
0.100142 0.296118 -0.202924
0.081542 0.298017 -0.214445
0.064973 0.298017 -0.214445
0.048404 0.298017 -0.214445
0.033777 0.296118 -0.202924
0.017185 0.296118 -0.202924
0.013882 0.282830 -0.122272
0.014025 0.265745 -0.018577
0.002646 0.260050 0.015989
-0.014362 0.260050 0.015989
-0.034991 0.263847 -0.007055
-0.048379 0.260050 0.015989
-0.061853 0.256253 0.039032
-0.066692 0.242965 0.119684
-0.071839 0.229677 0.200335
-0.085797 0.225880 0.223379
-0.103200 0.225880 0.223379
-0.117289 0.222083 0.246422
-0.134736 0.222083 0.246422
-0.147344 0.216388 0.280987
-0.161675 0.212592 0.304030
0.269510 0.262245 -0.099228
0.248310 0.266085 -0.122272
0.227198 0.269926 -0.145315
0.208336 0.271846 -0.156837
0.183098 0.279527 -0.202924
0.166506 0.279527 -0.202924
0.147819 0.281447 -0.214445
0.131250 0.281447 -0.214445
0.116733 0.279527 -0.202924
0.098112 0.281447 -0.214445
0.081542 0.281447 -0.214445
0.064973 0.281447 -0.214445
0.050368 0.279527 -0.202924
0.037661 0.275686 -0.179880
0.024866 0.271846 -0.156837
0.017679 0.262245 -0.099228
0.010272 0.252643 -0.041620
0.002646 0.243042 0.015989
-0.018027 0.246882 -0.007055
-0.034991 0.246882 -0.007055
-0.044801 0.239201 0.039032
-0.058320 0.235361 0.062075
-0.059714 0.218078 0.165771
-0.071839 0.212317 0.200335
-0.085797 0.208477 0.223379
-0.103200 0.208477 0.223379
-0.112318 0.198875 0.280987
-0.131466 0.200796 0.269466
-0.144118 0.195035 0.304030
0.281800 0.249340 -0.122272
0.265055 0.249340 -0.122272
0.243899 0.253225 -0.145315
0.225015 0.255167 -0.156837
0.204012 0.259051 -0.179880
0.183098 0.262936 -0.202924
0.164389 0.264878 -0.214445
0.147819 0.264878 -0.214445
0.131250 0.264878 -0.214445
0.116733 0.262936 -0.202924
0.100142 0.262936 -0.202924
0.083550 0.262936 -0.202924
0.066959 0.262936 -0.202924
0.054296 0.259051 -0.179880
0.043488 0.253225 -0.145315
0.030627 0.249340 -0.122272
0.023374 0.239629 -0.064664
0.014025 0.231860 -0.018577
-0.001063 0.229918 -0.007055
-0.014362 0.226034 0.015989
-0.027749 0.222149 0.039032
-0.039436 0.216322 0.073597
-0.056553 0.216322 0.073597
-0.059714 0.200785 0.165771
-0.061502 0.183305 0.269466
-0.077292 0.181362 0.280987
-0.094805 0.181362 0.280987
-0.109005 0.177478 0.304030
-0.126561 0.177478 0.304030
0.319877 0.228667 -0.099228
0.298545 0.232595 -0.122272
0.281800 0.232595 -0.122272
0.265055 0.232595 -0.122272
0.243899 0.236524 -0.145315
0.225015 0.238488 -0.156837
0.204012 0.242416 -0.179880
0.183098 0.246345 -0.202924
0.164389 0.248309 -0.214445
0.147819 0.248309 -0.214445
0.131250 0.248309 -0.214445
0.116733 0.246345 -0.202924
0.100142 0.246345 -0.202924
0.083550 0.246345 -0.202924
0.070931 0.242416 -0.179880
0.058225 0.238488 -0.156837
0.041545 0.238488 -0.156837
0.038308 0.224739 -0.076185
0.023374 0.222775 -0.064664
0.014025 0.214918 -0.018577
-0.001063 0.212954 -0.007055
-0.014362 0.209025 0.015989
-0.027749 0.205097 0.039032
-0.035858 0.195276 0.096641
-0.049487 0.191348 0.119684
-0.057969 0.181527 0.177292
-0.064948 0.169742 0.246422
-0.082395 0.169742 0.246422
-0.099842 0.169742 0.246422
0.315290 0.215851 -0.122272
0.298545 0.215851 -0.122272
0.277301 0.219823 -0.145315
0.260600 0.219823 -0.145315
0.241694 0.221809 -0.156837
0.220647 0.225781 -0.179880
0.199689 0.229754 -0.202924
0.183098 0.229754 -0.202924
0.166506 0.229754 -0.202924
0.149915 0.229754 -0.202924
0.133324 0.229754 -0.202924
0.116733 0.229754 -0.202924
0.100142 0.229754 -0.202924
0.087566 0.225781 -0.179880
0.074904 0.221809 -0.156837
0.058225 0.221809 -0.156837
0.047372 0.215851 -0.122272
0.038308 0.207906 -0.076185
0.023374 0.205920 -0.064664
0.006520 0.205920 -0.064664
-0.002917 0.197976 -0.018577
-0.018027 0.195989 -0.007055
-0.034991 0.195989 -0.007055
-0.051956 0.195989 -0.007055
-0.037120 0.160239 0.200335
-0.038777 0.142364 0.304030
-0.056334 0.142364 0.304030
-0.077292 0.146336 0.280987
0.315290 0.199106 -0.122272
0.298545 0.199106 -0.122272
0.277301 0.203122 -0.145315
0.258373 0.205130 -0.156837
0.241694 0.205130 -0.156837
0.220647 0.209146 -0.179880
0.199689 0.213162 -0.202924
0.183098 0.213162 -0.202924
0.166506 0.213162 -0.202924
0.149915 0.213162 -0.202924
0.133324 0.213162 -0.202924
0.120837 0.209146 -0.179880
0.104202 0.209146 -0.179880
0.091583 0.205130 -0.156837
0.076890 0.203122 -0.145315
0.064117 0.199106 -0.122272
0.047372 0.199106 -0.122272
0.038308 0.191073 -0.076185
0.021476 0.191073 -0.076185
0.010272 0.185049 -0.041620
-0.006626 0.185049 -0.041620
-0.019860 0.181033 -0.018577
-0.036802 0.181033 -0.018577
-0.012606 0.134848 0.246422
-0.030054 0.134848 0.246422
-0.042267 0.128823 0.280987
-0.056334 0.124807 0.304030
0.315290 0.182361 -0.122272
0.294002 0.186421 -0.145315
0.277301 0.186421 -0.145315
0.258373 0.188451 -0.156837
0.241694 0.188451 -0.156837
0.220647 0.192511 -0.179880
0.199689 0.196571 -0.202924
0.187377 0.192511 -0.179880
0.170742 0.192511 -0.179880
0.154107 0.192511 -0.179880
0.137472 0.192511 -0.179880
0.120837 0.192511 -0.179880
0.108262 0.188451 -0.156837
0.093591 0.186421 -0.145315
0.080862 0.182361 -0.122272
0.064117 0.182361 -0.122272
0.051257 0.178301 -0.099228
0.038308 0.174241 -0.076185
0.021476 0.174241 -0.076185
0.006520 0.172211 -0.064664
-0.010335 0.172211 -0.064664
-0.027190 0.172211 -0.064664
-0.044044 0.172211 -0.064664
-0.009029 0.113340 0.269466
-0.026520 0.113340 0.269466
-0.042267 0.111310 0.280987
0.310703 0.169720 -0.145315
0.291731 0.171772 -0.156837
0.275052 0.171772 -0.156837
0.258373 0.171772 -0.156837
0.237283 0.175876 -0.179880
0.220647 0.175876 -0.179880
0.204012 0.175876 -0.179880
0.187377 0.175876 -0.179880
0.170742 0.175876 -0.179880
0.154107 0.175876 -0.179880
0.141620 0.171772 -0.156837
0.124941 0.171772 -0.156837
0.110292 0.169720 -0.145315
0.097607 0.165616 -0.122272
0.080862 0.165616 -0.122272
0.068045 0.161512 -0.099228
0.051257 0.161512 -0.099228
0.038308 0.157408 -0.076185
0.021476 0.157408 -0.076185
0.006520 0.155356 -0.064664
-0.010335 0.155356 -0.064664
-0.027190 0.155356 -0.064664
0.008462 0.095849 0.269466
-0.009029 0.095849 0.269466
-0.024754 0.093797 0.280987
-0.038777 0.089693 0.304030
0.327404 0.153019 -0.145315
0.308410 0.155093 -0.156837
0.291731 0.155093 -0.156837
0.275052 0.155093 -0.156837
0.253918 0.159241 -0.179880
0.237283 0.159241 -0.179880
0.220647 0.159241 -0.179880
0.199689 0.163388 -0.202924
0.187377 0.159241 -0.179880
0.170742 0.159241 -0.179880
0.158299 0.155093 -0.156837
0.141620 0.155093 -0.156837
0.126993 0.153019 -0.145315
0.110292 0.153019 -0.145315
0.097607 0.148871 -0.122272
0.080862 0.148871 -0.122272
0.068045 0.144723 -0.099228
0.051257 0.144723 -0.099228
0.038308 0.140576 -0.076185
0.021476 0.140576 -0.076185
0.004643 0.140576 -0.076185
-0.012189 0.140576 -0.076185
-0.029022 0.140576 -0.076185
0.008462 0.078358 0.269466
-0.009029 0.078358 0.269466
-0.021220 0.072137 0.304030
0.327404 0.136318 -0.145315
0.310703 0.136318 -0.145315
0.291731 0.138414 -0.156837
0.275052 0.138414 -0.156837
0.258373 0.138414 -0.156837
0.237283 0.142606 -0.179880
0.220647 0.142606 -0.179880
0.199689 0.146797 -0.202924
0.187377 0.142606 -0.179880
0.174978 0.138414 -0.156837
0.158299 0.138414 -0.156837
0.143694 0.136318 -0.145315
0.126993 0.136318 -0.145315
0.114352 0.132126 -0.122272
0.097607 0.132126 -0.122272
0.084834 0.127935 -0.099228
0.068045 0.127935 -0.099228
0.051257 0.127935 -0.099228
0.038308 0.123743 -0.076185
0.021476 0.123743 -0.076185
0.004643 0.123743 -0.076185
-0.012189 0.123743 -0.076185
0.027785 0.058772 0.280987
0.010272 0.058772 0.280987
-0.007241 0.058772 0.280987
-0.021220 0.054580 0.304030
0.327404 0.119617 -0.145315
0.308410 0.121735 -0.156837
0.291731 0.121735 -0.156837
0.275052 0.121735 -0.156837
0.258373 0.121735 -0.156837
0.237283 0.125970 -0.179880
0.216280 0.130206 -0.202924
0.204012 0.125970 -0.179880
0.187377 0.125970 -0.179880
0.174978 0.121735 -0.156837
0.160394 0.119617 -0.145315
0.143694 0.119617 -0.145315
0.126993 0.119617 -0.145315
0.110292 0.119617 -0.145315
0.097607 0.115381 -0.122272
0.076890 0.119617 -0.145315
0.068045 0.111146 -0.099228
0.051257 0.111146 -0.099228
0.038308 0.106910 -0.076185
0.021476 0.106910 -0.076185
0.004643 0.106910 -0.076185
0.043444 0.043376 0.269466
0.025953 0.043376 0.269466
0.010272 0.041258 0.280987
-0.007241 0.041258 0.280987
0.360806 0.102916 -0.145315
0.344105 0.102916 -0.145315
0.325089 0.105056 -0.156837
0.308410 0.105056 -0.156837
0.287188 0.109335 -0.179880
0.266054 0.113615 -0.202924
0.249463 0.113615 -0.202924
0.232871 0.113615 -0.202924
0.216280 0.113615 -0.202924
0.199689 0.113615 -0.202924
0.187377 0.109335 -0.179880
0.170742 0.109335 -0.179880
0.158299 0.105056 -0.156837
0.143694 0.102916 -0.145315
0.126993 0.102916 -0.145315
0.110292 0.102916 -0.145315
0.097607 0.098637 -0.122272
0.076890 0.102916 -0.145315
0.064117 0.098637 -0.122272
0.051257 0.094357 -0.099228
0.038308 0.090078 -0.076185
0.021476 0.090078 -0.076185
0.062811 0.023746 0.280987
0.043444 0.025885 0.269466
0.027785 0.023746 0.280987
0.013893 0.019466 0.304030
-0.003663 0.019466 0.304030
0.377507 0.086215 -0.145315
0.360806 0.086215 -0.145315
0.341768 0.088377 -0.156837
0.320458 0.092700 -0.179880
0.303823 0.092700 -0.179880
0.287188 0.092700 -0.179880
0.266054 0.097023 -0.202924
0.253918 0.092700 -0.179880
0.237283 0.092700 -0.179880
0.220647 0.092700 -0.179880
0.204012 0.092700 -0.179880
0.187377 0.092700 -0.179880
0.174978 0.088377 -0.156837
0.160394 0.086215 -0.145315
0.143694 0.086215 -0.145315
0.135200 0.077568 -0.099228
0.118412 0.077568 -0.099228
0.097607 0.081892 -0.122272
0.080862 0.081892 -0.122272
0.071974 0.073245 -0.076185
0.055141 0.073245 -0.076185
0.095917 0.008394 0.269466
0.078426 0.008394 0.269466
0.062811 0.006233 0.280987
0.045298 0.006233 0.280987
0.027785 0.006233 0.280987
0.010272 0.006233 0.280987
-0.003663 0.001909 0.304030
0.394208 0.069514 -0.145315
0.377507 0.069514 -0.145315
0.360806 0.069514 -0.145315
0.341768 0.071698 -0.156837
0.320458 0.076065 -0.179880
0.303823 0.076065 -0.179880
0.287188 0.076065 -0.179880
0.266054 0.080432 -0.202924
0.253918 0.076065 -0.179880
0.237283 0.076065 -0.179880
0.220647 0.076065 -0.179880
0.204012 0.076065 -0.179880
0.191657 0.071698 -0.156837
0.177095 0.069514 -0.145315
0.164586 0.065147 -0.122272
0.151989 0.060780 -0.099228
0.139304 0.056412 -0.076185
0.122472 0.056412 -0.076185
0.105639 0.056412 -0.076185
0.088807 0.056412 -0.076185
0.073938 0.054229 -0.064664
0.057083 0.054229 -0.064664
0.097837 -0.011280 0.280987
0.080324 -0.011280 0.280987
0.066564 -0.015648 0.304030
0.045298 -0.011280 0.280987
0.031450 -0.015648 0.304030
0.013893 -0.015648 0.304030
0.399014 0.048402 -0.122272
0.377507 0.052813 -0.145315
0.360806 0.052813 -0.145315
0.341768 0.055019 -0.156837
0.325089 0.055019 -0.156837
0.303823 0.059430 -0.179880
0.287188 0.059430 -0.179880
0.270553 0.059430 -0.179880
0.253918 0.059430 -0.179880
0.237283 0.059430 -0.179880
0.220647 0.059430 -0.179880
0.208336 0.055019 -0.156837
0.191657 0.055019 -0.156837
0.181331 0.048402 -0.122272
0.164586 0.048402 -0.122272
0.151989 0.043991 -0.099228
0.141356 0.037374 -0.064664
0.124502 0.037374 -0.064664
0.107647 0.037374 -0.064664
0.090793 0.037374 -0.064664
0.073938 0.037374 -0.064664
0.115350 -0.028793 0.280987
0.097837 -0.028793 0.280987
0.080324 -0.028793 0.280987
0.066564 -0.033204 0.304030
0.049007 -0.033204 0.304030
0.031450 -0.033204 0.304030
0.415759 0.031657 -0.122272
0.399014 0.031657 -0.122272
0.377507 0.036112 -0.145315
0.360806 0.036112 -0.145315
0.341768 0.038340 -0.156837
0.320458 0.042795 -0.179880
0.303823 0.042795 -0.179880
0.287188 0.042795 -0.179880
0.270553 0.042795 -0.179880
0.253918 0.042795 -0.179880
0.237283 0.042795 -0.179880
0.220647 0.042795 -0.179880
0.210497 0.036112 -0.145315
0.193796 0.036112 -0.145315
0.181331 0.031657 -0.122272
0.172970 0.022747 -0.076185
0.158211 0.020520 -0.064664
0.145460 0.016065 -0.041620
0.128562 0.016065 -0.041620
0.111663 0.016065 -0.041620
0.094765 0.016065 -0.041620
0.077866 0.016065 -0.041620
0.113408 -0.044079 0.269466
0.097837 -0.046306 0.280987
0.080324 -0.046306 0.280987
0.066564 -0.050761 0.304030
0.049007 -0.050761 0.304030
0.031450 -0.050761 0.304030
0.013893 -0.050761 0.304030
0.415759 0.014912 -0.122272
0.399014 0.014912 -0.122272
0.377507 0.019411 -0.145315
0.360806 0.019411 -0.145315
0.341768 0.021661 -0.156837
0.325089 0.021661 -0.156837
0.303823 0.026160 -0.179880
0.287188 0.026160 -0.179880
0.270553 0.026160 -0.179880
0.258373 0.021661 -0.156837
0.241694 0.021661 -0.156837
0.225015 0.021661 -0.156837
0.208336 0.021661 -0.156837
0.193796 0.019411 -0.145315
0.185567 0.010413 -0.099228
0.172970 0.005914 -0.076185
0.158211 0.003665 -0.064664
0.145460 -0.000834 -0.041620
0.128562 -0.000834 -0.041620
0.111663 -0.000834 -0.041620
0.094765 -0.000834 -0.041620
0.077866 -0.000834 -0.041620
0.113408 -0.061570 0.269466
0.097837 -0.063819 0.280987
0.080324 -0.063819 0.280987
0.066564 -0.068318 0.304030
0.049007 -0.068318 0.304030
0.031450 -0.068318 0.304030
0.013893 -0.068318 0.304030
0.437398 -0.006375 -0.099228
0.415759 -0.001833 -0.122272
0.399014 -0.001833 -0.122272
0.377507 0.002710 -0.145315
0.360806 0.002710 -0.145315
0.341768 0.004982 -0.156837
0.320458 0.009525 -0.179880
0.303823 0.009525 -0.179880
0.287188 0.009525 -0.179880
0.275052 0.004982 -0.156837
0.258373 0.004982 -0.156837
0.241694 0.004982 -0.156837
0.225015 0.004982 -0.156837
0.210497 0.002710 -0.145315
0.198076 -0.001833 -0.122272
0.185567 -0.006375 -0.099228
0.175065 -0.013190 -0.064664
0.162359 -0.017732 -0.041620
0.145460 -0.017732 -0.041620
0.132622 -0.022275 -0.018577
0.115679 -0.022275 -0.018577
0.098737 -0.022275 -0.018577
0.081795 -0.022275 -0.018577
0.113408 -0.079061 0.269466
0.097837 -0.081332 0.280987
0.080324 -0.081332 0.280987
0.062811 -0.081332 0.280987
0.049007 -0.085875 0.304030
0.031450 -0.085875 0.304030
0.013893 -0.085875 0.304030
-0.003663 -0.085875 0.304030
0.454187 -0.023164 -0.099228
0.432504 -0.018577 -0.122272
0.415759 -0.018577 -0.122272
0.399014 -0.018577 -0.122272
0.377507 -0.013991 -0.145315
0.360806 -0.013991 -0.145315
0.341768 -0.011697 -0.156837
0.325089 -0.011697 -0.156837
0.308410 -0.011697 -0.156837
0.291731 -0.011697 -0.156837
0.275052 -0.011697 -0.156837
0.258373 -0.011697 -0.156837
0.241694 -0.011697 -0.156837
0.227198 -0.013991 -0.145315
0.210497 -0.013991 -0.145315
0.198076 -0.018577 -0.122272
0.185567 -0.023164 -0.099228
0.175065 -0.030044 -0.064664
0.162359 -0.034631 -0.041620
0.145460 -0.034631 -0.041620
0.132622 -0.039218 -0.018577
0.115679 -0.039218 -0.018577
0.100723 -0.041511 -0.007055
0.083759 -0.041511 -0.007055
0.113408 -0.096552 0.269466
0.097837 -0.098845 0.280987
0.080324 -0.098845 0.280987
0.062811 -0.098845 0.280987
0.049007 -0.103432 0.304030
0.031450 -0.103432 0.304030
0.013893 -0.103432 0.304030
-0.021220 -0.103432 0.304030
-0.056334 -0.103432 0.304030
-0.073891 -0.103432 0.304030
0.454187 -0.039953 -0.099228
0.437398 -0.039953 -0.099228
0.415759 -0.035322 -0.122272
0.399014 -0.035322 -0.122272
0.377507 -0.030692 -0.145315
0.360806 -0.030692 -0.145315
0.341768 -0.028376 -0.156837
0.320458 -0.023746 -0.179880
0.308410 -0.028376 -0.156837
0.291731 -0.028376 -0.156837
0.275052 -0.028376 -0.156837
0.260600 -0.030692 -0.145315
0.243899 -0.030692 -0.145315
0.227198 -0.030692 -0.145315
0.214821 -0.035322 -0.122272
0.202356 -0.039953 -0.099228
0.189802 -0.044584 -0.076185
0.172970 -0.044584 -0.076185
0.162359 -0.051529 -0.041620
0.145460 -0.051529 -0.041620
0.132622 -0.056160 -0.018577
0.115679 -0.056160 -0.018577
0.100723 -0.058475 -0.007055
0.083759 -0.058475 -0.007055
0.113408 -0.114043 0.269466
0.097837 -0.116358 0.280987
0.080324 -0.116358 0.280987
0.062811 -0.116358 0.280987
0.049007 -0.120989 0.304030
0.031450 -0.120989 0.304030
0.013893 -0.120989 0.304030
-0.003663 -0.120989 0.304030
-0.021220 -0.120989 0.304030
0.470975 -0.056742 -0.099228
0.459125 -0.061416 -0.076185
0.437398 -0.056742 -0.099228
0.415759 -0.052067 -0.122272
0.399014 -0.052067 -0.122272
0.382269 -0.052067 -0.122272
0.360806 -0.047393 -0.145315
0.341768 -0.045055 -0.156837
0.325089 -0.045055 -0.156837
0.308410 -0.045055 -0.156837
0.291731 -0.045055 -0.156837
0.277301 -0.047393 -0.145315
0.260600 -0.047393 -0.145315
0.243899 -0.047393 -0.145315
0.227198 -0.047393 -0.145315
0.214821 -0.052067 -0.122272
0.202356 -0.056742 -0.099228
0.189802 -0.061416 -0.076185
0.179257 -0.068428 -0.041620
0.162359 -0.068428 -0.041620
0.149564 -0.073102 -0.018577
0.132622 -0.073102 -0.018577
0.117687 -0.075440 -0.007055
0.100723 -0.075440 -0.007055
0.083759 -0.075440 -0.007055
0.113408 -0.131534 0.269466
0.095917 -0.131534 0.269466
0.080324 -0.133871 0.280987
0.062811 -0.133871 0.280987
0.045298 -0.133871 0.280987
0.027785 -0.133871 0.280987
0.013893 -0.138546 0.304030
-0.003663 -0.138546 0.304030
-0.021220 -0.138546 0.304030
-0.038777 -0.138546 0.304030
-0.056334 -0.138546 0.304030
-0.073891 -0.138546 0.304030
0.470975 -0.073530 -0.099228
0.454187 -0.073530 -0.099228
0.432504 -0.068812 -0.122272
0.415759 -0.068812 -0.122272
0.399014 -0.068812 -0.122272
0.377507 -0.064094 -0.145315
0.360806 -0.064094 -0.145315
0.341768 -0.061734 -0.156837
0.325089 -0.061734 -0.156837
0.308410 -0.061734 -0.156837
0.291731 -0.061734 -0.156837
0.277301 -0.064094 -0.145315
0.260600 -0.064094 -0.145315
0.243899 -0.064094 -0.145315
0.227198 -0.064094 -0.145315
0.214821 -0.068812 -0.122272
0.202356 -0.073530 -0.099228
0.191920 -0.080608 -0.064664
0.183449 -0.090045 -0.018577
0.168580 -0.092404 -0.007055
0.151616 -0.092404 -0.007055
0.134652 -0.092404 -0.007055
0.121703 -0.097122 0.015989
0.104695 -0.097122 0.015989
0.130899 -0.149025 0.269466
0.113408 -0.149025 0.269466
0.097837 -0.151384 0.280987
0.080324 -0.151384 0.280987
0.062811 -0.151384 0.280987
0.045298 -0.151384 0.280987
0.027785 -0.151384 0.280987
0.010272 -0.151384 0.280987
-0.007241 -0.151384 0.280987
-0.024754 -0.151384 0.280987
-0.042267 -0.151384 0.280987
-0.056334 -0.156102 0.304030
-0.073891 -0.156102 0.304030
-0.091448 -0.156102 0.304030
-0.109005 -0.156102 0.304030
0.470975 -0.090319 -0.099228
0.454187 -0.090319 -0.099228
0.432504 -0.085557 -0.122272
0.415759 -0.085557 -0.122272
0.399014 -0.085557 -0.122272
0.377507 -0.080794 -0.145315
0.365525 -0.085557 -0.122272
0.344105 -0.080794 -0.145315
0.325089 -0.078413 -0.156837
0.310703 -0.080794 -0.145315
0.294002 -0.080794 -0.145315
0.277301 -0.080794 -0.145315
0.260600 -0.080794 -0.145315
0.243899 -0.080794 -0.145315
0.227198 -0.080794 -0.145315
0.214821 -0.085557 -0.122272
0.202356 -0.090319 -0.099228
0.189802 -0.095081 -0.076185
0.179257 -0.102225 -0.041620
0.168580 -0.109368 -0.007055
0.151616 -0.109368 -0.007055
0.134652 -0.109368 -0.007055
0.121703 -0.114131 0.015989
0.104695 -0.114131 0.015989
0.126971 -0.161754 0.246422
0.113408 -0.166516 0.269466
0.097837 -0.168897 0.280987
0.080324 -0.168897 0.280987
0.062811 -0.168897 0.280987
0.045298 -0.168897 0.280987
0.027785 -0.168897 0.280987
0.010272 -0.168897 0.280987
-0.007241 -0.168897 0.280987
-0.024754 -0.168897 0.280987
-0.038777 -0.173659 0.304030
-0.056334 -0.173659 0.304030
-0.073891 -0.173659 0.304030
-0.091448 -0.173659 0.304030
-0.109005 -0.173659 0.304030
0.478448 -0.114317 -0.064664
0.459125 -0.111914 -0.076185
0.437398 -0.107108 -0.099228
0.420609 -0.107108 -0.099228
0.399014 -0.102302 -0.122272
0.382269 -0.102302 -0.122272
0.365525 -0.102302 -0.122272
0.348780 -0.102302 -0.122272
0.325089 -0.095092 -0.156837
0.310703 -0.097496 -0.145315
0.294002 -0.097496 -0.145315
0.277301 -0.097496 -0.145315
0.260600 -0.097496 -0.145315
0.248310 -0.102302 -0.122272
0.227198 -0.097496 -0.145315
0.214821 -0.102302 -0.122272
0.206635 -0.111914 -0.076185
0.191920 -0.114317 -0.064664
0.183449 -0.123929 -0.018577
0.168580 -0.126333 -0.007055
0.151616 -0.126333 -0.007055
0.134652 -0.126333 -0.007055
0.121703 -0.131139 0.015989
0.140445 -0.174395 0.223379
0.126971 -0.179201 0.246422
0.113408 -0.184007 0.269466
0.095917 -0.184007 0.269466
0.080324 -0.186410 0.280987
0.062811 -0.186410 0.280987
0.045298 -0.186410 0.280987
0.027785 -0.186410 0.280987
0.010272 -0.186410 0.280987
-0.007241 -0.186410 0.280987
-0.024754 -0.186410 0.280987
-0.042267 -0.186410 0.280987
-0.059779 -0.186410 0.280987
-0.077292 -0.186410 0.280987
-0.091448 -0.191216 0.304030
-0.109005 -0.191216 0.304030
0.483430 -0.136022 -0.041620
0.459125 -0.128747 -0.076185
0.437398 -0.123897 -0.099228
0.420609 -0.123897 -0.099228
0.403820 -0.123897 -0.099228
0.382269 -0.119047 -0.122272
0.365525 -0.119047 -0.122272
0.348780 -0.119047 -0.122272
0.327404 -0.114196 -0.145315
0.310703 -0.114196 -0.145315
0.294002 -0.114196 -0.145315
0.277301 -0.114196 -0.145315
0.265055 -0.119047 -0.122272
0.248310 -0.119047 -0.122272
0.231566 -0.119047 -0.122272
0.219144 -0.123897 -0.099228
0.208775 -0.131172 -0.064664
0.191920 -0.131172 -0.064664
0.183449 -0.140872 -0.018577
0.168580 -0.143297 -0.007055
0.151616 -0.143297 -0.007055
0.138712 -0.148147 0.015989
0.121703 -0.148147 0.015989
0.136473 -0.186948 0.200335
0.126971 -0.196648 0.246422
0.113408 -0.201498 0.269466
0.097837 -0.203923 0.280987
0.080324 -0.203923 0.280987
0.062811 -0.203923 0.280987
0.045298 -0.203923 0.280987
0.027785 -0.203923 0.280987
0.010272 -0.203923 0.280987
-0.007241 -0.203923 0.280987
-0.024754 -0.203923 0.280987
-0.042267 -0.203923 0.280987
-0.059779 -0.203923 0.280987
-0.077292 -0.203923 0.280987
-0.091448 -0.208773 0.304030
-0.109005 -0.208773 0.304030
-0.126561 -0.208773 0.304030
-0.540541 -0.186948 0.200335
-0.557901 -0.186948 0.200335
-0.632440 -0.174823 0.142727
-0.649690 -0.174823 0.142727
-0.666940 -0.174823 0.142727
-0.686099 -0.169973 0.119684
-0.705170 -0.165123 0.096641
-0.726885 -0.152997 0.039032
-0.743937 -0.152997 0.039032
-0.762723 -0.148147 0.015989
-0.779731 -0.148147 0.015989
-0.796740 -0.148147 0.015989
0.500328 -0.152920 -0.041620
0.483430 -0.152920 -0.041620
0.461593 -0.148026 -0.064664
0.442292 -0.145579 -0.076185
0.425459 -0.145579 -0.076185
0.403820 -0.140685 -0.099228
0.382269 -0.135791 -0.122272
0.365525 -0.135791 -0.122272
0.348780 -0.135791 -0.122272
0.327404 -0.130897 -0.145315
0.315290 -0.135791 -0.122272
0.294002 -0.130897 -0.145315
0.281800 -0.135791 -0.122272
0.265055 -0.135791 -0.122272
0.248310 -0.135791 -0.122272
0.231566 -0.135791 -0.122272
0.223468 -0.145579 -0.076185
0.208775 -0.148026 -0.064664
0.196156 -0.152920 -0.041620
0.183449 -0.157814 -0.018577
0.168580 -0.160261 -0.007055
0.151616 -0.160261 -0.007055
0.134652 -0.160261 -0.007055
0.121703 -0.165155 0.015989
0.144418 -0.214095 0.246422
0.130899 -0.218989 0.269466
0.113408 -0.218989 0.269466
0.097837 -0.221436 0.280987
0.080324 -0.221436 0.280987
0.062811 -0.221436 0.280987
0.045298 -0.221436 0.280987
0.027785 -0.221436 0.280987
0.010272 -0.221436 0.280987
-0.007241 -0.221436 0.280987
-0.024754 -0.221436 0.280987
-0.042267 -0.221436 0.280987
-0.059779 -0.221436 0.280987
-0.077292 -0.221436 0.280987
-0.094805 -0.221436 0.280987
-0.109005 -0.226330 0.304030
-0.126561 -0.226330 0.304030
-0.144118 -0.226330 0.304030
-0.540541 -0.204307 0.200335
-0.560117 -0.199413 0.177292
-0.577433 -0.199413 0.177292
-0.594748 -0.199413 0.177292
-0.612063 -0.199413 0.177292
-0.630399 -0.196966 0.165771
-0.649690 -0.192072 0.142727
-0.664986 -0.196966 0.165771
-0.684189 -0.192072 0.142727
-0.703304 -0.187178 0.119684
-0.720510 -0.187178 0.119684
-0.743937 -0.170049 0.039032
-0.762723 -0.165155 0.015989
-0.779731 -0.165155 0.015989
-0.796740 -0.165155 0.015989
-0.813748 -0.165155 0.015989
0.500328 -0.169819 -0.041620
0.478448 -0.164881 -0.064664
0.459125 -0.162412 -0.076185
0.437398 -0.157474 -0.099228
0.420609 -0.157474 -0.099228
0.403820 -0.157474 -0.099228
0.382269 -0.152536 -0.122272
0.365525 -0.152536 -0.122272
0.348780 -0.152536 -0.122272
0.332035 -0.152536 -0.122272
0.315290 -0.152536 -0.122272
0.298545 -0.152536 -0.122272
0.281800 -0.152536 -0.122272
0.265055 -0.152536 -0.122272
0.248310 -0.152536 -0.122272
0.231566 -0.152536 -0.122272
0.223468 -0.162412 -0.076185
0.208775 -0.164881 -0.064664
0.191920 -0.164881 -0.064664
0.183449 -0.174757 -0.018577
0.168580 -0.177225 -0.007055
0.151616 -0.177225 -0.007055
0.138712 -0.182163 0.015989
0.121703 -0.182163 0.015989
0.140445 -0.226604 0.223379
0.130899 -0.236480 0.269466
0.115350 -0.238949 0.280987
0.097837 -0.238949 0.280987
0.080324 -0.238949 0.280987
0.062811 -0.238949 0.280987
0.045298 -0.238949 0.280987
0.027785 -0.238949 0.280987
0.010272 -0.238949 0.280987
-0.007241 -0.238949 0.280987
-0.024754 -0.238949 0.280987
-0.042267 -0.238949 0.280987
-0.059779 -0.238949 0.280987
-0.077292 -0.238949 0.280987
-0.094805 -0.238949 0.280987
-0.112318 -0.238949 0.280987
-0.126561 -0.243887 0.304030
-0.144118 -0.243887 0.304030
-0.161675 -0.243887 0.304030
-0.179232 -0.243887 0.304030
-0.196789 -0.243887 0.304030
-0.214346 -0.243887 0.304030
-0.231903 -0.243887 0.304030
-0.462578 -0.238949 0.280987
-0.477699 -0.243887 0.304030
-0.495255 -0.243887 0.304030
-0.518573 -0.231542 0.246422
-0.540541 -0.221667 0.200335
-0.560117 -0.216729 0.177292
-0.578519 -0.214260 0.165771
-0.597941 -0.209322 0.142727
-0.613106 -0.214260 0.165771
-0.632440 -0.209322 0.142727
-0.651687 -0.204384 0.119684
-0.666940 -0.209322 0.142727
-0.686099 -0.204384 0.119684
-0.703304 -0.204384 0.119684
-0.722332 -0.199446 0.096641
-0.743937 -0.187101 0.039032
-0.760990 -0.187101 0.039032
-0.778042 -0.187101 0.039032
-0.795094 -0.187101 0.039032
-0.813748 -0.182164 0.015989
-0.830756 -0.182164 0.015989
0.505354 -0.191699 -0.018577
0.483430 -0.186717 -0.041620
0.461593 -0.181736 -0.064664
0.444739 -0.181736 -0.064664
0.427884 -0.181736 -0.064664
0.411030 -0.181736 -0.064664
0.382269 -0.169281 -0.122272
0.365525 -0.169281 -0.122272
0.348780 -0.169281 -0.122272
0.332035 -0.169281 -0.122272
0.315290 -0.169281 -0.122272
0.298545 -0.169281 -0.122272
0.281800 -0.169281 -0.122272
0.265055 -0.169281 -0.122272
0.252722 -0.174263 -0.099228
0.235933 -0.174263 -0.099228
0.223468 -0.179245 -0.076185
0.206635 -0.179245 -0.076185
0.191920 -0.181736 -0.064664
0.183449 -0.191699 -0.018577
0.168580 -0.194190 -0.007055
0.151616 -0.194190 -0.007055
0.138712 -0.199172 0.015989
0.121703 -0.199172 0.015989
0.144418 -0.248989 0.246422
0.130899 -0.253971 0.269466
0.115350 -0.256462 0.280987
0.097837 -0.256462 0.280987
0.080324 -0.256462 0.280987
0.062811 -0.256462 0.280987
0.045298 -0.256462 0.280987
0.027785 -0.256462 0.280987
0.010272 -0.256462 0.280987
-0.007241 -0.256462 0.280987
-0.024754 -0.256462 0.280987
-0.042267 -0.256462 0.280987
-0.059779 -0.256462 0.280987
-0.077292 -0.256462 0.280987
-0.094805 -0.256462 0.280987
-0.112318 -0.256462 0.280987
-0.129831 -0.256462 0.280987
-0.144118 -0.261444 0.304030
-0.161675 -0.261444 0.304030
-0.179232 -0.261444 0.304030
-0.196789 -0.261444 0.304030
-0.214346 -0.261444 0.304030
-0.231903 -0.261444 0.304030
-0.249459 -0.261444 0.304030
-0.389914 -0.261444 0.304030
-0.427552 -0.256462 0.280987
-0.445065 -0.256462 0.280987
-0.463796 -0.253971 0.269466
-0.481287 -0.253971 0.269466
-0.498778 -0.253971 0.269466
-0.518573 -0.248989 0.246422
-0.542802 -0.234044 0.177292
-0.561225 -0.231553 0.165771
-0.578519 -0.231553 0.165771
-0.600070 -0.221590 0.119684
-0.617276 -0.221590 0.119684
-0.634481 -0.221590 0.119684
-0.651687 -0.221590 0.119684
-0.668893 -0.221590 0.119684
-0.688008 -0.216608 0.096641
-0.705170 -0.216608 0.096641
-0.725064 -0.209135 0.062075
-0.743937 -0.204154 0.039032
-0.762723 -0.199172 0.015989
-0.779731 -0.199172 0.015989
-0.796740 -0.199172 0.015989
-0.813748 -0.199172 0.015989
-0.830756 -0.199172 0.015989
0.522296 -0.208641 -0.018577
0.500328 -0.203616 -0.041620
0.478448 -0.198590 -0.064664
0.461593 -0.198590 -0.064664
0.444739 -0.198590 -0.064664
0.427884 -0.198590 -0.064664
0.403820 -0.191052 -0.099228
0.382269 -0.186026 -0.122272
0.365525 -0.186026 -0.122272
0.348780 -0.186026 -0.122272
0.336665 -0.191052 -0.099228
0.319877 -0.191052 -0.099228
0.298545 -0.186026 -0.122272
0.281800 -0.186026 -0.122272
0.269510 -0.191052 -0.099228
0.257133 -0.196077 -0.076185
0.240300 -0.196077 -0.076185
0.225629 -0.198590 -0.064664
0.208775 -0.198590 -0.064664
0.191920 -0.198590 -0.064664
0.183449 -0.208641 -0.018577
0.166506 -0.208641 -0.018577
0.151616 -0.211154 -0.007055
0.134652 -0.211154 -0.007055
0.117687 -0.211154 -0.007055
0.100723 -0.211154 -0.007055
0.130899 -0.271462 0.269466
0.115350 -0.273975 0.280987
0.097837 -0.273975 0.280987
0.078426 -0.271462 0.269466
0.060935 -0.271462 0.269466
0.045298 -0.273975 0.280987
0.025953 -0.271462 0.269466
0.008462 -0.271462 0.269466
-0.009029 -0.271462 0.269466
-0.026520 -0.271462 0.269466
-0.042267 -0.273975 0.280987
-0.059779 -0.273975 0.280987
-0.077292 -0.273975 0.280987
-0.094805 -0.273975 0.280987
-0.112318 -0.273975 0.280987
-0.129831 -0.273975 0.280987
-0.144118 -0.279000 0.304030
-0.161675 -0.279000 0.304030
-0.179232 -0.279000 0.304030
-0.196789 -0.279000 0.304030
-0.214346 -0.279000 0.304030
-0.231903 -0.279000 0.304030
-0.249459 -0.279000 0.304030
-0.319687 -0.279000 0.304030
-0.337244 -0.279000 0.304030
-0.357500 -0.273975 0.280987
-0.372357 -0.279000 0.304030
-0.392526 -0.273975 0.280987
-0.410039 -0.273975 0.280987
-0.427552 -0.273975 0.280987
-0.445065 -0.273975 0.280987
-0.463796 -0.271462 0.269466
-0.481287 -0.271462 0.269466
-0.501126 -0.266437 0.246422
-0.520878 -0.261411 0.223379
-0.542802 -0.251360 0.177292
-0.563442 -0.243821 0.142727
-0.580692 -0.243821 0.142727
-0.600070 -0.238795 0.119684
-0.617276 -0.238795 0.119684
-0.634481 -0.238795 0.119684
-0.651687 -0.238795 0.119684
-0.670846 -0.233770 0.096641
-0.689917 -0.228744 0.073597
-0.707035 -0.228744 0.073597
-0.726885 -0.221206 0.039032
-0.745715 -0.216180 0.015989
-0.762723 -0.216180 0.015989
-0.781421 -0.211154 -0.007055
-0.798386 -0.211154 -0.007055
-0.815350 -0.211154 -0.007055
-0.833093 -0.208642 -0.018577
-0.850036 -0.208642 -0.018577
0.539239 -0.225584 -0.018577
0.522296 -0.225584 -0.018577
0.505354 -0.225584 -0.018577
0.478448 -0.215445 -0.064664
0.459125 -0.212910 -0.076185
0.444739 -0.215445 -0.064664
0.427884 -0.215445 -0.064664
0.403820 -0.207840 -0.099228
0.387032 -0.207840 -0.099228
0.365525 -0.202771 -0.122272
0.348780 -0.202771 -0.122272
0.336665 -0.207840 -0.099228
0.319877 -0.207840 -0.099228
0.303088 -0.207840 -0.099228
0.286299 -0.207840 -0.099228
0.269510 -0.207840 -0.099228
0.257133 -0.212910 -0.076185
0.240300 -0.212910 -0.076185
0.225629 -0.215445 -0.064664
0.208775 -0.215445 -0.064664
0.196156 -0.220514 -0.041620
0.183449 -0.225584 -0.018577
0.166506 -0.225584 -0.018577
0.151616 -0.228119 -0.007055
0.134652 -0.228119 -0.007055
0.117687 -0.228119 -0.007055
0.150376 -0.291488 0.280987
0.132863 -0.291488 0.280987
0.115350 -0.291488 0.280987
0.097837 -0.291488 0.280987
0.080324 -0.291488 0.280987
0.060935 -0.288953 0.269466
0.043444 -0.288953 0.269466
0.025953 -0.288953 0.269466
0.008462 -0.288953 0.269466
-0.009029 -0.288953 0.269466
-0.026520 -0.288953 0.269466
-0.044011 -0.288953 0.269466
-0.061502 -0.288953 0.269466
-0.078993 -0.288953 0.269466
-0.096484 -0.288953 0.269466
-0.113975 -0.288953 0.269466
-0.129831 -0.291488 0.280987
-0.147344 -0.291488 0.280987
-0.164857 -0.291488 0.280987
-0.182370 -0.291488 0.280987
-0.199883 -0.291488 0.280987
-0.217396 -0.291488 0.280987
-0.234909 -0.291488 0.280987
-0.249459 -0.296557 0.304030
-0.267016 -0.296557 0.304030
-0.284573 -0.296557 0.304030
-0.302130 -0.296557 0.304030
-0.319687 -0.296557 0.304030
-0.337244 -0.296557 0.304030
-0.354801 -0.296557 0.304030
-0.375013 -0.291488 0.280987
-0.392526 -0.291488 0.280987
-0.410039 -0.291488 0.280987
-0.427552 -0.291488 0.280987
-0.446305 -0.288953 0.269466
-0.463796 -0.288953 0.269466
-0.483679 -0.283884 0.246422
-0.501126 -0.283884 0.246422
-0.520878 -0.278814 0.223379
-0.543932 -0.266140 0.165771
-0.563442 -0.261071 0.142727
-0.582864 -0.256001 0.119684
-0.600070 -0.256001 0.119684
-0.617276 -0.256001 0.119684
-0.636522 -0.250932 0.096641
-0.653684 -0.250932 0.096641
-0.672799 -0.245862 0.073597
-0.689917 -0.245862 0.073597
-0.707968 -0.243327 0.062075
-0.726885 -0.238258 0.039032
-0.745715 -0.233188 0.015989
-0.762723 -0.233188 0.015989
-0.781421 -0.228119 -0.007055
-0.798386 -0.228119 -0.007055
-0.815350 -0.228119 -0.007055
-0.832314 -0.228119 -0.007055
-0.850036 -0.225584 -0.018577
0.575724 -0.245083 -0.007055
0.558760 -0.245083 -0.007055
0.541795 -0.245083 -0.007055
0.517227 -0.237413 -0.041620
0.500328 -0.237413 -0.041620
0.478448 -0.232299 -0.064664
0.461593 -0.232299 -0.064664
0.444739 -0.232299 -0.064664
0.427884 -0.232299 -0.064664
0.403820 -0.224629 -0.099228
0.387032 -0.224629 -0.099228
0.365525 -0.219516 -0.122272
0.348780 -0.219516 -0.122272
0.336665 -0.224629 -0.099228
0.319877 -0.224629 -0.099228
0.303088 -0.224629 -0.099228
0.286299 -0.224629 -0.099228
0.273965 -0.229742 -0.076185
0.257133 -0.229742 -0.076185
0.240300 -0.229742 -0.076185
0.225629 -0.232299 -0.064664
0.208775 -0.232299 -0.064664
0.196156 -0.237413 -0.041620
0.183449 -0.242526 -0.018577
0.166506 -0.242526 -0.018577
0.151616 -0.245083 -0.007055
0.134652 -0.245083 -0.007055
0.117687 -0.245083 -0.007055
0.150376 -0.309001 0.280987
0.132863 -0.309001 0.280987
0.115350 -0.309001 0.280987
0.097837 -0.309001 0.280987
0.080324 -0.309001 0.280987
0.060935 -0.306444 0.269466
0.043444 -0.306444 0.269466
0.025953 -0.306444 0.269466
0.008462 -0.306444 0.269466
-0.012606 -0.301331 0.246422
-0.030054 -0.301331 0.246422
-0.044011 -0.306444 0.269466
-0.061502 -0.306444 0.269466
-0.078993 -0.306444 0.269466
-0.096484 -0.306444 0.269466
-0.113975 -0.306444 0.269466
-0.131466 -0.306444 0.269466
-0.148957 -0.306444 0.269466
-0.164857 -0.309001 0.280987
-0.183939 -0.306444 0.269466
-0.201430 -0.306444 0.269466
-0.218922 -0.306444 0.269466
-0.236413 -0.306444 0.269466
-0.253903 -0.306444 0.269466
-0.269935 -0.309001 0.280987
-0.287448 -0.309001 0.280987
-0.304961 -0.309001 0.280987
-0.319687 -0.314114 0.304030
-0.337244 -0.314114 0.304030
-0.354801 -0.314114 0.304030
-0.372357 -0.314114 0.304030
-0.392526 -0.309001 0.280987
-0.407471 -0.314114 0.304030
-0.428814 -0.306444 0.269466
-0.446305 -0.306444 0.269466
-0.466232 -0.301331 0.246422
-0.486071 -0.296217 0.223379
-0.503474 -0.296217 0.223379
-0.523182 -0.291104 0.200335
-0.543932 -0.283434 0.165771
-0.563442 -0.278320 0.142727
-0.582864 -0.273207 0.119684
-0.600070 -0.273207 0.119684
-0.619361 -0.268094 0.096641
-0.636522 -0.268094 0.096641
-0.653684 -0.268094 0.096641
-0.672799 -0.262980 0.073597
-0.692781 -0.255310 0.039032
-0.709833 -0.255310 0.039032
-0.728707 -0.250196 0.015989
-0.745715 -0.250196 0.015989
-0.764457 -0.245083 -0.007055
-0.781421 -0.245083 -0.007055
-0.798386 -0.245083 -0.007055
-0.813748 -0.250196 0.015989
-0.830756 -0.250196 0.015989
0.597934 -0.267205 0.015989
0.575724 -0.262047 -0.007055
0.558760 -0.262047 -0.007055
0.546909 -0.267205 0.015989
0.522296 -0.259469 -0.018577
0.505354 -0.259469 -0.018577
0.478448 -0.249154 -0.064664
0.466531 -0.254311 -0.041620
0.444739 -0.249154 -0.064664
0.427884 -0.249154 -0.064664
0.408627 -0.246575 -0.076185
0.387032 -0.241418 -0.099228
0.370243 -0.241418 -0.099228
0.353454 -0.241418 -0.099228
0.336665 -0.241418 -0.099228
0.319877 -0.241418 -0.099228
0.303088 -0.241418 -0.099228
0.286299 -0.241418 -0.099228
0.273965 -0.246575 -0.076185
0.257133 -0.246575 -0.076185
0.242484 -0.249154 -0.064664
0.225629 -0.249154 -0.064664
0.213054 -0.254311 -0.041620
0.196156 -0.254311 -0.041620
0.183449 -0.259469 -0.018577
0.168580 -0.262047 -0.007055
0.151616 -0.262047 -0.007055
0.132622 -0.259469 -0.018577
0.115679 -0.259469 -0.018577
0.150376 -0.326514 0.280987
0.132863 -0.326514 0.280987
0.115350 -0.326514 0.280987
0.097837 -0.326514 0.280987
0.080324 -0.326514 0.280987
0.060935 -0.323935 0.269466
0.043444 -0.323935 0.269466
0.025953 -0.323935 0.269466
0.004841 -0.318778 0.246422
-0.012606 -0.318778 0.246422
-0.030054 -0.318778 0.246422
-0.047501 -0.318778 0.246422
-0.061502 -0.323935 0.269466
-0.078993 -0.323935 0.269466
-0.096484 -0.323935 0.269466
-0.113975 -0.323935 0.269466
-0.131466 -0.323935 0.269466
-0.148957 -0.323935 0.269466
-0.166448 -0.323935 0.269466
-0.183939 -0.323935 0.269466
-0.201430 -0.323935 0.269466
-0.218922 -0.323935 0.269466
-0.236413 -0.323935 0.269466
-0.252422 -0.326514 0.280987
-0.269935 -0.326514 0.280987
-0.287448 -0.326514 0.280987
-0.302130 -0.331671 0.304030
-0.319687 -0.331671 0.304030
-0.337244 -0.331671 0.304030
-0.354801 -0.331671 0.304030
-0.372357 -0.331671 0.304030
-0.392526 -0.326514 0.280987
-0.410039 -0.326514 0.280987
-0.427552 -0.326514 0.280987
-0.446305 -0.323935 0.269466
-0.466232 -0.318778 0.246422
-0.486071 -0.313621 0.223379
-0.505823 -0.308463 0.200335
-0.523182 -0.308463 0.200335
-0.543932 -0.300727 0.165771
-0.563442 -0.295570 0.142727
-0.582864 -0.290413 0.119684
-0.600070 -0.290413 0.119684
-0.617276 -0.290413 0.119684
-0.636522 -0.285255 0.096641
-0.653684 -0.285255 0.096641
-0.672799 -0.280098 0.073597
-0.692781 -0.272362 0.039032
-0.711699 -0.267205 0.015989
-0.728707 -0.267205 0.015989
-0.747493 -0.262047 -0.007055
-0.764457 -0.262047 -0.007055
-0.781421 -0.262047 -0.007055
-0.796740 -0.267205 0.015989
-0.813748 -0.267205 0.015989
-0.830756 -0.267205 0.015989
0.597934 -0.284213 0.015989
0.575724 -0.279011 -0.007055
0.558760 -0.279011 -0.007055
0.541795 -0.279011 -0.007055
0.522296 -0.276411 -0.018577
0.507867 -0.279011 -0.007055
0.478448 -0.266008 -0.064664
0.466531 -0.271210 -0.041620
0.449633 -0.271210 -0.041620
0.427884 -0.266008 -0.064664
0.408627 -0.263408 -0.076185
0.391794 -0.263408 -0.076185
0.370243 -0.258207 -0.099228
0.358129 -0.263408 -0.076185
0.336665 -0.258207 -0.099228
0.324463 -0.263408 -0.076185
0.303088 -0.258207 -0.099228
0.290798 -0.263408 -0.076185
0.273965 -0.263408 -0.076185
0.259338 -0.266008 -0.064664
0.242484 -0.266008 -0.064664
0.225629 -0.266008 -0.064664
0.213054 -0.271210 -0.041620
0.196156 -0.271210 -0.041620
0.183449 -0.276411 -0.018577
0.166506 -0.276411 -0.018577
0.151616 -0.279011 -0.007055
0.134652 -0.279011 -0.007055
0.165881 -0.341426 0.269466
0.148390 -0.341426 0.269466
0.130899 -0.341426 0.269466
0.115350 -0.344027 0.280987
0.095917 -0.341426 0.269466
0.078426 -0.341426 0.269466
0.060935 -0.341426 0.269466
0.043444 -0.341426 0.269466
0.025953 -0.341426 0.269466
0.008462 -0.341426 0.269466
-0.012606 -0.336225 0.246422
-0.030054 -0.336225 0.246422
-0.047501 -0.336225 0.246422
-0.061502 -0.341426 0.269466
-0.078993 -0.341426 0.269466
-0.096484 -0.341426 0.269466
-0.113975 -0.341426 0.269466
-0.131466 -0.341426 0.269466
-0.148957 -0.341426 0.269466
-0.166448 -0.341426 0.269466
-0.183939 -0.341426 0.269466
-0.201430 -0.341426 0.269466
-0.218922 -0.341426 0.269466
-0.236413 -0.341426 0.269466
-0.252422 -0.344027 0.280987
-0.269935 -0.344027 0.280987
-0.287448 -0.344027 0.280987
-0.302130 -0.349228 0.304030
-0.319687 -0.349228 0.304030
-0.337244 -0.349228 0.304030
-0.354801 -0.349228 0.304030
-0.372357 -0.349228 0.304030
-0.392526 -0.344027 0.280987
-0.407471 -0.349228 0.304030
-0.427552 -0.344027 0.280987
-0.446305 -0.341426 0.269466
-0.468668 -0.331024 0.223379
-0.486071 -0.331024 0.223379
-0.505823 -0.325823 0.200335
-0.523182 -0.325823 0.200335
-0.543932 -0.318021 0.165771
-0.563442 -0.312820 0.142727
-0.582864 -0.307618 0.119684
-0.600070 -0.307618 0.119684
-0.617276 -0.307618 0.119684
-0.636522 -0.302417 0.096641
-0.653684 -0.302417 0.096641
-0.672799 -0.297216 0.073597
-0.692781 -0.289414 0.039032
-0.711699 -0.284213 0.015989
-0.728707 -0.284213 0.015989
-0.745715 -0.284213 0.015989
-0.764457 -0.279012 -0.007055
-0.781421 -0.279012 -0.007055
-0.798386 -0.279012 -0.007055
-0.813748 -0.284213 0.015989
0.597934 -0.301221 0.015989
0.575724 -0.295976 -0.007055
0.563917 -0.301221 0.015989
0.546909 -0.301221 0.015989
0.524831 -0.295976 -0.007055
0.512892 -0.301221 0.015989
0.490902 -0.295976 -0.007055
0.466531 -0.288108 -0.041620
0.449633 -0.288108 -0.041620
0.432734 -0.288108 -0.041620
0.411030 -0.282863 -0.064664
0.391794 -0.280241 -0.076185
0.374961 -0.280241 -0.076185
0.358129 -0.280241 -0.076185
0.341296 -0.280241 -0.076185
0.324463 -0.280241 -0.076185
0.307631 -0.280241 -0.076185
0.290798 -0.280241 -0.076185
0.276193 -0.282863 -0.064664
0.259338 -0.282863 -0.064664
0.242484 -0.282863 -0.064664
0.229953 -0.288108 -0.041620
0.213054 -0.288108 -0.041620
0.200391 -0.293353 -0.018577
0.183449 -0.293353 -0.018577
0.168580 -0.295976 -0.007055
0.151616 -0.295976 -0.007055
0.134652 -0.295976 -0.007055
0.165881 -0.358917 0.269466
0.148390 -0.358917 0.269466
0.132863 -0.361540 0.280987
0.113408 -0.358917 0.269466
0.095917 -0.358917 0.269466
0.078426 -0.358917 0.269466
0.060935 -0.358917 0.269466
0.043444 -0.358917 0.269466
0.022288 -0.353672 0.246422
0.004841 -0.353672 0.246422
-0.012606 -0.353672 0.246422
-0.030054 -0.353672 0.246422
-0.047501 -0.353672 0.246422
-0.064948 -0.353672 0.246422
-0.082395 -0.353672 0.246422
-0.099842 -0.353672 0.246422
-0.117289 -0.353672 0.246422
-0.131466 -0.358917 0.269466
-0.148957 -0.358917 0.269466
-0.166448 -0.358917 0.269466
-0.183939 -0.358917 0.269466
-0.201430 -0.358917 0.269466
-0.218922 -0.358917 0.269466
-0.236413 -0.358917 0.269466
-0.252422 -0.361540 0.280987
-0.269935 -0.361540 0.280987
-0.284573 -0.366785 0.304030
-0.302130 -0.366785 0.304030
-0.319687 -0.366785 0.304030
-0.337244 -0.366785 0.304030
-0.354801 -0.366785 0.304030
-0.372357 -0.366785 0.304030
-0.389914 -0.366785 0.304030
-0.407471 -0.366785 0.304030
-0.427552 -0.361540 0.280987
-0.451265 -0.348427 0.223379
-0.468668 -0.348427 0.223379
-0.486071 -0.348427 0.223379
-0.505823 -0.343182 0.200335
-0.523182 -0.343182 0.200335
-0.542802 -0.337937 0.177292
-0.561225 -0.335314 0.165771
-0.580692 -0.330069 0.142727
-0.600070 -0.324824 0.119684
-0.619361 -0.319579 0.096641
-0.636522 -0.319579 0.096641
-0.653684 -0.319579 0.096641
-0.672799 -0.314334 0.073597
-0.694690 -0.301221 0.015989
-0.713564 -0.295976 -0.007055
-0.730528 -0.295976 -0.007055
-0.747493 -0.295976 -0.007055
-0.764457 -0.295976 -0.007055
-0.783956 -0.288108 -0.041620
-0.800855 -0.288108 -0.041620
0.597934 -0.318229 0.015989
0.580925 -0.318229 0.015989
0.563917 -0.318229 0.015989
0.546909 -0.318229 0.015989
0.524831 -0.312940 -0.007055
0.507867 -0.312940 -0.007055
0.490902 -0.312940 -0.007055
0.471469 -0.310296 -0.018577
0.449633 -0.305007 -0.041620
0.427884 -0.299718 -0.064664
0.411030 -0.299718 -0.064664
0.394175 -0.299718 -0.064664
0.377321 -0.299718 -0.064664
0.360466 -0.299718 -0.064664
0.343611 -0.299718 -0.064664
0.324463 -0.297073 -0.076185
0.307631 -0.297073 -0.076185
0.290798 -0.297073 -0.076185
0.276193 -0.299718 -0.064664
0.259338 -0.299718 -0.064664
0.242484 -0.299718 -0.064664
0.229953 -0.305007 -0.041620
0.213054 -0.305007 -0.041620
0.200391 -0.310296 -0.018577
0.183449 -0.310296 -0.018577
0.168580 -0.312940 -0.007055
0.151616 -0.312940 -0.007055
0.134652 -0.312940 -0.007055
0.165881 -0.376408 0.269466
0.148390 -0.376408 0.269466
0.130899 -0.376408 0.269466
0.113408 -0.376408 0.269466
0.095917 -0.376408 0.269466
0.078426 -0.376408 0.269466
0.060935 -0.376408 0.269466
0.043444 -0.376408 0.269466
0.022288 -0.371119 0.246422
0.004841 -0.371119 0.246422
-0.012606 -0.371119 0.246422
-0.033587 -0.365830 0.223379
-0.047501 -0.371119 0.246422
-0.064948 -0.371119 0.246422
-0.082395 -0.371119 0.246422
-0.099842 -0.371119 0.246422
-0.117289 -0.371119 0.246422
-0.134736 -0.371119 0.246422
-0.148957 -0.376408 0.269466
-0.166448 -0.376408 0.269466
-0.183939 -0.376408 0.269466
-0.201430 -0.376408 0.269466
-0.218922 -0.376408 0.269466
-0.236413 -0.376408 0.269466
-0.252422 -0.379053 0.280987
-0.269935 -0.379053 0.280987
-0.284573 -0.384342 0.304030
-0.302130 -0.384342 0.304030
-0.319687 -0.384342 0.304030
-0.407471 -0.384342 0.304030
-0.427552 -0.379053 0.280987
-0.448785 -0.371119 0.246422
-0.468668 -0.365830 0.223379
-0.488463 -0.360541 0.200335
-0.505823 -0.360541 0.200335
-0.523182 -0.360541 0.200335
-0.542802 -0.355252 0.177292
-0.561225 -0.352608 0.165771
-0.580692 -0.347319 0.142727
-0.600070 -0.342030 0.119684
-0.619361 -0.336741 0.096641
-0.634481 -0.342030 0.119684
-0.651687 -0.342030 0.119684
-0.673776 -0.328807 0.062075
-0.692781 -0.323518 0.039032
-0.711699 -0.318229 0.015989
-0.728707 -0.318229 0.015989
-0.745715 -0.318229 0.015989
-0.764457 -0.312940 -0.007055
-0.783956 -0.305007 -0.041620
-0.800855 -0.305007 -0.041620
0.597934 -0.335237 0.015989
0.580925 -0.335237 0.015989
0.563917 -0.335237 0.015989
0.541795 -0.329904 -0.007055
0.529901 -0.335237 0.015989
0.512892 -0.335237 0.015989
0.495884 -0.335237 0.015989
0.466531 -0.321905 -0.041620
0.449633 -0.321905 -0.041620
0.427884 -0.316572 -0.064664
0.411030 -0.316572 -0.064664
0.394175 -0.316572 -0.064664
0.377321 -0.316572 -0.064664
0.360466 -0.316572 -0.064664
0.343611 -0.316572 -0.064664
0.326757 -0.316572 -0.064664
0.309902 -0.316572 -0.064664
0.293047 -0.316572 -0.064664
0.276193 -0.316572 -0.064664
0.259338 -0.316572 -0.064664
0.246851 -0.321905 -0.041620
0.234276 -0.327238 -0.018577
0.217334 -0.327238 -0.018577
0.202509 -0.329904 -0.007055
0.185545 -0.329904 -0.007055
0.176876 -0.340570 0.039032
0.159824 -0.340570 0.039032
0.167132 -0.372568 0.177292
0.165881 -0.393899 0.269466
0.148390 -0.393899 0.269466
0.130899 -0.393899 0.269466
0.113408 -0.393899 0.269466
0.095917 -0.393899 0.269466
0.078426 -0.393899 0.269466
0.060935 -0.393899 0.269466
0.043444 -0.393899 0.269466
0.022288 -0.388566 0.246422
0.004841 -0.388566 0.246422
-0.016184 -0.383233 0.223379
-0.033587 -0.383233 0.223379
-0.047501 -0.388566 0.246422
-0.064948 -0.388566 0.246422
-0.082395 -0.388566 0.246422
-0.099842 -0.388566 0.246422
-0.117289 -0.388566 0.246422
-0.134736 -0.388566 0.246422
-0.152183 -0.388566 0.246422
-0.166448 -0.393899 0.269466
-0.183939 -0.393899 0.269466
-0.201430 -0.393899 0.269466
-0.218922 -0.393899 0.269466
-0.236413 -0.393899 0.269466
-0.252422 -0.396566 0.280987
-0.269935 -0.396566 0.280987
-0.284573 -0.401898 0.304030
-0.425028 -0.401898 0.304030
-0.442585 -0.401898 0.304030
-0.460142 -0.401899 0.304030
-0.488463 -0.377901 0.200335
-0.505823 -0.377901 0.200335
-0.523182 -0.377901 0.200335
-0.542802 -0.372568 0.177292
-0.563442 -0.364568 0.142727
-0.582864 -0.359236 0.119684
-0.600070 -0.359236 0.119684
-0.619361 -0.353903 0.096641
-0.636522 -0.353903 0.096641
-0.653684 -0.353903 0.096641
-0.672799 -0.348570 0.073597
-0.692781 -0.340570 0.039032
-0.711699 -0.335238 0.015989
-0.728707 -0.335238 0.015989
-0.745715 -0.335238 0.015989
0.580925 -0.352245 0.015989
0.563917 -0.352245 0.015989
0.546909 -0.352245 0.015989
0.529901 -0.352245 0.015989
0.512892 -0.352245 0.015989
0.495884 -0.352245 0.015989
0.471469 -0.344180 -0.018577
0.449633 -0.338803 -0.041620
0.432734 -0.338803 -0.041620
0.415836 -0.338803 -0.041620
0.394175 -0.333427 -0.064664
0.377321 -0.333427 -0.064664
0.360466 -0.333427 -0.064664
0.343611 -0.333427 -0.064664
0.326757 -0.333427 -0.064664
0.314445 -0.338803 -0.041620
0.297547 -0.338803 -0.041620
0.280648 -0.338803 -0.041620
0.263750 -0.338803 -0.041620
0.251218 -0.344180 -0.018577
0.236438 -0.346869 -0.007055
0.219473 -0.346869 -0.007055
0.206745 -0.352245 0.015989
0.193928 -0.357622 0.039032
0.187246 -0.371064 0.096641
0.178292 -0.381818 0.142727
0.167132 -0.389883 0.177292
0.157849 -0.400637 0.223379
0.140445 -0.400637 0.223379
0.130899 -0.411390 0.269466
0.113408 -0.411390 0.269466
0.095917 -0.411390 0.269466
0.078426 -0.411390 0.269466
0.060935 -0.411390 0.269466
0.043444 -0.411390 0.269466
0.022288 -0.406014 0.246422
0.001220 -0.400637 0.223379
-0.016184 -0.400637 0.223379
-0.033587 -0.400637 0.223379
-0.050990 -0.400637 0.223379
-0.068393 -0.400637 0.223379
-0.085797 -0.400637 0.223379
-0.103200 -0.400637 0.223379
-0.120603 -0.400637 0.223379
-0.134736 -0.406014 0.246422
-0.152183 -0.406014 0.246422
-0.169630 -0.406014 0.246422
-0.187078 -0.406014 0.246422
-0.201430 -0.411390 0.269466
-0.218922 -0.411390 0.269466
-0.236413 -0.411390 0.269466
-0.252422 -0.414079 0.280987
-0.269935 -0.414079 0.280987
-0.284573 -0.419455 0.304030
-0.460142 -0.419456 0.304030
-0.488463 -0.395260 0.200335
-0.505823 -0.395260 0.200335
-0.523182 -0.395260 0.200335
-0.540541 -0.395260 0.200335
-0.560117 -0.389883 0.177292
-0.577433 -0.389883 0.177292
-0.594748 -0.389883 0.177292
-0.612063 -0.389883 0.177292
-0.629379 -0.389883 0.177292
-0.651687 -0.376441 0.119684
-0.664010 -0.389883 0.177292
-0.681325 -0.389883 0.177292
-0.698641 -0.389883 0.177292
-0.728707 -0.352246 0.015989
0.580925 -0.369254 0.015989
0.569074 -0.374675 0.039032
0.546909 -0.369254 0.015989
0.529901 -0.369254 0.015989
0.512892 -0.369254 0.015989
0.495884 -0.369254 0.015989
0.471469 -0.361123 -0.018577
0.449633 -0.355702 -0.041620
0.432734 -0.355702 -0.041620
0.415836 -0.355702 -0.041620
0.398937 -0.355702 -0.041620
0.382039 -0.355702 -0.041620
0.365140 -0.355702 -0.041620
0.348242 -0.355702 -0.041620
0.331343 -0.355702 -0.041620
0.314445 -0.355702 -0.041620
0.297547 -0.355702 -0.041620
0.280648 -0.355702 -0.041620
0.268161 -0.361123 -0.018577
0.251218 -0.361123 -0.018577
0.236438 -0.363833 -0.007055
0.223753 -0.369254 0.015989
0.210980 -0.374675 0.039032
0.193928 -0.374675 0.039032
0.187246 -0.388226 0.096641
0.178292 -0.399068 0.142727
0.171192 -0.412619 0.200335
0.161865 -0.423461 0.246422
0.148390 -0.428881 0.269466
0.130899 -0.428881 0.269466
0.113408 -0.428881 0.269466
0.095917 -0.428881 0.269466
0.078426 -0.428881 0.269466
0.060935 -0.428881 0.269466
0.039735 -0.423461 0.246422
0.022288 -0.423461 0.246422
0.001220 -0.418040 0.223379
-0.016184 -0.418040 0.223379
-0.033587 -0.418040 0.223379
-0.047501 -0.423461 0.246422
-0.068393 -0.418040 0.223379
-0.082395 -0.423461 0.246422
-0.099842 -0.423461 0.246422
-0.117289 -0.423461 0.246422
-0.134736 -0.423461 0.246422
-0.152183 -0.423461 0.246422
-0.169630 -0.423461 0.246422
-0.187078 -0.423461 0.246422
-0.204525 -0.423461 0.246422
-0.218922 -0.428881 0.269466
-0.236413 -0.428881 0.269466
-0.252422 -0.431592 0.280987
-0.267016 -0.437012 0.304030
-0.284573 -0.437012 0.304030
-0.557901 -0.412619 0.200335
-0.575260 -0.412619 0.200335
-0.592619 -0.412619 0.200335
-0.651687 -0.393647 0.119684
0.563917 -0.386262 0.015989
0.546909 -0.386262 0.015989
0.529901 -0.386262 0.015989
0.517918 -0.391727 0.039032
0.490902 -0.380797 -0.007055
0.471469 -0.378065 -0.018577
0.449633 -0.372600 -0.041620
0.432734 -0.372600 -0.041620
0.415836 -0.372600 -0.041620
0.398937 -0.372600 -0.041620
0.382039 -0.372600 -0.041620
0.365140 -0.372600 -0.041620
0.348242 -0.372600 -0.041620
0.331343 -0.372600 -0.041620
0.314445 -0.372600 -0.041620
0.297547 -0.372600 -0.041620
0.285103 -0.378065 -0.018577
0.270366 -0.380797 -0.007055
0.253402 -0.380797 -0.007055
0.240761 -0.386262 0.015989
0.228032 -0.391727 0.039032
0.210980 -0.391727 0.039032
0.198120 -0.397191 0.062075
0.187246 -0.405388 0.096641
0.174188 -0.410853 0.119684
0.171192 -0.429979 0.200335
0.165881 -0.446372 0.269466
0.148390 -0.446372 0.269466
0.130899 -0.446372 0.269466
0.113408 -0.446372 0.269466
0.095917 -0.446372 0.269466
0.078426 -0.446372 0.269466
0.060935 -0.446372 0.269466
0.043444 -0.446372 0.269466
0.022288 -0.440908 0.246422
0.004841 -0.440908 0.246422
-0.012606 -0.440908 0.246422
-0.030054 -0.440908 0.246422
-0.047501 -0.440908 0.246422
-0.064948 -0.440908 0.246422
-0.082395 -0.440908 0.246422
-0.099842 -0.440908 0.246422
-0.117289 -0.440908 0.246422
-0.134736 -0.440908 0.246422
-0.152183 -0.440908 0.246422
-0.169630 -0.440908 0.246422
-0.183939 -0.446372 0.269466
-0.204525 -0.440908 0.246422
-0.218922 -0.446372 0.269466
-0.234909 -0.449105 0.280987
-0.252422 -0.449105 0.280987
-0.267016 -0.454569 0.304030
-0.284573 -0.454569 0.304030
0.667832 -0.458355 0.246422
0.650385 -0.458355 0.246422
0.632937 -0.458355 0.246422
0.563917 -0.403270 0.015989
0.546909 -0.403270 0.015989
0.534970 -0.408779 0.039032
0.512892 -0.403270 0.015989
0.495884 -0.403270 0.015989
0.473938 -0.397762 -0.007055
0.454527 -0.395008 -0.018577
0.432734 -0.389499 -0.041620
0.415836 -0.389499 -0.041620
0.398937 -0.389499 -0.041620
0.382039 -0.389499 -0.041620
0.365140 -0.389499 -0.041620
0.348242 -0.389499 -0.041620
0.331343 -0.389499 -0.041620
0.318988 -0.395008 -0.018577
0.302045 -0.395008 -0.018577
0.287331 -0.397762 -0.007055
0.274778 -0.403270 0.015989
0.257769 -0.403270 0.015989
0.245085 -0.408779 0.039032
0.232312 -0.414287 0.062075
0.215216 -0.414287 0.062075
0.200216 -0.417041 0.073597
0.187246 -0.422550 0.096641
0.178292 -0.433567 0.142727
0.175252 -0.452846 0.223379
0.165881 -0.463863 0.269466
0.148390 -0.463863 0.269466
0.130899 -0.463863 0.269466
0.113408 -0.463863 0.269466
0.095917 -0.463863 0.269466
0.078426 -0.463863 0.269466
0.060935 -0.463863 0.269466
0.043444 -0.463863 0.269466
0.025953 -0.463863 0.269466
0.008462 -0.463863 0.269466
-0.009029 -0.463863 0.269466
-0.026520 -0.463863 0.269466
-0.044011 -0.463863 0.269466
-0.061502 -0.463863 0.269466
-0.082395 -0.458355 0.246422
-0.099842 -0.458355 0.246422
-0.117289 -0.458355 0.246422
-0.134736 -0.458355 0.246422
-0.152183 -0.458355 0.246422
-0.166448 -0.463863 0.269466
-0.183939 -0.463863 0.269466
-0.201430 -0.463863 0.269466
-0.214346 -0.472126 0.304030
-0.231903 -0.472126 0.304030
-0.249459 -0.472126 0.304030
-0.267016 -0.472126 0.304030
-0.284573 -0.472126 0.304030
-0.302130 -0.472126 0.304030
0.708103 -0.481354 0.269466
0.690612 -0.481354 0.269466
0.667832 -0.475802 0.246422
0.650385 -0.475802 0.246422
0.622535 -0.464697 0.200335
0.574232 -0.431383 0.062075
0.557136 -0.431383 0.062075
0.534970 -0.425831 0.039032
0.517918 -0.425831 0.039032
0.495884 -0.420278 0.015989
0.478876 -0.420278 0.015989
0.456974 -0.414726 -0.007055
0.437584 -0.411950 -0.018577
0.415836 -0.406398 -0.041620
0.398937 -0.406398 -0.041620
0.382039 -0.406398 -0.041620
0.365140 -0.406398 -0.041620
0.348242 -0.406398 -0.041620
0.335930 -0.411950 -0.018577
0.318988 -0.411950 -0.018577
0.304295 -0.414726 -0.007055
0.287331 -0.414726 -0.007055
0.274778 -0.420278 0.015989
0.257769 -0.420278 0.015989
0.249408 -0.431383 0.062075
0.234452 -0.434159 0.073597
0.217334 -0.434159 0.073597
0.204407 -0.439712 0.096641
0.191393 -0.445264 0.119684
0.182395 -0.456369 0.165771
0.171192 -0.464697 0.200335
0.161865 -0.475802 0.246422
0.148390 -0.481354 0.269466
0.130899 -0.481354 0.269466
0.113408 -0.481354 0.269466
0.095917 -0.481354 0.269466
0.078426 -0.481354 0.269466
0.060935 -0.481354 0.269466
0.043444 -0.481354 0.269466
0.025953 -0.481354 0.269466
0.008462 -0.481354 0.269466
-0.009029 -0.481354 0.269466
-0.026520 -0.481354 0.269466
-0.044011 -0.481354 0.269466
-0.061502 -0.481354 0.269466
-0.078993 -0.481354 0.269466
-0.096484 -0.481354 0.269466
-0.113975 -0.481354 0.269466
-0.134736 -0.475802 0.246422
-0.148957 -0.481354 0.269466
-0.166448 -0.481354 0.269466
-0.183939 -0.481354 0.269466
-0.199883 -0.484130 0.280987
-0.284573 -0.489683 0.304030
0.708103 -0.498845 0.269466
0.690612 -0.498845 0.269466
0.667832 -0.493249 0.246422
0.650385 -0.493249 0.246422
0.622535 -0.482057 0.200335
0.587125 -0.462470 0.119684
0.559692 -0.451277 0.073597
0.542574 -0.451277 0.073597
0.522944 -0.448479 0.062075
0.500866 -0.442883 0.039032
0.478876 -0.437286 0.015989
0.456974 -0.431690 -0.007055
0.440010 -0.431690 -0.007055
0.420642 -0.428892 -0.018577
0.403700 -0.428892 -0.018577
0.386757 -0.428892 -0.018577
0.369815 -0.428892 -0.018577
0.352873 -0.428892 -0.018577
0.335930 -0.428892 -0.018577
0.321259 -0.431690 -0.007055
0.304295 -0.431690 -0.007055
0.291786 -0.437286 0.015989
0.279189 -0.442883 0.039032
0.262137 -0.442883 0.039032
0.249408 -0.448479 0.062075
0.234452 -0.451277 0.073597
0.217334 -0.451277 0.073597
0.204407 -0.456873 0.096641
0.191393 -0.462470 0.119684
0.184447 -0.476460 0.177292
0.175252 -0.487653 0.223379
0.161865 -0.493249 0.246422
0.148390 -0.498845 0.269466
0.130899 -0.498845 0.269466
0.115350 -0.501643 0.280987
0.097837 -0.501643 0.280987
0.078426 -0.498845 0.269466
0.060935 -0.498845 0.269466
0.045298 -0.501643 0.280987
0.027785 -0.501643 0.280987
0.010272 -0.501643 0.280987
-0.007241 -0.501643 0.280987
-0.024754 -0.501643 0.280987
-0.042267 -0.501643 0.280987
-0.059779 -0.501643 0.280987
-0.078993 -0.498845 0.269466
-0.096484 -0.498845 0.269466
-0.113975 -0.498845 0.269466
-0.131466 -0.498845 0.269466
-0.148957 -0.498845 0.269466
-0.164857 -0.501643 0.280987
-0.182370 -0.501643 0.280987
-0.196789 -0.507240 0.304030
0.710791 -0.519157 0.280987
0.690612 -0.516336 0.269466
0.673121 -0.516336 0.269466
0.650385 -0.510696 0.246422
0.627736 -0.505056 0.223379
0.592282 -0.485315 0.142727
0.569919 -0.479675 0.119684
0.547644 -0.474035 0.096641
0.525457 -0.468395 0.073597
0.500866 -0.459935 0.039032
0.483814 -0.459935 0.039032
0.461868 -0.454295 0.015989
0.444859 -0.454295 0.015989
0.423045 -0.448655 -0.007055
0.406081 -0.448655 -0.007055
0.386757 -0.445835 -0.018577
0.372152 -0.448655 -0.007055
0.352873 -0.445835 -0.018577
0.335930 -0.445835 -0.018577
0.321259 -0.448655 -0.007055
0.308794 -0.454295 0.015989
0.296241 -0.459935 0.039032
0.279189 -0.459935 0.039032
0.266504 -0.465575 0.062075
0.251569 -0.468395 0.073597
0.238731 -0.474035 0.096641
0.221569 -0.474035 0.096641
0.208599 -0.479675 0.119684
0.195541 -0.485315 0.142727
0.178292 -0.485315 0.142727
0.175252 -0.505056 0.223379
0.161865 -0.510696 0.246422
0.148390 -0.516336 0.269466
0.130899 -0.516336 0.269466
0.115350 -0.519157 0.280987
0.097837 -0.519157 0.280987
0.078426 -0.516336 0.269466
0.060935 -0.516336 0.269466
0.045298 -0.519157 0.280987
0.027785 -0.519157 0.280987
0.010272 -0.519157 0.280987
-0.007241 -0.519157 0.280987
-0.024754 -0.519157 0.280987
-0.042267 -0.519157 0.280987
-0.059779 -0.519157 0.280987
-0.077292 -0.519157 0.280987
-0.096484 -0.516336 0.269466
-0.113975 -0.516336 0.269466
-0.129831 -0.519157 0.280987
-0.147344 -0.519157 0.280987
-0.161675 -0.524796 0.304030
-0.179232 -0.524796 0.304030
0.733725 -0.542353 0.304030
0.710791 -0.536669 0.280987
0.690612 -0.533827 0.269466
0.673121 -0.533827 0.269466
0.655630 -0.533827 0.269466
0.632937 -0.528143 0.246422
0.600018 -0.511091 0.177292
0.580146 -0.508249 0.165771
0.552714 -0.496881 0.119684
0.530482 -0.491197 0.096641
0.513320 -0.491197 0.096641
0.483814 -0.476987 0.039032
0.461868 -0.471303 0.015989
0.444859 -0.471303 0.015989
0.427851 -0.471303 0.015989
0.406081 -0.465619 -0.007055
0.389116 -0.465619 -0.007055
0.376827 -0.471303 0.015989
0.355188 -0.465619 -0.007055
0.338224 -0.465619 -0.007055
0.325802 -0.471303 0.015989
0.308794 -0.471303 0.015989
0.296241 -0.476987 0.039032
0.279189 -0.476987 0.039032
0.266504 -0.482671 0.062075
0.251569 -0.485513 0.073597
0.238731 -0.491197 0.096641
0.221569 -0.491197 0.096641
0.208599 -0.496881 0.119684
0.195541 -0.502565 0.142727
0.182395 -0.508249 0.165771
0.175252 -0.522459 0.223379
0.165881 -0.533827 0.269466
0.148390 -0.533827 0.269466
0.132863 -0.536669 0.280987
0.115350 -0.536669 0.280987
0.097837 -0.536669 0.280987
0.080324 -0.536669 0.280987
0.062811 -0.536669 0.280987
0.045298 -0.536669 0.280987
0.027785 -0.536669 0.280987
0.010272 -0.536669 0.280987
-0.007241 -0.536669 0.280987
-0.024754 -0.536669 0.280987
-0.042267 -0.536669 0.280987
-0.056334 -0.542353 0.304030
-0.077292 -0.536669 0.280987
-0.094805 -0.536669 0.280987
-0.112318 -0.536669 0.280987
-0.129831 -0.536669 0.280987
-0.147344 -0.536669 0.280987
-0.164857 -0.536669 0.280987
-0.182370 -0.536669 0.280987
0.733725 -0.559910 0.304030
0.710791 -0.554182 0.280987
0.693278 -0.554182 0.280987
0.673121 -0.551318 0.269466
0.650385 -0.545590 0.246422
0.632937 -0.545590 0.246422
0.600018 -0.528407 0.177292
0.580146 -0.525543 0.165771
0.557783 -0.519815 0.142727
0.535508 -0.514087 0.119684
0.513320 -0.508359 0.096641
0.491221 -0.502631 0.073597
0.471656 -0.499767 0.062075
0.454560 -0.499767 0.062075
0.432658 -0.494039 0.039032
0.415605 -0.494039 0.039032
0.398553 -0.494039 0.039032
0.381501 -0.494039 0.039032
0.359819 -0.488311 0.015989
0.347397 -0.494039 0.039032
0.330345 -0.494039 0.039032
0.313293 -0.494039 0.039032
0.296241 -0.494039 0.039032
0.279189 -0.494039 0.039032
0.266504 -0.499767 0.062075
0.251569 -0.502631 0.073597
0.238731 -0.508359 0.096641
0.225805 -0.514087 0.119684
0.216983 -0.525543 0.165771
0.199689 -0.525543 0.165771
0.192655 -0.539862 0.223379
0.179312 -0.545590 0.246422
0.161865 -0.545590 0.246422
0.150376 -0.554182 0.280987
0.132863 -0.554182 0.280987
0.119235 -0.559910 0.304030
0.101678 -0.559910 0.304030
0.080324 -0.554182 0.280987
0.062811 -0.554182 0.280987
0.045298 -0.554182 0.280987
0.027785 -0.554182 0.280987
0.010272 -0.554182 0.280987
-0.007241 -0.554182 0.280987
-0.024754 -0.554182 0.280987
-0.042267 -0.554182 0.280987
-0.056334 -0.559910 0.304030
-0.073891 -0.559910 0.304030
-0.094805 -0.554182 0.280987
-0.112318 -0.554182 0.280987
-0.126561 -0.559910 0.304030
-0.144118 -0.559910 0.304030
-0.164857 -0.554182 0.280987
-0.182370 -0.554182 0.280987
-0.199883 -0.554182 0.280987
0.716168 -0.577467 0.304030
0.693278 -0.571695 0.280987
0.673121 -0.568809 0.269466
0.650385 -0.563038 0.246422
0.632937 -0.563038 0.246422
0.600018 -0.545722 0.177292
0.580146 -0.542836 0.165771
0.562853 -0.542836 0.165771
0.540533 -0.537064 0.142727
0.513320 -0.525521 0.096641
0.496159 -0.525521 0.096641
0.471656 -0.516863 0.062075
0.454560 -0.516863 0.062075
0.437464 -0.516863 0.062075
0.415605 -0.511091 0.039032
0.398553 -0.511091 0.039032
0.381501 -0.511091 0.039032
0.364449 -0.511091 0.039032
0.347397 -0.511091 0.039032
0.330345 -0.511091 0.039032
0.317792 -0.516863 0.062075
0.302923 -0.519749 0.073597
0.285805 -0.519749 0.073597
0.273055 -0.525521 0.096641
0.260216 -0.531293 0.119684
0.247290 -0.537064 0.142727
0.230040 -0.537064 0.142727
0.219078 -0.545722 0.177292
0.205911 -0.551494 0.200335
0.192655 -0.557266 0.223379
0.179312 -0.563038 0.246422
0.165881 -0.568809 0.269466
0.148390 -0.568809 0.269466
0.132863 -0.571695 0.280987
0.119235 -0.577467 0.304030
0.101678 -0.577467 0.304030
0.084121 -0.577467 0.304030
0.066564 -0.577467 0.304030
0.049007 -0.577467 0.304030
0.027785 -0.571695 0.280987
0.010272 -0.571695 0.280987
-0.007241 -0.571695 0.280987
-0.024754 -0.571695 0.280987
-0.038777 -0.577467 0.304030
-0.056334 -0.577467 0.304030
-0.073891 -0.577467 0.304030
-0.094805 -0.571695 0.280987
-0.112318 -0.571695 0.280987
-0.129831 -0.571695 0.280987
-0.144118 -0.577467 0.304030
-0.161675 -0.577467 0.304030
-0.182370 -0.571695 0.280987
-0.199883 -0.571695 0.280987
0.693278 -0.589208 0.280987
0.673121 -0.586301 0.269466
0.655630 -0.586301 0.269466
0.632937 -0.580485 0.246422
0.605176 -0.568853 0.200335
0.582703 -0.563038 0.177292
0.562853 -0.560130 0.165771
0.540533 -0.554314 0.142727
0.513320 -0.542683 0.096641
0.496159 -0.542683 0.096641
0.471656 -0.533959 0.062075
0.454560 -0.533959 0.062075
0.437464 -0.533959 0.062075
0.415605 -0.528143 0.039032
0.398553 -0.528143 0.039032
0.381501 -0.528143 0.039032
0.364449 -0.528143 0.039032
0.347397 -0.528143 0.039032
0.330345 -0.528143 0.039032
0.317792 -0.533959 0.062075
0.307378 -0.542683 0.096641
0.290217 -0.542683 0.096641
0.273055 -0.542683 0.096641
0.260216 -0.548498 0.119684
0.247290 -0.554314 0.142727
0.234276 -0.560130 0.165771
0.219078 -0.563038 0.177292
0.205911 -0.568853 0.200335
0.192655 -0.574669 0.223379
0.179312 -0.580485 0.246422
0.167889 -0.589208 0.280987
0.150376 -0.589208 0.280987
0.136791 -0.595024 0.304030
0.027785 -0.589208 0.280987
0.010272 -0.589208 0.280987
-0.007241 -0.589208 0.280987
-0.021220 -0.595024 0.304030
-0.038777 -0.595024 0.304030
-0.056334 -0.595024 0.304030
-0.112318 -0.589208 0.280987
-0.129831 -0.589208 0.280987
-0.147344 -0.589208 0.280987
0.693278 -0.606721 0.280987
0.673121 -0.603791 0.269466
0.655630 -0.603791 0.269466
0.638139 -0.603791 0.269466
0.610333 -0.592072 0.223379
0.587816 -0.586213 0.200335
0.565387 -0.580353 0.177292
0.545559 -0.577423 0.165771
0.518302 -0.565704 0.119684
0.496159 -0.559844 0.096641
0.474103 -0.553985 0.073597
0.456985 -0.553985 0.073597
0.437464 -0.551055 0.062075
0.420368 -0.551055 0.062075
0.403272 -0.551055 0.062075
0.386176 -0.551055 0.062075
0.364449 -0.545195 0.039032
0.351984 -0.551055 0.062075
0.334888 -0.551055 0.062075
0.320041 -0.553985 0.073597
0.307378 -0.559844 0.096641
0.290217 -0.559844 0.096641
0.277422 -0.565704 0.119684
0.264540 -0.571564 0.142727
0.251569 -0.577423 0.165771
0.236394 -0.580353 0.177292
0.223270 -0.586213 0.200335
0.210059 -0.592072 0.223379
0.192655 -0.592072 0.223379
0.179312 -0.597932 0.246422
0.167889 -0.606721 0.280987
0.154348 -0.612581 0.304030
0.136791 -0.612581 0.304030
0.698611 -0.630138 0.304030
0.675765 -0.624234 0.280987
0.655630 -0.621282 0.269466
0.638139 -0.621282 0.269466
0.615490 -0.615379 0.246422
0.587816 -0.603572 0.200335
0.565387 -0.597669 0.177292
0.548072 -0.597669 0.177292
0.523284 -0.588813 0.142727
0.501096 -0.582910 0.119684
0.478997 -0.577006 0.096641
0.456985 -0.571103 0.073597
0.439867 -0.571103 0.073597
0.420368 -0.568151 0.062075
0.403272 -0.568151 0.062075
0.386176 -0.568151 0.062075
0.369080 -0.568151 0.062075
0.351984 -0.568151 0.062075
0.334888 -0.568151 0.062075
0.320041 -0.571103 0.073597
0.307378 -0.577006 0.096641
0.290217 -0.577006 0.096641
0.277422 -0.582910 0.119684
0.268863 -0.594717 0.165771
0.251569 -0.594717 0.165771
0.236394 -0.597669 0.177292
0.223270 -0.603572 0.200335
0.205911 -0.603572 0.200335
0.192655 -0.609475 0.223379
0.179312 -0.615379 0.246422
0.167889 -0.624234 0.280987
0.154348 -0.630138 0.304030
0.136791 -0.630138 0.304030
0.698611 -0.647695 0.304030
0.675765 -0.641747 0.280987
0.655630 -0.638774 0.269466
0.638139 -0.638774 0.269466
0.615490 -0.632826 0.246422
0.592930 -0.626879 0.223379
0.570457 -0.620931 0.200335
0.548072 -0.614984 0.177292
0.523284 -0.606063 0.142727
0.501096 -0.600115 0.119684
0.478997 -0.594168 0.096641
0.461835 -0.594168 0.096641
0.439867 -0.588221 0.073597
0.422749 -0.588221 0.073597
0.405631 -0.588221 0.073597
0.388513 -0.588221 0.073597
0.369080 -0.585247 0.062075
0.354277 -0.588221 0.073597
0.337159 -0.588221 0.073597
0.329039 -0.600115 0.119684
0.311833 -0.600115 0.119684
0.299039 -0.606063 0.142727
0.281789 -0.606063 0.142727
0.268863 -0.612010 0.165771
0.253709 -0.614984 0.177292
0.236394 -0.614984 0.177292
0.223270 -0.620931 0.200335
0.205911 -0.620931 0.200335
0.192655 -0.626879 0.223379
0.179312 -0.632826 0.246422
0.171905 -0.647695 0.304030
0.681054 -0.665251 0.304030
0.658252 -0.659260 0.280987
0.638139 -0.656264 0.269466
0.620648 -0.656264 0.269466
0.592930 -0.644282 0.223379
0.570457 -0.638291 0.200335
0.548072 -0.632299 0.177292
0.528266 -0.629304 0.165771
0.506034 -0.623312 0.142727
0.483891 -0.617321 0.119684
0.461835 -0.611330 0.096641
0.444673 -0.611330 0.096641
0.422749 -0.605339 0.073597
0.405631 -0.605339 0.073597
0.393188 -0.611330 0.096641
0.371395 -0.605339 0.073597
0.358864 -0.611330 0.096641
0.341702 -0.611330 0.096641
0.329039 -0.617321 0.119684
0.320744 -0.629304 0.165771
0.303450 -0.629304 0.165771
0.288340 -0.632299 0.177292
0.271025 -0.632299 0.177292
0.253709 -0.632299 0.177292
0.240629 -0.638291 0.200335
0.223270 -0.638291 0.200335
0.210059 -0.644282 0.223379
0.188551 -0.638291 0.200335
0.183372 -0.656264 0.269466
0.167889 -0.659260 0.280987
0.150376 -0.659260 0.280987
0.132863 -0.659260 0.280987
0.645940 -0.682808 0.304030
0.628384 -0.682808 0.304030
0.603157 -0.673756 0.269466
0.585666 -0.673756 0.269466
0.548072 -0.649615 0.177292
0.528266 -0.646597 0.165771
0.510972 -0.646597 0.165771
0.488785 -0.640562 0.142727
0.466685 -0.634527 0.119684
0.444673 -0.628492 0.096641
0.427511 -0.628492 0.096641
0.410349 -0.628492 0.096641
0.393188 -0.628492 0.096641
0.376026 -0.628492 0.096641
0.358864 -0.628492 0.096641
0.346245 -0.634527 0.119684
0.333538 -0.640562 0.142727
0.322971 -0.649615 0.177292
0.305656 -0.649615 0.177292
0.288340 -0.649615 0.177292
0.271025 -0.649615 0.177292
0.257989 -0.655650 0.200335
0.240629 -0.655650 0.200335
0.223270 -0.655650 0.200335
0.210059 -0.661685 0.223379
0.188551 -0.655650 0.200335
0.171192 -0.655650 0.200335
0.153833 -0.655650 0.200335
0.150376 -0.676773 0.280987
0.132863 -0.676773 0.280987
0.603157 -0.691247 0.269466
0.580596 -0.685168 0.246422
0.568175 -0.691247 0.269466
0.550684 -0.691247 0.269466
0.528255 -0.685168 0.246422
0.493679 -0.663891 0.165771
0.466685 -0.651733 0.119684
0.449479 -0.651733 0.119684
0.432274 -0.651733 0.119684
0.415068 -0.651733 0.119684
0.397862 -0.651733 0.119684
0.380656 -0.651733 0.119684
0.363451 -0.651733 0.119684
0.350788 -0.657812 0.142727
0.333538 -0.657812 0.142727
0.322971 -0.666930 0.177292
0.310067 -0.673009 0.200335
0.292707 -0.673009 0.200335
0.275348 -0.673009 0.200335
0.257989 -0.673009 0.200335
0.240629 -0.673009 0.200335
0.223270 -0.673009 0.200335
0.210059 -0.679088 0.223379
0.188551 -0.673009 0.200335
0.171192 -0.673009 0.200335
0.153833 -0.673009 0.200335
0.605713 -0.711799 0.280987
0.585666 -0.708737 0.269466
0.570687 -0.711799 0.280987
0.550684 -0.708737 0.269466
0.528255 -0.702615 0.246422
0.501020 -0.690369 0.200335
0.471535 -0.675061 0.142727
0.454285 -0.675061 0.142727
0.437036 -0.675061 0.142727
0.419786 -0.675061 0.142727
0.402536 -0.675061 0.142727
0.385287 -0.675061 0.142727
0.368037 -0.675061 0.142727
0.357602 -0.684246 0.177292
0.340287 -0.684246 0.177292
0.327426 -0.690369 0.200335
0.310067 -0.690369 0.200335
0.292707 -0.690369 0.200335
0.275348 -0.690369 0.200335
0.257989 -0.690369 0.200335
0.240629 -0.690369 0.200335
0.223270 -0.690369 0.200335
0.210059 -0.696492 0.223379
0.188551 -0.690369 0.200335
0.171192 -0.690369 0.200335
0.605713 -0.729312 0.280987
0.588200 -0.729312 0.280987
0.575713 -0.735479 0.304030
0.558156 -0.735479 0.304030
0.533193 -0.726229 0.269466
0.501020 -0.707728 0.200335
0.471535 -0.692311 0.142727
0.449479 -0.686144 0.119684
0.432274 -0.686144 0.119684
0.419786 -0.692311 0.142727
0.402536 -0.692311 0.142727
0.385287 -0.692311 0.142727
0.372624 -0.698478 0.165771
0.357602 -0.701561 0.177292
0.344785 -0.707728 0.200335
0.327426 -0.707728 0.200335
0.310067 -0.707728 0.200335
0.292707 -0.707728 0.200335
0.275348 -0.707728 0.200335
0.535661 -0.746825 0.280987
0.510808 -0.737509 0.246422
0.471535 -0.709561 0.142727
0.454285 -0.709561 0.142727
0.437036 -0.709561 0.142727
0.431582 -0.725087 0.200335
0.414223 -0.725087 0.200335
0.389918 -0.715771 0.165771
0.344785 -0.725087 0.200335
0.327426 -0.725087 0.200335
0.310067 -0.725087 0.200335
0.523042 -0.770593 0.304030
0.500635 -0.764338 0.280987
0.483123 -0.764338 0.280987
