0.083826 0.442690 0.060420 
 -0.464670 0.317082 0.105328 
 -0.098141 -0.566418 0.142066 
 0.055980 0.565874 0.000373 
 0.274192 0.304498 0.232128 
 0.014211 -0.600765 0.121467 
 -0.032362 -0.250502 -0.094224 
 -0.240134 -0.048149 -0.070813 
 0.153321 0.673157 -0.043322 
 0.108845 0.669868 -0.008403 
 0.011710 -0.420846 0.023726 
 0.043892 0.653699 0.009829 
 0.129336 0.662295 -0.026559 
 0.109365 0.052958 -0.170208 
 -0.080405 0.342771 -0.020572 
 0.165351 -0.391670 0.068303 
 0.421190 0.126147 0.162707 
 0.213410 0.641913 -0.041538 
 0.193964 0.472001 0.250699 
 0.285437 0.735059 -0.090980 
 0.162234 0.279482 0.140911 
 0.338183 -0.671685 -0.073851 
 0.127649 0.509268 0.015492 
 -0.043196 0.550118 0.000940 
 0.053775 0.255757 -0.025545 
 -0.439971 0.120517 0.031122 
 0.243952 0.433855 0.282437 
 0.320578 0.046720 0.073949 
 0.150008 0.273139 0.116931 
 -0.153317 -0.481166 0.119410 
 0.250933 0.388082 0.250094 
 0.260091 -0.725263 -0.102456 
 -0.133998 -0.307003 -0.006411 
 0.278760 -0.644482 -0.064376 
 -0.022999 -0.620831 0.135041 
 -0.116886 0.355819 -0.026952 
 -0.499323 0.011190 0.050044 
 -0.050088 -0.213350 -0.097674 
 0.279495 0.717136 -0.082213 
 0.266122 -0.706972 -0.101397 
 -0.281654 -0.194418 -0.015713 
 -0.388856 -0.313759 0.059376 
 0.072726 0.373871 0.056797 
 -0.424155 0.176248 0.057537 
 0.321331 -0.206889 -0.071805 
 0.392370 0.188820 0.245507 
 0.174393 0.038166 -0.101134 
 -0.460642 -0.032565 0.025142 
 -0.335260 0.105330 -0.023510 
 0.187545 0.419646 0.203871 
 -0.198810 -0.343662 0.055865 
 0.113236 0.285970 0.097635 
 0.125415 0.260554 0.100325 
 -0.174311 -0.510514 0.158617 
 0.078195 -0.501833 0.092303 
 0.078504 0.053530 -0.176644 
 0.297414 0.740414 -0.088317 
 -0.318166 -0.325387 0.052340 
 -0.295917 -0.029503 -0.060724 
 0.176787 -0.214626 -0.158156 
 -0.031104 0.304746 -0.065233 
 0.040796 -0.242780 -0.109985 
 -0.298939 -0.125656 -0.029344 
 -0.213532 0.151013 -0.084774 
 0.066996 0.540866 0.002351 
 0.273488 0.728654 -0.092420 
 -0.214507 -0.034793 -0.087525 
 -0.056892 -0.510257 0.095531 
 -0.123668 -0.513074 0.114844 
 0.197309 -0.159537 -0.153596 
 -0.438703 0.233267 0.098870 
 -0.006587 -0.269157 -0.089233 
 0.046984 0.423635 0.052122 
 0.059186 -0.246784 -0.129456 
 0.411103 0.752983 -0.052472 
 0.314525 -0.001039 0.005646 
 0.340537 -0.181887 -0.079782 
 -0.227543 -0.391808 0.104342 
 0.036930 0.168640 -0.107359 
 0.198473 0.082585 -0.073343 
 0.423912 0.052130 0.095659 
 -0.376452 0.245186 0.035334 
 -0.296252 -0.029518 -0.059194 
 -0.040595 0.054466 -0.158633 
 0.297249 0.679649 -0.089095 
 0.454050 -0.008905 0.102350 
 -0.479212 0.100399 0.045187 
 0.125320 0.386811 0.112938 
 0.475351 0.106798 0.173668 
 0.266173 0.221830 0.097409 
 0.158059 -0.598475 0.063944 
 0.327410 -0.591943 -0.031154 
 -0.428083 -0.159047 0.019424 
 0.150340 0.432485 0.184591 
 -0.044152 0.548864 0.000936 
 0.103082 -0.458312 0.098139 
 0.329682 0.252693 0.221749 
 -0.054632 -0.045544 -0.129666 
 0.425977 -0.789207 -0.099251 
 0.368318 0.009536 0.062901 
 -0.200554 -0.526412 0.176672 
 -0.486196 0.144843 0.054628 
 0.429792 0.008115 0.097287 
 0.309650 0.197458 0.139573 
 0.045197 -0.387006 -0.002135 
 -0.040716 0.114530 -0.157857 
 -0.232447 -0.376829 0.070518 
 0.066008 0.229578 -0.034220 
 -0.058063 0.212448 -0.149563 
 -0.238853 0.201067 -0.070046 
 -0.404646 -0.241975 0.034571 
 0.083801 -0.609068 0.092460 
 -0.150210 -0.382020 0.067986 
 0.053782 0.565825 0.000378 
 0.080358 -0.398856 -0.006148 
 0.028639 0.430026 0.048216 
 0.085857 0.102117 -0.175640 
 0.214168 0.790999 -0.094063 
 0.027355 -0.657571 0.112466 
 -0.017294 -0.057223 -0.143911 
 -0.049271 -0.603902 0.140820 
 -0.236704 0.502812 0.024626 
 0.311492 -0.881568 -0.190002 
 -0.126929 0.285922 -0.086461 
 -0.541925 0.150909 0.108488 
 -0.006963 0.473707 0.007461 
 0.120969 -0.588069 0.089482 
 -0.099431 -0.146741 -0.074504 
 0.354374 -0.088019 0.013725 
 -0.092185 0.336788 -0.034752 
 0.144414 0.008132 -0.119017 
 -0.130426 0.475738 0.014472 
 -0.005927 -0.383160 0.020224 
 -0.179823 -0.348537 0.038018 
 0.048531 -0.433653 0.031528 
 0.146057 -0.424226 0.153628 
 0.029992 0.491754 0.005555 
 0.186904 0.197770 0.003061 
 -0.040569 0.053413 -0.157441 
 -0.001602 -0.462355 0.064387 
 -0.338266 0.295561 0.033181 
 -0.417310 -0.043871 -0.010255 
 0.386953 0.033995 0.076360 
 0.181190 0.118730 -0.098816 
 0.036446 -0.076747 -0.143436 
 0.170364 -0.593144 0.067067 
 -0.182234 -0.383562 0.083482 
 0.010574 -0.522385 0.099186 
 0.130141 -0.307299 -0.060464 
 -0.182240 -0.383546 0.080311 
 0.125348 -0.014799 -0.134205 
 0.284959 -0.626685 -0.051391 
 0.122455 0.581917 -0.028408 
 -0.074493 0.550066 0.014213 
 -0.437315 -0.211947 0.049884 
 0.366089 0.177574 0.206722 
 0.405151 0.027923 0.070061 
 -0.062667 0.492845 -0.003751 
 -0.263611 -0.263611 -0.013987 
 -0.093431 -0.614759 0.174480 
 0.225263 0.471760 0.255601 
 0.162121 -0.027659 -0.115594 
 -0.065574 -0.317616 -0.025581 
 0.168149 -0.010485 -0.103055 
 0.268950 -0.480256 0.089448 
 -0.129820 -0.569599 0.167382 
 -0.264619 0.460232 0.073133 
 0.067279 0.634787 0.015758 
 -0.101580 0.053087 -0.138828 
 0.219078 -0.624554 0.022142 
 0.232827 -0.171139 -0.157050 
 -0.416588 -0.362312 0.107522 
 -0.266899 0.282333 -0.006617 
 0.402027 -0.770764 -0.105196 
 0.284678 -0.655994 -0.063227 
 0.262078 -0.262919 -0.140743 
 -0.264576 0.064101 -0.062551 
 -0.518869 0.049621 0.057281 
 -0.365618 0.013125 -0.042200 
 -0.378073 -0.229014 0.018437 
 -0.226700 -0.039304 -0.089851 
 0.299900 -0.067949 -0.042052 
 -0.485527 0.081367 0.043700 
 -0.165599 -0.457173 0.117027 
 -0.219699 0.132763 -0.086294 
 0.105961 -0.319099 -0.065014 
 -0.315533 -0.292130 0.031038 
 -0.163192 0.083602 -0.121208 
 0.212713 0.465444 0.254910 
 0.213482 -0.551572 0.043808 
 -0.360363 0.398026 0.084710 
 -0.077642 0.312315 -0.097514 
 0.204585 0.099931 -0.060786 
 0.440111 0.151063 0.178131 
 0.259353 0.078838 0.061118 
 0.113867 -0.142843 -0.138726 
 -0.133185 -0.039499 -0.124687 
 0.014286 0.034590 -0.191055 
 -0.529792 0.157231 0.109864 
 -0.447773 0.162358 0.051972 
 0.230523 0.298465 0.222900 
 0.351114 0.045919 0.102443 
 -0.122593 0.337029 -0.041222 
 -0.285788 -0.086720 -0.035920 
 0.362289 0.022459 0.060750 
 0.285360 0.706960 -0.080301 
 -0.238605 0.376868 0.023021 
 -0.015611 0.066216 -0.187114 
 -0.378606 -0.024140 -0.034500 
 -0.182226 0.027334 -0.090680 
 -0.230364 -0.459928 0.148455 
 -0.236491 -0.329828 0.047988 
 0.043782 0.004896 -0.174027 
 -0.047336 -0.323993 -0.021798 
 -0.191792 0.352313 -0.011559 
 0.219558 -0.239229 -0.149453 
 0.323333 -0.146783 -0.048935 
 -0.181367 -0.498775 0.157419 
 -0.242117 -0.432998 0.133780 
 0.426872 0.144836 0.175379 
 0.416933 0.002934 0.071657 
 0.036768 0.571498 -0.003506 
 0.060753 -0.032555 -0.149943 
 0.190741 -0.271624 -0.123811 
 0.255493 0.647390 -0.043368 
 0.255855 0.766222 -0.086349 
 -0.268658 -0.187618 -0.024665 
 -0.093427 -0.614767 0.176113 
 0.233032 -0.141690 -0.145635 
 0.489085 0.144082 0.210649 
 0.330021 0.284838 0.233906 
 -0.287863 -0.410057 0.155789 
 0.008005 0.136791 -0.158148 
 -0.207551 0.169968 -0.094111 
 0.045845 -0.287754 -0.077695 
 -0.021982 -0.556059 0.113822 
 0.324140 -0.054543 -0.025612 
 0.059902 -0.155208 -0.139044 
 -0.339484 -0.239988 0.003906 
 -0.171073 -0.059076 -0.100716 
 0.195612 -0.548611 0.072947 
 -0.273873 -0.402782 0.138268 
 -0.030841 0.367831 0.001268 
 0.415941 -0.678980 -0.055423 
 0.387423 0.741483 -0.046164 
 0.224903 0.407452 0.243774 
 0.316084 0.151770 0.175871 
 0.103111 0.156520 -0.159183 
 0.404252 -0.096526 0.067346 
 0.144642 0.040011 -0.129758 
 -0.012304 0.609096 0.008337 
 -0.240147 -0.047579 -0.070810 
 -0.177210 -0.046663 -0.101211 
 0.027800 -0.281811 -0.082808 
 0.341055 0.164326 0.190110 
 -0.276103 0.026545 -0.056040 
 0.077736 0.266986 0.001266 
 -0.394299 -0.299853 0.058194 
 -0.396186 -0.333856 0.079443 
 0.405377 0.855776 -0.062811 
 0.295613 -0.678034 -0.083015 
 -0.322554 0.353185 0.059661 
 0.055318 0.565859 0.000375 
 -0.355663 0.208727 0.006339 
 0.089884 -0.560980 0.115371 
 -0.313767 -0.424362 0.162437 
 0.257941 -0.042286 -0.052360 
 0.113237 0.285965 0.098472 
 0.171167 -0.407058 0.101911 
 -0.380847 0.100780 -0.000380 
 -0.047624 -0.603865 0.140817 
 0.042453 0.217642 -0.073287 
 -0.202673 -0.090718 -0.086983 
 0.137785 0.425381 0.149118 
 0.035142 0.292025 -0.029020 
 0.183067 0.612370 -0.016253 
 0.067006 0.540442 0.002695 
 0.173741 -0.080846 -0.113692 
 -0.226097 0.144977 -0.065712 
 -0.224173 -0.472752 0.148238 
 0.338655 -0.700006 -0.096352 
 -0.528176 0.060923 0.088473 
 0.186946 0.106435 -0.097674 
 -0.249981 -0.131463 -0.018787 
 0.243460 0.640391 -0.047158 
 -0.372604 -0.036745 -0.033329 
 0.144406 0.222892 0.016052 
 0.085049 0.503381 0.006925 
 0.263230 0.524808 0.287677 
 -0.003525 0.102624 -0.182958 
 0.069093 -0.340025 -0.040179 
 -0.182188 -0.385845 0.081181 
 -0.219065 0.402351 0.038239 
 0.379691 -0.695869 -0.076149 
 0.404255 0.195076 0.248372 
 0.190575 -0.303604 -0.112627 
 0.183746 0.733097 -0.057918 
 -0.105901 0.219337 -0.159860 
 0.210702 0.117957 -0.057902 
 0.057439 0.011256 -0.182346 
 0.209424 -0.632598 0.041445 
 0.262033 0.361566 0.230389 
 0.248312 -0.676954 -0.049224 
 0.151835 -0.617231 0.062355 
 -0.139625 -0.028917 -0.114932 
 -0.048844 -0.635734 0.140413 
 -0.490026 0.176371 0.096048 
 -0.529779 0.156746 0.111293 
 -0.290705 0.144916 -0.035436 
 -0.082714 -0.491087 0.090404 
 -0.398905 0.013010 -0.014338 
 -0.354404 -0.137324 -0.030619 
 0.201153 0.726055 -0.065118 
 -0.278069 0.057701 -0.055637 
 -0.080850 0.343062 -0.020569 
 -0.185179 -0.128107 -0.081759 
 0.204262 0.038207 -0.050549 
 0.004056 0.418254 0.042380 
 0.058659 -0.623975 0.109489 
 -0.052809 -0.524100 0.106674 
 0.000449 -0.395694 0.021390 
 0.234324 0.005746 -0.013009 
 -0.338093 0.264504 0.032779 
 0.125580 0.451756 0.181116 
 0.255815 -0.598162 -0.035870 
 -0.136359 -0.165706 -0.071744 
 0.197712 0.142630 -0.061540 
 0.090576 -0.032790 -0.143874 
 0.236853 0.317690 0.224412 
 -0.016137 0.157138 -0.152485 
 0.023328 -0.205783 -0.114783 
 0.158059 0.014886 -0.105338 
 0.414376 -0.764764 -0.102539 
 0.153879 0.732588 -0.074409 
 0.141868 -0.333277 -0.035333 
 -0.085971 -0.623927 0.144784 
 -0.049698 -0.151676 -0.096887 
 -0.211622 -0.466469 0.149512 
 0.391772 0.188807 0.245440 
 -0.385519 -0.362530 0.103479 
 0.374266 0.765245 -0.060091 
 -0.175011 0.470850 0.037443 
 0.256439 -0.627695 -0.047292 
 -0.094639 0.255654 -0.135796 
 0.179540 -0.153822 -0.156283 
 -0.432808 -0.289450 0.071895 
 -0.164078 -0.009976 -0.087215 
 -0.214098 0.484820 0.062419 
 0.150216 -0.003469 -0.106946 
 0.080335 0.702892 -0.014579 
 -0.211560 -0.316706 0.031740 
 -0.075981 0.218715 -0.153806 
 0.048121 0.235522 -0.049058 
 0.132216 0.125528 -0.131119 
 -0.276468 0.120290 -0.066125 
 0.060007 0.242499 -0.035373 
 -0.266701 -0.531329 0.215663 
 -0.034228 -0.531440 0.111595 
 0.328094 0.861373 -0.069222 
 -0.152568 -0.482002 0.119405 
 0.307998 -0.702463 -0.091783 
 -0.171311 0.002439 -0.089253 
 0.158588 0.569763 -0.011344 
 0.243154 0.338226 0.226016 
 -0.061411 -0.397473 0.019044 
 -0.290370 -0.278770 0.014840 
 0.265880 0.097285 0.051635 
 0.374893 0.823343 -0.092590 
 -0.077328 -0.471146 0.081067 
 -0.174432 0.375776 0.003643 
 0.255525 0.311022 0.228534 
 0.203831 -0.023033 -0.073378 
 -0.024246 -0.376730 0.016596 
 -0.061273 -0.094504 -0.109722 
 -0.109214 -0.057902 -0.119699 
 0.187414 -0.451950 0.183078 
 -0.010091 0.115890 -0.162325 
 0.335343 -0.139724 -0.046225 
 -0.180123 -0.204476 -0.059607 
 -0.465958 -0.114933 0.023610 
 -0.174838 -0.362839 0.060083 
 -0.088598 -0.266820 -0.040612 
 0.108257 0.204647 -0.025367 
 -0.077206 -0.291820 -0.038416 
 -0.056210 0.386724 -0.003792 
 0.056031 0.690037 -0.020002 
 0.224907 0.407415 0.244917 
 -0.087310 -0.202664 -0.072590 
 -0.387939 -0.075145 -0.003968 
 0.027826 -0.561641 0.113019 
 -0.423856 0.335558 0.083818 
 0.012677 0.498153 0.001235 
 -0.517179 0.162646 0.114097 
 0.417182 -0.059281 0.071588 
 0.304893 0.273112 0.216605 
 0.282180 -0.769837 -0.130996 
 -0.262593 -0.200282 -0.022325 
 -0.363072 -0.383761 0.139980 
 0.256596 -0.282786 -0.131235 
 -0.226678 -0.507998 0.180471 
 -0.433344 -0.289462 0.071915 
 0.121008 -0.557747 0.100870 
 -0.277827 -0.004694 -0.056432 
 0.042358 0.004864 -0.174025 
 -0.419895 0.050132 0.014903 
 -0.150618 0.182170 -0.114641 
 -0.146192 0.108089 -0.114499 
 0.364394 -0.672551 -0.067357 
 0.255639 -0.570873 0.008645 
 0.107973 -0.130915 -0.139571 
 -0.428084 -0.159045 0.018999 
 0.078874 0.235885 -0.020529 
 0.412928 0.107208 0.127860 
 -0.357115 0.239353 0.027958 
 0.256235 0.407449 0.262118 
 0.350688 0.782957 -0.076125 
 -0.387386 -0.138183 -0.014312 
 0.474244 0.044386 0.152227 
 0.219974 -0.473599 0.079096 
 -0.297570 0.001010 -0.038724 
 0.125762 0.419155 0.146610 
 -0.392378 -0.267622 0.036936 
 0.224330 -0.516459 0.068976 
 0.010200 -0.243727 -0.095946 
 0.165662 -0.356847 0.023851 
 0.137351 -0.160166 -0.155482 
 -0.176002 -0.140493 -0.080608 
 0.210871 0.148457 -0.037452 
 0.061324 -0.000117 -0.170228 
 -0.274748 0.358486 0.026554 
 -0.382125 -0.152874 -0.003607 
 -0.149117 0.514748 0.043471 
 -0.195114 0.083418 -0.092592 
 0.165466 0.678569 -0.052529 
 -0.131533 -0.357296 0.070450 
 -0.113650 0.169653 -0.118099 
 -0.178474 -0.314533 0.005736 
 -0.406487 0.025345 -0.006692 
 -0.485894 0.019331 0.042028 
 0.207376 -0.600215 0.030835 
 0.028763 -0.248822 -0.112993 
 0.191127 -0.208586 -0.156605 
 0.143701 0.287171 0.137679 
 -0.191787 0.352081 -0.011560 
 -0.037950 -0.176457 -0.092259 
 0.237491 0.478053 0.259568 
 -0.165378 0.144969 -0.096138 
 0.331265 -0.862531 -0.155067 
 -0.028296 0.121512 -0.155184 
 -0.030963 -0.126079 -0.114824 
 0.225523 0.645987 -0.038858 
 0.388081 -0.888905 -0.175812 
 0.390544 0.157179 0.200768 
 -0.327484 -0.233129 -0.003462 
 0.278001 0.102849 0.087499 
 -0.458160 0.126014 0.027163 
 0.288120 -0.043203 -0.033295 
 -0.297902 0.220027 -0.011782 
 0.079512 0.023175 -0.176396 
 0.350621 -0.668775 -0.049064 
 0.172683 -0.297242 -0.116436 
 -0.340948 0.119950 -0.024672 
 0.210930 0.087227 -0.059642 
 0.103504 -0.386637 0.000099 
 -0.265554 -0.297319 0.019947 
 0.311530 0.291441 0.240513 
 0.025886 -0.348646 -0.016434 
 -0.058589 0.276129 -0.126882 
 0.022118 -0.268844 -0.093651 
 -0.365165 0.379369 0.072268 
 0.167579 -0.160717 -0.149034 
 0.071214 0.373842 0.055802 
 -0.192734 -0.473029 0.155028 
 -0.284168 -0.373374 0.103294 
 0.238158 -0.511358 0.083266 
 -0.040383 0.082649 -0.158255 
 -0.451332 0.018473 0.016315 
 -0.252575 -0.053970 -0.073529 
 -0.237194 -0.187246 -0.027728 
 0.242986 0.306477 0.225610 
 -0.365630 0.013737 -0.041143 
 0.077735 0.266989 0.000679 
 -0.334210 0.013825 -0.047337 
 -0.046812 0.562449 0.021665 
 -0.151399 -0.416164 0.087507 
 -0.347609 0.101226 -0.026242 
 0.328719 -0.128427 -0.047373 
 0.102608 -0.491526 0.119737 
 0.298540 0.285152 0.237529 
 -0.432260 -0.256783 0.061485 
 0.144896 0.040016 -0.129625 
 -0.232022 0.095643 -0.091012 
 -0.446078 0.132242 0.031267 
 0.337507 0.011028 0.033185 
 -0.232203 0.095631 -0.089431 
 0.054347 -0.051254 -0.139230 
 -0.357753 0.270368 0.039685 
 -0.223134 0.319765 -0.007827 
 0.137681 -0.190581 -0.155499 
 -0.134419 0.083533 -0.123112 
 0.361640 0.284672 0.251051 
 0.229202 0.173371 0.011569 
 0.079059 0.514566 0.005011 
 -0.114760 -0.310709 -0.024608 
 0.011114 -0.181320 -0.117073 
 0.091473 -0.497722 0.116937 
 0.333132 0.728187 -0.081135 
 -0.513062 -0.058793 0.046451 
 -0.286815 -0.150952 -0.027006 
 -0.095847 0.132700 -0.125579 
 -0.381124 -0.119958 -0.014035 
 -0.392810 -0.000167 -0.015177 
 -0.446833 -0.153112 0.026289 
 -0.393923 0.094231 0.018532 
 -0.089969 -0.002575 -0.136930 
 0.399475 0.868031 -0.064424 
 -0.157840 -0.401871 0.075428 
 0.232656 -0.467420 0.081961 
 0.151856 -0.500367 0.152388 
 0.188940 -0.626260 0.037559 
 0.216179 0.013056 -0.048673 
 0.359207 0.126146 0.182217 
 0.430770 0.070316 0.121236 
 -0.048232 0.311014 -0.069091 
 -0.016140 0.157145 -0.153919 
 -0.330312 0.188833 0.000585 
 -0.117981 0.513256 0.016485 
 0.187174 0.720695 -0.056767 
 0.038580 -0.340825 -0.034714 
 -0.032742 -0.492283 0.068262 
 -0.407026 0.056854 -0.006288 
 0.096318 -0.571230 0.095356 
 0.103637 0.096016 -0.170951 
 -0.455372 -0.172136 0.024707 
 -0.533963 0.221384 0.144512 
 0.073636 0.035377 -0.178270 
 0.407053 0.089089 0.126294 
 -0.431116 0.012331 0.009439 
 0.119809 0.367992 0.100358 
 -0.252655 -0.085536 -0.063053 
 0.167868 -0.070277 -0.114841 
 -0.070414 -0.483185 0.082248 
 -0.245832 -0.004231 -0.071575 
 -0.300451 -0.416388 0.154204 
 0.369412 -0.616914 -0.022329 
 0.212548 0.432553 0.242528 
 0.010046 -0.274750 -0.095874 
 -0.029581 -0.063254 -0.146625 
 -0.144662 0.170100 -0.113713 
 0.005327 -0.138098 -0.120198 
 -0.193207 0.207086 -0.091014 
 0.494361 0.131682 0.189720 
 -0.451914 0.018449 0.018471 
 0.113398 0.317449 0.097927 
 -0.042317 -0.070444 -0.127378 
 0.403031 -0.743273 -0.082832 
 -0.031637 -0.188197 -0.104716 
 -0.326360 -0.232564 -0.003462 
 0.251173 -0.119066 -0.108357 
 -0.293456 -0.513835 0.231994 
 -0.241459 0.294842 -0.012017 
 0.048797 -0.038575 -0.150169 
 -0.142885 0.438708 0.011089 
 0.258884 0.016635 0.038185 
 -0.526989 0.094597 0.078093 
 -0.301835 -0.252185 0.001166 
 -0.339303 0.232831 0.010672 
 0.211542 0.433111 0.242533 
 0.277113 0.009497 0.042115 
 0.316897 -0.163595 -0.072557 
 0.070338 0.405410 0.068189 
 0.218884 0.689751 -0.050644 
 -0.258955 -0.309967 0.021122 
 -0.445106 0.005761 0.017497 
 -0.281658 -0.194230 -0.015367 
 -0.183975 0.337655 -0.040986 
 0.294608 0.491535 0.303557 
 0.141876 -0.333746 -0.036573 
 -0.465782 0.253006 0.104512 
 0.146730 0.745659 -0.065581 
 0.253513 0.153578 0.038196 
 -0.373189 0.328657 0.081505 
 -0.107627 0.065412 -0.140117 
 -0.195125 -0.539318 0.175992 
 -0.080172 -0.392106 0.026061 
 0.362714 0.083130 0.116914 
 -0.200488 0.221000 -0.092159 
 0.016338 0.424431 0.043737 
 0.046824 0.392188 0.051722 
 0.035790 -0.167841 -0.133636 
 -0.195754 -0.040686 -0.094174 
 0.164261 -0.551811 0.098373 
 -0.054226 -0.592775 0.139622 
 0.158462 -0.416993 0.154742 
 0.054187 0.254679 -0.025551 
 -0.127012 -0.051948 -0.123540 
 -0.113640 -0.426575 0.073587 
 -0.140718 -0.058470 -0.115317 
 0.183875 -0.365865 0.061601 
 0.163346 -0.669772 0.031711 
 -0.511677 0.214866 0.126730 
 -0.209099 -0.016247 -0.085594 
 -0.347913 0.405813 0.087500 
 -0.380146 0.069315 -0.000785 
 -0.478377 -0.121731 0.019970 
 0.121234 0.460208 0.035543 
 -0.037439 0.473050 0.001296 
 0.087068 0.719743 -0.013035 
 0.393902 -0.900611 -0.174685 
 -0.229670 0.363884 0.002064 
 -0.195296 0.053412 -0.092982 
 0.147898 0.743656 -0.065593 
 0.247846 0.165975 0.048546 
 -0.286899 -0.147137 -0.026987 
 -0.008319 0.380519 0.028644 
 -0.229545 -0.428307 0.136566 
 0.055855 0.041591 -0.181215 
 0.000007 0.522727 -0.011371 
 -0.139895 0.034047 -0.114138 
 -0.141356 0.374929 -0.022468 
 -0.046601 0.279901 -0.113267 
 -0.245984 -0.004778 -0.071578 
 0.262804 -0.142386 -0.128156 
 0.060012 0.242206 -0.036261 
 0.057942 -0.623987 0.108624 
 -0.151134 0.091223 -0.116037 
 -0.309509 0.057432 -0.039204 
 0.187458 0.387226 0.169600 
 0.054806 0.534731 0.001692 
 0.411278 0.843521 -0.061484 
 -0.538937 0.087300 0.075292 
 0.298746 0.253142 0.181842 
 0.350994 0.721942 -0.077540 
 0.211234 0.209920 0.029213 
 0.372290 -0.768702 -0.122708 
 0.201723 -0.445647 0.185531 
 -0.410287 0.278098 0.083197 
 0.037956 0.015534 -0.186138 
 -0.154918 0.367488 -0.003374 
 -0.113197 -0.394959 0.075367 
 0.127276 0.136901 -0.132264 
 0.102112 0.217062 -0.016010 
 0.258801 -0.725291 -0.102454 
 -0.045890 0.126819 -0.158999 
 0.209878 -0.034576 -0.072230 
 0.284962 -0.626892 -0.051799 
 0.378519 0.182519 0.242727 
 0.075452 -0.321277 -0.049606 
 -0.002653 -0.528619 0.094609 
 0.286709 -0.193575 -0.090484 
 0.110313 -0.402834 0.045197 
 -0.152617 -0.449181 0.107867 
 0.259206 -0.668218 -0.068588 
 -0.372676 -0.006561 -0.032933 
 0.186983 -0.135606 -0.155868 
 0.097764 0.108098 -0.172835 
 -0.485861 0.017775 0.041366 
 0.127137 0.079064 -0.155025 
 -0.083881 0.016104 -0.135832 
 0.150437 0.028478 -0.117476 
 0.059314 -0.497502 0.110005 
 -0.464165 -0.226208 0.065945 
 -0.338434 0.296109 0.033184 
 -0.378896 0.309487 0.068679 
 0.251183 -0.119525 -0.108325 
 -0.177935 -0.430860 0.113552 
 0.086012 0.132499 -0.176012 
 -0.022101 0.169318 -0.142318 
 0.114504 -0.020906 -0.136874 
 0.309618 -0.182304 -0.074089 
 0.134099 0.648609 -0.047423 
 0.285836 -0.514733 0.060166 
 0.232259 -0.467430 0.082230 
 0.177545 -0.385498 0.070208 
 0.093044 -0.359546 -0.024182 
 -0.485537 -0.076757 0.019197 
 -0.201319 0.002353 -0.084044 
 0.206755 -0.661217 0.019029 
 -0.232366 0.459773 0.058074 
 0.113609 0.348585 0.076783 
 -0.094666 0.256989 -0.134933 
 0.176084 -0.634963 0.056839 
 0.158360 0.539233 0.000871 
 -0.017588 0.560709 -0.004576 
 0.177540 0.743143 -0.092142 
 0.047997 0.485747 0.020480 
 -0.246034 0.244693 -0.046726 
 0.181457 0.118736 -0.098817 
 0.280150 -0.240392 -0.125798 
 -0.173958 -0.185262 -0.058582 
 -0.001894 -0.494244 0.074937 
 0.362732 -0.689378 -0.079960 
 0.284595 0.704843 -0.080309 
 -0.222987 -0.322892 0.028984 
 0.251480 -0.089986 -0.084632 
 0.102044 -0.117390 -0.140703 
 -0.204056 -0.122124 -0.063845 
 -0.328069 0.032547 -0.044837 
 0.313003 -0.739630 -0.124159 
 -0.330604 0.283280 0.011254 
 -0.310155 -0.068061 -0.042135 
 -0.272851 0.328338 -0.007378 
 0.179850 -0.064471 -0.112825 
 0.199182 0.050713 -0.073742 
 0.350825 -0.579246 -0.025769 
 0.244408 -0.259874 -0.133512 
 -0.182230 0.120401 -0.100289 
 -0.044096 -0.194097 -0.096126 
 -0.161759 0.444952 0.017846 
 0.015582 -0.536218 0.111686 
 0.050057 0.701407 -0.020903 
 0.180810 0.150810 -0.076383 
 -0.517355 0.017721 0.046073 
 0.352006 0.875482 -0.064282 
 -0.270974 -0.366431 0.095530 
 -0.055685 -0.108465 -0.097643 
 -0.357767 -0.202025 0.003415 
 -0.024330 0.323411 -0.052976 
 -0.474281 0.182892 0.068454 
 0.189172 -0.506564 0.083183 
 -0.266700 -0.531330 0.215900 
 0.029938 -0.125428 -0.134389 
 0.272801 -0.604497 -0.032024 
 -0.127588 -0.021174 -0.123146 
 0.282156 -0.030569 -0.036681 
 0.160444 -0.305932 -0.075094 
 -0.151393 -0.416448 0.087505 
 -0.503968 0.299607 0.118554 
 -0.163968 0.145008 -0.097693 
 -0.116647 -0.077162 -0.110323 
 -0.030736 0.522733 -0.007698 
 0.110453 -0.535795 0.120474 
 -0.420477 0.113049 0.024241 
 -0.206568 0.199240 -0.093726 
 -0.119841 0.028372 -0.132130 
 0.142351 -0.301588 -0.067936 
 -0.366796 -0.049355 -0.032224 
 -0.327835 -0.379495 0.093746 
 0.008660 -0.488724 0.077692 
 0.100674 -0.275502 -0.098729 
 -0.405198 0.329250 0.085204 
 0.151867 -0.618609 0.062758 
 -0.002337 -0.281572 -0.089280 
 0.315315 -0.596818 -0.033837 
 -0.079277 -0.089276 -0.115602 
 0.395953 -0.787422 -0.117952 
 -0.251187 0.402362 0.053322 
 0.340545 -0.182149 -0.078667 
 0.058834 -0.592888 0.109023 
 0.173761 -0.111274 -0.147119 
 -0.035500 -0.050966 -0.147365 
 -0.041921 -0.617793 0.142000 
 0.166250 0.766936 -0.105753 
 0.041993 -0.148084 -0.143066 
 0.361038 -0.039393 0.037812 
 0.089054 -0.688576 0.125494 
 0.423268 -0.009918 0.083767 
 0.290903 -0.639028 -0.050866 
 -0.336609 -0.143761 -0.026645 
 -0.193967 0.238020 -0.101513 
 0.186916 0.260229 0.125952 
 0.164262 -0.551812 0.098743 
 0.201544 -0.560036 0.063104 
 0.017185 0.358497 0.000795 
 -0.503986 0.300437 0.118558 
 -0.220652 -0.053997 -0.088705 
 0.112906 -0.518046 0.133050 
 0.028620 0.430892 0.048220 
 0.430200 0.039602 0.097685 
 0.143878 -0.141945 -0.154549 
 -0.368326 0.138550 0.003337 
 0.329967 -0.830334 -0.154667 
 0.212979 -0.671028 -0.001836 
 0.155405 0.292158 0.140437 
 0.055556 0.163762 -0.136494 
 0.150990 0.120598 -0.127311 
 0.187795 0.387230 0.170395 
 -0.492761 0.030525 0.040836 
 -0.533459 0.106262 0.087687 
 -0.257821 -0.359306 0.087619 
 0.156287 0.323791 0.140897 
 -0.482393 -0.154578 0.051984 
 -0.327749 -0.266738 0.028679 
 0.327827 -0.561746 -0.019706 
 0.212529 0.465444 0.253972 
 0.404204 0.027902 0.070063 
 0.336909 0.304193 0.269719 
 0.119814 0.367764 0.100453 
 0.170471 -0.505789 0.146014 
 -0.036025 -0.530634 0.111603 
 -0.053807 0.047102 -0.150367 
 0.096777 0.047324 -0.172858 
 0.043700 0.528638 -0.002741 
 -0.164229 0.298571 -0.072356 
 -0.335126 0.138045 -0.023102 
 0.157643 -0.691143 0.051908 
 0.250244 -0.559639 0.007481 
 0.064949 -0.605645 0.110202 
 -0.201152 0.281674 -0.058688 
 -0.201266 0.489512 0.065173 
 -0.426178 0.031223 0.010685 
 -0.130769 -0.569268 0.167385 
 -0.277226 0.151109 -0.032705 
 0.201555 -0.477305 0.185447 
 -0.021982 -0.556060 0.114123 
 0.001588 0.181364 -0.136969 
 -0.168814 -0.260717 -0.045579 
 0.042492 0.215958 -0.072557 
 -0.174472 0.231702 -0.119522 
 -0.440194 -0.100685 0.017472 
 0.035451 0.323342 -0.010375 
 0.232022 -0.171873 -0.157052 
 -0.296605 0.157490 -0.036603 
 0.043028 0.652991 0.009827 
 -0.130260 0.412799 0.001720 
 0.243500 -0.522846 0.072875 
 0.481494 0.094154 0.175655 
 -0.263917 -0.263626 -0.012256 
 -0.335466 0.075945 -0.023092 
 -0.315648 -0.023871 -0.042902 
 0.010807 0.374155 0.010614 
 -0.381968 -0.326826 0.060559 
 0.323159 -0.176878 -0.049301 
 0.268694 -0.510505 0.077597 
 -0.330726 0.188755 0.000586 
 0.298830 -0.188306 -0.076425 
 0.066298 -0.076234 -0.136953 
 0.093952 0.120338 -0.173221 
 -0.150213 -0.382043 0.066107 
 0.072192 0.217419 -0.044046 
 0.048785 0.023392 -0.183473 
 0.055528 -0.413021 0.012588 
 -0.492505 0.125048 0.052855 
 0.213739 -0.492406 0.088676 
 0.155802 -0.135951 -0.152697 
 0.404264 -0.096961 0.068471 
 -0.428087 -0.158880 0.019424 
 0.260933 -0.499054 0.088210 
 0.264547 0.034947 0.050842 
 0.171637 -0.505760 0.145288 
 -0.015858 -0.568424 0.115150 
 -0.324059 0.207601 0.002391 
 -0.013760 -0.225897 -0.100937 
 0.055583 0.162670 -0.134883 
 0.073466 0.653436 0.016742 
 0.216317 0.044871 -0.047856 
 -0.511813 0.004411 0.047260 
 -0.414185 0.131845 0.025825 
 0.228672 0.046536 0.032035 
 0.150006 0.273143 0.116109 
 0.151867 -0.500831 0.152338 
 -0.055402 0.542749 -0.003199 
 -0.271337 -0.518302 0.214302 
 -0.014955 -0.256828 -0.090378 
 -0.241132 0.262660 -0.023306 
 0.253188 0.123959 0.016199 
 -0.539542 0.089000 0.075302 
 -0.354724 -0.279964 0.033999 
 0.423474 -0.041071 0.084236 
 0.270742 -0.692880 -0.066297 
 -0.305846 0.075897 -0.028103 
 0.024056 -0.051025 -0.145708 
 -0.324072 -0.200343 -0.024766 
 -0.372851 -0.037373 -0.033332 
 0.194368 -0.638804 0.038724 
 -0.137810 -0.262380 -0.051095 
 -0.278822 0.213641 -0.020599 
 -0.391405 0.063133 -0.003541 
 0.145747 -0.459384 0.173547 
 0.115425 -0.453678 0.122867 
 -0.004221 -0.625977 0.117108 
 0.401090 -0.827206 -0.139191 
 -0.420828 -0.283890 0.074679 
 0.162232 0.279668 0.141616 
 -0.266689 0.157426 -0.051714 
 -0.402299 -0.146026 0.014126 
 0.090067 -0.530092 0.116532 
 0.236693 0.285653 0.225129 
 -0.137195 -0.585487 0.165796 
 0.024077 -0.481413 0.069484 
 0.077531 -0.568920 0.113362 
 0.177544 -0.385497 0.069985 
 0.214440 -0.286644 -0.140334 
 0.316738 -0.194200 -0.072948 
 -0.025687 -0.200320 -0.103229 
 -0.100366 -0.240443 -0.065227 
 -0.237013 -0.447070 0.145849 
 -0.227704 -0.392257 0.104340 
 0.201171 0.606124 -0.011531 
 0.065668 0.293609 -0.000472 
 0.348168 0.246469 0.236787 
 0.166798 -0.286090 -0.117581 
 0.062620 -0.294469 -0.073851 
 0.258164 -0.544479 0.042117 
 0.080563 0.577105 -0.016173 
 -0.531505 0.010130 0.054081 
 -0.402222 -0.114010 0.014532 
 -0.306327 -0.352521 0.076415 
 0.080894 -0.366070 -0.026894 
 -0.378938 -0.024141 -0.035709 
 0.405375 0.855780 -0.063672 
 -0.206772 -0.513498 0.172644 
 0.221134 -0.148072 -0.148271 
 -0.301866 -0.250749 0.001640 
 0.033204 -0.670651 0.123739 
 -0.400536 0.044203 -0.005113 
 0.072357 -0.057505 -0.135556 
 0.068212 0.695142 -0.017297 
 0.060378 -0.063522 -0.138248 
 -0.513305 -0.093385 0.056829 
 -0.221330 -0.556375 0.203016 
 -0.402221 -0.320820 0.067425 
 0.231804 -0.294787 -0.136550 
 -0.414223 0.133574 0.025834 
 0.154100 0.551729 -0.000707 
 0.374742 0.027855 0.074635 
 -0.297081 0.094895 -0.037159 
 0.156924 -0.135933 -0.151304 
 -0.441433 -0.165856 0.026705 
 -0.259542 0.301377 -0.005047 
 -0.354463 -0.044529 -0.029422 
 0.245835 -0.047924 -0.064734 
 -0.372493 -0.405732 0.172087 
 -0.262452 -0.167937 -0.021920 
 0.483437 0.156786 0.209795 
 0.029926 -0.124941 -0.135240 
 -0.360852 -0.094986 -0.031396 
 0.206209 0.412103 0.207836 
 -0.326347 -0.233106 -0.003034 
 0.012653 -0.058499 -0.148386 
 0.121032 -0.468413 0.146174 
 0.415465 -0.708165 -0.068520 
 -0.099757 -0.272923 -0.043331 
 -0.025702 -0.199646 -0.103225 
 0.031236 0.211614 -0.086214 
 0.116796 0.656191 -0.028254 
 0.067321 0.603089 0.003450 
 0.085378 0.011280 -0.175900 
 -0.142931 -0.360810 0.045881 
 -0.026220 0.323368 -0.052730 
 -0.336565 0.170121 -0.000990 
 0.083522 0.348490 0.049910 
 0.281838 0.453017 0.303758 
 0.244524 -0.460356 0.084705 
 0.236792 0.349438 0.224819 
 0.439912 0.182415 0.200733 
 0.076184 -0.287587 -0.083186 
 0.077509 -0.567927 0.113367 
 -0.115993 0.355846 -0.028340 
 0.111635 -0.332778 -0.041889 
 -0.095479 -0.464742 0.088048 
 0.035476 0.229999 -0.073698 
 -0.445505 0.310881 0.109322 
 0.392203 0.220637 0.256364 
 0.029621 0.273410 -0.041544 
 0.165664 -0.356852 0.024795 
 -0.116394 0.543232 -0.015789 
 0.241533 0.178479 0.047770 
 0.113531 0.285974 0.097976 
 0.398178 -0.642094 -0.061673 
 -0.284699 0.256561 -0.021805 
 -0.200456 0.219498 -0.092719 
 0.151861 -0.470684 0.173107 
 0.080816 0.083956 -0.176261 
 -0.379350 -0.374576 0.104954 
 -0.265225 -0.060525 -0.065310 
 -0.161743 -0.180008 -0.055333 
 -0.017719 -0.088928 -0.144306 
 -0.081680 -0.423949 0.047518 
 0.065247 -0.227705 -0.127920 
 0.312758 -0.767022 -0.146233 
 0.048950 0.578339 0.000411 
 0.030628 0.211663 -0.086213 
 -0.143489 0.502097 0.044647 
 -0.108284 -0.472926 0.096193 
 -0.124203 0.494497 0.015568 
 -0.461230 0.157383 0.060188 
 0.032511 0.120768 -0.186588 
 -0.192007 -0.147787 -0.061134 
 0.209253 -0.155234 -0.150950 
 0.005678 0.321866 -0.035209 
 -0.178434 -0.398135 0.104169 
 0.226457 -0.605335 0.023700 
 0.193864 0.438943 0.205467 
 -0.444174 0.005781 0.017495 
 0.047964 0.298140 -0.024908 
 0.084119 0.224199 -0.030353 
 0.234694 0.035334 0.044235 
 0.222373 0.000696 -0.047106 
 0.169069 0.491057 0.232679 
 -0.039570 -0.207314 -0.094977 
 0.071515 0.437742 0.057607 
 -0.013647 0.361425 0.004142 
 -0.391401 0.271428 0.065496 
 -0.323519 -0.137561 -0.034817 
 -0.333576 0.013835 -0.046404 
 0.327216 0.741127 -0.081843 
 0.067301 -0.016509 -0.169115 
 0.231968 -0.615325 0.002821 
 -0.142526 0.406634 -0.000546 
 0.199266 0.266678 0.127449 
 -0.271925 -0.284676 0.020722 
 0.300105 0.833169 -0.076086 
 0.203054 -0.203403 -0.152857 
 -0.040189 0.175579 -0.146132 
 0.150413 0.210808 0.016958 
 0.006092 -0.106392 -0.138985 
 0.189147 -0.379347 0.073780 
 0.312652 -0.739637 -0.124158 
 0.382541 0.107895 0.132637 
 0.142348 -0.301427 -0.067935 
 -0.064647 0.256003 -0.128427 
 -0.186925 -0.221746 -0.050262 
 -0.383150 0.258596 0.044998 
 -0.349066 0.132253 -0.004997 
 -0.394161 -0.095741 -0.005555 
 0.231012 -0.264385 -0.136160 
 0.141599 0.667093 -0.045882 
 -0.077219 -0.291242 -0.038286 
 0.110492 0.606757 -0.030843 
 0.179224 -0.214576 -0.157411 
 0.024010 -0.112659 -0.134777 
 0.002675 -0.638693 0.118290 
 -0.046382 0.157255 -0.146729 
 -0.093984 -0.431102 0.055198 
 0.206540 -0.691987 0.018634 
 -0.239711 0.171863 -0.057138 
 0.156743 -0.076490 -0.117513 
 -0.322554 0.051013 -0.033001 
 -0.231483 -0.231201 -0.026960 
 -0.052363 0.138945 -0.149197 
 0.384631 -0.734106 -0.108998 
 -0.130402 0.474626 0.014219 
 -0.057215 0.355314 -0.015124 
 -0.395721 0.125805 0.018940 
 -0.026835 0.386920 0.024743 
 -0.270180 -0.251026 -0.013426 
 0.119483 0.210693 -0.011635 
 -0.090125 0.060031 -0.125212 
 -0.482693 -0.186593 0.062382 
 -0.265247 -0.380095 0.107269 
 0.397673 -0.083104 0.045828 
 -0.324656 -0.199278 -0.024759 
 -0.242113 -0.433238 0.133265 
 0.200320 0.491176 0.250774 
 0.285210 0.796529 -0.079140 
 0.300873 -0.715204 -0.126428 
 -0.097499 0.010022 -0.138071 
 0.293217 -0.497589 0.083813 
 0.040749 0.405420 0.050990 
 0.098681 0.726364 -0.010322 
 0.133332 -0.642169 0.060420 
 0.309179 0.717572 -0.086033 
 0.306727 -0.784823 -0.148152 
 -0.426195 0.031979 0.011028 
 -0.373640 0.182750 0.002002 
 -0.195760 -0.040410 -0.094173 
 -0.308185 0.359273 0.051562 
 -0.125094 0.463138 0.015395 
 -0.151446 0.089654 -0.116044 
 -0.110497 -0.539961 0.139046 
 -0.223099 -0.439781 0.137764 
 0.007221 -0.374290 -0.008946 
 0.388149 -0.622609 -0.018488 
 -0.035304 -0.595037 0.132670 
 0.060779 0.180652 -0.091402 
 0.321160 0.722684 -0.083372 
 -0.325039 -0.312671 0.051160 
 -0.321004 -0.247580 0.008555 
 0.166744 0.738655 -0.072774 
 -0.023238 0.573229 -0.005739 
 -0.075192 0.188126 -0.153765 
 0.050058 0.701406 -0.020609 
 0.156458 0.419173 0.164079 
 0.343338 -0.002617 0.023268 
 -0.206440 0.106614 -0.105802 
 0.107346 -0.223018 -0.129753 
 0.252110 -0.089966 -0.085899 
 0.149761 0.304865 0.139257 
 0.260007 0.171829 0.084608 
 -0.257300 -0.212811 -0.021154 
 -0.004304 0.132044 -0.149852 
 -0.076973 0.280133 -0.119784 
 -0.426863 -0.093975 0.009416 
 0.091875 0.120992 -0.173213 
 -0.414403 -0.090832 0.012163 
 0.084955 0.071719 -0.175125 
 -0.004537 -0.659684 0.138596 
 -0.498783 0.043297 0.039650 
 0.214179 0.790445 -0.094773 
 -0.311799 -0.305644 0.043075 
 0.092356 0.676940 -0.012270 
 0.084202 -0.112089 -0.144859 
 -0.219062 0.402187 0.037782 
 -0.121923 -0.095598 -0.111761 
 -0.131015 -0.146608 -0.081068 
 -0.223381 -0.440191 0.137763 
 0.170178 -0.445411 0.179111 
 0.282565 -0.060916 -0.045882 
 -0.040934 0.267545 -0.111385 
 -0.426006 0.157497 0.034289 
 0.243404 0.366326 0.226404 
 0.407701 -0.811741 -0.115524 
 -0.266738 0.313792 -0.006216 
 -0.037137 0.536362 0.000779 
 -0.394618 0.157436 0.020685 
 0.260608 -0.667900 -0.068589 
 0.325128 0.034454 0.064054 
 0.137957 0.330961 0.114891 
 0.175081 0.380756 0.158723 
 0.214948 -0.196850 -0.150200 
 0.167265 -0.160399 -0.149032 
 -0.328615 0.063632 -0.033583 
 -0.418182 -0.216819 0.032207 
 -0.303671 0.015761 -0.039757 
 0.341868 -0.123432 -0.022565 
 0.245530 -0.258337 -0.133507 
 -0.455694 0.208251 0.072997 
 0.168956 0.425943 0.188884 
 -0.018374 0.560688 -0.004001 
 0.027824 -0.561508 0.113684 
 0.019709 -0.367266 -0.017643 
 0.114673 -0.548536 0.122221 
 0.391794 0.187827 0.245503 
 0.124460 -0.294957 -0.082768 
 -0.340060 0.360098 0.077417 
 0.114940 -0.548527 0.121656 
 0.357323 -0.622109 -0.025014 
 -0.440331 -0.133617 0.016565 
 -0.290095 0.207496 -0.023771 
 0.480306 0.032068 0.152633 
 -0.212985 -0.500599 0.171321 
 0.493616 0.068868 0.178664 
 -0.060883 -0.363921 0.009256 
 -0.022833 0.016246 -0.155220 
 -0.423861 0.335568 0.081670 
 0.042788 0.186929 -0.092215 
 -0.054426 -0.622940 0.140392 
 0.234288 0.007526 -0.011312 
 0.139346 -0.685727 0.048232 
 0.259568 0.139379 0.039821 
 0.168290 0.020878 -0.103837 
 0.333961 0.851169 -0.067164 
 -0.122591 0.337025 -0.040450 
 0.121210 0.059299 -0.167552 
 -0.445499 0.310540 0.108562 
 -0.125094 -0.550467 0.168988 
 0.174052 -0.022024 -0.102183 
 0.291228 0.690168 -0.090242 
 -0.366568 0.379338 0.072271 
 -0.056739 0.243081 -0.149168 
 0.180912 0.241299 0.044431 
 -0.125480 -0.223945 -0.047974 
 0.092048 0.614260 -0.013065 
 0.108604 -0.474657 0.143620 
 0.250992 0.420860 0.283633 
 -0.445959 -0.025918 0.017231 
 -0.210238 0.325802 -0.016033 
 -0.198957 -0.197610 -0.052591 
 -0.126037 0.255945 -0.119608 
 -0.073945 0.393609 0.014203 
 0.288115 -0.042947 -0.032690 
 0.115707 0.132250 -0.167016 
 0.207977 0.743037 -0.063589 
 -0.076897 0.035071 -0.155717 
 -0.069477 -0.209014 -0.067902 
 0.267686 0.285253 0.210454 
 0.102081 -0.088934 -0.129334 
 -0.533320 0.074447 0.075775 
 -0.092832 -0.127752 -0.082993 
 -0.330531 -0.156735 -0.025536 
 -0.511823 0.004916 0.047970 
 0.189793 0.720752 -0.056434 
 -0.247286 -0.303775 0.023878 
 0.097491 0.478772 0.019493 
 -0.023467 0.292321 -0.085987 
 -0.067412 0.569303 0.028713 
 0.260052 -0.725260 -0.103163 
 -0.154911 -0.222722 -0.054567 
 -0.182230 0.120401 -0.100356 
 0.161690 -0.148179 -0.149475 
 -0.045792 -0.323962 -0.021157 
 -0.219521 0.163022 -0.085934 
 -0.238163 0.045530 -0.069622 
 0.049770 0.143470 -0.149008 
 -0.334837 0.044838 -0.034836 
 0.363443 -0.603957 -0.023739 
 0.239948 -0.036000 -0.054712 
 -0.351640 -0.216251 0.002271 
 -0.116805 -0.345641 0.018648 
 0.035809 0.291683 -0.029023 
 -0.124161 0.398154 0.003659 
 0.161689 -0.148177 -0.149828 
 0.275448 0.433772 0.300947 
 -0.110509 -0.539394 0.139049 
 0.022491 0.443177 0.047049 
 -0.058555 -0.510294 0.095520 
 -0.096048 0.071220 -0.127973 
 0.455669 0.082417 0.137921 
 -0.455141 0.176437 0.061612 
 -0.457915 -0.205734 0.056735 
 0.391748 0.189889 0.245513 
 -0.161372 0.412786 0.006777 
 -0.417689 -0.362336 0.107439 
 0.433564 0.163494 0.198805 
 0.024611 0.628905 0.004336 
 0.236703 -0.685253 -0.040898 
 0.201834 0.726754 -0.065116 
 -0.152616 -0.449184 0.108461 
 0.106995 0.266676 0.096399 
 -0.220404 0.011445 -0.087896 
 -0.176075 0.138318 -0.098846 
 0.126027 -0.076276 -0.123073 
 0.317548 0.310734 0.264037 
 -0.147233 0.324771 -0.046256 
 0.378602 -0.752871 -0.110127 
 0.083801 -0.609069 0.092667 
 0.321862 0.783216 -0.082596 
 -0.113381 0.138871 -0.118493 
 0.003010 -0.294817 -0.065022 
 0.145008 -0.021386 -0.119404 
 -0.079062 -0.571853 0.134472 
 0.132463 -0.178347 -0.157007 
 0.221136 -0.148076 -0.147401 
 0.017222 -0.163506 -0.115539 
 0.080381 -0.399850 -0.005344 
 0.191810 -0.057523 -0.109498 
 -0.105397 -0.586675 0.161661 
 -0.385682 0.322823 0.078337 
 0.121065 -0.560312 0.100857 
 -0.308233 0.423878 0.063242 
 -0.148670 -0.171817 -0.074422 
 0.350403 -0.610042 -0.026162 
 -0.187074 -0.253516 -0.050662 
 -0.219385 0.195174 -0.085531 
 -0.461228 0.157260 0.060017 
 -0.367124 -0.112123 -0.034237 
 -0.256532 0.114110 -0.072706 
 -0.497730 0.285463 0.118889 
 0.151619 -0.679815 0.050965 
 -0.069639 -0.239984 -0.068991 
 0.279249 -0.643759 -0.064373 
 0.268570 -0.217315 -0.105879 
 -0.445442 0.067961 0.018300 
 -0.340978 0.119949 -0.024672 
 -0.112226 0.437206 0.017727 
 0.361390 0.283608 0.251046 
 0.102085 -0.647034 0.093615 
 -0.012366 0.548928 -0.003408 
 -0.068200 0.349255 -0.017849 
 0.454043 -0.008573 0.102352 
 -0.459300 -0.159355 0.023519 
 0.202009 0.756771 -0.065065 
 0.083898 0.316834 0.015225 
 0.169889 0.514311 0.002768 
 0.265384 0.066504 0.062283 
 0.031602 -0.000408 -0.176681 
 -0.197701 -0.010157 -0.082882 
 0.179539 -0.153821 -0.156568 
 -0.174469 0.231694 -0.117930 
 -0.456895 -0.205707 0.055967 
 -0.432631 -0.018888 0.009040 
 0.197591 -0.100586 -0.119769 
 -0.045803 -0.501912 0.087370 
 0.347177 0.151416 0.191290 
 0.209430 -0.035369 -0.072233 
 -0.073984 0.330948 -0.030344 
 0.225265 0.471772 0.256769 
 0.192118 0.311272 0.192818 
 -0.027441 -0.509465 0.091306 
 0.371284 -0.738655 -0.122320 
 -0.259038 -0.041879 -0.063683 
 -0.262613 -0.344862 0.064740 
 0.307008 0.716120 -0.086036 
 0.327553 0.801244 -0.081068 
 -0.354623 -0.414164 0.198701 
 -0.043776 0.361623 -0.012403 
 -0.327453 0.366363 0.080195 
 -0.341376 -0.037128 -0.037524 
 -0.396350 0.316159 0.075550 
 -0.150168 0.514722 0.043890 
 -0.076944 0.035521 -0.155714 
 0.101684 0.342258 0.063046 
 -0.003526 0.102626 -0.183342 
 0.348604 -0.721663 -0.116185 
 0.234861 0.066357 0.045408 
 -0.459334 -0.032535 0.024927 
 -0.177012 -0.048460 -0.101220 
 -0.061969 -0.157750 -0.099687 
 0.165225 0.649397 -0.040882 
 -0.468205 0.202400 0.070054 
 0.114926 0.503131 0.012775 
 -0.049876 -0.151890 -0.096887 
 0.216896 0.228515 0.042738 
 -0.472713 0.265984 0.125437 
 -0.080694 0.530921 0.014634 
 0.193359 0.311300 0.192816 
 -0.299067 -0.498746 0.209068 
 0.042243 0.217634 -0.072549 
 0.201001 -0.588922 0.041197 
 0.350088 0.076719 0.125246 
 0.094446 0.260668 0.027704 
 -0.068437 0.537492 0.016789 
 -0.159177 0.318651 -0.049091 
 0.049900 0.023417 -0.183475 
 -0.521826 0.080523 0.089585 
 0.114502 -0.020785 -0.136536 
 0.128970 0.693571 -0.015155 
 0.405379 0.855646 -0.063546 
 -0.319575 0.319814 0.037521 
 0.102251 -0.058925 -0.128947 
 -0.121898 -0.096756 -0.111875 
 0.262817 -0.142900 -0.127343 
 -0.324105 0.209651 0.002171 
 -0.479903 0.278945 0.135412 
 0.078473 0.577058 -0.016169 
 -0.361213 -0.093353 -0.031387 
 -0.252039 0.007940 -0.061860 
 -0.147979 -0.527751 0.131091 
 -0.074077 0.486720 -0.006478 
 -0.418877 -0.249886 0.051627 
 0.298362 -0.188314 -0.076764 
 -0.087083 0.481309 0.011655 
 -0.107443 0.280436 -0.113964 
 -0.505138 0.266981 0.128947 
 0.393422 -0.040410 0.066548 
 -0.316342 0.070332 -0.030842 
 -0.083060 0.168607 -0.133437 
 -0.015212 -0.535965 0.104608 
 0.388345 0.095492 0.123106 
 -0.252369 -0.371312 0.099190 
 0.144247 0.348449 0.116461 
 0.281389 -0.090215 -0.080020 
 -0.313915 0.371989 0.051926 
 0.090222 0.461111 0.051161 
 0.185356 -0.016762 -0.077205 
 0.043947 0.035613 -0.184684 
 -0.511823 0.004916 0.047919 
 -0.134499 0.362217 -0.032223 
 -0.386895 -0.043748 -0.012664 
 -0.139339 0.034321 -0.114137 
 -0.365626 -0.366560 0.085796 
 -0.011326 -0.038506 -0.153329 
 -0.047185 0.249053 -0.146490 
 -0.373171 0.327825 0.081113 
 -0.407338 0.087973 0.017984 
 0.342396 -0.766976 -0.140203 
 -0.199452 0.126606 -0.093356 
 -0.293568 -0.200591 -0.018111 
 -0.345586 -0.226991 0.003457 
 -0.060425 -0.578170 0.138443 
 0.083958 0.442693 0.060338 
 0.448817 0.032618 0.123777 
 0.238922 -0.154566 -0.144506 
 -0.162084 -0.241367 -0.055244 
 0.154608 -0.045980 -0.117119 
 -0.251911 -0.053956 -0.073530 
 -0.120300 0.028009 -0.132130 
 -0.367728 -0.284881 0.042080 
 -0.212612 -0.204951 -0.044428 
 0.316056 0.183547 0.151800 
 0.286859 0.342670 0.235187 
 0.327231 0.740440 -0.082076 
 -0.303741 0.139626 -0.027302 
 -0.073895 -0.132988 -0.101567 
 -0.299055 0.282960 0.007557 
 0.023395 -0.481428 0.069485 
 0.255227 -0.598735 -0.035871 
 0.108512 -0.596651 0.097203 
 -0.082624 -0.458614 0.079885 
 0.411371 0.015434 0.071221 
 -0.197483 -0.311642 0.023592 
 0.412979 -0.795215 -0.102925 
 0.180865 0.148362 -0.076395 
 0.195213 -0.516038 0.073354 
 0.110203 -0.402841 0.045990 
 0.188370 0.260267 0.124691 
 0.072656 0.497647 0.014700 
 0.285605 0.765186 -0.091050 
 -0.408331 -0.101711 0.012253 
 0.296857 0.833096 -0.076079 
 0.198915 0.173400 -0.017056 
 0.328845 0.188162 0.187740 
 -0.045025 -0.194920 -0.096128 
 0.049451 -0.038554 -0.151341 
 -0.367453 -0.174894 -0.035748 
 0.126675 -0.630849 0.068276 
 -0.142872 0.438222 0.012331 
 0.261501 -0.582141 -0.012658 
 0.462689 0.163429 0.183644 
 0.090223 0.461109 0.051674 
 0.481866 0.125472 0.187169 
 -0.131946 0.083588 -0.123117 
 -0.448580 0.195495 0.064397 
 -0.243776 0.389772 0.032315 
 -0.246041 0.452930 0.077082 
 -0.036872 -0.383790 0.023635 
 0.268319 -0.126329 -0.093512 
 -0.199851 0.426974 0.031921 
 0.229741 0.234868 0.078562 
 -0.456892 -0.205713 0.057168 
 -0.169360 0.067404 -0.120271 
 -0.397786 0.220612 0.061038 
 -0.348781 -0.118554 -0.029047 
 0.057344 -0.314804 -0.053461 
 -0.171946 -0.121785 -0.089950 
 -0.083708 -0.108174 -0.104185 
 0.183635 0.704661 -0.058299 
 0.305107 0.304242 0.239125 
 -0.459853 0.030862 0.025951 
 -0.445465 0.069067 0.019056 
 0.120236 -0.094064 -0.136514 
 -0.462229 -0.192905 0.055544 
 -0.479983 -0.154525 0.051979 
 -0.062655 -0.461854 0.051039 
 -0.108976 0.034399 -0.129442 
 -0.510287 0.004954 0.047259 
 -0.185998 -0.159955 -0.060366 
 -0.002653 0.430527 0.030611 
 0.300933 0.447050 0.327934 
 0.054012 -0.112376 -0.140010 
 -0.159267 -0.114852 -0.096996 
 -0.056808 -0.139319 -0.098035 
 -0.089703 0.305038 -0.100334 
 -0.349044 0.131370 -0.004148 
 0.073161 -0.026544 -0.146009 
 0.243355 0.368530 0.226071 
 -0.049951 0.562373 0.023031 
 -0.336394 0.201396 0.000916 
 0.212174 0.368591 0.207020 
 0.126961 -0.511776 0.135811 
 0.173532 -0.022037 -0.101909 
 0.073268 0.156311 -0.122483 
 0.180481 0.058049 -0.110610 
 0.333351 -0.603717 -0.030252 
 -0.177216 -0.398102 0.102944 
 -0.147017 0.356076 -0.034945 
 0.426794 -0.761771 -0.078189 
 -0.345977 0.308359 0.053710 
 0.305478 -0.524425 0.096492 
 0.230759 0.330633 0.245643 
 0.198657 0.112098 -0.074058 
 -0.210815 -0.435203 0.140551 
 -0.354673 -0.073784 -0.029813 
 -0.066784 -0.565516 0.137255 
 -0.459166 -0.000836 0.027188 
 -0.201453 0.035125 -0.094532 
 0.225019 -0.633490 -0.009752 
 0.249130 -0.618359 -0.037420 
 0.091937 -0.392749 -0.002620 
 0.403032 -0.743275 -0.082441 
 0.389308 0.126365 0.156477 
 -0.272970 0.294950 -0.007788 
 0.120439 0.210715 -0.011636 
 -0.241849 -0.078986 -0.071206 
 -0.332781 0.315153 0.045461 
 0.027674 -0.593823 0.113277 
 -0.307632 0.390947 0.051371 
 0.040480 -0.554269 0.106152 
 -0.463031 -0.193836 0.055541 
 -0.116643 -0.528000 0.138922 
 -0.284073 -0.054569 -0.058396 
 0.311480 -0.881209 -0.192348 
 0.156970 0.419185 0.164078 
 0.091147 0.491277 0.018332 
 0.273269 0.668283 -0.083461 
 0.333505 0.819729 -0.079540 
 -0.361209 -0.156389 -0.032191 
 0.323825 -0.085860 -0.037507 
 0.227681 -0.487203 0.091410 
 -0.171083 -0.058548 -0.100055 
 -0.271794 -0.017221 -0.055922 
 -0.095395 0.287368 -0.112684 
 0.021447 -0.643912 0.111290 
 -0.257200 0.082987 -0.073102 
 -0.463051 -0.192922 0.055384 
 -0.153335 -0.480369 0.119414 
 0.249289 0.688841 -0.055175 
 0.049733 0.145125 -0.149000 
 -0.154783 -0.127823 -0.086086 
 -0.277052 0.454155 0.070364 
 0.172918 0.285666 0.144381 
 -0.312310 -0.194176 -0.022023 
 -0.517031 0.195666 0.115174 
 -0.300794 -0.093400 -0.028935 
 0.223294 0.184858 0.043418 
 0.137822 0.298055 0.114481 
 -0.406786 -0.340646 0.076650 
 -0.234503 -0.411735 0.113627 
 0.137496 0.173935 -0.085187 
 -0.130113 0.412798 0.002502 
 0.363720 0.085645 0.116924 
 0.007864 -0.554058 0.098788 
 0.067254 -0.014416 -0.169104 
 -0.301153 -0.366161 0.088459 
 0.012160 -0.087609 -0.137809 
 -0.196750 0.330086 -0.034940 
 0.156217 -0.015641 -0.116733 
 0.185836 -0.016752 -0.077206 
 0.090063 -0.093226 -0.131996 
 0.054735 -0.448921 0.043653 
 0.366877 -0.081919 0.015884 
 0.280964 -0.504349 0.081682 
 0.012628 -0.057369 -0.148381 
 0.184687 -0.166031 -0.156251 
 0.385548 -0.027958 0.065391 
 -0.287888 -0.213200 -0.017533 
 0.090180 -0.496204 0.116947 
 -0.140014 -0.058454 -0.115319 
 0.274980 0.401089 0.266736 
 0.059213 -0.247987 -0.129462 
 -0.284920 0.227836 -0.022193 
 0.045867 -0.663112 0.116384 
 0.432157 0.100839 0.165058 
 0.340854 -0.886901 -0.152803 
 -0.030288 -0.329576 -0.028209 
 0.388080 -0.888838 -0.175811 
 -0.152619 -0.449177 0.107072 
 -0.168834 -0.558762 0.181191 
 0.107648 -0.191619 -0.140785 
 0.097175 -0.339654 -0.044591 
 -0.045789 -0.502524 0.087367 
 -0.252659 0.006567 -0.061866 
 0.012202 0.528852 -0.008604 
 0.309208 0.716250 -0.086040 
 0.008710 -0.308577 -0.052917 
 -0.072158 -0.039609 -0.133496 
 0.179968 -0.034310 -0.101905 
 -0.003824 0.040983 -0.183885 
 -0.104144 -0.305694 -0.021884 
 0.231422 -0.586743 0.025335 
 0.463713 0.163547 0.183642 
 0.037679 -0.374895 -0.003296 
 0.373366 -0.712520 -0.088808 
 -0.030425 0.585711 -0.006248 
 0.096639 -0.014535 -0.141208 
 0.416763 0.799060 -0.083869 
 -0.118348 0.274406 -0.118071 
 0.366551 -0.844649 -0.147128 
 0.137811 0.298464 0.113204 
 0.237188 0.381333 0.225741 
 0.280425 0.323216 0.222907 
 0.127237 0.138679 -0.132255 
 -0.197180 -0.424361 0.110686 
 -0.303390 0.201294 -0.024927 
 -0.215821 -0.418773 0.118551 
 -0.149691 -0.205852 -0.053016 
 0.066980 0.541620 0.002701 
 -0.111936 0.406381 0.007996 
 0.072358 -0.057508 -0.134971 
 0.010829 -0.181142 -0.117071 
 -0.464823 -0.082760 0.011870 
 -0.155140 0.464439 0.041493 
 -0.232494 0.426497 0.057662 
 0.120863 0.180016 -0.056024 
 0.078151 -0.130748 -0.146041 
 -0.338280 0.296149 0.033184 
 -0.029606 -0.063255 -0.146584 
 0.230522 0.634910 -0.037701 
 0.344183 -0.683139 -0.083768 
 -0.311111 -0.098269 -0.031671 
 0.131882 0.342640 0.114151 
 -0.186145 -0.485883 0.156222 
 0.331178 -0.007768 0.021687 
 -0.259582 -0.512355 0.206254 
 0.263528 -0.054646 -0.049713 
 0.168146 -0.010319 -0.103054 
 -0.125598 0.009657 -0.122756 
 0.225805 -0.662245 -0.021162 
 0.151124 0.148396 -0.115928 
 -0.292656 -0.394694 0.134282 
 -0.078894 -0.324590 -0.016833 
 0.034463 -0.262915 -0.101927 
 -0.233309 -0.562771 0.211078 
 0.080129 0.640336 0.006605 
 0.067355 0.601556 0.003483 
 -0.449140 0.195488 0.063207 
 0.089570 0.335932 0.049242 
 0.160428 -0.306432 -0.075096 
 0.078105 -0.100329 -0.136712 
 -0.179761 -0.465720 0.146404 
 0.388066 -0.888196 -0.175741 
 -0.100366 -0.240443 -0.065175 
 -0.175937 0.170310 -0.098446 
 -0.188535 0.070970 -0.103534 
 0.392181 0.252522 0.257406 
 -0.256404 -0.179941 -0.020748 
 -0.298020 -0.381617 0.122225 
 0.284834 0.152387 0.133050 
 -0.181816 0.244110 -0.098811 
 -0.119013 0.274391 -0.118069 
 -0.054324 0.077694 -0.149975 
 -0.278286 0.182852 -0.032300 
 -0.512167 -0.058246 0.046452 
 0.009744 -0.522407 0.099865 
 -0.415843 -0.184213 0.021787 
 0.145413 -0.082492 -0.120184 
 -0.016798 -0.635861 0.136216 
 0.195381 -0.359720 0.064337 
 -0.212886 -0.466505 0.151038 
 -0.380320 0.038056 -0.011956 
 0.145450 0.009181 -0.119014 
 0.282594 0.387842 0.256875 
 0.149622 -0.185352 -0.153217 
 0.407702 -0.811817 -0.116078 
 -0.323384 -0.104975 -0.034411 
 0.028918 -0.218115 -0.114272 
 0.023675 0.597724 0.005153 
 -0.410470 0.341690 0.074246 
 0.357531 0.065319 0.115347 
 0.289606 -0.753135 -0.107396 
 -0.432458 0.012304 0.008862 
 0.047354 0.455792 0.041549 
 0.104530 0.682361 -0.009417 
 0.285349 -0.598409 -0.030531 
 -0.418903 -0.249896 0.053444 
 -0.494373 -0.128995 0.049608 
 -0.232973 0.126343 -0.067268 
 -0.497022 0.043336 0.039647 
 -0.201073 0.094474 -0.093754 
 0.006077 0.292112 -0.058513 
 0.048186 -0.097674 -0.141139 
 0.311057 0.259675 0.217788 
 -0.112180 -0.608200 0.169960 
 0.333700 -0.574128 -0.018953 
 0.255854 0.766223 -0.086540 
 0.379677 -0.045737 0.042862 
 0.344318 0.291151 0.236002 
 -0.223238 0.509034 0.027374 
 0.250350 -0.239441 -0.143018 
 0.112230 -0.300188 -0.075986 
 -0.238358 -0.282628 -0.007174 
 -0.117163 0.513270 0.017361 
 0.222132 0.000698 -0.048581 
 0.447902 -0.029792 0.100776 
 0.055524 -0.413011 0.010530 
 -0.275749 -0.238407 -0.015357 
 0.096158 -0.076035 -0.130101 
 0.175986 -0.422585 0.136680 
 0.377012 0.118206 0.153275 
 0.262730 -0.499021 0.089672 
 -0.046166 0.126819 -0.160137 
 0.377706 -0.807783 -0.133019 
 -0.239978 -0.016730 -0.069872 
 0.034527 0.386660 0.050320 
 0.268702 -0.155218 -0.127024 
 0.334418 0.113855 0.177055 
 0.367551 0.271101 0.252236 
 0.316253 -0.567806 -0.022400 
 -0.054192 -0.014113 -0.151148 
 0.094424 0.229473 0.005325 
 0.021129 -0.301859 -0.061532 
 0.047341 0.456402 0.041552 
 0.080196 0.670867 -0.014980 
 -0.056820 0.418471 0.018174 
 -0.298954 -0.125000 -0.029340 
 -0.007819 -0.237654 -0.100182 
 -0.342154 0.151101 -0.002568 
 0.379111 -0.107945 0.029806 
 0.139836 0.667054 -0.045878 
 0.318965 0.310765 0.264034 
 -0.163346 0.052751 -0.118590 
 -0.049692 -0.422265 0.032125 
 0.189017 -0.536038 0.071717 
 0.053285 -0.235321 -0.130786 
 0.023531 0.473470 0.012982 
 -0.093133 0.493872 0.011235 
 -0.177063 0.169813 -0.098446 
 -0.099843 0.238559 -0.158322 
 -0.084841 -0.344936 0.003450 
 -0.051833 0.077750 -0.149980 
 -0.184358 0.306383 -0.054409 
 0.168133 -0.009736 -0.102774 
 0.050058 0.701404 -0.020214 
 0.164233 -0.550472 0.099309 
 0.191661 -0.088477 -0.109890 
 0.060674 0.059747 -0.180431 
 0.267301 -0.592102 -0.033526 
 -0.076676 0.249747 -0.131110 
 -0.495377 -0.161405 0.060003 
 0.361282 0.220911 0.239161 
 -0.429742 0.219308 0.067574 
 0.035770 0.479382 0.017257 
 -0.013631 0.360799 0.005157 
 -0.000999 -0.187181 -0.119754 
 -0.287001 -0.181210 -0.027043 
 0.029441 0.335821 -0.008769 
 0.163622 -0.494139 0.155112 
 0.151857 -0.500368 0.152622 
 0.227168 -0.129898 -0.145760 
 0.056016 0.071799 -0.181567 
 0.189743 0.722965 -0.056761 
 -0.270983 0.138797 -0.053725 
 0.467238 0.025902 0.138785 
 -0.013729 -0.227274 -0.100944 
 -0.535832 0.202237 0.111917 
 -0.055553 0.511149 -0.002192 
 -0.095724 0.132699 -0.124853 
 0.065294 -0.229848 -0.127931 
 0.077708 -0.596417 0.092872 
 0.123050 0.491066 0.024935 
 -0.335469 -0.049188 -0.036352 
 0.146366 0.654684 -0.044730 
 0.291732 -0.582389 -0.004606 
 -0.347794 -0.055360 -0.039091 
 0.403340 -0.034736 0.080356 
 0.164071 0.496535 0.022771 
 -0.024293 -0.374631 0.016333 
 -0.017584 -0.057229 -0.143936 
 0.406685 0.089320 0.126296 
 0.090950 0.461129 0.050913 
 -0.064139 0.194043 -0.151089 
 -0.244209 -0.468234 0.166189 
 0.009911 -0.181162 -0.117069 
 -0.001897 -0.494108 0.074938 
 -0.432459 0.012392 0.009442 
 -0.394185 -0.094653 -0.005549 
 -0.247151 -0.535432 0.208678 
 0.183803 -0.365864 0.061231 
 0.384672 0.170028 0.210094 
 -0.295341 0.397175 0.054732 
 0.115717 0.131693 -0.167912 
 0.332534 -0.687758 -0.097490 
 0.327396 -0.591331 -0.031151 
 0.237987 0.510090 0.260059 
 -0.351683 -0.214319 0.002281 
 -0.310337 -0.273231 0.032050 
 0.022510 0.380278 0.035881 
 0.331555 0.021388 0.032018 
 -0.323370 -0.105692 -0.035447 
 -0.182486 0.182186 -0.089357 
 0.176654 0.564987 0.004722 
 -0.181140 -0.267572 -0.038611 
 -0.201097 0.095597 -0.093214 
 0.321941 0.783218 -0.082597 
 0.170642 -0.592299 0.067071 
 -0.183294 0.027498 -0.090677 
 -0.092424 -0.127738 -0.083878 
 0.294088 -0.056154 -0.032149 
 -0.179358 -0.348442 0.038018 
 -0.374425 0.151214 0.001049 
 0.154192 0.761710 -0.097283 
 0.298752 -0.218909 -0.077156 
 0.275766 0.498799 0.301123 
 0.292751 -0.205958 -0.089345 
 0.303929 0.820976 -0.074941 
 0.053043 0.411173 0.053292 
 -0.339147 -0.239984 0.004630 
 0.127007 0.355148 0.101528 
 0.079649 0.054412 -0.176642 
 -0.297744 0.251427 -0.014008 
 -0.179765 -0.235662 -0.049109 
 0.273985 -0.547399 0.012902 
 0.073286 0.155573 -0.121711 
 -0.156585 0.464409 0.041039 
 0.160918 -0.271387 -0.130199 
 0.204272 0.037781 -0.050256 
 -0.174653 0.231697 -0.119464 
 0.393097 -0.633692 -0.028727 
 0.024897 0.597751 0.005150 
 -0.048232 0.311094 -0.068354 
 -0.323216 -0.073844 -0.034012 
 0.118055 -0.313374 -0.062500 
 0.043947 0.035613 -0.184620 
 -0.409549 -0.165531 0.023987 
 0.067424 0.727524 0.005080 
 -0.222875 0.351108 -0.007311 
 -0.211817 0.515212 0.030126 
 0.065543 0.260855 -0.000445 
 0.144232 -0.021404 -0.119417 
 0.016442 0.579054 0.003595 
 -0.286838 -0.149869 -0.026712 
 0.039892 -0.275749 -0.078316 
 -0.341552 -0.272995 0.025919 
 0.186241 0.355844 0.192038 
 -0.349242 -0.087180 -0.028644 
 -0.521824 0.080519 0.090531 
 0.166277 0.765759 -0.105455 
 -0.074737 0.581861 0.027466 
 -0.133528 -0.009161 -0.113038 
 0.036810 0.635744 0.008274 
 0.207875 -0.459370 0.198054 
 0.170057 -0.682288 0.032873 
 -0.019728 -0.212926 -0.102488 
 0.211237 0.209912 0.030780 
 -0.414773 -0.152250 0.010651 
 0.024405 0.534555 -0.006619 
 0.217210 0.166713 -0.013202 
 0.180218 0.025919 -0.077961 
 0.367371 0.239866 0.251833 
 -0.132247 0.206759 -0.132458 
 0.347358 -0.779456 -0.139072 
 -0.031911 0.367808 0.001245 
 -0.169334 -0.558770 0.180496 
 -0.349026 -0.181326 -0.029848 
 0.161505 -0.177464 -0.150550 
 -0.277025 -0.271264 0.006730 
 -0.244179 0.089574 -0.092141 
 -0.259825 -0.541286 0.205858 
 -0.007618 -0.237652 -0.099786 
 -0.199020 -0.462132 0.153824 
 0.244443 -0.225796 -0.144140 
 -0.312158 -0.338412 0.053522 
 0.048692 0.516544 0.009401 
 0.055693 0.011223 -0.183590 
 0.167537 -0.009748 -0.103050 
 -0.186672 -0.485900 0.157336 
 0.375236 0.794904 -0.070794 
 0.400689 0.101667 0.125125 
 -0.179474 0.356136 -0.008837 
 -0.010226 0.144864 -0.150720 
 0.216009 -0.017369 -0.058127 
 -0.160297 0.413325 0.006778 
 -0.299209 0.220009 -0.014069 
 -0.358267 -0.202025 0.001105 
 0.034997 0.418015 0.049387 
 -0.161729 0.443609 0.018087 
 0.000373 -0.065386 -0.140104 
 0.185761 -0.076744 -0.111671 
 -0.406379 -0.069220 -0.007238 
 0.071659 0.559450 0.004258 
 -0.015859 0.248906 -0.118096 
 0.277562 0.010277 0.042118 
 -0.296780 0.158542 -0.036598 
 -0.068611 0.566370 0.028701 
 0.380659 0.246264 0.254618 
 0.192821 0.156857 -0.062679 
 0.416930 0.002939 0.070602 
 0.139553 -0.623408 0.061092 
 -0.005709 -0.383129 0.020223 
 0.034052 -0.605555 0.103498 
 -0.465287 -0.257343 0.065543 
 0.383633 -0.822735 -0.131901 
 0.165013 0.618697 -0.019242 
 0.131172 0.248107 0.134752 
 0.399881 -0.882257 -0.173712 
 0.324561 -0.706062 -0.099014 
 -0.177934 -0.430818 0.114655 
 -0.109855 -0.088672 -0.109171 
 -0.085220 -0.558999 0.134241 
 0.336166 -0.844431 -0.153548 
 0.017644 0.298388 -0.032818 
 -0.336855 -0.318906 0.049615 
 0.237854 0.476516 0.259559 
 -0.428012 -0.270399 0.073495 
 -0.427011 -0.270377 0.073467 
 0.260855 -0.638789 -0.057289 
 0.284963 -0.626906 -0.051800 
 0.238159 -0.511361 0.083777 
 0.279568 0.259077 0.166843 
 -0.104391 -0.339387 0.010469 
 -0.397612 0.252394 0.064910 
 -0.062870 0.431031 0.018370 
 0.025612 0.628921 0.005547 
 0.341075 0.163426 0.190105 
 -0.053902 -0.343634 -0.011782 
 0.335362 -0.140597 -0.046229 
 -0.021640 0.047563 -0.187676 
 -0.143649 0.262249 -0.122011 
 0.155892 -0.076439 -0.117511 
 0.303239 0.114289 0.147876 
 -0.095726 0.132759 -0.125579 
 -0.416632 0.354484 0.071889 
 -0.240870 -0.549926 0.209875 
 0.071926 0.308625 0.001068 
 0.056329 0.132723 -0.179792 
 0.262942 0.065817 0.062285 
 -0.385672 0.322388 0.078394 
 0.382108 0.077328 0.120821 
 -0.212980 -0.500610 0.173561 
 -0.504932 -0.072813 0.036831 
 -0.277666 0.026512 -0.056375 
 -0.234384 -0.296580 0.015755 
 0.101104 0.438353 0.140670 
 0.350941 0.875456 -0.063869 
 0.327548 0.801468 -0.080974 
 -0.098140 -0.566420 0.142448 
 0.075607 -0.255364 -0.103691 
 0.367992 -0.730767 -0.090272 
 0.310783 0.291425 0.240315 
 0.226488 -0.464927 0.191314 
 0.400630 0.101663 0.125813 
 -0.385676 0.322397 0.076611 
 -0.151588 -0.002482 -0.117224 
 -0.277227 -0.271269 0.006731 
 -0.190991 -0.438095 0.121254 
 -0.129030 -0.115659 -0.091591 
 0.067275 0.634797 0.013763 
 0.060599 -0.497475 0.110234 
 0.031620 -0.001107 -0.175325 
 -0.087405 0.418710 0.012482 
 0.308776 -0.645321 -0.057870 
 0.095944 0.292017 0.017109 
 0.207944 0.744447 -0.064488 
 0.281353 -0.088513 -0.079400 
 -0.014239 -0.500991 0.072180 
 -0.322392 0.082356 -0.032925 
 -0.205944 0.439826 0.030497 
 -0.307638 -0.005103 -0.041339 
 -0.061756 0.492859 -0.002551 
 0.136579 -0.286514 -0.091408 
 0.174639 0.413196 0.190071 
 0.072199 -0.116203 -0.147168 
 0.212085 0.025149 -0.038381 
 -0.127701 -0.501306 0.124562 
 -0.423575 0.206103 0.068760 
 -0.214025 0.058272 -0.087159 
 -0.047330 0.279885 -0.113266 
 0.238198 0.510095 0.259976 
 0.157972 -0.628564 0.055014 
 0.315272 0.734426 -0.083556 
 0.021198 0.023675 -0.189918 
 0.225078 0.439143 0.245323 
 0.193728 0.405761 0.205054 
 -0.351246 0.258262 0.030019 
 -0.062096 -0.461842 0.051038 
 0.049395 -0.005897 -0.172885 
 0.168727 0.235768 0.032249 
 -0.169305 0.490060 0.050449 
 -0.087509 0.387418 0.011472 
 -0.366852 0.347144 0.082709 
 -0.494324 -0.128994 0.049608 
 -0.478370 -0.122027 0.019969 
 -0.211326 0.357262 -0.004571 
 0.291199 -0.696313 -0.084550 
 -0.294691 0.366870 0.043464 
 0.428046 0.113524 0.163879 
 0.386231 -0.650277 -0.063169 
 -0.380688 0.132357 -0.002187 
 -0.181751 -0.532987 0.181031 
 -0.064689 -0.497096 0.094355 
 0.211443 0.240709 0.085685 
 0.004091 -0.262383 -0.097860 
 0.410915 0.015429 0.070231 
 0.036426 -0.075846 -0.143431 
 0.327008 0.064645 0.108697 
 -0.069559 -0.145405 -0.100727 
 -0.373662 -0.036768 -0.033327 
 0.117501 -0.346792 -0.029702 
 -0.232409 -0.495075 0.180250 
 0.144398 -0.546539 0.106374 
 0.337173 -0.020545 0.021720 
 -0.498846 0.106732 0.050536 
 0.197176 -0.189771 -0.164751 
 0.059631 0.335728 0.009028 
 0.180824 0.336534 0.168405 
 -0.080640 0.372987 -0.009243 
 0.176284 0.501896 0.025963 
 0.107809 -0.161111 -0.138990 
 0.305418 -0.049262 -0.029454 
 -0.053049 0.014280 -0.150771 
 0.484864 0.050532 0.154206 
 -0.299050 0.282948 0.010071 
 -0.209168 0.293879 -0.038059 
 -0.452759 -0.139045 0.014300 
 -0.231784 -0.376826 0.073005 
 0.174699 0.317568 0.165657 
 0.161370 -0.209017 -0.151935 
 -0.010279 -0.038483 -0.153331 
 -0.180137 -0.203816 -0.059604 
 0.097795 0.106765 -0.172091 
 0.266422 0.803616 -0.071891 
 0.225070 0.439434 0.244436 
 0.292138 0.783455 -0.089066 
 0.232872 -0.173148 -0.157060 
 0.309667 0.196695 0.139569 
 0.170016 -0.682286 0.032268 
 -0.506185 0.087030 0.060470 
 -0.040265 0.115047 -0.157855 
 -0.062874 0.431039 0.016729 
 0.049881 0.701405 -0.021164 
 -0.347893 0.404893 0.087100 
 -0.400425 -0.288200 0.056272 
 0.383878 -0.906198 -0.177320 
 0.241533 0.178478 0.047949 
 -0.230354 -0.460516 0.147040 
 -0.119312 -0.382262 0.073933 
 -0.396464 -0.384425 0.145204 
 0.233569 -0.498737 0.081559 
 -0.278304 0.183675 -0.032296 
 -0.212122 0.213408 -0.094874 
 -0.490713 -0.174246 0.061194 
 0.442873 0.045187 0.122648 
 -0.273520 0.295160 -0.007786 
 0.139632 0.143686 -0.118592 
 0.153909 0.673169 -0.043189 
 0.200938 0.606031 -0.011531 
 -0.181699 -0.235705 -0.049105 
 -0.266138 -0.060545 -0.065375 
 0.107488 -0.100089 -0.139179 
 -0.368365 -0.018006 -0.031754 
 -0.317266 0.226452 0.003736 
 -0.394566 0.125830 0.018937 
 0.158161 -0.450830 0.176336 
 -0.190163 0.319012 -0.043202 
 0.313227 -0.739090 -0.124157 
 -0.055665 -0.109369 -0.097648 
 0.299572 0.447019 0.328039 
 -0.534216 0.106251 0.086400 
 -0.408674 -0.340688 0.076722 
 -0.473065 0.087634 0.045389 
 0.164790 0.588394 -0.019633 
 -0.002339 -0.281338 -0.088078 
 0.078546 -0.469287 0.082274 
 0.262383 -0.173325 -0.128546 
 0.312883 -0.001066 0.003877 
 -0.325461 -0.396924 0.150726 
 0.303146 0.698105 -0.087567 
 0.157648 -0.691156 0.054429 
 0.180828 0.210161 0.022991 
 -0.147124 -0.495486 0.120591 
 0.133720 0.494354 0.016641 
 0.166919 -0.318266 -0.073948 
 0.322555 0.169289 0.186156 
 0.340023 0.869662 -0.066541 
 -0.258893 -0.277715 0.010854 
 0.326346 -0.622165 -0.031541 
 0.173376 -0.233450 -0.148675 
 -0.237537 -0.218543 -0.028548 
 0.149921 -0.094849 -0.130046 
 -0.111971 -0.359030 0.019817 
 0.092374 0.614222 -0.013066 
 -0.466506 0.011878 0.024365 
 -0.223248 0.509034 0.027374 
 -0.332440 -0.220321 -0.004639 
 0.369018 0.746205 -0.071860 
 0.394533 -0.843350 -0.162852 
 -0.346555 -0.023995 -0.038693 
 -0.031914 0.367814 -0.000113 
 0.125232 -0.229141 -0.125943 
 -0.144084 0.502089 0.043635 
 -0.071220 0.297805 -0.107312 
 0.077953 0.454954 0.047684 
 -0.228450 -0.009925 -0.089458 
 0.221843 0.485396 0.277639 
 -0.154597 -0.253824 -0.054966 
 0.155308 -0.226215 -0.152462 
 0.504497 0.043717 0.146994 
 -0.347615 -0.055197 -0.039090 
 -0.443195 0.214533 0.075123 
 -0.089241 -0.266831 -0.041305 
 0.084337 -0.051492 -0.132092 
 -0.464582 0.253038 0.103460 
 -0.046760 0.126800 -0.158997 
 0.232129 0.784050 -0.079922 
 0.166983 -0.253135 -0.126587 
 0.127258 0.478733 0.037104 
 -0.126670 0.163570 -0.120787 
 0.410753 -0.079247 0.081113 
 0.359595 0.157646 0.194821 
 -0.148512 -0.172094 -0.074424 
 -0.214188 0.027257 -0.088499 
 -0.056000 0.356008 -0.015123 
 0.182715 -0.502490 0.192089 
 -0.254541 0.288749 -0.003875 
 -0.423454 0.239891 0.068287 
 -0.311253 -0.305623 0.041320 
 0.060724 -0.031144 -0.148667 
 -0.303948 -0.049014 -0.040572 
 -0.087957 0.211787 -0.156050 
 0.204113 0.413171 0.207846 
 -0.439953 0.119525 0.029209 
 0.126224 -0.047507 -0.123610 
 0.012614 -0.056757 -0.148378 
 0.079677 0.640328 0.006227 
 -0.252173 -0.022858 -0.072295 
 0.163841 0.526766 0.001611 
 -0.173013 -0.328765 0.028324 
 -0.392988 -0.031093 -0.016826 
 -0.096043 0.071209 -0.125645 
 0.012400 0.622763 0.003072 
 0.221280 -0.535118 0.067403 
 0.210727 0.116707 -0.059255 
 -0.141088 -0.027645 -0.114923 
 0.177296 -0.543331 0.080043 
 0.243652 0.640390 -0.046059 
 -0.373191 0.328662 0.080455 
 -0.256371 -0.181452 -0.020940 
 -0.521331 0.112558 0.090486 
 -0.188685 -0.553897 0.188076 
 0.280254 0.291607 0.222550 
 0.404424 -0.065820 0.068868 
 0.175612 0.039216 -0.101131 
 -0.216797 0.338523 -0.006141 
 0.316720 -0.193429 -0.072944 
 -0.058311 -0.233904 -0.066415 
 -0.022864 -0.013956 -0.155609 
 0.417439 0.032287 0.083863 
 -0.189745 0.287784 -0.056443 
 0.369491 0.837755 -0.071558 
 0.099048 -0.372238 -0.023026 
 0.366705 -0.112307 0.016034 
 -0.004947 0.254974 -0.106384 
 0.143395 -0.051980 -0.119791 
 0.249795 0.747559 -0.087543 
 0.165687 0.708654 -0.063523 
 0.193060 0.279495 0.192674 
 0.133854 0.526667 0.017044 
 0.036583 -0.075554 -0.143430 
 0.237500 0.285677 0.224003 
 0.225234 0.767240 -0.081446 
 -0.284188 -0.054567 -0.059285 
 -0.068439 0.537497 0.015868 
 -0.431036 0.075349 0.021068 
 0.025544 0.011443 -0.188781 
 -0.108253 0.126843 -0.117341 
 -0.142872 0.438221 0.012476 
 -0.158105 -0.436402 0.107723 
 -0.407624 -0.308015 0.066187 
 0.291647 0.814826 -0.077610 
 0.072938 -0.057493 -0.135422 
 -0.453060 -0.012520 0.026733 
 0.025541 0.535007 -0.006619 
 0.167752 0.766968 -0.105452 
 0.007060 0.200762 -0.113509 
 0.066121 -0.541797 0.111010 
 0.374220 -0.655679 -0.065839 
 0.168742 0.235145 0.032654 
 0.217247 0.197649 0.031310 
 -0.236348 0.501468 0.024618 
 -0.382387 0.132309 0.000025 
 -0.194368 0.114980 -0.103089 
 -0.028755 0.029008 -0.156358 
 0.354749 -0.087700 0.013725 
 -0.236380 0.502823 0.023885 
 0.205448 0.160849 -0.037955 
 0.313768 -0.714243 -0.101692 
 -0.405738 0.057476 -0.006287 
 -0.279738 -0.099283 -0.035530 
 0.170070 -0.653565 0.055273 
 0.018218 0.516363 -0.008129 
 -0.081650 -0.213727 -0.071427 
 -0.097966 -0.351973 0.013333 
 0.096330 -0.510448 0.118673 
 0.404739 -0.003195 0.069501 
 -0.189661 -0.405168 0.101384 
 -0.076293 0.157487 -0.151822 
 0.082934 -0.676070 0.123727 
 -0.238173 -0.363236 0.058460 
 0.185599 -0.136914 -0.155871 
 0.034682 0.510369 0.006683 
 0.091131 -0.003598 -0.163794 
 0.275605 0.466363 0.300710 
 0.042661 0.156640 -0.139167 
 -0.402484 0.169320 0.039828 
 0.096328 -0.510445 0.117976 
 0.172296 0.727057 -0.060605 
 0.090890 0.491280 0.016619 
 0.357487 -0.591589 -0.025644 
 -0.268418 -0.156280 -0.023094 
 -0.395319 -0.384406 0.146417 
 0.126179 0.229945 0.011921 
 -0.059543 -0.330321 -0.023877 
 0.199063 0.203878 0.005621 
 0.031622 0.150641 -0.141353 
 -0.188732 0.039761 -0.091834 
 0.359234 0.124928 0.182573 
 0.326198 -0.678264 -0.076527 
 0.216953 0.136074 -0.035653 
 0.428049 0.113524 0.163879 
 0.038950 -0.554300 0.105491 
 0.216544 0.073928 -0.015149 
 -0.378719 -0.228443 0.018441 
 0.044262 0.096368 -0.183715 
 0.263254 0.523540 0.285825 
 -0.087760 0.212691 -0.156046 
 -0.497015 0.253408 0.130140 
 0.218820 -0.649862 -0.011292 
 -0.091380 -0.364538 0.012805 
 0.204433 0.068567 -0.049021 
 0.225728 0.704686 -0.082236 
 0.046287 0.392826 0.051726 
 -0.312325 -0.194388 -0.022024 
 0.125941 -0.104234 -0.135366 
 0.169410 -0.653702 0.055273 
 0.095629 0.354825 0.064326 
 -0.249048 -0.098101 -0.061886 
 -0.080206 -0.390631 0.025369 
 -0.135688 -0.134240 -0.082227 
 0.238361 -0.277869 -0.135034 
 -0.006189 0.316656 -0.048874 
 -0.329925 -0.299155 0.039127 
 -0.274214 0.454406 0.070359 
 0.384207 -0.763123 -0.120057 
 -0.496333 0.189220 0.096901 
 -0.102293 0.114132 -0.117571 
 0.110532 0.113917 -0.158440 
 -0.176244 0.107791 -0.099238 
 -0.017501 0.279793 -0.084937 
 0.133392 -0.552715 0.103615 
 -0.124527 0.431808 0.015817 
 0.342243 -0.797584 -0.141441 
 0.167722 -0.129586 -0.148642 
 -0.146942 -0.464375 0.120993 
 0.219532 0.660009 -0.039999 
 0.218103 -0.594113 0.033560 
 0.272986 0.240625 0.131580 
 -0.232538 0.064607 -0.089827 
 -0.126268 0.132790 -0.120756 
 -0.281557 0.339613 0.024068 
 0.224393 -0.632636 -0.009747 
 0.219902 0.516660 0.255982 
 0.335663 0.208393 0.223371 
 0.281074 0.387802 0.258113 
 0.087926 -0.280773 -0.090423 
 -0.490803 -0.174248 0.061194 
 0.016738 0.267240 -0.055215 
 0.079686 0.639954 0.006604 
 0.103031 0.003490 -0.161130 
 0.182789 -0.554601 0.070211 
 0.319669 -0.580244 -0.021244 
 0.077525 0.204916 -0.042891 
 -0.355654 0.208317 0.006337 
 0.071299 0.279467 0.000681 
 0.012746 -0.150972 -0.105728 
 0.061676 0.615590 0.002330 
 -0.240792 -0.078963 -0.071208 
 -0.092810 0.556467 0.011099 
 0.298301 -0.535216 0.017149 
 -0.285468 -0.492358 0.212383 
 -0.125172 0.287021 -0.086460 
 0.104578 0.589313 -0.010753 
 -0.454119 0.144723 0.050695 
 0.251477 -0.089979 -0.086082 
 0.055522 -0.413005 0.009376 
 0.040718 0.467052 0.018424 
 -0.295531 0.220091 -0.014076 
 0.287187 -0.102002 -0.089929 
 -0.229539 -0.428585 0.136564 
 0.203361 -0.083008 -0.107223 
 -0.455720 0.209446 0.072844 
 -0.202982 0.313001 -0.036515 
 -0.420721 -0.107940 0.010407 
 -0.329262 -0.061780 -0.033164 
 0.466803 -0.005087 0.127279 
 -0.202937 0.157400 -0.082059 
 -0.343286 0.214018 0.008631 
 -0.080289 -0.089308 -0.113564 
 0.210429 0.054353 0.028805 
 -0.305313 -0.176367 -0.031316 
 0.004272 -0.232549 -0.097100 
 -0.163967 0.145003 -0.096798 
 0.183073 0.612358 -0.013703 
 -0.269706 0.409388 0.050001 
 -0.301250 0.170012 -0.026912 
 0.390991 -0.070658 0.043992 
 -0.022773 0.231257 -0.119628 
 -0.143298 -0.576723 0.164582 
 0.020645 -0.516212 0.101953 
 -0.037156 -0.383800 0.024527 
 0.061142 -0.427861 0.034259 
 -0.309996 -0.036586 -0.041734 
 0.284474 -0.541366 0.015615 
 -0.190203 0.320646 -0.044662 
 -0.264808 0.158522 -0.051713 
 0.194706 0.647519 -0.045378 
 -0.305183 -0.143456 -0.030300 
 0.113450 0.255764 0.064590 
 0.018219 0.516297 -0.008175 
 0.097769 0.107941 -0.172085 
 0.209386 -0.124208 -0.140957 
 0.392688 0.817508 -0.091234 
 0.386208 -0.649242 -0.063163 
 -0.351842 -0.360418 0.077734 
 0.201848 0.726073 -0.065817 
 0.381200 0.046507 0.076102 
 0.293547 -0.055320 -0.032144 
 0.202564 -0.445630 0.185850 
 0.213313 0.641230 -0.041541 
 0.108973 -0.436109 0.066768 
 0.041230 -0.148969 -0.143069 
 -0.225157 0.414842 0.037325 
 0.162823 0.094795 -0.124790 
 -0.010231 0.145054 -0.150987 
 -0.452576 -0.108190 0.014573 
 -0.264260 0.126701 -0.062989 
 0.414624 -0.679001 -0.057056 
 0.260019 0.171277 0.084393 
 0.272021 -0.718718 -0.099784 
 0.127250 0.479108 0.037106 
 -0.344842 -0.339533 0.068489 
 -0.030898 0.430230 0.002066 
 0.227007 -0.160268 -0.147703 
 0.298257 0.253131 0.181843 
 0.201518 0.665955 -0.042732 
 0.375515 -0.597900 -0.019799 
 0.338218 -0.585320 -0.028458 
 0.312757 -0.767019 -0.146789 
 0.237722 0.349459 0.224818 
 -0.265595 0.001448 -0.053450 
 0.096329 -0.510446 0.118242 
 -0.343265 0.214016 0.009089 
 0.156525 0.229017 0.028390 
 0.077003 -0.662065 0.113407 
 0.291892 -0.551569 -0.005313 
 0.134469 -0.422773 0.061729 
 -0.025535 0.355099 -0.008669 
 -0.004199 -0.625977 0.117108 
 0.440837 -0.078150 0.075716 
 0.071218 -0.242317 -0.126790 
 0.172088 -0.505750 0.145288 
 0.011308 0.467114 0.011806 
 -0.264254 0.126423 -0.062908 
 -0.373750 0.120279 -0.009640 
 -0.176249 0.107996 -0.099237 
 0.379719 0.213637 0.254209 
 -0.338596 -0.352299 0.069378 
 -0.244155 0.088463 -0.092147 
 -0.022015 -0.554571 0.113972 
 0.196785 -0.359689 0.064334 
 0.415838 -0.738714 -0.068920 
 0.073466 0.653437 0.016560 
 0.032506 0.647583 0.007105 
 0.046716 -0.501603 0.085548 
 -0.190680 -0.115268 -0.082915 
 0.236850 0.317802 0.224413 
 -0.101434 -0.272959 -0.043495 
 0.175114 0.412838 0.190068 
 -0.375393 -0.100512 -0.012455 
 -0.097887 -0.115294 -0.106879 
 0.047247 -0.223034 -0.131743 
 0.125948 0.386826 0.112733 
 -0.175161 0.438746 0.037166 
 0.101085 0.342239 0.063047 
 0.363743 0.084574 0.116918 
 0.237678 0.683474 -0.046307 
 0.065282 -0.229296 -0.127847 
 -0.259219 -0.072184 -0.064210 
 -0.031201 0.585697 -0.006897 
 0.083555 -0.204872 -0.134704 
 -0.310542 -0.439454 0.196212 
 0.313751 0.703885 -0.084899 
 0.244031 -0.578203 0.005928 
 -0.371917 -0.405716 0.171503 
 0.120580 0.181777 -0.056015 
 0.142970 -0.266270 -0.122524 
 -0.321946 0.020189 -0.043668 
 -0.201827 0.281659 -0.058686 
 0.296218 0.158447 0.147471 
 -0.150959 0.121391 -0.115647 
 -0.369671 0.201508 0.025271 
 0.149450 -0.215017 -0.152531 
 -0.126582 0.070885 -0.121969 
 -0.003422 -0.562550 0.117909 
 0.341417 0.195744 0.200295 
 0.095865 0.478736 0.019496 
 -0.136988 0.488640 0.023978 
 0.067741 0.048504 -0.179295 
 -0.095874 -0.285706 -0.031244 
 -0.040304 0.175571 -0.144982 
 -0.414428 0.354532 0.071985 
 -0.047179 0.004223 -0.149388 
 0.287296 0.765221 -0.090596 
 -0.265188 -0.497011 0.194187 
 -0.093435 -0.614537 0.174962 
 0.361519 -0.039389 0.039153 
 -0.328878 -0.265185 0.028689 
 0.357959 0.094479 0.126809 
 0.441415 0.014523 0.100015 
 0.243357 0.368460 0.226415 
 0.287176 -0.485615 0.081943 
 0.048398 -0.069538 -0.141065 
 0.227423 -0.101035 -0.111475 
 0.126060 -0.135223 -0.157749 
 0.220204 -0.473594 0.079223 
 0.265406 0.253257 0.141995 
 0.245297 -0.107973 -0.109501 
 -0.155000 -0.517970 0.151700 
 0.353281 -0.911209 -0.150284 
 0.303885 -0.079613 -0.040898 
 0.031428 0.090367 -0.186485 
 0.140291 0.545502 -0.014422 
 0.234904 -0.684413 -0.040890 
 0.241766 0.640348 -0.046056 
 0.164641 -0.431855 0.155914 
 -0.173423 0.343651 -0.007669 
 -0.068182 0.348431 -0.017853 
 -0.339222 0.391913 0.077822 
 -0.150524 -0.565623 0.185195 
 -0.389812 -0.171412 0.016485 
 0.239513 0.022976 0.034365 
 0.012300 -0.387725 0.002217 
 -0.101727 0.054732 -0.138819 
 0.223824 0.247324 0.133900 
 0.220543 -0.208833 -0.149066 
 -0.253167 -0.085868 -0.063054 
 0.098691 0.725841 -0.010838 
 0.404570 0.195084 0.248289 
 -0.497727 0.011225 0.050041 
 -0.268814 -0.218976 -0.021580 
 0.278210 -0.702362 -0.087020 
 0.071722 -0.179752 -0.136847 
 -0.008057 0.379588 0.028639 
 0.096127 -0.106084 -0.141846 
 0.046267 -0.630200 0.106831 
 0.038082 0.047342 -0.185744 
 0.506145 0.105310 0.181149 
 0.000105 0.304231 -0.058679 
 0.056011 0.071974 -0.181994 
 0.200321 0.491175 0.251074 
 0.231795 0.522946 0.260004 
 -0.126244 -0.433545 0.081736 
 0.034061 -0.509965 0.104713 
 -0.279210 0.276497 -0.009357 
 -0.182390 0.089472 -0.100447 
 0.312750 -0.798393 -0.135977 
 -0.341574 0.360064 0.077420 
 0.315923 0.183545 0.151569 
 -0.395382 -0.127092 0.015708 
 0.247466 0.259829 0.171185 
 -0.258421 0.207104 -0.049758 
 -0.187684 0.369584 0.000907 
 -0.298649 -0.265603 0.013671 
 0.133336 -0.583124 0.092226 
 -0.373937 0.119848 -0.009642 
 0.042013 -0.148953 -0.142849 
 -0.517029 0.195661 0.116110 
 -0.099590 -0.177785 -0.074899 
 0.187927 0.517212 0.249195 
 0.208606 -0.277874 -0.119143 
 0.078544 -0.469283 0.081551 
 0.023976 0.503752 0.003955 
 0.345051 -0.627157 -0.039928 
 -0.219688 0.132260 -0.086328 
 -0.373743 0.119858 -0.010648 
 -0.384957 -0.248042 0.027689 
 0.436279 0.088814 0.132941 
 0.243871 0.760485 -0.088679 
 -0.148517 -0.171816 -0.074044 
 -0.178672 -0.140556 -0.079809 
 -0.050604 -0.455663 0.053917 
 -0.365812 -0.366564 0.085797 
 -0.268063 -0.331118 0.052150 
 -0.432955 0.317369 0.112121 
 0.286865 -0.130084 -0.100741 
 0.392826 -0.009679 0.078029 
 -0.439705 -0.307291 0.070305 
 -0.439341 0.056352 0.020287 
 -0.090807 -0.512375 0.121587 
 0.164518 0.557801 0.001319 
 0.033942 -0.636419 0.103098 
 0.340673 0.133836 0.178643 
 0.324585 -0.706062 -0.099014 
 0.089580 0.366643 0.060704 
 -0.137624 0.188320 -0.123086 
 0.221193 -0.208819 -0.149067 
 0.125457 0.292251 0.111683 
 -0.440001 -0.133612 0.017061 
 -0.511676 0.214863 0.127338 
 -0.348584 -0.087235 -0.028646 
 0.060848 0.553355 0.001537 
 0.271419 0.053940 0.063447 
 -0.068909 -0.177426 -0.079050 
 0.339685 0.164100 0.190112 
 0.101436 -0.210762 -0.130893 
 0.411160 0.750422 -0.052485 
 -0.229720 -0.135830 -0.047522 
 -0.021051 -0.277175 -0.070036 
 0.132523 0.003486 -0.132461 
 0.018053 0.267269 -0.055217 
 0.071585 -0.057523 -0.135419 
 -0.005932 -0.383125 0.018369 
 -0.121577 0.400286 0.003664 
 -0.374732 -0.068628 -0.012052 
 0.024004 -0.112646 -0.137456 
 0.045856 -0.288134 -0.076645 
 -0.144369 -0.394712 0.067287 
 -0.102451 -0.009535 -0.128693 
 0.277323 0.071528 0.087100 
 0.119828 0.367118 0.100354 
 0.089394 -0.655834 0.115015 
 0.004513 0.449281 0.031427 
 0.125458 0.292248 0.112264 
 0.183507 -0.400862 0.105145 
 0.023564 0.472137 0.014526 
 -0.093382 -0.398657 0.044980 
 0.299030 0.285159 0.238267 
 0.392534 0.252530 0.257405 
 -0.187994 -0.518915 0.177604 
 0.383683 -0.845913 -0.176550 
 -0.368160 0.170071 0.004643 
 0.023428 0.348303 -0.007564 
 0.370721 0.101174 0.151708 
 0.285803 -0.598405 -0.029331 
 -0.271792 -0.017282 -0.055272 
 0.050119 -0.367718 -0.011539 
 0.113600 0.348585 0.076783 
 -0.183291 -0.034630 -0.091469 
 -0.096471 -0.318185 -0.021416 
 0.297092 0.679643 -0.088670 
 -0.414230 0.133892 0.025835 
 -0.193765 0.414334 0.032813 
 0.255667 -0.572111 0.009284 
 0.105966 -0.319439 -0.066395 
 -0.143812 0.231464 -0.123638 
 -0.369463 0.075696 -0.008867 
 0.004822 0.354853 -0.001914 
 0.309950 0.165147 0.172341 
 -0.249635 -0.193641 -0.030462 
 -0.283879 0.008661 -0.057595 
 -0.161551 0.381969 0.004496 
 -0.485741 -0.014023 0.041615 
 -0.015769 0.035792 -0.187428 
 0.461040 0.007034 0.126109 
 0.113409 0.316997 0.098377 
 -0.388127 -0.313735 0.057836 
 0.254185 0.215673 0.093316 
 -0.130587 0.444393 0.014974 
 -0.279048 0.307954 -0.008957 
 -0.137171 0.458089 0.023581 
 0.285401 0.705090 -0.080310 
 0.133289 0.466348 0.038185 
 0.399882 -0.882260 -0.173198 
 0.317317 -0.893586 -0.191225 
 0.002382 -0.638701 0.118470 
 0.416610 -0.059292 0.071172 
 0.307043 -0.756334 -0.137059 
 -0.339481 -0.239994 0.005129 
 -0.278164 -0.304660 0.017188 
 0.278701 0.196607 0.111634 
 0.219559 0.658779 -0.040005 
 0.448431 0.002015 0.101177 
 0.429950 0.039593 0.098356 
 0.085089 0.503386 0.006178 
 -0.318284 -0.326001 0.052337 
 -0.084635 -0.526053 0.123126 
 -0.183185 -0.065565 -0.102762 
 -0.099658 0.411861 0.009134 
 -0.192989 -0.210665 -0.051431 
 -0.445920 0.037402 0.017902 
 -0.016175 0.158877 -0.152120 
 -0.417016 -0.249854 0.053440 
 0.222653 0.092181 -0.034900 
 0.243727 0.701175 -0.055931 
 0.058783 -0.623968 0.108622 
 0.050903 -0.204771 -0.130206 
 0.271784 0.084111 0.084857 
 -0.145295 0.046439 -0.114690 
 -0.124527 0.431809 0.015635 
 -0.078688 -0.058057 -0.124377 
 -0.371971 -0.241126 0.019885 
 -0.380713 0.133656 0.000028 
 -0.150119 -0.096271 -0.096603 
 -0.540630 0.215173 0.109307 
 -0.243264 -0.143385 -0.029158 
 0.054946 0.041574 -0.181952 
 0.240993 0.117319 0.002450 
 -0.110707 -0.359470 0.019813 
 0.195039 -0.546847 0.072957 
 0.170240 -0.622601 0.055671 
 -0.093317 0.463524 0.011108 
 0.138144 -0.222356 -0.134270 
 -0.492389 0.240424 0.120535 
 -0.184287 0.182142 -0.088697 
 -0.458217 0.272195 0.107343 
 0.214109 0.672035 -0.041150 
 0.017012 -0.468789 0.067462 
 0.431836 0.100832 0.165058 
 0.303627 0.789452 -0.086115 
 0.268001 0.318396 0.231178 
 -0.301456 0.378231 0.053146 
 -0.097117 -0.052192 -0.117012 
 0.318459 -0.809220 -0.145890 
 -0.353916 -0.011438 -0.039858 
 -0.009228 -0.302411 -0.056780 
 0.235297 0.160161 0.034792 
 -0.111254 0.231253 -0.161005 
 0.311529 0.291443 0.240117 
 -0.096056 0.071714 -0.126362 
 0.279563 0.071578 0.087096 
 0.107363 -0.222822 -0.129752 
 -0.012111 -0.069529 -0.142768 
 0.319154 -0.838216 -0.157325 
 -0.452443 -0.076528 0.015104 
 0.189606 0.691199 -0.057158 
 0.195801 -0.517270 0.073347 
 0.338227 -0.673678 -0.073861 
 -0.243773 0.389697 0.032731 
 0.286894 -0.131404 -0.100748 
 0.347724 -0.837789 -0.150899 
 0.096113 0.448857 0.063767 
 0.079282 -0.435570 0.049134 
 0.023964 0.504270 0.003579 
 0.195243 -0.517286 0.074197 
 0.487529 0.081511 0.177216 
 0.242829 0.240854 0.092331 
 -0.310000 -0.036427 -0.041734 
 0.143739 0.285501 0.137671 
 -0.340676 0.026378 -0.047569 
 0.265402 0.065861 0.064269 
 0.029339 -0.461968 0.071064 
 0.005643 0.323309 -0.036844 
 -0.052958 -0.311587 -0.033255 
 -0.176944 0.107967 -0.099236 
 -0.049851 0.436600 -0.001732 
 0.121706 -0.589231 0.089475 
 0.153567 0.702986 -0.053814 
 0.398022 -0.672706 -0.061157 
 -0.063493 0.399226 -0.004945 
 -0.038480 0.411113 0.022403 
 0.297143 -0.621853 -0.038072 
 -0.304076 -0.081863 -0.040974 
 -0.188905 0.497186 0.067942 
 0.227622 -0.070576 -0.090850 
 -0.480232 0.163815 0.066857 
 -0.089969 0.090903 -0.124819 
 0.022525 0.379548 0.035275 
 -0.154171 0.306136 -0.047812 
 0.285111 -0.626680 -0.051799 
 0.268004 -0.096275 -0.082079 
 0.018798 0.207472 -0.099859 
 0.390188 0.188772 0.245511 
 0.200970 0.726051 -0.065118 
 -0.212596 0.213398 -0.095045 
 0.266458 0.222510 0.097411 
 0.473684 0.013335 0.138039 
 0.112686 -0.204549 -0.128220 
 -0.221616 0.402128 0.038244 
 0.260555 0.078427 0.061114 
 0.169072 0.491051 0.233862 
 0.065098 -0.573427 0.109246 
 0.097250 0.509141 0.008894 
 0.307358 -0.727415 -0.123823 
 -0.110537 0.469004 0.007200 
 -0.061787 0.494135 -0.003746 
 0.020288 0.054034 -0.190454 
 0.151861 -0.470685 0.173311 
 0.292040 -0.232833 -0.122865 
 0.249482 0.388049 0.250097 
 -0.338284 0.264500 0.032780 
 0.290206 -0.696334 -0.084831 
 -0.439997 0.121675 0.031127 
 0.128921 0.662277 -0.024840 
 -0.149893 -0.235235 -0.054090 
 -0.170266 0.095560 -0.097410 
 -0.137694 -0.229116 -0.049935 
 -0.320596 -0.495221 0.237595 
 -0.195279 0.269046 -0.079320 
 -0.252551 0.163604 -0.047456 
 -0.007839 -0.236740 -0.099781 
 0.362695 0.284695 0.251049 
 0.370690 0.102565 0.151715 
 -0.029290 -0.640974 0.132802 
 0.391280 -0.721056 -0.084949 
 -0.409710 -0.197339 0.022966 
 -0.044610 -0.258741 -0.064109 
 -0.370521 -0.352214 0.073772 
 -0.298117 -0.381350 0.122227 
 -0.166820 -0.491396 0.149317 
 -0.136327 -0.167146 -0.071719 
 -0.303129 0.107452 -0.036141 
 0.166996 -0.253127 -0.128188 
 0.048104 0.236110 -0.051171 
 0.018726 -0.038337 -0.157809 
 0.267141 0.065910 0.062276 
 0.124027 -0.325773 -0.057808 
 0.124426 -0.293352 -0.081750 
 0.060778 0.180653 -0.091624 
 0.167475 -0.160395 -0.149032 
 -0.271957 -0.048331 -0.055670 
 -0.074488 0.550056 0.016314 
 0.000552 0.273478 -0.080230 
 0.089758 0.273173 0.014154 
 0.273487 0.728657 -0.092996 
 -0.101410 0.298975 -0.102909 
 0.324370 0.297902 0.265775 
 0.135113 0.648626 -0.046264 
 0.206861 -0.632116 0.041453 
 0.155624 -0.165403 -0.151685 
 0.322692 0.813747 -0.082208 
 -0.317093 0.194981 0.003333 
 0.334765 0.145488 0.188526 
 0.199532 0.330341 0.205434 
 0.102542 -0.026795 -0.138677 
 0.449607 0.095006 0.136027 
 0.149118 -0.246883 -0.131620 
 -0.296475 -0.265564 0.015551 
 0.276716 -0.730094 -0.109677 
 0.138741 0.052265 -0.130913 
 0.125991 -0.106328 -0.133823 
 0.391728 0.817474 -0.088793 
 0.323019 0.234123 0.198034 
 -0.056831 0.418970 0.018510 
 0.438298 0.119675 0.166633 
 0.353145 0.136514 0.181388 
 0.066453 0.448807 0.045446 
 0.232336 0.785580 -0.079915 
 0.008675 0.048055 -0.192182 
 0.171214 0.636003 -0.038603 
 -0.024436 0.292153 -0.085986 
 0.241850 0.209532 0.080851 
 0.363482 0.791033 -0.062366 
 -0.056212 0.386728 -0.004652 
 0.285444 0.734752 -0.090981 
 -0.459331 -0.032543 0.026472 
 0.412448 0.076728 0.115949 
 0.421961 0.188752 0.219556 
 -0.043343 0.518271 0.000538 
 0.365983 -0.783834 -0.135283 
 -0.050632 -0.454405 0.053795 
 0.091416 0.029162 -0.174910 
 0.392372 0.252522 0.258297 
 0.206870 -0.632648 0.040163 
 -0.505671 -0.039712 0.048044 
 -0.020215 0.498342 -0.005367 
 0.152551 -0.500351 0.152339 
 -0.342599 -0.227266 0.003449 
 0.077633 -0.192028 -0.135033 
 0.226024 0.766947 -0.081449 
 -0.452409 -0.076533 0.016275 
 -0.046050 -0.290518 -0.052200 
 -0.091381 -0.546205 0.132072 
 -0.367102 -0.113002 -0.032963 
 0.164064 0.496923 0.023251 
 0.046962 0.455187 0.041547 
 -0.196692 0.331676 -0.034933 
 0.166987 -0.253448 -0.128189 
 -0.409643 -0.133358 0.012950 
 -0.313777 0.340340 0.049976 
 0.214229 -0.441246 0.188621 
 -0.112306 0.406381 0.006404 
 -0.073989 0.486721 -0.006270 
 -0.223393 -0.439781 0.136422 
 0.230280 -0.556825 0.036680 
 0.259387 0.109162 0.039429 
 -0.087572 0.387425 0.009795 
 -0.054148 -0.047681 -0.129678 
 -0.105497 -0.134384 -0.075659 
 0.360425 0.189118 0.228011 
 0.158649 -0.451651 0.176331 
 -0.117743 -0.562168 0.158477 
 0.103419 0.528132 0.009895 
 0.020108 0.144765 -0.155473 
 -0.077205 -0.291823 -0.037830 
 -0.267975 0.346256 0.015945 
 0.107577 -0.694586 0.129443 
 0.073474 0.005007 -0.180104 
 -0.302781 0.138641 -0.027309 
 0.493004 0.068858 0.178004 
 0.000153 -0.093178 -0.140481 
 0.199583 0.142672 -0.061544 
 -0.458064 0.304736 0.106524 
 0.089067 0.398609 0.105071 
 0.291890 -0.551457 -0.004905 
 -0.007822 -0.237477 -0.099784 
 0.400183 0.070563 0.114003 
 -0.281008 0.339622 0.024724 
 0.296135 0.066105 0.091006 
 -0.182238 -0.383552 0.081443 
 -0.341390 -0.036594 -0.038605 
 -0.286840 -0.149865 -0.027564 
 -0.161774 0.445630 0.018097 
 0.006098 0.570797 0.000859 
 -0.503951 0.170024 0.095300 
 -0.373894 0.087879 -0.010048 
 0.256569 0.438998 0.285237 
 -0.073990 0.486723 -0.006718 
 0.298263 -0.565052 0.006883 
 0.293841 -0.024914 -0.020700 
 0.399992 -0.850038 -0.172779 
 0.187927 0.517206 0.249195 
 -0.208691 -0.077239 -0.086383 
 0.456021 0.082430 0.136845 
 0.397981 -0.114110 0.044752 
 -0.145778 -0.015235 -0.116075 
 -0.152299 -0.301435 -0.010591 
 0.231421 -0.586740 0.024748 
 0.158826 -0.568293 0.075730 
 0.231422 -0.586743 0.025436 
 -0.371941 -0.273453 0.030050 
 0.022181 -0.518189 0.101940 
 0.008240 -0.044724 -0.149523 
 -0.137153 0.457309 0.023791 
 -0.376625 -0.341876 0.072572 
 0.152609 -0.470675 0.174738 
 0.355051 0.264806 0.249450 
 -0.301405 0.346394 0.041874 
 0.227889 -0.042726 -0.068412 
 0.212503 -0.696240 -0.046280 
 0.189831 -0.379329 0.073280 
 0.207196 -0.570245 0.041918 
 0.071845 0.341861 0.012006 
 0.000798 -0.032483 -0.151133 
 0.180833 0.304831 0.167646 
 -0.201377 0.157429 -0.080979 
 -0.368628 -0.081994 -0.010881 
 0.030997 0.180778 -0.108544 
 -0.112202 0.436118 0.017722 
 -0.206482 0.108513 -0.105793 
 -0.275389 0.358476 0.025645 
 -0.177983 -0.109025 -0.091104 
 0.127285 -0.409269 0.049101 
 0.219245 -0.594084 0.033005 
 -0.011215 0.267366 -0.095808 
 0.221540 -0.089257 -0.103404 
 -0.459167 -0.000831 0.026310 
 -0.040313 0.175889 -0.146130 
 -0.414774 -0.152141 0.011365 
 0.035800 0.292042 -0.029553 
 -0.390353 -0.171424 0.016486 
 0.278372 0.133842 0.109015 
 0.043658 0.035606 -0.184607 
 0.079500 0.609899 0.006213 
 0.126182 -0.045705 -0.124660 
 -0.049131 -0.570903 0.130294 
 -0.144199 -0.361385 0.045881 
 -0.347761 0.069360 -0.026645 
 -0.543281 0.182945 0.120425 
 0.018615 0.640181 0.004380 
 0.268721 -0.186458 -0.105332 
 -0.258419 0.206980 -0.049759 
 -0.386371 -0.075635 -0.003974 
 0.108485 -0.039043 -0.138400 
 -0.034820 0.010585 -0.157862 
 -0.101467 -0.039792 -0.118163 
 -0.113733 0.138864 -0.118493 
 0.281834 0.453026 0.301775 
 -0.184032 -0.302532 0.004562 
 0.139492 -0.565382 0.106405 
 0.040917 0.436512 0.050954 
 0.151668 -0.033642 -0.118265 
 -0.102649 0.298947 -0.102906 
 -0.187756 -0.485918 0.156226 
 0.127816 -0.511757 0.135810 
 -0.503930 0.297875 0.118545 
 -0.212461 0.389296 0.028518 
 0.363776 0.881492 -0.061201 
 -0.306411 0.327501 0.040289 
 0.248484 -0.706331 -0.060985 
 -0.381119 -0.120184 -0.014036 
 0.345112 0.856241 -0.076483 
 0.038072 0.047811 -0.185688 
 -0.405452 0.297039 0.073961 
 0.076787 -0.662063 0.112160 
 0.382103 0.843778 -0.068878 
 -0.012348 0.548175 -0.002412 
 0.038363 0.109641 -0.184960 
 0.144393 0.009155 -0.118461 
 0.417406 0.033749 0.083619 
 -0.407333 0.087532 0.015770 
 0.419763 -0.780056 -0.079245 
 0.060248 -0.095358 -0.138487 
 -0.012334 0.547478 -0.003416 
 -0.265225 -0.060527 -0.064853 
 0.236012 0.098347 0.000894 
 -0.042827 -0.008101 -0.148473 
 0.281861 -0.059715 -0.045875 
 0.315271 0.734429 -0.084111 
 0.398296 0.834791 -0.098372 
 0.192728 0.124191 -0.074103 
 0.327706 0.831989 -0.081446 
 -0.048248 -0.058306 -0.128525 
 -0.211024 -0.171880 -0.054912 
 0.137056 -0.253631 -0.121585 
 0.123698 -0.293363 -0.082758 
 -0.235418 0.313592 -0.010076 
 -0.016110 0.279824 -0.084841 
 0.385576 0.233430 0.255810 
 -0.495105 0.189247 0.096898 
 0.085703 0.071732 -0.174390 
 0.103647 0.126103 -0.158020 
 0.149116 -0.246879 -0.132496 
 -0.132703 0.052782 -0.123181 
 -0.143703 -0.543909 0.164996 
 0.218846 -0.651153 -0.012442 
 -0.451920 0.018463 0.015561 
 -0.464824 -0.082757 0.011361 
 -0.091688 -0.364545 0.012806 
 0.328219 0.064672 0.108695 
 0.113998 0.223138 0.008861 
 0.321040 0.233892 0.198038 
 -0.059920 -0.543161 0.127930 
 0.274004 -0.257852 -0.139111 
 0.376232 -0.893409 -0.178439 
 0.186670 0.013963 -0.076815 
 0.316079 0.151781 0.173744 
 0.158700 -0.343511 0.012528 
 0.083595 0.253517 0.013983 
 0.433205 -0.745394 -0.065111 
 0.127154 -0.480682 0.147207 
 0.398997 0.776556 -0.065852 
 0.393688 0.817518 -0.088797 
 0.361518 -0.689405 -0.079957 
 -0.214848 -0.095946 -0.087936 
 -0.411666 0.278067 0.083200 
 0.022117 -0.268691 -0.092674 
 -0.136207 0.362179 -0.032220 
 0.010121 0.405497 0.043910 
 0.054630 0.191912 -0.081231 
 0.370660 -0.883393 -0.168503 
 0.424715 0.082889 0.118839 
 0.231447 0.634935 -0.038712 
 0.163958 0.311243 0.153029 
 0.363424 0.051809 0.116512 
 0.248027 0.291912 0.226793 
 0.046568 -0.255104 -0.110202 
 -0.367774 -0.081643 -0.010881 
 0.376144 0.823750 -0.092590 
 0.162810 0.526743 0.001614 
 0.293619 -0.083835 -0.054630 
 -0.518175 -0.012912 0.045674 
 -0.068895 -0.178053 -0.079266 
 0.334671 0.819755 -0.079542 
 0.095833 -0.602867 0.094955 
 -0.282415 -0.422980 0.158398 
 -0.134789 0.331045 -0.043538 
 0.121014 -0.590085 0.089472 
 -0.402390 -0.145517 0.014129 
 -0.055980 0.355116 -0.015128 
 -0.034883 0.286032 -0.099632 
 0.152978 -0.397847 0.066309 
 -0.332449 -0.219891 -0.004636 
 0.337508 0.011012 0.033185 
 -0.349076 -0.181318 -0.029848 
 -0.157383 0.040370 -0.117860 
 0.061116 -0.426711 0.034265 
 -0.491350 0.304683 0.121199 
 -0.034387 0.163286 -0.144926 
 -0.147137 -0.494906 0.120594 
 0.145091 0.161860 -0.106797 
 -0.207574 0.472124 0.065468 
 -0.415271 0.163702 0.037061 
 -0.297080 0.094892 -0.036434 
 -0.268492 -0.156284 -0.022694 
 0.379513 -0.076751 0.041211 
 0.367533 0.271864 0.251411 
 0.397664 -0.082779 0.045150 
 0.084470 -0.141474 -0.166861 
 -0.118161 0.482762 0.016967 
 -0.307791 0.359273 0.053401 
 -0.461230 0.157384 0.060119 
 0.195272 0.647531 -0.045379 
 -0.210610 -0.500552 0.172391 
 -0.421969 -0.171389 0.020607 
 -0.077726 0.126299 -0.121747 
 0.044844 0.559771 -0.002346 
 -0.095548 0.162659 -0.125191 
 0.126149 -0.044128 -0.123593 
 0.035455 0.323501 -0.006679 
 -0.529756 0.155710 0.111287 
 -0.152119 0.058806 -0.116437 
 0.158150 -0.568153 0.075732 
 -0.037151 0.537082 0.002101 
 0.315561 -0.597411 -0.033841 
 0.209897 0.148432 -0.036801 
 0.065411 -0.509381 0.111420 
 0.449599 0.095303 0.135679 
 -0.039346 0.380753 0.022010 
 0.095353 -0.228397 -0.132420 
 -0.374678 0.328626 0.081120 
 -0.118862 0.212862 -0.140722 
 0.326043 0.034851 0.064054 
 0.410729 -0.078160 0.081118 
 -0.109632 -0.325965 -0.003222 
 0.193869 0.438755 0.205466 
 0.297145 -0.621907 -0.037769 
 -0.322259 0.082354 -0.032015 
 0.317832 0.310740 0.264036 
 -0.342833 0.152035 -0.002562 
 0.086366 0.688976 -0.013429 
 -0.217859 -0.223603 -0.045992 
 0.379509 -0.076741 0.039181 
 -0.136760 0.423201 0.012243 
 -0.508946 0.151282 0.093696 
 0.303993 0.114304 0.148241 
 0.225822 -0.515474 0.068977 
 0.038397 0.108124 -0.184968 
 -0.285637 -0.524727 0.211480 
 -0.360716 -0.124726 -0.031789 
 -0.284286 -0.290872 0.015907 
 -0.215955 -0.303128 0.019678 
 -0.004857 0.285876 -0.082145 
 0.342956 0.195771 0.201578 
 0.082410 0.412113 0.092912 
 0.214785 -0.227004 -0.151150 
 0.019357 0.236344 -0.088511 
 0.241800 -0.633815 -0.049978 
 -0.019680 0.373952 0.003691 
 0.040539 0.248511 -0.039232 
 -0.000010 0.587014 -0.000285 
 0.275035 -0.493863 0.090940 
 -0.282119 0.404021 0.046626 
 -0.034820 0.010586 -0.158017 
 -0.033898 0.132836 -0.156329 
 -0.124788 -0.254080 -0.048368 
 0.267643 -0.538405 0.044845 
 -0.512622 0.214844 0.126925 
 -0.026116 -0.473557 0.058893 
 -0.186897 -0.223168 -0.051870 
 -0.392985 -0.031107 -0.015576 
 0.333991 0.849746 -0.068079 
 -0.435304 -0.178414 0.028657 
 0.195881 0.766691 -0.098969 
 0.396830 -0.114136 0.044754 
 -0.224006 -0.211070 -0.048355 
 -0.382185 0.069270 -0.000781 
 0.261500 -0.582138 -0.013346 
 -0.279556 0.182349 -0.032300 
 0.333334 0.083168 0.123450 
 -0.133967 0.330921 -0.043540 
 0.412452 0.076720 0.117581 
 0.072081 -0.148612 -0.148162 
 0.285882 0.796545 -0.079384 
 0.243274 0.400892 0.248905 
 -0.142354 -0.153260 -0.071047 
 0.089886 -0.560985 0.116383 
 -0.322840 0.144907 -0.020868 
 -0.232862 0.064600 -0.089826 
 0.310822 -0.524578 -0.023158 
 0.176820 -0.459351 0.180290 
 0.374045 0.823703 -0.092586 
 -0.027496 -0.001656 -0.156752 
 0.283345 -0.769807 -0.131737 
 0.327387 -0.590933 -0.031149 
 0.103848 -0.423034 0.054610 
 0.237401 0.622573 -0.037963 
 -0.293063 -0.168622 -0.028925 
 -0.183451 -0.003661 -0.091774 
 -0.176656 -0.078024 -0.090711 
 0.194764 -0.609839 0.061140 
 -0.225173 0.415534 0.037066 
 -0.216731 -0.335552 0.030820 
 0.167574 -0.160398 -0.147803 
 0.292445 0.265990 0.212681 
 0.370391 0.163848 0.196826 
 -0.329780 -0.299161 0.041015 
 0.162238 0.279474 0.142529 
 0.224894 0.677407 -0.049498 
 0.330723 0.316914 0.266829 
 0.245284 -0.107277 -0.108192 
 0.262428 -0.203745 -0.128935 
 -0.256370 -0.181455 -0.020270 
 0.282931 -0.742341 -0.108540 
 -0.226009 0.383071 0.025770 
 -0.360565 -0.030441 -0.030586 
 0.166981 -0.253130 -0.127486 
 -0.253176 -0.085544 -0.063801 
 0.327361 -0.589731 -0.031143 
 -0.451357 0.259353 0.107306 
 0.006707 -0.044753 -0.150552 
 -0.151582 -0.002843 -0.118126 
 0.204400 0.191408 0.006542 
 0.162343 0.310901 0.153031 
 -0.124985 -0.190633 -0.069396 
 0.027337 -0.656639 0.114129 
 -0.011449 -0.038509 -0.153329 
 0.176130 -0.691606 0.012038 
 -0.070570 0.267737 -0.129445 
 0.320941 -0.665951 -0.077670 
 -0.056392 0.575449 0.030907 
 0.193715 0.406369 0.205057 
 0.177356 0.653534 -0.038198 
 0.180764 0.118726 -0.100019 
 -0.115475 -0.346370 0.018641 
 0.366886 -0.082281 0.016424 
 -0.362075 0.157802 0.004356 
 0.375808 0.856950 -0.058210 
 -0.168105 -0.228866 -0.058285 
 0.065658 0.352537 0.022270 
 0.176630 -0.489974 0.180619 
 -0.380773 -0.058054 -0.013237 
 0.098447 -0.014497 -0.140681 
 0.251096 0.420863 0.283633 
 0.441348 -0.047535 0.088121 
 0.158670 -0.540288 0.109125 
 -0.378062 -0.229489 0.018435 
 -0.046384 0.157243 -0.147665 
 -0.130771 -0.569179 0.167386 
 -0.250152 -0.162685 -0.021683 
 -0.064414 0.163522 -0.151480 
 0.115025 0.472730 0.035060 
 0.221549 -0.089635 -0.103415 
 0.072356 -0.057502 -0.136224 
 -0.385250 0.322398 0.078334 
 -0.112924 0.200530 -0.138586 
 -0.052976 -0.310686 -0.032382 
 -0.297367 0.190271 -0.025330 
 -0.051508 -0.246325 -0.065170 
 -0.108073 -0.292359 -0.032867 
 0.406329 -0.835695 -0.160338 
 0.096159 -0.076038 -0.129386 
 -0.398505 -0.254995 0.036944 
 -0.019740 -0.212313 -0.102079 
 -0.051509 -0.246322 -0.065701 
 -0.001680 -0.281563 -0.088080 
 0.128746 0.631803 -0.026950 
 0.133846 0.527047 0.017046 
 -0.275745 -0.238416 -0.013672 
 -0.286834 -0.150079 -0.027002 
 0.086021 0.132264 -0.174352 
 0.392035 0.188813 0.245507 
 0.215260 -0.135874 -0.149366 
 0.136353 0.740400 -0.057258 
 0.118056 -0.313377 -0.061870 
 -0.491689 0.240659 0.120535 
 0.308102 -0.701193 -0.091777 
 0.029768 -0.155552 -0.134833 
 -0.200454 0.219496 -0.092226 
 0.230522 0.298469 0.222200 
 0.271589 -0.257911 -0.138089 
 0.410960 0.782493 -0.062841 
 -0.488851 -0.174207 0.061758 
 -0.200697 -0.377059 0.077239 
 0.115181 0.162090 -0.111621 
 0.189272 0.629232 -0.035895 
 -0.366609 0.347722 0.082711 
 -0.084613 -0.046601 -0.125253 
 -0.005581 -0.051484 -0.141238 
 0.467629 0.025905 0.139794 
 0.188472 -0.658723 0.037156 
 0.125931 0.387603 0.112940 
 -0.130732 -0.570917 0.167377 
 -0.218603 -0.256229 -0.024627 
 -0.367691 -0.286564 0.042071 
 -0.294673 0.366071 0.043460 
 0.360549 -0.744612 -0.124538 
 -0.204031 0.344893 -0.014299 
 -0.241829 -0.349635 0.046399 
 -0.281647 -0.422964 0.158724 
 0.303122 0.145544 0.170756 
 0.138171 0.361508 0.115288 
 0.094355 -0.292154 -0.089273 
 0.339892 -0.153680 -0.034018 
 0.416554 0.828997 -0.083482 
 0.229749 0.234656 0.080260 
 -0.019729 -0.212923 -0.103013 
 0.291668 0.752934 -0.089455 
 -0.341125 0.360754 0.077422 
 -0.087492 -0.411303 0.046343 
 0.335596 -0.906966 -0.154330 
 -0.169718 0.188349 -0.096900 
 -0.068088 0.443621 0.016171 
 0.028251 -0.528876 0.103426 
 0.381051 -0.639757 -0.029056 
 -0.303843 -0.015075 -0.040154 
 0.102726 0.186387 -0.069604 
 0.391644 0.220621 0.257000 
 0.377021 -0.835456 -0.166608 
 -0.070497 0.206412 -0.152230 
 0.000022 0.585479 -0.001512 
 -0.405221 0.297044 0.073960 
 0.046742 -0.534667 0.107074 
 -0.311242 -0.305981 0.043072 
 -0.040757 -0.305686 -0.030538 
 -0.220502 -0.022342 -0.087276 
 -0.182578 0.059721 -0.101174 
 -0.262637 -0.343847 0.064203 
 -0.214710 0.275593 -0.050511 
 -0.396203 0.188934 0.040378 
 0.275195 0.498097 0.301120 
 0.386925 0.035337 0.077271 
 0.352571 -0.579207 -0.025773 
 -0.387722 0.081942 -0.001957 
 0.339621 0.840113 -0.078002 
 -0.172784 -0.511584 0.158609 
 0.071554 -0.523394 0.112593 
 0.018379 0.547474 -0.007659 
 -0.133860 -0.070354 -0.114166 
 -0.430574 0.254802 0.078827 
 -0.233658 0.282841 -0.043505 
 0.310979 -0.214220 -0.053304 
 0.299010 -0.126553 -0.086057 
 0.351847 -0.579223 -0.025771 
 -0.437843 -0.069826 0.007049 
 0.017110 0.361894 0.000812 
 0.038066 0.048077 -0.185740 
 0.318824 -0.721427 -0.122635 
 0.186547 0.760733 -0.101644 
 0.247216 0.135246 0.015594 
 0.042017 -0.148963 -0.140689 
 0.037656 -0.373877 -0.003290 
 -0.163186 0.083571 -0.118739 
 -0.113660 0.046773 -0.130591 
 -0.053245 0.293682 -0.103463 
 0.165664 -0.356851 0.024624 
 -0.155877 -0.224109 -0.054572 
 -0.064676 -0.497584 0.095205 
 -0.511723 0.216953 0.126933 
 0.417408 0.033745 0.084468 
 -0.265512 -0.379338 0.107273 
 0.406234 -0.835698 -0.160206 
 0.027241 0.399224 0.047821 
 0.021710 0.023686 -0.189919 
 0.052474 0.084223 -0.182704 
 0.140295 0.545132 -0.016524 
 -0.263371 0.157500 -0.051721 
 0.168440 0.299372 0.154218 
 -0.212193 -0.500587 0.172394 
 0.008638 0.078428 -0.191794 
 0.309369 0.746682 -0.085279 
 -0.446289 -0.089242 0.016350 
 -0.323386 0.239093 0.002561 
 0.177982 0.745268 -0.092132 
 -0.269772 0.377777 0.048980 
 0.186712 -0.226735 -0.157031 
 0.278212 -0.702368 -0.085816 
 -0.364042 -0.220433 -0.000473 
 0.432695 -0.774025 -0.076873 
 0.222636 0.092859 -0.036292 
 0.339074 0.746444 -0.079180 
 0.409168 -0.078406 0.081121 
 -0.055850 -0.139059 -0.098036 
 0.144393 0.009153 -0.118050 
 -0.363795 0.252078 0.038103 
 -0.044742 0.394523 0.020847 
 -0.237213 -0.155951 -0.028106 
 0.486885 0.112974 0.177233 
 0.195402 0.647534 -0.045387 
 0.095639 0.354145 0.061874 
 -0.106210 0.249615 -0.137622 
 0.061305 0.615579 0.002834 
 -0.022866 0.017762 -0.155213 
 0.169013 0.458406 0.211327 
 -0.299088 -0.187375 -0.030139 
 0.127671 0.508256 0.015487 
 0.210055 -0.004748 -0.060817 
 -0.058536 0.273779 -0.126381 
 0.428473 0.835291 -0.080823 
 -0.029929 0.028848 -0.156356 
 0.048798 -0.038576 -0.149817 
 -0.271450 -0.482999 0.192989 
 0.349619 -0.014095 0.024427 
 0.225701 -0.464943 0.191004 
 0.132094 -0.057981 -0.122740 
 -0.104443 -0.227945 -0.065931 
 -0.199874 -0.260815 -0.042499 
 0.244503 0.529261 0.261580 
 -0.361051 -0.124794 -0.031788 
 -0.177028 -0.047755 -0.101216 
 -0.163579 0.268772 -0.083654 
 0.165915 -0.464396 0.177515 
 -0.176411 0.077058 -0.100382 
 0.095118 -0.106107 -0.141844 
 0.209614 -0.065163 -0.094670 
 -0.151419 0.027988 -0.116678 
 -0.331267 0.315185 0.045622 
 -0.171776 -0.443649 0.114864 
 -0.368807 0.043496 0.001567 
 0.060995 0.552723 0.001533 
 -0.132182 -0.421043 0.080554 
 0.422846 -0.009931 0.084635 
 -0.041253 -0.008415 -0.148478 
 0.006017 0.510450 -0.010892 
 0.273486 0.146728 0.086728 
 -0.134005 -0.306988 -0.009421 
 -0.207868 -0.047236 -0.085993 
 -0.165161 0.020978 -0.088232 
 -0.166676 -0.165465 -0.078328 
 0.365602 -0.785654 -0.135291 
 0.029869 0.274975 -0.041537 
 -0.247950 -0.098077 -0.061888 
 -0.414857 -0.327145 0.075468 
 0.274982 -0.576023 -0.009566 
 -0.032707 -0.158011 -0.093040 
 0.198012 -0.189752 -0.165005 
 0.155018 -0.259131 -0.130853 
 0.022401 0.411840 0.046110 
 0.406690 0.089081 0.126386 
 0.302361 -0.603499 -0.036528 
 0.118993 -0.064024 -0.125129 
 -0.126955 0.286987 -0.087655 
 0.018997 -0.400362 0.003380 
 -0.018429 0.529536 -0.004972 
 0.086246 -0.141434 -0.166864 
 -0.106101 -0.227982 -0.065927 
 0.202878 -0.233900 -0.142225 
 0.194703 0.438811 0.205464 
 0.064377 -0.668506 0.120370 
 0.267424 0.710402 -0.095965 
 0.049215 -0.399562 -0.000968 
 0.492032 0.006916 0.142762 
 -0.194738 0.142940 -0.091813 
 0.116592 -0.416345 0.057350 
 0.097611 0.077709 -0.171092 
 -0.368490 0.107026 0.002733 
 0.385458 0.741442 -0.046714 
 -0.491843 0.062338 0.041775 
 -0.125643 0.256603 -0.119606 
 0.389458 0.095520 0.122385 
 -0.208294 -0.397859 0.097138 
 -0.189225 -0.052750 -0.103913 
 -0.131705 -0.388487 0.071189 
 -0.330605 0.283282 0.010769 
 -0.168996 0.126825 -0.122542 
 0.180733 0.497708 0.247591 
 -0.515296 0.131662 0.092090 
 -0.078710 -0.057029 -0.124096 
 0.318188 -0.042309 -0.026761 
 -0.156723 0.162810 -0.116412 
 0.334799 0.819758 -0.079542 
 -0.472419 0.119443 0.046016 
 -0.455682 0.207732 0.072835 
 0.249832 0.387221 0.250092 
 -0.497980 -0.116150 0.048415 
 0.065616 0.354542 0.023550 
 -0.028909 -0.001690 -0.156078 
 -0.241971 0.357698 0.000452 
 0.206919 -0.600225 0.030836 
 0.339349 0.776967 -0.079926 
 0.089917 -0.562390 0.116126 
 -0.226670 -0.040675 -0.089858 
 0.108427 -0.038366 -0.138397 
 -0.022809 -0.590145 0.135227 
 -0.175764 0.200762 -0.097026 
 -0.119990 0.089961 -0.131343 
 -0.427354 0.157402 0.034291 
 0.192418 0.185375 -0.007190 
 -0.134762 0.329826 -0.043544 
 -0.003530 0.102635 -0.185175 
 -0.124043 0.525966 0.016194 
 0.176683 0.563694 0.004715 
 -0.196454 -0.071722 -0.094569 
 -0.024852 0.355114 -0.008521 
 0.186516 0.076294 -0.098062 
 -0.523399 0.175891 0.112901 
 0.298808 -0.036913 -0.030601 
 0.404632 0.822879 -0.086141 
 -0.045527 -0.258350 -0.064105 
 0.249669 -0.559656 0.008333 
 -0.030152 0.305783 -0.065230 
 -0.350829 0.257983 0.030017 
 -0.037142 0.536676 0.002099 
 -0.298994 -0.331508 0.045433 
 0.175232 0.477687 0.245981 
 0.074144 0.096136 -0.177392 
 0.439842 0.182416 0.200295 
 -0.305310 0.264341 0.006890 
 0.387308 0.771295 -0.057423 
 0.182675 -0.588170 0.069800 
 -0.387107 0.081952 -0.001345 
 0.244804 -0.167138 -0.143375 
 -0.163429 -0.179177 -0.055326 
 0.107623 -0.190437 -0.140342 
 -0.262404 0.301313 -0.005041 
 0.166280 0.765596 -0.105456 
 -0.226004 0.082434 -0.088278 
 0.113398 0.317449 0.097951 
 -0.156430 0.496304 0.041900 
 -0.156753 0.164197 -0.116405 
 0.301727 0.240352 0.171971 
 0.500050 0.118267 0.179977 
 -0.412316 -0.025027 -0.009990 
 0.258411 -0.013008 -0.007207 
 0.412905 0.108233 0.127865 
 -0.304223 -0.285925 0.032863 
 -0.115799 -0.077146 -0.109838 
 0.411093 0.214111 0.260974 
 -0.130417 0.475305 0.014223 
 0.347080 -0.165396 -0.043939 
 0.468166 0.057256 0.150291 
 -0.177891 0.015605 -0.078617 
 0.204579 0.100176 -0.060785 
 -0.288051 -0.410069 0.157199 
 0.174745 0.191661 0.000680 
 -0.074984 0.456510 0.015007 
 0.291732 -0.582389 -0.004472 
 -0.129047 -0.114854 -0.091587 
 0.108514 -0.596654 0.097873 
 -0.034172 0.073359 -0.168047 
 0.145025 0.131406 -0.118103 
 0.244146 0.464746 0.282841 
 0.125211 -0.228186 -0.125938 
 -0.156370 0.040394 -0.117985 
 0.155837 0.045721 -0.115951 
 -0.544160 0.215095 0.109314 
 -0.309487 0.056296 -0.040541 
 -0.363364 -0.333022 0.064524 
 0.131650 -0.088068 -0.133847 
 -0.046057 -0.290348 -0.053565 
 -0.258324 0.479277 0.074721 
 0.423275 -0.010176 0.084633 
 0.060637 -0.393445 0.001755 
 0.138528 -0.070243 -0.121323 
 0.144202 0.381693 0.138889 
 0.237185 0.381339 0.224467 
 -0.089824 0.212645 -0.156042 
 0.418149 -0.829064 -0.157565 
 0.072198 -0.088067 -0.135735 
 0.036809 0.541112 -0.003900 
 0.023780 -0.173867 -0.136310 
 -0.380783 -0.057610 -0.013234 
 0.398834 -0.021732 0.079193 
 0.121032 -0.468415 0.146569 
 0.078266 -0.069774 -0.134969 
 -0.517195 0.163382 0.114101 
 0.339533 0.806409 -0.078407 
 -0.464573 0.252719 0.104508 
 0.083808 -0.609428 0.092198 
 0.404909 0.027917 0.070062 
 0.317063 -0.133352 -0.072545 
 -0.013576 -0.196135 -0.100549 
 0.178027 0.743234 -0.092143 
 -0.139501 0.003591 -0.114530 
 -0.162379 0.237504 -0.116772 
 -0.356896 0.271040 0.039687 
 0.117608 -0.346789 -0.029752 
 0.146684 0.594812 -0.023489 
 0.182741 -0.503796 0.190737 
 -0.446244 0.100538 0.030098 
 0.161747 0.374307 0.142828 
 0.193603 0.373958 0.171576 
 -0.027269 -0.509467 0.092317 
 0.186284 0.045668 -0.076417 
 -0.109045 -0.027465 -0.119251 
 -0.453858 -0.172109 0.025914 
 0.110267 0.515654 0.011612 
 -0.004782 0.224015 -0.115806 
 -0.523578 0.144327 0.112046 
 -0.401816 -0.146016 0.014125 
 0.043090 0.622044 -0.001547 
 0.120917 -0.649619 0.066212 
 0.291234 0.203463 0.135646 
 0.173765 -0.141616 -0.158519 
 -0.184521 -0.096622 -0.081361 
 -0.347771 0.069799 -0.026642 
 -0.190071 -0.438082 0.122762 
 -0.492669 -0.096662 0.039700 
 -0.365169 -0.366550 0.085843 
 0.085388 0.534501 0.006575 
 -0.038375 -0.516737 0.099477 
 0.008839 -0.588006 0.118463 
 0.262178 0.723400 -0.085262 
 0.116945 -0.380514 0.002815 
 0.092678 -0.392732 -0.002622 
 -0.140995 -0.506963 0.121785 
 0.140501 -0.565351 0.104792 
 -0.133950 -0.101668 -0.114562 
 0.218174 0.323942 0.210724 
 -0.338444 0.264498 0.032308 
 0.058875 0.399255 0.064301 
 -0.105891 0.218946 -0.158954 
 0.150840 0.058276 -0.128097 
 -0.401226 0.075284 0.017907 
 0.189633 0.690005 -0.056561 
 -0.313130 -0.130909 -0.032073 
 0.029632 -0.187168 -0.135174 
 0.034387 0.386664 0.048987 
 0.341816 -0.121196 -0.022554 
 0.209155 -0.183797 -0.162354 
 -0.370130 -0.208216 -0.002680 
 0.255288 0.279067 0.216673 
 -0.010226 0.144864 -0.150877 
 -0.041257 -0.551840 0.132292 
 0.047381 -0.501580 0.083887 
 0.353602 -0.057112 0.014121 
 -0.244787 0.182382 -0.058313 
 -0.268819 -0.218964 -0.024030 
 -0.509784 0.182794 0.115707 
 0.030737 0.584709 -0.003964 
 -0.148964 -0.171824 -0.074421 
 0.218849 -0.651159 -0.011236 
 -0.380976 -0.087855 -0.014605 
 -0.278276 0.182379 -0.032588 
 0.142684 -0.112592 -0.131570 
 -0.280615 -0.131110 -0.025766 
 0.045862 -0.288503 -0.077699 
 0.296546 0.710145 -0.088705 
 -0.097184 -0.050040 -0.117001 
 0.180831 0.149867 -0.076388 
 -0.002560 -0.314833 -0.055626 
 0.232097 -0.498774 0.082272 
 0.243277 -0.608552 -0.016524 
 -0.383620 0.227477 0.044596 
 -0.368579 0.170068 0.003180 
 0.280643 -0.211978 -0.091981 
 -0.392694 0.335325 0.087653 
 -0.387271 0.050429 -0.002202 
 0.236853 0.317558 0.222980 
 0.184624 0.760690 -0.101640 
 0.380146 -0.668254 -0.064699 
 -0.339835 -0.239999 0.004631 
 0.415499 0.201319 0.251074 
 -0.426842 -0.094912 0.009412 
 0.047579 -0.630166 0.105857 
 -0.362202 0.032160 -0.029781 
 0.230935 -0.642951 -0.019608 
 -0.464261 -0.146596 0.022335 
 -0.156564 0.193737 -0.116018 
 0.278373 0.133840 0.109457 
 0.132213 0.216761 0.014396 
 0.173140 -0.233455 -0.148680 
 -0.512913 -0.058790 0.046451 
 0.487735 0.111008 0.177221 
 0.096313 -0.542059 0.117715 
 0.276330 0.010250 0.042121 
 -0.246826 -0.386630 0.111433 
 -0.091362 -0.329956 0.002296 
 -0.353495 -0.012103 -0.039862 
 -0.053124 0.017666 -0.150754 
 -0.142357 -0.153254 -0.072189 
 -0.223405 -0.439107 0.137768 
 0.023535 0.473460 0.015054 
 -0.532604 0.221198 0.144508 
 0.318061 -0.074569 -0.027162 
 0.001753 0.150882 -0.148369 
 0.162744 0.439037 0.199454 
 -0.018210 0.591843 -0.002855 
 -0.224993 0.446366 0.037803 
 -0.166618 -0.197728 -0.056889 
 -0.161197 -0.504601 0.150510 
 -0.317831 0.227501 0.003742 
 0.084317 -0.515621 0.093401 
 0.086909 -0.379231 -0.025740 
 -0.219353 -0.257488 -0.024631 
 0.029048 0.461602 0.037302 
 -0.478966 -0.121185 0.019974 
 -0.233803 0.001896 -0.070043 
 0.195402 0.647533 -0.045212 
 -0.114162 0.046762 -0.130590 
 0.420440 -0.805820 -0.112872 
 -0.272437 0.263741 -0.019179 
 -0.452927 -0.076539 0.015105 
 -0.249641 -0.131348 -0.018787 
 0.131798 -0.178365 -0.156253 
 0.243138 -0.136710 -0.131947 
 -0.184161 -0.097068 -0.081364 
 -0.269908 -0.449735 0.171660 
 0.224815 -0.662275 -0.019546 
 0.273968 -0.256101 -0.138086 
 0.257086 -0.131782 -0.106517 
 -0.224174 -0.472780 0.147748 
 0.186967 0.229284 0.036133 
 -0.105140 0.362162 -0.017240 
 -0.182190 0.306431 -0.054414 
 0.053034 0.411592 0.053510 
 -0.426011 0.062833 0.012602 
 0.085456 0.503394 0.006178 
 0.275913 0.498113 0.301119 
 0.178995 -0.244422 -0.147533 
 0.376348 0.856965 -0.058923 
 0.083962 -0.577539 0.091900 
 -0.163027 0.114476 -0.118345 
 0.268740 -0.187296 -0.105336 
 0.083224 -0.236719 -0.124118 
 -0.370485 -0.353821 0.073764 
 -0.224207 -0.471229 0.148246 
 -0.246184 -0.098037 -0.061892 
 0.315273 0.734424 -0.083171 
 0.481993 0.126026 0.187171 
 -0.360722 -0.062109 -0.030988 
 0.250736 0.259902 0.171179 
 0.011649 0.279753 -0.045406 
 0.012169 -0.088001 -0.137811 
 0.035767 0.479603 0.017933 
 -0.161899 0.477064 0.040320 
 -0.053210 0.292100 -0.103471 
 0.429297 -0.022436 0.086466 
 -0.303979 0.232648 -0.016472 
 -0.143150 -0.543894 0.164452 
 -0.402570 -0.176407 0.013729 
 -0.322102 -0.011388 -0.044069 
 0.101936 0.310919 0.062644 
 -0.256698 -0.244132 -0.022161 
 0.113813 0.349537 0.076787 
 -0.167990 0.426163 0.017467 
 0.224932 -0.632624 -0.009748 
 -0.084638 -0.525979 0.122769 
 -0.386727 0.290422 0.067090 
 0.420075 0.126117 0.163763 
 -0.268819 -0.218963 -0.024269 
 0.262186 0.723400 -0.085262 
 -0.101027 0.267789 -0.125158 
 0.327550 0.801464 -0.080113 
 0.149439 -0.214649 -0.153600 
 0.255888 -0.486446 0.087039 
 -0.181413 -0.203912 -0.059602 
 0.198660 0.112090 -0.072457 
 -0.446460 -0.120905 0.015881 
 0.049200 0.672326 0.011219 
 -0.292128 -0.137265 -0.028171 
 -0.024855 -0.107685 -0.112134 
 0.141896 0.758556 -0.066727 
 0.429144 -0.054036 0.085396 
 -0.010724 0.205865 -0.117342 
 0.060473 0.647285 0.013717 
 -0.459158 -0.000827 0.025544 
 0.485846 0.019493 0.142691 
 -0.402645 -0.146034 0.014127 
 0.400027 -0.882257 -0.173175 
 -0.411531 0.309966 0.081939 
 0.203371 0.007314 -0.061964 
 -0.236466 -0.330927 0.047982 
 0.303054 0.728417 -0.087178 
 0.265473 0.097275 0.051779 
 -0.284170 -0.373270 0.103295 
 0.133330 -0.583040 0.090463 
 0.348822 0.280358 0.248275 
 0.129135 -0.374185 0.005534 
 0.261824 -0.553537 0.008996 
 0.235711 0.222134 0.057351 
 -0.325478 -0.396318 0.149194 
 0.173955 -0.052834 -0.113316 
 -0.124799 0.225190 -0.141961 
 0.011290 0.467911 0.011810 
 0.179851 -0.064473 -0.112419 
 0.428734 0.805051 -0.081211 
 -0.105076 0.550302 0.008953 
 0.323141 -0.176078 -0.049297 
 0.256705 0.472515 0.285654 
 0.001773 0.149964 -0.148323 
 -0.264649 0.428285 0.050969 
 -0.004356 0.134382 -0.149840 
 -0.004979 0.256580 -0.104447 
 0.281339 0.453015 0.301909 
 -0.143554 -0.185501 -0.052800 
 -0.198818 -0.377017 0.077235 
 0.236479 -0.713799 -0.052074 
 0.126995 0.047928 -0.155416 
 0.280421 0.323449 0.223655 
 0.004253 -0.231600 -0.095819 
 -0.409552 -0.165524 0.022523 
 0.204554 -0.172202 -0.152468 
 0.371697 -0.034120 0.062677 
 -0.176248 0.107982 -0.099089 
 0.104033 0.558285 -0.011147 
 -0.532608 0.221412 0.144851 
 -0.073565 -0.370861 0.016713 
 -0.149995 -0.171847 -0.074419 
 -0.131725 0.444373 0.013827 
 0.137682 -0.190581 -0.155304 
 0.231776 0.724362 -0.080984 
 0.243597 0.272814 0.214153 
 0.018994 -0.400239 0.002959 
 0.055493 0.442674 0.042709 
 0.162234 0.279484 0.140552 
 -0.265226 -0.060523 -0.065669 
 -0.214259 -0.383327 0.074471 
 0.278534 -0.671751 -0.086832 
 0.149561 -0.215010 -0.153602 
 0.125854 -0.076275 -0.123991 
 -0.491259 -0.064832 0.039615 
 0.285659 0.796539 -0.079141 
 -0.271424 -0.484151 0.192983 
 -0.493432 0.094102 0.041651 
 -0.230286 0.396002 0.035482 
 0.127045 0.045670 -0.155427 
 0.099050 -0.372322 -0.023164 
 -0.171371 0.312525 -0.051542 
 0.408472 0.182488 0.216211 
 -0.112179 -0.608204 0.170779 
 -0.249765 0.370911 0.031152 
 -0.372686 -0.006086 -0.032931 
 -0.010480 -0.616944 0.137808 
 -0.282721 0.403153 0.046623 
 0.302161 -0.688406 -0.081865 
 0.254660 -0.689305 -0.048981 
 0.061438 0.707499 -0.018453 
 -0.257543 0.114085 -0.072186 
 0.229412 -0.011645 -0.045959 
 -0.415874 -0.184477 0.021785 
 -0.048233 0.311085 -0.069091 
 0.236107 -0.653553 -0.040498 
 -0.050581 0.261499 -0.125753 
 -0.062967 0.224761 -0.150700 
 0.156517 0.046283 -0.115949 
 0.361363 0.284673 0.249595 
 0.505954 0.075071 0.180500 
 -0.194211 -0.507180 0.176400 
 -0.136365 -0.165401 -0.071710 
 -0.212631 0.452271 0.040217 
 0.323326 -0.146477 -0.048910 
 0.126028 -0.076278 -0.122578 
 0.435989 0.026792 0.098849 
 0.071054 -0.617755 0.113397 
 0.145144 0.101440 -0.150854 
 -0.235454 0.315191 -0.010441 
 0.243218 0.640381 -0.046059 
 -0.211991 0.182378 -0.084379 
 -0.283925 -0.258641 0.005558 
 0.411050 -0.015728 0.081914 
 0.107605 0.297317 0.063809 
 0.060826 0.521923 0.001138 
 0.109163 0.606729 -0.031200 
 0.225609 -0.544740 0.046538 
 -0.072166 -0.039251 -0.133494 
 -0.010411 -0.515969 0.095251 
 -0.097086 -0.318202 -0.020723 
 -0.398160 0.316360 0.075554 
 0.316728 -0.193756 -0.072946 
 -0.117877 -0.595546 0.158855 
 -0.459969 -0.160447 0.023515 
 -0.228275 -0.310182 0.016924 
 -0.348322 -0.292662 0.033414 
 0.144190 0.445257 0.182975 
 0.181159 0.520399 0.005480 
 0.148745 0.304842 0.139259 
 0.103664 -0.026766 -0.139541 
 0.130073 0.248084 0.134510 
 0.197005 -0.220791 -0.153817 
 0.120284 0.210123 -0.011639 
 -0.176090 0.138914 -0.099531 
 -0.114689 0.077491 -0.130195 
 0.084682 -0.112080 -0.144513 
 0.344082 0.028412 0.054842 
 -0.127818 -0.469939 0.114053 
 -0.410406 0.182531 0.061868 
 -0.305203 -0.142628 -0.030904 
 -0.311249 -0.305633 0.043426 
 -0.114828 0.293067 -0.083039 
 0.366734 -0.113604 0.016027 
 -0.154957 0.369180 -0.004383 
 0.206691 0.509979 0.253183 
 -0.069084 0.412301 0.016942 
 -0.199104 -0.229317 -0.051598 
 -0.269319 -0.251007 -0.013428 
 -0.517885 0.227155 0.125721 
 -0.423194 -0.236080 0.030615 
 -0.421521 -0.107958 0.010591 
 -0.472327 0.024618 0.023181 
 0.369614 0.777545 -0.061233 
 -0.279693 -0.067135 -0.057229 
 -0.283098 0.039053 -0.057202 
 -0.408332 -0.101709 0.011936 
 0.279227 0.685893 -0.093352 
 -0.345714 0.309032 0.053713 
 -0.248491 -0.536885 0.208674 
 -0.228498 -0.508038 0.180475 
 0.057868 -0.247642 -0.129457 
 0.004760 0.323281 -0.035200 
 -0.132355 -0.421367 0.080553 
 0.080373 0.701168 -0.014766 
 -0.321532 0.113708 -0.031616 
 0.136104 -0.319681 -0.059422 
 0.011329 0.466144 0.011801 
 -0.205932 0.439288 0.030494 
 0.416387 0.799048 -0.083203 
 -0.422163 -0.107973 0.010592 
 -0.058525 0.059420 -0.151511 
 0.220523 -0.270340 -0.139438 
 0.204788 0.128726 -0.060403 
 -0.126908 0.009625 -0.122172 
 0.018996 -0.400245 0.004104 
 -0.213718 -0.096809 -0.087942 
 -0.133516 -0.009773 -0.113385 
 -0.157687 -0.436393 0.107722 
 -0.340421 -0.004913 -0.046964 
 0.385595 -0.707924 -0.075550 
 0.059510 -0.155216 -0.139260 
 -0.274628 -0.080578 -0.034329 
 -0.313656 -0.338156 0.053527 
 -0.028387 0.120556 -0.155188 
 0.185907 -0.047395 -0.099631 
 0.073010 -0.453624 0.047568 
 0.079713 0.577780 -0.016168 
 -0.009943 0.175348 -0.139643 
 -0.453034 -0.013569 0.028384 
 -0.163976 0.145497 -0.096138 
 -0.485064 0.081382 0.042832 
 -0.346269 0.277154 0.031604 
 0.402884 0.226873 0.259788 
 0.055526 -0.413014 0.011229 
 0.487691 0.112990 0.177536 
 -0.279210 0.276393 -0.010338 
 -0.140815 -0.475748 0.122161 
 -0.092630 -0.221182 -0.074142 
 0.207786 0.713744 -0.064161 
 -0.480863 0.163803 0.066485 
 0.082878 -0.267662 -0.102549 
 0.363598 0.881488 -0.061201 
 0.200848 -0.620597 0.040284 
 -0.247986 -0.193375 -0.030464 
 0.191324 0.001607 -0.075668 
 -0.060585 -0.127943 -0.077324 
 -0.041459 -0.582013 0.131485 
 -0.326350 -0.233043 -0.003464 
 -0.121053 0.089828 -0.131341 
 0.405389 0.855161 -0.063548 
 -0.079626 -0.358374 0.014409 
 -0.350894 -0.326763 0.067724 
 -0.014239 -0.257839 -0.090385 
 -0.013758 -0.225965 -0.100937 
 -0.203911 -0.479305 0.152227 
 0.305836 -0.756362 -0.136722 
 0.433564 0.163513 0.199151 
 0.070731 -0.241597 -0.126785 
 -0.006990 0.474982 0.007923 
 0.309656 0.197173 0.139571 
 0.103643 0.589293 -0.010751 
 0.261761 0.753958 -0.086822 
 -0.283801 -0.023362 -0.057997 
 0.078220 -0.502936 0.092225 
 0.243623 0.671129 -0.045374 
 0.242074 0.240471 0.092331 
 -0.426887 0.303857 0.102484 
 -0.314005 -0.226916 0.001276 
 0.299027 0.285166 0.236796 
 0.114592 -0.640103 0.087496 
 0.123595 0.612869 -0.028503 
 0.084137 0.223423 -0.030084 
 0.145647 -0.518249 0.139067 
 -0.125447 0.194095 -0.131315 
 -0.367684 -0.286942 0.041625 
 0.158140 -0.567708 0.075734 
 0.219897 -0.208848 -0.149065 
 0.410749 -0.079084 0.081114 
 -0.309795 -0.472725 0.206651 
 0.041783 0.280398 -0.027860 
 0.150323 0.399960 0.151479 
 -0.201756 -0.028298 -0.095330 
 0.199242 0.173046 -0.017058 
 0.150254 0.241560 0.060964 
 0.237995 0.774135 -0.078769 
 -0.438900 -0.038191 0.007456 
 -0.151705 0.058815 -0.116438 
 -0.232901 0.428058 0.057671 
 -0.408339 -0.101246 0.013354 
 0.257944 -0.042292 -0.051051 
 0.128917 0.662285 -0.026450 
 -0.191977 -0.147785 -0.061528 
 -0.077869 0.094750 -0.122145 
 -0.445665 0.069066 0.018306 
 0.053798 0.254673 -0.026076 
 0.112235 -0.266422 -0.118012 
 0.250061 -0.532003 0.051992 
 -0.309098 -0.403544 0.153200 
 -0.081537 0.437433 0.013439 
 -0.297900 -0.061569 -0.041796 
 -0.384197 -0.215739 0.018502 
 0.072760 -0.028498 -0.146018 
 -0.188750 0.257162 -0.078162 
 0.054091 0.223676 -0.047198 
 0.299362 0.348941 0.239460 
 0.233318 -0.294754 -0.136553 
 0.204324 0.037783 -0.050551 
 -0.361239 -0.155033 -0.032184 
 0.144254 -0.051961 -0.119793 
 -0.222884 -0.116950 -0.056453 
 -0.174843 -0.248198 -0.047977 
 0.017108 0.361990 0.000813 
 -0.217967 -0.223611 -0.044911 
 -0.195314 0.176141 -0.102300 
 -0.184534 -0.096038 -0.081358 
 0.150898 0.368117 0.140063 
 0.189413 0.661440 -0.046521 
 -0.449619 -0.186053 0.048813 
 0.145075 0.594063 -0.023489 
 -0.195855 -0.424331 0.110684 
 -0.433258 0.284716 0.100882 
 0.008516 -0.651536 0.119472 
 -0.318375 -0.181571 -0.023194 
 0.396301 -0.731038 -0.083798 
 -0.349383 0.226678 0.007382 
 -0.185186 -0.485861 0.156220 
 0.018995 -0.400243 0.003812 
 -0.030789 -0.397281 0.025691 
 0.084694 0.285619 0.003397 
 0.173152 -0.233992 -0.148677 
 0.423269 -0.009919 0.084049 
 0.268903 0.478849 0.299509 
 0.260049 0.141093 0.039828 
 -0.205939 0.439613 0.031029 
 0.344552 -0.568086 -0.015859 
 -0.412725 -0.262662 0.053996 
 -0.303950 -0.049008 -0.041692 
 0.086014 0.132495 -0.175307 
 -0.092888 0.367621 -0.011965 
 0.195607 -0.430958 0.163438 
 -0.314610 -0.371174 0.085685 
 0.357130 -0.889707 -0.171139 
 0.339193 0.746447 -0.079120 
 0.132013 0.405273 0.136521 
 -0.030128 0.304765 -0.064740 
 -0.032733 -0.494646 0.068250 
 0.276310 -0.018591 -0.024637 
 0.018005 -0.434380 0.035919 
 -0.028882 -0.002959 -0.156755 
 -0.323908 0.239674 0.002565 
 0.311693 0.323337 0.239916 
 -0.106912 0.188209 -0.138405 
 -0.070377 0.145205 -0.152585 
 0.162731 0.374325 0.143532 
 0.111822 0.515689 0.011609 
 -0.077738 0.126832 -0.121745 
 -0.093979 -0.431112 0.057235 
 -0.239975 -0.016898 -0.070415 
 -0.095597 -0.465674 0.088044 
 -0.439110 0.328441 0.110916 
 0.256038 -0.544109 0.042123 
 0.468181 0.056551 0.150288 
 0.245927 0.228203 0.093505 
 0.321289 0.139066 0.174698 
 0.250536 0.516618 0.262775 
 -0.427504 -0.159035 0.019422 
 -0.269901 -0.449739 0.172508 
 -0.335306 0.107431 -0.023500 
 -0.175545 -0.545875 0.180025 
 -0.505832 -0.039712 0.047426 
 -0.452243 -0.045015 0.015508 
 -0.125410 -0.370390 0.071628 
 0.019702 -0.367252 -0.020524 
 0.083039 -0.365926 -0.026897 
 -0.109401 -0.506773 0.117687 
 0.105998 -0.286289 -0.097575 
 -0.017657 0.591862 -0.004178 
 0.438756 -0.755764 -0.075189 
 0.153323 0.673153 -0.042428 
 0.349017 -0.721812 -0.116187 
 0.080212 0.670148 -0.015261 
 0.386364 -0.027935 0.064393 
 0.079824 0.083940 -0.177495 
 -0.438547 0.265603 0.098349 
 -0.301507 0.378229 0.053394 
 -0.165814 -0.456446 0.117031 
 -0.322553 0.051010 -0.032399 
 -0.313544 0.435631 0.062053 
 0.380789 0.810571 -0.091458 
 0.040479 -0.554267 0.105684 
 -0.211342 -0.500568 0.172393 
 -0.355154 0.144896 -0.006622 
 0.272890 -0.631961 -0.054480 
 0.151827 -0.616830 0.062767 
 0.353688 0.170060 0.203945 
 0.177853 0.532916 0.004317 
 0.310000 0.839140 -0.073451 
 0.400007 -0.850702 -0.172782 
 0.354669 0.233004 0.237971 
 -0.517897 0.227777 0.126623 
 -0.233803 0.428038 0.057672 
 -0.131545 0.381475 0.002105 
 -0.037456 0.473943 0.002283 
 -0.380871 0.132342 0.000022 
 -0.021967 -0.556716 0.113961 
 -0.096509 -0.021733 -0.127545 
 0.249239 -0.269840 -0.143400 
 -0.350836 0.258273 0.029589 
 0.338997 0.715931 -0.079570 
 0.285378 -0.251889 -0.135439 
 -0.411549 0.310944 0.083612 
 0.042325 -0.087602 -0.142289 
 -0.323206 -0.279469 0.029861 
 0.324346 -0.085850 -0.037070 
 -0.054748 0.449157 -0.002989 
 0.132345 0.374173 0.114111 
 0.321719 0.107836 0.152171 
 -0.322180 0.111562 -0.031625 
 -0.110343 0.530010 -0.013863 
 0.050116 -0.367512 -0.010499 
 0.131192 -0.210125 -0.135405 
 0.012808 0.187246 -0.112369 
 -0.323918 0.240095 0.002567 
 -0.312002 0.309179 0.016984 
 -0.211798 -0.203786 -0.044424 
 0.195433 -0.465779 0.184255 
 0.164286 -0.579726 0.066829 
 0.090100 -0.094908 -0.132004 
 -0.510821 0.182772 0.115407 
 0.232700 -0.201696 -0.146407 
 0.119659 0.430923 0.145165 
 0.101632 0.249314 0.028871 
 0.374499 -0.712496 -0.088744 
 -0.233134 0.249850 -0.054798 
 -0.023660 0.542065 -0.006136 
 -0.330539 -0.156366 -0.025266 
 -0.158368 0.349961 -0.037668 
 0.189513 -0.415921 0.139442 
 -0.297335 0.188723 -0.026493 
 0.183327 0.640760 -0.037050 
 -0.247088 0.307560 -0.002306 
 0.329763 -0.097780 -0.035920 
 0.125301 -0.260372 -0.115341 
 -0.101990 -0.008665 -0.128689 
 -0.262385 -0.231542 -0.022726 
 -0.311407 -0.162213 -0.031651 
 0.411202 0.874036 -0.062017 
 0.114492 0.192272 -0.035181 
 -0.074486 0.550051 0.017352 
 -0.464190 -0.225066 0.065951 
 -0.332438 -0.220408 -0.004639 
 -0.279542 0.213628 -0.021030 
 -0.528176 0.060938 0.088473 
 0.006698 -0.044230 -0.149517 
 0.266960 -0.620390 -0.055686 
 0.015090 -0.631209 0.111348 
 -0.226599 0.269466 -0.053234 
 0.162235 0.279480 0.141372 
 0.284013 -0.713249 -0.097116 
 -0.451279 -0.139820 0.014293 
 -0.471251 0.055588 0.023580 
 0.201526 -0.476001 0.185453 
 -0.303888 -0.485723 0.207858 
 -0.159175 0.318647 -0.048234 
 -0.044000 -0.502951 0.087361 
 0.158585 0.570045 -0.010167 
 0.048899 0.578343 -0.000784 
 0.359637 -0.803803 -0.136810 
 0.252229 -0.000947 0.003572 
 0.178538 -0.309721 -0.104285 
 0.204909 0.160837 -0.037847 
 -0.042435 -0.616674 0.142007 
 0.230562 -0.702833 -0.041395 
 -0.092972 0.525170 0.011167 
 0.116822 0.687796 -0.017690 
 0.114039 -0.081974 -0.126659 
 0.218006 0.292101 0.209222 
 0.207086 -0.602582 0.030824 
 -0.219346 -0.453649 0.149845 
 0.242648 -0.697817 -0.050778 
 -0.054197 -0.045531 -0.130376 
 -0.070403 -0.483816 0.080764 
 0.244103 0.791095 -0.077244 
 -0.135708 -0.133346 -0.082222 
 0.018438 0.609685 0.003987 
 -0.162442 0.206939 -0.117165 
 0.260412 0.234422 0.096344 
 0.204910 0.160833 -0.037227 
 0.212176 0.368586 0.208038 
 0.347144 -0.864966 -0.173393 
 -0.454127 0.145065 0.050388 
 0.256219 0.676535 -0.054032 
 0.311947 -0.856367 -0.158839 
 -0.044715 0.393335 0.020760 
 0.193922 0.436338 0.205454 
 0.310003 0.839131 -0.071818 
 -0.242333 -0.433246 0.133779 
 -0.226985 0.446323 0.037470 
 0.084092 0.223424 -0.030357 
 0.195373 -0.486308 0.084762 
 0.119617 -0.185944 -0.137684 
 -0.036112 0.317191 -0.067114 
 0.263760 0.523542 0.287670 
 0.133237 -0.524487 0.136959 
 -0.029408 -0.033324 -0.146197 
 -0.131707 -0.388482 0.070254 
 -0.012347 0.548175 -0.002299 
 0.155806 -0.106548 -0.130964 
 -0.037622 0.442747 0.000368 
 0.354752 -0.087842 0.013725 
 -0.098003 0.443880 0.009534 
 -0.219210 -0.487012 0.171201 
 -0.348912 0.164245 -0.003739 
 0.410025 -0.666950 -0.058202 
 0.095787 0.229504 0.005257 
 0.205625 0.191435 0.006540 
 0.203971 -0.023641 -0.073381 
 0.100615 -0.272842 -0.098716 
 0.193986 0.470902 0.249973 
 0.036691 -0.441769 0.050714 
 0.353694 0.169789 0.203944 
 0.370702 -0.797850 -0.134159 
 0.298710 -0.220706 -0.077165 
 0.097461 0.046829 -0.172862 
 0.120411 0.491008 0.024941 
 0.116118 -0.416347 0.055671 
 -0.491845 0.062342 0.040946 
 0.059512 0.273977 -0.002034 
 0.266967 -0.706956 -0.100928 
 0.341066 0.164115 0.193209 
 0.105312 0.682380 -0.009565 
 -0.003420 -0.562553 0.118596 
 0.256532 0.440684 0.285246 
 -0.144190 0.108133 -0.114503 
 0.292449 0.265980 0.214754 
 0.091639 0.059538 -0.173993 
 0.266505 0.220375 0.097401 
 -0.172679 -0.152999 -0.081481 
 0.182647 -0.586879 0.069806 
 -0.076209 -0.259250 -0.059672 
 -0.157259 0.008897 -0.096569 
 -0.506402 -0.071153 0.036842 
 -0.269634 0.441321 0.060666 
 0.123034 0.703568 -0.016323 
 0.071606 -0.583747 0.089514 
 -0.244176 0.089523 -0.091065 
 0.007961 0.138752 -0.158043 
 0.234849 0.098328 -0.000528 
 -0.194358 -0.241850 -0.051826 
 0.345709 0.151383 0.191293 
 -0.459170 -0.000826 0.025211 
 0.297409 0.740674 -0.087783 
 0.102421 -0.584003 0.098205 
 -0.242528 0.263423 -0.023299 
 0.062035 0.150418 -0.135360 
 -0.018544 0.529812 -0.004970 
 0.250676 -0.475175 0.096895 
 0.108005 -0.161102 -0.139960 
 0.182246 -0.676140 0.034424 
 -0.429165 -0.191332 0.031207 
 0.269367 0.478859 0.299508 
 0.257322 -0.101772 -0.094702 
 0.286871 -0.163127 -0.089967 
 -0.007168 -0.176003 -0.109952 
 -0.223640 -0.150423 -0.046368 
 -0.131235 0.237510 -0.129780 
 -0.034823 0.010592 -0.159369 
 -0.322732 -0.279450 0.028208 
 -0.478759 0.311006 0.124215 
 0.133863 0.681432 -0.013996 
 0.007502 0.170027 -0.135823 
 -0.131879 -0.569645 0.167386 
 0.181648 0.241308 0.045985 
 -0.283408 -0.258630 0.005635 
 0.232094 0.785576 -0.080034 
 -0.340391 -0.405966 0.177986 
 0.262431 0.394583 0.264170 
 -0.121311 -0.002743 -0.121604 
 0.124426 -0.293351 -0.081861 
 -0.035325 0.224460 -0.122312 
 0.345422 -0.597659 -0.026710 
 0.166761 -0.284419 -0.117922 
 0.242757 -0.664784 -0.050373 
 -0.320994 0.354364 0.059664 
 -0.504432 0.201973 0.121378 
 0.015577 -0.536205 0.109218 
 -0.333117 -0.252644 0.005807 
 0.164004 -0.464438 0.177519 
 -0.316205 -0.055618 -0.043303 
 0.231717 0.695133 -0.059002 
 0.125810 -0.197860 -0.136545 
 0.147995 0.745687 -0.065584 
 0.300756 -0.006802 0.002949 
 -0.179017 -0.430890 0.114657 
 0.024669 0.224190 -0.087361 
 0.224771 0.736627 -0.081836 
 -0.368323 -0.018005 -0.031754 
 0.186735 -0.626309 0.037564 
 0.024008 -0.112656 -0.135357 
 0.080820 -0.362769 -0.026877 
 0.003012 -0.294900 -0.065022 
 0.218884 -0.652770 -0.011306 
 0.060983 0.553352 0.002693 
 0.269466 0.510642 0.286847 
 -0.012964 -0.132374 -0.110369 
 -0.285277 0.288992 -0.010466 
 0.137176 0.393475 0.137707 
 -0.432776 -0.051367 0.008632 
 0.444591 0.107027 0.170054 
 0.005143 -0.138114 -0.117824 
 0.090100 -0.591975 0.093769 
 -0.226216 -0.276221 -0.015313 
 -0.114387 0.017189 -0.130976 
 0.253189 0.091355 0.037153 
 0.305527 0.336142 0.239164 
 0.192723 0.124404 -0.074102 
 0.059070 0.430052 0.043881 
 -0.010789 -0.615692 0.137814 
 -0.451890 -0.249084 0.068337 
 0.001900 0.120493 -0.160154 
 0.334664 -0.200837 -0.068317 
 -0.271630 0.013980 -0.054824 
 0.207325 -0.661204 0.019028 
 -0.077626 0.065177 -0.134453 
 -0.330601 0.283275 0.012304 
 0.162820 0.094801 -0.126050 
 -0.256089 -0.181446 -0.020756 
 -0.134822 -0.520380 0.122702 
 0.343974 -0.709418 -0.117322 
 -0.521862 0.082211 0.090086 
 -0.355642 0.207809 0.006455 
 0.120028 -0.153925 -0.159868 
 0.181677 -0.470968 0.181485 
 0.120533 -0.063990 -0.125132 
 -0.510065 0.182787 0.115708 
 -0.370164 0.264159 0.036919 
 -0.023767 0.199799 -0.120022 
 0.321336 0.752455 -0.082986 
 -0.188913 0.497293 0.064936 
 0.009577 -0.554014 0.097669 
 -0.327997 0.032558 -0.046680 
 -0.196673 -0.103177 -0.085272 
 0.108186 -0.659703 0.096939 
 -0.212784 0.420261 0.039813 
 0.007924 0.017376 -0.181611 
 -0.382224 0.163495 0.022103 
 0.254053 -0.598201 -0.035866 
 -0.273902 -0.401494 0.138274 
 -0.136621 0.126767 -0.123874 
 -0.027304 -0.508009 0.091313 
 -0.143385 0.108151 -0.114504 
 -0.155761 -0.190984 -0.054165 
 0.083585 0.380009 0.059539 
 -0.016312 0.187629 -0.140761 
 -0.388145 -0.312809 0.059379 
 -0.314580 -0.372538 0.085678 
 -0.344761 -0.338796 0.068492 
 -0.263394 0.426801 0.050959 
 -0.022373 -0.044913 -0.145054 
 -0.029583 -0.063186 -0.146583 
 -0.159274 -0.114838 -0.099918 
 -0.049954 0.562379 0.021841 
 -0.131705 -0.388486 0.070996 
 -0.503210 0.266325 0.128940 
 0.415356 -0.740981 -0.068930 
 -0.224964 -0.275692 -0.015314 
 0.107496 0.393224 0.109006 
 -0.149870 -0.236207 -0.053410 
 0.217658 0.259839 0.086749 
 -0.237246 -0.154366 -0.027320 
 0.318142 -0.838246 -0.155929 
 -0.239818 0.014384 -0.069918 
 -0.077905 0.096371 -0.122136 
 -0.251818 0.070479 -0.071941 
 -0.162098 -0.240810 -0.056120 
 -0.267408 -0.124411 -0.033564 
 -0.028668 0.241695 -0.120782 
 -0.131020 0.444389 0.013826 
 0.163984 -0.669762 0.032430 
 0.065103 -0.573438 0.111482 
 -0.226021 0.083211 -0.088274 
 -0.012216 0.330806 -0.050022 
 0.405353 0.856796 -0.063540 
 0.145761 -0.459997 0.173544 
 0.344219 0.028405 0.056869 
 -0.101098 0.175879 -0.137260 
 0.167363 -0.039945 -0.114451 
 -0.360281 0.302978 0.072643 
 0.022984 -0.205793 -0.114220 
 -0.027269 -0.509467 0.092307 
 -0.352480 0.051020 -0.028217 
 0.094398 -0.294088 -0.089282 
 -0.020141 0.467541 0.005192 
 -0.040228 0.298515 -0.089834 
 0.260206 0.047220 0.060716 
 0.383496 -0.906207 -0.177320 
 -0.109380 -0.507710 0.117614 
 0.485402 -0.011489 0.131779 
 -0.486691 0.259631 0.122145 
 -0.089925 0.088915 -0.124829 
 0.216403 -0.077435 -0.093530 
 0.342770 -0.062128 0.011422 
 0.401649 0.132558 0.160233 
 0.183209 0.612369 -0.015386 
 0.146858 0.625158 -0.023097 
 -0.348222 -0.149926 -0.029448 
 -0.041470 0.144947 -0.146521 
 -0.511661 0.036770 0.046640 
 0.378978 -0.724781 -0.087603 
 -0.124954 0.040459 -0.122364 
 0.302948 -0.632702 -0.047965 
 0.469754 0.150792 0.184817 
 -0.166454 -0.102941 -0.088397 
 0.295269 -0.763815 -0.129532 
 0.286373 -0.571145 0.004176 
 0.073320 0.591373 0.004655 
 -0.195753 -0.040735 -0.094502 
 0.506118 0.106550 0.181019 
 0.307054 0.011016 0.015416 
 0.018037 -0.435822 0.035841 
 -0.109402 -0.506771 0.117325 
 0.375018 0.027861 0.074541 
 0.294741 -0.024894 -0.020702 
 -0.349547 0.195154 0.006897 
 0.192563 0.093719 -0.074178 
 -0.370043 -0.208219 -0.001651 
 0.190204 -0.416319 0.139438 
 -0.231418 0.395977 0.035455 
 -0.213122 0.122447 -0.096049 
 -0.073875 0.393610 0.014203 
 0.211849 0.304885 0.208928 
 0.141645 0.728033 -0.058602 
 0.255856 0.766221 -0.085972 
 -0.294937 -0.430953 0.166447 
 -0.240615 0.045475 -0.069617 
 0.089570 0.335931 0.049376 
 0.067744 0.048351 -0.179296 
 0.164343 0.526777 0.001610 
 -0.036872 -0.383790 0.023706 
 0.072101 -0.489179 0.091927 
 0.394430 -0.871832 -0.163230 
 0.116943 -0.380480 0.002166 
 -0.195326 -0.040727 -0.094176 
 0.014284 0.034648 -0.191055 
 -0.130359 -0.178165 -0.070034 
 0.392806 -0.009114 0.078031 
 0.353006 -0.878150 -0.172272 
 0.120632 0.460195 0.035544 
 -0.157042 0.101067 -0.117200 
 0.360551 0.126174 0.182576 
 0.095347 -0.228123 -0.132418 
 0.125030 0.451750 0.179771 
 -0.080672 0.374435 -0.008899 
 -0.403764 0.265234 0.073551 
 -0.190695 -0.114595 -0.082911 
 0.056125 0.659834 0.012551 
 -0.410978 0.246596 0.071960 
 0.052681 -0.644152 0.118002 
 0.417075 -0.090877 0.082278 
 -0.529791 0.157287 0.111295 
 0.289697 0.046956 0.066935 
 -0.268299 -0.156278 -0.023094 
 0.363350 0.759254 -0.063227 
 0.110561 0.668471 -0.008413 
 0.059148 0.367467 0.043792 
 -0.151417 0.027982 -0.115403 
 0.225509 0.646615 -0.038855 
 -0.114497 -0.045876 -0.120851 
 0.068327 -0.373878 -0.006957 
 -0.379351 -0.374581 0.104676 
 0.312099 -0.061899 -0.028308 
 -0.361626 -0.093362 -0.031386 
 0.170259 -0.623461 0.055666 
 0.267792 -0.564815 0.000316 
 0.117204 -0.346798 -0.029751 
 0.098370 0.632185 -0.022014 
 -0.159173 0.318496 -0.048975 
 -0.270983 0.138798 -0.053983 
 0.030850 0.645283 0.007098 
 0.393616 0.878295 -0.065831 
 0.370791 0.837784 -0.071546 
 -0.070397 -0.483831 0.083796 
 