0.247642 0.955347 -0.059631 
 0.262738 0.951501 -0.064348 
 0.209083 0.957137 -0.013006 
 0.224238 0.953276 -0.017742 
 0.232125 0.945425 -0.044188 
 0.243586 0.939585 -0.059760 
 0.258682 0.935739 -0.064477 
 0.277472 0.933873 -0.058357 
 0.292588 0.930022 -0.063080 
 0.179147 0.939205 -0.041020 
 0.197832 0.937343 -0.034870 
 0.212948 0.933493 -0.039593 
 0.228064 0.929642 -0.044316 
 0.239530 0.923822 -0.059888 
 0.254626 0.919976 -0.064605 
 0.273411 0.918089 -0.058486 
 0.288527 0.914239 -0.063209 
 0.303643 0.910388 -0.067932 
 0.175091 0.923442 -0.041149 
 0.190187 0.919596 -0.045866 
 0.205283 0.915751 -0.050583 
 0.220379 0.911905 -0.055300 
 0.235475 0.908059 -0.060017 
 0.250571 0.904213 -0.064734 
 0.269350 0.902306 -0.058614 
 0.284466 0.898455 -0.063338 
 0.307028 0.898461 -0.046413 
 0.322184 0.894600 -0.051149 
 0.337339 0.890739 -0.055885 
 0.171035 0.907679 -0.041277 
 0.186131 0.903834 -0.045994 
 0.201227 0.899988 -0.050711 
 0.216323 0.896142 -0.055428 
 0.231419 0.892296 -0.060145 
 0.250173 0.890373 -0.054020 
 0.265289 0.886523 -0.058743 
 0.280405 0.882672 -0.063466 
 0.302956 0.882636 -0.046542 
 0.318112 0.878775 -0.051278 
 0.333267 0.874914 -0.056014 
 0.166979 0.891917 -0.041406 
 0.182075 0.888071 -0.046123 
 0.197171 0.884225 -0.050840 
 0.212267 0.880380 -0.055557 
 0.227363 0.876534 -0.060274 
 0.246112 0.874590 -0.054149 
 0.261228 0.870739 -0.058872 
 0.276344 0.866888 -0.063595 
 0.298885 0.866811 -0.046671 
 0.314040 0.862950 -0.051407 
 0.329196 0.859089 -0.056143 
 0.140771 0.876177 -0.058576 
 0.162924 0.876154 -0.041534 
 0.178020 0.872308 -0.046251 
 0.193115 0.868463 -0.050968 
 0.208211 0.864617 -0.055685 
 0.223307 0.860771 -0.060402 
 0.242051 0.858807 -0.054277 
 0.257167 0.854956 -0.059000 
 0.272283 0.851105 -0.063724 
 0.287398 0.847254 -0.068447 
 0.302514 0.843403 -0.073170 
 0.317630 0.839552 -0.077893 
 0.143772 0.864237 -0.036946 
 0.158868 0.860392 -0.041663 
 0.173964 0.856546 -0.046380 
 0.189060 0.852700 -0.051097 
 0.204156 0.848854 -0.055814 
 0.219252 0.845008 -0.060531 
 0.237990 0.843023 -0.054406 
 0.253106 0.839172 -0.059129 
 0.268222 0.835322 -0.063852 
 0.283337 0.831471 -0.068576 
 0.298453 0.827620 -0.073299 
 0.313569 0.823769 -0.078022 
 0.154812 0.844629 -0.041791 
 0.169908 0.840783 -0.046508 
 0.188581 0.838792 -0.040365 
 0.203697 0.834941 -0.045088 
 0.218813 0.831090 -0.049811 
 0.233929 0.827240 -0.054535 
 0.249045 0.823389 -0.059258 
 0.264160 0.819538 -0.063981 
 0.279276 0.815687 -0.068704 
 0.301825 0.815475 -0.051794 
 0.324453 0.815243 -0.034908 
 0.339648 0.811372 -0.039656 
 0.139173 0.834561 -0.026324 
 0.154289 0.830710 -0.031047 
 0.169404 0.826859 -0.035770 
 0.184520 0.823009 -0.040494 
 0.199636 0.819158 -0.045217 
 0.214752 0.815307 -0.049940 
 0.237131 0.815094 -0.032981 
 0.252286 0.811233 -0.037716 
 0.267442 0.807372 -0.042452 
 0.282598 0.803511 -0.047187 
 0.297753 0.799651 -0.051923 
 0.320371 0.799377 -0.035037 
 0.335566 0.795506 -0.039785 
 0.157281 0.818574 -0.009431 
 0.172437 0.814713 -0.014167 
 0.187592 0.810852 -0.018903 
 0.202748 0.806991 -0.023638 
 0.210691 0.799524 -0.050069 
 0.233059 0.799269 -0.033110 
 0.248215 0.795408 -0.037845 
 0.263370 0.791547 -0.042581 
 0.278526 0.787686 -0.047316 
 0.293681 0.783826 -0.052052 
 0.316288 0.783510 -0.035167 
 0.331483 0.779639 -0.039915 
 0.346679 0.775768 -0.044663 
 0.168365 0.798888 -0.014296 
 0.183521 0.795027 -0.019032 
 0.198676 0.791166 -0.023767 
 0.213832 0.787305 -0.028503 
 0.228987 0.783444 -0.033239 
 0.244143 0.779583 -0.037974 
 0.259298 0.775722 -0.042710 
 0.274454 0.771861 -0.047445 
 0.289609 0.768001 -0.052181 
 0.312206 0.767644 -0.035296 
 0.334881 0.767267 -0.018436 
 0.342596 0.759902 -0.044792 
 0.357792 0.756031 -0.049540 
 0.164293 0.783063 -0.014425 
 0.179449 0.779202 -0.019161 
 0.194604 0.775341 -0.023896 
 0.209760 0.771480 -0.028632 
 0.224916 0.767619 -0.033368 
 0.240071 0.763759 -0.038103 
 0.255227 0.759898 -0.042839 
 0.270382 0.756037 -0.047574 
 0.292928 0.755649 -0.030677 
 0.308123 0.751778 -0.035425 
 0.330788 0.751359 -0.018566 
 0.346023 0.747478 -0.023326 
 0.361258 0.743597 -0.028087 
 0.167283 0.770751 0.007178 
 0.182479 0.766880 0.002430 
 0.190533 0.759516 -0.024025 
 0.205688 0.755655 -0.028761 
 0.220844 0.751794 -0.033497 
 0.235999 0.747934 -0.038232 
 0.251155 0.744073 -0.042968 
 0.266310 0.740212 -0.047703 
 0.288846 0.739782 -0.030807 
 0.311460 0.739333 -0.013935 
 0.326695 0.735451 -0.018696 
 0.341930 0.731570 -0.023456 
 0.357165 0.727689 -0.028217 
 0.148006 0.758755 0.011796 
 0.163201 0.754884 0.007048 
 0.178396 0.751013 0.002300 
 0.193591 0.747142 -0.002448 
 0.201616 0.739831 -0.028890 
 0.216772 0.735970 -0.033626 
 0.239177 0.735529 -0.016692 
 0.247083 0.728248 -0.043097 
 0.269568 0.727787 -0.026188 
 0.284763 0.723916 -0.030936 
 0.307367 0.723425 -0.014065 
 0.326326 0.721229 -0.008022 
 0.341581 0.717342 -0.012789 
 0.353072 0.711781 -0.028346 
 0.368307 0.707900 -0.033107 
 0.143923 0.742889 0.011667 
 0.159118 0.739018 0.006919 
 0.174314 0.735147 0.002171 
 0.189509 0.731276 -0.002577 
 0.204704 0.727405 -0.007325 
 0.219900 0.723534 -0.012073 
 0.235095 0.719663 -0.016821 
 0.243011 0.712423 -0.043226 
 0.265485 0.711921 -0.026317 
 0.280681 0.708050 -0.031065 
 0.303274 0.707517 -0.014195 
 0.318509 0.703636 -0.018955 
 0.333744 0.699754 -0.023715 
 0.352737 0.697527 -0.017685 
 0.367992 0.693641 -0.022452 
 0.150325 0.732120 0.044151 
 0.162066 0.726540 0.028520 
 0.170231 0.719280 0.002042 
 0.185427 0.715409 -0.002706 
 0.200622 0.711538 -0.007454 
 0.215817 0.707667 -0.012202 
 0.231012 0.703796 -0.016950 
 0.246208 0.699925 -0.021699 
 0.261403 0.696054 -0.026447 
 0.276598 0.692183 -0.031195 
 0.299181 0.691609 -0.014324 
 0.318129 0.689371 -0.008282 
 0.333384 0.685485 -0.013048 
 0.348639 0.681599 -0.017815 
 0.363894 0.677713 -0.022582 
 0.129517 0.730718 0.097089 
 0.144851 0.726811 0.092298 
 0.153206 0.719548 0.065764 
 0.161482 0.712305 0.039255 
 0.173207 0.706750 0.023630 
 0.188442 0.702869 0.018869 
 0.196539 0.695672 -0.007584 
 0.211735 0.691801 -0.012332 
 0.226930 0.687930 -0.017080 
 0.242125 0.684059 -0.021828 
 0.257321 0.680188 -0.026576 
 0.272516 0.676317 -0.031324 
 0.295087 0.675701 -0.014454 
 0.314031 0.673443 -0.008412 
 0.336742 0.672792 0.008416 
 0.352036 0.668895 0.003637 
 0.367331 0.664999 -0.001143 
 0.120337 0.723631 0.134420 
 0.128842 0.716374 0.107843 
 0.144196 0.712462 0.103045 
 0.156066 0.706893 0.087376 
 0.157383 0.696376 0.039125 
 0.169114 0.690843 0.023500 
 0.184349 0.686962 0.018739 
 0.192457 0.679806 -0.007713 
 0.207652 0.675935 -0.012461 
 0.222848 0.672064 -0.017209 
 0.238043 0.668192 -0.021957 
 0.253238 0.664321 -0.026705 
 0.268433 0.660450 -0.031453 
 0.294677 0.661400 -0.003775 
 0.309932 0.657514 -0.008541 
 0.332632 0.656821 0.008285 
 0.347927 0.652925 0.003506 
 0.363222 0.649029 -0.001273 
 0.098932 0.722049 0.187516 
 0.107606 0.714793 0.160890 
 0.116201 0.707557 0.134288 
 0.124717 0.700341 0.107712 
 0.140071 0.696430 0.102914 
 0.151946 0.690881 0.087245 
 0.160283 0.683711 0.060725 
 0.168540 0.676562 0.034229 
 0.183795 0.672675 0.029462 
 0.195491 0.667173 0.013849 
 0.210726 0.663291 0.009089 
 0.225961 0.659410 0.004328 
 0.241196 0.655529 -0.000432 
 0.256431 0.651648 -0.005192 
 0.271666 0.647767 -0.009953 
 0.297934 0.648644 0.017713 
 0.320623 0.647910 0.034539 
 0.339675 0.645580 0.040545 
 0.351292 0.640097 0.024956 
 0.366626 0.636191 0.020165 
 0.072592 0.706541 0.170403 
 0.088026 0.702609 0.165581 
 0.096671 0.695405 0.138968 
 0.105237 0.688220 0.112379 
 0.120592 0.684309 0.107581 
 0.135946 0.680397 0.102784 
 0.147826 0.674870 0.087115 
 0.156174 0.667741 0.060595 
 0.171468 0.663845 0.055816 
 0.186763 0.659949 0.051036 
 0.194951 0.652860 0.024565 
 0.206633 0.647383 0.008959 
 0.221868 0.643502 0.004199 
 0.237103 0.639621 -0.000562 
 0.252338 0.635740 -0.005322 
 0.271225 0.633429 0.000732 
 0.293825 0.632674 0.017583 
 0.320196 0.633459 0.045212 
 0.335550 0.629547 0.040414 
 0.350904 0.625636 0.035616 
 0.362507 0.620179 0.020034 
 0.078493 0.695303 0.202995 
 0.090618 0.689735 0.187253 
 0.092536 0.679331 0.138836 
 0.107930 0.675409 0.134026 
 0.116466 0.668277 0.107451 
 0.131821 0.664365 0.102653 
 0.143706 0.658858 0.086984 
 0.152064 0.651771 0.060464 
 0.167359 0.647875 0.055685 
 0.182654 0.643978 0.050906 
 0.190853 0.636932 0.024436 
 0.206108 0.633046 0.019669 
 0.217775 0.627594 0.004069 
 0.233010 0.623713 -0.000691 
 0.251872 0.621387 0.005369 
 0.267127 0.617501 0.000602 
 0.297050 0.619793 0.039070 
 0.323444 0.620506 0.066685 
 0.338838 0.616584 0.061875 
 0.354232 0.612663 0.057065 
 0.074331 0.679125 0.202864 
 0.086460 0.673579 0.187121 
 0.095167 0.666447 0.160496 
 0.103794 0.659336 0.133895 
 0.119188 0.655414 0.129085 
 0.127695 0.648333 0.102522 
 0.139587 0.642847 0.086854 
 0.147955 0.635801 0.060334 
 0.163250 0.631905 0.055555 
 0.178545 0.628008 0.050776 
 0.193839 0.624112 0.045997 
 0.209134 0.620216 0.041218 
 0.217264 0.613231 0.014772 
 0.232519 0.609345 0.010006 
 0.255018 0.608527 0.026881 
 0.270312 0.604630 0.022102 
 0.292930 0.603782 0.038939 
 0.326671 0.607470 0.088158 
 0.342105 0.603539 0.083335 
 0.357539 0.599607 0.078513 
 0.054675 0.666895 0.207573 
 0.070168 0.662948 0.202732 
 0.082303 0.657422 0.186989 
 0.091020 0.650332 0.160364 
 0.106454 0.646400 0.155542 
 0.115052 0.639340 0.128954 
 0.130446 0.635418 0.124144 
 0.138925 0.628389 0.097594 
 0.150801 0.622929 0.081932 
 0.166135 0.619022 0.077140 
 0.174435 0.612038 0.050646 
 0.189730 0.608142 0.045867 
 0.205025 0.604246 0.041088 
 0.220319 0.600349 0.036309 
 0.235614 0.596453 0.031530 
 0.258141 0.595583 0.048391 
 0.273476 0.591677 0.043600 
 0.292466 0.589274 0.049617 
 0.315173 0.588358 0.066423 
 0.337958 0.587423 0.083204 
 0.353392 0.583491 0.078382 
 0.048193 0.660959 0.255961 
 0.063766 0.656992 0.251095 
 0.066006 0.646770 0.202600 
 0.078146 0.641265 0.186858 
 0.093620 0.637323 0.182023 
 0.102307 0.630285 0.155410 
 0.117741 0.626353 0.150588 
 0.126310 0.619345 0.124013 
 0.134799 0.612357 0.097463 
 0.146681 0.606917 0.081801 
 0.162016 0.603011 0.077010 
 0.177350 0.599104 0.072218 
 0.185621 0.592172 0.045737 
 0.200915 0.588275 0.040958 
 0.216210 0.584379 0.036179 
 0.231505 0.580483 0.031400 
 0.254022 0.579572 0.048261 
 0.269356 0.575665 0.043469 
 0.284690 0.571759 0.038678 
 0.300025 0.567852 0.033886 
 0.333812 0.571308 0.083073 
 0.349246 0.567376 0.078250 
 0.012864 0.652633 0.265560 
 0.028436 0.648666 0.260694 
 0.044009 0.644699 0.255828 
 0.059582 0.640731 0.250962 
 0.061843 0.630593 0.202468 
 0.073989 0.625108 0.186726 
 0.082727 0.618101 0.160101 
 0.098161 0.614169 0.155279 
 0.113595 0.610238 0.150456 
 0.122174 0.603271 0.123882 
 0.130674 0.596324 0.097332 
 0.142561 0.590906 0.081671 
 0.157896 0.586999 0.076879 
 0.173230 0.583093 0.072088 
 0.188564 0.579186 0.067296 
 0.203899 0.575280 0.062505 
 0.219233 0.571373 0.057713 
 0.238154 0.568944 0.063749 
 0.253508 0.565032 0.058951 
 0.276113 0.564054 0.075781 
 0.291507 0.560133 0.070971 
 0.295905 0.551841 0.033756 
 -0.038038 0.648274 0.280025 
 -0.022465 0.644307 0.275159 
 -0.006893 0.640340 0.270294 
 0.008680 0.636373 0.265428 
 0.024253 0.632405 0.260562 
 0.039825 0.628438 0.255696 
 0.048793 0.621417 0.229004 
 0.064326 0.617460 0.224150 
 0.069832 0.608951 0.186594 
 0.078581 0.601986 0.159970 
 0.094014 0.598054 0.155148 
 0.109448 0.594122 0.150325 
 0.118038 0.587197 0.123751 
 0.126549 0.580292 0.097202 
 0.138442 0.574894 0.081540 
 0.153776 0.570987 0.076749 
 0.169110 0.567081 0.071957 
 0.184445 0.563175 0.067166 
 0.199779 0.559268 0.062374 
 0.215113 0.555362 0.057583 
 0.234028 0.552911 0.063618 
 0.249383 0.549000 0.058820 
 0.271977 0.547981 0.075650 
 0.287371 0.544059 0.070840 
 -0.042222 0.632014 0.279893 
 -0.026649 0.628046 0.275027 
 -0.011077 0.624079 0.270161 
 0.004496 0.620112 0.265295 
 0.020069 0.616145 0.260429 
 0.035641 0.612178 0.255563 
 0.051214 0.608210 0.250697 
 0.053518 0.598238 0.202204 
 0.069012 0.594291 0.197363 
 0.081148 0.588853 0.181628 
 0.096621 0.584911 0.176793 
 0.105302 0.578007 0.150194 
 0.120735 0.574075 0.145371 
 0.136169 0.570144 0.140549 
 0.151603 0.566212 0.135726 
 0.160084 0.559358 0.109190 
 0.182470 0.558348 0.126081 
 0.190872 0.551515 0.099570 
 0.206266 0.547593 0.094759 
 0.221660 0.543672 0.089949 
 0.229903 0.536879 0.063487 
 0.245257 0.532967 0.058690 
 -0.040061 0.618785 0.301660 
 -0.024448 0.614808 0.296782 
 -0.015260 0.607819 0.270028 
 0.000312 0.603852 0.265162 
 0.015885 0.599884 0.260297 
 0.031458 0.595917 0.255431 
 0.047030 0.591950 0.250565 
 0.062603 0.587983 0.245699 
 0.064849 0.578114 0.197231 
 0.080342 0.574167 0.192390 
 0.092464 0.568754 0.176661 
 0.107938 0.564812 0.171826 
 0.123411 0.560870 0.166991 
 0.138884 0.556929 0.162156 
 0.147456 0.550096 0.135595 
 0.162890 0.546165 0.130772 
 0.185304 0.545103 0.147652 
 0.193757 0.538301 0.121127 
 0.209191 0.534369 0.116305 
 0.217524 0.527598 0.089818 
 -0.044255 0.602483 0.301527 
 -0.028643 0.598506 0.296649 
 -0.019444 0.591558 0.269896 
 -0.003872 0.587591 0.265030 
 0.011701 0.583624 0.260164 
 0.027274 0.579657 0.255298 
 0.042846 0.575689 0.250432 
 0.051806 0.568803 0.223754 
 0.060687 0.561936 0.197099 
 0.076180 0.557989 0.192258 
 0.088307 0.552598 0.176529 
 0.103780 0.548656 0.171694 
 0.119254 0.544714 0.166859 
 0.134727 0.540772 0.162025 
 0.150201 0.536830 0.157190 
 0.165674 0.532888 0.152355 
 0.184632 0.530360 0.158370 
 0.196621 0.525004 0.142685 
 0.212094 0.521062 0.137850 
 -0.057778 0.593118 0.328185 
 -0.048450 0.586181 0.301394 
 -0.039201 0.579265 0.274629 
 -0.023628 0.575298 0.269763 
 -0.008055 0.571331 0.264897 
 0.007517 0.567363 0.260031 
 0.023090 0.563396 0.255165 
 0.038663 0.559429 0.250300 
 0.047633 0.552584 0.223621 
 0.063166 0.548627 0.218768 
 0.078699 0.544669 0.213914 
 0.087511 0.537865 0.187285 
 0.099623 0.532499 0.171563 
 0.115097 0.528557 0.166728 
 0.133990 0.526024 0.172762 
 0.146043 0.520673 0.157058 
 0.161517 0.516731 0.152223 
 0.180470 0.514183 0.158238 
 0.195963 0.510236 0.153397 
 0.207937 0.504905 0.137718 
 -0.083869 0.577834 0.311018 
 -0.068256 0.573857 0.306140 
 -0.058957 0.566972 0.279363 
 -0.043385 0.563004 0.274497 
 -0.027812 0.559037 0.269631 
 -0.012239 0.555070 0.264765 
 0.003333 0.551103 0.259899 
 0.018906 0.547136 0.255033 
 0.034479 0.543168 0.250167 
 0.043460 0.536365 0.223489 
 0.058993 0.532408 0.218636 
 0.074526 0.528451 0.213782 
 0.090059 0.524493 0.208928 
 0.098841 0.517740 0.182312 
 0.121125 0.516579 0.199221 
 0.129828 0.509846 0.172630 
 0.145321 0.505899 0.167789 
 0.160814 0.501952 0.162948 
 0.183257 0.500751 0.179807 
 0.198789 0.496794 0.174954 
 -0.088063 0.561532 0.310885 
 -0.078714 0.554678 0.284096 
 -0.063141 0.550711 0.279230 
 -0.047569 0.546744 0.274364 
 -0.038378 0.539931 0.247625 
 -0.016423 0.538810 0.264632 
 -0.000850 0.534842 0.259766 
 0.014722 0.530875 0.254900 
 0.030295 0.526908 0.250034 
 0.039287 0.520146 0.223357 
 0.061440 0.518974 0.240303 
 0.077013 0.515006 0.235437 
 0.085886 0.508274 0.208796 
 0.101419 0.504317 0.203943 
 0.116952 0.500360 0.199089 
 0.132485 0.496403 0.194236 
 0.148017 0.492446 0.189382 
 0.163550 0.488489 0.184529 
 0.179083 0.484532 0.179675 
 0.194616 0.480575 0.174822 
 -0.120216 0.543498 0.271760 
 -0.110896 0.536696 0.244983 
 -0.089150 0.535583 0.262053 
 -0.079909 0.528802 0.235301 
 -0.067582 0.523448 0.219517 
 -0.052108 0.519506 0.214682 
 -0.033429 0.516961 0.220777 
 -0.017936 0.513014 0.215936 
 -0.002443 0.509067 0.211095 
 0.026111 0.510648 0.249902 
 0.041684 0.506680 0.245036 
 0.057256 0.502713 0.240170 
 0.072829 0.498746 0.235304 
 0.088402 0.494779 0.230438 
 0.103974 0.490812 0.225572 
 0.119547 0.486844 0.220706 
 0.135120 0.482877 0.215840 
 0.143844 0.476227 0.189250 
 0.159377 0.472270 0.184396 
 0.174910 0.468313 0.179543 
 0.190443 0.464356 0.174689 
 -0.137207 0.543694 0.347215 
 -0.133800 0.534059 0.298429 
 -0.124389 0.527278 0.271628 
 -0.118159 0.519117 0.233890 
 -0.099565 0.516571 0.240010 
 -0.087212 0.511233 0.224220 
 -0.071739 0.507291 0.219385 
 -0.062626 0.500586 0.192677 
 -0.047193 0.496654 0.187854 
 -0.025319 0.495465 0.204880 
 -0.009845 0.491523 0.200045 
 0.008888 0.488942 0.206122 
 0.030940 0.487708 0.223092 
 0.046473 0.483751 0.218239 
 0.068645 0.482486 0.235171 
 0.084218 0.478518 0.230306 
 0.099791 0.474551 0.225440 
 0.115363 0.470584 0.220574 
 0.130936 0.466617 0.215708 
 0.146509 0.462650 0.210842 
 0.155204 0.456051 0.184264 
 0.170737 0.452094 0.179411 
 0.186270 0.448137 0.174557 
 -0.147484 0.524558 0.325122 
 -0.137983 0.517799 0.298296 
 -0.134714 0.508288 0.249560 
 -0.122316 0.502960 0.233758 
 -0.113074 0.496266 0.207013 
 -0.097640 0.492334 0.202190 
 -0.082207 0.488403 0.197368 
 -0.079473 0.479028 0.148800 
 -0.064119 0.475117 0.144002 
 -0.051980 0.469855 0.128280 
 -0.033411 0.467294 0.134407 
 -0.021311 0.462042 0.118697 
 -0.005977 0.458135 0.113906 
 0.048889 0.470192 0.239905 
 0.064461 0.466225 0.235039 
 0.080034 0.462258 0.230173 
 0.102314 0.460921 0.247068 
 0.117927 0.456944 0.242189 
 0.133539 0.452966 0.237311 
 0.142325 0.446389 0.210709 
 0.157897 0.442422 0.205843 
 0.166564 0.435875 0.179278 
 -0.188885 0.513440 0.312761 
 -0.173313 0.509473 0.307896 
 -0.157740 0.505506 0.303030 
 -0.148268 0.498798 0.276217 
 -0.138876 0.492110 0.249428 
 -0.132654 0.484083 0.211704 
 -0.123441 0.477441 0.184972 
 -0.108047 0.473519 0.180162 
 -0.092653 0.469597 0.175352 
 -0.083598 0.462996 0.148669 
 -0.071434 0.457750 0.132941 
 -0.056099 0.453843 0.128150 
 -0.040765 0.449937 0.123358 
 -0.022182 0.447350 0.129479 
 -0.006827 0.443438 0.124681 
 0.008527 0.439527 0.119883 
 0.106600 0.468228 0.387406 
 0.122451 0.464190 0.382453 
 0.104817 0.447208 0.268696 
 0.120469 0.443220 0.263805 
 0.129345 0.436664 0.237178 
 0.144957 0.432687 0.232300 
 0.160569 0.428710 0.227421 
 -0.199040 0.494450 0.290645 
 -0.183507 0.490493 0.285792 
 -0.174025 0.483827 0.258979 
 -0.158532 0.479880 0.254138 
 -0.152234 0.471899 0.216395 
 -0.142970 0.465289 0.189651 
 -0.136891 0.457364 0.151976 
 -0.121557 0.453457 0.147185 
 -0.106222 0.449551 0.142393 
 -0.090888 0.445644 0.137602 
 -0.081922 0.439110 0.110951 
 -0.066627 0.435213 0.106172 
 -0.051333 0.431317 0.101393 
 -0.036038 0.427421 0.096614 
 -0.086018 0.397647 -0.126266 
 -0.071121 0.393851 -0.130921 
 0.102342 0.451677 0.387271 
 0.118193 0.447639 0.382318 
 0.117328 0.437233 0.322964 
 0.119627 0.428145 0.274546 
 0.131916 0.422890 0.258781 
 0.140763 0.416385 0.232167 
 0.156375 0.412408 0.227289 
 -0.248351 0.468698 0.185386 
 -0.233017 0.464791 0.180595 
 -0.208682 0.464901 0.208760 
 -0.193288 0.460980 0.203950 
 -0.193093 0.450414 0.144274 
 -0.171679 0.449165 0.161429 
 -0.162504 0.442621 0.134716 
 -0.153409 0.436098 0.108028 
 -0.141273 0.430903 0.092313 
 -0.122899 0.428325 0.098494 
 -0.107644 0.424439 0.093728 
 -0.101926 0.416673 0.056172 
 -0.077134 0.416667 0.084194 
 -0.061879 0.412780 0.079428 
 -0.098441 0.388443 -0.099916 
 -0.090020 0.382091 -0.126393 
 -0.075123 0.378296 -0.131048 
 -0.066822 0.371975 -0.157488 
 -0.051964 0.368190 -0.162131 
 -0.037107 0.364405 -0.166773 
 -0.022249 0.360620 -0.171416 
 -0.007392 0.356835 -0.176058 
 0.136568 0.400083 0.232034 
 0.152180 0.396106 0.227156 
 -0.267805 0.456593 0.190047 
 -0.252471 0.452686 0.185256 
 -0.237136 0.448780 0.180464 
 -0.233781 0.439600 0.131731 
 -0.221541 0.434401 0.115985 
 -0.206306 0.430520 0.111225 
 -0.191071 0.426639 0.106464 
 -0.181985 0.420162 0.079783 
 -0.160601 0.418876 0.096943 
 -0.151594 0.412419 0.070287 
 -0.136399 0.408548 0.065539 
 -0.121204 0.404677 0.060791 
 -0.118703 0.395716 0.012325 
 -0.097200 0.394400 0.029448 
 -0.117391 0.376651 -0.095376 
 -0.102454 0.372846 -0.100043 
 -0.094023 0.366536 -0.126520 
 -0.085671 0.360246 -0.152972 
 -0.070814 0.356461 -0.157615 
 -0.055956 0.352676 -0.162257 
 -0.041099 0.348891 -0.166900 
 -0.026241 0.345106 -0.171542 
 -0.004639 0.343765 -0.154449 
 0.010259 0.339970 -0.159104 
 -0.271925 0.440581 0.189917 
 -0.262490 0.434059 0.163130 
 -0.247195 0.430163 0.158351 
 -0.237880 0.423672 0.131601 
 -0.225634 0.418493 0.115856 
 -0.216458 0.412037 0.089150 
 -0.201262 0.408166 0.084402 
 -0.186067 0.404295 0.079654 
 -0.170872 0.400424 0.074906 
 -0.161894 0.394019 0.048261 
 -0.146738 0.390158 0.043526 
 -0.137880 0.383783 0.016919 
 -0.125932 0.378680 0.001267 
 -0.133153 0.366107 -0.079913 
 -0.127820 0.358571 -0.117337 
 -0.112923 0.354776 -0.121992 
 -0.107768 0.347286 -0.159361 
 -0.089663 0.344732 -0.153099 
 -0.078093 0.339726 -0.168633 
 -0.063255 0.335946 -0.173270 
 -0.048417 0.332166 -0.177906 
 -0.030233 0.329592 -0.171669 
 -0.008641 0.328210 -0.154576 
 0.006256 0.324415 -0.159231 
 0.021153 0.320619 -0.163886 
 -0.303828 0.433684 0.210386 
 -0.291379 0.428476 0.194577 
 -0.276045 0.424569 0.189786 
 -0.260710 0.420663 0.184995 
 -0.251305 0.414193 0.158221 
 -0.244962 0.406466 0.120486 
 -0.235735 0.400042 0.093768 
 -0.220540 0.396171 0.089020 
 -0.205345 0.392300 0.084272 
 -0.196277 0.385916 0.057603 
 -0.181121 0.382055 0.052868 
 -0.175276 0.374455 0.015289 
 -0.160180 0.370609 0.010572 
 -0.151370 0.364291 -0.016016 
 -0.145802 0.356762 -0.053508 
 -0.140354 0.349263 -0.090963 
 -0.131822 0.343016 -0.117464 
 -0.123370 0.336789 -0.143940 
 -0.111755 0.331793 -0.159487 
 -0.093655 0.329219 -0.153225 
 -0.082079 0.324233 -0.168760 
 -0.067242 0.320453 -0.173396 
 -0.052404 0.316673 -0.178032 
 -0.034224 0.314078 -0.171795 
 -0.012644 0.312655 -0.154703 
 0.002254 0.308859 -0.159358 
 0.017151 0.305064 -0.164013 
 0.032048 0.301269 -0.168668 
 -0.303290 0.430568 0.292207 
 -0.302195 0.420215 0.232287 
 -0.286801 0.416293 0.227476 
 -0.277245 0.409829 0.200660 
 -0.264830 0.404651 0.184864 
 -0.261332 0.395701 0.136108 
 -0.249056 0.390559 0.120357 
 -0.239818 0.384176 0.093639 
 -0.224623 0.380305 0.088891 
 -0.215504 0.373952 0.062210 
 -0.200349 0.370091 0.057474 
 -0.185193 0.366230 0.052739 
 -0.179331 0.358692 0.015161 
 -0.176707 0.349964 -0.033322 
 -0.174241 0.341277 -0.081756 
 -0.159304 0.337472 -0.086423 
 -0.150722 0.331256 -0.112936 
 -0.135825 0.327460 -0.117590 
 -0.137013 0.317689 -0.176798 
 -0.122215 0.313919 -0.181421 
 -0.107417 0.310149 -0.186045 
 -0.092619 0.306380 -0.190669 
 -0.071228 0.304960 -0.173522 
 -0.056390 0.301180 -0.178158 
 -0.041552 0.297400 -0.182795 
 -0.026715 0.293620 -0.187431 
 -0.001749 0.293304 -0.159485 
 0.013149 0.289509 -0.164140 
 0.028046 0.285714 -0.168795 
 0.049815 0.284198 -0.151766 
 0.064752 0.280393 -0.156433 
 -0.307453 0.414390 0.292075 
 -0.294834 0.409183 0.276219 
 -0.290936 0.400219 0.227345 
 -0.281370 0.393797 0.200529 
 -0.268950 0.388640 0.184733 
 -0.265430 0.379772 0.135978 
 -0.253149 0.374651 0.120227 
 -0.243900 0.368309 0.093510 
 -0.234732 0.361988 0.066817 
 -0.219576 0.358127 0.062081 
 -0.210526 0.351836 0.035426 
 -0.198483 0.346775 0.019749 
 -0.189573 0.340520 -0.006863 
 -0.190079 0.330685 -0.066274 
 -0.178254 0.325680 -0.081883 
 -0.169622 0.319496 -0.108407 
 -0.161069 0.313331 -0.134908 
 -0.149403 0.308366 -0.150467 
 -0.140989 0.302238 -0.176924 
 -0.126191 0.298468 -0.181547 
 -0.111393 0.294698 -0.186171 
 -0.090052 0.293247 -0.169012 
 -0.075214 0.289467 -0.173648 
 -0.066999 0.283388 -0.200043 
 -0.045539 0.281907 -0.182921 
 -0.027350 0.279266 -0.176691 
 -0.005751 0.277749 -0.159612 
 0.009146 0.273954 -0.164267 
 0.024044 0.270159 -0.168921 
 0.045802 0.268601 -0.151893 
 0.060739 0.264796 -0.156560 
 0.075676 0.260990 -0.161227 
 0.090613 0.257185 -0.165895 
 -0.314464 0.396968 0.280922 
 -0.304729 0.390547 0.254055 
 -0.295072 0.384145 0.227214 
 -0.288404 0.376535 0.189394 
 -0.278926 0.370179 0.162609 
 -0.269529 0.363844 0.135848 
 -0.263178 0.356314 0.098128 
 -0.253959 0.350024 0.071423 
 -0.238803 0.346163 0.066688 
 -0.229703 0.339904 0.040020 
 -0.217635 0.334858 0.024338 
 -0.202539 0.331013 0.019621 
 -0.202880 0.321246 -0.039833 
 -0.194097 0.315068 -0.066401 
 -0.188521 0.307735 -0.103879 
 -0.173624 0.303940 -0.108534 
 -0.165060 0.297817 -0.135035 
 -0.153389 0.292873 -0.150593 
 -0.144965 0.286786 -0.177049 
 -0.130167 0.283016 -0.181673 
 -0.115369 0.279246 -0.186297 
 -0.100571 0.275476 -0.190921 
 -0.085773 0.271706 -0.195545 
 -0.070975 0.267937 -0.200169 
 -0.056176 0.264167 -0.204793 
 -0.031342 0.263752 -0.176817 
 -0.016484 0.259967 -0.181460 
 0.005144 0.258398 -0.164393 
 0.013231 0.252397 -0.190745 
 0.041788 0.253004 -0.152020 
 0.056726 0.249199 -0.156687 
 0.071663 0.245394 -0.161355 
 0.090084 0.242671 -0.155199 
 0.115555 0.242095 -0.127421 
 0.137620 0.240415 -0.110492 
 0.159764 0.238715 -0.093587 
 0.174860 0.234869 -0.098304 
 -0.318621 0.380811 0.280790 
 -0.308875 0.374431 0.253924 
 -0.304975 0.365644 0.205065 
 -0.292524 0.360523 0.189264 
 -0.283036 0.354209 0.162479 
 -0.276570 0.346716 0.124728 
 -0.267260 0.340448 0.097999 
 -0.258031 0.334199 0.071294 
 -0.242875 0.330338 0.066559 
 -0.233764 0.324120 0.039892 
 -0.221691 0.319096 0.024209 
 -0.212719 0.312913 -0.002415 
 -0.206909 0.305587 -0.039961 
 -0.201218 0.298292 -0.077470 
 -0.192524 0.292180 -0.104006 
 -0.183910 0.286088 -0.130518 
 -0.172213 0.281160 -0.146083 
 -0.157376 0.277380 -0.150720 
 -0.148940 0.271334 -0.177175 
 -0.134142 0.267564 -0.181799 
 -0.119344 0.263795 -0.186423 
 -0.104546 0.260025 -0.191047 
 -0.089748 0.256255 -0.195671 
 -0.074950 0.252485 -0.200295 
 -0.060152 0.248715 -0.204919 
 -0.038674 0.247141 -0.187810 
 -0.023836 0.243361 -0.192446 
 -0.005618 0.240668 -0.186229 
 0.009239 0.236883 -0.190871 
 0.037775 0.237407 -0.152147 
 0.052712 0.233602 -0.156814 
 0.071109 0.230864 -0.150653 
 0.093024 0.229178 -0.133680 
 0.111520 0.226415 -0.127549 
 0.133575 0.224694 -0.110620 
 0.148631 0.220858 -0.115325 
 0.163687 0.217022 -0.120029 
 0.185900 0.215260 -0.103150 
 0.204595 0.212446 -0.097081 
 0.219711 0.208596 -0.101804 
 0.234826 0.204745 -0.106527 
 -0.322778 0.364655 0.280658 
 -0.313022 0.358316 0.253793 
 -0.303344 0.351998 0.226952 
 -0.293746 0.345700 0.200137 
 -0.281309 0.340605 0.184342 
 -0.286538 0.328452 0.102618 
 -0.271343 0.324581 0.097870 
 -0.262102 0.318374 0.071165 
 -0.252941 0.312188 0.044486 
 -0.237825 0.308337 0.039763 
 -0.225746 0.303333 0.024081 
 -0.216764 0.297192 -0.002543 
 -0.217091 0.287643 -0.061983 
 -0.205231 0.282695 -0.077597 
 -0.196526 0.276625 -0.104133 
 -0.187901 0.270575 -0.130645 
 -0.176200 0.265667 -0.146210 
 -0.161362 0.261887 -0.150846 
 -0.152916 0.255883 -0.177301 
 -0.138118 0.252113 -0.181925 
 -0.123320 0.248343 -0.186549 
 -0.108522 0.244573 -0.191173 
 -0.093724 0.240803 -0.195797 
 -0.078926 0.237033 -0.200421 
 -0.064128 0.233264 -0.205045 
 -0.042660 0.231647 -0.187936 
 -0.027822 0.227868 -0.192573 
 -0.009610 0.225154 -0.186355 
 0.012036 0.223493 -0.169302 
 0.033762 0.221811 -0.152274 
 0.052134 0.219057 -0.146106 
 0.063636 0.214200 -0.161609 
 0.088995 0.213519 -0.133807 
 0.107486 0.210735 -0.127677 
 0.129529 0.208972 -0.110748 
 0.144586 0.205137 -0.115453 
 0.159642 0.201301 -0.120157 
 0.181845 0.199498 -0.103278 
 0.207720 0.198685 -0.075639 
 0.215650 0.192812 -0.101933 
 0.230765 0.188961 -0.106656 
 -0.317168 0.342201 0.253661 
 -0.313225 0.333579 0.204804 
 -0.300763 0.328500 0.189003 
 -0.291254 0.322269 0.162219 
 -0.290621 0.312586 0.102488 
 -0.281330 0.306410 0.075772 
 -0.266174 0.302549 0.071036 
 -0.251019 0.298688 0.066301 
 -0.250922 0.289142 0.006738 
 -0.235865 0.285306 0.002033 
 -0.226912 0.279217 -0.024577 
 -0.224181 0.270904 -0.073057 
 -0.215426 0.264865 -0.099605 
 -0.200529 0.261070 -0.104260 
 -0.191893 0.255061 -0.130771 
 -0.177036 0.251276 -0.135414 
 -0.165349 0.246394 -0.150972 
 -0.150511 0.242614 -0.155608 
 -0.142094 0.236661 -0.182051 
 -0.127296 0.232891 -0.186675 
 -0.112498 0.229122 -0.191299 
 -0.097700 0.225352 -0.195923 
 -0.082902 0.221582 -0.200547 
 -0.068104 0.217812 -0.205171 
 -0.046647 0.216155 -0.188063 
 -0.031809 0.212375 -0.192699 
 -0.013602 0.209640 -0.186482 
 0.008034 0.207937 -0.169429 
 0.029749 0.206214 -0.152401 
 0.044686 0.202409 -0.157069 
 0.059623 0.198603 -0.161736 
 0.084966 0.197860 -0.133935 
 0.103451 0.195055 -0.127805 
 0.125484 0.193251 -0.110876 
 0.140541 0.189415 -0.115581 
 0.155597 0.185580 -0.120286 
 0.177789 0.183735 -0.103407 
 0.196473 0.180880 -0.097338 
 0.211588 0.177029 -0.102061 
 0.226704 0.173178 -0.106785 
 0.241820 0.169327 -0.111508 
 -0.321315 0.326085 0.253530 
 -0.317350 0.317547 0.204673 
 -0.304883 0.312488 0.188872 
 -0.295363 0.306299 0.162089 
 -0.294703 0.296719 0.102359 
 -0.279508 0.292848 0.097611 
 -0.276179 0.284471 0.048952 
 -0.264050 0.279499 0.033258 
 -0.260979 0.271188 -0.015321 
 -0.245963 0.267363 -0.020013 
 -0.243131 0.259112 -0.068516 
 -0.228194 0.255307 -0.073184 
 -0.219428 0.249309 -0.099732 
 -0.204531 0.245514 -0.104387 
 -0.195885 0.239547 -0.130898 
 -0.181027 0.235762 -0.135540 
 -0.175665 0.228749 -0.172929 
 -0.160867 0.224980 -0.177553 
 -0.146069 0.221210 -0.182177 
 -0.131271 0.217440 -0.186801 
 -0.116473 0.213670 -0.191425 
 -0.101675 0.209900 -0.196049 
 -0.086877 0.206130 -0.200673 
 -0.072079 0.202361 -0.205297 
 -0.050633 0.200662 -0.188189 
 -0.035795 0.196882 -0.192825 
 -0.017594 0.194127 -0.186608 
 0.004032 0.192382 -0.169556 
 0.025736 0.190617 -0.152528 
 0.040673 0.186812 -0.157196 
 0.055610 0.183007 -0.161863 
 0.080937 0.182201 -0.134063 
 0.099417 0.179376 -0.127932 
 0.114433 0.175550 -0.132625 
 0.136495 0.173694 -0.115709 
 0.151552 0.169859 -0.120414 
 0.173733 0.167972 -0.103535 
 0.188829 0.164127 -0.108252 
 0.207527 0.161245 -0.102190 
 0.229887 0.159313 -0.085368 
 0.245043 0.155453 -0.090103 
 0.260198 0.151592 -0.094839 
 -0.331145 0.307698 0.231369 
 -0.321475 0.301514 0.204542 
 -0.323412 0.290847 0.133730 
 -0.308177 0.286966 0.128970 
 -0.304629 0.278621 0.080249 
 -0.289473 0.274760 0.075514 
 -0.280240 0.268688 0.048824 
 -0.274068 0.261535 0.011186 
 -0.265014 0.255508 -0.015448 
 -0.249997 0.251683 -0.020141 
 -0.247144 0.243515 -0.068644 
 -0.238328 0.237549 -0.095204 
 -0.223431 0.233754 -0.099858 
 -0.208533 0.229959 -0.104513 
 -0.199877 0.224033 -0.131024 
 -0.185019 0.220248 -0.135667 
 -0.173321 0.215408 -0.151225 
 -0.164843 0.209528 -0.177679 
 -0.150045 0.205758 -0.182303 
 -0.135247 0.201988 -0.186927 
 -0.120449 0.198218 -0.191551 
 -0.105651 0.194449 -0.196175 
 -0.090853 0.190679 -0.200799 
 -0.069457 0.188948 -0.183679 
 -0.054619 0.185168 -0.188315 
 -0.039782 0.181388 -0.192951 
 -0.021585 0.178613 -0.186734 
 0.000029 0.176827 -0.169682 
 0.021723 0.175020 -0.152656 
 0.036660 0.171215 -0.157323 
 0.051597 0.167410 -0.161990 
 0.069992 0.164584 -0.155835 
 0.091905 0.162722 -0.138876 
 0.110399 0.159871 -0.132752 
 0.125415 0.156045 -0.137445 
 0.147507 0.154137 -0.120542 
 0.169677 0.152209 -0.103664 
 0.184773 0.148364 -0.108381 
 0.203466 0.145462 -0.102319 
 0.218582 0.141611 -0.107042 
 0.240971 0.139628 -0.090232 
 0.263440 0.137624 -0.073447 
 0.278635 0.133753 -0.078195 
 -0.340955 0.289394 0.209209 
 -0.328457 0.284372 0.193403 
 -0.327505 0.274939 0.133600 
 -0.318063 0.268858 0.106848 
 -0.308701 0.262796 0.080120 
 -0.293545 0.258935 0.075385 
 -0.287257 0.251820 0.037718 
 -0.278113 0.245814 0.011058 
 -0.269048 0.239829 -0.015576 
 -0.254032 0.236003 -0.020268 
 -0.251157 0.227919 -0.068771 
 -0.242330 0.221994 -0.095330 
 -0.227433 0.218199 -0.099985 
 -0.212536 0.214404 -0.104640 
 -0.203868 0.208520 -0.131151 
 -0.189011 0.204734 -0.135793 
 -0.177308 0.199915 -0.151351 
 -0.162470 0.196135 -0.155987 
 -0.154021 0.190307 -0.182429 
 -0.139223 0.186537 -0.187053 
 -0.124425 0.182767 -0.191677 
 -0.109627 0.178997 -0.196301 
 -0.094829 0.175227 -0.200925 
 -0.073443 0.173455 -0.183805 
 -0.058606 0.169675 -0.188441 
 -0.040435 0.166884 -0.182218 
 -0.025577 0.163099 -0.186861 
 -0.003973 0.161271 -0.169809 
 0.017710 0.159424 -0.152783 
 0.032647 0.155618 -0.157450 
 0.047584 0.151813 -0.162117 
 0.065974 0.148966 -0.155963 
 0.080931 0.145156 -0.160636 
 0.106365 0.144191 -0.132880 
 0.121381 0.140365 -0.137572 
 0.143462 0.138416 -0.120670 
 0.158518 0.134581 -0.125375 
 0.180718 0.132601 -0.108509 
 0.199405 0.129678 -0.102447 
 0.221744 0.127664 -0.085626 
 0.236899 0.123803 -0.090362 
 0.259357 0.121757 -0.073576 
 0.274553 0.117886 -0.078324 
 -0.347911 0.272267 0.198064 
 -0.338280 0.266181 0.171256 
 -0.337341 0.256862 0.111467 
 -0.322146 0.252991 0.106719 
 -0.318594 0.244823 0.058013 
 -0.303478 0.240972 0.053289 
 -0.291313 0.236057 0.037589 
 -0.282158 0.230093 0.010930 
 -0.267102 0.226257 0.006225 
 -0.261076 0.219274 -0.031355 
 -0.255170 0.212322 -0.068898 
 -0.240233 0.208517 -0.073565 
 -0.231436 0.202643 -0.100112 
 -0.216538 0.198848 -0.104767 
 -0.207860 0.193006 -0.131277 
 -0.193002 0.189221 -0.135920 
 -0.178145 0.185436 -0.140562 
 -0.166456 0.180642 -0.156114 
 -0.151619 0.176862 -0.160750 
 -0.136781 0.173082 -0.165386 
 -0.121943 0.169302 -0.170023 
 -0.107105 0.165522 -0.174659 
 -0.092268 0.161742 -0.179295 
 -0.077430 0.157962 -0.183931 
 -0.052668 0.157102 -0.155971 
 -0.037770 0.153306 -0.160626 
 -0.022873 0.149511 -0.165281 
 -0.007976 0.145716 -0.169936 
 0.006922 0.141921 -0.174591 
 0.028634 0.140022 -0.157577 
 0.043571 0.136216 -0.162245 
 0.058508 0.132411 -0.166912 
 0.076912 0.129539 -0.160764 
 0.098843 0.127583 -0.143818 
 0.117347 0.124686 -0.137700 
 0.132363 0.120860 -0.142392 
 0.154473 0.118859 -0.125503 
 0.176662 0.116838 -0.108638 
 0.195344 0.113895 -0.102576 
 0.210460 0.110044 -0.107299 
 0.232828 0.107978 -0.090491 
 0.247983 0.104117 -0.095226 
 0.270470 0.102020 -0.078454 
 0.285666 0.098149 -0.083202 
 0.300861 0.094278 -0.087950 
 -0.357683 0.254107 0.175905 
 -0.342389 0.250211 0.171126 
 -0.341423 0.240996 0.111338 
 -0.326228 0.237125 0.106590 
 -0.322655 0.229039 0.057884 
 -0.307539 0.225189 0.053161 
 -0.301259 0.218207 0.015506 
 -0.292134 0.212295 -0.011140 
 -0.277117 0.208469 -0.015832 
 -0.265105 0.203615 -0.031482 
 -0.259183 0.196725 -0.069025 
 -0.244246 0.192920 -0.073692 
 -0.235438 0.187088 -0.100239 
 -0.220541 0.183293 -0.104894 
 -0.211852 0.177492 -0.131404 
 -0.196994 0.173707 -0.136046 
 -0.182137 0.169922 -0.140689 
 -0.170443 0.165149 -0.156240 
 -0.155605 0.161369 -0.160876 
 -0.140767 0.157589 -0.165513 
 -0.125929 0.153809 -0.170149 
 -0.117578 0.148094 -0.196553 
 -0.096254 0.146249 -0.179421 
 -0.081416 0.142469 -0.184058 
 -0.056670 0.141546 -0.156098 
 -0.041773 0.137751 -0.160753 
 -0.020190 0.135841 -0.143702 
 -0.005253 0.132035 -0.148370 
 0.009684 0.128230 -0.153037 
 0.024621 0.124425 -0.157704 
 0.039558 0.120620 -0.162372 
 0.057937 0.117731 -0.156217 
 0.072894 0.113921 -0.160891 
 0.098296 0.112831 -0.133136 
 0.113312 0.109006 -0.137828 
 0.135371 0.106974 -0.120926 
 0.157510 0.104922 -0.104049 
 0.172606 0.101076 -0.108766 
 0.191283 0.098112 -0.102705 
 0.213600 0.096014 -0.085884 
 0.228756 0.092153 -0.090620 
 0.251193 0.090025 -0.073835 
 0.266388 0.086154 -0.078583 
 0.288943 0.083995 -0.061837 
 0.304178 0.080114 -0.066597 
 0.319413 0.076233 -0.071358 
 0.334648 0.072352 -0.076118 
 -0.361792 0.238137 0.175775 
 -0.352179 0.232145 0.148980 
 -0.345506 0.225130 0.111208 
 -0.330310 0.221259 0.106460 
 -0.326716 0.213256 0.057755 
 -0.314521 0.208377 0.042049 
 -0.305305 0.202486 0.015378 
 -0.296168 0.196615 -0.011268 
 -0.281151 0.192790 -0.015960 
 -0.269134 0.187956 -0.031610 
 -0.263196 0.181128 -0.069152 
 -0.254338 0.175328 -0.095711 
 -0.239440 0.171533 -0.100366 
 -0.224543 0.167738 -0.105021 
 -0.215843 0.161978 -0.131530 
 -0.200986 0.158193 -0.136173 
 -0.186128 0.154408 -0.140815 
 -0.171271 0.150623 -0.145458 
 -0.159591 0.145876 -0.161003 
 -0.144754 0.142096 -0.165639 
 -0.129916 0.138316 -0.170275 
 -0.115078 0.134536 -0.174911 
 -0.100240 0.130756 -0.179548 
 -0.082125 0.127913 -0.173313 
 -0.060672 0.125991 -0.156225 
 -0.045775 0.122196 -0.160880 
 -0.030878 0.118401 -0.165535 
 -0.009266 0.116439 -0.148497 
 0.005671 0.112633 -0.153164 
 0.020608 0.108828 -0.157832 
 0.035545 0.105023 -0.162499 
 0.053919 0.102114 -0.156345 
 0.075788 0.100086 -0.139387 
 0.094261 0.097152 -0.133264 
 0.116270 0.095088 -0.116350 
 0.131326 0.091253 -0.121055 
 0.146383 0.087417 -0.125759 
 0.168550 0.085313 -0.108895 
 0.187222 0.082328 -0.102833 
 0.209528 0.080189 -0.086013 
 0.224684 0.076328 -0.090749 
 0.247110 0.074158 -0.073964 
 0.262305 0.070287 -0.078713 
 0.284850 0.068087 -0.061966 
 0.292696 0.062545 -0.088209 
 0.315320 0.060325 -0.071487 
 0.341759 0.058905 -0.044062 
 0.357054 0.055008 -0.048841 
 0.372348 0.051112 -0.053620 
 -0.371533 0.220102 0.153616 
 -0.359113 0.215189 0.137842 
 -0.349588 0.209263 0.111079 
 -0.340143 0.203358 0.084340 
 -0.330777 0.197473 0.057627 
 -0.324406 0.190601 0.019955 
 -0.309350 0.186765 0.015250 
 -0.300202 0.180935 -0.011395 
 -0.285186 0.177110 -0.016087 
 -0.273164 0.172297 -0.031738 
 -0.267209 0.165532 -0.069279 
 -0.252272 0.161726 -0.073947 
 -0.243443 0.155978 -0.100493 
 -0.228545 0.152183 -0.105147 
 -0.219835 0.146464 -0.131657 
 -0.208091 0.141723 -0.147220 
 -0.193253 0.137943 -0.151856 
 -0.184722 0.132270 -0.178309 
 -0.163578 0.130383 -0.161129 
 -0.148740 0.126603 -0.165765 
 -0.133902 0.122823 -0.170401 
 -0.119065 0.119043 -0.175038 
 -0.104227 0.115263 -0.179674 
 -0.086117 0.112399 -0.173439 
 -0.064675 0.110436 -0.156352 
 -0.049777 0.106641 -0.161007 
 -0.034880 0.102846 -0.165661 
 -0.013279 0.100842 -0.148624 
 0.001658 0.097037 -0.153291 
 0.016595 0.093231 -0.157959 
 0.031532 0.089426 -0.162626 
 0.049900 0.086496 -0.156472 
 0.075210 0.085297 -0.128699 
 0.090227 0.081472 -0.133392 
 0.112225 0.079367 -0.116478 
 0.127281 0.075531 -0.121183 
 0.142337 0.071696 -0.125887 
 0.157394 0.067860 -0.130592 
 0.183161 0.066545 -0.102962 
 0.205457 0.064364 -0.086142 
 0.220612 0.060503 -0.090878 
 0.243028 0.058292 -0.074094 
 0.258223 0.054421 -0.078842 
 0.273418 0.050550 -0.083590 
 0.295992 0.048298 -0.066857 
 0.314937 0.045222 -0.060883 
 0.337650 0.042935 -0.044192 
 0.352944 0.039038 -0.048971 
 0.368239 0.035142 -0.053750 
 -0.378441 0.203162 0.142473 
 -0.363206 0.199281 0.137712 
 -0.353671 0.193397 0.110950 
 -0.344215 0.187533 0.084211 
 -0.337728 0.180698 0.046509 
 -0.328451 0.174879 0.019826 
 -0.313395 0.171044 0.015122 
 -0.304237 0.165256 -0.011523 
 -0.289220 0.161430 -0.016215 
 -0.277193 0.156638 -0.031865 
 -0.271222 0.149935 -0.069406 
 -0.256285 0.146130 -0.074074 
 -0.247445 0.140422 -0.100619 
 -0.232548 0.136627 -0.105274 
 -0.217650 0.132832 -0.109929 
 -0.212077 0.126230 -0.147346 
 -0.197240 0.122450 -0.151983 
 -0.188697 0.116819 -0.178435 
 -0.173899 0.113049 -0.183059 
 -0.159101 0.109279 -0.187683 
 -0.137889 0.107330 -0.170528 
 -0.123051 0.103550 -0.175164 
 -0.108213 0.099770 -0.179800 
 -0.093375 0.095990 -0.184437 
 -0.075251 0.093100 -0.178208 
 -0.060393 0.089315 -0.182851 
 -0.038882 0.087290 -0.165788 
 -0.023985 0.083495 -0.170443 
 -0.002355 0.081440 -0.153419 
 0.015968 0.078500 -0.147252 
 0.030925 0.074689 -0.151926 
 0.052734 0.072588 -0.134956 
 0.071176 0.069618 -0.128827 
 0.086192 0.065792 -0.133519 
 0.108180 0.063646 -0.116606 
 0.123236 0.059810 -0.121311 
 0.138292 0.055975 -0.126016 
 0.153349 0.052139 -0.130720 
 0.179100 0.050761 -0.103091 
 0.194215 0.046910 -0.107814 
 0.216540 0.044678 -0.091007 
 0.238945 0.042426 -0.074223 
 0.254140 0.038554 -0.078971 
 0.269336 0.034683 -0.083719 
 0.291899 0.032390 -0.066986 
 0.310838 0.029293 -0.061012 
 0.326093 0.025407 -0.065779 
 0.348835 0.023068 -0.049101 
 0.364130 0.019172 -0.053880 
 0.379425 0.015276 -0.058659 
 -0.379729 0.188245 0.153357 
 -0.367299 0.183373 0.137583 
 -0.357753 0.177530 0.110820 
 -0.348287 0.171708 0.084082 
 -0.341784 0.164935 0.046381 
 -0.332496 0.159158 0.019698 
 -0.317440 0.155323 0.014994 
 -0.308271 0.149576 -0.011651 
 -0.296218 0.144800 -0.027307 
 -0.287189 0.139089 -0.053909 
 -0.275235 0.134338 -0.069534 
 -0.266345 0.128662 -0.096091 
 -0.251447 0.124867 -0.100746 
 -0.236550 0.121072 -0.105401 
 -0.227819 0.115437 -0.131910 
 -0.216064 0.110737 -0.147473 
 -0.201226 0.106957 -0.152109 
 -0.192673 0.101367 -0.178561 
 -0.177875 0.097597 -0.183185 
 -0.163077 0.093827 -0.187809 
 -0.148279 0.090057 -0.192433 
 -0.133481 0.086287 -0.197057 
 -0.118683 0.082518 -0.201680 
 -0.103885 0.078748 -0.206304 
 -0.082524 0.076717 -0.189199 
 -0.067686 0.072937 -0.193836 
 -0.049527 0.070016 -0.187620 
 -0.027987 0.067940 -0.170570 
 -0.003007 0.066692 -0.142706 
 0.018711 0.064570 -0.125712 
 0.033708 0.060750 -0.130398 
 0.052125 0.057763 -0.124263 
 0.074022 0.055596 -0.107325 
 0.089079 0.051760 -0.112030 
 0.111095 0.049562 -0.095129 
 0.119191 0.044089 -0.121439 
 0.141287 0.041871 -0.104563 
 0.156383 0.038025 -0.109280 
 0.182158 0.036575 -0.081664 
 0.190154 0.031127 -0.107943 
 0.219667 0.030430 -0.069604 
 0.234863 0.026559 -0.074353 
 0.257336 0.024245 -0.057595 
 0.272571 0.020364 -0.062356 
 0.291485 0.017251 -0.056376 
 0.306740 0.013364 -0.061142 
 0.329432 0.010995 -0.044452 
 0.344726 0.007098 -0.049231 
 0.367537 0.004698 -0.032580 
 0.394206 0.003020 -0.005242 
 0.409600 -0.000901 -0.010052 
 -0.386627 0.171347 0.142214 
 -0.377031 0.165535 0.115439 
 -0.367514 0.159744 0.088689 
 -0.360935 0.153018 0.050969 
 -0.345839 0.149172 0.046252 
 -0.336541 0.143437 0.019570 
 -0.327322 0.137722 -0.007087 
 -0.312306 0.133896 -0.011779 
 -0.300247 0.129141 -0.027435 
 -0.291207 0.123471 -0.054036 
 -0.285245 0.116902 -0.091563 
 -0.270347 0.113107 -0.096218 
 -0.255450 0.109312 -0.100873 
 -0.240553 0.105517 -0.105528 
 -0.231810 0.099923 -0.132036 
 -0.226245 0.093455 -0.169439 
 -0.211447 0.089685 -0.174063 
 -0.196649 0.085915 -0.178687 
 -0.181851 0.082146 -0.183311 
 -0.167053 0.078376 -0.187935 
 -0.152255 0.074606 -0.192559 
 -0.137457 0.070836 -0.197183 
 -0.122659 0.067066 -0.201806 
 -0.107861 0.063296 -0.206430 
 -0.086510 0.061224 -0.189326 
 -0.068377 0.058288 -0.183104 
 -0.046887 0.056180 -0.166042 
 -0.031990 0.052384 -0.170697 
 -0.007026 0.051075 -0.142833 
 0.007931 0.047264 -0.147507 
 0.033074 0.045909 -0.119699 
 0.054921 0.043710 -0.102749 
 0.069977 0.039875 -0.107454 
 0.085033 0.036039 -0.112158 
 0.107039 0.033800 -0.095258 
 0.122135 0.029954 -0.099975 
 0.137231 0.026108 -0.104692 
 0.152327 0.022262 -0.109409 
 0.178086 0.020750 -0.081793 
 0.186093 0.015344 -0.108071 
 0.215585 0.014564 -0.069734 
 0.230780 0.010693 -0.074482 
 0.253243 0.008337 -0.057725 
 0.268478 0.004456 -0.062485 
 0.287386 0.001322 -0.056505 
 0.302641 -0.002564 -0.061272 
 0.317896 -0.006450 -0.066039 
 0.340617 -0.008872 -0.049362 
 0.363417 -0.011314 -0.032710 
 0.378752 -0.015220 -0.037502 
 0.405464 -0.016975 -0.010183 
 -0.390720 0.155439 0.142084 
 -0.375485 0.151557 0.137323 
 -0.377253 0.142040 0.066558 
 -0.364991 0.137255 0.050841 
 -0.355642 0.131551 0.024146 
 -0.340586 0.127716 0.019442 
 -0.331357 0.122042 -0.007214 
 -0.316340 0.118216 -0.011907 
 -0.304276 0.113482 -0.027562 
 -0.295226 0.107854 -0.054163 
 -0.289247 0.101347 -0.091690 
 -0.274350 0.097552 -0.096345 
 -0.259452 0.093757 -0.101000 
 -0.250660 0.088194 -0.127520 
 -0.235802 0.084409 -0.132163 
 -0.230221 0.078004 -0.169565 
 -0.215423 0.074234 -0.174189 
 -0.200625 0.070464 -0.178813 
 -0.192130 0.064977 -0.205240 
 -0.177372 0.061218 -0.209852 
 -0.162613 0.057458 -0.214463 
 -0.141432 0.055384 -0.197309 
 -0.126634 0.051615 -0.201932 
 -0.111836 0.047845 -0.206556 
 -0.097038 0.044075 -0.211180 
 -0.082240 0.040305 -0.215804 
 -0.050890 0.040624 -0.166169 
 -0.029332 0.038455 -0.149133 
 -0.014394 0.034650 -0.153800 
 0.003913 0.031647 -0.147634 
 0.029040 0.030229 -0.119826 
 0.050876 0.027989 -0.102877 
 0.065932 0.024153 -0.107582 
 0.080988 0.020318 -0.112286 
 0.102984 0.018037 -0.095386 
 0.118080 0.014191 -0.100103 
 0.133176 0.010345 -0.104820 
 0.148272 0.006500 -0.109537 
 0.174014 0.004925 -0.081922 
 0.189170 0.001064 -0.086658 
 0.211503 -0.001303 -0.069863 
 0.226698 -0.005174 -0.074611 
 0.249150 -0.007571 -0.057854 
 0.264385 -0.011452 -0.062615 
 0.283288 -0.014606 -0.056635 
 0.298543 -0.018493 -0.061402 
 0.313798 -0.022379 -0.066169 
 0.336508 -0.024842 -0.049492 
 0.359298 -0.027325 -0.032841 
 0.378399 -0.030530 -0.026922 
 0.393754 -0.034442 -0.031720 
 -0.385196 0.133802 0.115180 
 -0.381314 0.126257 0.066430 
 -0.369047 0.121493 0.050712 
 -0.353951 0.117647 0.045995 
 -0.344631 0.111995 0.019314 
 -0.329575 0.108159 0.014609 
 -0.320374 0.102537 -0.012034 
 -0.308306 0.097823 -0.027690 
 -0.299244 0.092236 -0.054291 
 -0.293249 0.085792 -0.091817 
 -0.278352 0.081996 -0.096472 
 -0.269509 0.076465 -0.123004 
 -0.254651 0.072680 -0.127647 
 -0.242861 0.068037 -0.143215 
 -0.234196 0.062552 -0.169691 
 -0.219398 0.058782 -0.174315 
 -0.204600 0.055012 -0.178939 
 -0.196095 0.049567 -0.205366 
 -0.181337 0.045808 -0.209977 
 -0.166578 0.042048 -0.214589 
 -0.151820 0.038288 -0.219200 
 -0.137062 0.034528 -0.223812 
 -0.122303 0.030769 -0.228423 
 -0.107545 0.027009 -0.233035 
 -0.086216 0.024853 -0.215930 
 -0.061503 0.023475 -0.187999 
 -0.039995 0.021274 -0.170950 
 -0.018408 0.019053 -0.153927 
 -0.003470 0.015248 -0.158594 
 0.014851 0.012219 -0.152435 
 0.036617 0.009952 -0.135467 
 0.055038 0.006899 -0.129339 
 0.076943 0.004597 -0.112414 
 0.092000 0.000761 -0.117119 
 0.114024 -0.001572 -0.100232 
 0.129120 -0.005417 -0.104949 
 0.144216 -0.009263 -0.109666 
 0.159312 -0.013109 -0.114383 
 0.185098 -0.014761 -0.086787 
 0.207420 -0.017169 -0.069993 
 0.222615 -0.021040 -0.074741 
 0.245057 -0.023479 -0.057984 
 0.253006 -0.028782 -0.084237 
 0.275527 -0.031241 -0.067505 
 0.290762 -0.035122 -0.072265 
 0.309699 -0.038308 -0.066298 
 0.332399 -0.040812 -0.049622 
 0.355178 -0.043337 -0.032971 
 0.370512 -0.047243 -0.037763 
 0.389628 -0.050474 -0.031851 
 -0.389278 0.117936 0.115051 
 -0.385376 0.110474 0.066301 
 -0.373103 0.105730 0.050584 
 -0.358007 0.101884 0.045867 
 -0.348676 0.096273 0.019186 
 -0.333620 0.092438 0.014481 
 -0.324409 0.086857 -0.012162 
 -0.312335 0.082164 -0.027818 
 -0.306225 0.075756 -0.065375 
 -0.297252 0.070236 -0.091944 
 -0.282354 0.066441 -0.096598 
 -0.273501 0.060952 -0.123131 
 -0.258643 0.057167 -0.127773 
 -0.246847 0.052544 -0.143341 
 -0.238172 0.047100 -0.169817 
 -0.229577 0.041677 -0.196269 
 -0.214818 0.037917 -0.200880 
 -0.200060 0.034157 -0.205491 
 -0.185302 0.030397 -0.210103 
 -0.170543 0.026638 -0.214714 
 -0.155785 0.022878 -0.219326 
 -0.141027 0.019118 -0.223937 
 -0.119788 0.016941 -0.206808 
 -0.104990 0.013172 -0.211432 
 -0.090192 0.009402 -0.216056 
 -0.065494 0.007961 -0.188126 
 -0.043997 0.005719 -0.171077 
 -0.022421 0.003456 -0.154054 
 -0.007484 -0.000349 -0.158722 
 0.010833 -0.003398 -0.152562 
 0.032588 -0.005707 -0.135595 
 0.051004 -0.008781 -0.129466 
 0.072898 -0.011125 -0.112543 
 0.094872 -0.013488 -0.095643 
 0.113447 -0.016603 -0.089565 
 0.125064 -0.021180 -0.105077 
 0.143678 -0.024305 -0.099011 
 0.158794 -0.028156 -0.103734 
 0.188142 -0.029164 -0.065374 
 0.203338 -0.033035 -0.070122 
 0.225729 -0.035505 -0.053353 
 0.240964 -0.039387 -0.058114 
 0.256199 -0.043268 -0.062874 
 0.275091 -0.046464 -0.056895 
 0.286669 -0.051030 -0.072395 
 0.305601 -0.054236 -0.066428 
 0.328290 -0.056782 -0.049752 
 0.343584 -0.060679 -0.054531 
 0.366392 -0.063255 -0.037893 
 -0.393361 0.102070 0.114922 
 -0.389437 0.094690 0.066172 
 -0.377158 0.089967 0.050455 
 -0.367778 0.084388 0.023762 
 -0.352721 0.080552 0.019057 
 -0.343460 0.075003 -0.007598 
 -0.328443 0.071177 -0.012290 
 -0.316364 0.066505 -0.027945 
 -0.310238 0.060160 -0.065502 
 -0.301254 0.054681 -0.092070 
 -0.286357 0.050886 -0.096725 
 -0.277492 0.045438 -0.123257 
 -0.262635 0.041653 -0.127899 
 -0.250833 0.037051 -0.143468 
 -0.242148 0.031649 -0.169943 
 -0.233542 0.026266 -0.196394 
 -0.218783 0.022507 -0.201006 
 -0.204025 0.018747 -0.205617 
 -0.189267 0.014987 -0.210229 
 -0.174508 0.011228 -0.214840 
 -0.159750 0.007468 -0.219452 
 -0.144992 0.003708 -0.224063 
 -0.130234 -0.000052 -0.228674 
 -0.115475 -0.003811 -0.233286 
 -0.094168 -0.006050 -0.216182 
 -0.062897 -0.006041 -0.166549 
 -0.041371 -0.008335 -0.149514 
 -0.026434 -0.012141 -0.154181 
 -0.011497 -0.015946 -0.158849 
 0.006814 -0.019016 -0.152690 
 0.028559 -0.021366 -0.135722 
 0.046969 -0.024461 -0.129594 
 0.068853 -0.026846 -0.112671 
 0.090816 -0.029251 -0.095772 
 0.109386 -0.032387 -0.089693 
 0.124501 -0.036238 -0.094416 
 0.139617 -0.040088 -0.099140 
 0.168865 -0.041160 -0.060755 
 0.191165 -0.043651 -0.043962 
 0.206400 -0.047532 -0.048723 
 0.221635 -0.051413 -0.053483 
 0.240483 -0.054620 -0.047492 
 0.255738 -0.058506 -0.052258 
 0.270993 -0.062392 -0.057025 
 0.286247 -0.066278 -0.061791 
 0.301502 -0.070165 -0.066558 
 0.324181 -0.072752 -0.049882 
 0.339475 -0.076649 -0.054661 
 0.362272 -0.079266 -0.038024 
 -0.397443 0.086203 0.114792 
 -0.387873 0.080619 0.088044 
 -0.381214 0.074205 0.050327 
 -0.371823 0.068667 0.023634 
 -0.356767 0.064831 0.018929 
 -0.347494 0.059323 -0.007726 
 -0.332478 0.055498 -0.012418 
 -0.320393 0.050846 -0.028073 
 -0.314251 0.044563 -0.065629 
 -0.305256 0.039126 -0.092197 
 -0.290359 0.035331 -0.096852 
 -0.281484 0.029924 -0.123383 
 -0.269658 0.025338 -0.138958 
 -0.260921 0.019967 -0.165445 
 -0.246123 0.016197 -0.170069 
 -0.237507 0.010856 -0.196520 
 -0.222748 0.007097 -0.201131 
 -0.207990 0.003337 -0.205743 
 -0.193232 -0.000423 -0.210354 
 -0.178474 -0.004183 -0.214966 
 -0.163715 -0.007942 -0.219577 
 -0.148957 -0.011702 -0.224189 
 -0.134199 -0.015462 -0.228800 
 -0.112941 -0.017731 -0.211684 
 -0.098143 -0.021501 -0.216308 
 -0.066899 -0.021597 -0.166676 
 -0.045384 -0.023932 -0.149641 
 -0.030447 -0.027737 -0.154309 
 -0.015510 -0.031543 -0.158976 
 0.002796 -0.034633 -0.152817 
 0.024530 -0.037025 -0.135850 
 0.042935 -0.040140 -0.129722 
 0.064808 -0.042567 -0.112799 
 0.086761 -0.045014 -0.095900 
 0.105324 -0.048170 -0.089822 
 0.120440 -0.052021 -0.094545 
 0.135556 -0.055872 -0.099268 
 0.171837 -0.055678 -0.039331 
 0.187072 -0.059559 -0.044092 
 0.202307 -0.063440 -0.048852 
 0.221129 -0.066662 -0.042855 
 0.243598 -0.069241 -0.026117 
 0.251639 -0.074435 -0.052388 
 0.266894 -0.078321 -0.057155 
 0.282149 -0.082207 -0.061921 
 0.304777 -0.084826 -0.045234 
 0.320071 -0.088722 -0.050013 
 0.335366 -0.092619 -0.054792 
 -0.401525 0.070337 0.114663 
 -0.391945 0.064795 0.087915 
 -0.385270 0.058442 0.050198 
 -0.370174 0.054596 0.045481 
 -0.360812 0.049110 0.018801 
 -0.345755 0.045274 0.014097 
 -0.330699 0.041438 0.009392 
 -0.321496 0.035992 -0.017238 
 -0.309425 0.031367 -0.032886 
 -0.303327 0.025161 -0.070424 
 -0.294362 0.019775 -0.096979 
 -0.288482 0.013625 -0.134448 
 -0.273644 0.009845 -0.139084 
 -0.264897 0.004515 -0.165571 
 -0.250099 0.000746 -0.170195 
 -0.241472 -0.004554 -0.196645 
 -0.226713 -0.008313 -0.201257 
 -0.211955 -0.012073 -0.205868 
 -0.197197 -0.015833 -0.210480 
 -0.185603 -0.020337 -0.225979 
 -0.167680 -0.023352 -0.219703 
 -0.152922 -0.027112 -0.224314 
 -0.138164 -0.030872 -0.228926 
 -0.116917 -0.033183 -0.211810 
 -0.102119 -0.036953 -0.216434 
 -0.070902 -0.037152 -0.166803 
 -0.056004 -0.040947 -0.171458 
 -0.034460 -0.043334 -0.154436 
 -0.019523 -0.047139 -0.159103 
 -0.001222 -0.050251 -0.152944 
 0.013735 -0.054061 -0.157618 
 0.035498 -0.056504 -0.140663 
 0.053917 -0.059646 -0.134542 
 0.082705 -0.060777 -0.096029 
 0.101263 -0.063954 -0.089951 
 0.116379 -0.067804 -0.094674 
 0.138500 -0.070338 -0.077832 
 0.167744 -0.071585 -0.039461 
 0.182979 -0.075467 -0.044222 
 0.201776 -0.078705 -0.038218 
 0.217031 -0.082591 -0.042985 
 0.239489 -0.085211 -0.026248 
 0.247541 -0.090363 -0.052518 
 0.262796 -0.094250 -0.057285 
 0.278050 -0.098136 -0.062051 
 0.300668 -0.100796 -0.045364 
 0.315962 -0.104692 -0.050143 
 0.331257 -0.108589 -0.054922 
 -0.390413 0.050599 0.109786 
 -0.386504 0.043489 0.061063 
 -0.374230 0.038834 0.045353 
 -0.364857 0.033388 0.018673 
 -0.349801 0.029553 0.013968 
 -0.334744 0.025717 0.009264 
 -0.325530 0.020313 -0.017366 
 -0.310514 0.016487 -0.022058 
 -0.304379 0.010338 -0.059601 
 -0.292403 0.005759 -0.075218 
 -0.289468 -0.001104 -0.123636 
 -0.277630 -0.005648 -0.139210 
 -0.268873 -0.010936 -0.165697 
 -0.254075 -0.014706 -0.170321 
 -0.245437 -0.019964 -0.196771 
 -0.230678 -0.023723 -0.201382 
 -0.215920 -0.027483 -0.205994 
 -0.201162 -0.031243 -0.210605 
 -0.186404 -0.035003 -0.215217 
 -0.171645 -0.038762 -0.219828 
 -0.156887 -0.042522 -0.224440 
 -0.142129 -0.046282 -0.229051 
 -0.120893 -0.048635 -0.211936 
 -0.106095 -0.052404 -0.216560 
 -0.074904 -0.052707 -0.166930 
 -0.060007 -0.056502 -0.171584 
 -0.045109 -0.060298 -0.176239 
 -0.023536 -0.062736 -0.159230 
 -0.008599 -0.066542 -0.163898 
 0.009716 -0.069679 -0.157745 
 0.031469 -0.072163 -0.140791 
 0.056718 -0.074009 -0.113055 
 0.078649 -0.076539 -0.096157 
 0.097202 -0.079737 -0.090079 
 0.119272 -0.082302 -0.073225 
 0.134428 -0.086163 -0.077961 
 0.156617 -0.088759 -0.061143 
 0.178886 -0.091375 -0.044351 
 0.197678 -0.094633 -0.038348 
 0.220086 -0.097284 -0.021599 
 0.235380 -0.101181 -0.026378 
 0.250675 -0.105077 -0.031157 
 0.265969 -0.108973 -0.035936 
 0.281264 -0.112870 -0.040715 
 0.296559 -0.116766 -0.045494 
 0.311853 -0.120663 -0.050273 
 0.327148 -0.124559 -0.055052 
 -0.394495 0.034733 0.109656 
 -0.390565 0.027706 0.060934 
 -0.375449 0.023855 0.056211 
 -0.363190 0.019225 0.040507 
 -0.353846 0.013832 0.013840 
 -0.338789 0.009996 0.009136 
 -0.329564 0.004633 -0.017494 
 -0.314548 0.000807 -0.022186 
 -0.302487 -0.003772 -0.037828 
 -0.296416 -0.009838 -0.075345 
 -0.293459 -0.016617 -0.123763 
 -0.281617 -0.021141 -0.139337 
 -0.272849 -0.026388 -0.165823 
 -0.258051 -0.030158 -0.170447 
 -0.249402 -0.035374 -0.196897 
 -0.234643 -0.039134 -0.201508 
 -0.219885 -0.042893 -0.206120 
 -0.205127 -0.046653 -0.210731 
 -0.190369 -0.050413 -0.215343 
 -0.175610 -0.054173 -0.219954 
 -0.160852 -0.057932 -0.224565 
 -0.139666 -0.060316 -0.207438 
 -0.124868 -0.064086 -0.212062 
 -0.103564 -0.066501 -0.194972 
 -0.078906 -0.068263 -0.167056 
 -0.064009 -0.072058 -0.171711 
 -0.042486 -0.074528 -0.154690 
 -0.027549 -0.078333 -0.159357 
 -0.009259 -0.081486 -0.153199 
 0.012443 -0.084002 -0.136233 
 0.030832 -0.087180 -0.130105 
 0.052673 -0.089731 -0.113183 
 0.074593 -0.092302 -0.096286 
 0.093141 -0.095521 -0.090208 
 0.115201 -0.098127 -0.073354 
 0.130356 -0.101988 -0.078090 
 0.159558 -0.103401 -0.039720 
 0.178324 -0.106676 -0.033711 
 0.200682 -0.109358 -0.016950 
 0.215976 -0.113254 -0.021729 
 0.238453 -0.115967 -0.005005 
 0.246566 -0.121047 -0.031287 
 0.269122 -0.123780 -0.014588 
 0.277155 -0.128840 -0.040845 
 0.292449 -0.132736 -0.045624 
 0.307744 -0.136633 -0.050403 
 -0.398578 0.018867 0.109527 
 -0.389004 0.013459 0.082792 
 -0.382341 0.007308 0.045096 
 -0.367245 0.003462 0.040379 
 -0.357891 -0.001890 0.013712 
 -0.342835 -0.005725 0.009007 
 -0.333599 -0.011047 -0.017621 
 -0.318582 -0.014872 -0.022314 
 -0.306516 -0.019431 -0.037955 
 -0.297459 -0.024707 -0.064529 
 -0.285492 -0.029240 -0.080140 
 -0.282593 -0.035916 -0.128532 
 -0.270765 -0.040414 -0.144099 
 -0.262026 -0.045609 -0.170573 
 -0.247228 -0.049379 -0.175197 
 -0.238609 -0.054544 -0.201634 
 -0.223850 -0.058304 -0.206245 
 -0.209092 -0.062063 -0.210857 
 -0.194334 -0.065823 -0.215468 
 -0.179575 -0.069583 -0.220080 
 -0.164817 -0.073343 -0.224691 
 -0.143642 -0.075768 -0.207564 
 -0.128844 -0.079538 -0.212188 
 -0.107550 -0.081994 -0.195099 
 -0.082909 -0.083818 -0.167183 
 -0.061436 -0.086319 -0.150150 
 -0.046499 -0.090125 -0.154817 
 -0.028235 -0.093293 -0.148653 
 -0.006583 -0.095840 -0.131675 
 0.008414 -0.099660 -0.136360 
 0.026797 -0.102859 -0.130233 
 0.048628 -0.105452 -0.113312 
 0.070538 -0.108065 -0.096414 
 0.089080 -0.111304 -0.090337 
 0.111129 -0.113952 -0.073483 
 0.126284 -0.117813 -0.078219 
 0.148453 -0.120492 -0.061402 
 0.170700 -0.123190 -0.044611 
 0.196573 -0.125328 -0.017080 
 0.211867 -0.129225 -0.021859 
 0.234333 -0.131979 -0.005136 
 0.249668 -0.135885 -0.009927 
 0.265002 -0.139792 -0.014719 
 0.273046 -0.144810 -0.040975 
 0.288340 -0.148706 -0.045754 
 -0.393076 -0.002366 0.082663 
 -0.377921 -0.006227 0.077927 
 -0.368456 -0.011563 0.051231 
 -0.356205 -0.016146 0.035533 
 -0.341109 -0.019992 0.030816 
 -0.331823 -0.025282 0.004175 
 -0.316767 -0.029118 -0.000530 
 -0.307600 -0.034378 -0.027134 
 -0.292584 -0.038203 -0.031826 
 -0.277567 -0.042029 -0.036518 
 -0.274568 -0.048642 -0.084934 
 -0.259631 -0.052447 -0.089602 
 -0.244694 -0.056253 -0.094269 
 -0.251204 -0.064831 -0.175323 
 -0.236406 -0.068600 -0.179947 
 -0.221608 -0.072370 -0.184571 
 -0.206810 -0.076140 -0.189194 
 -0.192012 -0.079910 -0.193818 
 -0.183540 -0.084993 -0.220205 
 -0.162416 -0.087450 -0.203066 
 -0.147618 -0.091220 -0.207690 
 -0.132820 -0.094989 -0.212314 
 -0.118022 -0.098759 -0.216938 
 -0.086911 -0.099373 -0.167310 
 -0.072014 -0.103168 -0.171965 
 -0.050512 -0.105721 -0.154944 
 -0.032253 -0.108911 -0.148780 
 -0.010612 -0.111499 -0.131802 
 0.007746 -0.114714 -0.125669 
 0.022763 -0.118539 -0.130361 
 0.044583 -0.121173 -0.113440 
 0.066482 -0.123827 -0.096543 
 0.085019 -0.127087 -0.090465 
 0.107057 -0.129777 -0.073612 
 0.122213 -0.133638 -0.078348 
 0.144370 -0.136358 -0.061531 
 0.166607 -0.139098 -0.044740 
 0.185382 -0.142419 -0.038737 
 0.207758 -0.145195 -0.021989 
 0.223053 -0.149091 -0.026768 
 0.245548 -0.151897 -0.010058 
 0.260882 -0.155803 -0.014849 
 0.268937 -0.160780 -0.041105 
 0.284231 -0.164676 -0.045884 
 0.299526 -0.168573 -0.050664 
 -0.391547 -0.016737 0.104520 
 -0.381992 -0.022052 0.077798 
 -0.366837 -0.025913 0.073063 
 -0.351681 -0.029774 0.068327 
 -0.342285 -0.035048 0.041656 
 -0.330069 -0.039600 0.025971 
 -0.320812 -0.044839 -0.000658 
 -0.305756 -0.048675 -0.005363 
 -0.290700 -0.052510 -0.010067 
 -0.281602 -0.057708 -0.036646 
 -0.269584 -0.062210 -0.052269 
 -0.254587 -0.066031 -0.056955 
 -0.248707 -0.071849 -0.094396 
 -0.233770 -0.075655 -0.099063 
 -0.224990 -0.080772 -0.125542 
 -0.216289 -0.085869 -0.151997 
 -0.195195 -0.088362 -0.134852 
 -0.186574 -0.093439 -0.161282 
 -0.171716 -0.097224 -0.165925 
 -0.156858 -0.101009 -0.170567 
 -0.142001 -0.104794 -0.175210 
 -0.130361 -0.109200 -0.190715 
 -0.105811 -0.111133 -0.162782 
 -0.084399 -0.113708 -0.145737 
 -0.066185 -0.116907 -0.139560 
 -0.044634 -0.119517 -0.122558 
 -0.029638 -0.123338 -0.127244 
 -0.011304 -0.126568 -0.121105 
 0.010425 -0.129223 -0.104159 
 0.025481 -0.133059 -0.108863 
 0.040537 -0.136894 -0.113568 
 0.062426 -0.139590 -0.096671 
 0.080958 -0.142871 -0.090594 
 0.102985 -0.145602 -0.073741 
 0.118141 -0.149463 -0.078477 
 0.140288 -0.152224 -0.061661 
 0.162514 -0.155006 -0.044870 
 0.181284 -0.158348 -0.038867 
 0.196539 -0.162234 -0.043634 
 0.218944 -0.165061 -0.026898 
 0.234238 -0.168957 -0.031678 
 0.256762 -0.171815 -0.014980 
 0.264827 -0.176750 -0.041236 
 0.280122 -0.180647 -0.046015 
 0.295417 -0.184543 -0.050794 
 -0.395630 -0.032604 0.104391 
 -0.380434 -0.036475 0.099643 
 -0.370909 -0.041738 0.072934 
 -0.355753 -0.045599 0.068198 
 -0.346346 -0.050831 0.041527 
 -0.334125 -0.055363 0.025842 
 -0.319029 -0.059209 0.021125 
 -0.309801 -0.064396 -0.005491 
 -0.294745 -0.068231 -0.010195 
 -0.285636 -0.073388 -0.036773 
 -0.270620 -0.077214 -0.041466 
 -0.258616 -0.081690 -0.057082 
 -0.243620 -0.085510 -0.061768 
 -0.234730 -0.090611 -0.088279 
 -0.222846 -0.095057 -0.103858 
 -0.207909 -0.098862 -0.108525 
 -0.192972 -0.102667 -0.113193 
 -0.178035 -0.106473 -0.117860 
 -0.163098 -0.110278 -0.122527 
 -0.148161 -0.114083 -0.127195 
 -0.133224 -0.117888 -0.131862 
 -0.124711 -0.122893 -0.158254 
 -0.103349 -0.125499 -0.141197 
 -0.085161 -0.128714 -0.135014 
 -0.063660 -0.131356 -0.118000 
 -0.048663 -0.135176 -0.122686 
 -0.030355 -0.138422 -0.116540 
 -0.015339 -0.142248 -0.121232 
 0.006380 -0.144944 -0.104287 
 0.021436 -0.148780 -0.108991 
 0.036492 -0.152615 -0.113696 
 0.058370 -0.155353 -0.096800 
 0.073466 -0.159198 -0.101517 
 0.098914 -0.161427 -0.073870 
 0.121010 -0.164220 -0.057042 
 0.143185 -0.167033 -0.040239 
 0.158420 -0.170914 -0.045000 
 0.177185 -0.174276 -0.038997 
 0.199540 -0.177135 -0.022250 
 0.214835 -0.181031 -0.027029 
 0.237308 -0.183920 -0.010319 
 0.252642 -0.187827 -0.015111 
 0.267977 -0.191733 -0.019902 
 0.283311 -0.195640 -0.024693 
 0.298645 -0.199546 -0.029485 
 0.313980 -0.203453 -0.034276 
 -0.399712 -0.048470 0.104262 
 -0.384517 -0.052341 0.099514 
 -0.374980 -0.057563 0.072805 
 -0.359825 -0.061423 0.068069 
 -0.350407 -0.066615 0.041398 
 -0.335292 -0.070466 0.036675 
 -0.323085 -0.074971 0.020997 
 -0.313846 -0.080117 -0.005619 
 -0.298790 -0.083953 -0.010323 
 -0.289670 -0.089068 -0.036901 
 -0.274654 -0.092893 -0.041593 
 -0.259637 -0.096719 -0.046286 
 -0.247649 -0.101169 -0.061896 
 -0.232652 -0.104990 -0.066582 
 -0.217656 -0.108810 -0.071268 
 -0.208834 -0.113849 -0.097753 
 -0.193877 -0.117660 -0.102427 
 -0.178920 -0.121470 -0.107100 
 -0.163964 -0.125280 -0.111774 
 -0.149007 -0.129091 -0.116447 
 -0.127676 -0.131733 -0.099383 
 -0.112679 -0.135553 -0.104069 
 -0.097682 -0.139374 -0.108755 
 -0.079439 -0.142625 -0.102592 
 -0.064423 -0.146451 -0.107284 
 -0.049406 -0.150276 -0.111976 
 -0.034390 -0.154102 -0.116668 
 -0.012721 -0.156830 -0.099710 
 0.002335 -0.160665 -0.104415 
 0.017391 -0.164501 -0.109120 
 0.039219 -0.167270 -0.092211 
 0.054314 -0.171115 -0.096928 
 0.072836 -0.174438 -0.090851 
 0.094842 -0.177252 -0.073999 
 0.116927 -0.180086 -0.057171 
 0.139092 -0.182941 -0.040369 
 0.157832 -0.186319 -0.034360 
 0.173087 -0.190205 -0.039127 
 0.195431 -0.193105 -0.022380 
 0.217854 -0.196025 -0.005658 
 0.233188 -0.199932 -0.010450 
 0.248523 -0.203838 -0.015241 
 0.263857 -0.207745 -0.020033 
 0.282835 -0.211183 -0.014098 
 0.298189 -0.215095 -0.018895 
 0.313544 -0.219007 -0.023693 
 -0.403794 -0.064336 0.104132 
 -0.388599 -0.068207 0.099384 
 -0.373404 -0.072079 0.094636 
 -0.363897 -0.077248 0.067940 
 -0.348741 -0.081109 0.063204 
 -0.339353 -0.086249 0.036546 
 -0.327140 -0.090734 0.020868 
 -0.317891 -0.095838 -0.005747 
 -0.302835 -0.099674 -0.010452 
 -0.293705 -0.104748 -0.037029 
 -0.278688 -0.108573 -0.041721 
 -0.263672 -0.112399 -0.046413 
 -0.251678 -0.116828 -0.062023 
 -0.236681 -0.120649 -0.066709 
 -0.221685 -0.124469 -0.071395 
 -0.212853 -0.129467 -0.097880 
 -0.197896 -0.133277 -0.102554 
 -0.182939 -0.137088 -0.107227 
 -0.167982 -0.140898 -0.111901 
 -0.146701 -0.143571 -0.094825 
 -0.128523 -0.146828 -0.088643 
 -0.113507 -0.150654 -0.093335 
 -0.098490 -0.154479 -0.098027 
 -0.076991 -0.157208 -0.081020 
 -0.061935 -0.161044 -0.085725 
 -0.046879 -0.164880 -0.090429 
 -0.031823 -0.168715 -0.095134 
 -0.016766 -0.172551 -0.099839 
 -0.001710 -0.176387 -0.104543 
 0.013346 -0.180222 -0.109248 
 0.035163 -0.183032 -0.092340 
 0.053659 -0.186370 -0.086257 
 0.075614 -0.189216 -0.069393 
 0.097650 -0.192081 -0.052553 
 0.112845 -0.195952 -0.057301 
 0.138479 -0.198361 -0.029723 
 0.153734 -0.202247 -0.034490 
 0.176027 -0.205179 -0.017731 
 0.191322 -0.209075 -0.022510 
 0.206616 -0.212971 -0.027289 
 0.229069 -0.215943 -0.010580 
 0.244403 -0.219850 -0.015372 
 0.263356 -0.223304 -0.009431 
 0.278710 -0.227216 -0.014228 
 0.294064 -0.231127 -0.019026 
 0.316775 -0.234165 -0.002398 
 0.332169 -0.238087 -0.007208 
 -0.392682 -0.084074 0.099255 
 -0.383124 -0.089212 0.072547 
 -0.367968 -0.093073 0.067811 
 -0.352813 -0.096934 0.063075 
 -0.343414 -0.102032 0.036418 
 -0.331196 -0.106497 0.020740 
 -0.321936 -0.111559 -0.005875 
 -0.306880 -0.115395 -0.010580 
 -0.291824 -0.119231 -0.015284 
 -0.282723 -0.124253 -0.041849 
 -0.267706 -0.128078 -0.046541 
 -0.255707 -0.132487 -0.062151 
 -0.240710 -0.136308 -0.066837 
 -0.225714 -0.140128 -0.071523 
 -0.216871 -0.145084 -0.098008 
 -0.201914 -0.148895 -0.102681 
 -0.186957 -0.152705 -0.107355 
 -0.172000 -0.156515 -0.112028 
 -0.150731 -0.159230 -0.094953 
 -0.132558 -0.162508 -0.088771 
 -0.117541 -0.166334 -0.093463 
 -0.102525 -0.170159 -0.098155 
 -0.081037 -0.172930 -0.081148 
 -0.065980 -0.176765 -0.085853 
 -0.050924 -0.180601 -0.090558 
 -0.035868 -0.184437 -0.095262 
 -0.014181 -0.187258 -0.078317 
 0.000915 -0.191103 -0.083034 
 0.016011 -0.194949 -0.087751 
 0.031107 -0.198795 -0.092468 
 0.056387 -0.201180 -0.064786 
 0.078372 -0.204077 -0.047934 
 0.093567 -0.207948 -0.052682 
 0.115671 -0.210875 -0.035868 
 0.134380 -0.214290 -0.029853 
 0.149635 -0.218176 -0.034620 
 0.171918 -0.221149 -0.017861 
 0.194280 -0.224142 -0.001128 
 0.209614 -0.228048 -0.005919 
 0.228522 -0.231513 0.000034 
 0.243877 -0.235425 -0.004764 
 0.266457 -0.238474 0.011901 
 0.289117 -0.241543 0.028542 
 0.297245 -0.246317 0.002281 
 0.319984 -0.249406 0.018897 
 0.335418 -0.253338 0.014074 
 -0.396764 -0.099940 0.099125 
 -0.381569 -0.103811 0.094377 
 -0.366374 -0.107682 0.089629 
 -0.356885 -0.112759 0.062946 
 -0.347475 -0.117816 0.036289 
 -0.335252 -0.122259 0.020611 
 -0.325981 -0.127281 -0.006003 
 -0.310925 -0.131116 -0.010708 
 -0.295869 -0.134952 -0.015413 
 -0.286757 -0.139933 -0.041977 
 -0.271741 -0.143758 -0.046669 
 -0.256724 -0.147584 -0.051361 
 -0.244740 -0.151967 -0.066965 
 -0.229743 -0.155787 -0.071651 
 -0.220890 -0.160702 -0.098135 
 -0.205933 -0.164512 -0.102808 
 -0.190976 -0.168323 -0.107482 
 -0.176019 -0.172133 -0.112156 
 -0.154760 -0.174889 -0.095080 
 -0.136592 -0.178188 -0.088899 
 -0.121576 -0.182013 -0.093591 
 -0.106559 -0.185839 -0.098283 
 -0.085082 -0.188651 -0.081277 
 -0.070025 -0.192486 -0.085981 
 -0.054969 -0.196322 -0.090686 
 -0.033333 -0.199175 -0.073729 
 -0.018237 -0.203020 -0.078446 
 -0.003141 -0.206866 -0.083163 
 0.015305 -0.210235 -0.077068 
 0.037160 -0.213144 -0.060179 
 0.052315 -0.217005 -0.064915 
 0.074290 -0.219943 -0.048063 
 0.096343 -0.222902 -0.031237 
 0.115027 -0.226332 -0.025217 
 0.130282 -0.230218 -0.029983 
 0.152514 -0.233222 -0.013212 
 0.174826 -0.236247 0.003533 
 0.190160 -0.240153 -0.001258 
 0.205495 -0.244060 -0.006050 
 0.231534 -0.246704 0.021391 
 0.246927 -0.250626 0.016581 
 0.269537 -0.253726 0.033233 
 0.284971 -0.257658 0.028410 
 0.300404 -0.261590 0.023588 
 0.315838 -0.265522 0.018765 
 0.331272 -0.269454 0.013943 
 -0.400847 -0.115807 0.098996 
 -0.385651 -0.119678 0.094248 
 -0.370456 -0.123549 0.089500 
 -0.360956 -0.128584 0.062817 
 -0.351536 -0.133599 0.036160 
 -0.339308 -0.138022 0.020483 
 -0.330027 -0.143002 -0.006132 
 -0.314970 -0.146838 -0.010836 
 -0.299914 -0.150673 -0.015541 
 -0.290792 -0.155612 -0.042105 
 -0.275775 -0.159438 -0.046797 
 -0.260759 -0.163263 -0.051489 
 -0.248769 -0.167625 -0.067092 
 -0.233772 -0.171446 -0.071778 
 -0.224908 -0.176319 -0.098262 
 -0.209951 -0.180130 -0.102936 
 -0.194994 -0.183940 -0.107609 
 -0.173785 -0.186728 -0.090522 
 -0.158789 -0.190548 -0.095208 
 -0.140627 -0.193868 -0.089026 
 -0.125610 -0.197693 -0.093719 
 -0.104183 -0.200536 -0.076700 
 -0.089127 -0.204372 -0.081405 
 -0.067580 -0.207246 -0.064423 
 -0.052484 -0.211092 -0.069140 
 -0.037388 -0.214937 -0.073857 
 -0.018988 -0.218317 -0.067750 
 -0.003872 -0.222168 -0.072473 
 0.011244 -0.226019 -0.077196 
 0.039817 -0.228067 -0.038697 
 0.065164 -0.230602 -0.011046 
 0.080419 -0.234488 -0.015813 
 0.095674 -0.238374 -0.020580 
 0.117816 -0.241400 -0.003784 
 0.133111 -0.245296 -0.008563 
 0.148405 -0.249193 -0.013342 
 0.170706 -0.252259 0.003403 
 0.186040 -0.256165 -0.001389 
 0.204918 -0.259667 0.004570 
 0.227398 -0.262778 0.021260 
 0.249957 -0.265910 0.037924 
 0.265391 -0.269842 0.033102 
 0.288069 -0.273004 0.049729 
 0.303543 -0.276946 0.044894 
 0.319016 -0.280888 0.040060 
 0.334489 -0.284830 0.035225 
 -0.384128 -0.134401 0.116077 
 -0.368893 -0.138282 0.111317 
 -0.365028 -0.144409 0.062688 
 -0.349873 -0.148270 0.057953 
 -0.340481 -0.153234 0.031309 
 -0.325365 -0.157084 0.026585 
 -0.319015 -0.162559 -0.010964 
 -0.303959 -0.166394 -0.015669 
 -0.288903 -0.170230 -0.020373 
 -0.279810 -0.175118 -0.046925 
 -0.264793 -0.178943 -0.051617 
 -0.249776 -0.182769 -0.056309 
 -0.237801 -0.187105 -0.071906 
 -0.228926 -0.191937 -0.098390 
 -0.213969 -0.195747 -0.103063 
 -0.199012 -0.199558 -0.107737 
 -0.184056 -0.203368 -0.112410 
 -0.162818 -0.206207 -0.095336 
 -0.147821 -0.210028 -0.100022 
 -0.129644 -0.213373 -0.093846 
 -0.108228 -0.216258 -0.076828 
 -0.093172 -0.220093 -0.081533 
 -0.071636 -0.223008 -0.064552 
 -0.056540 -0.226854 -0.069269 
 -0.038165 -0.230250 -0.063155 
 -0.016450 -0.233211 -0.046231 
 -0.001295 -0.237072 -0.050966 
 0.020539 -0.240063 -0.034078 
 0.042452 -0.243074 -0.017215 
 0.061065 -0.246530 -0.011176 
 0.083118 -0.249577 0.005644 
 0.098412 -0.253474 0.000865 
 0.113707 -0.257370 -0.003915 
 0.129001 -0.261266 -0.008694 
 0.151252 -0.264364 0.008064 
 0.170084 -0.267876 0.014035 
 0.185439 -0.271787 0.009237 
 0.200793 -0.275699 0.004439 
 0.230377 -0.278093 0.042615 
 0.245811 -0.282025 0.037793 
 0.268439 -0.285219 0.054433 
 0.287529 -0.288797 0.060322 
 0.303022 -0.292744 0.055481 
 0.318516 -0.296690 0.050640 
 0.334009 -0.300637 0.045799 
 -0.385424 -0.149758 0.126926 
 -0.372986 -0.154190 0.111187 
 -0.363426 -0.159153 0.084493 
 -0.353944 -0.164095 0.057824 
 -0.344542 -0.169017 0.031180 
 -0.332323 -0.173393 0.015509 
 -0.323060 -0.178280 -0.011092 
 -0.308004 -0.182115 -0.015797 
 -0.292948 -0.185951 -0.020502 
 -0.283844 -0.190797 -0.047053 
 -0.268827 -0.194623 -0.051745 
 -0.253811 -0.198448 -0.056437 
 -0.241830 -0.202764 -0.072034 
 -0.232945 -0.207554 -0.098517 
 -0.217988 -0.211365 -0.103190 
 -0.203031 -0.215175 -0.107864 
 -0.188074 -0.218985 -0.112537 
 -0.163712 -0.221401 -0.084590 
 -0.148695 -0.225227 -0.089282 
 -0.127329 -0.228143 -0.072252 
 -0.105884 -0.231080 -0.055246 
 -0.087573 -0.234481 -0.049114 
 -0.072457 -0.238332 -0.053838 
 -0.057342 -0.242182 -0.058561 
 -0.035678 -0.245175 -0.041624 
 -0.020522 -0.249036 -0.046360 
 0.001261 -0.252058 -0.029459 
 0.016456 -0.255929 -0.034207 
 0.041712 -0.258573 -0.006540 
 0.056967 -0.262459 -0.011306 
 0.079009 -0.265547 0.005513 
 0.101129 -0.268656 0.022308 
 0.116464 -0.272562 0.017516 
 0.131798 -0.276469 0.012725 
 0.147132 -0.280375 0.007933 
 0.165959 -0.283908 0.013904 
 0.188338 -0.287082 0.030618 
 0.203732 -0.291004 0.025808 
 0.219126 -0.294926 0.020998 
 0.241664 -0.298140 0.037661 
 0.257098 -0.302072 0.032839 
 0.272531 -0.306004 0.028016 
 0.295228 -0.309259 0.044631 
 0.310702 -0.313201 0.039796 
 0.326175 -0.317143 0.034961 
 -0.389523 -0.165687 0.126797 
 -0.374268 -0.169573 0.122030 
 -0.361845 -0.173979 0.106297 
 -0.352313 -0.178890 0.079616 
 -0.342861 -0.183781 0.052959 
 -0.336379 -0.189156 0.015380 
 -0.321283 -0.193002 0.010663 
 -0.312049 -0.197837 -0.015925 
 -0.296993 -0.201672 -0.020630 
 -0.287878 -0.206477 -0.047180 
 -0.272862 -0.210303 -0.051873 
 -0.257845 -0.214128 -0.056565 
 -0.245859 -0.218423 -0.072161 
 -0.230863 -0.222243 -0.076847 
 -0.215866 -0.226064 -0.081533 
 -0.200869 -0.229884 -0.086219 
 -0.185873 -0.233705 -0.090905 
 -0.167746 -0.237081 -0.084718 
 -0.152730 -0.240907 -0.089410 
 -0.131374 -0.243864 -0.072380 
 -0.109940 -0.246842 -0.055375 
 -0.091634 -0.250264 -0.049243 
 -0.076519 -0.254115 -0.053966 
 -0.054905 -0.257139 -0.037017 
 -0.039750 -0.260999 -0.041753 
 -0.018017 -0.264053 -0.024841 
 0.003796 -0.267127 -0.007954 
 0.029016 -0.269828 0.019720 
 0.044310 -0.273725 0.014941 
 0.066341 -0.276854 0.031760 
 0.085063 -0.280383 0.037762 
 0.100417 -0.284294 0.032964 
 0.115772 -0.288206 0.028166 
 0.131126 -0.292117 0.023369 
 0.153415 -0.295313 0.040107 
 0.175783 -0.298529 0.056820 
 0.191217 -0.302460 0.051997 
 0.206650 -0.306392 0.047175 
 0.222084 -0.310324 0.042352 
 0.244651 -0.313590 0.059004 
 0.260124 -0.317532 0.054169 
 0.275598 -0.321474 0.049334 
 0.283818 -0.326051 0.023062 
 0.299252 -0.329983 0.018240 
 0.322018 -0.333300 0.034830 
 -0.378366 -0.185502 0.121900 
 -0.365938 -0.189887 0.106167 
 -0.356395 -0.194756 0.079487 
 -0.341200 -0.198628 0.074739 
 -0.337549 -0.204435 0.026199 
 -0.325339 -0.208764 0.010535 
 -0.310243 -0.212610 0.005818 
 -0.301038 -0.217394 -0.020758 
 -0.285982 -0.221229 -0.025463 
 -0.270926 -0.225065 -0.030167 
 -0.261880 -0.229808 -0.056693 
 -0.246863 -0.233633 -0.061385 
 -0.234892 -0.237902 -0.076975 
 -0.219895 -0.241723 -0.081661 
 -0.204898 -0.245543 -0.086347 
 -0.189902 -0.249364 -0.091033 
 -0.171781 -0.252761 -0.084846 
 -0.150476 -0.255750 -0.067804 
 -0.135420 -0.259586 -0.072508 
 -0.113995 -0.262605 -0.055503 
 -0.095696 -0.266048 -0.049372 
 -0.074132 -0.269103 -0.032411 
 -0.058977 -0.272963 -0.037146 
 -0.037294 -0.276049 -0.020222 
 -0.015533 -0.279154 -0.003323 
 0.003006 -0.282658 0.002734 
 0.024906 -0.285798 0.019590 
 0.046887 -0.288960 0.036421 
 0.062221 -0.292866 0.031629 
 0.080938 -0.296415 0.037631 
 0.096292 -0.300327 0.032833 
 0.111646 -0.304238 0.028036 
 0.133885 -0.307465 0.044786 
 0.149279 -0.311387 0.039976 
 0.171637 -0.314644 0.056689 
 0.187070 -0.318576 0.051866 
 0.209547 -0.321863 0.068542 
 0.225021 -0.325805 0.063707 
 0.240494 -0.329747 0.058872 
 0.255967 -0.333689 0.054037 
 0.275042 -0.337329 0.059927 
 0.290535 -0.341276 0.055086 
 0.306028 -0.345223 0.050245 
 -0.376862 -0.200463 0.143715 
 -0.367210 -0.205316 0.117004 
 -0.354796 -0.209676 0.101277 
 -0.345282 -0.214494 0.074609 
 -0.335849 -0.219291 0.047966 
 -0.326494 -0.224069 0.021347 
 -0.314299 -0.228373 0.005689 
 -0.299203 -0.232219 0.000972 
 -0.290027 -0.236950 -0.025591 
 -0.274971 -0.240786 -0.030295 
 -0.265914 -0.245488 -0.056820 
 -0.250898 -0.249313 -0.061513 
 -0.235881 -0.253139 -0.066205 
 -0.223924 -0.257382 -0.081789 
 -0.205848 -0.260790 -0.075589 
 -0.190832 -0.264615 -0.080281 
 -0.175815 -0.268441 -0.084973 
 -0.154521 -0.271471 -0.067932 
 -0.139465 -0.275307 -0.072636 
 -0.118051 -0.278368 -0.055632 
 -0.102955 -0.282213 -0.060349 
 -0.078204 -0.284927 -0.032540 
 -0.063049 -0.288788 -0.037275 
 -0.041377 -0.291915 -0.020351 
 -0.019626 -0.295062 -0.003453 
 -0.001093 -0.298586 0.002604 
 0.020797 -0.301769 0.019460 
 0.036092 -0.305665 0.014681 
 0.058101 -0.308878 0.031499 
 0.076813 -0.312447 0.037500 
 0.092167 -0.316359 0.032703 
 0.107521 -0.320270 0.027905 
 0.129749 -0.323539 0.044655 
 0.152056 -0.326827 0.061380 
 0.174443 -0.330136 0.078080 
 0.189917 -0.334078 0.073245 
 0.208906 -0.337719 0.079159 
 0.224399 -0.341666 0.074318 
 0.247005 -0.345030 0.090951 
 0.262538 -0.348987 0.086097 
 0.278071 -0.352944 0.081244 
 0.293604 -0.356901 0.076390 
 0.309137 -0.360858 0.071537 
 -0.380971 -0.216433 0.143585 
 -0.371308 -0.221245 0.116874 
 -0.356053 -0.225131 0.112107 
 -0.343654 -0.229465 0.096387 
 -0.334169 -0.234231 0.069732 
 -0.324765 -0.238977 0.043101 
 -0.315439 -0.243703 0.016496 
 -0.303258 -0.247981 0.000844 
 -0.288162 -0.251827 -0.003873 
 -0.279016 -0.256507 -0.030423 
 -0.263960 -0.260343 -0.035128 
 -0.254932 -0.264993 -0.061640 
 -0.239916 -0.268818 -0.066333 
 -0.224899 -0.272644 -0.071025 
 -0.209883 -0.276469 -0.075717 
 -0.194866 -0.280295 -0.080409 
 -0.173622 -0.283357 -0.063355 
 -0.158566 -0.287192 -0.068060 
 -0.143510 -0.291028 -0.072765 
 -0.122107 -0.294130 -0.055760 
 -0.103818 -0.297615 -0.049629 
 -0.082276 -0.300752 -0.032669 
 -0.067120 -0.304613 -0.037404 
 -0.045459 -0.307781 -0.020481 
 -0.020446 -0.310628 0.007241 
 -0.005191 -0.314515 0.002474 
 0.016688 -0.317739 0.019330 
 0.031983 -0.321635 0.014551 
 0.053981 -0.324889 0.031368 
 0.072688 -0.328480 0.037370 
 0.088042 -0.332391 0.032572 
 0.103396 -0.336303 0.027774 
 0.125613 -0.339613 0.044524 
 0.154813 -0.342351 0.082784 
 0.170286 -0.346293 0.077949 
 0.189251 -0.349949 0.083869 
 0.211766 -0.353335 0.100526 
 0.227299 -0.357292 0.095672 
 0.242832 -0.361249 0.090818 
 0.265506 -0.364675 0.107425 
 0.281078 -0.368643 0.102559 
 0.296651 -0.372610 0.097693 
 0.304964 -0.377078 0.071404 
 -0.369786 -0.236300 0.138676 
 -0.360152 -0.241060 0.111977 
 -0.344897 -0.244946 0.107211 
 -0.332512 -0.249254 0.091497 
 -0.323057 -0.253969 0.064855 
 -0.313681 -0.258663 0.038236 
 -0.304385 -0.263337 0.011644 
 -0.289269 -0.267188 0.006921 
 -0.277122 -0.271436 -0.008719 
 -0.268005 -0.276064 -0.035256 
 -0.252948 -0.279900 -0.039961 
 -0.237892 -0.283735 -0.044665 
 -0.222836 -0.287571 -0.049370 
 -0.207780 -0.291407 -0.054074 
 -0.192723 -0.295242 -0.058779 
 -0.177667 -0.299078 -0.063484 
 -0.156354 -0.302202 -0.046455 
 -0.141259 -0.306047 -0.051172 
 -0.122995 -0.309547 -0.045035 
 -0.101503 -0.312716 -0.028062 
 -0.086348 -0.316577 -0.032798 
 -0.064737 -0.319777 -0.015862 
 -0.049542 -0.323648 -0.020610 
 -0.027812 -0.326878 -0.003712 
 -0.002715 -0.329812 0.023979 
 0.012579 -0.333709 0.019200 
 0.034527 -0.336994 0.036029 
 0.049862 -0.340901 0.031238 
 0.068563 -0.344512 0.037239 
 0.083917 -0.348424 0.032441 
 0.099271 -0.352335 0.027644 
 0.121478 -0.355686 0.044393 
 0.150656 -0.358508 0.082652 
 0.169595 -0.362180 0.088578 
 0.185088 -0.366127 0.083737 
 0.214604 -0.369034 0.121890 
 0.230177 -0.373001 0.117024 
 0.252840 -0.376469 0.133631 
 0.268452 -0.380446 0.128752 
 0.291235 -0.383945 0.145322 
 0.306887 -0.387932 0.140431 
 -0.373895 -0.252270 0.138546 
 -0.358600 -0.256166 0.133767 
 -0.348995 -0.260875 0.107081 
 -0.336605 -0.265162 0.091367 
 -0.327139 -0.269835 0.064725 
 -0.317753 -0.274488 0.038107 
 -0.302597 -0.278349 0.033372 
 -0.287442 -0.282210 0.028636 
 -0.278214 -0.286822 0.002069 
 -0.263098 -0.290673 -0.002654 
 -0.247982 -0.294524 -0.007378 
 -0.235890 -0.298735 -0.022998 
 -0.220794 -0.302581 -0.027715 
 -0.205698 -0.306427 -0.032432 
 -0.190602 -0.310273 -0.037149 
 -0.175506 -0.314118 -0.041866 
 -0.160410 -0.317964 -0.046583 
 -0.142172 -0.321480 -0.040440 
 -0.127056 -0.325331 -0.045163 
 -0.105575 -0.328541 -0.028191 
 -0.084015 -0.331772 -0.011243 
 -0.068819 -0.335643 -0.015991 
 -0.047140 -0.338904 0.000919 
 -0.028643 -0.342486 0.006981 
 -0.006825 -0.345782 0.023848 
 0.008470 -0.349679 0.019069 
 0.030408 -0.353006 0.035899 
 0.045742 -0.356912 0.031107 
 0.064438 -0.360544 0.037108 
 0.086554 -0.363917 0.053882 
 0.095146 -0.368367 0.027513 
 0.124183 -0.371241 0.065808 
 0.149939 -0.374410 0.093287 
 0.165432 -0.378357 0.088446 
 0.194847 -0.381327 0.126624 
 0.217420 -0.384816 0.143255 
 0.233033 -0.388794 0.138376 
 0.248645 -0.392771 0.133498 
 0.271378 -0.396300 0.150080 
 0.290609 -0.400069 0.155912 
 0.306281 -0.404062 0.151015 
 -0.372405 -0.267449 0.160346 
 -0.362709 -0.272136 0.133637 
 -0.347415 -0.276033 0.128858 
 -0.337839 -0.280690 0.102184 
 -0.325463 -0.284951 0.086477 
 -0.316026 -0.289573 0.059848 
 -0.300831 -0.293444 0.055100 
 -0.291513 -0.298035 0.028507 
 -0.276358 -0.301896 0.023772 
 -0.267159 -0.306457 -0.002783 
 -0.252043 -0.310307 -0.007506 
 -0.236928 -0.314158 -0.012230 
 -0.221812 -0.318009 -0.016953 
 -0.206696 -0.321860 -0.021676 
 -0.191580 -0.325711 -0.026399 
 -0.176464 -0.329562 -0.031122 
 -0.161348 -0.333412 -0.035846 
 -0.146233 -0.337263 -0.040569 
 -0.124802 -0.340505 -0.023585 
 -0.109647 -0.344366 -0.028320 
 -0.088097 -0.347639 -0.011373 
 -0.066468 -0.350931 0.005550 
 -0.047996 -0.354528 0.011618 
 -0.032742 -0.358414 0.006851 
 -0.010934 -0.361753 0.023718 
 0.004361 -0.365649 0.018939 
 0.026288 -0.369017 0.035768 
 0.041622 -0.372924 0.030977 
 0.067024 -0.376069 0.058561 
 0.082418 -0.379991 0.053751 
 0.097812 -0.383912 0.048941 
 0.120037 -0.387357 0.065677 
 0.145777 -0.390588 0.093155 
 0.168180 -0.394078 0.109836 
 0.197614 -0.397141 0.148000 
 0.220216 -0.400682 0.164619 
 0.235868 -0.404669 0.159728 
 0.251520 -0.408657 0.154837 
 0.267172 -0.412644 0.149946 
 0.282825 -0.416631 0.145056 
 0.302071 -0.420426 0.150882 
 -0.361190 -0.287367 0.155424 
 -0.351524 -0.292003 0.128727 
 -0.336229 -0.295899 0.123948 
 -0.326683 -0.300504 0.097288 
 -0.314321 -0.304740 0.081587 
 -0.299086 -0.308621 0.076826 
 -0.289718 -0.313181 0.050222 
 -0.274523 -0.317052 0.045474 
 -0.265274 -0.321582 0.018907 
 -0.250119 -0.325443 0.014171 
 -0.234963 -0.329304 0.009436 
 -0.219807 -0.333164 0.004700 
 -0.204652 -0.337025 -0.000036 
 -0.189496 -0.340886 -0.004771 
 -0.174341 -0.344747 -0.009507 
 -0.152961 -0.348021 0.007490 
 -0.137765 -0.351892 0.002742 
 -0.122570 -0.355763 -0.002006 
 -0.107375 -0.359634 -0.006754 
 -0.085796 -0.362958 0.010180 
 -0.067350 -0.366571 0.016255 
 -0.052095 -0.370457 0.011488 
 -0.030337 -0.373826 0.028367 
 -0.015043 -0.377723 0.023588 
 0.006834 -0.381122 0.040429 
 0.022168 -0.385029 0.035638 
 0.040833 -0.388697 0.041645 
 0.056187 -0.392609 0.036847 
 0.085023 -0.395608 0.075190 
 0.100457 -0.399540 0.070368 
 0.115890 -0.403472 0.065545 
 0.141614 -0.406765 0.093023 
 0.170907 -0.409881 0.131225 
 0.186480 -0.413848 0.126359 
 0.219500 -0.416827 0.175233 
 0.235172 -0.420820 0.170336 
 0.247315 -0.425000 0.154704 
 0.266516 -0.428805 0.160543 
 0.282188 -0.432797 0.155646 
 -0.365310 -0.303378 0.155294 
 -0.349976 -0.307285 0.150502 
 -0.340338 -0.311869 0.123818 
 -0.330781 -0.316433 0.097158 
 -0.318414 -0.320648 0.081457 
 -0.303180 -0.324529 0.076697 
 -0.287944 -0.328410 0.071936 
 -0.278605 -0.332919 0.045345 
 -0.263410 -0.336790 0.040597 
 -0.248215 -0.340661 0.035849 
 -0.233019 -0.344532 0.031101 
 -0.217824 -0.348403 0.026353 
 -0.202629 -0.352274 0.021605 
 -0.187434 -0.356145 0.016857 
 -0.172238 -0.360016 0.012109 
 -0.157043 -0.363887 0.007361 
 -0.141848 -0.367758 0.002613 
 -0.120359 -0.371103 0.019572 
 -0.105124 -0.374984 0.014811 
 -0.086703 -0.378613 0.020892 
 -0.071448 -0.382499 0.016125 
 -0.049741 -0.385900 0.033016 
 -0.034447 -0.389796 0.028237 
 -0.019152 -0.393693 0.023458 
 -0.003857 -0.397589 0.018679 
 0.018048 -0.401041 0.035507 
 0.036708 -0.404730 0.041514 
 0.072134 -0.407367 0.101465 
 0.087607 -0.411309 0.096630 
 0.096310 -0.415655 0.070236 
 0.135578 -0.418207 0.140824 
 0.144301 -0.422559 0.114425 
 0.166723 -0.426142 0.131092 
 0.182296 -0.430109 0.126226 
 0.215290 -0.433192 0.175100 
 0.230962 -0.437184 0.170203 
 0.246634 -0.441177 0.165306 
 0.262306 -0.445169 0.160409 
 0.277978 -0.449162 0.155512 
 -0.369430 -0.319390 0.155163 
 -0.354095 -0.323296 0.150372 
 -0.344448 -0.327839 0.123688 
 -0.329153 -0.331736 0.118909 
 -0.322508 -0.336556 0.081328 
 -0.307273 -0.340437 0.076567 
 -0.292038 -0.344318 0.071807 
 -0.282688 -0.348785 0.045216 
 -0.267492 -0.352656 0.040468 
 -0.252297 -0.356527 0.035720 
 -0.237102 -0.360398 0.030972 
 -0.221907 -0.364269 0.026224 
 -0.206711 -0.368140 0.021476 
 -0.191516 -0.372011 0.016728 
 -0.170158 -0.375368 0.033723 
 -0.154923 -0.379249 0.028963 
 -0.139688 -0.383130 0.024202 
 -0.121311 -0.386769 0.030295 
 -0.106056 -0.390655 0.025528 
 -0.090802 -0.394541 0.020762 
 -0.075547 -0.398428 0.015995 
 -0.053850 -0.401870 0.032886 
 -0.038556 -0.405766 0.028107 
 -0.023261 -0.409663 0.023328 
 -0.007967 -0.413559 0.018549 
 0.013928 -0.417052 0.035377 
 0.032583 -0.420762 0.041383 
 0.061296 -0.423907 0.079750 
 0.083450 -0.427466 0.096498 
 0.098923 -0.431408 0.091663 
 0.131394 -0.434468 0.140691 
 0.146967 -0.438435 0.135825 
 0.162539 -0.442402 0.130960 
 0.202325 -0.445241 0.201371 
 0.218037 -0.449243 0.196462 
 0.233749 -0.453246 0.191553 
 0.249461 -0.457249 0.186643 
 0.258095 -0.461533 0.160276 
 0.273767 -0.465526 0.155379 
 -0.370751 -0.335094 0.165992 
 -0.358215 -0.339308 0.150241 
 -0.342881 -0.343215 0.145450 
 -0.333262 -0.347706 0.118779 
 -0.323723 -0.352177 0.092132 
 -0.308468 -0.356063 0.087365 
 -0.293213 -0.359949 0.082598 
 -0.280896 -0.364107 0.066917 
 -0.271575 -0.368522 0.040338 
 -0.256380 -0.372393 0.035590 
 -0.241184 -0.376265 0.030842 
 -0.225989 -0.380136 0.026094 
 -0.204721 -0.383513 0.043114 
 -0.195599 -0.387878 0.016598 
 -0.174251 -0.391275 0.033593 
 -0.155920 -0.394925 0.039699 
 -0.140665 -0.398811 0.034932 
 -0.125410 -0.402698 0.030165 
 -0.110155 -0.406584 0.025399 
 -0.094900 -0.410470 0.020632 
 -0.073254 -0.413944 0.037535 
 -0.057959 -0.417840 0.032756 
 -0.042665 -0.421737 0.027977 
 -0.027370 -0.425633 0.023198 
 -0.005526 -0.429157 0.040038 
 0.009809 -0.433064 0.035246 
 0.028458 -0.436794 0.041253 
 0.057150 -0.440022 0.079619 
 0.079293 -0.443623 0.096366 
 0.094766 -0.447565 0.091531 
 0.127210 -0.450728 0.140559 
 0.135955 -0.454997 0.114161 
 0.158355 -0.458663 0.130827 
 0.187743 -0.462068 0.168977 
 0.213816 -0.465649 0.196328 
 0.229528 -0.469652 0.191419 
 0.245239 -0.473654 0.186510 
 -0.359522 -0.355038 0.161064 
 -0.347001 -0.359226 0.145319 
 -0.337371 -0.363676 0.118648 
 -0.322077 -0.367572 0.113869 
 -0.306782 -0.371469 0.109090 
 -0.297312 -0.375878 0.082468 
 -0.284989 -0.380015 0.066787 
 -0.269754 -0.383896 0.062026 
 -0.260462 -0.388260 0.035461 
 -0.239284 -0.391659 0.052506 
 -0.224049 -0.395540 0.047745 
 -0.208814 -0.399421 0.042985 
 -0.193579 -0.403302 0.038224 
 -0.178344 -0.407183 0.033464 
 -0.160018 -0.410854 0.039569 
 -0.144763 -0.414740 0.034802 
 -0.129508 -0.418626 0.030035 
 -0.107952 -0.422121 0.046963 
 -0.092658 -0.426018 0.042184 
 -0.077363 -0.429914 0.037405 
 -0.062069 -0.433810 0.032625 
 -0.040314 -0.437356 0.049490 
 -0.024980 -0.441262 0.044699 
 -0.009646 -0.445169 0.039907 
 0.005689 -0.449075 0.035116 
 0.024333 -0.452827 0.041122 
 0.053004 -0.456138 0.079487 
 0.075135 -0.459779 0.096235 
 0.083871 -0.464001 0.069842 
 0.116249 -0.467258 0.118882 
 0.131782 -0.471216 0.114028 
 0.154172 -0.474923 0.130694 
 0.176641 -0.478651 0.147336 
 0.192253 -0.482628 0.142457 
 0.207866 -0.486605 0.137579 
 0.241018 -0.490060 0.186376 
 -0.363647 -0.371070 0.160933 
 -0.348293 -0.374982 0.156135 
 -0.335786 -0.379144 0.140397 
 -0.320452 -0.383051 0.135606 
 -0.310891 -0.387439 0.108960 
 -0.295597 -0.391335 0.104181 
 -0.286155 -0.395692 0.077572 
 -0.273847 -0.399804 0.061897 
 -0.258612 -0.403685 0.057136 
 -0.243377 -0.407567 0.052376 
 -0.225136 -0.411237 0.058505 
 -0.209881 -0.415124 0.053739 
 -0.194626 -0.419010 0.048972 
 -0.179371 -0.422896 0.044205 
 -0.164116 -0.426782 0.039439 
 -0.142651 -0.430299 0.056391 
 -0.127356 -0.434195 0.051612 
 -0.112061 -0.438091 0.046832 
 -0.096767 -0.441988 0.042053 
 -0.081472 -0.445884 0.037274 
 -0.059768 -0.449461 0.054151 
 -0.044434 -0.453367 0.049359 
 -0.029100 -0.457274 0.044568 
 -0.013765 -0.461180 0.039777 
 0.001569 -0.465087 0.034985 
 0.026815 -0.468590 0.062585 
 0.055505 -0.471994 0.100938 
 0.064291 -0.476185 0.074533 
 0.079724 -0.480116 0.069711 
 0.112076 -0.483477 0.118750 
 0.127608 -0.487434 0.113896 
 0.149988 -0.491183 0.130562 
 0.172446 -0.494953 0.147203 
 0.188059 -0.498930 0.142324 
 0.203671 -0.502907 0.137446 
 -0.362168 -0.386622 0.182706 
 -0.352418 -0.391014 0.156005 
 -0.337064 -0.394926 0.151207 
 -0.324572 -0.399062 0.135475 
 -0.309237 -0.402969 0.130684 
 -0.293903 -0.406875 0.125892 
 -0.284411 -0.411201 0.099272 
 -0.269116 -0.415098 0.094493 
 -0.259744 -0.419394 0.067909 
 -0.244489 -0.423280 0.063142 
 -0.223233 -0.426787 0.080156 
 -0.207938 -0.430683 0.075377 
 -0.192644 -0.434580 0.070598 
 -0.177349 -0.438476 0.065818 
 -0.162054 -0.442372 0.061039 
 -0.146760 -0.446269 0.056260 
 -0.131465 -0.450165 0.051481 
 -0.116171 -0.454061 0.046702 
 -0.100876 -0.457958 0.041923 
 -0.085581 -0.461854 0.037144 
 -0.063888 -0.465472 0.054020 
 -0.048554 -0.469379 0.049229 
 -0.033219 -0.473285 0.044437 
 -0.014626 -0.477068 0.050456 
 0.000728 -0.480980 0.045658 
 0.022680 -0.484664 0.062454 
 0.044711 -0.488368 0.079225 
 0.060144 -0.492300 0.074402 
 0.075578 -0.496232 0.069580 
 0.097768 -0.499977 0.086301 
 0.116639 -0.503830 0.092232 
 0.138968 -0.507611 0.108910 
 0.147626 -0.511724 0.082550 
 0.163119 -0.515671 0.077709 
 0.178612 -0.519618 0.072868 
 0.194105 -0.523565 0.068026 
 0.206081 -0.527570 0.052457 
 0.221555 -0.531512 0.047622 
 -0.350910 -0.406618 0.177765 
 -0.335516 -0.410539 0.172955 
 -0.325835 -0.414870 0.146279 
 -0.310481 -0.418781 0.141481 
 -0.298023 -0.422887 0.125762 
 -0.282688 -0.426793 0.120970 
 -0.273226 -0.431068 0.094363 
 -0.257931 -0.434964 0.089584 
 -0.242636 -0.438861 0.084805 
 -0.227342 -0.442757 0.080025 
 -0.212047 -0.446653 0.075246 
 -0.196753 -0.450550 0.070467 
 -0.181458 -0.454446 0.065688 
 -0.166164 -0.458342 0.060909 
 -0.150869 -0.462239 0.056130 
 -0.135574 -0.466135 0.051351 
 -0.120280 -0.470031 0.046572 
 -0.104985 -0.473928 0.041793 
 -0.089691 -0.477824 0.037014 
 -0.068008 -0.481484 0.053890 
 -0.052674 -0.485390 0.049098 
 -0.037339 -0.489297 0.044307 
 -0.018751 -0.493100 0.050325 
 -0.003397 -0.497012 0.045527 
 0.011957 -0.500924 0.040730 
 0.033938 -0.504659 0.057513 
 0.049332 -0.508581 0.052703 
 0.064726 -0.512503 0.047893 
 0.086865 -0.516279 0.064626 
 0.109084 -0.520075 0.081335 
 0.124557 -0.524017 0.076500 
 0.140031 -0.527959 0.071665 
 0.155504 -0.531901 0.066830 
 0.170978 -0.535843 0.061995 
 0.186451 -0.539785 0.057160 
 0.201924 -0.543727 0.052325 
 0.210334 -0.547733 0.026046 
 0.225768 -0.551665 0.021223 
 0.241201 -0.555597 0.016401 
 0.256635 -0.559528 0.011578 
 -0.349423 -0.422304 0.199524 
 -0.333990 -0.426236 0.194702 
 -0.318556 -0.430168 0.189879 
 -0.308864 -0.434457 0.163204 
 -0.293470 -0.438378 0.158394 
 -0.278076 -0.442300 0.153583 
 -0.262682 -0.446222 0.148773 
 -0.247288 -0.450143 0.143963 
 -0.237835 -0.454371 0.117362 
 -0.222481 -0.458283 0.112564 
 -0.216156 -0.462623 0.075116 
 -0.200862 -0.466520 0.070337 
 -0.179468 -0.470150 0.087300 
 -0.164134 -0.474057 0.082508 
 -0.154978 -0.478209 0.056000 
 -0.133465 -0.481870 0.072925 
 -0.118131 -0.485776 0.068134 
 -0.109094 -0.489898 0.041663 
 -0.087462 -0.493589 0.058551 
 -0.072128 -0.497496 0.053759 
 -0.056793 -0.501402 0.048968 
 -0.038231 -0.505221 0.054992 
 -0.022876 -0.509133 0.050194 
 -0.007522 -0.513044 0.045397 
 0.007832 -0.516956 0.040599 
 0.029802 -0.520733 0.057382 
 0.045196 -0.524655 0.052572 
 0.060590 -0.528576 0.047761 
 0.082719 -0.532394 0.064494 
 0.098152 -0.536326 0.059672 
 0.120400 -0.540174 0.076368 
 0.135874 -0.544116 0.071533 
 0.151347 -0.548058 0.066698 
 0.166820 -0.552000 0.061863 
 0.182294 -0.555942 0.057028 
 0.197767 -0.559883 0.052194 
 0.213240 -0.563825 0.047359 
 0.228714 -0.567767 0.042524 
 0.244187 -0.571709 0.037689 
 0.259661 -0.575651 0.032854 
 0.275134 -0.579593 0.028019 
 -0.353570 -0.438420 0.199393 
 -0.338136 -0.442351 0.194570 
 -0.322703 -0.446283 0.189748 
 -0.313000 -0.450530 0.163073 
 -0.291835 -0.454147 0.180103 
 -0.276402 -0.458078 0.175280 
 -0.260968 -0.462010 0.170458 
 -0.245534 -0.465942 0.165635 
 -0.236030 -0.470139 0.139022 
 -0.220636 -0.474060 0.134212 
 -0.205243 -0.477982 0.129402 
 -0.195897 -0.482138 0.102838 
 -0.183588 -0.486162 0.087169 
 -0.168253 -0.490068 0.082378 
 -0.152919 -0.493975 0.077586 
 -0.137585 -0.497881 0.072795 
 -0.122250 -0.501788 0.068003 
 -0.106916 -0.505694 0.063212 
 -0.091582 -0.509601 0.058420 
 -0.076248 -0.513507 0.053629 
 -0.057710 -0.517342 0.059659 
 -0.042356 -0.521253 0.054861 
 -0.027001 -0.525165 0.050064 
 -0.011647 -0.529077 0.045266 
 0.010272 -0.532885 0.062061 
 0.025666 -0.536807 0.057251 
 0.041060 -0.540729 0.052441 
 0.056454 -0.544650 0.047630 
 0.071848 -0.548572 0.042820 
 0.087242 -0.552493 0.038010 
 0.109439 -0.556373 0.054718 
 0.124873 -0.560305 0.049895 
 0.140307 -0.564236 0.045073 
 0.155740 -0.568168 0.040250 
 0.171174 -0.572100 0.035428 
 0.186607 -0.576032 0.030605 
 0.209083 -0.579982 0.047227 
 0.224557 -0.583924 0.042392 
 0.240030 -0.587866 0.037557 
 0.255503 -0.591808 0.032722 
 0.270977 -0.595750 0.027887 
 0.286450 -0.599692 0.023052 
 0.301923 -0.603634 0.018217 
 -0.342283 -0.458467 0.194439 
 -0.326849 -0.462398 0.189617 
 -0.311415 -0.466330 0.184794 
 -0.290221 -0.469998 0.201812 
 -0.280548 -0.474194 0.175149 
 -0.265114 -0.478125 0.170327 
 -0.249681 -0.482057 0.165504 
 -0.234247 -0.485989 0.160682 
 -0.224772 -0.490134 0.134081 
 -0.209378 -0.494056 0.129271 
 -0.200023 -0.498170 0.102707 
 -0.184668 -0.502082 0.097910 
 -0.172373 -0.506080 0.082247 
 -0.157039 -0.509986 0.077456 
 -0.141705 -0.513893 0.072664 
 -0.126370 -0.517799 0.067873 
 -0.111036 -0.521706 0.063081 
 -0.102018 -0.525734 0.036623 
 -0.080367 -0.529519 0.053498 
 -0.055439 -0.533272 0.081170 
 -0.040045 -0.537194 0.076360 
 -0.024651 -0.541116 0.071550 
 -0.009257 -0.545037 0.066740 
 0.006136 -0.548959 0.061930 
 0.028125 -0.552829 0.078699 
 0.036924 -0.556802 0.052309 
 0.058992 -0.560693 0.069054 
 0.074426 -0.564625 0.064232 
 0.089859 -0.568556 0.059409 
 0.105293 -0.572488 0.054587 
 0.120726 -0.576420 0.049764 
 0.136160 -0.580352 0.044942 
 0.158506 -0.584313 0.061600 
 0.173979 -0.588255 0.056765 
 0.189453 -0.592197 0.051930 
 0.204926 -0.596139 0.047095 
 0.220399 -0.600081 0.042260 
 0.235873 -0.604023 0.037425 
 0.251346 -0.607965 0.032590 
 0.266820 -0.611907 0.027756 
 0.282293 -0.615848 0.022921 
 0.297766 -0.619790 0.018086 
 0.313240 -0.623732 0.013251 
 -0.352059 -0.474835 0.172431 
 -0.330996 -0.478514 0.189485 
 -0.315562 -0.482445 0.184663 
 -0.294379 -0.486155 0.201681 
 -0.278905 -0.490097 0.196846 
 -0.263432 -0.494039 0.192011 
 -0.253827 -0.498173 0.165373 
 -0.238394 -0.502104 0.160550 
 -0.222960 -0.506036 0.155728 
 -0.207526 -0.509968 0.150905 
 -0.192093 -0.513900 0.146083 
 -0.182726 -0.517973 0.119520 
 -0.176493 -0.522091 0.082117 
 -0.158085 -0.525937 0.088184 
 -0.142731 -0.529849 0.083386 
 -0.127377 -0.533760 0.078588 
 -0.115156 -0.537717 0.062951 
 -0.106127 -0.541705 0.036493 
 -0.090832 -0.545601 0.031714 
 -0.059575 -0.549346 0.081039 
 -0.044181 -0.553268 0.076229 
 -0.028787 -0.557189 0.071419 
 -0.013393 -0.561111 0.066609 
 0.002001 -0.565033 0.061799 
 0.017395 -0.568954 0.056989 
 0.032788 -0.572876 0.052178 
 0.054845 -0.576808 0.068923 
 0.070279 -0.580740 0.064100 
 0.085713 -0.584672 0.059278 
 0.101146 -0.588604 0.054455 
 0.116580 -0.592535 0.049633 
 0.138876 -0.596528 0.066303 
 0.154349 -0.600470 0.061468 
 0.169822 -0.604412 0.056633 
 0.185296 -0.608354 0.051798 
 0.193748 -0.612194 0.025520 
 0.216242 -0.616238 0.042129 
 0.231716 -0.620179 0.037294 
 0.247189 -0.624121 0.032459 
 0.262662 -0.628063 0.027624 
 0.278136 -0.632005 0.022789 
 0.293609 -0.635947 0.017954 
 0.309083 -0.639889 0.013119 
 0.324556 -0.643831 0.008284 
 0.358475 -0.648254 0.056777 
 0.374048 -0.652221 0.051911 
 -0.350576 -0.490697 0.194176 
 -0.335142 -0.494629 0.189354 
 -0.319708 -0.498561 0.184531 
 -0.298536 -0.502312 0.201549 
 -0.283062 -0.506253 0.196714 
 -0.264680 -0.510115 0.202787 
 -0.252116 -0.514137 0.187044 
 -0.236642 -0.518079 0.182209 
 -0.221169 -0.522021 0.177374 
 -0.205696 -0.525963 0.172540 
 -0.190222 -0.529905 0.167705 
 -0.180806 -0.533947 0.141129 
 -0.180613 -0.538103 0.081986 
 -0.162210 -0.541970 0.088053 
 -0.140680 -0.545812 0.104958 
 -0.131502 -0.549793 0.078458 
 -0.119276 -0.553729 0.062820 
 -0.103941 -0.557635 0.058029 
 -0.094942 -0.561571 0.031584 
 0.013259 -0.585028 0.056858 
 0.028653 -0.588950 0.052047 
 0.050699 -0.592923 0.068791 
 0.072825 -0.596917 0.085511 
 0.081566 -0.600787 0.059146 
 0.103772 -0.604801 0.075841 
 0.119245 -0.608743 0.071006 
 0.134718 -0.612685 0.066171 
 0.150192 -0.616627 0.061337 
 0.165665 -0.620569 0.056502 
 0.181138 -0.624511 0.051667 
 0.196612 -0.628452 0.046832 
 0.212085 -0.632394 0.041997 
 0.227559 -0.636336 0.037162 
 0.243032 -0.640278 0.032327 
 0.258505 -0.644220 0.027492 
 0.273979 -0.648162 0.022657 
 0.289452 -0.652104 0.017822 
 0.304925 -0.656046 0.012987 
 0.331391 -0.660324 0.040168 
 0.354291 -0.664515 0.056645 
 0.369864 -0.668482 0.051779 
 0.385436 -0.672449 0.046913 
 0.382292 -0.675755 -0.011187 
 0.416582 -0.680383 0.037181 
 0.432154 -0.684351 0.032315 
 0.024517 -0.605024 0.051916 
 0.046552 -0.609039 0.068660 
 0.068668 -0.613074 0.085379 
 0.084141 -0.617016 0.080544 
 0.099615 -0.620958 0.075710 
 0.115088 -0.624900 0.070875 
 0.130561 -0.628842 0.066040 
 0.146035 -0.632783 0.061205 
 0.161508 -0.636725 0.056370 
 0.176981 -0.640667 0.051535 
 0.192455 -0.644609 0.046700 
 0.207928 -0.648551 0.041865 
 0.226941 -0.652595 0.047739 
 0.242434 -0.656542 0.042898 
 0.257927 -0.660489 0.038057 
 0.273420 -0.664436 0.033215 
 0.288914 -0.668383 0.028374 
 0.300768 -0.672203 0.012856 
 0.316242 -0.676144 0.008021 
 0.342750 -0.680500 0.035182 
 0.347188 -0.684028 -0.001649 
 0.362662 -0.687970 -0.006484 
 0.378135 -0.691912 -0.011319 
 0.412398 -0.696644 0.037048 
 0.427971 -0.700611 0.032182 
 0.443543 -0.704578 0.027317 
 0.459116 -0.708546 0.022451 
 0.042406 -0.625154 0.068529 
 0.067846 -0.629303 0.096018 
 0.079984 -0.633173 0.080413 
 0.095457 -0.637115 0.075578 
 0.110931 -0.641056 0.070743 
 0.129819 -0.645091 0.076654 
 0.145312 -0.649038 0.071813 
 0.157351 -0.652882 0.056238 
 0.176299 -0.656932 0.062130 
 0.191792 -0.660879 0.057289 
 0.207285 -0.664826 0.052448 
 0.222778 -0.668773 0.047607 
 0.238272 -0.672720 0.042766 
 0.253765 -0.676667 0.037925 
 0.269258 -0.680614 0.033084 
 0.284751 -0.684561 0.028242 
 0.300244 -0.688508 0.023401 
 0.323044 -0.692762 0.039903 
 0.338577 -0.696719 0.035050 
 0.346724 -0.700349 0.008878 
 0.362217 -0.704295 0.004037 
 0.385176 -0.708590 0.020489 
 0.408214 -0.712904 0.036916 
 0.416242 -0.716504 0.010782 
 0.424190 -0.720083 -0.015328 
 0.439683 -0.724030 -0.020169 
 0.462841 -0.728375 -0.003779 
 0.478374 -0.732332 -0.008632 
 0.493907 -0.736289 -0.013486 
 0.063684 -0.645481 0.095886 
 0.085877 -0.649624 0.112574 
 0.094670 -0.653375 0.086204 
 0.110163 -0.657322 0.081363 
 0.132476 -0.661496 0.098013 
 0.148009 -0.665453 0.093160 
 0.156643 -0.669162 0.066840 
 0.172136 -0.673109 0.061998 
 0.187629 -0.677056 0.057157 
 0.203123 -0.681003 0.052316 
 0.218616 -0.684950 0.047475 
 0.234109 -0.688897 0.042634 
 0.249602 -0.692844 0.037793 
 0.265095 -0.696791 0.032952 
 0.280589 -0.700738 0.028111 
 0.296082 -0.704685 0.023269 
 0.318871 -0.708981 0.039771 
 0.334404 -0.712938 0.034917 
 0.338874 -0.716342 -0.001913 
 0.354347 -0.720284 -0.006747 
 0.373548 -0.724420 -0.000936 
 0.396536 -0.728766 0.015503 
 0.412069 -0.732723 0.010650 
 0.420028 -0.736261 -0.015460 
 0.435521 -0.740208 -0.020301 
 0.451014 -0.744155 -0.025142 
 0.474201 -0.748551 -0.008764 
 0.489734 -0.752508 -0.013618 
 0.505267 -0.756465 -0.018471 
 0.059521 -0.661658 0.095754 
 0.088393 -0.666081 0.133970 
 0.090508 -0.669552 0.086072 
 0.119538 -0.674016 0.124238 
 0.135111 -0.677983 0.119372 
 0.150684 -0.681950 0.114506 
 0.152480 -0.685340 0.066708 
 0.174901 -0.689586 0.083321 
 0.183467 -0.693234 0.057025 
 0.205967 -0.697500 0.073613 
 0.214453 -0.701128 0.047343 
 0.229947 -0.705075 0.042502 
 0.245440 -0.709022 0.037661 
 0.268099 -0.713328 0.054199 
 0.283632 -0.717285 0.049346 
 0.299165 -0.721242 0.044492 
 0.314698 -0.725199 0.039639 
 0.330231 -0.729157 0.034785 
 0.345764 -0.733114 0.029932 
 0.361297 -0.737071 0.025078 
 0.376830 -0.741028 0.020225 
 0.392363 -0.744985 0.015371 
 0.407896 -0.748942 0.010518 
 0.415865 -0.752438 -0.015591 
 0.438962 -0.756856 0.000810 
 0.454494 -0.760813 -0.004043 
 0.477710 -0.765261 0.012321 
 0.485560 -0.768727 -0.013750 
 0.508855 -0.773196 0.002589 
 0.524428 -0.777163 -0.002277 
 0.540001 -0.781130 -0.007143 
 0.077530 -0.682062 0.112310 
 0.086345 -0.685730 0.085940 
 0.115354 -0.690276 0.124105 
 0.130927 -0.694243 0.119239 
 0.146500 -0.698211 0.114373 
 0.155195 -0.701848 0.088042 
 0.170728 -0.705805 0.083188 
 0.186261 -0.709762 0.078335 
 0.201794 -0.713719 0.073481 
 0.217327 -0.717676 0.068628 
 0.232860 -0.721633 0.063774 
 0.248393 -0.725590 0.058921 
 0.263926 -0.729547 0.054067 
 0.279459 -0.733504 0.049214 
 0.294992 -0.737461 0.044360 
 0.310525 -0.741418 0.039507 
 0.326058 -0.745376 0.034653 
 0.334237 -0.748881 0.008482 
 0.349730 -0.752828 0.003641 
 0.365223 -0.756775 -0.001200 
 0.388190 -0.761204 0.015239 
 0.403722 -0.765161 0.010385 
 0.411703 -0.768616 -0.015723 
 0.434788 -0.773075 0.000678 
 0.450321 -0.777032 -0.004175 
 0.473526 -0.781522 0.012188 
 0.489099 -0.785489 0.007323 
 0.504671 -0.789456 0.002457 
 0.520244 -0.793423 -0.002409 
 0.535817 -0.797391 -0.007275 
 0.095598 -0.702569 0.128839 
 0.111171 -0.706537 0.123973 
 0.126743 -0.710504 0.119107 
 0.142316 -0.714471 0.114241 
 0.157889 -0.718438 0.109375 
 0.166555 -0.722024 0.083056 
 0.189034 -0.726373 0.099643 
 0.204607 -0.730340 0.094777 
 0.213154 -0.733895 0.068496 
 0.228687 -0.737852 0.063642 
 0.244220 -0.741809 0.058788 
 0.259753 -0.745766 0.053935 
 0.275286 -0.749723 0.049081 
 0.290819 -0.753680 0.044228 
 0.306352 -0.757637 0.039374 
 0.321885 -0.761595 0.034521 
 0.330074 -0.765059 0.008350 
 0.345567 -0.769005 0.003509 
 0.368483 -0.773466 0.019960 
 0.384016 -0.777423 0.015107 
 0.399549 -0.781380 0.010253 
 0.407540 -0.784793 -0.015855 
 0.423033 -0.788740 -0.020696 
 0.446148 -0.793251 -0.004308 
 0.461681 -0.797208 -0.009161 
 0.484915 -0.801749 0.007190 
 0.508228 -0.806311 0.023516 
 0.523840 -0.810288 0.018638 
 0.539453 -0.814266 0.013759 
 0.555065 -0.818243 0.008881 
 0.106987 -0.722797 0.123840 
 0.122559 -0.726764 0.118974 
 0.138132 -0.730731 0.114108 
 0.153705 -0.734699 0.109242 
 0.162382 -0.738243 0.082924 
 0.170979 -0.741766 0.056630 
 0.182985 -0.745492 0.041075 
 0.198458 -0.749433 0.036240 
 0.213932 -0.753375 0.031405 
 0.229405 -0.757317 0.026570 
 0.255580 -0.761985 0.053803 
 0.271113 -0.765942 0.048949 
 0.293859 -0.770403 0.065449 
 0.302178 -0.773856 0.039242 
 0.317711 -0.777813 0.034389 
 0.333244 -0.781771 0.029535 
 0.348777 -0.785728 0.024681 
 0.364310 -0.789685 0.019828 
 0.379843 -0.793642 0.014974 
 0.395376 -0.797599 0.010121 
 0.403378 -0.800971 -0.015987 
 0.418871 -0.804918 -0.020828 
 0.434364 -0.808865 -0.025669 
 0.449857 -0.812812 -0.030510 
 0.480731 -0.818010 0.007057 
 0.504033 -0.822613 0.023383 
 0.519646 -0.826590 0.018505 
 0.535258 -0.830567 0.013626 
 0.550871 -0.834545 0.008748 
 0.149521 -0.750959 0.109110 
 0.165094 -0.754926 0.104244 
 0.180666 -0.758893 0.099378 
 0.196239 -0.762861 0.094512 
 0.266939 -0.782161 0.048817 
 0.298005 -0.790075 0.039110 
 0.313538 -0.794032 0.034256 
 0.329071 -0.797990 0.029403 
 0.351966 -0.802533 0.045852 
 0.367538 -0.806500 0.040986 
 0.383111 -0.810467 0.036121 
 0.391203 -0.813818 0.009989 
 0.406736 -0.817775 0.005135 
 0.414709 -0.821095 -0.020960 
 0.430202 -0.825042 -0.025801 
 0.445695 -0.828989 -0.030642 
 0.476547 -0.834270 0.006925 
 0.499839 -0.838915 0.023250 
 0.515451 -0.842892 0.018372 
 0.347782 -0.818793 0.045720 
 0.363355 -0.822760 0.040854 
 0.378927 -0.826728 0.035988 
 