0.344300 -0.924697 -0.162458 
 0.356138 -0.917264 -0.170959 
 0.368166 -0.911537 -0.168311 
 0.326972 -0.921491 -0.144030 
 0.338693 -0.912362 -0.163665 
 0.350540 -0.904948 -0.172165 
 0.362568 -0.899221 -0.169516 
 0.374595 -0.893494 -0.166867 
 0.297182 -0.920625 -0.150562 
 0.309265 -0.914872 -0.147901 
 0.321348 -0.909119 -0.145240 
 0.333086 -0.900028 -0.164872 
 0.345132 -0.894292 -0.162219 
 0.357178 -0.888557 -0.159566 
 0.369225 -0.882821 -0.156913 
 0.279203 -0.908949 -0.187819 
 0.291231 -0.903222 -0.185170 
 0.303641 -0.902499 -0.149112 
 0.315724 -0.896747 -0.146451 
 0.327479 -0.887693 -0.166079 
 0.339525 -0.881957 -0.163426 
 0.351571 -0.876222 -0.160773 
 0.363398 -0.868862 -0.169277 
 0.375426 -0.863135 -0.166628 
 0.285632 -0.890906 -0.186375 
 0.298017 -0.890127 -0.150322 
 0.309825 -0.881093 -0.169939 
 0.321872 -0.875358 -0.167286 
 0.333918 -0.869622 -0.164633 
 0.345964 -0.863887 -0.161980 
 0.357800 -0.856546 -0.170482 
 0.370057 -0.852416 -0.156674 
 0.382103 -0.846681 -0.154021 
 0.394149 -0.840945 -0.151368 
 0.280310 -0.883507 -0.154194 
 0.292393 -0.877755 -0.151533 
 0.304476 -0.872002 -0.148872 
 0.316265 -0.863023 -0.168493 
 0.328642 -0.860496 -0.143550 
 0.340725 -0.854743 -0.140889 
 0.352404 -0.845817 -0.160534 
 0.364891 -0.843238 -0.135567 
 0.376973 -0.837485 -0.132906 
 0.389056 -0.831732 -0.130245 
 0.286769 -0.865382 -0.152744 
 0.298852 -0.859629 -0.150083 
 0.310935 -0.853877 -0.147422 
 0.323018 -0.848124 -0.144761 
 0.335101 -0.842371 -0.142100 
 0.347184 -0.836618 -0.139439 
 0.359478 -0.832425 -0.125623 
 0.371580 -0.826663 -0.122958 
 0.383929 -0.822444 -0.109129 
 0.396049 -0.816674 -0.106460 
 0.293228 -0.847257 -0.151293 
 0.305311 -0.841504 -0.148632 
 0.317542 -0.837318 -0.134830 
 0.329477 -0.829999 -0.143310 
 0.341560 -0.824246 -0.140649 
 0.353846 -0.820034 -0.126835 
 0.365947 -0.814272 -0.124170 
 0.378288 -0.810034 -0.110344 
 0.390666 -0.805778 -0.096509 
 0.402804 -0.799999 -0.093836 
 0.287604 -0.834885 -0.152504 
 0.299809 -0.830689 -0.138708 
 0.311910 -0.824927 -0.136043 
 0.324011 -0.819166 -0.133378 
 0.336112 -0.813404 -0.130713 
 0.348213 -0.807643 -0.128048 
 0.360314 -0.801881 -0.125383 
 0.372647 -0.797624 -0.111558 
 0.385016 -0.793350 -0.097725 
 0.397690 -0.790545 -0.072717 
 0.409864 -0.784749 -0.070036 
 0.294176 -0.818298 -0.139920 
 0.306277 -0.812536 -0.137255 
 0.318378 -0.806775 -0.134590 
 0.330480 -0.801013 -0.131925 
 0.342581 -0.795252 -0.129260 
 0.354682 -0.789490 -0.126595 
 0.367006 -0.785214 -0.112772 
 0.379367 -0.780921 -0.098941 
 0.391504 -0.775142 -0.096268 
 0.404198 -0.772283 -0.071256 
 0.416372 -0.766486 -0.068575 
 0.288648 -0.807426 -0.130001 
 0.300645 -0.800145 -0.138468 
 0.312746 -0.794383 -0.135803 
 0.324847 -0.788622 -0.133138 
 0.336948 -0.782860 -0.130473 
 0.349245 -0.778575 -0.116655 
 0.361365 -0.772804 -0.113986 
 0.374182 -0.771409 -0.077838 
 0.385855 -0.762714 -0.097484 
 0.398800 -0.761257 -0.061308 
 0.410993 -0.755452 -0.058623 
 0.282911 -0.793515 -0.142345 
 0.295012 -0.787754 -0.139680 
 0.307113 -0.781992 -0.137015 
 0.319214 -0.776231 -0.134350 
 0.331316 -0.770469 -0.131685 
 0.343604 -0.766165 -0.117870 
 0.355930 -0.761843 -0.104047 
 0.368067 -0.756064 -0.101374 
 0.380690 -0.753147 -0.076377 
 0.393125 -0.748773 -0.062530 
 0.405318 -0.742967 -0.059844 
 0.265246 -0.788376 -0.135098 
 0.277278 -0.781124 -0.143558 
 0.289379 -0.775363 -0.140893 
 0.301481 -0.769601 -0.138228 
 0.313582 -0.763840 -0.135563 
 0.325844 -0.759525 -0.121753 
 0.337963 -0.753755 -0.119084 
 0.350083 -0.747985 -0.116415 
 0.362418 -0.743635 -0.102590 
 0.375024 -0.740681 -0.077596 
 0.387450 -0.736288 -0.063751 
 0.399643 -0.730483 -0.061066 
 0.259666 -0.777438 -0.125190 
 0.271804 -0.771659 -0.122517 
 0.283844 -0.764426 -0.130974 
 0.295964 -0.758656 -0.128305 
 0.308083 -0.752885 -0.125636 
 0.320203 -0.747115 -0.122967 
 0.332493 -0.742764 -0.109152 
 0.345008 -0.739807 -0.084179 
 0.357182 -0.734011 -0.081497 
 0.369357 -0.728214 -0.078816 
 0.381775 -0.723803 -0.064973 
 0.393968 -0.717998 -0.062288 
 0.254173 -0.769369 -0.093046 
 0.266295 -0.762119 -0.101485 
 0.278292 -0.753452 -0.121060 
 0.290430 -0.747673 -0.118387 
 0.302567 -0.741894 -0.115714 
 0.314705 -0.736115 -0.113041 
 0.326843 -0.730336 -0.110368 
 0.339341 -0.727341 -0.085398 
 0.351516 -0.721545 -0.082717 
 0.363907 -0.717123 -0.068880 
 0.376100 -0.711318 -0.066194 
 0.388293 -0.705513 -0.063509 
 0.400485 -0.699708 -0.060824 
 0.248498 -0.756884 -0.094268 
 0.260628 -0.749653 -0.102705 
 0.272803 -0.743857 -0.100024 
 0.284780 -0.735244 -0.119603 
 0.296918 -0.729465 -0.116930 
 0.309056 -0.723686 -0.114257 
 0.321193 -0.717907 -0.111584 
 0.333675 -0.714875 -0.086618 
 0.346039 -0.710443 -0.072786 
 0.358232 -0.704638 -0.070101 
 0.370651 -0.700180 -0.056257 
 0.382862 -0.694366 -0.053568 
 0.395073 -0.688553 -0.050878 
 0.242822 -0.744399 -0.095489 
 0.254962 -0.737187 -0.103925 
 0.267136 -0.731391 -0.101243 
 0.279130 -0.722816 -0.120820 
 0.291485 -0.719798 -0.095881 
 0.303659 -0.714002 -0.093200 
 0.315834 -0.708205 -0.090519 
 0.328008 -0.702409 -0.087838 
 0.340364 -0.697958 -0.074008 
 0.352557 -0.692153 -0.071323 
 0.364968 -0.687677 -0.057480 
 0.377179 -0.681863 -0.054791 
 0.389390 -0.676049 -0.052102 
 0.237147 -0.731914 -0.096711 
 0.249340 -0.726109 -0.094026 
 0.261533 -0.720304 -0.091340 
 0.273644 -0.713128 -0.099782 
 0.285918 -0.708694 -0.085970 
 0.297993 -0.701536 -0.094420 
 0.310167 -0.695739 -0.091739 
 0.322496 -0.691279 -0.077915 
 0.334862 -0.686801 -0.064082 
 0.347073 -0.680987 -0.061393 
 0.359284 -0.675173 -0.058704 
 0.371495 -0.669359 -0.056014 
 0.383706 -0.663545 -0.053325 
 0.231526 -0.723564 -0.064593 
 0.243665 -0.713624 -0.095247 
 0.255912 -0.709180 -0.081441 
 0.268123 -0.703366 -0.078751 
 0.280334 -0.697552 -0.076062 
 0.292545 -0.691738 -0.073373 
 0.304756 -0.685925 -0.070684 
 0.316967 -0.680111 -0.067995 
 0.329507 -0.676914 -0.043015 
 0.341755 -0.671083 -0.040318 
 0.353600 -0.662669 -0.059927 
 0.365811 -0.656856 -0.057238 
 0.378022 -0.651042 -0.054549 
 0.213560 -0.719590 -0.046304 
 0.225835 -0.712382 -0.054709 
 0.238101 -0.706542 -0.052008 
 0.250321 -0.699360 -0.060426 
 0.262439 -0.690862 -0.079975 
 0.274650 -0.685049 -0.077286 
 0.286861 -0.679235 -0.074596 
 0.299072 -0.673421 -0.071907 
 0.311559 -0.670204 -0.046940 
 0.323962 -0.665662 -0.033099 
 0.336054 -0.658541 -0.041545 
 0.348494 -0.653982 -0.027697 
 0.360760 -0.648142 -0.024995 
 0.373026 -0.642302 -0.022294 
 0.207825 -0.708361 -0.036429 
 0.220127 -0.701163 -0.044829 
 0.232411 -0.695314 -0.042124 
 0.244620 -0.686819 -0.061653 
 0.256756 -0.678359 -0.081198 
 0.268967 -0.672545 -0.078509 
 0.281363 -0.669325 -0.053561 
 0.293610 -0.663494 -0.050864 
 0.305987 -0.658942 -0.037029 
 0.318401 -0.654373 -0.023187 
 0.330519 -0.647263 -0.031627 
 0.342969 -0.642676 -0.017776 
 0.355253 -0.636827 -0.015071 
 0.367538 -0.630979 -0.012365 
 0.189796 -0.701621 -0.040371 
 0.202099 -0.695763 -0.037661 
 0.214401 -0.689906 -0.034952 
 0.226693 -0.682736 -0.043355 
 0.238919 -0.674278 -0.062880 
 0.251167 -0.668447 -0.060183 
 0.263414 -0.662615 -0.057486 
 0.275662 -0.656784 -0.054788 
 0.287910 -0.650953 -0.052091 
 0.300278 -0.646383 -0.038258 
 0.312544 -0.640543 -0.035557 
 0.324810 -0.634703 -0.032856 
 0.337251 -0.630097 -0.019007 
 0.349536 -0.624249 -0.016302 
 0.361820 -0.618400 -0.013596 
 0.158929 -0.708766 0.019515 
 0.171270 -0.704186 0.033342 
 0.183754 -0.696947 0.024982 
 0.196372 -0.683166 -0.038894 
 0.208675 -0.677309 -0.036185 
 0.220975 -0.670157 -0.044585 
 0.233239 -0.663023 -0.052994 
 0.245466 -0.655906 -0.061410 
 0.257714 -0.650074 -0.058713 
 0.270037 -0.645503 -0.044890 
 0.282303 -0.639663 -0.042189 
 0.294681 -0.635065 -0.028354 
 0.306965 -0.629216 -0.025648 
 0.319249 -0.623368 -0.022943 
 0.331534 -0.617519 -0.020238 
 0.343818 -0.611670 -0.017532 
 0.356102 -0.605821 -0.014827 
 0.153152 -0.696056 0.018271 
 0.165485 -0.691457 0.032096 
 0.177976 -0.684237 0.023738 
 0.190474 -0.675741 0.004273 
 0.202900 -0.667280 -0.015210 
 0.215251 -0.658854 -0.034708 
 0.227530 -0.650463 -0.054223 
 0.239796 -0.644623 -0.051521 
 0.252062 -0.638783 -0.048820 
 0.264328 -0.632943 -0.046119 
 0.276679 -0.628335 -0.032290 
 0.288963 -0.622486 -0.029584 
 0.301247 -0.616638 -0.026879 
 0.313532 -0.610789 -0.024174 
 0.325816 -0.604940 -0.021468 
 0.338100 -0.599092 -0.018763 
 0.350385 -0.593243 -0.016058 
 0.121978 -0.700438 0.055872 
 0.134463 -0.694493 0.058621 
 0.147162 -0.685948 0.039199 
 0.159611 -0.680021 0.041941 
 0.172129 -0.672810 0.033589 
 0.184611 -0.665618 0.025228 
 0.197123 -0.655911 -0.005344 
 0.209495 -0.648771 -0.013729 
 0.221824 -0.639151 -0.044342 
 0.234108 -0.633302 -0.041636 
 0.246352 -0.626223 -0.050049 
 0.258677 -0.621605 -0.036226 
 0.270961 -0.615756 -0.033521 
 0.283245 -0.609908 -0.030815 
 0.295530 -0.604059 -0.028110 
 0.307814 -0.598210 -0.025405 
 0.320098 -0.592362 -0.022699 
 0.332382 -0.586513 -0.019994 
 0.344667 -0.580664 -0.017289 
 0.116166 -0.687653 0.054621 
 0.128652 -0.681708 0.057371 
 0.141367 -0.673200 0.037952 
 0.153816 -0.667273 0.040693 
 0.166265 -0.661346 0.043435 
 0.178774 -0.654163 0.035081 
 0.191246 -0.646998 0.026718 
 0.203729 -0.637374 -0.003861 
 0.216086 -0.631490 -0.001140 
 0.228404 -0.621945 -0.031754 
 0.240675 -0.614875 -0.040162 
 0.253009 -0.610230 -0.026336 
 0.265311 -0.604372 -0.023626 
 0.277614 -0.598515 -0.020917 
 0.289917 -0.592658 -0.018208 
 0.302219 -0.586800 -0.015498 
 0.314522 -0.580943 -0.012789 
 0.326824 -0.575085 -0.010080 
 0.339127 -0.569228 -0.007370 
 0.083810 -0.697140 0.136399 
 0.097691 -0.682102 0.061690 
 0.110195 -0.676149 0.064444 
 0.122699 -0.670195 0.067198 
 0.135326 -0.662979 0.058869 
 0.147811 -0.657034 0.061619 
 0.160471 -0.648599 0.042188 
 0.172920 -0.642672 0.044929 
 0.185369 -0.636745 0.047671 
 0.197881 -0.628379 0.028208 
 0.210321 -0.620047 0.008729 
 0.222687 -0.611751 -0.010767 
 0.234980 -0.603490 -0.030278 
 0.247283 -0.597632 -0.027568 
 0.259585 -0.591775 -0.024859 
 0.272044 -0.588252 0.000103 
 0.284383 -0.582377 0.002820 
 0.296493 -0.574203 -0.016731 
 0.308795 -0.568346 -0.014022 
 0.321098 -0.562488 -0.011312 
 0.333401 -0.556631 -0.008603 
 0.065299 -0.690220 0.132352 
 0.077931 -0.684205 0.135134 
 0.091123 -0.674380 0.104710 
 0.104206 -0.664607 0.074263 
 0.116879 -0.657392 0.065945 
 0.129514 -0.650194 0.057618 
 0.142000 -0.644250 0.060368 
 0.154486 -0.638305 0.063118 
 0.167125 -0.629924 0.043682 
 0.179574 -0.623997 0.046424 
 0.192104 -0.615669 0.026964 
 0.204516 -0.609759 0.029698 
 0.216940 -0.600300 -0.000894 
 0.229283 -0.593242 -0.009286 
 0.241622 -0.587367 -0.006568 
 0.253961 -0.581492 -0.003851 
 0.266370 -0.576765 0.009991 
 0.278727 -0.570882 0.012713 
 0.291085 -0.564998 0.015434 
 0.303442 -0.559115 0.018156 
 0.315372 -0.549891 -0.012545 
 0.046537 -0.684577 0.139358 
 0.059419 -0.677285 0.131086 
 0.072051 -0.671271 0.133868 
 0.085269 -0.661501 0.103450 
 0.098378 -0.651784 0.073009 
 0.111059 -0.644588 0.064692 
 0.123703 -0.637409 0.056367 
 0.136188 -0.631465 0.059117 
 0.148674 -0.625520 0.061867 
 0.161160 -0.619576 0.064616 
 0.173645 -0.613631 0.067366 
 0.186278 -0.604141 0.036819 
 0.198708 -0.598222 0.039557 
 0.211151 -0.591139 0.031188 
 0.223552 -0.582918 0.011700 
 0.235927 -0.577026 0.014426 
 0.248261 -0.569995 0.006032 
 0.260618 -0.564112 0.008753 
 0.272896 -0.557107 0.000348 
 0.285040 -0.549008 -0.019196 
 0.297343 -0.543151 -0.016487 
 0.027998 -0.677647 0.135305 
 0.040907 -0.670365 0.127038 
 0.053780 -0.663100 0.118763 
 0.066394 -0.657094 0.121541 
 0.079415 -0.648623 0.102190 
 0.092178 -0.641411 0.093892 
 0.105071 -0.633000 0.074512 
 0.117742 -0.625831 0.066193 
 0.130246 -0.619878 0.068947 
 0.142750 -0.613925 0.071700 
 0.155348 -0.606791 0.063365 
 0.167834 -0.600846 0.066115 
 0.180434 -0.592575 0.046671 
 0.192922 -0.585494 0.038311 
 0.205374 -0.578430 0.029944 
 0.217786 -0.572520 0.032678 
 0.230167 -0.564354 0.013186 
 0.242543 -0.558461 0.015911 
 0.254919 -0.552569 0.018637 
 0.267294 -0.546677 0.021362 
 0.279670 -0.540785 0.024088 
 0.291617 -0.530554 -0.017720 
 0.009459 -0.670716 0.131251 
 0.022395 -0.663444 0.122991 
 0.035027 -0.657430 0.125773 
 0.047909 -0.650184 0.117499 
 0.060522 -0.644178 0.120277 
 0.073561 -0.635744 0.100930 
 0.086332 -0.628551 0.092633 
 0.098891 -0.622571 0.095399 
 0.111765 -0.614216 0.076015 
 0.124426 -0.607075 0.067694 
 0.136930 -0.601121 0.070447 
 0.149434 -0.595168 0.073201 
 0.161938 -0.589215 0.075955 
 0.174508 -0.582117 0.067614 
 0.187089 -0.573901 0.048165 
 0.199567 -0.566847 0.039804 
 0.211998 -0.560929 0.042541 
 0.224429 -0.555010 0.045279 
 0.236859 -0.549092 0.048016 
 0.249290 -0.543173 0.050754 
 0.261970 -0.541589 0.097984 
 0.274474 -0.535635 0.100738 
 0.286978 -0.529682 0.103492 
 0.003884 -0.656523 0.118943 
 0.016516 -0.650509 0.121725 
 0.029148 -0.644495 0.124507 
 0.042038 -0.637268 0.116236 
 0.054651 -0.631262 0.119014 
 0.067707 -0.622866 0.099670 
 0.080284 -0.616878 0.102440 
 0.093046 -0.609712 0.094141 
 0.105604 -0.603732 0.096906 
 0.118459 -0.595432 0.077518 
 0.130981 -0.589470 0.080276 
 0.143614 -0.582365 0.071948 
 0.156118 -0.576411 0.074702 
 0.168622 -0.570458 0.077456 
 0.181182 -0.563388 0.069112 
 0.193743 -0.555227 0.049659 
 0.206193 -0.549299 0.052401 
 0.218641 -0.543372 0.055142 
 0.231091 -0.537445 0.057884 
 0.243540 -0.531518 0.060626 
 0.255989 -0.525591 0.063367 
 0.268438 -0.519664 0.066109 
 0.281158 -0.516879 0.102239 
 -0.028333 -0.659331 0.145206 
 -0.014967 -0.650832 0.125930 
 -0.001996 -0.643589 0.117678 
 0.010939 -0.636363 0.109416 
 0.023553 -0.630357 0.112194 
 0.036166 -0.624352 0.114972 
 0.048780 -0.618346 0.117750 
 0.061853 -0.609987 0.098410 
 0.074430 -0.603999 0.101180 
 0.087007 -0.598011 0.103949 
 0.099759 -0.590872 0.095648 
 0.112318 -0.584893 0.098414 
 0.125152 -0.576647 0.079021 
 0.137675 -0.570685 0.081779 
 0.150197 -0.564723 0.084536 
 0.162802 -0.557655 0.076203 
 0.175306 -0.551701 0.078957 
 0.187856 -0.544658 0.070611 
 0.200342 -0.538714 0.073361 
 0.212828 -0.532769 0.076110 
 0.225313 -0.526825 0.078860 
 0.237799 -0.520880 0.081610 
 0.250284 -0.514936 0.084359 
 0.262770 -0.508991 0.087109 
 0.275256 -0.503047 0.089859 
 -0.046925 -0.652380 0.141141 
 -0.034238 -0.646340 0.143935 
 -0.020855 -0.637879 0.124663 
 -0.007876 -0.630654 0.116412 
 0.004756 -0.624640 0.119194 
 0.017681 -0.617441 0.110930 
 0.030295 -0.611436 0.113708 
 0.042909 -0.605430 0.116486 
 0.055999 -0.597109 0.097150 
 0.068576 -0.591121 0.099919 
 0.081153 -0.585133 0.102689 
 0.093730 -0.579144 0.105459 
 0.106307 -0.573156 0.108229 
 0.118885 -0.567168 0.110999 
 0.131590 -0.560074 0.102687 
 0.144149 -0.554095 0.105453 
 0.156891 -0.545939 0.086039 
 0.169486 -0.538898 0.077704 
 0.181990 -0.532944 0.080457 
 0.194494 -0.526991 0.083211 
 0.207016 -0.519984 0.074859 
 0.219502 -0.515085 0.088719 
 0.232006 -0.509131 0.091472 
 0.244510 -0.503178 0.094226 
 0.257014 -0.497225 0.096980 
 0.269444 -0.490262 0.088608 
 -0.052830 -0.639389 0.139870 
 -0.040143 -0.633349 0.142664 
 -0.026744 -0.624925 0.123395 
 -0.014093 -0.618902 0.126181 
 -0.001123 -0.611705 0.117928 
 0.011810 -0.604525 0.109666 
 0.024424 -0.598520 0.112444 
 0.037038 -0.592514 0.115222 
 0.050145 -0.584230 0.095890 
 0.062722 -0.578242 0.098659 
 0.075299 -0.572254 0.101429 
 0.087876 -0.566266 0.104199 
 0.100453 -0.560278 0.106969 
 0.113031 -0.554290 0.109739 
 0.125608 -0.548302 0.112508 
 0.138185 -0.542313 0.115278 
 0.150862 -0.535256 0.106960 
 0.163584 -0.527155 0.087543 
 0.176170 -0.520141 0.079205 
 0.188674 -0.514188 0.081958 
 0.201178 -0.508234 0.084712 
 0.213682 -0.502281 0.087466 
 0.226186 -0.496328 0.090219 
 0.238690 -0.490374 0.092973 
 0.251194 -0.484421 0.095727 
 -0.071842 -0.633637 0.146822 
 -0.059137 -0.627588 0.149620 
 -0.046049 -0.620358 0.141393 
 -0.033361 -0.614317 0.144187 
 -0.019981 -0.605948 0.124914 
 -0.007331 -0.599925 0.127700 
 0.005629 -0.592756 0.119445 
 0.018261 -0.586742 0.122226 
 0.031167 -0.579598 0.113958 
 0.043781 -0.573593 0.116736 
 0.056394 -0.567587 0.119514 
 0.069008 -0.561582 0.122292 
 0.081622 -0.555576 0.125070 
 0.094236 -0.549570 0.127848 
 0.106850 -0.543565 0.130626 
 0.119463 -0.537559 0.133403 
 0.132077 -0.531554 0.136181 
 0.144691 -0.525548 0.138959 
 0.157575 -0.516417 0.108468 
 0.170278 -0.508371 0.089046 
 0.182800 -0.502409 0.091803 
 0.195323 -0.496447 0.094561 
 0.207845 -0.490485 0.097319 
 0.220367 -0.484523 0.100077 
 0.232889 -0.478561 0.102834 
 -0.090461 -0.626677 0.142751 
 -0.077756 -0.620628 0.145549 
 -0.065051 -0.614578 0.148347 
 -0.051954 -0.607366 0.140121 
 -0.039267 -0.601326 0.142915 
 -0.025870 -0.592995 0.123646 
 -0.013219 -0.586972 0.126432 
 -0.000250 -0.579821 0.118179 
 0.012382 -0.573807 0.120961 
 0.025296 -0.566682 0.112694 
 0.037909 -0.560677 0.115472 
 0.050523 -0.554671 0.118250 
 0.063137 -0.548665 0.121028 
 0.075751 -0.542660 0.123806 
 0.088365 -0.536654 0.126584 
 0.100978 -0.530649 0.129362 
 0.113438 -0.525693 0.143216 
 0.126071 -0.519678 0.145998 
 0.138820 -0.512632 0.137695 
 0.151335 -0.507650 0.151562 
 0.163645 -0.505694 0.198711 
 0.176972 -0.489586 0.090549 
 0.189538 -0.482627 0.082206 
 0.202042 -0.476674 0.084960 
 0.214546 -0.470721 0.087714 
 0.227050 -0.464767 0.090468 
 -0.109554 -0.620895 0.149686 
 -0.096830 -0.614837 0.152488 
 -0.083670 -0.607618 0.144276 
 -0.070965 -0.601569 0.147074 
 -0.057859 -0.594376 0.138850 
 -0.045172 -0.588335 0.141644 
 -0.031758 -0.580041 0.122379 
 -0.019107 -0.574018 0.125165 
 -0.005803 -0.565777 0.105875 
 0.006502 -0.560872 0.119695 
 0.019424 -0.553766 0.111431 
 0.032038 -0.547761 0.114209 
 0.044652 -0.541755 0.116986 
 0.057266 -0.535749 0.119764 
 0.069880 -0.529744 0.122542 
 0.082493 -0.523738 0.125320 
 0.094927 -0.518772 0.139169 
 0.107559 -0.512758 0.141950 
 0.120047 -0.507765 0.155810 
 0.132697 -0.501742 0.158596 
 0.145348 -0.495719 0.161382 
 0.157820 -0.491688 0.186348 
 0.170507 -0.485648 0.189142 
 0.183194 -0.479607 0.191936 
 0.195881 -0.473567 0.194730 
 0.208568 -0.467526 0.197524 
 0.221255 -0.461486 0.200318 
 -0.116922 -0.611347 0.181422 
 -0.102753 -0.601809 0.151213 
 -0.089584 -0.594608 0.143003 
 -0.076878 -0.588559 0.145801 
 -0.063764 -0.581385 0.137579 
 -0.051077 -0.575344 0.140373 
 -0.037646 -0.567088 0.121112 
 -0.024996 -0.561065 0.123897 
 -0.011674 -0.552861 0.104611 
 0.000622 -0.547937 0.118430 
 0.013553 -0.540850 0.110167 
 0.026167 -0.534845 0.112945 
 0.038781 -0.528839 0.115723 
 0.051395 -0.522833 0.118501 
 0.064460 -0.514752 0.099158 
 0.076622 -0.510822 0.124056 
 0.089236 -0.504817 0.126834 
 0.101508 -0.500835 0.151757 
 0.114159 -0.494812 0.154543 
 0.126809 -0.488789 0.157329 
 0.139228 -0.484738 0.182283 
 0.151915 -0.478697 0.185077 
 0.164602 -0.472657 0.187871 
 0.177289 -0.466616 0.190665 
 0.189934 -0.461527 0.204560 
 0.202639 -0.455477 0.207358 
 0.215344 -0.449428 0.210156 
 -0.135648 -0.604346 0.177327 
 -0.122379 -0.597121 0.169140 
 -0.108675 -0.588780 0.149938 
 -0.095497 -0.581598 0.141730 
 -0.082792 -0.575549 0.144528 
 -0.069669 -0.568393 0.136308 
 -0.056982 -0.562353 0.139102 
 -0.043534 -0.554134 0.119844 
 -0.030522 -0.547031 0.111600 
 -0.017545 -0.539945 0.103347 
 -0.005257 -0.535003 0.117164 
 0.007682 -0.527934 0.108903 
 0.020296 -0.521929 0.111681 
 0.032910 -0.515923 0.114459 
 0.045524 -0.509917 0.117237 
 0.058606 -0.501873 0.097898 
 0.070751 -0.497906 0.122792 
 0.083365 -0.491901 0.125570 
 0.095799 -0.486888 0.139419 
 0.108271 -0.481858 0.153275 
 0.120921 -0.475835 0.156061 
 0.133323 -0.471746 0.181012 
 0.146010 -0.465706 0.183806 
 0.158697 -0.459666 0.186600 
 0.171384 -0.453625 0.189394 
 0.184071 -0.447585 0.192188 
 0.196758 -0.441544 0.194982 
 0.209431 -0.436419 0.208883 
 -0.141079 -0.590130 0.165051 
 -0.128319 -0.584055 0.167861 
 -0.114597 -0.575752 0.148663 
 -0.101411 -0.568588 0.140457 
 -0.088706 -0.562539 0.143255 
 -0.075575 -0.555402 0.135037 
 -0.062888 -0.549362 0.137831 
 -0.049422 -0.541181 0.118577 
 -0.036401 -0.534096 0.110334 
 -0.023416 -0.527029 0.102084 
 -0.010803 -0.521024 0.104861 
 0.001811 -0.515018 0.107639 
 0.014425 -0.509013 0.110417 
 0.027597 -0.500971 0.091098 
 0.039652 -0.497001 0.115973 
 0.052752 -0.488995 0.096638 
 0.065329 -0.483007 0.099408 
 0.077494 -0.478985 0.124307 
 0.089732 -0.474928 0.149222 
 0.102382 -0.468905 0.152008 
 0.115033 -0.462882 0.154794 
 0.127418 -0.458755 0.179741 
 0.140105 -0.452715 0.182535 
 0.152792 -0.446675 0.185329 
 0.165634 -0.438790 0.165938 
 0.178285 -0.432767 0.168724 
 0.190935 -0.426744 0.171509 
 -0.160323 -0.584260 0.171952 
 -0.147544 -0.578176 0.174766 
 -0.134258 -0.570989 0.166583 
 -0.120519 -0.562723 0.147388 
 -0.107325 -0.555579 0.139184 
 -0.094619 -0.549530 0.141982 
 -0.081480 -0.542411 0.133766 
 -0.067961 -0.534250 0.114523 
 -0.055311 -0.528227 0.117309 
 -0.041901 -0.520119 0.098042 
 -0.029288 -0.514113 0.100820 
 -0.016674 -0.508108 0.103598 
 -0.003411 -0.500069 0.084299 
 0.009166 -0.494081 0.087069 
 0.021743 -0.488092 0.089838 
 0.034320 -0.482104 0.092608 
 0.047149 -0.475134 0.084323 
 0.059707 -0.469155 0.087089 
 0.072266 -0.463176 0.089855 
 0.084629 -0.458152 0.103687 
 0.096850 -0.454058 0.128599 
 0.109783 -0.446175 0.109227 
 0.121795 -0.443905 0.156312 
 0.134445 -0.437882 0.159098 
 0.147096 -0.431859 0.161884 
 0.159919 -0.424030 0.142488 
 0.172533 -0.418024 0.145266 
 0.185147 -0.412019 0.148044 
 -0.180191 -0.579482 0.189827 
 -0.166270 -0.571176 0.170672 
 -0.153492 -0.565092 0.173486 
 -0.140197 -0.557923 0.165304 
 -0.126442 -0.549694 0.146114 
 -0.113239 -0.542569 0.137911 
 -0.100072 -0.535461 0.129701 
 -0.086500 -0.527320 0.110470 
 -0.073849 -0.521297 0.113256 
 -0.060793 -0.514241 0.105021 
 -0.047773 -0.507203 0.096778 
 -0.034420 -0.499166 0.077499 
 -0.021843 -0.493178 0.080269 
 -0.009265 -0.487190 0.083039 
 0.003626 -0.480213 0.074768 
 0.016185 -0.474233 0.077534 
 0.028744 -0.468254 0.080299 
 0.042082 -0.459385 0.049906 
 0.054586 -0.453432 0.052660 
 0.067090 -0.447479 0.055414 
 0.079594 -0.441526 0.058167 
 0.091912 -0.436501 0.071990 
 0.104434 -0.430539 0.074748 
 0.117106 -0.423666 0.066429 
 0.128557 -0.424929 0.157831 
 0.141208 -0.418906 0.160617 
 0.154333 -0.408460 0.107957 
 0.166892 -0.402480 0.110723 
 0.179276 -0.399103 0.146780 
 -0.186156 -0.566360 0.188543 
 -0.173341 -0.560259 0.191365 
 -0.159440 -0.552007 0.172206 
 -0.146661 -0.545923 0.175020 
 -0.132364 -0.536666 0.144839 
 -0.119152 -0.529559 0.136638 
 -0.105977 -0.522470 0.128429 
 -0.092388 -0.514367 0.109202 
 -0.079304 -0.507321 0.100974 
 -0.066258 -0.500292 0.092736 
 -0.052851 -0.492276 0.073469 
 -0.040274 -0.486288 0.076239 
 -0.027697 -0.480300 0.079009 
 -0.014778 -0.473332 0.070744 
 -0.002219 -0.467353 0.073509 
 0.010340 -0.461374 0.076275 
 0.022899 -0.455394 0.079041 
 0.036262 -0.446582 0.048654 
 0.048766 -0.440629 0.051407 
 0.061270 -0.434675 0.054161 
 0.073987 -0.427804 0.045852 
 0.086278 -0.422769 0.059668 
 0.098782 -0.416815 0.062422 
 0.111444 -0.409970 0.054101 
 0.123790 -0.404909 0.067929 
 0.136294 -0.398956 0.070683 
 0.148798 -0.393002 0.073437 
 0.161302 -0.387049 0.076190 
 0.173806 -0.381096 0.078944 
 -0.192121 -0.553238 0.187259 
 -0.179305 -0.547136 0.190081 
 -0.165387 -0.538922 0.170926 
 -0.152076 -0.531791 0.162747 
 -0.138286 -0.523637 0.143564 
 -0.124570 -0.515519 0.124364 
 -0.111883 -0.509479 0.127158 
 -0.097816 -0.500400 0.096926 
 -0.085184 -0.494386 0.099708 
 -0.072129 -0.487376 0.091473 
 -0.058705 -0.479398 0.072209 
 -0.045741 -0.472432 0.063954 
 -0.033183 -0.466452 0.066720 
 -0.020624 -0.460473 0.069485 
 -0.007401 -0.452590 0.050177 
 0.005121 -0.446628 0.052934 
 0.017643 -0.440666 0.055692 
 0.030719 -0.432853 0.036352 
 0.043204 -0.426908 0.039101 
 0.055690 -0.420964 0.041851 
 0.068176 -0.415019 0.044601 
 0.080661 -0.409074 0.047350 
 0.093147 -0.403130 0.050100 
 0.105967 -0.395439 0.030703 
 0.118416 -0.389512 0.033444 
 0.130604 -0.385296 0.058349 
 0.143090 -0.379352 0.061099 
 0.155575 -0.373407 0.063848 
 0.168061 -0.367462 0.066598 
 0.180546 -0.361518 0.069348 
 -0.239137 -0.562744 0.221375 
 -0.225615 -0.555536 0.213242 
 -0.211515 -0.547281 0.194127 
 -0.198086 -0.540116 0.185975 
 -0.184114 -0.531922 0.166831 
 -0.169656 -0.522725 0.136685 
 -0.156390 -0.515638 0.128496 
 -0.143162 -0.508569 0.120299 
 -0.130475 -0.502528 0.123093 
 -0.116815 -0.494482 0.103881 
 -0.103696 -0.487465 0.095660 
 -0.090614 -0.480466 0.087431 
 -0.077136 -0.472507 0.068179 
 -0.064559 -0.466519 0.070949 
 -0.051982 -0.460531 0.073718 
 -0.039028 -0.453592 0.065461 
 -0.025752 -0.445729 0.046164 
 -0.012890 -0.438835 0.037887 
 -0.000386 -0.432881 0.040641 
 0.012422 -0.426012 0.032351 
 0.025478 -0.418254 0.013006 
 0.037927 -0.412327 0.015747 
 0.050625 -0.405511 0.007434 
 0.063286 -0.398711 -0.000888 
 0.075698 -0.392802 0.001845 
 0.088110 -0.386892 0.004579 
 0.100523 -0.380982 0.007313 
 0.112935 -0.375073 0.010046 
 0.125348 -0.369163 0.012780 
 0.137640 -0.364082 0.026597 
 0.150070 -0.358163 0.029334 
 0.162417 -0.353056 0.043163 
 0.174735 -0.348733 0.068097 
 -0.258024 -0.555684 0.217245 
 -0.244476 -0.548485 0.209118 
 -0.230322 -0.540250 0.190015 
 -0.216866 -0.533095 0.181869 
 -0.204050 -0.526993 0.184691 
 -0.190062 -0.518837 0.165551 
 -0.176715 -0.511734 0.157380 
 -0.162304 -0.502628 0.127223 
 -0.149599 -0.496579 0.130021 
 -0.136380 -0.489537 0.121822 
 -0.122703 -0.481529 0.102614 
 -0.109099 -0.473555 0.083389 
 -0.096485 -0.467550 0.086167 
 -0.082550 -0.458671 0.055906 
 -0.069991 -0.452691 0.058671 
 -0.056625 -0.444831 0.039394 
 -0.043718 -0.437938 0.031127 
 -0.031214 -0.431984 0.033880 
 -0.018710 -0.426031 0.036634 
 -0.005875 -0.419172 0.028350 
 0.007235 -0.411434 0.009017 
 0.019977 -0.404619 0.000713 
 0.032408 -0.398700 0.003451 
 0.044839 -0.392782 0.006188 
 0.057508 -0.386002 -0.002132 
 0.070362 -0.378386 -0.021521 
 0.082738 -0.372493 -0.018796 
 0.095297 -0.365765 -0.027140 
 0.107489 -0.360709 -0.013345 
 0.119865 -0.354816 -0.010619 
 0.131983 -0.350544 0.014270 
 0.144395 -0.344634 0.017003 
 0.156808 -0.338724 0.019737 
 0.170035 -0.324196 -0.099562 
 0.182302 -0.317608 -0.107971 
 0.194532 -0.311036 -0.116388 
 0.206707 -0.305240 -0.113707 
 0.218883 -0.297946 -0.133246 
 0.231021 -0.292167 -0.130573 
 0.243158 -0.286388 -0.127899 
 -0.264023 -0.542486 0.215954 
 -0.250466 -0.535306 0.207829 
 -0.236296 -0.527109 0.188729 
 -0.222830 -0.519973 0.180585 
 -0.210015 -0.513871 0.183407 
 -0.196010 -0.505752 0.164270 
 -0.182654 -0.498668 0.156102 
 -0.168218 -0.489618 0.125950 
 -0.155513 -0.483569 0.128748 
 -0.142285 -0.476546 0.120551 
 -0.128591 -0.468575 0.101346 
 -0.115455 -0.461596 0.093129 
 -0.102356 -0.454634 0.084903 
 -0.088396 -0.445811 0.054647 
 -0.075837 -0.439832 0.057413 
 -0.062454 -0.432009 0.038140 
 -0.049538 -0.425134 0.029874 
 -0.037034 -0.419181 0.032628 
 -0.024173 -0.412332 0.024350 
 -0.011687 -0.406387 0.027100 
 0.001440 -0.398687 0.007770 
 0.014191 -0.391890 -0.000532 
 0.026622 -0.385972 0.002205 
 0.039318 -0.379202 -0.006109 
 0.051731 -0.373292 -0.003375 
 0.064601 -0.365713 -0.022761 
 0.076977 -0.359821 -0.020036 
 0.089738 -0.352295 -0.039446 
 0.101903 -0.347228 -0.025657 
 0.114261 -0.341345 -0.022936 
 0.126756 -0.334670 -0.031294 
 0.139333 -0.327231 -0.050744 
 0.151838 -0.319827 -0.070211 
 0.164351 -0.311693 -0.100786 
 0.176627 -0.305123 -0.109193 
 0.188866 -0.298570 -0.117608 
 0.201095 -0.291297 -0.137135 
 0.213233 -0.285518 -0.134462 
 0.225371 -0.279739 -0.131789 
 0.237482 -0.273247 -0.140232 
 0.249601 -0.267477 -0.137563 
 0.261721 -0.261707 -0.134894 
 0.273840 -0.255937 -0.132225 
 -0.282910 -0.535426 0.211824 
 -0.270022 -0.529289 0.214663 
 -0.255103 -0.520078 0.184617 
 -0.242269 -0.513968 0.187443 
 -0.228795 -0.506850 0.179301 
 -0.215980 -0.500749 0.182123 
 -0.201957 -0.492667 0.162990 
 -0.188593 -0.485602 0.154823 
 -0.174132 -0.476609 0.124677 
 -0.161426 -0.470560 0.127475 
 -0.148191 -0.463555 0.119280 
 -0.134479 -0.455622 0.100079 
 -0.120841 -0.447723 0.080862 
 -0.108227 -0.441718 0.083639 
 -0.094241 -0.432951 0.053389 
 -0.080805 -0.425149 0.034127 
 -0.068282 -0.419187 0.036885 
 -0.055358 -0.412330 0.028621 
 -0.042854 -0.406377 0.031375 
 -0.029984 -0.399547 0.023099 
 -0.017498 -0.393603 0.025849 
 -0.004354 -0.385939 0.006522 
 0.008405 -0.379162 -0.001778 
 0.020836 -0.373243 0.000960 
 0.033541 -0.366492 -0.007352 
 0.045953 -0.360582 -0.004619 
 0.058841 -0.353041 -0.024001 
 0.071436 -0.346342 -0.032338 
 0.083995 -0.339660 -0.040683 
 0.096334 -0.333785 -0.037965 
 0.109002 -0.326348 -0.057396 
 0.121304 -0.320491 -0.054686 
 0.133735 -0.313870 -0.063060 
 0.146128 -0.307267 -0.071440 
 0.158759 -0.298443 -0.113100 
 0.170952 -0.292638 -0.110415 
 0.183199 -0.286104 -0.118828 
 0.195373 -0.280308 -0.116147 
 0.207584 -0.273089 -0.135678 
 0.219721 -0.267310 -0.133005 
 0.231859 -0.261531 -0.130332 
 0.243960 -0.255067 -0.138777 
 0.256079 -0.249297 -0.136108 
 0.268273 -0.244194 -0.122313 
 0.280410 -0.238415 -0.119639 
 -0.302538 -0.529397 0.218642 
 -0.289632 -0.523252 0.221484 
 -0.276021 -0.516092 0.213371 
 -0.262447 -0.508950 0.205250 
 -0.248243 -0.500827 0.186158 
 -0.234760 -0.493728 0.178017 
 -0.221945 -0.487627 0.180839 
 -0.207905 -0.479583 0.161710 
 -0.194533 -0.472536 0.153545 
 -0.180045 -0.463599 0.123404 
 -0.167340 -0.457550 0.126202 
 -0.153018 -0.448691 0.096025 
 -0.139847 -0.441741 0.087816 
 -0.126712 -0.434807 0.079598 
 -0.113130 -0.426981 0.060368 
 -0.100087 -0.420091 0.052131 
 -0.086633 -0.412326 0.032873 
 -0.074111 -0.406364 0.035630 
 -0.061178 -0.399527 0.027368 
 -0.048674 -0.393574 0.030122 
 -0.035796 -0.386762 0.021848 
 -0.023310 -0.380818 0.024598 
 -0.009811 -0.372352 -0.005761 
 0.002939 -0.365601 -0.014063 
 0.015351 -0.359692 -0.011330 
 0.027764 -0.353782 -0.008596 
 0.040705 -0.346261 -0.027966 
 0.053327 -0.339572 -0.036298 
 0.065684 -0.333688 -0.033576 
 0.078670 -0.325466 -0.064047 
 0.090973 -0.319608 -0.061338 
 0.103275 -0.313751 -0.058628 
 0.115578 -0.307894 -0.055919 
 0.128017 -0.301292 -0.064290 
 0.140537 -0.293971 -0.083753 
 0.153084 -0.285958 -0.114321 
 0.165277 -0.280153 -0.111636 
 0.177532 -0.273638 -0.120047 
 0.189796 -0.266439 -0.139567 
 0.201934 -0.260660 -0.136894 
 0.214072 -0.254882 -0.134221 
 0.226210 -0.249103 -0.131548 
 0.238319 -0.242657 -0.139991 
 0.250485 -0.237545 -0.126202 
 0.262623 -0.231766 -0.123529 
 0.275094 -0.228547 -0.076341 
 0.287305 -0.222733 -0.073652 
 0.299757 -0.218165 -0.048689 
 0.311727 -0.211106 -0.068273 
 0.323939 -0.205292 -0.065584 
 -0.308546 -0.516181 0.217349 
 -0.295639 -0.510036 0.220191 
 -0.282020 -0.502895 0.212080 
 -0.267049 -0.493796 0.182046 
 -0.254216 -0.487686 0.184872 
 -0.240725 -0.480606 0.176733 
 -0.226632 -0.472582 0.157615 
 -0.213853 -0.466498 0.160429 
 -0.200472 -0.459470 0.152266 
 -0.185959 -0.450589 0.122131 
 -0.172688 -0.443614 0.113943 
 -0.158906 -0.435738 0.094758 
 -0.145726 -0.428806 0.086550 
 -0.132583 -0.421891 0.078334 
 -0.119969 -0.415886 0.081112 
 -0.105933 -0.407232 0.050872 
 -0.092462 -0.399504 0.031618 
 -0.079502 -0.392677 0.023362 
 -0.066998 -0.386723 0.026116 
 -0.054494 -0.380770 0.028869 
 -0.041607 -0.373978 0.020597 
 -0.028392 -0.366372 0.001286 
 -0.015597 -0.359623 -0.007006 
 -0.002839 -0.352891 -0.015307 
 0.009574 -0.346982 -0.012573 
 0.022569 -0.339481 -0.031932 
 0.034945 -0.333589 -0.029206 
 0.047575 -0.326918 -0.037536 
 0.060169 -0.320265 -0.045873 
 0.072944 -0.312868 -0.065279 
 0.085447 -0.306259 -0.073637 
 0.097731 -0.300410 -0.070932 
 0.110178 -0.293827 -0.079301 
 0.122589 -0.287261 -0.087678 
 0.135089 -0.279995 -0.107145 
 0.147517 -0.272765 -0.126630 
 0.159691 -0.266968 -0.123948 
 0.172009 -0.259790 -0.143456 
 0.184147 -0.254011 -0.140783 
 0.196284 -0.248232 -0.138110 
 0.208439 -0.241788 -0.146544 
 0.220558 -0.236018 -0.143875 
 0.232678 -0.230247 -0.141206 
 0.244836 -0.225116 -0.127418 
 0.257087 -0.220597 -0.102499 
 0.269336 -0.215422 -0.088692 
 0.281529 -0.209617 -0.086006 
 0.293833 -0.204416 -0.072186 
 0.306044 -0.198602 -0.069497 
 0.318255 -0.192788 -0.066807 
 0.330300 -0.186397 -0.075266 
 0.342492 -0.180592 -0.072581 
 -0.316068 -0.504955 0.237942 
 -0.301646 -0.496820 0.218898 
 -0.287298 -0.488720 0.199837 
 -0.273023 -0.480655 0.180760 
 -0.259505 -0.473585 0.172626 
 -0.245358 -0.465581 0.153521 
 -0.232580 -0.459497 0.156335 
 -0.219801 -0.453413 0.159149 
 -0.206411 -0.446404 0.150988 
 -0.191873 -0.437580 0.120858 
 -0.178593 -0.430623 0.112672 
 -0.164794 -0.422784 0.093491 
 -0.151606 -0.415871 0.085285 
 -0.138454 -0.408975 0.077070 
 -0.125841 -0.402970 0.079848 
 -0.111778 -0.394372 0.049614 
 -0.098290 -0.386682 0.030363 
 -0.085322 -0.379873 0.022109 
 -0.072390 -0.373082 0.013847 
 -0.059904 -0.367137 0.016596 
 -0.047419 -0.361193 0.019346 
 -0.033814 -0.352813 -0.010989 
 -0.021383 -0.346894 -0.008252 
 -0.008616 -0.340182 -0.016550 
 0.003796 -0.334272 -0.013817 
 0.016808 -0.326808 -0.033172 
 0.029466 -0.320148 -0.041495 
 0.042086 -0.313505 -0.049826 
 0.054915 -0.306129 -0.069221 
 0.067444 -0.299529 -0.077573 
 0.079937 -0.292947 -0.085932 
 0.092393 -0.286382 -0.094299 
 0.104641 -0.280551 -0.091602 
 0.117195 -0.273306 -0.111058 
 0.129541 -0.266793 -0.119450 
 0.141850 -0.260299 -0.127849 
 0.154025 -0.254502 -0.125168 
 0.166359 -0.247361 -0.144672 
 0.178497 -0.241582 -0.141999 
 0.190635 -0.235803 -0.139326 
 0.202798 -0.229378 -0.147758 
 0.214917 -0.223608 -0.145089 
 0.227037 -0.217838 -0.142420 
 0.239156 -0.212067 -0.139751 
 0.251324 -0.206909 -0.125961 
 0.263594 -0.202335 -0.101038 
 0.275853 -0.197132 -0.087228 
 0.288149 -0.191912 -0.073409 
 0.300360 -0.186098 -0.070720 
 0.312850 -0.181420 -0.045749 
 0.325098 -0.175589 -0.043052 
 0.337346 -0.169757 -0.040354 
 -0.335820 -0.498849 0.244733 
 -0.320561 -0.489749 0.214762 
 -0.307654 -0.483604 0.217605 
 -0.293288 -0.475542 0.198547 
 -0.278996 -0.467514 0.179474 
 -0.265470 -0.460463 0.171342 
 -0.251306 -0.452496 0.152240 
 -0.238527 -0.446412 0.155055 
 -0.225111 -0.439413 0.146899 
 -0.211112 -0.431525 0.127761 
 -0.197787 -0.424570 0.119585 
 -0.184499 -0.417632 0.111401 
 -0.170682 -0.409831 0.092223 
 -0.157486 -0.402936 0.084019 
 -0.144325 -0.396059 0.075806 
 -0.131712 -0.390054 0.078584 
 -0.117624 -0.381512 0.048356 
 -0.103646 -0.373023 0.018103 
 -0.091142 -0.367070 0.020856 
 -0.078201 -0.360297 0.012596 
 -0.065716 -0.354353 0.015345 
 -0.052430 -0.346804 -0.003950 
 -0.039600 -0.340084 -0.012235 
 -0.026806 -0.333382 -0.020528 
 -0.013704 -0.325921 -0.039863 
 -0.001328 -0.320028 -0.037137 
 0.011356 -0.313378 -0.045455 
 0.024004 -0.306745 -0.053780 
 0.036343 -0.300870 -0.051063 
 0.049189 -0.293531 -0.070454 
 0.061727 -0.286951 -0.078804 
 0.074228 -0.280387 -0.087161 
 0.086692 -0.273841 -0.095526 
 0.099300 -0.266616 -0.114970 
 0.111511 -0.260802 -0.112281 
 0.123866 -0.254308 -0.120671 
 0.136184 -0.247832 -0.129069 
 0.148572 -0.240711 -0.148561 
 0.160710 -0.234932 -0.145888 
 0.172918 -0.228509 -0.154310 
 0.185037 -0.222738 -0.151641 
 0.197157 -0.216968 -0.148972 
 0.209276 -0.211198 -0.146303 
 0.221396 -0.205428 -0.143634 
 0.233515 -0.199658 -0.140965 
 0.245674 -0.194480 -0.127177 
 0.257928 -0.189869 -0.102258 
 0.270102 -0.184072 -0.099577 
 0.282371 -0.178842 -0.085765 
 0.294564 -0.173037 -0.083079 
 0.306888 -0.167781 -0.069254 
 0.319547 -0.163588 -0.033136 
 0.331813 -0.157748 -0.030434 
 -0.341853 -0.485576 0.243434 
 -0.326568 -0.476533 0.213469 
 -0.313661 -0.470388 0.216311 
 -0.299279 -0.462363 0.197258 
 -0.284970 -0.454373 0.178188 
 -0.271435 -0.447341 0.170059 
 -0.257254 -0.439412 0.150960 
 -0.243811 -0.432423 0.142810 
 -0.231050 -0.426347 0.145621 
 -0.216406 -0.417609 0.115514 
 -0.203091 -0.410681 0.107336 
 -0.190404 -0.404641 0.110130 
 -0.175997 -0.396016 0.079972 
 -0.162810 -0.389149 0.071765 
 -0.150197 -0.383143 0.074542 
 -0.137583 -0.377138 0.077320 
 -0.123469 -0.368652 0.047097 
 -0.109466 -0.360219 0.016850 
 -0.096962 -0.354266 0.019603 
 -0.084013 -0.347512 0.011345 
 -0.070674 -0.339984 -0.007939 
 -0.058225 -0.334057 -0.005197 
 -0.044996 -0.326581 -0.024505 
 -0.032583 -0.320672 -0.021771 
 -0.019110 -0.312491 -0.052136 
 -0.006753 -0.306608 -0.049414 
 0.005921 -0.299985 -0.057734 
 0.018858 -0.292649 -0.077105 
 0.031160 -0.286791 -0.074396 
 0.043725 -0.280221 -0.082740 
 0.056009 -0.274372 -0.080035 
 0.068744 -0.267132 -0.099451 
 0.080991 -0.261300 -0.096754 
 0.093616 -0.254112 -0.116194 
 0.105827 -0.248298 -0.113505 
 0.118191 -0.241824 -0.121893 
 0.130517 -0.235366 -0.130289 
 0.142922 -0.228283 -0.149778 
 0.155060 -0.222504 -0.147105 
 0.167277 -0.216099 -0.155524 
 0.179396 -0.210329 -0.152855 
 0.191516 -0.204558 -0.150186 
 0.203635 -0.198788 -0.147517 
 0.215755 -0.193018 -0.144848 
 0.227874 -0.187248 -0.142179 
 0.239994 -0.181477 -0.139510 
 0.252162 -0.176272 -0.125720 
 0.264300 -0.170493 -0.123047 
 0.276696 -0.166357 -0.086986 
 0.288784 -0.160013 -0.095434 
 0.301081 -0.154747 -0.081616 
 0.313697 -0.150507 -0.045506 
 0.325944 -0.144675 -0.042809 
 0.376561 -0.124696 0.046112 
 0.388937 -0.118804 0.048838 
 -0.332576 -0.463317 0.212176 
 -0.319669 -0.457172 0.215018 
 -0.303777 -0.447342 0.174076 
 -0.290943 -0.441232 0.176902 
 -0.275980 -0.432411 0.146866 
 -0.262510 -0.425432 0.138722 
 -0.249750 -0.419357 0.141532 
 -0.235680 -0.411526 0.122410 
 -0.222320 -0.404599 0.114241 
 -0.208996 -0.397690 0.106065 
 -0.196309 -0.391650 0.108859 
 -0.181877 -0.383081 0.078706 
 -0.168681 -0.376233 0.070501 
 -0.154978 -0.368577 0.051298 
 -0.143454 -0.364222 0.076057 
 -0.128298 -0.354177 0.023842 
 -0.115286 -0.347416 0.015597 
 -0.102310 -0.340672 0.007344 
 -0.088917 -0.333164 -0.011928 
 -0.076033 -0.326464 -0.020201 
 -0.063602 -0.320546 -0.017463 
 -0.050773 -0.313872 -0.025748 
 -0.037600 -0.306468 -0.045068 
 -0.024862 -0.299838 -0.053374 
 -0.012161 -0.293225 -0.061687 
 0.000829 -0.285909 -0.081047 
 0.013131 -0.280051 -0.078338 
 0.025434 -0.274194 -0.075629 
 0.038007 -0.267642 -0.083971 
 0.050543 -0.261108 -0.092320 
 0.063043 -0.254590 -0.100678 
 0.075722 -0.247422 -0.120107 
 0.087933 -0.241609 -0.117417 
 0.100323 -0.235144 -0.125800 
 0.112515 -0.229339 -0.123115 
 0.124850 -0.222900 -0.131509 
 0.137273 -0.215854 -0.150994 
 0.149410 -0.210075 -0.148321 
 0.161636 -0.203689 -0.156739 
 0.173755 -0.197919 -0.154070 
 0.185925 -0.191558 -0.162501 
 0.198027 -0.185797 -0.159836 
 0.210128 -0.180035 -0.157171 
 0.222229 -0.174274 -0.154506 
 0.234352 -0.169068 -0.140725 
 0.246472 -0.163297 -0.138056 
 0.258651 -0.158065 -0.124263 
 0.270943 -0.153344 -0.099335 
 0.283118 -0.147547 -0.096654 
 0.295406 -0.142262 -0.082837 
 0.307731 -0.136960 -0.069012 
 0.320244 -0.132134 -0.044036 
 0.332829 -0.127274 -0.019043 
 0.345301 -0.121902 -0.005186 
 0.358014 -0.116980 0.019835 
 0.370577 -0.111564 0.033712 
 0.383177 -0.106131 0.047598 
 0.396074 -0.101123 0.072659 
 0.408765 -0.095646 0.086564 
 0.420899 -0.089303 0.078126 
 0.433311 -0.083394 0.080859 
 -0.338583 -0.450101 0.210883 
 -0.324903 -0.443045 0.202785 
 -0.309750 -0.434201 0.172790 
 -0.296916 -0.428091 0.175616 
 -0.281928 -0.419326 0.145585 
 -0.268449 -0.412366 0.137443 
 -0.254326 -0.404556 0.118333 
 -0.241602 -0.398498 0.121135 
 -0.227588 -0.390740 0.102000 
 -0.213648 -0.383016 0.082849 
 -0.200997 -0.376993 0.085635 
 -0.187166 -0.369322 0.066459 
 -0.173409 -0.361686 0.047268 
 -0.160832 -0.355698 0.050038 
 -0.149325 -0.351306 0.074793 
 -0.134127 -0.341355 0.022587 
 -0.121106 -0.334612 0.014344 
 -0.108121 -0.327887 0.006093 
 -0.094712 -0.320417 -0.013175 
 -0.081819 -0.313735 -0.021446 
 -0.068963 -0.307072 -0.029726 
 -0.056550 -0.301162 -0.026992 
 -0.043360 -0.293796 -0.046308 
 -0.030244 -0.286465 -0.065641 
 -0.017200 -0.279169 -0.084989 
 -0.004564 -0.272609 -0.093318 
 0.007721 -0.266761 -0.090612 
 0.020302 -0.260228 -0.098952 
 0.032847 -0.253712 -0.107300 
 0.045616 -0.246546 -0.126708 
 0.057827 -0.240733 -0.124019 
 0.070038 -0.234919 -0.121330 
 0.082455 -0.228464 -0.129707 
 0.094647 -0.222659 -0.127022 
 0.106840 -0.216854 -0.124336 
 0.119184 -0.210434 -0.132728 
 0.131623 -0.203425 -0.152210 
 0.143761 -0.197647 -0.149537 
 0.155995 -0.191279 -0.157953 
 0.168114 -0.185509 -0.155284 
 0.180233 -0.179739 -0.152615 
 0.192353 -0.173968 -0.149946 
 0.204495 -0.167644 -0.158383 
 0.216592 -0.162428 -0.144608 
 0.228711 -0.156658 -0.141939 
 0.240831 -0.150887 -0.139270 
 0.253001 -0.145636 -0.125479 
 0.265139 -0.139857 -0.122806 
 0.277451 -0.135081 -0.097874 
 0.289731 -0.129777 -0.084059 
 0.302048 -0.124456 -0.070236 
 0.314258 -0.118643 -0.067546 
 0.326951 -0.114228 -0.031420 
 0.339396 -0.108846 -0.017569 
 0.352271 -0.104345 0.018599 
 0.364825 -0.098911 0.032474 
 0.377417 -0.093459 0.046358 
 0.389792 -0.087567 0.049083 
 0.402979 -0.082917 0.085319 
 0.415410 -0.076999 0.088056 
 0.428147 -0.071477 0.101972 
 0.441247 -0.066327 0.127078 
 0.453732 -0.060382 0.129828 
 -0.344591 -0.436885 0.209590 
 -0.330902 -0.429848 0.201494 
 -0.315723 -0.421060 0.171504 
 -0.302145 -0.414075 0.163384 
 -0.287876 -0.406241 0.144305 
 -0.274389 -0.399300 0.136165 
 -0.260248 -0.391527 0.117058 
 -0.246852 -0.384629 0.108897 
 -0.232186 -0.376086 0.078795 
 -0.219536 -0.370063 0.081581 
 -0.206268 -0.363226 0.073393 
 -0.193038 -0.356406 0.065195 
 -0.179263 -0.348808 0.046008 
 -0.166124 -0.342032 0.037791 
 -0.153565 -0.336052 0.040557 
 -0.139430 -0.327762 0.010338 
 -0.126419 -0.321047 0.002092 
 -0.112955 -0.313597 -0.017164 
 -0.100036 -0.306925 -0.025429 
 -0.087605 -0.301007 -0.022692 
 -0.074740 -0.294362 -0.030969 
 -0.061497 -0.287016 -0.050274 
 -0.049121 -0.281124 -0.047548 
 -0.035987 -0.273830 -0.066877 
 -0.022926 -0.266571 -0.086222 
 -0.010281 -0.260031 -0.094548 
 0.002003 -0.254182 -0.091843 
 0.014899 -0.247002 -0.111224 
 0.027146 -0.241171 -0.108527 
 0.039932 -0.234043 -0.127932 
 0.052143 -0.228229 -0.125243 
 0.064354 -0.222415 -0.122553 
 0.076780 -0.215979 -0.130928 
 0.088972 -0.210174 -0.128243 
 0.101165 -0.204369 -0.125558 
 0.113517 -0.197968 -0.133948 
 0.125974 -0.190997 -0.153426 
 0.138111 -0.185218 -0.150753 
 0.150249 -0.179439 -0.148080 
 0.162473 -0.173099 -0.156498 
 0.174592 -0.167329 -0.153829 
 0.186712 -0.161558 -0.151160 
 0.198831 -0.155788 -0.148491 
 0.210951 -0.150018 -0.145822 
 0.223070 -0.144248 -0.143153 
 0.235214 -0.138986 -0.129368 
 0.247436 -0.134208 -0.104456 
 0.259670 -0.128903 -0.090651 
 0.271863 -0.123098 -0.087966 
 0.284056 -0.117293 -0.085281 
 0.296364 -0.111953 -0.071459 
 0.308842 -0.107052 -0.046490 
 0.321242 -0.101669 -0.032649 
 0.333678 -0.096268 -0.018800 
 0.346528 -0.091710 0.017362 
 0.358867 -0.085836 0.020080 
 0.371656 -0.080787 0.045118 
 0.384032 -0.074894 0.047843 
 0.396931 -0.069793 0.072905 
 0.409344 -0.063884 0.075639 
 0.422055 -0.058352 0.089548 
 0.434485 -0.052434 0.092286 
 0.447921 -0.047597 0.128577 
 0.460406 -0.041653 0.131326 
 -0.349790 -0.422787 0.197364 
 -0.334530 -0.414030 0.167392 
 -0.320925 -0.407055 0.159278 
 -0.308110 -0.400953 0.162100 
 -0.293824 -0.393157 0.143025 
 -0.280328 -0.386234 0.134886 
 -0.266170 -0.378499 0.115783 
 -0.250725 -0.369155 0.074742 
 -0.238074 -0.363132 0.077528 
 -0.224780 -0.356305 0.069345 
 -0.212148 -0.350291 0.072127 
 -0.197694 -0.341917 0.041978 
 -0.185117 -0.335929 0.044748 
 -0.171969 -0.329172 0.036533 
 -0.159411 -0.323193 0.039298 
 -0.145250 -0.314958 0.009085 
 -0.131199 -0.306776 -0.021153 
 -0.118750 -0.300849 -0.018411 
 -0.105822 -0.294197 -0.026675 
 -0.092930 -0.287562 -0.034946 
 -0.080518 -0.281652 -0.032213 
 -0.067257 -0.274344 -0.051513 
 -0.054475 -0.267761 -0.059810 
 -0.041730 -0.261195 -0.068114 
 -0.028653 -0.253974 -0.087455 
 -0.015999 -0.247452 -0.095779 
 -0.003715 -0.241604 -0.093074 
 0.009198 -0.234461 -0.112451 
 0.021446 -0.228630 -0.109754 
 0.034249 -0.221539 -0.129155 
 0.046459 -0.215725 -0.126466 
 0.058912 -0.209299 -0.134835 
 0.071104 -0.203494 -0.132150 
 0.083297 -0.197689 -0.129465 
 0.095676 -0.191298 -0.137849 
 0.107850 -0.185502 -0.135168 
 0.120324 -0.178568 -0.154642 
 0.132462 -0.172789 -0.151969 
 0.144599 -0.167010 -0.149296 
 0.156737 -0.161232 -0.146623 
 0.168951 -0.154919 -0.155044 
 0.181071 -0.149149 -0.152375 
 0.193190 -0.143378 -0.149706 
 0.205310 -0.137608 -0.147037 
 0.217429 -0.131838 -0.144367 
 0.229564 -0.126558 -0.130585 
 0.241769 -0.121742 -0.105676 
 0.253995 -0.116418 -0.091873 
 0.266188 -0.110613 -0.089187 
 0.278381 -0.104808 -0.086502 
 0.290680 -0.099449 -0.072682 
 0.303141 -0.094511 -0.047717 
 0.315532 -0.089109 -0.033878 
 0.327960 -0.083689 -0.020030 
 0.340784 -0.079075 0.016126 
 0.353124 -0.073201 0.018843 
 0.365896 -0.068114 0.043878 
 0.378741 -0.062993 0.068928 
 0.391154 -0.057084 0.071661 
 0.403838 -0.051542 0.085565 
 0.416269 -0.045623 0.088303 
 0.428699 -0.039705 0.091040 
 0.441456 -0.034129 0.104960 
 0.454595 -0.028868 0.130075 
 0.467081 -0.022923 0.132825 
 0.479566 -0.016979 0.135575 
 -0.369512 -0.416598 0.204161 
 -0.355789 -0.409590 0.196073 
 -0.339705 -0.400034 0.155172 
 -0.326890 -0.393932 0.157994 
 -0.312550 -0.386156 0.138930 
 -0.299028 -0.379243 0.130798 
 -0.284816 -0.371528 0.111706 
 -0.271385 -0.364659 0.103553 
 -0.255924 -0.355399 0.062516 
 -0.243292 -0.349385 0.065298 
 -0.230007 -0.342585 0.057112 
 -0.217394 -0.336580 0.059890 
 -0.203548 -0.329039 0.040718 
 -0.190374 -0.322292 0.032509 
 -0.176657 -0.314812 0.013308 
 -0.163574 -0.308108 0.005078 
 -0.150527 -0.301422 -0.003159 
 -0.136469 -0.293305 -0.033395 
 -0.124038 -0.287387 -0.030658 
 -0.111607 -0.281468 -0.027920 
 -0.098707 -0.274852 -0.036190 
 -0.085393 -0.267564 -0.055479 
 -0.073017 -0.261671 -0.052753 
 -0.060227 -0.255107 -0.061048 
 -0.046682 -0.247234 -0.091397 
 -0.034001 -0.240722 -0.099715 
 -0.021717 -0.234874 -0.097010 
 -0.009433 -0.229025 -0.094305 
 0.003497 -0.221920 -0.113678 
 0.015745 -0.216089 -0.110981 
 0.028565 -0.209036 -0.130379 
 0.040776 -0.203222 -0.127690 
 0.053237 -0.196815 -0.136057 
 0.065429 -0.191010 -0.133372 
 0.077835 -0.184628 -0.141750 
 0.090009 -0.178832 -0.139069 
 0.102184 -0.173036 -0.136388 
 0.114674 -0.166140 -0.155858 
 0.126812 -0.160361 -0.153185 
 0.138950 -0.154582 -0.150512 
 0.151088 -0.148803 -0.147839 
 0.163310 -0.142509 -0.156258 
 0.175430 -0.136739 -0.153589 
 0.187549 -0.130968 -0.150920 
 0.199639 -0.125687 -0.137147 
 0.211777 -0.119908 -0.134474 
 0.223914 -0.114129 -0.131801 
 0.236102 -0.109275 -0.106896 
 0.248320 -0.103933 -0.093094 
 0.260574 -0.098573 -0.079284 
 0.272786 -0.092759 -0.076595 
 0.285193 -0.087801 -0.051642 
 0.297557 -0.082389 -0.037808 
 0.309958 -0.076959 -0.023967 
 0.322242 -0.071111 -0.021261 
 0.335041 -0.066441 0.014890 
 0.347380 -0.060566 0.017607 
 0.360135 -0.055442 0.042638 
 0.372511 -0.049550 0.045363 
 0.385376 -0.044374 0.070418 
 0.398052 -0.038813 0.084320 
 0.410483 -0.032895 0.087057 
 0.422913 -0.026976 0.089795 
 0.435662 -0.021381 0.103713 
 0.448111 -0.015454 0.106455 
 0.461269 -0.010139 0.131574 
 0.474128 -0.004491 0.145517 
 0.486632 0.001462 0.148270 
 -0.375520 -0.403382 0.202868 
 -0.360962 -0.395548 0.183852 
 -0.345670 -0.386912 0.153888 
 -0.331276 -0.379155 0.134836 
 -0.317727 -0.372253 0.126709 
 -0.303462 -0.364557 0.107629 
 -0.290004 -0.357698 0.099482 
 -0.276583 -0.350856 0.091327 
 -0.261106 -0.341681 0.050292 
 -0.248492 -0.335675 0.053070 
 -0.234557 -0.328137 0.033918 
 -0.223265 -0.323664 0.058626 
 -0.209403 -0.316160 0.039458 
 -0.195007 -0.307951 0.009295 
 -0.181898 -0.301258 0.001072 
 -0.168824 -0.294582 -0.007160 
 -0.155237 -0.287209 -0.026389 
 -0.142255 -0.280576 -0.034641 
 -0.129824 -0.274658 -0.031903 
 -0.116897 -0.268052 -0.040167 
 -0.104485 -0.262142 -0.037434 
 -0.091154 -0.254891 -0.056719 
 -0.078336 -0.248337 -0.065008 
 -0.065979 -0.242454 -0.062286 
 -0.052408 -0.234637 -0.092629 
 -0.039719 -0.228144 -0.100946 
 -0.027435 -0.222295 -0.098241 
 -0.015150 -0.216446 -0.095535 
 -0.002535 -0.209988 -0.103868 
 0.010044 -0.203547 -0.112208 
 0.022881 -0.196532 -0.131602 
 0.035092 -0.190718 -0.128913 
 0.047562 -0.184330 -0.137278 
 0.059754 -0.178525 -0.134593 
 0.072168 -0.172162 -0.142970 
 0.084343 -0.166366 -0.140289 
 0.096517 -0.160570 -0.137608 
 0.109025 -0.153711 -0.157074 
 0.121162 -0.147932 -0.154401 
 0.133300 -0.142153 -0.151728 
 0.145438 -0.136374 -0.149055 
 0.157576 -0.130595 -0.146382 
 0.169789 -0.124329 -0.154803 
 0.181908 -0.118559 -0.152134 
 0.193989 -0.113258 -0.138363 
 0.206127 -0.107479 -0.135690 
 0.218261 -0.102606 -0.110796 
 0.230436 -0.096809 -0.108115 
 0.242680 -0.091883 -0.083197 
 0.254891 -0.086070 -0.080508 
 0.267102 -0.080256 -0.077819 
 0.279492 -0.075260 -0.052869 
 0.291848 -0.069829 -0.039037 
 0.304240 -0.064381 -0.025197 
 0.316525 -0.058532 -0.022492 
 0.329298 -0.053806 0.013653 
 0.341818 -0.048297 0.027521 
 0.354375 -0.042770 0.041398 
 0.367187 -0.037574 0.066441 
 0.379599 -0.031664 0.069174 
 0.392266 -0.026085 0.083074 
 0.404697 -0.020166 0.085812 
 0.417127 -0.014248 0.088549 
 0.429868 -0.008634 0.102466 
 0.442317 -0.002707 0.105207 
 0.455458 0.002646 0.130323 
 0.468308 0.008313 0.144264 
 0.480812 0.014266 0.147017 
 -0.392692 -0.394624 0.176894 
 -0.379822 -0.388497 0.179728 
 -0.365284 -0.380717 0.160709 
 -0.347555 -0.369702 0.097948 
 -0.334034 -0.362836 0.089815 
 -0.321329 -0.356787 0.092613 
 -0.308623 -0.350738 0.095411 
 -0.295175 -0.343906 0.087262 
 -0.281040 -0.336318 0.068153 
 -0.266977 -0.328765 0.049029 
 -0.254363 -0.322759 0.051806 
 -0.240411 -0.315258 0.032658 
 -0.227834 -0.309270 0.035428 
 -0.214624 -0.302552 0.027226 
 -0.200836 -0.295129 0.008041 
 -0.187121 -0.287741 -0.011160 
 -0.173480 -0.280389 -0.030378 
 -0.161031 -0.274462 -0.027636 
 -0.148041 -0.267848 -0.035886 
 -0.135610 -0.261929 -0.033149 
 -0.122675 -0.255342 -0.041411 
 -0.110262 -0.249432 -0.038677 
 -0.096914 -0.242219 -0.057959 
 -0.084088 -0.235683 -0.066246 
 -0.071731 -0.229800 -0.063524 
 -0.058134 -0.222039 -0.093862 
 -0.045437 -0.215565 -0.102177 
 -0.033152 -0.209717 -0.099472 
 -0.020868 -0.203868 -0.096766 
 -0.008244 -0.197428 -0.105097 
 0.004343 -0.191006 -0.113435 
 0.017198 -0.184028 -0.132826 
 0.029408 -0.178215 -0.130136 
 0.041886 -0.171845 -0.138500 
 0.054327 -0.165493 -0.146871 
 0.066502 -0.159696 -0.144190 
 0.078676 -0.153900 -0.141509 
 0.090851 -0.148103 -0.138827 
 0.103025 -0.142307 -0.136146 
 0.115513 -0.135503 -0.155617 
 0.127374 -0.130714 -0.130784 
 0.139548 -0.124918 -0.128103 
 0.151723 -0.119122 -0.125422 
 0.164064 -0.112388 -0.144925 
 0.176202 -0.106609 -0.142252 
 0.188246 -0.101732 -0.117378 
 0.200420 -0.095936 -0.114697 
 0.212584 -0.090574 -0.100908 
 0.224777 -0.084768 -0.098223 
 0.237049 -0.080213 -0.062188 
 0.249296 -0.074382 -0.059490 
 0.261544 -0.068550 -0.056793 
 0.273873 -0.063109 -0.042967 
 0.286238 -0.057651 -0.029133 
 0.298522 -0.051802 -0.026428 
 0.310807 -0.045953 -0.023723 
 0.323554 -0.041171 0.012417 
 0.336066 -0.035643 0.026283 
 0.348615 -0.030097 0.040158 
 0.360990 -0.024205 0.042883 
 0.373822 -0.018954 0.067930 
 0.386480 -0.013356 0.081829 
 0.398647 -0.007135 0.073398 
 0.411059 -0.001225 0.076131 
 0.424073 0.004113 0.101219 
 0.436522 0.010040 0.103960 
 0.449646 0.015431 0.129072 
 0.462488 0.021116 0.143011 
 0.475366 0.026818 0.156958 
 0.487495 0.033023 0.148518 
 0.499999 0.038976 0.151272 
 -0.396045 -0.378971 0.142853 
 -0.383230 -0.372870 0.145675 
 -0.366201 -0.362732 0.093871 
 -0.352653 -0.355875 0.085744 
 -0.339948 -0.349826 0.088542 
 -0.326455 -0.342996 0.080403 
 -0.312229 -0.335410 0.061314 
 -0.299578 -0.329387 0.064100 
 -0.286195 -0.322609 0.055937 
 -0.273563 -0.316595 0.058719 
 -0.258842 -0.308368 0.028628 
 -0.245587 -0.301651 0.020436 
 -0.233028 -0.295671 0.023202 
 -0.220469 -0.289692 0.025968 
 -0.206042 -0.281604 -0.004187 
 -0.191723 -0.273569 -0.034367 
 -0.178688 -0.266956 -0.042607 
 -0.166257 -0.261038 -0.039869 
 -0.153277 -0.254451 -0.048121 
 -0.140865 -0.248542 -0.045388 
 -0.128452 -0.242632 -0.042654 
 -0.115050 -0.235439 -0.061924 
 -0.102674 -0.229547 -0.059199 
 -0.089840 -0.223030 -0.067484 
 -0.077483 -0.217146 -0.064762 
 -0.063860 -0.209442 -0.095094 
 -0.051558 -0.203585 -0.092385 
 -0.038870 -0.197138 -0.100702 
 -0.026586 -0.191289 -0.097997 
 -0.013605 -0.184296 -0.117360 
 -0.001357 -0.178465 -0.114662 
 0.011514 -0.171525 -0.134049 
 0.023725 -0.165711 -0.131360 
 0.036211 -0.159360 -0.139722 
 0.048404 -0.153555 -0.137036 
 0.060835 -0.147230 -0.145409 
 0.073450 -0.140412 -0.164853 
 0.085184 -0.135637 -0.140047 
 0.097358 -0.129841 -0.137366 
 0.109533 -0.124045 -0.134685 
 0.121707 -0.118248 -0.132004 
 0.133882 -0.112452 -0.129323 
 0.146056 -0.106655 -0.126642 
 0.158230 -0.100859 -0.123960 
 0.170405 -0.095063 -0.121279 
 0.182524 -0.089699 -0.107500 
 0.194716 -0.083894 -0.104815 
 0.206890 -0.078504 -0.091022 
 0.219101 -0.072690 -0.088333 
 0.231348 -0.067672 -0.063415 
 0.243595 -0.061840 -0.060717 
 0.255898 -0.056389 -0.046898 
 0.268163 -0.050549 -0.044196 
 0.280520 -0.045072 -0.030364 
 0.292805 -0.039224 -0.027659 
 0.305216 -0.033720 -0.013814 
 0.317811 -0.028536 0.011181 
 0.330314 -0.022989 0.025045 
 0.342672 -0.017106 0.027766 
 0.355230 -0.011533 0.041643 
 0.368044 -0.006244 0.066687 
 0.380457 -0.000335 0.069420 
 0.392869 0.005575 0.072154 
 0.405281 0.011485 0.074887 
 0.417986 0.017127 0.088796 
 0.430728 0.022788 0.102713 
 0.443834 0.028216 0.127821 
 0.456667 0.033919 0.141758 
 0.469537 0.039641 0.155703 
 0.482059 0.045603 0.158461 
 0.494582 0.051565 0.161219 
 -0.415731 -0.372766 0.149658 
 -0.399346 -0.363431 0.108823 
 -0.384847 -0.355761 0.089795 
 -0.371272 -0.348915 0.081673 
 -0.357734 -0.342086 0.073543 
 -0.345047 -0.336045 0.076338 
 -0.330767 -0.328480 0.057261 
 -0.317339 -0.321703 0.049107 
 -0.304707 -0.315689 0.051889 
 -0.291333 -0.308938 0.043723 
 -0.277274 -0.301477 0.024598 
 -0.264696 -0.295489 0.027368 
 -0.251433 -0.288791 0.019178 
 -0.237538 -0.281408 0.000016 
 -0.224366 -0.274754 -0.008194 
 -0.211862 -0.268800 -0.005440 
 -0.197518 -0.260821 -0.035614 
 -0.184474 -0.254228 -0.043852 
 -0.171467 -0.247651 -0.052099 
 -0.159054 -0.241742 -0.049365 
 -0.146642 -0.235832 -0.046632 
 -0.134230 -0.229922 -0.043898 
 -0.120810 -0.222766 -0.063164 
 -0.107949 -0.216260 -0.071443 
 -0.095592 -0.210376 -0.068722 
 -0.083235 -0.204493 -0.066000 
 -0.069587 -0.196845 -0.096327 
 -0.057284 -0.190987 -0.093618 
 -0.044588 -0.184559 -0.101933 
 -0.032304 -0.178711 -0.099228 
 -0.019663 -0.172309 -0.107555 
 -0.007058 -0.165924 -0.115889 
 0.005190 -0.160093 -0.113192 
 0.018041 -0.153207 -0.132583 
 0.030536 -0.146875 -0.140943 
 0.042729 -0.141070 -0.138258 
 0.055168 -0.134764 -0.146629 
 0.067343 -0.128968 -0.143948 
 0.079517 -0.123171 -0.141267 
 0.091692 -0.117375 -0.138586 
 0.103866 -0.111578 -0.135905 
 0.116041 -0.105782 -0.133224 
 0.128215 -0.099986 -0.130542 
 0.140389 -0.094189 -0.127861 
 0.152564 -0.088393 -0.125180 
 0.164656 -0.083019 -0.111406 
 0.176849 -0.077214 -0.108721 
 0.189041 -0.071409 -0.106036 
 0.201206 -0.066000 -0.092246 
 0.213418 -0.060186 -0.089556 
 0.225656 -0.055509 -0.053529 
 0.237895 -0.049299 -0.061945 
 0.250188 -0.043830 -0.048126 
 0.262518 -0.038342 -0.034300 
 0.274803 -0.032494 -0.031595 
 0.287187 -0.026980 -0.017756 
 0.299490 -0.021123 -0.015047 
 0.312068 -0.015901 0.009944 
 0.324562 -0.010336 0.023807 
 0.336920 -0.004452 0.026528 
 0.349470 0.001139 0.040404 
 0.362267 0.006466 0.065443 
 0.374908 0.012101 0.079338 
 0.387091 0.018285 0.070910 
 0.399504 0.024195 0.073644 
 0.412200 0.029856 0.087551 
 0.424933 0.035535 0.101465 
 0.438023 0.041001 0.126570 
 0.451186 0.046501 0.151691 
 0.463708 0.052463 0.154448 
 0.476981 0.058016 0.179594 
 0.489540 0.063995 0.182359 
 0.502099 0.069975 0.185125 
 -0.418961 -0.357236 0.115644 
 -0.405286 -0.350365 0.107544 
 -0.389891 -0.341954 0.077602 
 -0.377186 -0.335905 0.080400 
 -0.363639 -0.329095 0.072272 
 -0.350952 -0.323054 0.075066 
 -0.336656 -0.315526 0.055993 
 -0.323219 -0.308768 0.047842 
 -0.310587 -0.302754 0.050624 
 -0.295705 -0.294587 0.020568 
 -0.283128 -0.288599 0.023338 
 -0.269837 -0.281910 0.015154 
 -0.255888 -0.274548 -0.003996 
 -0.242689 -0.267903 -0.012200 
 -0.230186 -0.261950 -0.009447 
 -0.215761 -0.254001 -0.039603 
 -0.202691 -0.247417 -0.047835 
 -0.190260 -0.241499 -0.045098 
 -0.177244 -0.234941 -0.053342 
 -0.164832 -0.229032 -0.050609 
 -0.152419 -0.223122 -0.047875 
 -0.140007 -0.217212 -0.045142 
 -0.126571 -0.210094 -0.064404 
 -0.113701 -0.203606 -0.072681 
 -0.101344 -0.197723 -0.069960 
 -0.088986 -0.191839 -0.067239 
 -0.076190 -0.185386 -0.075531 
 -0.063010 -0.178390 -0.094850 
 -0.050708 -0.172533 -0.092141 
 -0.038405 -0.166675 -0.089432 
 -0.025737 -0.160283 -0.097753 
 -0.013106 -0.153909 -0.106082 
 -0.000840 -0.148069 -0.103381 
 0.011737 -0.141721 -0.111722 
 0.024569 -0.134890 -0.131118 
 0.037054 -0.128585 -0.139480 
 0.049246 -0.122780 -0.136794 
 0.061676 -0.116502 -0.145168 
 0.073851 -0.110705 -0.142487 
 0.086025 -0.104909 -0.139806 
 0.098200 -0.099112 -0.137125 
 0.110374 -0.093316 -0.134443 
 0.122548 -0.087520 -0.131762 
 0.134595 -0.082144 -0.117998 
 0.146788 -0.076339 -0.115313 
 0.158981 -0.070534 -0.112628 
 0.171173 -0.064729 -0.109943 
 0.183366 -0.058924 -0.107258 
 0.195523 -0.053497 -0.093469 
 0.207699 -0.048421 -0.068566 
 0.219946 -0.042589 -0.065869 
 0.232213 -0.037110 -0.052057 
 0.244479 -0.031270 -0.049355 
 0.256801 -0.025764 -0.035531 
 0.269159 -0.020240 -0.021698 
 0.281461 -0.014383 -0.018989 
 0.293985 -0.009141 0.005991 
 0.306324 -0.003267 0.008708 
 0.318811 0.002318 0.022569 
 0.331333 0.007920 0.036438 
 0.343709 0.013812 0.039164 
 0.356489 0.019175 0.064200 
 0.369122 0.024829 0.078092 
 0.381553 0.030748 0.080830 
 0.393984 0.036666 0.083568 
 0.406690 0.042355 0.097477 
 0.419139 0.048282 0.100218 
 0.432212 0.053785 0.125319 
 0.445027 0.059527 0.139252 
 0.457880 0.065285 0.153194 
 0.471136 0.070876 0.178335 
 0.483695 0.076855 0.181101 
 0.496254 0.082834 0.183867 
 0.508812 0.088814 0.186633 
 -0.437687 -0.350236 0.111549 
 -0.423985 -0.343374 0.103456 
 -0.409415 -0.335762 0.084443 
 -0.395805 -0.328944 0.076329 
 -0.382231 -0.322144 0.068207 
 -0.369544 -0.316104 0.071001 
 -0.355194 -0.308596 0.051940 
 -0.342544 -0.302573 0.054726 
 -0.329098 -0.295833 0.046576 
 -0.315689 -0.289112 0.038418 
 -0.301559 -0.281708 0.019308 
 -0.288982 -0.275720 0.022078 
 -0.275683 -0.269051 0.013896 
 -0.261013 -0.261053 -0.016207 
 -0.248510 -0.255100 -0.013453 
 -0.235339 -0.248491 -0.021664 
 -0.221556 -0.241254 -0.040850 
 -0.208477 -0.234689 -0.049081 
 -0.196046 -0.228770 -0.046343 
 -0.183022 -0.222232 -0.054586 
 -0.170609 -0.216322 -0.051852 
 -0.158197 -0.210412 -0.049119 
 -0.145784 -0.204502 -0.046385 
 -0.132331 -0.197422 -0.065644 
 -0.119453 -0.190953 -0.073920 
 -0.107096 -0.185069 -0.071198 
 -0.094738 -0.179186 -0.068477 
 -0.081934 -0.172751 -0.076768 
 -0.068737 -0.165793 -0.096083 
 -0.056434 -0.159935 -0.093374 
 -0.044132 -0.154078 -0.090664 
 -0.031081 -0.147189 -0.110012 
 -0.018815 -0.141349 -0.107311 
 -0.006212 -0.135011 -0.115646 
 0.006674 -0.128200 -0.135030 
 0.018885 -0.122386 -0.132341 
 0.031378 -0.116100 -0.140701 
 0.043571 -0.110295 -0.138016 
 0.055764 -0.104490 -0.135331 
 0.067957 -0.098685 -0.132646 
 0.080149 -0.092880 -0.129961 
 0.092342 -0.087075 -0.127275 
 0.104535 -0.081270 -0.124590 
 0.116727 -0.075465 -0.121905 
 0.128920 -0.069660 -0.119220 
 0.141113 -0.063855 -0.116535 
 0.153306 -0.058049 -0.113850 
 0.165498 -0.052244 -0.111165 
 0.177628 -0.046807 -0.097382 
 0.189750 -0.041711 -0.072491 
 0.201998 -0.035880 -0.069793 
 0.214230 -0.030731 -0.044878 
 0.226514 -0.024883 -0.042173 
 0.238827 -0.019358 -0.028349 
 0.251224 -0.014131 -0.003398 
 0.263629 -0.008563 0.010445 
 0.275986 -0.002679 0.013166 
 0.288344 0.003204 0.015888 
 0.300701 0.009088 0.018609 
 0.313197 0.014700 0.032473 
 0.325573 0.020592 0.035198 
 0.338299 0.025976 0.060222 
 0.350906 0.031640 0.074109 
 0.363548 0.037321 0.088004 
 0.375767 0.043476 0.079585 
 0.388198 0.049395 0.082322 
 0.400895 0.055103 0.096229 
 0.413914 0.060626 0.121319 
 0.426400 0.066570 0.124068 
 0.439207 0.072330 0.138000 
 0.451711 0.078283 0.140753 
 0.465290 0.083735 0.177077 
 0.477849 0.089715 0.179843 
 0.490408 0.095694 0.182608 
 0.502967 0.101674 0.185374 
 -0.442685 -0.336384 0.099367 
 -0.428061 -0.328791 0.080366 
 -0.415338 -0.322733 0.083168 
 -0.400824 -0.315193 0.064142 
 -0.388137 -0.309153 0.066936 
 -0.373733 -0.301665 0.047886 
 -0.361082 -0.295642 0.050672 
 -0.347610 -0.288913 0.042528 
 -0.334174 -0.282201 0.034376 
 -0.321561 -0.276196 0.037154 
 -0.307413 -0.268830 0.018048 
 -0.294087 -0.262170 0.009871 
 -0.280068 -0.254866 -0.009263 
 -0.266833 -0.248250 -0.017460 
 -0.254330 -0.242296 -0.014706 
 -0.241150 -0.235707 -0.022915 
 -0.227350 -0.228506 -0.042098 
 -0.214263 -0.221960 -0.050326 
 -0.201832 -0.216042 -0.047589 
 -0.188799 -0.209522 -0.055830 
 -0.176387 -0.203612 -0.053096 
 -0.163974 -0.197702 -0.050362 
 -0.151562 -0.191793 -0.047629 
 -0.138092 -0.184749 -0.066884 
 -0.125205 -0.178299 -0.075158 
 -0.112848 -0.172416 -0.072436 
 -0.100490 -0.166532 -0.069715 
 -0.088133 -0.160649 -0.066993 
 -0.074463 -0.153195 -0.097316 
 -0.062160 -0.147338 -0.094606 
 -0.049858 -0.141481 -0.091897 
 -0.036790 -0.134629 -0.111241 
 -0.024524 -0.128789 -0.108540 
 -0.011913 -0.122470 -0.116874 
 0.000990 -0.115697 -0.136254 
 0.013201 -0.109883 -0.133565 
 0.025412 -0.104069 -0.130875 
 0.037896 -0.097810 -0.139238 
 0.050089 -0.092005 -0.136553 
 0.062281 -0.086200 -0.133867 
 0.074474 -0.080395 -0.131182 
 0.086667 -0.074590 -0.128497 
 0.098860 -0.068785 -0.125812 
 0.111052 -0.062980 -0.123127 
 0.123245 -0.057175 -0.120442 
 0.135438 -0.051370 -0.117757 
 0.147630 -0.045565 -0.115071 
 0.159823 -0.039759 -0.112386 
 0.171944 -0.034303 -0.098605 
 0.184050 -0.029170 -0.073718 
 0.196297 -0.023338 -0.071020 
 0.208529 -0.017830 -0.057216 
 0.220797 -0.012304 -0.043403 
 0.233101 -0.006761 -0.029582 
 0.245519 -0.001793 0.006485 
 0.258048 0.003227 0.042578 
 0.270460 0.009137 0.045311 
 0.282966 0.014776 0.059176 
 0.295397 0.020695 0.061914 
 0.307827 0.026613 0.064651 
 0.320258 0.032531 0.067389 
 0.333189 0.037743 0.103570 
 0.345675 0.043688 0.106319 
 0.358364 0.049414 0.120225 
 0.370646 0.055577 0.111819 
 0.383132 0.061521 0.114568 
 0.395617 0.067466 0.117318 
 0.408103 0.073410 0.120068 
 0.420588 0.079355 0.122817 
 0.433387 0.085134 0.136747 
 0.445891 0.091087 0.139501 
 0.459445 0.096595 0.175819 
 0.472004 0.102575 0.178584 
 0.484562 0.108554 0.181350 
 0.497121 0.114533 0.184116 
 -0.446707 -0.321821 0.076289 
 -0.433983 -0.315763 0.079091 
 -0.420338 -0.308974 0.070985 
 -0.406729 -0.302202 0.062871 
 -0.392271 -0.294735 0.043833 
 -0.379621 -0.288712 0.046619 
 -0.366122 -0.281992 0.038481 
 -0.353490 -0.275978 0.041263 
 -0.340046 -0.269285 0.033112 
 -0.327432 -0.263280 0.035890 
 -0.313267 -0.255951 0.016788 
 -0.299933 -0.249310 0.008613 
 -0.285896 -0.242043 -0.010518 
 -0.272654 -0.235446 -0.018713 
 -0.260150 -0.229493 -0.015959 
 -0.246962 -0.222922 -0.024166 
 -0.233145 -0.215759 -0.043345 
 -0.220048 -0.209232 -0.051572 
 -0.207618 -0.203313 -0.048834 
 -0.194576 -0.196812 -0.057073 
 -0.182164 -0.190902 -0.054340 
 -0.169752 -0.184993 -0.051606 
 -0.157339 -0.179083 -0.048873 
 -0.143852 -0.172077 -0.068124 
 -0.130957 -0.165646 -0.076396 
 -0.118599 -0.159762 -0.073674 
 -0.106242 -0.153878 -0.070953 
 -0.093420 -0.147482 -0.079240 
 -0.080189 -0.140598 -0.098548 
 -0.067887 -0.134741 -0.095839 
 -0.055584 -0.128883 -0.093130 
 -0.042500 -0.122069 -0.112470 
 -0.029861 -0.115760 -0.120798 
 -0.017613 -0.109928 -0.118101 
 -0.004694 -0.103193 -0.137477 
 0.007517 -0.097379 -0.134788 
 0.020028 -0.091131 -0.143144 
 0.032221 -0.085326 -0.140459 
 0.044414 -0.079520 -0.137774 
 0.056606 -0.073715 -0.135089 
 0.068799 -0.067910 -0.132404 
 0.080992 -0.062105 -0.129719 
 0.093184 -0.056300 -0.127034 
 0.105377 -0.050495 -0.124348 
 0.117570 -0.044690 -0.121663 
 0.129762 -0.038885 -0.118978 
 0.141955 -0.033080 -0.116293 
 0.154148 -0.027275 -0.113608 
 0.166261 -0.021800 -0.099829 
 0.178349 -0.016629 -0.074945 
 0.190597 -0.010797 -0.072248 
 0.202820 -0.005270 -0.058445 
 0.215079 0.000275 -0.044634 
 0.227398 0.005264 -0.008588 
 0.239798 0.010583 0.016365 
 0.252270 0.015937 0.041334 
 0.264683 0.021847 0.044067 
 0.277180 0.027505 0.057931 
 0.289714 0.033180 0.071802 
 0.302163 0.039107 0.074544 
 0.314612 0.045034 0.077285 
 0.327377 0.050528 0.102319 
 0.340040 0.056264 0.116218 
 0.352544 0.062218 0.118972 
 0.364834 0.068362 0.110568 
 0.377552 0.074124 0.124479 
 0.390056 0.080077 0.127233 
 0.402559 0.086031 0.129987 
 0.415063 0.091984 0.132740 
 0.428481 0.097496 0.169029 
 0.441040 0.103475 0.171795 
 0.453940 0.109325 0.185746 
 0.466158 0.115434 0.177326 
 0.479095 0.121302 0.191286 
 0.491672 0.127290 0.194056 
 -0.452629 -0.308792 0.075014 
 -0.439906 -0.302734 0.077816 
 -0.426252 -0.295964 0.069712 
 -0.412634 -0.289211 0.061600 
 -0.398160 -0.281781 0.042565 
 -0.385509 -0.275758 0.045351 
 -0.372002 -0.269058 0.037215 
 -0.358530 -0.262375 0.029070 
 -0.345917 -0.256369 0.031848 
 -0.331698 -0.249061 0.012758 
 -0.318337 -0.242430 0.004589 
 -0.305778 -0.236451 0.007355 
 -0.291725 -0.229221 -0.011773 
 -0.278474 -0.222643 -0.019965 
 -0.265970 -0.216689 -0.017212 
 -0.252773 -0.210137 -0.025416 
 -0.238939 -0.203012 -0.044592 
 -0.226490 -0.197085 -0.041851 
 -0.213404 -0.190585 -0.050080 
 -0.200354 -0.184102 -0.058317 
 -0.187941 -0.178192 -0.055583 
 -0.175529 -0.172283 -0.052850 
 -0.161988 -0.165297 -0.072090 
 -0.149612 -0.159405 -0.069364 
 -0.136709 -0.152992 -0.077634 
 -0.124351 -0.147108 -0.074913 
 -0.111994 -0.141225 -0.072191 
 -0.099164 -0.134847 -0.080477 
 -0.085916 -0.128001 -0.099781 
 -0.074485 -0.123097 -0.075042 
 -0.061310 -0.116286 -0.094362 
 -0.048209 -0.109509 -0.113699 
 -0.035943 -0.103669 -0.110998 
 -0.023314 -0.097387 -0.119328 
 -0.010377 -0.090689 -0.138701 
 0.001834 -0.084876 -0.136011 
 0.014353 -0.078646 -0.144366 
 0.026546 -0.072841 -0.141681 
 0.038738 -0.067035 -0.138996 
 0.050931 -0.061230 -0.136311 
 0.063124 -0.055425 -0.133626 
 0.075316 -0.049620 -0.130940 
 0.087509 -0.043815 -0.128255 
 0.099882 -0.037655 -0.136641 
 0.111895 -0.032205 -0.122885 
 0.124087 -0.026400 -0.120200 
 0.136280 -0.020595 -0.117515 
 0.148473 -0.014790 -0.114829 
 0.160577 -0.009296 -0.101052 
 0.172648 -0.004087 -0.076172 
 0.184896 0.001744 -0.073475 
 0.197110 0.007290 -0.059674 
 0.209361 0.012853 -0.045865 
 0.221658 0.017631 0.001288 
 0.234080 0.022737 0.037357 
 0.246533 0.028396 0.051210 
 0.258963 0.034315 0.053948 
 0.271471 0.040000 0.067813 
 0.283920 0.045927 0.070555 
 0.296369 0.051855 0.073296 
 0.309080 0.057368 0.098318 
 0.321716 0.063115 0.112212 
 0.334220 0.069068 0.114965 
 0.346910 0.074841 0.128871 
 0.359228 0.080974 0.120473 
 0.371732 0.086928 0.123227 
 0.384235 0.092881 0.125980 
 0.396739 0.098834 0.128734 
 0.409243 0.104788 0.131488 
 0.422636 0.110356 0.167770 
 0.435195 0.116335 0.170536 
 0.448086 0.122204 0.184486 
 0.460663 0.128192 0.187256 
 0.473980 0.133993 0.212410 
 0.486593 0.139999 0.215188 
 -0.458552 -0.295764 0.073739 
 -0.445828 -0.289706 0.076542 
 -0.432165 -0.282954 0.068439 
 -0.418539 -0.276220 0.060329 
 -0.404048 -0.268828 0.041298 
 -0.390513 -0.262137 0.033168 
 -0.377015 -0.255464 0.025029 
 -0.364402 -0.249459 0.027807 
 -0.350130 -0.242170 0.008728 
 -0.337553 -0.236182 0.011497 
 -0.324183 -0.229570 0.003331 
 -0.311624 -0.223591 0.006097 
 -0.297553 -0.216399 -0.013027 
 -0.284294 -0.209839 -0.021218 
 -0.271790 -0.203886 -0.018464 
 -0.258585 -0.197352 -0.026667 
 -0.246099 -0.191408 -0.023918 
 -0.232285 -0.184337 -0.043098 
 -0.219190 -0.177856 -0.051325 
 -0.206131 -0.171392 -0.059560 
 -0.193719 -0.165483 -0.056827 
 -0.180124 -0.158517 -0.076055 
 -0.167748 -0.152625 -0.073329 
 -0.155373 -0.146733 -0.070604 
 -0.142461 -0.140338 -0.078872 
 -0.130103 -0.134455 -0.076151 
 -0.117746 -0.128571 -0.073429 
 -0.104907 -0.122212 -0.081713 
 -0.091642 -0.115403 -0.101013 
 -0.079339 -0.109546 -0.098304 
 -0.067037 -0.103689 -0.095595 
 -0.053918 -0.096950 -0.114928 
 -0.041262 -0.090678 -0.123252 
 -0.028272 -0.084000 -0.142613 
 -0.016061 -0.078186 -0.139924 
 -0.003850 -0.072372 -0.137235 
 0.008678 -0.066161 -0.145588 
 0.020870 -0.060356 -0.142903 
 0.033063 -0.054551 -0.140217 
 0.045256 -0.048746 -0.137532 
 0.057692 -0.042578 -0.145905 
 0.069866 -0.036782 -0.143223 
 0.082041 -0.030985 -0.140542 
 0.094215 -0.025189 -0.137861 
 0.106389 -0.019393 -0.135180 
 0.118564 -0.013596 -0.132499 
 0.130605 -0.008110 -0.118736 
 0.142682 -0.002606 -0.104965 
 0.154893 0.003208 -0.102276 
 0.166948 0.008454 -0.077399 
 0.179195 0.014285 -0.074702 
 0.191401 0.019850 -0.060903 
 0.203620 0.025174 -0.035989 
 0.215901 0.030035 0.011160 
 0.228316 0.035207 0.047227 
 0.240778 0.040893 0.061083 
 0.253227 0.046821 0.063824 
 0.265676 0.052748 0.066566 
 0.278298 0.058264 0.091568 
 0.290783 0.064208 0.094318 
 0.303392 0.069965 0.108205 
 0.316037 0.075739 0.122101 
 0.328559 0.081701 0.124859 
 0.341082 0.087663 0.127617 
 0.353604 0.093625 0.130374 
 0.366555 0.099298 0.155449 
 0.378648 0.105549 0.135890 
 0.391171 0.111511 0.138647 
 0.403693 0.117473 0.141405 
 0.416790 0.123216 0.166512 
 0.429349 0.129195 0.169278 
 0.442232 0.135082 0.183226 
 0.454809 0.141070 0.185996 
 0.467387 0.147059 0.188766 
 0.480722 0.152915 0.213925 
 -0.451750 -0.276677 0.075267 
 -0.439027 -0.270619 0.078069 
 -0.424445 -0.263229 0.059057 
 -0.409936 -0.255874 0.040031 
 -0.396393 -0.249202 0.031902 
 -0.382887 -0.242548 0.023765 
 -0.370273 -0.236543 0.026543 
 -0.355984 -0.229292 0.007467 
 -0.342587 -0.222690 -0.000693 
 -0.330028 -0.216711 0.002072 
 -0.315904 -0.209538 -0.017040 
 -0.303382 -0.203576 -0.014282 
 -0.290114 -0.197035 -0.022471 
 -0.277610 -0.191082 -0.019717 
 -0.264396 -0.184567 -0.027918 
 -0.251911 -0.178623 -0.025169 
 -0.238079 -0.171590 -0.044345 
 -0.224976 -0.165128 -0.052571 
 -0.212545 -0.159209 -0.049833 
 -0.199496 -0.152773 -0.058071 
 -0.185885 -0.145845 -0.077295 
 -0.173509 -0.139952 -0.074569 
 -0.161133 -0.134060 -0.071844 
 -0.148212 -0.127685 -0.080110 
 -0.135329 -0.121327 -0.088384 
 -0.122989 -0.115452 -0.085667 
 -0.109671 -0.108663 -0.104955 
 -0.097368 -0.102806 -0.102246 
 -0.085066 -0.096949 -0.099537 
 -0.072328 -0.090660 -0.107843 
 -0.059627 -0.084390 -0.116157 
 -0.046963 -0.078136 -0.124479 
 -0.033956 -0.071496 -0.143837 
 -0.021745 -0.065682 -0.141148 
 -0.009534 -0.059868 -0.138458 
 0.003003 -0.053676 -0.146809 
 0.015195 -0.047871 -0.144124 
 0.027676 -0.041705 -0.152487 
 0.039851 -0.035908 -0.149805 
 0.052025 -0.030112 -0.147124 
 0.064200 -0.024316 -0.144443 
 0.076374 -0.018519 -0.141762 
 0.088549 -0.012723 -0.139081 
 0.100723 -0.006927 -0.136400 
 0.112897 -0.001130 -0.133719 
 0.125072 0.004666 -0.131038 
 0.137123 0.010180 -0.117273 
 0.149210 0.015711 -0.103499 
 0.161421 0.021525 -0.100810 
 0.173494 0.026826 -0.075929 
 0.185692 0.032410 -0.062132 
 0.197926 0.038010 -0.048327 
 0.210210 0.043859 -0.045621 
 0.222526 0.048157 0.034870 
 0.234961 0.053854 0.048719 
 0.247392 0.059772 0.051457 
 0.259882 0.065495 0.065318 
 0.272486 0.071049 0.090317 
 0.284972 0.076993 0.093067 
 0.297572 0.082768 0.106952 
 0.310474 0.088240 0.143128 
 0.322731 0.094523 0.123604 
 0.335591 0.100199 0.148659 
 0.348150 0.106178 0.151425 
 0.360709 0.112158 0.154191 
 0.373268 0.118137 0.156956 
 0.385827 0.124117 0.159722 
 0.398386 0.130096 0.162488 
 0.411224 0.135985 0.176426 
 0.423801 0.141973 0.179196 
 0.436378 0.147961 0.181966 
 0.448955 0.153949 0.184736 
 0.461532 0.159937 0.187506 
 -0.457673 -0.263649 0.073992 
 -0.444949 -0.257591 0.076794 
 -0.430350 -0.250238 0.057786 
 -0.415824 -0.242921 0.038763 
 -0.402273 -0.236268 0.030636 
 -0.388758 -0.229632 0.022501 
 -0.374415 -0.222402 0.003438 
 -0.361838 -0.216413 0.006207 
 -0.348433 -0.209830 -0.001952 
 -0.334255 -0.202678 -0.021052 
 -0.321733 -0.196716 -0.018294 
 -0.309210 -0.190754 -0.015537 
 -0.296688 -0.184792 -0.012779 
 -0.283430 -0.178279 -0.020970 
 -0.270926 -0.172325 -0.018216 
 -0.258422 -0.166372 -0.015463 
 -0.245236 -0.159893 -0.023670 
 -0.231425 -0.152916 -0.042851 
 -0.217686 -0.145973 -0.062048 
 -0.205274 -0.140063 -0.059314 
 -0.191645 -0.133172 -0.078535 
 -0.179269 -0.127280 -0.075809 
 -0.166322 -0.120915 -0.084070 
 -0.153964 -0.115031 -0.081348 
 -0.141072 -0.108692 -0.089620 
 -0.127700 -0.101923 -0.108897 
 -0.115397 -0.096066 -0.106188 
 -0.102614 -0.089779 -0.114485 
 -0.090330 -0.083931 -0.111779 
 -0.077602 -0.077670 -0.120087 
 -0.064911 -0.071427 -0.128404 
 -0.052664 -0.065595 -0.125706 
 -0.039639 -0.058992 -0.145060 
 -0.027428 -0.053179 -0.142371 
 -0.015217 -0.047365 -0.139682 
 -0.002673 -0.041191 -0.148031 
 0.009835 -0.035035 -0.156387 
 0.022010 -0.029239 -0.153706 
 0.034184 -0.023442 -0.151025 
 0.046879 -0.016996 -0.170452 
 0.059017 -0.011217 -0.167779 
 0.071155 -0.005438 -0.165105 
 0.083293 0.000341 -0.162432 
 0.095430 0.006120 -0.159759 
 0.107568 0.011899 -0.157086 
 0.119405 0.017132 -0.132257 
 0.131447 0.022665 -0.118494 
 0.143640 0.028470 -0.115809 
 0.155737 0.034029 -0.102033 
 0.167948 0.039842 -0.099344 
 0.180041 0.045198 -0.074459 
 0.192289 0.051030 -0.071762 
 0.204336 0.054957 0.030892 
 0.216748 0.060867 0.033626 
 0.229175 0.066582 0.047474 
 0.241606 0.072501 0.050211 
 0.254087 0.078242 0.064071 
 0.266675 0.083833 0.089066 
 0.279160 0.089778 0.091816 
 0.291752 0.095572 0.105700 
 0.304752 0.100958 0.153008 
 0.317329 0.106946 0.155777 
 0.330228 0.112686 0.180840 
 0.342484 0.118922 0.161317 
 0.355456 0.124697 0.186396 
 0.367638 0.130899 0.166857 
 0.380215 0.136887 0.169627 
 0.393297 0.142713 0.194730 
 0.405911 0.148719 0.197507 
 0.418525 0.154724 0.200285 
 0.431139 0.160730 0.203063 
 0.443752 0.166736 0.205841 
 -0.476318 -0.256678 0.069915 
 -0.463595 -0.250620 0.072717 
 -0.449907 -0.243925 0.064620 
 -0.436255 -0.237247 0.056515 
 -0.421712 -0.229967 0.037496 
 -0.408152 -0.223333 0.029371 
 -0.394629 -0.216716 0.021237 
 -0.380269 -0.209523 0.002177 
 -0.367692 -0.203535 0.004947 
 -0.354278 -0.196970 -0.003210 
 -0.340083 -0.189856 -0.022307 
 -0.327561 -0.183894 -0.019549 
 -0.314258 -0.177382 -0.027730 
 -0.301754 -0.171428 -0.024977 
 -0.289250 -0.165475 -0.022223 
 -0.276746 -0.159522 -0.019469 
 -0.264242 -0.153569 -0.016715 
 -0.251048 -0.147109 -0.024921 
 -0.237219 -0.140168 -0.044098 
 -0.224117 -0.133752 -0.052324 
 -0.211051 -0.127353 -0.060558 
 -0.197405 -0.120500 -0.079775 
 -0.184431 -0.114145 -0.088029 
 -0.171494 -0.107807 -0.096291 
 -0.159154 -0.101932 -0.093574 
 -0.145728 -0.095184 -0.112839 
 -0.133426 -0.089326 -0.110130 
 -0.121123 -0.083469 -0.107421 
 -0.108332 -0.077201 -0.115716 
 -0.096048 -0.071352 -0.113010 
 -0.083312 -0.065110 -0.121316 
 -0.070612 -0.058885 -0.129631 
 -0.058364 -0.053054 -0.126934 
 -0.045323 -0.046489 -0.146284 
 -0.033112 -0.040675 -0.143595 
 -0.020540 -0.034511 -0.151938 
 -0.008348 -0.028706 -0.149253 
 0.004169 -0.022569 -0.157607 
 0.016343 -0.016773 -0.154926 
 0.028518 -0.010976 -0.152245 
 0.041230 -0.004567 -0.171668 
 0.053367 0.001211 -0.168995 
 0.065737 0.007279 -0.177382 
 0.077857 0.013049 -0.174713 
 0.089976 0.018820 -0.172044 
 0.102096 0.024590 -0.169375 
 0.114056 0.030106 -0.155629 
 0.125913 0.035395 -0.130796 
 0.138087 0.041191 -0.128115 
 0.150158 0.046760 -0.114346 
 0.162350 0.052565 -0.111660 
 0.174543 0.058370 -0.108975 
 0.186588 0.063571 -0.072989 
 0.198774 0.069016 -0.048083 
 0.211021 0.074313 -0.012052 
 0.223371 0.079837 0.012891 
 0.235796 0.085396 0.037849 
 0.248208 0.091305 0.040583 
 0.260681 0.097066 0.054441 
 0.273349 0.102563 0.090565 
 0.286029 0.108244 0.115579 
 0.298898 0.113836 0.151748 
 0.311475 0.119825 0.154517 
 0.324357 0.125602 0.179576 
 0.336971 0.131607 0.182354 
 0.349585 0.137613 0.185132 
 0.362198 0.143618 0.187910 
 0.374812 0.149624 0.190688 
 0.387670 0.155567 0.204631 
 0.400040 0.161635 0.196244 
 0.412934 0.167596 0.210195 
 0.425566 0.173610 0.212977 
 0.437881 0.179652 0.204577 
 -0.482241 -0.243650 0.068640 
 -0.469517 -0.237592 0.071442 
 -0.456793 -0.231534 0.074244 
 -0.440251 -0.223037 0.033442 
 -0.427600 -0.217014 0.036228 
 -0.414032 -0.210398 0.028105 
 -0.400500 -0.203800 0.019973 
 -0.386123 -0.196644 0.000917 
 -0.373546 -0.190656 0.003687 
 -0.358434 -0.182995 -0.026319 
 -0.345912 -0.177033 -0.023561 
 -0.333390 -0.171071 -0.020804 
 -0.320078 -0.164578 -0.028983 
 -0.307574 -0.158625 -0.026229 
 -0.295070 -0.152672 -0.023476 
 -0.282566 -0.146718 -0.020722 
 -0.270062 -0.140765 -0.017968 
 -0.256859 -0.134324 -0.026172 
 -0.243013 -0.127421 -0.045346 
 -0.229903 -0.121024 -0.053570 
 -0.216828 -0.114643 -0.061801 
 -0.203166 -0.107828 -0.081015 
 -0.190183 -0.101491 -0.089268 
 -0.177825 -0.095608 -0.086546 
 -0.164898 -0.089297 -0.094810 
 -0.152559 -0.083422 -0.092093 
 -0.139152 -0.076729 -0.111363 
 -0.126850 -0.070871 -0.108653 
 -0.114050 -0.064622 -0.116946 
 -0.101766 -0.058773 -0.114241 
 -0.089021 -0.052550 -0.122545 
 -0.076313 -0.046344 -0.130858 
 -0.064065 -0.040513 -0.128161 
 -0.051007 -0.033985 -0.147507 
 -0.038796 -0.028171 -0.144818 
 -0.026215 -0.022027 -0.153159 
 -0.014023 -0.016221 -0.150474 
 -0.001498 -0.010103 -0.158827 
 0.011304 -0.003697 -0.178230 
 0.023442 0.002082 -0.175557 
 0.035580 0.007861 -0.172884 
 0.047977 0.013919 -0.181265 
 0.060096 0.019689 -0.178596 
 0.072216 0.025459 -0.175927 
 0.084335 0.031229 -0.173258 
 0.096455 0.037000 -0.170589 
 0.108574 0.042770 -0.167920 
 0.120545 0.048314 -0.154172 
 0.132421 0.053657 -0.129335 
 0.144595 0.059454 -0.126654 
 0.156769 0.065250 -0.123973 
 0.168868 0.070855 -0.110197 
 0.181003 0.076477 -0.096413 
 0.193135 0.081943 -0.071519 
 0.205362 0.087609 -0.057715 
 0.217622 0.093136 -0.032792 
 0.229971 0.098549 0.003261 
 0.242363 0.104294 0.017102 
 0.254843 0.109925 0.042073 
 0.267255 0.115835 0.044806 
 0.280378 0.120840 0.136587 
 0.292937 0.126819 0.139353 
 0.305872 0.132512 0.175535 
 0.318486 0.138518 0.178313 
 0.331262 0.144445 0.192238 
 0.343894 0.150459 0.195020 
 0.356526 0.156473 0.197802 
 0.369158 0.162488 0.200584 
 0.382025 0.168459 0.214529 
 0.394676 0.174482 0.217314 
 0.407326 0.180505 0.220100 
 0.419977 0.186528 0.222886 
 -0.488163 -0.230621 0.067365 
 -0.475439 -0.224563 0.070167 
 -0.461734 -0.217906 0.062074 
 -0.448066 -0.211265 0.053973 
 -0.433489 -0.204060 0.034961 
 -0.419912 -0.197463 0.026839 
 -0.406371 -0.190884 0.018710 
 -0.393757 -0.184879 0.021487 
 -0.379400 -0.177778 0.002427 
 -0.364263 -0.170173 -0.027574 
 -0.351741 -0.164211 -0.024816 
 -0.339218 -0.158249 -0.022058 
 -0.325898 -0.151775 -0.030236 
 -0.313394 -0.145821 -0.027482 
 -0.300890 -0.139868 -0.024728 
 -0.288386 -0.133915 -0.021975 
 -0.275882 -0.127961 -0.019221 
 -0.263378 -0.122008 -0.016467 
 -0.248808 -0.114674 -0.046593 
 -0.235689 -0.108295 -0.054815 
 -0.222606 -0.101934 -0.063045 
 -0.208926 -0.095155 -0.082255 
 -0.196550 -0.089263 -0.079529 
 -0.182980 -0.082537 -0.098764 
 -0.170641 -0.076662 -0.096047 
 -0.157181 -0.069989 -0.115305 
 -0.144878 -0.064131 -0.112595 
 -0.132576 -0.058274 -0.109886 
 -0.119768 -0.052043 -0.118177 
 -0.107483 -0.046195 -0.115472 
 -0.094730 -0.039990 -0.123774 
 -0.082014 -0.033803 -0.132085 
 -0.069766 -0.027972 -0.129388 
 -0.056690 -0.021481 -0.148731 
 -0.044479 -0.015668 -0.146041 
 -0.031891 -0.009542 -0.154381 
 -0.019698 -0.003737 -0.151696 
 -0.006483 0.002953 -0.182119 
 0.005655 0.008732 -0.179446 
 0.018097 0.014788 -0.187817 
 0.030216 0.020558 -0.185148 
 0.042336 0.026329 -0.182479 
 0.054455 0.032099 -0.179810 
 0.066575 0.037869 -0.177141 
 0.078694 0.043639 -0.174472 
 0.090814 0.049410 -0.171803 
 0.102933 0.055180 -0.169134 
 0.115053 0.060950 -0.166465 
 0.127033 0.066521 -0.152716 
 0.139171 0.072300 -0.150042 
 0.151103 0.077716 -0.125192 
 0.163193 0.083340 -0.111419 
 0.175319 0.088981 -0.097636 
 0.187434 0.094484 -0.072746 
 0.199652 0.100169 -0.058944 
 0.211896 0.105733 -0.034024 
 0.224220 0.111203 0.002023 
 0.236577 0.117086 0.004745 
 0.248978 0.122858 0.018588 
 0.261478 0.128544 0.043563 
 0.274372 0.133888 0.113070 
 0.287190 0.139594 0.149227 
 0.300001 0.145428 0.174271 
 0.312615 0.151434 0.177049 
 0.325382 0.157380 0.190972 
 0.338014 0.163394 0.193754 
 0.350836 0.169366 0.207689 
 0.363487 0.175389 0.210475 
 0.376817 0.181338 0.246745 
 0.389523 0.187388 0.249543 
 0.402228 0.193437 0.252341 
 0.414933 0.199486 0.255139 
 -0.494085 -0.217593 0.066091 
 -0.481362 -0.211535 0.068893 
 -0.468638 -0.205477 0.071695 
 -0.453971 -0.198274 0.052702 
 -0.439377 -0.191107 0.033693 
 -0.425791 -0.184529 0.025574 
 -0.412242 -0.177968 0.017446 
 -0.399628 -0.171962 0.020224 
 -0.382614 -0.163313 -0.031586 
 -0.370091 -0.157351 -0.028828 
 -0.356725 -0.150878 -0.036996 
 -0.345047 -0.145427 -0.023313 
 -0.331718 -0.138971 -0.031489 
 -0.319214 -0.133018 -0.028735 
 -0.306710 -0.127064 -0.025981 
 -0.294206 -0.121111 -0.023228 
 -0.280968 -0.114699 -0.031424 
 -0.268482 -0.108754 -0.028674 
 -0.253905 -0.101485 -0.058798 
 -0.240796 -0.095133 -0.067022 
 -0.227062 -0.088375 -0.086220 
 -0.214686 -0.082483 -0.083495 
 -0.201687 -0.076184 -0.091744 
 -0.189329 -0.070300 -0.089022 
 -0.176384 -0.064028 -0.097283 
 -0.162907 -0.057392 -0.116537 
 -0.150605 -0.051534 -0.113828 
 -0.137770 -0.045314 -0.122113 
 -0.125485 -0.039465 -0.119408 
 -0.113201 -0.033616 -0.116703 
 -0.100439 -0.027430 -0.125003 
 -0.087714 -0.021262 -0.133312 
 -0.074585 -0.014792 -0.152643 
 -0.062374 -0.008978 -0.149954 
 -0.050163 -0.003164 -0.147265 
 -0.037566 0.002943 -0.155603 
 -0.025373 0.008748 -0.152917 
 -0.012133 0.015381 -0.183335 
 0.000005 0.021160 -0.180662 
 0.012456 0.027198 -0.189032 
 0.024575 0.032968 -0.186363 
 0.036695 0.038738 -0.183693 
 0.048814 0.044509 -0.181024 
 0.060934 0.050279 -0.178355 
 0.073053 0.056049 -0.175686 
 0.085173 0.061819 -0.173017 
 0.097292 0.067590 -0.170348 
 0.109412 0.073360 -0.167679 
 0.121383 0.078950 -0.153932 
 0.133521 0.084729 -0.151259 
 0.145659 0.090508 -0.148586 
 0.157611 0.095979 -0.123731 
 0.169710 0.101630 -0.109955 
 0.181847 0.107298 -0.096170 
 0.193981 0.112857 -0.071276 
 0.206209 0.118569 -0.057471 
 0.218469 0.123967 -0.010326 
 0.230825 0.129740 0.003506 
 0.243218 0.135531 0.017348 
 0.255700 0.141254 0.042319 
 0.268400 0.146862 0.089561 
 0.281246 0.152539 0.136836 
 0.293913 0.158460 0.150737 
 0.306744 0.164350 0.175785 
 0.319502 0.170314 0.189707 
 0.332298 0.176297 0.203636 
 0.345311 0.182273 0.228724 
 0.357998 0.188314 0.231518 
 0.370904 0.194348 0.245472 
 0.383845 0.200400 0.259433 
 0.396569 0.206458 0.262236 
 0.409293 0.212516 0.265038 
 -0.487284 -0.198506 0.067618 
 -0.473562 -0.191886 0.059528 
 -0.459876 -0.185283 0.051431 
 -0.445265 -0.178153 0.032426 
 -0.431671 -0.171594 0.024308 
 -0.418113 -0.165052 0.016182 
 -0.405500 -0.159046 0.018960 
 -0.391108 -0.152021 -0.000093 
 -0.375920 -0.144529 -0.030083 
 -0.363398 -0.138567 -0.027325 
 -0.350875 -0.132605 -0.024567 
 -0.337538 -0.126167 -0.032741 
 -0.325034 -0.120214 -0.029988 
 -0.312530 -0.114261 -0.027234 
 -0.300026 -0.108308 -0.024480 
 -0.286780 -0.101914 -0.032675 
 -0.274294 -0.095969 -0.029925 
 -0.259691 -0.088756 -0.060043 
 -0.246573 -0.082424 -0.068266 
 -0.232823 -0.075703 -0.087460 
 -0.220447 -0.069811 -0.084735 
 -0.207439 -0.063530 -0.092982 
 -0.194467 -0.057268 -0.101237 
 -0.182128 -0.051393 -0.098519 
 -0.168634 -0.044794 -0.117770 
 -0.156331 -0.038937 -0.115061 
 -0.143487 -0.032735 -0.123344 
 -0.131203 -0.026886 -0.120639 
 -0.118919 -0.021038 -0.117933 
 -0.106149 -0.014871 -0.126232 
 -0.093415 -0.008721 -0.134539 
 -0.080269 -0.002288 -0.153867 
 -0.068058 0.003526 -0.151178 
 -0.055847 0.009340 -0.148488 
 -0.043241 0.015428 -0.156824 
 -0.031048 0.021233 -0.154139 
 -0.017782 0.027810 -0.184551 
 -0.005644 0.033589 -0.181878 
 0.006815 0.039608 -0.190246 
 0.018934 0.045378 -0.187577 
 0.031054 0.051148 -0.184908 
 0.043173 0.056919 -0.182239 
 0.055293 0.062689 -0.179570 
 0.067412 0.068459 -0.176901 
 0.079532 0.074229 -0.174232 
 0.091651 0.079999 -0.171563 
 0.103771 0.085770 -0.168894 
 0.115890 0.091540 -0.166225 
 0.128009 0.097310 -0.163556 
 0.140009 0.102936 -0.149802 
 0.151944 0.108445 -0.124951 
 0.164035 0.114115 -0.111177 
 0.176163 0.119802 -0.097394 
 0.188281 0.125398 -0.072503 
 0.200500 0.131128 -0.058700 
 0.212746 0.136785 -0.033780 
 0.225065 0.142477 -0.008845 
 0.237457 0.148203 0.016108 
 0.249923 0.153964 0.041075 
 0.262462 0.159760 0.066059 
 0.275237 0.165495 0.113319 
 0.287959 0.171378 0.138343 
 0.300636 0.177327 0.152247 
 0.313213 0.183315 0.155016 
 0.326255 0.189263 0.191223 
 0.339060 0.195273 0.205154 
 0.352093 0.201305 0.230247 
 0.364780 0.207345 0.233041 
 0.377923 0.213429 0.258159 
 0.390647 0.219487 0.260961 
 0.403370 0.225545 0.263763 
 -0.493206 -0.185478 0.066343 
 -0.479475 -0.178876 0.058255 
 -0.465781 -0.172292 0.050159 
 -0.451153 -0.165200 0.031158 
 -0.437551 -0.158659 0.023043 
 -0.424919 -0.152645 0.025824 
 -0.411371 -0.146130 0.017696 
 -0.396963 -0.139142 -0.001353 
 -0.381748 -0.131706 -0.031338 
 -0.369226 -0.125744 -0.028580 
 -0.356704 -0.119782 -0.025822 
 -0.343358 -0.113364 -0.033994 
 -0.330854 -0.107411 -0.031241 
 -0.318350 -0.101457 -0.028487 
 -0.305846 -0.095504 -0.025733 
 -0.292591 -0.089129 -0.033926 
 -0.280105 -0.083185 -0.031176 
 -0.265477 -0.076028 -0.061289 
 -0.252351 -0.069714 -0.069510 
 -0.238583 -0.063031 -0.088700 
 -0.226207 -0.057138 -0.085975 
 -0.213190 -0.050877 -0.094220 
 -0.200210 -0.044633 -0.102473 
 -0.187871 -0.038758 -0.099755 
 -0.175532 -0.032883 -0.097038 
 -0.162057 -0.026339 -0.116293 
 -0.149755 -0.020482 -0.113584 
 -0.136921 -0.014308 -0.121870 
 -0.124637 -0.008459 -0.119164 
 -0.111858 -0.002311 -0.127461 
 -0.099116 0.003820 -0.135766 
 -0.086868 0.009651 -0.133069 
 -0.073741 0.016029 -0.152401 
 -0.061530 0.021843 -0.149712 
 -0.049319 0.027657 -0.147023 
 -0.036724 0.033718 -0.155361 
 -0.023432 0.040239 -0.185767 
 -0.011294 0.046018 -0.183094 
 0.001174 0.052018 -0.191460 
 0.013293 0.057788 -0.188791 
 0.025413 0.063558 -0.186122 
 0.037532 0.069328 -0.183453 
 0.049652 0.075099 -0.180784 
 0.061771 0.080869 -0.178115 
 0.073891 0.086639 -0.175446 
 0.086010 0.092409 -0.172777 
 0.098129 0.098180 -0.170108 
 0.110249 0.103950 -0.167439 
 0.122368 0.109720 -0.164770 
 0.134360 0.115365 -0.151018 
 0.146277 0.120911 -0.126171 
 0.158360 0.126600 -0.112398 
 0.170479 0.132306 -0.098617 
 0.182580 0.137939 -0.073730 
 0.194791 0.143688 -0.059929 
 0.207020 0.149382 -0.035013 
 0.219322 0.155111 -0.010081 
 0.231733 0.160764 0.037098 
 0.244182 0.166627 0.050951 
 0.256777 0.172431 0.087059 
 0.269336 0.178347 0.100937 
 0.281931 0.184279 0.114822 
 0.294672 0.190217 0.139851 
 0.307231 0.196197 0.142617 
 0.320229 0.202193 0.178813 
 0.333501 0.208255 0.226182 
 0.346371 0.214319 0.240128 
 0.359076 0.220368 0.242926 
 0.372001 0.226457 0.256884 
 0.384724 0.232515 0.259686 
 0.397448 0.238573 0.262488 
 -0.499128 -0.172449 0.065068 
 -0.485389 -0.165867 0.056982 
 -0.469692 -0.158269 0.027105 
 -0.457041 -0.152246 0.029891 
 -0.443430 -0.145724 0.021777 
 -0.429856 -0.139220 0.013654 
 -0.417242 -0.133214 0.016432 
 -0.401911 -0.125791 -0.013526 
 -0.387577 -0.118884 -0.032592 
 -0.375055 -0.112922 -0.029834 
 -0.362532 -0.106960 -0.027077 
 -0.350010 -0.100998 -0.024319 
 -0.336674 -0.094607 -0.032493 
 -0.324170 -0.088654 -0.029740 
 -0.311666 -0.082701 -0.026986 
 -0.298402 -0.076344 -0.035176 
 -0.285917 -0.070400 -0.032427 
 -0.271263 -0.063299 -0.062534 
 -0.258128 -0.057004 -0.070753 
 -0.244343 -0.050358 -0.089940 
 -0.231968 -0.044466 -0.087215 
 -0.219592 -0.038574 -0.084489 
 -0.206585 -0.032340 -0.092737 
 -0.194227 -0.026456 -0.090015 
 -0.181275 -0.020248 -0.098274 
 -0.168936 -0.014373 -0.095557 
 -0.155481 -0.007885 -0.114816 
 -0.143178 -0.002027 -0.112107 
 -0.130354 0.004120 -0.120395 
 -0.117567 0.010249 -0.128690 
 -0.104816 0.016361 -0.136994 
 -0.092569 0.022192 -0.134296 
 -0.079425 0.028533 -0.153624 
 -0.067214 0.034347 -0.150935 
 -0.054591 0.040398 -0.159267 
 -0.042399 0.046203 -0.156582 
 -0.029081 0.052667 -0.186984 
 -0.016944 0.058446 -0.184311 
 -0.004468 0.064428 -0.192674 
 0.007652 0.070198 -0.190005 
 0.019771 0.075968 -0.187336 
 0.031891 0.081738 -0.184667 
 0.044010 0.087509 -0.181998 
 0.056130 0.093279 -0.179329 
 0.068249 0.099049 -0.176660 
 0.080369 0.104819 -0.173991 
 0.092488 0.110590 -0.171322 
 0.104434 0.116236 -0.157580 
 0.116572 0.122015 -0.154907 
 0.128436 0.127581 -0.130071 
 0.140492 0.133279 -0.116305 
 0.152685 0.139084 -0.113620 
 0.164795 0.144809 -0.099841 
 0.176879 0.150480 -0.074957 
 0.189082 0.156248 -0.061158 
 0.201293 0.161980 -0.036246 
 0.213579 0.167746 -0.011317 
 0.225937 0.173547 0.013628 
 0.238396 0.179356 0.049706 
 0.250965 0.185216 0.085808 
 0.263516 0.191150 0.099684 
 0.276102 0.197101 0.113567 
 0.288827 0.203077 0.138593 
 0.301386 0.209057 0.141358 
 0.314358 0.215109 0.177549 
 0.327284 0.221180 0.202619 
 0.340283 0.227287 0.227705 
 0.353162 0.233378 0.241653 
 0.366079 0.239486 0.255609 
 0.378802 0.245544 0.258411 
 0.391526 0.251602 0.261213 
 -0.505051 -0.159421 0.063793 
 -0.491303 -0.152857 0.055709 
 -0.475580 -0.145316 0.025837 
 -0.462930 -0.139293 0.028623 
 -0.449310 -0.132790 0.020511 
 -0.436678 -0.126775 0.023293 
 -0.423113 -0.120298 0.015168 
 -0.410499 -0.114293 0.017946 
 -0.395198 -0.106952 -0.012018 
 -0.380883 -0.100100 -0.031089 
 -0.368361 -0.094138 -0.028331 
 -0.355839 -0.088176 -0.025574 
 -0.342494 -0.081804 -0.033746 
 -0.329990 -0.075850 -0.030993 
 -0.316700 -0.069504 -0.039177 
 -0.304214 -0.063560 -0.036427 
 -0.290229 -0.056864 -0.055571 
 -0.277049 -0.050571 -0.063780 
 -0.263905 -0.044294 -0.071997 
 -0.251493 -0.038384 -0.069263 
 -0.237728 -0.031794 -0.088455 
 -0.225352 -0.025902 -0.085729 
 -0.212337 -0.019686 -0.093975 
 -0.199979 -0.013803 -0.091253 
 -0.187019 -0.007613 -0.099511 
 -0.175264 -0.002036 -0.085811 
 -0.161207 0.004713 -0.116049 
 -0.148905 0.010570 -0.113340 
 -0.136072 0.016698 -0.121626 
 -0.123276 0.022809 -0.129919 
 -0.110517 0.028902 -0.138221 
 -0.098270 0.034733 -0.135523 
 -0.085109 0.041037 -0.154848 
 -0.072898 0.046850 -0.152159 
 -0.060687 0.052664 -0.149470 
 -0.048074 0.058688 -0.157804 
 -0.034731 0.065096 -0.188200 
 -0.022593 0.070875 -0.185527 
 -0.010109 0.076838 -0.193889 
 0.002011 0.082608 -0.191220 
 0.014130 0.088378 -0.188551 
 0.026250 0.094148 -0.185882 
 0.038369 0.099918 -0.183213 
 0.050489 0.105689 -0.180544 
 0.062608 0.111459 -0.177875 
 0.074728 0.117229 -0.175205 
 0.086847 0.122999 -0.172536 
 0.098785 0.128664 -0.158796 
 0.111086 0.134540 -0.167198 
 0.122770 0.140047 -0.131291 
 0.134817 0.145764 -0.117527 
 0.147010 0.151569 -0.114842 
 0.159112 0.157313 -0.101064 
 0.171178 0.163021 -0.076184 
 0.183265 0.168720 -0.040188 
 0.195496 0.174506 -0.015271 
 0.207818 0.180354 -0.001446 
 0.220180 0.186166 0.045723 
 0.232610 0.192084 0.048460 
 0.245154 0.198001 0.084557 
 0.257696 0.203954 0.098431 
 0.270274 0.209924 0.112312 
 0.282981 0.215937 0.137334 
 0.295540 0.221916 0.140100 
 0.308487 0.228025 0.176285 
 0.321395 0.234134 0.201352 
 0.334377 0.240278 0.226434 
 0.347249 0.246387 0.240380 
 0.360156 0.252514 0.254334 
 0.372880 0.258572 0.257136 
 0.385603 0.264630 0.259938 
 -0.510973 -0.146392 0.062519 
 -0.497217 -0.139847 0.054436 
 -0.481468 -0.132362 0.024570 
 -0.467822 -0.125869 0.016464 
 -0.455190 -0.119855 0.019246 
 -0.441598 -0.113388 0.011127 
 -0.428984 -0.107382 0.013905 
 -0.416370 -0.101377 0.016682 
 -0.401043 -0.094092 -0.013276 
 -0.388484 -0.088113 -0.010511 
 -0.374189 -0.081315 -0.029586 
 -0.361667 -0.075353 -0.026828 
 -0.349145 -0.069391 -0.024071 
 -0.335810 -0.063047 -0.032245 
 -0.322511 -0.056719 -0.040428 
 -0.310025 -0.050775 -0.037678 
 -0.296024 -0.044117 -0.056818 
 -0.283575 -0.038190 -0.054077 
 -0.270404 -0.031924 -0.062288 
 -0.257270 -0.025675 -0.070507 
 -0.244858 -0.019765 -0.067773 
 -0.231112 -0.013229 -0.086969 
 -0.218737 -0.007337 -0.084244 
 -0.206361 -0.001445 -0.081518 
 -0.193373 0.004734 -0.089770 
 -0.181016 0.010618 -0.087049 
 -0.168083 0.016771 -0.095312 
 -0.154631 0.023167 -0.114572 
 -0.141790 0.029277 -0.122857 
 -0.128986 0.035369 -0.131148 
 -0.116720 0.041209 -0.128447 
 -0.103970 0.047275 -0.136751 
 -0.091723 0.053106 -0.134053 
 -0.078581 0.059354 -0.153382 
 -0.066370 0.065168 -0.150693 
 -0.053749 0.071173 -0.159026 
 -0.041164 0.077160 -0.167366 
 -0.028243 0.083304 -0.186743 
 -0.015750 0.089247 -0.195103 
 -0.003967 0.094862 -0.181397 
 0.008489 0.100788 -0.189765 
 0.020609 0.106558 -0.187096 
 0.032728 0.112328 -0.184427 
 0.044848 0.118099 -0.181758 
 0.056967 0.123869 -0.179089 
 0.069087 0.129639 -0.176420 
 0.081206 0.135409 -0.173751 
 0.093135 0.141093 -0.160012 
 0.105273 0.146872 -0.157339 
 0.116949 0.152444 -0.121433 
 0.129006 0.158189 -0.107666 
 0.141217 0.164003 -0.104977 
 0.153230 0.169731 -0.080108 
 0.165397 0.175528 -0.066317 
 0.177414 0.181266 -0.019225 
 0.189709 0.187124 -0.005406 
 0.202040 0.193000 0.008422 
 0.214401 0.198894 0.033367 
 0.226835 0.204822 0.058329 
 0.239342 0.210786 0.083307 
 0.251876 0.216757 0.097178 
 0.264380 0.222710 0.099932 
 0.277136 0.228797 0.136076 
 0.289695 0.234776 0.138842 
 0.302615 0.240941 0.175022 
 0.315785 0.247228 0.222368 
 0.328472 0.253269 0.225162 
 0.341335 0.259397 0.239107 
 0.354234 0.265543 0.253059 
 0.366958 0.271601 0.255861 
 0.379681 0.277659 0.258664 
 -0.503130 -0.126837 0.053163 
 -0.487356 -0.119408 0.023302 
 -0.474706 -0.113385 0.026088 
 -0.461069 -0.106920 0.017980 
 -0.448437 -0.100906 0.020762 
 -0.434855 -0.094466 0.012641 
 -0.422242 -0.088461 0.015419 
 -0.407802 -0.081640 -0.003624 
 -0.394330 -0.075253 -0.011769 
 -0.381771 -0.069274 -0.009003 
 -0.367496 -0.062531 -0.028083 
 -0.354974 -0.056569 -0.025325 
 -0.341630 -0.050243 -0.033498 
 -0.328323 -0.043935 -0.041679 
 -0.315837 -0.037990 -0.038929 
 -0.301818 -0.031370 -0.058066 
 -0.289369 -0.025443 -0.055324 
 -0.276190 -0.019195 -0.063533 
 -0.263048 -0.012965 -0.071751 
 -0.250635 -0.007055 -0.069017 
 -0.236873 -0.000557 -0.088209 
 -0.224497 0.005335 -0.085484 
 -0.212121 0.011228 -0.082758 
 -0.199745 0.017120 -0.080033 
 -0.187370 0.023012 -0.077307 
 -0.174410 0.029155 -0.085565 
 -0.160357 0.035765 -0.115805 
 -0.148055 0.041622 -0.113096 
 -0.135223 0.047704 -0.121382 
 -0.122429 0.053769 -0.129676 
 -0.109671 0.059816 -0.137978 
 -0.097897 0.065449 -0.124273 
 -0.085176 0.071478 -0.132583 
 -0.072928 0.077309 -0.129886 
 -0.059843 0.083485 -0.149227 
 -0.047231 0.089463 -0.157562 
 -0.034657 0.095423 -0.165904 
 -0.022482 0.101219 -0.163223 
 -0.009617 0.107290 -0.182613 
 0.002521 0.113069 -0.179940 
 0.014659 0.118848 -0.177267 
 0.027087 0.124738 -0.185641 
 0.039207 0.130508 -0.182972 
 0.051326 0.136279 -0.180303 
 0.063210 0.141964 -0.166574 
 0.075348 0.147743 -0.163901 
 0.087486 0.153522 -0.161228 
 0.099623 0.159301 -0.158555 
 0.111111 0.164879 -0.111579 
 0.123034 0.170609 -0.086730 
 0.135282 0.176441 -0.084033 
 0.147207 0.182200 -0.048071 
 0.159242 0.188011 -0.012087 
 0.171528 0.193888 0.001731 
 0.183904 0.199780 0.004457 
 0.196280 0.205672 0.007182 
 0.208624 0.211603 0.032124 
 0.221041 0.217570 0.057081 
 0.233490 0.223497 0.059823 
 0.246056 0.229561 0.095925 
 0.258560 0.235514 0.098679 
 0.271290 0.241656 0.134818 
 0.283943 0.247708 0.148716 
 0.296856 0.253937 0.184895 
 0.309880 0.260219 0.221097 
 0.322567 0.266260 0.223891 
 0.335588 0.272513 0.248983 
 0.348312 0.278571 0.251785 
 0.361035 0.284629 0.254587 
 -0.509044 -0.113828 0.051890 
 -0.493245 -0.106455 0.022035 
 -0.480594 -0.100432 0.024821 
 -0.466949 -0.093985 0.016714 
 -0.454317 -0.087971 0.019496 
 -0.440726 -0.081550 0.011377 
 -0.428113 -0.075545 0.014155 
 -0.413656 -0.068761 -0.004884 
 -0.401079 -0.062773 -0.002115 
 -0.387617 -0.056414 -0.010261 
 -0.373324 -0.049709 -0.029338 
 -0.359954 -0.043393 -0.037505 
 -0.347450 -0.037440 -0.034751 
 -0.334134 -0.031150 -0.042930 
 -0.321648 -0.025205 -0.040180 
 -0.307613 -0.018622 -0.059313 
 -0.295164 -0.012695 -0.056571 
 -0.282715 -0.006768 -0.053830 
 -0.269545 -0.000548 -0.062041 
 -0.256413 0.005655 -0.070261 
 -0.244000 0.011564 -0.067527 
 -0.230257 0.018008 -0.086724 
 -0.217882 0.023900 -0.083998 
 -0.205506 0.029792 -0.081273 
 -0.192520 0.035925 -0.089525 
 -0.179570 0.042041 -0.097785 
 -0.166084 0.048362 -0.117038 
 -0.153781 0.054219 -0.114328 
 -0.140941 0.060283 -0.122613 
 -0.128138 0.066328 -0.130905 
 -0.115372 0.072357 -0.139205 
 -0.103606 0.078008 -0.125502 
 -0.090876 0.084019 -0.133810 
 -0.078629 0.089851 -0.131113 
 -0.065527 0.095989 -0.150451 
 -0.052907 0.101947 -0.158784 
 -0.040714 0.107753 -0.156098 
 -0.028149 0.113685 -0.164443 
 -0.015974 0.119481 -0.161762 
 -0.003800 0.125278 -0.159081 
 0.009009 0.131277 -0.178483 
 0.021147 0.137056 -0.175810 
 0.033285 0.142835 -0.173137 
 0.044898 0.148463 -0.148356 
 0.056828 0.154193 -0.134617 
 0.068795 0.159941 -0.120870 
 0.081006 0.165755 -0.118181 
 0.092649 0.171448 -0.082282 
 0.104744 0.177256 -0.068507 
 0.116875 0.183082 -0.054723 
 0.128775 0.188897 -0.018768 
 0.141016 0.194775 -0.004960 
 0.153392 0.200668 -0.002234 
 0.165609 0.206584 0.022679 
 0.178022 0.212494 0.025413 
 0.190434 0.218404 0.028147 
 0.202822 0.224352 0.041986 
 0.215252 0.230270 0.044724 
 0.227719 0.236355 0.080805 
 0.240236 0.242364 0.094673 
 0.252934 0.248610 0.141916 
 0.265512 0.254598 0.144686 
 0.278259 0.260767 0.169716 
 0.291288 0.267170 0.217032 
 0.303975 0.273210 0.219826 
 0.316802 0.279367 0.233763 
 0.329507 0.285417 0.236561 
 0.342213 0.291466 0.239359 
 0.355113 0.297658 0.253312 
 -0.514958 -0.100818 0.050617 
 -0.499133 -0.093501 0.020767 
 -0.486482 -0.087478 0.023553 
 -0.472829 -0.081050 0.015449 
 -0.460197 -0.075036 0.018231 
 -0.446598 -0.068634 0.010113 
 -0.433984 -0.062629 0.012891 
 -0.419510 -0.055883 -0.006145 
 -0.406933 -0.049895 -0.003375 
 -0.393462 -0.043554 -0.011520 
 -0.379153 -0.036887 -0.030592 
 -0.366631 -0.030925 -0.027834 
 -0.353270 -0.024636 -0.036004 
 -0.339946 -0.018365 -0.044181 
 -0.327460 -0.012420 -0.041431 
 -0.314974 -0.006476 -0.038682 
 -0.300958 0.000052 -0.057819 
 -0.288509 0.005979 -0.055077 
 -0.276060 0.011906 -0.052335 
 -0.262901 0.018099 -0.060549 
 -0.249778 0.024274 -0.068771 
 -0.236018 0.030680 -0.087964 
 -0.223642 0.036572 -0.085238 
 -0.210629 0.042695 -0.093485 
 -0.198271 0.048579 -0.090763 
 -0.185313 0.054676 -0.099021 
 -0.171810 0.060959 -0.118270 
 -0.159507 0.066817 -0.115561 
 -0.146659 0.072861 -0.123844 
 -0.134375 0.078710 -0.121138 
 -0.121581 0.084728 -0.129432 
 -0.109315 0.090568 -0.126731 
 -0.097050 0.096408 -0.124030 
 -0.084784 0.102248 -0.121329 
 -0.072082 0.108223 -0.129643 
 -0.058999 0.114306 -0.148985 
 -0.046389 0.120237 -0.157320 
 -0.034196 0.126043 -0.154635 
 -0.022004 0.131848 -0.151950 
 -0.009811 0.137653 -0.149265 
 0.002708 0.143540 -0.157619 
 0.014882 0.149337 -0.154938 
 0.026767 0.155068 -0.141209 
 0.038960 0.160873 -0.138524 
 0.051153 0.166678 -0.135839 
 0.062642 0.172367 -0.099973 
 0.074890 0.178198 -0.097276 
 0.086940 0.184008 -0.083511 
 0.099026 0.189835 -0.069737 
 0.110827 0.195671 -0.033803 
 0.122880 0.201555 -0.008925 
 0.135256 0.207448 -0.006199 
 0.147419 0.213384 0.018702 
 0.159744 0.219325 0.032528 
 0.172174 0.225243 0.035266 
 0.184605 0.231162 0.038003 
 0.196937 0.237251 0.074054 
 0.209408 0.243261 0.087912 
 0.221926 0.249512 0.135116 
 0.234481 0.255417 0.126770 
 0.247201 0.261764 0.174018 
 0.260008 0.268080 0.210173 
 0.272695 0.274120 0.212967 
 0.285478 0.280279 0.226894 
 0.298296 0.286455 0.240829 
 0.311020 0.292513 0.243631 
 0.324044 0.298859 0.268722 
 0.336804 0.304934 0.271532 
 -0.520872 -0.087808 0.049344 
 -0.507118 -0.081355 0.041261 
 -0.492371 -0.074525 0.022286 
 -0.478708 -0.068116 0.014183 
 -0.466076 -0.062101 0.016965 
 -0.452469 -0.055718 0.008849 
 -0.439855 -0.049713 0.011627 
 -0.425364 -0.043004 -0.007405 
 -0.412787 -0.037016 -0.004635 
 -0.399308 -0.030694 -0.012778 
 -0.384981 -0.024064 -0.031847 
 -0.372459 -0.018102 -0.029089 
 -0.359090 -0.011833 -0.037257 
 -0.345757 -0.005580 -0.045432 
 -0.333271 0.000364 -0.042682 
 -0.320786 0.006309 -0.039933 
 -0.308300 0.012253 -0.037183 
 -0.294303 0.018726 -0.056324 
 -0.281854 0.024654 -0.053583 
 -0.268686 0.030828 -0.061795 
 -0.255555 0.036984 -0.070014 
 -0.243143 0.042894 -0.067281 
 -0.229402 0.049245 -0.086478 
 -0.217027 0.055137 -0.083753 
 -0.204023 0.061232 -0.092001 
 -0.191057 0.067310 -0.100257 
 -0.177536 0.073557 -0.119503 
 -0.165234 0.079414 -0.116794 
 -0.152377 0.085440 -0.125074 
 -0.140092 0.091289 -0.122369 
 -0.127291 0.097288 -0.130661 
 -0.115524 0.102986 -0.116959 
 -0.102759 0.108968 -0.125259 
 -0.090493 0.114808 -0.122558 
 -0.077783 0.120764 -0.130870 
 -0.064683 0.126810 -0.150208 
 -0.052064 0.132722 -0.158542 
 -0.039871 0.138527 -0.155857 
 -0.027679 0.144332 -0.153171 
 -0.015486 0.150138 -0.150486 
 -0.003293 0.155943 -0.147801 
 0.008899 0.161748 -0.145116 
 0.020794 0.167507 -0.131384 
 0.032446 0.173245 -0.106595 
 0.044694 0.179076 -0.103898 
 0.056699 0.184888 -0.090142 
 0.068740 0.190716 -0.076379 
 0.080818 0.196562 -0.062607 
 0.093120 0.202419 -0.059897 
 0.104914 0.208321 -0.023965 
 0.117120 0.214228 -0.010165 
 0.129229 0.220184 0.014725 
 0.141642 0.226094 0.017459 
 0.153958 0.232053 0.031283 
 0.166389 0.237972 0.034020 
 0.178759 0.243957 0.047856 
 0.191084 0.250111 0.083906 
 0.203588 0.256065 0.086660 
 0.216092 0.262018 0.089413 
 0.228689 0.268684 0.169970 
 0.241448 0.275141 0.217226 
 0.254153 0.281190 0.220025 
 0.266790 0.287111 0.211696 
 0.279564 0.293289 0.225621 
 0.292269 0.299338 0.228419 
 0.305098 0.305541 0.242356 
 0.318104 0.311925 0.267444 
 0.330865 0.318000 0.270254 
 -0.527861 -0.075192 0.058947 
 -0.513023 -0.068364 0.039990 
 -0.498259 -0.061571 0.021018 
 -0.484588 -0.055181 0.012917 
 -0.471956 -0.049167 0.015699 
 -0.458340 -0.042802 0.007586 
 -0.445726 -0.036797 0.010363 
 -0.431218 -0.030126 -0.008665 
 -0.418641 -0.024138 -0.005895 
 -0.405153 -0.017834 -0.014036 
 -0.390810 -0.011242 -0.033102 
 -0.378288 -0.005280 -0.030344 
 -0.364910 0.000971 -0.038509 
 -0.351569 0.007205 -0.046683 
 -0.339083 0.013149 -0.043933 
 -0.326597 0.019094 -0.041184 
 -0.314112 0.025038 -0.038434 
 -0.301626 0.030983 -0.035684 
 -0.287649 0.037401 -0.054830 
 -0.274472 0.043556 -0.063040 
 -0.262042 0.049474 -0.060302 
 -0.248920 0.055604 -0.068524 
 -0.235163 0.061917 -0.087718 
 -0.222787 0.067809 -0.084993 
 -0.209775 0.073886 -0.093239 
 -0.196800 0.079945 -0.101494 
 -0.184461 0.085820 -0.098776 
 -0.170960 0.092011 -0.118026 
 -0.158657 0.097869 -0.115317 
 -0.146355 0.103726 -0.112607 
 -0.133526 0.109716 -0.120895 
 -0.121242 0.115564 -0.118189 
 -0.108957 0.121413 -0.115484 
 -0.096202 0.127368 -0.123787 
 -0.083936 0.133208 -0.121085 
 -0.070367 0.139313 -0.151432 
 -0.058156 0.145127 -0.148743 
 -0.045945 0.150941 -0.146054 
 -0.033354 0.156817 -0.154393 
 -0.021161 0.162622 -0.151708 
 -0.008968 0.168428 -0.149023 
 0.002899 0.174196 -0.135297 
 0.015110 0.180010 -0.132608 
 0.026745 0.185786 -0.107822 
 0.038723 0.191607 -0.094072 
 0.050738 0.197446 -0.080315 
 0.062789 0.203302 -0.066549 
 0.074662 0.209191 -0.041711 
 0.086804 0.215091 -0.027925 
 0.098984 0.221008 -0.014130 
 0.111039 0.226985 0.010748 
 0.123452 0.232894 0.013481 
 0.135741 0.238864 0.027300 
 0.147857 0.244987 0.063303 
 0.160256 0.251009 0.077146 
 0.172691 0.257048 0.090996 
 0.185063 0.263293 0.127056 
 0.197641 0.269281 0.129826 
 0.210137 0.275941 0.199249 
 0.222824 0.281981 0.202043 
 0.235557 0.288280 0.227071 
 0.248281 0.294338 0.229873 
 0.261004 0.300396 0.232675 
 0.273728 0.306454 0.235477 
 0.286452 0.312512 0.238279 
 0.299175 0.318570 0.241081 
 0.311899 0.324627 0.243883 
 0.324925 0.331066 0.268975 
 -0.518928 -0.055373 0.038719 
 -0.506241 -0.049333 0.041513 
 -0.491497 -0.042595 0.022537 
 -0.477836 -0.036232 0.014434 
 -0.465203 -0.030218 0.017216 
 -0.451597 -0.023881 0.009100 
 -0.437072 -0.017247 -0.009925 
 -0.424495 -0.011259 -0.007155 
 -0.411918 -0.005271 -0.004385 
 -0.398440 0.001005 -0.012529 
 -0.384116 0.007542 -0.031598 
 -0.370730 0.013775 -0.039762 
 -0.358226 0.019728 -0.037008 
 -0.344894 0.025934 -0.045184 
 -0.332409 0.031879 -0.042435 
 -0.319923 0.037823 -0.039685 
 -0.307438 0.043768 -0.036935 
 -0.293443 0.050148 -0.056077 
 -0.280258 0.056285 -0.064285 
 -0.267110 0.062404 -0.072502 
 -0.253299 0.068697 -0.091683 
 -0.240923 0.074589 -0.088958 
 -0.228547 0.080482 -0.086232 
 -0.215527 0.086539 -0.094477 
 -0.203169 0.092423 -0.091756 
 -0.190204 0.098455 -0.100012 
 -0.177865 0.104330 -0.097295 
 -0.164384 0.110466 -0.116549 
 -0.152081 0.116324 -0.113840 
 -0.139244 0.122294 -0.122125 
 -0.126959 0.128143 -0.119420 
 -0.114675 0.133992 -0.116715 
 -0.101911 0.139928 -0.125015 
 -0.089645 0.145768 -0.122314 
 -0.076050 0.151817 -0.152655 
 -0.063839 0.157631 -0.149966 
 -0.051628 0.163445 -0.147277 
 -0.039417 0.169259 -0.144588 
 -0.027206 0.175072 -0.141899 
 -0.014995 0.180886 -0.139209 
 -0.002784 0.186700 -0.136520 
 0.008797 0.192496 -0.111746 
 0.020748 0.198327 -0.098003 
 0.033014 0.204167 -0.095301 
 0.044760 0.210042 -0.070491 
 0.057063 0.215899 -0.067781 
 0.068918 0.221826 -0.042947 
 0.081053 0.227745 -0.029163 
 0.092850 0.233785 0.006771 
 0.105094 0.239755 0.020579 
 0.117524 0.245674 0.023317 
 0.128637 0.252376 0.136882 
 0.141591 0.258120 0.106400 
 0.154055 0.264195 0.120256 
 0.166632 0.270183 0.123026 
 0.179092 0.276398 0.147994 
 0.191545 0.282891 0.195184 
 0.204210 0.289062 0.209084 
 0.216915 0.295111 0.211882 
 0.229635 0.301309 0.225796 
 0.242359 0.307367 0.228598 
 0.255082 0.313424 0.231400 
 0.267806 0.319482 0.234202 
 0.280442 0.325357 0.225873 
 0.293253 0.331598 0.239806 
 0.305977 0.337656 0.242608 
 -0.525908 -0.042730 0.048323 
 -0.512147 -0.036342 0.040242 
 -0.499460 -0.030301 0.043036 
 -0.484734 -0.023618 0.024055 
 -0.472084 -0.017595 0.026841 
 -0.458451 -0.011269 0.018732 
 -0.444855 -0.004959 0.010614 
 -0.430349 0.001619 -0.008415 
 -0.417772 0.007607 -0.005645 
 -0.404286 0.013865 -0.013787 
 -0.391727 0.019844 -0.011021 
 -0.376550 0.026578 -0.041015 
 -0.364046 0.032531 -0.038261 
 -0.350706 0.038719 -0.046435 
 -0.338220 0.044663 -0.043686 
 -0.325735 0.050608 -0.040936 
 -0.313249 0.056552 -0.038186 
 -0.299238 0.062896 -0.057325 
 -0.286789 0.068823 -0.054583 
 -0.273614 0.074932 -0.062793 
 -0.260475 0.081023 -0.071012 
 -0.246684 0.087262 -0.090198 
 -0.234308 0.093154 -0.087472 
 -0.221279 0.099193 -0.095716 
 -0.208921 0.105077 -0.092994 
 -0.195948 0.111090 -0.101249 
 -0.183608 0.116965 -0.098531 
 -0.170110 0.123064 -0.117782 
 -0.157807 0.128921 -0.115073 
 -0.144961 0.134873 -0.123356 
 -0.132677 0.140722 -0.120651 
 -0.120393 0.146570 -0.117946 
 -0.108109 0.152419 -0.115240 
 -0.095355 0.158327 -0.123543 
 -0.081734 0.164321 -0.153879 
 -0.069523 0.170135 -0.151190 
 -0.057312 0.175948 -0.148500 
 -0.045101 0.181762 -0.145811 
 -0.032890 0.187576 -0.143122 
 -0.020679 0.193390 -0.140433 
 -0.009151 0.199206 -0.115671 
 0.003096 0.205037 -0.112974 
 0.015039 0.210887 -0.099232 
 0.027018 0.216754 -0.085482 
 0.039034 0.222639 -0.071723 
 0.050836 0.228586 -0.046901 
 0.062943 0.234515 -0.033123 
 0.075087 0.240460 -0.019336 
 0.086877 0.246565 0.016596 
 0.099131 0.252564 0.030406 
 0.111104 0.258756 0.066379 
 0.123187 0.265000 0.102376 
 0.135746 0.270980 0.105142 
 0.148201 0.277074 0.118996 
 0.160607 0.283308 0.143952 
 0.173221 0.289314 0.146730 
 0.185737 0.295601 0.171710 
 0.198326 0.301923 0.196706 
 0.211001 0.308121 0.210609 
 0.223707 0.314170 0.213408 
 0.236436 0.320395 0.227323 
 0.249160 0.326453 0.230125 
 0.261883 0.332511 0.232927 
 0.274528 0.338367 0.224600 
 0.287331 0.344627 0.238532 
 0.300054 0.350684 0.241334 
 -0.531821 -0.029720 0.047050 
 -0.519116 -0.023671 0.049848 
 -0.505365 -0.017310 0.041765 
 -0.492678 -0.011270 0.044559 
 -0.477972 -0.004642 0.025574 
 -0.465322 0.001381 0.028360 
 -0.450726 0.007957 0.009350 
 -0.438112 0.013963 0.012128 
 -0.423626 0.020486 -0.006906 
 -0.410131 0.026724 -0.015045 
 -0.397572 0.032704 -0.012280 
 -0.383251 0.039149 -0.031350 
 -0.370729 0.045111 -0.028592 
 -0.358207 0.051073 -0.025835 
 -0.344858 0.057242 -0.034007 
 -0.332354 0.063195 -0.031253 
 -0.319061 0.069337 -0.039437 
 -0.306575 0.075282 -0.036688 
 -0.292583 0.081570 -0.055830 
 -0.279400 0.087660 -0.064039 
 -0.266252 0.093733 -0.072255 
 -0.252444 0.099934 -0.091438 
 -0.240068 0.105826 -0.088712 
 -0.227692 0.111718 -0.085987 
 -0.214030 0.117850 -0.105202 
 -0.201691 0.123725 -0.102485 
 -0.189352 0.129599 -0.099768 
 -0.175836 0.135661 -0.119015 
 -0.163534 0.141518 -0.116305 
 -0.151231 0.147376 -0.113596 
 -0.138928 0.153233 -0.110887 
 -0.126111 0.159149 -0.119176 
 -0.113826 0.164998 -0.116471 
 -0.101064 0.170887 -0.124772 
 -0.088338 0.176760 -0.133081 
 -0.075207 0.182638 -0.152413 
 -0.062996 0.188452 -0.149724 
 -0.050785 0.194266 -0.147035 
 -0.038574 0.200080 -0.144346 
 -0.027100 0.205916 -0.119595 
 -0.014852 0.211747 -0.116898 
 -0.002604 0.217578 -0.114201 
 0.009330 0.223447 -0.100461 
 0.021300 0.229333 -0.086713 
 0.033307 0.235237 -0.072956 
 0.045093 0.241221 -0.048137 
 0.057191 0.247168 -0.034361 
 0.069327 0.253133 -0.020576 
 0.081091 0.259294 0.015350 
 0.093336 0.265311 0.029159 
 0.104782 0.271881 0.098352 
 0.117192 0.277976 0.112197 
 0.129770 0.283964 0.114966 
 0.142122 0.290219 0.139910 
 0.154736 0.296224 0.142688 
 0.167274 0.302381 0.156562 
 0.179849 0.308554 0.170443 
 0.192421 0.314914 0.195435 
 0.205088 0.321131 0.209337 
 0.217793 0.327180 0.212135 
 0.230546 0.333812 0.248279 
 0.243238 0.339481 0.228851 
 0.255961 0.345539 0.231653 
 0.268685 0.351597 0.234455 
 0.281409 0.357655 0.237257 
 0.294132 0.363713 0.240059 
 -0.537735 -0.016710 0.045777 
 -0.525030 -0.010661 0.048575 
 -0.511270 -0.004319 0.040494 
 -0.498583 0.001721 0.043288 
 -0.483860 0.008312 0.024306 
 -0.471210 0.014335 0.027092 
 -0.457578 0.020615 0.018983 
 -0.443983 0.026879 0.010864 
 -0.431369 0.032884 0.013642 
 -0.416903 0.039353 -0.005396 
 -0.404326 0.045341 -0.002626 
 -0.390859 0.051543 -0.010772 
 -0.379171 0.057317 0.002914 
 -0.364035 0.063895 -0.027089 
 -0.351513 0.069857 -0.024331 
 -0.338174 0.075998 -0.032506 
 -0.325670 0.081952 -0.029752 
 -0.313166 0.087905 -0.026998 
 -0.299901 0.094011 -0.035189 
 -0.285929 0.100244 -0.054336 
 -0.272030 0.106443 -0.073499 
 -0.259617 0.112352 -0.070765 
 -0.245828 0.118499 -0.089952 
 -0.233453 0.124391 -0.087227 
 -0.220425 0.130384 -0.095470 
 -0.208068 0.136267 -0.092749 
 -0.195095 0.142234 -0.101004 
 -0.182756 0.148109 -0.098287 
 -0.170417 0.153984 -0.095569 
 -0.156957 0.159973 -0.114829 
 -0.144655 0.165830 -0.112119 
 -0.131828 0.171728 -0.120407 
 -0.119544 0.177576 -0.117702 
 -0.106286 0.183470 -0.137006 
 -0.093101 0.189328 -0.156326 
 -0.080890 0.195142 -0.153637 
 -0.068679 0.200956 -0.150947 
 -0.056468 0.206769 -0.148258 
 -0.044257 0.212583 -0.145569 
 -0.032046 0.218397 -0.142880 
 -0.020553 0.224288 -0.118125 
 -0.008305 0.230119 -0.115428 
 0.003620 0.236007 -0.101690 
 0.015583 0.241912 -0.087943 
 0.027010 0.247981 -0.052091 
 0.039082 0.253938 -0.038320 
 0.051191 0.259913 -0.024541 
 0.063105 0.266004 0.000306 
 0.075518 0.271914 0.003040 
 0.087736 0.277941 0.016843 
 0.099464 0.284363 0.063873 
 0.111496 0.290720 0.099859 
 0.123915 0.296843 0.113706 
 0.136492 0.302831 0.116476 
 0.148865 0.309140 0.141424 
 0.161394 0.315315 0.155296 
 0.173961 0.321508 0.169175 
 0.186516 0.327905 0.194164 
 0.199174 0.334141 0.208064 
 0.211879 0.340190 0.210862 
 0.224607 0.346878 0.247001 
 0.237315 0.352510 0.227576 
 0.250127 0.359029 0.252621 
 0.262763 0.364626 0.233180 
 0.275486 0.370684 0.235982 
 -0.543649 -0.003700 0.044504 
 -0.530943 0.002349 0.047302 
 -0.518238 0.008398 0.050100 
 -0.504488 0.014712 0.042017 
 -0.491801 0.020752 0.044811 
 -0.477098 0.027288 0.025825 
 -0.463458 0.033550 0.017717 
 -0.450826 0.039564 0.020499 
 -0.437240 0.045800 0.012378 
 -0.422757 0.052231 -0.006656 
 -0.410180 0.058219 -0.003886 
 -0.397603 0.064207 -0.001116 
 -0.385026 0.070196 0.001653 
 -0.371587 0.076362 -0.006499 
 -0.357341 0.082679 -0.025586 
 -0.344819 0.088641 -0.022828 
 -0.331490 0.094755 -0.031005 
 -0.318986 0.100708 -0.028251 
 -0.305712 0.106796 -0.036440 
 -0.291723 0.112992 -0.055583 
 -0.278541 0.119036 -0.063792 
 -0.265395 0.125062 -0.072009 
 -0.252982 0.130972 -0.069276 
 -0.240570 0.136882 -0.066542 
 -0.226837 0.142955 -0.085741 
 -0.214461 0.148848 -0.083016 
 -0.201462 0.154804 -0.091266 
 -0.188499 0.160744 -0.099523 
 -0.176160 0.166619 -0.096805 
 -0.162684 0.172570 -0.116061 
 -0.150381 0.178428 -0.113352 
 -0.137546 0.184306 -0.121638 
 -0.124748 0.190167 -0.129931 
 -0.111987 0.196011 -0.138233 
 -0.098785 0.201831 -0.157549 
 -0.086574 0.207645 -0.154860 
 -0.074363 0.213459 -0.152171 
 -0.062152 0.219273 -0.149482 
 -0.049941 0.225087 -0.146792 
 -0.038501 0.230998 -0.122049 
 -0.026253 0.236829 -0.119352 
 -0.014006 0.242661 -0.116655 
 -0.002419 0.248642 -0.091880 
 0.009552 0.254574 -0.078131 
 0.020973 0.260708 -0.042280 
 0.033330 0.266592 -0.039558 
 0.045430 0.272585 -0.025781 
 0.057328 0.278714 -0.000937 
 0.069740 0.284624 0.001796 
 0.082152 0.290534 0.004530 
 0.094381 0.296588 0.018335 
 0.106148 0.303120 0.065374 
 0.118209 0.309559 0.101367 
 0.130638 0.315709 0.115216 
 0.143216 0.321697 0.117986 
 0.155608 0.328062 0.142938 
 0.168221 0.334068 0.145716 
 0.180723 0.340484 0.170694 
 0.193298 0.346936 0.195687 
 0.205965 0.353200 0.209589 
 0.218671 0.359249 0.212387 
 0.231393 0.365538 0.226301 
 0.244117 0.371596 0.229103 
 0.256840 0.377654 0.231905 
 0.269564 0.383712 0.234707 
 0.282468 0.390321 0.259773 
 -0.536857 0.015358 0.046029 
 -0.524152 0.021408 0.048827 
 -0.511447 0.027457 0.051625 
 -0.497706 0.033744 0.043539 
 -0.482986 0.040242 0.024557 
 -0.470336 0.046265 0.027343 
 -0.456706 0.052499 0.019233 
 -0.443112 0.058716 0.011114 
 -0.430498 0.064722 0.013892 
 -0.416034 0.071098 -0.005146 
 -0.403457 0.077086 -0.002377 
 -0.390880 0.083074 0.000393 
 -0.377432 0.089221 -0.007757 
 -0.364874 0.095201 -0.004991 
 -0.352315 0.101180 -0.002226 
 -0.337310 0.107559 -0.032258 
 -0.324806 0.113512 -0.029504 
 -0.311524 0.119581 -0.037691 
 -0.299038 0.125525 -0.034941 
 -0.284327 0.131764 -0.065038 
 -0.271896 0.137683 -0.062300 
 -0.258760 0.143682 -0.070519 
 -0.246347 0.149591 -0.067786 
 -0.233935 0.155501 -0.065052 
 -0.220222 0.161520 -0.084256 
 -0.207846 0.167412 -0.081530 
 -0.194856 0.173342 -0.089782 
 -0.181903 0.179253 -0.098042 
 -0.169564 0.185128 -0.095324 
 -0.156107 0.191025 -0.114585 
 -0.143264 0.196885 -0.122869 
 -0.130458 0.202727 -0.131160 
 -0.117688 0.208552 -0.139460 
 -0.104469 0.214335 -0.158773 
 -0.092258 0.220149 -0.156083 
 -0.080047 0.225963 -0.153394 
 -0.067836 0.231777 -0.150705 
 -0.055625 0.237590 -0.148016 
 -0.043414 0.243404 -0.145327 
 -0.031954 0.249370 -0.120579 
 -0.019706 0.255202 -0.117882 
 -0.007798 0.261127 -0.104148 
 0.003826 0.267171 -0.079363 
 0.015523 0.273251 -0.054563 
 0.027579 0.279245 -0.040796 
 0.039670 0.285257 -0.027021 
 0.051550 0.291424 -0.002181 
 0.063963 0.297334 0.000553 
 0.076375 0.303243 0.003286 
 0.088595 0.309316 0.017089 
 0.100328 0.315923 0.064121 
 0.112363 0.322419 0.100108 
 0.124922 0.328398 0.102874 
 0.137362 0.334576 0.116726 
 0.149736 0.340978 0.141675 
 0.162350 0.346984 0.144453 
 0.174899 0.353214 0.158329 
 0.187393 0.359927 0.194416 
 0.200080 0.365968 0.197210 
 0.212757 0.372259 0.211114 
 0.225462 0.378308 0.213912 
 0.238194 0.384625 0.227828 
 0.251009 0.391236 0.252874 
 0.263833 0.397597 0.266810 
 0.276611 0.403681 0.269624 
 -0.543869 0.028123 0.055627 
 -0.530066 0.034417 0.047554 
 -0.517360 0.040467 0.050352 
 -0.503612 0.046735 0.042268 
 -0.490925 0.052775 0.045062 
 -0.476224 0.059218 0.026076 
 -0.463574 0.065241 0.028862 
 -0.449953 0.071448 0.020749 
 -0.436369 0.077638 0.012628 
 -0.423755 0.083643 0.015406 
 -0.411141 0.089649 0.018184 
 -0.396734 0.095953 -0.000867 
 -0.383278 0.102081 -0.009016 
 -0.370719 0.108061 -0.006250 
 -0.356476 0.114286 -0.025338 
 -0.343954 0.120248 -0.022580 
 -0.330626 0.126315 -0.030757 
 -0.318122 0.132269 -0.028003 
 -0.304850 0.138310 -0.036192 
 -0.290863 0.144413 -0.055336 
 -0.278414 0.150341 -0.052595 
 -0.265251 0.156330 -0.060808 
 -0.252820 0.162248 -0.058070 
 -0.239712 0.168211 -0.066296 
 -0.225982 0.174192 -0.085496 
 -0.212966 0.180112 -0.093742 
 -0.199986 0.186014 -0.101995 
 -0.188251 0.191879 -0.088299 
 -0.175307 0.197763 -0.096561 
 -0.161834 0.203622 -0.115817 
 -0.148982 0.209463 -0.124100 
 -0.136167 0.215287 -0.132389 
 -0.123388 0.221093 -0.140687 
 -0.110152 0.226839 -0.159996 
 -0.097941 0.232653 -0.157307 
 -0.085730 0.238466 -0.154618 
 -0.073519 0.244280 -0.151928 
 -0.061308 0.250094 -0.149239 
 -0.049097 0.255908 -0.146550 
 -0.037655 0.261912 -0.121806 
 -0.025407 0.267743 -0.119109 
 -0.013855 0.273799 -0.094341 
 -0.001900 0.279769 -0.080596 
 0.009469 0.286015 -0.044756 
 0.021827 0.291899 -0.042035 
 0.033909 0.297930 -0.028261 
 0.046285 0.303822 -0.025536 
 0.058185 0.310044 -0.000691 
 0.070598 0.315953 0.002043 
 0.082809 0.322045 0.015844 
 0.094691 0.328536 0.051797 
 0.106847 0.334880 0.076698 
 0.119077 0.341258 0.101616 
 0.131507 0.347455 0.115465 
 0.144085 0.353443 0.118235 
 0.156479 0.359900 0.143189 
 0.169020 0.366148 0.157063 
 0.181652 0.372163 0.159845 
 0.194247 0.378437 0.173731 
 0.206861 0.384999 0.198733 
 0.219548 0.391039 0.201527 
 0.232272 0.397653 0.226553 
 0.245069 0.404302 0.251596 
 0.257885 0.410681 0.265530 
 0.270810 0.417391 0.290601 
 0.283625 0.423493 0.293423 
 -0.549792 0.041152 0.054352 
 -0.537068 0.047210 0.057154 
 -0.523274 0.053476 0.049079 
 -0.509517 0.059726 0.040997 
 -0.496830 0.065766 0.043791 
 -0.482112 0.072172 0.024808 
 -0.469462 0.078195 0.027594 
 -0.455833 0.084383 0.019484 
 -0.443201 0.090397 0.022266 
 -0.429626 0.096559 0.014142 
 -0.417013 0.102565 0.016920 
 -0.404399 0.108570 0.019698 
 -0.390011 0.114819 0.000643 
 -0.377434 0.120807 0.003413 
 -0.364856 0.126796 0.006182 
 -0.349782 0.133070 -0.023835 
 -0.337260 0.139032 -0.021077 
 -0.323942 0.145072 -0.029256 
 -0.311438 0.151026 -0.026502 
 -0.298176 0.157039 -0.034693 
 -0.285690 0.162984 -0.031944 
 -0.271759 0.169015 -0.051101 
 -0.259310 0.174942 -0.048359 
 -0.246176 0.180895 -0.056578 
 -0.233077 0.186831 -0.064806 
 -0.219367 0.192757 -0.084010 
 -0.206360 0.198649 -0.092259 
 -0.193390 0.204523 -0.100514 
 -0.181051 0.210398 -0.097797 
 -0.167560 0.216220 -0.117050 
 -0.154700 0.222042 -0.125330 
 -0.142415 0.227891 -0.122625 
 -0.129089 0.233634 -0.141914 
 -0.115836 0.239342 -0.161220 
 -0.103625 0.245156 -0.158530 
 -0.091414 0.250970 -0.155841 
 -0.080099 0.256959 -0.131125 
 -0.067851 0.262790 -0.128428 
 -0.055603 0.268621 -0.125731 
 -0.043748 0.274566 -0.112008 
 -0.031482 0.280406 -0.109307 
 -0.019929 0.286509 -0.084538 
 -0.007627 0.292366 -0.081828 
 0.004037 0.298520 -0.057036 
 0.015773 0.304710 -0.032226 
 0.028149 0.310602 -0.029501 
 0.039996 0.316844 -0.004668 
 0.052408 0.322753 -0.001935 
 0.064592 0.328855 0.011861 
 0.077023 0.334774 0.014598 
 0.088879 0.341321 0.050546 
 0.101192 0.347484 0.064370 
 0.113541 0.353664 0.078201 
 0.125790 0.360097 0.103123 
 0.138230 0.366321 0.116975 
 0.150608 0.372816 0.141925 
 0.163222 0.378821 0.144703 
 0.175772 0.385097 0.158579 
 0.188359 0.391391 0.172463 
 0.200929 0.398278 0.208568 
 0.213635 0.404327 0.211366 
 0.226370 0.411293 0.247507 
 0.239158 0.417682 0.261435 
 0.252030 0.424412 0.286495 
 0.264845 0.430513 0.289317 
 0.277743 0.436955 0.303269 
 0.290780 0.443763 0.328364 
 0.303650 0.449891 0.331199 
 -0.542990 0.060238 0.055879 
 -0.530267 0.066296 0.058682 
 -0.516482 0.072535 0.050605 
 -0.502735 0.078757 0.042520 
 -0.488000 0.085125 0.023541 
 -0.475350 0.091148 0.026327 
 -0.461712 0.097318 0.018218 
 -0.449080 0.103332 0.021000 
 -0.435498 0.109475 0.012879 
 -0.422884 0.115481 0.015656 
 -0.410270 0.121487 0.018434 
 -0.395865 0.127698 -0.000617 
 -0.382410 0.133780 -0.008766 
 -0.370711 0.139674 0.004922 
 -0.357293 0.145739 -0.003235 
 -0.343089 0.151855 -0.022331 
 -0.330567 0.157817 -0.019574 
 -0.318044 0.163778 -0.016816 
 -0.303987 0.169824 -0.035944 
 -0.291501 0.175769 -0.033195 
 -0.279016 0.181713 -0.030445 
 -0.265105 0.187689 -0.049606 
 -0.251961 0.193624 -0.057824 
 -0.238855 0.199540 -0.066049 
 -0.225127 0.205429 -0.085250 
 -0.212112 0.211302 -0.093497 
 -0.199754 0.217186 -0.090775 
 -0.186794 0.223033 -0.099033 
 -0.174455 0.228908 -0.096316 
 -0.160984 0.234674 -0.115573 
 -0.148133 0.240469 -0.123856 
 -0.135319 0.246246 -0.132146 
 -0.122542 0.252006 -0.140444 
 -0.110295 0.257837 -0.137747 
 -0.098047 0.263669 -0.135050 
 -0.086256 0.269606 -0.121341 
 -0.073552 0.275331 -0.129655 
 -0.061304 0.281162 -0.126958 
 -0.049458 0.287126 -0.113237 
 -0.037575 0.293107 -0.099508 
 -0.025655 0.299106 -0.085770 
 -0.013353 0.304963 -0.083061 
 -0.001706 0.311155 -0.058272 
 0.010013 0.317382 -0.033466 
 0.022389 0.323274 -0.030741 
 0.034218 0.329554 -0.005912 
 0.046630 0.335463 -0.003178 
 0.058806 0.341584 0.010615 
 0.071237 0.347502 0.013353 
 0.083068 0.354106 0.049295 
 0.095372 0.360287 0.063117 
 0.107712 0.366486 0.076947 
 0.119944 0.372957 0.101865 
 0.132376 0.379200 0.115715 
 0.144737 0.385732 0.140661 
 0.157260 0.392018 0.154532 
 0.169892 0.398032 0.157314 
 0.182364 0.404941 0.193396 
 0.195016 0.411288 0.207295 
 0.207721 0.417337 0.210093 
 0.220431 0.424359 0.246229 
 0.233210 0.430767 0.260155 
 0.246065 0.437534 0.285211 
 0.258880 0.443636 0.288033 
 0.271695 0.449737 0.290855 
 0.284603 0.456206 0.304810 
 0.297437 0.462317 0.307636 
 -0.539451 0.078811 0.090025 
 -0.522396 0.085545 0.049332 
 -0.509691 0.091594 0.052130 
 -0.495953 0.097788 0.044043 
 -0.483266 0.103829 0.046837 
 -0.468588 0.110125 0.027845 
 -0.455937 0.116148 0.030631 
 -0.442328 0.122281 0.022516 
 -0.429696 0.128295 0.025298 
 -0.417064 0.134310 0.028080 
 -0.403527 0.140408 0.019948 
 -0.389142 0.146565 0.000892 
 -0.376565 0.152553 0.003662 
 -0.363138 0.158599 -0.004493 
 -0.350579 0.164578 -0.001727 
 -0.336395 0.170639 -0.020828 
 -0.323873 0.176601 -0.018071 
 -0.310575 0.182586 -0.026254 
 -0.298071 0.188539 -0.023500 
 -0.284827 0.194498 -0.031696 
 -0.270899 0.200437 -0.050854 
 -0.257747 0.206352 -0.059069 
 -0.244632 0.212250 -0.067293 
 -0.230888 0.218101 -0.086490 
 -0.217864 0.223956 -0.094735 
 -0.205506 0.229839 -0.092013 
 -0.192538 0.235668 -0.100270 
 -0.179012 0.241414 -0.119515 
 -0.166710 0.247272 -0.116806 
 -0.153851 0.253048 -0.125087 
 -0.141567 0.258896 -0.122381 
 -0.129282 0.264745 -0.119676 
 -0.116497 0.270486 -0.127972 
 -0.104231 0.276326 -0.125271 
 -0.091965 0.282166 -0.122570 
 -0.079699 0.288006 -0.119868 
 -0.067433 0.293846 -0.117167 
 -0.055577 0.299837 -0.103444 
 -0.043684 0.305846 -0.089712 
 -0.032128 0.312040 -0.064943 
 -0.019789 0.317915 -0.062226 
 -0.007787 0.323976 -0.048470 
 0.004253 0.330054 -0.034706 
 0.016028 0.336354 -0.009889 
 0.028441 0.342263 -0.007155 
 0.040590 0.348394 0.006632 
 0.053020 0.354312 0.009370 
 0.065224 0.360469 0.023169 
 0.077256 0.366890 0.048044 
 0.089552 0.373091 0.061864 
 0.101884 0.379308 0.075692 
 0.114099 0.385817 0.100607 
 0.126522 0.392078 0.114455 
 0.138866 0.398648 0.139397 
 0.151381 0.404953 0.153266 
 0.163932 0.411275 0.167142 
 0.176459 0.417932 0.192125 
 0.189102 0.424298 0.206022 
 0.201807 0.430347 0.208820 
 0.214491 0.437425 0.244950 
 0.227251 0.443500 0.247760 
 0.240041 0.449936 0.261689 
 0.252820 0.456020 0.264503 
 0.265730 0.462859 0.289571 
 0.278630 0.469347 0.303524 
 0.291463 0.475457 0.306350 
 0.304297 0.481568 0.309176 
 -0.544303 0.092048 0.077874 
 -0.532620 0.097979 0.091558 
 -0.516664 0.104469 0.061736 
 -0.501859 0.110779 0.042772 
 -0.489171 0.116820 0.045566 
 -0.476485 0.122860 0.048360 
 -0.461826 0.129101 0.029364 
 -0.449175 0.135124 0.032150 
 -0.436525 0.141147 0.034936 
 -0.422943 0.147244 0.026814 
 -0.409398 0.153324 0.018685 
 -0.396785 0.159330 0.021462 
 -0.382419 0.165431 0.002402 
 -0.369842 0.171419 0.005172 
 -0.356425 0.177438 -0.002986 
 -0.343866 0.183417 -0.000220 
 -0.329701 0.189423 -0.019325 
 -0.317179 0.195385 -0.016568 
 -0.303891 0.201343 -0.024753 
 -0.290639 0.207283 -0.032947 
 -0.276694 0.213184 -0.052101 
 -0.264245 0.219111 -0.049359 
 -0.250410 0.224960 -0.068537 
 -0.237997 0.230870 -0.065803 
 -0.223616 0.236609 -0.095973 
 -0.211258 0.242493 -0.093252 
 -0.198281 0.248302 -0.101506 
 -0.185942 0.254177 -0.098788 
 -0.172436 0.259869 -0.118038 
 -0.160134 0.265727 -0.115329 
 -0.147284 0.271475 -0.123612 
 -0.135000 0.277324 -0.120907 
 -0.122716 0.283172 -0.118202 
 -0.110432 0.289021 -0.115496 
 -0.098147 0.294870 -0.112791 
 -0.085863 0.300718 -0.110086 
 -0.073579 0.306567 -0.107380 
 -0.061713 0.312586 -0.093654 
 -0.050211 0.318800 -0.068897 
 -0.037872 0.324675 -0.066180 
 -0.025896 0.330746 -0.052430 
 -0.013538 0.336630 -0.049709 
 -0.002162 0.343154 -0.013866 
 0.010251 0.349063 -0.011133 
 0.022663 0.354973 -0.008399 
 0.034804 0.361122 0.005387 
 0.046981 0.367289 0.019181 
 0.058959 0.373731 0.044043 
 0.071228 0.379941 0.057857 
 0.083732 0.385894 0.060611 
 0.095694 0.392697 0.096583 
 0.108091 0.398969 0.110425 
 0.120381 0.405558 0.135356 
 0.132994 0.411564 0.138133 
 0.145501 0.417887 0.152001 
 0.158044 0.424228 0.165875 
 0.170553 0.430923 0.190854 
 0.183188 0.437307 0.204749 
 0.195894 0.443356 0.207547 
 0.208552 0.450491 0.243672 
 0.221315 0.456936 0.257594 
 0.234093 0.463020 0.260408 
 0.246950 0.469880 0.285465 
 0.259765 0.475982 0.288287 
 0.272657 0.482488 0.302238 
 0.285490 0.488598 0.305064 
 0.298324 0.494709 0.307891 
 -0.550242 0.105114 0.076595 
 -0.537482 0.111189 0.079405 
 -0.522586 0.117497 0.060461 
 -0.508813 0.123663 0.052382 
 -0.495077 0.129811 0.044295 
 -0.482390 0.135851 0.047089 
 -0.467714 0.142055 0.028096 
 -0.455063 0.148078 0.030882 
 -0.442413 0.154101 0.033668 
 -0.429763 0.160124 0.036454 
 -0.416191 0.166193 0.028331 
 -0.402656 0.172246 0.020199 
 -0.390042 0.178251 0.022977 
 -0.375696 0.184298 0.003912 
 -0.363119 0.190286 0.006681 
 -0.350541 0.196274 0.009451 
 -0.337153 0.202257 0.001288 
 -0.324594 0.208236 0.004053 
 -0.309711 0.214146 -0.026006 
 -0.297207 0.220100 -0.023252 
 -0.284703 0.226053 -0.020499 
 -0.271479 0.231957 -0.028699 
 -0.257590 0.237786 -0.047865 
 -0.244458 0.243646 -0.056085 
 -0.231362 0.249489 -0.064313 
 -0.217657 0.255231 -0.083519 
 -0.205281 0.261123 -0.080794 
 -0.192905 0.267015 -0.078068 
 -0.179938 0.272797 -0.086325 
 -0.167580 0.278681 -0.083604 
 -0.153557 0.284181 -0.113852 
 -0.142328 0.290311 -0.089155 
 -0.129989 0.296186 -0.086438 
 -0.117650 0.302061 -0.083720 
 -0.104347 0.307611 -0.103015 
 -0.092045 0.313468 -0.100306 
 -0.079742 0.319326 -0.097596 
 -0.068293 0.325560 -0.072851 
 -0.056363 0.331633 -0.059111 
 -0.044005 0.337516 -0.056390 
 -0.032020 0.343615 -0.042637 
 -0.019644 0.349507 -0.039912 
 -0.007939 0.355864 -0.015110 
 0.004156 0.362014 -0.001334 
 0.016587 0.367933 0.001404 
 0.028737 0.374109 0.015192 
 0.040662 0.380571 0.040043 
 0.052904 0.386791 0.053851 
 0.065408 0.392745 0.056605 
 0.077704 0.398991 0.070425 
 0.089660 0.405859 0.106395 
 0.101896 0.412469 0.131314 
 0.114510 0.418474 0.134092 
 0.126989 0.424808 0.147953 
 0.139621 0.430822 0.150735 
 0.151961 0.437873 0.186789 
 0.164569 0.444268 0.200678 
 0.177214 0.450680 0.214575 
 0.189937 0.456738 0.217377 
 0.202613 0.463557 0.242393 
 0.215367 0.470021 0.256314 
 0.228146 0.476105 0.259128 
 0.240924 0.482189 0.261942 
 0.253801 0.489104 0.287003 
 0.266683 0.495629 0.300952 
 0.279517 0.501739 0.303779 
 0.292350 0.507850 0.306605 
 -0.544516 0.124149 0.088998 
 -0.531737 0.130233 0.091812 
 -0.514727 0.136672 0.051109 
 -0.502022 0.142722 0.053907 
 -0.489316 0.148771 0.056705 
 -0.475608 0.154883 0.048611 
 -0.462921 0.160923 0.051405 
 -0.450234 0.166964 0.054199 
 -0.435651 0.173077 0.035187 
 -0.423000 0.179100 0.037972 
 -0.410350 0.185123 0.040758 
 -0.396806 0.191157 0.032629 
 -0.381550 0.197176 0.002652 
 -0.368973 0.203165 0.005421 
 -0.356395 0.209153 0.008191 
 -0.342998 0.215116 0.000029 
 -0.330440 0.221096 0.002795 
 -0.316314 0.226992 -0.016319 
 -0.303792 0.232954 -0.013561 
 -0.290523 0.238856 -0.021752 
 -0.278019 0.244810 -0.018998 
 -0.264805 0.250686 -0.027200 
 -0.250936 0.256460 -0.046371 
 -0.237813 0.262293 -0.054593 
 -0.224727 0.268109 -0.062823 
 -0.211041 0.273795 -0.082034 
 -0.198665 0.279687 -0.079308 
 -0.186290 0.285580 -0.076583 
 -0.173914 0.291472 -0.073857 
 -0.161538 0.297364 -0.071132 
 -0.149162 0.303257 -0.068406 
 -0.136786 0.309149 -0.065681 
 -0.124411 0.315041 -0.062956 
 -0.112035 0.320933 -0.060230 
 -0.099659 0.326826 -0.057505 
 -0.087283 0.332718 -0.054779 
 -0.075778 0.339025 -0.030021 
 -0.063366 0.344935 -0.027288 
 -0.050954 0.350844 -0.024554 
 -0.038541 0.356754 -0.021820 
 -0.026491 0.362906 -0.008054 
 -0.014404 0.369075 0.005720 
 -0.001955 0.375003 0.008461 
 0.010494 0.380930 0.011203 
 0.022365 0.387411 0.036042 
 0.034580 0.393642 0.049844 
 0.047084 0.399595 0.052598 
 0.059353 0.405851 0.066412 
 0.071876 0.411813 0.069170 
 0.084003 0.418417 0.094066 
 0.096025 0.425385 0.130050 
 0.108477 0.431728 0.143905 
 0.121109 0.437743 0.146687 
 0.133617 0.444112 0.160554 
 0.146056 0.450864 0.185518 
 0.158568 0.457651 0.210498 
 0.171291 0.463709 0.213300 
 0.183913 0.470547 0.238304 
 0.196641 0.477022 0.252219 
 0.209419 0.483106 0.255034 
 0.222205 0.490023 0.280075 
 0.234976 0.495274 0.260662 
 0.247755 0.501358 0.263476 
 0.260651 0.508327 0.288541 
 0.273466 0.514429 0.291364 
 -0.550464 0.137233 0.087717 
 -0.537685 0.143317 0.090532 
 -0.524906 0.149402 0.093346 
 -0.512128 0.155486 0.096160 
 -0.495230 0.161781 0.055432 
 -0.482525 0.167830 0.058230 
 -0.469819 0.173879 0.061028 
 -0.456139 0.179955 0.052928 
 -0.443452 0.185995 0.055722 
 -0.430765 0.192035 0.058516 
 -0.418078 0.198076 0.061310 
 -0.403588 0.204100 0.042277 
 -0.390054 0.210106 0.034145 
 -0.376557 0.216094 0.026005 
 -0.362250 0.222031 0.006931 
 -0.349672 0.228019 0.009701 
 -0.336285 0.233956 0.001537 
 -0.323726 0.239935 0.004303 
 -0.309620 0.245776 -0.014816 
 -0.297098 0.251738 -0.012058 
 -0.283839 0.257613 -0.020251 
 -0.271335 0.263566 -0.017497 
 -0.258131 0.269416 -0.025701 
 -0.245645 0.275360 -0.022952 
 -0.231168 0.280940 -0.053101 
 -0.218738 0.286858 -0.050363 
 -0.205680 0.292638 -0.058600 
 -0.193267 0.298548 -0.055866 
 -0.180855 0.304457 -0.053133 
 -0.167298 0.310037 -0.072372 
 -0.156030 0.316277 -0.047666 
 -0.143618 0.322186 -0.044932 
 -0.131205 0.328096 -0.042199 
 -0.118793 0.334006 -0.039465 
 -0.106381 0.339915 -0.036732 
 -0.093968 0.345825 -0.033998 
 -0.082000 0.351961 -0.020250 
 -0.069569 0.357879 -0.017513 
 -0.057138 0.363798 -0.014775 
 -0.044708 0.369716 -0.012037 
 -0.032648 0.375896 0.001731 
 -0.020199 0.381823 0.004472 
 -0.008418 0.388307 0.029292 
 0.004068 0.394251 0.032042 
 0.016256 0.400492 0.045838 
 0.028760 0.406445 0.048592 
 0.041264 0.412398 0.051345 
 0.053768 0.418352 0.054099 
 0.066272 0.424305 0.056853 
 0.078570 0.430598 0.070673 
 0.091092 0.436560 0.073431 
 0.102598 0.444663 0.142640 
 0.115079 0.451043 0.156501 
 0.127464 0.457815 0.181453 
 0.140036 0.464238 0.195334 
 0.152645 0.470679 0.209223 
 0.165136 0.477939 0.245311 
 0.177914 0.484023 0.248125 
 0.190693 0.490107 0.250939 
 0.203471 0.496191 0.253753 
 0.216250 0.502275 0.256568 
 0.229028 0.508359 0.259382 
 0.241807 0.514443 0.262196 
 0.254585 0.520527 0.265010 
 0.267501 0.527551 0.290080 
 -0.545819 0.156282 0.110995 
 -0.533004 0.162383 0.113817 
 -0.518076 0.168570 0.094880 
 -0.505297 0.174654 0.097694 
 -0.489459 0.180814 0.067845 
 -0.475733 0.186889 0.059755 
 -0.463028 0.192938 0.062553 
 -0.449357 0.198986 0.054451 
 -0.437617 0.205036 0.068149 
 -0.423983 0.211067 0.060039 
 -0.409476 0.217053 0.041009 
 -0.395934 0.223041 0.032880 
 -0.383302 0.229055 0.035661 
 -0.369814 0.235016 0.027519 
 -0.355527 0.240898 0.008441 
 -0.342949 0.246886 0.011211 
 -0.329572 0.252795 0.003044 
 -0.315449 0.258598 -0.016071 
 -0.302927 0.264560 -0.013313 
 -0.289659 0.270417 -0.021503 
 -0.277155 0.276370 -0.018750 
 -0.264651 0.282323 -0.015996 
 -0.252147 0.288277 -0.013242 
 -0.237626 0.293809 -0.043382 
 -0.225177 0.299736 -0.040640 
 -0.212728 0.305663 -0.037899 
 -0.199045 0.311257 -0.057110 
 -0.186633 0.317167 -0.054377 
 -0.174220 0.323077 -0.051643 
 -0.161808 0.328986 -0.048909 
 -0.149395 0.334896 -0.046176 
 -0.136983 0.340806 -0.043442 
 -0.124571 0.346715 -0.040709 
 -0.112158 0.352625 -0.037975 
 -0.100216 0.358771 -0.024233 
 -0.088238 0.364934 -0.010483 
 -0.075789 0.370862 -0.007741 
 -0.063340 0.376789 -0.005000 
 -0.050891 0.382716 -0.002258 
 -0.039201 0.389202 0.022542 
 -0.026715 0.395147 0.025291 
 -0.014230 0.401092 0.028041 
 -0.001744 0.407036 0.030791 
 0.010436 0.413295 0.044585 
 0.022940 0.419249 0.047339 
 0.035444 0.425202 0.050093 
 0.047948 0.431155 0.052846 
 0.060684 0.436759 0.044539 
 0.072956 0.443062 0.058354 
 0.085459 0.449015 0.061107 
 0.097963 0.454968 0.063861 
 0.110946 0.459768 0.033383 
 0.123395 0.465696 0.036124 
 0.135844 0.471623 0.038866 
 0.148398 0.477139 0.030518 
 0.159274 0.490604 0.232937 
 0.172034 0.496679 0.235747 
 0.184745 0.503191 0.249659 
 0.197523 0.509275 0.252473 
 0.210302 0.515359 0.255287 
 0.223081 0.521443 0.258101 
 0.235859 0.527527 0.260916 
 0.248638 0.533611 0.263730 
 -0.551784 0.169404 0.109711 
 -0.538969 0.175506 0.112533 
 -0.526154 0.181607 0.115356 
 -0.511245 0.187739 0.096414 
 -0.498466 0.193823 0.099228 
 -0.482657 0.199900 0.069372 
 -0.468942 0.205948 0.061280 
 -0.456236 0.211997 0.064078 
 -0.443531 0.218046 0.066876 
 -0.430826 0.224095 0.069674 
 -0.417202 0.230098 0.061562 
 -0.404515 0.236139 0.064356 
 -0.390063 0.242053 0.045314 
 -0.375685 0.247932 0.026255 
 -0.363071 0.253938 0.029033 
 -0.348803 0.259765 0.009950 
 -0.336226 0.265753 0.012720 
 -0.322859 0.271634 0.004552 
 -0.310300 0.277613 0.007318 
 -0.296233 0.283344 -0.011810 
 -0.283711 0.289306 -0.009052 
 -0.271188 0.295268 -0.006294 
 -0.258666 0.301230 -0.003537 
 -0.245463 0.307033 -0.011741 
 -0.232297 0.312819 -0.019954 
 -0.219811 0.318763 -0.017205 
 -0.206074 0.324338 -0.036405 
 -0.193017 0.330071 -0.044642 
 -0.180587 0.335989 -0.041904 
 -0.168156 0.341908 -0.039166 
 -0.155173 0.347606 -0.047420 
 -0.142760 0.353516 -0.044686 
 -0.130864 0.359663 -0.030954 
 -0.118433 0.365581 -0.028216 
 -0.106482 0.371755 -0.014472 
 -0.094033 0.377682 -0.011730 
 -0.081584 0.383609 -0.008989 
 -0.069135 0.389536 -0.006247 
 -0.056686 0.395463 -0.003505 
 -0.045012 0.401987 0.021291 
 -0.032527 0.407932 0.024040 
 -0.020041 0.413876 0.026790 
 -0.007555 0.419821 0.029540 
 0.004616 0.426099 0.043332 
 0.017120 0.432052 0.046086 
 0.029624 0.438005 0.048840 
 0.042128 0.443959 0.051593 
 0.054873 0.449544 0.043288 
 0.067358 0.455488 0.046038 
 0.079844 0.461433 0.048787 
 0.092330 0.467377 0.051537 
 0.105152 0.472516 0.032135 
 0.117601 0.478443 0.034877 
 0.130050 0.484370 0.037618 
 0.142612 0.489868 0.029273 
 0.155043 0.495786 0.032010 
 0.167550 0.501258 0.023652 
 0.179962 0.507168 0.026386 
 0.191576 0.522360 0.251193 
 0.204354 0.528444 0.254007 
 -0.546026 0.188614 0.122121 
 -0.532119 0.194729 0.114072 
 -0.519304 0.200831 0.116894 
 -0.504414 0.206908 0.097947 
 -0.491636 0.212992 0.100762 
 -0.475856 0.218987 0.070900 
 -0.463132 0.225045 0.073702 
 -0.450409 0.231103 0.076504 
 -0.436739 0.237105 0.068401 
 -0.424034 0.243154 0.071199 
 -0.410420 0.249130 0.063085 
 -0.395952 0.255006 0.044046 
 -0.382429 0.260939 0.035912 
 -0.369797 0.266953 0.038694 
 -0.356329 0.272859 0.030547 
 -0.343715 0.278865 0.033325 
 -0.329503 0.284619 0.014230 
 -0.316926 0.290607 0.017000 
 -0.303586 0.296453 0.008825 
 -0.289539 0.302129 -0.010307 
 -0.277017 0.308091 -0.007549 
 -0.264495 0.314053 -0.004791 
 -0.251972 0.320015 -0.002034 
 -0.238779 0.325790 -0.010241 
 -0.226275 0.331743 -0.007487 
 -0.213137 0.337493 -0.015706 
 -0.199419 0.343012 -0.034910 
 -0.186373 0.348718 -0.043150 
 -0.175680 0.355326 -0.007457 
 -0.161511 0.360555 -0.037674 
 -0.149081 0.366473 -0.034937 
 -0.136650 0.372391 -0.032199 
 -0.124725 0.378575 -0.018461 
 -0.112276 0.384502 -0.015719 
 -0.100766 0.390994 0.009041 
 -0.088281 0.396938 0.011791 
 -0.075795 0.402883 0.014540 
 -0.062480 0.408210 -0.004753 
 -0.050824 0.414772 0.020040 
 -0.038338 0.420717 0.022789 
 -0.025852 0.426661 0.025539 
 -0.013367 0.432606 0.028289 
 -0.000881 0.438550 0.031038 
 0.011604 0.444495 0.033788 
 0.023804 0.450809 0.047587 
 0.036576 0.456384 0.039287 
 0.049061 0.462329 0.042037 
 0.061547 0.468273 0.044787 
 0.074459 0.473409 0.025405 
 0.087103 0.478923 0.017077 
 0.099534 0.484841 0.019814 
 0.111965 0.490760 0.022552 
 0.124395 0.496678 0.025290 
 0.136948 0.502148 0.016942 
 0.149360 0.508058 0.019675 
 0.161772 0.513968 0.022409 
 0.174318 0.518929 0.002947 
 0.186694 0.524821 0.005672 
 -0.551999 0.201755 0.120835 
 -0.538084 0.207851 0.112788 
 -0.525269 0.213953 0.115610 
 -0.512453 0.220054 0.118432 
 -0.497584 0.226076 0.099481 
 -0.484805 0.232161 0.102295 
 -0.471036 0.238187 0.094215 
 -0.458276 0.244263 0.097026 
 -0.445515 0.250338 0.099836 
 -0.429948 0.256164 0.069926 
 -0.417242 0.262213 0.072724 
 -0.403638 0.268161 0.064608 
 -0.389189 0.273983 0.045565 
 -0.375676 0.279888 0.037428 
 -0.363044 0.285902 0.040210 
 -0.349586 0.291781 0.032061 
 -0.335357 0.297498 0.012970 
 -0.322780 0.303486 0.015740 
 -0.310203 0.309474 0.018509 
 -0.296873 0.315292 0.010332 
 -0.282845 0.320913 -0.008804 
 -0.270323 0.326875 -0.006046 
 -0.257801 0.332837 -0.003288 
 -0.244599 0.338594 -0.011493 
 -0.232095 0.344547 -0.008740 
 -0.219591 0.350500 -0.005986 
 -0.206463 0.356222 -0.014207 
 -0.193977 0.362167 -0.011458 
 -0.181492 0.368111 -0.008708 
 -0.169006 0.374056 -0.005958 
 -0.156520 0.380000 -0.003209 
 -0.142969 0.385395 -0.022450 
 -0.131549 0.391890 0.002291 
 -0.119063 0.397834 0.005040 
 -0.106578 0.403779 0.007790 
 -0.094092 0.409723 0.010540 
 -0.081607 0.415668 0.013289 
 -0.069121 0.421612 0.016039 
 -0.056635 0.427557 0.018789 
 -0.044150 0.433501 0.021538 
 -0.030927 0.438739 0.002225 
 -0.018478 0.444666 0.004966 
 -0.006693 0.451335 0.029787 
 0.005793 0.457280 0.032537 
 0.018279 0.463224 0.035287 
 0.030764 0.469169 0.038036 
 0.043767 0.474302 0.018674 
 0.056216 0.480229 0.021416 
 0.068665 0.486156 0.024157 
 0.081317 0.491651 0.015831 
 0.093748 0.497570 0.018569 
 0.106345 0.503039 0.010231 
 0.118758 0.508948 0.012964 
 0.131170 0.514858 0.015698 
 0.143583 0.520768 0.018431 
 0.156182 0.525709 -0.001019 
 0.168558 0.531601 0.001707 
 0.180934 0.537494 0.004432 
 -0.557973 0.214896 0.119550 
 -0.544049 0.220974 0.111504 
 -0.531233 0.227075 0.114326 
 -0.519472 0.233226 0.128028 
 -0.505603 0.239278 0.119970 
 -0.492788 0.245380 0.122793 
 -0.477974 0.251329 0.103829 
 -0.465196 0.257413 0.106643 
 -0.451455 0.263404 0.098557 
 -0.436806 0.269275 0.079558 
 -0.424082 0.275333 0.082360 
 -0.410451 0.281272 0.074249 
 -0.396856 0.287193 0.066131 
 -0.382427 0.292959 0.047083 
 -0.368924 0.298837 0.038945 
 -0.356292 0.304851 0.041727 
 -0.342844 0.310702 0.033575 
 -0.328634 0.316365 0.014479 
 -0.316057 0.322353 0.017249 
 -0.302719 0.328152 0.009074 
 -0.290160 0.334131 0.011840 
 -0.276152 0.339697 -0.007301 
 -0.263629 0.345659 -0.004543 
 -0.251107 0.351621 -0.001785 
 -0.237915 0.357351 -0.009992 
 -0.225411 0.363304 -0.007239 
 -0.212907 0.369257 -0.004485 
 -0.199789 0.374952 -0.012709 
 -0.187900 0.381164 0.001022 
 -0.175396 0.387117 0.003776 
 -0.162892 0.393070 0.006530 
 -0.149846 0.398730 -0.001710 
 -0.137361 0.404674 0.001040 
 -0.124875 0.410619 0.003789 
 -0.112389 0.416563 0.006539 
 -0.099904 0.422508 0.009289 
 -0.087418 0.428453 0.012038 
 -0.074932 0.434397 0.014788 
 -0.062447 0.440342 0.017538 
 -0.049171 0.445559 -0.001764 
 -0.036722 0.451486 0.000977 
 -0.024273 0.457413 0.003719 
 -0.011824 0.463341 0.006461 
 0.000625 0.469268 0.009202 
 0.013074 0.475195 0.011944 
 0.025523 0.481122 0.014685 
 0.037972 0.487049 0.017427 
 0.050421 0.492976 0.020169 
 0.063101 0.498461 0.011848 
 0.075531 0.504380 0.014586 
 0.088156 0.509839 0.006254 
 0.100568 0.515749 0.008987 
 0.112980 0.521658 0.011721 
 0.125393 0.527568 0.014454 
 0.137805 0.533478 0.017188 
 0.150524 0.537879 -0.013349 
 0.162798 0.544274 0.000467 
 0.175173 0.550166 0.003192 
 -0.550013 0.234096 0.110220 
 -0.540441 0.240377 0.145665 
 -0.525446 0.246367 0.126743 
 -0.512612 0.252477 0.129569 
 -0.498753 0.258502 0.121509 
 -0.485938 0.264603 0.124331 
 -0.471144 0.270498 0.105363 
 -0.458365 0.276582 0.108177 
 -0.444634 0.282545 0.100089 
 -0.430004 0.288362 0.081085 
 -0.417281 0.294420 0.083888 
 -0.403659 0.300331 0.075774 
 -0.390074 0.306224 0.067653 
 -0.377387 0.312265 0.070447 
 -0.364700 0.318305 0.073241 
 -0.350364 0.323982 0.054174 
 -0.336907 0.329815 0.046025 
 -0.323487 0.335630 0.037867 
 -0.310873 0.341635 0.040645 
 -0.296757 0.347208 0.021529 
 -0.284180 0.353196 0.024299 
 -0.270888 0.358950 0.016113 
 -0.256936 0.364444 -0.003040 
 -0.244414 0.370406 -0.000282 
 -0.231891 0.376368 0.002476 
 -0.219369 0.382330 0.005233 
 -0.206223 0.388014 -0.002984 
 -0.193720 0.393967 -0.000231 
 -0.181216 0.399920 0.002523 
 -0.168712 0.405874 0.005277 
 -0.156208 0.411827 0.008031 
 -0.143172 0.417459 -0.000211 
 -0.130686 0.423404 0.002538 
 -0.118696 0.429687 0.016292 
 -0.105715 0.435293 0.008038 
 -0.093230 0.441237 0.010787 
 -0.080744 0.447182 0.013537 
 -0.068258 0.453126 0.016287 
 -0.054965 0.458307 -0.003011 
 -0.042516 0.464234 -0.000270 
 -0.030067 0.470161 0.002472 
 -0.017618 0.476088 0.005213 
 -0.005169 0.482015 0.007955 
 0.007280 0.487942 0.010696 
 0.020022 0.493435 0.002390 
 0.032453 0.499353 0.005128 
 0.044884 0.505272 0.007865 
 0.057315 0.511190 0.010603 
 0.069966 0.516639 0.002277 
 0.082378 0.522549 0.005010 
 0.094791 0.528458 0.007744 
 0.107203 0.534368 0.010477 
 0.119910 0.539269 -0.008949 
 0.132286 0.545162 -0.006224 
 0.144772 0.550532 -0.014587 
 0.157037 0.556946 -0.000773 
 0.169413 0.562838 0.001952 
 0.181789 0.568731 0.004678 
 -0.546432 0.253555 0.144376 
 -0.531419 0.259508 0.125457 
 -0.518586 0.265618 0.128283 
 -0.505752 0.271729 0.131109 
 -0.491903 0.277725 0.123047 
 -0.479087 0.283827 0.125869 
 -0.464313 0.289667 0.106897 
 -0.450573 0.295611 0.098810 
 -0.437813 0.301687 0.101620 
 -0.423203 0.307448 0.082613 
 -0.409573 0.313340 0.074501 
 -0.395980 0.319215 0.066382 
 -0.383293 0.325256 0.069176 
 -0.370606 0.331296 0.071970 
 -0.357919 0.337336 0.074764 
 -0.345232 0.343377 0.077558 
 -0.330951 0.348981 0.058478 
 -0.317523 0.354778 0.050323 
 -0.304131 0.360557 0.042159 
 -0.291517 0.366562 0.044937 
 -0.277457 0.372062 0.025808 
 -0.264879 0.378050 0.028578 
 -0.252302 0.384039 0.031348 
 -0.239057 0.389748 0.023152 
 -0.226498 0.395727 0.025918 
 -0.213939 0.401707 0.028684 
 -0.200153 0.407076 0.009494 
 -0.187631 0.413038 0.012252 
 -0.174532 0.418677 0.004024 
 -0.162028 0.424631 0.006778 
 -0.149524 0.430584 0.009531 
 -0.137020 0.436537 0.012285 
 -0.124516 0.442490 0.015039 
 -0.112012 0.448444 0.017792 
 -0.099041 0.454022 0.009536 
 -0.086555 0.459967 0.012286 
 -0.074070 0.465911 0.015036 
 -0.060760 0.471054 -0.004259 
 -0.048311 0.476981 -0.001517 
 -0.035862 0.482908 0.001224 
 -0.023056 0.488408 -0.007068 
 -0.010625 0.494327 -0.004330 
 0.001806 0.500245 -0.001593 
 0.014236 0.506163 0.001145 
 0.026667 0.512082 0.003882 
 0.039098 0.518000 0.006620 
 0.051529 0.523919 0.009357 
 0.064188 0.529349 0.001033 
 0.076601 0.535258 0.003766 
 0.089013 0.541168 0.006500 
 0.101426 0.547078 0.009233 
 0.114150 0.551942 -0.010189 
 0.126525 0.557834 -0.007464 
 0.139020 0.563186 -0.015825 
 0.151378 0.569069 -0.013104 
 0.163735 0.574953 -0.010383 
 0.176093 0.580836 -0.007661 
 0.188450 0.586720 -0.004940 
 -0.511726 0.284870 0.129823 
 -0.498892 0.290980 0.132650 
 -0.486059 0.297090 0.135476 
 -0.472237 0.303051 0.127407 
 -0.457482 0.308836 0.108431 
 -0.443752 0.314753 0.100342 
 -0.430992 0.320828 0.103152 
 -0.416402 0.326534 0.084140 
 -0.402781 0.332399 0.076026 
 -0.390076 0.338448 0.078824 
 -0.377371 0.344498 0.081622 
 -0.364665 0.350547 0.084420 
 -0.351137 0.356368 0.076287 
 -0.336840 0.361935 0.057211 
 -0.324189 0.367958 0.059997 
 -0.310770 0.373727 0.051839 
 -0.297388 0.379478 0.043673 
 -0.284774 0.385484 0.046451 
 -0.272160 0.391490 0.049229 
 -0.259547 0.397495 0.052007 
 -0.245579 0.402905 0.032858 
 -0.233002 0.408893 0.035627 
 -0.220425 0.414882 0.038397 
 -0.207226 0.420546 0.030191 
 -0.194667 0.426525 0.032957 
 -0.182108 0.432505 0.035723 
 -0.168415 0.437784 0.016513 
 -0.155892 0.443746 0.019270 
 -0.142840 0.449341 0.011032 
 -0.130336 0.455294 0.013786 
 -0.117832 0.461247 0.016540 
 -0.104853 0.466807 0.008285 
 -0.092367 0.472751 0.011035 
 -0.079881 0.478696 0.013785 
 -0.066554 0.483801 -0.005506 
 -0.054105 0.489728 -0.002764 
 -0.041656 0.495655 -0.000023 
 -0.028842 0.501137 -0.008313 
 -0.016411 0.507055 -0.005576 
 -0.003980 0.512973 -0.002838 
 0.008761 0.518420 -0.011145 
 0.021174 0.524330 -0.008411 
 0.033586 0.530239 -0.005678 
 0.045999 0.536149 -0.002944 
 0.058411 0.542059 -0.000211 
 0.070823 0.547968 0.002523 
 0.083236 0.553878 0.005256 
 0.095648 0.559788 0.007990 
 0.108389 0.564614 -0.011429 
 0.120765 0.570506 -0.008704 
 0.133269 0.575839 -0.017064 
 0.145626 0.581723 -0.014342 
 0.158075 0.587030 -0.022713 
 0.170414 0.592905 -0.019996 
 0.182753 0.598779 -0.017278 
 0.195092 0.604654 -0.014561 
 0.207431 0.610529 -0.011844 
 0.219771 0.616404 -0.009126 
 0.232053 0.620392 -0.039760 
 0.244338 0.626241 -0.037054 
 -0.503832 0.303970 0.120479 
 -0.491017 0.310071 0.123301 
 -0.478202 0.316173 0.126123 
 -0.463430 0.321920 0.107150 
 -0.450651 0.328004 0.109965 
 -0.437873 0.334088 0.112779 
 -0.422324 0.339563 0.082865 
 -0.409600 0.345621 0.085667 
 -0.396877 0.351679 0.088469 
 -0.383284 0.357507 0.080349 
 -0.370579 0.363556 0.083147 
 -0.357874 0.369606 0.085946 
 -0.344355 0.375399 0.077810 
 -0.331668 0.381440 0.080604 
 -0.316650 0.386662 0.050574 
 -0.304018 0.392676 0.053355 
 -0.291386 0.398690 0.056137 
 -0.278032 0.404406 0.047965 
 -0.265418 0.410411 0.050743 
 -0.252804 0.416417 0.053521 
 -0.240190 0.422422 0.056299 
 -0.226279 0.427760 0.037137 
 -0.213702 0.433748 0.039907 
 -0.200512 0.439385 0.031699 
 -0.188547 0.445724 0.045446 
 -0.175395 0.451344 0.037230 
 -0.161721 0.456568 0.018016 
 -0.149199 0.462530 0.020773 
 -0.136677 0.468492 0.023531 
 -0.123652 0.474051 0.015287 
 -0.110664 0.479592 0.007034 
 -0.098178 0.485536 0.009784 
 -0.085693 0.491481 0.012534 
 -0.072349 0.496549 -0.006753 
 -0.059900 0.502476 -0.004012 
 -0.047451 0.508403 -0.001270 
 -0.035002 0.514330 0.001471 
 -0.022197 0.519784 -0.006821 
 -0.009766 0.525702 -0.004084 
 0.002984 0.531130 -0.012389 
 0.015396 0.537039 -0.009655 
 0.027809 0.542949 -0.006921 
 0.040221 0.548859 -0.004188 
 0.052634 0.554768 -0.001454 
 0.065046 0.560678 0.001279 
 0.077458 0.566588 0.004013 
 0.090253 0.571394 -0.015395 
 0.102629 0.577286 -0.012669 
 0.115005 0.583179 -0.009944 
 0.127653 0.587915 -0.029384 
 0.139992 0.593790 -0.026667 
 0.152331 0.599665 -0.023950 
 0.164670 0.605539 -0.021232 
 0.177010 0.611414 -0.018515 
 0.189349 0.617289 -0.015797 
 0.201741 0.621903 -0.035294 
 0.214043 0.627761 -0.032584 
 0.226346 0.633618 -0.029875 
 0.238620 0.638819 -0.038285 
 0.250857 0.644003 -0.046703 
 0.263123 0.649843 -0.044001 
 0.275389 0.655683 -0.041300 
 -0.509797 0.317092 0.119195 
 -0.496982 0.323194 0.122017 
 -0.484167 0.329295 0.124839 
 -0.469378 0.335005 0.105870 
 -0.456599 0.341089 0.108684 
 -0.443821 0.347173 0.111498 
 -0.428246 0.352591 0.081590 
 -0.414609 0.358419 0.073480 
 -0.401904 0.364468 0.076278 
 -0.389198 0.370517 0.079076 
 -0.377352 0.376823 0.092799 
 -0.363788 0.382615 0.084673 
 -0.350260 0.388390 0.076539 
 -0.335966 0.393865 0.057462 
 -0.322530 0.399596 0.049308 
 -0.309898 0.405611 0.052090 
 -0.297266 0.411625 0.054872 
 -0.283903 0.417322 0.046701 
 -0.271289 0.423327 0.049479 
 -0.258675 0.429333 0.052257 
 -0.246061 0.435338 0.055035 
 -0.233448 0.441344 0.057813 
 -0.219556 0.446627 0.038647 
 -0.206358 0.452245 0.030441 
 -0.193799 0.458224 0.033206 
 -0.181824 0.464591 0.046956 
 -0.168681 0.470183 0.038738 
 -0.156122 0.476163 0.041504 
 -0.142505 0.481315 0.022277 
 -0.129472 0.486854 0.014034 
 -0.116968 0.492808 0.016788 
 -0.103990 0.498321 0.008533 
 -0.091504 0.504266 0.011283 
 -0.079019 0.510210 0.014033 
 -0.065694 0.515223 -0.005259 
 -0.053245 0.521150 -0.002517 
 -0.040796 0.527077 0.000224 
 -0.027983 0.532512 -0.008067 
 -0.015552 0.538431 -0.005329 
 -0.003121 0.544349 -0.002592 
 0.009619 0.549749 -0.010899 
 0.022031 0.555659 -0.008165 
 0.034444 0.561569 -0.005432 
 0.046856 0.567478 -0.002698 
 0.059268 0.573388 0.000035 
 0.071681 0.579298 0.002769 
 0.084493 0.584066 -0.016635 
 0.096868 0.589959 -0.013909 
 0.109244 0.595851 -0.011184 
 0.121910 0.600550 -0.030621 
 0.134249 0.606425 -0.027903 
 0.146588 0.612299 -0.025186 
 0.158927 0.618174 -0.022468 
 0.171266 0.624049 -0.019751 
 0.183606 0.629924 -0.017034 
 0.196014 0.634501 -0.036526 
 0.208317 0.640358 -0.033817 
 0.220618 0.645549 -0.042221 
 0.232902 0.651398 -0.039516 
 0.245148 0.656563 -0.047932 
 0.257414 0.662403 -0.045230 
 0.269605 0.667541 -0.053658 
 0.281573 0.671243 -0.084361 
 0.293654 0.676329 -0.092814 
 0.305829 0.682125 -0.090132 
 -0.420523 0.371429 0.072207 
 -0.368852 0.395341 0.072474 
 -0.356165 0.401381 0.075268 
 -0.343478 0.407422 0.078062 
 -0.328409 0.412531 0.048042 
 -0.315777 0.418545 0.050824 
 -0.303145 0.424560 0.053606 
 -0.290513 0.430574 0.056388 
 -0.277881 0.436588 0.059170 
 -0.264546 0.442249 0.050993 
 -0.252617 0.448617 0.064734 
 -0.239319 0.454260 0.056549 
 -0.225410 0.459505 0.037387 
 -0.212833 0.465493 0.040156 
 -0.200256 0.471482 0.042926 
 -0.187678 0.477470 0.045696 
 -0.174527 0.483043 0.037480 
 -0.161968 0.489022 0.040245 
 -0.148334 0.494137 0.021022 
 -0.135811 0.500099 0.023780 
 -0.122788 0.505611 0.015535 
 -0.110284 0.511564 0.018289 
 -0.097780 0.517518 0.021042 
 -0.084830 0.522995 0.012782 
 -0.072344 0.528940 0.015531 
 -0.059040 0.533897 -0.003765 
 -0.046591 0.539824 -0.001023 
 -0.034142 0.545752 0.001718 
 -0.021338 0.551159 -0.006575 
 -0.008907 0.557078 -0.003837 
 0.003524 0.562996 -0.001100 
 0.015954 0.568914 0.001638 
 0.028666 0.574278 -0.006675 
 0.041079 0.580188 -0.003942 
 0.053491 0.586098 -0.001208 
 0.065904 0.592007 0.001525 
 0.078316 0.597917 0.004259 
 0.090728 0.603827 0.006992 
 0.103484 0.608523 -0.012424 
 0.116166 0.613185 -0.031857 
 0.128505 0.619059 -0.029140 
 0.140845 0.624934 -0.026422 
 0.153184 0.630809 -0.023705 
 0.165683 0.635383 -0.043178 
 0.177986 0.641241 -0.040468 
 0.190288 0.647098 -0.037759 
 0.202616 0.652279 -0.046157 
 0.214900 0.658128 -0.043452 
 0.227184 0.663976 -0.040747 
 0.239439 0.669122 -0.049161 
 0.251705 0.674962 -0.046459 
 0.263904 0.680082 -0.054886 
 0.275898 0.683727 -0.085583 
 0.287987 0.688795 -0.094033 
 0.300162 0.694592 -0.091352 
 0.312336 0.700388 -0.088671 
 0.324511 0.706184 -0.085990 
 0.336685 0.711981 -0.083309 
 0.348859 0.717777 -0.080628 
 0.361034 0.723573 -0.077947 
 0.373439 0.730168 -0.064102 
 0.385632 0.735973 -0.061417 
 0.398093 0.742594 -0.047559 
 0.410018 0.747584 -0.056046 
 0.422210 0.753389 -0.053361 
 -0.362910 0.414684 0.084925 
 -0.350204 0.420733 0.087723 
 -0.336697 0.426453 0.079585 
 -0.324010 0.432494 0.082379 
 -0.309791 0.437841 0.063284 
 -0.297140 0.443864 0.066070 
 -0.283761 0.449523 0.057904 
 -0.271129 0.455537 0.060686 
 -0.259189 0.461933 0.074428 
 -0.246539 0.467956 0.077214 
 -0.232576 0.473181 0.058063 
 -0.219962 0.479187 0.060841 
 -0.207348 0.485193 0.063619 
 -0.194735 0.491198 0.066397 
 -0.180955 0.496336 0.047206 
 -0.168378 0.502325 0.049976 
 -0.155255 0.507862 0.041753 
 -0.142696 0.513841 0.044519 
 -0.128608 0.518415 0.014282 
 -0.116104 0.524368 0.017036 
 -0.103127 0.529835 0.008781 
 -0.090642 0.535780 0.011531 
 -0.078156 0.541724 0.014280 
 -0.065670 0.547669 0.017030 
 -0.052385 0.552572 -0.002270 
 -0.039936 0.558499 0.000471 
 -0.027487 0.564426 0.003213 
 -0.014693 0.569806 -0.005083 
 -0.002262 0.575725 -0.002345 
 0.010168 0.581643 0.000393 
 0.022599 0.587561 0.003130 
 0.035301 0.592898 -0.005185 
 0.047714 0.598808 -0.002452 
 0.060126 0.604717 0.000282 
 0.072539 0.610627 0.003015 
 0.084951 0.616537 0.005749 
 0.097724 0.621196 -0.013664 
 0.110261 0.626454 -0.022016 
 0.122762 0.631694 -0.030376 
 0.135101 0.637569 -0.027658 
 0.147654 0.642123 -0.047120 
 0.159957 0.647981 -0.044410 
 0.172259 0.653838 -0.041701 
 0.184562 0.659695 -0.038992 
 0.196898 0.664858 -0.047388 
 0.209182 0.670706 -0.044683 
 0.221467 0.676555 -0.041978 
 0.233730 0.681682 -0.050390 
 0.245996 0.687522 -0.047688 
 0.258203 0.692623 -0.056113 
 0.270299 0.696960 -0.075674 
 0.282321 0.701261 -0.095253 
 0.294608 0.707823 -0.081434 
 0.306670 0.712854 -0.089891 
 0.318844 0.718650 -0.087210 
 0.331018 0.724447 -0.084529 
 0.343193 0.730243 -0.081848 
 0.355367 0.736040 -0.079166 
 0.367542 0.741836 -0.076485 
 0.379716 0.747632 -0.073804 
 0.392150 0.754263 -0.059953 
 0.404343 0.760068 -0.057268 
 0.416239 0.765021 -0.065761 
 0.428414 0.770818 -0.063080 
 -0.315679 0.450795 0.062017 
 -0.303029 0.456818 0.064803 
 -0.290378 0.462841 0.067589 
 -0.277728 0.468864 0.070375 
 -0.265077 0.474887 0.073161 
 -0.252427 0.480910 0.075947 
 -0.239112 0.486515 0.067766 
 -0.226480 0.492529 0.070548 
 -0.213220 0.498109 0.062355 
 -0.200606 0.504114 0.065133 
 -0.187992 0.510120 0.067911 
 -0.175378 0.516125 0.070689 
 -0.162765 0.522131 0.073466 
 -0.148541 0.526701 0.043260 
 -0.134428 0.531218 0.013029 
 -0.121924 0.537172 0.015783 
 -0.107976 0.541611 -0.014484 
 -0.096453 0.548565 0.010280 
 -0.083967 0.554509 0.013029 
 -0.071482 0.560454 0.015779 
 -0.059404 0.566938 0.029551 
 -0.046510 0.572343 0.021278 
 -0.034025 0.578287 0.024028 
 -0.020479 0.582535 -0.006328 
 -0.008048 0.588453 -0.003590 
 0.004382 0.594372 -0.000853 
 0.016813 0.600290 0.001885 
 0.029244 0.606208 0.004622 
 0.041675 0.612127 0.007360 
 0.054349 0.617427 -0.000962 
 0.066761 0.623337 0.001772 
 0.079174 0.629246 0.004505 
 0.092152 0.633224 -0.025976 
 0.104509 0.639107 -0.023254 
 0.117019 0.644329 -0.031612 
 0.129358 0.650204 -0.028895 
 0.141928 0.654721 -0.048352 
 0.154230 0.660578 -0.045643 
 0.166533 0.666435 -0.042933 
 0.178896 0.671588 -0.051324 
 0.191180 0.677436 -0.048619 
 0.203488 0.682562 -0.057021 
 0.215754 0.688402 -0.054320 
 0.228020 0.694242 -0.051619 
 0.240255 0.699333 -0.060037 
 0.252503 0.705165 -0.057340 
 0.264615 0.709463 -0.076898 
 0.276654 0.713727 -0.096473 
 0.288933 0.720307 -0.082656 
 0.301003 0.725320 -0.091111 
 0.313177 0.731117 -0.088430 
 0.325352 0.736913 -0.085748 
 0.337526 0.742709 -0.083067 
 0.349701 0.748506 -0.080386 
 0.362089 0.755138 -0.066545 
 0.374282 0.760943 -0.063860 
 0.386475 0.766748 -0.061175 
 0.398667 0.772553 -0.058490 
 0.410573 0.777487 -0.066981 
 0.422747 0.783284 -0.064299 
 -0.258315 0.493863 0.074679 
 -0.244992 0.499450 0.066501 
 -0.232360 0.505464 0.069283 
 -0.219091 0.511025 0.061091 
 -0.206477 0.517030 0.063869 
 -0.113770 0.554358 -0.015731 
 -0.102265 0.561349 0.009029 
 -0.089779 0.567294 0.011778 
 -0.077293 0.573239 0.014528 
 -0.065224 0.579741 0.028299 
 -0.052720 0.585695 0.031052 
 -0.040217 0.591648 0.033806 
 -0.026265 0.595263 -0.007574 
 -0.013834 0.601182 -0.004836 
 -0.001729 0.607702 0.008943 
 0.011027 0.613019 0.000639 
 0.023458 0.618937 0.003377 
 0.035889 0.624855 0.006114 
 0.048571 0.630137 -0.002205 
 0.060750 0.636692 0.011589 
 0.073181 0.642611 0.014327 
 0.085809 0.647866 0.005995 
 0.098758 0.651761 -0.024492 
 0.111115 0.657644 -0.021771 
 0.123615 0.662839 -0.030131 
 0.135954 0.668714 -0.027414 
 0.148504 0.673175 -0.046875 
 0.160807 0.679033 -0.044166 
 0.173178 0.684166 -0.052555 
 0.185513 0.689282 -0.060951 
 0.197779 0.695122 -0.058250 
 0.210045 0.700962 -0.055549 
 0.222307 0.706043 -0.063961 
 0.234509 0.710339 -0.083500 
 0.246720 0.716153 -0.080811 
 0.258872 0.721182 -0.089248 
 0.271065 0.726987 -0.086563 
 0.283162 0.731990 -0.095012 
 0.295336 0.737786 -0.092330 
 0.307511 0.743583 -0.089649 
 0.319685 0.749379 -0.086968 
 0.331860 0.755175 -0.084287 
 0.344034 0.760972 -0.081606 
 0.356414 0.767623 -0.067767 
 0.368607 0.773428 -0.065082 
 0.380799 0.779233 -0.062396 
 0.392732 0.784157 -0.070882 
 0.404906 0.789954 -0.068200 
 0.417080 0.795750 -0.065519 
 0.428624 0.799732 -0.085203 
 0.440762 0.805511 -0.082530 
 -0.235586 0.516544 0.024149 
 -0.223027 0.522523 0.026915 
 -0.210468 0.528503 0.029681 
 -0.071044 0.592545 0.027046 
 -0.058540 0.598498 0.029800 
 -0.046037 0.604452 0.032553 
 -0.007523 0.620449 0.007696 
 0.005241 0.625747 -0.000606 
 0.017672 0.631665 0.002131 
 0.030103 0.637584 0.004869 
 0.042533 0.643502 0.007606 
 0.054964 0.649421 0.010344 
 0.067395 0.655339 0.013082 
 0.079826 0.661258 0.015819 
 0.092818 0.665105 -0.014658 
 0.105194 0.670997 -0.011933 
 0.117570 0.676889 -0.009207 
 0.129945 0.682781 -0.006482 
 0.142436 0.687948 -0.014845 
 0.154889 0.693098 -0.023215 
 0.167460 0.696745 -0.053786 
 0.179804 0.701842 -0.062180 
 0.192070 0.707682 -0.059479 
 0.204336 0.713522 -0.056778 
 0.216606 0.718584 -0.065189 
 0.228854 0.724416 -0.062491 
 0.241037 0.728657 -0.082034 
 0.253248 0.734471 -0.079345 
 0.265390 0.739472 -0.087784 
 0.277583 0.745277 -0.085099 
 0.289670 0.750252 -0.093550 
 0.301844 0.756049 -0.090869 
 0.314018 0.761845 -0.088188 
 0.326193 0.767641 -0.085507 
 0.338367 0.773438 -0.082826 
 0.350542 0.779234 -0.080145 
 0.362716 0.785031 -0.077464 
 0.375124 0.791718 -0.063618 
 0.387065 0.796623 -0.072101 
 0.399239 0.802420 -0.069420 
 0.411414 0.808216 -0.066739 
 0.422974 0.812161 -0.086419 
 0.435112 0.817940 -0.083746 
 0.447250 0.823719 -0.081073 
 0.024317 0.650312 0.003623 
 0.036747 0.656231 0.006361 
 0.049178 0.662149 0.009098 
 0.061609 0.668068 0.011836 
 0.074040 0.673986 0.014574 
 0.087058 0.677777 -0.015898 
 0.099434 0.683669 -0.013173 
 0.111809 0.689562 -0.010447 
 0.124326 0.694719 -0.018804 
 0.136684 0.700602 -0.016083 
 0.149146 0.705733 -0.024451 
 0.161743 0.709323 -0.055017 
 0.174095 0.714402 -0.063409 
 0.186361 0.720242 -0.060708 
 0.198627 0.726082 -0.058007 
 0.210905 0.731125 -0.066416 
 0.223153 0.736957 -0.063718 
 0.235353 0.741160 -0.083257 
 0.247522 0.746152 -0.091691 
 0.259715 0.751957 -0.089006 
 0.271907 0.757762 -0.086321 
 0.284003 0.762718 -0.094770 
 0.296178 0.768515 -0.092089 
 0.308352 0.774311 -0.089408 
 0.320526 0.780108 -0.086727 
 0.332701 0.785904 -0.084046 
 0.344875 0.791700 -0.081364 
 0.357050 0.797497 -0.078683 
 0.369224 0.803293 -0.076002 
 0.381398 0.809089 -0.073321 
 0.393049 0.813032 -0.092981 
 0.405187 0.818811 -0.090308 
 0.417325 0.824590 -0.087635 
 0.429462 0.830369 -0.084962 
 0.441600 0.836148 -0.082289 
 0.055823 0.680796 0.010591 
 0.068922 0.684557 -0.019864 
 0.081297 0.690449 -0.017138 
 0.093673 0.696342 -0.014413 
 0.106049 0.702234 -0.011687 
 0.118425 0.708126 -0.008962 
 0.130932 0.713256 -0.017321 
 0.143402 0.718368 -0.025688 
 0.156025 0.721902 -0.056247 
 0.168385 0.726962 -0.064638 
 0.180652 0.732802 -0.061937 
 0.192917 0.738642 -0.059236 
 0.205205 0.743667 -0.067643 
 0.217452 0.749498 -0.064945 
 0.229700 0.755329 -0.062248 
 0.241880 0.759478 -0.081792 
 0.254040 0.764442 -0.090228 
 0.266232 0.770247 -0.087542 
 0.278425 0.776052 -0.084857 
 0.290618 0.781857 -0.082172 
 0.302685 0.786777 -0.090628 
 0.314860 0.792574 -0.087946 
 0.327034 0.798370 -0.085265 
 0.339208 0.804166 -0.082584 
 0.351383 0.809963 -0.079903 
 0.363557 0.815759 -0.077222 
 0.375262 0.819681 -0.096870 
 0.387399 0.825460 -0.094197 
 0.399537 0.831239 -0.091524 
 0.411385 0.836055 -0.100028 
 0.424429 0.844741 -0.063816 
 0.436604 0.850538 -0.061135 
 0.063161 0.697229 -0.021104 
 0.075537 0.703122 -0.018378 
 0.087913 0.709014 -0.015653 
 0.100289 0.714906 -0.012927 
 0.112664 0.720798 -0.010202 
 0.125040 0.726691 -0.007476 
 0.137659 0.731003 -0.026924 
 0.150307 0.734480 -0.057478 
 0.162761 0.738714 -0.076962 
 0.175009 0.744545 -0.074264 
 0.187353 0.748726 -0.093772 
 0.199563 0.754540 -0.091083 
 0.211752 0.762039 -0.066173 
 0.223986 0.766168 -0.085704 
 0.236197 0.771981 -0.083015 
 0.248408 0.777795 -0.080326 
 0.260619 0.783609 -0.077637 
 0.272830 0.789423 -0.074948 
 0.284943 0.794342 -0.083394 
 0.297135 0.800147 -0.080709 
 0.309328 0.805952 -0.078023 
 0.321521 0.811757 -0.075338 
 0.333542 0.816633 -0.083804 
 0.345716 0.822429 -0.081123 
 0.357891 0.828225 -0.078442 
 0.369612 0.832110 -0.098086 
 0.382239 0.839818 -0.073080 
 0.394414 0.845615 -0.070398 
 0.406588 0.851411 -0.067717 
 0.418763 0.857207 -0.065036 
 0.430937 0.863004 -0.062355 
 0.057401 0.709902 -0.022344 
 0.069777 0.715794 -0.019618 
 0.082153 0.721686 -0.016893 
 0.094528 0.727579 -0.014167 
 0.106904 0.733471 -0.011442 
 0.119280 0.739363 -0.008716 
 0.131916 0.743637 -0.028160 
 0.144589 0.747059 -0.058709 
 0.156967 0.752081 -0.067096 
 0.169458 0.755416 -0.097685 
 0.181726 0.760386 -0.106097 
 0.193918 0.766191 -0.103411 
 0.206111 0.771996 -0.100726 
 0.218302 0.778671 -0.086928 
 0.230513 0.784485 -0.084239 
 0.242724 0.790299 -0.081549 
 0.254935 0.796113 -0.078860 
 0.267146 0.801926 -0.076171 
 0.279357 0.807740 -0.073482 
 0.291568 0.813554 -0.070793 
 0.303653 0.818437 -0.079245 
 0.315846 0.824242 -0.076560 
 0.328038 0.830047 -0.073875 
 0.340050 0.834895 -0.082343 
 0.352224 0.840691 -0.079662 
 0.364398 0.846488 -0.076980 
 0.376573 0.852284 -0.074299 
 0.389002 0.859073 -0.060449 
 0.400922 0.863877 -0.068937 
 0.413096 0.869673 -0.066256 
 0.425271 0.875470 -0.063575 
 0.064016 0.728466 -0.020858 
 0.075969 0.735944 0.004000 
 0.088381 0.741854 0.006734 
 0.101144 0.746143 -0.012682 
 0.113520 0.752035 -0.009956 
 0.151258 0.764641 -0.068325 
 0.163774 0.767920 -0.098908 
 0.176051 0.772871 -0.107318 
 0.188290 0.777805 -0.115736 
 0.200436 0.784481 -0.101948 
 0.212618 0.791175 -0.088151 
 0.224821 0.796091 -0.096578 
 0.237040 0.802802 -0.082773 
 0.249251 0.808616 -0.080084 
 0.298095 0.831872 -0.069327 
 0.310170 0.836727 -0.077782 
 0.322363 0.842532 -0.075096 
 0.334556 0.848337 -0.072411 
 0.346749 0.854142 -0.069726 
 0.358732 0.858954 -0.078200 
 0.371134 0.865752 -0.064356 
 0.383327 0.871557 -0.061671 
 0.395519 0.877363 -0.058986 
 0.407429 0.882139 -0.067476 
 0.304623 0.850189 -0.067861 
 0.316834 0.856003 -0.065172 
 0.329045 0.861817 -0.062483 
 0.341073 0.866627 -0.070948 
 0.353266 0.872432 -0.068263 
 0.365459 0.878237 -0.065577 
 0.377651 0.884042 -0.062892 
 0.389844 0.889847 -0.060207 
 