0.444074 0.554645 0.109242 
 0.437817 0.571423 0.111411 
 0.614719 0.060654 -0.019243 
 0.608504 0.077320 -0.017089 
 0.602317 0.087871 0.009999 
 0.596092 0.101548 0.024628 
 0.589852 0.118280 0.026791 
 0.583611 0.135013 0.028953 
 0.577390 0.154711 0.018638 
 0.571159 0.171421 0.020798 
 0.564926 0.188132 0.022957 
 0.558650 0.201943 0.037605 
 0.552410 0.218675 0.039767 
 0.546047 0.229702 0.066917 
 0.539789 0.246481 0.069085 
 0.533532 0.263258 0.071254 
 0.527275 0.280036 0.073423 
 0.521018 0.296815 0.075592 
 0.514761 0.313592 0.077760 
 0.508503 0.330369 0.079929 
 0.502247 0.347147 0.082097 
 0.495989 0.363926 0.084266 
 0.458267 0.462056 0.109812 
 0.452000 0.478857 0.111983 
 0.446323 0.503130 0.076535 
 0.439674 0.514926 0.103784 
 0.433843 0.536596 0.080861 
 0.427603 0.553328 0.083023 
 0.421593 0.572462 0.072635 
 0.415361 0.589172 0.074794 
 0.616529 0.007717 -0.039270 
 0.610322 0.024358 -0.037118 
 0.604133 0.037867 -0.022512 
 0.597918 0.054533 -0.020357 
 0.591703 0.071198 -0.018203 
 0.585471 0.081733 0.008881 
 0.579240 0.098442 0.011042 
 0.573008 0.115153 0.013201 
 0.566776 0.131863 0.015361 
 0.560544 0.148573 0.017520 
 0.554312 0.165282 0.019681 
 0.548080 0.181993 0.021840 
 0.541848 0.198703 0.024000 
 0.535616 0.215413 0.026160 
 0.529301 0.229262 0.040812 
 0.522874 0.240318 0.067964 
 0.516819 0.262727 0.045137 
 0.510579 0.279460 0.047299 
 0.504103 0.290650 0.074469 
 0.497845 0.307429 0.076639 
 0.491589 0.324206 0.078807 
 0.485618 0.346390 0.055951 
 0.479529 0.365804 0.045599 
 0.473297 0.382513 0.047758 
 0.467065 0.399223 0.049918 
 0.460833 0.415933 0.052079 
 0.454601 0.432644 0.054238 
 0.448756 0.454487 0.031339 
 0.442137 0.466063 0.058557 
 0.435905 0.482773 0.060718 
 0.429455 0.496984 0.075415 
 0.423214 0.513717 0.077579 
 0.417210 0.532903 0.067198 
 0.410978 0.549613 0.069357 
 0.404746 0.566324 0.071517 
 0.399037 0.587806 0.048571 
 0.393091 0.606834 0.038169 
 0.386884 0.623476 0.040321 
 0.380678 0.640119 0.042472 
 0.374471 0.656761 0.044622 
 0.700811 -0.307247 0.074029 
 0.694502 -0.290333 0.076215 
 0.688195 -0.273420 0.078402 
 0.681887 -0.256506 0.080587 
 0.662487 -0.188705 0.025046 
 0.656133 -0.168515 0.014795 
 0.649877 -0.151737 0.016963 
 0.643619 -0.134958 0.019132 
 0.637238 -0.111537 -0.003563 
 0.630945 -0.091505 -0.013835 
 0.624623 -0.068242 -0.036550 
 0.618407 -0.051578 -0.034395 
 0.612193 -0.034913 -0.032242 
 0.605958 -0.015039 -0.042534 
 0.599751 0.001603 -0.040383 
 0.593548 0.015082 -0.025780 
 0.587332 0.031746 -0.023626 
 0.581117 0.048411 -0.021471 
 0.574903 0.065075 -0.019318 
 0.568626 0.075594 0.007764 
 0.562394 0.092304 0.009924 
 0.556162 0.109015 0.012083 
 0.549930 0.125725 0.014244 
 0.543698 0.142434 0.016403 
 0.537612 0.165065 -0.006394 
 0.531234 0.175855 0.020723 
 0.525182 0.198394 -0.002085 
 0.518770 0.209274 0.025043 
 0.512538 0.225985 0.027202 
 0.506190 0.239848 0.041855 
 0.499950 0.256580 0.044018 
 0.493711 0.273313 0.046181 
 0.487470 0.290046 0.048344 
 0.481229 0.306778 0.050506 
 0.474989 0.323511 0.052669 
 0.468748 0.340243 0.054832 
 0.462683 0.359665 0.044481 
 0.456451 0.376375 0.046642 
 0.450602 0.398372 0.023763 
 0.444386 0.415036 0.025916 
 0.438171 0.431701 0.028071 
 0.431955 0.448366 0.030225 
 0.425741 0.465031 0.032379 
 0.418826 0.474105 0.072134 
 0.412585 0.490837 0.074297 
 0.406345 0.507570 0.076460 
 0.400364 0.526765 0.066080 
 0.394132 0.543476 0.068239 
 0.387900 0.560185 0.070400 
 0.382520 0.584079 0.034906 
 0.376897 0.605465 0.011948 
 0.370708 0.622062 0.014093 
 0.365446 0.645639 -0.021443 
 0.359281 0.662169 -0.019307 
 0.353117 0.678698 -0.017170 
 0.690067 -0.330373 0.070712 
 0.683759 -0.313460 0.072898 
 0.677451 -0.296546 0.075084 
 0.671144 -0.279633 0.077271 
 0.664738 -0.259230 0.067047 
 0.658259 -0.235409 0.044405 
 0.651815 -0.211677 0.021751 
 0.645548 -0.194876 0.023923 
 0.639219 -0.174678 0.013673 
 0.632962 -0.157900 0.015842 
 0.626704 -0.141122 0.018010 
 0.620369 -0.117684 -0.004682 
 0.614098 -0.097643 -0.014953 
 0.607822 -0.074364 -0.037664 
 0.601607 -0.057700 -0.035510 
 0.595392 -0.041035 -0.033356 
 0.589177 -0.024369 -0.031202 
 0.582962 -0.007705 -0.029048 
 0.576747 0.008960 -0.026894 
 0.570531 0.025624 -0.024739 
 0.564316 0.042290 -0.022586 
 0.558102 0.058954 -0.020432 
 0.551886 0.075619 -0.018277 
 0.545547 0.086167 0.008807 
 0.539315 0.102877 0.010966 
 0.533083 0.119586 0.013126 
 0.527026 0.142278 -0.009662 
 0.520812 0.158943 -0.007508 
 0.514596 0.175607 -0.005353 
 0.508381 0.192273 -0.003200 
 0.502167 0.208937 -0.001046 
 0.495951 0.225602 0.001109 
 0.489459 0.236557 0.028245 
 0.483227 0.253266 0.030405 
 0.476995 0.269976 0.032564 
 0.470600 0.283899 0.047225 
 0.464360 0.300631 0.049387 
 0.458300 0.320106 0.039044 
 0.452068 0.336816 0.041205 
 0.446230 0.358920 0.018340 
 0.440016 0.375585 0.020495 
 0.433801 0.392249 0.022648 
 0.427140 0.403656 0.049844 
 0.421370 0.425580 0.026957 
 0.415156 0.442244 0.029110 
 0.408444 0.453786 0.056324 
 0.402212 0.470496 0.058483 
 0.395980 0.487207 0.060643 
 0.389749 0.503917 0.062802 
 0.384080 0.525568 0.039881 
 0.377865 0.542232 0.042034 
 0.371948 0.561323 0.031642 
 0.366355 0.582771 0.008693 
 0.360165 0.599368 0.010837 
 0.354947 0.623039 -0.024685 
 0.349447 0.644239 -0.047666 
 0.343299 0.660722 -0.045535 
 0.337151 0.677206 -0.043405 
 0.331003 0.693690 -0.041274 
 0.324856 0.710174 -0.039143 
 0.673015 -0.336586 0.069581 
 0.666909 -0.326802 0.096566 
 0.660584 -0.309843 0.098758 
 0.654092 -0.285845 0.076139 
 0.647709 -0.265436 0.065918 
 0.641276 -0.241597 0.043279 
 0.634876 -0.217847 0.020627 
 0.628561 -0.197618 0.010382 
 0.622304 -0.180841 0.012550 
 0.616047 -0.164063 0.014720 
 0.609789 -0.147285 0.016888 
 0.603500 -0.123830 -0.005801 
 0.597252 -0.103782 -0.016070 
 0.591022 -0.080486 -0.038779 
 0.584788 -0.070362 -0.011749 
 0.578556 -0.053653 -0.009590 
 0.572377 -0.030492 -0.032317 
 0.566161 -0.013827 -0.030162 
 0.559946 0.002838 -0.028008 
 0.553731 0.019503 -0.025855 
 0.547516 0.036167 -0.023700 
 0.541301 0.052832 -0.021546 
 0.535085 0.069498 -0.019393 
 0.528871 0.086162 -0.017238 
 0.522656 0.102827 -0.015084 
 0.516237 0.113448 0.012009 
 0.510225 0.136156 -0.010776 
 0.504011 0.152822 -0.008622 
 0.497795 0.169486 -0.006468 
 0.491580 0.186151 -0.004314 
 0.485366 0.202815 -0.002160 
 0.479150 0.219481 -0.000006 
 0.472935 0.236145 0.002148 
 0.466721 0.252810 0.004302 
 0.460505 0.269474 0.006456 
 0.453918 0.280548 0.033607 
 0.447686 0.297258 0.035768 
 0.441454 0.313968 0.037927 
 0.435222 0.330678 0.040087 
 0.429429 0.352798 0.017227 
 0.423215 0.369464 0.019380 
 0.417000 0.386128 0.021534 
 0.410294 0.397519 0.048726 
 0.404570 0.419457 0.025842 
 0.398355 0.436123 0.027996 
 0.391598 0.447648 0.055206 
 0.385366 0.464359 0.057365 
 0.379135 0.481068 0.059526 
 0.372903 0.497778 0.061686 
 0.367279 0.519447 0.038766 
 0.361064 0.536111 0.040920 
 0.355171 0.555210 0.030529 
 0.349623 0.576675 0.007583 
 0.344448 0.600437 -0.027926 
 0.338282 0.616967 -0.025790 
 0.332827 0.638183 -0.048768 
 0.326681 0.654667 -0.046637 
 0.320533 0.671151 -0.044507 
 0.314385 0.687635 -0.042376 
 0.308237 0.704118 -0.040245 
 0.302089 0.720602 -0.038115 
 0.258042 0.785990 0.176099 
 0.251760 0.802836 0.178277 
 0.245477 0.819681 0.180454 
 0.655964 -0.342800 0.068449 
 0.649656 -0.325886 0.070636 
 0.643348 -0.308972 0.072822 
 0.636979 -0.288531 0.062605 
 0.630575 -0.264630 0.039975 
 0.624293 -0.247785 0.042152 
 0.617939 -0.224019 0.019504 
 0.611646 -0.203782 0.009260 
 0.605389 -0.187004 0.011429 
 0.599111 -0.163443 -0.011245 
 0.592871 -0.146710 -0.009082 
 0.586631 -0.129977 -0.006920 
 0.580406 -0.109920 -0.017186 
 0.574221 -0.086608 -0.039893 
 0.567942 -0.076501 -0.012867 
 0.561710 -0.059791 -0.010708 
 0.555576 -0.036613 -0.033431 
 0.549360 -0.019948 -0.031276 
 0.543145 -0.003284 -0.029123 
 0.536931 0.013381 -0.026969 
 0.530715 0.030045 -0.024814 
 0.524500 0.046711 -0.022661 
 0.518286 0.063376 -0.020506 
 0.512070 0.080040 -0.018352 
 0.505855 0.096705 -0.016199 
 0.499639 0.113370 -0.014044 
 0.493425 0.130035 -0.011890 
 0.487210 0.146699 -0.009737 
 0.480994 0.163364 -0.007582 
 0.474780 0.180029 -0.005428 
 0.468565 0.196694 -0.003275 
 0.462349 0.213359 -0.001120 
 0.456134 0.230023 0.001034 
 0.449920 0.246688 0.003187 
 0.443704 0.263353 0.005342 
 0.437489 0.280018 0.007496 
 0.430840 0.291120 0.034650 
 0.424608 0.307830 0.036809 
 0.418844 0.330013 0.013958 
 0.412630 0.346677 0.016111 
 0.406414 0.363342 0.018266 
 0.400199 0.380006 0.020420 
 0.393983 0.396671 0.022573 
 0.387769 0.413336 0.024728 
 0.381554 0.430001 0.026882 
 0.375338 0.446665 0.029035 
 0.368521 0.458220 0.056249 
 0.362289 0.474930 0.058408 
 0.356693 0.496660 0.035498 
 0.350479 0.513325 0.037652 
 0.344264 0.529989 0.039806 
 0.339081 0.553981 0.004328 
 0.333595 0.575417 -0.018621 
 0.328505 0.599160 -0.054131 
 0.322726 0.618018 -0.064554 
 0.316587 0.634480 -0.062426 
 0.310447 0.650941 -0.060298 
 0.304308 0.667402 -0.058171 
 0.297767 0.681579 -0.043478 
 0.291619 0.698063 -0.041347 
 0.284632 0.710070 -0.014077 
 0.278468 0.726599 -0.011940 
 0.263468 0.746631 0.067808 
 0.257253 0.763297 0.069962 
 0.248266 0.767207 0.147626 
 0.242000 0.784008 0.149797 
 0.235734 0.800809 0.151969 
 0.229469 0.817609 0.154140 
 0.223204 0.834409 0.156312 
 0.664144 -0.416667 0.058574 
 0.657835 -0.399753 0.060760 
 0.651127 -0.364595 0.001009 
 0.644862 -0.347794 0.003180 
 0.638595 -0.330994 0.005352 
 0.632330 -0.314194 0.007523 
 0.626065 -0.297393 0.009695 
 0.619798 -0.280593 0.011866 
 0.613533 -0.263792 0.014038 
 0.607267 -0.246991 0.016209 
 0.600989 -0.226723 0.005970 
 0.594731 -0.209945 0.008139 
 0.588475 -0.193167 0.010307 
 0.582243 -0.169589 -0.012364 
 0.576002 -0.152857 -0.010201 
 0.569791 -0.132769 -0.020464 
 0.563559 -0.116059 -0.018304 
 0.557420 -0.092730 -0.041007 
 0.551204 -0.076064 -0.038853 
 0.544989 -0.059400 -0.036699 
 0.538775 -0.042735 -0.034545 
 0.532559 -0.026071 -0.032391 
 0.526344 -0.009406 -0.030237 
 0.520130 0.007260 -0.028082 
 0.513914 0.023924 -0.025929 
 0.507813 0.043718 -0.036229 
 0.501607 0.060360 -0.034079 
 0.495269 0.073919 -0.019467 
 0.489054 0.090583 -0.017313 
 0.482840 0.107248 -0.015158 
 0.476624 0.123913 -0.013005 
 0.470409 0.140577 -0.010851 
 0.464193 0.157243 -0.008696 
 0.457979 0.173907 -0.006543 
 0.451954 0.193497 -0.016869 
 0.445747 0.210139 -0.014718 
 0.439334 0.223902 -0.000081 
 0.433119 0.240567 0.002073 
 0.426903 0.257231 0.004228 
 0.420689 0.273896 0.006381 
 0.414474 0.290561 0.008535 
 0.408258 0.307226 0.010690 
 0.402043 0.323890 0.012843 
 0.395829 0.340555 0.014997 
 0.389613 0.357219 0.017152 
 0.383398 0.373885 0.019305 
 0.377183 0.390550 0.021459 
 0.370968 0.407214 0.023614 
 0.364753 0.423879 0.025767 
 0.358537 0.440544 0.027922 
 0.351674 0.452082 0.055131 
 0.345442 0.468792 0.057290 
 0.339892 0.490538 0.034384 
 0.333678 0.507202 0.036538 
 0.327821 0.526341 0.026152 
 0.324181 0.560136 -0.059494 
 0.318034 0.576620 -0.057364 
 0.312270 0.595510 -0.067782 
 0.305739 0.609589 -0.053102 
 0.299992 0.628432 -0.063527 
 0.293443 0.642556 -0.048842 
 0.287714 0.661355 -0.059271 
 0.281575 0.677816 -0.057144 
 0.275001 0.692008 -0.042450 
 0.267969 0.703997 -0.015182 
 0.261353 0.718302 -0.000473 
 0.255180 0.734854 0.001667 
 0.246667 0.740510 0.066694 
 0.240452 0.757175 0.068848 
 0.233267 0.769572 0.096168 
 0.224076 0.773614 0.173847 
 0.218797 0.794637 0.150846 
 0.212531 0.811437 0.153017 
 0.206265 0.828238 0.155189 
 0.200000 0.845038 0.157360 
 0.653400 -0.439793 0.055257 
 0.647092 -0.422880 0.057443 
 0.640718 -0.402286 0.047246 
 0.634190 -0.370766 -0.000115 
 0.627923 -0.353966 0.002056 
 0.621658 -0.337166 0.004228 
 0.615393 -0.320365 0.006399 
 0.609126 -0.303565 0.008572 
 0.602861 -0.286764 0.010743 
 0.596589 -0.266442 0.000511 
 0.590331 -0.249664 0.002679 
 0.584075 -0.232887 0.004849 
 0.577817 -0.216108 0.007017 
 0.571560 -0.199331 0.009186 
 0.565373 -0.175736 -0.013483 
 0.559133 -0.159004 -0.011321 
 0.552945 -0.138907 -0.021582 
 0.546834 -0.115515 -0.044275 
 0.540619 -0.098851 -0.042122 
 0.534404 -0.082186 -0.039967 
 0.528189 -0.065522 -0.037813 
 0.521974 -0.048857 -0.035660 
 0.515759 -0.032192 -0.033505 
 0.509544 -0.015527 -0.031351 
 0.503329 0.001137 -0.029198 
 0.497241 0.020962 -0.039493 
 0.491035 0.037604 -0.037343 
 0.484828 0.054246 -0.035191 
 0.478622 0.070889 -0.033040 
 0.472253 0.084461 -0.018427 
 0.466209 0.104173 -0.028738 
 0.460002 0.120815 -0.026587 
 0.453795 0.137458 -0.024435 
 0.447394 0.151121 -0.009811 
 0.441382 0.170742 -0.020134 
 0.435176 0.187384 -0.017982 
 0.428969 0.204026 -0.015832 
 0.422533 0.217780 -0.001195 
 0.416555 0.237311 -0.011529 
 0.410349 0.253953 -0.009378 
 0.404142 0.270595 -0.007227 
 0.397673 0.284439 0.007421 
 0.391457 0.301104 0.009575 
 0.385243 0.317768 0.011729 
 0.379028 0.334434 0.013883 
 0.372812 0.351098 0.016037 
 0.366598 0.367763 0.018191 
 0.360383 0.384427 0.020346 
 0.354167 0.401093 0.022499 
 0.347952 0.417758 0.024653 
 0.341738 0.434422 0.026808 
 0.335522 0.451087 0.028961 
 0.328596 0.462653 0.056173 
 0.322364 0.479363 0.058333 
 0.321349 0.531130 -0.114999 
 0.315235 0.547523 -0.112880 
 0.308732 0.561458 -0.098221 
 0.303008 0.580310 -0.108643 
 0.296487 0.594290 -0.093976 
 0.290365 0.610706 -0.091854 
 0.284243 0.627122 -0.089733 
 0.278120 0.643538 -0.087611 
 0.271998 0.659954 -0.085489 
 0.264979 0.671769 -0.058244 
 0.258382 0.685953 -0.043552 
 0.251304 0.697926 -0.016287 
 0.244666 0.712222 -0.001580 
 0.238493 0.728774 0.000560 
 0.229866 0.734388 0.065580 
 0.223652 0.751053 0.067733 
 0.215913 0.761292 0.107633 
 0.208641 0.773785 0.134966 
 0.202384 0.790562 0.137134 
 0.195594 0.805266 0.151893 
 0.189328 0.822066 0.154065 
 0.180863 0.830750 0.206622 
 0.174564 0.847641 0.208806 
 0.169398 0.868500 0.185784 
 0.163115 0.885345 0.187963 
 0.649117 -0.487390 0.074494 
 0.642657 -0.462920 0.051940 
 0.636348 -0.446006 0.054127 
 0.630041 -0.429093 0.056313 
 0.623690 -0.408491 0.046117 
 0.617217 -0.373272 -0.013623 
 0.610986 -0.360138 0.000934 
 0.604721 -0.343337 0.003105 
 0.598446 -0.322938 -0.007116 
 0.592189 -0.309736 0.007448 
 0.585931 -0.289383 -0.002779 
 0.579674 -0.272605 -0.000611 
 0.573417 -0.255827 0.001557 
 0.567160 -0.239050 0.003726 
 0.560902 -0.222271 0.005894 
 0.554744 -0.198615 -0.016765 
 0.548504 -0.181883 -0.014602 
 0.542263 -0.165150 -0.012439 
 0.536098 -0.145045 -0.022698 
 0.530033 -0.121638 -0.045390 
 0.523818 -0.104973 -0.043236 
 0.517604 -0.088309 -0.041081 
 0.511388 -0.071643 -0.038928 
 0.505173 -0.054978 -0.036774 
 0.498959 -0.038314 -0.034619 
 0.492743 -0.021649 -0.032466 
 0.486528 -0.004984 -0.030312 
 0.480313 0.011681 -0.028157 
 0.474257 0.031490 -0.038456 
 0.468051 0.048134 -0.036304 
 0.461844 0.064775 -0.034153 
 0.455637 0.081417 -0.032002 
 0.449431 0.098059 -0.029851 
 0.443224 0.114701 -0.027700 
 0.437018 0.131344 -0.025548 
 0.430811 0.147986 -0.023398 
 0.424605 0.164628 -0.021246 
 0.418397 0.181270 -0.019095 
 0.412191 0.197913 -0.016945 
 0.405984 0.214555 -0.014793 
 0.399778 0.231197 -0.012642 
 0.393571 0.247839 -0.010492 
 0.387365 0.264481 -0.008340 
 0.381158 0.281124 -0.006189 
 0.374951 0.297766 -0.004037 
 0.368745 0.314408 -0.001887 
 0.362538 0.331050 0.000264 
 0.356011 0.344976 0.014923 
 0.349797 0.361642 0.017077 
 0.343582 0.378306 0.019230 
 0.337366 0.394971 0.021385 
 0.331152 0.411635 0.023539 
 0.324937 0.428300 0.025692 
 0.318721 0.444966 0.027847 
 0.312507 0.461630 0.030001 
 0.306292 0.478295 0.032155 
 0.304821 0.525108 -0.116095 
 0.298708 0.541501 -0.113976 
 0.292594 0.557895 -0.111858 
 0.286481 0.574288 -0.109739 
 0.280366 0.590681 -0.107620 
 0.274253 0.607075 -0.105501 
 0.267692 0.621091 -0.090831 
 0.261570 0.637507 -0.088709 
 0.255448 0.653925 -0.086588 
 0.248383 0.665723 -0.059345 
 0.240805 0.675325 -0.019529 
 0.234640 0.691854 -0.017392 
 0.227979 0.706142 -0.002687 
 0.221806 0.722694 -0.000547 
 0.213580 0.730462 0.051891 
 0.206851 0.744932 0.066619 
 0.200635 0.761596 0.068774 
 0.191726 0.767621 0.133843 
 0.186564 0.788610 0.110840 
 0.178656 0.799094 0.150770 
 0.170135 0.807655 0.203310 
 0.163262 0.822507 0.218089 
 0.157535 0.841436 0.207677 
 0.151236 0.858327 0.209860 
 0.144936 0.875218 0.212043 
 0.638220 -0.502960 0.046437 
 0.631913 -0.486046 0.048623 
 0.625605 -0.469133 0.050809 
 0.619297 -0.452220 0.052995 
 0.612960 -0.431587 0.042804 
 0.606660 -0.414696 0.044987 
 0.600314 -0.383110 -0.002362 
 0.594049 -0.366310 -0.000190 
 0.587788 -0.345880 -0.010408 
 0.581531 -0.329102 -0.008239 
 0.575273 -0.312324 -0.006071 
 0.569078 -0.288425 -0.028698 
 0.562837 -0.271693 -0.026535 
 0.556596 -0.254959 -0.024371 
 0.550356 -0.238227 -0.022209 
 0.544115 -0.221495 -0.020046 
 0.537876 -0.204761 -0.017884 
 0.531716 -0.184604 -0.028136 
 0.525395 -0.171297 -0.013558 
 0.519448 -0.144424 -0.048658 
 0.513232 -0.127760 -0.046504 
 0.507017 -0.111094 -0.044350 
 0.500803 -0.094430 -0.042196 
 0.494720 -0.074476 -0.052475 
 0.488372 -0.061101 -0.037888 
 0.482305 -0.041191 -0.048172 
 0.475942 -0.027770 -0.033580 
 0.469892 -0.007907 -0.043870 
 0.463686 0.008735 -0.041719 
 0.457479 0.025378 -0.039568 
 0.451273 0.042020 -0.037417 
 0.445066 0.058662 -0.035265 
 0.438860 0.075304 -0.033115 
 0.432653 0.091946 -0.030964 
 0.426447 0.108589 -0.028812 
 0.420239 0.125231 -0.026661 
 0.414033 0.141873 -0.024511 
 0.407826 0.158515 -0.022359 
 0.401620 0.175157 -0.020208 
 0.395413 0.191800 -0.018057 
 0.389206 0.208442 -0.015906 
 0.383000 0.225084 -0.013755 
 0.376793 0.241725 -0.011604 
 0.370587 0.258369 -0.009453 
 0.364380 0.275010 -0.007301 
 0.358174 0.291652 -0.005150 
 0.351966 0.308294 -0.003000 
 0.345760 0.324936 -0.000848 
 0.339553 0.341579 0.001303 
 0.332996 0.355520 0.015962 
 0.326781 0.372184 0.018116 
 0.320566 0.388849 0.020271 
 0.314351 0.405514 0.022424 
 0.308136 0.422179 0.024579 
 0.301920 0.438843 0.026733 
 0.301325 0.491430 -0.146482 
 0.295228 0.507779 -0.144369 
 0.282181 0.535479 -0.115072 
 0.276067 0.551873 -0.112954 
 0.269954 0.568266 -0.110835 
 0.263839 0.584660 -0.108716 
 0.257726 0.601053 -0.106597 
 0.251611 0.617446 -0.104478 
 0.245021 0.631478 -0.089806 
 0.238898 0.647894 -0.087685 
 0.232776 0.664310 -0.085563 
 0.225648 0.676137 -0.058318 
 0.218998 0.690326 -0.043626 
 0.211293 0.700062 -0.003793 
 0.205119 0.716614 -0.001654 
 0.196801 0.724349 0.050778 
 0.190594 0.740992 0.052928 
 0.183835 0.755474 0.067658 
 0.175935 0.765731 0.107558 
 0.169694 0.782463 0.109720 
 0.164032 0.801287 0.099296 
 0.157800 0.817997 0.101456 
 0.146806 0.818340 0.204363 
 0.140506 0.835231 0.206547 
 0.134208 0.852122 0.208730 
 0.129150 0.872969 0.185710 
 0.122867 0.889815 0.187887 
 0.634180 -0.570041 0.127441 
 0.627572 -0.533767 0.067842 
 0.621168 -0.509173 0.045305 
 0.614923 -0.499850 0.072226 
 0.608554 -0.475346 0.049678 
 0.602231 -0.454683 0.039492 
 0.595932 -0.437791 0.041675 
 0.589638 -0.413491 0.019101 
 0.583377 -0.389282 -0.003485 
 0.577111 -0.372480 -0.001313 
 0.570873 -0.352044 -0.011529 
 0.564616 -0.335265 -0.009361 
 0.558449 -0.311304 -0.031979 
 0.552262 -0.291002 -0.042212 
 0.545967 -0.277839 -0.027653 
 0.539727 -0.261106 -0.025491 
 0.533566 -0.240873 -0.035733 
 0.527334 -0.224162 -0.033573 
 0.521102 -0.207452 -0.031413 
 0.514870 -0.190742 -0.029253 
 0.508638 -0.174033 -0.027094 
 0.502647 -0.150545 -0.049772 
 0.496432 -0.133881 -0.047618 
 0.490217 -0.117216 -0.045465 
 0.484002 -0.100552 -0.043310 
 0.477941 -0.080589 -0.053587 
 0.471734 -0.063946 -0.051436 
 0.465528 -0.047304 -0.049286 
 0.459141 -0.033893 -0.034694 
 0.453115 -0.014021 -0.044983 
 0.446908 0.002621 -0.042831 
 0.440702 0.019264 -0.040681 
 0.434495 0.035906 -0.038530 
 0.428289 0.052548 -0.036378 
 0.422081 0.069190 -0.034228 
 0.415874 0.085833 -0.032076 
 0.409668 0.102475 -0.029925 
 0.403461 0.119117 -0.027775 
 0.397255 0.135759 -0.025623 
 0.391048 0.152401 -0.023472 
 0.384842 0.169044 -0.021320 
 0.378635 0.185686 -0.019170 
 0.372429 0.202328 -0.017019 
 0.366222 0.218970 -0.014867 
 0.360016 0.235612 -0.012717 
 0.353808 0.252255 -0.010566 
 0.347602 0.268897 -0.008414 
 0.341395 0.285539 -0.006264 
 0.335189 0.302181 -0.004112 
 0.328982 0.318823 -0.001961 
 0.322411 0.332733 0.012694 
 0.316195 0.349397 0.014848 
 0.309980 0.366063 0.017002 
 0.303765 0.382727 0.019156 
 0.297550 0.399392 0.021310 
 0.291743 0.418677 0.010945 
 0.285536 0.435319 0.013097 
 0.284843 0.485425 -0.147575 
 0.278746 0.501773 -0.145461 
 0.265653 0.529458 -0.116168 
 0.259540 0.545851 -0.114050 
 0.254359 0.567166 -0.137010 
 0.248261 0.583514 -0.134896 
 0.242164 0.599862 -0.132783 
 0.236067 0.616211 -0.130670 
 0.229970 0.632559 -0.128557 
 0.222857 0.644212 -0.101337 
 0.216742 0.660605 -0.099217 
 0.210629 0.676998 -0.097098 
 0.202380 0.684270 -0.044729 
 0.196232 0.700754 -0.042598 
 0.188983 0.712768 -0.015330 
 0.182259 0.727085 -0.000621 
 0.174952 0.739257 0.026667 
 0.168762 0.755854 0.028812 
 0.159650 0.761728 0.093859 
 0.153418 0.778438 0.096019 
 0.147187 0.795149 0.098178 
 0.136077 0.795245 0.201051 
 0.129159 0.810081 0.215826 
 0.123478 0.829026 0.205418 
 0.117178 0.845918 0.207601 
 0.114097 0.872740 0.146780 
 0.107839 0.889517 0.148949 
 0.642841 -0.668371 0.191543 
 0.636365 -0.647224 0.181419 
 0.629854 -0.622207 0.158938 
 0.623336 -0.593385 0.124093 
 0.616969 -0.576312 0.126300 
 0.610475 -0.539997 0.066708 
 0.604117 -0.515386 0.044175 
 0.597810 -0.498473 0.046360 
 0.591501 -0.481559 0.048548 
 0.585202 -0.460887 0.038363 
 0.578904 -0.443997 0.040545 
 0.572705 -0.412254 -0.006780 
 0.566439 -0.395452 -0.004609 
 0.560174 -0.378652 -0.002437 
 0.553959 -0.358207 -0.012651 
 0.547820 -0.334184 -0.035261 
 0.541647 -0.313851 -0.045489 
 0.535415 -0.297140 -0.043330 
 0.529183 -0.280431 -0.041170 
 0.522951 -0.263721 -0.039010 
 0.516719 -0.247011 -0.036850 
 0.510487 -0.230300 -0.034690 
 0.504255 -0.213591 -0.032531 
 0.498023 -0.196881 -0.030370 
 0.491791 -0.180171 -0.028211 
 0.485559 -0.163460 -0.026051 
 0.479632 -0.140003 -0.048733 
 0.473416 -0.123337 -0.046579 
 0.467370 -0.103345 -0.056852 
 0.461163 -0.086702 -0.054700 
 0.454957 -0.070060 -0.052549 
 0.448750 -0.053418 -0.050398 
 0.442544 -0.036776 -0.048247 
 0.436337 -0.020134 -0.046096 
 0.430129 -0.003491 -0.043945 
 0.423923 0.013151 -0.041794 
 0.417716 0.029793 -0.039642 
 0.411510 0.046435 -0.037491 
 0.405303 0.063077 -0.035341 
 0.399097 0.079720 -0.033189 
 0.392890 0.096362 -0.031038 
 0.386684 0.113004 -0.028888 
 0.380477 0.129646 -0.026736 
 0.374271 0.146289 -0.024585 
 0.368064 0.162931 -0.022433 
 0.361858 0.179573 -0.020283 
 0.355650 0.196214 -0.018131 
 0.349445 0.212856 -0.015980 
 0.343237 0.229499 -0.013830 
 0.337030 0.246141 -0.011678 
 0.330824 0.262783 -0.009527 
 0.324617 0.279425 -0.007377 
 0.318411 0.296067 -0.005225 
 0.312204 0.312710 -0.003074 
 0.305610 0.326612 0.011580 
 0.299394 0.343276 0.013734 
 0.293180 0.359941 0.015887 
 0.286965 0.376605 0.018042 
 0.280749 0.393271 0.020196 
 0.274964 0.412563 0.009833 
 0.268758 0.429205 0.011984 
 0.256168 0.512116 -0.144442 
 0.250543 0.530980 -0.154861 
 0.243974 0.544812 -0.140216 
 0.237877 0.561160 -0.138102 
 0.231780 0.577509 -0.135989 
 0.225684 0.593857 -0.133876 
 0.219586 0.610205 -0.131764 
 0.212443 0.621796 -0.104552 
 0.206330 0.638190 -0.102433 
 0.200215 0.654583 -0.100314 
 0.193554 0.668665 -0.085637 
 0.186317 0.680504 -0.058392 
 0.179614 0.694699 -0.043700 
 0.172319 0.706697 -0.016435 
 0.167319 0.727668 -0.039439 
 0.161171 0.744152 -0.037308 
 0.156820 0.767161 -0.072905 
 0.149483 0.779272 -0.045625 
 0.137803 0.776561 0.069738 
 0.131589 0.793225 0.071893 
 0.125373 0.809890 0.074046 
 0.112748 0.805930 0.202105 
 0.106449 0.822822 0.204288 
 0.100150 0.839712 0.206471 
 0.098514 0.870565 0.120460 
 0.092273 0.887299 0.122622 
 0.625449 -0.670722 0.178049 
 0.619039 -0.653537 0.180270 
 0.612519 -0.620652 0.133094 
 0.606029 -0.580144 0.061190 
 0.599681 -0.555426 0.038672 
 0.593374 -0.538513 0.040858 
 0.587066 -0.521600 0.043044 
 0.580758 -0.504686 0.045230 
 0.574473 -0.483983 0.035049 
 0.568174 -0.467092 0.037233 
 0.561954 -0.442713 0.014671 
 0.555767 -0.418424 -0.007904 
 0.549558 -0.397925 -0.018110 
 0.543301 -0.381147 -0.015942 
 0.537191 -0.357063 -0.038543 
 0.531033 -0.336699 -0.048767 
 0.524801 -0.319990 -0.046607 
 0.518766 -0.296107 -0.069233 
 0.512337 -0.286569 -0.042287 
 0.506105 -0.269859 -0.040127 
 0.500121 -0.246114 -0.062771 
 0.493905 -0.229448 -0.060617 
 0.487409 -0.219729 -0.033648 
 0.481476 -0.196119 -0.056309 
 0.475260 -0.179454 -0.054155 
 0.469045 -0.162790 -0.052001 
 0.462831 -0.146124 -0.049847 
 0.456799 -0.126100 -0.060115 
 0.450592 -0.109457 -0.057964 
 0.444385 -0.092816 -0.055813 
 0.438179 -0.076174 -0.053661 
 0.431971 -0.059532 -0.051511 
 0.425765 -0.042890 -0.049360 
 0.419558 -0.026247 -0.047208 
 0.413352 -0.009605 -0.045058 
 0.407145 0.007037 -0.042907 
 0.400939 0.023679 -0.040755 
 0.394465 0.037188 -0.026153 
 0.388526 0.056964 -0.036453 
 0.382319 0.073606 -0.034302 
 0.376113 0.090248 -0.032151 
 0.369906 0.106890 -0.030000 
 0.363699 0.123532 -0.027849 
 0.357492 0.140175 -0.025697 
 0.351285 0.156817 -0.023547 
 0.345079 0.173459 -0.021396 
 0.338872 0.190101 -0.019244 
 0.332314 0.203835 -0.004613 
 0.326099 0.220501 -0.002458 
 0.320253 0.240028 -0.012791 
 0.314046 0.256670 -0.010640 
 0.307840 0.273312 -0.008489 
 0.301239 0.287160 0.006157 
 0.295427 0.306597 -0.004187 
 0.288809 0.320490 0.010466 
 0.282593 0.337154 0.012619 
 0.276379 0.353820 0.014773 
 0.270164 0.370484 0.016928 
 0.263948 0.387149 0.019081 
 0.257734 0.403813 0.021235 
 0.251980 0.423091 0.010871 
 0.240173 0.508656 -0.158062 
 0.235074 0.530028 -0.181014 
 0.227996 0.541307 -0.153842 
 0.221396 0.555156 -0.139196 
 0.215299 0.571504 -0.137083 
 0.209202 0.587852 -0.134970 
 0.203104 0.604201 -0.132856 
 0.197007 0.620549 -0.130743 
 0.189803 0.632167 -0.103529 
 0.183688 0.648561 -0.101410 
 0.178716 0.669593 -0.124405 
 0.171461 0.681348 -0.097172 
 0.163584 0.690919 -0.057364 
 0.157444 0.707380 -0.055236 
 0.152514 0.728299 -0.078247 
 0.146392 0.744715 -0.076125 
 0.140269 0.761131 -0.074003 
 0.132888 0.773224 -0.046726 
 0.128025 0.793963 -0.069759 
 0.121902 0.810379 -0.067637 
 0.103330 0.787021 0.173620 
 0.097047 0.803868 0.175797 
 0.090765 0.820713 0.177975 
 0.084482 0.837558 0.180152 
 0.078199 0.854405 0.182329 
 0.071917 0.871250 0.184508 
 0.614412 -0.678216 0.125322 
 0.608036 -0.661121 0.127532 
 0.601607 -0.628204 0.080362 
 0.595266 -0.611199 0.082559 
 0.588931 -0.586374 0.060057 
 0.582630 -0.561640 0.037540 
 0.576322 -0.544726 0.039727 
 0.570043 -0.523969 0.029554 
 0.563818 -0.499438 0.007013 
 0.557536 -0.482593 0.009190 
 0.551362 -0.458197 -0.013370 
 0.545095 -0.441396 -0.011198 
 0.538901 -0.420867 -0.021400 
 0.532644 -0.404088 -0.019232 
 0.526562 -0.379942 -0.041824 
 0.520322 -0.363209 -0.039662 
 0.514186 -0.342838 -0.049885 
 0.507954 -0.326128 -0.047724 
 0.501722 -0.309417 -0.045564 
 0.495490 -0.292707 -0.043405 
 0.489258 -0.275998 -0.041244 
 0.483320 -0.252235 -0.063885 
 0.477105 -0.235570 -0.061731 
 0.470890 -0.218906 -0.059577 
 0.464675 -0.202241 -0.057423 
 0.458459 -0.185576 -0.055270 
 0.452245 -0.168911 -0.053115 
 0.446227 -0.148856 -0.063379 
 0.440021 -0.132214 -0.061228 
 0.433813 -0.115571 -0.059077 
 0.427607 -0.098929 -0.056926 
 0.421400 -0.082287 -0.054774 
 0.415194 -0.065645 -0.052624 
 0.408987 -0.049002 -0.050472 
 0.402781 -0.032360 -0.048321 
 0.396574 -0.015718 -0.046171 
 0.390368 0.000924 -0.044019 
 0.383879 0.014401 -0.029422 
 0.377664 0.031067 -0.027267 
 0.371748 0.050851 -0.037566 
 0.365234 0.064396 -0.022960 
 0.359335 0.084135 -0.033263 
 0.353127 0.100776 -0.031113 
 0.346921 0.117420 -0.028962 
 0.340714 0.134061 -0.026810 
 0.334508 0.150703 -0.024660 
 0.328301 0.167345 -0.022508 
 0.322095 0.183987 -0.020357 
 0.315513 0.197714 -0.005727 
 0.309299 0.214379 -0.003573 
 0.303084 0.231043 -0.001419 
 0.296868 0.247709 0.000735 
 0.290654 0.264374 0.002889 
 0.284438 0.281038 0.005043 
 0.278648 0.300483 -0.005299 
 0.272008 0.314368 0.009351 
 0.265793 0.331033 0.011505 
 0.259578 0.347697 0.013659 
 0.253363 0.364362 0.015813 
 0.247148 0.381026 0.017967 
 0.240933 0.397692 0.020122 
 0.223714 0.502659 -0.159154 
 0.218661 0.524047 -0.182102 
 0.212590 0.540328 -0.179998 
 0.205448 0.551636 -0.152823 
 0.199360 0.567961 -0.150714 
 0.193271 0.584287 -0.148604 
 0.187183 0.600613 -0.146493 
 0.180525 0.614543 -0.131837 
 0.174428 0.630891 -0.129724 
 0.168332 0.647240 -0.127610 
 0.162829 0.665915 -0.138052 
 0.156138 0.679936 -0.123384 
 0.148819 0.691719 -0.096150 
 0.142087 0.705852 -0.081466 
 0.136592 0.724505 -0.091911 
 0.130478 0.740899 -0.089792 
 0.124364 0.757292 -0.087673 
 0.117598 0.771516 -0.072979 
 0.111475 0.787932 -0.070857 
 0.105353 0.804348 -0.068735 
 0.099231 0.820764 -0.066613 
 0.081438 0.801838 0.149496 
 0.075171 0.818638 0.151667 
 0.068906 0.835438 0.153840 
 0.064776 0.858272 0.118221 
 0.058535 0.875005 0.120385 
 0.597170 -0.680485 0.111842 
 0.590803 -0.663414 0.114049 
 0.584483 -0.626521 0.054538 
 0.578159 -0.609563 0.056731 
 0.571887 -0.584766 0.034224 
 0.565613 -0.563957 0.024057 
 0.559400 -0.539318 0.001530 
 0.553221 -0.514770 -0.021008 
 0.546955 -0.497969 -0.018836 
 0.540690 -0.481169 -0.016665 
 0.534423 -0.464368 -0.014494 
 0.528244 -0.443807 -0.024692 
 0.521986 -0.427030 -0.022523 
 0.515729 -0.410251 -0.020355 
 0.509471 -0.393474 -0.018185 
 0.503453 -0.369356 -0.040780 
 0.497595 -0.341681 -0.075770 
 0.491379 -0.325016 -0.073615 
 0.485164 -0.308351 -0.071461 
 0.478644 -0.298846 -0.044522 
 0.472734 -0.275022 -0.067153 
 0.466519 -0.258357 -0.064999 
 0.460305 -0.241692 -0.062846 
 0.454089 -0.225027 -0.060691 
 0.447874 -0.208362 -0.058537 
 0.441660 -0.191698 -0.056384 
 0.435444 -0.175033 -0.054229 
 0.429450 -0.154970 -0.064491 
 0.423242 -0.138326 -0.062341 
 0.417036 -0.121685 -0.060190 
 0.410829 -0.105043 -0.058038 
 0.404623 -0.088401 -0.055887 
 0.398416 -0.071759 -0.053737 
 0.392209 -0.055116 -0.051585 
 0.386003 -0.038474 -0.049434 
 0.379796 -0.021832 -0.047283 
 0.373590 -0.005190 -0.045132 
 0.367078 0.008280 -0.030536 
 0.360863 0.024945 -0.028381 
 0.354649 0.041609 -0.026228 
 0.348433 0.058275 -0.024074 
 0.342218 0.074939 -0.021919 
 0.336004 0.091604 -0.019766 
 0.330143 0.111306 -0.030074 
 0.323937 0.127948 -0.027923 
 0.317730 0.144590 -0.025773 
 0.311143 0.158263 -0.011149 
 0.304928 0.174928 -0.008995 
 0.298712 0.191592 -0.006842 
 0.292498 0.208258 -0.004687 
 0.286283 0.224922 -0.002533 
 0.280067 0.241587 -0.000380 
 0.273853 0.258251 0.001775 
 0.267638 0.274917 0.003929 
 0.261422 0.291582 0.006082 
 0.255208 0.308246 0.008237 
 0.248992 0.324911 0.010391 
 0.242777 0.341575 0.012544 
 0.236562 0.358241 0.014699 
 0.230347 0.374905 0.016853 
 0.224132 0.391570 0.019006 
 0.208319 0.501786 -0.185296 
 0.202248 0.518066 -0.183191 
 0.196177 0.534347 -0.181087 
 0.188990 0.545639 -0.153916 
 0.182901 0.561965 -0.151805 
 0.176813 0.578290 -0.149695 
 0.171890 0.599469 -0.172670 
 0.165819 0.615749 -0.170565 
 0.159746 0.632030 -0.168461 
 0.153675 0.648310 -0.166357 
 0.147603 0.664591 -0.164252 
 0.140281 0.676244 -0.137034 
 0.134192 0.692570 -0.134923 
 0.126179 0.702090 -0.095127 
 0.121365 0.722975 -0.118138 
 0.115269 0.739323 -0.116025 
 0.107837 0.751271 -0.088769 
 0.101047 0.765486 -0.074076 
 0.094925 0.781902 -0.071954 
 0.088803 0.798319 -0.069832 
 0.082680 0.814735 -0.067711 
 0.065209 0.797753 0.135786 
 0.058951 0.814531 0.137956 
 0.054147 0.835393 0.114940 
 0.047906 0.852125 0.117103 
 0.041667 0.868859 0.119266 
 0.579990 -0.678721 0.086028 
 0.573663 -0.657700 0.075890 
 0.567386 -0.632751 0.053405 
 0.561143 -0.607893 0.030906 
 0.554835 -0.590979 0.033093 
 0.548699 -0.562352 -0.001773 
 0.542549 -0.537743 -0.024303 
 0.536283 -0.520941 -0.022132 
 0.530017 -0.504141 -0.019960 
 0.523844 -0.483527 -0.030150 
 0.517586 -0.466749 -0.027982 
 0.511329 -0.449971 -0.025813 
 0.505071 -0.433193 -0.023645 
 0.499064 -0.408968 -0.046224 
 0.492824 -0.392235 -0.044061 
 0.486583 -0.375503 -0.041899 
 0.480494 -0.355114 -0.052118 
 0.474578 -0.331137 -0.074729 
 0.468364 -0.314473 -0.072576 
 0.462149 -0.297808 -0.070422 
 0.455933 -0.281144 -0.068267 
 0.449718 -0.264478 -0.066114 
 0.443504 -0.247813 -0.063960 
 0.437288 -0.231149 -0.061805 
 0.431073 -0.214484 -0.059652 
 0.424859 -0.197819 -0.057498 
 0.418643 -0.181154 -0.055343 
 0.412671 -0.161082 -0.065604 
 0.406464 -0.144440 -0.063454 
 0.400258 -0.127798 -0.061303 
 0.394051 -0.111156 -0.059151 
 0.387845 -0.094514 -0.057001 
 0.381638 -0.077871 -0.054849 
 0.375432 -0.061229 -0.052698 
 0.369225 -0.044587 -0.050547 
 0.363019 -0.027945 -0.048396 
 0.356811 -0.011303 -0.046245 
 0.350277 0.002158 -0.031650 
 0.344063 0.018824 -0.029496 
 0.337848 0.035488 -0.027342 
 0.331632 0.052153 -0.025187 
 0.325418 0.068817 -0.023034 
 0.319203 0.085482 -0.020880 
 0.312987 0.102147 -0.018725 
 0.306772 0.118812 -0.016572 
 0.300557 0.135476 -0.014418 
 0.294342 0.152141 -0.012263 
 0.288127 0.168807 -0.010110 
 0.281912 0.185471 -0.007956 
 0.275697 0.202136 -0.005801 
 0.269482 0.218800 -0.003648 
 0.263267 0.235465 -0.001494 
 0.257052 0.252130 0.000661 
 0.250837 0.268795 0.002814 
 0.244621 0.285459 0.004968 
 0.238407 0.302124 0.007123 
 0.231217 0.313287 0.034275 
 0.224985 0.329997 0.036436 
 0.219762 0.352119 0.013585 
 0.213546 0.368783 0.015738 
 0.207331 0.385449 0.017892 
 0.191906 0.495806 -0.186383 
 0.186398 0.514635 -0.196805 
 0.180336 0.530892 -0.194704 
 0.174272 0.547149 -0.192603 
 0.167620 0.560928 -0.177966 
 0.161548 0.577207 -0.175862 
 0.155477 0.593488 -0.173758 
 0.149405 0.609768 -0.171653 
 0.143333 0.626049 -0.169549 
 0.137262 0.642329 -0.167445 
 0.131189 0.658610 -0.165340 
 0.125118 0.674890 -0.163236 
 0.117734 0.686573 -0.136016 
 0.110981 0.700621 -0.121344 
 0.104884 0.716970 -0.119231 
 0.098787 0.733318 -0.117119 
 0.092690 0.749666 -0.115005 
 0.085195 0.761642 -0.087746 
 0.078376 0.775873 -0.073053 
 0.072253 0.792289 -0.070931 
 0.066131 0.808705 -0.068809 
 0.060009 0.825121 -0.066686 
 0.042037 0.808368 0.136833 
 0.035780 0.825145 0.139003 
 0.031038 0.845979 0.115984 
 0.023266 0.858701 0.143340 
 0.017009 0.875479 0.145508 
 0.010751 0.892257 0.147676 
 0.004494 0.909035 0.149845 
 0.562863 -0.680950 0.072555 
 0.556614 -0.655939 0.050079 
 0.550399 -0.631019 0.027589 
 0.544091 -0.614106 0.029775 
 0.537999 -0.585386 -0.005077 
 0.531716 -0.568540 -0.002900 
 0.525612 -0.543913 -0.025426 
 0.519442 -0.523246 -0.035610 
 0.513186 -0.506468 -0.033441 
 0.506928 -0.489690 -0.031273 
 0.500671 -0.472913 -0.029103 
 0.494676 -0.448579 -0.051669 
 0.488435 -0.431847 -0.049507 
 0.482195 -0.415115 -0.047343 
 0.475955 -0.398382 -0.045181 
 0.469879 -0.377963 -0.055396 
 0.463993 -0.353924 -0.077998 
 0.457779 -0.337260 -0.075845 
 0.451563 -0.320595 -0.073690 
 0.445348 -0.303929 -0.071536 
 0.439132 -0.287265 -0.069382 
 0.432918 -0.270600 -0.067228 
 0.426703 -0.253936 -0.065074 
 0.420487 -0.237270 -0.062920 
 0.414273 -0.220606 -0.060766 
 0.408058 -0.203941 -0.058612 
 0.401842 -0.187277 -0.056458 
 0.395628 -0.170612 -0.054304 
 0.389687 -0.150554 -0.064567 
 0.383197 -0.137282 -0.049996 
 0.377274 -0.117270 -0.060264 
 0.371067 -0.100627 -0.058114 
 0.364861 -0.083985 -0.055962 
 0.358653 -0.067343 -0.053811 
 0.352447 -0.050701 -0.051660 
 0.346240 -0.034059 -0.049509 
 0.340034 -0.017416 -0.047358 
 0.333476 -0.003963 -0.032765 
 0.327262 0.012701 -0.030610 
 0.321047 0.029366 -0.028456 
 0.314831 0.046030 -0.026303 
 0.308617 0.062696 -0.024148 
 0.302402 0.079361 -0.021994 
 0.296186 0.096025 -0.019841 
 0.289972 0.112690 -0.017686 
 0.283757 0.129355 -0.015532 
 0.277541 0.146020 -0.013378 
 0.271327 0.162684 -0.011224 
 0.265111 0.179349 -0.009070 
 0.258896 0.196013 -0.006916 
 0.252681 0.212679 -0.004762 
 0.246466 0.229344 -0.002608 
 0.240251 0.246008 -0.000454 
 0.234036 0.262673 0.001700 
 0.227821 0.279338 0.003854 
 0.221606 0.296003 0.006008 
 0.215391 0.312667 0.008162 
 0.209176 0.329332 0.010316 
 0.202961 0.345998 0.012470 
 0.196746 0.362662 0.014624 
 0.190530 0.379327 0.016779 
 0.176071 0.492405 -0.199994 
 0.170009 0.508662 -0.197893 
 0.163945 0.524919 -0.195791 
 0.159088 0.546199 -0.218751 
 0.151819 0.557435 -0.191589 
 0.145755 0.573693 -0.189487 
 0.139692 0.589951 -0.187386 
 0.133628 0.606209 -0.185285 
 0.127565 0.622467 -0.183182 
 0.121502 0.638724 -0.181081 
 0.114776 0.652629 -0.166429 
 0.108705 0.668909 -0.164325 
 0.102633 0.685190 -0.162221 
 0.095186 0.696901 -0.134997 
 0.088402 0.710964 -0.120324 
 0.082305 0.727312 -0.118211 
 0.076208 0.743660 -0.116098 
 0.068668 0.755620 -0.088842 
 0.062555 0.772014 -0.086724 
 0.055703 0.786258 -0.072028 
 0.049581 0.802674 -0.069906 
 0.041948 0.814882 -0.042618 
 0.035809 0.831343 -0.040490 
 0.020409 0.823100 0.112702 
 0.014168 0.839832 0.114865 
 0.006351 0.852538 0.142218 
 -0.000704 0.867325 0.156983 
 -0.006969 0.884126 0.159156 
 -0.013235 0.900926 0.161327 
 -0.019500 0.917726 0.163499 
 0.545841 -0.679128 0.046752 
 0.539655 -0.654146 0.024273 
 0.533425 -0.633243 0.014120 
 0.527126 -0.616352 0.016303 
 0.521205 -0.583687 -0.030893 
 0.514940 -0.566885 -0.028721 
 0.508786 -0.546187 -0.038900 
 0.502528 -0.529409 -0.036731 
 0.496271 -0.512631 -0.034563 
 0.490013 -0.495853 -0.032394 
 0.484047 -0.471459 -0.054951 
 0.477806 -0.454726 -0.052787 
 0.471567 -0.437994 -0.050625 
 0.465326 -0.421261 -0.048462 
 0.459265 -0.400811 -0.058673 
 0.453033 -0.384101 -0.056514 
 0.446801 -0.367391 -0.054353 
 0.440978 -0.343381 -0.076958 
 0.434762 -0.326716 -0.074804 
 0.428547 -0.310052 -0.072651 
 0.422333 -0.293387 -0.070496 
 0.416117 -0.276721 -0.068342 
 0.409902 -0.260057 -0.066189 
 0.403686 -0.243392 -0.064034 
 0.397472 -0.226728 -0.061880 
 0.391257 -0.210063 -0.059727 
 0.385041 -0.193398 -0.057572 
 0.378827 -0.176733 -0.055418 
 0.372612 -0.160068 -0.053265 
 0.366396 -0.143404 -0.051110 
 0.360495 -0.123383 -0.061377 
 0.353967 -0.110074 -0.046803 
 0.347751 -0.093409 -0.044648 
 0.341537 -0.076745 -0.042495 
 0.335322 -0.060079 -0.040341 
 0.329106 -0.043415 -0.038186 
 0.322891 -0.026750 -0.036033 
 0.316676 -0.010086 -0.033879 
 0.309698 0.000229 -0.006837 
 0.303467 0.016939 -0.004677 
 0.297235 0.033650 -0.002517 
 0.291003 0.050360 -0.000357 
 0.284771 0.067069 0.001803 
 0.278539 0.083779 0.003963 
 0.271874 0.097450 0.018584 
 0.265635 0.114182 0.020746 
 0.259843 0.133909 0.010443 
 0.253611 0.150620 0.012602 
 0.247379 0.167330 0.014762 
 0.242095 0.189892 -0.008030 
 0.234915 0.200749 0.019082 
 0.229665 0.223221 -0.003723 
 0.223450 0.239887 -0.001568 
 0.217236 0.256552 0.000586 
 0.211020 0.273216 0.002739 
 0.204805 0.289881 0.004894 
 0.197524 0.301010 0.032040 
 0.191292 0.317720 0.034201 
 0.186160 0.339875 0.011356 
 0.179945 0.356540 0.013510 
 0.173730 0.373204 0.015663 
 0.159680 0.486432 -0.201081 
 0.154835 0.507819 -0.224026 
 0.148789 0.524032 -0.221931 
 0.143369 0.542764 -0.232364 
 0.136696 0.556457 -0.217740 
 0.129364 0.567721 -0.190574 
 0.123302 0.583979 -0.188473 
 0.117238 0.600237 -0.186371 
 0.112511 0.621307 -0.209357 
 0.105111 0.632752 -0.182169 
 0.098363 0.646649 -0.167518 
 0.092292 0.662930 -0.165414 
 0.086219 0.679210 -0.163309 
 0.078017 0.688610 -0.123530 
 0.071920 0.704958 -0.121417 
 0.065824 0.721307 -0.119305 
 0.059727 0.737655 -0.117192 
 0.051397 0.747396 -0.077370 
 0.045275 0.763812 -0.075248 
 0.039153 0.780228 -0.073126 
 0.031493 0.792374 -0.045846 
 0.023020 0.802498 -0.005975 
 0.014497 0.812758 0.033915 
 0.005924 0.823155 0.073822 
 -0.000292 0.839819 0.075976 
 -0.008130 0.852440 0.103316 
 -0.016821 0.863152 0.143265 
 -0.023078 0.879931 0.145433 
 -0.030172 0.894754 0.160203 
 -0.036438 0.911555 0.162375 
 0.528744 -0.685358 0.045618 
 0.522604 -0.660359 0.023141 
 0.516397 -0.639448 0.012990 
 0.510316 -0.614608 -0.009507 
 0.504268 -0.589857 -0.032017 
 0.498002 -0.573057 -0.029844 
 0.491871 -0.552350 -0.040022 
 0.485613 -0.535573 -0.037853 
 0.479658 -0.511071 -0.060395 
 0.473099 -0.502016 -0.033516 
 0.467178 -0.477606 -0.056069 
 0.460938 -0.460873 -0.053906 
 0.454697 -0.444140 -0.051744 
 0.448457 -0.427408 -0.049581 
 0.442216 -0.410675 -0.047419 
 0.436186 -0.390239 -0.057630 
 0.430392 -0.366167 -0.080227 
 0.424177 -0.349503 -0.078072 
 0.417961 -0.332838 -0.075919 
 0.411746 -0.316174 -0.073765 
 0.405532 -0.299508 -0.071610 
 0.399316 -0.282844 -0.069457 
 0.393101 -0.266179 -0.067303 
 0.386887 -0.249514 -0.065148 
 0.380671 -0.232849 -0.062995 
 0.374456 -0.216184 -0.060841 
 0.368241 -0.199520 -0.058686 
 0.362026 -0.182855 -0.056533 
 0.355172 -0.173008 -0.029553 
 0.348940 -0.156299 -0.027392 
 0.343381 -0.132861 -0.050071 
 0.337166 -0.116196 -0.047917 
 0.330950 -0.099531 -0.045762 
 0.324736 -0.082866 -0.043609 
 0.318521 -0.066201 -0.041455 
 0.312305 -0.049537 -0.039301 
 0.306091 -0.032872 -0.037147 
 0.299085 -0.022619 -0.010114 
 0.292448 -0.009092 0.004488 
 0.286208 0.007640 0.006651 
 0.279967 0.024373 0.008813 
 0.273727 0.041106 0.010977 
 0.267486 0.057838 0.013140 
 0.261247 0.074571 0.015302 
 0.254096 0.085208 0.042385 
 0.248765 0.108037 0.019628 
 0.242525 0.124769 0.021791 
 0.236284 0.141501 0.023953 
 0.230045 0.158235 0.026116 
 0.224301 0.177901 0.015804 
 0.217564 0.191699 0.030442 
 0.211323 0.208432 0.032605 
 0.205606 0.228032 0.022284 
 0.199374 0.244741 0.024444 
 0.192603 0.258630 0.039093 
 0.186362 0.275363 0.041256 
 0.180122 0.292095 0.043418 
 0.173881 0.308828 0.045581 
 0.169359 0.333753 0.010242 
 0.161982 0.345002 0.037403 
 0.155750 0.361712 0.039563 
 0.144537 0.485650 -0.227206 
 0.138491 0.501863 -0.225110 
 0.133085 0.520626 -0.235539 
 0.127047 0.536816 -0.233447 
 0.121009 0.553006 -0.231353 
 0.114970 0.569196 -0.229261 
 0.108259 0.582926 -0.214632 
 0.102212 0.599139 -0.212537 
 0.096166 0.615352 -0.210441 
 0.090119 0.631563 -0.208346 
 0.082658 0.643038 -0.181154 
 0.076595 0.659296 -0.179052 
 0.068358 0.668581 -0.139290 
 0.062268 0.684906 -0.137180 
 0.055439 0.698954 -0.122511 
 0.049342 0.715302 -0.120397 
 0.041728 0.727182 -0.093154 
 0.034848 0.741365 -0.078467 
 0.028726 0.757781 -0.076345 
 0.021036 0.769866 -0.049075 
 0.014897 0.786327 -0.046947 
 0.006356 0.796426 -0.007081 
 -0.000618 0.810858 0.007639 
 -0.006790 0.827410 0.009779 
 -0.014615 0.839856 0.037096 
 -0.020805 0.856452 0.039241 
 -0.028680 0.869034 0.066576 
 -0.039993 0.873768 0.144312 
 -0.047110 0.888582 0.159080 
 -0.053375 0.905384 0.161252 
 -0.065907 0.938984 0.165595 
 -0.072173 0.955785 0.167766 
 0.511647 -0.691587 0.044484 
 0.505553 -0.666571 0.022010 
 0.499368 -0.645652 0.011861 
 0.493332 -0.620796 -0.010634 
 0.487330 -0.596029 -0.033140 
 0.481213 -0.575291 -0.043313 
 0.474956 -0.558513 -0.041144 
 0.468699 -0.541736 -0.038976 
 0.462790 -0.517217 -0.061514 
 0.456549 -0.500485 -0.059351 
 0.450309 -0.483753 -0.057188 
 0.444068 -0.467019 -0.055026 
 0.437828 -0.450287 -0.052863 
 0.431804 -0.429797 -0.063067 
 0.425572 -0.413087 -0.060908 
 0.419805 -0.388954 -0.083495 
 0.413591 -0.372290 -0.081341 
 0.407376 -0.355624 -0.079188 
 0.401160 -0.338959 -0.077033 
 0.394946 -0.322295 -0.074879 
 0.388731 -0.305630 -0.072726 
 0.382515 -0.288966 -0.070571 
 0.376301 -0.272300 -0.068417 
 0.370086 -0.255636 -0.066263 
 0.363870 -0.238971 -0.064109 
 0.357655 -0.222307 -0.061955 
 0.351441 -0.205641 -0.059801 
 0.345225 -0.188976 -0.057647 
 0.338325 -0.179147 -0.030670 
 0.332093 -0.162437 -0.028510 
 0.325861 -0.145727 -0.026350 
 0.319629 -0.129018 -0.024190 
 0.314150 -0.105653 -0.046877 
 0.307165 -0.095597 -0.019871 
 0.300933 -0.078887 -0.017711 
 0.294701 -0.062178 -0.015551 
 0.288469 -0.045467 -0.013391 
 0.281819 -0.031971 0.001207 
 0.275579 -0.015239 0.003369 
 0.268468 -0.004845 0.030420 
 0.262210 0.011934 0.032589 
 0.256858 0.034959 0.009858 
 0.249696 0.045489 0.036927 
 0.243439 0.062268 0.039095 
 0.237181 0.079045 0.041264 
 0.231896 0.101889 0.018509 
 0.225656 0.118622 0.020672 
 0.219416 0.135355 0.022834 
 0.213175 0.152088 0.024998 
 0.206935 0.168820 0.027160 
 0.200694 0.185553 0.029323 
 0.194454 0.202286 0.031485 
 0.188214 0.219018 0.033649 
 0.181974 0.235750 0.035811 
 0.175733 0.252484 0.037974 
 0.169493 0.269216 0.040137 
 0.163252 0.285948 0.042299 
 0.157013 0.302681 0.044463 
 0.150772 0.319414 0.046625 
 0.144531 0.336146 0.048788 
 0.138291 0.352879 0.050950 
 0.128839 0.482299 -0.240807 
 0.122801 0.498489 -0.238714 
 0.116763 0.514679 -0.236622 
 0.112068 0.535940 -0.259580 
 0.104686 0.547059 -0.232436 
 0.098649 0.563249 -0.230343 
 0.091914 0.576970 -0.215716 
 0.085868 0.593183 -0.213621 
 0.078394 0.604550 -0.186444 
 0.072330 0.620808 -0.184343 
 0.066268 0.637066 -0.182241 
 0.060204 0.653324 -0.180140 
 0.053393 0.667248 -0.165486 
 0.045810 0.678909 -0.138272 
 0.039722 0.695235 -0.136162 
 0.032860 0.709296 -0.121491 
 0.025201 0.721160 -0.094250 
 0.019087 0.737554 -0.092131 
 0.012175 0.751751 -0.077442 
 0.006053 0.768167 -0.075321 
 -0.001699 0.780279 -0.048048 
 -0.008662 0.794612 -0.033342 
 -0.014810 0.811096 -0.031211 
 -0.020956 0.827580 -0.029081 
 -0.028801 0.839942 -0.001776 
 -0.034966 0.856471 0.000360 
 -0.043727 0.866953 0.040276 
 -0.052539 0.877570 0.080209 
 -0.064047 0.882412 0.157956 
 -0.069422 0.901159 0.147527 
 -0.076579 0.916012 0.162299 
 -0.082844 0.932813 0.164471 
 -0.090942 0.945853 0.191864 
 -0.097224 0.962698 0.194042 
 0.494808 -0.689699 0.018693 
 0.488638 -0.668748 0.008548 
 0.482340 -0.651858 0.010731 
 0.476349 -0.626984 -0.011760 
 0.470393 -0.602201 -0.034264 
 0.464298 -0.581454 -0.044434 
 0.458042 -0.564676 -0.042266 
 0.452161 -0.540097 -0.064796 
 0.445920 -0.523364 -0.062632 
 0.439680 -0.506632 -0.060470 
 0.433439 -0.489899 -0.058307 
 0.427200 -0.473166 -0.056145 
 0.420959 -0.456434 -0.053981 
 0.414958 -0.435935 -0.064185 
 0.408478 -0.422968 -0.049656 
 0.403006 -0.395076 -0.084609 
 0.396790 -0.378411 -0.082456 
 0.390575 -0.361746 -0.080302 
 0.384359 -0.345082 -0.078147 
 0.378145 -0.328417 -0.075994 
 0.371930 -0.311753 -0.073839 
 0.365714 -0.295087 -0.071685 
 0.359500 -0.278422 -0.069532 
 0.353285 -0.261758 -0.067377 
 0.347069 -0.245093 -0.065223 
 0.340855 -0.228428 -0.063070 
 0.334640 -0.211763 -0.060915 
 0.328424 -0.195099 -0.058761 
 0.321479 -0.185285 -0.031788 
 0.315247 -0.168575 -0.029628 
 0.309015 -0.151866 -0.027467 
 0.302783 -0.135156 -0.025308 
 0.296551 -0.118445 -0.023148 
 0.289912 -0.105049 -0.008564 
 0.283671 -0.088316 -0.006400 
 0.277431 -0.071583 -0.004237 
 0.271624 -0.051605 -0.014509 
 0.264950 -0.038118 0.000088 
 0.257810 -0.027785 0.027130 
 0.251552 -0.011008 0.029299 
 0.245296 0.005771 0.031467 
 0.239039 0.022548 0.033636 
 0.232298 0.036217 0.048256 
 0.226032 0.053017 0.050427 
 0.219767 0.069817 0.052599 
 0.214010 0.089659 0.042311 
 0.207752 0.106437 0.044479 
 0.201495 0.123216 0.046648 
 0.196306 0.145941 0.023879 
 0.190065 0.162674 0.026041 
 0.183826 0.179406 0.028204 
 0.177585 0.196139 0.030366 
 0.171345 0.212871 0.032530 
 0.165104 0.229604 0.034692 
 0.157695 0.240660 0.061828 
 0.151437 0.257438 0.063996 
 0.145181 0.274216 0.066166 
 0.138923 0.290994 0.068334 
 0.132666 0.307771 0.070503 
 0.127662 0.329999 0.047669 
 0.121422 0.346733 0.049832 
 0.115182 0.363465 0.051995 
 0.112517 0.476351 -0.241890 
 0.106479 0.492541 -0.239796 
 0.100441 0.508731 -0.237704 
 0.095792 0.530009 -0.260659 
 0.088364 0.541112 -0.233519 
 0.081615 0.554803 -0.218897 
 0.075570 0.571014 -0.216800 
 0.068067 0.582320 -0.189633 
 0.062003 0.598578 -0.187532 
 0.055941 0.614836 -0.185429 
 0.049123 0.628708 -0.170784 
 0.043052 0.644987 -0.168679 
 0.035440 0.656587 -0.141474 
 0.029351 0.672912 -0.139364 
 0.023262 0.689238 -0.137253 
 0.016378 0.703291 -0.122584 
 0.010282 0.719639 -0.120471 
 0.001748 0.729304 -0.080663 
 -0.004374 0.745720 -0.078541 
 -0.010497 0.762136 -0.076419 
 -0.018295 0.774233 -0.049149 
 -0.024434 0.790694 -0.047021 
 -0.030573 0.807155 -0.044893 
 -0.037575 0.821524 -0.030183 
 -0.043722 0.838009 -0.028052 
 -0.051630 0.850399 -0.000745 
 -0.057795 0.866928 0.001391 
 -0.064856 0.881456 0.016124 
 -0.078270 0.882177 0.119041 
 -0.086337 0.894996 0.146404 
 -0.092594 0.911774 0.148573 
 -0.098851 0.928552 0.150742 
 -0.105109 0.945330 0.152911 
 -0.114208 0.956510 0.192915 
 -0.120490 0.973355 0.195093 
 0.477757 -0.695911 0.017562 
 0.471610 -0.674953 0.007419 
 0.465648 -0.650017 -0.015064 
 0.459721 -0.625173 -0.037558 
 0.453455 -0.608373 -0.035386 
 0.447384 -0.587617 -0.045557 
 0.441126 -0.570840 -0.043387 
 0.434869 -0.554062 -0.041219 
 0.429051 -0.529510 -0.063751 
 0.422355 -0.520506 -0.036882 
 0.416571 -0.496046 -0.059426 
 0.410330 -0.479313 -0.057264 
 0.404090 -0.462580 -0.055100 
 0.398111 -0.442074 -0.065302 
 0.392419 -0.417862 -0.087878 
 0.386205 -0.401197 -0.085724 
 0.379989 -0.384533 -0.083570 
 0.373774 -0.367868 -0.081415 
 0.367560 -0.351203 -0.079262 
 0.361344 -0.334538 -0.077108 
 0.355129 -0.317874 -0.074953 
 0.348915 -0.301209 -0.072800 
 0.342699 -0.284545 -0.070646 
 0.336484 -0.267879 -0.068491 
 0.330268 -0.251214 -0.066338 
 0.324054 -0.234550 -0.064184 
 0.317839 -0.217885 -0.062029 
 0.311623 -0.201220 -0.059876 
 0.304632 -0.191424 -0.032904 
 0.298400 -0.174714 -0.030745 
 0.292168 -0.158004 -0.028585 
 0.285936 -0.141294 -0.026426 
 0.279704 -0.124584 -0.024265 
 0.273042 -0.111196 -0.009682 
 0.266802 -0.094462 -0.007519 
 0.260561 -0.077730 -0.005357 
 0.254322 -0.060998 -0.003194 
 0.247152 -0.050726 0.023839 
 0.240896 -0.033948 0.026009 
 0.234157 -0.020356 0.040618 
 0.227892 -0.003556 0.042789 
 0.221627 0.013244 0.044961 
 0.215360 0.030045 0.047132 
 0.209095 0.046845 0.049303 
 0.202829 0.063645 0.051476 
 0.197095 0.083496 0.041189 
 0.190838 0.100274 0.043357 
 0.184581 0.117052 0.045526 
 0.178323 0.133830 0.047694 
 0.172066 0.150607 0.049863 
 0.165808 0.167386 0.052031 
 0.159552 0.184164 0.054201 
 0.153294 0.200941 0.056369 
 0.147037 0.217720 0.058538 
 0.140780 0.234497 0.060706 
 0.134523 0.251275 0.062875 
 0.128266 0.268053 0.065043 
 0.122008 0.284831 0.067213 
 0.115751 0.301608 0.069381 
 0.110793 0.323853 0.046551 
 0.104553 0.340586 0.048713 
 0.098312 0.357318 0.050876 
 0.096195 0.470404 -0.242971 
 0.090157 0.486594 -0.240879 
 0.084119 0.502784 -0.238786 
 0.078080 0.518974 -0.236694 
 0.071317 0.532634 -0.222076 
 0.065271 0.548847 -0.219981 
 0.057740 0.560090 -0.192821 
 0.051676 0.576348 -0.190720 
 0.045614 0.592606 -0.188618 
 0.039550 0.608864 -0.186517 
 0.032710 0.622727 -0.171872 
 0.026639 0.639008 -0.169768 
 0.018981 0.650590 -0.142565 
 0.012893 0.666915 -0.140455 
 0.006804 0.683241 -0.138345 
 0.000716 0.699567 -0.136234 
 -0.006200 0.713633 -0.121564 
 -0.013968 0.725510 -0.094323 
 -0.020925 0.739690 -0.079638 
 -0.027047 0.756106 -0.077516 
 -0.034890 0.768186 -0.050249 
 -0.041030 0.784647 -0.048122 
 -0.047169 0.801109 -0.045994 
 -0.054193 0.815469 -0.031285 
 -0.062129 0.827798 -0.003986 
 -0.068294 0.844327 -0.001850 
 -0.075369 0.858824 0.012877 
 -0.081543 0.875376 0.015017 
 -0.089570 0.887953 0.042347 
 -0.101379 0.892762 0.120084 
 -0.106674 0.911437 0.109646 
 -0.111000 0.931985 0.086597 
 -0.122985 0.937270 0.164395 
 -0.129251 0.954071 0.166568 
 -0.137474 0.967167 0.193966 
 0.460706 -0.702124 0.016431 
 0.454582 -0.681158 0.006289 
 0.448666 -0.656205 -0.016190 
 0.442784 -0.631345 -0.038682 
 0.436726 -0.610559 -0.048847 
 0.430469 -0.593780 -0.046678 
 0.424211 -0.577003 -0.044510 
 0.417955 -0.560225 -0.042342 
 0.412182 -0.535657 -0.064870 
 0.405942 -0.518925 -0.062708 
 0.399701 -0.502193 -0.060544 
 0.393461 -0.485459 -0.058382 
 0.387497 -0.464923 -0.068580 
 0.381265 -0.448212 -0.066420 
 0.375033 -0.431503 -0.064259 
 0.368801 -0.414793 -0.062100 
 0.363188 -0.390654 -0.084684 
 0.356974 -0.373989 -0.082531 
 0.350759 -0.357325 -0.080376 
 0.344543 -0.340660 -0.078222 
 0.338329 -0.323996 -0.076069 
 0.332114 -0.307330 -0.073914 
 0.325898 -0.290666 -0.071760 
 0.319683 -0.274001 -0.069606 
 0.312714 -0.264402 -0.042662 
 0.306482 -0.247692 -0.040502 
 0.299856 -0.234470 -0.025941 
 0.293615 -0.217738 -0.023778 
 0.287375 -0.201005 -0.021615 
 0.281135 -0.184272 -0.019452 
 0.274894 -0.167540 -0.017289 
 0.268654 -0.150807 -0.015127 
 0.262413 -0.134074 -0.012963 
 0.255267 -0.124001 0.014044 
 0.248548 -0.110531 0.028637 
 0.242752 -0.090445 0.018381 
 0.236496 -0.073668 0.020549 
 0.230238 -0.056889 0.022718 
 0.223485 -0.043328 0.037322 
 0.217220 -0.026528 0.039495 
 0.210955 -0.009728 0.041666 
 0.204688 0.007073 0.043838 
 0.197365 0.017621 0.070906 
 0.192158 0.040674 0.048181 
 0.185891 0.057475 0.050352 
 0.179626 0.074275 0.052523 
 0.173360 0.091075 0.054695 
 0.167666 0.110889 0.044404 
 0.161408 0.127667 0.046573 
 0.155152 0.144444 0.048741 
 0.148894 0.161223 0.050910 
 0.142637 0.178000 0.053078 
 0.136379 0.194778 0.055247 
 0.130123 0.211556 0.057416 
 0.123865 0.228334 0.059585 
 0.117608 0.245111 0.061753 
 0.111351 0.261890 0.063922 
 0.105093 0.278668 0.066090 
 0.098837 0.295445 0.068258 
 0.092579 0.312223 0.070428 
 0.087683 0.334439 0.047594 
 0.081443 0.351172 0.049757 
 0.075203 0.367904 0.051920 
 0.073835 0.480647 -0.241962 
 0.067066 0.494254 -0.227351 
 0.061758 0.513027 -0.237777 
 0.054973 0.526678 -0.223160 
 0.048926 0.542891 -0.221065 
 0.041349 0.554118 -0.193909 
 0.035286 0.570376 -0.191807 
 0.029223 0.586634 -0.189706 
 0.022369 0.600466 -0.175066 
 0.016297 0.616746 -0.172961 
 0.008611 0.628267 -0.145767 
 0.002523 0.644593 -0.143657 
 -0.003566 0.660918 -0.141546 
 -0.010487 0.674931 -0.126883 
 -0.016585 0.691279 -0.124770 
 -0.022682 0.707628 -0.122657 
 -0.030495 0.719488 -0.095421 
 -0.036608 0.735882 -0.093301 
 -0.042722 0.752275 -0.091182 
 -0.048836 0.768669 -0.089063 
 -0.055841 0.782908 -0.074371 
 -0.061963 0.799324 -0.072248 
 -0.069904 0.811523 -0.044967 
 -0.076959 0.825899 -0.030257 
 -0.084957 0.838255 -0.002955 
 -0.091123 0.854784 -0.000819 
 -0.098229 0.869296 0.013910 
 -0.106304 0.881857 0.041238 
 -0.115370 0.892534 0.081175 
 -0.126424 0.899447 0.146329 
 -0.127801 0.925864 0.085483 
 -0.139922 0.931099 0.163272 
 -0.146188 0.947899 0.165444 
 0.443654 -0.708338 0.015300 
 0.437552 -0.687363 0.005160 
 0.432112 -0.654317 -0.041976 
 0.425845 -0.637516 -0.039805 
 0.419811 -0.616722 -0.049969 
 0.413554 -0.599944 -0.047800 
 0.407297 -0.583166 -0.045632 
 0.401040 -0.566389 -0.043463 
 0.395313 -0.541804 -0.065990 
 0.389072 -0.525072 -0.063826 
 0.382833 -0.508339 -0.061664 
 0.376592 -0.491606 -0.059501 
 0.370651 -0.471060 -0.069697 
 0.364419 -0.454351 -0.067537 
 0.358187 -0.437641 -0.065377 
 0.351955 -0.420931 -0.063218 
 0.346387 -0.396776 -0.085799 
 0.340173 -0.380112 -0.083645 
 0.333958 -0.363447 -0.081490 
 0.327742 -0.346781 -0.079337 
 0.321528 -0.330117 -0.077182 
 0.315313 -0.313452 -0.075028 
 0.309097 -0.296788 -0.072875 
 0.302883 -0.280122 -0.070720 
 0.295467 -0.274082 -0.031385 
 0.289227 -0.257349 -0.029222 
 0.282152 -0.247609 -0.002259 
 0.275896 -0.230832 -0.000091 
 0.269638 -0.214053 0.002079 
 0.263381 -0.197276 0.004247 
 0.257123 -0.180498 0.006416 
 0.250867 -0.163720 0.008584 
 0.244141 -0.150303 0.023170 
 0.237876 -0.133503 0.025341 
 0.230641 -0.123332 0.052361 
 0.224360 -0.106487 0.054538 
 0.218077 -0.089641 0.056714 
 0.211795 -0.072795 0.058893 
 0.205512 -0.055950 0.061070 
 0.199229 -0.039104 0.063247 
 0.192947 -0.022258 0.065425 
 0.186664 -0.005413 0.067602 
 0.180381 0.011433 0.069779 
 0.174099 0.028279 0.071957 
 0.168954 0.051303 0.049229 
 0.162689 0.068103 0.051400 
 0.156423 0.084904 0.053572 
 0.150157 0.101704 0.055743 
 0.144494 0.121503 0.045451 
 0.137626 0.135306 0.060086 
 0.131979 0.155060 0.049788 
 0.125094 0.168906 0.064429 
 0.119465 0.188615 0.054125 
 0.113208 0.205393 0.056293 
 0.106950 0.222171 0.058462 
 0.100693 0.238948 0.060631 
 0.094436 0.255726 0.062800 
 0.088179 0.272504 0.064968 
 0.081922 0.289282 0.067137 
 0.075664 0.306059 0.069305 
 0.070815 0.328293 0.046475 
 0.065287 0.347729 0.036136 
 0.060495 0.369805 0.013286 
 0.054281 0.386469 0.015439 
 0.050720 0.488298 -0.228435 
 0.045436 0.507079 -0.238860 
 0.038628 0.520723 -0.224244 
 0.032582 0.536936 -0.222149 
 0.024959 0.548146 -0.194995 
 0.018896 0.564404 -0.192894 
 0.012027 0.578205 -0.178259 
 0.005956 0.594485 -0.176155 
 -0.001760 0.605944 -0.148968 
 -0.007848 0.622270 -0.146859 
 -0.014775 0.636230 -0.132202 
 -0.020025 0.654921 -0.142639 
 -0.026969 0.668927 -0.127977 
 -0.033067 0.685275 -0.125864 
 -0.039163 0.701623 -0.123751 
 -0.047022 0.713465 -0.096517 
 -0.053135 0.729859 -0.094398 
 -0.057454 0.750668 -0.117411 
 -0.065363 0.762646 -0.090159 
 -0.072391 0.776877 -0.075468 
 -0.078514 0.793293 -0.073346 
 -0.086498 0.805475 -0.046068 
 -0.093577 0.819844 -0.031359 
 -0.099725 0.836327 -0.029229 
 -0.107786 0.848713 -0.001924 
 -0.114916 0.863215 0.012803 
 -0.121088 0.879767 0.014942 
 -0.131189 0.888393 0.067464 
 -0.138386 0.903078 0.082214 
 -0.144602 0.919742 0.084369 
 -0.156860 0.924927 0.162150 
 -0.163126 0.941727 0.164321 
 0.420524 -0.693567 0.004030 
 0.414699 -0.668583 -0.018443 
 0.408908 -0.643687 -0.040929 
 0.402643 -0.626887 -0.038757 
 0.396640 -0.606107 -0.048922 
 0.390382 -0.589329 -0.046753 
 0.384125 -0.572552 -0.044585 
 0.378444 -0.547950 -0.067108 
 0.371611 -0.538996 -0.040248 
 0.365963 -0.514486 -0.062783 
 0.359723 -0.497753 -0.060620 
 0.353804 -0.477199 -0.070814 
 0.348233 -0.452892 -0.093375 
 0.342017 -0.436227 -0.091221 
 0.335108 -0.427070 -0.064335 
 0.328876 -0.410359 -0.062175 
 0.323372 -0.386233 -0.084759 
 0.316412 -0.376939 -0.057856 
 0.310180 -0.360230 -0.055695 
 0.303560 -0.347159 -0.041155 
 0.296524 -0.337661 -0.014224 
 0.290267 -0.320884 -0.012056 
 0.284009 -0.304106 -0.009886 
 0.277752 -0.287329 -0.007718 
 0.271496 -0.270550 -0.005549 
 0.265238 -0.253773 -0.003381 
 0.258981 -0.236995 -0.001212 
 0.252723 -0.220216 0.000956 
 0.246467 -0.203439 0.003125 
 0.239736 -0.190075 0.017703 
 0.233470 -0.173275 0.019876 
 0.227204 -0.156475 0.022047 
 0.218943 -0.153059 0.073894 
 0.212644 -0.136167 0.076077 
 0.206345 -0.119277 0.078260 
 0.199521 -0.105664 0.092870 
 0.193214 -0.088751 0.095058 
 0.186905 -0.071837 0.097243 
 0.180598 -0.054924 0.099429 
 0.174847 -0.034822 0.089177 
 0.168549 -0.017932 0.091360 
 0.163398 0.005245 0.068653 
 0.157115 0.022091 0.070830 
 0.150834 0.038936 0.073008 
 0.145751 0.061932 0.050277 
 0.139485 0.078732 0.052448 
 0.133220 0.095532 0.054619 
 0.126954 0.112334 0.056792 
 0.120688 0.129134 0.058963 
 0.114422 0.145934 0.061135 
 0.108157 0.162735 0.063306 
 0.102550 0.182451 0.053003 
 0.096293 0.199230 0.055172 
 0.090035 0.216007 0.057340 
 0.083779 0.232785 0.059509 
 0.077521 0.249562 0.061678 
 0.071264 0.266341 0.063847 
 0.066426 0.288681 0.041031 
 0.060186 0.305413 0.043193 
 0.053945 0.322146 0.045357 
 0.048440 0.341591 0.035018 
 0.043695 0.363682 0.012171 
 0.037480 0.380347 0.014325 
 0.031264 0.397012 0.016480 
 0.029115 0.501132 -0.239941 
 0.020695 0.509658 -0.200286 
 0.014632 0.525916 -0.198184 
 0.007758 0.539664 -0.183555 
 0.001687 0.555945 -0.181451 
 -0.006041 0.567296 -0.154281 
 -0.012129 0.583622 -0.152171 
 -0.018218 0.599947 -0.150061 
 -0.025160 0.613876 -0.135409 
 -0.031257 0.630225 -0.133296 
 -0.037354 0.646573 -0.131183 
 -0.043450 0.662921 -0.129070 
 -0.049547 0.679269 -0.126956 
 -0.055644 0.695618 -0.124843 
 -0.061742 0.711966 -0.122730 
 -0.067839 0.728314 -0.120617 
 -0.073015 0.746877 -0.131069 
 -0.080033 0.761010 -0.116391 
 -0.088004 0.773017 -0.089136 
 -0.094118 0.789411 -0.087017 
 -0.100232 0.805804 -0.084899 
 -0.107309 0.820096 -0.070200 
 -0.113430 0.836512 -0.068078 
 -0.124450 0.842640 -0.003030 
 -0.130614 0.859170 -0.000893 
 -0.137775 0.873687 0.013835 
 -0.145958 0.886260 0.041164 
 -0.152148 0.902856 0.043308 
 -0.161402 0.913620 0.083254 
 0.403495 -0.699773 0.002901 
 0.397716 -0.674771 -0.019570 
 0.391971 -0.649859 -0.042051 
 0.385982 -0.629049 -0.052213 
 0.379725 -0.612271 -0.050043 
 0.373467 -0.595493 -0.047875 
 0.367211 -0.578715 -0.045706 
 0.361575 -0.554097 -0.068227 
 0.355334 -0.537365 -0.066064 
 0.349422 -0.516758 -0.076251 
 0.342854 -0.503899 -0.061738 
 0.336958 -0.483337 -0.071932 
 0.330726 -0.466627 -0.069772 
 0.325216 -0.442350 -0.092336 
 0.318262 -0.433207 -0.065452 
 0.312030 -0.416497 -0.063293 
 0.305412 -0.403504 -0.048762 
 0.298381 -0.394158 -0.021852 
 0.292123 -0.377381 -0.019683 
 0.285867 -0.360603 -0.017514 
 0.279189 -0.347451 -0.002964 
 0.273352 -0.327047 -0.013177 
 0.267094 -0.310269 -0.011009 
 0.260838 -0.293492 -0.008840 
 0.254127 -0.280249 0.005722 
 0.247860 -0.263448 0.007893 
 0.241595 -0.246648 0.010066 
 0.235330 -0.229848 0.012237 
 0.229064 -0.213047 0.014409 
 0.221806 -0.203092 0.041397 
 0.214513 -0.193045 0.068398 
 0.207701 -0.179531 0.082995 
 0.201394 -0.162618 0.085181 
 0.195085 -0.145704 0.087368 
 0.188778 -0.128791 0.089554 
 0.181376 -0.118451 0.116593 
 0.175051 -0.101493 0.118785 
 0.169854 -0.078051 0.096113 
 0.163547 -0.061137 0.098299 
 0.157238 -0.044224 0.100484 
 0.150931 -0.027309 0.102670 
 0.144622 -0.010396 0.104857 
 0.140133 0.015903 0.069704 
 0.133851 0.032748 0.071881 
 0.128813 0.055760 0.049154 
 0.122548 0.072560 0.051325 
 0.116282 0.089362 0.053497 
 0.110016 0.106162 0.055668 
 0.103751 0.122962 0.057839 
 0.097485 0.139763 0.060011 
 0.091220 0.156563 0.062182 
 0.084953 0.173363 0.064355 
 0.079379 0.193066 0.054050 
 0.073121 0.209844 0.056219 
 0.066864 0.226622 0.058387 
 0.060606 0.243399 0.060556 
 0.054350 0.260178 0.062724 
 0.048092 0.276955 0.064894 
 0.043316 0.299266 0.042075 
 0.037076 0.315999 0.044238 
 0.031594 0.335454 0.033902 
 0.025362 0.352163 0.036061 
 0.019130 0.368873 0.038221 
 0.014463 0.390890 0.015365 
 0.008249 0.407555 0.017519 
 0.002034 0.424220 0.019674 
 0.001855 0.495997 -0.163814 
 -0.004234 0.512322 -0.161703 
 -0.010322 0.528648 -0.159593 
 -0.016411 0.544974 -0.157483 
 -0.023350 0.558826 -0.142841 
 -0.028589 0.577625 -0.153262 
 -0.035545 0.591523 -0.138615 
 -0.041641 0.607871 -0.136502 
 -0.047738 0.624219 -0.134389 
 -0.053835 0.640567 -0.132275 
 -0.059932 0.656915 -0.130163 
 -0.065120 0.675577 -0.140601 
 -0.071208 0.691903 -0.138491 
 -0.078223 0.705960 -0.123824 
 -0.083385 0.724554 -0.134271 
 -0.089474 0.740880 -0.132161 
 -0.095562 0.757206 -0.130051 
 -0.102611 0.771353 -0.115371 
 -0.108708 0.787701 -0.113258 
 -0.114805 0.804050 -0.111144 
 -0.122873 0.816176 -0.083876 
 -0.129981 0.830481 -0.069177 
 -0.139109 0.840701 -0.029302 
 -0.147279 0.853098 -0.001999 
 -0.153443 0.869627 0.000138 
 -0.159608 0.886156 0.002274 
 -0.168880 0.896760 0.042199 
 0.386467 -0.705977 0.001771 
 0.380732 -0.680959 -0.020696 
 0.375033 -0.656031 -0.043175 
 0.368767 -0.639230 -0.041004 
 0.362811 -0.618434 -0.051166 
 0.356553 -0.601656 -0.048998 
 0.350296 -0.584878 -0.046828 
 0.344038 -0.568101 -0.044660 
 0.337782 -0.551322 -0.042491 
 0.331524 -0.534545 -0.040323 
 0.325985 -0.510046 -0.062857 
 0.320111 -0.489476 -0.073049 
 0.313879 -0.472766 -0.070889 
 0.307647 -0.456056 -0.068730 
 0.301024 -0.443116 -0.054206 
 0.293981 -0.433877 -0.027311 
 0.287723 -0.417100 -0.025142 
 0.281467 -0.400321 -0.022974 
 0.275209 -0.383544 -0.020805 
 0.268952 -0.366766 -0.018637 
 0.262251 -0.353623 -0.004088 
 0.255985 -0.336821 -0.001915 
 0.250180 -0.316433 -0.012131 
 0.243923 -0.299655 -0.009962 
 0.237188 -0.286420 0.004599 
 0.230923 -0.269620 0.006771 
 0.224658 -0.252820 0.008942 
 0.218392 -0.236019 0.011113 
 0.212126 -0.219219 0.013285 
 0.204823 -0.209280 0.040271 
 0.197485 -0.199250 0.067268 
 0.190650 -0.185744 0.081864 
 0.184341 -0.168831 0.084050 
 0.178034 -0.151917 0.086237 
 0.171727 -0.135004 0.088423 
 0.165418 -0.118091 0.090609 
 0.159111 -0.101177 0.092795 
 0.152802 -0.084264 0.094981 
 0.146495 -0.067350 0.097168 
 0.140187 -0.050436 0.099354 
 0.133879 -0.033523 0.101540 
 0.127572 -0.016609 0.103725 
 0.121892 0.003441 0.093468 
 0.115593 0.020332 0.095651 
 0.109293 0.037223 0.097833 
 0.102995 0.054113 0.100016 
 0.098019 0.077097 0.077287 
 0.091737 0.093943 0.079464 
 0.086814 0.116790 0.056717 
 0.080547 0.133591 0.058888 
 0.074282 0.150391 0.061059 
 0.068016 0.167191 0.063231 
 0.062464 0.186902 0.052929 
 0.056206 0.203681 0.055097 
 0.049950 0.220459 0.057266 
 0.043692 0.237236 0.059434 
 0.037435 0.254015 0.061602 
 0.031177 0.270792 0.063771 
 0.026448 0.293119 0.040956 
 0.020207 0.309853 0.043119 
 0.013967 0.326585 0.045281 
 0.007726 0.343317 0.047445 
 0.002284 0.362735 0.037104 
 -0.003948 0.379445 0.039263 
 -0.010180 0.396155 0.041423 
 -0.016412 0.412865 0.043584 
 -0.023475 0.426981 0.058258 
 -0.029716 0.443714 0.060421 
 -0.021541 0.503776 -0.150274 
 -0.027638 0.520124 -0.148161 
 -0.033735 0.536472 -0.146047 
 -0.039832 0.552820 -0.143934 
 -0.045928 0.569169 -0.141822 
 -0.052025 0.585517 -0.139709 
 -0.058123 0.601865 -0.137596 
 -0.064220 0.618213 -0.135482 
 -0.070317 0.634562 -0.133369 
 -0.076414 0.650910 -0.131256 
 -0.081578 0.669581 -0.141693 
 -0.085785 0.690507 -0.164690 
 -0.093756 0.702232 -0.137473 
 -0.097929 0.723068 -0.160481 
 -0.104000 0.739348 -0.158377 
 -0.110073 0.755629 -0.156273 
 -0.116144 0.771909 -0.154168 
 -0.124199 0.783860 -0.126922 
 -0.130287 0.800186 -0.124811 
 -0.137384 0.814392 -0.110125 
 -0.145513 0.826547 -0.082853 
 -0.152653 0.840867 -0.068152 
 -0.163942 0.847026 -0.003103 
 -0.168023 0.867613 -0.026144 
 -0.174171 0.884097 -0.024013 
 0.369437 -0.712182 0.000642 
 0.363750 -0.687147 -0.021822 
 0.358095 -0.662202 -0.044298 
 0.351830 -0.645402 -0.042127 
 0.345565 -0.628602 -0.039955 
 0.339298 -0.611800 -0.037784 
 0.333381 -0.591041 -0.047951 
 0.327837 -0.566390 -0.070465 
 0.321596 -0.549658 -0.068303 
 0.314609 -0.540708 -0.041444 
 0.309115 -0.516193 -0.063976 
 0.302874 -0.499460 -0.061814 
 0.296635 -0.482727 -0.059650 
 0.290395 -0.465995 -0.057488 
 0.283323 -0.456819 -0.030602 
 0.277065 -0.440041 -0.028432 
 0.270809 -0.423263 -0.026264 
 0.264111 -0.410195 -0.011725 
 0.258294 -0.389707 -0.021927 
 0.251579 -0.376595 -0.007382 
 0.245314 -0.359793 -0.005211 
 0.239048 -0.342993 -0.003039 
 0.232783 -0.326193 -0.000868 
 0.226517 -0.309392 0.001304 
 0.220251 -0.292592 0.003475 
 0.213986 -0.275792 0.005648 
 0.207721 -0.258992 0.007819 
 0.201454 -0.242191 0.009991 
 0.194122 -0.232313 0.036967 
 0.187839 -0.215468 0.039144 
 0.180456 -0.205455 0.066139 
 0.173598 -0.191957 0.080734 
 0.167290 -0.175044 0.082920 
 0.160983 -0.158131 0.085105 
 0.154675 -0.141217 0.087292 
 0.147182 -0.130910 0.114324 
 0.140857 -0.113952 0.116517 
 0.134532 -0.096992 0.118709 
 0.129444 -0.073563 0.096036 
 0.123135 -0.056649 0.098223 
 0.116828 -0.039736 0.100409 
 0.110521 -0.022822 0.102595 
 0.104212 -0.005909 0.104781 
 0.097905 0.011005 0.106968 
 0.092265 0.031017 0.096704 
 0.085965 0.047909 0.098888 
 0.079666 0.064800 0.101071 
 0.073366 0.081691 0.103254 
 0.068472 0.104600 0.080515 
 0.060768 0.115472 0.107621 
 0.055907 0.138292 0.084870 
 0.049624 0.155137 0.087047 
 0.045549 0.180739 0.051806 
 0.038547 0.194621 0.066451 
 0.032282 0.211422 0.068622 
 0.026016 0.228222 0.070794 
 0.020520 0.247852 0.060481 
 0.014262 0.264629 0.062649 
 0.008006 0.281407 0.064818 
 0.001748 0.298185 0.066986 
 -0.004509 0.314963 0.069156 
 -0.010767 0.331740 0.071324 
 -0.017023 0.348519 0.073493 
 -0.021623 0.370636 0.050651 
 -0.027864 0.387370 0.052813 
 -0.034104 0.404102 0.054977 
 -0.040344 0.420834 0.057139 
 -0.046584 0.437567 0.059302 
 -0.052825 0.454300 0.061464 
 -0.045878 0.509050 -0.124210 
 -0.051991 0.525443 -0.122091 
 -0.058106 0.541836 -0.119972 
 -0.062410 0.563163 -0.142915 
 -0.068507 0.579511 -0.140801 
 -0.074605 0.595860 -0.138688 
 -0.080702 0.612208 -0.136575 
 -0.086799 0.628556 -0.134462 
 -0.092896 0.644904 -0.132350 
 -0.098037 0.663584 -0.142785 
 -0.102199 0.684526 -0.165779 
 -0.110214 0.696235 -0.138564 
 -0.114342 0.717087 -0.161569 
 -0.120415 0.733367 -0.159465 
 -0.126486 0.749648 -0.157362 
 -0.132557 0.765928 -0.155256 
 -0.140657 0.777863 -0.128013 
 -0.146745 0.794189 -0.125903 
 -0.152834 0.810514 -0.123794 
 -0.159962 0.824735 -0.109105 
 -0.174442 0.824425 -0.006345 
 -0.180607 0.840954 -0.004209 
 -0.184642 0.861558 -0.027246 
 -0.190789 0.878041 -0.025115 
 0.346110 -0.701496 0.001695 
 0.339810 -0.684605 0.003879 
 0.334202 -0.659644 -0.018594 
 0.328626 -0.634772 -0.041078 
 0.322361 -0.617972 -0.038907 
 0.316096 -0.601172 -0.036735 
 0.310209 -0.580427 -0.046904 
 0.303952 -0.563648 -0.044735 
 0.297694 -0.546871 -0.042567 
 0.292247 -0.522339 -0.065096 
 0.286006 -0.505607 -0.062933 
 0.279766 -0.488875 -0.060769 
 0.273525 -0.472141 -0.058607 
 0.266409 -0.462982 -0.031724 
 0.260151 -0.446204 -0.029555 
 0.253894 -0.429426 -0.027387 
 0.247174 -0.416367 -0.012849 
 0.240907 -0.399567 -0.010677 
 0.233681 -0.390113 0.016245 
 0.227399 -0.373267 0.018422 
 0.221117 -0.356421 0.020599 
 0.214834 -0.339576 0.022777 
 0.208552 -0.322730 0.024954 
 0.202269 -0.305884 0.027131 
 0.195986 -0.289039 0.029309 
 0.189704 -0.272193 0.031486 
 0.183421 -0.255347 0.033663 
 0.177139 -0.238502 0.035841 
 0.169727 -0.228550 0.062826 
 0.162854 -0.215084 0.077416 
 0.156547 -0.198171 0.079603 
 0.150238 -0.181257 0.081789 
 0.142734 -0.171058 0.108806 
 0.136409 -0.154098 0.110999 
 0.130085 -0.137140 0.113191 
 0.123760 -0.120181 0.115383 
 0.117435 -0.103223 0.117575 
 0.111111 -0.086263 0.119766 
 0.104786 -0.069305 0.121958 
 0.098461 -0.052347 0.124151 
 0.093468 -0.029036 0.101464 
 0.087161 -0.012122 0.103650 
 0.080853 0.004791 0.105836 
 0.074545 0.021705 0.108023 
 0.068238 0.038618 0.110209 
 0.061929 0.055533 0.112395 
 0.055622 0.072446 0.114581 
 0.050038 0.092376 0.104307 
 0.043739 0.109268 0.106491 
 0.037439 0.126158 0.108674 
 0.032641 0.148949 0.085921 
 0.027876 0.171649 0.063155 
 0.020075 0.182641 0.090276 
 0.015344 0.205250 0.067498 
 0.009078 0.222050 0.069670 
 0.002813 0.238852 0.071841 
 -0.003452 0.255652 0.074014 
 -0.008909 0.275243 0.063696 
 -0.015984 0.289253 0.078356 
 -0.021423 0.308799 0.068033 
 -0.027681 0.325577 0.070203 
 -0.033938 0.342354 0.072371 
 -0.040196 0.359133 0.074539 
 -0.046452 0.375911 0.076708 
 -0.050973 0.397955 0.053858 
 -0.057213 0.414687 0.056020 
 -0.063454 0.431421 0.058183 
 -0.066121 0.458414 0.010274 
 -0.066012 0.492857 -0.075221 
 -0.069430 0.516901 -0.110662 
 -0.074633 0.535815 -0.121068 
 -0.080746 0.552208 -0.118949 
 -0.086860 0.568601 -0.116829 
 -0.092975 0.584995 -0.114710 
 -0.099088 0.601388 -0.112592 
 -0.103280 0.622550 -0.135555 
 -0.109377 0.638899 -0.133442 
 -0.115474 0.655247 -0.131329 
 -0.120584 0.673912 -0.141766 
 -0.127668 0.687943 -0.127103 
 -0.130755 0.711106 -0.162658 
 -0.135815 0.729636 -0.173113 
 -0.141879 0.745894 -0.171011 
 -0.147943 0.762152 -0.168910 
 -0.154005 0.778408 -0.166809 
 -0.161114 0.792508 -0.152136 
 -0.169293 0.804517 -0.124885 
 -0.175382 0.820843 -0.122775 
 -0.179329 0.841350 -0.145823 
 -0.185401 0.857630 -0.143719 
 -0.196910 0.863684 -0.078689 
 -0.207408 0.871986 -0.026217 
 0.329080 -0.707701 0.000566 
 0.322782 -0.690810 0.002750 
 0.317218 -0.665832 -0.019721 
 0.311689 -0.640944 -0.042202 
 0.305424 -0.624144 -0.040031 
 0.299158 -0.607344 -0.037859 
 0.293294 -0.586590 -0.048026 
 0.287036 -0.569812 -0.045857 
 0.280780 -0.553034 -0.043689 
 0.274523 -0.536257 -0.041520 
 0.269137 -0.511754 -0.064051 
 0.262009 -0.502701 -0.037182 
 0.255751 -0.485923 -0.035014 
 0.249494 -0.469146 -0.032845 
 0.242767 -0.456140 -0.018315 
 0.236502 -0.439339 -0.016144 
 0.230235 -0.422539 -0.013973 
 0.223970 -0.405738 -0.011800 
 0.216699 -0.396301 0.015118 
 0.210416 -0.379456 0.017295 
 0.204133 -0.362609 0.019473 
 0.197851 -0.345764 0.021650 
 0.191568 -0.328919 0.023828 
 0.184196 -0.319210 0.050781 
 0.177896 -0.302319 0.052964 
 0.171597 -0.285428 0.055147 
 0.165297 -0.268537 0.057331 
 0.158997 -0.251646 0.059514 
 0.152111 -0.238211 0.074099 
 0.145803 -0.221297 0.076285 
 0.138286 -0.211204 0.103288 
 0.131961 -0.194246 0.105480 
 0.125637 -0.177287 0.107673 
 0.119312 -0.160329 0.109865 
 0.112987 -0.143369 0.112057 
 0.106663 -0.126411 0.114249 
 0.100338 -0.109452 0.116440 
 0.094013 -0.092493 0.118632 
 0.087689 -0.075535 0.120825 
 0.081364 -0.058576 0.123017 
 0.075039 -0.041618 0.125209 
 0.068715 -0.024658 0.127401 
 0.062390 -0.007700 0.129592 
 0.057493 0.015491 0.106892 
 0.051186 0.032406 0.109078 
 0.044878 0.049319 0.111264 
 0.038570 0.066233 0.113450 
 0.033010 0.086172 0.103178 
 0.026711 0.103063 0.105362 
 0.020411 0.119954 0.107545 
 0.014112 0.136845 0.109728 
 0.009375 0.159607 0.086972 
 0.003092 0.176452 0.089149 
 -0.001593 0.199078 0.066375 
 -0.007859 0.215880 0.068547 
 -0.014124 0.232680 0.070718 
 -0.020391 0.249480 0.072890 
 -0.025823 0.269080 0.062574 
 -0.032081 0.285858 0.064743 
 -0.038338 0.302636 0.066911 
 -0.044596 0.319414 0.069080 
 -0.050852 0.336191 0.071248 
 -0.057110 0.352970 0.073418 
 -0.061602 0.375076 0.050576 
 -0.067842 0.391808 0.052738 
 -0.074083 0.408541 0.054901 
 -0.080324 0.425274 0.057065 
 -0.081066 0.457448 -0.015872 
 -0.082632 0.486801 -0.076324 
 -0.085979 0.510870 -0.111761 
 -0.091160 0.529793 -0.122164 
 -0.097274 0.546186 -0.120045 
 -0.103387 0.562580 -0.117926 
 -0.109502 0.578973 -0.115808 
 -0.115615 0.595366 -0.113688 
 -0.119762 0.616546 -0.136648 
 -0.127843 0.628153 -0.109450 
 -0.131956 0.649242 -0.132423 
 -0.138053 0.665591 -0.130309 
 -0.144150 0.681939 -0.128196 
 -0.147169 0.705125 -0.163747 
 -0.152206 0.723664 -0.174200 
 -0.158269 0.739922 -0.172099 
 -0.164332 0.756178 -0.169998 
 -0.170396 0.772436 -0.167895 
 -0.177527 0.786528 -0.153225 
 -0.183599 0.802808 -0.151121 
 -0.189671 0.819089 -0.149017 
 -0.195742 0.835369 -0.146912 
 -0.201814 0.851649 -0.144808 
 -0.206776 0.869983 -0.155287 
 -0.212838 0.886241 -0.153186 
 0.312052 -0.713905 -0.000564 
 0.305753 -0.697015 0.001620 
 0.300236 -0.672020 -0.020847 
 0.294752 -0.647116 -0.043325 
 0.288486 -0.630316 -0.041154 
 0.282220 -0.613515 -0.038982 
 0.276380 -0.592754 -0.049147 
 0.270122 -0.575975 -0.046979 
 0.263423 -0.563113 -0.032468 
 0.257609 -0.542420 -0.042642 
 0.251351 -0.525642 -0.040473 
 0.245094 -0.508864 -0.038305 
 0.238836 -0.492086 -0.036135 
 0.232095 -0.479112 -0.021610 
 0.225830 -0.462311 -0.019438 
 0.219564 -0.445511 -0.017267 
 0.212281 -0.436181 0.009637 
 0.205998 -0.419334 0.011814 
 0.199715 -0.402489 0.013992 
 0.192364 -0.392979 0.040919 
 0.186064 -0.376087 0.043101 
 0.179766 -0.359197 0.045284 
 0.173466 -0.342305 0.047468 
 0.166599 -0.328992 0.062038 
 0.160290 -0.312079 0.064224 
 0.153983 -0.295164 0.066410 
 0.147675 -0.278251 0.068596 
 0.141367 -0.261337 0.070782 
 0.135060 -0.244424 0.072969 
 0.128751 -0.227510 0.075154 
 0.122444 -0.210597 0.077340 
 0.116136 -0.193684 0.079526 
 0.109828 -0.176770 0.081713 
 0.102215 -0.166558 0.108731 
 0.097212 -0.142942 0.086085 
 0.090905 -0.126029 0.088271 
 0.083241 -0.115682 0.115307 
 0.076916 -0.098724 0.117499 
 0.070592 -0.081764 0.119691 
 0.064267 -0.064806 0.121883 
 0.057942 -0.047847 0.124074 
 0.051618 -0.030888 0.126266 
 0.045293 -0.013929 0.128459 
 0.040442 0.009279 0.105760 
 0.034135 0.026193 0.107947 
 0.027826 0.043106 0.110133 
 0.021519 0.060019 0.112319 
 0.015210 0.076933 0.114505 
 0.008903 0.093846 0.116692 
 0.003383 0.113749 0.106415 
 -0.002917 0.130640 0.108598 
 -0.009216 0.147531 0.110782 
 -0.015516 0.164421 0.112965 
 -0.020173 0.187110 0.090200 
 -0.026455 0.203956 0.092377 
 -0.031062 0.226508 0.069594 
 -0.039021 0.237647 0.096732 
 -0.043593 0.260109 0.073938 
 -0.049860 0.276909 0.076110 
 -0.056125 0.293709 0.078281 
 -0.061510 0.313250 0.067958 
 -0.067767 0.330028 0.070127 
 -0.074025 0.346807 0.072295 
 -0.080282 0.363584 0.074464 
 -0.084712 0.385662 0.051619 
 -0.090951 0.402394 0.053783 
 -0.093469 0.429545 0.005897 
 -0.097798 0.451352 -0.016981 
 -0.098302 0.483305 -0.089944 
 -0.102529 0.504840 -0.112858 
 -0.107687 0.523771 -0.123260 
 -0.113801 0.540164 -0.121141 
 -0.119914 0.556558 -0.119022 
 -0.126029 0.572951 -0.116904 
 -0.132142 0.589345 -0.114785 
 -0.138257 0.605738 -0.112665 
 -0.144370 0.622132 -0.110546 
 -0.150484 0.638525 -0.108427 
 -0.154534 0.659585 -0.131402 
 -0.160631 0.675933 -0.129289 
 -0.163582 0.699146 -0.164836 
 -0.168596 0.717692 -0.175287 
 -0.174660 0.733950 -0.173186 
 -0.180723 0.750206 -0.171084 
 -0.186786 0.766464 -0.168983 
 -0.190668 0.787072 -0.192017 
 -0.198913 0.798980 -0.164780 
 -0.204976 0.815238 -0.162679 
 -0.211039 0.831496 -0.160577 
 -0.218227 0.845669 -0.145897 
 -0.223165 0.864011 -0.156375 
 -0.229229 0.880269 -0.154273 
 0.295024 -0.720111 -0.001693 
 0.289535 -0.695054 -0.024151 
 0.284080 -0.670088 -0.046620 
 0.277814 -0.653288 -0.044449 
 0.271548 -0.636487 -0.042278 
 0.265283 -0.619687 -0.040106 
 0.259018 -0.602887 -0.037935 
 0.252751 -0.586085 -0.035762 
 0.246486 -0.569285 -0.033591 
 0.240693 -0.548583 -0.043763 
 0.234436 -0.531806 -0.041595 
 0.228179 -0.515027 -0.039426 
 0.221424 -0.502084 -0.024905 
 0.215158 -0.485282 -0.022734 
 0.208892 -0.468482 -0.020562 
 0.202626 -0.451682 -0.018391 
 0.195297 -0.442369 0.008511 
 0.189015 -0.425524 0.010688 
 0.182732 -0.408677 0.012865 
 0.176449 -0.391832 0.015043 
 0.169036 -0.382292 0.041972 
 0.162736 -0.365401 0.044155 
 0.156437 -0.348510 0.046339 
 0.149547 -0.335204 0.060906 
 0.143239 -0.318291 0.063093 
 0.136931 -0.301377 0.065279 
 0.130624 -0.284464 0.067465 
 0.124316 -0.267551 0.069651 
 0.118008 -0.250637 0.071837 
 0.111700 -0.233724 0.074024 
 0.104093 -0.223664 0.101021 
 0.099084 -0.199897 0.078395 
 0.091443 -0.189746 0.105404 
 0.085119 -0.172788 0.107596 
 0.078794 -0.155829 0.109788 
 0.072469 -0.138870 0.111981 
 0.066145 -0.121912 0.114173 
 0.059820 -0.104952 0.116365 
 0.053494 -0.087994 0.118557 
 0.047170 -0.071035 0.120748 
 0.040845 -0.054077 0.122940 
 0.034520 -0.037117 0.125133 
 0.028196 -0.020159 0.127325 
 0.021871 -0.003201 0.129517 
 0.015546 0.013759 0.131709 
 0.010775 0.036893 0.109002 
 0.004467 0.053806 0.111188 
 -0.001841 0.070720 0.113374 
 -0.008148 0.087633 0.115560 
 -0.014457 0.104547 0.117747 
 -0.020764 0.121460 0.119933 
 -0.026245 0.141327 0.109653 
 -0.032544 0.158217 0.111836 
 -0.038844 0.175107 0.114019 
 -0.043439 0.197767 0.091251 
 -0.049721 0.214613 0.093428 
 -0.056004 0.231459 0.095606 
 -0.062287 0.248304 0.097783 
 -0.068569 0.265150 0.099960 
 -0.073062 0.287539 0.077157 
 -0.079327 0.304339 0.079330 
 -0.084682 0.323865 0.069005 
 -0.090940 0.340643 0.071174 
 -0.097196 0.357421 0.073342 
 -0.103454 0.374198 0.075511 
 -0.107821 0.396247 0.052664 
 -0.110247 0.423432 0.004784 
 -0.114530 0.445255 -0.018091 
 -0.112956 0.482393 -0.116078 
 -0.118100 0.501355 -0.126475 
 -0.124214 0.517748 -0.124356 
 -0.130328 0.534141 -0.122237 
 -0.136441 0.550535 -0.120118 
 -0.142556 0.566928 -0.118000 
 -0.148670 0.583322 -0.115881 
 -0.152724 0.604535 -0.138834 
 -0.160898 0.616110 -0.111643 
 -0.167011 0.632503 -0.109523 
 -0.171016 0.653579 -0.132496 
 -0.177113 0.669928 -0.130383 
 -0.179995 0.693165 -0.165925 
 -0.184987 0.711720 -0.176374 
 -0.191050 0.727976 -0.174273 
 -0.197113 0.744234 -0.172172 
 -0.203177 0.760492 -0.170069 
 -0.209240 0.776750 -0.167968 
 -0.213059 0.797329 -0.191005 
 -0.219105 0.813542 -0.188910 
 -0.227430 0.825523 -0.161664 
 -0.233493 0.841781 -0.159563 
 -0.237244 0.862180 -0.182624 
 -0.243291 0.878392 -0.180528 
 0.272552 -0.701242 -0.025277 
 0.267142 -0.676260 -0.047744 
 0.260877 -0.659459 -0.045572 
 0.254611 -0.642659 -0.043400 
 0.248346 -0.625858 -0.041229 
 0.242080 -0.609057 -0.039058 
 0.235814 -0.592257 -0.036886 
 0.229549 -0.575457 -0.034715 
 0.223282 -0.558656 -0.032543 
 0.217017 -0.541856 -0.030372 
 0.210752 -0.525056 -0.028199 
 0.203444 -0.515939 -0.001325 
 0.198220 -0.491454 -0.023857 
 0.190879 -0.482249 0.003029 
 0.184596 -0.465402 0.005207 
 0.178314 -0.448557 0.007384 
 0.172031 -0.431712 0.009561 
 0.165749 -0.414865 0.011739 
 0.158306 -0.405388 0.038660 
 0.152008 -0.388497 0.040842 
 0.145708 -0.371606 0.043025 
 0.139409 -0.354714 0.045209 
 0.133109 -0.337824 0.047392 
 0.126187 -0.324504 0.061961 
 0.119880 -0.307591 0.064148 
 0.113571 -0.290677 0.066334 
 0.107264 -0.273764 0.068520 
 0.100957 -0.256850 0.070706 
 0.093320 -0.246852 0.097695 
 0.086996 -0.229894 0.099887 
 0.080671 -0.212934 0.102078 
 0.074346 -0.195976 0.104270 
 0.068022 -0.179018 0.106463 
 0.061697 -0.162058 0.108655 
 0.055372 -0.145100 0.110847 
 0.049048 -0.128141 0.113039 
 0.042723 -0.111183 0.115230 
 0.036398 -0.094223 0.117422 
 0.030074 -0.077265 0.119615 
 0.023749 -0.060307 0.121807 
 0.017423 -0.043348 0.123999 
 0.011099 -0.026389 0.126191 
 0.004774 -0.009430 0.128382 
 -0.001551 0.007528 0.130574 
 -0.007875 0.024488 0.132767 
 -0.014200 0.041446 0.134959 
 -0.018893 0.064507 0.112243 
 -0.025200 0.081420 0.114429 
 -0.031508 0.098333 0.116615 
 -0.037816 0.115248 0.118802 
 -0.044124 0.132161 0.120988 
 -0.050431 0.149075 0.123174 
 -0.055873 0.168903 0.112889 
 -0.062171 0.185794 0.115073 
 -0.068471 0.202685 0.117256 
 -0.074770 0.219576 0.119439 
 -0.081070 0.236466 0.121622 
 -0.087370 0.253358 0.123806 
 -0.089999 0.281367 0.076034 
 -0.096266 0.298167 0.078206 
 -0.102531 0.314968 0.080377 
 -0.108796 0.331768 0.082549 
 -0.115063 0.348568 0.084720 
 -0.120369 0.368035 0.074389 
 -0.126626 0.384814 0.076557 
 -0.129954 0.409455 0.041199 
 -0.126339 0.452152 -0.081761 
 -0.129507 0.476364 -0.117175 
 -0.134627 0.495333 -0.127572 
 -0.140742 0.511726 -0.125452 
 -0.146855 0.528120 -0.123333 
 -0.152970 0.544513 -0.121214 
 -0.159083 0.560906 -0.119095 
 -0.165197 0.577300 -0.116977 
 -0.171310 0.593693 -0.114858 
 -0.177425 0.610087 -0.112739 
 -0.183538 0.626480 -0.110620 
 -0.187498 0.647574 -0.133588 
 -0.193595 0.663922 -0.131475 
 -0.198597 0.682574 -0.141912 
 -0.202481 0.703465 -0.164908 
 -0.208552 0.719745 -0.162804 
 -0.213504 0.738262 -0.173258 
 -0.219567 0.754520 -0.171157 
 -0.225630 0.770778 -0.169056 
 -0.228258 0.793543 -0.204657 
 -0.234297 0.809733 -0.202565 
 -0.241496 0.823800 -0.187898 
 -0.247542 0.840011 -0.185803 
 -0.253589 0.856224 -0.183708 
 -0.259635 0.872436 -0.181612 
 0.255569 -0.707431 -0.026404 
 0.249286 -0.690584 -0.024226 
 0.243940 -0.665631 -0.046696 
 0.237674 -0.648830 -0.044524 
 0.231408 -0.632029 -0.042353 
 0.225142 -0.615229 -0.040182 
 0.218877 -0.598429 -0.038009 
 0.212611 -0.581628 -0.035838 
 0.206345 -0.564828 -0.033666 
 0.200080 -0.548028 -0.031495 
 0.192744 -0.538974 -0.004629 
 0.186461 -0.522128 -0.002452 
 0.180178 -0.505282 -0.000274 
 0.173896 -0.488437 0.001903 
 0.167613 -0.471590 0.004080 
 0.161330 -0.454745 0.006258 
 0.155048 -0.437900 0.008435 
 0.148766 -0.421053 0.010612 
 0.142484 -0.404208 0.012790 
 0.134978 -0.394702 0.039713 
 0.128679 -0.377810 0.041896 
 0.121751 -0.364544 0.056459 
 0.115444 -0.347631 0.058645 
 0.109136 -0.330717 0.060831 
 0.102828 -0.313804 0.063016 
 0.096520 -0.296890 0.065203 
 0.088872 -0.287000 0.092177 
 0.083905 -0.263064 0.069575 
 0.076223 -0.253082 0.096560 
 0.069898 -0.236124 0.098752 
 0.063574 -0.219165 0.100945 
 0.057249 -0.202206 0.103137 
 0.050924 -0.185247 0.105329 
 0.044600 -0.168289 0.107521 
 0.038275 -0.151329 0.109713 
 0.031950 -0.134371 0.111904 
 0.025626 -0.117412 0.114097 
 0.019301 -0.100453 0.116289 
 0.012977 -0.083495 0.118481 
 0.006652 -0.066536 0.120673 
 0.000327 -0.049578 0.122865 
 -0.005998 -0.032618 0.125056 
 -0.012322 -0.015660 0.127248 
 -0.018647 0.001299 0.129441 
 -0.024971 0.018258 0.131633 
 -0.031297 0.035217 0.133825 
 -0.037622 0.052175 0.136017 
 -0.043947 0.069133 0.138208 
 -0.048560 0.092121 0.115485 
 -0.054867 0.109035 0.117670 
 -0.061174 0.125948 0.119857 
 -0.067483 0.142861 0.122043 
 -0.073790 0.159775 0.124229 
 -0.079201 0.179590 0.113944 
 -0.085500 0.196480 0.116127 
 -0.091800 0.213370 0.118309 
 -0.096252 0.235928 0.095530 
 -0.104398 0.247153 0.122676 
 -0.108817 0.269619 0.099885 
 -0.113203 0.291996 0.077083 
 -0.119468 0.308796 0.079254 
 -0.125735 0.325596 0.081426 
 -0.132000 0.342397 0.083597 
 -0.138265 0.359198 0.085769 
 -0.143540 0.378651 0.075436 
 -0.135810 0.432242 -0.097502 
 -0.141949 0.448703 -0.095374 
 -0.145041 0.472918 -0.130787 
 -0.151154 0.489311 -0.128668 
 -0.157269 0.505704 -0.126549 
 -0.163382 0.522098 -0.124429 
 -0.169497 0.538491 -0.122310 
 -0.175610 0.554885 -0.120191 
 -0.181724 0.571278 -0.118073 
 -0.187838 0.587672 -0.115954 
 -0.193952 0.604065 -0.113835 
 -0.200065 0.620458 -0.111716 
 -0.203978 0.641568 -0.134682 
 -0.212293 0.653245 -0.107478 
 -0.216173 0.674264 -0.130456 
 -0.218894 0.697484 -0.165997 
 -0.228367 0.706961 -0.126229 
 -0.234464 0.723309 -0.124116 
 -0.240561 0.739657 -0.122004 
 -0.250136 0.749406 -0.082201 
 -0.271439 0.737517 0.083279 
 -0.277671 0.754227 0.085438 
 -0.257842 0.817843 -0.188983 
 -0.263888 0.834056 -0.186887 
 0.238585 -0.713619 -0.027530 
 0.232302 -0.696772 -0.025353 
 0.226021 -0.679927 -0.023175 
 0.219738 -0.663082 -0.020998 
 0.214471 -0.638201 -0.043476 
 0.207173 -0.629390 -0.016642 
 0.200891 -0.612545 -0.014465 
 0.195673 -0.587800 -0.036962 
 0.189408 -0.571000 -0.034790 
 0.182043 -0.562007 -0.007933 
 0.176876 -0.537398 -0.030447 
 0.169478 -0.528316 -0.003578 
 0.163195 -0.511470 -0.001401 
 0.156913 -0.494625 0.000777 
 0.150631 -0.477779 0.002954 
 0.144348 -0.460933 0.005131 
 0.138066 -0.444088 0.007309 
 0.131783 -0.427242 0.009486 
 0.124250 -0.417798 0.036400 
 0.117950 -0.400906 0.038583 
 0.111008 -0.387671 0.053141 
 0.104700 -0.370757 0.055327 
 0.098393 -0.353844 0.057514 
 0.092084 -0.336930 0.059700 
 0.085777 -0.320017 0.061886 
 0.079470 -0.303104 0.064072 
 0.071775 -0.293229 0.091043 
 0.065451 -0.276271 0.093234 
 0.059126 -0.259312 0.095426 
 0.052801 -0.242353 0.097619 
 0.046477 -0.225395 0.099811 
 0.040152 -0.208435 0.102003 
 0.033827 -0.191477 0.104195 
 0.027503 -0.174518 0.106386 
 0.021178 -0.157559 0.108578 
 0.014853 -0.140600 0.110771 
 0.008529 -0.123642 0.112963 
 0.002204 -0.106684 0.115155 
 -0.004121 -0.089724 0.117347 
 -0.010445 -0.072766 0.119538 
 -0.016770 -0.055807 0.121730 
 -0.024734 -0.045210 0.148794 
 -0.031076 -0.028205 0.150992 
 -0.035744 -0.004931 0.128307 
 -0.042069 0.012027 0.130499 
 -0.048393 0.028987 0.132691 
 -0.054718 0.045945 0.134882 
 -0.061043 0.062904 0.137075 
 -0.067367 0.079863 0.139267 
 -0.071919 0.102821 0.116540 
 -0.078227 0.119735 0.118726 
 -0.084534 0.136648 0.120913 
 -0.090843 0.153562 0.123099 
 -0.097150 0.170475 0.125284 
 -0.102528 0.190276 0.114997 
 -0.108828 0.207166 0.117180 
 -0.115127 0.224057 0.119364 
 -0.121427 0.240948 0.121547 
 -0.127726 0.257839 0.123730 
 -0.130140 0.285824 0.075959 
 -0.136407 0.302624 0.078130 
 -0.142672 0.319426 0.080302 
 -0.148937 0.336226 0.082473 
 -0.155203 0.353026 0.084646 
 -0.161469 0.369827 0.086817 
 -0.149341 0.434109 -0.136120 
 -0.155454 0.450502 -0.134001 
 -0.161568 0.466896 -0.131883 
 -0.167682 0.483289 -0.129764 
 -0.173796 0.499683 -0.127645 
 -0.179909 0.516076 -0.125526 
 -0.186024 0.532469 -0.123407 
 -0.192137 0.548863 -0.121287 
 -0.198251 0.565256 -0.119169 
 -0.204366 0.581650 -0.117050 
 -0.210479 0.598043 -0.114931 
 -0.216593 0.614437 -0.112812 
 -0.220460 0.635562 -0.135775 
 -0.228821 0.647223 -0.108575 
 -0.234934 0.663617 -0.106456 
 -0.241049 0.680010 -0.104336 
 -0.247162 0.696404 -0.102217 
 -0.253276 0.712797 -0.100098 
 -0.260563 0.726959 -0.085421 
 -0.266685 0.743375 -0.083300 
 -0.288285 0.731379 0.082161 
 -0.294517 0.748088 0.084321 
 0.221603 -0.719807 -0.028656 
 0.215320 -0.702960 -0.026479 
 0.209038 -0.686115 -0.024302 
 0.202755 -0.669270 -0.022124 
 0.197533 -0.644373 -0.044600 
 0.191267 -0.627573 -0.042428 
 0.185002 -0.610772 -0.040257 
 0.178736 -0.593972 -0.038084 
 0.172471 -0.577171 -0.035913 
 0.165059 -0.568196 -0.009059 
 0.159939 -0.543570 -0.031570 
 0.152495 -0.534504 -0.004705 
 0.146213 -0.517658 -0.002527 
 0.139930 -0.500813 -0.000350 
 0.133647 -0.483967 0.001827 
 0.127365 -0.467121 0.004005 
 0.121082 -0.450276 0.006182 
 0.114800 -0.433430 0.008360 
 0.107221 -0.424002 0.035271 
 0.100264 -0.410797 0.049824 
 0.093957 -0.393884 0.052010 
 0.087649 -0.376970 0.054196 
 0.081341 -0.360057 0.056382 
 0.075033 -0.343144 0.058569 
 0.068725 -0.326230 0.060755 
 0.062417 -0.309317 0.062941 
 0.056110 -0.292402 0.065127 
 0.048353 -0.282501 0.092101 
 0.042029 -0.265541 0.094293 
 0.035704 -0.248583 0.096485 
 0.029379 -0.231624 0.098677 
 0.023055 -0.214665 0.100868 
 0.016730 -0.197706 0.103060 
 0.010405 -0.180748 0.105253 
 0.004081 -0.163790 0.107445 
 -0.002244 -0.146830 0.109637 
 -0.008569 -0.129872 0.111829 
 -0.014893 -0.112913 0.114021 
 -0.022853 -0.102468 0.141064 
 -0.029193 -0.085464 0.143262 
 -0.035535 -0.068460 0.145459 
 -0.041877 -0.051456 0.147657 
 -0.048218 -0.034452 0.149855 
 -0.052841 -0.011161 0.127173 
 -0.059166 0.005798 0.129364 
 -0.065490 0.022757 0.131557 
 -0.071815 0.039716 0.133749 
 -0.078140 0.056674 0.135941 
 -0.084465 0.073634 0.138133 
 -0.088970 0.096608 0.115409 
 -0.095278 0.113521 0.117595 
 -0.101586 0.130435 0.119781 
 -0.107893 0.147348 0.121968 
 -0.114201 0.164262 0.124154 
 -0.119557 0.184071 0.113868 
 -0.125857 0.200961 0.116050 
 -0.132157 0.217853 0.118234 
 -0.138455 0.234743 0.120417 
 -0.144755 0.251635 0.122600 
 -0.149065 0.274088 0.099809 
 -0.155348 0.290935 0.101988 
 -0.161631 0.307780 0.104165 
 -0.167913 0.324626 0.106343 
 -0.174196 0.341472 0.108520 
 -0.180479 0.358317 0.110697 
 -0.166912 0.425441 -0.124713 
 -0.173035 0.441857 -0.122591 
 -0.178095 0.460873 -0.132979 
 -0.182069 0.482424 -0.155886 
 -0.188166 0.498772 -0.153773 
 -0.194264 0.515120 -0.151660 
 -0.200361 0.531468 -0.149547 
 -0.206457 0.547817 -0.147433 
 -0.212554 0.564165 -0.145320 
 -0.220893 0.575628 -0.118146 
 -0.228135 0.589601 -0.103494 
 -0.234257 0.606017 -0.101372 
 -0.239234 0.624808 -0.111789 
 -0.246502 0.638849 -0.097129 
 -0.254950 0.650605 -0.069915 
 -0.258746 0.671681 -0.092884 
 -0.267229 0.683529 -0.065660 
 -0.270991 0.704513 -0.088640 
 -0.277113 0.720930 -0.086519 
 -0.296490 0.712963 0.053764 
 -0.305132 0.725240 0.081044 
 -0.311364 0.741950 0.083204 
 -0.317596 0.758661 0.085363 
 0.204620 -0.725995 -0.029783 
 0.198337 -0.709150 -0.027606 
 0.192054 -0.692303 -0.025428 
 0.186862 -0.667345 -0.047894 
 0.180595 -0.650545 -0.045723 
 0.174330 -0.633744 -0.043551 
 0.168064 -0.616943 -0.041380 
 0.161798 -0.600143 -0.039208 
 0.155533 -0.583342 -0.037037 
 0.149267 -0.566542 -0.034865 
 0.143002 -0.549742 -0.032694 
 0.136735 -0.532941 -0.030523 
 0.129229 -0.523847 -0.003654 
 0.124205 -0.499341 -0.026179 
 0.116664 -0.490155 0.000701 
 0.110382 -0.473310 0.002878 
 0.104099 -0.456464 0.005056 
 0.097816 -0.439618 0.007233 
 0.090191 -0.430207 0.034141 
 0.083213 -0.417011 0.048694 
 0.076904 -0.400097 0.050880 
 0.070597 -0.383184 0.053065 
 0.064290 -0.366270 0.055251 
 0.057981 -0.349357 0.057437 
 0.051674 -0.332443 0.059624 
 0.043906 -0.322647 0.086583 
 0.039058 -0.298617 0.063996 
 0.031256 -0.288730 0.090967 
 0.024932 -0.271771 0.093159 
 0.018607 -0.254812 0.095351 
 0.012282 -0.237854 0.097542 
 0.005958 -0.220894 0.099734 
 -0.000367 -0.203936 0.101927 
 -0.006692 -0.186978 0.104119 
 -0.014628 -0.176730 0.131135 
 -0.020970 -0.159725 0.133333 
 -0.025666 -0.136101 0.110694 
 -0.033653 -0.125717 0.137728 
 -0.039995 -0.108714 0.139927 
 -0.046337 -0.091710 0.142125 
 -0.052678 -0.074706 0.144323 
 -0.059019 -0.057702 0.146520 
 -0.065361 -0.040698 0.148718 
 -0.069938 -0.017390 0.126038 
 -0.078044 -0.006690 0.153114 
 -0.082588 0.016528 0.130423 
 -0.088912 0.033486 0.132615 
 -0.095237 0.050445 0.134807 
 -0.101562 0.067404 0.136999 
 -0.106021 0.090395 0.114278 
 -0.112330 0.107308 0.116464 
 -0.118637 0.124222 0.118650 
 -0.124946 0.141135 0.120836 
 -0.131253 0.158050 0.123023 
 -0.136586 0.177865 0.112738 
 -0.142885 0.194757 0.114921 
 -0.149185 0.211647 0.117105 
 -0.155484 0.228539 0.119288 
 -0.161784 0.245429 0.121471 
 -0.166049 0.267900 0.098683 
 -0.172332 0.284747 0.100860 
 -0.180682 0.296102 0.128021 
 -0.186981 0.312993 0.130204 
 -0.193281 0.329884 0.132388 
 -0.200639 0.344098 0.147070 
 -0.206947 0.361011 0.149257 
 -0.213255 0.377925 0.151443 
 -0.233659 0.360918 0.316245 
 -0.198551 0.476418 -0.156979 
 -0.204648 0.492766 -0.154867 
 -0.212964 0.504031 -0.127718 
 -0.220196 0.517906 -0.113079 
 -0.226318 0.534322 -0.110957 
 -0.234711 0.545792 -0.083782 
 -0.240850 0.562253 -0.081655 
 -0.246989 0.578714 -0.079527 
 -0.253128 0.595175 -0.077399 
 -0.256930 0.616402 -0.100347 
 -0.265407 0.628098 -0.073144 
 -0.272731 0.642221 -0.058472 
 -0.277685 0.661020 -0.068888 
 -0.285026 0.675189 -0.054211 
 -0.294807 0.684862 -0.014422 
 -0.303418 0.696919 0.012829 
 -0.312063 0.709066 0.040091 
 -0.318269 0.725708 0.042242 
 -0.324476 0.742350 0.044394 
 -0.330682 0.758993 0.046545 
 0.187636 -0.732183 -0.030909 
 0.181354 -0.715338 -0.028732 
 0.175071 -0.698491 -0.026555 
 0.168788 -0.681646 -0.024377 
 0.163658 -0.656716 -0.046847 
 0.157393 -0.639915 -0.044675 
 0.151126 -0.623115 -0.042504 
 0.144861 -0.606314 -0.040331 
 0.138595 -0.589514 -0.038160 
 0.132330 -0.572714 -0.035988 
 0.126064 -0.555913 -0.033817 
 0.119798 -0.539113 -0.031646 
 0.113533 -0.522313 -0.029474 
 0.107268 -0.505512 -0.027303 
 0.101001 -0.488711 -0.025131 
 0.093398 -0.479498 0.001752 
 0.087115 -0.462652 0.003929 
 0.080834 -0.445806 0.006107 
 0.072469 -0.440137 0.045376 
 0.066161 -0.423224 0.047562 
 0.059853 -0.406310 0.049749 
 0.053546 -0.389397 0.051935 
 0.047238 -0.372483 0.054121 
 0.040930 -0.355570 0.056307 
 0.033133 -0.345836 0.083257 
 0.028314 -0.321742 0.060679 
 0.020484 -0.311918 0.087641 
 0.014159 -0.294960 0.089833 
 0.007834 -0.278001 0.092024 
 0.001510 -0.261042 0.094216 
 -0.004815 -0.244083 0.096409 
 -0.011140 -0.227125 0.098601 
 -0.019088 -0.216984 0.125603 
 -0.023789 -0.193207 0.102985 
 -0.031772 -0.182976 0.129998 
 -0.038112 -0.165972 0.132196 
 -0.042763 -0.142331 0.109561 
 -0.050796 -0.131964 0.136592 
 -0.057137 -0.114960 0.138789 
 -0.063479 -0.097956 0.140987 
 -0.069821 -0.080952 0.143185 
 -0.076162 -0.063949 0.145384 
 -0.082504 -0.046944 0.147581 
 -0.088846 -0.029941 0.149779 
 -0.095186 -0.012936 0.151977 
 -0.101528 0.004067 0.154175 
 -0.106010 0.027257 0.131481 
 -0.112334 0.044215 0.133672 
 -0.118659 0.061173 0.135865 
 -0.124984 0.078133 0.138057 
 -0.129381 0.101095 0.115333 
 -0.135689 0.118008 0.117519 
 -0.141997 0.134923 0.119705 
 -0.148304 0.151836 0.121891 
 -0.154612 0.168750 0.124078 
 -0.160920 0.185663 0.126264 
 -0.167228 0.202577 0.128450 
 -0.173536 0.219490 0.130636 
 -0.178812 0.239225 0.120341 
 -0.183032 0.261712 0.097558 
 -0.191411 0.273006 0.124708 
 -0.197711 0.289898 0.126891 
 -0.204009 0.306788 0.129074 
 -0.211382 0.320971 0.143753 
 -0.217691 0.337885 0.145939 
 -0.226179 0.349472 0.173129 
 -0.234701 0.361150 0.200330 
 -0.242150 0.375538 0.215035 
 -0.251846 0.384779 0.254767 
 -0.260469 0.396729 0.282002 
 -0.266862 0.413868 0.284218 
 -0.240168 0.504294 -0.076620 
 -0.246316 0.520778 -0.074489 
 -0.252464 0.537262 -0.072358 
 -0.258612 0.553746 -0.070228 
 -0.264760 0.570231 -0.068097 
 -0.270906 0.586714 -0.065966 
 -0.275863 0.605590 -0.076372 
 -0.283202 0.619682 -0.061705 
 -0.289350 0.636166 -0.059574 
 -0.299147 0.645679 -0.019808 
 -0.305320 0.662231 -0.017668 
 -0.311493 0.678782 -0.015529 
 -0.320150 0.690822 0.011719 
 -0.328840 0.702953 0.038978 
 -0.335047 0.719595 0.041130 
 -0.341255 0.736238 0.043281 
 -0.347461 0.752880 0.045431 
 -0.353668 0.769522 0.047583 
 0.164370 -0.721526 -0.029858 
 0.158088 -0.704680 -0.027681 
 0.151806 -0.687834 -0.025504 
 0.146721 -0.662887 -0.047969 
 0.140454 -0.646087 -0.045798 
 0.134189 -0.629286 -0.043627 
 0.127924 -0.612486 -0.041455 
 0.121658 -0.595686 -0.039284 
 0.115392 -0.578886 -0.037112 
 0.109126 -0.562085 -0.034941 
 0.102861 -0.545284 -0.032768 
 0.096596 -0.528484 -0.030597 
 0.090329 -0.511683 -0.028426 
 0.084064 -0.494883 -0.026254 
 0.076416 -0.485686 0.000626 
 0.070133 -0.468840 0.002803 
 0.063851 -0.451994 0.004980 
 0.056135 -0.442617 0.031882 
 0.049110 -0.429437 0.046431 
 0.042803 -0.412523 0.048617 
 0.036494 -0.395610 0.050804 
 0.030187 -0.378697 0.052990 
 0.023878 -0.361782 0.055176 
 0.017571 -0.344869 0.057362 
 0.011263 -0.327955 0.059549 
 0.003387 -0.318148 0.086507 
 -0.002938 -0.301189 0.088698 
 -0.009263 -0.284231 0.090891 
 -0.015587 -0.267272 0.093083 
 -0.020276 -0.243388 0.070479 
 -0.026584 -0.226475 0.072665 
 -0.034561 -0.216395 0.099659 
 -0.042573 -0.206226 0.126664 
 -0.047211 -0.182478 0.104043 
 -0.055256 -0.172218 0.131059 
 -0.059860 -0.148560 0.108427 
 -0.066185 -0.131602 0.110619 
 -0.074280 -0.121206 0.137653 
 -0.080621 -0.104202 0.139850 
 -0.086963 -0.087198 0.142048 
 -0.093305 -0.070195 0.144246 
 -0.097808 -0.046808 0.121579 
 -0.105988 -0.036187 0.148641 
 -0.115137 -0.028620 0.188155 
 -0.118671 -0.002179 0.153038 
 -0.123107 0.021027 0.130346 
 -0.129431 0.037985 0.132539 
 -0.135756 0.054944 0.134731 
 -0.142081 0.071903 0.136923 
 -0.148405 0.088862 0.139115 
 -0.152740 0.111795 0.116389 
 -0.159048 0.128710 0.118574 
 -0.165356 0.145623 0.120760 
 -0.171663 0.162537 0.122947 
 -0.177972 0.179450 0.125133 
 -0.184279 0.196363 0.127319 
 -0.190587 0.213277 0.129505 
 -0.196895 0.230190 0.131691 
 -0.202140 0.249910 0.121396 
 -0.208440 0.266802 0.123579 
 -0.215819 0.280931 0.138250 
 -0.221039 0.300584 0.127945 
 -0.228434 0.314758 0.142623 
 -0.234742 0.331672 0.144809 
 -0.243275 0.343242 0.171995 
 -0.251843 0.354904 0.199192 
 -0.261575 0.364031 0.238908 
 -0.269081 0.378500 0.253623 
 -0.275455 0.395594 0.255832 
 -0.281830 0.412689 0.258042 
 -0.288206 0.429783 0.260252 
 -0.265279 0.509698 -0.050551 
 -0.271443 0.526227 -0.048414 
 -0.277608 0.542755 -0.046277 
 -0.283772 0.559284 -0.044141 
 -0.287524 0.580659 -0.067068 
 -0.293672 0.597143 -0.064938 
 -0.302265 0.608873 -0.037731 
 -0.308430 0.625402 -0.035594 
 -0.315834 0.639598 -0.020915 
 -0.322007 0.656151 -0.018775 
 -0.328180 0.672702 -0.016635 
 -0.336882 0.684726 0.010610 
 -0.343072 0.701322 0.012754 
 -0.349262 0.717919 0.014900 
 -0.355452 0.734517 0.017045 
 -0.361642 0.751114 0.019191 
 -0.370445 0.763408 0.046470 
 0.147388 -0.727714 -0.030985 
 0.139291 -0.723180 0.008136 
 0.132984 -0.706267 0.010322 
 0.129782 -0.669059 -0.049093 
 0.123517 -0.652259 -0.046922 
 0.117252 -0.635458 -0.044749 
 0.110986 -0.618658 -0.042578 
 0.104720 -0.601858 -0.040407 
 0.098455 -0.585057 -0.038235 
 0.092189 -0.568256 -0.036064 
 0.085923 -0.551456 -0.033892 
 0.079657 -0.534655 -0.031721 
 0.073392 -0.517855 -0.029549 
 0.067127 -0.501055 -0.027378 
 0.060860 -0.484254 -0.025207 
 0.054595 -0.467454 -0.023034 
 0.046867 -0.458182 0.003854 
 0.039106 -0.448821 0.030753 
 0.032059 -0.435650 0.045300 
 0.025750 -0.418737 0.047486 
 0.019443 -0.401823 0.049672 
 0.013135 -0.384910 0.051859 
 0.006827 -0.367995 0.054045 
 0.000520 -0.351082 0.056231 
 -0.005789 -0.334169 0.058417 
 -0.012096 -0.317255 0.060604 
 -0.018404 -0.300342 0.062790 
 -0.026360 -0.290461 0.089757 
 -0.031019 -0.266515 0.067162 
 -0.037328 -0.249602 0.069349 
 -0.043635 -0.232687 0.071534 
 -0.051659 -0.222626 0.098524 
 -0.057983 -0.205666 0.100717 
 -0.064308 -0.188708 0.102909 
 -0.073281 -0.181822 0.142332 
 -0.076957 -0.154790 0.107293 
 -0.085082 -0.144456 0.134318 
 -0.092331 -0.130743 0.148935 
 -0.098681 -0.113716 0.151135 
 -0.105031 -0.096690 0.153337 
 -0.111381 -0.079662 0.155538 
 -0.117731 -0.062636 0.157739 
 -0.124081 -0.045609 0.159939 
 -0.130431 -0.028583 0.162140 
 -0.136781 -0.011556 0.164341 
 -0.140204 0.014797 0.129213 
 -0.146529 0.031756 0.131405 
 -0.152853 0.048714 0.133597 
 -0.159178 0.065674 0.135789 
 -0.165503 0.082632 0.137980 
 -0.171827 0.099591 0.140173 
 -0.176100 0.122497 0.117444 
 -0.182407 0.139410 0.119630 
 -0.188716 0.156323 0.121816 
 -0.195023 0.173237 0.124003 
 -0.203451 0.184385 0.151133 
 -0.209775 0.201343 0.153325 
 -0.212870 0.226814 0.118082 
 -0.219169 0.243706 0.120266 
 -0.225469 0.260596 0.122449 
 -0.232870 0.274718 0.137119 
 -0.239178 0.291632 0.139305 
 -0.245485 0.308545 0.141491 
 -0.251793 0.325458 0.143678 
 -0.260372 0.337013 0.170861 
 -0.268987 0.348658 0.198055 
 -0.276480 0.363028 0.212758 
 -0.285153 0.374831 0.239974 
 -0.291519 0.391904 0.242180 
 -0.297886 0.408975 0.244386 
 -0.298322 0.438766 0.184013 
 -0.281942 0.503626 -0.051655 
 -0.288107 0.520155 -0.049518 
 -0.294271 0.536684 -0.047383 
 -0.300436 0.553213 -0.045246 
 -0.306600 0.569742 -0.043110 
 -0.310291 0.591088 -0.066040 
 -0.318929 0.602800 -0.038837 
 -0.325093 0.619330 -0.036700 
 -0.332520 0.633518 -0.022021 
 -0.338694 0.650071 -0.019882 
 -0.344867 0.666622 -0.017742 
 -0.353614 0.678629 0.009499 
 -0.359804 0.695226 0.011645 
 -0.363386 0.716277 -0.011323 
 -0.369558 0.732828 -0.009184 
 -0.375731 0.749380 -0.007045 
 0.130405 -0.733902 -0.032111 
 0.122867 -0.725280 -0.005308 
 0.117839 -0.700210 -0.027757 
 0.111557 -0.683365 -0.025579 
 0.106580 -0.658430 -0.048045 
 0.100315 -0.641630 -0.045873 
 0.094048 -0.624830 -0.043702 
 0.087783 -0.608028 -0.041531 
 0.081517 -0.591228 -0.039359 
 0.075251 -0.574428 -0.037188 
 0.068986 -0.557627 -0.035015 
 0.062720 -0.540827 -0.032844 
 0.056455 -0.524027 -0.030672 
 0.050188 -0.507226 -0.028501 
 0.043923 -0.490426 -0.026329 
 0.037658 -0.473625 -0.024158 
 0.029884 -0.464371 0.002727 
 0.023601 -0.447525 0.004905 
 0.015778 -0.438135 0.031807 
 0.009478 -0.421244 0.033990 
 0.003179 -0.404354 0.036173 
 -0.003121 -0.387462 0.038356 
 -0.010224 -0.374209 0.052914 
 -0.016532 -0.357295 0.055100 
 -0.022840 -0.340382 0.057286 
 -0.029148 -0.323468 0.059472 
 -0.035456 -0.306555 0.061659 
 -0.041763 -0.289642 0.063845 
 -0.048072 -0.272728 0.066031 
 -0.054379 -0.255815 0.068217 
 -0.060688 -0.238900 0.070404 
 -0.066995 -0.221987 0.072590 
 -0.075080 -0.211896 0.099583 
 -0.081405 -0.194938 0.101775 
 -0.087730 -0.177979 0.103967 
 -0.094054 -0.161021 0.106158 
 -0.103146 -0.154024 0.145596 
 -0.109497 -0.136998 0.147797 
 -0.115846 -0.119971 0.149997 
 -0.122197 -0.102945 0.152198 
 -0.128546 -0.085917 0.154399 
 -0.134897 -0.068890 0.156599 
 -0.141246 -0.051864 0.158800 
 -0.147597 -0.034838 0.161001 
 -0.152956 -0.014672 0.150763 
 -0.157301 0.008568 0.128079 
 -0.163626 0.025526 0.130271 
 -0.169950 0.042485 0.132463 
 -0.176275 0.059443 0.134654 
 -0.182600 0.076403 0.136847 
 -0.188924 0.093361 0.139039 
 -0.195249 0.110319 0.141231 
 -0.201574 0.127279 0.143423 
 -0.207898 0.144237 0.145615 
 -0.214223 0.161196 0.147806 
 -0.220548 0.178154 0.149999 
 -0.226872 0.195114 0.152191 
 -0.230998 0.217765 0.129430 
 -0.237306 0.234678 0.131615 
 -0.243613 0.251592 0.133802 
 -0.249922 0.268505 0.135988 
 -0.256229 0.285418 0.138174 
 -0.262538 0.302332 0.140360 
 -0.268845 0.319245 0.142546 
 -0.277470 0.330783 0.169727 
 -0.283794 0.347743 0.171919 
 -0.292471 0.359416 0.199116 
 -0.299996 0.373800 0.213819 
 -0.305154 0.393424 0.203512 
 -0.309093 0.415577 0.180687 
 -0.315418 0.432536 0.182879 
 -0.298607 0.497554 -0.052761 
 -0.304771 0.514083 -0.050624 
 -0.310936 0.530613 -0.048487 
 -0.317100 0.547142 -0.046351 
 -0.323265 0.563671 -0.044215 
 -0.326909 0.585032 -0.067143 
 -0.335594 0.596728 -0.039942 
 -0.343035 0.610886 -0.025266 
 -0.347922 0.629786 -0.035669 
 -0.355380 0.643989 -0.020988 
 -0.361554 0.660542 -0.018849 
 -0.367726 0.677094 -0.016709 
 -0.373899 0.693645 -0.014570 
 -0.380071 0.710197 -0.012430 
 -0.386245 0.726748 -0.010291 
 -0.392418 0.743300 -0.008152 
 0.105838 -0.731486 -0.006437 
 0.099538 -0.714594 -0.004254 
 0.094573 -0.689553 -0.026706 
 0.089642 -0.664602 -0.049169 
 0.083376 -0.647802 -0.046996 
 0.077803 -0.626994 -0.057151 
 0.070846 -0.614200 -0.042653 
 0.065289 -0.593438 -0.052814 
 0.058314 -0.580599 -0.038311 
 0.052049 -0.563799 -0.036139 
 0.045783 -0.546999 -0.033968 
 0.039517 -0.530198 -0.031796 
 0.033251 -0.513398 -0.029625 
 0.025466 -0.504250 -0.002754 
 0.019183 -0.487405 -0.000576 
 0.012901 -0.470559 0.001601 
 0.006619 -0.453713 0.003778 
 -0.001251 -0.444340 0.030678 
 -0.007550 -0.427450 0.032861 
 -0.013850 -0.410558 0.035044 
 -0.020969 -0.397335 0.049597 
 -0.027276 -0.380422 0.051782 
 -0.033583 -0.363508 0.053970 
 -0.039892 -0.346595 0.056155 
 -0.046199 -0.329682 0.058341 
 -0.052507 -0.312768 0.060527 
 -0.058815 -0.295855 0.062714 
 -0.065123 -0.278940 0.064900 
 -0.071431 -0.262027 0.067086 
 -0.077738 -0.245114 0.069272 
 -0.084046 -0.228200 0.071459 
 -0.090354 -0.211287 0.073645 
 -0.098502 -0.201167 0.100640 
 -0.104827 -0.184209 0.102832 
 -0.111152 -0.167250 0.105025 
 -0.119366 -0.156949 0.132044 
 -0.125708 -0.139945 0.134241 
 -0.132050 -0.122941 0.136439 
 -0.139361 -0.109198 0.151059 
 -0.145712 -0.092172 0.153261 
 -0.152061 -0.075145 0.155462 
 -0.158412 -0.058119 0.157662 
 -0.164761 -0.041092 0.159863 
 -0.171112 -0.024066 0.162064 
 -0.174398 0.002337 0.126945 
 -0.180723 0.019297 0.129136 
 -0.187048 0.036255 0.131329 
 -0.193372 0.053214 0.133521 
 -0.199697 0.070173 0.135713 
 -0.206022 0.087131 0.137905 
 -0.212346 0.104090 0.140097 
 -0.220832 0.115114 0.167210 
 -0.227172 0.132118 0.169408 
 -0.233514 0.149122 0.171605 
 -0.237645 0.171925 0.148865 
 -0.243970 0.188884 0.151057 
 -0.250294 0.205843 0.153249 
 -0.254357 0.228465 0.130485 
 -0.260665 0.245378 0.132671 
 -0.266973 0.262292 0.134858 
 -0.273281 0.279205 0.137043 
 -0.279589 0.296119 0.139229 
 -0.288242 0.307595 0.166401 
 -0.294567 0.324554 0.168593 
 -0.300891 0.341512 0.170786 
 -0.309613 0.353170 0.197980 
 -0.315955 0.370173 0.200177 
 -0.322296 0.387178 0.202375 
 -0.326190 0.409348 0.179553 
 -0.332515 0.426306 0.181745 
 -0.338839 0.443265 0.183938 
 -0.321435 0.508011 -0.051730 
 -0.327599 0.524540 -0.049593 
 -0.333764 0.541069 -0.047456 
 -0.339928 0.557598 -0.045320 
 -0.343527 0.578977 -0.068245 
 -0.352257 0.590657 -0.041047 
 -0.359722 0.604806 -0.026373 
 -0.365894 0.621358 -0.024235 
 -0.372067 0.637909 -0.022095 
 -0.378240 0.654462 -0.019956 
 -0.387080 0.666436 0.007280 
 -0.390586 0.687565 -0.015677 
 -0.396758 0.704117 -0.013537 
 -0.402931 0.720668 -0.011397 
 -0.409105 0.737220 -0.009259 
 0.088810 -0.737690 -0.007567 
 0.083873 -0.712587 -0.030009 
 0.077591 -0.695741 -0.027832 
 0.072705 -0.670774 -0.050292 
 0.066439 -0.653972 -0.048120 
 0.060174 -0.637172 -0.045949 
 0.053907 -0.620372 -0.043777 
 0.047642 -0.603571 -0.041606 
 0.041377 -0.586771 -0.039434 
 0.035110 -0.569971 -0.037262 
 0.028845 -0.553171 -0.035091 
 0.022580 -0.536369 -0.032919 
 0.016314 -0.519569 -0.030748 
 0.008482 -0.510438 -0.003880 
 0.003782 -0.485968 -0.026405 
 -0.002483 -0.469168 -0.024233 
 -0.010364 -0.459901 0.002652 
 -0.016647 -0.443056 0.004829 
 -0.022930 -0.426210 0.007007 
 -0.030879 -0.416763 0.033914 
 -0.037178 -0.399872 0.036097 
 -0.043477 -0.382981 0.038281 
 -0.049776 -0.366090 0.040464 
 -0.056076 -0.349199 0.042647 
 -0.062376 -0.332309 0.044831 
 -0.069559 -0.318981 0.059396 
 -0.074975 -0.298527 0.049197 
 -0.082175 -0.285154 0.063769 
 -0.088482 -0.268240 0.065955 
 -0.094789 -0.251327 0.068141 
 -0.101098 -0.234413 0.070327 
 -0.109275 -0.224356 0.097314 
 -0.115599 -0.207397 0.099507 
 -0.123826 -0.197203 0.126511 
 -0.130168 -0.180200 0.128709 
 -0.136510 -0.163195 0.130907 
 -0.142850 -0.146192 0.133105 
 -0.149192 -0.129187 0.135302 
 -0.155534 -0.112184 0.137500 
 -0.162878 -0.098426 0.152122 
 -0.169227 -0.081400 0.154322 
 -0.175577 -0.064373 0.156523 
 -0.181927 -0.047347 0.158724 
 -0.188277 -0.030320 0.160925 
 -0.191495 -0.003892 0.125811 
 -0.197820 0.013067 0.128003 
 -0.204145 0.030025 0.130195 
 -0.210469 0.046984 0.132387 
 -0.218949 0.057856 0.159479 
 -0.226377 0.071840 0.174130 
 -0.232727 0.088866 0.176331 
 -0.239077 0.105893 0.178532 
 -0.244316 0.125872 0.168270 
 -0.248417 0.148737 0.145539 
 -0.254742 0.165695 0.147731 
 -0.261067 0.182654 0.149923 
 -0.267391 0.199613 0.152114 
 -0.271409 0.222252 0.129354 
 -0.277716 0.239165 0.131540 
 -0.286365 0.250489 0.158691 
 -0.292690 0.267448 0.160883 
 -0.299015 0.284406 0.163075 
 -0.305339 0.301366 0.165266 
 -0.311664 0.318324 0.167459 
 -0.317989 0.335282 0.169651 
 -0.326755 0.346923 0.196842 
 -0.333097 0.363927 0.199041 
 -0.336963 0.386159 0.176227 
 -0.340795 0.408300 0.153402 
 -0.347102 0.425214 0.155588 
 -0.331935 0.485409 -0.054972 
 -0.338099 0.501940 -0.052835 
 -0.344264 0.518469 -0.050698 
 -0.350428 0.534998 -0.048562 
 -0.356593 0.551527 -0.046425 
 -0.362757 0.568056 -0.044289 
 -0.368922 0.584584 -0.042152 
 -0.376408 0.598726 -0.027480 
 -0.382581 0.615278 -0.025342 
 -0.388754 0.631829 -0.023202 
 -0.394926 0.648381 -0.021062 
 -0.403812 0.660338 0.006170 
 -0.407273 0.681485 -0.016783 
 -0.412073 0.700288 -0.027197 
 -0.418237 0.716817 -0.025060 
 -0.424401 0.733346 -0.022924 
 0.066890 -0.718775 -0.031136 
 0.060608 -0.701929 -0.028958 
 0.055767 -0.676944 -0.051416 
 0.049502 -0.660144 -0.049244 
 0.043236 -0.643344 -0.047072 
 0.036970 -0.626544 -0.044900 
 0.030705 -0.609743 -0.042729 
 0.024438 -0.592943 -0.040557 
 0.018173 -0.576143 -0.038386 
 0.011908 -0.559341 -0.036214 
 0.005642 -0.542541 -0.034043 
 -0.000624 -0.525741 -0.031872 
 -0.006889 -0.508940 -0.029699 
 -0.013155 -0.492140 -0.027528 
 -0.019420 -0.475340 -0.025356 
 -0.025687 -0.458539 -0.023185 
 -0.033630 -0.449244 0.003703 
 -0.039913 -0.432399 0.005880 
 -0.046196 -0.415552 0.008058 
 -0.052478 -0.398707 0.010235 
 -0.060506 -0.389185 0.037152 
 -0.066806 -0.372295 0.039335 
 -0.073104 -0.355405 0.041518 
 -0.079404 -0.338513 0.043702 
 -0.085703 -0.321622 0.045885 
 -0.092003 -0.304731 0.048067 
 -0.099226 -0.291367 0.062638 
 -0.105533 -0.274453 0.064825 
 -0.111842 -0.257540 0.067010 
 -0.118149 -0.240627 0.069196 
 -0.126372 -0.230586 0.096181 
 -0.132697 -0.213626 0.098373 
 -0.139021 -0.196668 0.100565 
 -0.145346 -0.179709 0.102757 
 -0.151671 -0.162751 0.104948 
 -0.157995 -0.145792 0.107140 
 -0.164320 -0.128833 0.109333 
 -0.172677 -0.118430 0.136363 
 -0.179019 -0.101426 0.138561 
 -0.186393 -0.087655 0.153185 
 -0.192743 -0.070628 0.155385 
 -0.199093 -0.053602 0.157586 
 -0.205443 -0.036575 0.159787 
 -0.210726 -0.016406 0.149550 
 -0.214917 0.006836 0.126869 
 -0.221242 0.023796 0.129061 
 -0.229751 0.034605 0.156144 
 -0.239393 0.042454 0.195688 
 -0.243543 0.065585 0.172991 
 -0.249892 0.082611 0.175192 
 -0.258495 0.093670 0.202308 
 -0.262592 0.116664 0.179593 
 -0.268943 0.133691 0.181794 
 -0.274141 0.153634 0.171529 
 -0.280483 0.170637 0.173726 
 -0.286825 0.187642 0.175924 
 -0.290813 0.210342 0.153173 
 -0.297138 0.227300 0.155365 
 -0.303463 0.244260 0.157557 
 -0.309787 0.261218 0.159749 
 -0.316112 0.278177 0.161942 
 -0.322437 0.295136 0.164133 
 -0.328761 0.312094 0.166325 
 -0.335086 0.329053 0.168517 
 -0.341410 0.346011 0.170709 
 -0.347735 0.362971 0.172901 
 -0.354060 0.379929 0.175094 
 -0.357847 0.402087 0.152270 
 -0.364154 0.419000 0.154457 
 -0.348598 0.479338 -0.056076 
 -0.354763 0.495867 -0.053939 
 -0.360927 0.512396 -0.051804 
 -0.367092 0.528925 -0.049667 
 -0.373256 0.545455 -0.047531 
 -0.379421 0.561984 -0.045394 
 -0.386922 0.576094 -0.030726 
 -0.393095 0.592646 -0.028587 
 -0.399267 0.609198 -0.026448 
 -0.405441 0.625749 -0.024309 
 -0.411613 0.642301 -0.022169 
 -0.417786 0.658852 -0.020030 
 -0.423960 0.675405 -0.017890 
 -0.428736 0.694217 -0.028303 
 -0.434901 0.710746 -0.026166 
 -0.441065 0.727275 -0.024029 
 0.048453 -0.733209 -0.007643 
 0.043624 -0.708117 -0.030085 
 0.037342 -0.691272 -0.027908 
 0.032564 -0.666316 -0.050367 
 0.026298 -0.649516 -0.048196 
 0.020033 -0.632715 -0.046024 
 0.013767 -0.615915 -0.043853 
 0.007501 -0.599115 -0.041681 
 0.001236 -0.582313 -0.039510 
 -0.005029 -0.565513 -0.037337 
 -0.011296 -0.548713 -0.035166 
 -0.017561 -0.531912 -0.032995 
 -0.023827 -0.515112 -0.030823 
 -0.030093 -0.498312 -0.028652 
 -0.036358 -0.481511 -0.026480 
 -0.042624 -0.464711 -0.024309 
 -0.048889 -0.447910 -0.022136 
 -0.055156 -0.431109 -0.019965 
 -0.063179 -0.421740 0.006931 
 -0.069460 -0.404895 0.009109 
 -0.075743 -0.388050 0.011286 
 -0.082026 -0.371203 0.013463 
 -0.090133 -0.361609 0.040388 
 -0.096433 -0.344718 0.042572 
 -0.102733 -0.327827 0.044755 
 -0.109031 -0.310936 0.046938 
 -0.115331 -0.294046 0.049121 
 -0.122585 -0.280667 0.063693 
 -0.128893 -0.263753 0.065880 
 -0.135201 -0.246840 0.068066 
 -0.141508 -0.229926 0.070251 
 -0.149793 -0.219856 0.097239 
 -0.156117 -0.202897 0.099431 
 -0.162442 -0.185939 0.101622 
 -0.168767 -0.168981 0.103815 
 -0.175092 -0.152021 0.106007 
 -0.181417 -0.135063 0.108199 
 -0.189819 -0.124676 0.135227 
 -0.196161 -0.107672 0.137424 
 -0.202503 -0.090668 0.139622 
 -0.208844 -0.073664 0.141820 
 -0.215185 -0.056660 0.144018 
 -0.221527 -0.039657 0.146215 
 -0.225690 -0.016352 0.123543 
 -0.232014 0.000607 0.125735 
 -0.238339 0.017566 0.127927 
 -0.244664 0.034525 0.130119 
 -0.254358 0.042304 0.169651 
 -0.260709 0.059330 0.171852 
 -0.267058 0.076357 0.174054 
 -0.273407 0.093383 0.176255 
 -0.279758 0.110410 0.178455 
 -0.286108 0.127436 0.180656 
 -0.291284 0.147387 0.170392 
 -0.297626 0.164391 0.172590 
 -0.303967 0.181395 0.174787 
 -0.307910 0.204112 0.152039 
 -0.314235 0.221071 0.154231 
 -0.320560 0.238030 0.156424 
 -0.326884 0.254988 0.158615 
 -0.333209 0.271947 0.160807 
 -0.339534 0.288905 0.162999 
 -0.345858 0.305865 0.165191 
 -0.352183 0.322823 0.167383 
 -0.358508 0.339782 0.169575 
 -0.367383 0.351434 0.196766 
 -0.373724 0.368439 0.198964 
 -0.374898 0.395874 0.151140 
 -0.356497 0.461907 -0.084335 
 -0.362645 0.478391 -0.082204 
 -0.368793 0.494875 -0.080073 
 -0.374940 0.511359 -0.077943 
 -0.381087 0.527844 -0.075812 
 -0.387235 0.544327 -0.073681 
 -0.393383 0.560811 -0.071551 
 -0.403609 0.570014 -0.031833 
 -0.409782 0.586566 -0.029693 
 -0.418708 0.598354 -0.002485 
 -0.422128 0.619669 -0.025416 
 -0.428301 0.636221 -0.023276 
 -0.437276 0.648145 0.003950 
 -0.440646 0.669325 -0.018997 
 -0.445401 0.688144 -0.029407 
 -0.451565 0.704673 -0.027272 
 -0.457730 0.721203 -0.025135 
 0.031425 -0.739413 -0.008773 
 0.026641 -0.714306 -0.031211 
 0.021892 -0.689288 -0.053662 
 0.015627 -0.672488 -0.051491 
 0.009361 -0.655687 -0.049318 
 0.003095 -0.638887 -0.047147 
 -0.003171 -0.622087 -0.044976 
 -0.009436 -0.605285 -0.042804 
 -0.015701 -0.588485 -0.040633 
 -0.021968 -0.571685 -0.038461 
 -0.028233 -0.554884 -0.036290 
 -0.034498 -0.538084 -0.034118 
 -0.040765 -0.521284 -0.031947 
 -0.047030 -0.504483 -0.029775 
 -0.053296 -0.487682 -0.027603 
 -0.059561 -0.470882 -0.025432 
 -0.065827 -0.454081 -0.023260 
 -0.072093 -0.437281 -0.021089 
 -0.078358 -0.420481 -0.018917 
 -0.084623 -0.403680 -0.016746 
 -0.092726 -0.394238 0.010159 
 -0.099009 -0.377391 0.012337 
 -0.105292 -0.360546 0.014514 
 -0.113461 -0.350922 0.041443 
 -0.119761 -0.334032 0.043626 
 -0.126060 -0.317140 0.045808 
 -0.132360 -0.300250 0.047993 
 -0.138659 -0.283359 0.050175 
 -0.144958 -0.266468 0.052358 
 -0.152252 -0.253053 0.066935 
 -0.158559 -0.236140 0.069121 
 -0.164868 -0.219225 0.071307 
 -0.173215 -0.209127 0.098297 
 -0.179539 -0.192169 0.100489 
 -0.185864 -0.175210 0.102681 
 -0.192188 -0.158251 0.104873 
 -0.198513 -0.141292 0.107065 
 -0.204838 -0.124334 0.109257 
 -0.213303 -0.113918 0.136287 
 -0.219645 -0.096915 0.138485 
 -0.225987 -0.079910 0.140683 
 -0.232328 -0.062907 0.142881 
 -0.238670 -0.045903 0.145079 
 -0.242787 -0.022581 0.122409 
 -0.249112 -0.005623 0.124600 
 -0.257694 0.005109 0.151672 
 -0.264036 0.022113 0.153870 
 -0.271524 0.036049 0.168513 
 -0.277873 0.053075 0.170714 
 -0.284224 0.070102 0.172915 
 -0.292917 0.081127 0.200025 
 -0.299283 0.098199 0.202232 
 -0.303273 0.121181 0.179517 
 -0.309624 0.138208 0.181718 
 -0.314768 0.158145 0.171453 
 -0.322323 0.172261 0.186119 
 -0.327451 0.192153 0.175848 
 -0.333793 0.209157 0.178046 
 -0.340135 0.226160 0.180244 
 -0.346476 0.243165 0.182442 
 -0.352818 0.260168 0.184639 
 -0.359160 0.277173 0.186837 
 -0.362956 0.299635 0.164057 
 -0.369280 0.316594 0.166250 
 -0.378184 0.328184 0.193432 
 -0.384525 0.345188 0.195629 
 -0.390867 0.362192 0.197827 
 -0.363024 0.447217 -0.125080 
 -0.369145 0.463633 -0.122959 
 -0.375269 0.480049 -0.120837 
 -0.384070 0.491369 -0.093688 
 -0.391558 0.505305 -0.079046 
 -0.397706 0.521788 -0.076915 
 -0.403854 0.538272 -0.074784 
 -0.410001 0.554756 -0.072654 
 -0.420296 0.563934 -0.032940 
 -0.429250 0.575660 -0.005740 
 -0.432641 0.597037 -0.028662 
 -0.441629 0.608854 -0.001450 
 -0.447819 0.625450 0.000695 
 -0.456857 0.637404 0.027925 
 -0.463064 0.654045 0.030076 
 -0.462064 0.682073 -0.030513 
 -0.468229 0.698602 -0.028376 
 0.009658 -0.720494 -0.032338 
 0.004955 -0.695460 -0.054785 
 -0.001311 -0.678659 -0.052614 
 -0.007577 -0.661859 -0.050442 
 -0.013842 -0.645059 -0.048271 
 -0.020108 -0.628257 -0.046099 
 -0.026373 -0.611457 -0.043928 
 -0.032640 -0.594657 -0.041757 
 -0.038905 -0.577856 -0.039584 
 -0.045170 -0.561056 -0.037413 
 -0.051437 -0.544256 -0.035241 
 -0.057702 -0.527454 -0.033070 
 -0.063967 -0.510654 -0.030898 
 -0.070233 -0.493854 -0.028727 
 -0.075599 -0.473253 -0.038905 
 -0.082765 -0.460253 -0.024384 
 -0.089030 -0.443453 -0.022212 
 -0.095295 -0.426652 -0.020040 
 -0.101562 -0.409852 -0.017869 
 -0.107827 -0.393052 -0.015697 
 -0.114092 -0.376250 -0.013526 
 -0.122275 -0.366734 0.013388 
 -0.128558 -0.349889 0.015565 
 -0.136790 -0.340236 0.042496 
 -0.143089 -0.323346 0.044679 
 -0.149388 -0.306455 0.046863 
 -0.155688 -0.289564 0.049046 
 -0.161987 -0.272673 0.051229 
 -0.168287 -0.255782 0.053412 
 -0.177662 -0.249275 0.092778 
 -0.183987 -0.232316 0.094971 
 -0.190312 -0.215357 0.097163 
 -0.196636 -0.198398 0.099355 
 -0.202961 -0.181440 0.101547 
 -0.209286 -0.164480 0.103739 
 -0.215610 -0.147522 0.105930 
 -0.221935 -0.130563 0.108123 
 -0.230446 -0.120165 0.135150 
 -0.236787 -0.103161 0.137348 
 -0.243129 -0.086157 0.139545 
 -0.249471 -0.069153 0.141743 
 -0.253558 -0.045769 0.119082 
 -0.259883 -0.028811 0.121275 
 -0.266208 -0.011852 0.123467 
 -0.274837 -0.001137 0.150535 
 -0.278858 0.022066 0.127851 
 -0.288689 0.029794 0.167374 
 -0.295039 0.046821 0.169575 
 -0.303761 0.057784 0.196677 
 -0.310128 0.074856 0.198883 
 -0.316494 0.091927 0.201090 
 -0.322861 0.109000 0.203297 
 -0.326789 0.131953 0.180580 
 -0.333139 0.148980 0.182780 
 -0.339489 0.166006 0.184981 
 -0.344594 0.185906 0.174712 
 -0.350935 0.202911 0.176909 
 -0.357277 0.219914 0.179107 
 -0.363619 0.236919 0.181305 
 -0.369960 0.253922 0.183503 
 -0.376302 0.270927 0.185700 
 -0.380053 0.293406 0.162923 
 -0.386377 0.310364 0.165115 
 -0.392702 0.327323 0.167307 
 -0.399027 0.344281 0.169499 
 -0.405351 0.361240 0.171691 
 -0.411676 0.378199 0.173884 
 -0.384350 0.460204 -0.136562 
 -0.390463 0.476598 -0.134443 
 -0.397940 0.490435 -0.119812 
 -0.406805 0.501783 -0.092661 
 -0.414324 0.515733 -0.078017 
 -0.420472 0.532217 -0.075886 
 -0.429412 0.543769 -0.048710 
 -0.436982 0.557853 -0.034047 
 -0.448809 0.564721 0.018208 
 -0.452172 0.586161 -0.004705 
 -0.458362 0.602757 -0.002559 
 -0.464551 0.619354 -0.000415 
 -0.473635 0.631290 0.026812 
 -0.479843 0.647932 0.028964 
 -0.007325 -0.726682 -0.033464 
 -0.011982 -0.701631 -0.055909 
 -0.018249 -0.684831 -0.053738 
 -0.024514 -0.668030 -0.051565 
 -0.030780 -0.651229 -0.049394 
 -0.036199 -0.630417 -0.059545 
 -0.042457 -0.613640 -0.057377 
 -0.049577 -0.600828 -0.042880 
 -0.055842 -0.584028 -0.040708 
 -0.062109 -0.567228 -0.038537 
 -0.068374 -0.550428 -0.036365 
 -0.074639 -0.533626 -0.034194 
 -0.080905 -0.516826 -0.032021 
 -0.086257 -0.496195 -0.042196 
 -0.092514 -0.479416 -0.040028 
 -0.098772 -0.462639 -0.037858 
 -0.105029 -0.445861 -0.035690 
 -0.112234 -0.432824 -0.021164 
 -0.118499 -0.416023 -0.018993 
 -0.124764 -0.399222 -0.016821 
 -0.131031 -0.382422 -0.014650 
 -0.139258 -0.372922 0.012261 
 -0.145540 -0.356077 0.014439 
 -0.153818 -0.346442 0.041367 
 -0.160118 -0.329550 0.043549 
 -0.166417 -0.312659 0.045734 
 -0.172717 -0.295769 0.047916 
 -0.179015 -0.278877 0.050099 
 -0.186355 -0.265478 0.064672 
 -0.192662 -0.248565 0.066859 
 -0.201084 -0.238546 0.093837 
 -0.207409 -0.221586 0.096029 
 -0.213733 -0.204628 0.098221 
 -0.217894 -0.180911 0.075604 
 -0.226383 -0.170711 0.102605 
 -0.232707 -0.153752 0.104797 
 -0.239032 -0.136793 0.106989 
 -0.247589 -0.126411 0.134013 
 -0.253931 -0.109407 0.136211 
 -0.260271 -0.092403 0.138409 
 -0.266613 -0.075399 0.140606 
 -0.272955 -0.058396 0.142804 
 -0.279296 -0.041391 0.145002 
 -0.283305 -0.018082 0.122333 
 -0.289629 -0.001124 0.124525 
 -0.295954 0.015836 0.126717 
 -0.305855 0.023540 0.166236 
 -0.314605 0.034442 0.193329 
 -0.320972 0.051513 0.195535 
 -0.327339 0.068585 0.197742 
 -0.333705 0.085656 0.199949 
 -0.340072 0.102729 0.202155 
 -0.343955 0.125699 0.179441 
 -0.350304 0.142725 0.181641 
 -0.356655 0.159752 0.183842 
 -0.363004 0.176779 0.186043 
 -0.369355 0.193806 0.188243 
 -0.375704 0.210832 0.190444 
 -0.382055 0.227859 0.192645 
 -0.388404 0.244885 0.194846 
 -0.393444 0.264680 0.184564 
 -0.397150 0.287175 0.161789 
 -0.403475 0.304134 0.163981 
 -0.409799 0.321093 0.166173 
 -0.416124 0.338051 0.168365 
 -0.422449 0.355011 0.170558 
 -0.428773 0.371969 0.172749 
 -0.400877 0.454183 -0.137657 
 -0.406991 0.470576 -0.135539 
 -0.418648 0.476709 -0.083380 
 -0.424796 0.493194 -0.081250 
 -0.430942 0.509678 -0.079119 
 -0.435679 0.528659 -0.089507 
 -0.441818 0.545120 -0.087379 
 -0.447958 0.561581 -0.085251 
 -0.454097 0.578043 -0.083123 
 -0.475094 0.596660 -0.003670 
 -0.481284 0.613258 -0.001524 
 -0.024308 -0.732870 -0.034591 
 -0.028921 -0.707803 -0.057032 
 -0.035186 -0.691002 -0.054861 
 -0.041451 -0.674201 -0.052689 
 -0.047717 -0.657401 -0.050518 
 -0.053114 -0.636580 -0.060667 
 -0.060249 -0.623801 -0.046175 
 -0.066514 -0.607000 -0.044002 
 -0.072780 -0.590200 -0.041831 
 -0.079046 -0.573400 -0.039660 
 -0.085311 -0.556598 -0.037488 
 -0.091576 -0.539798 -0.035317 
 -0.097843 -0.522998 -0.033145 
 -0.103172 -0.502358 -0.043318 
 -0.109429 -0.485579 -0.041149 
 -0.115686 -0.468802 -0.038981 
 -0.121943 -0.452024 -0.036813 
 -0.128201 -0.435246 -0.034643 
 -0.134458 -0.418468 -0.032475 
 -0.140716 -0.401691 -0.030306 
 -0.147968 -0.388594 -0.015773 
 -0.154233 -0.371794 -0.013601 
 -0.160499 -0.354993 -0.011430 
 -0.168806 -0.345420 0.015490 
 -0.175088 -0.328573 0.017667 
 -0.183446 -0.318865 0.044604 
 -0.189745 -0.301973 0.046787 
 -0.196045 -0.285083 0.048970 
 -0.203407 -0.271692 0.063542 
 -0.209715 -0.254778 0.065727 
 -0.216022 -0.237865 0.067914 
 -0.224506 -0.227817 0.094895 
 -0.228638 -0.204038 0.072286 
 -0.234945 -0.187125 0.074472 
 -0.243480 -0.176941 0.101471 
 -0.249805 -0.159981 0.103663 
 -0.256129 -0.143023 0.105855 
 -0.262454 -0.126064 0.108047 
 -0.271073 -0.115654 0.135074 
 -0.277415 -0.098649 0.137272 
 -0.284921 -0.084875 0.151893 
 -0.291270 -0.067849 0.154094 
 -0.297621 -0.050822 0.156294 
 -0.303970 -0.033795 0.158495 
 -0.310321 -0.016768 0.160696 
 -0.316670 0.000258 0.162897 
 -0.323021 0.017285 0.165097 
 -0.331816 0.028169 0.192187 
 -0.338183 0.045242 0.194394 
 -0.344550 0.062314 0.196600 
 -0.350916 0.079385 0.198807 
 -0.357283 0.096458 0.201014 
 -0.361119 0.119444 0.178303 
 -0.370017 0.130601 0.205426 
 -0.373819 0.153498 0.182704 
 -0.380170 0.170524 0.184905 
 -0.386520 0.187551 0.187106 
 -0.392870 0.204577 0.189306 
 -0.399220 0.221604 0.191507 
 -0.405570 0.238630 0.193708 
 -0.410588 0.258434 0.183427 
 -0.414247 0.280945 0.160655 
 -0.420572 0.297905 0.162847 
 -0.426896 0.314863 0.165040 
 -0.433221 0.331822 0.167231 
 -0.439546 0.348781 0.169423 
 -0.435266 0.470654 -0.084482 
 -0.441414 0.487139 -0.082352 
 -0.042990 -0.747342 -0.011106 
 -0.047574 -0.722213 -0.033540 
 -0.052123 -0.697174 -0.055983 
 -0.058390 -0.680373 -0.053812 
 -0.064655 -0.663573 -0.051641 
 -0.070920 -0.646773 -0.049469 
 -0.077186 -0.629972 -0.047298 
 -0.083452 -0.613172 -0.045126 
 -0.089718 -0.596371 -0.042955 
 -0.095983 -0.579570 -0.040783 
 -0.101315 -0.558855 -0.050946 
 -0.107572 -0.542076 -0.048778 
 -0.114780 -0.529169 -0.034268 
 -0.120087 -0.508521 -0.044440 
 -0.126344 -0.491743 -0.042271 
 -0.132601 -0.474965 -0.040103 
 -0.138858 -0.458188 -0.037934 
 -0.145116 -0.441410 -0.035766 
 -0.152374 -0.428366 -0.021240 
 -0.158640 -0.411566 -0.019068 
 -0.164905 -0.394766 -0.016897 
 -0.171172 -0.377965 -0.014724 
 -0.177437 -0.361165 -0.012553 
 -0.183702 -0.344364 -0.010381 
 -0.192072 -0.334761 0.016541 
 -0.198354 -0.317916 0.018718 
 -0.204637 -0.301071 0.020895 
 -0.213073 -0.291287 0.047840 
 -0.219372 -0.274396 0.050024 
 -0.225672 -0.257505 0.052207 
 -0.231972 -0.240614 0.054390 
 -0.238271 -0.223724 0.056573 
 -0.245690 -0.210251 0.071156 
 -0.251997 -0.193338 0.073341 
 -0.258305 -0.176423 0.075527 
 -0.264613 -0.159510 0.077714 
 -0.273227 -0.149252 0.104721 
 -0.279551 -0.132294 0.106913 
 -0.285876 -0.115334 0.109105 
 -0.294557 -0.104895 0.136135 
 -0.300899 -0.087892 0.138333 
 -0.307241 -0.070889 0.140531 
 -0.314785 -0.057076 0.155156 
 -0.321136 -0.040049 0.157357 
 -0.327485 -0.023023 0.159558 
 -0.333836 -0.005996 0.161759 
 -0.340185 0.011030 0.163959 
 -0.349027 0.021898 0.191046 
 -0.355394 0.038971 0.193252 
 -0.361761 0.056042 0.195459 
 -0.368127 0.073114 0.197664 
 -0.374494 0.090185 0.199871 
 -0.380861 0.107258 0.202078 
 -0.387228 0.124330 0.204284 
 -0.393595 0.141401 0.206491 
 -0.399962 0.158473 0.208698 
 -0.406329 0.175545 0.210904 
 -0.410035 0.198323 0.188167 
 -0.416385 0.215349 0.190368 
 -0.422735 0.232376 0.192569 
 -0.427730 0.252188 0.182289 
 -0.431344 0.274716 0.159521 
 -0.437669 0.291675 0.161714 
 -0.443994 0.308634 0.163905 
 -0.450318 0.325592 0.166097 
 -0.064557 -0.728401 -0.034666 
 -0.070839 -0.711556 -0.032489 
 -0.075327 -0.686545 -0.054936 
 -0.081592 -0.669745 -0.052765 
 -0.086943 -0.648907 -0.062911 
 -0.093201 -0.632129 -0.060743 
 -0.099458 -0.615352 -0.058574 
 -0.105715 -0.598573 -0.056405 
 -0.111972 -0.581795 -0.054236 
 -0.118230 -0.565018 -0.052068 
 -0.124487 -0.548239 -0.049899 
 -0.131717 -0.535341 -0.035392 
 -0.137001 -0.514684 -0.045562 
 -0.143259 -0.497906 -0.043394 
 -0.149516 -0.481128 -0.041224 
 -0.155774 -0.464351 -0.039056 
 -0.162030 -0.447573 -0.036887 
 -0.168287 -0.430795 -0.034719 
 -0.175577 -0.417738 -0.020191 
 -0.181843 -0.400937 -0.018020 
 -0.188109 -0.384137 -0.015848 
 -0.194374 -0.367336 -0.013677 
 -0.200639 -0.350535 -0.011505 
 -0.206906 -0.333735 -0.009334 
 -0.215337 -0.324104 0.017591 
 -0.223803 -0.314383 0.044528 
 -0.230102 -0.297492 0.046711 
 -0.236402 -0.280601 0.048895 
 -0.242700 -0.263710 0.051078 
 -0.250125 -0.250291 0.065652 
 -0.256434 -0.233378 0.067838 
 -0.262741 -0.216464 0.070025 
 -0.269048 -0.199550 0.072211 
 -0.275357 -0.182637 0.074397 
 -0.281664 -0.165723 0.076582 
 -0.287972 -0.148810 0.078769 
 -0.296648 -0.138523 0.105779 
 -0.302973 -0.121565 0.107971 
 -0.309298 -0.104606 0.110163 
 -0.318041 -0.094138 0.137195 
 -0.324383 -0.077134 0.139393 
 -0.331951 -0.063330 0.154017 
 -0.338301 -0.046304 0.156218 
 -0.344651 -0.029277 0.158419 
 -0.351001 -0.012251 0.160620 
 -0.357351 0.004776 0.162820 
 -0.366238 0.015627 0.189904 
 -0.372605 0.032699 0.192111 
 -0.378972 0.049771 0.194316 
 -0.385338 0.066843 0.196523 
 -0.391705 0.083914 0.198730 
 -0.398072 0.100986 0.200936 
 -0.404440 0.118058 0.203143 
 -0.410806 0.135130 0.205350 
 -0.417173 0.152202 0.207556 
 -0.423540 0.169274 0.209763 
 -0.429907 0.186346 0.211969 
 -0.437635 0.200579 0.226649 
 -0.444011 0.217672 0.228859 
 -0.444872 0.245941 0.181152 
 -0.448441 0.268486 0.158387 
 -0.454766 0.285445 0.160579 
 -0.461091 0.302404 0.162771 
 -0.467415 0.319363 0.164963 
 -0.081540 -0.734589 -0.035792 
 -0.087822 -0.717744 -0.033615 
 -0.092264 -0.692717 -0.056059 
 -0.098529 -0.675915 -0.053887 
 -0.104796 -0.659115 -0.051716 
 -0.111061 -0.642315 -0.049545 
 -0.116372 -0.621515 -0.059696 
 -0.122630 -0.604736 -0.057527 
 -0.128887 -0.587959 -0.055359 
 -0.135145 -0.571181 -0.053189 
 -0.141401 -0.554403 -0.051021 
 -0.148655 -0.541513 -0.036515 
 -0.153916 -0.520848 -0.046684 
 -0.160174 -0.504069 -0.044515 
 -0.166430 -0.487291 -0.042347 
 -0.172688 -0.470514 -0.040177 
 -0.178945 -0.453736 -0.038009 
 -0.185202 -0.436958 -0.035841 
 -0.191459 -0.420180 -0.033672 
 -0.198780 -0.407108 -0.019142 
 -0.205046 -0.390308 -0.016971 
 -0.211311 -0.373507 -0.014800 
 -0.219755 -0.363984 0.012110 
 -0.223843 -0.339907 -0.010457 
 -0.232320 -0.330292 0.016465 
 -0.240831 -0.320588 0.043398 
 -0.247130 -0.303696 0.045581 
 -0.253430 -0.286806 0.047765 
 -0.259730 -0.269916 0.049948 
 -0.266029 -0.253024 0.052131 
 -0.273485 -0.239591 0.066707 
 -0.279792 -0.222678 0.068893 
 -0.286100 -0.205763 0.071080 
 -0.292408 -0.188850 0.073266 
 -0.301096 -0.178671 0.100261 
 -0.309818 -0.168401 0.127267 
 -0.313746 -0.144753 0.104645 
 -0.323717 -0.137692 0.144075 
 -0.330067 -0.120666 0.146276 
 -0.336416 -0.103638 0.148477 
 -0.342767 -0.086612 0.150679 
 -0.351615 -0.076002 0.177729 
 -0.357982 -0.058931 0.179936 
 -0.364349 -0.041859 0.182143 
 -0.370716 -0.024788 0.184349 
 -0.377083 -0.007715 0.186556 
 -0.384740 0.006260 0.201202 
 -0.391115 0.023355 0.203410 
 -0.397491 0.040449 0.205620 
 -0.402549 0.060572 0.195381 
 -0.410241 0.074638 0.210039 
 -0.416617 0.091733 0.212249 
 -0.422992 0.108826 0.214458 
 -0.429367 0.125921 0.216668 
 -0.435743 0.143016 0.218878 
 -0.442118 0.160110 0.221087 
 -0.448493 0.177205 0.223297 
 -0.454869 0.194299 0.225506 
 -0.461244 0.211394 0.227716 
 -0.098523 -0.740777 -0.036919 
 -0.104805 -0.723932 -0.034742 
 -0.109201 -0.698887 -0.057183 
 -0.115468 -0.682087 -0.055011 
 -0.121733 -0.665287 -0.052840 
 -0.127998 -0.648486 -0.050668 
 -0.133288 -0.627678 -0.060817 
 -0.139545 -0.610899 -0.058649 
 -0.145803 -0.594122 -0.056480 
 -0.152059 -0.577344 -0.054312 
 -0.158316 -0.560566 -0.052142 
 -0.165593 -0.547683 -0.037639 
 -0.170830 -0.527011 -0.047806 
 -0.177088 -0.510233 -0.045637 
 -0.183345 -0.493455 -0.043469 
 -0.189603 -0.476677 -0.041300 
 -0.195859 -0.459900 -0.039132 
 -0.202117 -0.443121 -0.036962 
 -0.208374 -0.426344 -0.034794 
 -0.214632 -0.409566 -0.032625 
 -0.221983 -0.396480 -0.018095 
 -0.228249 -0.379679 -0.015924 
 -0.236738 -0.370172 0.010984 
 -0.240780 -0.346079 -0.011581 
 -0.249303 -0.336480 0.015339 
 -0.255586 -0.319635 0.017516 
 -0.264160 -0.309902 0.044452 
 -0.270459 -0.293010 0.046636 
 -0.276758 -0.276120 0.048819 
 -0.283057 -0.259229 0.051002 
 -0.290537 -0.245803 0.065576 
 -0.296844 -0.228890 0.067762 
 -0.303151 -0.211976 0.069948 
 -0.309460 -0.195063 0.072135 
 -0.320619 -0.191650 0.123932 
 -0.328182 -0.178000 0.138536 
 -0.334532 -0.160973 0.140737 
 -0.340882 -0.143947 0.142937 
 -0.347233 -0.126919 0.145138 
 -0.349817 -0.100106 0.110087 
 -0.362459 -0.099346 0.174381 
 -0.368825 -0.082275 0.176588 
 -0.375193 -0.065202 0.178795 
 -0.381560 -0.048130 0.181001 
 -0.389224 -0.034208 0.195639 
 -0.395599 -0.017113 0.197848 
 -0.401975 -0.000020 0.200058 
 -0.408350 0.017075 0.202268 
 -0.414725 0.034169 0.204477 
 -0.421101 0.051264 0.206687 
 -0.430172 0.062331 0.233795 
 -0.436563 0.079471 0.236011 
 -0.442956 0.096610 0.238226 
 -0.449347 0.113751 0.240442 
 -0.458503 0.125044 0.267580 
 -0.462132 0.148030 0.244873 
 -0.468524 0.165170 0.247087 
 -0.472102 0.188019 0.224364 
 -0.121789 -0.730120 -0.035868 
 -0.128071 -0.713274 -0.033691 
 -0.132405 -0.688259 -0.056134 
 -0.138670 -0.671459 -0.053963 
 -0.144937 -0.654658 -0.051791 
 -0.150203 -0.633841 -0.061939 
 -0.156459 -0.617064 -0.059771 
 -0.162717 -0.600285 -0.057602 
 -0.168974 -0.583508 -0.055434 
 -0.175231 -0.566729 -0.053265 
 -0.181488 -0.549952 -0.051097 
 -0.187745 -0.533174 -0.048927 
 -0.194003 -0.516397 -0.046759 
 -0.200260 -0.499618 -0.044590 
 -0.206517 -0.482840 -0.042422 
 -0.212774 -0.466063 -0.040253 
 -0.219032 -0.449284 -0.038085 
 -0.225289 -0.432507 -0.035915 
 -0.231547 -0.415729 -0.033747 
 -0.238921 -0.402651 -0.019218 
 -0.245187 -0.385851 -0.017046 
 -0.251452 -0.369051 -0.014875 
 -0.257718 -0.352250 -0.012704 
 -0.263984 -0.335449 -0.010532 
 -0.272569 -0.325823 0.016390 
 -0.281188 -0.316106 0.043323 
 -0.287487 -0.299216 0.045506 
 -0.293787 -0.282325 0.047689 
 -0.301280 -0.268931 0.062260 
 -0.309992 -0.258965 0.089225 
 -0.316317 -0.242007 0.091417 
 -0.322641 -0.225047 0.093609 
 -0.332648 -0.218307 0.132996 
 -0.298217 -0.089622 -0.274047 
 -0.304289 -0.073342 -0.271943 
 -0.310361 -0.057061 -0.269839 
 -0.318955 -0.047413 -0.242913 
 -0.325043 -0.031087 -0.240803 
 -0.331132 -0.014762 -0.238694 
 -0.337220 0.001564 -0.236583 
 -0.386038 -0.088546 0.175446 
 -0.392404 -0.071473 0.177653 
 -0.400082 -0.057582 0.192286 
 -0.409098 -0.046802 0.219357 
 -0.412833 -0.023393 0.196706 
 -0.419208 -0.006298 0.198915 
 -0.428275 0.004616 0.226003 
 -0.434666 0.021756 0.228219 
 -0.438334 0.044984 0.205544 
 -0.447450 0.056035 0.232649 
 -0.453843 0.073175 0.234864 
 -0.460235 0.090314 0.237080 
 -0.469419 0.101546 0.264209 
 -0.475828 0.118732 0.266431 
 -0.482237 0.135916 0.268652 
 -0.485804 0.158874 0.245942 
 -0.138771 -0.736308 -0.036993 
 -0.145054 -0.719462 -0.034816 
 -0.149342 -0.694431 -0.057258 
 -0.155609 -0.677630 -0.055087 
 -0.161874 -0.660830 -0.052915 
 -0.167117 -0.640004 -0.063062 
 -0.173374 -0.623227 -0.060892 
 -0.179632 -0.606448 -0.058724 
 -0.185888 -0.589671 -0.056555 
 -0.192146 -0.572893 -0.054387 
 -0.198403 -0.556115 -0.052218 
 -0.204660 -0.539337 -0.050050 
 -0.210918 -0.522560 -0.047880 
 -0.217174 -0.505781 -0.045712 
 -0.223432 -0.489004 -0.043543 
 -0.229689 -0.472226 -0.041375 
 -0.235947 -0.455447 -0.039206 
 -0.242203 -0.438670 -0.037038 
 -0.248461 -0.421893 -0.034870 
 -0.254718 -0.405114 -0.032700 
 -0.260976 -0.388336 -0.030532 
 -0.268390 -0.375222 -0.015999 
 -0.274656 -0.358421 -0.013826 
 -0.280921 -0.341621 -0.011655 
 -0.289552 -0.332011 0.015263 
 -0.295834 -0.315166 0.017440 
 -0.304516 -0.305421 0.044377 
 -0.310815 -0.288529 0.046560 
 -0.318331 -0.275143 0.061128 
 -0.327089 -0.265194 0.088091 
 -0.335880 -0.255156 0.115065 
 -0.302488 -0.128164 -0.279344 
 -0.308559 -0.111883 -0.277240 
 -0.314630 -0.095603 -0.275135 
 -0.320703 -0.079322 -0.273031 
 -0.326774 -0.063042 -0.270927 
 -0.335413 -0.053410 -0.244005 
 -0.341503 -0.037084 -0.241895 
 -0.347591 -0.020759 -0.239785 
 -0.353680 -0.004433 -0.237675 
 -0.363721 0.002192 -0.198304 
 -0.369835 0.018586 -0.196185 
 -0.417317 -0.063862 0.191144 
 -0.426378 -0.053099 0.218210 
 -0.432769 -0.035959 0.220426 
 -0.439162 -0.018819 0.222641 
 -0.445553 -0.001680 0.224857 
 -0.451946 0.015460 0.227073 
 -0.458338 0.032599 0.229288 
 -0.464730 0.049739 0.231504 
 -0.471123 0.066879 0.233718 
 -0.477514 0.084019 0.235934 
 -0.483907 0.101159 0.238149 
 -0.493153 0.112418 0.265282 
 -0.499562 0.129604 0.267503 
 -0.155754 -0.742496 -0.038121 
 -0.160014 -0.717403 -0.060552 
 -0.166280 -0.700602 -0.058381 
 -0.172546 -0.683802 -0.056210 
 -0.178811 -0.667002 -0.054038 
 -0.184032 -0.646168 -0.064183 
 -0.190289 -0.629390 -0.062015 
 -0.196546 -0.612612 -0.059845 
 -0.202803 -0.595834 -0.057677 
 -0.209061 -0.579057 -0.055508 
 -0.215318 -0.562278 -0.053340 
 -0.221575 -0.545500 -0.051171 
 -0.227832 -0.528723 -0.049003 
 -0.234089 -0.511944 -0.046834 
 -0.240347 -0.495167 -0.044665 
 -0.246603 -0.478389 -0.042497 
 -0.252861 -0.461611 -0.040328 
 -0.259118 -0.444833 -0.038160 
 -0.265376 -0.428056 -0.035991 
 -0.272796 -0.414995 -0.021465 
 -0.279062 -0.398193 -0.019293 
 -0.285327 -0.381393 -0.017122 
 -0.291593 -0.364593 -0.014950 
 -0.297858 -0.347792 -0.012779 
 -0.304125 -0.330992 -0.010607 
 -0.312817 -0.321354 0.016314 
 -0.319100 -0.304508 0.018491 
 -0.325383 -0.287662 0.020669 
 -0.331665 -0.270817 0.022846 
 -0.309253 -0.173687 -0.259868 
 -0.312829 -0.150424 -0.282537 
 -0.318901 -0.134145 -0.280433 
 -0.324972 -0.117864 -0.278328 
 -0.331043 -0.101584 -0.276224 
 -0.337116 -0.085303 -0.274120 
 -0.343187 -0.069023 -0.272015 
 -0.351872 -0.059407 -0.245097 
 -0.357961 -0.043081 -0.242987 
 -0.365373 -0.030043 -0.228464 
 -0.374134 -0.020224 -0.201519 
 -0.380247 -0.003831 -0.199400 
 -0.386362 0.012564 -0.197281 
 -0.446388 -0.065742 0.241920 
 -0.452797 -0.048558 0.244141 
 -0.459207 -0.031373 0.246363 
 -0.465615 -0.014189 0.248584 
 -0.473423 -0.000087 0.263244 
 -0.478433 0.020182 0.253026 
 -0.484843 0.037366 0.255248 
 -0.491252 0.054551 0.257469 
 -0.494794 0.077723 0.234787 
 -0.501186 0.094863 0.237003 
 -0.174790 -0.756994 -0.014646 
 -0.179020 -0.731839 -0.037070 
 -0.183217 -0.706774 -0.059505 
 -0.189483 -0.689974 -0.057333 
 -0.195748 -0.673172 -0.055162 
 -0.200946 -0.652331 -0.065305 
 -0.207203 -0.635553 -0.063136 
 -0.213461 -0.618775 -0.060968 
 -0.219718 -0.601997 -0.058799 
 -0.225976 -0.585220 -0.056630 
 -0.232232 -0.568441 -0.054462 
 -0.238490 -0.551664 -0.052293 
 -0.244747 -0.534886 -0.050125 
 -0.251004 -0.518107 -0.047956 
 -0.257261 -0.501330 -0.045788 
 -0.263518 -0.484552 -0.043618 
 -0.269776 -0.467774 -0.041450 
 -0.276033 -0.450996 -0.039281 
 -0.282290 -0.434219 -0.037113 
 -0.288547 -0.417441 -0.034944 
 -0.295999 -0.404365 -0.020417 
 -0.301062 -0.383885 -0.030607 
 -0.308530 -0.370764 -0.016074 
 -0.317236 -0.361233 0.010833 
 -0.323518 -0.344388 0.013010 
 -0.329801 -0.327542 0.015188 
 -0.336083 -0.310696 0.017365 
 -0.342366 -0.293851 0.019542 
 -0.348649 -0.277005 0.021721 
 -0.325711 -0.179683 -0.260960 
 -0.331800 -0.163358 -0.258850 
 -0.335314 -0.140124 -0.281522 
 -0.343977 -0.130707 -0.254629 
 -0.350065 -0.114381 -0.252519 
 -0.353529 -0.091283 -0.275209 
 -0.359600 -0.075002 -0.273104 
 -0.368331 -0.065404 -0.246188 
 -0.374419 -0.049078 -0.244078 
 -0.384547 -0.042639 -0.204735 
 -0.392016 -0.029518 -0.190202 
 -0.398138 -0.013102 -0.188080 
 -0.404260 0.003314 -0.185958 
 -0.463713 -0.072056 0.240771 
 -0.470123 -0.054870 0.242993 
 -0.477937 -0.040823 0.257645 
 -0.484354 -0.023616 0.259869 
 -0.490772 -0.006408 0.262094 
 -0.495759 0.013869 0.251877 
 -0.502168 0.031054 0.254099 
 -0.508576 0.048238 0.256319 
 -0.196004 -0.738027 -0.038195 
 -0.200155 -0.712946 -0.060628 
 -0.206421 -0.696144 -0.058456 
 -0.212686 -0.679344 -0.056285 
 -0.218952 -0.662544 -0.054113 
 -0.225217 -0.645744 -0.051942 
 -0.230376 -0.624938 -0.062090 
 -0.236632 -0.608160 -0.059921 
 -0.242890 -0.591383 -0.057753 
 -0.246881 -0.566731 -0.080240 
 -0.255405 -0.557827 -0.053415 
 -0.261661 -0.541049 -0.051246 
 -0.267919 -0.524271 -0.049078 
 -0.274176 -0.507493 -0.046909 
 -0.280434 -0.490716 -0.044741 
 -0.286690 -0.473938 -0.042572 
 -0.292947 -0.457160 -0.040403 
 -0.299205 -0.440382 -0.038234 
 -0.305462 -0.423605 -0.036066 
 -0.311720 -0.406826 -0.033897 
 -0.317976 -0.390048 -0.031729 
 -0.324234 -0.373271 -0.029561 
 -0.331734 -0.360136 -0.015026 
 -0.337999 -0.343336 -0.012854 
 -0.344265 -0.326534 -0.010683 
 -0.350531 -0.309734 -0.008511 
 -0.356796 -0.292934 -0.006339 
 -0.363061 -0.276133 -0.004168 
 -0.343463 -0.189187 -0.249668 
 -0.349560 -0.172839 -0.247555 
 -0.354348 -0.153029 -0.257831 
 -0.361754 -0.140143 -0.243329 
 -0.366525 -0.120378 -0.253610 
 -0.372613 -0.104052 -0.251500 
 -0.378702 -0.087727 -0.249390 
 -0.386142 -0.074750 -0.234876 
 -0.392239 -0.058401 -0.232764 
 -0.401075 -0.048661 -0.205831 
 -0.408566 -0.035548 -0.191299 
 -0.414688 -0.019132 -0.189177 
 -0.423599 -0.009189 -0.162217 
 -0.429738 0.007272 -0.160090 
 -0.495284 -0.047145 0.256495 
 -0.501702 -0.029937 0.258718 
 -0.508119 -0.012729 0.260943 
 -0.215147 -0.752512 -0.014722 
 -0.219269 -0.727369 -0.037144 
 -0.223358 -0.702316 -0.059580 
 -0.229624 -0.685516 -0.057409 
 -0.235889 -0.668715 -0.055236 
 -0.242155 -0.651915 -0.053065 
 -0.247290 -0.631101 -0.063211 
 -0.253547 -0.614324 -0.061043 
 -0.259805 -0.597546 -0.058874 
 -0.266062 -0.580768 -0.056706 
 -0.272319 -0.563990 -0.054537 
 -0.278576 -0.547213 -0.052369 
 -0.284834 -0.530434 -0.050199 
 -0.291091 -0.513656 -0.048031 
 -0.297348 -0.496879 -0.045862 
 -0.304811 -0.483910 -0.031350 
 -0.309862 -0.463323 -0.041526 
 -0.316120 -0.446545 -0.039357 
 -0.323608 -0.433509 -0.024835 
 -0.329875 -0.416709 -0.022664 
 -0.334891 -0.396212 -0.032851 
 -0.342405 -0.383108 -0.018321 
 -0.348671 -0.366308 -0.016150 
 -0.354937 -0.349506 -0.013977 
 -0.361203 -0.332706 -0.011806 
 -0.367468 -0.315906 -0.009634 
 -0.373733 -0.299105 -0.007463 
 -0.380000 -0.282305 -0.005291 
 -0.359945 -0.195193 -0.250761 
 -0.366042 -0.178845 -0.248648 
 -0.372139 -0.162496 -0.246534 
 -0.378236 -0.146148 -0.244421 
 -0.382983 -0.126375 -0.254703 
 -0.389071 -0.110049 -0.252591 
 -0.395160 -0.093724 -0.250482 
 -0.401248 -0.077398 -0.248372 
 -0.408721 -0.064407 -0.233856 
 -0.417602 -0.054683 -0.206927 
 -0.425116 -0.041579 -0.192397 
 -0.434056 -0.031697 -0.165446 
 -0.440195 -0.015235 -0.163318 
 -0.447760 -0.001996 -0.148771 
 -0.453907 0.014488 -0.146640 
 -0.233278 -0.762874 -0.003553 
 -0.238474 -0.741827 -0.013669 
 -0.244774 -0.724935 -0.011485 
 -0.248817 -0.699866 -0.033916 
 -0.255100 -0.683020 -0.031739 
 -0.259093 -0.658087 -0.054189 
 -0.265358 -0.641287 -0.052017 
 -0.271623 -0.624485 -0.049846 
 -0.276719 -0.603709 -0.059996 
 -0.282976 -0.586931 -0.057827 
 -0.289234 -0.570153 -0.055659 
 -0.295491 -0.553376 -0.053491 
 -0.301748 -0.536598 -0.051322 
 -0.308005 -0.519820 -0.049154 
 -0.314263 -0.503042 -0.046984 
 -0.321749 -0.490082 -0.032474 
 -0.326778 -0.469486 -0.042647 
 -0.334280 -0.456481 -0.028131 
 -0.339292 -0.435931 -0.038310 
 -0.345549 -0.419152 -0.036142 
 -0.351806 -0.402375 -0.033972 
 -0.359343 -0.389280 -0.019444 
 -0.365609 -0.372478 -0.017273 
 -0.371874 -0.355678 -0.015101 
 -0.378140 -0.338878 -0.012930 
 -0.384405 -0.322077 -0.010758 
 -0.390672 -0.305277 -0.008587 
 -0.396937 -0.288477 -0.006414 
 -0.379104 -0.208246 -0.227093 
 -0.385218 -0.191853 -0.224974 
 -0.391331 -0.175460 -0.222855 
 -0.394717 -0.152154 -0.245515 
 -0.400814 -0.135806 -0.243402 
 -0.406911 -0.119457 -0.241288 
 -0.413009 -0.103109 -0.239175 
 -0.419106 -0.086761 -0.237062 
 -0.428015 -0.077098 -0.210141 
 -0.435544 -0.064025 -0.195616 
 -0.444512 -0.054206 -0.168674 
 -0.452083 -0.041019 -0.154134 
 -0.458230 -0.024535 -0.152004 
 -0.464378 -0.008051 -0.149873 
 -0.470526 0.008433 -0.147742 
 -0.255503 -0.748031 -0.014798 
 -0.259518 -0.722900 -0.037220 
 -0.265801 -0.706054 -0.035044 
 -0.272083 -0.689208 -0.032865 
 -0.278366 -0.672363 -0.030688 
 -0.282296 -0.647457 -0.053140 
 -0.288562 -0.630657 -0.050969 
 -0.293634 -0.609873 -0.061119 
 -0.299891 -0.593094 -0.058949 
 -0.306149 -0.576316 -0.056781 
 -0.312405 -0.559539 -0.054612 
 -0.318663 -0.542761 -0.052444 
 -0.324920 -0.525983 -0.050275 
 -0.331178 -0.509205 -0.048107 
 -0.337434 -0.492428 -0.045937 
 -0.343692 -0.475649 -0.043769 
 -0.351218 -0.462653 -0.029254 
 -0.356207 -0.442094 -0.039432 
 -0.363749 -0.429052 -0.024911 
 -0.368720 -0.408538 -0.035095 
 -0.376281 -0.395450 -0.020568 
 -0.382546 -0.378650 -0.018395 
 -0.388811 -0.361850 -0.016224 
 -0.395077 -0.345049 -0.014053 
 -0.401343 -0.328249 -0.011881 
 -0.407609 -0.311449 -0.009710 
 -0.393577 -0.241326 -0.193180 
 -0.396993 -0.217800 -0.215810 
 -0.403115 -0.201384 -0.213689 
 -0.407858 -0.181481 -0.223951 
 -0.413973 -0.165088 -0.221832 
 -0.420086 -0.148695 -0.219714 
 -0.426201 -0.132301 -0.217595 
 -0.432315 -0.115908 -0.215476 
 -0.438428 -0.099514 -0.213357 
 -0.445972 -0.086472 -0.198836 
 -0.454969 -0.076713 -0.171903 
 -0.462553 -0.063558 -0.157367 
 -0.468701 -0.047074 -0.155236 
 -0.474849 -0.030590 -0.153106 
 -0.483939 -0.020583 -0.126142 
 -0.490104 -0.004053 -0.124005 
 -0.272532 -0.754236 -0.015927 
 -0.278831 -0.737344 -0.013744 
 -0.285131 -0.720454 -0.011561 
 -0.289065 -0.695396 -0.033992 
 -0.295348 -0.678551 -0.031814 
 -0.301631 -0.661705 -0.029637 
 -0.305499 -0.636829 -0.052093 
 -0.311764 -0.620028 -0.049921 
 -0.318031 -0.603228 -0.047749 
 -0.324296 -0.586428 -0.045578 
 -0.329320 -0.565702 -0.055734 
 -0.335578 -0.548925 -0.053565 
 -0.341835 -0.532146 -0.051397 
 -0.348092 -0.515369 -0.049228 
 -0.355624 -0.502425 -0.034720 
 -0.360607 -0.481812 -0.044890 
 -0.368156 -0.468824 -0.030376 
 -0.374421 -0.452024 -0.028205 
 -0.380686 -0.435223 -0.026034 
 -0.385636 -0.414701 -0.036217 
 -0.393218 -0.401622 -0.021691 
 -0.399483 -0.384822 -0.019519 
 -0.405750 -0.368021 -0.017348 
 -0.412015 -0.351221 -0.015176 
 -0.418280 -0.334421 -0.013005 
 -0.424546 -0.317621 -0.010834 
 -0.410173 -0.247373 -0.194280 
 -0.416312 -0.230912 -0.192153 
 -0.419666 -0.207414 -0.214787 
 -0.425787 -0.190998 -0.212665 
 -0.430500 -0.171110 -0.222928 
 -0.436614 -0.154716 -0.220810 
 -0.442728 -0.138323 -0.218691 
 -0.448842 -0.121930 -0.216572 
 -0.456399 -0.108918 -0.202055 
 -0.465425 -0.099221 -0.175131 
 -0.473025 -0.086097 -0.160599 
 -0.482109 -0.076241 -0.133656 
 -0.488274 -0.059713 -0.131519 
 -0.494438 -0.043184 -0.129383 
 -0.500603 -0.026655 -0.127246 
 -0.506767 -0.010126 -0.125110 
 -0.289560 -0.760440 -0.017056 
 -0.295860 -0.743550 -0.014873 
 -0.299766 -0.718431 -0.037295 
 -0.308459 -0.709768 -0.010507 
 -0.312331 -0.684739 -0.032941 
 -0.318614 -0.667894 -0.030763 
 -0.322436 -0.643001 -0.053216 
 -0.328702 -0.626200 -0.051044 
 -0.333721 -0.605422 -0.061193 
 -0.339978 -0.588643 -0.059025 
 -0.347500 -0.575798 -0.044530 
 -0.352492 -0.555088 -0.054687 
 -0.358749 -0.538309 -0.052518 
 -0.365007 -0.521532 -0.050350 
 -0.371264 -0.504754 -0.048182 
 -0.377522 -0.487976 -0.046013 
 -0.385093 -0.474995 -0.031500 
 -0.391359 -0.458195 -0.029329 
 -0.397624 -0.441395 -0.027158 
 -0.403890 -0.424594 -0.024986 
 -0.410155 -0.407794 -0.022815 
 -0.419135 -0.398363 0.004074 
 -0.422687 -0.374193 -0.018471 
 -0.428952 -0.357393 -0.016299 
 -0.437981 -0.347826 0.010606 
 -0.441484 -0.323791 -0.011956 
 -0.426768 -0.253420 -0.195381 
 -0.430093 -0.229861 -0.218006 
 -0.436215 -0.213445 -0.215884 
 -0.440914 -0.193525 -0.226144 
 -0.447027 -0.177132 -0.224026 
 -0.453141 -0.160738 -0.221906 
 -0.459255 -0.144345 -0.219787 
 -0.466827 -0.131365 -0.205275 
 -0.472949 -0.114949 -0.203153 
 -0.482020 -0.105269 -0.176232 
 -0.489643 -0.092152 -0.161703 
 -0.498773 -0.082314 -0.134761 
 -0.504937 -0.065785 -0.132625 
 -0.511102 -0.049256 -0.130488 
 -0.518784 -0.035981 -0.115937 
 -0.524956 -0.019430 -0.113797 
 -0.306589 -0.766646 -0.018186 
 -0.310467 -0.741464 -0.040599 
 -0.319189 -0.732864 -0.013820 
 -0.325487 -0.715972 -0.011637 
 -0.331787 -0.699082 -0.009453 
 -0.338086 -0.682191 -0.007270 
 -0.341880 -0.657236 -0.029712 
 -0.345640 -0.632372 -0.052168 
 -0.351905 -0.615571 -0.049997 
 -0.358171 -0.598770 -0.047824 
 -0.364437 -0.581970 -0.045653 
 -0.370702 -0.565170 -0.043481 
 -0.376967 -0.548369 -0.041310 
 -0.383234 -0.531569 -0.039139 
 -0.389499 -0.514769 -0.036967 
 -0.395765 -0.497967 -0.034796 
 -0.402031 -0.481167 -0.032624 
 -0.408296 -0.464367 -0.030452 
 -0.414562 -0.447566 -0.028280 
 -0.420827 -0.430766 -0.026109 
 -0.427093 -0.413966 -0.023938 
 -0.433359 -0.397165 -0.021766 
 -0.439624 -0.380365 -0.019595 
 -0.445889 -0.363564 -0.017423 
 -0.452156 -0.346763 -0.015252 
 -0.458421 -0.329963 -0.013079 
 -0.443363 -0.259467 -0.196482 
 -0.449502 -0.243005 -0.194354 
 -0.455641 -0.226544 -0.192227 
 -0.458888 -0.203059 -0.214859 
 -0.463554 -0.183153 -0.225122 
 -0.469668 -0.166760 -0.223003 
 -0.475783 -0.150367 -0.220884 
 -0.486337 -0.144238 -0.181588 
 -0.492477 -0.127777 -0.179460 
 -0.500113 -0.114691 -0.164935 
 -0.506261 -0.098207 -0.162805 
 -0.515438 -0.088386 -0.135866 
 -0.521602 -0.071857 -0.133730 
 -0.529297 -0.058613 -0.119183 
 -0.535471 -0.042061 -0.117044 
 -0.541643 -0.025510 -0.114904 
 -0.329917 -0.755959 -0.017132 
 -0.336217 -0.739068 -0.014949 
 -0.342516 -0.722177 -0.012765 
 -0.348816 -0.705287 -0.010582 
 -0.355114 -0.688395 -0.008399 
 -0.361414 -0.671505 -0.006217 
 -0.367713 -0.654613 -0.004032 
 -0.368843 -0.621742 -0.051120 
 -0.377710 -0.612887 -0.024307 
 -0.381374 -0.588142 -0.046777 
 -0.387640 -0.571341 -0.044605 
 -0.393906 -0.554541 -0.042434 
 -0.400171 -0.537741 -0.040261 
 -0.406436 -0.520939 -0.038090 
 -0.412703 -0.504139 -0.035919 
 -0.418968 -0.487339 -0.033747 
 -0.425234 -0.470538 -0.031576 
 -0.431499 -0.453738 -0.029404 
 -0.437765 -0.436938 -0.027233 
 -0.444031 -0.420137 -0.025061 
 -0.450296 -0.403336 -0.022889 
 -0.456562 -0.386536 -0.020718 
 -0.462828 -0.369735 -0.018546 
 -0.469093 -0.352935 -0.016375 
 -0.475358 -0.336135 -0.014203 
 -0.459959 -0.265514 -0.197583 
 -0.463192 -0.241922 -0.220201 
 -0.472237 -0.232592 -0.193327 
 -0.475437 -0.209090 -0.215958 
 -0.481559 -0.192674 -0.213836 
 -0.487682 -0.176258 -0.211714 
 -0.493804 -0.159842 -0.209593 
 -0.502933 -0.150284 -0.182689 
 -0.509072 -0.133823 -0.180561 
 -0.516732 -0.120746 -0.166037 
 -0.522880 -0.104263 -0.163907 
 -0.532101 -0.094458 -0.136971 
 -0.538265 -0.077928 -0.134835 
 -0.544430 -0.061399 -0.132698 
 -0.550594 -0.044870 -0.130563 
 -0.556759 -0.028341 -0.128426 
 -0.346946 -0.762164 -0.018262 
 -0.353245 -0.745273 -0.016079 
 -0.359544 -0.728381 -0.013895 
 -0.365844 -0.711491 -0.011712 
 -0.373433 -0.698671 0.002778 
 -0.378443 -0.677709 -0.007346 
 -0.384743 -0.660819 -0.005162 
 -0.391041 -0.643927 -0.002979 
 -0.394693 -0.619075 -0.025433 
 -0.400976 -0.602229 -0.023256 
 -0.407259 -0.585384 -0.021078 
 -0.410843 -0.560713 -0.043557 
 -0.417108 -0.543911 -0.041385 
 -0.423375 -0.527111 -0.039214 
 -0.429640 -0.510311 -0.037043 
 -0.435905 -0.493510 -0.034871 
 -0.442171 -0.476710 -0.032700 
 -0.448437 -0.459910 -0.030527 
 -0.454702 -0.443109 -0.028356 
 -0.460968 -0.426308 -0.026184 
 -0.467234 -0.409508 -0.024013 
 -0.473500 -0.392707 -0.021841 
 -0.479765 -0.375907 -0.019670 
 -0.484580 -0.355466 -0.029861 
 -0.487920 -0.331449 -0.052424 
 -0.494160 -0.314717 -0.050261 
 -0.484170 -0.258673 -0.184184 
 -0.488833 -0.238638 -0.194428 
 -0.494972 -0.222177 -0.192300 
 -0.501111 -0.205716 -0.190173 
 -0.507250 -0.189255 -0.188045 
 -0.513390 -0.172793 -0.185917 
 -0.519529 -0.156332 -0.183790 
 -0.525668 -0.139871 -0.181662 
 -0.533350 -0.126802 -0.167139 
 -0.539498 -0.110318 -0.165009 
 -0.548766 -0.100530 -0.138077 
 -0.556498 -0.087326 -0.123536 
 -0.561094 -0.067472 -0.133804 
 -0.567259 -0.050943 -0.131667 
 -0.573423 -0.034413 -0.129531 
 -0.376574 -0.734587 -0.015024 
 -0.382872 -0.717696 -0.012841 
 -0.390485 -0.704884 0.001648 
 -0.395471 -0.683914 -0.008476 
 -0.401771 -0.667023 -0.006291 
 -0.408070 -0.650132 -0.004109 
 -0.411677 -0.625264 -0.026560 
 -0.417959 -0.608417 -0.024382 
 -0.424242 -0.591572 -0.022205 
 -0.430525 -0.574726 -0.020028 
 -0.434046 -0.550083 -0.042508 
 -0.440312 -0.533283 -0.040337 
 -0.446577 -0.516482 -0.038165 
 -0.452842 -0.499682 -0.035994 
 -0.461937 -0.490498 -0.009141 
 -0.465374 -0.466080 -0.031651 
 -0.474502 -0.456807 -0.004786 
 -0.477906 -0.432480 -0.027308 
 -0.484171 -0.415679 -0.025137 
 -0.490437 -0.398879 -0.022964 
 -0.496702 -0.382079 -0.020793 
 -0.501495 -0.361629 -0.030982 
 -0.503308 -0.333969 -0.065907 
 -0.505070 -0.306445 -0.100848 
 -0.503785 -0.271893 -0.160547 
 -0.506936 -0.248245 -0.183156 
 -0.513084 -0.231761 -0.181025 
 -0.519230 -0.215277 -0.178894 
 -0.525378 -0.198793 -0.176764 
 -0.531526 -0.182309 -0.174633 
 -0.537674 -0.165826 -0.172502 
 -0.543822 -0.149341 -0.170372 
 -0.549968 -0.132857 -0.168241 
 -0.556116 -0.116373 -0.166110 
 -0.562264 -0.099889 -0.163980 
 -0.573184 -0.093406 -0.124643 
 -0.577758 -0.073543 -0.134909 
 -0.588746 -0.066879 -0.095549 
 -0.594936 -0.050281 -0.093403 
 -0.407536 -0.711097 0.000517 
 -0.409812 -0.681989 -0.034218 
 -0.418799 -0.673228 -0.007421 
 -0.426460 -0.660357 0.007074 
 -0.431398 -0.639446 -0.003055 
 -0.437698 -0.622556 -0.000871 
 -0.443997 -0.605664 0.001312 
 -0.450297 -0.588773 0.003495 
 -0.456595 -0.571883 0.005678 
 -0.457249 -0.539454 -0.041461 
 -0.463514 -0.522654 -0.039289 
 -0.475494 -0.521209 0.012228 
 -0.478920 -0.496686 -0.010267 
 -0.485203 -0.479840 -0.008090 
 -0.491485 -0.462995 -0.005912 
 -0.497768 -0.446149 -0.003735 
 -0.501109 -0.421851 -0.026260 
 -0.507374 -0.405051 -0.024088 
 -0.513640 -0.388251 -0.021917 
 -0.518409 -0.367792 -0.032105 
 -0.521659 -0.343742 -0.054661 
 -0.523361 -0.316171 -0.089595 
 -0.525013 -0.288735 -0.124546 
 -0.526613 -0.261436 -0.159516 
 -0.529702 -0.237816 -0.182127 
 -0.535849 -0.221332 -0.179996 
 -0.541996 -0.204849 -0.177867 
 -0.548144 -0.188365 -0.175736 
 -0.554292 -0.171881 -0.173606 
 -0.560440 -0.155396 -0.171475 
 -0.566587 -0.138912 -0.169344 
 -0.572734 -0.122428 -0.167214 
 -0.582094 -0.112674 -0.140287 
 -0.588258 -0.096145 -0.138151 
 -0.594422 -0.079614 -0.136015 
 -0.600587 -0.063086 -0.133878 
 -0.606751 -0.046557 -0.131742 
 -0.426796 -0.688177 -0.035344 
 -0.435828 -0.679432 -0.008550 
 -0.443512 -0.666570 0.005944 
 -0.448427 -0.645651 -0.004185 
 -0.456128 -0.632743 0.010317 
 -0.461026 -0.611869 0.000182 
 -0.467325 -0.594978 0.002365 
 -0.475051 -0.582002 0.016874 
 -0.479924 -0.561197 0.006732 
 -0.486224 -0.544305 0.008915 
 -0.493974 -0.531262 0.023433 
 -0.498822 -0.510523 0.013282 
 -0.505121 -0.493633 0.015465 
 -0.511421 -0.476742 0.017648 
 -0.514750 -0.452337 -0.004862 
 -0.521033 -0.435491 -0.002684 
 -0.527315 -0.418646 -0.000507 
 -0.530578 -0.394422 -0.023040 
 -0.535324 -0.373955 -0.033227 
 -0.538527 -0.349889 -0.055780 
 -0.543233 -0.329536 -0.065982 
 -0.544833 -0.302030 -0.100922 
 -0.544829 -0.271083 -0.148251 
 -0.549442 -0.250978 -0.158484 
 -0.555606 -0.234449 -0.156347 
 -0.558615 -0.210904 -0.178969 
 -0.564762 -0.194420 -0.176838 
 -0.570910 -0.177936 -0.174708 
 -0.577058 -0.161451 -0.172577 
 -0.586428 -0.151803 -0.145666 
 -0.592593 -0.135274 -0.143529 
 -0.600386 -0.122118 -0.128996 
 -0.606558 -0.105566 -0.126857 
 -0.612731 -0.089014 -0.124717 
 -0.618905 -0.072463 -0.122578 
 -0.625077 -0.055911 -0.120438 
 -0.631250 -0.039359 -0.118300 
 -0.454255 -0.689697 0.002627 
 -0.460563 -0.672784 0.004813 
 -0.465456 -0.651856 -0.005314 
 -0.473179 -0.638956 0.009185 
 -0.479486 -0.622042 0.011372 
 -0.485795 -0.605129 0.013558 
 -0.492102 -0.588216 0.015744 
 -0.498409 -0.571302 0.017930 
 -0.504718 -0.554389 0.020117 
 -0.511025 -0.537475 0.022302 
 -0.517334 -0.520562 0.024488 
 -0.522151 -0.499838 0.014336 
 -0.528449 -0.482946 0.016518 
 -0.534749 -0.466056 0.018703 
 -0.538016 -0.441680 -0.003811 
 -0.544299 -0.424834 -0.001633 
 -0.547515 -0.400593 -0.024164 
 -0.552239 -0.380118 -0.034348 
 -0.555397 -0.356036 -0.056899 
 -0.560079 -0.335674 -0.067099 
 -0.561610 -0.308143 -0.102035 
 -0.564667 -0.284332 -0.124621 
 -0.566105 -0.257049 -0.159590 
 -0.572270 -0.240520 -0.157453 
 -0.578434 -0.223991 -0.155316 
 -0.584598 -0.207462 -0.153180 
 -0.590763 -0.190934 -0.151044 
 -0.596927 -0.174405 -0.148908 
 -0.603092 -0.157876 -0.146771 
 -0.609256 -0.141347 -0.144635 
 -0.617072 -0.128198 -0.130103 
 -0.623245 -0.111646 -0.127963 
 -0.627750 -0.091759 -0.138225 
 -0.635591 -0.078543 -0.123684 
 -0.640078 -0.058701 -0.133952 
 -0.646243 -0.042172 -0.131816 
 -0.471306 -0.695909 0.001495 
 -0.477615 -0.678996 0.003682 
 -0.482485 -0.658061 -0.006444 
 -0.490230 -0.645169 0.008054 
 -0.496538 -0.628256 0.010240 
 -0.502846 -0.611342 0.012427 
 -0.509154 -0.594429 0.014613 
 -0.515462 -0.577515 0.016799 
 -0.521769 -0.560602 0.018985 
 -0.531070 -0.551416 0.045835 
 -0.534385 -0.526774 0.023358 
 -0.540692 -0.509861 0.025543 
 -0.547001 -0.492947 0.027729 
 -0.551778 -0.472260 0.017573 
 -0.554999 -0.447868 -0.004937 
 -0.561282 -0.431022 -0.002760 
 -0.564453 -0.406765 -0.025287 
 -0.569155 -0.386282 -0.035470 
 -0.572266 -0.362182 -0.058019 
 -0.576924 -0.341813 -0.068217 
 -0.578388 -0.314257 -0.103148 
 -0.584595 -0.297615 -0.100996 
 -0.584376 -0.266691 -0.148325 
 -0.588934 -0.246593 -0.158559 
 -0.595099 -0.230064 -0.156422 
 -0.601263 -0.213535 -0.154285 
 -0.607427 -0.197005 -0.152149 
 -0.613592 -0.180476 -0.150012 
 -0.619756 -0.163947 -0.147877 
 -0.622589 -0.140594 -0.170520 
 -0.632085 -0.130889 -0.143604 
 -0.639931 -0.117726 -0.129070 
 -0.644414 -0.097831 -0.139330 
 -0.650579 -0.081302 -0.137194 
 -0.656743 -0.064772 -0.135057 
 -0.662907 -0.048243 -0.132921 
 -0.494666 -0.685209 0.002550 
 -0.499513 -0.664265 -0.007572 
 -0.505813 -0.647375 -0.005389 
 -0.513589 -0.634469 0.009109 
 -0.519898 -0.617555 0.011295 
 -0.529193 -0.608522 0.038125 
 -0.535518 -0.591564 0.040317 
 -0.541843 -0.574604 0.042509 
 -0.548167 -0.557646 0.044702 
 -0.554492 -0.540687 0.046893 
 -0.557744 -0.516074 0.024413 
 -0.564052 -0.499161 0.026599 
 -0.568806 -0.478465 0.016444 
 -0.571983 -0.454056 -0.006063 
 -0.578264 -0.437210 -0.003886 
 -0.581390 -0.412937 -0.026410 
 -0.586069 -0.392445 -0.036593 
 -0.592326 -0.375667 -0.034423 
 -0.593772 -0.347951 -0.069334 
 -0.596779 -0.323994 -0.091899 
 -0.601373 -0.303728 -0.102109 
 -0.604321 -0.279929 -0.124695 
 -0.607235 -0.256220 -0.147292 
 -0.611762 -0.236135 -0.157528 
 -0.617927 -0.219607 -0.155391 
 -0.624091 -0.203078 -0.153254 
 -0.630256 -0.186549 -0.151118 
 -0.636420 -0.170020 -0.148981 
 -0.639209 -0.146650 -0.171623 
 -0.650446 -0.140358 -0.132316 
 -0.660028 -0.130556 -0.105388 
 -0.662792 -0.107255 -0.128037 
 -0.672408 -0.097362 -0.101097 
 -0.678598 -0.080766 -0.098953 
 -0.522841 -0.653579 -0.006519 
 -0.533641 -0.648669 0.032607 
 -0.539966 -0.631710 0.034799 
 -0.543257 -0.606855 0.012350 
 -0.549565 -0.589941 0.014537 
 -0.555872 -0.573027 0.016723 
 -0.565265 -0.563875 0.043567 
 -0.571589 -0.546917 0.045759 
 -0.577914 -0.529958 0.047951 
 -0.581104 -0.505374 0.025468 
 -0.587411 -0.488460 0.027654 
 -0.592134 -0.467779 0.017497 
 -0.598434 -0.450889 0.019680 
 -0.598327 -0.419108 -0.027533 
 -0.604593 -0.402308 -0.025362 
 -0.609240 -0.381830 -0.035546 
 -0.610617 -0.354089 -0.070451 
 -0.613580 -0.330115 -0.093013 
 -0.618151 -0.309841 -0.103223 
 -0.621054 -0.286025 -0.125806 
 -0.623922 -0.262300 -0.148399 
 -0.630095 -0.245748 -0.146259 
 -0.636269 -0.229197 -0.144120 
 -0.640756 -0.209149 -0.154360 
 -0.646920 -0.192620 -0.152223 
 -0.653085 -0.176091 -0.150087 
 -0.659249 -0.159562 -0.147950 
 -0.667133 -0.146438 -0.133423 
 -0.676762 -0.136653 -0.106498 
 -0.679478 -0.113335 -0.129144 
 -0.685652 -0.096783 -0.127005 
 -0.695330 -0.086862 -0.100062 
 -0.557063 -0.637941 0.033666 
 -0.563388 -0.620981 0.035858 
 -0.569712 -0.604023 0.038049 
 -0.576037 -0.587064 0.040241 
 -0.582362 -0.570105 0.042433 
 -0.585539 -0.545414 0.019964 
 -0.591847 -0.528500 0.022150 
 -0.601336 -0.519228 0.049010 
 -0.604463 -0.494674 0.026523 
 -0.609163 -0.473983 0.016367 
 -0.617078 -0.460846 0.030895 
 -0.615266 -0.425280 -0.028657 
 -0.621531 -0.408480 -0.026486 
 -0.626155 -0.387994 -0.036667 
 -0.629113 -0.363890 -0.059212 
 -0.630381 -0.336237 -0.094126 
 -0.634929 -0.315954 -0.104336 
 -0.637786 -0.292123 -0.126915 
 -0.640609 -0.268381 -0.149506 
 -0.645090 -0.248279 -0.159737 
 -0.652954 -0.235277 -0.145227 
 -0.657419 -0.215222 -0.155465 
 -0.663584 -0.198691 -0.153329 
 -0.669748 -0.182162 -0.151192 
 -0.672445 -0.158760 -0.173827 
 -0.682077 -0.149105 -0.146919 
 -0.689992 -0.135966 -0.132390 
 -0.694406 -0.116047 -0.142646 
 -0.700570 -0.099518 -0.140509 
 -0.574160 -0.644170 0.032531 
 -0.580485 -0.627211 0.034723 
 -0.586810 -0.610252 0.036915 
 -0.593134 -0.593294 0.039107 
 -0.607398 -0.595821 0.102928 
 -0.613766 -0.578749 0.105134 
 -0.616923 -0.553973 0.082678 
 -0.615207 -0.517800 0.023205 
 -0.621514 -0.500887 0.025392 
 -0.622932 -0.472620 -0.009443 
 -0.629214 -0.455775 -0.007265 
 -0.632203 -0.431452 -0.029780 
 -0.638468 -0.414650 -0.027609 
 -0.644733 -0.397850 -0.025437 
 -0.645983 -0.370037 -0.060330 
 -0.647180 -0.342359 -0.095242 
 -0.653396 -0.325693 -0.093087 
 -0.657913 -0.305426 -0.103297 
 -0.660708 -0.281622 -0.125880 
 -0.661754 -0.254351 -0.160843 
 -0.667918 -0.237822 -0.158706 
 -0.675814 -0.224806 -0.144194 
 -0.680247 -0.204764 -0.154433 
 -0.686412 -0.188235 -0.152298 
 -0.689063 -0.164815 -0.174929 
 -0.695210 -0.148331 -0.172798 
 -0.704906 -0.138647 -0.145888 
 -0.707506 -0.115364 -0.168537 
 -0.713654 -0.098880 -0.166406 
 -0.603907 -0.616482 0.035781 
 -0.618243 -0.619163 0.099579 
 -0.624610 -0.602092 0.101786 
 -0.630977 -0.585020 0.103993 
 -0.637344 -0.567949 0.106199 
 -0.640438 -0.543201 0.083740 
 -0.646789 -0.526174 0.085940 
 -0.639915 -0.478808 -0.010569 
 -0.649520 -0.469502 0.016291 
 -0.649140 -0.437622 -0.030904 
 -0.653728 -0.417098 -0.041080 
 -0.659984 -0.400320 -0.038912 
 -0.666242 -0.383541 -0.036742 
 -0.669092 -0.359450 -0.059287 
 -0.675332 -0.342718 -0.057124 
 -0.679852 -0.322374 -0.067323 
 -0.680898 -0.294897 -0.102258 
 -0.683630 -0.271122 -0.124844 
 -0.689820 -0.254525 -0.122699 
 -0.690747 -0.227364 -0.157675 
 -0.696912 -0.210835 -0.155539 
 -0.699534 -0.187354 -0.178161 
 -0.705682 -0.170871 -0.176031 
 -0.711830 -0.154387 -0.173901 
 -0.721569 -0.144720 -0.146994 
 -0.724124 -0.121419 -0.169640 
 -0.730272 -0.104935 -0.167509 
 -0.635455 -0.625436 0.098438 
 -0.649830 -0.595182 0.115177 
 -0.656205 -0.578089 0.117387 
 -0.660922 -0.557147 0.107264 
 -0.667288 -0.540076 0.109471 
 -0.675331 -0.526805 0.124015 
 -0.680022 -0.505933 0.113884 
 -0.664386 -0.440038 -0.044370 
 -0.670642 -0.423261 -0.042202 
 -0.676899 -0.406483 -0.040033 
 -0.683157 -0.389705 -0.037865 
 -0.685961 -0.365597 -0.060406 
 -0.692202 -0.348864 -0.058244 
 -0.696699 -0.328511 -0.068441 
 -0.699427 -0.304608 -0.091007 
 -0.695082 -0.266495 -0.163054 
 -0.701246 -0.249966 -0.160917 
 -0.707411 -0.233437 -0.158781 
 -0.710004 -0.209893 -0.181395 
 -0.716152 -0.193410 -0.179264 
 -0.678132 -0.563420 0.106123 
 -0.686190 -0.550178 0.120662 
 -0.692565 -0.533085 0.122872 
 