0.0064028497 0.091774292 0.74700004
0.0049799923 0.091774292 0.74700004
0.0035476112 0.091528572 0.74500006
0.0021285636 0.091528572 0.74500006
0.00070761109 0.091282859 0.74300003
-0.00070762704 0.091282859 0.74300003
0.009223802 0.090109527 0.74500006
0.0078257071 0.090351433 0.74700004
0.0063857068 0.090109527 0.74500006
0.004966659 0.090109527 0.74500006
0.0035380875 0.089867622 0.74300003
0.0021228492 0.089867622 0.74300003
0.00070665882 0.089746669 0.74200004
-0.00070667453 0.089746669 0.74200004
0.017785707 0.088928573 0.74700004
0.01636285 0.088928573 0.74700004
0.014939993 0.088928573 0.74700004
0.013517136 0.088928573 0.74700004
0.012061898 0.088690482 0.74500006
0.01064285 0.088690482 0.74500006
0.009223802 0.088690482 0.74500006
0.0077838018 0.088452384 0.74300003
0.006368564 0.088452384 0.74300003
0.0049533257 0.088452384 0.74300003
0.0035380877 0.088452384 0.74300003
0.0021199924 0.088333338 0.74200004
0.00070665893 0.088333338 0.74200004
-0.00070667441 0.088333338 0.74200004
-0.0021200078 0.088333338 0.74200004
-0.0035333412 0.088333338 0.74200004
0.020576185 0.08727143 0.74500006
0.019208565 0.087505721 0.74700004
0.017785707 0.087505721 0.74700004
0.01631904 0.08727143 0.74500006
0.014859993 0.087037146 0.74300003
0.013444755 0.087037146 0.74300003
0.012029517 0.087037146 0.74300003
0.010614279 0.087037146 0.74300003
0.0091866599 0.086920001 0.74200004
0.0077733262 0.086920001 0.74200004
0.0063428497 0.086685717 0.74000001
0.004933326 0.086685717 0.74000001
0.0035238019 0.086685717 0.74000001
0.0021199924 0.086920001 0.74200004
0.00070475438 0.086685717 0.74000001
-0.00070476951 0.086685717 0.74000001
-0.0021200078 0.086920001 0.74200004
-0.0035333412 0.086920001 0.74200004
-0.0049533411 0.087037146 0.74300003
-0.0063857222 0.08727143 0.74500006
-0.0078047696 0.08727143 0.74500006
-0.0092485789 0.087505721 0.74700004
-0.010671437 0.087505721 0.74700004
0.020576185 0.085852385 0.74500006
0.019157136 0.085852385 0.74500006
0.017738089 0.085852385 0.74500006
0.01631904 0.085852385 0.74500006
0.014859993 0.085621908 0.74300003
0.013444755 0.085621908 0.74300003
0.012013326 0.08550667 0.74200004
0.010614279 0.085621908 0.74300003
0.0091866599 0.08550667 0.74200004
0.0077523738 0.085276194 0.74000001
0.0063428497 0.085276194 0.74000001
0.004933326 0.085276194 0.74000001
0.0035238022 0.085276194 0.74000001
0.0021142783 0.085276194 0.74000001
0.00070475449 0.085276194 0.74000001
-0.00070476939 0.085276194 0.74000001
-0.0021200075 0.08550667 0.74200004
-0.0035381028 0.085621908 0.74300003
-0.0049533411 0.085621908 0.74300003
-0.0063857222 0.085852385 0.74500006
-0.0078047696 0.085852385 0.74500006
-0.0092238169 0.085852385 0.74500006
-0.010642865 0.085852385 0.74500006
-0.012061913 0.085852385 0.74500006
-0.01348096 0.085852385 0.74500006
-0.014900008 0.085852385 0.74500006
-0.016319055 0.085852385 0.74500006
0.024766659 0.084206671 0.74300003
0.023351422 0.084206671 0.74300003
0.021936184 0.084206671 0.74300003
0.020576185 0.08443334 0.74500006
0.019157136 0.08443334 0.74500006
0.017738089 0.08443334 0.74500006
0.01631904 0.08443334 0.74500006
0.014859993 0.084206671 0.74300003
0.013444755 0.084206671 0.74300003
0.012013326 0.08409334 0.74200004
0.010599993 0.08409334 0.74200004
0.0091618979 0.083866671 0.74000001
0.0077523738 0.083866671 0.74000001
0.0063342783 0.08375334 0.73900002
0.0049266592 0.08375334 0.73900002
0.0035238024 0.083866671 0.74000001
0.0021142785 0.083866671 0.74000001
0.00070380222 0.08375334 0.73900002
-0.00070476928 0.083866671 0.74000001
-0.0021200075 0.08409334 0.74200004
-0.0035381028 0.084206671 0.74300003
-0.0049533411 0.084206671 0.74300003
-0.0063685793 0.084206671 0.74300003
-0.0078047696 0.08443334 0.74500006
-0.0092238169 0.08443334 0.74500006
-0.010614294 0.084206671 0.74300003
-0.012061913 0.08443334 0.74500006
-0.01348096 0.08443334 0.74500006
-0.014900008 0.08443334 0.74500006
-0.016319055 0.08443334 0.74500006
0.030837137 0.083905719 0.75300002
0.02940285 0.083905719 0.75300002
0.027968565 0.083905719 0.75300002
0.026252374 0.083014287 0.74500006
0.024766659 0.082791433 0.74300003
0.023351422 0.082791433 0.74300003
0.021995232 0.083014287 0.74500006
0.020576185 0.083014287 0.74500006
0.019157136 0.083014287 0.74500006
0.017738089 0.083014287 0.74500006
0.01631904 0.083014287 0.74500006
0.014859993 0.082791433 0.74300003
0.01342666 0.082680002 0.74200004
0.012013326 0.082680002 0.74200004
0.010599993 0.082680002 0.74200004
0.0091618979 0.082457148 0.74000001
0.0077418978 0.082345717 0.73900002
0.0063342787 0.082345717 0.73900002
0.0049266596 0.082345717 0.73900002
0.0035190405 0.082345717 0.73900002
0.0021114214 0.082345717 0.73900002
0.00070380233 0.082345717 0.73900002
-0.00070476916 0.082457148 0.74000001
-0.0021200073 0.082680002 0.74200004
-0.0035381026 0.082791433 0.74300003
-0.0049533411 0.082791433 0.74300003
-0.0063685793 0.082791433 0.74300003
-0.0077838171 0.082791433 0.74300003
-0.0091990558 0.082791433 0.74300003
-0.010614294 0.082791433 0.74300003
-0.012029531 0.082791433 0.74300003
-0.01344477 0.082791433 0.74300003
-0.014900008 0.083014287 0.74500006
-0.016319055 0.083014287 0.74500006
-0.017738104 0.083014287 0.74500006
0.030837137 0.08247143 0.75300002
0.029363804 0.082361907 0.75200003
0.027931422 0.082361907 0.75200003
0.026252374 0.081595242 0.74500006
0.024766659 0.081376195 0.74300003
0.023351422 0.081376195 0.74300003
0.021995232 0.081595242 0.74500006
0.020576185 0.081595242 0.74500006
0.019157136 0.081595242 0.74500006
0.017738089 0.081595242 0.74500006
0.01631904 0.081595242 0.74500006
0.014839993 0.081266671 0.74200004
0.01342666 0.081266671 0.74200004
0.012013326 0.081266671 0.74200004
0.010571421 0.081047624 0.74000001
0.0091495169 0.080938101 0.73900002
0.0077418978 0.080938101 0.73900002
0.0063171359 0.080719054 0.73700005
0.0049133264 0.080719054 0.73700005
0.0035095171 0.080719054 0.73700005
0.0021114217 0.080938101 0.73900002
0.00070380245 0.080938101 0.73900002
-0.00070381665 0.080938101 0.73900002
-0.0021200073 0.081266671 0.74200004
-0.0035381026 0.081376195 0.74300003
-0.0049533406 0.081376195 0.74300003
-0.0063685789 0.081376195 0.74300003
-0.0077838167 0.081376195 0.74300003
-0.0091990558 0.081376195 0.74300003
-0.010614294 0.081376195 0.74300003
-0.012029531 0.081376195 0.74300003
-0.01344477 0.081376195 0.74300003
-0.014860008 0.081376195 0.74300003
-0.016319055 0.081595242 0.74500006
-0.017738104 0.081595242 0.74500006
-0.019157151 0.081595242 0.74500006
0.032142852 0.080714285 0.75000006
0.030796183 0.080929525 0.75200003
0.029363804 0.080929525 0.75200003
0.027857136 0.080714285 0.75000006
0.026252374 0.080176197 0.74500006
0.024766659 0.079960957 0.74300003
0.023351422 0.079960957 0.74300003
0.021995232 0.080176197 0.74500006
0.020520946 0.079960957 0.74300003
0.019105708 0.079960957 0.74300003
0.017690469 0.079960957 0.74300003
0.016275231 0.079960957 0.74300003
0.014839994 0.079853334 0.74200004
0.013426661 0.079853334 0.74200004
0.011980946 0.079638101 0.74000001
0.010571422 0.079638101 0.74000001
0.0091495179 0.079530478 0.73900002
0.0077418978 0.079530478 0.73900002
0.0063171359 0.079315238 0.73700005
0.0049133264 0.079315238 0.73700005
0.0035095171 0.079315238 0.73700005
0.0021114217 0.079530478 0.73900002
0.00070189784 0.079315238 0.73700005
-0.00070381648 0.079530478 0.73900002
-0.0021200071 0.079853334 0.74200004
-0.0035333405 0.079853334 0.74200004
-0.0049533406 0.079960957 0.74300003
-0.0063685789 0.079960957 0.74300003
-0.0077838167 0.079960957 0.74300003
-0.0091990558 0.079960957 0.74300003
-0.010614294 0.079960957 0.74300003
-0.012029531 0.079960957 0.74300003
-0.01344477 0.079960957 0.74300003
-0.014860008 0.079960957 0.74300003
-0.016275246 0.079960957 0.74300003
-0.017738104 0.080176197 0.74500006
-0.019157151 0.080176197 0.74500006
0.032142852 0.079285719 0.75000006
0.030714279 0.079285719 0.75000006
0.029363804 0.079497144 0.75200003
0.027857136 0.079285719 0.75000006
0.026252374 0.078757145 0.74500006
0.024833327 0.078757145 0.74500006
0.023414278 0.078757145 0.74500006
0.021936184 0.078545719 0.74300003
0.020520946 0.078545719 0.74300003
0.019105708 0.078545719 0.74300003
0.017690469 0.078545719 0.74300003
0.016275231 0.078545719 0.74300003
0.014839994 0.078440003 0.74200004
0.01339047 0.078228578 0.74000001
0.011980946 0.078228578 0.74000001
0.010571422 0.078228578 0.74000001
0.0091495179 0.078122862 0.73900002
0.0077209459 0.077911429 0.73700005
0.0063171359 0.077911429 0.73700005
0.0049133264 0.077911429 0.73700005
0.0035095173 0.077911429 0.73700005
0.0021057075 0.077911429 0.73700005
0.00070189795 0.077911429 0.73700005
-0.00070191157 0.077911429 0.73700005
-0.0021142925 0.078228578 0.74000001
-0.0035333403 0.078440003 0.74200004
-0.0049466738 0.078440003 0.74200004
-0.0063600074 0.078440003 0.74200004
-0.0077733407 0.078440003 0.74200004
-0.0091866739 0.078440003 0.74200004
-0.010600007 0.078440003 0.74200004
-0.01201334 0.078440003 0.74200004
-0.013426674 0.078440003 0.74200004
-0.014840007 0.078440003 0.74200004
-0.016275246 0.078545719 0.74300003
-0.017690483 0.078545719 0.74300003
-0.019157151 0.078757145 0.74500006
-0.0205762 0.078757145 0.74500006
0.032142852 0.077857144 0.75000006
0.030796183 0.078064762 0.75200003
0.029285708 0.077857144 0.75000006
0.02778285 0.077649526 0.74800003
0.026252374 0.077338099 0.74500006
0.024833327 0.077338099 0.74500006
0.023351422 0.077130482 0.74300003
0.021906661 0.077026673 0.74200004
0.020493327 0.077026673 0.74200004
0.019079993 0.077026673 0.74200004
0.01766666 0.077026673 0.74200004
0.016253326 0.077026673 0.74200004
0.014799994 0.076819047 0.74000001
0.01339047 0.076819047 0.74000001
0.011964756 0.076715238 0.73900002
0.010557136 0.076715238 0.73900002
0.0091495179 0.076715238 0.73900002
0.0077209463 0.076507621 0.73700005
0.0063171363 0.076507621 0.73700005
0.0049133268 0.076507621 0.73700005
0.0035095173 0.076507621 0.73700005
0.0021057075 0.076507621 0.73700005
0.00070189807 0.076507621 0.73700005
-0.00070191146 0.076507621 0.73700005
-0.0021114354 0.076715238 0.73900002
-0.0035238164 0.076819047 0.74000001
-0.0049466733 0.077026673 0.74200004
-0.006360007 0.077026673 0.74200004
-0.0077733402 0.077026673 0.74200004
-0.0091866739 0.077026673 0.74200004
-0.010600007 0.077026673 0.74200004
-0.01201334 0.077026673 0.74200004
-0.013426674 0.077026673 0.74200004
-0.014840007 0.077026673 0.74200004
-0.016253341 0.077026673 0.74200004
-0.017666675 0.077026673 0.74200004
-0.019105723 0.077130482 0.74300003
-0.020520961 0.077130482 0.74300003
0.039023802 0.075919047 0.74500006
0.037604757 0.075919047 0.74500006
0.036185708 0.075919047 0.74500006
0.034999993 0.076428577 0.75000006
0.033571422 0.076428577 0.75000006
0.032228567 0.07663238 0.75200003
0.030796183 0.07663238 0.75200003
0.029285708 0.076428577 0.75000006
0.02778285 0.076224767 0.74800003
0.026322851 0.076122858 0.74700004
0.024833327 0.075919047 0.74500006
0.023351422 0.075715244 0.74300003
0.021936184 0.075715244 0.74300003
0.020493327 0.075613335 0.74200004
0.019028565 0.075409524 0.74000001
0.017595232 0.075307623 0.73900002
0.016187612 0.075307623 0.73900002
0.014739994 0.075103812 0.73700005
0.013336184 0.075103812 0.73700005
0.011932375 0.075103812 0.73700005
0.010528565 0.075103812 0.73700005
0.0091247559 0.075103812 0.73700005
0.0077209463 0.075103812 0.73700005
0.0063171363 0.075103812 0.73700005
0.0049133268 0.075103812 0.73700005
0.0035095175 0.075103812 0.73700005
0.0021057078 0.075103812 0.73700005
0.00070094585 0.07500191 0.73600006
-0.000700959 0.07500191 0.73600006
-0.0021057208 0.075103812 0.73700005
-0.0035095306 0.075103812 0.73700005
-0.0049466733 0.075613335 0.74200004
-0.006360007 0.075613335 0.74200004
-0.0077733402 0.075613335 0.74200004
-0.0091866739 0.075613335 0.74200004
-0.010600007 0.075613335 0.74200004
-0.01201334 0.075613335 0.74200004
-0.013426674 0.075613335 0.74200004
-0.014800007 0.075409524 0.74000001
-0.016209532 0.075409524 0.74000001
-0.017619057 0.075409524 0.74000001
-0.019080007 0.075613335 0.74200004
-0.020493342 0.075613335 0.74200004
0.040551424 0.074700005 0.74700004
0.039023802 0.074500002 0.74500006
0.037604757 0.074500002 0.74500006
0.036185708 0.074500002 0.74500006
0.034859993 0.074700005 0.74700004
0.033437137 0.074700005 0.74700004
0.032142852 0.075000003 0.75000006
0.030796183 0.075200006 0.75200003
0.029285708 0.075000003 0.75000006
0.02778285 0.0748 0.74800003
0.026322851 0.074700005 0.74700004
0.024766661 0.074300006 0.74300003
0.023351423 0.074300006 0.74300003
0.021847615 0.074000001 0.74000001
0.02043809 0.074000001 0.74000001
0.019002853 0.073899999 0.73900002
0.017595233 0.073899999 0.73900002
0.016143804 0.073700003 0.73700005
0.014719994 0.073600002 0.73600006
0.013318089 0.073600002 0.73600006
0.011932375 0.073700003 0.73700005
0.010528565 0.073700003 0.73700005
0.0091247559 0.073700003 0.73700005
0.0077418983 0.073899999 0.73900002
0.0063171363 0.073700003 0.73700005
0.0049133268 0.073700003 0.73700005
0.0035095175 0.073700003 0.73700005
0.0021057078 0.073700003 0.73700005
0.00070094597 0.073600002 0.73600006
-0.00070095889 0.073600002 0.73600006
-0.0021028637 0.073600002 0.73600006
-0.0035095306 0.073700003 0.73700005
-0.0049133399 0.073700003 0.73700005
-0.0063428637 0.074000001 0.74000001
-0.0077523878 0.074000001 0.74000001
-0.0091866739 0.074200004 0.74200004
-0.010600007 0.074200004 0.74200004
-0.01201334 0.074200004 0.74200004
-0.013390483 0.074000001 0.74000001
-0.014780007 0.073899999 0.73900002
-0.01620953 0.074000001 0.74000001
-0.017619055 0.074000001 0.74000001
-0.019028578 0.074000001 0.74000001
-0.020438101 0.074000001 0.74000001
-0.021906674 0.074200004 0.74200004
0.040551424 0.073277146 0.74700004
0.039023802 0.073080957 0.74500006
0.037604757 0.073080957 0.74500006
0.036185708 0.073080957 0.74500006
0.034766659 0.073080957 0.74500006
0.033437137 0.073277146 0.74700004
0.032142852 0.073571429 0.75000006
0.030714281 0.073571429 0.75000006
0.02928571 0.073571429 0.75000006
0.027857138 0.073571429 0.75000006
0.02635809 0.07337524 0.74800003
0.024833329 0.073080957 0.74500006
0.023319995 0.072786666 0.74200004
0.021847615 0.072590478 0.74000001
0.020410471 0.072492383 0.73900002
0.019002853 0.072492383 0.73900002
0.017547615 0.072296195 0.73700005
0.016143804 0.072296195 0.73700005
0.014719994 0.0721981 0.73600006
0.013318089 0.0721981 0.73600006
0.011916185 0.0721981 0.73600006
0.010528565 0.072296195 0.73700005
0.0091247559 0.072296195 0.73700005
0.0077418983 0.072492383 0.73900002
0.0063342792 0.072492383 0.73900002
0.0049133268 0.072296195 0.73700005
0.0035095178 0.072296195 0.73700005
0.0021028509 0.0721981 0.73600006
0.00070094614 0.0721981 0.73600006
-0.00070095871 0.0721981 0.73600006
-0.0021028635 0.0721981 0.73600006
-0.0035095303 0.072296195 0.73700005
-0.0049266731 0.072492383 0.73900002
-0.0063428637 0.072590478 0.74000001
-0.0077733402 0.072786666 0.74200004
-0.0091866739 0.072786666 0.74200004
-0.010600007 0.072786666 0.74200004
-0.01201334 0.072786666 0.74200004
-0.013390483 0.072590478 0.74000001
-0.014780007 0.072492383 0.73900002
-0.016187625 0.072492383 0.73900002
-0.017595245 0.072492383 0.73900002
-0.019002864 0.072492383 0.73900002
-0.020438101 0.072590478 0.74000001
-0.021906674 0.072786666 0.74200004
0.040551424 0.071854286 0.74700004
0.039023802 0.071661904 0.74500006
0.037604757 0.071661904 0.74500006
0.036185708 0.071661904 0.74500006
0.034766659 0.071661904 0.74500006
0.033437137 0.071854286 0.74700004
0.032142852 0.072142862 0.75000006
0.030714281 0.072142862 0.75000006
0.02928571 0.072142862 0.75000006
0.027857138 0.072142862 0.75000006
0.026428567 0.072142862 0.75000006
0.024899995 0.071854286 0.74700004
0.023319995 0.071373336 0.74200004
0.021847615 0.071180955 0.74000001
0.020410471 0.071084768 0.73900002
0.018951423 0.070892386 0.73700005
0.017547615 0.070892386 0.73700005
0.016143804 0.070892386 0.73700005
0.014719994 0.070796192 0.73600006
0.013318089 0.070796192 0.73600006
0.011916185 0.070796192 0.73600006
0.010528565 0.070892386 0.73700005
0.0091247559 0.070892386 0.73700005
0.0077418988 0.071084768 0.73900002
0.0063342797 0.071084768 0.73900002
0.0049266606 0.071084768 0.73900002
0.0035095178 0.070892386 0.73700005
0.0021028509 0.070796192 0.73600006
0.00069904147 0.07060381 0.73400003
-0.0007009586 0.070796192 0.73600006
-0.0021028635 0.070796192 0.73600006
-0.0035095303 0.070892386 0.73700005
-0.0049266727 0.071084768 0.73900002
-0.0063428632 0.071180955 0.74000001
-0.0077733397 0.071373336 0.74200004
-0.0091866739 0.071373336 0.74200004
-0.010571435 0.071180955 0.74000001
-0.01201334 0.071373336 0.74200004
-0.013372388 0.071084768 0.73900002
-0.014740007 0.070892386 0.73700005
-0.016187625 0.071084768 0.73900002
-0.017547626 0.070892386 0.73700005
-0.018951435 0.070892386 0.73700005
0.040334281 0.070054285 0.74300003
0.038919043 0.070054285 0.74300003
0.037503805 0.070054285 0.74300003
0.036088564 0.070054285 0.74300003
0.034673326 0.070054285 0.74300003
0.033347614 0.070242859 0.74500006
0.032057136 0.070525713 0.74800003
0.030632377 0.070525713 0.74800003
0.02928571 0.070714287 0.75000006
0.027857138 0.070714287 0.75000006
0.026428567 0.070714287 0.75000006
0.024899995 0.070431434 0.74700004
0.023319995 0.069960006 0.74200004
0.021847615 0.069771431 0.74000001
0.020410471 0.069677144 0.73900002
0.018951423 0.069488578 0.73700005
0.017547615 0.069488578 0.73700005
0.016143804 0.069488578 0.73700005
0.014719994 0.06939429 0.73600006
0.013318089 0.06939429 0.73600006
0.011916185 0.06939429 0.73600006
0.010528565 0.069488578 0.73700005
0.0091247559 0.069488578 0.73700005
0.0077418988 0.069677144 0.73900002
0.0063428511 0.069771431 0.74000001
0.0049333274 0.069771431 0.74000001
0.003509518 0.069488578 0.73700005
0.0021028512 0.06939429 0.73600006
0.00069904159 0.069205716 0.73400003
-0.00069905369 0.069205716 0.73400003
-0.0020971489 0.069205716 0.73400003
-0.003504768 0.06939429 0.73600006
-0.0049133394 0.069488578 0.73700005
-0.0063171489 0.069488578 0.73700005
-0.0077209589 0.069488578 0.73700005
-0.0091247689 0.069488578 0.73700005
-0.010600007 0.069960006 0.74200004
-0.011980959 0.069771431 0.74000001
-0.013336197 0.069488578 0.73700005
-0.014740007 0.069488578 0.73700005
-0.016143816 0.069488578 0.73700005
-0.017547626 0.069488578 0.73700005
-0.018951435 0.069488578 0.73700005
0.041749518 0.068639047 0.74300003
0.040334281 0.068639047 0.74300003
0.038919043 0.068639047 0.74300003
0.037453327 0.068546668 0.74200004
0.036088564 0.068639047 0.74300003
0.034626659 0.068546668 0.74200004
0.033213329 0.068546668 0.74200004
0.031928565 0.068823814 0.74500006
0.030591425 0.069008574 0.74700004
0.02928571 0.069285713 0.75000006
0.027931424 0.06947048 0.75200003
0.026534282 0.06956286 0.75300002
0.025099995 0.06956286 0.75300002
0.023257138 0.068361908 0.74000001
0.02181809 0.068269528 0.73900002
0.020410471 0.068269528 0.73900002
0.018951423 0.068084762 0.73700005
0.017547615 0.068084762 0.73700005
0.016143804 0.068084762 0.73700005
0.014719995 0.067992382 0.73600006
0.01331809 0.067992382 0.73600006
0.011932376 0.068084762 0.73700005
0.010528566 0.068084762 0.73700005
0.0091247568 0.068084762 0.73700005
0.0077418988 0.068269528 0.73900002
0.0063342797 0.068269528 0.73900002
0.0049266606 0.068269528 0.73900002
0.0035047559 0.067992382 0.73600006
0.002097137 0.067807622 0.73400003
0.00069713697 0.067622863 0.73200005
-0.00069905358 0.067807622 0.73400003
-0.0020971487 0.067807622 0.73400003
-0.0034952441 0.067807622 0.73400003
-0.004906673 0.067992382 0.73600006
-0.0063085775 0.067992382 0.73600006
-0.0077104825 0.067992382 0.73600006
-0.009360007 0.069839999 0.75600004
-0.010800007 0.069839999 0.75600004
-0.012223816 0.069747619 0.75500005
-0.013680007 0.069839999 0.75600004
-0.015160007 0.070024766 0.75800002
-0.016603816 0.070024766 0.75800002
-0.018047625 0.070024766 0.75800002
-0.018951435 0.068084762 0.73700005
0.041749518 0.06722381 0.74300003
0.040334281 0.06722381 0.74300003
0.038919043 0.06722381 0.74300003
0.037453327 0.067133337 0.74200004
0.036039993 0.067133337 0.74200004
0.034533326 0.066952385 0.74000001
0.033123802 0.066952385 0.74000001
0.031714279 0.066952385 0.74000001
0.030632377 0.067676194 0.74800003
0.029480947 0.068309523 0.75500005
0.028042853 0.068309523 0.75500005
0.026604757 0.068309523 0.75500005
0.025166662 0.068309523 0.75500005
0.023728566 0.068309523 0.75500005
0.02181809 0.066861905 0.73900002
0.020410471 0.066861905 0.73900002
0.018951423 0.066680953 0.73700005
0.017547615 0.066680953 0.73700005
0.016143804 0.066680953 0.73700005
0.014719995 0.066590481 0.73600006
0.01331809 0.066590481 0.73600006
0.011932376 0.066680953 0.73700005
0.010528566 0.066680953 0.73700005
0.0091247568 0.066680953 0.73700005
0.0077209468 0.066680953 0.73700005
0.006471423 0.068309523 0.75500005
0.0050333273 0.068309523 0.75500005
0.0034952324 0.066409528 0.73400003
0.002097137 0.066409528 0.73400003
0.00069713715 0.066228576 0.73200005
-0.00069714867 0.066228576 0.73200005
-0.0020971487 0.066409528 0.73400003
-0.0034952441 0.066409528 0.73400003
-0.004906673 0.066590481 0.73600006
-0.0063085775 0.066590481 0.73600006
-0.0079200063 0.068400003 0.75600004
-0.0093600061 0.068400003 0.75600004
-0.010800006 0.068400003 0.75600004
-0.012223816 0.068309523 0.75500005
-0.013680006 0.068400003 0.75600004
-0.015160006 0.068580955 0.75800002
-0.016603816 0.068580955 0.75800002
-0.018047625 0.068580955 0.75800002
-0.019568577 0.06885238 0.76100004
-0.021018101 0.06885238 0.76100004
0.041749518 0.065808572 0.74300003
0.040171422 0.065542862 0.74000001
0.038761899 0.065542862 0.74000001
0.037453327 0.065719999 0.74200004
0.035942852 0.065542862 0.74000001
0.034533326 0.065542862 0.74000001
0.033079043 0.065454289 0.73900002
0.031671423 0.065454289 0.73900002
0.030263806 0.065454289 0.73900002
0.028856186 0.065454289 0.73900002
0.028042853 0.066871434 0.75500005
0.026639996 0.06696 0.75600004
0.025199994 0.06696 0.75600004
0.023728566 0.066871434 0.75500005
0.021847615 0.065542862 0.74000001
0.020410471 0.065454289 0.73900002
0.018951423 0.065277144 0.73700005
0.017547615 0.065277144 0.73700005
0.016143804 0.065277144 0.73700005
0.014719995 0.065188572 0.73600006
0.01331809 0.065188572 0.73600006
0.011916186 0.065188572 0.73600006
0.010514281 0.065188572 0.73600006
0.0091123758 0.065188572 0.73600006
0.0079095187 0.066871434 0.75500005
0.006471423 0.066871434 0.75500005
0.0050333273 0.066871434 0.75500005
0.0035952325 0.066871434 0.75500005
0.0020914231 0.064834289 0.73200005
0.00069713726 0.064834289 0.73200005
-0.00069714856 0.064834289 0.73200005
-0.0020914343 0.064834289 0.73200005
-0.0034857199 0.064834289 0.73200005
-0.004880006 0.064834289 0.73200005
-0.0064971494 0.067137145 0.75800002
-0.0079200063 0.06696 0.75600004
-0.0093600061 0.06696 0.75600004
-0.010800006 0.06696 0.75600004
-0.012240006 0.06696 0.75600004
-0.013680006 0.06696 0.75600004
-0.015200006 0.06731429 0.76000005
-0.016647626 0.06731429 0.76000005
-0.018119054 0.067402862 0.76100004
-0.019568577 0.067402862 0.76100004
-0.021018101 0.067402862 0.76100004
-0.022467626 0.067402862 0.76100004
0.041749518 0.064393334 0.74300003
0.040171422 0.064133339 0.74000001
0.038761899 0.064133339 0.74000001
0.037301898 0.064046666 0.73900002
0.035894278 0.064046666 0.73900002
0.034486659 0.064046666 0.73900002
0.033079043 0.064046666 0.73900002
0.031671423 0.064046666 0.73900002
0.030263806 0.064046666 0.73900002
0.028778091 0.063873336 0.73700005
0.027374281 0.063873336 0.73700005
0.026639996 0.065520003 0.75600004
0.025199994 0.065520003 0.75600004
0.023759995 0.065520003 0.75600004
0.022290472 0.065433338 0.75500005
0.020410471 0.064046666 0.73900002
0.019002853 0.064046666 0.73900002
0.017595233 0.064046666 0.73900002
0.016143804 0.063873336 0.73700005
0.014719995 0.063786671 0.73600006
0.01331809 0.063786671 0.73600006
0.011932376 0.063873336 0.73700005
0.010528566 0.063873336 0.73700005
0.0093847569 0.065693334 0.75800002
0.0079199951 0.065520003 0.75600004
0.0064714234 0.065433338 0.75500005
0.0050333277 0.065433338 0.75500005
0.0035952325 0.065433338 0.75500005
0.002157137 0.065433338 0.75500005
0.00071999431 0.065520003 0.75600004
-0.00072191056 0.065693334 0.75800002
-0.0021714345 0.065866672 0.76000005
-0.0036190536 0.065866672 0.76000005
-0.0050666723 0.065866672 0.76000005
-0.0065142917 0.065866672 0.76000005
-0.0079409583 0.065693334 0.75800002
-0.0093847681 0.065693334 0.75800002
-0.010828577 0.065693334 0.75800002
-0.012272387 0.065693334 0.75800002
-0.013716197 0.065693334 0.75800002
-0.015200006 0.065866672 0.76000005
-0.016647626 0.065866672 0.76000005
-0.018119054 0.065953337 0.76100004
-0.019568577 0.065953337 0.76100004
-0.02107334 0.066126667 0.76300001
-0.022467626 0.065953337 0.76100004
-0.02391715 0.065953337 0.76100004
0.040171426 0.062723815 0.74000001
0.038761903 0.062723815 0.74000001
0.037301902 0.06263905 0.73900002
0.035894282 0.06263905 0.73900002
0.034486663 0.06263905 0.73900002
0.033079047 0.06263905 0.73900002
0.031585712 0.062469531 0.73700005
0.030263806 0.06263905 0.73900002
0.028778091 0.062469531 0.73700005
0.028079996 0.06408 0.75600004
0.026710471 0.064249523 0.75800002
0.025199994 0.06408 0.75600004
0.023759995 0.06408 0.75600004
0.022319995 0.06408 0.75600004
0.020879995 0.06408 0.75600004
0.019439995 0.06408 0.75600004
0.017976185 0.063995242 0.75500005
0.016384756 0.063401908 0.74800003
0.014959995 0.063401908 0.74800003
0.013679995 0.06408 0.75600004
0.012239994 0.06408 0.75600004
0.010828566 0.064249523 0.75800002
0.0093599949 0.06408 0.75600004
0.0079199951 0.06408 0.75600004
0.0064799949 0.06408 0.75600004
0.0050399946 0.06408 0.75600004
0.0035999946 0.06408 0.75600004
0.0021571373 0.063995242 0.75500005
0.00071999442 0.06408 0.75600004
-0.00072191039 0.064249523 0.75800002
-0.0021657199 0.064249523 0.75800002
-0.0036095295 0.064249523 0.75800002
-0.0050666723 0.064419053 0.76000005
-0.0064971489 0.064249523 0.75800002
-0.0079409583 0.064249523 0.75800002
-0.0093847681 0.064249523 0.75800002
-0.010828577 0.064249523 0.75800002
-0.012272387 0.064249523 0.75800002
-0.013716197 0.064249523 0.75800002
-0.015200006 0.064419053 0.76000005
-0.016647626 0.064419053 0.76000005
-0.018119054 0.064503811 0.76100004
-0.019568577 0.064503811 0.76100004
-0.02107334 0.064673334 0.76300001
-0.022526674 0.064673334 0.76300001
-0.023980007 0.064673334 0.76300001
0.038761903 0.061314292 0.74000001
0.037352379 0.061314292 0.74000001
0.035942856 0.061314292 0.74000001
0.034486663 0.061231434 0.73900002
0.033079047 0.061231434 0.73900002
0.031671427 0.061231434 0.73900002
0.030263806 0.061231434 0.73900002
0.028856186 0.061231434 0.73900002
0.028079996 0.062640004 0.75600004
0.026710471 0.06280572 0.75800002
0.025199994 0.062640004 0.75600004
0.023759995 0.062640004 0.75600004
0.022319995 0.062640004 0.75600004
0.020935234 0.06280572 0.75800002
0.019439995 0.062640004 0.75600004
0.017999995 0.062640004 0.75600004
0.016559996 0.062640004 0.75600004
0.015119995 0.062640004 0.75600004
0.0136619 0.062557146 0.75500005
0.012239994 0.062640004 0.75600004
0.010799995 0.062640004 0.75600004
0.0093599949 0.062640004 0.75600004
0.0079199951 0.062640004 0.75600004
0.0064799949 0.062640004 0.75600004
0.0050399946 0.062640004 0.75600004
0.0035999946 0.062640004 0.75600004
0.0021599946 0.062640004 0.75600004
0.00071999454 0.062640004 0.75600004
-0.00072000548 0.062640004 0.75600004
-0.0021600057 0.062640004 0.75600004
-0.0036095295 0.06280572 0.75800002
-0.0050533391 0.06280572 0.75800002
-0.0064971489 0.06280572 0.75800002
-0.0079409583 0.06280572 0.75800002
-0.0093847681 0.06280572 0.75800002
-0.010828577 0.06280572 0.75800002
-0.012272387 0.06280572 0.75800002
-0.013752387 0.062971428 0.76000005
-0.015200006 0.062971428 0.76000005
-0.016647626 0.062971428 0.76000005
-0.018119054 0.063054286 0.76100004
-0.019568577 0.063054286 0.76100004
-0.021018101 0.063054286 0.76100004
-0.022526674 0.063220002 0.76300001
-0.023980007 0.063220002 0.76300001
0.039599996 0.061200008 0.75600004
0.037503809 0.060147624 0.74300003
0.035942856 0.059904769 0.74000001
0.034486663 0.059823815 0.73900002
0.033079047 0.059823815 0.73900002
0.031671427 0.059823815 0.73900002
0.030263806 0.059823815 0.73900002
0.029519996 0.061200008 0.75600004
0.028079996 0.061200008 0.75600004
0.026710471 0.061361909 0.75800002
0.025199994 0.061200008 0.75600004
0.023759995 0.061200008 0.75600004
0.022319995 0.061200008 0.75600004
0.020879995 0.061200004 0.75600004
0.019439995 0.061200004 0.75600004
0.017999995 0.061200004 0.75600004
0.016559996 0.061200004 0.75600004
0.015099995 0.06111905 0.75500005
0.0136619 0.06111905 0.75500005
0.012223804 0.06111905 0.75500005
0.010799995 0.061200004 0.75600004
0.0093599949 0.061200004 0.75600004
0.0079095187 0.06111905 0.75500005
0.0064714239 0.06111905 0.75500005
0.0050333282 0.06111905 0.75500005
0.0035999948 0.061200004 0.75600004
0.0021599948 0.061200004 0.75600004
0.00071999466 0.061200004 0.75600004
-0.00072000537 0.061200004 0.75600004
-0.0021600055 0.061200004 0.75600004
-0.0036095292 0.061361905 0.75800002
-0.0050533391 0.061361905 0.75800002
-0.0064971489 0.061361905 0.75800002
-0.0079409583 0.061361905 0.75800002
-0.0093847681 0.061361905 0.75800002
-0.010828577 0.061361905 0.75800002
-0.012272387 0.061361905 0.75800002
-0.013752387 0.06152381 0.76000005
-0.015200006 0.06152381 0.76000005
-0.016647626 0.06152381 0.76000005
-0.018119054 0.061604764 0.76100004
-0.019568577 0.061604764 0.76100004
-0.02107334 0.061766669 0.76300001
-0.022526674 0.061766665 0.76300001
-0.023980007 0.061766665 0.76300001
0.042479999 0.059760004 0.75600004
0.04104 0.059760004 0.75600004
0.039599996 0.059760004 0.75600004
0.038159996 0.059760004 0.75600004
0.036428571 0.059285719 0.75000006
0.034999996 0.059285719 0.75000006
0.033839997 0.059760004 0.75600004
0.032399997 0.059760004 0.75600004
0.030959995 0.059760004 0.75600004
0.029598091 0.059918102 0.75800002
0.028154282 0.059918102 0.75800002
0.026710471 0.059918102 0.75800002
0.025266662 0.059918102 0.75800002
0.023759995 0.059760004 0.75600004
0.022319995 0.059760004 0.75600004
0.020879995 0.059760001 0.75600004
0.019439995 0.059760001 0.75600004
0.017999995 0.059760001 0.75600004
0.016559996 0.059760001 0.75600004
0.015119995 0.059760001 0.75600004
0.0136619 0.059680954 0.75500005
0.012223804 0.059680954 0.75500005
0.010785709 0.059680954 0.75500005
0.0093599949 0.059760001 0.75600004
0.0079095187 0.059680954 0.75500005
0.0064714239 0.059680954 0.75500005
0.0050333282 0.059680954 0.75500005
0.0035952332 0.059680954 0.75500005
0.0021571377 0.059680954 0.75500005
0.00071999477 0.059760001 0.75600004
-0.00072000525 0.059760001 0.75600004
-0.0021600053 0.059760001 0.75600004
-0.003609529 0.059918098 0.75800002
-0.0050533386 0.059918098 0.75800002
-0.0064971484 0.059918098 0.75800002
-0.0079409583 0.059918098 0.75800002
-0.0093847681 0.059918098 0.75800002
-0.010857149 0.060076192 0.76000005
-0.012304768 0.060076192 0.76000005
-0.013752387 0.060076192 0.76000005
-0.015200006 0.060076192 0.76000005
-0.01666953 0.060155239 0.76100004
-0.018119054 0.060155239 0.76100004
-0.019568577 0.060155239 0.76100004
-0.021018101 0.060155239 0.76100004
-0.022467626 0.060155235 0.76100004
-0.02391715 0.060155235 0.76100004
0.042479999 0.058320004 0.75600004
0.04104 0.058320004 0.75600004
0.039547618 0.058242861 0.75500005
0.038109522 0.058242861 0.75500005
0.036574282 0.058088578 0.75300002
0.03509333 0.058011435 0.75200003
0.033839997 0.058320004 0.75600004
0.032399997 0.058320004 0.75600004
0.030959995 0.058320004 0.75600004
0.029598091 0.058474291 0.75800002
0.028154282 0.058474291 0.75800002
0.026710471 0.058474291 0.75800002
0.025266662 0.058474291 0.75800002
0.023759995 0.058320004 0.75600004
0.022319995 0.058320004 0.75600004
0.020879995 0.058320001 0.75600004
0.019439995 0.058320001 0.75600004
0.017999995 0.058320001 0.75600004
0.016559996 0.058320001 0.75600004
0.015099996 0.058242857 0.75500005
0.013661901 0.058242857 0.75500005
0.012223805 0.058242857 0.75500005
0.01078571 0.058242857 0.75500005
0.0093476148 0.058242857 0.75500005
0.0079095196 0.058242857 0.75500005
0.0064714239 0.058242857 0.75500005
0.0050333282 0.058242857 0.75500005
0.0035952332 0.058242857 0.75500005
0.002159995 0.058320001 0.75600004
0.00071999489 0.058320001 0.75600004
-0.00072000513 0.058320001 0.75600004
-0.0021600053 0.058320001 0.75600004
-0.003609529 0.058474287 0.75800002
-0.0050533386 0.058474287 0.75800002
-0.0064971484 0.058474287 0.75800002
-0.0079409573 0.058474287 0.75800002
-0.0093847672 0.058474287 0.75800002
-0.010857149 0.058628574 0.76000005
-0.012304768 0.058628574 0.76000005
-0.013752387 0.058628574 0.76000005
-0.015200006 0.058628574 0.76000005
-0.016647626 0.058628574 0.76000005
-0.018119054 0.058705717 0.76100004
-0.019568577 0.058705717 0.76100004
-0.021018101 0.058705717 0.76100004
-0.022467626 0.058705714 0.76100004
-0.023980007 0.05886 0.76300001
-0.025433339 0.05886 0.76300001
0.044036187 0.05703048 0.75800002
0.04259238 0.05703048 0.75800002
0.04104 0.056880005 0.75600004
0.039599996 0.056880005 0.75600004
0.038159996 0.056880005 0.75600004
0.036671426 0.056804769 0.75500005
0.03523333 0.056804769 0.75500005
0.033839997 0.056880005 0.75600004
0.032399997 0.056880005 0.75600004
0.030959995 0.056880005 0.75600004
0.029519996 0.056880005 0.75600004
0.028154282 0.05703048 0.75800002
0.026710471 0.05703048 0.75800002
0.025266662 0.05703048 0.75800002
0.023759995 0.056880005 0.75600004
0.022319995 0.056880005 0.75600004
0.020879995 0.056880001 0.75600004
0.019439995 0.056880001 0.75600004
0.017999995 0.056880001 0.75600004
0.016559996 0.056880001 0.75600004
0.015099996 0.056804765 0.75500005
0.013661901 0.056804765 0.75500005
0.012223805 0.056804765 0.75500005
0.010757139 0.056654289 0.75300002
0.0093476148 0.056804765 0.75500005
0.0079095196 0.056804765 0.75500005
0.0064714239 0.056804765 0.75500005
0.0050333282 0.056804765 0.75500005
0.0035952334 0.056804765 0.75500005
0.002157138 0.056804765 0.75500005
0.00071904267 0.056804765 0.75500005
-0.00072000496 0.056880001 0.75600004
-0.002160005 0.056880001 0.75600004
-0.0036000051 0.056880001 0.75600004
-0.0050533386 0.057030477 0.75800002
-0.0064971484 0.057030477 0.75800002
-0.0079409573 0.057030477 0.75800002
-0.0093847672 0.057030477 0.75800002
-0.010828576 0.057030477 0.75800002
-0.012304767 0.057180956 0.76000005
-0.013752386 0.057180956 0.76000005
-0.015200005 0.057180956 0.76000005
-0.016647626 0.057180956 0.76000005
-0.018119054 0.057256192 0.76100004
-0.019568577 0.057256192 0.76100004
-0.021018101 0.057256192 0.76100004
-0.022526674 0.057406664 0.76300001
-0.023980007 0.057406664 0.76300001
-0.025433339 0.057406664 0.76300001
0.044036187 0.055586673 0.75800002
0.04259238 0.055586673 0.75800002
0.04104 0.055440005 0.75600004
0.039599996 0.055440005 0.75600004
0.038159996 0.055440005 0.75600004
0.036719996 0.055440005 0.75600004
0.035279997 0.055440005 0.75600004
0.033839997 0.055440005 0.75600004
0.032399997 0.055440005 0.75600004
0.030959995 0.055440005 0.75600004
0.029598091 0.055586673 0.75800002
0.028154282 0.055586673 0.75800002
0.026639996 0.055440005 0.75600004
0.025266662 0.055586673 0.75800002
0.023759995 0.055440005 0.75600004
0.022319995 0.055440005 0.75600004
0.020879995 0.055440001 0.75600004
0.019439995 0.055440001 0.75600004
0.017999995 0.055440001 0.75600004
0.016559996 0.055440001 0.75600004
0.015099996 0.055366669 0.75500005
0.013661901 0.055366669 0.75500005
0.012223805 0.055366669 0.75500005
0.010757139 0.05522 0.75300002
0.0093476148 0.055366669 0.75500005
0.0079095196 0.055366669 0.75500005
0.0064714244 0.055366669 0.75500005
0.0050333287 0.055366669 0.75500005
0.0035952334 0.055366669 0.75500005
0.002157138 0.055366669 0.75500005
0.00071904279 0.055366669 0.75500005
-0.00072000484 0.055440001 0.75600004
-0.002160005 0.055440001 0.75600004
-0.0036000051 0.055440001 0.75600004
-0.0050533381 0.05558667 0.75800002
-0.0064800051 0.055440001 0.75600004
-0.0079200054 0.055440001 0.75600004
-0.0093847672 0.05558667 0.75800002
-0.010828576 0.05558667 0.75800002
-0.012304767 0.055733334 0.76000005
-0.013752386 0.055733334 0.76000005
-0.015200005 0.055733334 0.76000005
-0.016647626 0.055733334 0.76000005
-0.018119054 0.05580667 0.76100004
-0.019568577 0.05580667 0.76100004
-0.021018101 0.05580667 0.76100004
-0.022467626 0.055806667 0.76100004
-0.02391715 0.055806667 0.76100004
0.044036187 0.054142863 0.75800002
0.04259238 0.054142863 0.75800002
0.04104 0.054000005 0.75600004
0.039599996 0.054000005 0.75600004
0.038159996 0.054000005 0.75600004
0.036719996 0.054000005 0.75600004
0.035279997 0.054000005 0.75600004
0.033839997 0.054000005 0.75600004
0.032399997 0.054000005 0.75600004
0.030959995 0.054000005 0.75600004
0.029519996 0.054000005 0.75600004
0.028079996 0.054000005 0.75600004
0.026639996 0.054000005 0.75600004
0.025199994 0.054000005 0.75600004
0.023759995 0.054000005 0.75600004
0.022319995 0.054000005 0.75600004
0.020879995 0.054000001 0.75600004
0.019439995 0.054000001 0.75600004
0.017999995 0.054000001 0.75600004
0.016559996 0.054000001 0.75600004
0.015099996 0.053928573 0.75500005
0.013661901 0.053928573 0.75500005
0.012223805 0.053928573 0.75500005
0.010757139 0.053785715 0.75300002
0.0093228528 0.053785715 0.75300002
0.0079095196 0.053928573 0.75500005
0.0064542815 0.053785715 0.75300002
0.0050199954 0.053785715 0.75300002
0.0035952337 0.053928573 0.75500005
0.0021571382 0.053928573 0.75500005
0.0007190429 0.053928573 0.75500005
-0.00071905233 0.053928573 0.75500005
-0.0021571475 0.053928573 0.75500005
-0.0036000048 0.054000001 0.75600004
-0.0050400048 0.054000001 0.75600004
-0.0064800051 0.054000001 0.75600004
-0.0079200054 0.054000001 0.75600004
-0.0093847672 0.054142859 0.75800002
-0.010828576 0.054142859 0.75800002
-0.012272386 0.054142859 0.75800002
-0.013752386 0.054285716 0.76000005
-0.015200005 0.054285716 0.76000005
-0.016647626 0.054285716 0.76000005
-0.018119054 0.054357145 0.76100004
-0.019568577 0.054357145 0.76100004
-0.021018101 0.054357145 0.76100004
-0.022438101 0.054285713 0.76000005
-0.023885721 0.054285713 0.76000005
0.045599997 0.052838102 0.76000005
0.044036187 0.052699052 0.75800002
0.04259238 0.052699052 0.75800002
0.041148569 0.052699052 0.75800002
0.039704759 0.052699052 0.75800002
0.038159996 0.052560005 0.75600004
0.036719996 0.052560005 0.75600004
0.035279997 0.052560005 0.75600004
0.033839997 0.052560005 0.75600004
0.032399997 0.052560005 0.75600004
0.030959997 0.052560005 0.75600004
0.029519998 0.052560005 0.75600004
0.028079998 0.052560005 0.75600004
0.026639998 0.052560005 0.75600004
0.025199996 0.052560005 0.75600004
0.023759997 0.052560005 0.75600004
0.022319997 0.052560005 0.75600004
0.020879997 0.052560002 0.75600004
0.019439997 0.052560002 0.75600004
0.017976187 0.052490477 0.75500005
0.016559998 0.052560002 0.75600004
0.015059995 0.05235143 0.75300002
0.01362571 0.05235143 0.75300002
0.012191424 0.05235143 0.75300002
0.010757139 0.05235143 0.75300002
0.0093228528 0.05235143 0.75300002
0.0078885667 0.05235143 0.75300002
0.0064542815 0.05235143 0.75300002
0.0050199954 0.05235143 0.75300002
0.0035952337 0.052490477 0.75500005
0.0021571382 0.052490477 0.75500005
0.00071904302 0.052490477 0.75500005
-0.00071905222 0.052490477 0.75500005
-0.0021571475 0.052490477 0.75500005
-0.003595243 0.052490477 0.75500005
-0.0050400048 0.052560002 0.75600004
-0.0064800051 0.052560002 0.75600004
-0.0079200054 0.052560002 0.75600004
-0.0093600051 0.052560002 0.75600004
-0.010828576 0.052699048 0.75800002
-0.012272386 0.052699048 0.75800002
-0.013752386 0.052838098 0.76000005
-0.015200005 0.052838098 0.76000005
-0.016647624 0.052838098 0.76000005
-0.018119052 0.05290762 0.76100004
-0.019568576 0.05290762 0.76100004
-0.021018099 0.05290762 0.76100004
-0.022467624 0.052907616 0.76100004
-0.023980005 0.053046666 0.76300001
-0.025433337 0.053046666 0.76300001
0.046923809 0.051255245 0.75800002
0.045599997 0.05139048 0.76000005
0.044036187 0.051255245 0.75800002
0.04259238 0.051255245 0.75800002
0.041148569 0.051255245 0.75800002
0.039704759 0.051255245 0.75800002
0.038159996 0.051120006 0.75600004
0.036719996 0.051120006 0.75600004
0.03523333 0.051052388 0.75500005
0.033705711 0.050917149 0.75300002
0.032271426 0.050917149 0.75300002
0.030837141 0.050917149 0.75300002
0.029480949 0.051052388 0.75500005
0.028079998 0.051120006 0.75600004
0.026639998 0.051120006 0.75600004
0.025199996 0.051120006 0.75600004
0.023759997 0.051120006 0.75600004
0.022319997 0.051120006 0.75600004
0.020879997 0.051120002 0.75600004
0.019414283 0.051052384 0.75500005
0.017976187 0.051052384 0.75500005
0.016559998 0.051120002 0.75600004
0.015099996 0.051052384 0.75500005
0.01362571 0.050917145 0.75300002
0.012191424 0.050917145 0.75300002
0.01078571 0.051052384 0.75500005
0.0093228528 0.050917145 0.75300002
0.0079095196 0.051052384 0.75500005
0.0064714244 0.051052384 0.75500005
0.0050333287 0.051052384 0.75500005
0.0035952339 0.051052384 0.75500005
0.0021571384 0.051052384 0.75500005
0.00071904314 0.051052384 0.75500005
-0.0007190521 0.051052384 0.75500005
-0.0021571473 0.051052384 0.75500005
-0.0035952427 0.051052384 0.75500005
-0.0050400048 0.051120002 0.75600004
-0.0064800051 0.051120002 0.75600004
-0.0079200054 0.051120002 0.75600004
-0.0093600051 0.051120002 0.75600004
-0.010828576 0.051255241 0.75800002
-0.012272386 0.051255241 0.75800002
-0.013752386 0.051390477 0.76000005
-0.015200005 0.051390477 0.76000005
-0.016647624 0.051390477 0.76000005
-0.018119052 0.051458098 0.76100004
-0.019568576 0.051458098 0.76100004
-0.021018099 0.051458098 0.76100004
-0.022467624 0.051458094 0.76100004
-0.023917148 0.051458094 0.76100004
-0.025366671 0.051458094 0.76100004
0.046923809 0.049811434 0.75800002
0.045479998 0.049811434 0.75800002
0.044036187 0.049811434 0.75800002
0.04259238 0.049811434 0.75800002
0.041148569 0.049811434 0.75800002
0.039704759 0.049811434 0.75800002
0.038159996 0.049680006 0.75600004
0.036719996 0.049680006 0.75600004
0.03523333 0.049614292 0.75500005
0.033660948 0.049417149 0.75200003
0.032271426 0.049482863 0.75300002
0.030837141 0.049482863 0.75300002
0.029402854 0.049482863 0.75300002
0.027968569 0.049482863 0.75300002
0.026604759 0.049614292 0.75500005
0.025166664 0.049614292 0.75500005
0.023728568 0.049614292 0.75500005
0.022319997 0.049680006 0.75600004
0.020852378 0.049614288 0.75500005
0.019414283 0.049614288 0.75500005
0.017976187 0.049614288 0.75500005
0.016538093 0.049614288 0.75500005
0.015059995 0.04948286 0.75300002
0.01362571 0.04948286 0.75300002
0.012191424 0.04948286 0.75300002
0.01078571 0.049614288 0.75500005
0.0093228528 0.04948286 0.75300002
0.0079095196 0.049614288 0.75500005
0.0064714248 0.049614288 0.75500005
0.0050333291 0.049614288 0.75500005
0.0035952339 0.049614288 0.75500005
0.0021571384 0.049614288 0.75500005
0.00071904325 0.049614288 0.75500005
-0.00071905198 0.049614288 0.75500005
-0.0021571473 0.049614288 0.75500005
-0.0035952427 0.049614288 0.75500005
-0.0050400044 0.049680002 0.75600004
-0.0064800046 0.049680002 0.75600004
-0.0079200054 0.049680002 0.75600004
-0.0093600051 0.049680002 0.75600004
-0.010828576 0.04981143 0.75800002
-0.012272386 0.04981143 0.75800002
-0.013752386 0.049942859 0.76000005
-0.015200005 0.049942859 0.76000005
-0.016669529 0.050008573 0.76100004
-0.018119052 0.050008573 0.76100004
-0.019568576 0.050008573 0.76100004
-0.021018099 0.050008573 0.76100004
-0.022467624 0.050008569 0.76100004
-0.023917148 0.050008569 0.76100004
-0.025366671 0.050008569 0.76100004
0.048367616 0.048367623 0.75800002
0.046923809 0.048367623 0.75800002
0.045479998 0.048367623 0.75800002
0.044036187 0.048367623 0.75800002
0.04259238 0.048367623 0.75800002
0.04104 0.048240006 0.75600004
0.039599996 0.048240006 0.75600004
0.038159996 0.048240006 0.75600004
0.036671426 0.048176195 0.75500005
0.035139997 0.048048578 0.75300002
0.033660948 0.047984768 0.75200003
0.032271426 0.048048578 0.75300002
0.030837141 0.048048578 0.75300002
0.029402854 0.048048578 0.75300002
0.027968569 0.048048578 0.75300002
0.026534284 0.048048578 0.75300002
0.025099996 0.048048578 0.75300002
0.023728568 0.048176195 0.75500005
0.022290474 0.048176195 0.75500005
0.020852378 0.048176192 0.75500005
0.019414283 0.048176192 0.75500005
0.017976187 0.048176192 0.75500005
0.016538093 0.048176192 0.75500005
0.015059995 0.048048574 0.75300002
0.01362571 0.048048574 0.75300002
0.012191424 0.048048574 0.75300002
0.01078571 0.048176192 0.75500005
0.0093228528 0.048048574 0.75300002
0.0079095196 0.048176192 0.75500005
0.0064714248 0.048176192 0.75500005
0.0050333291 0.048176192 0.75500005
0.0035952341 0.048176192 0.75500005
0.0021571387 0.048176192 0.75500005
0.00071904343 0.048176192 0.75500005
-0.00071905181 0.048176192 0.75500005
-0.002157147 0.048176192 0.75500005
-0.0035952425 0.048176192 0.75500005
-0.0050400044 0.048240002 0.75600004
-0.0064800046 0.048240002 0.75600004
-0.0079200054 0.048240002 0.75600004
-0.0093847672 0.04836762 0.75800002
-0.010828576 0.04836762 0.75800002
-0.012272386 0.04836762 0.75800002
-0.013752386 0.048495241 0.76000005
-0.015200005 0.048495241 0.76000005
-0.016669529 0.048559051 0.76100004
-0.018119052 0.048559051 0.76100004
-0.019568576 0.048559051 0.76100004
-0.021018099 0.048559051 0.76100004
-0.022467624 0.048559047 0.76100004
-0.023917148 0.048559047 0.76100004
-0.025366671 0.048559047 0.76100004
0.048367616 0.046923816 0.75800002
0.046923809 0.046923816 0.75800002
0.045479998 0.046923816 0.75800002
0.044036187 0.046923816 0.75800002
0.04259238 0.046923816 0.75800002
0.04104 0.046800006 0.75600004
0.039599996 0.046800006 0.75600004
0.038159996 0.046800006 0.75600004
0.036671426 0.046738099 0.75500005
0.035139997 0.046614293 0.75300002
0.033705711 0.046614293 0.75300002
0.032271426 0.046614293 0.75300002
0.030837141 0.046614293 0.75300002
0.029402854 0.046614293 0.75300002
0.027968569 0.046614293 0.75300002
0.026534284 0.046614293 0.75300002
0.025099996 0.046614293 0.75300002
0.023728568 0.046738099 0.75500005
0.022290474 0.046738099 0.75500005
0.020852378 0.046738096 0.75500005
0.019414283 0.046738096 0.75500005
0.017928569 0.046614289 0.75300002
0.016538093 0.046738096 0.75500005
0.015059996 0.046614289 0.75300002
0.013607616 0.046552382 0.75200003
0.012191425 0.046614289 0.75300002
0.010785711 0.046738096 0.75500005
0.0093476158 0.046738096 0.75500005
0.0079095205 0.046738096 0.75500005
0.0064714248 0.046738096 0.75500005
0.0050333291 0.046738096 0.75500005
0.0035952341 0.046738096 0.75500005
0.0021571387 0.046738096 0.75500005
0.00071904354 0.046738096 0.75500005
-0.00071905169 0.046738096 0.75500005
-0.002157147 0.046738096 0.75500005
-0.0035952425 0.046738096 0.75500005
-0.0050400044 0.046800002 0.75600004
-0.0064800046 0.046800002 0.75600004
-0.0079200044 0.046800002 0.75600004
-0.0093847662 0.046923812 0.75800002
-0.010857147 0.047047623 0.76000005
-0.012304766 0.047047623 0.76000005
-0.013770481 0.047109526 0.76100004
-0.015220004 0.047109526 0.76100004
-0.016669529 0.047109526 0.76100004
-0.018119052 0.047109526 0.76100004
-0.019568576 0.047109526 0.76100004
-0.021018099 0.047109526 0.76100004
-0.022467624 0.047109522 0.76100004
-0.023917148 0.047109522 0.76100004
-0.025366671 0.047109522 0.76100004
0.048495237 0.045600004 0.76000005
0.047047619 0.045600004 0.76000005
0.045599997 0.045600004 0.76000005
0.044036187 0.045480005 0.75800002
0.042479999 0.045360006 0.75600004
0.04104 0.045360006 0.75600004
0.039599996 0.045360006 0.75600004
0.038109522 0.045300007 0.75500005
0.036671426 0.045300007 0.75500005
0.035139997 0.045180004 0.75300002
0.033660948 0.045120005 0.75200003
0.032271426 0.045180004 0.75300002
0.030837141 0.045180004 0.75300002
0.029402854 0.045180004 0.75300002
0.027968569 0.045180004 0.75300002
0.026534284 0.045180004 0.75300002
0.025099996 0.045180004 0.75300002
0.023728568 0.045300007 0.75500005
0.022290474 0.045300007 0.75500005
0.020852378 0.045300003 0.75500005
0.019414283 0.045300003 0.75500005
0.017928569 0.04518 0.75300002
0.016538093 0.045300003 0.75500005
0.015059996 0.04518 0.75300002
0.013625711 0.04518 0.75300002
0.012223806 0.045300003 0.75500005
0.010785711 0.045300003 0.75500005
0.0093476158 0.045300003 0.75500005
0.007919997 0.045360003 0.75600004
0.0064714248 0.045300003 0.75500005
0.0050333291 0.045300003 0.75500005
0.0035952344 0.045300003 0.75500005
0.0021571389 0.045300003 0.75500005
0.00071904366 0.045300003 0.75500005
-0.00071905158 0.045300003 0.75500005
-0.0021571468 0.045300003 0.75500005
-0.0036000041 0.045360003 0.75600004
-0.0050400044 0.045360003 0.75600004
-0.0064800046 0.045360003 0.75600004
-0.0079200044 0.045360003 0.75600004
-0.0093847662 0.045480002 0.75800002
-0.010857147 0.045600001 0.76000005
-0.012304766 0.045600001 0.76000005
-0.013770481 0.04566 0.76100004
-0.015220004 0.04566 0.76100004
-0.016669529 0.04566 0.76100004
-0.018166671 0.045780003 0.76300001
-0.019620005 0.045780003 0.76300001
-0.021073338 0.045780003 0.76300001
-0.022526672 0.045779999 0.76300001
-0.023980005 0.045779999 0.76300001
-0.025433337 0.045779999 0.76300001
0.048367616 0.044036195 0.75800002
0.046923809 0.044036195 0.75800002
0.045599997 0.044152386 0.76000005
0.044036187 0.044036195 0.75800002
0.042479999 0.043920007 0.75600004
0.04104 0.043920007 0.75600004
0.039599996 0.043920007 0.75600004
0.038109522 0.043861911 0.75500005
0.036574282 0.043745719 0.75300002
0.035139997 0.043745719 0.75300002
0.033660948 0.043687623 0.75200003
0.032271426 0.043745719 0.75300002
0.030796187 0.043687623 0.75200003
0.029402854 0.043745719 0.75300002
0.027968569 0.043745719 0.75300002
0.026534284 0.043745719 0.75300002
0.025099996 0.043745719 0.75300002
0.023728568 0.043861911 0.75500005
0.022290474 0.043861911 0.75500005
0.020852378 0.043861907 0.75500005
0.019414283 0.043861907 0.75500005
0.017976187 0.043861907 0.75500005
0.016538093 0.043861907 0.75500005
0.015099997 0.043861907 0.75500005
0.013625711 0.043745715 0.75300002
0.012223806 0.043861907 0.75500005
0.010799997 0.043920003 0.75600004
0.0093599968 0.043920003 0.75600004
0.007919997 0.043920003 0.75600004
0.0064799967 0.043920003 0.75600004
0.0050399965 0.043920003 0.75600004
0.0035999964 0.043920003 0.75600004
0.0021599964 0.043920003 0.75600004
0.00071999617 0.043920003 0.75600004
-0.00072000385 0.043920003 0.75600004
-0.0021600039 0.043920003 0.75600004
-0.0036000039 0.043920003 0.75600004
-0.0050400039 0.043920003 0.75600004
-0.0064800042 0.043920003 0.75600004
-0.0079200044 0.043920003 0.75600004
-0.0094095282 0.044152383 0.76000005
-0.010871433 0.044210479 0.76100004
-0.012320956 0.044210479 0.76100004
-0.013770481 0.044210479 0.76100004
-0.015220004 0.044210479 0.76100004
-0.016713338 0.044326667 0.76300001
-0.018166671 0.044326667 0.76300001
-0.019620005 0.044326667 0.76300001
-0.021073338 0.044326667 0.76300001
-0.022526672 0.044326663 0.76300001
-0.023980005 0.044326663 0.76300001
-0.025433337 0.044326663 0.76300001
0.048367616 0.042592388 0.75800002
0.047047619 0.042704768 0.76000005
0.045479998 0.042592388 0.75800002
0.044036187 0.042592388 0.75800002
0.04259238 0.042592388 0.75800002
0.04104 0.042480007 0.75600004
0.039599996 0.042480007 0.75600004
0.038109522 0.042423815 0.75500005
0.036574282 0.042311434 0.75300002
0.03509333 0.042255245 0.75200003
0.033660948 0.042255245 0.75200003
0.03222857 0.042255245 0.75200003
0.030796187 0.042255245 0.75200003
0.029363807 0.042255245 0.75200003
0.027931426 0.042255245 0.75200003
0.026534284 0.042311434 0.75300002
0.025099996 0.042311434 0.75300002
0.023665711 0.042311434 0.75300002
0.022231426 0.042311434 0.75300002
0.020852378 0.042423811 0.75500005
0.019414283 0.042423811 0.75500005
0.017976187 0.042423811 0.75500005
0.016559998 0.042480003 0.75600004
0.015099997 0.042423811 0.75500005
0.013661901 0.042423811 0.75500005
0.012223806 0.042423811 0.75500005
0.010799997 0.042480003 0.75600004
0.0093599968 0.042480003 0.75600004
0.007919997 0.042480003 0.75600004
0.0064799967 0.042480003 0.75600004
0.0050399965 0.042480003 0.75600004
0.0035999964 0.042480003 0.75600004
0.0021599964 0.042480003 0.75600004
0.00071999629 0.042480003 0.75600004
-0.00072000374 0.042480003 0.75600004
-0.0021600039 0.042480003 0.75600004
-0.0036000039 0.042480003 0.75600004
-0.0050400039 0.042480003 0.75600004
-0.006497147 0.042592384 0.75800002
-0.0079619084 0.042704765 0.76000005
-0.0094219092 0.042760953 0.76100004
-0.010900004 0.042873334 0.76300001
-0.012320956 0.042760953 0.76100004
-0.013806671 0.042873334 0.76300001
-0.015260004 0.042873334 0.76300001
-0.016713338 0.042873334 0.76300001
-0.018166671 0.042873334 0.76300001
-0.019620005 0.042873334 0.76300001
-0.021128576 0.042985715 0.76500005
-0.022585718 0.042985711 0.76500005
-0.024042862 0.042985711 0.76500005
-0.025500005 0.042985711 0.76500005
0.047047619 0.041257147 0.76000005
0.045479998 0.041148577 0.75800002
0.044036187 0.041148577 0.75800002
0.042479999 0.041040007 0.75600004
0.04104 0.041040007 0.75600004
0.039547618 0.040985718 0.75500005
0.038109522 0.040985718 0.75500005
0.036574282 0.040877149 0.75300002
0.035139997 0.040877149 0.75300002
0.033660948 0.040822864 0.75200003
0.032271426 0.040877149 0.75300002
0.030796187 0.040822864 0.75200003
0.029363807 0.040822864 0.75200003
0.027968569 0.040877149 0.75300002
0.026534284 0.040877149 0.75300002
0.025099996 0.040877149 0.75300002
0.023665711 0.040877149 0.75300002
0.022231426 0.040877149 0.75300002
0.020852378 0.040985715 0.75500005
0.019414283 0.040985715 0.75500005
0.017976187 0.040985715 0.75500005
0.016538093 0.040985715 0.75500005
0.015099997 0.040985715 0.75500005
0.013661901 0.040985715 0.75500005
0.012223806 0.040985715 0.75500005
0.010785711 0.040985715 0.75500005
0.0093599968 0.041040003 0.75600004
0.007919997 0.041040003 0.75600004
0.0064799967 0.041040003 0.75600004
0.0050399965 0.041040003 0.75600004
0.0035999967 0.041040003 0.75600004
0.0021599967 0.041040003 0.75600004
0.0007199964 0.041040003 0.75600004
-0.00072000362 0.041040003 0.75600004
-0.0021600036 0.041040003 0.75600004
-0.0036000037 0.041040003 0.75600004
-0.0050533372 0.041148573 0.75800002
-0.0065142899 0.041257143 0.76000005
-0.0079619084 0.041257143 0.76000005
-0.0094219092 0.041311432 0.76100004
-0.010900004 0.041420002 0.76300001
-0.012353337 0.041420002 0.76300001
-0.013806671 0.041420002 0.76300001
-0.015260004 0.041420002 0.76300001
-0.016713338 0.041420002 0.76300001
-0.018166671 0.041420002 0.76300001
-0.019671433 0.041528571 0.76500005
-0.021128576 0.041528571 0.76500005
-0.022585718 0.041528568 0.76500005
-0.024105718 0.041637141 0.76700002
-0.025566671 0.041637141 0.76700002
-0.027027624 0.041637141 0.76700002
0.047047619 0.039809529 0.76000005
0.045599997 0.039809529 0.76000005
0.044036187 0.039704766 0.75800002
0.042479999 0.039600004 0.75600004
0.04104 0.039600004 0.75600004
0.039547618 0.039547626 0.75500005
0.038109522 0.039547626 0.75500005
0.036671426 0.039547626 0.75500005
0.035139997 0.039442863 0.75300002
0.033705711 0.039442863 0.75300002
0.032271426 0.039442863 0.75300002
0.030837141 0.039442863 0.75300002
0.029402854 0.039442863 0.75300002
0.027968569 0.039442863 0.75300002
0.026604759 0.039547626 0.75500005
0.025166664 0.039547626 0.75500005
0.023728568 0.039547626 0.75500005
0.022319997 0.039600004 0.75600004
0.020879997 0.0396 0.75600004
0.019439997 0.0396 0.75600004
0.017999997 0.0396 0.75600004
0.016559998 0.0396 0.75600004
0.015119997 0.0396 0.75600004
0.013679997 0.0396 0.75600004
0.012239996 0.0396 0.75600004
0.010799997 0.0396 0.75600004
0.0093599968 0.0396 0.75600004
0.007919997 0.0396 0.75600004
0.00649714 0.039704762 0.75800002
0.0050533302 0.039704762 0.75800002
0.0036095204 0.039704762 0.75800002
0.0021714251 0.039809525 0.76000005
0.00072380604 0.039809525 0.76000005
-0.00072190829 0.039704762 0.75800002
-0.0021714321 0.039809525 0.76000005
-0.0036190513 0.039809525 0.76000005
-0.0050533367 0.039704762 0.75800002
-0.0065142894 0.039809525 0.76000005
-0.0079723848 0.039861906 0.76100004
-0.0094219092 0.039861906 0.76100004
-0.010900004 0.039966669 0.76300001
-0.012353337 0.039966669 0.76300001
-0.013806671 0.039966669 0.76300001
-0.015260004 0.039966669 0.76300001
-0.016757147 0.040071432 0.76500005
-0.018214291 0.040071432 0.76500005
-0.019671433 0.040071432 0.76500005
-0.021183815 0.04017619 0.76700002
-0.022644766 0.040176187 0.76700002
-0.024137147 0.040228568 0.76800001
-0.025600005 0.040228568 0.76800001
-0.027062861 0.040228568 0.76800001
-0.028525719 0.040228568 0.76800001
0.047047619 0.038361911 0.76000005
0.045599997 0.038361911 0.76000005
0.044036187 0.038260959 0.75800002
0.04259238 0.038260959 0.75800002
0.04104 0.038160004 0.75600004
0.039599996 0.038160004 0.75600004
0.038109522 0.03810953 0.75500005
0.036671426 0.03810953 0.75500005
0.035139997 0.038008578 0.75300002
0.033705711 0.038008578 0.75300002
0.032271426 0.038008578 0.75300002
0.030837141 0.038008578 0.75300002
0.029480949 0.03810953 0.75500005
0.028079998 0.038160004 0.75600004
0.026639998 0.038160004 0.75600004
0.025166664 0.03810953 0.75500005
0.023759997 0.038160004 0.75600004
0.022319997 0.038160004 0.75600004
0.020879997 0.03816 0.75600004
0.019439997 0.03816 0.75600004
0.017999997 0.03816 0.75600004
0.016603807 0.038260955 0.75800002
0.015119997 0.03816 0.75600004
0.013679997 0.03816 0.75600004
0.012239996 0.03816 0.75600004
0.010799997 0.03816 0.75600004
0.0093847588 0.038260955 0.75800002
0.0079409489 0.038260955 0.75800002
0.00649714 0.038260955 0.75800002
0.0050533302 0.038260955 0.75800002
0.0036095206 0.038260955 0.75800002
0.0021714254 0.038361907 0.76000005
0.00072380615 0.038361907 0.76000005
-0.0007238129 0.038361907 0.76000005
-0.0021714319 0.038361907 0.76000005
-0.0036190511 0.038361907 0.76000005
-0.0050733369 0.038412381 0.76100004
-0.0065228608 0.038412381 0.76100004
-0.0079933377 0.038513336 0.76300001
-0.0094466703 0.038513336 0.76300001
-0.010900004 0.038513336 0.76300001
-0.012353337 0.038513336 0.76300001
-0.013806671 0.038513336 0.76300001
-0.015300005 0.038614288 0.76500005
-0.016757147 0.038614288 0.76500005
-0.018214291 0.038614288 0.76500005
-0.019722862 0.03871524 0.76700002
-0.021211432 0.038765717 0.76800001
-0.02267429 0.038765714 0.76800001
-0.024200005 0.038866665 0.77000004
-0.025666671 0.038866665 0.77000004
-0.027133338 0.038866665 0.77000004
-0.028600005 0.038866665 0.77000004
0.047047619 0.036914289 0.76000005
0.045599997 0.036914289 0.76000005
0.044036187 0.036817148 0.75800002
0.042479999 0.036720004 0.75600004
0.04104 0.036720004 0.75600004
0.039599996 0.036720004 0.75600004
0.038109522 0.036671434 0.75500005
0.036671426 0.036671434 0.75500005
0.03523333 0.036671434 0.75500005
0.033795234 0.036671434 0.75500005
0.032357141 0.036671434 0.75500005
0.030919045 0.036671434 0.75500005
0.029519998 0.036720004 0.75600004
0.028079998 0.036720004 0.75600004
0.026639998 0.036720004 0.75600004
0.025199996 0.036720004 0.75600004
0.023759997 0.036720004 0.75600004
0.022319997 0.036720004 0.75600004
0.020935236 0.036817145 0.75800002
0.019491425 0.036817145 0.75800002
0.018047616 0.036817145 0.75800002
0.016603807 0.036817145 0.75800002
0.015119998 0.03672 0.75600004
0.013716188 0.036817145 0.75800002
0.012239997 0.03672 0.75600004
0.010828569 0.036817145 0.75800002
0.0093847597 0.036817145 0.75800002
0.0079409499 0.036817145 0.75800002
0.0065142829 0.036914285 0.76000005
0.0050666635 0.036914285 0.76000005
0.0036190446 0.036914285 0.76000005
0.0021714254 0.036914285 0.76000005
0.00072475866 0.036962859 0.76100004
-0.00072381273 0.036914285 0.76000005
-0.002174289 0.036962859 0.76100004
-0.0036238129 0.036962859 0.76100004
-0.0050733369 0.036962859 0.76100004
-0.0065400037 0.03706 0.76300001
-0.0079933368 0.03706 0.76300001
-0.0094466694 0.03706 0.76300001
-0.010900003 0.03706 0.76300001
-0.012353336 0.03706 0.76300001
-0.01384286 0.037157144 0.76500005
-0.015300004 0.037157144 0.76500005
-0.016757147 0.037157144 0.76500005
-0.018214291 0.037157144 0.76500005
-0.019722862 0.037254289 0.76700002
-0.021211432 0.037302859 0.76800001
-0.02267429 0.037302855 0.76800001
-0.024200005 0.037399996 0.77000004
-0.025666671 0.037399996 0.77000004
-0.027133338 0.037399996 0.77000004
-0.028600005 0.037399996 0.77000004
0.047047619 0.035466671 0.76000005
0.045599997 0.035466671 0.76000005
0.044036187 0.035373338 0.75800002
0.04259238 0.035373338 0.75800002
0.04104 0.035280004 0.75600004
0.039599996 0.035280004 0.75600004
0.038159996 0.035280004 0.75600004
0.036671426 0.035233337 0.75500005
0.03523333 0.035233337 0.75500005
0.033795234 0.035233337 0.75500005
0.032357141 0.035233337 0.75500005
0.030919045 0.035233337 0.75500005
0.029519998 0.035280004 0.75600004
0.028079998 0.035280004 0.75600004
0.026639998 0.035280004 0.75600004
0.025199996 0.035280004 0.75600004
0.023759997 0.035280004 0.75600004
0.022319997 0.035280004 0.75600004
0.020935236 0.035373334 0.75800002
0.019491425 0.035373334 0.75800002
0.018047616 0.035373334 0.75800002
0.016647616 0.035466667 0.76000005
0.015159998 0.035373334 0.75800002
0.013716188 0.035373334 0.75800002
0.012272378 0.035373334 0.75800002
0.010828569 0.035373334 0.75800002
0.0093847597 0.035373334 0.75800002
0.0079409499 0.035373334 0.75800002
0.0065142829 0.035466667 0.76000005
0.0050733304 0.035513334 0.76100004
0.0036238066 0.035513334 0.76100004
0.0021742827 0.035513334 0.76100004
0.00072475884 0.035513334 0.76100004
-0.00072476501 0.035513334 0.76100004
-0.0021742887 0.035513334 0.76100004
-0.0036238127 0.035513334 0.76100004
-0.0050733369 0.035513334 0.76100004
-0.0065400037 0.035606667 0.76300001
-0.0079933368 0.035606667 0.76300001
-0.0094466694 0.035606667 0.76300001
-0.010928575 0.035700001 0.76500005
-0.012385718 0.035700001 0.76500005
-0.01384286 0.035700001 0.76500005
-0.015300004 0.035700001 0.76500005
-0.016757147 0.035700001 0.76500005
-0.018214291 0.035700001 0.76500005
-0.019722862 0.035793334 0.76700002
-0.021211432 0.035840001 0.76800001
-0.02267429 0.035839997 0.76800001
-0.024200005 0.035933331 0.77000004
-0.025666671 0.035933331 0.77000004
-0.027133338 0.035933331 0.77000004
-0.028600005 0.035933331 0.77000004
0.047047619 0.034019053 0.76000005
0.045599997 0.034019053 0.76000005
0.044036187 0.033929531 0.75800002
0.04259238 0.033929531 0.75800002
0.04104 0.033840004 0.75600004
0.039599996 0.033840004 0.75600004
0.038159996 0.033840004 0.75600004
0.036719996 0.033840004 0.75600004
0.03523333 0.033795241 0.75500005
0.033839997 0.033840004 0.75600004
0.032399997 0.033840004 0.75600004
0.030919045 0.033795241 0.75500005
0.029519998 0.033840004 0.75600004
0.028079998 0.033840004 0.75600004
0.026639998 0.033840004 0.75600004
0.025199996 0.033840004 0.75600004
0.023759997 0.033840004 0.75600004
0.022319997 0.033840004 0.75600004
0.020935236 0.033929527 0.75800002
0.019491425 0.033929527 0.75800002
0.018095234 0.034019049 0.76000005
0.016669521 0.034063812 0.76100004
0.015159998 0.033929527 0.75800002
0.013752379 0.034019049 0.76000005
0.012272378 0.033929527 0.75800002
0.010857141 0.034019049 0.76000005
0.0094095217 0.034019049 0.76000005
0.0079619018 0.034019049 0.76000005
0.0065228548 0.034063812 0.76100004
0.0050733308 0.034063812 0.76100004
0.0036238066 0.034063812 0.76100004
0.0021742827 0.034063812 0.76100004
0.00072475895 0.034063812 0.76100004
-0.00072476489 0.034063812 0.76100004
-0.0021742887 0.034063812 0.76100004
-0.0036333364 0.034153335 0.76300001
-0.0050866697 0.034153335 0.76300001
-0.0065571461 0.034242857 0.76500005
-0.0080142887 0.034242857 0.76500005
-0.0094714314 0.034242857 0.76500005
-0.010928575 0.034242857 0.76500005
-0.012385718 0.034242857 0.76500005
-0.01384286 0.034242857 0.76500005
-0.015340003 0.034332383 0.76700002
-0.016800957 0.034332383 0.76700002
-0.018261909 0.034332383 0.76700002
-0.019722862 0.034332383 0.76700002
-0.021211432 0.034377143 0.76800001
-0.02267429 0.034377139 0.76800001
-0.024200005 0.034466665 0.77000004
-0.025666671 0.034466665 0.77000004
-0.027133338 0.034466665 0.77000004
-0.028600005 0.034466665 0.77000004
0.045599997 0.032571435 0.76000005
0.044036187 0.03248572 0.75800002
0.04259238 0.03248572 0.75800002
0.041148569 0.03248572 0.75800002
0.039599996 0.032400005 0.75600004
0.038159996 0.032400005 0.75600004
0.036719996 0.032400005 0.75600004
0.035279997 0.032400005 0.75600004
0.033839997 0.032400005 0.75600004
0.032399997 0.032400005 0.75600004
0.030959997 0.032400005 0.75600004
0.029519998 0.032400005 0.75600004
0.028079998 0.032400005 0.75600004
0.026710473 0.03248572 0.75800002
0.025266664 0.03248572 0.75800002
0.023822855 0.03248572 0.75800002
0.022379044 0.03248572 0.75800002
0.020935236 0.032485716 0.75800002
0.019542854 0.032571431 0.76000005
0.018119045 0.032614287 0.76100004
0.016669521 0.032614287 0.76100004
0.015199997 0.032571431 0.76000005
0.013770474 0.032614287 0.76100004
0.01232095 0.032614287 0.76100004
0.010871426 0.032614287 0.76100004
0.0094219027 0.032614287 0.76100004
0.0079723783 0.032614287 0.76100004
0.0065228548 0.032614287 0.76100004
0.0050733308 0.032614287 0.76100004
0.0036238069 0.032614287 0.76100004
0.0021742829 0.032614287 0.76100004
0.00072666386 0.032700002 0.76300001
-0.00072666956 0.032700002 0.76300001
-0.0021800029 0.032700002 0.76300001
-0.0036333362 0.032700002 0.76300001
-0.0050866697 0.032700002 0.76300001
-0.0065742889 0.032871429 0.76700002
-0.0080142887 0.032785714 0.76500005
-0.0094714314 0.032785714 0.76500005
-0.010928575 0.032785714 0.76500005
-0.012385718 0.032785714 0.76500005
-0.013879051 0.032871429 0.76700002
-0.015340003 0.032871429 0.76700002
-0.016800957 0.032871429 0.76700002
-0.018261909 0.032871429 0.76700002
-0.019748576 0.032914288 0.76800001
-0.021211432 0.032914288 0.76800001
-0.022733338 0.032999996 0.77000004
-0.024200005 0.032999996 0.77000004
-0.025666671 0.032999996 0.77000004
-0.027133338 0.032999996 0.77000004
-0.028600005 0.032999996 0.77000004
0.047109522 0.031164767 0.76100004
0.045599997 0.031123815 0.76000005
0.044152379 0.031123815 0.76000005
0.04259238 0.031041909 0.75800002
0.041148569 0.031041909 0.75800002
0.039599996 0.030960005 0.75600004
0.038159996 0.030960005 0.75600004
0.036719996 0.030960005 0.75600004
0.035279997 0.030960005 0.75600004
0.033839997 0.030960005 0.75600004
0.032399997 0.030960005 0.75600004
0.030959999 0.030960003 0.75600004
0.029519999 0.030960003 0.75600004
0.028154286 0.031041907 0.75800002
0.026710475 0.031041907 0.75800002
0.025266666 0.031041907 0.75800002
0.023822857 0.031041907 0.75800002
0.022379046 0.031041907 0.75800002
0.020990476 0.031123813 0.76000005
0.019619999 0.03124667 0.76300001
0.018166665 0.03124667 0.76300001
0.016713332 0.03124667 0.76300001
0.015219998 0.031164765 0.76100004
0.013770474 0.031164765 0.76100004
0.01232095 0.031164765 0.76100004
0.010871426 0.031164765 0.76100004
0.0094219027 0.031164763 0.76100004
0.0079723783 0.031164763 0.76100004
0.0065228548 0.031164763 0.76100004
0.0050866641 0.031246668 0.76300001
0.0036333306 0.031246668 0.76300001
0.0021799973 0.031246668 0.76300001
0.00072666397 0.031246668 0.76300001
-0.00072666944 0.031246668 0.76300001
-0.0021800029 0.031246668 0.76300001
-0.0036333362 0.031246668 0.76300001
-0.005100003 0.031328574 0.76500005
-0.0065571461 0.031328574 0.76500005
-0.0080142887 0.031328574 0.76500005
-0.0094714314 0.031328574 0.76500005
-0.010928575 0.031328574 0.76500005
-0.012385718 0.031328574 0.76500005
-0.013879051 0.031410478 0.76700002
-0.015340003 0.031410478 0.76700002
-0.016800955 0.031410478 0.76700002
-0.018261908 0.031410478 0.76700002
-0.01972286 0.031410478 0.76700002
-0.02121143 0.03145143 0.76800001
-0.022674289 0.031451426 0.76800001
-0.024105716 0.031410474 0.76700002
-0.025600003 0.031451426 0.76800001
-0.027062859 0.031451426 0.76800001
-0.028525718 0.031451426 0.76800001
0.047109522 0.029715244 0.76100004
0.045659997 0.029715244 0.76100004
0.044152379 0.029676195 0.76000005
0.042704761 0.029676195 0.76000005
0.041148569 0.0295981 0.75800002
0.039704759 0.0295981 0.75800002
0.038260952 0.0295981 0.75800002
0.036817141 0.0295981 0.75800002
0.03537333 0.0295981 0.75800002
0.033929523 0.0295981 0.75800002
0.032485712 0.0295981 0.75800002
0.031041903 0.029598098 0.75800002
0.029598095 0.029598098 0.75800002
0.028154286 0.029598098 0.75800002
0.026710475 0.029598098 0.75800002
0.025266666 0.029598098 0.75800002
0.023822857 0.029598098 0.75800002
0.022467619 0.029715242 0.76100004
0.021018093 0.029715242 0.76100004
0.019619999 0.029793337 0.76300001
0.018166665 0.029793337 0.76300001
0.016713332 0.029793337 0.76300001
0.015219998 0.029715242 0.76100004
0.013770474 0.029715242 0.76100004
0.01232095 0.029715242 0.76100004
0.010871426 0.029715242 0.76100004
0.0094219027 0.02971524 0.76100004
0.0079723783 0.02971524 0.76100004
0.0065399976 0.029793335 0.76300001
0.0050866641 0.029793335 0.76300001
0.0036333308 0.029793335 0.76300001
0.0021799975 0.029793335 0.76300001
0.00072666409 0.029793335 0.76300001
-0.00072666933 0.029793335 0.76300001
-0.0021800026 0.029793335 0.76300001
-0.0036428599 0.02987143 0.76500005
-0.005100003 0.02987143 0.76500005
-0.0065742889 0.029949525 0.76700002
-0.0080142887 0.02987143 0.76500005
-0.0094961934 0.029949525 0.76700002
-0.010928575 0.029871428 0.76500005
-0.012385718 0.029871428 0.76500005
-0.013879051 0.029949524 0.76700002
-0.015340003 0.029949524 0.76700002
-0.016757146 0.029871428 0.76500005
-0.018214289 0.029871428 0.76500005
-0.019671431 0.029871428 0.76500005
-0.021128574 0.029871428 0.76500005
-0.022585716 0.029871428 0.76500005
-0.023917146 0.029715238 0.76100004
-0.025433335 0.029793333 0.76300001
-0.02688667 0.029793333 0.76300001
-0.028340003 0.029793333 0.76300001
-0.029715242 0.029715238 0.76100004
-0.031164765 0.029715238 0.76100004
0.047233332 0.028340004 0.76300001
0.045659997 0.028265718 0.76100004
0.044152379 0.028228575 0.76000005
0.042704761 0.028228575 0.76000005
0.041148569 0.028154291 0.75800002
0.039704759 0.028154291 0.75800002
0.038260952 0.028154291 0.75800002
0.036817141 0.028154291 0.75800002
0.03537333 0.028154291 0.75800002
0.033929523 0.028154291 0.75800002
0.032485712 0.028154291 0.75800002
0.031041903 0.028154289 0.75800002
0.029598095 0.028154289 0.75800002
0.02822857 0.028228574 0.76000005
0.026780952 0.028228574 0.76000005
0.025333332 0.028228574 0.76000005
0.023917142 0.028265717 0.76100004
0.022467619 0.028265717 0.76100004
0.021073332 0.028340003 0.76300001
0.019671427 0.028414289 0.76500005
0.018214285 0.028414289 0.76500005
0.016757142 0.028414289 0.76500005
0.015259998 0.028340003 0.76300001
0.013806664 0.028340003 0.76300001
0.012353331 0.028340003 0.76300001
0.010899997 0.028340003 0.76300001
0.0094466638 0.028340001 0.76300001
0.0079933312 0.028340001 0.76300001
0.0065399981 0.028340001 0.76300001
0.0050866646 0.028340001 0.76300001
0.0036333308 0.028340001 0.76300001
0.0021799975 0.028340001 0.76300001
0.00072666421 0.028340001 0.76300001
-0.00072666921 0.028340001 0.76300001
-0.0021800026 0.028340001 0.76300001
-0.0036428599 0.028414287 0.76500005
-0.0051000025 0.028414287 0.76500005
-0.0065742885 0.028488573 0.76700002
-0.0080352416 0.028488573 0.76700002
-0.0094961934 0.028488573 0.76700002
-0.010928575 0.028414285 0.76500005
-0.012418099 0.028488571 0.76700002
-0.013879051 0.028488571 0.76700002
-0.015340003 0.028488571 0.76700002
-0.016757146 0.028414285 0.76500005
-0.018166669 0.028339999 0.76300001
-0.019620003 0.028339999 0.76300001
-0.021073336 0.028339999 0.76300001
-0.02252667 0.028339999 0.76300001
-0.023917146 0.028265713 0.76100004
-0.02536667 0.028265713 0.76100004
-0.026816193 0.028265713 0.76100004
-0.028265717 0.028265713 0.76100004
-0.029676193 0.02822857 0.76000005
-0.031164765 0.028265713 0.76100004
-0.032614291 0.028265711 0.76100004
-0.034063816 0.028265711 0.76100004
0.047357142 0.026957147 0.76500005
0.045779999 0.026886672 0.76300001
0.044210475 0.026816195 0.76100004
0.04276095 0.026816195 0.76100004
0.041257139 0.026780957 0.76000005
0.039704759 0.02671048 0.75800002
0.038260952 0.02671048 0.75800002
0.036817141 0.02671048 0.75800002
0.03537333 0.02671048 0.75800002
0.033929523 0.02671048 0.75800002
0.032571428 0.026780957 0.76000005
0.03112381 0.026780955 0.76000005
0.02967619 0.026780955 0.76000005
0.02822857 0.026780955 0.76000005
0.026780952 0.026780955 0.76000005
0.025333332 0.026780955 0.76000005
0.023917142 0.026816193 0.76100004
0.022467619 0.026816193 0.76100004
0.021073332 0.02688667 0.76300001
0.019671427 0.026957145 0.76500005
0.018214285 0.026957145 0.76500005
0.016757142 0.026957145 0.76500005
0.015259998 0.02688667 0.76300001
0.013842855 0.026957145 0.76500005
0.012385712 0.026957145 0.76500005
0.010899997 0.02688667 0.76300001
0.0094466638 0.026886668 0.76300001
0.0079933312 0.026886668 0.76300001
0.0065399981 0.026886668 0.76300001
0.0050866646 0.026886668 0.76300001
0.003633331 0.026886668 0.76300001
0.0021799977 0.026886668 0.76300001
0.00072856911 0.026957143 0.76500005
-0.00072857377 0.026957143 0.76500005
-0.0021914309 0.02702762 0.76700002
-0.0036523833 0.02702762 0.76700002
-0.0051133358 0.02702762 0.76700002
-0.0065742885 0.02702762 0.76700002
-0.0080352416 0.02702762 0.76700002
-0.0094961934 0.02702762 0.76700002
-0.010957146 0.027027618 0.76700002
-0.012418099 0.027027618 0.76700002
-0.013879051 0.027027618 0.76700002
-0.015340003 0.027027618 0.76700002
-0.016713336 0.026886666 0.76300001
-0.018166669 0.026886666 0.76300001
-0.019620003 0.026886666 0.76300001
-0.021018097 0.026816189 0.76100004
-0.022467623 0.026816189 0.76100004
-0.023885718 0.026780952 0.76000005
-0.025333336 0.026780952 0.76000005
-0.026780955 0.026780952 0.76000005
-0.028154289 0.026710475 0.75800002
-0.029598098 0.026710475 0.75800002
-0.031041907 0.026710475 0.75800002
-0.03248572 0.026710473 0.75800002
-0.033929531 0.026710473 0.75800002
-0.035373338 0.026710473 0.75800002
-0.036817148 0.026710473 0.75800002
-0.038260959 0.026710473 0.75800002
-0.039704766 0.026710473 0.75800002
0.047357142 0.025500005 0.76500005
0.045899998 0.025500005 0.76500005
0.044326663 0.025433337 0.76300001
0.04276095 0.025366671 0.76100004
0.041311428 0.025366671 0.76100004
0.039809521 0.025333337 0.76000005
0.038361903 0.025333337 0.76000005
0.036817141 0.025266672 0.75800002
0.03537333 0.025266672 0.75800002
0.033929523 0.025266672 0.75800002
0.032485712 0.025266672 0.75800002
0.03112381 0.025333336 0.76000005
0.02967619 0.025333336 0.76000005
0.02822857 0.025333336 0.76000005
0.026780952 0.025333336 0.76000005
0.025366666 0.02536667 0.76100004
0.023917142 0.02536667 0.76100004
0.022526667 0.025433335 0.76300001
0.021073332 0.025433335 0.76300001
0.019671427 0.025500003 0.76500005
0.018214285 0.025500003 0.76500005
0.016800951 0.025566669 0.76700002
0.015259999 0.025433335 0.76300001
0.013842856 0.025500003 0.76500005
0.012385713 0.025500003 0.76500005
0.01092857 0.025500003 0.76500005
0.0094714267 0.025500001 0.76500005
0.0080142841 0.025500001 0.76500005
0.0065399981 0.025433334 0.76300001
0.0051133311 0.025566667 0.76700002
0.003642855 0.025500001 0.76500005
0.0021857121 0.025500001 0.76500005
0.00073047401 0.025566667 0.76700002
-0.00073047844 0.025566667 0.76700002
-0.0021914309 0.025566667 0.76700002
-0.0036523833 0.025566667 0.76700002
-0.0051133358 0.025566667 0.76700002
-0.0065742885 0.025566667 0.76700002
-0.0080352407 0.025566667 0.76700002
-0.0094961924 0.025566667 0.76700002
-0.010957145 0.025566665 0.76700002
-0.012385717 0.0255 0.76500005
-0.013842859 0.0255 0.76500005
-0.015260003 0.025433332 0.76300001
-0.016713336 0.025433332 0.76300001
-0.01811905 0.025366666 0.76100004
-0.01954286 0.025333332 0.76000005
-0.02099048 0.025333332 0.76000005
-0.022438098 0.025333332 0.76000005
-0.023822861 0.025266666 0.75800002
-0.025333336 0.025333332 0.76000005
-0.026710479 0.025266666 0.75800002
-0.028154289 0.025266666 0.75800002
-0.029598098 0.025266666 0.75800002
-0.031041907 0.025266666 0.75800002
-0.03248572 0.025266664 0.75800002
-0.033929531 0.025266664 0.75800002
-0.035373338 0.025266664 0.75800002
-0.036817148 0.025266664 0.75800002
-0.038260959 0.025266664 0.75800002
-0.039704766 0.025266664 0.75800002
0.047357142 0.024042862 0.76500005
0.045899998 0.024042862 0.76500005
0.044326663 0.023980005 0.76300001
0.04287333 0.023980005 0.76300001
0.041311428 0.023917148 0.76100004
0.039809521 0.023885719 0.76000005
0.038361903 0.023885719 0.76000005
0.036914282 0.023885719 0.76000005
0.03537333 0.023822863 0.75800002
0.033929523 0.023822863 0.75800002
0.032571428 0.023885719 0.76000005
0.03112381 0.023885718 0.76000005
0.02967619 0.023885718 0.76000005
0.028265713 0.023917146 0.76100004
0.026816189 0.023917146 0.76100004
0.025366666 0.023917146 0.76100004
0.023979999 0.023980003 0.76300001
0.022526667 0.023980003 0.76300001
0.021073332 0.023980003 0.76300001
0.019671427 0.02404286 0.76500005
0.018214285 0.02404286 0.76500005
0.016800951 0.024105716 0.76700002
0.015259999 0.023980003 0.76300001
0.013842856 0.02404286 0.76500005
0.012418094 0.024105716 0.76700002
0.010957141 0.024105716 0.76700002
0.0094961887 0.024105715 0.76700002
0.0080142841 0.024042858 0.76500005
0.0065742838 0.024105715 0.76700002
0.0051133311 0.024105715 0.76700002
0.0036523789 0.024105715 0.76700002
0.0021914265 0.024105715 0.76700002
0.00073047413 0.024105715 0.76700002
-0.00073143071 0.024137143 0.76800001
-0.002194288 0.024137143 0.76800001
-0.0036571452 0.024137143 0.76800001
-0.0051200027 0.024137143 0.76800001
-0.0065828599 0.024137143 0.76800001
-0.0080352407 0.024105715 0.76700002
-0.0094961924 0.024105715 0.76700002
-0.010928574 0.024042856 0.76500005
-0.012353336 0.023979999 0.76300001
-0.013806669 0.023979999 0.76300001
-0.015200002 0.023885714 0.76000005
-0.016647622 0.023885714 0.76000005
-0.01809524 0.023885714 0.76000005
-0.01949143 0.023822857 0.75800002
-0.020935241 0.023822857 0.75800002
-0.02237905 0.023822857 0.75800002
-0.023822861 0.023822857 0.75800002
-0.02526667 0.023822857 0.75800002
-0.026710479 0.023822857 0.75800002
-0.028080003 0.023759998 0.75600004
-0.029598098 0.023822857 0.75800002
-0.031041907 0.023822857 0.75800002
-0.03248572 0.023822855 0.75800002
-0.033929531 0.023822855 0.75800002
-0.035373338 0.023822855 0.75800002
-0.036817148 0.023822855 0.75800002
-0.038260959 0.023822855 0.75800002
-0.039809529 0.023885712 0.76000005
-0.041257147 0.023885712 0.76000005
0.048814286 0.022585718 0.76500005
0.047480952 0.022644766 0.76700002
0.045899998 0.022585718 0.76500005
0.044442855 0.022585718 0.76500005
0.04287333 0.022526672 0.76300001
0.041419998 0.022526672 0.76300001
0.039861903 0.022467624 0.76100004
0.038412377 0.022467624 0.76100004
0.036914282 0.0224381 0.76000005
0.03537333 0.022379052 0.75800002
0.033929523 0.022379052 0.75800002
0.032614283 0.022467624 0.76100004
0.031164762 0.022467623 0.76100004
0.029715238 0.022467623 0.76100004
0.028265713 0.022467623 0.76100004
0.026816189 0.022467623 0.76100004
0.025433332 0.02252667 0.76300001
0.023979999 0.02252667 0.76300001
0.022526667 0.02252667 0.76300001
0.021073332 0.02252667 0.76300001
0.019671427 0.022585716 0.76500005
0.018261904 0.022644764 0.76700002
0.016800951 0.022644764 0.76700002
0.015299999 0.022585716 0.76500005
0.013879046 0.022644764 0.76700002
0.012418094 0.022644764 0.76700002
0.010957141 0.022644764 0.76700002
0.0094961887 0.022644762 0.76700002
0.008035237 0.022644762 0.76700002
0.0065742843 0.022644762 0.76700002
0.0051199985 0.022674287 0.76800001
0.0036523789 0.022644762 0.76700002
0.0021914265 0.022644762 0.76700002
0.00073142664 0.022674287 0.76800001
-0.0007314306 0.022674287 0.76800001
-0.002194288 0.022674287 0.76800001
-0.0036571452 0.022674287 0.76800001
-0.0051200022 0.022674287 0.76800001
-0.0065828594 0.022674287 0.76800001
-0.0080352407 0.022644762 0.76700002
-0.0094961924 0.022644762 0.76700002
-0.010928574 0.022585712 0.76500005
-0.012353336 0.022526667 0.76300001
-0.013770479 0.022467619 0.76100004
-0.015120002 0.022319999 0.75600004
-0.016603813 0.022379046 0.75800002
-0.018047621 0.022379046 0.75800002
-0.019440003 0.022319999 0.75600004
-0.020935241 0.022379046 0.75800002
-0.02237905 0.022379046 0.75800002
-0.023760002 0.022319999 0.75600004
-0.02526667 0.022379046 0.75800002
-0.026640004 0.022319999 0.75600004
-0.028080003 0.022319999 0.75600004
-0.029598098 0.022379046 0.75800002
-0.031041907 0.022379046 0.75800002
-0.03248572 0.022379044 0.75800002
-0.033929531 0.022379044 0.75800002
-0.035373338 0.022379044 0.75800002
-0.036817148 0.022379044 0.75800002
-0.038361911 0.022438092 0.76000005
-0.039809529 0.022438092 0.76000005
-0.041257147 0.022438092 0.76000005
0.048814289 0.021128576 0.76500005
0.047357146 0.021128576 0.76500005
0.045900002 0.021128576 0.76500005
0.044442859 0.021128576 0.76500005
0.042985715 0.021128576 0.76500005
0.041420002 0.021073338 0.76300001
0.039966669 0.021073338 0.76300001
0.038513336 0.021073338 0.76300001
0.036914285 0.020990482 0.76000005
0.035466667 0.020990482 0.76000005
0.034019049 0.020990482 0.76000005
0.032614287 0.021018099 0.76100004
0.031164762 0.021018097 0.76100004
0.029715238 0.021018097 0.76100004
0.028339999 0.021073336 0.76300001
0.026886666 0.021073336 0.76300001
0.025433332 0.021073336 0.76300001
0.023979999 0.021073336 0.76300001
0.022585712 0.021128574 0.76500005
0.021128571 0.021128574 0.76500005
0.019722857 0.021183813 0.76700002
0.018285712 0.02121143 0.76800001
0.016800951 0.021183813 0.76700002
0.015299999 0.021128574 0.76500005
0.013879046 0.021183813 0.76700002
0.012434284 0.02121143 0.76800001
0.010971427 0.02121143 0.76800001
0.0095085697 0.021211429 0.76800001
0.0080457125 0.021211429 0.76800001
0.0065742843 0.021183811 0.76700002
0.0051199985 0.021211429 0.76800001
0.0036523791 0.021183811 0.76700002
0.002194284 0.021211429 0.76800001
0.00073142676 0.021211429 0.76800001
-0.00073143048 0.021211429 0.76800001
-0.0021942877 0.021211429 0.76800001
-0.003657145 0.021211429 0.76800001
-0.0051200022 0.021211429 0.76800001
-0.0065828594 0.021211429 0.76800001
-0.0080352407 0.021183811 0.76700002
-0.0094961924 0.021183811 0.76700002
-0.010900002 0.021073332 0.76300001
-0.012320954 0.021018093 0.76100004
-0.013680003 0.020879999 0.75600004
-0.015100002 0.02085238 0.75500005
-0.016560003 0.020879999 0.75600004
-0.018000003 0.020879999 0.75600004
-0.019440003 0.020879999 0.75600004
-0.020935241 0.020935237 0.75800002
-0.02237905 0.020935237 0.75800002
-0.023760002 0.020879999 0.75600004
-0.02526667 0.020935237 0.75800002
-0.026710479 0.020935237 0.75800002
-0.028080003 0.020879999 0.75600004
-0.029598098 0.020935237 0.75800002
-0.031041907 0.020935237 0.75800002
-0.032485716 0.020935236 0.75800002
-0.034019049 0.020990474 0.76000005
-0.035373334 0.020935236 0.75800002
-0.036817145 0.020935236 0.75800002
-0.038260955 0.020935236 0.75800002
-0.039704762 0.020935236 0.75800002
-0.041257143 0.020990474 0.76000005
0.047357146 0.019671433 0.76500005
0.045900002 0.019671433 0.76500005
0.044442859 0.019671433 0.76500005
0.042985715 0.019671433 0.76500005
0.041420002 0.019620005 0.76300001
0.039966669 0.019620005 0.76300001
0.038513336 0.019620005 0.76300001
0.036962859 0.019568576 0.76100004
0.035513334 0.019568576 0.76100004
0.034063812 0.019568576 0.76100004
0.032700002 0.019620005 0.76300001
0.031164762 0.019568574 0.76100004
0.029793333 0.019620003 0.76300001
0.028339999 0.019620003 0.76300001
0.026886666 0.019620003 0.76300001
0.025433332 0.019620003 0.76300001
0.023979999 0.019620003 0.76300001
0.022585712 0.019671431 0.76500005
0.021128571 0.019671431 0.76500005
0.019722857 0.01972286 0.76700002
0.018285712 0.019748574 0.76800001
0.016822856 0.019748574 0.76800001
0.015339999 0.01972286 0.76700002
0.013879046 0.01972286 0.76700002
0.012434284 0.019748574 0.76800001
0.010971427 0.019748574 0.76800001
0.0095085697 0.019748572 0.76800001
0.0080457125 0.019748572 0.76800001
0.0065828557 0.019748572 0.76800001
0.0051199985 0.019748572 0.76800001
0.0036571415 0.019748572 0.76800001
0.0021942842 0.019748572 0.76800001
0.00073142687 0.019748572 0.76800001
-0.00073143037 0.019748572 0.76800001
-0.0021942875 0.019748572 0.76800001
-0.0036571447 0.019748572 0.76800001
-0.0051200022 0.019748572 0.76800001
-0.0065828594 0.019748572 0.76800001
-0.0080352407 0.019722858 0.76700002
-0.0094466684 0.019620001 0.76300001
-0.010900002 0.019619999 0.76300001
-0.012272383 0.019491427 0.75800002
-0.013625717 0.019362856 0.75300002
-0.015060002 0.019362856 0.75300002
-0.016494289 0.019362856 0.75300002
-0.017976193 0.019414285 0.75500005
-0.019440003 0.019439999 0.75600004
-0.020880003 0.019439999 0.75600004
-0.022320002 0.019439999 0.75600004
-0.023760002 0.019439999 0.75600004
-0.025200002 0.019439999 0.75600004
-0.026640004 0.019439999 0.75600004
-0.028080003 0.019439999 0.75600004
-0.029598098 0.019491427 0.75800002
-0.031041907 0.019491427 0.75800002
-0.032485716 0.019491425 0.75800002
-0.034019049 0.019542854 0.76000005
-0.035373334 0.019491425 0.75800002
-0.036914285 0.019542854 0.76000005
-0.038361907 0.019542854 0.76000005
-0.039704762 0.019491425 0.75800002
0.047542859 0.018285718 0.76800001
0.046080001 0.018285718 0.76800001
0.04455905 0.018261909 0.76700002
0.042985715 0.018214291 0.76500005
0.041528571 0.018214291 0.76500005
0.040071432 0.018214291 0.76500005
0.038614288 0.018214291 0.76500005
0.03706 0.018166671 0.76300001
0.035606667 0.018166671 0.76300001
0.034153335 0.018166671 0.76300001
0.032700002 0.018166671 0.76300001
0.031246666 0.018166669 0.76300001
0.029793333 0.018166669 0.76300001
0.028339999 0.018166669 0.76300001
0.026886666 0.018166669 0.76300001
0.025433332 0.018166669 0.76300001
0.024042856 0.018214289 0.76500005
0.022585712 0.018214289 0.76500005
0.021128571 0.018214289 0.76500005
0.019722857 0.018261908 0.76700002
0.018261904 0.018261908 0.76700002
0.016822856 0.018285716 0.76800001
0.015339999 0.018261908 0.76700002
0.013879046 0.018261908 0.76700002
0.012434284 0.018285716 0.76800001
0.010971427 0.018285716 0.76800001
0.0095085697 0.018285714 0.76800001
0.0080457125 0.018285714 0.76800001
0.0065828562 0.018285714 0.76800001
0.0051199989 0.018285714 0.76800001
0.0036571415 0.018285714 0.76800001
0.0021942842 0.018285714 0.76800001
0.00073142705 0.018285714 0.76800001
-0.00073143019 0.018285714 0.76800001
-0.0021942875 0.018285714 0.76800001
-0.0036571447 0.018285714 0.76800001
-0.0051133349 0.018261906 0.76700002
-0.0065742875 0.018261906 0.76700002
-0.0080142878 0.018214287 0.76500005
-0.0094466684 0.018166667 0.76300001
-0.010900002 0.018166665 0.76300001
-0.012240002 0.017999999 0.75600004
-0.013625717 0.017928571 0.75300002
-0.015040003 0.01790476 0.75200003
-0.016538098 0.017976189 0.75500005
-0.017976193 0.017976189 0.75500005
-0.019414289 0.017976189 0.75500005
-0.020880003 0.017999999 0.75600004
-0.022320002 0.017999999 0.75600004
-0.023760002 0.017999999 0.75600004
-0.025200002 0.017999999 0.75600004
-0.026640004 0.017999999 0.75600004
-0.028080003 0.017999999 0.75600004
-0.029520003 0.017999999 0.75600004
-0.031041907 0.018047618 0.75800002
-0.032485716 0.018047616 0.75800002
-0.034019049 0.018095234 0.76000005
-0.035373334 0.018047616 0.75800002
-0.036914285 0.018095234 0.76000005
-0.038361907 0.018095234 0.76000005
0.047542859 0.016822862 0.76800001
0.046080001 0.016822862 0.76800001
0.04455905 0.016800957 0.76700002
0.043098096 0.016800957 0.76700002
0.041528571 0.016757147 0.76500005
0.040071432 0.016757147 0.76500005
0.038614288 0.016757147 0.76500005
0.037157144 0.016757147 0.76500005
0.035700001 0.016757147 0.76500005
0.034242857 0.016757147 0.76500005
0.032785714 0.016757147 0.76500005
0.031246666 0.016713336 0.76300001
0.029793333 0.016713336 0.76300001
0.028414285 0.016757146 0.76500005
0.026957141 0.016757146 0.76500005
0.0255 0.016757146 0.76500005
0.024042856 0.016757146 0.76500005
0.022585712 0.016757146 0.76500005
0.021183809 0.016800955 0.76700002
0.01974857 0.01682286 0.76800001
0.018333333 0.016866669 0.77000004
0.016866665 0.016866669 0.77000004
0.015359999 0.01682286 0.76800001
0.013897141 0.01682286 0.76800001
0.012466665 0.016866669 0.77000004
0.010999998 0.016866669 0.77000004
0.0095333317 0.016866667 0.77000004
0.0080457125 0.016822858 0.76800001
0.006599999 0.016866667 0.77000004
0.0051333322 0.016866667 0.77000004
0.0036571417 0.016822858 0.76800001
0.0021942845 0.016822858 0.76800001
0.00073142716 0.016822858 0.76800001
-0.00073143007 0.016822858 0.76800001
-0.0022000014 0.016866667 0.77000004
-0.0036571445 0.016822858 0.76800001
-0.0051200017 0.016822858 0.76800001
-0.0065742875 0.016800953 0.76700002
-0.0080142878 0.016757144 0.76500005
-0.0094219074 0.016669525 0.76100004
-0.010800002 0.016559999 0.75600004
-0.012191431 0.016494285 0.75300002
-0.013607621 0.016472381 0.75200003
-0.015040003 0.016472381 0.75200003
-0.016538098 0.016538095 0.75500005
-0.017976193 0.016538095 0.75500005
-0.019414289 0.016538095 0.75500005
-0.020880003 0.016559999 0.75600004
-0.022320002 0.016559999 0.75600004
-0.023760002 0.016559999 0.75600004
-0.025200002 0.016559999 0.75600004
-0.026640004 0.016559999 0.75600004
-0.028080003 0.016559999 0.75600004
-0.029520003 0.016559999 0.75600004
-0.031041907 0.016603809 0.75800002
-0.032571431 0.016647616 0.76000005
-0.034153335 0.016713331 0.76300001
-0.035606667 0.016713331 0.76300001
-0.03706 0.016713331 0.76300001
-0.038513336 0.016713331 0.76300001
-0.039966669 0.016713331 0.76300001
0.050731432 0.015440005 0.77200001
0.049133334 0.015400006 0.77000004
0.047666669 0.015400005 0.77000004
0.046080001 0.015360004 0.76800001
0.04455905 0.015340004 0.76700002
0.043098096 0.015340004 0.76700002
0.041637145 0.015340004 0.76700002
0.040071432 0.015300005 0.76500005
0.038614288 0.015300005 0.76500005
0.037157144 0.015300004 0.76500005
0.035700001 0.015300004 0.76500005
0.034242857 0.015300004 0.76500005
0.032785714 0.015300004 0.76500005
0.031328574 0.015300004 0.76500005
0.029871428 0.015300004 0.76500005
0.028414285 0.015300004 0.76500005
0.026957141 0.015300004 0.76500005
0.0255 0.015300003 0.76500005
0.024042856 0.015300003 0.76500005
0.02264476 0.015340002 0.76700002
0.021211427 0.015360002 0.76800001
0.01974857 0.015360002 0.76800001
0.018333333 0.015400003 0.77000004
0.016866665 0.015400003 0.77000004
0.01536 0.015360001 0.76800001
0.013933333 0.015400002 0.77000004
0.012466666 0.015400002 0.77000004
0.010999999 0.015400002 0.77000004
0.0095333327 0.015400002 0.77000004
0.0080666663 0.015400002 0.77000004
0.006599999 0.015400002 0.77000004
0.0051333322 0.015400001 0.77000004
0.0036666654 0.015400001 0.77000004
0.0021999986 0.015400001 0.77000004
0.00073333201 0.015400001 0.77000004
-0.00073333469 0.015400001 0.77000004
-0.0021942873 0.015360001 0.76800001
-0.0036571445 0.015360001 0.76800001
-0.0051133349 0.01534 0.76700002
-0.006582859 0.01536 0.76800001
-0.0080142869 0.0153 0.76500005
-0.0094714295 0.0153 0.76500005
-0.010928573 0.0153 0.76500005
-0.01219143 0.015059999 0.75300002
-0.01360762 0.01504 0.75200003
-0.015000002 0.015 0.75000006
-0.016428573 0.014999999 0.75000006
-0.017904764 0.015039999 0.75200003
-0.019337146 0.015039999 0.75200003
-0.020852383 0.015099999 0.75500005
-0.022290479 0.015099999 0.75500005
-0.023760002 0.015119999 0.75600004
-0.025200002 0.015119999 0.75600004
-0.026640004 0.015119998 0.75600004
-0.028080003 0.015119998 0.75600004
-0.029598098 0.015159998 0.75800002
-0.031123813 0.015199997 0.76000005
-0.032700002 0.015259998 0.76300001
-0.034153335 0.015259998 0.76300001
-0.035700001 0.015299998 0.76500005
-0.037157144 0.015299998 0.76500005
-0.038614288 0.015299997 0.76500005
-0.039966669 0.015259997 0.76300001
0.050731432 0.013969529 0.77200001
0.049133334 0.013933338 0.77000004
0.047666669 0.013933337 0.77000004
0.046200003 0.013933337 0.77000004
0.044617146 0.013897147 0.76800001
0.043154288 0.013897147 0.76800001
0.041637145 0.013879051 0.76700002
0.040071432 0.013842861 0.76500005
0.038614288 0.013842861 0.76500005
0.037157144 0.01384286 0.76500005
0.035700001 0.01384286 0.76500005
0.034332383 0.013879051 0.76700002
0.032871429 0.013879051 0.76700002
0.031328574 0.01384286 0.76500005
0.029871428 0.01384286 0.76500005
0.028414285 0.01384286 0.76500005
0.027027618 0.013879051 0.76700002
0.025566665 0.01387905 0.76700002
0.024105713 0.01387905 0.76700002
0.02264476 0.01387905 0.76700002
0.021211427 0.013897145 0.76800001
0.019799998 0.013933335 0.77000004
0.018333333 0.013933335 0.77000004
0.016866665 0.013933335 0.77000004
0.0154 0.013933334 0.77000004
0.013933333 0.013933334 0.77000004
0.012466666 0.013933334 0.77000004
0.010999999 0.013933334 0.77000004
0.0095333327 0.013933334 0.77000004
0.0080666663 0.013933334 0.77000004
0.006599999 0.013933334 0.77000004
0.0051333322 0.013933334 0.77000004
0.0036666656 0.013933334 0.77000004
0.0021999988 0.013933334 0.77000004
0.00073333213 0.013933334 0.77000004
-0.00073142984 0.013897143 0.76800001
-0.002194287 0.013897143 0.76800001
-0.0036571443 0.013897143 0.76800001
-0.0051200017 0.013897143 0.76800001
-0.006582859 0.013897142 0.76800001
-0.0080352398 0.013879047 0.76700002
-0.0094961915 0.013879047 0.76700002
-0.01087143 0.013770476 0.76100004
-0.01219143 0.013625714 0.75300002
-0.01360762 0.013607618 0.75200003
-0.015040002 0.013607618 0.75200003
-0.016472384 0.013607617 0.75200003
-0.017904764 0.013607617 0.75200003
-0.019362859 0.013625713 0.75300002
-0.020797145 0.013625713 0.75300002
-0.022290479 0.013661903 0.75500005
-0.023760002 0.013679999 0.75600004
-0.025200002 0.013679999 0.75600004
-0.026640004 0.013679998 0.75600004
-0.028154289 0.013716188 0.75800002
-0.029676193 0.013752379 0.76000005
-0.03124667 0.013806664 0.76300001
-0.032871429 0.013879045 0.76700002
-0.034332383 0.013879045 0.76700002
-0.035700001 0.013842855 0.76500005
-0.037254289 0.013879045 0.76700002
-0.038866669 0.01393333 0.77000004
-0.040333334 0.01393333 0.77000004
-0.0418 0.01393333 0.77000004
0.049260955 0.012499053 0.77200001
0.047666669 0.012466671 0.77000004
0.046200003 0.012466671 0.77000004
0.044617146 0.01243429 0.76800001
0.043154288 0.01243429 0.76800001
0.04169143 0.01243429 0.76800001
0.040071432 0.012385719 0.76500005
0.038614288 0.012385719 0.76500005
0.037157144 0.012385718 0.76500005
0.035700001 0.012385718 0.76500005
0.034242857 0.012385718 0.76500005
0.032871429 0.012418099 0.76700002
0.031328574 0.012385718 0.76500005
0.029871428 0.012385718 0.76500005
0.028488571 0.012418099 0.76700002
0.027027618 0.012418099 0.76700002
0.025566665 0.012418098 0.76700002
0.024105713 0.012418098 0.76700002
0.02264476 0.012418098 0.76700002
0.021211427 0.012434288 0.76800001
0.019799998 0.012466669 0.77000004
0.018333333 0.012466669 0.77000004
0.016910475 0.01249905 0.77200001
0.0154 0.012466668 0.77000004
0.013933333 0.012466668 0.77000004
0.012466666 0.012466668 0.77000004
0.010999999 0.012466668 0.77000004
0.0095333327 0.012466668 0.77000004
0.0080666663 0.012466668 0.77000004
0.0065999995 0.012466668 0.77000004
0.0051333327 0.012466667 0.77000004
0.0036666656 0.012466667 0.77000004
0.0021942847 0.012434286 0.76800001
0.00073142751 0.012434286 0.76800001
-0.00073142973 0.012434286 0.76800001
-0.002194287 0.012434286 0.76800001
-0.003666668 0.012466667 0.77000004
-0.0051200013 0.012434286 0.76800001
-0.0065828585 0.012434285 0.76800001
-0.0080457153 0.012434285 0.76800001
-0.0095085725 0.012434285 0.76800001
-0.010900001 0.012353333 0.76300001
-0.01219143 0.012191428 0.75300002
-0.01360762 0.012175238 0.75200003
-0.015040002 0.012175238 0.75200003
-0.016472384 0.012175237 0.75200003
-0.017904764 0.012175237 0.75200003
-0.019337146 0.012175237 0.75200003
-0.020797145 0.012191427 0.75300002
-0.022290479 0.012223808 0.75500005
-0.023822861 0.012272379 0.75800002
-0.025333336 0.012304761 0.76000005
-0.026710479 0.012272378 0.75800002
-0.028228574 0.01230476 0.76000005
-0.029793337 0.012353331 0.76300001
-0.031410478 0.012418093 0.76700002
-0.032914288 0.012434283 0.76800001
-0.034377143 0.012434283 0.76800001
-0.035840001 0.012434283 0.76800001
-0.037302859 0.012434282 0.76800001
-0.038866669 0.012466663 0.77000004
-0.040333334 0.012466663 0.77000004
-0.0418 0.012466663 0.77000004
0.050731432 0.011028577 0.77200001
0.049260955 0.011028577 0.77200001
0.047790479 0.011028576 0.77200001
0.046200003 0.011000004 0.77000004
0.044733334 0.011000004 0.77000004
0.043154288 0.010971433 0.76800001
0.04169143 0.010971433 0.76800001
0.04017619 0.010957147 0.76700002
0.03871524 0.010957147 0.76700002
0.037157144 0.010928575 0.76500005
0.035700001 0.010928575 0.76500005
0.034242857 0.010928575 0.76500005
0.032871429 0.010957146 0.76700002
0.031328574 0.010928575 0.76500005
0.029871428 0.010928575 0.76500005
0.028488571 0.010957146 0.76700002
0.027027618 0.010957146 0.76700002
0.025566665 0.010957145 0.76700002
0.024137141 0.010971431 0.76800001
0.022674285 0.010971431 0.76800001
0.021211427 0.010971431 0.76800001
0.019799998 0.011000002 0.77000004
0.018333333 0.011000002 0.77000004
0.016910475 0.011028574 0.77200001
0.0154 0.011000001 0.77000004
0.013933333 0.011000001 0.77000004
0.012466666 0.011000001 0.77000004
0.010999999 0.011000001 0.77000004
0.0095333327 0.011000001 0.77000004
0.0080666663 0.011000001 0.77000004
0.0065999995 0.011000001 0.77000004
0.0051333327 0.011 0.77000004
0.0036666659 0.011 0.77000004
0.0021999991 0.011 0.77000004
0.00073142769 0.010971429 0.76800001
-0.00073142955 0.010971429 0.76800001
-0.0021942868 0.010971429 0.76800001
-0.0036666677 0.011 0.77000004
-0.0051200013 0.010971429 0.76800001
-0.0065828585 0.010971428 0.76800001
-0.0080457153 0.010971428 0.76800001
-0.0095085725 0.010971428 0.76800001
-0.010900001 0.010899999 0.76300001
-0.012223811 0.010785714 0.75500005
-0.01360762 0.010742856 0.75200003
-0.015060001 0.010757143 0.75300002
-0.016538098 0.010785713 0.75500005
-0.017976193 0.010785713 0.75500005
-0.019414289 0.010785713 0.75500005
-0.020880003 0.010799998 0.75600004
-0.02237905 0.01082857 0.75800002
-0.023980003 0.010899998 0.76300001
-0.025433335 0.010899998 0.76300001
-0.026780955 0.010857141 0.76000005
-0.028265717 0.010871426 0.76100004
-0.029871432 0.010928569 0.76500005
-0.031410478 0.01095714 0.76700002
-0.032914288 0.010971426 0.76800001
-0.034377143 0.010971426 0.76800001
-0.035933334 0.010999997 0.77000004
-0.037302859 0.010971425 0.76800001
-0.038866669 0.010999996 0.77000004
-0.040333334 0.010999996 0.77000004
0.050731432 0.0095581003 0.77200001
0.049260955 0.0095581003 0.77200001
0.047790479 0.0095580993 0.77200001
0.046320003 0.0095580993 0.77200001
0.044733334 0.0095333373 0.77000004
0.043266669 0.0095333373 0.77000004
0.0418 0.0095333373 0.77000004
0.040228572 0.0095085753 0.76800001
0.038765717 0.0095085753 0.76800001
0.037254289 0.0094961934 0.76700002
0.035793334 0.0094961934 0.76700002
0.034332383 0.0094961934 0.76700002
0.032871429 0.0094961934 0.76700002
0.031410478 0.0094961934 0.76700002
0.029949525 0.0094961934 0.76700002
0.028525716 0.0095085744 0.76800001
0.027062858 0.0095085744 0.76800001
0.025600001 0.0095085735 0.76800001
0.024137143 0.0095085735 0.76800001
0.022674287 0.0095085735 0.76800001
0.021266667 0.0095333355 0.77000004
0.0198 0.0095333355 0.77000004
0.018380953 0.0095580975 0.77200001
0.016910477 0.0095580975 0.77200001
0.0154 0.0095333345 0.77000004
0.013969524 0.0095580965 0.77200001
0.012499047 0.0095580965 0.77200001
0.010999999 0.0095333345 0.77000004
0.0095333327 0.0095333345 0.77000004
0.0080666663 0.0095333345 0.77000004
0.0065999995 0.0095333345 0.77000004
0.0051333327 0.0095333336 0.77000004
0.0036666659 0.0095333336 0.77000004
0.0021999991 0.0095333336 0.77000004
0.0007314278 0.0095085716 0.76800001
-0.00073142943 0.0095085716 0.76800001
-0.0021942868 0.0095085716 0.76800001
-0.0036666677 0.0095333336 0.77000004
-0.0051200013 0.0095085716 0.76800001
-0.0065828585 0.0095085707 0.76800001
-0.0080457153 0.0095085707 0.76800001
-0.0095085725 0.0095085707 0.76800001
-0.010957144 0.0094961897 0.76700002
-0.012418097 0.0094961897 0.76700002
-0.013806668 0.0094466656 0.76300001
-0.015260002 0.0094466656 0.76300001
-0.016603811 0.0093847606 0.75800002
-0.01804762 0.0093847606 0.75800002
-0.019440001 0.0093599986 0.75600004
-0.020990478 0.0094095226 0.76000005
-0.022644762 0.0094961887 0.76700002
-0.024105715 0.0094961887 0.76700002
-0.025566667 0.0094961887 0.76700002
-0.026957143 0.0094714258 0.76500005
-0.028525716 0.0095085688 0.76800001
-0.029988572 0.0095085688 0.76800001
-0.03145143 0.0095085688 0.76800001
-0.033 0.0095333308 0.77000004
-0.034377143 0.0095085688 0.76800001
-0.035933334 0.0095333308 0.77000004
-0.0374 0.0095333299 0.77000004
-0.038866669 0.0095333299 0.77000004
-0.040333334 0.0095333299 0.77000004
0.049260955 0.0080876239 0.77200001
0.047790479 0.0080876229 0.77200001
0.046320003 0.0080876229 0.77200001
0.044849526 0.0080876229 0.77200001
0.043266669 0.008066671 0.77000004
0.0418 0.008066671 0.77000004
0.040333334 0.008066671 0.77000004
0.038765717 0.0080457181 0.76800001
0.037302859 0.0080457181 0.76800001
0.035793334 0.0080352416 0.76700002
0.034377143 0.0080457171 0.76800001
0.032914288 0.0080457171 0.76800001
0.03145143 0.0080457171 0.76800001
0.029988572 0.0080457171 0.76800001
0.028525716 0.0080457171 0.76800001
0.027062858 0.0080457171 0.76800001
0.025600001 0.0080457162 0.76800001
0.024137143 0.0080457162 0.76800001
0.022674287 0.0080457162 0.76800001
0.021266667 0.0080666691 0.77000004
0.0198 0.0080666691 0.77000004
0.018380953 0.0080876211 0.77200001
0.016910477 0.0080876211 0.77200001
0.0154 0.0080666682 0.77000004
0.013969524 0.0080876201 0.77200001
0.012499047 0.0080876201 0.77200001
0.010999999 0.0080666682 0.77000004
0.0095333327 0.0080666682 0.77000004
0.0080666663 0.0080666682 0.77000004
0.0065999995 0.0080666682 0.77000004
0.0051333327 0.0080666672 0.77000004
0.0036666661 0.0080666672 0.77000004
0.0021999993 0.0080666672 0.77000004
0.00073333265 0.0080666672 0.77000004
-0.00073333405 0.0080666672 0.77000004
-0.0022000007 0.0080666672 0.77000004
-0.0036666675 0.0080666672 0.77000004
-0.0051333345 0.0080666672 0.77000004
-0.0065828585 0.0080457134 0.76800001
-0.0080666682 0.0080666663 0.77000004
-0.0095085725 0.0080457134 0.76800001
-0.01097143 0.0080457134 0.76800001
-0.012434287 0.0080457134 0.76800001
-0.013842858 0.008014285 0.76500005
-0.015300002 0.008014285 0.76500005
-0.016757144 0.0080142841 0.76500005
-0.018166667 0.0079933321 0.76300001
-0.019568572 0.0079723792 0.76100004
-0.021211429 0.0080457125 0.76800001
-0.022674287 0.0080457125 0.76800001
-0.024200002 0.0080666654 0.77000004
-0.025600001 0.0080457125 0.76800001
-0.027062858 0.0080457116 0.76800001
-0.028525716 0.0080457116 0.76800001
-0.030066667 0.0080666644 0.77000004
-0.031533334 0.0080666644 0.77000004
-0.033 0.0080666644 0.77000004
-0.034466669 0.0080666644 0.77000004
-0.036026668 0.0080876164 0.77200001
-0.0374 0.0080666635 0.77000004
-0.038866669 0.0080666635 0.77000004
0.047790479 0.0066171475 0.77200001
0.046320003 0.0066171475 0.77200001
0.04502381 0.0066428613 0.77500004
0.043435238 0.0066257184 0.77300006
0.041908573 0.006617147 0.77200001
0.040438097 0.006617147 0.77200001
0.038866669 0.0066000037 0.77000004
0.037302859 0.0065828608 0.76800001
0.035840001 0.0065828608 0.76800001
0.034377143 0.0065828604 0.76800001
0.032914288 0.0065828604 0.76800001
0.03145143 0.0065828604 0.76800001
0.029988572 0.0065828604 0.76800001
0.028525716 0.0065828599 0.76800001
0.027062858 0.0065828599 0.76800001
0.025600001 0.0065828599 0.76800001
0.024200002 0.0066000028 0.77000004
0.022733334 0.0066000023 0.77000004
0.021266667 0.0066000023 0.77000004
0.0198 0.0066000023 0.77000004
0.018333334 0.0066000018 0.77000004
0.016910477 0.0066171447 0.77200001
0.0154 0.0066000018 0.77000004
0.013969524 0.0066171447 0.77200001
0.012499047 0.0066171442 0.77200001
0.010999999 0.0066000014 0.77000004
0.0095333327 0.0066000014 0.77000004
0.0080666663 0.0066000014 0.77000004
0.0066 0.0066000009 0.77000004
0.0051333332 0.0066000009 0.77000004
0.0036666663 0.0066000009 0.77000004
0.0021999995 0.0066000004 0.77000004
0.00073333277 0.0066000004 0.77000004
-0.00073333393 0.0066000004 0.77000004
-0.0022000005 0.0066000004 0.77000004
-0.0036666673 0.0066 0.77000004
-0.0051333341 0.0066 0.77000004
-0.0066000009 0.0066 0.77000004
-0.0080666682 0.0065999995 0.77000004
-0.0095333345 0.0065999995 0.77000004
-0.01097143 0.0065828566 0.76800001
-0.012434287 0.0065828566 0.76800001
-0.013897144 0.0065828562 0.76800001
-0.015360001 0.0065828562 0.76800001
-0.016800953 0.0065742848 0.76700002
-0.018285714 0.0065828562 0.76800001
-0.019722858 0.0065742843 0.76700002
-0.021211429 0.0065828557 0.76800001
-0.022674287 0.0065828557 0.76800001
-0.024200002 0.0065999981 0.77000004
-0.025666667 0.0065999981 0.77000004
-0.027133334 0.0065999981 0.77000004
-0.028600002 0.0065999981 0.77000004
-0.030066667 0.0065999976 0.77000004
-0.031533334 0.0065999976 0.77000004
-0.033 0.0065999976 0.77000004
-0.034466669 0.0065999976 0.77000004
-0.035933334 0.0065999972 0.77000004
-0.0374 0.0065999972 0.77000004
-0.038866669 0.0065999972 0.77000004
0.04502381 0.0051666708 0.77500004
0.043435238 0.005153337 0.77300006
0.041962858 0.005153337 0.77300006
0.040438097 0.0051466706 0.77200001
0.038967621 0.0051466702 0.77200001
0.0374 0.0051333369 0.77000004
0.035933334 0.0051333369 0.77000004
0.034466669 0.0051333364 0.77000004
0.033 0.0051333364 0.77000004
0.031533334 0.0051333364 0.77000004
0.030066667 0.0051333364 0.77000004
0.028600002 0.0051333359 0.77000004
0.027133334 0.0051333359 0.77000004
0.025666667 0.0051333359 0.77000004
0.024200002 0.0051333359 0.77000004
0.022733334 0.0051333355 0.77000004
0.021321906 0.0051466688 0.77200001
0.019851429 0.0051466688 0.77200001
0.018380953 0.0051466683 0.77200001
0.016910477 0.0051466683 0.77200001
0.015400001 0.005133335 0.77000004
0.013933334 0.005133335 0.77000004
0.012499048 0.0051466678 0.77200001
0.011 0.0051333345 0.77000004
0.0095333336 0.0051333345 0.77000004
0.0080666672 0.0051333345 0.77000004
0.0066 0.0051333341 0.77000004
0.0051333332 0.0051333341 0.77000004
0.0036571426 0.0051200008 0.76800001
0.0021942854 0.0051200003 0.76800001
0.00073333288 0.0051333336 0.77000004
-0.00073333381 0.0051333336 0.77000004
-0.0022000005 0.0051333336 0.77000004
-0.0036666673 0.0051333332 0.77000004
-0.0051333341 0.0051333332 0.77000004
-0.0066000009 0.0051333332 0.77000004
-0.0080666672 0.0051333327 0.77000004
-0.0095333336 0.0051333327 0.77000004
-0.010971429 0.0051199994 0.76800001
-0.012434286 0.0051199994 0.76800001
-0.013897143 0.0051199989 0.76800001
-0.015360001 0.0051199989 0.76800001
-0.016822858 0.0051199989 0.76800001
-0.018333334 0.0051333322 0.77000004
-0.0198 0.0051333318 0.77000004
-0.021266667 0.0051333318 0.77000004
-0.022733334 0.0051333318 0.77000004
-0.024262859 0.0051466646 0.77200001
-0.025666667 0.0051333313 0.77000004
-0.027203811 0.0051466646 0.77200001
-0.028674286 0.0051466646 0.77200001
-0.030066667 0.0051333308 0.77000004
-0.031533334 0.0051333308 0.77000004
-0.033 0.0051333308 0.77000004
-0.034377143 0.0051199975 0.76800001
-0.035840001 0.0051199971 0.76800001
-0.0374 0.0051333304 0.77000004
0.04502381 0.0036904803 0.77500004
0.043435238 0.0036809563 0.77300006
0.041962858 0.0036809563 0.77300006
0.040438097 0.003676194 0.77200001
0.038967621 0.003676194 0.77200001
0.0374 0.0036666701 0.77000004
0.035933334 0.0036666698 0.77000004
0.034466669 0.0036666698 0.77000004
0.033 0.0036666696 0.77000004
0.031533334 0.0036666696 0.77000004
0.030066667 0.0036666694 0.77000004
0.028600002 0.0036666694 0.77000004
0.027133334 0.0036666691 0.77000004
0.025666667 0.0036666691 0.77000004
0.024262859 0.0036761926 0.77200001
0.022792382 0.0036761926 0.77200001
0.021321906 0.0036761924 0.77200001
0.019851429 0.0036761921 0.77200001
0.018380953 0.0036761921 0.77200001
0.016910477 0.0036761919 0.77200001
0.01544 0.0036761919 0.77200001
0.013969525 0.0036761917 0.77200001
0.012499048 0.0036761917 0.77200001
0.011 0.0036666677 0.77000004
0.0095333336 0.0036666677 0.77000004
0.0080666672 0.0036666675 0.77000004
0.0066 0.0036666673 0.77000004
0.0051333332 0.0036666673 0.77000004
0.0036571429 0.0036571433 0.76800001
0.0021999998 0.003666667 0.77000004
0.000733333 0.0036666668 0.77000004
-0.0007333337 0.0036666668 0.77000004
-0.0022000002 0.0036666666 0.77000004
-0.003666667 0.0036666666 0.77000004
-0.0051333341 0.0036666663 0.77000004
-0.0066000009 0.0036666663 0.77000004
-0.0080666672 0.0036666661 0.77000004
-0.0095333336 0.0036666659 0.77000004
-0.010971429 0.0036571422 0.76800001
-0.012466667 0.0036666656 0.77000004
-0.013897143 0.0036571419 0.76800001
-0.015360001 0.0036571417 0.76800001
-0.016866667 0.0036666654 0.77000004
-0.018333334 0.0036666652 0.77000004
-0.0198 0.0036666652 0.77000004
-0.021266667 0.0036666649 0.77000004
-0.022792382 0.0036761884 0.77200001
-0.024262859 0.0036761884 0.77200001
-0.025733335 0.0036761882 0.77200001
-0.027239049 0.0036809503 0.77300006
-0.028711429 0.00368095 0.77300006
-0.030183811 0.00368095 0.77300006
-0.031615239 0.0036761877 0.77200001
-0.033085715 0.0036761877 0.77200001
-0.034556191 0.0036761875 0.77200001
-0.036026668 0.0036761872 0.77200001
-0.037497144 0.0036761872 0.77200001
0.043547619 0.0022142895 0.77500004
0.041962858 0.0022085751 0.77300006
0.040490478 0.0022085749 0.77300006
0.038967621 0.0022057178 0.77200001
0.037497144 0.0022057176 0.77200001
0.036026668 0.0022057176 0.77200001
0.034466669 0.002200003 0.77000004
0.033 0.0022000028 0.77000004
0.031533334 0.0022000028 0.77000004
0.030066667 0.0022000025 0.77000004
0.028674286 0.0022057169 0.77200001
0.027203811 0.0022057167 0.77200001
0.025666667 0.0022000023 0.77000004
0.024262859 0.0022057164 0.77200001
0.022792382 0.0022057164 0.77200001
0.021321906 0.0022057162 0.77200001
0.019851429 0.002205716 0.77200001
0.018380953 0.002205716 0.77200001
0.016932381 0.0022085728 0.77300006
0.01544 0.0022057157 0.77200001
0.013987619 0.0022085726 0.77300006
0.012499048 0.0022057155 0.77200001
0.011 0.0022000009 0.77000004
0.0095333336 0.0022000009 0.77000004
0.0080666672 0.0022000007 0.77000004
0.0066000004 0.0022000005 0.77000004
0.0051333336 0.0022000005 0.77000004
0.0036571429 0.0021942861 0.76800001
0.0021942856 0.0021942861 0.76800001
0.00073333317 0.0022 0.77000004
-0.00073333352 0.0022 0.77000004
-0.0022000002 0.0021999998 0.77000004
-0.003666667 0.0021999998 0.77000004
-0.0051333336 0.0021999995 0.77000004
-0.0066171433 0.0022057139 0.77200001
-0.0080666672 0.0021999993 0.77000004
-0.0095333336 0.0021999991 0.77000004
-0.011 0.0021999991 0.77000004
-0.012466667 0.0021999988 0.77000004
-0.013933334 0.0021999988 0.77000004
-0.015400001 0.0021999986 0.77000004
-0.016866667 0.0021999986 0.77000004
-0.018333334 0.0021999984 0.77000004
-0.019851429 0.0022057127 0.77200001
-0.021349525 0.0022085696 0.77300006
-0.022821905 0.0022085693 0.77300006
-0.024357144 0.0022142837 0.77500004
-0.025833335 0.0022142834 0.77500004
-0.027309524 0.0022142834 0.77500004
-0.028785715 0.0022142832 0.77500004
-0.030261906 0.0022142832 0.77500004
-0.031738095 0.002214283 0.77500004
-0.033128574 0.0022085686 0.77300006
-0.034600955 0.0022085684 0.77300006
-0.036073335 0.0022085682 0.77300006
-0.037497144 0.0022057111 0.77200001
0.043547619 0.00073809904 0.77500004
0.042071432 0.00073809893 0.77500004
0.040490478 0.00073619408 0.77300006
0.039018098 0.00073619396 0.77300006
0.037545715 0.00073619379 0.77300006
0.036026668 0.00073524128 0.77200001
0.034556191 0.00073524116 0.77200001
0.033 0.00073333626 0.77000004
0.031615239 0.00073524087 0.77200001
0.030144762 0.00073524076 0.77200001
0.028674286 0.00073524064 0.77200001
0.027203811 0.00073524052 0.77200001
0.025733335 0.00073524041 0.77200001
0.024262859 0.00073524023 0.77200001
0.022792382 0.00073524012 0.77200001
0.021349525 0.00073619239 0.77300006
0.019877143 0.00073619228 0.77300006
0.018404763 0.00073619216 0.77300006
0.016932381 0.00073619199 0.77300006
0.01546 0.00073619187 0.77300006
0.013987619 0.00073619175 0.77300006
0.012499048 0.00073523924 0.77200001
0.011 0.00073333434 0.77000004
0.0095333336 0.00073333416 0.77000004
0.0080666672 0.00073333405 0.77000004
0.0066000004 0.00073333393 0.77000004
0.0051333336 0.00073333381 0.77000004
0.0036571431 0.00073142891 0.76800001
0.0022 0.00073333352 0.77000004
0.00073333329 0.00073333341 0.77000004
-0.00073333341 0.00073333329 0.77000004
-0.0022 0.00073333317 0.77000004
-0.0036666668 0.000733333 0.77000004
-0.0051333336 0.00073333288 0.77000004
-0.0066171433 0.00073523755 0.77200001
-0.0080666672 0.00073333265 0.77000004
-0.0095333336 0.00073333253 0.77000004
-0.011 0.00073333236 0.77000004
-0.012466667 0.00073333224 0.77000004
-0.013933334 0.00073333213 0.77000004
-0.015400001 0.00073333201 0.77000004
-0.016866667 0.00073333189 0.77000004
-0.018333334 0.00073333172 0.77000004
-0.019877143 0.00073618878 0.77300006
-0.021349525 0.00073618867 0.77300006
-0.022821905 0.00073618855 0.77300006
-0.024357144 0.00073809311 0.77500004
-0.025833335 0.00073809299 0.77500004
-0.027309524 0.00073809287 0.77500004
-0.028860001 0.00073999754 0.77700001
-0.030261906 0.00073809264 0.77500004
-0.031738095 0.00073809247 0.77500004
-0.033214286 0.00073809235 0.77500004
-0.034690477 0.00073809223 0.77500004
-0.036073335 0.00073618739 0.77300006
0.04366 -0.00073999621 0.77700001
0.042180002 -0.00073999638 0.77700001
0.040595241 -0.00073809171 0.77500004
0.039220002 -0.00073999661 0.77700001
0.037545715 -0.00073618727 0.77300006
0.036073335 -0.00073618739 0.77300006
0.034556191 -0.00073523511 0.77200001
0.033085715 -0.00073523523 0.77200001
0.031615239 -0.0007352354 0.77200001
0.030144762 -0.00073523552 0.77200001
0.028711429 -0.00073618803 0.77300006
0.027203811 -0.00073523575 0.77200001
0.025733335 -0.00073523587 0.77200001
0.024294287 -0.00073618843 0.77300006
0.022792382 -0.00073523616 0.77200001
0.021349525 -0.00073618867 0.77300006
0.019877143 -0.00073618878 0.77300006
0.018404763 -0.0007361889 0.77300006
0.016932381 -0.00073618907 0.77300006
0.01544 -0.0007352368 0.77200001
0.013987619 -0.00073618931 0.77300006
0.012515238 -0.00073618942 0.77300006
0.011 -0.00073333236 0.77000004
0.0095333336 -0.00073333253 0.77000004
0.0080666672 -0.00073333265 0.77000004
0.0066000004 -0.00073333277 0.77000004
0.0051333336 -0.00073333288 0.77000004
0.0036666668 -0.000733333 0.77000004
0.0022 -0.00073333317 0.77000004
0.00073333341 -0.00073333329 0.77000004
-0.00073333329 -0.00073333341 0.77000004
-0.0022 -0.00073333352 0.77000004
-0.0036666668 -0.0007333337 0.77000004
-0.0051333336 -0.00073333381 0.77000004
-0.0066171433 -0.00073523872 0.77200001
-0.0080666672 -0.00073333405 0.77000004
-0.0095333336 -0.00073333416 0.77000004
-0.011 -0.00073333434 0.77000004
-0.012466667 -0.00073333445 0.77000004
-0.013933334 -0.00073333457 0.77000004
-0.01544 -0.00073523948 0.77200001
-0.016910477 -0.00073523959 0.77200001
-0.018380953 -0.00073523977 0.77200001
-0.019877143 -0.00073619228 0.77300006
-0.021404762 -0.00073809712 0.77500004
-0.022880953 -0.00073809724 0.77500004
-0.024357144 -0.00073809741 0.77500004
-0.025900001 -0.00074000232 0.77700001
-0.027380001 -0.00074000243 0.77700001
-0.028860001 -0.00074000255 0.77700001
-0.030340001 -0.00074000272 0.77700001
-0.031738095 -0.00073809805 0.77500004
-0.033214286 -0.00073809817 0.77500004
-0.034690477 -0.00073809829 0.77500004
0.043772381 -0.0022257105 0.77900004
0.042288572 -0.0022257105 0.77900004
0.0407 -0.0022199966 0.77700001
0.039220002 -0.0022199966 0.77700001
0.03774 -0.0022199969 0.77700001
0.036166668 -0.0022142825 0.77500004
0.034600955 -0.0022085684 0.77300006
0.033085715 -0.0022057116 0.77200001
0.031615239 -0.0022057116 0.77200001
0.030183811 -0.0022085689 0.77300006
0.028711429 -0.0022085689 0.77300006
0.027239049 -0.0022085691 0.77300006
0.025833335 -0.0022142834 0.77500004
0.024357144 -0.0022142837 0.77500004
0.022821905 -0.0022085693 0.77300006
0.021404762 -0.0022142839 0.77500004
0.019877143 -0.0022085698 0.77300006
0.018404763 -0.0022085698 0.77300006
0.016976191 -0.0022142844 0.77500004
0.01546 -0.00220857 0.77300006
0.013987619 -0.0022085703 0.77300006
0.012515238 -0.0022085703 0.77300006
0.011028572 -0.0022057134 0.77200001
0.0095333336 -0.0021999991 0.77000004
0.0080666672 -0.0021999993 0.77000004
0.0066000004 -0.0021999995 0.77000004
0.0051333336 -0.0021999995 0.77000004
0.003666667 -0.0021999998 0.77000004
0.0022000002 -0.0021999998 0.77000004
0.00073333352 -0.0022 0.77000004
-0.00073333317 -0.0022 0.77000004
-0.0021999998 -0.0022000002 0.77000004
-0.0036666666 -0.0022000002 0.77000004
-0.0051333336 -0.0022000005 0.77000004
-0.0066171433 -0.0022057148 0.77200001
-0.0080876192 -0.002205715 0.77200001
-0.0095333336 -0.0022000009 0.77000004
-0.011 -0.0022000009 0.77000004
-0.012499048 -0.0022057155 0.77200001
-0.013969525 -0.0022057155 0.77200001
-0.01544 -0.0022057157 0.77200001
-0.016932381 -0.0022085728 0.77300006
-0.018404763 -0.002208573 0.77300006
-0.019928573 -0.0022142874 0.77500004
-0.021404762 -0.0022142876 0.77500004
-0.022880953 -0.0022142879 0.77500004
-0.024420001 -0.0022200022 0.77700001
-0.025900001 -0.0022200025 0.77700001
-0.027380001 -0.0022200025 0.77700001
-0.028860001 -0.0022200027 0.77700001
-0.030340001 -0.0022200027 0.77700001
-0.031820003 -0.0022200029 0.77700001
-0.033300001 -0.0022200032 0.77700001
0.043772381 -0.0037095202 0.77900004
0.04234286 -0.0037142821 0.78000003
0.040804762 -0.0037095204 0.77900004
0.039320953 -0.0037095204 0.77900004
0.037837144 -0.0037095207 0.77900004
0.036260001 -0.003699997 0.77700001
0.034690477 -0.0036904733 0.77500004
0.033214286 -0.0036904735 0.77500004
0.031615239 -0.0036761877 0.77200001
0.030183811 -0.00368095 0.77300006
0.028711429 -0.00368095 0.77300006
0.027239049 -0.0036809503 0.77300006
0.025766667 -0.0036809503 0.77300006
0.024294287 -0.0036809505 0.77300006
0.022821905 -0.0036809505 0.77300006
0.021404762 -0.0036904744 0.77500004
0.019928573 -0.0036904747 0.77500004
0.018404763 -0.003680951 0.77300006
0.016976191 -0.0036904749 0.77500004
0.01546 -0.0036809512 0.77300006
0.013987619 -0.0036809514 0.77300006
0.012515238 -0.0036809514 0.77300006
0.011028572 -0.0036761896 0.77200001
0.0095580956 -0.0036761896 0.77200001
0.0080666672 -0.0036666661 0.77000004
0.0066171438 -0.00367619 0.77200001
0.0051333341 -0.0036666663 0.77000004
0.003666667 -0.0036666666 0.77000004
0.0022000002 -0.0036666666 0.77000004
0.0007333337 -0.0036666668 0.77000004
-0.000733333 -0.0036666668 0.77000004
-0.0021999998 -0.003666667 0.77000004
-0.0036666666 -0.003666667 0.77000004
-0.0051333332 -0.0036666673 0.77000004
-0.0066 -0.0036666673 0.77000004
-0.0080666672 -0.0036666675 0.77000004
-0.0095333336 -0.0036666677 0.77000004
-0.011 -0.0036666677 0.77000004
-0.012499048 -0.0036761917 0.77200001
-0.013969525 -0.0036761917 0.77200001
-0.01544 -0.0036761919 0.77200001
-0.016932381 -0.003680954 0.77300006
-0.018404763 -0.0036809542 0.77300006
-0.019928573 -0.0036904779 0.77500004
-0.021404762 -0.0036904782 0.77500004
-0.022880953 -0.0036904784 0.77500004
-0.024420001 -0.0037000023 0.77700001
-0.025900001 -0.0037000026 0.77700001
-0.027380001 -0.0037000026 0.77700001
-0.028934287 -0.0037095265 0.77900004
-0.030418096 -0.0037095265 0.77900004
-0.031901907 -0.0037095267 0.77900004
-0.033385716 -0.003709527 0.77900004
0.043828573 -0.0051999963 0.78000003
0.04234286 -0.0051999963 0.78000003
0.040804762 -0.0051933299 0.77900004
0.039320953 -0.0051933303 0.77900004
0.037837144 -0.0051933303 0.77900004
0.036260001 -0.0051799971 0.77700001
0.034780003 -0.0051799971 0.77700001
0.033300001 -0.0051799975 0.77700001
0.031656191 -0.0051533305 0.77300006
0.030261906 -0.0051666643 0.77500004
0.028785715 -0.0051666647 0.77500004
0.027239049 -0.005153331 0.77300006
0.025833335 -0.0051666647 0.77500004
0.024357144 -0.0051666647 0.77500004
0.022821905 -0.0051533314 0.77300006
0.021404762 -0.0051666652 0.77500004
0.019928573 -0.0051666652 0.77500004
0.018452382 -0.0051666657 0.77500004
0.016976191 -0.0051666657 0.77500004
0.01546 -0.0051533319 0.77300006
0.013987619 -0.0051533319 0.77300006
0.012515238 -0.0051533324 0.77300006
0.011042858 -0.0051533324 0.77300006
0.0095704766 -0.0051533324 0.77300006
0.0080980957 -0.0051533324 0.77300006
0.0066171438 -0.0051466664 0.77200001
0.0051466674 -0.0051466664 0.77200001
0.0036666673 -0.0051333332 0.77000004
0.0022057148 -0.0051466669 0.77200001
0.0007352386 -0.0051466669 0.77200001
-0.00073523767 -0.0051466669 0.77200001
-0.0022057139 -0.0051466669 0.77200001
-0.0036666663 -0.0051333341 0.77000004
-0.0051466664 -0.0051466674 0.77200001
-0.0066171428 -0.0051466674 0.77200001
-0.0080876192 -0.0051466678 0.77200001
-0.0095580956 -0.0051466678 0.77200001
-0.011028572 -0.0051466678 0.77200001
-0.012499048 -0.0051466678 0.77200001
-0.013969525 -0.0051466683 0.77200001
-0.01546 -0.0051533347 0.77300006
-0.016932381 -0.0051533347 0.77300006
-0.018404763 -0.0051533347 0.77300006
-0.01998 -0.0051800022 0.77700001
-0.021404762 -0.0051666689 0.77500004
-0.022940001 -0.0051800022 0.77700001
-0.024420001 -0.0051800027 0.77700001
-0.025900001 -0.0051800027 0.77700001
-0.027380001 -0.0051800027 0.77700001
-0.028860001 -0.0051800027 0.77700001
-0.030340001 -0.0051800031 0.77700001
-0.031901907 -0.0051933364 0.77900004
-0.033385716 -0.0051933364 0.77900004
0.044165716 -0.0067371395 0.78600001
0.04256 -0.0067199967 0.78400004
0.040961906 -0.0067028538 0.78200006
0.039371431 -0.0066857114 0.78000003
0.037885714 -0.0066857114 0.78000003
0.036353335 -0.00667714 0.77900004
0.034869526 -0.00667714 0.77900004
0.033300001 -0.0066599976 0.77700001
0.031820003 -0.0066599976 0.77700001
0.030340001 -0.0066599976 0.77700001
0.028860001 -0.0066599981 0.77700001
0.027380001 -0.0066599981 0.77700001
0.025900001 -0.0066599981 0.77700001
0.024420001 -0.0066599981 0.77700001
0.022940001 -0.0066599986 0.77700001
0.02146 -0.0066599986 0.77700001
0.019928573 -0.0066428557 0.77500004
0.018452382 -0.0066428562 0.77500004
0.016976191 -0.0066428562 0.77500004
0.015460001 -0.0066257133 0.77300006
0.014023811 -0.0066428562 0.77500004
0.012547621 -0.0066428566 0.77500004
0.011042858 -0.0066257138 0.77300006
0.0095704775 -0.0066257138 0.77300006
0.0080980966 -0.0066257138 0.77300006
0.0066257152 -0.0066257142 0.77300006
0.0051533338 -0.0066257142 0.77300006
0.003676191 -0.0066171428 0.77200001
0.0022057148 -0.0066171433 0.77200001
0.00073523872 -0.0066171433 0.77200001
-0.00073523755 -0.0066171433 0.77200001
-0.0022057139 -0.0066171433 0.77200001
-0.00367619 -0.0066171438 0.77200001
-0.0051466664 -0.0066171438 0.77200001
-0.0066171428 -0.0066171438 0.77200001
-0.0080876183 -0.0066171442 0.77200001
-0.0095580947 -0.0066171442 0.77200001
-0.011028571 -0.0066171442 0.77200001
-0.012499047 -0.0066171442 0.77200001
-0.013987618 -0.0066257161 0.77300006
-0.0155 -0.006642859 0.77500004
-0.016976191 -0.006642859 0.77500004
-0.018452382 -0.006642859 0.77500004
-0.01998 -0.0066600023 0.77700001
-0.02146 -0.0066600023 0.77700001
-0.022940001 -0.0066600023 0.77700001
-0.024357144 -0.0066428599 0.77500004
-0.025900001 -0.0066600027 0.77700001
-0.027380001 -0.0066600027 0.77700001
-0.028860001 -0.0066600027 0.77700001
-0.030340001 -0.0066600032 0.77700001
0.044165716 -0.008234282 0.78600001
0.04256 -0.0082133301 0.78400004
0.041066669 -0.0082133301 0.78400004
0.039472383 -0.0081923772 0.78200006
0.037885714 -0.0081714252 0.78000003
0.036353335 -0.0081609497 0.77900004
0.034869526 -0.0081609497 0.77900004
0.033300001 -0.0081399977 0.77700001
0.031820003 -0.0081399977 0.77700001
0.030418096 -0.0081609497 0.77900004
0.028860001 -0.0081399977 0.77700001
0.027450478 -0.0081609497 0.77900004
0.025900001 -0.0081399987 0.77700001
0.024420001 -0.0081399987 0.77700001
0.022940001 -0.0081399987 0.77700001
0.021515239 -0.0081609506 0.77900004
0.01998 -0.0081399987 0.77700001
0.0185 -0.0081399987 0.77700001
0.01702 -0.0081399987 0.77700001
0.015500002 -0.0081190467 0.77500004
0.014023811 -0.0081190467 0.77500004
0.012547621 -0.0081190467 0.77500004
0.01107143 -0.0081190467 0.77500004
0.0095952395 -0.0081190467 0.77500004
0.0081190486 -0.0081190467 0.77500004
0.0066428585 -0.0081190467 0.77500004
0.0051533342 -0.0080980957 0.77300006
0.0036809533 -0.0080980957 0.77300006
0.0022085721 -0.0080980957 0.77300006
0.00073619123 -0.0080980957 0.77300006
-0.00073618983 -0.0080980957 0.77300006
-0.0022057137 -0.0080876192 0.77200001
-0.0036761898 -0.0080876192 0.77200001
-0.005146666 -0.0080876192 0.77200001
-0.0066257138 -0.0080980966 0.77300006
-0.0080980947 -0.0080980966 0.77300006
-0.0095704757 -0.0080980966 0.77300006
-0.011042857 -0.0080980966 0.77300006
-0.012547619 -0.0081190486 0.77500004
-0.014023809 -0.0081190486 0.77500004
-0.0155 -0.0081190486 0.77500004
-0.016976191 -0.0081190495 0.77500004
-0.018452382 -0.0081190495 0.77500004
-0.01998 -0.0081400024 0.77700001
-0.02146 -0.0081400024 0.77700001
-0.022940001 -0.0081400024 0.77700001
-0.024357144 -0.0081190495 0.77500004
-0.025833335 -0.0081190495 0.77500004
-0.027309524 -0.0081190504 0.77500004
-0.028860001 -0.0081400033 0.77700001
0.042668574 -0.009731425 0.78600001
0.041066669 -0.009706663 0.78400004
0.039472383 -0.009681901 0.78200006
0.037982859 -0.009681901 0.78200006
0.036400001 -0.0096571408 0.78000003
0.034914289 -0.0096571408 0.78000003
0.033428572 -0.0096571408 0.78000003
0.031901907 -0.0096447598 0.77900004
0.030457145 -0.0096571408 0.78000003
0.028860001 -0.0096199978 0.77700001
0.027485715 -0.0096571408 0.78000003
0.025900001 -0.0096199987 0.77700001
0.024420001 -0.0096199987 0.77700001
0.022940001 -0.0096199987 0.77700001
0.021515239 -0.0096447608 0.77900004
0.01998 -0.0096199987 0.77700001
0.018547621 -0.0096447608 0.77900004
0.01702 -0.0096199987 0.77700001
0.015500002 -0.0095952377 0.77500004
0.014060002 -0.0096199997 0.77700001
0.012580002 -0.0096199997 0.77700001
0.01107143 -0.0095952377 0.77500004
0.0096200015 -0.0096199997 0.77700001
0.0081190486 -0.0095952377 0.77500004
0.0066428585 -0.0095952377 0.77500004
0.005166668 -0.0095952386 0.77500004
0.0036809535 -0.0095704766 0.77300006
0.0022142867 -0.0095952386 0.77500004
0.00073809607 -0.0095952386 0.77500004
-0.00073809444 -0.0095952386 0.77500004
-0.0022085705 -0.0095704766 0.77300006
-0.0036809517 -0.0095704766 0.77300006
-0.0051533324 -0.0095704766 0.77300006
-0.0066428566 -0.0095952395 0.77500004
-0.0081190467 -0.0095952395 0.77500004
-0.0095952377 -0.0095952395 0.77500004
-0.011071428 -0.0095952395 0.77500004
-0.012547619 -0.0095952395 0.77500004
-0.01406 -0.0096200015 0.77700001
-0.01554 -0.0096200015 0.77700001
-0.01702 -0.0096200025 0.77700001
-0.0185 -0.0096200025 0.77700001
-0.01998 -0.0096200025 0.77700001
-0.02146 -0.0096200025 0.77700001
-0.022940001 -0.0096200025 0.77700001
-0.024420001 -0.0096200025 0.77700001
-0.025833335 -0.0095952405 0.77500004
-0.027309524 -0.0095952414 0.77500004
0.042668574 -0.011228568 0.78600001
0.041066669 -0.011199997 0.78400004
0.039573334 -0.011199997 0.78400004
0.037982859 -0.011171426 0.78200006
0.036493335 -0.011171427 0.78200006
0.035003811 -0.011171427 0.78200006
0.033428572 -0.011142855 0.78000003
0.031942859 -0.011142855 0.78000003
0.030457146 -0.011142855 0.78000003
0.028860003 -0.011099998 0.77700001
0.027485717 -0.011142855 0.78000003
0.02596667 -0.01112857 0.77900004
0.024482859 -0.01112857 0.77900004
0.02299905 -0.01112857 0.77900004
0.021515241 -0.01112857 0.77900004
0.020031432 -0.01112857 0.77900004
0.018547622 -0.01112857 0.77900004
0.017063811 -0.01112857 0.77900004
0.015540002 -0.0111 0.77700001
0.014060002 -0.0111 0.77700001
0.012580002 -0.0111 0.77700001
0.011100002 -0.0111 0.77700001
0.0096200015 -0.0111 0.77700001
0.0081400014 -0.0111 0.77700001
0.0066428585 -0.011071428 0.77500004
0.005166668 -0.011071429 0.77500004
0.0036904772 -0.011071429 0.77500004
0.0022142867 -0.011071429 0.77500004
0.00073809625 -0.011071429 0.77500004
-0.00073809427 -0.011071429 0.77500004
-0.0022142848 -0.011071429 0.77500004
-0.0036809517 -0.011042858 0.77300006
-0.0051666661 -0.011071429 0.77500004
-0.0066428566 -0.01107143 0.77500004
-0.0081190467 -0.01107143 0.77500004
-0.0095952377 -0.01107143 0.77500004
-0.011071428 -0.01107143 0.77500004
-0.012547619 -0.01107143 0.77500004
-0.01406 -0.011100002 0.77700001
-0.01554 -0.011100002 0.77700001
-0.017019998 -0.011100003 0.77700001
-0.018499998 -0.011100003 0.77700001
-0.019979998 -0.011100003 0.77700001
-0.02140476 -0.011071431 0.77500004
-0.022880951 -0.011071431 0.77500004
-0.024357142 -0.011071431 0.77500004
-0.025833333 -0.011071431 0.77500004
0.039573334 -0.01269333 0.78400004
0.037982859 -0.012660949 0.78200006
0.036493335 -0.01266095 0.78200006
0.035003811 -0.01266095 0.78200006
0.033514287 -0.01266095 0.78200006
0.032024764 -0.01266095 0.78200006
0.030535242 -0.01266095 0.78200006
0.028934289 -0.012612378 0.77900004
0.027556194 -0.01266095 0.78200006
0.026000002 -0.01262857 0.78000003
0.024514288 -0.01262857 0.78000003
0.023028575 -0.01262857 0.78000003
0.02154286 -0.01262857 0.78000003
0.020057146 -0.01262857 0.78000003
0.018571431 -0.01262857 0.78000003
0.017085716 -0.01262857 0.78000003
0.015580001 -0.01261238 0.77900004
0.014096192 -0.01261238 0.77900004
0.012612382 -0.01261238 0.77900004
0.011128573 -0.01261238 0.77900004
0.0096200015 -0.01258 0.77700001
0.0081400014 -0.01258 0.77700001
0.0066600014 -0.01258 0.77700001
0.005166668 -0.01254762 0.77500004
0.0036904775 -0.01254762 0.77500004
0.0022200013 -0.012580001 0.77700001
0.00073809637 -0.01254762 0.77500004
-0.00073999894 -0.012580001 0.77700001
-0.0022142846 -0.01254762 0.77500004
-0.0036904751 -0.01254762 0.77500004
-0.0051666661 -0.01254762 0.77500004
-0.0066428566 -0.012547621 0.77500004
-0.0081190467 -0.012547621 0.77500004
-0.0095952377 -0.012547621 0.77500004
-0.011071428 -0.012547621 0.77500004
-0.01258 -0.012580002 0.77700001
-0.01406 -0.012580002 0.77700001
-0.01554 -0.012580002 0.77700001
-0.017019998 -0.012580003 0.77700001
-0.01845238 -0.012547622 0.77500004
-0.019928571 -0.012547622 0.77500004
-0.02140476 -0.012547622 0.77500004
-0.022880951 -0.012547622 0.77500004
-0.024357142 -0.012547622 0.77500004
-0.025833333 -0.012547622 0.77500004
0.036493335 -0.014150474 0.78200006
0.035003811 -0.014150474 0.78200006
0.033514287 -0.014150474 0.78200006
0.032024764 -0.014150474 0.78200006
0.030535242 -0.014150474 0.78200006
0.028934289 -0.014096188 0.77900004
0.027556194 -0.014150474 0.78200006
0.02606667 -0.014150475 0.78200006
0.024514288 -0.014114284 0.78000003
0.023087623 -0.014150475 0.78200006
0.021598099 -0.014150475 0.78200006
0.020108573 -0.014150475 0.78200006
0.018619049 -0.014150475 0.78200006
0.017129526 -0.014150475 0.78200006
0.015600001 -0.014114285 0.78000003
0.014096192 -0.01409619 0.77900004
0.012628573 -0.014114285 0.78000003
0.011128573 -0.01409619 0.77900004
0.0096447635 -0.01409619 0.77900004
0.0081609534 -0.01409619 0.77900004
0.0066600018 -0.01406 0.77700001
0.0051800017 -0.014060001 0.77700001
0.0037000014 -0.014060001 0.77700001
0.0022200013 -0.014060001 0.77700001
0.00074000127 -0.014060001 0.77700001
-0.00073999882 -0.014060001 0.77700001
-0.002219999 -0.014060001 0.77700001
-0.0036904751 -0.01402381 0.77500004
-0.0051666657 -0.01402381 0.77500004
-0.0066428562 -0.014023811 0.77500004
-0.0081190467 -0.014023811 0.77500004
-0.0096199997 -0.014060002 0.77700001
-0.0111 -0.014060002 0.77700001
-0.01258 -0.014060002 0.77700001
-0.01409619 -0.014096192 0.77900004
-0.01554 -0.014060002 0.77700001
-0.017019998 -0.014060003 0.77700001
-0.018404761 -0.013987621 0.77300006
-0.019928571 -0.014023812 0.77500004
-0.021349523 -0.013987621 0.77300006
-0.022821903 -0.013987621 0.77300006
-0.024294285 -0.013987621 0.77300006
-0.025733333 -0.013969527 0.77200001
-0.027203809 -0.013969528 0.77200001
0.035003811 -0.015639996 0.78200006
0.033514287 -0.015639996 0.78200006
0.031901907 -0.015579998 0.77900004
0.030535242 -0.015639998 0.78200006
0.029120004 -0.015679998 0.78400004
0.027626669 -0.015679998 0.78400004
0.026133336 -0.015679998 0.78400004
0.024577146 -0.015639998 0.78200006
0.02314667 -0.015679998 0.78400004
0.021653336 -0.015679998 0.78400004
0.020108573 -0.015639998 0.78200006
0.01866667 -0.015679998 0.78400004
0.017173335 -0.015679998 0.78400004
0.015600001 -0.0156 0.78000003
0.014114287 -0.0156 0.78000003
0.012628573 -0.0156 0.78000003
0.011142858 -0.0156 0.78000003
0.0096571445 -0.0156 0.78000003
0.0081609534 -0.015579999 0.77900004
0.0066857161 -0.0156 0.78000003
0.0051800017 -0.015540001 0.77700001
0.0037000016 -0.015540001 0.77700001
0.0022200015 -0.015540001 0.77700001
0.00074000139 -0.015540001 0.77700001
-0.00073999871 -0.015540001 0.77700001
-0.0022199987 -0.015540001 0.77700001
-0.0036999988 -0.015540001 0.77700001
-0.0051666657 -0.015500001 0.77500004
-0.0066428562 -0.015500002 0.77500004
-0.0081190467 -0.015500002 0.77500004
-0.0096447617 -0.015580001 0.77900004
-0.0111 -0.015540002 0.77700001
-0.01261238 -0.015580001 0.77900004
-0.01409619 -0.015580001 0.77900004
-0.01554 -0.015540002 0.77700001
-0.017019998 -0.015540003 0.77700001
-0.018404761 -0.015460002 0.77300006
-0.019877141 -0.015460002 0.77300006
-0.021349523 -0.015460002 0.77300006
-0.022880951 -0.015500003 0.77500004
-0.024294285 -0.015460002 0.77300006
-0.025766665 -0.015460002 0.77300006
-0.027203809 -0.015440003 0.77200001
0.031942859 -0.017085712 0.78000003
0.030457146 -0.017085712 0.78000003
0.029045718 -0.017129522 0.78200006
0.027556194 -0.017129522 0.78200006
0.026200002 -0.017217143 0.78600001
0.024640003 -0.017173331 0.78400004
0.023205716 -0.017217143 0.78600001
0.021653336 -0.017173331 0.78400004
0.020160003 -0.017173331 0.78400004
0.01866667 -0.017173331 0.78400004
0.017173335 -0.017173331 0.78400004
0.015600002 -0.017085712 0.78000003
0.014150479 -0.017129522 0.78200006
0.012660955 -0.017129522 0.78200006
0.011142859 -0.017085712 0.78000003
0.0096571455 -0.017085714 0.78000003
0.0081714308 -0.017085714 0.78000003
0.0066857161 -0.017085714 0.78000003
0.0052000014 -0.017085714 0.78000003
0.0037000016 -0.01702 0.77700001
0.0022200015 -0.01702 0.77700001
0.00074190629 -0.01706381 0.77900004
-0.00074190326 -0.01706381 0.77900004
-0.0022257129 -0.01706381 0.77900004
-0.0036999988 -0.01702 0.77700001
-0.0051799989 -0.01702 0.77700001
-0.006659999 -0.01702 0.77700001
-0.0081399987 -0.01702 0.77700001
-0.0096199987 -0.01702 0.77700001
-0.011099999 -0.017020002 0.77700001
-0.012579999 -0.017020002 0.77700001
-0.014096189 -0.017063811 0.77900004
-0.015539999 -0.017020002 0.77700001
-0.017019998 -0.017020002 0.77700001
-0.018333333 -0.016866669 0.77000004
-0.019799998 -0.016866669 0.77000004
-0.021266665 -0.016866669 0.77000004
-0.025766665 -0.016932383 0.77300006
0.030691432 -0.018714285 0.78600001
0.029194288 -0.018714285 0.78600001
0.027697146 -0.018714285 0.78600001
0.026200002 -0.018714285 0.78600001
0.02470286 -0.018714285 0.78600001
0.023205716 -0.018714285 0.78600001
0.021708574 -0.018714285 0.78600001
0.020160003 -0.018666666 0.78400004
0.018714288 -0.018714285 0.78600001
0.017173335 -0.018666666 0.78400004
0.015640002 -0.018619046 0.78200006
0.014150479 -0.018619046 0.78200006
0.012660955 -0.018619046 0.78200006
0.011142859 -0.018571427 0.78000003
0.0096819066 -0.018619047 0.78200006
0.0081923828 -0.018619047 0.78200006
0.006702859 -0.018619047 0.78200006
0.0052133347 -0.018619047 0.78200006
0.0037142874 -0.018571429 0.78000003
0.0022285732 -0.018571429 0.78000003
0.0007428588 -0.018571429 0.78000003
-0.00074190315 -0.018547621 0.77900004
-0.0022257126 -0.018547621 0.77900004
-0.0037095223 -0.018547621 0.77900004
-0.0051799989 -0.0185 0.77700001
-0.006659999 -0.0185 0.77700001
-0.0081399987 -0.0185 0.77700001
-0.0096199987 -0.0185 0.77700001
-0.011099999 -0.018500002 0.77700001
-0.012579999 -0.018500002 0.77700001
0.012660955 -0.020108569 0.78200006
0.011142859 -0.020057142 0.78000003
0.0096819066 -0.020108571 0.78200006
0.0081923828 -0.020108571 0.78200006
0.0067028594 -0.020108571 0.78200006
0.0052266689 -0.020160001 0.78400004
0.0037333353 -0.020160001 0.78400004
0.0022285734 -0.020057144 0.78000003
0.00074285892 -0.020057144 0.78000003
-0.0037095221 -0.02003143 0.77900004
-0.0051799985 -0.01998 0.77700001
-0.0066599986 -0.01998 0.77700001
-0.0081399987 -0.01998 0.77700001
-0.0096199987 -0.01998 0.77700001
0.0081923828 -0.021598097 0.78200006
0.0067028594 -0.021598097 0.78200006
-0.0051799985 -0.02146 0.77700001
-0.0066599986 -0.02146 0.77700001
-0.0081399987 -0.02146 0.77700001
-0.0096199987 -0.02146 0.77700001
