-0.312036 -0.509468 -0.003043 
 -0.481912 -0.679157 0.027718 
 -0.313179 0.593943 -0.028366 
 0.044735 -0.648603 0.031818 
 -0.637823 -0.235644 -0.092752 
 -0.361207 0.649232 -0.010587 
 -0.434901 0.261126 0.099572 
 -0.367149 -0.089525 -0.109378 
 -0.325033 -0.771985 0.067214 
 0.137306 -0.712712 -0.016799 
 -0.411040 0.528980 -0.062340 
 -0.322957 -0.792362 0.057889 
 -0.300952 -0.759599 0.042312 
 -0.582528 -0.015545 -0.127888 
 -0.380375 -0.504056 0.025936 
 0.046353 0.606511 -0.103816 
 -0.454290 0.040645 0.010539 
 -0.151662 -0.668340 0.025785 
 0.268264 -0.414687 -0.030356 
 0.590294 -0.747488 0.189585 
 0.054676 -0.273330 0.084280 
 -0.178519 0.761743 0.201491 
 0.637633 -0.496194 0.041469 
 0.521018 -0.662633 0.078481 
 -0.539413 -0.322983 -0.010194 
 -0.622995 -0.457860 0.024107 
 0.580390 -0.343667 0.049401 
 -0.319202 0.067544 0.110163 
 0.077471 -0.260455 0.059267 
 0.235584 0.553262 -0.080817 
 -0.174108 -0.350931 0.038040 
 0.136426 0.797345 0.178647 
 -0.303438 0.287727 0.055881 
 0.026861 0.798227 -0.033042 
 -0.320039 0.651996 -0.005142 
 0.227394 -0.472928 -0.010925 
 -0.539521 -0.353257 0.009217 
 -0.472306 0.195838 0.085442 
 0.266718 -0.671434 -0.023091 
 -0.063222 0.816290 0.029410 
 -0.633844 0.031237 -0.082206 
 0.533814 0.167250 0.057195 
 -0.018808 -0.439306 0.076743 
 0.027758 -0.478187 0.065839 
 -0.072011 0.505812 -0.091102 
 0.337622 0.017187 -0.015738 
 0.078746 0.045566 0.020690 
 -0.439374 -0.213093 -0.161316 
 -0.430694 -0.365905 0.012354 
 -0.360059 -0.421740 -0.003919 
 -0.242123 0.290946 0.062187 
 -0.600985 -0.322264 -0.029482 
 0.120104 -0.258201 0.063537 
 -0.015631 0.547961 -0.070378 
 0.300602 0.596477 0.173553 
 -0.351196 -0.029145 -0.085019 
 0.567731 -0.742969 0.173970 
 -0.295535 0.179489 0.046577 
 0.518522 -0.093065 -0.029789 
 -0.044667 0.444681 -0.097012 
 -0.084150 -0.413304 0.049751 
 0.432282 0.405911 -0.028608 
 0.298757 -0.005279 -0.027776 
 0.405854 -0.260404 -0.039791 
 -0.396465 -0.653092 0.044031 
 0.611214 -0.756856 0.220434 
 -0.407204 -0.082772 -0.140739 
 0.333621 0.617795 -0.048787 
 0.253100 0.593081 -0.064254 
 0.251709 0.431325 -0.173201 
 0.079965 -0.523824 0.020416 
 0.493674 0.389134 0.045907 
 -0.289988 -0.508854 -0.000897 
 0.371674 0.454504 -0.139815 
 -0.171134 -0.688627 0.015992 
 -0.065875 0.166429 0.089453 
 0.117724 0.515878 -0.135440 
 -0.243918 0.330314 0.077046 
 -0.619293 -0.209515 -0.097262 
 0.379807 0.060279 -0.059015 
 -0.185639 0.175652 0.021814 
 -0.376153 -0.544026 0.009754 
 0.518522 -0.094028 -0.029789 
 -0.600069 -0.111459 -0.118915 
 -0.280804 -0.675626 0.012827 
 0.014262 0.293015 0.066168 
 -0.576948 -0.446312 -0.000111 
 -0.296035 -0.417310 0.002502 
 -0.443577 0.087229 0.077544 
 0.600331 -0.077810 0.013437 
 -0.263379 0.691031 0.026713 
 -0.012611 0.776317 -0.044123 
 -0.409148 -0.063165 -0.134450 
 0.091097 -0.431766 0.025901 
 0.521018 -0.661638 0.077468 
 0.226724 0.630154 -0.051796 
 0.516298 -0.074625 -0.022359 
 -0.563713 0.005462 -0.118378 
 -0.056200 0.874152 0.145070 
 -0.043015 0.196403 0.071955 
 0.028917 0.558756 -0.094091 
 0.116321 -0.448238 0.020476 
 0.018805 0.253093 0.051328 
 -0.232143 -0.099028 0.021664 
 -0.264578 0.519303 -0.055673 
 0.498286 -0.115399 -0.039320 
 -0.199472 0.317688 0.060998 
 0.207928 -0.228483 0.004112 
 -0.092339 -0.332926 0.081237 
 0.175892 -0.370760 0.008127 
 -0.329747 -0.013538 0.077505 
 -0.066364 0.718517 -0.086204 
 -0.458609 0.355624 0.071164 
 0.042459 -0.648603 0.031818 
 0.005294 0.576606 -0.088888 
 0.033934 -0.506600 0.023708 
 0.302447 -0.049315 -0.028773 
 0.207098 -0.796461 0.034380 
 0.355213 0.678835 0.209437 
 0.313153 0.091848 -0.050518 
 -0.256111 0.636951 -0.007558 
 0.397979 -0.673499 -0.044617 
 0.060271 0.903864 0.242782 
 0.436442 -0.373206 -0.034653 
 -0.536014 -0.560786 0.069300 
 0.256015 -0.533250 -0.031427 
 -0.133310 0.695734 -0.022472 
 0.137608 0.122150 0.009887 
 0.064737 0.414794 -0.177763 
 -0.380375 -0.504056 0.025598 
 -0.053717 0.043140 0.058343 
 0.261350 -0.601452 -0.027200 
 0.339798 0.540904 -0.077273 
 -0.263523 0.309224 0.069270 
 -0.247530 0.559387 -0.036773 
 -0.271857 0.572638 -0.017630 
 0.190936 -0.546298 -0.010933 
 -0.358573 -0.109529 -0.179521 
 -0.620624 -0.111172 -0.121017 
 -0.207724 0.558161 -0.018736 
 0.319080 -0.490405 -0.057911 
 0.203946 -0.189163 0.019107 
 -0.146569 0.169620 0.053510 
 -0.291763 -0.058747 -0.045339 
 -0.034403 0.088497 0.061693 
 -0.263379 0.691031 0.026587 
 -0.329360 0.348581 0.061538 
 -0.018120 0.645345 -0.111021 
 0.177042 0.538465 -0.122062 
 -0.329360 0.347182 0.062257 
 -0.096567 0.060702 0.061589 
 -0.251140 0.742508 0.080326 
 -0.217390 -0.645093 0.013558 
 -0.370621 -0.754520 0.068529 
 0.233566 0.005520 -0.012540 
 0.381856 0.038532 -0.064898 
 -0.085456 0.193584 0.067282 
 -0.002037 -0.631291 0.035026 
 0.448871 0.200568 0.000640 
 0.163710 0.672241 -0.071410 
 0.005481 -0.458013 0.071291 
 -0.120868 0.102829 0.060365 
 0.510930 0.410032 0.055352 
 -0.201330 0.077390 0.044788 
 -0.278772 0.654271 -0.002321 
 0.065366 0.630992 -0.110068 
 -0.125861 -0.705961 0.014590 
 -0.209993 -0.731534 -0.003592 
 0.003047 -0.165909 0.088941 
 0.210348 0.745485 0.069188 
 0.103309 0.455725 -0.159196 
 -0.317705 0.149471 0.064096 
 0.421624 -0.434216 -0.059145 
 0.089414 0.856309 0.180448 
 -0.256210 0.755083 0.115675 
 0.416936 0.525315 0.077233 
 0.589516 -0.188325 0.001348 
 0.260875 -0.325800 -0.029131 
 -0.551852 -0.244849 -0.105036 
 -0.348450 -0.005722 0.048762 
 -0.386187 -0.081372 -0.137132 
 0.217779 0.379728 -0.226630 
 0.454039 -0.321979 -0.044676 
 -0.243356 0.469695 -0.025387 
 0.125023 -0.293747 0.034883 
 0.197484 0.539186 -0.120014 
 0.511618 0.187093 0.062516 
 -0.100995 -0.253356 0.111574 
 0.004166 -0.458013 0.072203 
 0.135185 0.720777 -0.023757 
 -0.171106 -0.688627 0.016912 
 0.371755 -0.377462 -0.041017 
 0.568948 0.018778 0.048457 
 -0.410021 0.024759 0.008721 
 -0.009570 0.016977 0.082875 
 0.397539 0.306401 0.006045 
 0.083476 -0.057254 0.060981 
 -0.109789 -0.078975 0.069172 
 -0.579249 -0.564167 0.064970 
 0.047954 -0.475281 0.067990 
 -0.258716 -0.147703 -0.293344 
 -0.292923 0.106824 0.067293 
 -0.056054 -0.502620 0.051429 
 -0.578197 -0.083907 -0.122952 
 -0.125120 0.170561 0.055618 
 0.114199 -0.673859 -0.003743 
 -0.348339 -0.603346 -0.012711 
 -0.645365 -0.121355 -0.096016 
 0.159389 -0.201312 0.042077 
 0.371384 -0.089781 -0.085464 
 0.242907 0.507520 -0.144295 
 -0.193293 0.258933 0.037754 
 0.565353 0.047698 0.028524 
 0.428509 0.457084 -0.056892 
 -0.201311 -0.552983 0.019362 
 0.261241 0.524345 -0.121108 
 -0.227733 0.370725 0.094007 
 0.276294 0.555704 -0.076712 
 -0.340736 0.404474 -0.056780 
 -0.394412 0.002110 0.079106 
 0.018381 0.253779 0.051328 
 0.328344 -0.607160 -0.054478 
 0.055634 0.064286 0.027785 
 0.095273 0.532562 -0.130960 
 -0.417831 -0.685007 0.060926 
 -0.014956 -0.781379 0.053969 
 -0.633844 0.032478 -0.082632 
 0.162980 0.673335 -0.071410 
 0.211233 0.438021 -0.205009 
 -0.575080 0.074882 -0.061494 
 -0.246078 -0.097878 -0.243283 
 -0.134583 0.330381 0.038779 
 0.436885 -0.113949 -0.059279 
 -0.579035 -0.375926 -0.002629 
 0.121780 0.476417 -0.149912 
 -0.336617 0.611912 -0.022851 
 0.166723 0.307614 -0.009506 
 0.419823 0.278521 0.028443 
 0.539874 0.105345 0.050107 
 0.148914 -0.038507 0.026320 
 -0.219912 0.674422 0.025145 
 -0.157549 0.320496 0.063444 
 -0.447558 -0.518762 0.044875 
 -0.138004 0.791446 0.184644 
 -0.128717 -0.685739 0.020312 
 0.390423 -0.301391 -0.057103 
 0.422270 0.041326 -0.062219 
 -0.249844 -0.078450 -0.235950 
 -0.112279 0.391933 -0.013614 
 0.293463 0.061846 -0.032542 
 0.288931 -0.691757 -0.028529 
 -0.367888 -0.091547 -0.109378 
 0.364402 -0.011441 -0.055862 
 0.349266 0.472307 -0.134627 
 0.402708 0.039929 -0.064653 
 0.027561 -0.244071 0.124450 
 -0.555349 -0.308304 -0.052784 
 0.473406 0.153910 0.015978 
 -0.470849 0.097417 0.110309 
 0.184491 -0.766896 0.012383 
 0.159399 0.779234 0.171343 
 0.083725 -0.594715 0.024520 
 0.040696 -0.648603 0.031818 
 -0.059147 -0.482475 0.057233 
 0.358251 0.628385 0.238068 
 -0.113676 0.330814 0.040774 
 0.107719 0.227824 0.017311 
 -0.600985 -0.322264 -0.030426 
 -0.311928 0.574592 -0.034432 
 -0.131213 -0.375985 0.061397 
 -0.275068 0.635409 -0.009625 
 0.227472 -0.227064 0.006233 
 -0.026201 -0.052871 0.085196 
 0.114220 -0.430685 0.028041 
 0.388552 -0.281604 -0.049635 
 -0.304720 -0.657396 0.018300 
 -0.395689 -0.652258 0.044031 
 0.192499 0.242701 -0.001912 
 0.428603 -0.258991 -0.037941 
 0.034361 0.501087 -0.116982 
 -0.242264 0.784912 0.174549 
 0.495937 -0.329223 -0.013254 
 -0.496884 -0.028350 -0.126913 
 -0.153667 -0.032681 0.051771 
 -0.396159 -0.684764 0.063097 
 -0.140988 -0.211028 0.048516 
 0.543405 -0.140870 -0.015233 
 -0.199927 -0.573129 0.011758 
 0.440723 -0.411303 -0.049647 
 -0.123883 -0.169670 0.064948 
 0.236681 0.534039 -0.088073 
 -0.329360 0.348581 0.061439 
 -0.024321 -0.601909 0.013763 
 -0.088659 0.823389 0.076383 
 0.317658 0.015189 -0.017837 
 -0.426832 0.516369 -0.097690 
 0.073145 -0.764601 0.035602 
 0.575504 -0.283821 0.010186 
 -0.517791 -0.031372 -0.129007 
 0.567050 0.047422 0.028524 
 0.230011 0.743620 0.085296 
 0.509270 -0.233551 -0.020994 
 -0.194289 0.755552 0.136933 
 0.092177 0.737254 -0.018687 
 0.321778 -0.023534 -0.032501 
 -0.296937 0.660836 -0.032272 
 -0.622483 -0.564994 0.060640 
 -0.556119 -0.561858 0.067135 
 -0.217382 -0.381726 0.053193 
 0.210113 0.590335 -0.068360 
 -0.284913 -0.286045 0.022972 
 0.573084 -0.020693 0.033670 
 0.548090 -0.765418 0.161648 
 -0.662354 -0.266501 -0.075365 
 -0.401855 -0.505495 0.023072 
 -0.568900 0.015791 -0.081860 
 -0.137932 0.037480 0.049879 
 0.076360 -0.503730 0.027185 
 -0.044742 0.726956 -0.112128 
 -0.037424 0.620205 -0.107264 
 0.072822 0.550365 -0.124351 
 -0.205260 0.096229 0.052256 
 -0.421498 -0.557713 0.032261 
 -0.639316 -0.521322 -0.000856 
 0.168753 0.743219 0.065055 
 0.179530 0.125311 0.016450 
 -0.106966 -0.099958 0.061655 
 -0.053858 0.062952 0.065820 
 -0.032505 -0.288432 0.102384 
 -0.260747 -0.127140 -0.287122 
 -0.496122 0.237180 0.084532 
 -0.073750 0.041725 0.056227 
 0.070128 0.862415 0.149654 
 0.506984 -0.778848 0.125198 
 -0.367745 0.512393 -0.063531 
 -0.236627 0.634257 0.008449 
 0.197509 0.174835 0.003485 
 -0.008676 0.490139 -0.092202 
 0.338620 0.017187 -0.014066 
 -0.232405 0.183717 0.052966 
 0.159588 -0.680273 -0.033431 
 0.584020 -0.600704 -0.001452 
 0.068967 0.781794 -0.036183 
 -0.236238 -0.403810 0.043462 
 0.336667 0.426100 -0.199981 
 -0.531097 0.057916 -0.065626 
 -0.451307 -0.095141 -0.117775 
 -0.190549 -0.711492 0.006200 
 -0.137819 0.060997 0.043659 
 -0.299036 -0.811283 0.054681 
 -0.213416 0.257308 0.035655 
 0.235533 -0.286655 -0.017101 
 0.486478 -0.205360 -0.044790 
 0.237334 -0.062980 -0.007495 
 0.490062 -0.259711 -0.017591 
 0.465435 -0.206770 -0.045519 
 -0.305057 0.493112 -0.053028 
 0.364788 0.572882 0.200416 
 0.274980 -0.800232 0.005757 
 0.256049 0.554635 -0.078765 
 0.078989 0.822404 0.057880 
 -0.208966 -0.145831 0.034245 
 0.343747 -0.540474 -0.044378 
 0.252550 -0.245509 -0.000319 
 -0.344349 0.470968 -0.062476 
 0.490204 0.194525 0.032254 
 0.122901 0.027894 0.019211 
 -0.166661 -0.791540 0.038445 
 -0.306924 0.535890 -0.050277 
 0.123423 -0.541404 0.017123 
 -0.300038 -0.150471 -0.297687 
 -0.101732 0.124029 0.070290 
 -0.385670 0.467622 -0.066613 
 0.205727 0.097211 -0.026117 
 -0.321998 -0.044030 0.035670 
 0.185431 0.654202 -0.076598 
 0.178346 -0.150447 0.031980 
 -0.247575 0.373960 0.078074 
 0.304956 0.172161 -0.020994 
 -0.620186 -0.160241 -0.107562 
 -0.286574 0.327839 0.072842 
 -0.370831 0.240644 0.110977 
 0.606467 -0.147928 0.018418 
 -0.394778 0.285349 0.110034 
 0.163264 -0.488331 0.009627 
 -0.253348 -0.797346 0.030965 
 0.388902 -0.302128 -0.057103 
 0.423921 0.238283 0.013712 
 0.623442 -0.096467 0.008095 
 -0.358189 0.629881 -0.017891 
 -0.526190 -0.692815 0.047585 
 0.534728 -0.553969 0.043673 
 -0.579159 -0.563306 0.064970 
 -0.013336 0.317035 0.120405 
 -0.205035 -0.093888 -0.239133 
 -0.027034 0.854482 0.062143 
 0.458186 0.122343 -0.028518 
 -0.108352 0.240769 0.052512 
 0.070813 0.569536 -0.118124 
 -0.367040 0.489051 -0.057231 
 -0.531097 0.056647 -0.064715 
 -0.085383 0.698004 -0.096917 
 -0.530915 -0.166010 -0.134897 
 0.567050 0.047698 0.028609 
 -0.621790 -0.348686 -0.026543 
 0.342184 -0.269616 -0.033216 
 0.184847 -0.210038 0.010641 
 0.000118 0.828306 0.007485 
 0.291333 0.704158 0.182474 
 0.356403 0.281859 -0.005483 
 -0.409148 -0.063165 -0.134308 
 0.163671 -0.250963 0.054219 
 -0.494558 0.066716 -0.012115 
 0.505530 -0.454367 0.018252 
 0.107167 -0.339211 0.031219 
 -0.166529 -0.760255 0.019770 
 -0.453794 -0.075482 -0.111003 
 -0.087169 0.214954 0.074731 
 -0.196415 0.637052 0.012587 
 -0.202999 -0.114531 -0.246489 
 0.134698 -0.428903 0.030182 
 -0.573020 0.055353 -0.068914 
 0.178422 0.704300 -0.026880 
 -0.476290 0.286626 0.073307 
 -0.096677 0.569016 -0.099153 
 0.395964 0.377128 -0.091430 
 0.521093 0.088799 0.024847 
 -0.128201 -0.099354 0.059528 
 0.398610 0.079041 -0.049887 
 -0.305378 -0.600468 -0.007782 
 -0.670544 -0.084118 -0.082066 
 -0.257487 -0.725095 0.026413 
 0.248387 -0.205782 0.015524 
 -0.346759 -0.773441 0.064090 
 -0.396253 0.331735 0.095945 
 -0.325451 -0.310681 0.011156 
 -0.260188 0.269856 0.052656 
 0.033878 -0.303844 0.101697 
 -0.556314 -0.339379 -0.033493 
 0.352429 0.692210 0.244935 
 0.451993 0.390537 0.028067 
 -0.046302 0.444681 -0.097742 
 0.360218 -0.213817 -0.057211 
 -0.220961 -0.543916 -0.009628 
 0.382217 0.234620 0.009504 
 -0.016237 -0.459451 0.069140 
 -0.261501 -0.304422 0.019209 
 0.104025 0.886431 0.240136 
 0.499596 -0.115399 -0.040471 
 0.135548 0.142162 0.019677 
 -0.172899 -0.663027 0.010249 
 -0.030694 0.922891 0.304568 
 -0.007488 -0.002887 0.074852 
 0.519328 0.115527 0.005293 
 0.122901 0.028912 0.019211 
 -0.379580 -0.443215 -0.013625 
 0.127893 0.257842 -0.002072 
 -0.358477 -0.471952 0.007834 
 0.547634 0.046292 0.026422 
 -0.179782 0.761743 0.200912 
 -0.135685 0.521557 -0.090003 
 -0.174065 -0.378299 0.057485 
 0.379807 0.058088 -0.058276 
 -0.015367 0.575233 -0.090941 
 -0.364124 0.162017 0.081066 
 0.072264 -0.196768 0.068298 
 -0.447653 0.464973 -0.072821 
 -0.276764 -0.395971 0.011440 
 0.430520 0.428736 -0.036377 
 -0.281038 -0.675626 0.011316 
 0.335395 0.426100 -0.199483 
 -0.019425 -0.439306 0.076164 
 -0.209630 0.443783 0.076802 
 -0.131983 0.282583 0.051472 
 0.157696 0.702927 -0.029676 
 -0.082220 -0.171620 0.080285 
 0.403982 -0.230734 -0.059782 
 -0.342483 -0.069020 -0.161636 
 0.415364 0.119550 -0.033569 
 -0.279377 -0.149512 -0.296505 
 -0.551852 -0.242917 -0.105271 
 -0.554463 -0.309415 -0.052784 
 0.398777 -0.161766 -0.064690 
 -0.391327 -0.755975 0.066742 
 0.140833 0.500638 -0.154519 
 -0.430302 -0.365905 0.012354 
 -0.023701 0.426651 -0.102236 
 0.279805 0.595077 0.170352 
 0.072169 -0.196768 0.068298 
 -0.287278 -0.010694 0.082481 
 0.293463 0.062877 -0.031789 
 -0.441499 -0.246355 -0.129189 
 -0.403434 -0.454925 0.011274 
 -0.084892 0.165203 0.087340 
 -0.459698 -0.241432 -0.158308 
 -0.012065 0.065950 0.070052 
 -0.007239 -0.529782 0.011832 
 -0.555507 -0.582132 0.059566 
 0.332591 0.436133 -0.165022 
 -0.398976 -0.161201 -0.170341 
 -0.552421 -0.141089 -0.143112 
 0.108819 -0.095112 0.049464 
 0.148711 -0.559707 0.011685 
 -0.347459 0.295083 0.086683 
 0.481986 0.272515 0.062403 
 0.300313 0.596477 0.173553 
 0.046640 -0.694407 0.029543 
 -0.371228 -0.190463 -0.210100 
 -0.111886 -0.029844 0.056883 
 0.118669 -0.233849 0.055429 
 -0.211053 -0.126397 0.043505 
 -0.530754 -0.243440 -0.103158 
 -0.146846 -0.121649 0.049885 
 -0.109787 -0.374550 0.065947 
 0.258015 -0.041835 0.002061 
 0.423891 -0.754444 -0.011642 
 0.365768 0.484608 -0.097522 
 -0.195746 0.637052 0.012587 
 0.283268 0.664981 -0.003129 
 -0.070987 0.757237 -0.071752 
 -0.246520 0.070030 0.053891 
 -0.134665 0.017667 0.043274 
 -0.316124 0.125222 0.069362 
 0.156411 -0.397244 0.012853 
 -0.260747 -0.128326 -0.288822 
 -0.531638 -0.463536 -0.001750 
 -0.456915 -0.729111 0.042598 
 0.570398 -0.769402 0.179681 
 -0.468313 0.462664 -0.074923 
 0.310141 0.616422 -0.050840 
 -0.643107 -0.350114 -0.030097 
 -0.064968 0.699511 -0.093431 
 0.018866 -0.099789 0.101354 
 -0.370907 -0.074618 -0.088361 
 -0.348673 -0.583200 -0.003302 
 -0.540581 -0.012745 -0.123700 
 -0.420316 0.069477 0.073222 
 0.056776 -0.292416 0.076715 
 -0.514776 -0.421912 0.016966 
 0.448214 -0.005750 -0.047486 
 0.130680 0.209933 0.010469 
 0.191457 0.596923 -0.098374 
 0.455786 -0.094549 -0.049760 
 -0.135655 0.330381 0.038681 
 0.161311 0.759729 0.163851 
 -0.380053 -0.423172 -0.006060 
 0.430520 0.429453 -0.037240 
 0.334005 0.094407 -0.047320 
 0.038045 -0.314370 0.067009 
 0.217612 0.195928 0.012980 
 -0.108091 -0.394645 0.056338 
 0.535874 0.149179 0.049696 
 0.404373 -0.228996 -0.059782 
 -0.005859 -0.347280 0.082236 
 0.355584 0.104922 -0.074259 
 -0.252121 0.804966 0.259559 
 0.462186 0.251946 0.052908 
 0.519328 0.117496 0.004878 
 0.233594 0.419581 -0.210177 
 0.097282 0.513391 -0.137335 
 0.378611 -0.448257 -0.036497 
 0.076678 0.063214 0.029893 
 -0.128742 -0.598458 -0.023797 
 -0.227471 0.089980 0.063849 
 -0.296304 -0.447750 0.020965 
 0.370250 0.164830 -0.050838 
 0.183686 -0.454190 -0.007649 
 -0.405540 -0.436179 0.018710 
 -0.207334 0.116403 0.059725 
 -0.422521 0.426679 -0.085379 
 0.417461 -0.394869 -0.044271 
 0.352316 -0.656537 -0.041333 
 -0.277165 0.200634 0.055762 
 0.079565 -0.281577 0.051869 
 -0.613011 0.032641 -0.080532 
 -0.598742 -0.585028 0.055429 
 -0.274879 -0.445223 0.024002 
 -0.385675 0.519481 -0.093568 
 -0.423414 -0.613992 0.057170 
 0.030517 -0.797382 0.050638 
 -0.392969 -0.050590 -0.096637 
 0.149060 -0.580399 0.004101 
 0.308635 -0.108368 -0.049937 
 -0.185153 0.540169 -0.024890 
 -0.132016 0.477767 -0.090688 
 -0.436649 0.057295 0.035187 
 0.111356 -0.380108 0.016000 
 0.054934 -0.505165 0.025845 
 0.459821 -0.390557 -0.040028 
 0.440675 0.278761 0.030531 
 -0.668174 -0.103854 -0.090675 
 0.238636 0.701304 0.007304 
 0.122778 0.673386 -0.090150 
 -0.291295 0.575974 -0.030993 
 -0.519318 -0.331545 0.018922 
 -0.111140 -0.059968 0.076688 
 -0.281791 0.475119 -0.056267 
 -0.088046 -0.047415 0.051507 
 -0.414243 0.548331 -0.053306 
 -0.094379 0.770766 -0.052562 
 0.509405 -0.504783 0.027535 
 -0.166038 -0.142987 0.040242 
 -0.193159 -0.690072 0.013833 
 0.595593 -0.262538 0.019822 
 -0.599142 -0.157648 -0.106699 
 -0.378264 -0.524202 0.017362 
 0.576526 -0.540575 0.020037 
 0.118504 -0.781979 0.034925 
 0.031408 0.923652 0.326362 
 0.510280 -0.524826 0.021180 
 -0.333566 -0.132612 -0.231813 
 0.030517 -0.797557 0.050638 
 -0.170670 -0.103484 0.055275 
 -0.111307 -0.029844 0.056455 
 -0.465371 -0.509812 0.016356 
 -0.361541 0.402452 -0.058855 
 -0.332145 -0.027741 -0.083400 
 -0.066643 -0.635618 0.028027 
 0.043546 -0.172637 0.122105 
 -0.285777 -0.548221 -0.014761 
 -0.298136 -0.397403 0.010839 
 0.455786 -0.093744 -0.049888 
 0.129147 0.459038 -0.233800 
 0.465435 -0.206770 -0.045750 
 -0.044742 0.727627 -0.112128 
 -0.120093 -0.234451 0.055143 
 -0.371805 -0.218390 -0.190448 
 0.430837 -0.303581 -0.040150 
 -0.396180 -0.653092 0.044031 
 -0.228986 -0.795895 0.032263 
 -0.296304 -0.447750 0.021203 
 -0.489537 -0.136036 -0.136814 
 -0.083946 -0.677454 0.012171 
 -0.379425 -0.112433 -0.180576 
 -0.030632 0.862651 0.111659 
 0.165613 0.657234 -0.092618 
 -0.486407 -0.618336 0.049653 
 -0.501896 -0.019750 -0.092295 
 -0.242532 -0.545351 -0.011774 
 0.098788 0.494219 -0.144724 
 0.513948 -0.050215 -0.028622 
 -0.417727 -0.180637 -0.179835 
 0.119369 0.814208 0.104204 
 -0.507863 -0.182880 -0.139180 
 -0.040623 0.148055 0.082992 
 -0.251140 0.744305 0.080326 
 0.338620 0.018587 -0.015738 
 0.441788 0.487933 0.066953 
 0.001119 0.642115 -0.095025 
 0.402985 0.494305 -0.044384 
 -0.329112 0.553859 -0.045040 
 -0.243356 0.470656 -0.024408 
 -0.213973 0.757865 0.119545 
 0.461744 -0.158897 -0.058384 
 0.338188 0.414794 -0.234902 
 0.281458 -0.050947 -0.030624 
 -0.557459 -0.339379 -0.033350 
 -0.413257 -0.023935 -0.118537 
 0.512843 -0.030556 -0.021202 
 0.122162 0.057283 -0.000762 
 -0.059875 0.638008 -0.098861 
 0.275735 0.012975 -0.021393 
 0.319080 -0.491372 -0.057911 
 -0.176494 -0.592388 0.006306 
 0.234023 0.419281 -0.210177 
 0.182057 0.503807 -0.150429 
 -0.489919 -0.107981 -0.156515 
 0.029948 -0.264033 0.116866 
 -0.074525 0.066082 0.050199 
 0.364324 0.503831 -0.090122 
 0.459993 -0.647014 -0.030631 
 0.057059 0.734187 -0.101932 
 -0.194591 0.637052 0.012587 
 0.025911 0.604814 -0.107450 
 -0.326478 0.515157 -0.060653 
 0.291020 -0.158839 -0.040525 
 0.111641 -0.144211 0.060373 
 0.125787 0.759806 0.068764 
 -0.326883 -0.721743 0.054266 
 0.515627 -0.307940 -0.003676 
 -0.236479 -0.403255 0.043462 
 -0.048561 0.765717 -0.097714 
 -0.283671 -0.566571 -0.023650 
 0.499961 -0.647961 0.036044 
 0.485628 -0.768317 0.095051 
 -0.157124 -0.570251 0.015119 
 -0.419589 -0.476455 0.001396 
 -0.309124 -0.046659 -0.088240 
 -0.263736 0.495949 -0.046884 
 0.220737 0.128119 0.018284 
 -0.100706 0.608187 -0.084606 
 -0.261260 0.790383 0.144406 
 0.113309 -0.673778 -0.003743 
 -0.193038 0.258712 0.037754 
 0.278316 0.383819 -0.222106 
 0.296759 0.249459 0.009875 
 -0.386094 -0.018536 0.009533 
 -0.595822 -0.252627 -0.095998 
 -0.273523 0.777193 0.278102 
 -0.032038 -0.552604 0.063462 
 -0.040817 -0.144000 0.080128 
 0.232603 -0.512912 -0.025641 
 0.107883 0.208533 0.009910 
 0.034614 0.028987 0.059328 
 -0.032163 0.779450 -0.060436 
 -0.222414 0.497326 -0.042746 
 -0.536201 -0.286977 -0.043140 
 0.463133 0.251760 0.052908 
 0.131007 -0.601331 -0.005630 
 -0.377884 0.609148 -0.027692 
 0.160825 -0.779083 0.036943 
 0.174140 -0.077761 0.013497 
 -0.238344 -0.353022 0.031618 
 0.342892 -0.801115 -0.035455 
 -0.154454 0.276334 0.063166 
 0.140405 0.102844 0.002467 
 -0.197074 -0.015655 0.055895 
 0.113451 -0.400408 0.008583 
 -0.622483 -0.566202 0.060901 
 0.240870 0.689195 -0.027977 
 -0.304657 0.493112 -0.051023 
 0.174548 0.193127 0.008840 
 -0.248770 0.723646 0.072993 
 0.300384 -0.029631 -0.021514 
 0.067386 0.234096 -0.014806 
 -0.115134 0.521804 -0.086976 
 0.140833 0.500987 -0.154519 
 -0.439503 -0.687009 0.056952 
 -0.261501 -0.304353 0.017561 
 -0.482995 0.001748 -0.083660 
 0.150633 -0.619990 -0.011068 
 -0.042547 0.681593 -0.097534 
 0.369537 -0.325260 -0.053130 
 -0.108993 -0.394645 0.056338 
 -0.254032 -0.073297 -0.187845 
 0.157236 0.540852 -0.138021 
 -0.423359 -0.142994 -0.165034 
 -0.090789 0.261418 0.062043 
 -0.100706 0.608187 -0.084746 
 -0.165423 0.399130 0.093892 
 0.411057 -0.556162 -0.045033 
 0.092177 0.737483 -0.020581 
 0.451436 0.426671 -0.020408 
 -0.012611 0.776533 -0.044373 
 0.396561 0.099240 -0.042164 
 -0.166928 0.841573 0.233187 
 0.237879 -0.583522 -0.021967 
 0.117724 0.514165 -0.135440 
 -0.022381 0.709212 -0.117296 
 0.341398 0.368816 -0.221132 
 0.502531 0.076880 -0.011644 
 0.140529 0.690356 -0.066221 
 0.273317 -0.775556 -0.002364 
 0.361299 0.262354 -0.012845 
 0.125128 0.305545 -0.013877 
 0.051502 0.765014 -0.057314 
 0.037283 0.274156 0.060392 
 0.026265 0.797971 -0.033042 
 0.340680 -0.002471 -0.023328 
 0.329363 -0.350281 -0.065180 
 -0.529808 -0.213265 -0.122722 
 0.238636 0.701239 0.007304 
 0.155532 0.722150 -0.021678 
 0.266362 -0.394772 -0.024581 
 -0.417831 -0.685557 0.062106 
 -0.647433 -0.101960 -0.088567 
 0.319564 0.617485 0.182991 
 0.033508 -0.505580 0.023708 
 -0.127188 0.190765 0.062595 
 0.393511 0.327926 -0.000449 
 0.326287 -0.330469 -0.057362 
 0.065859 0.870410 0.199820 
 -0.145505 0.757833 0.062676 
 0.359368 -0.213817 -0.056548 
 0.394160 -0.117615 -0.063478 
 -0.042475 -0.094623 0.068036 
 0.431531 -0.303581 -0.039305 
 -0.259593 -0.354262 0.029478 
 -0.079939 -0.453493 0.037871 
 -0.154454 0.276885 0.061582 
 -0.340915 -0.315107 -0.040279 
 0.152049 -0.112138 0.044853 
 0.389282 0.157266 -0.020021 
 0.071917 0.766381 -0.057915 
 0.004166 -0.458013 0.071682 
 -0.085102 0.193584 0.067136 
 0.027770 -0.204465 0.077634 
 -0.514776 -0.423395 0.015565 
 -0.105846 0.673613 -0.090790 
 0.364788 0.574761 0.200416 
 -0.600069 -0.109766 -0.120671 
 -0.561659 -0.014799 -0.125794 
 -0.371423 -0.640958 0.019454 
 -0.270667 -0.486452 0.008833 
 0.040795 -0.394698 0.097470 
 0.184741 0.743639 0.144656 
 -0.026382 0.748975 -0.102882 
 0.358378 0.667121 0.173977 
 -0.227596 -0.483633 0.013125 
 -0.212391 -0.711738 0.004041 
 0.360673 -0.243443 -0.036812 
 0.045203 0.629624 -0.112113 
 -0.238984 -0.383161 0.051047 
 0.224306 0.676349 -0.065461 
 -0.337376 0.611912 -0.023128 
 0.008241 -0.264539 0.114720 
 -0.384857 0.180414 0.086428 
 0.229288 -0.227627 0.006233 
 0.090217 -0.381536 0.013993 
 -0.644537 -0.172260 -0.083851 
 -0.404453 -0.404560 -0.000635 
 0.082866 0.454196 -0.161243 
 -0.000552 -0.387469 0.066718 
 -0.322897 -0.791127 0.057889 
 0.384871 -0.509193 -0.059047 
 -0.280508 0.674112 0.004983 
 -0.379500 0.123728 0.063994 
 0.469053 0.193124 0.030707 
 0.254631 -0.266747 -0.006640 
 -0.487477 -0.156925 -0.143490 
 0.501845 -0.399041 -0.008015 
 -0.470242 0.097417 0.110309 
 0.364636 0.503831 -0.090266 
 -0.298676 0.680416 -0.024987 
 -0.531990 -0.464083 -0.001750 
 0.404409 0.494818 -0.044384 
 0.005720 0.111308 0.072493 
 0.555653 -0.052129 -0.010725 
 -0.458609 0.357197 0.070884 
 -0.098889 -0.272643 0.105331 
 -0.501896 -0.019315 -0.093097 
 0.048362 0.587339 -0.110912 
 -0.122791 -0.456363 0.032368 
 0.221771 0.687822 -0.030030 
 0.375589 0.326535 -0.002529 
 -0.112881 0.391933 -0.014253 
 -0.409148 -0.063165 -0.134281 
 0.118078 0.708153 -0.061032 
 -0.314773 0.047629 0.102324 
 -0.125828 0.664483 -0.064929 
 0.081948 0.668737 -0.093571 
 -0.334578 -0.462096 -0.016909 
 -0.455333 0.235606 0.103901 
 0.374000 -0.119927 -0.065577 
 0.181973 -0.709834 -0.013007 
 -0.138003 0.037480 0.049879 
 -0.539245 -0.353020 0.009217 
 -0.644475 -0.460097 0.021955 
 -0.136741 0.037270 0.049879 
 0.076696 -0.261585 0.059267 
 0.283778 0.664553 -0.003129 
 0.542353 -0.671925 0.104692 
 -0.113114 0.502645 -0.095219 
 -0.455135 0.288035 0.076145 
 -0.187049 -0.491107 0.043275 
 0.504892 0.028419 0.001058 
 -0.296304 -0.448956 0.021856 
 0.433541 0.160059 -0.015844 
 0.011393 0.307816 0.086657 
 -0.296643 0.779155 0.090183 
 -0.094678 -0.310998 0.088821 
 0.097721 0.066711 0.031558 
 -0.407947 0.004937 0.001252 
 -0.140988 -0.211028 0.046743 
 0.249093 0.729250 0.143545 
 -0.365544 0.206005 0.082274 
 -0.599631 -0.478153 0.018655 
 0.616773 -0.261120 0.021959 
 -0.190155 0.602235 -0.017077 
 0.207882 0.636636 -0.083461 
 0.059351 0.715251 -0.109139 
 0.020616 0.880720 0.231224 
 -0.553277 0.056512 -0.066814 
 0.076452 -0.261585 0.059267 
 -0.258444 -0.374497 0.021913 
 -0.453794 -0.075482 -0.110085 
 0.340470 0.618885 0.184303 
 -0.571895 -0.216306 -0.126938 
 -0.275077 0.592763 -0.010317 
 -0.120330 0.606815 -0.086695 
 0.358298 0.628385 0.236695 
 0.046353 0.606602 -0.105402 
 -0.468216 0.513612 -0.101812 
 0.158608 0.518848 -0.131345 
 0.523167 0.262819 0.108147 
 -0.408930 0.198812 0.092211 
 0.447645 0.465425 -0.005781 
 -0.224101 0.331720 0.079148 
 0.579820 -0.560618 0.012970 
 0.059515 -0.342975 0.088581 
 0.240203 -0.092215 0.012368 
 0.136157 0.535301 -0.126425 
 -0.110061 0.459846 -0.096450 
 -0.385994 0.687203 0.001954 
 0.000218 -0.656851 0.040902 
 -0.217669 -0.351591 0.033759 
 0.066926 -0.127341 0.063636 
 -0.171318 0.236111 0.047480 
 -0.305845 0.517493 -0.057581 
 0.160370 -0.200633 0.042077 
 0.205978 -0.765187 0.014543 
 0.296554 0.557381 -0.074659 
 0.231593 0.438376 -0.204374 
 0.370250 0.164509 -0.049654 
 -0.112791 0.725318 -0.041110 
 0.340486 -0.244857 -0.039582 
 -0.075751 0.085869 0.057467 
 -0.275735 -0.798798 0.027922 
 -0.056392 0.081243 0.073298 
 0.311927 -0.157430 -0.038314 
 -0.160276 0.558408 -0.077512 
 0.554675 0.165804 0.072852 
 0.111698 0.572275 -0.113365 
 -0.644475 -0.460885 0.022218 
 0.038313 -0.575698 0.027821 
 -0.124487 0.171029 0.055618 
 0.211187 -0.278127 0.015851 
 0.375036 0.326535 -0.002209 
 -0.390910 -0.071274 -0.104057 
 -0.512273 -0.579236 0.066141 
 -0.466516 -0.155521 -0.142378 
 0.107968 0.228140 0.017311 
 -0.028175 0.256228 0.095951 
 -0.486512 0.016774 -0.061334 
 -0.510136 0.058834 -0.062615 
 0.174081 0.193127 0.008792 
 0.021745 -0.144489 0.100270 
 -0.621906 -0.429088 0.002580 
 0.519355 0.117496 0.005293 
 0.120099 0.076279 0.006668 
 -0.146818 0.614125 -0.039697 
 -0.208081 0.788676 0.254771 
 -0.349289 0.246992 0.099323 
 0.523373 0.262148 0.108147 
 0.231198 -0.227064 0.006233 
 -0.276980 -0.747373 0.016596 
 0.394694 -0.619219 -0.069773 
 0.357376 0.076248 -0.053723 
 -0.375209 0.331984 0.099473 
 0.113451 -0.400100 0.008516 
 0.498019 -0.348977 -0.020791 
 -0.473755 -0.419042 0.019857 
 0.538054 -0.338017 0.018100 
 -0.215966 0.635875 0.010518 
 0.551362 -0.237040 -0.004176 
 -0.071029 -0.007143 0.067413 
 -0.110061 0.460449 -0.095911 
 0.379240 0.629791 0.236746 
 0.228414 -0.472928 -0.011087 
 -0.053479 0.525372 -0.081769 
 -0.096602 0.542196 -0.078611 
 0.507522 -0.204490 -0.041795 
 0.473371 -0.556689 -0.025168 
 -0.557550 -0.053360 -0.140232 
 0.105072 -0.321270 0.038765 
 -0.096677 0.569742 -0.099460 
 0.004044 -0.727522 0.044743 
 0.087157 -0.096531 0.045986 
 -0.600985 -0.322051 -0.030078 
 -0.240215 0.764907 0.166295 
 0.139792 -0.468989 0.014837 
 0.132673 -0.378680 0.018323 
 0.224970 0.649377 -0.044541 
 0.040156 -0.098363 0.105113 
 -0.148266 0.217832 0.040314 
 -0.341418 -0.069020 -0.161636 
 0.201618 0.133192 -0.011316 
 0.097048 0.097603 0.011995 
 0.420100 0.521527 0.014090 
 0.410687 0.417106 -0.073521 
 0.113595 0.846063 0.147003 
 0.307280 -0.608587 -0.057339 
 0.229288 -0.227064 0.005640 
 -0.435243 -0.727659 0.043978 
 -0.076050 0.545788 -0.076553 
 0.519318 -0.637066 0.071647 
 0.069997 -0.473842 0.070142 
 -0.183539 -0.153608 0.003414 
 0.521093 0.090104 0.025417 
 0.231931 0.438376 -0.202970 
 -0.149185 -0.417609 0.044462 
 -0.436861 0.357030 0.072986 
 -0.112813 0.750299 -0.061346 
 -0.167749 -0.439139 0.034791 
 0.078693 -0.281577 0.051721 
 0.366487 -0.288014 -0.038174 
 -0.118304 -0.264261 0.074721 
 -0.244627 0.050217 0.046778 
 -0.205962 0.097176 0.052256 
 -0.445441 -0.538959 0.039437 
 0.523373 0.262819 0.108244 
 -0.311414 -0.509468 -0.002315 
 0.521006 -0.407843 0.020512 
 0.381910 -0.487235 -0.051530 
 0.318632 -0.008541 -0.011561 
 0.420866 -0.160391 -0.062588 
 0.224908 -0.666401 -0.054176 
 0.206672 0.067054 -0.006075 
 0.189715 0.744601 0.066890 
 0.406103 -0.516230 -0.029961 
 -0.529808 -0.214410 -0.122722 
 -0.473811 0.108434 0.145235 
 0.447716 -0.785767 0.009658 
 -0.066881 0.443303 -0.099416 
 0.336339 -0.204928 -0.023989 
 0.268046 -0.150162 -0.007923 
 0.093625 0.139498 0.013108 
 0.025911 0.605141 -0.107291 
 -0.252373 0.778602 0.280210 
 -0.394973 0.031168 0.060508 
 0.157236 0.539038 -0.138021 
 -0.498332 -0.410522 0.052166 
 0.366163 0.205120 -0.034930 
 0.014187 -0.528129 0.010256 
 0.065800 -0.362972 0.019404 
 0.327714 -0.087278 -0.041279 
 -0.201754 0.499338 -0.040676 
 -0.325033 -0.771985 0.064792 
 -0.395445 0.283739 0.110034 
 0.220763 -0.625039 -0.039046 
 -0.025161 0.450214 -0.108810 
 0.112527 0.160416 0.023441 
 -0.360288 0.676281 -0.031171 
 0.052576 -0.252358 0.091845 
 0.420100 0.521855 0.014090 
 0.123085 0.776062 0.089577 
 -0.278864 -0.375928 0.019022 
 0.151168 0.211334 0.014098 
 -0.323701 -0.191050 -0.253526 
 0.368207 0.183891 -0.042292 
 -0.195588 -0.119282 -0.294471 
 0.033114 0.851000 0.096478 
 0.282721 -0.600632 -0.025060 
 -0.402899 -0.505495 0.022810 
 0.347677 -0.339153 -0.026703 
 -0.184938 -0.511997 0.036721 
 0.409216 0.179238 -0.010551 
 0.585491 -0.139106 -0.012423 
 -0.039587 -0.169198 0.086320 
 -0.346428 -0.058794 -0.127056 
 -0.158324 0.296569 0.070596 
 -0.029235 0.373813 0.001194 
 -0.406771 0.003898 0.001252 
 -0.340826 0.404846 -0.056780 
 0.524476 -0.443222 0.053812 
 0.358738 -0.728251 -0.037260 
 -0.202744 0.779950 0.208427 
 0.512491 -0.030556 -0.020895 
 -0.342700 0.670999 -0.001217 
 -0.535179 -0.530245 0.050132 
 0.096887 -0.783733 0.030447 
 -0.348052 0.703408 0.027356 
 0.089765 -0.691518 0.033545 
 -0.144132 0.822898 0.227881 
 0.361584 -0.243443 -0.038229 
 -0.271141 -0.466409 0.016418 
 -0.690218 -0.105263 -0.092783 
 0.061904 -0.596953 0.022368 
 0.084104 -0.624345 0.043755 
 -0.118569 -0.232725 0.055143 
 0.366563 0.553587 0.192996 
 0.427379 0.476384 -0.049607 
 0.297045 0.538158 -0.081914 
 -0.153477 0.762039 0.126076 
 -0.297925 0.634027 -0.011691 
 -0.662601 -0.217247 -0.087390 
 0.068202 -0.693590 0.032116 
 -0.432301 0.111286 0.149499 
 0.455019 0.139727 -0.021137 
 0.485628 -0.768317 0.096657 
 -0.433823 -0.758885 0.062390 
 -0.361671 -0.288123 -0.060661 
 0.162002 -0.779083 0.036943 
 -0.125371 -0.436268 0.039024 
 0.000717 0.207564 0.048163 
 -0.486484 -0.261108 -0.106400 
 0.330181 0.451957 -0.143910 
 0.276398 0.383819 -0.220513 
 -0.643484 -0.325116 -0.034343 
 -0.189783 -0.095840 0.025906 
 0.371611 0.136313 -0.028358 
 0.457618 -0.114885 -0.043525 
 -0.018889 -0.408998 0.057338 
 -0.667317 -0.179347 -0.072434 
 0.556374 -0.052129 -0.011789 
 -0.667317 -0.175701 -0.072434 
 -0.191865 -0.074875 0.033403 
 0.016339 0.731864 -0.106010 
 0.018769 -0.365939 0.076337 
 0.206642 -0.796461 0.033621 
 -0.432198 0.111286 0.149499 
 -0.390645 -0.807636 0.077982 
 0.215400 0.225969 -0.007204 
 -0.045829 -0.603348 0.011611 
 -0.652746 0.008493 -0.092151 
 0.222219 0.108460 0.010864 
 0.448985 0.465425 -0.005781 
 -0.211065 0.596915 -0.004109 
 0.210362 0.290618 -0.012702 
 -0.519813 -0.411556 0.050071 
 -0.207297 -0.462103 0.022855 
 -0.454036 -0.347391 0.017778 
 0.107454 0.873972 0.202767 
 -0.116274 -0.547228 0.027840 
 0.413891 -0.596095 -0.061062 
 -0.446286 -0.457795 0.006854 
 -0.213973 0.759315 0.119835 
 -0.271798 0.108239 0.066220 
 -0.027104 -0.348715 0.080091 
 0.451963 -0.302166 -0.037325 
 -0.066881 0.443386 -0.099074 
 0.335395 0.426100 -0.200140 
 -0.073252 -0.313712 0.090967 
 0.038490 -0.011705 0.044372 
 0.049714 -0.232766 0.099410 
 -0.044771 0.425381 -0.104297 
 -0.222414 0.500084 -0.042746 
 -0.264703 -0.526692 -0.006335 
 -0.124897 -0.436268 0.039118 
 0.499961 -0.647961 0.035227 
 -0.358150 0.629881 -0.017891 
 0.298805 0.538158 -0.082688 
 0.319470 0.644772 0.162419 
 0.338620 0.015823 -0.015738 
 0.382141 0.516293 -0.053247 
 0.344889 -0.565748 -0.037978 
 0.318332 0.645709 0.162419 
 0.181394 0.753728 0.194175 
 0.109554 -0.124497 0.067030 
 -0.577922 -0.478367 0.020806 
 -0.047151 0.234752 0.086395 
 -0.367040 0.488960 -0.056797 
 -0.188181 0.193856 0.029244 
 0.056872 0.483237 -0.120907 
 -0.045349 -0.074708 0.075561 
 -0.524500 -0.692815 0.050073 
 -0.327783 -0.151167 -0.239165 
 0.141141 0.690043 -0.066221 
 -0.205260 0.097176 0.053269 
 -0.072993 0.775956 -0.064566 
 -0.583682 -0.044287 -0.108112 
 -0.073365 0.042275 0.056227 
 0.403318 -0.776029 -0.021397 
 -0.077534 -0.503861 0.047478 
 -0.603472 -0.016946 -0.128209 
 0.452286 -0.553310 -0.038904 
 -0.373828 0.571355 -0.041869 
 -0.142197 0.101416 0.058596 
 0.001465 -0.677073 0.033270 
 -0.304971 -0.687847 0.036329 
 0.513263 -0.278833 -0.023363 
 0.502560 -0.135084 -0.046750 
 0.486095 0.234479 0.047602 
 0.373405 -0.617977 -0.071905 
 -0.147840 0.612866 -0.039697 
 0.367461 -0.307478 -0.045652 
 -0.439374 -0.213093 -0.162934 
 -0.577409 -0.583580 0.057318 
 0.264338 0.139906 -0.004928 
 0.022980 -0.406128 0.060858 
 0.528677 -0.483309 0.038838 
 0.128189 0.257842 -0.000796 
 0.514551 -0.050215 -0.029820 
 0.029911 -0.768514 0.031604 
 -0.577502 -0.103565 -0.130929 
 0.504613 0.246068 0.083130 
 0.418700 -0.140707 -0.055159 
 0.089505 0.178671 0.028227 
 -0.512670 -0.442007 0.008049 
 0.182766 0.113822 -0.020810 
 0.125067 -0.025890 0.045358 
 -0.539998 -0.353020 0.009217 
 0.569793 -0.767799 0.179681 
 -0.297603 0.199224 0.054060 
 0.316993 -0.471587 -0.049190 
 -0.338389 -0.390036 -0.021161 
 -0.060210 -0.732741 0.038247 
 0.136468 0.797345 0.176622 
 0.405118 0.217331 0.003983 
 -0.512013 -0.276717 -0.067841 
 0.357756 0.408369 -0.205642 
 0.429032 0.457084 -0.056495 
 -0.580163 -0.377117 -0.002629 
 -0.015291 -0.248255 0.120158 
 0.089874 -0.175376 0.077966 
 -0.322478 -0.191050 -0.253869 
 -0.075946 0.791533 -0.043279 
 0.048686 0.204332 0.003629 
 -0.390810 -0.008559 0.045714 
 -0.414569 0.339532 0.067659 
 0.386829 -0.281472 -0.049635 
 0.059385 -0.545354 0.010685 
 0.357756 0.408369 -0.206250 
 0.323745 -0.310656 -0.049884 
 -0.394462 0.570295 -0.043936 
 0.423167 -0.464475 -0.040786 
 0.331639 0.617795 -0.048787 
 0.287646 -0.110302 -0.052912 
 -0.357738 0.122392 0.066110 
 0.334822 -0.419334 -0.060254 
 0.467314 0.021584 -0.065424 
 0.339406 0.017187 -0.015738 
 -0.441048 -0.635714 0.047036 
 -0.316970 0.149709 0.064096 
 -0.242550 0.001372 0.061114 
 0.270923 -0.693192 -0.030675 
 -0.194289 0.754753 0.135932 
 0.548208 -0.765418 0.164078 
 -0.264071 0.468719 -0.026483 
 0.423348 -0.209589 -0.049863 
 0.434650 -0.085580 -0.079182 
 -0.240775 -0.302994 0.019696 
 0.070014 0.186125 -0.001337 
 0.354737 -0.145924 -0.061465 
 -0.032876 -0.490214 0.024854 
 -0.231133 0.808394 0.261661 
 -0.087095 0.717150 -0.088249 
 0.399485 -0.704676 -0.026244 
 0.421280 -0.191068 -0.042776 
 0.367610 0.473676 -0.132579 
 -0.160623 0.080216 0.049014 
 0.083954 0.652088 -0.100797 
 0.375083 0.416161 -0.153924 
 0.231593 0.438376 -0.202215 
 0.401020 0.256443 0.019730 
 0.028216 0.585970 -0.114686 
 0.109773 0.208533 0.010853 
 0.104369 0.652873 -0.099244 
 0.170486 -0.578022 0.006247 
 -0.085383 0.700033 -0.095475 
 -0.234938 -0.692960 0.009514 
 0.201618 0.135705 -0.011907 
 -0.055504 0.792661 -0.041231 
 -0.476596 0.128400 0.152770 
 -0.086256 -0.393210 0.058085 
 0.070719 -0.474963 0.070142 
 -0.231301 -0.117810 0.014166 
 0.167775 -0.280971 0.012011 
 0.514965 -0.575499 0.032998 
 -0.094886 0.770840 -0.052562 
 -0.390675 0.220039 0.101384 
 0.026265 0.799399 -0.033042 
 0.219935 0.522027 -0.125203 
 -0.045260 -0.370245 0.070360 
 -0.174065 -0.378856 0.058170 
 -0.508778 -0.649628 0.067587 
 -0.574955 -0.147729 -0.132188 
 0.152391 0.733818 0.012806 
 0.370636 -0.598947 -0.064369 
 -0.402457 -0.505495 0.022810 
 -0.009132 0.286726 0.077881 
 -0.126114 -0.119626 0.052012 
 0.465018 -0.742377 0.027498 
 0.323135 -0.290314 -0.042406 
 0.231024 -0.487705 -0.029970 
 -0.200117 0.034649 0.043532 
 -0.650686 -0.009133 -0.099571 
 -0.166497 -0.142224 0.040242 
 0.336019 0.426100 -0.199981 
 0.090040 -0.381207 0.013993 
 0.466920 0.024563 -0.065424 
 -0.483483 -0.220843 -0.152981 
 0.301218 0.374701 -0.253345 
 0.311245 0.617270 -0.050840 
 0.210536 0.023799 -0.007212 
 -0.061721 0.146642 0.082946 
 -0.639521 -0.501176 0.006748 
 0.004166 -0.456632 0.071291 
 0.296217 -0.227896 -0.036032 
 -0.057866 0.619347 -0.108403 
 0.032500 0.851033 0.096478 
 -0.104685 -0.149423 0.073848 
 -0.151552 0.257201 0.055737 
 0.090937 -0.691518 0.034276 
 -0.122364 -0.788637 0.043116 
 -0.051287 0.275345 0.101852 
 -0.423514 -0.506934 0.020659 
 0.324550 -0.562826 -0.053562 
 -0.466516 -0.157142 -0.142134 
 0.170486 -0.578564 0.006247 
 -0.278468 -0.726947 0.024248 
 -0.556789 -0.102161 -0.128272 
 0.535968 -0.316537 0.025830 
 -0.124655 -0.169670 0.064180 
 0.135037 0.819921 0.169904 
 0.013169 0.027572 0.057212 
 -0.439374 -0.211813 -0.162294 
 0.364402 -0.010646 -0.055862 
 0.218416 0.174495 0.005579 
 0.264799 -0.642219 -0.042330 
 -0.266456 -0.526116 -0.006335 
 0.637004 -0.496194 0.041588 
 0.197509 0.174358 0.003485 
 -0.122345 -0.189636 0.056644 
 -0.069091 -0.583950 0.017063 
 0.563624 -0.691943 0.162139 
 0.317315 -0.226483 -0.034030 
 0.303712 0.507911 -0.124140 
 0.206784 -0.228483 0.004112 
 0.055058 0.753034 -0.094725 
 -0.437119 0.057295 0.035213 
 0.424030 -0.209589 -0.050225 
 0.542353 -0.671925 0.107263 
 -0.011732 -0.499743 0.053932 
 -0.519845 -0.013563 -0.121606 
 -0.534096 -0.443363 0.005835 
 -0.074525 0.065918 0.049999 
 -0.434207 -0.810642 0.072291 
 0.184491 -0.766631 0.013735 
 0.618362 -0.517381 0.031883 
 -0.037407 0.108482 0.069161 
 -0.652746 0.011161 -0.092151 
 0.129147 0.459038 -0.231545 
 -0.334578 -0.460618 -0.016909 
 0.278212 -0.560615 -0.009930 
 0.021614 -0.650007 0.029661 
 0.020981 -0.144489 0.100270 
 -0.576031 -0.174957 -0.112040 
 0.271308 0.586507 -0.034286 
 0.020663 -0.629848 0.037284 
 -0.308512 -0.012116 0.080257 
 0.404409 0.494272 -0.044384 
 0.019498 -0.629848 0.037862 
 0.220563 -0.387737 0.005733 
 0.300743 -0.548612 -0.034207 
 0.081490 0.322264 -0.009908 
 -0.094678 -0.313819 0.088821 
 -0.645656 -0.306772 -0.026807 
 0.023768 0.647403 -0.106931 
 -0.474316 0.068126 -0.010008 
 -0.176451 0.299710 0.054693 
 0.257830 -0.315112 0.004984 
 0.216256 0.398823 -0.219423 
 0.324550 -0.561581 -0.053562 
 -0.030770 -0.510905 0.016188 
 -0.141966 0.101416 0.059261 
 -0.312414 -0.031032 -0.066455 
 -0.539521 -0.353379 0.009217 
 0.614162 -0.477583 0.047458 
 -0.120664 -0.214460 0.065382 
 0.022804 -0.174068 0.121141 
 -0.169255 0.218228 0.038776 
 0.481624 0.074485 -0.013696 
 0.492138 -0.281240 -0.025479 
 0.149060 -0.579802 0.002917 
 -0.088361 -0.373115 0.066982 
 -0.191295 0.802566 0.294355 
 -0.199735 -0.310073 0.051029 
 -0.612883 0.032641 -0.081296 
 -0.550698 0.036853 -0.074234 
 -0.295350 0.614676 -0.019270 
 -0.311414 -0.511213 -0.003043 
 -0.066825 0.214729 0.076838 
 0.169686 0.453380 -0.201881 
 0.527498 0.223451 0.091721 
 -0.059647 0.125889 0.074516 
 -0.341819 -0.068974 -0.161636 
 -0.254032 -0.073403 -0.187475 
 0.453801 0.161456 -0.013756 
 0.264338 0.139906 -0.004896 
 -0.453016 -0.046358 -0.130293 
 -0.096783 -0.292192 0.096406 
 0.224496 -0.665125 -0.054176 
 -0.215551 -0.381726 0.053193 
 0.115974 0.116597 0.022135 
 -0.466253 -0.565845 0.042245 
 -0.121203 0.605399 -0.086695 
 0.169119 0.743219 0.065055 
 -0.108795 0.711956 -0.075487 
 -0.117153 0.541079 -0.078876 
 -0.024039 0.216914 0.081054 
 -0.236347 0.251577 0.046611 
 -0.035485 0.874905 0.148036 
 0.174140 -0.077042 0.013497 
 -0.176675 0.657813 0.022683 
 -0.330534 0.553859 -0.044700 
 -0.529715 -0.213810 -0.122722 
 -0.199510 -0.573129 0.011758 
 0.442337 -0.701658 -0.021092 
 0.350192 -0.081106 -0.052837 
 0.468630 -0.799359 0.051238 
 0.411328 -0.047766 -0.066475 
 -0.453016 -0.046358 -0.130090 
 0.484040 0.253347 0.055699 
 0.078232 0.065302 0.029893 
 0.170327 0.000537 -0.018846 
 0.114179 0.738627 -0.018528 
 -0.129478 -0.599518 -0.023797 
 -0.164207 0.709768 0.074278 
 -0.431119 0.022271 0.006340 
 -0.030770 -0.510905 0.017251 
 -0.500633 0.075802 0.022673 
 -0.419782 -0.161839 -0.172435 
 0.633436 -0.466776 0.083795 
 -0.002538 -0.602560 0.015914 
 -0.326883 -0.720401 0.054608 
 -0.385670 0.468200 -0.065958 
 0.167413 0.414628 -0.139817 
 0.172516 -0.598461 -0.001338 
 -0.143080 -0.191062 0.054496 
 0.467314 0.024563 -0.067044 
 -0.354475 -0.148641 -0.192166 
 0.569083 -0.460403 0.050296 
 -0.496747 -0.078290 -0.114554 
 -0.321658 0.454065 -0.067719 
 -0.589862 0.013868 -0.085853 
 0.247541 0.099291 -0.022015 
 0.050878 -0.734852 0.014343 
 0.354737 -0.144925 -0.062687 
 -0.577603 -0.341691 -0.035482 
 -0.045509 -0.369555 0.070360 
 0.194548 0.222920 -0.009745 
 -0.578456 -0.055217 -0.142689 
 0.153260 -0.109355 0.044853 
 -0.328506 0.533911 -0.052343 
 -0.254032 -0.073403 -0.186920 
 -0.540161 -0.353020 0.009217 
 0.352554 0.115360 -0.038960 
 0.444401 -0.463613 -0.037633 
 0.304085 -0.312071 -0.051529 
 0.152765 0.182883 0.034246 
 -0.609998 0.012983 -0.087952 
 0.156509 0.144286 0.019406 
 0.394982 -0.376043 -0.038895 
 0.066628 -0.363045 0.019404 
 0.056305 0.063892 0.027785 
 -0.454036 -0.347294 0.018674 
 -0.392348 -0.756723 0.066742 
 -0.313206 -0.459962 -0.014768 
 -0.131365 -0.344923 0.042321 
 0.298657 0.617277 0.180954 
 -0.120868 0.103267 0.060709 
 0.071258 -0.168571 0.048603 
 0.251650 0.061081 -0.036730 
 -0.310944 0.746393 0.046121 
 -0.438601 0.357030 0.072986 
 0.614162 -0.476760 0.047012 
 0.070128 0.862789 0.150186 
 -0.551258 -0.622805 0.044179 
 0.375115 0.669160 0.252369 
 0.253571 -0.245509 0.000857 
 -0.496884 -0.029551 -0.127776 
 0.427010 0.475137 -0.049607 
 0.285583 -0.090089 -0.045350 
 0.064048 0.650138 -0.102842 
 0.079565 -0.281577 0.051563 
 -0.644116 -0.197137 -0.077796 
 -0.186560 0.727809 0.079217 
 -0.228389 0.724250 0.075068 
 0.005807 0.575540 -0.088888 
 -0.252121 0.805548 0.257431 
 -0.350532 0.014895 0.056040 
 -0.487816 -0.567241 0.039186 
 0.585491 -0.137141 -0.011018 
 0.448727 -0.005750 -0.047486 
 -0.572876 -0.624128 0.041674 
 -0.361306 0.649232 -0.010143 
 0.474995 -0.577173 -0.032713 
 -0.379911 0.629137 -0.019958 
 -0.578456 -0.054063 -0.142689 
 -0.059224 0.591710 -0.087792 
 -0.062107 -0.145426 0.078935 
 0.060271 0.903194 0.244328 
 -0.103471 -0.434833 0.040398 
 -0.575000 -0.603423 0.049666 
 -0.237913 -0.672535 0.017146 
 0.272117 -0.743283 -0.019098 
 0.362341 0.008256 -0.048462 
 0.147172 0.384130 -0.121442 
 0.201855 0.694685 -0.060079 
 0.148895 -0.038489 0.026320 
 0.496595 -0.090936 -0.045561 
 0.199104 -0.389300 0.003600 
 -0.005202 0.730255 -0.108050 
 -0.420455 -0.246233 -0.126947 
 -0.578456 -0.054760 -0.142143 
 0.253578 0.554635 -0.078765 
 0.157482 -0.660406 -0.026237 
 0.091103 -0.175376 0.078880 
 0.479170 0.086140 0.021218 
 -0.124660 -0.705961 0.012679 
 0.054676 -0.273385 0.084280 
 -0.424478 0.011738 -0.028139 
 0.165364 -0.507644 0.002482 
 -0.558601 -0.082049 -0.120852 
 0.389417 -0.049160 -0.068569 
 -0.643564 -0.325116 -0.034582 
 -0.448854 0.098840 0.112436 
 -0.287438 0.351389 0.067238 
 -0.292366 -0.090871 -0.213162 
 0.384871 -0.508964 -0.059047 
 -0.436649 0.057295 0.035106 
 0.061533 0.670297 -0.095615 
 0.227633 0.069574 -0.003975 
 -0.110946 0.260012 0.059941 
 0.007794 0.091309 0.065919 
 -0.599280 -0.585028 0.055153 
 -0.182089 0.078803 0.047394 
 -0.141966 0.101007 0.058596 
 0.110603 0.180075 0.030047 
 0.168083 0.614726 -0.093118 
 0.032458 0.341584 0.055432 
 -0.319538 0.679038 -0.026532 
 0.118472 0.077228 0.006668 
 0.270161 0.432692 -0.171156 
 0.102943 0.295557 0.011292 
 0.477515 0.114695 0.000988 
 0.300790 0.596477 0.173553 
 -0.111140 -0.059060 0.076192 
 -0.195479 -0.350159 0.036238 
 0.371065 0.454177 -0.139815 
 -0.379903 -0.473718 0.005688 
 -0.112791 0.722069 -0.041110 
 -0.458437 0.079028 0.026899 
 -0.025186 0.915997 0.241809 
 0.204084 0.486028 -0.154790 
 -0.030694 0.924956 0.305703 
 -0.243356 0.469695 -0.023555 
 0.002527 0.595829 -0.081633 
 0.414192 0.397806 -0.080806 
 -0.052824 0.525934 -0.081769 
 0.311080 0.616422 -0.050840 
 -0.576119 -0.177158 -0.112040 
 -0.086350 -0.626371 -0.002125 
 0.089294 -0.691518 0.034276 
 0.163254 0.483293 -0.160723 
 -0.365468 -0.046868 0.032851 
 -0.080745 0.126145 0.072403 
 0.151393 -0.063000 0.032518 
 -0.350030 0.295653 0.086683 
 0.332252 0.696318 0.214744 
 -0.449254 0.030064 -0.022798 
 0.030332 0.539533 -0.100622 
 0.116994 0.835232 0.111517 
 -0.104042 -0.736040 0.033917 
 0.011136 0.047385 0.064074 
 0.418805 -0.683146 -0.014097 
 0.242855 -0.376279 -0.018944 
 0.040831 0.882241 0.233312 
 -0.643564 -0.325116 -0.034420 
 -0.152737 -0.347296 0.040841 
 -0.322587 -0.161712 -0.273581 
 0.514551 -0.050215 -0.026871 
 0.406731 0.479385 -0.065584 
 -0.578382 -0.476714 0.020806 
 -0.382404 0.401699 -0.060930 
 0.323280 0.201053 -0.039096 
 -0.395689 -0.653933 0.044031 
 0.059145 -0.545354 0.012912 
 -0.076599 0.086151 0.057467 
 0.483483 0.272954 0.062403 
 -0.036719 -0.218449 0.098413 
 0.304933 -0.588252 -0.049793 
 0.390510 -0.577424 -0.054701 
 0.005274 -0.185901 0.083044 
 0.317502 0.250856 0.010619 
 0.319080 -0.491780 -0.057911 
 0.334005 0.094407 -0.047545 
 -0.373402 -0.671917 0.038544 
 0.041540 0.830623 0.011590 
 -0.537639 -0.081454 -0.118753 
 0.257830 -0.313033 0.005485 
 -0.407831 0.490278 -0.075217 
 0.000851 0.207989 0.048163 
 -0.133666 0.501154 -0.097649 
 0.169598 0.260635 0.003149 
 -0.203187 0.078404 0.044788 
 -0.511627 -0.089774 -0.150892 
 -0.168279 0.748624 0.087711 
 0.473340 -0.043564 -0.060193 
 -0.134528 0.301677 0.058892 
 -0.456547 0.335940 0.062946 
 0.410771 0.440390 -0.080134 
 -0.139268 0.558976 -0.075453 
 -0.233746 -0.746299 0.020927 
 0.393615 -0.617487 -0.069773 
 0.612010 -0.468568 0.081649 
 0.535968 -0.315283 0.025617 
 -0.115134 0.521804 -0.087145 
 0.111934 0.180075 0.030047 
 -0.233921 0.430142 0.116549 
 -0.030694 0.922891 0.305242 
 -0.408930 0.198812 0.090684 
 0.362484 -0.263230 -0.044280 
 -0.058143 -0.249315 0.115866 
 -0.085488 -0.128292 0.083516 
 -0.655760 0.029833 -0.084731 
 -0.111816 0.279697 0.067371 
 -0.625605 -0.047397 -0.114313 
 0.306919 -0.361854 -0.039883 
 0.242855 -0.376279 -0.017939 
 -0.082220 -0.171620 0.081654 
 0.196148 -0.369334 0.011136 
 -0.371228 -0.189150 -0.209335 
 -0.018260 0.644668 -0.111021 
 0.426212 0.021770 -0.069601 
 0.151587 0.211334 0.015298 
 0.077936 0.708943 -0.079537 
 0.390502 0.542082 0.159728 
 -0.008337 0.490139 -0.093100 
 -0.009801 -0.307092 0.097405 
 -0.052240 0.043140 0.058596 
 -0.499666 -0.359990 0.040464 
 0.313034 0.443831 -0.194375 
 0.107454 0.876256 0.203986 
 -0.537639 -0.081099 -0.121230 
 0.517303 0.326107 0.116554 
 -0.476457 -0.751172 0.031400 
 -0.526190 -0.693140 0.050073 
 -0.354646 0.073733 0.078532 
 -0.229070 0.789595 0.254232 
 0.056519 -0.292895 0.076715 
 0.379841 -0.467320 -0.044014 
 -0.412426 -0.809183 0.076556 
 -0.267288 0.729784 0.042946 
 -0.307684 -0.012116 0.080097 
 -0.573399 -0.147729 -0.131671 
 0.125236 -0.293747 0.034883 
 0.018043 -0.365939 0.076798 
 0.528046 -0.182806 -0.032238 
 -0.581159 -0.405797 0.016711 
 0.090605 0.159012 0.020527 
 -0.507518 -0.128988 -0.166112 
 -0.234735 0.614908 0.001135 
 -0.329422 0.725632 0.037895 
 -0.015928 -0.781379 0.053969 
 0.102287 0.323657 -0.008515 
 -0.246466 -0.098764 -0.243283 
 0.377054 -0.675148 -0.046758 
 0.032346 0.520310 -0.108949 
 0.402387 0.513605 -0.035729 
 -0.407462 0.150350 0.105794 
 -0.456915 -0.729111 0.039628 
 -0.184317 0.098590 0.054370 
 -0.010120 0.306410 0.085311 
 0.048362 0.587339 -0.113418 
 0.348709 0.154753 -0.024198 
 0.026319 0.141425 0.055221 
 0.126790 0.635094 -0.105165 
 -0.350205 0.014142 0.056040 
 0.118078 0.707846 -0.061504 
 -0.507863 -0.183553 -0.140224 
 0.028260 0.886179 0.124478 
 0.155341 -0.132002 0.037708 
 0.481001 -0.390232 -0.039016 
 0.042772 0.454217 -0.179195 
 -0.115470 0.010668 0.071878 
 0.474894 -0.063172 -0.067594 
 0.090163 0.756477 -0.011670 
 -0.193946 -0.053896 0.040901 
 -0.137791 -0.256745 0.045462 
 0.163254 0.481550 -0.159700 
 0.380076 -0.467320 -0.044014 
 -0.368863 -0.806265 0.080386 
 -0.374042 -0.564493 0.002596 
 0.298757 -0.005503 -0.027356 
 -0.476928 0.258300 0.094113 
 0.282580 -0.343409 -0.034507 
 -0.092111 0.393325 -0.011699 
 -0.325033 -0.772505 0.065580 
 0.354737 -0.144925 -0.062064 
 -0.686366 -0.198849 -0.081360 
 0.134149 0.553553 -0.118921 
 0.219186 0.707045 -0.021697 
 0.412612 0.417106 -0.073521 
 -0.135644 -0.568462 0.018213 
 0.240317 -0.603565 -0.029341 
 0.363912 -0.263230 -0.044280 
 -0.449835 -0.387380 0.002558 
 0.469440 0.447432 -0.011025 
 -0.082220 -0.171890 0.082050 
 0.008388 -0.498304 0.055643 
 -0.201557 0.077390 0.044788 
 0.161739 -0.778548 0.036943 
 0.238636 0.700776 0.006649 
 0.261958 0.345135 -0.236966 
 -0.151283 -0.081820 0.064918 
 0.148957 0.741837 0.062988 
 -0.498332 -0.410522 0.052060 
 0.175622 -0.099549 0.019678 
 -0.304991 -0.056163 -0.122868 
 -0.309308 -0.528955 -0.010627 
 -0.158092 -0.570251 0.016061 
 0.544088 -0.406606 0.022645 
 0.500830 0.265727 0.092195 
 -0.444514 0.019586 -0.057520 
 -0.169854 -0.419044 0.042983 
 0.261215 0.663604 -0.005187 
 0.283778 0.664981 -0.003213 
 0.274315 0.421603 -0.206099 
 0.066279 -0.078086 0.051362 
 0.569793 -0.768891 0.179681 
 -0.523411 -0.391816 0.057675 
 -0.047004 0.235874 0.086395 
 -0.455333 0.238116 0.102514 
 0.550420 -0.501920 0.033026 
 0.197236 -0.607297 -0.033622 
 0.119622 -0.233849 0.057491 
 0.412498 0.417575 -0.073521 
 0.337135 0.664123 0.171889 
 0.295759 -0.473265 -0.052521 
 0.560346 -0.091498 -0.025584 
 0.459993 -0.648274 -0.030631 
 0.129151 0.746237 0.032865 
 0.581355 -0.099635 0.003334 
 0.081490 0.322264 -0.009867 
 -0.116474 -0.516987 0.008686 
 -0.386400 0.468200 -0.066613 
 0.333181 0.094407 -0.048430 
 -0.420316 0.069477 0.071570 
 -0.030770 -0.509348 0.017270 
 -0.361872 -0.286650 -0.060661 
 0.242907 0.508108 -0.144295 
 0.481986 0.272576 0.062403 
 -0.078308 0.619087 -0.110451 
 0.056776 -0.292895 0.076681 
 0.348828 -0.081106 -0.052837 
 0.356465 0.549448 -0.026653 
 -0.414618 0.548331 -0.053306 
 0.168869 0.024967 -0.025113 
 0.475466 -0.577173 -0.034564 
 0.515054 -0.050215 -0.028622 
 0.060087 0.824683 0.041320 
 -0.014982 0.776317 -0.044373 
 0.461463 -0.421331 -0.020473 
 -0.390810 -0.009928 0.044300 
 0.450921 0.181012 -0.005637 
 0.481001 -0.390150 -0.037907 
 -0.205045 0.154740 0.012283 
 -0.537639 -0.081459 -0.118753 
 -0.622906 -0.378789 -0.008055 
 0.016832 -0.579687 0.025669 
 -0.387381 0.180414 0.086428 
 0.526497 -0.182806 -0.032162 
 0.399485 -0.704580 -0.025384 
 -0.263379 0.690661 0.028319 
 0.372620 -0.089781 -0.085531 
 0.182766 0.114697 -0.020155 
 0.189565 0.290219 -0.015320 
 -0.263144 0.309224 0.067515 
 0.541317 -0.356367 0.010583 
 0.295944 -0.774114 0.002183 
 -0.030908 0.508036 -0.088274 
 -0.058513 -0.452057 0.038396 
 0.179051 0.518630 -0.129298 
 -0.207875 -0.813885 0.026762 
 -0.560366 -0.541585 0.074787 
 0.539874 0.105345 0.050302 
 0.493856 -0.309359 -0.004839 
 -0.353107 -0.030885 -0.085019 
 0.139792 -0.468228 0.015052 
 0.425970 0.218727 0.007903 
 -0.046742 0.746622 -0.104467 
 0.047492 -0.183045 0.087314 
 0.304933 -0.588596 -0.050264 
 0.343267 0.521681 -0.085064 
 -0.115616 0.037314 0.051995 
 0.090285 -0.381536 0.013993 
 0.062106 0.805011 0.034486 
 0.587316 -0.726998 0.197304 
 0.134743 -0.398672 0.010718 
 -0.020462 -0.142574 0.082377 
 0.177319 0.538039 -0.122062 
 -0.332145 -0.026474 -0.082919 
 -0.670544 -0.084118 -0.082781 
 0.361377 -0.747735 -0.044844 
 0.167464 -0.527687 -0.004375 
 0.354527 -0.688908 -0.022092 
 -0.538984 -0.322983 -0.010194 
 -0.160991 0.079627 0.049014 
 0.459660 -0.618585 -0.049940 
 -0.110307 -0.029844 0.056883 
 0.328172 0.469632 -0.136674 
 0.411266 0.159336 -0.017933 
 -0.091161 -0.353021 0.073653 
 0.001761 -0.142186 0.084509 
 -0.532770 -0.443442 0.005835 
 0.273772 -0.775556 0.000026 
 0.354527 -0.688996 -0.022092 
 0.574590 -0.040428 0.026227 
 0.227008 -0.685168 -0.061817 
 -0.193275 0.617172 0.005274 
 0.163971 0.743948 0.140520 
 -0.453257 0.215794 0.094504 
 -0.402984 -0.121987 -0.155472 
 -0.430055 -0.064565 -0.135841 
 -0.107830 -0.627335 -0.002447 
 0.129999 -0.093693 0.049021 
 -0.094681 0.040310 0.054111 
 -0.042909 -0.122510 0.087781 
 0.597767 -0.282402 0.012307 
 -0.010180 0.867620 0.099031 
 -0.447788 -0.518762 0.045350 
 0.004299 0.595829 -0.081633 
 -0.029844 -0.033456 0.092712 
 0.292674 0.442945 -0.196852 
 0.469297 0.193655 0.030707 
 -0.441499 -0.247643 -0.128507 
 0.357184 0.549713 -0.026653 
 -0.454489 0.259713 0.096226 
 -0.008337 0.488986 -0.092202 
 0.239683 0.522975 -0.123156 
 -0.233498 0.212209 0.032469 
 0.471276 -0.537189 -0.017555 
 0.568117 0.047698 0.028524 
 -0.201653 0.077390 0.044788 
 -0.386351 0.490891 -0.073151 
 -0.188387 -0.761703 0.017047 
 -0.474586 0.068853 -0.010008 
 -0.221499 -0.543916 -0.010267 
 -0.574745 -0.196893 -0.119489 
 -0.144039 0.121203 0.067140 
 -0.462665 -0.636235 0.045187 
 -0.358477 -0.470697 0.007834 
 -0.219289 -0.017073 0.053191 
 -0.268562 -0.505996 0.001249 
 0.129739 -0.601331 -0.005482 
 0.141727 0.083186 -0.006163 
 0.192469 0.242476 -0.001912 
 -0.377908 -0.130482 -0.187957 
 -0.152603 -0.641388 0.020029 
 0.149473 -0.312288 0.029479 
 -0.207334 0.115829 0.059725 
 -0.000552 -0.387469 0.066073 
 -0.039190 -0.728848 0.040413 
 -0.064199 -0.125257 0.085648 
 0.152421 -0.082812 0.024025 
 0.018381 0.253093 0.050927 
 0.112674 0.738627 -0.019062 
 0.319302 0.539531 -0.078668 
 0.020169 0.712524 -0.113218 
 -0.091402 -0.008561 0.066502 
 -0.101599 0.883088 0.176425 
 -0.086062 -0.657258 0.017338 
 -0.158296 -0.257299 0.043327 
 -0.049049 0.928405 0.275353 
 -0.221412 0.785859 0.175152 
 0.181663 0.503208 -0.150429 
 0.586037 0.073353 0.023662 
 -0.334589 0.592561 -0.031196 
 -0.040172 0.883725 0.197140 
 -0.603736 -0.407558 0.014565 
 -0.408058 0.119621 0.124206 
 -0.017314 -0.459451 0.070616 
 -0.467586 0.037865 -0.053340 
 -0.449407 0.032302 -0.022798 
 -0.209709 0.745849 0.085021 
 -0.251140 0.743074 0.081669 
 0.157696 0.702820 -0.028933 
 -0.185659 -0.193752 0.050247 
 -0.414569 0.337988 0.067659 
 0.036221 -0.526694 0.016124 
 -0.029181 -0.561618 0.028970 
 0.246023 -0.694627 -0.032821 
 0.402708 0.039929 -0.064672 
 0.244914 0.489978 -0.151522 
 -0.247575 0.374581 0.078074 
 0.429708 -0.017343 -0.084698 
 0.264090 -0.375162 -0.017065 
 0.130680 0.209933 0.011604 
 0.080044 0.016614 0.042386 
 0.118669 -0.234534 0.057491 
 -0.282446 -0.675626 0.012827 
 0.071601 0.569536 -0.117827 
 0.344260 -0.289429 -0.039744 
 -0.199318 -0.132051 -0.066853 
 -0.200117 0.033235 0.043470 
 0.149060 -0.579802 0.003916 
 -0.380563 0.063277 0.102221 
 -0.367040 0.488960 -0.057501 
 0.607396 -0.167125 0.010950 
 0.027561 -0.242636 0.124450 
 -0.318228 0.197815 0.051547 
 -0.623653 -0.545928 0.068292 
 0.342094 -0.800491 -0.035455 
 -0.123317 -0.788637 0.043395 
 -0.313956 0.593943 -0.027409 
 0.287749 0.473705 -0.154659 
 -0.140053 0.811548 0.192373 
 0.070684 -0.196768 0.068298 
 0.203864 0.674979 -0.067669 
 -0.474586 0.068510 -0.010008 
 0.170126 -0.578367 0.006247 
 -0.469342 -0.086973 -0.147020 
 0.469297 0.191592 0.030707 
 0.181663 0.503581 -0.150429 
 0.458663 0.093061 -0.008390 
 -0.210069 -0.731961 -0.003592 
 -0.080317 0.636638 -0.102854 
 0.588039 0.049104 0.029690 
 0.014052 -0.558741 0.033273 
 -0.271500 0.768537 0.057857 
 -0.280723 -0.325841 0.008899 
 0.051528 -0.766223 0.033769 
 0.235595 0.402415 -0.217384 
 -0.078308 0.617467 -0.110900 
 0.233059 -0.266792 -0.008761 
 0.369221 -0.580979 -0.056833 
 -0.202999 -0.114531 -0.245047 
 -0.002037 -0.631683 0.035127 
 0.362310 0.523054 -0.082280 
 -0.336294 -0.410648 -0.028707 
 0.236252 0.225713 -0.003255 
 -0.200475 0.053047 0.051009 
 -0.266749 0.538654 -0.046144 
 0.589747 -0.469287 0.079503 
 -0.036717 -0.248244 0.119122 
 -0.298320 -0.397403 0.010067 
 0.459922 -0.421801 -0.020473 
 -0.368713 0.703488 0.024805 
 0.224908 -0.663012 -0.054176 
 -0.296237 -0.048397 -0.010613 
 -0.405540 -0.434591 0.018710 
 -0.621172 -0.429088 0.004835 
 -0.397633 -0.545875 0.007603 
 -0.328506 0.534508 -0.052147 
 0.397403 0.079041 -0.049546 
 0.522647 -0.132891 -0.044648 
 -0.413571 -0.726115 0.045584 
 0.550048 -0.481995 0.040591 
 0.388418 -0.556154 -0.047165 
 -0.574955 -0.147729 -0.132044 
 -0.599142 -0.158832 -0.107279 
 0.167342 -0.527687 -0.005503 
 -0.105305 0.809434 0.039330 
 0.062704 -0.596154 0.022368 
 -0.495630 0.066739 -0.012115 
 -0.217130 0.773664 0.141294 
 0.327287 -0.330112 -0.057362 
 -0.185153 0.540169 -0.024556 
 -0.119188 0.587592 -0.093343 
 0.180684 -0.171834 0.024482 
 0.472764 0.391929 0.028889 
 -0.001345 0.227673 0.054932 
 -0.034403 0.089784 0.061693 
 -0.396591 0.051032 0.066792 
 0.178657 0.153912 -0.005471 
 -0.140533 -0.211028 0.046976 
 -0.346813 0.513775 -0.061714 
 -0.167817 0.446814 0.080990 
 -0.128847 0.683706 -0.057673 
 0.065337 0.252800 -0.007061 
 -0.336207 -0.440352 -0.009344 
 0.144193 0.458614 -0.155656 
 -0.447735 -0.407423 -0.005101 
 -0.359507 -0.306514 -0.068158 
 0.185780 -0.475090 -0.015195 
 -0.137771 -0.518081 0.006540 
 0.436576 0.318032 0.045294 
 0.167548 0.279767 0.010762 
 0.215684 -0.044654 -0.002154 
 -0.105175 0.220644 0.045082 
 -0.466253 -0.564982 0.041346 
 0.029869 -0.496865 0.057896 
 0.131901 -0.123074 0.070017 
 -0.199472 0.317725 0.060014 
 0.614692 -0.241995 0.029423 
 0.186871 0.473838 -0.193094 
 0.481624 0.075480 -0.014182 
 0.304956 0.171235 -0.020697 
 0.281275 -0.050721 -0.030624 
 -0.164531 -0.811865 0.030784 
 -0.405091 -0.434831 0.018710 
 -0.079973 -0.785733 0.048199 
 0.103309 0.456391 -0.159196 
 -0.232143 -0.097947 0.021484 
 0.163971 0.743948 0.142563 
 -0.555522 -0.444877 0.004310 
 0.499049 -0.115399 -0.039320 
 -0.005037 -0.549659 0.004248 
 0.161621 -0.779083 0.036943 
 -0.171106 -0.688627 0.016428 
 0.537811 0.125029 0.056125 
 0.029573 0.923652 0.326137 
 0.108819 -0.095112 0.048398 
 0.242907 0.507909 -0.143760 
 0.325843 0.490109 -0.129438 
 -0.149272 0.217832 0.040878 
 -0.239318 0.653661 0.015762 
 0.218471 -0.367908 0.013725 
 0.132673 -0.379865 0.018263 
 -0.106778 -0.128311 0.081304 
 -0.127188 0.190765 0.063412 
 -0.512273 -0.578520 0.063813 
 0.493951 -0.042117 -0.058099 
 -0.324993 -0.771985 0.065580 
 0.579820 -0.560618 0.012063 
 0.425970 0.218727 0.006934 
 -0.341819 -0.069020 -0.162354 
 0.215400 0.223887 -0.007204 
 0.138050 -0.212457 0.067159 
 -0.077833 -0.473949 0.028147 
 0.347677 -0.339255 -0.028143 
 -0.212759 0.596915 -0.004109 
 0.313990 -0.451672 -0.042878 
 -0.252357 0.778602 0.280184 
 0.139668 0.102844 0.001766 
 0.282106 -0.323545 -0.027010 
 -0.079939 -0.452349 0.035731 
 -0.448144 0.098840 0.112436 
 0.432913 -0.323348 -0.046782 
 -0.506648 -0.669094 0.059915 
 0.451114 0.426671 -0.020408 
 0.247740 0.629550 -0.049743 
 -0.136703 0.407316 0.005502 
 -0.063794 0.166138 0.089453 
 -0.093070 0.272526 0.097077 
 -0.020167 -0.678517 0.029853 
 0.184141 0.745339 0.144656 
 -0.081953 -0.201269 0.102818 
 -0.033173 0.554555 -0.100250 
 0.273663 -0.484853 -0.027683 
 -0.409012 0.508907 -0.067913 
 0.591954 -0.008831 0.070966 
 0.364373 -0.799052 -0.031747 
 0.509827 0.206751 0.069936 
 -0.036374 0.794119 -0.039184 
 -0.251284 0.389367 0.099335 
 0.286465 0.150282 -0.030463 
 0.233159 0.235191 0.029875 
 0.489828 0.438640 0.018878 
 0.351756 -0.625724 -0.061259 
 0.404373 -0.230734 -0.059115 
 0.375080 -0.675148 -0.046758 
 -0.570153 0.035449 -0.076333 
 0.003984 -0.697296 0.025637 
 -0.043989 0.897273 0.232340 
 -0.162277 -0.215381 0.044843 
 -0.446762 -0.518762 0.045350 
 0.226505 0.470120 -0.160793 
 -0.435243 -0.727659 0.041620 
 0.177984 -0.390726 0.002541 
 -0.009123 -0.509470 0.019416 
 0.132876 -0.143747 0.062500 
 0.246082 -0.416109 -0.034225 
 -0.406854 0.178443 0.084312 
 -0.004249 0.451590 -0.106751 
 -0.089237 0.233055 0.082425 
 0.581355 -0.099635 0.003339 
 -0.289009 -0.528127 -0.008481 
 -0.370831 0.241314 0.110977 
 -0.097697 0.085316 0.055354 
 -0.421555 -0.613992 0.058133 
 -0.507562 -0.182880 -0.140224 
 -0.077843 -0.806059 0.039856 
 -0.445622 0.444671 -0.078899 
 -0.073622 -0.515332 0.012978 
 -0.303943 -0.302301 -0.000226 
 -0.049426 0.372420 -0.000915 
 0.189253 0.022393 -0.009434 
 0.201618 0.135481 -0.011316 
 -0.621366 -0.189728 -0.088152 
 -0.401855 -0.505995 0.022810 
 -0.127608 0.664483 -0.064929 
 0.399845 -0.445983 -0.033356 
 0.057039 -0.525259 0.019308 
 -0.431020 0.111286 0.149499 
 0.055634 0.063183 0.027785 
 0.241581 -0.112146 0.004900 
 0.255743 -0.295055 0.013001 
 -0.621906 -0.429533 0.004835 
 -0.644475 -0.460885 0.023402 
 -0.057574 0.107139 0.067048 
 0.120099 0.077228 0.006299 
 -0.233746 -0.744268 0.020927 
 0.177698 -0.121022 0.012098 
 0.594795 -0.509575 0.064334 
 -0.261460 0.287562 0.060085 
 0.182766 -0.190174 0.017992 
 0.263230 -0.120778 -0.027734 
 0.268823 -0.693192 -0.030616 
 -0.240688 0.673631 0.023075 
 -0.517791 -0.030952 -0.127833 
 0.321778 -0.025239 -0.032677 
 0.219186 0.707045 -0.023114 
 -0.396159 -0.683886 0.063097 
 0.149060 -0.579802 0.003543 
 -0.655880 0.029833 -0.084731 
 -0.122791 -0.456363 0.031533 
 0.333756 0.598572 -0.055007 
 0.374591 -0.143519 -0.059363 
 -0.012645 0.317635 0.120405 
 0.077994 0.045566 0.022444 
 -0.180716 -0.551544 0.021828 
 0.158608 0.517498 -0.130652 
 -0.411006 0.218624 0.097531 
 -0.419420 -0.018009 -0.070277 
 -0.106052 0.192174 0.065174 
 -0.251491 -0.495424 0.036349 
 0.229156 -0.747824 -0.023401 
 0.274280 0.575231 -0.070578 
 -0.066342 0.411451 -0.064827 
 0.148327 -0.312288 0.030849 
 -0.038549 0.128269 0.077244 
 0.484437 -0.722060 0.036841 
 0.591499 -0.778618 0.208712 
 -0.216271 -0.140015 -0.304754 
 -0.264528 -0.575727 0.005304 
 -0.034403 0.088801 0.061693 
 -0.596121 -0.227889 -0.102947 
 0.422482 -0.734086 -0.004038 
 -0.059891 -0.145426 0.078112 
 0.563624 -0.691943 0.163700 
 -0.045509 -0.370245 0.070018 
 -0.481405 -0.017911 -0.090195 
 0.139958 -0.230512 0.059623 
 -0.127610 -0.598458 -0.023797 
 -0.048636 0.487386 -0.096319 
 0.494313 0.153358 0.018000 
 -0.207875 -0.814768 0.025555 
 -0.077050 0.085869 0.057467 
 -0.199433 -0.280146 0.031512 
 -0.107830 -0.627810 -0.000355 
 0.273317 -0.775556 0.000989 
 0.273654 -0.214424 -0.016726 
 -0.401913 0.622924 -0.008106 
 -0.198511 0.766505 0.171345 
 0.522233 -0.133678 -0.044648 
 -0.687954 -0.154394 -0.080609 
 0.397979 -0.672277 -0.044617 
 0.327287 -0.329843 -0.057362 
 -0.512013 -0.276717 -0.067621 
 0.194363 -0.046064 -0.004262 
 0.066442 0.414217 -0.177763 
 0.397496 -0.673717 -0.044617 
 0.152421 -0.083674 0.025040 
 -0.222057 0.785859 0.176638 
 0.617773 -0.261120 0.021925 
 0.469363 0.006564 -0.072805 
 0.271763 0.731425 0.145625 
 -0.324748 -0.624220 -0.016357 
 0.504613 0.246068 0.082550 
 0.489828 0.440547 0.021129 
 -0.040541 0.662934 -0.105839 
 0.040889 0.262779 0.025830 
 -0.402972 0.400311 -0.063380 
 0.358150 -0.194082 -0.050097 
 -0.286070 0.708733 0.033564 
 -0.197323 0.298029 0.052594 
 0.336548 0.415509 -0.234902 
 0.491790 -0.535762 -0.015487 
 0.186875 0.075483 -0.035561 
 -0.469818 -0.439136 0.013260 
 0.393601 -0.117615 -0.063478 
 -0.229921 -0.463887 0.020709 
 -0.040541 0.662447 -0.106573 
 0.073145 -0.764601 0.036188 
 -0.575000 -0.603854 0.048951 
 0.287059 0.741156 0.197236 
 -0.325189 -0.025628 0.043167 
 -0.127278 0.218469 0.042980 
 -0.438634 -0.183609 -0.180953 
 0.448157 0.446048 -0.013095 
 -0.358573 -0.111781 -0.178487 
 0.414229 -0.116211 -0.061378 
 -0.665241 -0.197434 -0.078293 
 -0.155791 0.015800 0.040285 
 -0.154738 0.778657 0.147460 
 -0.330085 -0.047400 -0.087833 
 -0.495630 0.066716 -0.013283 
 -0.379911 0.628499 -0.020956 
 0.209639 0.048081 -0.013494 
 -0.348450 -0.005654 0.048543 
 0.598263 -0.060094 0.020885 
 0.439046 -0.412933 -0.049647 
 0.255743 -0.295197 0.012105 
 -0.047133 -0.583203 0.019215 
 0.107248 0.768310 0.024053 
 0.285279 0.487811 -0.133533 
 0.229693 0.049485 -0.012005 
 -0.411939 -0.778238 0.056875 
 0.459821 -0.391141 -0.040028 
 -0.426296 0.011738 -0.028754 
 0.255867 0.255389 -0.023260 
 0.269863 0.731425 0.145227 
 -0.496221 -0.430668 0.043883 
 0.237169 -0.014164 -0.019969 
 -0.132662 0.477767 -0.090120 
 0.290251 0.110570 -0.045226 
 0.436937 0.514862 0.122325 
 -0.128154 -0.416174 0.046608 
 0.533239 0.188497 0.064615 
 -0.104299 -0.703209 0.014839 
 -0.051876 0.861267 0.109589 
 -0.225479 -0.523822 -0.002043 
 -0.181474 -0.233846 0.035214 
 0.280908 -0.050721 -0.030624 
 0.485315 -0.175858 -0.063711 
 -0.559141 -0.404688 0.018857 
 -0.106034 0.696637 -0.097520 
 -0.485119 -0.638610 0.043022 
 -0.255104 0.825233 0.266989 
 0.358383 0.380724 -0.184656 
 -0.449997 0.487513 -0.079350 
 0.088192 -0.671296 0.041908 
 0.332473 0.697315 0.214744 
 -0.465704 -0.125350 -0.161821 
 0.292952 -0.178575 -0.046493 
 0.421280 -0.189314 -0.042776 
 0.575620 -0.521447 0.027602 
 -0.188329 0.727809 0.079217 
 -0.514397 -0.558962 0.070167 
 -0.270993 -0.086557 -0.023342 
 -0.499666 -0.360194 0.040240 
 -0.145841 0.397026 0.109846 
 -0.106778 -0.128069 0.081384 
 0.126388 -0.318705 0.041519 
 -0.234022 -0.744325 0.020927 
 0.164749 0.064931 -0.012057 
 -0.199366 0.675806 0.028761 
 -0.286882 0.732364 0.026894 
 -0.373278 -0.169594 -0.200411 
 -0.058165 -0.482475 0.056667 
 -0.238090 -0.323672 0.012151 
 0.320480 0.237624 -0.024373 
 0.544592 -0.713775 0.152622 
 0.427659 0.000882 -0.076982 
 -0.017573 -0.729644 0.042578 
 -0.067103 0.745258 -0.106760 
 0.282373 0.506542 -0.126297 
 0.436799 -0.373206 -0.034653 
 -0.022286 -0.658295 0.038318 
 -0.187069 -0.461217 0.025001 
 0.277053 0.383819 -0.220513 
 0.048689 0.587339 -0.112638 
 -0.511362 -0.599510 0.056161 
 -0.379106 -0.473584 0.005688 
 0.192874 0.416698 -0.214255 
 -0.361541 0.403086 -0.057998 
 0.232154 0.263102 0.009647 
 -0.265555 -0.526692 -0.006335 
 0.336141 -0.450250 -0.042145 
 0.370565 -0.070238 -0.078064 
 0.263637 -0.101042 -0.021306 
 -0.007533 0.285895 0.077881 
 0.405854 -0.260404 -0.040554 
 -0.060126 -0.482475 0.057233 
 0.399318 0.098597 -0.042164 
 0.035822 0.028987 0.059328 
 -0.261649 -0.018889 0.049531 
 -0.477097 0.257589 0.094113 
 -0.261501 -0.304262 0.017561 
 -0.304720 -0.656848 0.017795 
 0.454149 -0.578601 -0.035548 
 0.239760 -0.366482 0.016064 
 -0.013336 0.317635 0.119348 
 -0.112694 -0.324390 0.052026 
 0.065546 0.629455 -0.110068 
 -0.038535 0.643301 -0.111452 
 -0.385670 0.468055 -0.066613 
 -0.269198 0.558005 -0.038840 
 0.539511 -0.093785 -0.027687 
 -0.046742 0.746622 -0.104151 
 0.336141 -0.450532 -0.040751 
 -0.257493 -0.374497 0.019755 
 0.112525 -0.642283 -0.022944 
 0.103942 -0.024882 0.043242 
 0.120165 -0.258729 0.063537 
 -0.324748 -0.622053 -0.017253 
 0.281458 -0.050721 -0.032391 
 0.317883 0.415576 -0.236936 
 0.292355 -0.711851 -0.036119 
 -0.217130 0.772758 0.141211 
 -0.171342 0.216426 0.038776 
 0.526309 -0.766877 0.159975 
 -0.251603 0.132113 0.062967 
 0.189565 0.290494 -0.014785 
 0.165613 0.656975 -0.092999 
 -0.151662 -0.666960 0.026629 
 -0.210396 0.577538 -0.011422 
 0.360032 0.262354 -0.013224 
 0.216507 -0.584953 -0.025175 
 -0.455070 -0.026750 -0.122001 
 -0.552920 -0.195484 -0.117134 
 -0.642873 -0.171355 -0.083851 
 0.469148 -0.257430 -0.033715 
 -0.139450 0.791446 0.184992 
 -0.189172 -0.095109 0.025906 
 0.119215 0.814208 0.104204 
 -0.073622 -0.513776 0.012311 
 -0.274492 0.180898 0.048127 
 -0.419343 -0.577910 0.024638 
 0.168512 0.452801 -0.201881 
 -0.489537 -0.137266 -0.136766 
 0.222808 -0.645486 -0.046611 
 -0.097085 0.782566 -0.017291 
 -0.012497 0.776317 -0.044373 
 0.113595 0.846910 0.147003 
 0.550544 -0.235654 -0.004176 
 -0.554851 -0.175748 -0.109932 
 -0.060956 0.659607 -0.107883 
 -0.058165 -0.482475 0.056754 
 0.543405 -0.141925 -0.015248 
 0.193494 0.736657 0.017737 
 0.253141 0.726176 0.080052 
 -0.271857 0.573387 -0.019573 
 0.543404 -0.406417 0.022645 
 0.059060 0.714875 -0.109139 
 -0.161669 0.359813 0.077662 
 0.371065 0.454504 -0.139550 
 -0.127245 0.663253 -0.064929 
 -0.113999 -0.567373 0.020364 
 0.469964 -0.256164 -0.033715 
 0.108472 -0.360116 0.023674 
 0.484795 -0.175858 -0.064607 
 -0.533586 -0.042478 -0.167184 
 -0.187139 0.219395 0.022914 
 -0.441966 -0.247643 -0.129189 
 -0.336617 0.612268 -0.023128 
 0.390502 0.543256 0.161128 
 -0.274805 0.796928 0.285551 
 0.204545 -0.697498 -0.037162 
 -0.299129 -0.779925 0.033422 
 -0.059290 0.638008 -0.101167 
 -0.405874 -0.014840 -0.006216 
 -0.009926 -0.286997 0.104989 
 -0.346922 0.246992 0.099323 
 -0.360149 -0.420547 -0.003919 
 0.045203 -0.138296 0.088774 
 0.247541 0.097752 -0.021929 
 0.474597 0.368236 0.036873 
 -0.296035 -0.417218 0.002502 
 0.129739 -0.602693 -0.005630 
 0.534252 -0.316537 0.025617 
 -0.436649 0.057967 0.035213 
 0.178908 -0.658610 -0.024091 
 0.412498 0.417419 -0.073521 
 -0.600524 -0.085311 -0.125796 
 -0.103498 -0.735637 0.033917 
 0.433789 0.375887 -0.009344 
 -0.159609 0.340752 0.071632 
 -0.020167 -0.678517 0.031481 
 0.312185 0.703563 0.184563 
 -0.047448 0.264230 0.066294 
 0.005141 -0.184509 0.083044 
 -0.404301 0.447439 -0.074288 
 0.398777 -0.161797 -0.064131 
 -0.227815 -0.483633 0.012959 
 -0.625605 -0.048203 -0.112311 
 0.463806 -0.177264 -0.063464 
 -0.036684 -0.481036 0.058795 
 0.206330 0.475202 -0.190595 
 0.604467 -0.119247 -0.001461 
 0.060025 0.669284 -0.095615 
 -0.494829 -0.051199 -0.134313 
 0.316993 -0.471164 -0.050394 
 0.539515 -0.640966 0.087261 
 -0.353107 -0.029783 -0.085019 
 -0.371607 0.265365 0.104536 
 0.315334 -0.211594 -0.012494 
 -0.281038 -0.675626 0.011101 
 -0.024114 -0.073286 0.076649 
 0.442412 -0.701805 -0.021092 
 0.076840 0.512021 -0.138311 
 0.162980 0.672931 -0.071410 
 0.125128 0.305353 -0.013672 
 0.411266 0.158662 -0.017694 
 -0.378987 0.014307 0.116574 
 -0.002857 0.247357 0.063022 
 -0.454036 -0.348519 0.017778 
 0.098350 0.710304 -0.077073 
 -0.056274 0.082765 0.073298 
 0.300579 0.385183 -0.218473 
 0.395999 0.304150 0.006045 
 -0.173577 0.642320 -0.000059 
 -0.186297 -0.193914 0.050247 
 0.276315 0.402914 -0.213187 
 -0.225339 0.541418 -0.043870 
 0.014688 0.939512 0.253367 
 0.196775 0.397459 -0.221462 
 -0.687452 -0.123692 -0.100231 
 0.060325 -0.576009 0.029972 
 -0.194289 0.755552 0.137077 
 -0.396159 -0.685474 0.063097 
 0.146029 0.632528 -0.087929 
 -0.620359 -0.586689 0.052988 
 -0.401855 -0.503392 0.022810 
 -0.327256 -0.689295 0.035222 
 -0.353195 0.571828 -0.037335 
 0.381340 0.009656 -0.046368 
 -0.293538 0.049051 0.104069 
 0.050829 0.540806 -0.099293 
 0.003047 -0.167217 0.090590 
 0.159504 -0.172146 0.022361 
 -0.299108 0.434982 -0.072963 
 0.450893 -0.005750 -0.047486 
 0.096887 -0.783526 0.030447 
 0.317540 0.015783 -0.017837 
 -0.539521 -0.353020 0.007830 
 0.393476 0.137709 -0.027402 
 -0.083774 0.814854 0.027352 
 0.477876 0.312169 0.077104 
 -0.490628 -0.521647 0.041033 
 0.215400 0.224317 -0.006375 
 -0.024381 0.728891 -0.110945 
 -0.130288 -0.080012 0.067045 
 -0.405972 0.100257 0.116689 
 -0.359706 -0.391174 -0.023296 
 0.063226 -0.078086 0.051362 
 0.503601 -0.429235 0.010300 
 -0.514757 -0.558962 0.071465 
 -0.282366 0.475119 -0.055838 
 -0.060426 0.638008 -0.101167 
 0.441704 -0.443138 -0.030117 
 0.228922 -0.197442 -0.013480 
 0.031087 0.870384 0.104627 
 0.345471 -0.565748 -0.036734 
 -0.453525 -0.046358 -0.130126 
 -0.189668 -0.114973 0.018409 
 0.135736 -0.182819 0.047467 
 0.413864 -0.344996 -0.056376 
 0.123423 -0.541982 0.017123 
 0.430068 0.179810 -0.008463 
 -0.160003 0.678573 0.031353 
 0.087290 -0.361544 0.021539 
 0.380168 0.255557 0.016885 
 0.164939 -0.507644 0.002062 
 0.262985 0.187998 -0.017790 
 -0.158951 -0.519516 0.004394 
 -0.183738 0.493286 -0.010851 
 0.247740 0.631527 -0.050955 
 0.513606 -0.544869 0.012434 
 0.180925 0.753728 0.194669 
 0.126739 -0.293747 0.034883 
 0.088481 -0.361544 0.021539 
 -0.508076 0.039661 -0.069724 
 -0.401217 0.090759 0.081601 
 -0.014957 -0.781379 0.052173 
 0.200528 0.135705 -0.011316 
 0.523486 0.088799 0.025417 
 -0.349140 0.533126 -0.055030 
 -0.169255 0.214772 0.038776 
 -0.213587 0.233299 0.042001 
 0.452286 -0.552106 -0.040768 
 0.108841 0.457678 -0.235730 
 0.063288 0.273208 0.000136 
 -0.596041 0.073363 -0.061559 
 -0.321543 -0.348689 -0.003935 
 -0.102210 0.581003 -0.064062 
 0.038313 -0.577447 0.027360 
 -0.025405 0.728891 -0.110089 
 0.058283 0.015200 0.040920 
 -0.221412 0.784274 0.176638 
 -0.253293 -0.415545 0.006783 
 0.321058 -0.271031 -0.035590 
 -0.298966 0.434982 -0.071268 
 -0.622274 -0.323690 -0.031588 
 0.111878 -0.124497 0.067890 
 0.508719 -0.504783 0.028745 
 0.001761 -0.140401 0.084509 
 -0.152785 -0.642191 0.020029 
 -0.267072 0.048802 0.044662 
 0.301439 0.219165 -0.033817 
 0.402708 0.039548 -0.064308 
 0.373074 0.435192 -0.147051 
 -0.151226 -0.687183 0.018152 
 -0.370130 -0.034658 0.066200 
 0.513837 0.383221 0.075791 
 -0.031815 0.044555 0.060458 
 0.126388 -0.318705 0.041512 
 -0.076599 0.087245 0.057467 
 0.339798 0.540838 -0.077808 
 0.059145 -0.545509 0.010685 
 0.602399 -0.098225 0.004557 
 0.112527 0.160416 0.020170 
 0.142839 0.480802 -0.161745 
 0.345841 0.482225 -0.099574 
 0.279396 -0.031037 -0.023897 
 -0.199845 0.033235 0.043532 
 -0.515302 -0.421912 0.015565 
 0.173789 0.735194 0.015678 
 -0.464247 -0.586068 0.033713 
 -0.623064 -0.323690 -0.032210 
 -0.312716 0.574592 -0.035669 
 -0.114163 -0.567373 0.020629 
 -0.132662 0.477767 -0.090435 
 0.071906 -0.196577 0.068298 
 -0.085488 -0.126885 0.083389 
 0.006155 0.549618 -0.068319 
 -0.022743 0.904623 0.206211 
 -0.489138 -0.461223 0.002542 
 0.045017 -0.434457 0.083198 
 -0.394973 0.031401 0.059295 
 -0.249203 0.723646 0.072993 
 0.477440 -0.092340 -0.047660 
 0.008175 0.530064 -0.076143 
 0.515097 -0.307940 -0.003676 
 -0.689520 -0.105263 -0.091669 
 -0.394185 0.311999 0.090909 
 -0.260732 -0.674182 0.014987 
 0.582482 -0.363633 0.041827 
 -0.068054 -0.615421 0.036279 
 0.291333 0.702043 0.182735 
 0.197484 0.539409 -0.119890 
 -0.171940 -0.398950 0.049900 
 0.595593 -0.262538 0.018661 
 0.266177 -0.394772 -0.023325 
 -0.646566 -0.048916 -0.114410 
 0.436216 0.120947 -0.030132 
 -0.223715 -0.115919 -0.248691 
 0.102899 -0.531981 -0.011924 
 0.122853 -0.273781 0.041501 
 0.150345 -0.063736 0.032518 
 -0.003841 0.267042 0.070452 
 -0.004763 -0.347486 0.082236 
 0.533814 0.168838 0.057278 
 0.600331 -0.078061 0.013437 
 -0.150904 -0.599881 -0.025943 
 -0.092943 -0.536028 0.003248 
 0.108313 -0.602766 -0.008074 
 0.113309 -0.674932 -0.003743 
 -0.378264 -0.522702 0.017358 
 -0.049150 0.928405 0.275353 
 -0.005467 0.911598 0.272140 
 -0.360695 0.676281 -0.031047 
 -0.011617 0.317635 0.120405 
 -0.048286 0.852734 0.060082 
 0.539874 0.105720 0.048711 
 -0.362527 0.162270 0.081066 
 0.064998 -0.107426 0.070984 
 0.087646 -0.671666 0.041908 
 0.015810 0.272752 0.058748 
 -0.127188 0.189755 0.063066 
 -0.200207 -0.573129 0.011758 
 -0.319044 0.169258 0.071359 
 0.346634 0.559433 0.162940 
 0.148291 -0.038507 0.026320 
 0.014721 -0.557311 0.033273 
 0.326612 0.181548 -0.045948 
 -0.600474 -0.347258 -0.024063 
 -0.260747 -0.127468 -0.287122 
 -0.309293 -0.012116 0.080097 
 0.358955 0.056110 -0.061104 
 0.309606 -0.659399 -0.045614 
 -0.046113 0.727527 -0.112128 
 0.497611 0.341651 0.058940 
 -0.030750 0.015558 0.079776 
 0.329623 -0.105182 -0.048708 
 -0.508778 -0.651093 0.067587 
 -0.545879 -0.002256 -0.089074 
 -0.528923 0.038257 -0.072135 
 0.326190 -0.330469 -0.057362 
 -0.442472 0.000801 -0.064950 
 -0.305097 -0.569751 -0.025794 
 -0.348895 -0.034876 0.069406 
 -0.332145 -0.028069 -0.082919 
 0.506311 0.028419 0.001050 
 0.510222 0.433669 0.047498 
 -0.221090 0.674422 0.025145 
 -0.388022 0.705845 0.009257 
 -0.195864 -0.612484 -0.003449 
 0.226505 0.468765 -0.160793 
 -0.374487 -0.595222 0.022487 
 -0.620686 -0.378789 -0.006910 
 -0.090571 -0.586080 0.015144 
 0.202037 -0.657309 -0.021945 
 0.209891 0.617350 -0.089023 
 -0.458437 0.080444 0.026899 
 -0.079973 -0.785733 0.048810 
 -0.300038 -0.148882 -0.298574 
 0.302838 -0.569671 -0.042248 
 -0.344895 -0.045449 0.033549 
 -0.233195 0.826570 0.269091 
 0.137866 -0.212457 0.066454 
 0.388849 0.466758 -0.103030 
 -0.149436 -0.101734 0.059241 
 -0.431177 -0.395575 0.031733 
 0.072138 -0.196768 0.068298 
 0.264111 -0.120778 -0.027734 
 -0.200117 0.032527 0.043532 
 0.330181 0.450885 -0.143910 
 0.162689 0.084590 -0.002590 
 0.083263 0.865478 0.230108 
 -0.059415 -0.219880 0.096272 
 -0.368486 -0.774513 0.061227 
 -0.199129 0.656429 0.019901 
 -0.156447 0.777843 0.147460 
 -0.002538 -0.601627 0.015914 
 0.108841 0.457039 -0.235710 
 -0.080829 0.883698 0.178510 
 -0.331105 -0.510903 -0.005189 
 0.148564 0.613080 -0.095165 
 0.513946 -0.544869 0.013615 
 -0.177843 0.657813 0.021970 
 -0.273089 0.161163 0.040864 
 -0.143080 -0.189401 0.054511 
 0.518522 -0.094309 -0.028433 
 0.380984 -0.212408 -0.054441 
 -0.572950 -0.246585 -0.107384 
 -0.200117 0.033235 0.043015 
 0.210209 0.617464 -0.089023 
 -0.146801 -0.417609 0.044462 
 0.512104 0.410032 0.057683 
 0.484795 -0.175858 -0.063506 
 -0.028240 -0.561618 0.029105 
 -0.108795 0.711012 -0.076318 
 -0.456026 -0.812101 0.071437 
 0.157224 0.798738 0.179683 
 0.528677 -0.483782 0.038451 
 0.486496 -0.471843 -0.006360 
 -0.269470 0.748863 0.050260 
 -0.300115 -0.066227 -0.157890 
 -0.235870 -0.724051 0.028067 
 0.211302 0.263429 0.008788 
 0.356003 -0.418390 -0.058132 
 0.561909 -0.120780 -0.005676 
 0.481001 -0.390122 -0.037907 
 -0.292093 -0.487938 0.007028 
 -0.251140 0.743596 0.080326 
 0.235127 0.400187 -0.217384 
 0.250469 -0.225646 0.008122 
 0.339343 0.017187 -0.015738 
 0.546827 -0.765418 0.164078 
 0.132673 -0.378923 0.018263 
 0.598751 -0.078490 0.013437 
 -0.007658 0.267042 0.070452 
 0.352632 0.433888 -0.149099 
 -0.045696 -0.603348 0.011611 
 -0.009570 0.016977 0.082707 
 -0.421225 -0.527080 0.014665 
 0.379240 0.629801 0.238797 
 -0.221566 -0.574248 0.009607 
 -0.001896 0.847100 0.015041 
 0.062569 -0.626964 0.041489 
 -0.002037 -0.631811 0.035127 
 0.127917 -0.073830 0.056551 
 0.225229 0.648871 -0.044541 
 -0.284397 0.494496 -0.049966 
 -0.173841 -0.348728 0.038040 
 -0.422840 -0.557713 0.032261 
 -0.083774 0.815330 0.027352 
 -0.622995 -0.459446 0.024488 
 -0.300952 -0.759599 0.041894 
 0.506509 0.222045 0.091315 
 0.205380 -0.208619 0.011609 
 0.506509 0.222235 0.091186 
 -0.464253 0.424442 -0.089518 
 -0.489889 -0.489159 0.021808 
 -0.278857 -0.375928 0.019772 
 -0.477097 0.259567 0.094113 
 -0.574955 -0.147729 -0.130864 
 -0.394973 0.032081 0.059295 
 0.077936 0.708943 -0.079810 
 -0.162915 0.802358 0.218386 
 0.212304 0.005345 -0.014642 
 -0.414907 0.262539 0.100452 
 -0.253449 0.181522 0.050421 
 -0.112080 0.279697 0.067371 
 0.256175 0.554635 -0.078765 
 0.179530 0.125311 0.014039 
 0.511518 -0.258297 -0.015885 
 -0.445622 0.444671 -0.079716 
 0.486478 -0.205430 -0.043902 
 0.292166 0.091614 -0.052607 
 -0.200117 0.033838 0.043532 
 -0.074031 0.524557 -0.083613 
 0.380756 0.516293 -0.053093 
 -0.663165 -0.217461 -0.087390 
 0.335395 0.423745 -0.199981 
 -0.083396 -0.146541 0.075980 
 -0.370621 -0.754917 0.068918 
 0.428761 -0.283769 -0.031607 
 -0.555337 -0.309415 -0.052784 
 0.610436 -0.756856 0.218641 
 0.415940 -0.364434 -0.065722 
 0.031203 -0.204465 0.077634 
 0.459993 -0.648983 -0.030631 
 0.230450 0.743620 0.083355 
 0.355012 0.419016 -0.169144 
 0.293326 -0.742931 -0.016947 
 -0.556442 -0.476142 0.022958 
 0.230711 0.025205 -0.005110 
 0.593512 -0.243326 0.027301 
 -0.074525 0.066082 0.050093 
 -0.422397 0.089341 0.078910 
 -0.208807 0.392179 0.104078 
 0.430068 0.179615 -0.008554 
 -0.183966 0.772713 0.236968 
 0.462772 0.054472 -0.023381 
 0.256044 0.255389 -0.022515 
 0.313946 -0.710416 -0.033968 
 0.261569 -0.080135 -0.012837 
 -0.372741 -0.564493 0.002151 
 -0.533157 0.077575 -0.055820 
 0.013692 -0.001468 0.078554 
 -0.009344 -0.509628 0.019416 
 -0.077388 -0.806059 0.039786 
 0.127917 -0.073889 0.057726 
 0.155377 -0.640298 -0.018652 
 -0.338625 -0.390100 -0.021161 
 0.621696 -0.077080 0.015544 
 -0.166770 -0.760255 0.019073 
 0.141892 -0.489032 0.007915 
 0.589459 -0.745732 0.189585 
 -0.439374 -0.213093 -0.162325 
 -0.380037 0.092178 0.084558 
 0.124969 0.008914 0.010372 
 0.174697 -0.618555 -0.008718 
 0.129297 0.859432 0.184608 
 -0.328602 0.534508 -0.052343 
 0.525212 0.050156 0.010577 
 -0.085488 -0.127116 0.083516 
 0.230450 0.744451 0.085296 
 -0.137666 -0.285736 0.063118 
 -0.281500 -0.619175 -0.012055 
 0.283778 0.664981 -0.004025 
 -0.549999 0.036397 -0.074234 
 0.455379 0.338404 0.054763 
 0.422482 -0.734298 -0.005588 
 -0.058481 -0.219880 0.094908 
 -0.454484 0.316256 0.057182 
 0.003460 0.623124 -0.102261 
 -0.230062 -0.117025 0.014166 
 -0.116474 -0.516415 0.008686 
 0.380697 -0.467320 -0.044099 
 -0.598742 -0.585028 0.055130 
 -0.445622 0.444748 -0.080135 
 -0.187702 -0.114973 0.018590 
 -0.262417 -0.597591 -0.002719 
 0.165613 0.656975 -0.092956 
 0.059145 -0.545354 0.011187 
 0.019498 -0.630984 0.037284 
 0.427010 0.476384 -0.048761 
 -0.346022 0.684609 0.020042 
 0.316807 0.044670 -0.037848 
 0.550048 -0.481877 0.041266 
 -0.563671 0.005462 -0.118394 
 0.203673 0.115482 -0.018716 
 0.550186 0.006924 0.011923 
 -0.190155 0.601836 -0.015966 
 0.045131 0.628929 -0.112113 
 0.104032 -0.562578 0.007393 
 0.436593 -0.114807 -0.059279 
 -0.394778 0.285493 0.110034 
 0.556119 -0.521963 0.025461 
 -0.350083 0.723573 0.034669 
 0.377758 0.077644 -0.051242 
 -0.195364 -0.380291 0.055339 
 -0.190742 0.195336 0.029244 
 0.007794 0.091521 0.064836 
 -0.106966 -0.098890 0.062258 
 0.473371 -0.557181 -0.024522 
 0.158179 -0.417236 0.005029 
 0.253141 0.725628 0.080320 
 -0.455999 0.261032 0.096226 
 -0.353267 0.102579 0.058632 
 0.577047 -0.520532 0.027602 
 -0.312686 0.027714 0.094462 
 -0.330274 0.348581 0.062257 
 -0.466516 -0.155056 -0.142134 
 -0.111307 -0.030315 0.056883 
 0.129739 -0.599541 -0.005630 
 0.479264 -0.628116 -0.020926 
 -0.600866 -0.563797 0.062805 
 -0.408356 -0.364474 0.014494 
 0.558390 -0.345093 0.047385 
 0.017682 -0.629848 0.037284 
 -0.203427 0.714559 0.043080 
 0.067913 0.234096 -0.014442 
 0.081123 0.904590 0.244016 
 -0.159740 -0.519516 0.004394 
 0.171191 -0.027738 0.001365 
 -0.358375 0.123493 0.066110 
 -0.268484 0.372452 0.075975 
 0.596214 -0.039019 0.028334 
 -0.280387 0.268764 0.050553 
 0.331843 0.697315 0.214744 
 -0.178515 0.677190 0.029283 
 0.332252 0.697535 0.214744 
 0.517535 0.128117 0.040256 
 -0.018120 0.644668 -0.111220 
 0.292300 0.092119 -0.052607 
 0.085843 -0.625521 0.043755 
 -0.360429 0.142204 0.073588 
 0.224780 0.649377 -0.044541 
 0.496671 -0.071278 -0.038141 
 -0.283929 -0.599029 -0.004451 
 0.047053 0.205532 0.003629 
 -0.151097 0.762039 0.126076 
 0.003793 0.594371 -0.081633 
 -0.324094 0.690626 0.008153 
 -0.447735 -0.406806 -0.004916 
 0.460717 0.074771 -0.015790 
 0.317315 -0.226483 -0.032875 
 0.384756 -0.262525 -0.042167 
 0.306572 -0.088683 -0.043763 
 -0.327783 -0.152091 -0.238310 
 -0.508778 -0.650714 0.067977 
 -0.485715 -0.260396 -0.106400 
 -0.305378 -0.600448 -0.006602 
 -0.424228 -0.008450 -0.035588 
 0.086819 0.609249 -0.101307 
 0.332252 0.697315 0.216748 
 0.449887 -0.281721 -0.029711 
 0.280317 0.364725 -0.229374 
 0.079565 -0.282489 0.051721 
 0.335638 -0.205283 -0.023989 
 -0.430055 -0.064565 -0.135341 
 0.387545 -0.281604 -0.049635 
 0.383254 0.009347 -0.046368 
 0.465265 0.044119 -0.058326 
 -0.313672 -0.031032 -0.067196 
 0.373405 -0.619871 -0.071905 
 -0.078672 0.105708 0.064935 
 -0.315983 0.611728 -0.021062 
 -0.375209 0.333052 0.099473 
 0.275811 -0.263099 -0.004518 
 0.209827 -0.494348 -0.020605 
 -0.298822 -0.778624 0.033422 
 -0.360949 0.430091 -0.079171 
 0.412845 -0.344621 -0.056376 
 0.623597 -0.096816 0.008095 
 -0.120194 0.083042 0.053241 
 -0.045349 -0.072802 0.075552 
 -0.153182 -0.052545 0.045143 
 0.420394 -0.189853 -0.042776 
 0.538054 -0.336452 0.017927 
 -0.257335 0.250849 0.045226 
 0.277862 0.688258 0.065567 
 0.032778 -0.506600 0.023708 
 -0.102344 0.104242 0.062822 
 0.417141 -0.364434 -0.063854 
 -0.406985 0.490278 -0.075126 
 0.298657 0.616084 0.179581 
 -0.439503 -0.687382 0.058756 
 -0.395208 -0.622180 0.026408 
 0.322497 -0.801929 -0.037606 
 0.618362 -0.516390 0.031883 
 -0.258725 0.770878 0.136112 
 -0.211053 -0.125916 0.042066 
 0.405223 -0.774447 -0.021397 
 -0.130622 -0.080397 0.067045 
 -0.154853 -0.590397 0.008458 
 0.193494 0.736571 0.017452 
 0.229156 -0.745073 -0.023401 
 0.371313 -0.598947 -0.062638 
 -0.446852 -0.105180 -0.153017 
 -0.052240 0.043140 0.059022 
 -0.106145 0.192174 0.065932 
 -0.089652 -0.373115 0.066068 
 -0.217154 0.813740 0.327451 
 0.070604 0.157608 0.019976 
 0.392602 -0.596598 -0.062237 
 -0.340480 -0.069020 -0.161636 
 0.337331 0.047313 -0.035754 
 -0.217313 -0.066172 0.065408 
 0.189565 0.287911 -0.014785 
 0.224908 -0.665274 -0.054176 
 -0.206965 -0.783424 0.007788 
 -0.309124 -0.045307 -0.088240 
 -0.229547 -0.815949 0.024591 
 0.523727 0.069141 0.017997 
 0.394512 0.116703 -0.034783 
 -0.208807 0.392179 0.105985 
 0.382157 0.516293 -0.053093 
 -0.533890 -0.580684 0.059516 
 -0.559980 -0.404688 0.018857 
 -0.323765 -0.057563 -0.124962 
 -0.223604 -0.523822 0.001345 
 -0.191865 -0.075246 0.034420 
 0.535512 -0.048811 -0.027094 
 -0.208905 0.392179 0.103539 
 0.308635 -0.108270 -0.050810 
 -0.016704 0.594456 -0.083575 
 0.107248 0.769613 0.024823 
 0.404373 -0.230734 -0.061187 
 -0.037110 -0.218449 0.099070 
 0.285662 0.487371 -0.133533 
 -0.397055 0.051032 0.067343 
 -0.417727 -0.182209 -0.178665 
 0.261569 -0.080763 -0.012837 
 -0.352606 0.600068 -0.060308 
 0.397840 0.532137 0.047243 
 -0.008848 0.924295 0.307802 
 -0.159943 0.056186 0.055241 
 0.423560 0.041199 -0.062219 
 0.192292 0.569739 -0.076800 
 0.444391 -0.208179 -0.047766 
 -0.118287 0.842738 0.160019 
 0.258898 0.593676 0.171263 
 0.115608 -0.683144 -0.038113 
 0.313781 -0.710416 -0.034120 
 -0.260769 0.790383 0.145971 
 -0.005939 -0.051948 0.087322 
 -0.486407 -0.618148 0.050674 
 0.430520 0.429958 -0.036377 
 0.613959 -0.477583 0.047012 
 -0.225710 -0.506070 0.005541 
 -0.347781 -0.153482 -0.241245 
 0.058465 0.922750 0.250163 
 -0.400922 0.090759 0.081787 
 -0.371947 -0.671917 0.039686 
 -0.665833 -0.326542 -0.036475 
 -0.316497 0.096434 0.090227 
 -0.596121 -0.226660 -0.102029 
 0.390863 0.447535 -0.110855 
 0.306572 -0.088598 -0.043381 
 -0.186262 -0.781976 0.011295 
 0.594795 -0.509475 0.063905 
 0.215235 0.398823 -0.218841 
 0.467503 -0.225911 -0.053459 
 0.301727 0.220989 -0.033817 
 0.272117 -0.743103 -0.019098 
 -0.087389 0.717150 -0.088782 
 -0.180571 0.338750 0.070431 
 -0.056054 -0.502620 0.048332 
 -0.133149 0.695272 -0.022472 
 -0.455321 -0.075482 -0.110355 
 -0.422636 -0.506934 0.020659 
 -0.314070 -0.388672 -0.019026 
 0.067552 0.611846 -0.116480 
 -0.570960 0.035136 -0.076333 
 -0.104077 0.172439 0.058905 
 -0.028288 -0.033456 0.094087 
 0.350979 -0.100764 -0.060282 
 -0.268633 0.557126 -0.038840 
 -0.439503 -0.686616 0.058756 
 0.052168 -0.252809 0.091845 
 -0.033079 0.554637 -0.100250 
 -0.575442 -0.123547 -0.137792 
 -0.371386 -0.723304 0.049925 
 -0.229613 -0.463539 0.020709 
 0.211187 -0.280000 0.016264 
 -0.325558 -0.024167 0.043167 
 0.009330 0.327500 0.095052 
 0.475099 -0.063172 -0.068947 
 -0.050777 0.372420 -0.000889 
 0.378785 0.282437 -0.003400 
 0.261350 -0.602133 -0.028889 
 0.083385 -0.596877 0.024520 
 0.070640 -0.473842 0.070142 
 0.133951 -0.641520 -0.020466 
 -0.366567 0.488960 -0.057231 
 -0.623545 -0.067056 -0.120529 
 -0.202764 -0.235272 0.032481 
 0.064872 -0.647160 0.033975 
 -0.621140 -0.293767 -0.051185 
 -0.078672 0.106247 0.064935 
 -0.404992 -0.403874 -0.000635 
 -0.579249 -0.563306 0.063410 
 -0.685422 -0.198849 -0.082028 
 -0.179321 0.677190 0.029283 
 0.413891 -0.595167 -0.060105 
 0.009447 0.781425 -0.056347 
 -0.128201 -0.099802 0.059528 
 0.321618 0.596748 0.175647 
 -0.422397 0.089341 0.080075 
 -0.163457 -0.509633 0.038872 
 0.330181 0.451766 -0.143544 
 0.149060 -0.579802 0.004764 
 0.576495 -0.282842 0.010186 
 -0.271798 0.108239 0.067348 
 -0.049426 0.372420 -0.001980 
 -0.373141 0.313409 0.091457 
 -0.146323 -0.437020 0.036878 
 -0.269470 0.746981 0.050260 
 0.232066 -0.266792 -0.008761 
 0.354737 -0.145423 -0.061465 
 0.284137 -0.344484 -0.034507 
 0.182943 -0.740933 0.006402 
 0.346918 0.174028 -0.016817 
 0.032149 0.341584 0.055432 
 -0.484282 -0.636520 0.043022 
 0.376524 -0.427177 -0.028981 
 0.100479 0.019067 0.044499 
 0.158053 0.702927 -0.028933 
 -0.446377 -0.105180 -0.152327 
 -0.113276 0.502530 -0.095219 
 -0.474755 -0.077732 -0.112455 
 -0.474605 0.108434 0.144719 
 -0.277950 0.220369 0.063211 
 -0.581159 -0.406123 0.016888 
 -0.493787 -0.049159 -0.134313 
 0.396281 -0.397932 -0.046392 
 0.486911 0.471237 0.061418 
 -0.474668 -0.318700 -0.003573 
 0.088148 0.773920 -0.006070 
 -0.465547 -0.509812 0.016356 
 -0.520250 -0.332325 0.018922 
 -0.458000 -0.760341 0.060214 
 0.118078 0.706753 -0.061032 
 0.454149 -0.578323 -0.034848 
 -0.024114 -0.073286 0.077177 
 -0.531876 -0.194074 -0.115604 
 -0.387805 0.200227 0.093449 
 -0.385994 0.686552 0.001477 
 0.530777 -0.503352 0.030530 
 -0.163352 0.572888 -0.055236 
 0.366163 0.203505 -0.034930 
 0.160370 -0.201503 0.042077 
 0.405223 -0.777909 -0.021397 
 -0.623545 -0.066765 -0.119731 
 -0.013471 -0.801704 0.046297 
 -0.268576 0.372452 0.075975 
 0.284908 0.150282 -0.030463 
 0.595593 -0.262538 0.019247 
 -0.164207 0.709768 0.072787 
 0.197182 -0.369334 0.011145 
 -0.355155 0.024869 0.091648 
 -0.032876 -0.490496 0.024854 
 -0.380037 0.092291 0.083908 
 0.398971 0.275999 0.025818 
 0.358533 -0.727640 -0.037260 
 0.128483 -0.338696 0.032369 
 0.245195 0.118898 -0.014528 
 0.358251 0.629075 0.236695 
 0.020874 -0.386034 0.068147 
 0.291381 -0.178575 -0.047973 
 -0.090684 0.736296 -0.081023 
 0.205873 0.655395 -0.074551 
 -0.166661 -0.791540 0.039513 
 -0.236306 -0.059458 0.036658 
 -0.027034 0.854458 0.062143 
 -0.012611 0.775949 -0.044373 
 0.130364 0.615948 -0.111160 
 0.536876 -0.574064 0.035143 
 -0.282829 -0.021329 0.047436 
 -0.186096 -0.144409 0.038115 
 -0.046966 -0.054793 0.083069 
 -0.408656 0.704521 0.007057 
 0.195136 -0.587001 -0.026057 
 -0.216314 0.276967 0.044696 
 0.335395 0.425846 -0.199981 
 -0.182782 -0.093716 -0.237059 
 0.188387 0.022393 -0.009314 
 0.530665 0.188497 0.064615 
 0.078178 -0.261585 0.059267 
 0.178908 -0.659230 -0.024091 
 0.332864 -0.156020 -0.036309 
 0.255744 0.401550 -0.215345 
 0.445134 0.476628 0.029394 
 -0.654806 0.029833 -0.085078 
 0.037516 0.841728 0.046977 
 -0.372991 -0.615419 0.013706 
 -0.162277 -0.212454 0.044896 
 -0.425941 0.446055 -0.078066 
 0.447814 -0.005750 -0.047486 
 -0.011957 0.776317 -0.044373 
 -0.443172 -0.615440 0.056012 
 0.292300 0.092697 -0.052607 
 -0.469814 -0.086973 -0.146465 
 -0.667709 -0.152981 -0.078748 
 -0.664853 -0.326997 -0.036475 
 0.281075 0.189394 -0.015701 
 0.355213 0.677824 0.209437 
 0.481624 0.074773 -0.013696 
 -0.098337 0.782566 -0.016763 
 -0.275595 -0.395971 0.012207 
 0.136892 0.777841 0.169260 
 -0.060807 -0.731516 0.038247 
 -0.600480 -0.427653 0.007385 
 0.244030 -0.643651 -0.044471 
 -0.291763 -0.058978 -0.045289 
 -0.414569 0.338752 0.066886 
 0.032671 0.341136 0.055432 
 0.518906 -0.356530 0.008457 
 0.446074 -0.753005 -0.007398 
 0.404387 0.217331 0.004211 
 -0.212706 -0.421915 0.038399 
 0.264627 0.663604 -0.005187 
 -0.422300 -0.142994 -0.165034 
 0.012255 0.047385 0.064690 
 0.346336 -0.309241 -0.047026 
 -0.055423 0.314816 0.117754 
 -0.129260 0.683706 -0.058182 
 -0.348450 -0.005722 0.048873 
 0.052017 -0.252809 0.091845 
 0.065546 0.630992 -0.111221 
 -0.486512 0.016774 -0.062486 
 0.358150 -0.194082 -0.050083 
 -0.051974 -0.512341 0.015124 
 0.281626 0.364725 -0.227720 
 -0.076599 0.085869 0.057126 
 0.147062 -0.579802 0.004101 
 0.277893 -0.281634 -0.012016 
 0.512104 0.410032 0.054328 
 0.455659 -0.351195 -0.025034 
 -0.412555 0.238436 0.106746 
 -0.350509 0.266779 0.107020 
 -0.065855 0.894813 0.230251 
 0.026319 0.140414 0.055473 
 -0.488574 0.036042 -0.054295 
 -0.453257 0.216260 0.095036 
 -0.391957 0.239921 0.108862 
 0.451915 0.426671 -0.020408 
 0.308012 -0.639356 -0.038049 
 -0.264528 -0.576550 0.005304 
 0.348736 0.154472 -0.024198 
 -0.111307 -0.029844 0.057866 
 -0.510659 -0.109381 -0.158609 
 0.338620 0.017016 -0.015738 
 0.274315 0.420979 -0.206099 
 0.052189 -0.797016 0.052809 
 0.197484 0.539409 -0.120284 
 -0.396022 -0.596664 0.018156 
 0.081539 0.822404 0.057880 
 0.379979 0.255046 0.016885 
 0.110183 -0.380108 0.016128 
 -0.258879 -0.147703 -0.294435 
 0.397654 0.532137 0.047243 
 0.118005 -0.683144 -0.038113 
 -0.108338 -0.128311 0.081384 
 -0.265586 0.330229 0.074944 
 -0.248501 -0.077215 -0.235950 
 -0.127200 -0.650028 -0.012202 
 0.368881 -0.548402 -0.076207 
 -0.365794 -0.046868 0.031427 
 0.312380 0.093011 -0.050518 
 -0.026107 0.237426 0.088502 
 -0.140396 0.748499 0.013355 
 -0.296035 -0.416931 0.002502 
 0.065546 0.630765 -0.110068 
 0.467552 0.212732 0.038107 
 0.452970 0.161456 -0.013007 
 0.040423 -0.597017 0.020217 
 0.053748 0.852988 0.098544 
 -0.202197 -0.552973 0.019362 
 -0.174391 0.279775 0.047396 
 -0.180571 0.339528 0.069533 
 0.444413 0.042722 -0.060287 
 0.473088 -0.300751 -0.035007 
 -0.362979 0.450105 -0.071858 
 -0.443592 0.425295 -0.088195 
 0.270929 -0.713287 -0.036376 
 -0.122138 -0.189636 0.056644 
 -0.453257 0.215794 0.096012 
 -0.080300 -0.754463 0.028833 
 0.324550 -0.561866 -0.053633 
 -0.323688 0.472351 -0.061241 
 -0.070778 0.927327 0.273259 
 -0.640953 -0.370106 -0.035960 
 0.321167 -0.510559 -0.065427 
 0.362377 0.589017 0.223690 
 0.082658 0.806785 0.036647 
 -0.508569 -0.158329 -0.146333 
 0.313087 -0.128052 -0.058240 
 -0.533586 -0.042102 -0.165670 
 0.041468 0.882129 0.233312 
 -0.045889 -0.320096 0.058448 
 -0.476457 -0.751681 0.031400 
 -0.155013 -0.588803 0.008458 
 0.000289 0.665361 -0.101749 
 -0.453315 0.108335 0.147367 
 0.490626 0.412799 0.039361 
 -0.147264 -0.150973 0.069583 
 -0.354475 -0.147910 -0.193249 
 -0.152158 0.257201 0.055737 
 -0.207372 -0.482198 0.015271 
 -0.015203 -0.478773 0.061536 
 -0.058513 -0.451759 0.037877 
 -0.146852 0.169620 0.053510 
 -0.052578 0.777768 -0.062481 
 -0.386712 -0.352972 -0.010340 
 0.466925 -0.768078 0.032798 
 -0.014396 0.548340 -0.070378 
 -0.020126 0.664027 -0.103794 
 0.086220 -0.645718 0.034516 
 -0.301928 -0.042650 0.037791 
 0.425253 -0.484390 -0.046972 
 0.072962 -0.493987 0.062538 
 -0.051814 0.506660 -0.089044 
 0.085607 0.440486 -0.182332 
 -0.032163 0.778957 -0.060436 
 -0.058370 -0.219880 0.096272 
 0.266177 -0.394772 -0.026697 
 -0.130288 -0.082857 0.067045 
 -0.001896 0.847498 0.014740 
 -0.012068 -0.801704 0.046297 
 -0.559604 -0.032793 -0.133195 
 0.380168 0.254600 0.016885 
 0.030332 0.539513 -0.101346 
 -0.100657 -0.252549 0.111574 
 0.003047 -0.165909 0.090478 
 -0.062724 -0.411756 0.053046 
 -0.075619 0.571115 -0.097100 
 0.406666 0.217331 0.004211 
 -0.119908 0.587592 -0.093950 
 0.530777 -0.503352 0.030320 
 -0.105504 0.192174 0.065174 
 -0.177573 0.299433 0.054693 
 -0.043989 0.896210 0.232033 
 -0.536533 -0.529733 0.050132 
 -0.296237 -0.046844 -0.010587 
 0.344799 -0.042817 -0.037997 
 0.059793 -0.575148 0.029972 
 -0.257493 -0.374497 0.021783 
 0.338702 -0.225070 -0.031457 
 -0.366159 0.488960 -0.057231 
 -0.667030 -0.123589 -0.098124 
 0.566779 -0.743531 0.173970 
 -0.331865 -0.111935 -0.224461 
 0.183686 -0.455792 -0.009262 
 0.485628 -0.768326 0.096221 
 0.018943 -0.600470 0.018065 
 -0.270596 0.392290 0.083395 
 -0.084014 0.815047 0.027352 
 -0.372901 -0.016383 0.073717 
 -0.216606 0.813740 0.326242 
 0.357773 0.056692 -0.061104 
 0.202440 -0.677403 -0.030618 
 -0.073360 0.362608 0.024695 
 0.156509 0.143566 0.021541 
 -0.051415 0.043140 0.058343 
 -0.376153 -0.544348 0.010970 
 0.141892 -0.489032 0.006887 
 -0.506016 0.020003 -0.077699 
 -0.465113 0.086503 0.075423 
 0.112525 -0.642955 -0.021109 
 -0.496221 -0.430668 0.044871 
 -0.214812 -0.401820 0.045093 
 0.543345 -0.713775 0.152622 
 -0.044367 -0.074708 0.075552 
 0.311561 -0.402772 -0.054878 
 -0.445380 0.019586 -0.057520 
 0.639057 -0.496194 0.041588 
 -0.163064 0.100003 0.055739 
 -0.276764 -0.395547 0.012207 
 0.249503 -0.715233 -0.040406 
 0.194303 -0.046064 -0.005681 
 0.076678 0.065302 0.029535 
 0.283270 0.506542 -0.127003 
 0.042537 0.234839 0.046008 
 0.183422 0.673841 -0.069362 
 -0.017451 0.130378 0.078743 
 -0.470230 0.174754 0.078630 
 -0.455408 0.129826 0.156142 
 -0.536014 -0.560410 0.068150 
 -0.476380 -0.076886 -0.112455 
 0.364402 -0.011351 -0.053960 
 0.499758 -0.379126 -0.000266 
 0.224492 0.649377 -0.044541 
 -0.079569 -0.251246 0.113720 
 0.215400 0.224317 -0.005890 
 0.171575 0.241079 -0.004000 
 0.044175 -0.172637 0.122594 
 -0.573688 -0.624128 0.042014 
 -0.030215 0.488762 -0.094260 
 -0.030400 -0.308396 0.095259 
 -0.152785 -0.641388 0.020735 
 -0.069992 0.486009 -0.099131 
 0.037283 0.275792 0.060848 
 -0.216640 -0.066172 0.066054 
 -0.303267 -0.620614 -0.015246 
 -0.604643 -0.045993 -0.111119 
 -0.327585 0.276757 0.081342 
 -0.668476 -0.104163 -0.090675 
 0.067094 -0.156836 0.083370 
 0.267350 0.129329 -0.038263 
 0.130683 0.859432 0.184608 
 0.105072 -0.319648 0.038765 
 0.235356 -0.014164 -0.019838 
 0.576331 0.167210 0.075204 
 -0.184923 0.708381 0.071335 
 0.259153 0.206971 -0.010408 
 0.144193 0.457679 -0.155101 
 -0.424961 0.446055 -0.079279 
 -0.248057 -0.515569 0.030267 
 -0.420316 0.069115 0.072168 
 0.008666 0.781812 -0.056347 
 -0.017451 0.129682 0.079461 
 0.436560 -0.373206 -0.035662 
 -0.223311 0.520040 -0.049314 
 0.131845 -0.621426 -0.012480 
 0.378785 0.281565 -0.003400 
 -0.468409 0.174754 0.077965 
 0.506909 0.468547 0.077437 
 -0.146323 -0.437782 0.036878 
 0.194063 0.736571 0.017737 
 0.289022 -0.661900 -0.047755 
 -0.452307 0.526199 -0.064743 
 -0.051287 0.275790 0.101292 
 0.081660 -0.301568 0.041662 
 0.108267 0.614581 -0.113205 
 -0.215227 -0.086086 0.059223 
 -0.131213 -0.376365 0.061776 
 -0.127980 -0.685739 0.019503 
 0.239107 -0.336449 -0.004158 
 0.022980 -0.406128 0.062600 
 -0.474586 0.068126 -0.009133 
 -0.287438 0.352955 0.066456 
 0.385308 -0.009951 -0.053675 
 0.345841 0.483235 -0.098464 
 -0.050091 -0.532435 0.007408 
 -0.536201 -0.288078 -0.042047 
 -0.445441 -0.538959 0.038927 
 0.137692 -0.448327 0.022617 
 -0.545879 -0.002464 -0.089516 
 0.147355 0.278795 0.008674 
 0.058877 -0.312489 0.069150 
 0.293598 -0.743777 -0.016947 
 -0.379421 -0.443215 -0.012692 
 -0.266456 -0.526905 -0.006335 
 -0.174108 -0.348956 0.038040 
 -0.269290 -0.108959 -0.218220 
 -0.212706 -0.421915 0.038083 
 -0.235643 -0.058219 0.036658 
 0.532877 -0.523395 0.023776 
 0.352429 0.691419 0.244935 
 -0.145020 -0.758807 0.021935 
 0.358251 0.628385 0.236639 
 -0.386187 -0.081372 -0.138706 
 -0.118795 0.083042 0.052621 
 -0.299813 0.634027 -0.011691 
 -0.361800 -0.371536 -0.015404 
 -0.419782 -0.162602 -0.171864 
 -0.208392 -0.462103 0.022855 
 -0.646611 -0.151568 -0.075451 
 -0.032876 -0.491279 0.024854 
 -0.123625 -0.169670 0.064180 
 -0.303082 -0.740169 0.048765 
 0.016832 -0.579169 0.025669 
 0.148895 -0.038507 0.027338 
 0.544088 -0.407678 0.022645 
 0.400659 0.060268 -0.056927 
 -0.202178 -0.523693 0.000103 
 0.128676 0.257842 -0.000796 
 0.292355 -0.711468 -0.036114 
 -0.413803 0.263291 0.100452 
 -0.006022 0.749350 -0.100401 
 -0.084150 -0.412937 0.050900 
 -0.396706 -0.545786 0.007603 
 0.413891 -0.596095 -0.059776 
 -0.232789 0.212209 0.032469 
 0.545877 -0.441791 0.055721 
 0.323838 -0.042233 -0.040097 
 -0.072653 -0.007143 0.068623 
 0.463549 -0.442199 -0.027990 
 0.136901 -0.692566 -0.007484 
 -0.303461 0.692081 0.009283 
 -0.385049 -0.352972 -0.010340 
 0.082866 0.455192 -0.161243 
 0.201419 0.135705 -0.011316 
 0.394258 0.398677 -0.096741 
 -0.512206 -0.579236 0.063813 
 0.274159 -0.775556 0.000026 
 0.547540 -0.181396 -0.029832 
 -0.004763 -0.347280 0.084291 
 -0.413571 -0.723543 0.045584 
 0.037505 -0.314370 0.068274 
 0.557872 -0.071813 -0.018155 
 -0.485736 0.085085 0.073301 
 0.502946 -0.164480 -0.026897 
 -0.123052 0.151294 0.046941 
 -0.496378 0.066716 -0.012115 
 0.510793 0.187777 0.062516 
 -0.482995 0.001396 -0.082775 
 0.487788 0.015520 -0.035898 
 0.282721 -0.600702 -0.024023 
 0.343827 0.503644 -0.092319 
 -0.167193 0.197762 0.031346 
 0.089056 -0.155410 0.085502 
 0.548124 0.026608 0.017945 
 -0.135174 0.330381 0.038681 
 -0.333906 -0.092296 -0.217109 
 -0.548090 -0.642953 0.036527 
 0.128532 0.747962 0.032865 
 0.458663 0.095823 -0.008390 
 -0.107281 0.711956 -0.076318 
 -0.363225 -0.100082 -0.143951 
 0.217414 -0.064390 -0.009483 
 -0.210601 -0.441527 0.030440 
 0.226505 0.470366 -0.160793 
 0.350979 -0.099957 -0.060257 
 0.272557 0.061477 -0.035569 
 -0.328970 -0.581761 -0.000165 
 -0.344156 -0.192441 -0.255950 
 -0.382970 0.131905 0.098902 
 0.172493 0.213644 0.016192 
 -0.454484 0.316524 0.056025 
 0.090055 -0.722606 0.053403 
 0.063665 0.292764 0.007701 
 0.392556 0.523649 0.152889 
 0.047582 0.175863 0.026146 
 -0.557628 -0.424127 0.011273 
 -0.152737 -0.347315 0.040180 
 0.256289 -0.295197 0.013001 
 -0.064841 0.896178 0.230251 
 0.048882 0.151748 0.030013 
 -0.129311 -0.630623 -0.004598 
 0.461079 0.271554 0.061167 
 -0.421836 -0.140890 -0.165034 
 0.082091 0.294161 0.010392 
 -0.167397 0.612256 -0.041758 
 0.005624 0.111308 0.073387 
 -0.580480 -0.563306 0.064970 
 -0.143399 -0.790088 0.040945 
 -0.419200 -0.613992 0.057170 
 -0.066974 0.718517 -0.088319 
 -0.083677 0.193584 0.067282 
 -0.023701 0.427645 -0.102236 
 0.503350 0.265727 0.092195 
 0.485726 -0.768317 0.096221 
 -0.490720 -0.088373 -0.148740 
 0.065832 -0.403258 0.065987 
 -0.006725 -0.529565 0.011832 
 -0.347112 0.515905 -0.061714 
 -0.260362 -0.648600 0.009244 
 -0.149236 0.651465 -0.025128 
 0.411788 -0.324809 -0.047481 
 0.451963 -0.301716 -0.037189 
 0.194126 -0.319379 -0.001188 
 -0.057866 0.618836 -0.109809 
 0.057582 0.044157 0.020337 
 0.060719 -0.058222 0.058859 
 -0.390910 -0.071030 -0.104057 
 -0.221566 -0.574567 0.010576 
 -0.443345 -0.282347 -0.096143 
 0.397758 -0.424870 -0.026854 
 -0.453794 -0.075482 -0.111139 
 -0.189242 -0.730517 -0.001432 
 -0.327391 0.706256 0.029418 
 0.042248 -0.119026 0.096310 
 0.358219 0.408369 -0.205149 
 -0.238387 -0.038356 0.044661 
 0.275811 -0.262785 -0.004518 
 0.202078 0.505158 -0.148385 
 0.005834 -0.215586 0.102694 
 -0.169255 0.215406 0.038776 
 0.428904 -0.534500 -0.035365 
 -0.057866 0.618836 -0.107886 
 0.079942 0.689621 -0.086344 
 -0.456578 -0.780717 0.052523 
 -0.033406 0.581862 -0.119294 
 -0.014690 0.576186 -0.090941 
 -0.245658 0.540036 -0.044077 
 0.277070 0.688258 0.067495 
 -0.631784 0.011579 -0.090333 
 0.276591 -0.234237 -0.024204 
 -0.421790 -0.557330 0.032261 
 0.438797 -0.393070 -0.042150 
 0.576495 -0.283882 0.010186 
 0.442363 0.061174 -0.052750 
 -0.363601 -0.351544 -0.008205 
 -0.366888 -0.774896 0.061227 
 0.298757 -0.005279 -0.028112 
 0.499441 0.285386 0.099615 
 0.480889 -0.390232 -0.037907 
 -0.044280 0.425381 -0.104142 
 0.125277 0.457245 -0.157148 
 -0.198109 -0.015655 0.054909 
 0.417703 -0.141193 -0.055159 
 -0.573963 -0.197533 -0.119489 
 0.043306 0.648770 -0.104886 
 -0.060302 0.638008 -0.101167 
 0.123754 0.328968 -0.020140 
 -0.064830 -0.391560 0.060630 
 0.393849 0.137709 -0.027402 
 -0.223604 -0.523822 -0.004798 
 0.437666 -0.620012 -0.052075 
 0.201618 0.135705 -0.012742 
 0.107248 0.769613 0.024013 
 0.327136 -0.087278 -0.041279 
 0.197182 -0.367764 0.011136 
 0.301871 0.346993 -0.232887 
 0.060214 -0.037615 0.066357 
 0.144207 0.481926 -0.161745 
 0.088883 -0.691518 0.034276 
 -0.343445 -0.045449 0.033549 
 0.174140 -0.076663 0.013497 
 0.183669 0.484661 -0.158200 
 -0.238657 0.653661 0.015854 
 0.188811 0.744601 0.067121 
 0.546818 -0.461834 0.048156 
 -0.489138 -0.460666 0.001334 
 0.199493 0.520115 -0.127250 
 0.409816 -0.556162 -0.045033 
 0.321236 -0.246270 -0.041038 
 -0.032240 -0.288432 0.102843 
 -0.012827 -0.801914 0.046297 
 0.000960 0.827877 0.007485 
 0.539874 0.106441 0.048711 
 0.317658 0.015783 -0.018632 
 -0.667828 -0.177622 -0.072434 
 -0.024381 0.728891 -0.111194 
 -0.302931 -0.191844 -0.251789 
 0.107721 0.769613 0.024053 
 0.153260 -0.112138 0.046244 
 0.618855 -0.280983 0.014789 
 0.483754 0.036265 -0.028497 
 0.564448 -0.140516 -0.012587 
 -0.250785 0.390021 0.099335 
 -0.370105 -0.189150 -0.210100 
 -0.464757 0.086503 0.075134 
 -0.022183 0.682960 -0.096568 
 -0.207334 0.116963 0.060875 
 -0.199472 0.317688 0.058121 
 -0.435558 0.337346 0.062487 
 0.115731 -0.213883 0.065027 
 0.215346 -0.044712 -0.002154 
 0.245486 0.119935 -0.014528 
 0.427010 0.477266 -0.049607 
 -0.135644 -0.569726 0.018213 
 -0.327770 -0.581761 -0.001150 
 0.165778 0.332102 -0.015979 
 -0.573963 -0.197417 -0.119489 
 0.068608 -0.454538 0.077745 
 -0.102003 -0.735637 0.033917 
 -0.477909 -0.699431 0.021344 
 0.284104 0.169838 -0.022406 
 -0.014396 0.547961 -0.069590 
 -0.099374 -0.475022 0.026001 
 -0.040541 0.662447 -0.106982 
 0.274280 0.573815 -0.069456 
 0.488149 0.214360 0.040201 
 -0.510148 -0.598827 0.056161 
 -0.599142 -0.158832 -0.106915 
 0.455786 -0.093744 -0.048725 
 0.133951 -0.641409 -0.020798 
 0.003047 -0.165975 0.090590 
 0.084714 0.865478 0.230108 
 0.118421 -0.471504 0.012911 
 -0.058481 -0.219880 0.094187 
 -0.153667 -0.032551 0.052641 
 0.375083 0.415948 -0.154287 
 0.210689 0.437012 -0.205009 
 -0.237699 -0.038356 0.044155 
 -0.320110 0.406337 -0.054706 
 -0.168279 0.748065 0.088625 
 0.395400 0.532137 0.047243 
 0.167413 0.412599 -0.139817 
 0.012214 0.491929 -0.090144 
 0.202975 -0.159232 0.000217 
 0.207097 -0.473333 -0.013060 
 0.008388 -0.498594 0.056084 
 -0.559756 -0.541263 0.074787 
 -0.341328 -0.345536 -0.019563 
 -0.200086 -0.574008 0.011758 
 -0.058318 -0.452057 0.037877 
 -0.445622 0.444671 -0.080577 
 0.446074 -0.752779 -0.009490 
 -0.042741 0.708443 -0.119335 
 0.484795 -0.177908 -0.063711 
 -0.360949 0.430830 -0.078553 
 0.350623 0.452480 -0.141863 
 -0.255128 0.182308 0.050421 
 0.012214 0.492708 -0.090144 
 0.212622 -0.015570 -0.022071 
 0.224908 -0.666473 -0.054176 
 -0.500633 0.076641 0.022673 
 0.581355 -0.099635 0.003449 
 0.137049 -0.182398 0.047467 
 0.407927 -0.279707 -0.047522 
 -0.015774 0.090108 0.063806 
 -0.135644 -0.569741 0.018213 
 0.562024 -0.639522 0.088094 
 -0.062724 -0.411869 0.052145 
 0.036780 0.302767 0.040631 
 -0.099259 -0.475022 0.025056 
 -0.016704 0.594456 -0.083196 
 0.404980 0.020373 -0.071689 
 -0.204856 -0.215743 0.040579 
 0.016502 -0.345845 0.084382 
 0.409216 0.178483 -0.010551 
 0.515036 -0.306875 -0.003676 
 -0.090295 -0.616248 0.034123 
 -0.187151 0.727809 0.079217 
 0.346634 0.560063 0.163661 
 -0.510908 -0.630046 0.075258 
 -0.454290 0.040645 0.013207 
 0.392463 0.137944 -0.027402 
 0.611214 -0.756856 0.218808 
 0.001554 -0.406144 0.059484 
 -0.123317 -0.788637 0.042459 
 0.186871 0.472714 -0.192634 
 -0.258138 0.657041 -0.000255 
 0.305978 0.171235 -0.020994 
 -0.518488 -0.030952 -0.129007 
 0.389342 -0.068773 -0.075970 
 0.249503 -0.715874 -0.040406 
 0.082812 -0.027620 0.041126 
 0.051100 0.103363 0.042683 
 0.317992 -0.750441 -0.049136 
 -0.034379 0.315940 0.118298 
 0.570491 -0.209781 -0.008213 
 0.203238 -0.697498 -0.037113 
 0.080093 -0.281577 0.051721 
 -0.028175 0.257919 0.095951 
 -0.430055 -0.064565 -0.136196 
 -0.051732 0.928405 0.275353 
 0.191912 -0.576240 0.008393 
 -0.246520 0.070030 0.054332 
 -0.193073 0.258712 0.037754 
 0.246370 -0.663694 -0.052036 
 0.145213 0.038027 -0.006089 
 -0.132468 0.283046 0.051472 
 -0.133310 0.695272 -0.021922 
 -0.552421 -0.141478 -0.143806 
 -0.055684 0.572320 -0.095047 
 -0.026382 0.746910 -0.102882 
 -0.423891 -0.123702 -0.157634 
 -0.093373 0.272162 0.097077 
 -0.017826 0.158341 0.058707 
 -0.407092 -0.384517 0.006550 
 -0.114163 -0.569020 0.020364 
 0.109773 0.208614 0.009910 
 0.397979 -0.673347 -0.044617 
 0.004044 -0.728668 0.044743 
 0.365201 0.503831 -0.090266 
 -0.231919 -0.443444 0.028294 
 -0.573963 -0.196175 -0.119489 
 -0.415701 -0.705882 0.051900 
 0.457618 -0.118211 -0.042952 
 0.147337 -0.312288 0.029479 
 0.538054 -0.336988 0.018100 
 0.263252 0.168442 -0.024152 
 -0.265586 0.329935 0.074944 
 -0.258725 0.770878 0.137102 
 0.483290 0.046674 0.007597 
 -0.322384 -0.161712 -0.273581 
 -0.477097 0.258080 0.094113 
 -0.670544 -0.084118 -0.083676 
 0.209798 0.456107 -0.197802 
 0.102943 0.295653 0.011878 
 0.484795 -0.175858 -0.064207 
 -0.441632 -0.665916 0.066427 
 -0.328867 -0.581761 -0.001150 
 0.056872 0.483694 -0.121060 
 0.201618 0.135734 -0.011316 
 -0.149981 -0.599894 -0.025943 
 0.332591 0.436794 -0.164530 
 -0.015448 -0.750119 0.034974 
 0.439126 -0.134466 -0.066699 
 -0.221652 0.522067 -0.049314 
 0.010499 -0.518449 0.046647 
 0.055251 -0.272852 0.084280 
 -0.701461 -0.080745 -0.063446 
 -0.082971 0.366604 0.059757 
 0.206258 0.777790 -0.030148 
 -0.192417 0.405529 0.097934 
 -0.157268 0.182662 0.082122 
 0.347046 -0.234267 -0.029120 
 0.348319 -0.759930 0.077496 
 -0.454287 0.464002 -0.120759 
 0.480343 -0.405447 -0.047871 
 -0.322069 -0.562392 -0.017951 
 0.475771 -0.011929 -0.043570 
 -0.338768 0.552401 -0.073362 
 0.518951 -0.482658 -0.042179 
 0.056544 -0.010547 0.109698 
 0.226904 0.611936 -0.163325 
 -0.569327 -0.540398 0.031529 
 0.187121 -0.236726 0.064515 
 0.235000 0.649034 -0.102714 
 0.118507 -0.607962 -0.038482 
 0.116945 0.797993 0.003275 
 0.262036 0.776112 -0.031143 
 0.087378 -0.747961 0.018716 
 -0.723762 -0.268140 -0.043034 
 0.598321 0.132420 0.014689 
 -0.288980 -0.040942 0.122178 
 -0.168162 -0.393303 -0.032400 
 0.009538 0.759257 -0.122034 
 -0.575645 -0.321714 -0.125105 
 0.539503 -0.332273 -0.032014 
 0.600754 0.001784 0.021171 
 -0.137957 -0.155896 0.090742 
 -0.271917 0.221827 0.094060 
 0.352078 0.503676 -0.074143 
 -0.494739 0.130067 0.194918 
 0.314751 -0.634137 -0.009153 
 -0.436639 0.429791 -0.128885 
 -0.138274 0.183104 0.081642 
 0.035481 0.234641 0.090897 
 -0.192470 0.692218 -0.107917 
 0.075854 -0.068276 0.108533 
 -0.305244 -0.483008 -0.051720 
 0.504169 -0.616433 -0.035080 
 -0.320656 -0.334761 -0.014896 
 -0.022091 0.142478 0.095507 
 0.459653 0.264714 -0.002614 
 0.106727 -0.309105 0.033815 
 0.275290 -0.574759 -0.020125 
 -0.174744 -0.617864 -0.086864 
 0.025824 0.687319 -0.140708 
 0.660266 -0.037433 0.037650 
 -0.025616 0.600238 -0.108336 
 -0.229872 0.369311 0.103020 
 -0.079818 -0.562141 -0.075657 
 -0.301272 0.480466 -0.066207 
 -0.244394 0.622340 -0.085102 
 -0.443126 -0.082077 -0.161176 
 -0.081895 0.255668 0.071553 
 0.073431 0.140692 0.094764 
 -0.267799 -0.426521 -0.064872 
 0.427292 -0.520425 -0.023156 
 -0.125730 -0.286393 0.019749 
 0.059013 0.083750 0.132507 
 -0.594113 -0.208898 -0.136629 
 -0.173537 0.442060 0.106664 
 0.576174 -0.217587 -0.031691 
 0.383776 -0.291202 -0.044992 
 -0.628984 -0.152922 -0.109281 
 0.163817 0.195648 0.052998 
 -0.475669 0.187496 0.181975 
 0.249940 0.504742 -0.136816 
 -0.644806 -0.426965 0.035126 
 -0.326968 -0.022142 0.127852 
 0.476257 0.172619 -0.025734 
 0.040481 -0.415793 -0.041494 
 0.405735 0.375863 0.026906 
 -0.155306 -0.502715 -0.085518 
 -0.035988 -0.470048 -0.053928 
 -0.286601 -0.502880 -0.056741 
 0.089934 0.160584 0.071347 
 -0.041196 0.141698 0.096327 
 -0.474092 -0.524187 0.007923 
 0.116164 0.006298 0.125833 
 -0.373980 -0.115628 -0.237275 
 -0.263001 -0.298710 -0.007298 
 -0.190578 -0.676842 -0.049907 
 -0.682576 -0.081068 -0.063753 
 0.052487 -0.234210 0.067910 
 -0.410329 -0.114933 -0.235992 
 -0.416990 -0.620443 0.009206 
 0.648907 -0.567801 0.026570 
 0.451055 0.503858 0.082369 
 -0.452943 0.518053 -0.105631 
 -0.273860 0.388540 0.069031 
 -0.397644 -0.370455 -0.022079 
 0.369785 0.449962 0.044473 
 -0.303668 -0.716241 -0.014865 
 -0.301090 -0.314787 -0.010873 
 -0.137696 0.512158 -0.113632 
 -0.174822 -0.520872 -0.090397 
 0.019630 -0.603090 -0.061469 
 -0.267386 -0.675406 -0.049346 
 -0.372593 -0.115628 -0.236930 
 0.406515 -0.142765 -0.009039 
 -0.246703 0.514534 -0.083965 
 -0.021244 -0.064063 0.097951 
 0.458244 -0.123298 -0.045094 
 -0.063073 0.530048 -0.111807 
 -0.456094 -0.022227 0.209445 
 0.420606 -0.104145 -0.040334 
 0.388675 0.449658 0.043996 
 -0.004767 -0.214950 0.073932 
 -0.022663 0.831509 -0.077721 
 -0.493816 0.261136 0.187609 
 0.655159 -0.108804 -0.006451 
 -0.176417 0.238978 0.069974 
 0.676464 -0.204843 -0.002329 
 -0.231316 0.184086 0.110223 
 0.205991 0.576102 -0.184815 
 -0.414492 -0.601716 0.013902 
 -0.374432 -0.207542 -0.233083 
 0.640858 -0.280036 0.004974 
 0.364721 -0.290165 -0.043832 
 0.328749 -0.384028 -0.040391 
 0.117709 -0.512584 -0.041134 
 -0.353590 -0.043719 -0.219056 
 0.352979 0.539900 -0.066189 
 0.200454 0.139537 0.037261 
 -0.492705 -0.464634 0.009216 
 0.268460 0.504321 -0.137808 
 -0.493863 0.243410 0.183047 
 0.363219 -0.718199 0.047740 
 -0.380739 -0.444104 -0.040715 
 -0.043856 0.421083 0.073248 
 -0.362492 -0.752614 -0.024190 
 0.051593 0.724542 -0.079407 
 0.343308 0.064131 -0.023196 
 0.148925 0.102140 0.083493 
 0.539545 0.096599 0.006728 
 -0.263784 0.640704 -0.080229 
 0.458667 0.061767 -0.026062 
 -0.481189 -0.172961 -0.155538 
 0.126123 -0.748319 0.019411 
 0.182566 0.416835 0.066565 
 0.535859 0.170965 -0.000984 
 0.442137 0.320112 0.011666 
 0.031595 0.290612 0.065131 
 -0.471935 0.500383 -0.110501 
 -0.146951 0.854826 -0.030170 
 0.330747 0.026249 0.008228 
 -0.271977 0.389071 0.069031 
 0.139101 -0.552801 -0.025014 
 -0.252381 -0.078411 0.099201 
 -0.455859 -0.600995 0.014874 
 -0.399566 -0.695712 -0.009480 
 -0.461647 -0.136852 -0.148058 
 -0.025437 0.617895 -0.103936 
 -0.360911 -0.618937 -0.017824 
 0.130746 -0.179608 0.077993 
 -0.059482 -0.562498 -0.076139 
 0.439733 0.062167 -0.025584 
 0.166860 -0.198246 0.061175 
 0.195864 0.702912 -0.113885 
 -0.193848 -0.615377 -0.086382 
 -0.519622 -0.208719 -0.166245 
 0.502072 0.635387 0.178955 
 0.643915 -0.337638 0.017134 
 -0.156283 0.126417 0.093475 
 -0.316582 0.696567 -0.039409 
 -0.213803 0.443268 0.081093 
 0.181978 0.361012 0.053071 
 0.466900 0.393130 0.054780 
 0.363800 -0.326598 -0.053566 
 -0.627250 -0.366169 -0.016545 
 0.572434 -0.125427 -0.047967 
 -0.021671 -0.120693 0.096635 
 0.665437 -0.243478 0.039458 
 0.406802 -0.760693 0.076497 
 0.274349 -0.235390 -0.002637 
 -0.574398 -0.154418 -0.123696 
 0.038783 -0.602163 -0.061952 
 -0.392572 -0.113652 -0.236461 
 0.090816 0.215058 0.084928 
 0.201715 -0.690912 0.004286 
 0.099864 0.045268 0.135453 
 -0.685493 -0.153025 -0.107620 
 0.006954 -0.341612 0.002717 
 0.030384 -0.289013 0.042509 
 -0.046138 0.439382 0.051752 
 -0.010664 0.688008 -0.140633 
 -0.359985 0.334521 0.149905 
 0.253547 -0.555720 -0.015073 
 -0.626377 -0.100475 -0.069689 
 0.037955 0.009485 0.114745 
 -0.136092 0.069530 0.107030 
 0.161550 -0.422014 0.006434 
 -0.281629 -0.242668 0.006800 
 -0.667348 -0.229833 -0.074351 
 0.352529 0.521788 -0.068807 
 -0.343872 0.072215 0.150886 
 -0.363208 -0.040623 0.150303 
 -0.419328 0.167350 0.162439 
 -0.325406 -0.002350 0.119385 
 0.537604 0.189361 0.002444 
 -0.172060 -0.409788 -0.063037 
 -0.118651 0.144264 0.098255 
 -0.499034 -0.304779 -0.122524 
 -0.382234 -0.002808 0.159947 
 0.481094 -0.368324 -0.039707 
 -0.171572 -0.637245 -0.065738 
 -0.407763 -0.043841 -0.192285 
 0.683019 -0.633753 0.102031 
 0.348227 0.413619 0.035976 
 -0.320603 -0.543736 -0.013390 
 -0.104103 0.688190 -0.150702 
 -0.039002 0.010921 0.116544 
 -0.059158 0.851314 -0.072250 
 -0.588658 -0.446505 0.029103 
 0.450253 0.485462 0.077681 
 -0.082693 0.528968 -0.124533 
 0.193934 0.487061 -0.140339 
 0.145131 -0.311090 0.034289 
 -0.149924 0.440793 -0.039324 
 0.440768 0.266984 -0.002298 
 -0.664793 -0.386020 0.005064 
 0.035630 -0.046484 0.101059 
 -0.002343 -0.600693 -0.086140 
 -0.138232 0.743662 -0.136661 
 0.386272 0.044109 -0.002592 
 -0.533892 -0.119254 -0.102706 
 0.206169 -0.142995 0.073891 
 0.624766 -0.506511 -0.010584 
 0.190777 0.594727 -0.166773 
 0.255426 0.268805 0.028670 
 -0.006621 0.964905 0.071507 
 -0.302271 -0.660059 -0.003008 
 -0.454141 -0.389960 0.000661 
 -0.340684 -0.371219 -0.023525 
 -0.174220 0.584374 -0.108998 
 -0.137813 0.201127 0.086169 
 0.424762 0.540287 0.040533 
 0.455922 -0.048644 -0.053050 
 -0.626044 -0.445786 0.032100 
 0.423269 -0.235692 -0.032374 
 0.440483 -0.308496 -0.050961 
 -0.260820 -0.224464 0.010856 
 0.463559 -0.367967 -0.039226 
 -0.323797 -0.522727 -0.034572 
 -0.411141 -0.188404 -0.227714 
 0.288366 0.485152 -0.129505 
 -0.628074 -0.117806 -0.100331 
 0.094525 0.524855 -0.181955 
 0.350778 -0.612862 -0.031200 
 -0.421452 0.719605 0.060973 
 -0.215234 0.220758 0.092618 
 0.034458 -0.159131 0.086665 
 0.190957 -0.011801 0.106308 
 -0.287315 -0.443861 -0.068912 
 -0.495647 -0.065839 -0.103249 
 0.406192 0.393127 0.030061 
 -0.281986 -0.317663 -0.011355 
 -0.229072 0.567943 -0.100565 
 -0.705111 -0.227501 -0.100103 
 0.311190 -0.235179 -0.003600 
 