-0.112009 0.990132 -0.031827 
 -0.129156 0.988431 -0.029167 
 -0.146303 0.986730 -0.026508 
 -0.163449 0.985030 -0.023849 
 -0.180596 0.983329 -0.021189 
 -0.093678 0.974751 -0.037774 
 -0.110825 0.973050 -0.035114 
 -0.127972 0.971350 -0.032455 
 -0.145118 0.969649 -0.029796 
 -0.162265 0.967949 -0.027136 
 -0.179412 0.966248 -0.024477 
 -0.196559 0.964547 -0.021817 
 -0.075347 0.959371 -0.043721 
 -0.092494 0.957670 -0.041061 
 -0.109641 0.955969 -0.038402 
 -0.126788 0.954269 -0.035743 
 -0.146956 0.950181 -0.045793 
 -0.164079 0.948483 -0.043137 
 -0.187152 0.942019 -0.065916 
 -0.204229 0.940326 -0.063268 
 -0.091310 0.940589 -0.044349 
 -0.108457 0.938888 -0.041690 
 -0.125603 0.937188 -0.039030 
 -0.145773 0.933123 -0.049076 
 -0.162897 0.931425 -0.046420 
 -0.180020 0.929727 -0.043765 
 -0.197143 0.928028 -0.041109 
 -0.214267 0.926330 -0.038453 
 -0.072979 0.925208 -0.050296 
 -0.093220 0.921160 -0.060327 
 -0.107272 0.921807 -0.044977 
 -0.127467 0.917764 -0.055015 
 -0.144590 0.916065 -0.052359 
 -0.161714 0.914367 -0.049704 
 -0.178837 0.912669 -0.047048 
 -0.195961 0.910970 -0.044392 
 -0.213084 0.909272 -0.041736 
 -0.071795 0.908127 -0.053584 
 -0.092038 0.904102 -0.063610 
 -0.109161 0.902404 -0.060954 
 -0.126284 0.900706 -0.058298 
 -0.143408 0.899008 -0.055643 
 -0.160531 0.897309 -0.052987 
 -0.174675 0.897924 -0.037627 
 -0.191822 0.896223 -0.034968 
 -0.208968 0.894523 -0.032309 
 -0.226115 0.892822 -0.029649 
 0.100361 0.917974 -0.017579 
 0.083098 0.916262 -0.014902 
 0.065835 0.914550 -0.012224 
 -0.053464 0.892747 -0.059531 
 -0.070611 0.891046 -0.056871 
 -0.087757 0.889346 -0.054212 
 -0.107978 0.885346 -0.064237 
 -0.125102 0.883648 -0.061582 
 -0.142225 0.881949 -0.058926 
 -0.159349 0.880251 -0.056270 
 -0.182435 0.873973 -0.079013 
 -0.199512 0.872280 -0.076365 
 -0.216589 0.870586 -0.073716 
 -0.233666 0.868892 -0.071068 
 0.118817 0.902489 -0.023567 
 0.101553 0.900777 -0.020889 
 0.087599 0.901364 -0.005568 
 0.070313 0.899650 -0.002886 
 0.053026 0.897935 -0.000205 
 0.042218 0.900805 0.027787 
 0.024885 0.899086 0.030475 
 0.001168 0.892792 0.007838 
 -0.025626 0.884222 -0.027480 
 -0.042842 0.882515 -0.024810 
 -0.069426 0.873965 -0.060159 
 -0.089672 0.869986 -0.070176 
 -0.106796 0.868288 -0.067521 
 -0.123919 0.866590 -0.064865 
 -0.141043 0.864891 -0.062209 
 -0.164179 0.858655 -0.084936 
 -0.181256 0.856962 -0.082288 
 -0.198332 0.855268 -0.079639 
 -0.215409 0.853574 -0.076991 
 -0.232486 0.851881 -0.074342 
 0.147412 0.893853 0.008334 
 0.123366 0.887573 -0.014244 
 0.106079 0.885859 -0.011563 
 0.088793 0.884144 -0.008882 
 0.071507 0.882430 -0.006201 
 0.060748 0.885257 0.021775 
 0.043415 0.883538 0.024463 
 0.026082 0.881819 0.027151 
 0.002361 0.875572 0.004523 
 -0.014925 0.873857 0.007204 
 -0.044801 0.863104 -0.040776 
 -0.068242 0.856884 -0.063447 
 -0.085389 0.855184 -0.060787 
 -0.105613 0.851230 -0.070804 
 -0.122737 0.849532 -0.068148 
 -0.139860 0.847834 -0.065492 
 -0.156984 0.846135 -0.062836 
 -0.180076 0.839950 -0.085562 
 -0.197153 0.838256 -0.082913 
 -0.214230 0.836562 -0.080265 
 -0.231307 0.834869 -0.077616 
 0.148609 0.876586 0.005010 
 0.131276 0.874867 0.007699 
 0.107273 0.868638 -0.014877 
 0.089987 0.866924 -0.012196 
 0.079278 0.869710 0.015763 
 0.055414 0.863495 -0.006834 
 0.044612 0.866272 0.021140 
 0.027279 0.864553 0.023828 
 0.003555 0.858352 0.001209 
 -0.013731 0.856637 0.003890 
 -0.043613 0.845977 -0.044072 
 -0.067058 0.839803 -0.066734 
 -0.084205 0.838102 -0.064075 
 -0.104431 0.834172 -0.074087 
 -0.121554 0.832474 -0.071431 
 -0.138677 0.830776 -0.068775 
 -0.155801 0.829077 -0.066120 
 -0.172924 0.827379 -0.063464 
 -0.190048 0.825681 -0.060808 
 -0.207171 0.823983 -0.058152 
 0.149806 0.859320 0.001687 
 0.132473 0.857601 0.004375 
 0.108467 0.851418 -0.018192 
 0.091181 0.849704 -0.015511 
 0.080475 0.852444 0.012440 
 0.063142 0.850725 0.015128 
 0.045809 0.849006 0.017817 
 0.022035 0.842846 -0.004787 
 0.004749 0.841131 -0.002106 
 -0.015711 0.837201 -0.012077 
 -0.042426 0.828849 -0.047369 
 -0.065874 0.822722 -0.070022 
 -0.083021 0.821021 -0.067362 
 -0.103248 0.817114 -0.077370 
 -0.120371 0.815416 -0.074714 
 -0.134461 0.815920 -0.059384 
 -0.151607 0.814219 -0.056725 
 -0.171742 0.810321 -0.066747 
 -0.185901 0.810818 -0.051406 
 -0.203048 0.809117 -0.048747 
 -0.220194 0.807417 -0.046087 
 0.168336 0.843772 -0.004325 
 0.151003 0.842053 -0.001636 
 0.133670 0.840334 0.001052 
 0.109661 0.834198 -0.021506 
 0.099005 0.836896 0.006428 
 0.081672 0.835177 0.009117 
 0.064339 0.833458 0.011805 
 0.047006 0.831739 0.014493 
 0.029673 0.830020 0.017181 
 0.005943 0.823911 -0.005420 
 -0.011343 0.822197 -0.002739 
 -0.038086 0.813912 -0.038014 
 -0.058432 0.810017 -0.047999 
 -0.081836 0.803940 -0.070650 
 -0.098983 0.802240 -0.067991 
 -0.119189 0.798358 -0.077997 
 -0.136312 0.796660 -0.075342 
 -0.153436 0.794962 -0.072686 
 -0.170559 0.793263 -0.070030 
 -0.187683 0.791565 -0.067374 
 -0.204806 0.789867 -0.064719 
 -0.219010 0.790335 -0.049375 
 0.176352 0.830890 0.017567 
 0.152200 0.824787 -0.004960 
 0.134867 0.823068 -0.002271 
 0.117535 0.821349 0.000417 
 0.100202 0.819630 0.003105 
 0.082869 0.817911 0.005793 
 0.065536 0.816191 0.008482 
 0.048203 0.814472 0.011170 
 0.030870 0.812753 0.013858 
 0.007137 0.806691 -0.008734 
 -0.010150 0.804977 -0.006053 
 -0.036897 0.796762 -0.041315 
 -0.057244 0.792889 -0.051295 
 -0.080652 0.786859 -0.073938 
 -0.100883 0.782999 -0.083936 
 -0.118006 0.781300 -0.081281 
 -0.135130 0.779602 -0.078625 
 -0.152253 0.777904 -0.075969 
 -0.169377 0.776205 -0.073313 
 -0.186500 0.774507 -0.070657 
 -0.203624 0.772809 -0.068002 
 0.170730 0.809240 -0.010971 
 0.153397 0.807521 -0.008283 
 0.136064 0.805801 -0.005595 
 0.112048 0.799758 -0.028135 
 0.094762 0.798043 -0.025454 
 0.084066 0.800644 0.002470 
 0.066733 0.798925 0.005158 
 0.049400 0.797206 0.007847 
 0.032067 0.795487 0.010535 
 0.008331 0.789471 -0.012049 
 -0.008956 0.787757 -0.009368 
 -0.035708 0.779611 -0.044616 
 -0.062321 0.771479 -0.079885 
 -0.079468 0.769778 -0.077225 
 -0.096615 0.768078 -0.074566 
 -0.116824 0.764243 -0.084564 
 -0.133947 0.762544 -0.081908 
 -0.148055 0.762976 -0.066588 
 -0.165201 0.761275 -0.063928 
 -0.182348 0.759575 -0.061269 
 -0.199495 0.757874 -0.058610 
 -0.216642 0.756173 -0.055950 
 0.171927 0.791973 -0.014295 
 0.154594 0.790254 -0.011606 
 0.137261 0.788535 -0.008918 
 0.119929 0.786816 -0.006230 
 0.102596 0.785097 -0.003542 
 0.085263 0.783377 -0.000853 
 0.067930 0.781658 0.001835 
 0.050597 0.779939 0.004523 
 0.033264 0.778220 0.007211 
 0.015932 0.776501 0.009900 
 -0.001401 0.774782 0.012588 
 -0.034519 0.762460 -0.047917 
 -0.054870 0.758635 -0.057888 
 -0.072063 0.756929 -0.055222 
 -0.095430 0.750996 -0.077854 
 -0.112577 0.749296 -0.075194 
 -0.129724 0.747595 -0.072535 
 -0.146871 0.745895 -0.069875 
 -0.164017 0.744194 -0.067216 
 -0.175222 0.746698 -0.039222 
 -0.198311 0.740793 -0.061897 
 -0.215458 0.739092 -0.059238 
 -0.232604 0.737392 -0.056578 
 0.173124 0.774706 -0.017618 
 0.149009 0.768746 -0.040126 
 0.131722 0.767032 -0.037445 
 0.114436 0.765317 -0.034764 
 0.097150 0.763603 -0.032083 
 0.086460 0.766111 -0.004177 
 0.069127 0.764392 -0.001488 
 0.051794 0.762673 0.001200 
 0.034461 0.760954 0.003888 
 0.017129 0.759235 0.006576 
 -0.000204 0.757516 0.009265 
 -0.027013 0.749504 -0.025949 
 -0.053682 0.741507 -0.061185 
 -0.070875 0.739802 -0.058518 
 -0.088069 0.738096 -0.055852 
 -0.111393 0.732215 -0.078482 
 -0.128540 0.730514 -0.075822 
 -0.145686 0.728814 -0.073163 
 -0.156842 0.731276 -0.045185 
 -0.174035 0.729570 -0.042519 
 -0.191228 0.727865 -0.039852 
 -0.214273 0.722011 -0.062525 
 -0.231420 0.720311 -0.059866 
 0.174321 0.757440 -0.020941 
 0.156988 0.755721 -0.018253 
 0.139656 0.754002 -0.015565 
 0.115630 0.748097 -0.038078 
 0.104990 0.750564 -0.010188 
 0.087657 0.748845 -0.007500 
 0.076877 0.751297 0.020411 
 0.059498 0.749574 0.023107 
 0.042119 0.747850 0.025802 
 0.018326 0.741968 0.003253 
 0.000993 0.740249 0.005941 
 -0.025821 0.732307 -0.029259 
 -0.049358 0.726452 -0.051849 
 -0.069688 0.722674 -0.061815 
 -0.086881 0.720969 -0.059148 
 -0.110209 0.715134 -0.081769 
 -0.127355 0.713433 -0.079110 
 -0.138461 0.715853 -0.051149 
 -0.155654 0.714148 -0.048482 
 -0.172847 0.712443 -0.045815 
 -0.190041 0.710738 -0.043149 
 -0.213089 0.704930 -0.065813 
 -0.230236 0.703229 -0.063154 
 0.158186 0.738454 -0.021576 
 0.140853 0.736735 -0.018888 
 0.116824 0.730877 -0.041393 
 0.106187 0.733297 -0.013511 
 0.088854 0.731578 -0.010823 
 0.078078 0.733984 0.017079 
 0.060698 0.732261 0.019774 
 0.043319 0.730537 0.022470 
 0.025939 0.728813 0.025165 
 0.008560 0.727090 0.027861 
 -0.021467 0.717162 -0.019944 
 -0.038753 0.715447 -0.017263 
 -0.065385 0.707593 -0.052479 
 -0.085694 0.703842 -0.062445 
 -0.102887 0.702136 -0.059778 
 -0.126171 0.696352 -0.082398 
 -0.137274 0.698726 -0.054445 
 -0.154467 0.697021 -0.051779 
 -0.171660 0.695315 -0.049112 
 -0.188853 0.693610 -0.046445 
 -0.206047 0.691905 -0.043779 
 -0.223240 0.690200 -0.041112 
 0.159383 0.721188 -0.024900 
 0.142050 0.719469 -0.022211 
 0.124717 0.717750 -0.019523 
 0.107384 0.716031 -0.016835 
 0.090051 0.714312 -0.014147 
 0.079278 0.716672 0.013747 
 0.061898 0.714948 0.016442 
 0.044519 0.713224 0.019138 
 0.027140 0.711501 0.021833 
 0.009760 0.709777 0.024529 
 -0.013946 0.703997 0.001983 
 -0.037559 0.698227 -0.020578 
 -0.057962 0.694489 -0.030524 
 -0.081413 0.688735 -0.053110 
 -0.101700 0.685009 -0.063075 
 -0.118893 0.683304 -0.060408 
 -0.133062 0.683613 -0.045100 
 -0.150279 0.681905 -0.042429 
 -0.167495 0.680198 -0.039759 
 -0.178804 0.682504 -0.011782 
 -0.201928 0.676782 -0.034419 
 -0.219145 0.675075 -0.031748 
 -0.236361 0.673367 -0.029078 
 0.160580 0.703921 -0.028223 
 0.143247 0.702202 -0.025535 
 0.125914 0.700483 -0.022846 
 0.108581 0.698764 -0.020158 
 0.091248 0.697045 -0.017470 
 0.080478 0.699359 0.010414 
 0.063099 0.697635 0.013110 
 0.045719 0.695911 0.015805 
 0.028340 0.694188 0.018501 
 0.010961 0.692464 0.021196 
 -0.012749 0.686731 -0.001340 
 -0.036365 0.681007 -0.023892 
 -0.056770 0.677292 -0.033834 
 -0.080224 0.671585 -0.056411 
 -0.097440 0.669877 -0.053741 
 -0.114657 0.668170 -0.051071 
 -0.131873 0.666462 -0.048401 
 -0.149090 0.664754 -0.045730 
 -0.160348 0.667019 -0.017770 
 -0.177611 0.665307 -0.015092 
 -0.194875 0.663595 -0.012415 
 -0.212138 0.661883 -0.009737 
 -0.229401 0.660171 -0.007060 
 0.178773 0.696678 0.031332 
 0.151196 0.688941 -0.003700 
 0.133816 0.687217 -0.001004 
 0.116437 0.685493 0.001691 
 0.099058 0.683769 0.004387 
 0.081678 0.682046 0.007082 
 0.064299 0.680322 0.009778 
 0.050156 0.680587 0.025074 
 0.029540 0.676875 0.015169 
 0.012161 0.675151 0.017864 
 -0.011552 0.669464 -0.004664 
 -0.028885 0.667745 -0.001975 
 -0.052458 0.662072 -0.024525 
 -0.072841 0.658383 -0.034467 
 -0.096251 0.652726 -0.057042 
 -0.113468 0.651019 -0.054372 
 -0.130684 0.649311 -0.051702 
 -0.147901 0.647604 -0.049031 
 -0.159156 0.649822 -0.021080 
 -0.176419 0.648110 -0.018402 
 -0.193682 0.646398 -0.015725 
 -0.210945 0.644686 -0.013047 
 -0.228208 0.642974 -0.010370 
 -0.245471 0.641262 -0.007692 
 0.179978 0.679296 0.027986 
 0.152396 0.671628 -0.007032 
 0.135017 0.669904 -0.004336 
 0.117637 0.668180 -0.001641 
 0.100258 0.666457 0.001054 
 0.082879 0.664733 0.003750 
 0.065499 0.663009 0.006445 
 0.048120 0.661286 0.009141 
 0.030740 0.659562 0.011836 
 0.013361 0.657838 0.014532 
 -0.010355 0.652198 -0.007987 
 -0.027688 0.650479 -0.005299 
 -0.051264 0.644852 -0.027840 
 -0.071649 0.641186 -0.037777 
 -0.095062 0.635576 -0.060343 
 -0.112279 0.633868 -0.057673 
 -0.129495 0.632161 -0.055003 
 -0.146712 0.630453 -0.052332 
 -0.157964 0.632625 -0.024390 
 -0.175227 0.630913 -0.021712 
 -0.192490 0.629201 -0.019035 
 -0.209753 0.627489 -0.016357 
 -0.227016 0.625777 -0.013680 
 -0.244279 0.624065 -0.011002 
 0.181183 0.661913 0.024641 
 0.156976 0.656271 0.002206 
 0.139573 0.654545 0.004905 
 0.122170 0.652819 0.007604 
 0.101458 0.649144 -0.002278 
 0.084079 0.647420 0.000418 
 0.066699 0.645697 0.003113 
 0.049320 0.643973 0.005809 
 0.031941 0.642249 0.008504 
 0.014561 0.640525 0.011200 
 -0.009158 0.634931 -0.011310 
 -0.026490 0.633212 -0.008622 
 -0.050070 0.627632 -0.031154 
 -0.070456 0.623989 -0.041087 
 -0.087719 0.622277 -0.038409 
 -0.111090 0.616718 -0.060974 
 -0.128306 0.615010 -0.058304 
 -0.145523 0.613303 -0.055633 
 -0.156772 0.615428 -0.027700 
 -0.174035 0.613716 -0.025022 
 -0.191298 0.612004 -0.022345 
 -0.208561 0.610292 -0.019667 
 -0.225824 0.608580 -0.016990 
 -0.243087 0.606868 -0.014312 
 0.333069 0.672255 0.102646 
 0.315433 0.670506 0.105382 
 0.297798 0.668757 0.108117 
 0.280163 0.667008 0.110852 
 0.255580 0.661375 0.088485 
 0.237991 0.659631 0.091212 
 0.206692 0.650136 0.043706 
 0.182388 0.644531 0.021295 
 0.158177 0.638935 -0.001131 
 0.140775 0.637209 0.001568 
 0.123372 0.635483 0.004267 
 0.105970 0.633757 0.006967 
 0.088567 0.632031 0.009666 
 0.067900 0.628384 -0.000219 
 0.050520 0.626660 0.002476 
 0.033141 0.624936 0.005172 
 0.015762 0.623212 0.007867 
 -0.001618 0.621489 0.010563 
 -0.025293 0.615945 -0.011945 
 -0.048876 0.610412 -0.034469 
 -0.066163 0.608697 -0.031788 
 -0.086527 0.605080 -0.041719 
 -0.103790 0.603368 -0.039042 
 -0.121053 0.601656 -0.036364 
 -0.138316 0.599944 -0.033687 
 -0.152594 0.600125 -0.018382 
 -0.169880 0.598411 -0.015701 
 -0.187167 0.596696 -0.013020 
 -0.204453 0.594982 -0.010339 
 -0.221739 0.593267 -0.007658 
 0.327149 0.650831 0.074200 
 0.309561 0.649087 0.076928 
 0.291972 0.647342 0.079656 
 0.274383 0.645598 0.082384 
 0.253319 0.641935 0.072565 
 0.235753 0.640193 0.075290 
 0.207901 0.632708 0.040351 
 0.190405 0.630973 0.043065 
 0.166144 0.625418 0.020656 
 0.148695 0.623688 0.023362 
 0.131246 0.621957 0.026068 
 0.113797 0.620226 0.028775 
 0.096348 0.618496 0.031481 
 0.072366 0.612969 0.009028 
 0.054964 0.611243 0.011727 
 0.037561 0.609517 0.014426 
 0.020158 0.607791 0.017125 
 -0.000417 0.604176 0.007231 
 -0.024096 0.598679 -0.015269 
 -0.041429 0.596960 -0.012580 
 -0.064969 0.591477 -0.035102 
 -0.082255 0.589763 -0.032421 
 -0.099541 0.588048 -0.029740 
 -0.116828 0.586334 -0.027059 
 -0.134114 0.584619 -0.024378 
 -0.151400 0.582905 -0.021697 
 -0.168687 0.581191 -0.019016 
 -0.185973 0.579476 -0.016335 
 -0.203259 0.577762 -0.013654 
 -0.220546 0.576047 -0.010973 
 0.342359 0.633147 0.055576 
 0.324794 0.631405 0.058300 
 0.310775 0.631565 0.073556 
 0.293187 0.629821 0.076284 
 0.275598 0.628076 0.079012 
 0.254532 0.624436 0.069197 
 0.230059 0.618908 0.046829 
 0.209109 0.615279 0.036997 
 0.191613 0.613544 0.039710 
 0.167349 0.608036 0.017310 
 0.149900 0.606305 0.020016 
 0.132451 0.604574 0.022723 
 0.115002 0.602844 0.025429 
 0.097553 0.601113 0.028135 
 0.073568 0.595633 0.005691 
 0.056165 0.593907 0.008390 
 0.038763 0.592181 0.011089 
 0.021360 0.590455 0.013788 
 0.000783 0.586863 0.003898 
 -0.022899 0.581413 -0.018592 
 -0.040232 0.579694 -0.015904 
 -0.063775 0.574257 -0.038416 
 -0.081061 0.572543 -0.035735 
 -0.098347 0.570828 -0.033054 
 -0.115634 0.569114 -0.030373 
 -0.132920 0.567399 -0.027692 
 -0.150206 0.565685 -0.025011 
 -0.167493 0.563970 -0.022330 
 -0.184779 0.562256 -0.019649 
 -0.202065 0.560541 -0.016968 
 -0.219352 0.558827 -0.014287 
 0.343573 0.615649 0.052208 
 0.326007 0.613907 0.054932 
 0.308441 0.612165 0.057656 
 0.294401 0.612300 0.072911 
 0.276812 0.610555 0.075639 
 0.255745 0.606938 0.065829 
 0.231269 0.601456 0.043470 
 0.213749 0.599718 0.046187 
 0.192822 0.596115 0.036356 
 0.168555 0.590653 0.013965 
 0.151105 0.588923 0.016671 
 0.126978 0.583475 -0.005743 
 0.116207 0.585461 0.022083 
 0.098758 0.583731 0.024790 
 0.074770 0.578297 0.002355 
 0.057367 0.576571 0.005054 
 0.039965 0.574845 0.007753 
 0.022562 0.573119 0.010452 
 0.001983 0.569550 0.000566 
 -0.021702 0.564146 -0.021915 
 -0.039035 0.562427 -0.019227 
 -0.062581 0.557037 -0.041731 
 -0.079867 0.555323 -0.039050 
 -0.097154 0.553608 -0.036369 
 -0.114440 0.551894 -0.033688 
 -0.131726 0.550179 -0.031007 
 -0.143032 0.552113 -0.003098 
 -0.166299 0.546750 -0.025644 
 -0.195360 0.537758 -0.073448 
 -0.212553 0.536053 -0.070781 
 -0.218158 0.541607 -0.017601 
 0.362351 0.599893 0.046115 
 0.344786 0.598151 0.048840 
 0.327220 0.596408 0.051564 
 0.309655 0.594666 0.054289 
 0.295616 0.594778 0.069539 
 0.274524 0.591182 0.059737 
 0.256958 0.589440 0.062462 
 0.239393 0.587698 0.065186 
 0.214959 0.582266 0.042828 
 0.194030 0.578686 0.033001 
 0.169760 0.573271 0.010619 
 0.145582 0.567865 -0.011778 
 0.128180 0.566139 -0.009079 
 0.117412 0.568079 0.018738 
 0.099963 0.566348 0.021444 
 0.075972 0.560961 -0.000982 
 0.058569 0.559235 0.001717 
 0.041167 0.557509 0.004416 
 0.023764 0.555783 0.007115 
 0.003183 0.552237 -0.002766 
 -0.014196 0.550514 -0.000071 
 -0.037838 0.545161 -0.022550 
 -0.055171 0.543442 -0.019862 
 -0.072504 0.541722 -0.017174 
 -0.089837 0.540003 -0.014486 
 -0.107169 0.538284 -0.011797 
 -0.124502 0.536565 -0.009109 
 -0.141835 0.534846 -0.006421 
 -0.159168 0.533127 -0.003733 
 -0.191227 0.522427 -0.064128 
 -0.208444 0.520719 -0.061458 
 0.363564 0.582395 0.042748 
 0.345999 0.580652 0.045472 
 0.328433 0.578910 0.048196 
 0.310868 0.577168 0.050921 
 0.293302 0.575426 0.053645 
 0.275737 0.573684 0.056369 
 0.258171 0.571942 0.059094 
 0.233688 0.566552 0.036752 
 0.216169 0.564814 0.039469 
 0.195238 0.561258 0.029647 
 0.170965 0.555888 0.007273 
 0.146784 0.550529 -0.015115 
 0.129382 0.548803 -0.012416 
 0.118617 0.550697 0.015392 
 0.101168 0.548966 0.018098 
 0.077174 0.543625 -0.004319 
 0.066270 0.545505 0.023511 
 0.042368 0.540173 0.001079 
 0.031371 0.542043 0.028924 
 0.007563 0.536721 0.006478 
 -0.009840 0.534995 0.009177 
 -0.030375 0.531477 -0.000707 
 -0.053974 0.526175 -0.023185 
 -0.071307 0.524456 -0.020497 
 -0.082513 0.526306 0.007379 
 -0.105972 0.521018 -0.015121 
 -0.117272 0.522859 0.012770 
 -0.134651 0.521135 0.015465 
 -0.152031 0.519411 0.018161 
 -0.190038 0.505276 -0.067429 
 -0.207255 0.503569 -0.064759 
 0.357531 0.561263 0.014373 
 0.347212 0.563154 0.042104 
 0.329646 0.561412 0.044828 
 0.312081 0.559670 0.047553 
 0.294515 0.557928 0.050277 
 0.276950 0.556185 0.053001 
 0.252417 0.550837 0.030676 
 0.234898 0.549100 0.033393 
 0.213942 0.545564 0.023578 
 0.196446 0.543829 0.026292 
 0.172170 0.538506 0.003928 
 0.147986 0.533193 -0.018452 
 0.130583 0.531467 -0.015753 
 0.113181 0.529741 -0.013054 
 0.102373 0.531584 0.014753 
 0.084924 0.529853 0.017459 
 0.067475 0.528123 0.020165 
 0.050026 0.526392 0.022872 
 0.032576 0.524661 0.025578 
 0.008765 0.519385 0.003141 
 -0.008638 0.517659 0.005840 
 -0.029175 0.514164 -0.004040 
 -0.052777 0.508908 -0.026509 
 -0.070110 0.507189 -0.023821 
 -0.081313 0.508993 0.004047 
 -0.104775 0.503751 -0.018444 
 -0.116072 0.505546 0.009438 
 -0.133451 0.503822 0.012133 
 -0.156774 0.498594 -0.010379 
 -0.168210 0.500375 0.017524 
 -0.182664 0.500399 0.032831 
 -0.200067 0.498673 0.035530 
 0.358741 0.543811 0.011014 
 0.341222 0.542073 0.013731 
 0.323703 0.540336 0.016448 
 0.313294 0.542172 0.044185 
 0.288665 0.536861 0.021883 
 0.271146 0.535123 0.024600 
 0.253627 0.533386 0.027317 
 0.232646 0.529871 0.017510 
 0.215150 0.528135 0.020224 
 0.197655 0.526400 0.022937 
 0.173375 0.521124 0.000582 
 0.149188 0.515857 -0.021789 
 0.131785 0.514131 -0.019089 
 0.114383 0.512405 -0.016390 
 0.103578 0.514201 0.011407 
 0.086129 0.512471 0.014114 
 0.068680 0.510740 0.016820 
 0.051231 0.509009 0.019526 
 0.033782 0.507279 0.022232 
 0.016332 0.505548 0.024939 
 -0.007436 0.500323 0.002503 
 -0.024838 0.498597 0.005202 
 -0.045354 0.495128 -0.004676 
 -0.062733 0.493404 -0.001981 
 -0.077046 0.493419 0.013300 
 -0.097492 0.489957 0.003410 
 -0.111852 0.489967 0.018698 
 -0.132251 0.486509 0.008801 
 -0.149630 0.484786 0.011496 
 -0.164060 0.484789 0.026795 
 -0.166828 0.491685 0.092528 
 -0.184347 0.489947 0.095245 
 0.402335 0.533384 0.027195 
 0.384769 0.531642 0.029919 
 0.359951 0.526359 0.007655 
 0.342432 0.524621 0.010372 
 0.324913 0.522884 0.013089 
 0.314507 0.524673 0.040817 
 0.289875 0.519409 0.018524 
 0.272356 0.517671 0.021241 
 0.254837 0.515934 0.023958 
 0.233855 0.512442 0.014156 
 0.216359 0.510707 0.016869 
 0.192029 0.505472 -0.005470 
 0.174580 0.503741 -0.002764 
 0.150390 0.498521 -0.025125 
 0.132987 0.496795 -0.022426 
 0.115585 0.495069 -0.019727 
 0.098182 0.493343 -0.017028 
 0.087334 0.495088 0.010768 
 0.069885 0.493358 0.013474 
 0.052436 0.491627 0.016180 
 0.034987 0.489896 0.018887 
 0.017538 0.488166 0.021593 
 0.000088 0.486435 0.024299 
 -0.023636 0.481260 0.001866 
 -0.041039 0.479534 0.004565 
 -0.061533 0.476091 -0.005313 
 -0.075844 0.476083 0.009963 
 -0.096292 0.472644 0.000078 
 -0.113671 0.470920 0.002773 
 -0.128052 0.470905 0.018060 
 -0.145455 0.469179 0.020759 
 -0.151051 0.474267 0.073853 
 -0.168547 0.472532 0.076567 
 -0.177327 0.475893 0.117098 
 0.403548 0.515886 0.023827 
 0.385982 0.514143 0.026551 
 0.368417 0.512401 0.029276 
 0.350851 0.510659 0.032000 
 0.333286 0.508917 0.034724 
 0.315720 0.507175 0.037449 
 0.298155 0.505433 0.040173 
 0.280589 0.503691 0.042898 
 0.256047 0.498482 0.020599 
 0.235063 0.495013 0.010801 
 0.217567 0.493278 0.013515 
 0.193234 0.488090 -0.008816 
 0.175785 0.486359 -0.006109 
 0.158336 0.484628 -0.003403 
 0.140887 0.482898 -0.000697 
 0.123438 0.481167 0.002010 
 0.105988 0.479437 0.004716 
 0.088539 0.477706 0.007422 
 0.077602 0.479396 0.035223 
 0.060106 0.477661 0.037936 
 0.042610 0.475926 0.040650 
 0.025114 0.474190 0.043363 
 0.007619 0.472455 0.046077 
 -0.016156 0.467322 0.023660 
 -0.039837 0.462198 0.001228 
 -0.051054 0.463861 0.029073 
 -0.068503 0.462130 0.031779 
 -0.085952 0.460400 0.034485 
 -0.103402 0.458669 0.037191 
 -0.120851 0.456938 0.039898 
 -0.138300 0.455208 0.042604 
 -0.149843 0.456838 0.070499 
 -0.164408 0.456781 0.085810 
 -0.181927 0.455043 0.088527 
 0.387195 0.496645 0.023184 
 0.369630 0.494903 0.025908 
 0.352064 0.493161 0.028632 
 0.334499 0.491419 0.031357 
 0.316933 0.489677 0.034081 
 0.299368 0.487935 0.036805 
 0.281802 0.486192 0.039530 
 0.264237 0.484450 0.042254 
 0.239738 0.479292 0.019957 
 0.218775 0.475849 0.010160 
 0.201280 0.474114 0.012874 
 0.176990 0.468976 -0.009455 
 0.159541 0.467246 -0.006749 
 0.142092 0.465515 -0.004042 
 0.124643 0.463785 -0.001336 
 0.107194 0.462054 0.001370 
 0.096306 0.463703 0.029155 
 0.078810 0.461967 0.031868 
 0.061314 0.460232 0.034582 
 0.043818 0.458497 0.037295 
 0.026323 0.456762 0.040009 
 0.008827 0.455026 0.042722 
 -0.008669 0.453291 0.045436 
 -0.032400 0.448209 0.023021 
 -0.049849 0.446479 0.025727 
 -0.067298 0.444748 0.028433 
 -0.084747 0.443017 0.031140 
 -0.102197 0.441287 0.033846 
 -0.119646 0.439556 0.036552 
 -0.137095 0.437825 0.039258 
 -0.154544 0.436095 0.041965 
 -0.166130 0.437674 0.069858 
 -0.189442 0.432634 0.047377 
 -0.206892 0.430903 0.050084 
 0.363581 0.474003 -0.002422 
 0.346062 0.472266 0.000295 
 0.335712 0.473921 0.027989 
 0.318146 0.472178 0.030713 
 0.300581 0.470436 0.033437 
 0.283015 0.468694 0.036162 
 0.265450 0.466952 0.038886 
 0.240948 0.461840 0.016598 
 0.219984 0.458420 0.006806 
 0.202488 0.456685 0.009519 
 0.178195 0.451594 -0.012800 
 0.160746 0.449864 -0.010094 
 0.143297 0.448133 -0.007388 
 0.125848 0.446402 -0.004682 
 0.108399 0.444672 -0.001975 
 0.097514 0.446274 0.025800 
 0.080018 0.444539 0.028514 
 0.062522 0.442803 0.031227 
 0.048239 0.442728 0.046486 
 0.030720 0.440990 0.049203 
 0.010035 0.437598 0.039368 
 -0.007460 0.435862 0.042081 
 -0.024956 0.434127 0.044795 
 -0.048644 0.429096 0.022381 
 -0.066093 0.427366 0.025088 
 -0.083542 0.425635 0.027794 
 -0.094939 0.427186 0.055649 
 -0.112435 0.425451 0.058362 
 -0.129930 0.423716 0.061076 
 -0.147426 0.421981 0.063789 
 -0.164922 0.420245 0.066503 
 -0.182417 0.418510 0.069216 
 -0.199913 0.416775 0.071930 
 0.372056 0.459907 0.019172 
 0.347271 0.454814 -0.003064 
 0.336925 0.456422 0.024621 
 0.319359 0.454680 0.027345 
 0.301794 0.452938 0.030069 
 0.284229 0.451196 0.032794 
 0.266663 0.449454 0.035518 
 0.242158 0.444389 0.013239 
 0.221192 0.440992 0.003451 
 0.203696 0.439257 0.006165 
 0.179400 0.434212 -0.016146 
 0.161951 0.432481 -0.013440 
 0.144502 0.430751 -0.010734 
 0.127053 0.429020 -0.008027 
 0.109604 0.427289 -0.005321 
 0.098722 0.428845 0.022446 
 0.081226 0.427110 0.025159 
 0.066968 0.427013 0.040410 
 0.049449 0.425276 0.043127 
 0.031930 0.423538 0.045844 
 0.014411 0.421800 0.048562 
 -0.003108 0.420063 0.051279 
 -0.023748 0.416698 0.041440 
 -0.041244 0.414963 0.044154 
 -0.064888 0.409983 0.021742 
 -0.076235 0.411493 0.049581 
 -0.093731 0.409758 0.052294 
 -0.111226 0.408022 0.055008 
 -0.128722 0.406287 0.057721 
 -0.146218 0.404552 0.060435 
 -0.163713 0.402817 0.063148 
 -0.181209 0.401081 0.065862 
 -0.198705 0.399346 0.068575 
 0.366000 0.439099 -0.009140 
 0.348481 0.437362 -0.006423 
 0.330962 0.435624 -0.003706 
 0.313443 0.433887 -0.000988 
 0.295924 0.432149 0.001729 
 0.285442 0.433698 0.029426 
 0.267876 0.431955 0.032150 
 0.243368 0.426937 0.009880 
 0.222400 0.423563 0.000097 
 0.204905 0.421828 0.002810 
 0.187409 0.420092 0.005524 
 0.163156 0.415099 -0.016785 
 0.145707 0.413368 -0.014079 
 0.128258 0.411638 -0.011373 
 0.117426 0.413152 0.016378 
 0.099930 0.411416 0.019091 
 0.085697 0.411299 0.034334 
 0.074656 0.412792 0.062118 
 0.057090 0.411050 0.064842 
 0.039525 0.409307 0.067566 
 0.021959 0.407565 0.070291 
 -0.001898 0.402611 0.047920 
 -0.019417 0.400874 0.050637 
 -0.040035 0.397534 0.040799 
 -0.057531 0.395799 0.043513 
 -0.075027 0.394064 0.046226 
 -0.092522 0.392329 0.048940 
 -0.110018 0.390593 0.051653 
 -0.127514 0.388858 0.054367 
 -0.145009 0.387123 0.057080 
 -0.159569 0.386973 0.072374 
 -0.177088 0.385236 0.075091 
 -0.185937 0.388240 0.115570 
 -0.203526 0.386496 0.118298 
 0.367210 0.421647 -0.012499 
 0.349691 0.419910 -0.009782 
 0.332172 0.418172 -0.007065 
 0.321786 0.419684 0.020609 
 0.304220 0.417941 0.023334 
 0.286655 0.416199 0.026058 
 0.269089 0.414457 0.028782 
 0.244578 0.409485 0.006521 
 0.227058 0.407747 0.009238 
 0.209540 0.406010 0.011955 
 0.188617 0.402664 0.002169 
 0.171121 0.400929 0.004883 
 0.153626 0.399193 0.007596 
 0.129463 0.394255 -0.014718 
 0.118634 0.395723 0.013023 
 0.104426 0.395584 0.028258 
 0.086907 0.393847 0.030975 
 0.075869 0.395294 0.058750 
 0.058303 0.393551 0.061474 
 0.040738 0.391809 0.064199 
 0.023172 0.390067 0.066923 
 -0.000688 0.385159 0.044561 
 -0.018207 0.383422 0.047278 
 -0.038827 0.380106 0.037445 
 -0.056323 0.378371 0.040158 
 -0.073818 0.376635 0.042872 
 -0.091314 0.374900 0.045585 
 -0.108810 0.373165 0.048299 
 -0.126305 0.371430 0.051012 
 -0.143801 0.369694 0.053726 
 -0.158359 0.369521 0.069015 
 -0.170048 0.370903 0.096891 
 -0.187614 0.369161 0.099615 
 -0.202311 0.368974 0.114926 
 0.368420 0.404195 -0.015858 
 0.350901 0.402458 -0.013141 
 0.340564 0.403928 0.014517 
 0.322999 0.402185 0.017241 
 0.305433 0.400443 0.019966 
 0.287868 0.398701 0.022690 
 0.270302 0.396959 0.025414 
 0.252737 0.395217 0.028139 
 0.228268 0.390295 0.005879 
 0.210749 0.388558 0.008596 
 0.189825 0.385235 -0.001185 
 0.172330 0.383500 0.001528 
 0.154834 0.381765 0.004242 
 0.137338 0.380029 0.006955 
 0.113219 0.375142 -0.015358 
 0.105636 0.378133 0.024899 
 0.088117 0.376395 0.027616 
 0.070598 0.374657 0.030333 
 0.059516 0.376053 0.058106 
 0.041951 0.374311 0.060831 
 0.024385 0.372569 0.063555 
 0.006820 0.370827 0.066279 
 -0.020123 0.364412 0.031377 
 -0.037619 0.362677 0.034090 
 -0.055114 0.360942 0.036804 
 -0.072610 0.359206 0.039517 
 -0.090106 0.357471 0.042231 
 -0.107601 0.355736 0.044944 
 -0.125097 0.354001 0.047658 
 -0.139630 0.353807 0.062939 
 -0.157149 0.352069 0.065656 
 -0.174668 0.350332 0.068373 
 -0.186400 0.351663 0.096247 
 0.369630 0.386743 -0.019217 
 0.352111 0.385006 -0.016500 
 0.334592 0.383268 -0.013783 
 0.324212 0.384687 0.013873 
 0.306647 0.382945 0.016598 
 0.289081 0.381203 0.019322 
 0.271516 0.379461 0.022046 
 0.253950 0.377718 0.024771 
 0.229478 0.372843 0.002520 
 0.211959 0.371106 0.005237 
 0.191034 0.367806 -0.004540 
 0.173538 0.366071 -0.001826 
 0.156042 0.364336 0.000887 
 0.138547 0.362601 0.003601 
 0.121051 0.360865 0.006314 
 0.103555 0.359130 0.009028 
 0.089327 0.358943 0.024257 
 0.071808 0.357206 0.026974 
 0.054289 0.355468 0.029691 
 0.043164 0.356813 0.057463 
 0.025599 0.355071 0.060187 
 0.008033 0.353328 0.062911 
 -0.018915 0.346984 0.028022 
 -0.036410 0.345248 0.030736 
 -0.053906 0.343513 0.033449 
 -0.071402 0.341778 0.036163 
 -0.088897 0.340043 0.038876 
 -0.106393 0.338307 0.041590 
 -0.123889 0.336572 0.044303 
 -0.141384 0.334837 0.047017 
 -0.155939 0.334618 0.062297 
 -0.167622 0.335907 0.090155 
 -0.185187 0.334165 0.092879 
 0.378122 0.372415 0.002332 
 0.360556 0.370673 0.005057 
 0.342991 0.368931 0.007781 
 0.325425 0.367189 0.010505 
 0.307860 0.365447 0.013230 
 0.290294 0.363704 0.015954 
 0.272729 0.361962 0.018678 
 0.255163 0.360220 0.021403 
 0.237598 0.358478 0.024127 
 0.213169 0.353654 0.001878 
 0.195650 0.351916 0.004595 
 0.174746 0.348642 -0.005181 
 0.157251 0.346907 -0.002468 
 0.139755 0.345172 0.000246 
 0.115629 0.340378 -0.022049 
 0.108055 0.343229 0.018181 
 0.090536 0.341491 0.020898 
 0.079508 0.342799 0.048646 
 0.061943 0.341057 0.051370 
 0.047576 0.340832 0.066617 
 0.029987 0.339088 0.069345 
 0.012398 0.337344 0.072073 
 -0.008319 0.334088 0.062268 
 -0.032096 0.329328 0.039918 
 -0.049615 0.327591 0.042635 
 -0.067134 0.325853 0.045352 
 -0.084653 0.324116 0.048069 
 -0.102172 0.322378 0.050786 
 -0.119691 0.320641 0.053504 
 -0.137210 0.318903 0.056221 
 -0.154729 0.317166 0.058938 
 -0.172248 0.315428 0.061655 
 -0.183974 0.316666 0.089511 
 0.382977 0.356456 0.011414 
 0.365388 0.354711 0.014142 
 0.344204 0.351433 0.004413 
 0.326638 0.349691 0.007137 
 0.309073 0.347949 0.009862 
 0.291507 0.346206 0.012586 
 0.273942 0.344464 0.015310 
 0.256376 0.342722 0.018035 
 0.238811 0.340980 0.020759 
 0.221245 0.339238 0.023484 
 0.196860 0.334464 0.001236 
 0.179341 0.332727 0.003953 
 0.158459 0.329478 -0.005822 
 0.140963 0.327743 -0.003109 
 0.123468 0.326008 -0.000395 
 0.109265 0.325777 0.014822 
 0.091746 0.324039 0.017539 
 0.074227 0.322302 0.020256 
 0.063156 0.323559 0.048003 
 0.045590 0.321816 0.050727 
 0.031202 0.321567 0.065973 
 0.013613 0.319822 0.068701 
 -0.007106 0.316590 0.058900 
 -0.024672 0.314848 0.061624 
 -0.042237 0.313106 0.064349 
 -0.059803 0.311363 0.067073 
 -0.077368 0.309621 0.069797 
 -0.100962 0.304926 0.047427 
 -0.112499 0.306137 0.075246 
 -0.130065 0.304395 0.077970 
 -0.147630 0.302653 0.080695 
 -0.165196 0.300911 0.083419 
 -0.182761 0.299168 0.086143 
 0.384192 0.338934 0.008041 
 0.366603 0.337190 0.010769 
 0.349014 0.335445 0.013497 
 0.331426 0.333701 0.016225 
 0.310286 0.330450 0.006494 
 0.292720 0.328708 0.009218 
 0.275155 0.326966 0.011943 
 0.261071 0.326723 0.027137 
 0.243482 0.324979 0.029865 
 0.222458 0.321740 0.020116 
 0.204893 0.319997 0.022840 
 0.180551 0.315275 0.000594 
 0.159667 0.312050 -0.009177 
 0.142172 0.310314 -0.006463 
 0.124676 0.308579 -0.003750 
 0.107180 0.306844 -0.001036 
 0.092956 0.306587 0.014180 
 0.075437 0.304850 0.016897 
 0.064369 0.306060 0.044635 
 0.046803 0.304318 0.047359 
 0.032417 0.304045 0.062600 
 0.014828 0.302301 0.065328 
 -0.005893 0.299091 0.055532 
 -0.023458 0.297349 0.058256 
 -0.041024 0.295607 0.060981 
 -0.058589 0.293865 0.063705 
 -0.076155 0.292123 0.066429 
 -0.093721 0.290381 0.069154 
 -0.108293 0.290089 0.084424 
 -0.125882 0.288345 0.087152 
 -0.143471 0.286601 0.089880 
 -0.161060 0.284856 0.092608 
 0.385407 0.321413 0.004669 
 0.367818 0.319669 0.007397 
 0.350229 0.317924 0.010125 
 0.332640 0.316180 0.012853 
 0.315052 0.314435 0.015581 
 0.293933 0.311210 0.005850 
 0.279874 0.310946 0.021037 
 0.262285 0.309202 0.023765 
 0.244697 0.307457 0.026493 
 0.227108 0.305713 0.029221 
 0.206106 0.302499 0.019472 
 0.181761 0.297823 -0.002765 
 0.164242 0.296086 -0.000047 
 0.143380 0.292886 -0.009818 
 0.125884 0.291151 -0.007104 
 0.108389 0.289415 -0.004391 
 0.090893 0.287680 -0.001677 
 0.076647 0.287398 0.013538 
 0.065582 0.288562 0.041267 
 0.051220 0.288268 0.056500 
 0.033631 0.286524 0.059228 
 0.016043 0.284779 0.061956 
 -0.001546 0.283035 0.064684 
 -0.019135 0.281290 0.067412 
 -0.036724 0.279546 0.070140 
 -0.054312 0.277801 0.072868 
 -0.071901 0.276057 0.075596 
 -0.089490 0.274313 0.078324 
 -0.107079 0.272568 0.081052 
 -0.124667 0.270824 0.083779 
 -0.142256 0.269079 0.086507 
 -0.159845 0.267335 0.089235 
 0.386621 0.303892 0.001297 
 0.369033 0.302147 0.004025 
 0.351444 0.300403 0.006753 
 0.333855 0.298658 0.009480 
 0.316266 0.296914 0.012208 
 0.298678 0.295169 0.014936 
 0.281089 0.293425 0.017664 
 0.263500 0.291680 0.020392 
 0.245911 0.289936 0.023120 
 0.228323 0.288191 0.025848 
 0.207319 0.285001 0.016104 
 0.189754 0.283259 0.018828 
 0.165452 0.278634 -0.003406 
 0.147933 0.276896 -0.000689 
 0.130414 0.275159 0.002028 
 0.112895 0.273421 0.004745 
 0.095376 0.271684 0.007462 
 0.084361 0.272806 0.035174 
 0.066795 0.271064 0.037899 
 0.052435 0.270747 0.053128 
 0.041210 0.271848 0.080872 
 0.023575 0.270099 0.083607 
 0.005939 0.268350 0.086342 
 -0.011696 0.266601 0.089077 
 -0.029331 0.264852 0.091812 
 -0.046966 0.263103 0.094548 
 -0.070686 0.258536 0.072223 
 -0.088275 0.256791 0.074951 
 -0.105864 0.255047 0.077679 
 -0.117508 0.256107 0.105488 
 -0.141041 0.251558 0.083135 
 -0.158630 0.249813 0.085863 
 -0.176219 0.248069 0.088591 
 -0.579382 0.192579 -0.030905 
 -0.596645 0.190867 -0.028228 
 0.387836 0.286370 -0.002076 
 0.370247 0.284626 0.000652 
 0.352659 0.282881 0.003380 
 0.335070 0.281137 0.006108 
 0.317481 0.279392 0.008836 
 0.299892 0.277648 0.011564 
 0.282304 0.275903 0.014292 
 0.264715 0.274159 0.017020 
 0.247126 0.272414 0.019748 
 0.229537 0.270670 0.022476 
 0.211949 0.268925 0.025204 
 0.194360 0.267181 0.027932 
 0.173401 0.264018 0.018185 
 0.155836 0.262276 0.020909 
 0.131624 0.257707 -0.001331 
 0.120705 0.258792 0.026358 
 0.103139 0.257050 0.029082 
 0.085574 0.255308 0.031806 
 0.068008 0.253565 0.034531 
 0.053650 0.253225 0.049755 
 0.042428 0.254280 0.077491 
 0.024793 0.252531 0.080226 
 0.007157 0.250782 0.082961 
 -0.010478 0.249033 0.085696 
 -0.028113 0.247284 0.088431 
 -0.045749 0.245535 0.091166 
 -0.063384 0.243786 0.093902 
 -0.081019 0.242037 0.096637 
 -0.098654 0.240288 0.099372 
 -0.116290 0.238539 0.102107 
 -0.133925 0.236790 0.104842 
 -0.151560 0.235041 0.107577 
 -0.169196 0.233292 0.110313 
 -0.385624 0.195565 -0.051084 
 -0.402911 0.193851 -0.048403 
 -0.509137 0.182231 -0.044925 
 -0.531372 0.177858 -0.067472 
 -0.543663 0.178807 -0.039570 
 -0.558487 0.178421 -0.024273 
 -0.575774 0.176706 -0.021592 
 -0.588275 0.177634 0.006342 
 -0.605608 0.175915 0.009030 
 0.389051 0.268849 -0.005448 
 0.371462 0.267104 -0.002720 
 0.353873 0.265360 0.000008 
 0.336285 0.263615 0.002736 
 0.318696 0.261871 0.005464 
 0.301107 0.260126 0.008192 
 0.283518 0.258382 0.010920 
 0.265930 0.256637 0.013647 
 0.248341 0.254893 0.016375 
 0.230752 0.253148 0.019103 
 0.213163 0.251404 0.021831 
 0.195575 0.249660 0.024559 
 0.177986 0.247915 0.027287 
 0.157049 0.244778 0.017541 
 0.139484 0.243036 0.020266 
 0.121918 0.241294 0.022990 
 0.104353 0.239551 0.025714 
 0.086787 0.237809 0.028439 
 0.072453 0.237448 0.043655 
 0.054864 0.235704 0.046383 
 0.043646 0.236713 0.074109 
 0.026011 0.234964 0.076844 
 0.008375 0.233215 0.079580 
 -0.003029 0.234205 0.107335 
 -0.020711 0.232451 0.110078 
 -0.038393 0.230698 0.112820 
 -0.062166 0.226218 0.090520 
 -0.079801 0.224469 0.093255 
 -0.097436 0.222720 0.095991 
 -0.109120 0.223683 0.123790 
 -0.132707 0.219222 0.101461 
 -0.150342 0.217473 0.104196 
 -0.167978 0.215724 0.106931 
 -0.275087 0.191311 -0.045370 
 -0.292419 0.189592 -0.042681 
 -0.309752 0.187873 -0.039993 
 -0.327085 0.186154 -0.037305 
 -0.349858 0.181774 -0.059760 
 -0.367144 0.180059 -0.057079 
 -0.384430 0.178345 -0.054398 
 -0.401717 0.176631 -0.051717 
 -0.419003 0.174916 -0.049036 
 -0.436289 0.173202 -0.046355 
 -0.473419 0.168458 -0.053589 
 -0.495750 0.164122 -0.076113 
 -0.512966 0.162415 -0.073443 
 -0.530183 0.160707 -0.070773 
 -0.542471 0.161610 -0.042880 
 -0.557294 0.161200 -0.027588 
 -0.574580 0.159486 -0.024907 
 -0.591866 0.157772 -0.022226 
 -0.609152 0.156057 -0.019544 
 -0.621744 0.156930 0.008395 
 -0.639076 0.155211 0.011084 
 0.413257 0.245308 -0.116300 
 0.403252 0.246391 -0.088769 
 0.385802 0.244660 -0.086063 
 0.368353 0.242929 -0.083357 
 0.372677 0.249583 -0.006093 
 0.355088 0.247838 -0.003365 
 0.337499 0.246094 -0.000637 
 0.319911 0.244349 0.002091 
 0.298786 0.241217 -0.007621 
 0.281221 0.239475 -0.004897 
 0.267144 0.239116 0.010275 
 0.249556 0.237371 0.013003 
 0.231967 0.235627 0.015731 
 0.214378 0.233883 0.018459 
 0.196789 0.232138 0.021187 
 0.179201 0.230394 0.023915 
 0.161612 0.228649 0.026643 
 0.140697 0.225538 0.016898 
 0.123131 0.223795 0.019622 
 0.105566 0.222053 0.022346 
 0.091257 0.221671 0.037555 
 0.073668 0.219927 0.040283 
 0.056079 0.218182 0.043010 
 0.044864 0.219145 0.070728 
 0.027229 0.217396 0.073463 
 0.015874 0.218344 0.101203 
 -0.001808 0.216591 0.103945 
 -0.019490 0.214837 0.106688 
 -0.037172 0.213083 0.109430 
 -0.054853 0.211330 0.112172 
 -0.072535 0.209576 0.114915 
 -0.090217 0.207822 0.117657 
 -0.107899 0.206069 0.120399 
 -0.125581 0.204315 0.123142 
 -0.143262 0.202561 0.125884 
 -0.160944 0.200808 0.128627 
 -0.262232 0.173126 -0.076480 
 -0.279519 0.171412 -0.073799 
 -0.296805 0.169697 -0.071118 
 -0.314091 0.167983 -0.068437 
 -0.331378 0.166268 -0.065756 
 -0.348664 0.164554 -0.063074 
 -0.365950 0.162839 -0.060393 
 -0.383237 0.161125 -0.057712 
 -0.400523 0.159410 -0.055031 
 -0.417809 0.157696 -0.052350 
 -0.435096 0.155981 -0.049669 
 -0.472227 0.151261 -0.056899 
 -0.494561 0.146971 -0.079414 
 -0.511777 0.145264 -0.076744 
 -0.528994 0.143556 -0.074074 
 -0.541279 0.144413 -0.046190 
 -0.558542 0.142700 -0.043512 
 -0.573386 0.142266 -0.028221 
 -0.590672 0.140551 -0.025540 
 -0.607959 0.138837 -0.022859 
 -0.625245 0.137122 -0.020178 
 -0.642531 0.135408 -0.017497 
 0.414459 0.227972 -0.119636 
 0.397056 0.226246 -0.116937 
 0.379653 0.224520 -0.114238 
 0.387827 0.232429 -0.024611 
 0.373892 0.232061 -0.009465 
 0.356303 0.230317 -0.006737 
 0.338714 0.228572 -0.004009 
 0.321125 0.226828 -0.001281 
 0.299999 0.223719 -0.010989 
 0.285948 0.223339 0.004175 
 0.268359 0.221595 0.006903 
 0.257705 0.222566 0.034525 
 0.233182 0.218106 0.012359 
 0.215593 0.216361 0.015087 
 0.198004 0.214617 0.017814 
 0.180415 0.212872 0.020542 
 0.162826 0.211128 0.023270 
 0.145238 0.209383 0.025998 
 0.127649 0.207639 0.028726 
 0.110060 0.205895 0.031454 
 0.092471 0.204150 0.034182 
 0.074883 0.202406 0.036910 
 0.063717 0.203326 0.064611 
 0.046082 0.201577 0.067347 
 0.034777 0.202484 0.095070 
 0.017095 0.200730 0.097813 
 -0.000587 0.198977 0.100555 
 -0.018269 0.197223 0.103297 
 -0.035950 0.195469 0.106040 
 -0.053632 0.193716 0.108782 
 -0.071314 0.191962 0.111524 
 -0.088996 0.190208 0.114267 
 -0.106678 0.188455 0.117009 
 -0.124360 0.186701 0.119752 
 -0.147906 0.182337 0.097433 
 -0.165542 0.180588 0.100169 
 -0.238027 0.160216 -0.057393 
 -0.261039 0.155906 -0.079794 
 -0.278325 0.154191 -0.077113 
 -0.295611 0.152477 -0.074432 
 -0.321206 0.146896 -0.109417 
 -0.338423 0.145189 -0.106747 
 -0.350193 0.146049 -0.078951 
 -0.367456 0.144337 -0.076274 
 -0.384719 0.142625 -0.073596 
 -0.401982 0.140913 -0.070919 
 -0.419245 0.139201 -0.068242 
 -0.433902 0.138761 -0.052984 
 -0.453771 0.135776 -0.062887 
 -0.471035 0.134064 -0.060209 
 -0.493372 0.129821 -0.082715 
 -0.510588 0.128113 -0.080045 
 -0.527805 0.126406 -0.077375 
 -0.545021 0.124698 -0.074705 
 -0.557350 0.125504 -0.046822 
 -0.572192 0.125046 -0.031535 
 -0.589478 0.123331 -0.028854 
 -0.606765 0.121617 -0.026173 
 -0.624051 0.119902 -0.023492 
 -0.641337 0.118188 -0.020811 
 0.415661 0.210636 -0.122973 
 0.398258 0.208910 -0.120274 
 0.388213 0.209895 -0.092754 
 0.392695 0.216284 -0.015565 
 0.375106 0.214540 -0.012837 
 0.357518 0.212795 -0.010109 
 0.339929 0.211051 -0.007382 
 0.322340 0.209306 -0.004654 
 0.301212 0.206220 -0.014357 
 0.283647 0.204478 -0.011633 
 0.269574 0.204073 0.003530 
 0.258923 0.204998 0.031143 
 0.234396 0.200584 0.008986 
 0.216808 0.198840 0.011714 
 0.199219 0.197095 0.014442 
 0.188382 0.198002 0.042084 
 0.164041 0.193606 0.019898 
 0.146452 0.191862 0.022626 
 0.128864 0.190117 0.025354 
 0.111275 0.188373 0.028082 
 0.100206 0.189257 0.055760 
 0.082570 0.187508 0.058495 
 0.064935 0.185758 0.061230 
 0.053680 0.186624 0.088938 
 0.035998 0.184870 0.091680 
 0.018316 0.183116 0.094422 
 0.003755 0.182663 0.109661 
 -0.013951 0.180907 0.112407 
 -0.031656 0.179151 0.115153 
 -0.049361 0.177395 0.117899 
 -0.067066 0.175639 0.120645 
 -0.084771 0.173883 0.123391 
 -0.102476 0.172127 0.126137 
 -0.134968 0.163951 0.066273 
 -0.152557 0.162206 0.069001 
 -0.170145 0.160462 0.071729 
 -0.236830 0.142950 -0.060716 
 -0.259845 0.138686 -0.083108 
 -0.279949 0.135701 -0.092971 
 -0.311184 0.127649 -0.153030 
 -0.328331 0.125949 -0.150371 
 -0.348226 0.122985 -0.160266 
 -0.362624 0.122548 -0.145052 
 -0.366264 0.127140 -0.079584 
 -0.383527 0.125428 -0.076906 
 -0.398135 0.124970 -0.061660 
 -0.418053 0.122004 -0.071552 
 -0.435316 0.120292 -0.068874 
 -0.452579 0.118580 -0.066197 
 -0.469842 0.116867 -0.063519 
 -0.487105 0.115155 -0.060842 
 -0.504368 0.113443 -0.058164 
 -0.521631 0.111731 -0.055487 
 -0.538894 0.110019 -0.052810 
 -0.556158 0.108307 -0.050132 
 -0.573421 0.106594 -0.047455 
 -0.588285 0.106111 -0.032169 
 -0.605571 0.104397 -0.029488 
 -0.622857 0.102682 -0.026807 
 -0.640144 0.100968 -0.024126 
 0.416862 0.193300 -0.126310 
 0.399460 0.191574 -0.123611 
 0.411499 0.200507 -0.021666 
 0.401224 0.201423 0.005881 
 0.372687 0.195691 -0.028623 
 0.358732 0.195274 -0.013482 
 0.341144 0.193529 -0.010754 
 0.319991 0.190464 -0.020450 
 0.302425 0.188722 -0.017725 
 0.284860 0.186980 -0.015001 
 0.270789 0.186552 0.000158 
 0.260141 0.187430 0.027762 
 0.235611 0.183063 0.005614 
 0.224871 0.183932 0.033232 
 0.207235 0.182183 0.035967 
 0.189600 0.180434 0.038703 
 0.171965 0.178685 0.041438 
 0.147667 0.174340 0.019254 
 0.130078 0.172596 0.021981 
 0.119059 0.173438 0.049643 
 0.101424 0.171689 0.052378 
 0.083788 0.169940 0.055114 
 0.066153 0.168191 0.057849 
 0.048518 0.166442 0.060584 
 0.037219 0.167256 0.088290 
 0.019537 0.165502 0.091032 
 0.001856 0.163748 0.093774 
 -0.012728 0.163269 0.109013 
 -0.030433 0.161513 0.111759 
 -0.048138 0.159757 0.114505 
 -0.065843 0.158002 0.117251 
 -0.083548 0.156246 0.119997 
 -0.101253 0.154490 0.122743 
 -0.121917 0.151473 0.112971 
 -0.139599 0.149719 0.115714 
 -0.168931 0.142940 0.068357 
 -0.235633 0.125683 -0.064040 
 -0.258651 0.121466 -0.086423 
 -0.278757 0.118504 -0.096281 
 -0.343553 0.095632 -0.306832 
 -0.329919 0.107625 -0.166205 
 -0.347043 0.105927 -0.163549 
 -0.369619 0.101753 -0.186001 
 -0.365072 0.109943 -0.082894 
 -0.379655 0.109464 -0.067656 
 -0.396941 0.107750 -0.064975 
 -0.416861 0.104807 -0.074862 
 -0.431514 0.104321 -0.059612 
 -0.451387 0.101383 -0.069507 
 -0.468650 0.099670 -0.066829 
 -0.485913 0.097958 -0.064152 
 -0.503176 0.096246 -0.061474 
 -0.520439 0.094534 -0.058797 
 -0.537702 0.092822 -0.056119 
 -0.554965 0.091110 -0.053442 
 -0.569805 0.090605 -0.038164 
 -0.587091 0.088891 -0.035483 
 -0.604377 0.087176 -0.032802 
 -0.621663 0.085462 -0.030121 
 -0.638950 0.083748 -0.027440 
 0.418064 0.175964 -0.129646 
 0.400662 0.174238 -0.126947 
 0.412713 0.182986 -0.025038 
 0.395125 0.181241 -0.022310 
 0.373901 0.178192 -0.031991 
 0.359947 0.177752 -0.016854 
 0.342358 0.176008 -0.014126 
 0.321204 0.172966 -0.023818 
 0.303639 0.171224 -0.021093 
 0.286073 0.169482 -0.018369 
 0.272003 0.169030 -0.003214 
 0.254415 0.167286 -0.000487 
 0.236826 0.165541 0.002241 
 0.219237 0.163797 0.004969 
 0.201648 0.162052 0.007697 
 0.190818 0.162866 0.035321 
 0.173183 0.161117 0.038057 
 0.148882 0.156819 0.015881 
 0.131293 0.155075 0.018609 
 0.120277 0.155870 0.046262 
 0.102642 0.154121 0.048997 
 0.085006 0.152372 0.051732 
 0.067371 0.150623 0.054467 
 0.049736 0.148874 0.057203 
 0.038440 0.149642 0.084899 
 0.020759 0.147888 0.087642 
 0.006200 0.147388 0.102872 
 -0.011505 0.145632 0.105618 
 -0.029210 0.143876 0.108364 
 -0.046915 0.142120 0.111110 
 -0.058560 0.142853 0.138860 
 -0.076311 0.141093 0.141613 
 -0.100030 0.136852 0.119348 
 -0.117736 0.135096 0.122094 
 -0.135441 0.133340 0.124840 
 -0.234436 0.108417 -0.067363 
 -0.251769 0.106698 -0.064675 
 -0.339625 0.074382 -0.375356 
 -0.356377 0.072721 -0.372758 
 -0.367579 0.073498 -0.345076 
 -0.373372 0.076700 -0.292289 
 -0.417542 0.062879 -0.415161 
 -0.434200 0.061226 -0.412577 
 -0.378461 0.092244 -0.070970 
 -0.395748 0.090530 -0.068289 
 -0.413034 0.088815 -0.065608 
 -0.430320 0.087101 -0.062927 
 -0.447606 0.085386 -0.060246 
 -0.464893 0.083672 -0.057565 
 -0.484721 0.080761 -0.067462 
 -0.499465 0.080243 -0.052203 
 -0.519247 0.077337 -0.062107 
 -0.536510 0.075625 -0.059429 
 -0.553773 0.073913 -0.056752 
 -0.568611 0.073385 -0.041479 
 -0.585897 0.071671 -0.038798 
 -0.603183 0.069956 -0.036116 
 0.419266 0.158628 -0.132983 
 0.401864 0.156902 -0.130284 
 0.413928 0.165464 -0.028410 
 0.392679 0.162436 -0.038083 
 0.375114 0.160694 -0.035358 
 0.361162 0.160231 -0.020227 
 0.343573 0.158487 -0.017499 
 0.322417 0.155468 -0.027185 
 0.304852 0.153725 -0.024461 
 0.290807 0.153253 -0.009315 
 0.273218 0.151509 -0.006587 
 0.255629 0.149764 -0.003859 
 0.238040 0.148020 -0.001131 
 0.220452 0.146276 0.001597 
 0.209671 0.147048 0.029205 
 0.192036 0.145299 0.031940 
 0.174401 0.143550 0.034675 
 0.156765 0.141801 0.037410 
 0.139130 0.140052 0.040146 
 0.121495 0.138303 0.042881 
 0.103860 0.136553 0.045616 
 0.086224 0.134804 0.048351 
 0.068589 0.133055 0.051086 
 0.050954 0.131306 0.053821 
 0.039661 0.132027 0.081509 
 0.021980 0.130274 0.084252 
 0.007423 0.129751 0.099477 
 -0.010282 0.127995 0.102223 
 -0.027987 0.126239 0.104969 
 -0.045692 0.124483 0.107715 
 -0.063397 0.122727 0.110461 
 -0.081103 0.120971 0.113207 
 -0.098808 0.119215 0.115953 
 -0.119475 0.116244 0.106191 
 -0.137157 0.114491 0.108933 
 -0.233239 0.091150 -0.070686 
 -0.250572 0.089431 -0.067998 
 -0.338468 0.057695 -0.378568 
 -0.355220 0.056034 -0.375970 
 -0.388627 0.047196 -0.448597 
 -0.399733 0.047936 -0.420938 
 -0.416391 0.046284 -0.418355 
 -0.433049 0.044632 -0.415771 
 -0.377267 0.075024 -0.074284 
 -0.394554 0.073310 -0.071603 
 -0.411840 0.071595 -0.068922 
 -0.429126 0.069881 -0.066241 
 -0.446413 0.068166 -0.063560 
 -0.463699 0.066452 -0.060879 
 -0.480985 0.064737 -0.058198 
 -0.498272 0.063023 -0.055517 
 -0.515558 0.061308 -0.052836 
 -0.532844 0.059594 -0.050155 
 -0.552581 0.056716 -0.060062 
 -0.567417 0.056165 -0.044793 
 -0.584703 0.054451 -0.042112 
 -0.601989 0.052736 -0.039431 
 0.415143 0.147943 -0.031783 
 0.386569 0.142417 -0.066243 
 0.376327 0.143196 -0.038726 
 0.362377 0.142710 -0.023599 
 0.344788 0.140965 -0.020871 
 0.327199 0.139221 -0.018143 
 0.309610 0.137476 -0.015415 
 0.292021 0.135732 -0.012687 
 0.274433 0.133987 -0.009959 
 0.263795 0.134727 0.017618 
 0.246160 0.132978 0.020353 
 0.228525 0.131229 0.023088 
 0.210889 0.129480 0.025824 
 0.193254 0.127731 0.028559 
 0.175619 0.125982 0.031294 
 0.157983 0.124233 0.034029 
 0.140348 0.122484 0.036764 
 0.122713 0.120735 0.039499 
 0.105077 0.118986 0.042235 
 0.087442 0.117236 0.044970 
 0.069807 0.115487 0.047705 
 0.052172 0.113738 0.050440 
 0.040883 0.114413 0.078119 
 0.023201 0.112660 0.080861 
 0.008646 0.112113 0.096083 
 -0.009059 0.110357 0.098829 
 -0.026765 0.108601 0.101575 
 -0.038356 0.109247 0.129300 
 -0.056108 0.107486 0.132053 
 -0.079880 0.103333 0.109813 
 -0.097585 0.101577 0.112559 
 -0.115290 0.099821 0.115305 
 -0.135936 0.096876 0.105543 
 -0.340136 0.039831 -0.394305 
 -0.356864 0.038172 -0.391711 
 -0.379147 0.034167 -0.414183 
 -0.398583 0.031342 -0.424132 
 -0.415241 0.029690 -0.421549 
 -0.431899 0.028037 -0.418965 
 -0.448557 0.026385 -0.416382 
 -0.393360 0.056090 -0.074918 
 -0.410646 0.054375 -0.072237 
 -0.427932 0.052661 -0.069556 
 -0.445219 0.050946 -0.066875 
 -0.462505 0.049232 -0.064194 
 -0.479791 0.047517 -0.061513 
 -0.497078 0.045803 -0.058832 
 -0.514364 0.044088 -0.056150 
 -0.531650 0.042374 -0.053469 
 -0.548937 0.040659 -0.050788 
 -0.566223 0.038945 -0.048107 
 -0.583509 0.037231 -0.045426 
 0.416358 0.130421 -0.035155 
 0.395105 0.127440 -0.044819 
 0.377540 0.125697 -0.042094 
 0.363591 0.125188 -0.026971 
 0.346003 0.123444 -0.024243 
 0.328414 0.121699 -0.021516 
 0.310825 0.119955 -0.018788 
 0.293236 0.118210 -0.016060 
 0.275647 0.116466 -0.013332 
 0.265013 0.117159 0.014237 
 0.240470 0.112977 -0.007876 
 0.229742 0.113661 0.019707 
 0.212107 0.111912 0.022442 
 0.194472 0.110163 0.025177 
 0.170115 0.105999 0.003036 
 0.159201 0.106665 0.030648 
 0.141566 0.104916 0.033383 
 0.123931 0.103167 0.036118 
 0.106295 0.101418 0.038853 
 0.088660 0.099669 0.041588 
 0.071025 0.097920 0.044324 
 0.053390 0.096170 0.047059 
 0.042104 0.096799 0.074729 
 0.027573 0.096232 0.089942 
 0.009868 0.094476 0.092688 
 -0.001627 0.095084 0.120390 
 -0.019378 0.093324 0.123143 
 -0.037130 0.091563 0.125896 
 -0.054882 0.089802 0.128649 
 -0.072633 0.088042 0.131403 
 -0.096362 0.083940 0.109164 
 -0.114067 0.082184 0.111910 
 -0.131772 0.080428 0.114656 
 -0.338980 0.023167 -0.397513 
 -0.355708 0.021508 -0.394918 
 -0.377995 0.017549 -0.417381 
 -0.397432 0.014748 -0.427326 
 -0.414090 0.013095 -0.424743 
 -0.428039 0.012586 -0.409620 
 -0.444721 0.010932 -0.407033 
 -0.461402 0.009277 -0.404445 
 -0.409452 0.037155 -0.075551 
 -0.426739 0.035440 -0.072870 
 -0.444025 0.033726 -0.070189 
 -0.461311 0.032012 -0.067508 
 -0.478598 0.030297 -0.064827 
 -0.495884 0.028583 -0.062146 
 -0.513170 0.026868 -0.059465 
 -0.525503 0.027393 -0.031632 
 -0.542836 0.025674 -0.028944 
 -0.555308 0.026185 -0.001091 
 -0.572687 0.024462 0.001605 
 0.417572 0.112900 -0.038528 
 0.396319 0.109941 -0.048187 
 0.378753 0.108199 -0.045462 
 0.364806 0.107667 -0.030344 
 0.347217 0.105922 -0.027616 
 0.329628 0.104178 -0.024888 
 0.312040 0.102433 -0.022160 
 0.294451 0.100689 -0.019432 
 0.276862 0.098944 -0.016704 
 0.259273 0.097200 -0.013976 
 0.241685 0.095456 -0.011248 
 0.224096 0.093711 -0.008520 
 0.206507 0.091967 -0.005792 
 0.188918 0.090222 -0.003064 
 0.171330 0.088478 -0.000336 
 0.153741 0.086733 0.002392 
 0.136152 0.084989 0.005120 
 0.125149 0.085599 0.032737 
 0.107513 0.083850 0.035472 
 0.089878 0.082101 0.038207 
 0.072243 0.080352 0.040942 
 0.054607 0.078603 0.043677 
 0.043325 0.079185 0.071339 
 0.028796 0.078595 0.086547 
 0.011091 0.076839 0.089293 
 -0.000401 0.077400 0.116986 
 -0.018152 0.075640 0.119739 
 -0.035904 0.073879 0.122492 
 -0.053656 0.072119 0.125246 
 -0.071407 0.070358 0.127999 
 -0.095139 0.066303 0.105769 
 -0.112845 0.064547 0.108515 
 -0.130550 0.062791 0.111261 
 -0.326799 0.005895 -0.428342 
 -0.343480 0.004241 -0.425754 
 -0.360161 0.002586 -0.423167 
 -0.379624 -0.000195 -0.433104 
 -0.396282 -0.001847 -0.430520 
 -0.412940 -0.003499 -0.427937 
 -0.426887 -0.004032 -0.412818 
 -0.443568 -0.005686 -0.410231 
 -0.460250 -0.007340 -0.407644 
 -0.408259 0.019935 -0.078866 
 -0.425545 0.018220 -0.076184 
 -0.442831 0.016506 -0.073503 
 -0.460117 0.014791 -0.070822 
 -0.477404 0.013077 -0.068141 
 -0.494690 0.011363 -0.065460 
 -0.506973 0.011846 -0.037644 
 -0.524306 0.010127 -0.034956 
 -0.536728 0.010596 -0.007118 
 -0.554108 0.008872 -0.004423 
 -0.571487 0.007149 -0.001727 
 0.418787 0.095379 -0.041900 
 0.401198 0.093634 -0.039172 
 0.383609 0.091890 -0.036444 
 0.366021 0.090145 -0.033716 
 0.348432 0.088401 -0.030988 
 0.337990 0.089020 -0.003467 
 0.313254 0.084912 -0.025532 
 0.295666 0.083168 -0.022804 
 0.278077 0.081423 -0.020076 
 0.267449 0.082024 0.007474 
 0.242899 0.077934 -0.014621 
 0.225311 0.076190 -0.011893 
 0.207722 0.074445 -0.009165 
 0.190133 0.072701 -0.006437 
 0.172544 0.070956 -0.003709 
 0.154956 0.069212 -0.000981 
 0.137367 0.067468 0.001747 
 0.126367 0.068031 0.029355 
 0.108731 0.066282 0.032091 
 0.097592 0.066832 0.059721 
 0.079910 0.065078 0.062464 
 0.062228 0.063325 0.065206 
 0.047724 0.062713 0.080407 
 0.030019 0.060957 0.083152 
 0.012314 0.059201 0.085898 
 -0.005391 0.057445 0.088644 
 -0.023096 0.055689 0.091390 
 -0.034678 0.056196 0.119089 
 -0.052430 0.054435 0.121842 
 -0.070181 0.052674 0.124595 
 -0.093917 0.048666 0.102374 
 -0.111622 0.046910 0.105120 
 -0.123436 0.047393 0.132855 
 -0.141188 0.045632 0.135608 
 -0.325647 -0.010723 -0.431540 
 -0.342328 -0.012377 -0.428953 
 -0.359009 -0.014031 -0.426366 
 -0.378473 -0.016789 -0.436298 
 -0.395131 -0.018441 -0.433714 
 -0.411789 -0.020094 -0.431131 
 -0.425735 -0.020649 -0.416017 
 -0.442416 -0.022304 -0.413429 
 -0.459098 -0.023958 -0.410842 
 -0.401779 0.004894 -0.057097 
 -0.424351 0.001000 -0.079499 
 -0.436445 0.001455 -0.051720 
 -0.458924 -0.002429 -0.074137 
 -0.471110 -0.001983 -0.046344 
 -0.488443 -0.003702 -0.043656 
 -0.505776 -0.005421 -0.040967 
 -0.518149 -0.004993 -0.013146 
 -0.533071 -0.005646 0.002119 
 -0.550474 -0.007372 0.004819 
 -0.567877 -0.009098 0.007518 
 0.427385 0.080198 -0.020524 
 0.409749 0.078448 -0.017789 
 0.392114 0.076699 -0.015053 
 0.374479 0.074950 -0.012318 
 0.356843 0.073201 -0.009583 
 0.339208 0.071452 -0.006848 
 0.321573 0.069703 -0.004113 
 0.303937 0.067954 -0.001378 
 0.286302 0.066205 0.001358 
 0.261703 0.062157 -0.020721 
 0.244114 0.060413 -0.017993 
 0.226525 0.058668 -0.015265 
 0.208937 0.056924 -0.012537 
 0.191348 0.055179 -0.009809 
 0.173759 0.053435 -0.007081 
 0.156170 0.051691 -0.004353 
 0.145220 0.052213 0.023239 
 0.127585 0.050463 0.025974 
 0.109949 0.048714 0.028709 
 0.098813 0.049218 0.056331 
 0.081131 0.047464 0.059073 
 0.063449 0.045710 0.061816 
 0.048947 0.045076 0.077012 
 0.031242 0.043320 0.079758 
 0.019803 0.043794 0.107426 
 0.002051 0.042033 0.110179 
 -0.015701 0.040273 0.112932 
 -0.027326 0.040728 0.140630 
 -0.045124 0.038962 0.143390 
 -0.062922 0.037197 0.146150 
 -0.086707 0.033230 0.123945 
 -0.098518 0.033667 0.151671 
 -0.116316 0.031902 0.154432 
 -0.134114 0.030136 0.157192 
 -0.151913 0.028371 0.159953 
 -0.310690 -0.026775 -0.449826 
 -0.324494 -0.027340 -0.434738 
 -0.341176 -0.028994 -0.432151 
 -0.360665 -0.031731 -0.442075 
 -0.377323 -0.033383 -0.439492 
 -0.393981 -0.035036 -0.436908 
 -0.407901 -0.035612 -0.421802 
 -0.424583 -0.037267 -0.419215 
 -0.435882 -0.036779 -0.391568 
 -0.452610 -0.038438 -0.388974 
 -0.400582 -0.012373 -0.060420 
 -0.417915 -0.014092 -0.057732 
 -0.435247 -0.015811 -0.055044 
 -0.452580 -0.017530 -0.052355 
 -0.469913 -0.019249 -0.049667 
 -0.487246 -0.020968 -0.046979 
 -0.499569 -0.020582 -0.019174 
 -0.514467 -0.021256 -0.003916 
 -0.531870 -0.022982 -0.001217 
 -0.549272 -0.024708 0.001482 
 -0.566675 -0.026434 0.004181 
 0.428603 0.062630 -0.023905 
 0.410967 0.060881 -0.021170 
 0.400625 0.061416 0.006320 
 0.382943 0.059663 0.009063 
 0.358061 0.055633 -0.012964 
 0.340426 0.053884 -0.010229 
 0.322791 0.052135 -0.007494 
 0.305155 0.050386 -0.004759 
 0.287520 0.048637 -0.002024 
 0.269885 0.046888 0.000712 
 0.245329 0.042891 -0.021365 
 0.227740 0.041147 -0.018637 
 0.210151 0.039402 -0.015909 
 0.192563 0.037658 -0.013181 
 0.174974 0.035913 -0.010454 
 0.157385 0.034169 -0.007726 
 0.146438 0.034645 0.019858 
 0.128803 0.032896 0.022593 
 0.117716 0.033357 0.050198 
 0.100034 0.031604 0.052941 
 0.082352 0.029850 0.055683 
 0.067875 0.029195 0.070871 
 0.050170 0.027439 0.073617 
 0.038780 0.027871 0.101269 
 0.021029 0.026110 0.104022 
 0.003277 0.024349 0.106775 
 -0.014475 0.022589 0.109528 
 -0.026096 0.022998 0.137217 
 -0.043895 0.021232 0.139977 
 -0.061693 0.019467 0.142738 
 -0.079491 0.017702 0.145498 
 -0.097289 0.015937 0.148259 
 -0.115087 0.014171 0.151019 
 -0.132885 0.012406 0.153780 
 -0.150683 0.010641 0.156540 
 -0.300903 -0.040171 -0.415531 
 -0.317631 -0.041830 -0.412937 
 -0.334359 -0.043489 -0.410342 
 -0.356705 -0.047266 -0.432762 
 -0.373387 -0.048921 -0.430175 
 -0.390068 -0.050575 -0.427588 
 -0.401271 -0.050125 -0.399964 
 -0.417999 -0.051784 -0.397370 
 -0.434727 -0.053443 -0.394775 
 -0.451455 -0.055102 -0.392181 
 -0.399385 -0.029639 -0.063744 
 -0.416718 -0.031358 -0.061055 
 -0.434050 -0.033078 -0.058367 
 -0.451383 -0.034797 -0.055679 
 -0.463610 -0.034448 -0.027897 
 -0.480989 -0.036171 -0.025202 
 -0.495862 -0.036866 -0.009952 
 -0.513265 -0.038592 -0.007253 
 -0.525748 -0.038269 0.020569 
 -0.543197 -0.039999 0.023275 
 -0.565473 -0.043770 0.000844 
 0.405494 0.044921 0.015303 
 0.384164 0.042049 0.005672 
 0.359279 0.038066 -0.016346 
 0.341644 0.036317 -0.013610 
 0.316899 0.032348 -0.035650 
 0.299310 0.030603 -0.032922 
 0.281721 0.028859 -0.030194 
 0.264132 0.027114 -0.027466 
 0.246544 0.025370 -0.024738 
 0.228955 0.023625 -0.022010 
 0.211366 0.021881 -0.019282 
 0.193777 0.020136 -0.016554 
 0.176189 0.018392 -0.013826 
 0.158600 0.016648 -0.011098 
 0.147656 0.017077 0.016476 
 0.130020 0.015328 0.019212 
 0.118937 0.015743 0.046808 
 0.101255 0.013990 0.049550 
 0.086803 0.013314 0.064730 
 0.069097 0.011558 0.067476 
 0.057758 0.011948 0.095112 
 0.040006 0.010187 0.097865 
 0.022255 0.008426 0.100618 
 0.004503 0.006666 0.103372 
 -0.013249 0.004905 0.106125 
 -0.024867 0.005268 0.133805 
 -0.042665 0.003502 0.136565 
 -0.060464 0.001737 0.139325 
 -0.078262 -0.000028 0.142086 
 -0.090113 0.000311 0.169801 
 -0.107958 -0.001459 0.172568 
 -0.125802 -0.003228 0.175336 
 -0.143647 -0.004998 0.178104 
 -0.296868 -0.055791 -0.406247 
 -0.313619 -0.057453 -0.403649 
 -0.333204 -0.060153 -0.413549 
 -0.355553 -0.063884 -0.435961 
 -0.372235 -0.065538 -0.433374 
 -0.388916 -0.067193 -0.430786 
 -0.400116 -0.066789 -0.403172 
 -0.416844 -0.068448 -0.400577 
 -0.433572 -0.070107 -0.397983 
 -0.372842 -0.042120 -0.032182 
 -0.392892 -0.044866 -0.042011 
 -0.415520 -0.048625 -0.064379 
 -0.427651 -0.048313 -0.036620 
 -0.445030 -0.050037 -0.033925 
 -0.462410 -0.051761 -0.031229 
 -0.479789 -0.053484 -0.028534 
 -0.494660 -0.054202 -0.013289 
 -0.512063 -0.055928 -0.010590 
 -0.519620 -0.053648 0.042337 
 -0.537115 -0.055383 0.045050 
 0.406717 0.027284 0.011908 
 0.385385 0.024434 0.002282 
 0.360497 0.020498 -0.019727 
 0.342862 0.018749 -0.016992 
 0.318113 0.014826 -0.039022 
 0.300525 0.013082 -0.036294 
 0.282936 0.011337 -0.033566 
 0.265347 0.009593 -0.030838 
 0.247758 0.007848 -0.028110 
 0.230170 0.006104 -0.025382 
 0.212581 0.004359 -0.022654 
 0.194992 0.002615 -0.019926 
 0.177403 0.000870 -0.017198 
 0.159814 -0.000874 -0.014470 
 0.148874 -0.000491 0.013095 
 0.131238 -0.002240 0.015830 
 0.120158 -0.001871 0.043418 
 0.105730 -0.002568 0.058590 
 0.088025 -0.004324 0.061336 
 0.076736 -0.003976 0.088955 
 0.058984 -0.005736 0.091708 
 0.041232 -0.007497 0.094462 
 0.023481 -0.009257 0.097215 
 0.011958 -0.008932 0.124871 
 -0.005840 -0.010697 0.127632 
 -0.023638 -0.012462 0.130392 
 -0.041436 -0.014228 0.133152 
 -0.059234 -0.015993 0.135913 
 -0.077032 -0.017758 0.138673 
 -0.094831 -0.019523 0.141434 
 -0.106725 -0.019235 0.169147 
 -0.124570 -0.021005 0.171915 
 -0.142415 -0.022774 0.174682 
 -0.160259 -0.024544 0.177450 
 -0.178104 -0.026314 0.180217 
 -0.332049 -0.076817 -0.416757 
 -0.354401 -0.080502 -0.439159 
 -0.371082 -0.082156 -0.436572 
 -0.382233 -0.081794 -0.408973 
 -0.398961 -0.083453 -0.406379 
 -0.415688 -0.085112 -0.403785 
 -0.343454 -0.053724 0.011847 
 -0.366295 -0.057458 -0.010479 
 -0.391692 -0.062179 -0.045343 
 -0.409071 -0.063903 -0.042648 
 -0.426451 -0.065626 -0.039953 
 -0.443830 -0.067350 -0.037257 
 -0.458653 -0.068086 -0.022024 
 -0.476056 -0.069812 -0.019325 
 -0.488439 -0.069572 0.008465 
 -0.505888 -0.071303 0.011171 
 -0.518411 -0.071077 0.038982 
 -0.535907 -0.072812 0.041696 
 -0.553403 -0.074547 0.044409 
 0.379350 0.004679 -0.025843 
 0.361715 0.002930 -0.023108 
 0.344080 0.001181 -0.020373 
 0.319328 -0.002695 -0.042394 
 0.301739 -0.004440 -0.039666 
 0.284151 -0.006184 -0.036938 
 0.266562 -0.007929 -0.034210 
 0.248973 -0.009673 -0.031482 
 0.231384 -0.011417 -0.028755 
 0.213795 -0.013162 -0.026027 
 0.196207 -0.014906 -0.023299 
 0.178618 -0.016651 -0.020571 
 0.161029 -0.018395 -0.017843 
 0.150092 -0.018059 0.009714 
 0.132456 -0.019808 0.012449 
 0.121379 -0.019485 0.040028 
 0.106953 -0.020205 0.055195 
 0.089248 -0.021961 0.057941 
 0.077962 -0.021659 0.085552 
 0.060210 -0.023420 0.088305 
 0.042458 -0.025180 0.091058 
 0.030986 -0.024897 0.118698 
 0.013187 -0.026662 0.121459 
 -0.004611 -0.028427 0.124219 
 -0.022409 -0.030192 0.126979 
 -0.040207 -0.031958 0.129740 
 -0.058005 -0.033723 0.132500 
 -0.075803 -0.035488 0.135261 
 -0.093601 -0.037253 0.138021 
 -0.111400 -0.039019 0.140782 
 -0.123338 -0.038781 0.168493 
 -0.141182 -0.040551 0.171261 
 -0.159027 -0.042321 0.174028 
 -0.176872 -0.044091 0.176796 
 -0.194716 -0.045860 0.179564 
 -0.212561 -0.047630 0.182331 
 -0.230406 -0.049400 0.185099 
 -0.289759 -0.065947 0.000352 
 -0.307255 -0.067683 0.003065 
 -0.324750 -0.069418 0.005779 
 -0.347641 -0.073109 -0.016531 
 -0.365090 -0.074840 -0.013825 
 -0.387841 -0.078518 -0.036157 
 -0.405244 -0.080244 -0.033458 
 -0.422646 -0.081970 -0.030759 
 -0.440049 -0.083696 -0.028060 
 -0.452336 -0.083493 -0.000293 
 -0.469785 -0.085224 0.002413 
 -0.482212 -0.085035 0.030200 
 -0.499707 -0.086770 0.032914 
 -0.514738 -0.087550 0.048175 
 -0.532257 -0.089288 0.050892 
 -0.549776 -0.091025 0.053610 
 0.398204 -0.011140 -0.031960 
 0.373309 -0.014983 -0.053951 
 0.362933 -0.014638 -0.026490 
 0.345298 -0.016387 -0.023754 
 0.320543 -0.020217 -0.045767 
 0.302954 -0.021961 -0.043039 
 0.285365 -0.023706 -0.040311 
 0.267777 -0.025450 -0.037583 
 0.250188 -0.027195 -0.034855 
 0.232599 -0.028939 -0.032127 
 0.215010 -0.030683 -0.029399 
 0.197421 -0.032428 -0.026671 
 0.179833 -0.034172 -0.023943 
 0.162244 -0.035917 -0.021215 
 0.151310 -0.035626 0.006332 
 0.140282 -0.035345 0.033895 
 0.122600 -0.037099 0.036637 
 0.108176 -0.037842 0.051800 
 0.096939 -0.037582 0.079395 
 0.079187 -0.039343 0.082148 
 0.061436 -0.041103 0.084901 
 0.043684 -0.042864 0.087654 
 0.032215 -0.042627 0.115286 
 0.014417 -0.044392 0.118046 
 -0.003381 -0.046157 0.120806 
 -0.021180 -0.047922 0.123567 
 -0.032882 -0.047708 0.151233 
 -0.050726 -0.049478 0.154001 
 -0.068571 -0.051248 0.156769 
 -0.086416 -0.053018 0.159536 
 -0.104261 -0.054788 0.162304 
 -0.122105 -0.056557 0.165072 
 -0.139950 -0.058327 0.167839 
 -0.154909 -0.059124 0.183085 
 -0.175639 -0.061867 0.173375 
 -0.193484 -0.063637 0.176142 
 -0.211329 -0.065407 0.178910 
 -0.234757 -0.069105 0.156692 
 -0.280244 -0.080490 0.034487 
 -0.306046 -0.085111 -0.000289 
 -0.323542 -0.086847 0.002424 
 -0.341038 -0.088582 0.005138 
 -0.363885 -0.092223 -0.017170 
 -0.386639 -0.095854 -0.039493 
 -0.404042 -0.097580 -0.036794 
 -0.416232 -0.097414 -0.009051 
 -0.433681 -0.099145 -0.006345 
 -0.451131 -0.100876 -0.003639 
 -0.468580 -0.102606 -0.000932 
 -0.481003 -0.102464 0.026846 
 -0.498499 -0.104199 0.029559 
 -0.513528 -0.105002 0.044816 
 -0.531047 -0.106740 0.047533 
 -0.548566 -0.108477 0.050250 
 0.406731 -0.026654 -0.010631 
 0.381786 -0.030456 -0.032606 
 0.364151 -0.032205 -0.029871 
 0.346516 -0.033954 -0.027136 
 0.321758 -0.037738 -0.049139 
 0.304169 -0.039483 -0.046411 
 0.283065 -0.042240 -0.056060 
 0.268991 -0.042972 -0.040955 
 0.251402 -0.044716 -0.038227 
 0.233814 -0.046460 -0.035499 
 0.216225 -0.048205 -0.032771 
 0.198636 -0.049949 -0.030043 
 0.181047 -0.051694 -0.027315 
 0.163459 -0.053438 -0.024588 
 0.152528 -0.053194 0.002951 
 0.134892 -0.054943 0.005686 
 0.123822 -0.054713 0.033247 
 0.109399 -0.055480 0.048406 
 0.091694 -0.057236 0.051152 
 0.080413 -0.057026 0.078744 
 0.062662 -0.058787 0.081498 
 0.044910 -0.060548 0.084251 
 0.033444 -0.060357 0.111873 
 0.021885 -0.060175 0.139509 
 -0.002152 -0.063887 0.117394 
 -0.013805 -0.063715 0.145044 
 -0.031649 -0.065485 0.147812 
 -0.049494 -0.067255 0.150580 
 -0.067339 -0.069024 0.153347 
 -0.085183 -0.070794 0.156115 
 -0.103028 -0.072564 0.158883 
 -0.120873 -0.074334 0.161650 
 -0.135807 -0.075151 0.176888 
 -0.153675 -0.076923 0.179659 
 -0.171543 -0.078695 0.182431 
 -0.192252 -0.081413 0.172721 
 -0.215730 -0.085070 0.150519 
 -0.233528 -0.086835 0.153279 
 -0.279031 -0.097988 0.031119 
 -0.296596 -0.099731 0.033844 
 -0.319610 -0.103341 0.011569 
 -0.339829 -0.106011 0.001783 
 -0.362680 -0.109605 -0.020516 
 -0.380129 -0.111336 -0.017810 
 -0.397578 -0.113066 -0.015103 
 -0.415027 -0.114797 -0.012397 
 -0.427308 -0.114687 0.015351 
 -0.444803 -0.116422 0.018064 
 -0.462299 -0.118157 0.020778 
 -0.479795 -0.119892 0.023491 
 -0.497291 -0.121628 0.026205 
 -0.514786 -0.123363 0.028918 
 -0.532282 -0.125098 0.031632 
 0.400640 -0.046275 -0.038723 
 0.375739 -0.050026 -0.060695 
 0.358150 -0.051771 -0.057967 
 0.340561 -0.053515 -0.055239 
 0.322972 -0.055260 -0.052511 
 0.305384 -0.057004 -0.049784 
 0.284278 -0.059738 -0.059428 
 0.266713 -0.061480 -0.056703 
 0.249147 -0.063222 -0.053979 
 0.231582 -0.064964 -0.051255 
 0.217440 -0.065726 -0.036144 
 0.199851 -0.067471 -0.033416 
 0.182262 -0.069215 -0.030688 
 0.164673 -0.070960 -0.027960 
 0.153745 -0.070762 -0.000430 
 0.142724 -0.070574 0.027115 
 0.125043 -0.072327 0.029857 
 0.107361 -0.074081 0.032599 
 0.092916 -0.074873 0.047757 
 0.081639 -0.074710 0.075341 
 0.063888 -0.076471 0.078094 
 0.052471 -0.076322 0.105700 
 0.034673 -0.078087 0.108461 
 0.023117 -0.077952 0.136088 
 0.005272 -0.079721 0.138855 
 -0.012572 -0.081491 0.141623 
 -0.027366 -0.082318 0.156835 
 -0.045234 -0.084090 0.159606 
 -0.063102 -0.085862 0.162377 
 -0.083951 -0.088571 0.152693 
 -0.101796 -0.090340 0.155461 
 -0.119640 -0.092110 0.158229 
 -0.137485 -0.093880 0.160996 
 -0.152441 -0.094723 0.176233 
 -0.173174 -0.097420 0.166532 
 -0.191019 -0.099190 0.169299 
 -0.214501 -0.102800 0.147106 
 -0.237890 -0.106401 0.124898 
 -0.277818 -0.115487 0.027751 
 -0.295383 -0.117229 0.030476 
 -0.318400 -0.120793 0.008210 
 -0.338621 -0.123439 -0.001571 
 -0.356117 -0.125174 0.001142 
 -0.378924 -0.128718 -0.021155 
 -0.396373 -0.130449 -0.018449 
 -0.408604 -0.130380 0.009283 
 -0.426100 -0.132115 0.011996 
 -0.443595 -0.133851 0.014710 
 -0.461091 -0.135586 0.017423 
 -0.478587 -0.137321 0.020137 
 -0.496082 -0.139056 0.022850 
 -0.511108 -0.139906 0.038098 
 -0.528627 -0.141643 0.040815 
 0.419493 -0.062094 -0.044839 
 0.401858 -0.063843 -0.042104 
 0.376953 -0.067548 -0.064068 
 0.359365 -0.069292 -0.061340 
 0.341776 -0.071036 -0.058612 
 0.324187 -0.072781 -0.055884 
 0.306598 -0.074525 -0.053156 
 0.285491 -0.077236 -0.062796 
 0.267926 -0.078978 -0.060071 
 0.250360 -0.080721 -0.057347 
 0.232795 -0.082463 -0.054623 
 0.215229 -0.084205 -0.051898 
 0.197664 -0.085947 -0.049174 
 0.183477 -0.086737 -0.034060 
 0.165888 -0.088481 -0.031332 
 0.154963 -0.088330 -0.003812 
 0.143946 -0.088188 0.023724 
 0.126264 -0.089942 0.026467 
 0.111844 -0.090754 0.041616 
 0.100617 -0.090633 0.069184 
 0.089297 -0.090521 0.096767 
 0.071499 -0.092286 0.099527 
 0.060039 -0.092188 0.127131 
 0.045340 -0.093029 0.142324 
 0.027472 -0.094801 0.145095 
 0.009604 -0.096573 0.147866 
 -0.008264 -0.098345 0.150638 
 -0.026132 -0.100117 0.153409 
 -0.044000 -0.101889 0.156180 
 -0.061868 -0.103662 0.158951 
 -0.082719 -0.106347 0.149272 
 -0.100563 -0.108117 0.152040 
 -0.118408 -0.109887 0.154807 
 -0.136253 -0.111657 0.157575 
 -0.154097 -0.113426 0.160342 
 -0.171942 -0.115196 0.163110 
 -0.195474 -0.118765 0.140934 
 -0.213272 -0.120530 0.143694 
 -0.250648 -0.128558 0.059097 
 -0.273831 -0.132092 0.036866 
 -0.294170 -0.134727 0.027108 
 -0.317190 -0.138245 0.004851 
 -0.334709 -0.139982 0.007568 
 -0.352228 -0.141720 0.010285 
 -0.372404 -0.144338 0.000501 
 -0.389900 -0.146074 0.003215 
 -0.407396 -0.147809 0.005928 
 -0.422304 -0.148670 0.021154 
 -0.439823 -0.150407 0.023871 
 -0.459883 -0.153015 0.014069 
 -0.477378 -0.154750 0.016782 
 -0.494874 -0.156485 0.019496 
 -0.512370 -0.158220 0.022209 
 -0.529865 -0.159955 0.024923 
 0.420711 -0.079662 -0.048220 
 0.395757 -0.083325 -0.070168 
 0.378168 -0.085069 -0.067440 
 0.360579 -0.086814 -0.064712 
 0.342990 -0.088558 -0.061984 
 0.325402 -0.090302 -0.059256 
 0.304270 -0.092992 -0.068888 
 0.286705 -0.094735 -0.066163 
 0.269139 -0.096477 -0.063439 
 0.251573 -0.098219 -0.060715 
 0.234008 -0.099961 -0.057990 
 0.216442 -0.101703 -0.055266 
 0.198877 -0.103445 -0.052542 
 0.184692 -0.104258 -0.037433 
 0.173817 -0.104148 -0.009928 
 0.156181 -0.105898 -0.007193 
 0.145167 -0.105802 0.020334 
 0.130772 -0.106636 0.035476 
 0.119595 -0.106556 0.063027 
 0.101843 -0.108317 0.065780 
 0.090526 -0.108251 0.093354 
 0.079116 -0.108195 0.120942 
 0.064442 -0.109056 0.136127 
 0.046574 -0.110828 0.138898 
 0.028706 -0.112600 0.141669 
 0.017040 -0.112569 0.169297 
 -0.000874 -0.114346 0.172076 
 -0.018789 -0.116123 0.174854 
 -0.042766 -0.119689 0.152754 
 -0.060634 -0.121461 0.155525 
 -0.081486 -0.124123 0.145850 
 -0.099331 -0.125893 0.148618 
 -0.117176 -0.127663 0.151386 
 -0.135020 -0.129433 0.154153 
 -0.152865 -0.131203 0.156921 
 -0.170710 -0.132973 0.159689 
 -0.194244 -0.136495 0.137521 
 -0.217686 -0.140008 0.115338 
 -0.249430 -0.146126 0.055716 
 -0.272616 -0.149614 0.033494 
 -0.292957 -0.152225 0.023740 
 -0.315980 -0.155697 0.001492 
 -0.333499 -0.157434 0.004209 
 -0.353700 -0.160032 -0.005567 
 -0.371196 -0.161767 -0.002853 
 -0.388691 -0.163502 -0.000140 
 -0.403575 -0.164385 0.015077 
 -0.415915 -0.164420 0.042810 
 -0.433481 -0.166163 0.045534 
 -0.456132 -0.169597 0.023229 
 -0.473651 -0.171335 0.025946 
 -0.491170 -0.173072 0.028663 
 -0.508689 -0.174810 0.031380 
 -0.526208 -0.176547 0.034097 
 0.446979 -0.093604 -0.029677 
 0.421929 -0.097229 -0.051602 
 0.404293 -0.098979 -0.048866 
 0.379383 -0.102591 -0.070812 
 0.361794 -0.104335 -0.068085 
 0.344205 -0.106079 -0.065357 
 0.326616 -0.107824 -0.062629 
 0.309028 -0.109568 -0.059901 
 0.291439 -0.111313 -0.057173 
 0.273850 -0.113057 -0.054445 
 0.252787 -0.115717 -0.064083 
 0.238673 -0.116546 -0.048989 
 0.221084 -0.118291 -0.046261 
 0.203495 -0.120035 -0.043533 
 0.185906 -0.121780 -0.040805 
 0.175035 -0.121716 -0.013309 
 0.157399 -0.123465 -0.010574 
 0.146388 -0.123416 0.016944 
 0.138572 -0.122479 0.056870 
 0.127352 -0.122451 0.084421 
 0.109553 -0.124216 0.087181 
 0.091755 -0.125981 0.089942 
 0.083544 -0.125084 0.129929 
 0.072021 -0.125085 0.157527 
 0.054106 -0.126862 0.160305 
 0.036192 -0.128639 0.163084 
 0.018277 -0.130415 0.165862 
 0.000363 -0.132192 0.168641 
 -0.017552 -0.133969 0.171419 
 -0.041532 -0.137488 0.149328 
 -0.059400 -0.139261 0.152099 
 -0.080254 -0.141900 0.142429 
 -0.098099 -0.143669 0.145197 
 -0.115943 -0.145439 0.147964 
 -0.133788 -0.147209 0.150732 
 -0.151633 -0.148979 0.153500 
 -0.175217 -0.152460 0.131348 
 -0.193015 -0.154225 0.134108 
 -0.216460 -0.157691 0.111934 
 -0.248213 -0.163694 0.052335 
 -0.271402 -0.167135 0.030122 
 -0.291744 -0.169724 0.020372 
 -0.314770 -0.173149 -0.001867 
 -0.332289 -0.174886 0.000850 
 -0.349808 -0.176624 0.003567 
 -0.367327 -0.178361 0.006284 
 -0.384846 -0.180099 0.009001 
 -0.397137 -0.180177 0.036718 
 -0.412112 -0.181091 0.051945 
 -0.429700 -0.182836 0.054673 
 -0.449833 -0.185403 0.044891 
 -0.467399 -0.187145 0.047615 
 -0.484964 -0.188887 0.050339 
 -0.507479 -0.192262 0.028021 
 -0.524998 -0.193999 0.030738 
 0.440782 -0.113048 -0.057718 
 0.423147 -0.114797 -0.054983 
 0.405511 -0.116546 -0.052248 
 0.380597 -0.120112 -0.074185 
 0.363009 -0.121856 -0.071457 
 0.345420 -0.123601 -0.068729 
 0.327831 -0.125345 -0.066001 
 0.310242 -0.127090 -0.063273 
 0.292654 -0.128834 -0.060545 
 0.275065 -0.130579 -0.057817 
 0.254000 -0.133215 -0.067451 
 0.239887 -0.134068 -0.052361 
 0.222299 -0.135812 -0.049633 
 0.204710 -0.137557 -0.046905 
 0.193888 -0.137535 -0.019426 
 0.176252 -0.139284 -0.016691 
 0.165291 -0.139277 0.010811 
 0.150923 -0.140154 0.025940 
 0.139798 -0.140163 0.053467 
 0.128581 -0.140181 0.081008 
 0.110783 -0.141946 0.083769 
 0.099425 -0.141978 0.111331 
 0.084778 -0.142883 0.126504 
 0.073258 -0.142931 0.154092 
 0.055344 -0.144708 0.156870 
 0.037429 -0.146485 0.159649 
 0.019515 -0.148261 0.162427 
 0.001600 -0.150038 0.165206 
 -0.016314 -0.151815 0.167984 
 -0.034229 -0.153592 0.170763 
 -0.058166 -0.157060 0.148674 
 -0.076034 -0.158832 0.151445 
 -0.093902 -0.160604 0.154216 
 -0.114711 -0.163216 0.144543 
 -0.132556 -0.164986 0.147310 
 -0.156190 -0.168424 0.125175 
 -0.173988 -0.170190 0.127935 
 -0.197483 -0.173614 0.105778 
 -0.220884 -0.177030 0.083606 
 -0.252598 -0.182912 0.024021 
 -0.270187 -0.184657 0.026749 
 -0.290531 -0.187222 0.017004 
 -0.313560 -0.190601 -0.005226 
 -0.331079 -0.192338 -0.002509 
 -0.343227 -0.192448 0.025177 
 -0.360793 -0.194190 0.027901 
 -0.378358 -0.195933 0.030626 
 -0.393308 -0.196868 0.045845 
 -0.410897 -0.198613 0.048573 
 -0.428486 -0.200357 0.051301 
 -0.446074 -0.202101 0.054029 
 -0.463663 -0.203846 0.056757 
 -0.481252 -0.205590 0.059485 
 0.442000 -0.130616 -0.061099 
 0.424365 -0.132365 -0.058364 
 0.406729 -0.134114 -0.055629 
 0.381812 -0.137633 -0.077557 
 0.364223 -0.139378 -0.074829 
 0.346635 -0.141122 -0.072101 
 0.329046 -0.142867 -0.069373 
 0.307909 -0.145487 -0.078992 
 0.293868 -0.146356 -0.063918 
 0.276280 -0.148100 -0.061190 
 0.255213 -0.150714 -0.070819 
 0.241102 -0.151589 -0.055734 
 0.223513 -0.153333 -0.053006 
 0.205925 -0.155078 -0.050278 
 0.195106 -0.155103 -0.022807 
 0.177470 -0.156852 -0.020072 
 0.166512 -0.156891 0.007421 
 0.152145 -0.157792 0.022546 
 0.147608 -0.156146 0.074835 
 0.129810 -0.157911 0.077596 
 0.118502 -0.157984 0.105142 
 0.103880 -0.158911 0.120306 
 0.092410 -0.159000 0.147879 
 0.074495 -0.160777 0.150657 
 0.056581 -0.162554 0.153436 
 0.038666 -0.164330 0.156214 
 0.020752 -0.166107 0.158993 
 0.002837 -0.167884 0.161771 
 -0.015077 -0.169661 0.164549 
 -0.032992 -0.171437 0.167328 
 -0.050906 -0.173214 0.170106 
 -0.074800 -0.176632 0.148019 
 -0.092667 -0.178404 0.150790 
 -0.113478 -0.180992 0.141121 
 -0.137162 -0.184389 0.119002 
 -0.154961 -0.186154 0.121763 
 -0.178505 -0.189538 0.099621 
 -0.201956 -0.192911 0.077465 
 -0.222488 -0.195472 0.067753 
 -0.251383 -0.200434 0.020649 
 -0.271752 -0.202978 0.010912 
 -0.294831 -0.206315 -0.011302 
 -0.312350 -0.208053 -0.008585 
 -0.329869 -0.209790 -0.005868 
 -0.342014 -0.209947 0.021809 
 -0.359580 -0.211689 0.024533 
 -0.377145 -0.213431 0.027258 
 -0.392093 -0.214389 0.042472 
 -0.404494 -0.214571 0.070188 
 -0.422130 -0.216320 0.072924 
 -0.439765 -0.218069 0.075659 
 -0.457400 -0.219818 0.078394 
 -0.475035 -0.221568 0.081129 
 0.443218 -0.148184 -0.064481 
 0.425583 -0.149933 -0.061746 
 0.407947 -0.151682 -0.059010 
 0.383027 -0.155155 -0.080930 
 0.365438 -0.156899 -0.078202 
 0.347849 -0.158644 -0.075474 
 0.330261 -0.160388 -0.072746 
 0.312672 -0.162133 -0.070018 
 0.295083 -0.163877 -0.067290 
 0.277494 -0.165622 -0.064562 
 0.259906 -0.167366 -0.061834 
 0.242317 -0.169110 -0.059106 
 0.224728 -0.170855 -0.056378 
 0.207139 -0.172599 -0.053650 
 0.196324 -0.172671 -0.026188 
 0.185415 -0.172751 0.001288 
 0.171073 -0.173673 0.016405 
 0.160002 -0.173770 0.043906 
 0.142250 -0.175530 0.046659 
 0.131039 -0.175641 0.074183 
 0.119735 -0.175761 0.101721 
 0.105114 -0.176710 0.116880 
 0.093647 -0.176846 0.144444 
 0.075732 -0.178623 0.147222 
 0.057818 -0.180400 0.150001 
 0.039904 -0.182176 0.152779 
 0.021989 -0.183953 0.155558 
 0.004075 -0.185730 0.158336 
 -0.013840 -0.187507 0.161115 
 -0.031754 -0.189283 0.163893 
 -0.055698 -0.192659 0.141822 
 -0.073566 -0.194431 0.144593 
 -0.094401 -0.196999 0.134932 
 -0.118135 -0.200354 0.112829 
 -0.135933 -0.202119 0.115590 
 -0.159527 -0.205461 0.093464 
 -0.177279 -0.207221 0.096217 
 -0.203585 -0.211332 0.061621 
 -0.232580 -0.216211 0.014548 
 -0.250169 -0.217955 0.017276 
 -0.270539 -0.220476 0.007544 
 -0.293621 -0.223767 -0.014661 
 -0.311140 -0.225504 -0.011944 
 -0.328659 -0.227242 -0.009227 
 -0.340801 -0.227445 0.018441 
 -0.358366 -0.229187 0.021165 
 -0.373290 -0.230166 0.036372 
 -0.385641 -0.230390 0.064072 
 -0.403276 -0.232139 0.066807 
 -0.420912 -0.233888 0.069542 
 -0.438547 -0.235637 0.072277 
 -0.456182 -0.237386 0.075013 
 -0.473817 -0.239135 0.077748 
 0.444436 -0.165751 -0.067862 
 0.426800 -0.167500 -0.065127 
 0.409165 -0.169250 -0.062392 
 0.384242 -0.172676 -0.084302 
 0.366653 -0.174421 -0.081574 
 0.349064 -0.176165 -0.078846 
 0.331475 -0.177910 -0.076118 
 0.313887 -0.179654 -0.073390 
 0.296298 -0.181399 -0.070662 
 0.278709 -0.183143 -0.067934 
 0.261120 -0.184887 -0.065206 
 0.243532 -0.186632 -0.062478 
 0.225943 -0.188376 -0.059751 
 0.208354 -0.190121 -0.057023 
 0.197542 -0.190238 -0.029570 
 0.186636 -0.190365 -0.002102 
 0.172296 -0.191310 0.013010 
 0.154591 -0.193066 0.015756 
 0.150066 -0.191606 0.068010 
 0.132268 -0.193371 0.070771 
 0.120967 -0.193537 0.098299 
 0.106348 -0.194510 0.113455 
 0.088480 -0.196282 0.116226 
 0.076970 -0.196469 0.143787 
 0.059055 -0.198246 0.146566 
 0.041141 -0.200022 0.149344 
 0.023226 -0.201799 0.152123 
 0.005312 -0.203576 0.154901 
 -0.012603 -0.205353 0.157680 
 -0.030517 -0.207129 0.160458 
 -0.054464 -0.210459 0.138396 
 -0.075324 -0.213005 0.128743 
 -0.099108 -0.216319 0.106656 
 -0.116906 -0.218084 0.109417 
 -0.140550 -0.221384 0.087307 
 -0.164101 -0.224674 0.065184 
 -0.184682 -0.227193 0.055488 
 -0.208070 -0.230467 0.033339 
 -0.231365 -0.233732 0.011176 
 -0.251760 -0.236232 0.001451 
 -0.269326 -0.237975 0.004176 
 -0.292412 -0.241219 -0.018020 
 -0.309930 -0.242956 -0.015303 
 -0.327449 -0.244694 -0.012586 
 -0.339588 -0.244943 0.015073 
 -0.357153 -0.246685 0.017797 
 -0.372075 -0.247688 0.033000 
 -0.384423 -0.247958 0.060691 
 -0.402058 -0.249707 0.063426 
 -0.419694 -0.251456 0.066161 
 -0.437329 -0.253205 0.068896 
 -0.454964 -0.254954 0.071631 
 -0.472600 -0.256703 0.074366 
 0.445654 -0.183319 -0.071243 
 0.428018 -0.185068 -0.068508 
 0.410383 -0.186817 -0.065773 
 0.392748 -0.188566 -0.063038 
 0.367868 -0.191942 -0.084946 
 0.350279 -0.193687 -0.082219 
 0.332690 -0.195431 -0.079491 
 0.315101 -0.197176 -0.076763 
 0.297513 -0.198920 -0.074035 
 0.279924 -0.200664 -0.071307 
 0.262335 -0.202409 -0.068579 
 0.244746 -0.204153 -0.065851 
 0.234030 -0.204308 -0.038421 
 0.216395 -0.206057 -0.035686 
 0.205539 -0.206226 -0.008234 
 0.191224 -0.207192 0.006870 
 0.173519 -0.208948 0.009616 
 0.162454 -0.209137 0.037099 
 0.144702 -0.210897 0.039852 
 0.133497 -0.211101 0.067358 
 0.122200 -0.211313 0.094878 
 0.104355 -0.213083 0.097645 
 0.089714 -0.214081 0.112800 
 0.071846 -0.215853 0.115571 
 0.060292 -0.216091 0.143131 
 0.042378 -0.217868 0.145910 
 0.024463 -0.219645 0.148688 
 0.006549 -0.221422 0.151466 
 -0.011365 -0.223198 0.154245 
 -0.029280 -0.224975 0.157023 
 -0.053230 -0.228258 0.134970 
 -0.080080 -0.232284 0.100483 
 -0.097878 -0.234049 0.103244 
 -0.121572 -0.237307 0.081150 
 -0.139324 -0.239067 0.083903 
 -0.162878 -0.242312 0.061789 
 -0.183461 -0.244807 0.052098 
 -0.206852 -0.248035 0.029958 
 -0.230150 -0.251254 0.007804 
 -0.250547 -0.253731 -0.001917 
 -0.268113 -0.255473 0.000808 
 -0.291202 -0.258671 -0.021379 
 -0.303244 -0.258957 0.006256 
 -0.320809 -0.260699 0.008981 
 -0.338375 -0.262441 0.011705 
 -0.353272 -0.263465 0.026899 
 -0.370860 -0.265209 0.029627 
 -0.383205 -0.265526 0.057309 
 -0.400840 -0.267275 0.060045 
 -0.418476 -0.269024 0.062780 
 -0.436111 -0.270773 0.065515 
 -0.458804 -0.273932 0.043267 
 -0.476393 -0.275676 0.045995 
 0.446872 -0.200887 -0.074625 
 0.429236 -0.202636 -0.071890 
 0.411601 -0.204385 -0.069154 
 0.393966 -0.206134 -0.066419 
 0.376330 -0.207883 -0.063684 
 0.351494 -0.211208 -0.085591 
 0.333905 -0.212952 -0.082863 
 0.316316 -0.214697 -0.080135 
 0.298727 -0.216441 -0.077407 
 0.281139 -0.218186 -0.074679 
 0.263550 -0.219930 -0.071951 
 0.245961 -0.221675 -0.069223 
 0.235248 -0.221876 -0.041803 
 0.217613 -0.223625 -0.039068 
 0.206760 -0.223840 -0.011625 
 0.192447 -0.224829 0.003475 
 0.181431 -0.225060 0.030942 
 0.163680 -0.226821 0.033695 
 0.152525 -0.227066 0.061185 
 0.141277 -0.227320 0.088689 
 0.126684 -0.228336 0.103831 
 0.108816 -0.230109 0.106603 
 0.090948 -0.231881 0.109374 
 0.079444 -0.232161 0.136918 
 0.061530 -0.233937 0.139696 
 0.043615 -0.235714 0.142475 
 0.025701 -0.237491 0.145253 
 0.007786 -0.239268 0.148032 
 -0.010128 -0.241044 0.150810 
 -0.034128 -0.244286 0.128773 
 -0.055015 -0.246788 0.119133 
 -0.084843 -0.251469 0.072240 
 -0.108540 -0.254681 0.050157 
 -0.129194 -0.257160 0.040480 
 -0.146876 -0.258914 0.043223 
 -0.164558 -0.260667 0.045965 
 -0.187999 -0.263854 0.023841 
 -0.211347 -0.267031 0.001703 
 -0.228936 -0.268775 0.004431 
 -0.249334 -0.271229 -0.005284 
 -0.266900 -0.272971 -0.002560 
 -0.284465 -0.274713 0.000164 
 -0.302031 -0.276455 0.002889 
 -0.319596 -0.278198 0.005613 
 -0.337162 -0.279940 0.008337 
 -0.352057 -0.280986 0.023527 
 -0.369646 -0.282731 0.026255 
 -0.387234 -0.284475 0.028983 
 -0.399623 -0.284842 0.056663 
 -0.417258 -0.286591 0.059398 
 -0.434893 -0.288340 0.062134 
 -0.452528 -0.290090 0.064869 
 -0.475178 -0.293197 0.042623 
 0.448090 -0.218455 -0.078006 
 0.430454 -0.220204 -0.075271 
 0.412819 -0.221953 -0.072536 
 0.387886 -0.225241 -0.094419 
 0.370297 -0.226985 -0.091691 
 0.352708 -0.228729 -0.088963 
 0.335120 -0.230474 -0.086235 
 0.317531 -0.232218 -0.083507 
 0.299942 -0.233963 -0.080779 
 0.282353 -0.235707 -0.078052 
 0.264764 -0.237452 -0.075324 
 0.247176 -0.239196 -0.072596 
 0.236466 -0.239444 -0.045184 
 0.218831 -0.241193 -0.042449 
 0.211375 -0.240710 -0.002666 
 0.193669 -0.242466 0.000080 
 0.182657 -0.242744 0.027539 
 0.164906 -0.244504 0.030292 
 0.153754 -0.244796 0.057773 
 0.135956 -0.246561 0.060533 
 0.124664 -0.246866 0.088035 
 0.110050 -0.247908 0.103177 
 0.092182 -0.249680 0.105948 
 0.080681 -0.250007 0.133483 
 0.062767 -0.251783 0.136261 
 0.044852 -0.253560 0.139040 
 0.026938 -0.255337 0.141818 
 0.009023 -0.257114 0.144597 
 -0.008891 -0.258890 0.147375 
 -0.042026 -0.264213 0.088137 
 -0.074928 -0.269513 0.028863 
 -0.092609 -0.271267 0.031606 
 -0.110291 -0.273020 0.034348 
 -0.133875 -0.276174 0.012254 
 -0.151510 -0.277923 0.014990 
 -0.169146 -0.279672 0.017725 
 -0.192543 -0.282808 -0.004397 
 -0.210132 -0.284552 -0.001669 
 -0.230556 -0.286985 -0.011377 
 -0.245310 -0.288041 0.003787 
 -0.265686 -0.290469 -0.005928 
 -0.283252 -0.292212 -0.003204 
 -0.298076 -0.293274 0.011971 
 -0.318383 -0.295696 0.002245 
 -0.333253 -0.296763 0.017427 
 -0.350842 -0.298508 0.020155 
 -0.363134 -0.298912 0.047812 
 -0.380769 -0.300661 0.050547 
 -0.398405 -0.302410 0.053282 
 -0.416040 -0.304159 0.056017 
 -0.433675 -0.305908 0.058752 
 -0.451310 -0.307657 0.061487 
 0.449308 -0.236023 -0.081387 
 0.431672 -0.237772 -0.078652 
 0.414037 -0.239521 -0.075917 
 0.396402 -0.241270 -0.073182 
 0.378766 -0.243019 -0.070447 
 0.361131 -0.244768 -0.067711 
 0.336334 -0.247995 -0.089608 
 0.318746 -0.249740 -0.086880 
 0.301157 -0.251484 -0.084152 
 0.283568 -0.253229 -0.081424 
 0.265979 -0.254973 -0.078696 
 0.248390 -0.256718 -0.075968 
 0.230802 -0.258462 -0.073240 
 0.220049 -0.258761 -0.045830 
 0.209203 -0.259068 -0.018405 
 0.194892 -0.260104 -0.003315 
 0.183883 -0.260427 0.024135 
 0.166132 -0.262188 0.026888 
 0.154983 -0.262526 0.054360 
 0.143742 -0.262873 0.081846 
 0.125897 -0.264642 0.084613 
 0.111284 -0.265708 0.099751 
 0.093416 -0.267480 0.102522 
 0.081919 -0.267852 0.130048 
 0.064004 -0.269629 0.132827 
 0.046090 -0.271406 0.135605 
 0.028175 -0.273183 0.138383 
 0.010261 -0.274959 0.141162 
 -0.013792 -0.278113 0.119150 
 -0.046888 -0.283315 0.059927 
 -0.073707 -0.287127 0.025473 
 -0.091388 -0.288881 0.028215 
 -0.115022 -0.291993 0.006138 
 -0.132657 -0.293742 0.008873 
 -0.150293 -0.295491 0.011608 
 -0.173740 -0.298585 -0.010497 
 -0.191329 -0.300329 -0.007769 
 -0.208917 -0.302074 -0.005041 
 -0.229342 -0.304483 -0.014745 
 -0.246908 -0.306225 -0.012020 
 -0.264473 -0.307968 -0.009296 
 -0.282039 -0.309710 -0.006572 
 -0.296861 -0.310796 0.008598 
 -0.314450 -0.312540 0.011326 
 -0.332039 -0.314285 0.014054 
 -0.349627 -0.316029 0.016782 
 -0.361916 -0.316480 0.044430 
 -0.379551 -0.318229 0.047165 
 -0.402394 -0.321262 0.024966 
 -0.419983 -0.323007 0.027694 
 0.457969 -0.252131 -0.060189 
 0.432890 -0.255340 -0.082033 
 0.415255 -0.257089 -0.079298 
 0.397620 -0.258838 -0.076563 
 0.379984 -0.260587 -0.073828 
 0.362349 -0.262336 -0.071093 
 0.337549 -0.265517 -0.092980 
 0.319960 -0.267261 -0.090252 
 0.302371 -0.269006 -0.087524 
 0.284783 -0.270750 -0.084796 
 0.267194 -0.272495 -0.082068 
 0.249605 -0.274239 -0.079340 
 0.238902 -0.274579 -0.051947 
 0.221267 -0.276328 -0.049211 
 0.210424 -0.276682 -0.021795 
 0.196115 -0.277741 -0.006709 
 0.185109 -0.278111 0.020731 
 0.167358 -0.279872 0.023484 
 0.156212 -0.280256 0.050948 
 0.144974 -0.280649 0.078424 
 0.127129 -0.282419 0.081192 
 0.112518 -0.283508 0.096325 
 0.094650 -0.285280 0.099096 
 0.083156 -0.285698 0.126613 
 0.065241 -0.287475 0.129392 
 0.047327 -0.289252 0.132170 
 0.023178 -0.292368 0.110181 
 0.005310 -0.294140 0.112952 
 -0.015628 -0.296578 0.103333 
 -0.045662 -0.300999 0.056523 
 -0.072485 -0.304741 0.022083 
 -0.096169 -0.307812 0.000021 
 -0.113804 -0.309561 0.002757 
 -0.131439 -0.311310 0.005492 
 -0.154936 -0.314362 -0.016598 
 -0.172525 -0.316106 -0.013870 
 -0.190114 -0.317851 -0.011142 
 -0.207703 -0.319595 -0.008414 
 -0.228129 -0.321982 -0.018113 
 -0.245695 -0.323724 -0.015388 
 -0.263260 -0.325466 -0.012664 
 -0.278058 -0.326573 0.002498 
 -0.295646 -0.328317 0.005226 
 -0.313235 -0.330062 0.007954 
 -0.330824 -0.331806 0.010682 
 -0.343063 -0.332299 0.038314 
 -0.360698 -0.334048 0.041049 
 -0.378333 -0.335797 0.043784 
 -0.401179 -0.338784 0.021594 
 -0.418768 -0.340528 0.024322 
 0.462914 -0.269038 -0.051294 
 0.441509 -0.271499 -0.060837 
 0.423827 -0.273252 -0.058094 
 0.398838 -0.276405 -0.079944 
 0.381202 -0.278155 -0.077209 
 0.363567 -0.279904 -0.074474 
 0.338764 -0.283038 -0.096353 
 0.321175 -0.284783 -0.093625 
 0.303586 -0.286527 -0.090897 
 0.285997 -0.288272 -0.088169 
 0.268409 -0.290016 -0.085441 
 0.250820 -0.291761 -0.082713 
 0.240120 -0.292147 -0.055328 
 0.222485 -0.293896 -0.052593 
 0.211645 -0.294296 -0.025186 
 0.197338 -0.295378 -0.010104 
 0.186335 -0.295795 0.017328 
 0.168584 -0.297555 0.020081 
 0.157442 -0.297986 0.047535 
 0.146206 -0.298425 0.075003 
 0.131620 -0.299535 0.090128 
 0.113752 -0.301307 0.092899 
 0.102308 -0.301767 0.120400 
 0.084393 -0.303544 0.123178 
 0.066479 -0.305321 0.125957 
 0.048564 -0.307098 0.128735 
 0.024412 -0.310168 0.106755 
 0.006544 -0.311940 0.109526 
 -0.020540 -0.315638 0.075139 
 -0.044436 -0.318683 0.053119 
 -0.071264 -0.322356 0.018692 
 -0.094951 -0.325379 -0.003360 
 -0.112586 -0.327128 -0.000625 
 -0.130221 -0.328878 0.002110 
 -0.153722 -0.331883 -0.019970 
 -0.171310 -0.333628 -0.017242 
 -0.188899 -0.335372 -0.014514 
 -0.206488 -0.337116 -0.011786 
 -0.226916 -0.339480 -0.021481 
 -0.244482 -0.341222 -0.018756 
 -0.262047 -0.342964 -0.016032 
 -0.276843 -0.344094 -0.000874 
 -0.294432 -0.345839 0.001854 
 -0.312021 -0.347583 0.004581 
 -0.329609 -0.349328 0.007309 
 -0.341845 -0.349866 0.034932 
 -0.359480 -0.351615 0.037668 
 -0.377115 -0.353364 0.040403 
 -0.394751 -0.355114 0.043138 
 -0.417553 -0.358050 0.020949 
 0.460412 -0.287359 -0.066969 
 0.442730 -0.289113 -0.064227 
 0.425048 -0.290867 -0.061484 
 0.400055 -0.293973 -0.083326 
 0.382420 -0.295722 -0.080591 
 0.364785 -0.297471 -0.077855 
 0.339978 -0.300560 -0.099725 
 0.322390 -0.302304 -0.096997 
 0.304801 -0.304049 -0.094269 
 0.287212 -0.305793 -0.091541 
 0.269623 -0.307537 -0.088813 
 0.252035 -0.309282 -0.086085 
 0.241338 -0.309715 -0.058709 
 0.223702 -0.311464 -0.055974 
 0.212866 -0.311911 -0.028576 
 0.195184 -0.313665 -0.025834 
 0.180855 -0.314772 -0.010753 
 0.169810 -0.315239 0.016677 
 0.158671 -0.315716 0.044122 
 0.147439 -0.316202 0.071581 
 0.132854 -0.317334 0.086702 
 0.114986 -0.319107 0.089473 
 0.103545 -0.319613 0.116965 
 0.085630 -0.321390 0.119744 
 0.067716 -0.323167 0.122522 
 0.043514 -0.326195 0.100558 
 0.022526 -0.328591 0.090955 
 -0.001513 -0.331603 0.068966 
 -0.025458 -0.334606 0.046962 
 -0.049311 -0.337600 0.024945 
 -0.076097 -0.341198 -0.009476 
 -0.093733 -0.342947 -0.006741 
 -0.111368 -0.344696 -0.004006 
 -0.129003 -0.346445 -0.001271 
 -0.152507 -0.349404 -0.023342 
 -0.170096 -0.351149 -0.020614 
 -0.187684 -0.352893 -0.017887 
 -0.208138 -0.355236 -0.027573 
 -0.225703 -0.356978 -0.024848 
 -0.243269 -0.358720 -0.022124 
 -0.258040 -0.359871 -0.006975 
 -0.275628 -0.361616 -0.004247 
 -0.293217 -0.363360 -0.001519 
 -0.310806 -0.365105 0.001209 
 -0.322992 -0.365685 0.028816 
 -0.340627 -0.367434 0.031551 
 -0.358262 -0.369183 0.034286 
 -0.370634 -0.369782 0.061923 
 -0.388316 -0.371536 0.064665 
 0.483065 -0.302557 -0.060829 
 0.465360 -0.304313 -0.058083 
 0.443951 -0.306727 -0.067617 
 0.426269 -0.308481 -0.064875 
 0.401273 -0.311541 -0.086707 
 0.383638 -0.313290 -0.083972 
 0.366003 -0.315039 -0.081237 
 0.341193 -0.318081 -0.103097 
 0.323604 -0.319826 -0.100369 
 0.306016 -0.321570 -0.097641 
 0.288427 -0.323315 -0.094913 
 0.270838 -0.325059 -0.092186 
 0.253249 -0.326803 -0.089458 
 0.235661 -0.328548 -0.086730 
 0.224920 -0.329032 -0.059355 
 0.207285 -0.330781 -0.056620 
 0.196405 -0.331279 -0.029224 
 0.182078 -0.332409 -0.014147 
 0.171036 -0.332923 0.013274 
 0.159900 -0.333446 0.040710 
 0.148671 -0.333978 0.068160 
 0.130826 -0.335748 0.070927 
 0.116220 -0.336906 0.086047 
 0.098352 -0.338678 0.088818 
 0.086867 -0.339236 0.116309 
 0.068953 -0.341013 0.119087 
 0.044748 -0.343995 0.097132 
 0.023758 -0.346367 0.087533 
 -0.000283 -0.349333 0.065554 
 -0.024232 -0.352289 0.043559 
 -0.051140 -0.355830 0.009170 
 -0.074880 -0.358766 -0.012858 
 -0.092515 -0.360515 -0.010122 
 -0.116115 -0.363437 -0.032171 
 -0.133703 -0.365181 -0.029443 
 -0.151292 -0.366926 -0.026715 
 -0.168881 -0.368670 -0.023987 
 -0.189359 -0.370992 -0.033665 
 -0.206924 -0.372734 -0.030941 
 -0.224490 -0.374476 -0.028216 
 -0.242055 -0.376219 -0.025492 
 -0.256825 -0.377393 -0.010347 
 -0.274414 -0.379137 -0.007619 
 -0.292002 -0.380882 -0.004891 
 -0.304138 -0.381504 0.022699 
 -0.321774 -0.383253 0.025435 
 -0.334049 -0.383889 0.053048 
 -0.351731 -0.385643 0.055790 
 -0.369413 -0.387397 0.058532 
 -0.387095 -0.389150 0.061275 
 0.484287 -0.320194 -0.064224 
 0.474039 -0.320676 -0.036934 
 0.456288 -0.322437 -0.034181 
 0.431172 -0.325462 -0.055986 
 0.413467 -0.327218 -0.053240 
 0.392127 -0.329602 -0.062780 
 0.367221 -0.332607 -0.084618 
 0.349585 -0.334356 -0.081883 
 0.324819 -0.337347 -0.103742 
 0.307230 -0.339092 -0.101014 
 0.289642 -0.340836 -0.098286 
 0.272053 -0.342580 -0.095558 
 0.261409 -0.343101 -0.068207 
 0.243774 -0.344850 -0.065472 
 0.226138 -0.346599 -0.062737 
 0.208503 -0.348348 -0.060002 
 0.197627 -0.348893 -0.032614 
 0.183301 -0.350046 -0.017542 
 0.165596 -0.351802 -0.014796 
 0.161129 -0.351176 0.037297 
 0.143331 -0.352941 0.040058 
 0.132059 -0.353524 0.067506 
 0.114214 -0.355294 0.070274 
 0.099586 -0.356478 0.085392 
 0.081718 -0.358250 0.088164 
 0.063850 -0.360022 0.090935 
 0.042836 -0.362374 0.081344 
 0.018744 -0.365298 0.059381 
 -0.005255 -0.368213 0.037402 
 -0.029160 -0.371118 0.015410 
 -0.056026 -0.374585 -0.018974 
 -0.073662 -0.376334 -0.016239 
 -0.091297 -0.378083 -0.013504 
 -0.114900 -0.380959 -0.035543 
 -0.132489 -0.382703 -0.032815 
 -0.150077 -0.384447 -0.030087 
 -0.167666 -0.386192 -0.027359 
 -0.188146 -0.388490 -0.037033 
 -0.202844 -0.389681 -0.021903 
 -0.223277 -0.391975 -0.031584 
 -0.238021 -0.393170 -0.016448 
 -0.255610 -0.394914 -0.013720 
 -0.273199 -0.396659 -0.010992 
 -0.285285 -0.397323 0.016583 
 -0.302920 -0.399072 0.019318 
 -0.320556 -0.400821 0.022053 
 -0.332828 -0.401503 0.049657 
 -0.350510 -0.403257 0.052400 
 -0.368192 -0.405011 0.055142 
 0.475265 -0.338360 -0.040338 
 0.457514 -0.340120 -0.037585 
 0.439762 -0.341881 -0.034832 
 0.422010 -0.343641 -0.032078 
 0.396985 -0.346612 -0.053889 
 0.375666 -0.348970 -0.063428 
 0.350803 -0.351924 -0.085264 
 0.333168 -0.353673 -0.082529 
 0.315533 -0.355422 -0.079794 
 0.290856 -0.358357 -0.101658 
 0.273268 -0.360102 -0.098930 
 0.262627 -0.360669 -0.071588 
 0.244992 -0.362418 -0.068853 
 0.227356 -0.364167 -0.066118 
 0.216530 -0.364753 -0.038747 
 0.198848 -0.366507 -0.036004 
 0.181166 -0.368261 -0.033262 
 0.163484 -0.370014 -0.030519 
 0.155736 -0.370050 0.009220 
 0.151136 -0.369531 0.061317 
 0.133291 -0.371301 0.064085 
 0.118688 -0.372505 0.079195 
 0.100820 -0.374277 0.081967 
 0.082952 -0.376050 0.084738 
 0.065084 -0.377822 0.087509 
 0.037771 -0.381263 0.053208 
 0.013723 -0.384136 0.031245 
 -0.004029 -0.385896 0.033998 
 -0.031016 -0.389305 -0.000353 
 -0.054808 -0.392153 -0.022355 
 -0.072444 -0.393902 -0.019620 
 -0.090079 -0.395651 -0.016885 
 -0.107714 -0.397400 -0.014150 
 -0.131274 -0.400224 -0.036188 
 -0.148863 -0.401969 -0.033460 
 -0.166451 -0.403713 -0.030732 
 -0.184040 -0.405458 -0.028004 
 -0.201629 -0.407202 -0.025276 
 -0.219218 -0.408947 -0.022548 
 -0.236807 -0.410691 -0.019820 
 -0.254395 -0.412436 -0.017092 
 -0.271984 -0.414180 -0.014364 
 -0.289573 -0.415925 -0.011636 
 -0.301702 -0.416640 0.015937 
 -0.313925 -0.417364 0.043525 
 -0.331607 -0.419117 0.046267 
 -0.349289 -0.420871 0.049010 
 -0.364334 -0.422119 0.064189 
 -0.382039 -0.423875 0.066935 
 0.476491 -0.356043 -0.043742 
 0.458739 -0.357804 -0.040989 
 0.440988 -0.359565 -0.038235 
 0.423236 -0.361325 -0.035482 
 0.398208 -0.364249 -0.057283 
 0.376887 -0.366584 -0.066818 
 0.352021 -0.369492 -0.088646 
 0.334386 -0.371241 -0.085910 
 0.316751 -0.372990 -0.083175 
 0.292071 -0.375879 -0.105031 
 0.274482 -0.377623 -0.102303 
 0.256894 -0.379368 -0.099575 
 0.246210 -0.379986 -0.072235 
 0.228574 -0.381735 -0.069499 
 0.217751 -0.382367 -0.042137 
 0.200069 -0.384121 -0.039394 
 0.182387 -0.385875 -0.036652 
 0.164705 -0.387628 -0.033910 
 0.156962 -0.387734 0.005816 
 0.152368 -0.387307 0.057896 
 0.134524 -0.389077 0.060663 
 0.116679 -0.390847 0.063431 
 0.098834 -0.392617 0.066198 
 0.080990 -0.394387 0.068966 
 0.063145 -0.396157 0.071734 
 0.039000 -0.398993 0.049795 
 0.014949 -0.401819 0.027842 
 -0.009010 -0.404637 0.005874 
 -0.035955 -0.407971 -0.028472 
 -0.053590 -0.409720 -0.025737 
 -0.071226 -0.411469 -0.023002 
 -0.094882 -0.414257 -0.045016 
 -0.112471 -0.416001 -0.042288 
 -0.130059 -0.417746 -0.039560 
 -0.147648 -0.419490 -0.036832 
 -0.165237 -0.421235 -0.034104 
 -0.182826 -0.422979 -0.031376 
 -0.200414 -0.424724 -0.028648 
 -0.218003 -0.426468 -0.025920 
 -0.235592 -0.428212 -0.023192 
 -0.253181 -0.429957 -0.020464 
 -0.265214 -0.430709 0.007085 
 -0.282849 -0.432458 0.009820 
 -0.295022 -0.433224 0.037392 
 -0.309996 -0.434489 0.052556 
 -0.322332 -0.435271 0.080153 
 -0.340084 -0.437031 0.082906 
 -0.357835 -0.438792 0.085659 
 -0.375587 -0.440553 0.088412 
 0.459965 -0.375488 -0.044392 
 0.442214 -0.377248 -0.041639 
 0.424462 -0.379009 -0.038886 
 0.399430 -0.381886 -0.060678 
 0.378108 -0.384198 -0.070209 
 0.353239 -0.387059 -0.092027 
 0.335604 -0.388809 -0.089292 
 0.317969 -0.390558 -0.086556 
 0.293286 -0.393400 -0.108403 
 0.275697 -0.395145 -0.105675 
 0.265063 -0.395805 -0.078351 
 0.247428 -0.397554 -0.075616 
 0.229792 -0.399303 -0.072881 
 0.218972 -0.399982 -0.045527 
 0.201290 -0.401735 -0.042785 
 0.186969 -0.402958 -0.027726 
 0.169264 -0.404714 -0.024980 
 0.158188 -0.405418 0.002412 
 0.147019 -0.406131 0.029820 
 0.129220 -0.407896 0.032581 
 0.111422 -0.409662 0.035341 
 0.093624 -0.411427 0.038101 
 0.075826 -0.413192 0.040862 
 0.058028 -0.414957 0.043622 
 0.033926 -0.417742 0.021685 
 0.009918 -0.420518 -0.000266 
 -0.007787 -0.422274 0.002480 
 -0.028574 -0.424533 -0.007134 
 -0.052372 -0.427288 -0.029118 
 -0.070008 -0.429037 -0.026383 
 -0.093667 -0.431778 -0.048388 
 -0.111256 -0.433523 -0.045660 
 -0.128844 -0.435267 -0.042932 
 -0.146433 -0.437012 -0.040204 
 -0.164022 -0.438756 -0.037476 
 -0.181611 -0.440501 -0.034749 
 -0.199200 -0.442245 -0.032021 
 -0.216788 -0.443989 -0.029293 
 -0.234377 -0.445734 -0.026565 
 -0.251966 -0.447478 -0.023837 
 -0.263996 -0.448277 0.003704 
 -0.276119 -0.449085 0.031260 
 -0.291068 -0.450370 0.046416 
 -0.303354 -0.451194 0.073996 
 -0.321106 -0.452954 0.076749 
 -0.333532 -0.453792 0.104352 
 -0.356609 -0.456475 0.082255 
 -0.374361 -0.458236 0.085009 
 0.461191 -0.393171 -0.047796 
 0.432375 -0.396551 -0.081826 
 0.418358 -0.397768 -0.066819 
 0.400653 -0.399524 -0.064073 
 0.379330 -0.401812 -0.073599 
 0.354457 -0.404627 -0.095408 
 0.336822 -0.406376 -0.092673 
 0.319187 -0.408125 -0.089938 
 0.301551 -0.409874 -0.087203 
 0.276912 -0.412666 -0.109048 
 0.259323 -0.414411 -0.106320 
 0.248645 -0.415122 -0.078997 
 0.231010 -0.416871 -0.076262 
 0.220193 -0.417596 -0.048917 
 0.202511 -0.419349 -0.046175 
 0.188192 -0.420595 -0.031121 
 0.177165 -0.421341 -0.003744 
 0.159414 -0.423102 -0.000991 
 0.148248 -0.423861 0.026408 
 0.130450 -0.425626 0.029168 
 0.112651 -0.427392 0.031929 
 0.094853 -0.429157 0.034689 
 0.077055 -0.430922 0.037449 
 0.059257 -0.432687 0.040210 
 0.035152 -0.435426 0.018281 
 0.011141 -0.438156 -0.003661 
 -0.009671 -0.440394 -0.013266 
 -0.033519 -0.443107 -0.035235 
 -0.051155 -0.444856 -0.032499 
 -0.074864 -0.447555 -0.054489 
 -0.092452 -0.449300 -0.051761 
 -0.110041 -0.451044 -0.049033 
 -0.127630 -0.452789 -0.046305 
 -0.145219 -0.454533 -0.043577 
 -0.162807 -0.456278 -0.040849 
 -0.180396 -0.458022 -0.038121 
 -0.197985 -0.459767 -0.035393 
 -0.215574 -0.461511 -0.032665 
 -0.233162 -0.463255 -0.029937 
 -0.250751 -0.465000 -0.027209 
 -0.262778 -0.465845 0.000323 
 -0.274898 -0.466699 0.027869 
 -0.289845 -0.468007 0.043021 
 -0.302128 -0.468877 0.070592 
 -0.319880 -0.470638 0.073345 
 -0.332302 -0.471522 0.100939 
 -0.350101 -0.473287 0.103700 
 -0.367899 -0.475053 0.106460 
 -0.390887 -0.477680 0.084358 
 -0.408638 -0.479441 0.087111 
 0.451278 -0.412412 -0.087958 
 0.433596 -0.414166 -0.085216 
 0.426914 -0.414376 -0.045693 
 0.409162 -0.416137 -0.042940 
 0.380551 -0.419427 -0.076989 
 0.362869 -0.421180 -0.074247 
 0.338040 -0.423944 -0.096054 
 0.320405 -0.425693 -0.093319 
 0.302769 -0.427442 -0.090584 
 0.285134 -0.429191 -0.087849 
 0.267499 -0.430940 -0.085114 
 0.249863 -0.432689 -0.082378 
 0.239096 -0.433456 -0.055050 
 0.224825 -0.434721 -0.040008 
 0.207120 -0.436477 -0.037262 
 0.189415 -0.438233 -0.034516 
 0.178391 -0.439025 -0.007148 
 0.160640 -0.440785 -0.004395 
 0.149477 -0.441591 0.022995 
 0.131679 -0.443356 0.025756 
 0.113881 -0.445122 0.028516 
 0.096082 -0.446887 0.031276 
 0.078284 -0.448652 0.034037 
 0.060486 -0.450417 0.036797 
 0.036378 -0.453110 0.014878 
 0.012364 -0.455793 -0.007056 
 -0.005341 -0.457549 -0.004310 
 -0.026131 -0.459761 -0.013914 
 -0.049937 -0.462424 -0.035881 
 -0.073649 -0.465077 -0.057861 
 -0.091238 -0.466821 -0.055133 
 -0.108826 -0.468566 -0.052405 
 -0.126415 -0.470310 -0.049677 
 -0.144004 -0.472055 -0.046949 
 -0.161593 -0.473799 -0.044221 
 -0.179181 -0.475544 -0.041493 
 -0.196770 -0.477288 -0.038765 
 -0.214359 -0.479032 -0.036037 
 -0.231948 -0.480777 -0.033309 
 -0.243925 -0.481663 -0.005794 
 -0.261560 -0.483412 -0.003059 
 -0.273677 -0.484313 0.024479 
 -0.288623 -0.485645 0.039626 
 -0.300902 -0.486561 0.067188 
 -0.318654 -0.488322 0.069942 
 -0.336406 -0.490082 0.072695 
 -0.348871 -0.491017 0.100287 
 -0.371909 -0.493604 0.078201 
 -0.389661 -0.495364 0.080955 
 -0.407412 -0.497125 0.083708 
 0.463643 -0.428539 -0.054603 
 0.445892 -0.430299 -0.051850 
 0.428140 -0.432060 -0.049097 
 0.410388 -0.433820 -0.046343 
 0.385394 -0.436554 -0.068116 
 0.364090 -0.438794 -0.077637 
 0.339258 -0.441512 -0.099436 
 0.321623 -0.443261 -0.096700 
 0.303987 -0.445010 -0.093965 
 0.286352 -0.446759 -0.091230 
 0.268717 -0.448508 -0.088495 
 0.251081 -0.450257 -0.085760 
 0.240317 -0.451070 -0.058440 
 0.226048 -0.452358 -0.043402 
 0.208343 -0.454114 -0.040656 
 0.190637 -0.455870 -0.037910 
 0.179617 -0.456708 -0.010552 
 0.161866 -0.458469 -0.007798 
 0.150706 -0.459321 0.019583 
 0.132908 -0.461086 0.022343 
 0.115110 -0.462852 0.025103 
 0.097312 -0.464617 0.027864 
 0.079514 -0.466382 0.030624 
 0.061715 -0.468147 0.033385 
 0.037604 -0.470793 0.011474 
 0.013587 -0.473430 -0.010450 
 -0.004118 -0.475186 -0.007704 
 -0.024910 -0.477376 -0.017304 
 -0.048719 -0.479991 -0.039262 
 -0.072434 -0.482598 -0.061233 
 -0.090023 -0.484343 -0.058505 
 -0.107612 -0.486087 -0.055777 
 -0.125200 -0.487832 -0.053050 
 -0.142789 -0.489576 -0.050322 
 -0.160378 -0.491320 -0.047594 
 -0.177967 -0.493065 -0.044866 
 -0.195555 -0.494809 -0.042138 
 -0.213144 -0.496554 -0.039410 
 -0.230733 -0.498298 -0.036682 
 -0.242707 -0.499231 -0.009175 
 -0.254774 -0.500173 0.018347 
 -0.272456 -0.501927 0.021089 
 -0.287400 -0.503282 0.036231 
 -0.299676 -0.504245 0.063785 
 -0.317428 -0.506005 0.066538 
 -0.335180 -0.507766 0.069291 
 -0.352931 -0.509527 0.072044 
 -0.370683 -0.511287 0.074798 
 -0.388435 -0.513048 0.077551 
 -0.406186 -0.514808 0.080304 
 0.464869 -0.446222 -0.058007 
 0.447118 -0.447983 -0.055253 
 0.429366 -0.449744 -0.052500 
 0.404321 -0.452436 -0.074257 
 0.386616 -0.454192 -0.071511 
 0.365311 -0.456409 -0.081027 
 0.340476 -0.459080 -0.102817 
 0.322840 -0.460829 -0.100082 
 0.305205 -0.462578 -0.097347 
 0.287570 -0.464327 -0.094611 
 0.269935 -0.466076 -0.091876 
 0.252299 -0.467825 -0.089141 
 0.241538 -0.468684 -0.061830 
 0.227270 -0.469996 -0.046797 
 0.209565 -0.471752 -0.044051 
 0.191860 -0.473507 -0.041305 
 0.180843 -0.474392 -0.013955 
 0.163092 -0.476153 -0.011202 
 0.145340 -0.477913 -0.008449 
 0.134137 -0.478817 0.018930 
 0.109837 -0.481435 -0.002943 
 0.098541 -0.482347 0.024451 
 0.080743 -0.484112 0.027212 
 0.062945 -0.485878 0.029972 
 0.038830 -0.488477 0.008070 
 0.021079 -0.490238 0.010824 
 -0.002896 -0.492823 -0.011099 
 -0.023689 -0.494990 -0.020695 
 -0.047501 -0.497559 -0.042643 
 -0.065136 -0.499308 -0.039908 
 -0.082771 -0.501057 -0.037173 
 -0.100407 -0.502806 -0.034438 
 -0.123986 -0.505353 -0.056422 
 -0.141574 -0.507097 -0.053694 
 -0.159163 -0.508842 -0.050966 
 -0.176752 -0.510586 -0.048238 
 -0.188583 -0.511552 -0.020762 
 -0.206218 -0.513301 -0.018027 
 -0.223854 -0.515050 -0.015292 
 -0.241489 -0.516799 -0.012557 
 -0.253553 -0.517788 0.014956 
 -0.268472 -0.519163 0.030091 
 -0.286177 -0.520919 0.032837 
 -0.298450 -0.521929 0.060381 
 -0.316202 -0.523689 0.063134 
 -0.328615 -0.524712 0.090701 
 -0.346413 -0.526478 0.093462 
 -0.369457 -0.528971 0.071394 
 -0.387209 -0.530732 0.074147 
 -0.404960 -0.532492 0.076900 
 0.466095 -0.463906 -0.061410 
 0.448344 -0.465667 -0.058657 
 0.430592 -0.467427 -0.055904 
 0.405544 -0.470073 -0.077652 
 0.384214 -0.472269 -0.087160 
 0.366532 -0.474023 -0.084417 
 0.348850 -0.475776 -0.081675 
 0.324058 -0.478397 -0.103463 
 0.306423 -0.480146 -0.100728 
 0.288788 -0.481895 -0.097993 
 0.271153 -0.483644 -0.095258 
 0.253517 -0.485393 -0.092522 
 0.235882 -0.487142 -0.089787 
 0.225078 -0.488052 -0.062478 
 0.207396 -0.489806 -0.059736 
 0.193083 -0.491145 -0.044700 
 0.175378 -0.492901 -0.041954 
 0.164318 -0.493836 -0.014606 
 0.146566 -0.495597 -0.011852 
 0.128814 -0.497358 -0.009099 
 0.111063 -0.499118 -0.006346 
 0.099770 -0.500077 0.021039 
 0.081972 -0.501842 0.023799 
 0.064174 -0.503608 0.026560 
 0.040056 -0.506161 0.004667 
 0.022305 -0.507921 0.007420 
 -0.001673 -0.510461 -0.014494 
 -0.019378 -0.512217 -0.011748 
 -0.040150 -0.514357 -0.021343 
 -0.063918 -0.516876 -0.043289 
 -0.081553 -0.518625 -0.040554 
 -0.099189 -0.520374 -0.037819 
 -0.116824 -0.522123 -0.035084 
 -0.140360 -0.524619 -0.057066 
 -0.157948 -0.526363 -0.054338 
 -0.169730 -0.527371 -0.026878 
 -0.187365 -0.529120 -0.024143 
 -0.205000 -0.530869 -0.021408 
 -0.222636 -0.532618 -0.018673 
 -0.234650 -0.533648 0.008824 
 -0.249544 -0.535045 0.023950 
 -0.267249 -0.536801 0.026696 
 -0.284954 -0.538557 0.029442 
 -0.297225 -0.539612 0.056978 
 -0.314976 -0.541373 0.059731 
 -0.327386 -0.542442 0.087289 
 -0.345184 -0.544208 0.090049 
 -0.362982 -0.545973 0.092810 
 -0.380780 -0.547738 0.095570 
 -0.398578 -0.549503 0.098331 
 0.449570 -0.483350 -0.062061 
 0.431818 -0.485111 -0.059307 
 0.406767 -0.487710 -0.081046 
 0.389062 -0.489466 -0.078300 
 0.367753 -0.491637 -0.087807 
 0.350072 -0.493390 -0.085065 
 0.332390 -0.495144 -0.082323 
 0.307641 -0.497713 -0.104109 
 0.290006 -0.499462 -0.101374 
 0.272370 -0.501211 -0.098639 
 0.254735 -0.502960 -0.095904 
 0.243981 -0.503913 -0.068611 
 0.226299 -0.505666 -0.065868 
 0.212011 -0.507026 -0.050840 
 0.194306 -0.508782 -0.048094 
 0.183295 -0.509759 -0.020763 
 0.165544 -0.511520 -0.018009 
 0.154394 -0.512511 0.009345 
 0.136596 -0.514277 0.012105 
 0.118797 -0.516042 0.014866 
 0.100999 -0.517807 0.017626 
 0.083201 -0.519572 0.020387 
 0.065403 -0.521338 0.023147 
 0.041282 -0.523844 0.001263 
 0.023531 -0.525605 0.004016 
 0.005779 -0.527366 0.006770 
 -0.018155 -0.529854 -0.015142 
 -0.038929 -0.531972 -0.024733 
 -0.062700 -0.534444 -0.046671 
 -0.080335 -0.536193 -0.043936 
 -0.097971 -0.537942 -0.041200 
 -0.115606 -0.539691 -0.038465 
 -0.139145 -0.542140 -0.060439 
 -0.156734 -0.543885 -0.057711 
 -0.168512 -0.544938 -0.030260 
 -0.186147 -0.546687 -0.027525 
 -0.203783 -0.548436 -0.024789 
 -0.215747 -0.549508 0.002691 
 -0.233429 -0.551262 0.005433 
 -0.248321 -0.552682 0.020555 
 -0.266027 -0.554438 0.023301 
 -0.283732 -0.556194 0.026047 
 -0.301437 -0.557950 0.028793 
 -0.313750 -0.559056 0.056327 
 -0.331502 -0.560817 0.059080 
 -0.343955 -0.561938 0.086637 
 -0.361753 -0.563703 0.089397 
 -0.379551 -0.565468 0.092158 
 -0.397349 -0.567233 0.094918 
 0.450796 -0.501034 -0.065464 
 0.433044 -0.502795 -0.062711 
 0.407990 -0.505347 -0.084441 
 0.390285 -0.507103 -0.081695 
 0.372579 -0.508859 -0.078949 
 0.351293 -0.511005 -0.088455 
 0.333611 -0.512758 -0.085713 
 0.315929 -0.514512 -0.082971 
 0.291224 -0.517030 -0.104755 
 0.273588 -0.518779 -0.102020 
 0.255953 -0.520528 -0.099285 
 0.245202 -0.521527 -0.072001 
 0.227520 -0.523280 -0.069259 
 0.209838 -0.525034 -0.066516 
 0.195529 -0.526419 -0.051489 
 0.184521 -0.527443 -0.024166 
 0.166770 -0.529204 -0.021413 
 0.155623 -0.530241 0.005932 
 0.137825 -0.532007 0.008693 
 0.120027 -0.533772 0.011453 
 0.102228 -0.535537 0.014214 
 0.084430 -0.537302 0.016974 
 0.066632 -0.539068 0.019735 
 0.048834 -0.540833 0.022495 
 0.024757 -0.543289 0.000613 
 0.007005 -0.545049 0.003366 
 -0.020026 -0.547832 -0.030865 
 -0.037707 -0.549586 -0.028123 
 -0.055389 -0.551339 -0.025381 
 -0.073071 -0.553093 -0.022638 
 -0.090753 -0.554847 -0.019896 
 -0.108435 -0.556601 -0.017153 
 -0.126116 -0.558354 -0.014411 
 -0.143798 -0.560108 -0.011669 
 -0.158573 -0.561539 0.003431 
 -0.176278 -0.563295 0.006177 
 -0.193983 -0.565051 0.008923 
 -0.211689 -0.566807 0.011669 
 -0.229394 -0.568563 0.014415 
 -0.241518 -0.569698 0.041911 
 -0.259269 -0.571458 0.044664 
 -0.282509 -0.573831 0.022653 
 -0.294773 -0.574979 0.050170 
 -0.312524 -0.576740 0.052924 
 -0.324927 -0.577902 0.080464 
 -0.342725 -0.579668 0.083224 
 -0.360524 -0.581433 0.085985 
 -0.378322 -0.583198 0.088745 
 0.452022 -0.518718 -0.068868 
 0.434270 -0.520478 -0.066115 
 0.416518 -0.522239 -0.063361 
 0.391507 -0.524741 -0.085090 
 0.373802 -0.526497 -0.082344 
 0.352514 -0.528619 -0.091846 
 0.334832 -0.530372 -0.089103 
 0.317150 -0.532126 -0.086361 
 0.299468 -0.533880 -0.083618 
 0.274806 -0.536347 -0.105402 
 0.257171 -0.538096 -0.102666 
 0.246423 -0.539141 -0.075391 
 0.228741 -0.540895 -0.072649 
 0.211059 -0.542648 -0.069907 
 0.196751 -0.544057 -0.054884 
 0.185747 -0.545127 -0.027570 
 0.167996 -0.546887 -0.024817 
 0.150244 -0.548648 -0.022063 
 0.139054 -0.549737 0.005280 
 0.121256 -0.551502 0.008041 
 0.103458 -0.553267 0.010801 
 0.085660 -0.555032 0.013562 
 0.067861 -0.556798 0.016322 
 0.050063 -0.558563 0.019082 
 0.025983 -0.560972 -0.002791 
 0.008231 -0.562733 -0.000038 
 -0.009521 -0.564494 0.002715 
 -0.033415 -0.566885 -0.019186 
 -0.054168 -0.568954 -0.028771 
 -0.071850 -0.570707 -0.026028 
 -0.089532 -0.572461 -0.023286 
 -0.107213 -0.574215 -0.020544 
 -0.124895 -0.575968 -0.017801 
 -0.142577 -0.577722 -0.015059 
 -0.157350 -0.579177 0.000036 
 -0.175056 -0.580933 0.002782 
 -0.192761 -0.582689 0.005528 
 -0.210466 -0.584445 0.008274 
 -0.222540 -0.585621 0.035754 
 -0.240292 -0.587381 0.038507 
 -0.258043 -0.589142 0.041260 
 -0.275795 -0.590903 0.044014 
 -0.293547 -0.592663 0.046767 
 -0.311298 -0.594424 0.049520 
 -0.329050 -0.596184 0.052273 
 -0.341496 -0.597398 0.079812 
 0.453248 -0.536401 -0.072271 
 0.435496 -0.538162 -0.069518 
 0.417744 -0.539923 -0.066765 
 0.392730 -0.542378 -0.088484 
 0.375025 -0.544134 -0.085738 
 0.357320 -0.545890 -0.082992 
 0.339615 -0.547646 -0.080246 
 0.321910 -0.549402 -0.077500 
 0.300690 -0.551494 -0.087009 
 0.283008 -0.553248 -0.084266 
 0.258389 -0.555664 -0.106048 
 0.247644 -0.556755 -0.078782 
 0.229962 -0.558509 -0.076039 
 0.212280 -0.560262 -0.073297 
 0.194599 -0.562016 -0.070554 
 0.180269 -0.563450 -0.055532 
 0.169222 -0.564571 -0.028220 
 0.151470 -0.566332 -0.025467 
 0.133718 -0.568092 -0.022714 
 0.122485 -0.569232 0.004628 
 0.104687 -0.570997 0.007389 
 0.086889 -0.572763 0.010149 
 0.062712 -0.575135 -0.011701 
 0.044960 -0.576895 -0.008948 
 0.027209 -0.578656 -0.006195 
 0.009457 -0.580417 -0.003441 
 -0.008295 -0.582177 -0.000688 
 -0.032192 -0.584522 -0.022581 
 -0.049897 -0.586278 -0.019835 
 -0.067602 -0.588034 -0.017089 
 -0.088310 -0.590075 -0.026676 
 -0.105992 -0.591829 -0.023934 
 -0.123674 -0.593583 -0.021192 
 -0.138423 -0.595058 -0.006105 
 -0.156128 -0.596814 -0.003359 
 -0.173833 -0.598570 -0.000613 
 -0.191538 -0.600326 0.002133 
 -0.203562 -0.601544 0.029597 
 -0.221314 -0.603304 0.032350 
 -0.233478 -0.604536 0.059837 
 -0.251276 -0.606302 0.062597 
 -0.269074 -0.608067 0.065357 
 -0.292321 -0.610347 0.043363 
 -0.310072 -0.612107 0.046116 
 -0.327824 -0.613868 0.048870 
 0.461879 -0.553423 -0.051232 
 0.436722 -0.555846 -0.072922 
 0.418970 -0.557606 -0.070169 
 0.401219 -0.559367 -0.067415 
 0.383467 -0.561127 -0.064662 
 0.358543 -0.563527 -0.086387 
 0.340838 -0.565283 -0.083641 
 0.319593 -0.567355 -0.093141 
 0.301911 -0.569108 -0.090399 
 0.277242 -0.571483 -0.112164 
 0.259607 -0.573232 -0.109429 
 0.241972 -0.574981 -0.106694 
 0.231183 -0.576123 -0.079429 
 0.213502 -0.577877 -0.076687 
 0.195820 -0.579630 -0.073945 
 0.181492 -0.581087 -0.058927 
 0.170448 -0.582255 -0.031624 
 0.159310 -0.583431 -0.004305 
 0.141512 -0.585197 -0.001545 
 0.123714 -0.586962 0.001216 
 0.105916 -0.588727 0.003976 
 0.088118 -0.590493 0.006736 
 0.070320 -0.592258 0.009497 
 0.052522 -0.594023 0.012257 
 0.028435 -0.596340 -0.009598 
 0.010683 -0.598100 -0.006845 
 -0.013264 -0.600403 -0.028721 
 -0.030969 -0.602159 -0.025975 
 -0.048674 -0.603915 -0.023229 
 -0.066380 -0.605671 -0.020483 
 -0.084085 -0.607427 -0.017737 
 -0.101790 -0.609183 -0.014991 
 -0.119495 -0.610939 -0.012245 
 -0.137200 -0.612695 -0.009499 
 -0.149082 -0.613946 0.017934 
 -0.166833 -0.615706 0.020687 
 -0.184585 -0.617467 0.023440 
 -0.202336 -0.619228 0.026194 
 -0.214451 -0.620501 0.053664 
 -0.232249 -0.622266 0.056424 
 -0.250047 -0.624032 0.059185 
 -0.267845 -0.625797 0.061945 
 -0.285643 -0.627562 0.064705 
 -0.303441 -0.629327 0.067466 
 -0.326598 -0.631552 0.045466 
 0.463108 -0.571153 -0.054645 
 0.445310 -0.572918 -0.051884 
 0.420196 -0.575290 -0.073572 
 0.402445 -0.577051 -0.070819 
 0.384693 -0.578811 -0.068066 
 0.359765 -0.581165 -0.089782 
 0.342060 -0.582921 -0.087036 
 0.324355 -0.584677 -0.084290 
 0.303132 -0.586722 -0.093789 
 0.278460 -0.589050 -0.115545 
 0.260825 -0.590799 -0.112810 
 0.250087 -0.591983 -0.085562 
 0.232405 -0.593737 -0.082820 
 0.214723 -0.595491 -0.080077 
 0.200420 -0.596969 -0.065068 
 0.189425 -0.598178 -0.037781 
 0.171674 -0.599938 -0.035027 
 0.160540 -0.601161 -0.007718 
 0.142741 -0.602927 -0.004957 
 0.124943 -0.604692 -0.002197 
 0.107145 -0.606457 0.000564 
 0.089347 -0.608223 0.003324 
 0.071549 -0.609988 0.006084 
 0.053751 -0.611753 0.008845 
 0.029661 -0.614024 -0.013002 
 0.011909 -0.615784 -0.010249 
 -0.005843 -0.617545 -0.007495 
 -0.029747 -0.619797 -0.029370 
 -0.047452 -0.621553 -0.026624 
 -0.065157 -0.623309 -0.023878 
 -0.082862 -0.625065 -0.021132 
 -0.100567 -0.626821 -0.018386 
 -0.118272 -0.628577 -0.015640 
 -0.135977 -0.630333 -0.012894 
 -0.147856 -0.631630 0.014530 
 -0.165607 -0.633390 0.017283 
 -0.183359 -0.635151 0.020037 
 -0.201110 -0.636911 0.022790 
 -0.213221 -0.638231 0.050251 
 -0.231020 -0.639996 0.053012 
 -0.248818 -0.641762 0.055772 
 -0.266616 -0.643527 0.058532 
 -0.284414 -0.645292 0.061293 
 -0.302212 -0.647057 0.064053 
 0.446539 -0.590648 -0.055297 
 0.428741 -0.592413 -0.052537 
 0.403671 -0.594734 -0.074223 
 0.385919 -0.596495 -0.071469 
 0.360988 -0.598802 -0.093176 
 0.343283 -0.600558 -0.090430 
 0.325578 -0.602314 -0.087684 
 0.304353 -0.604337 -0.097179 
 0.286671 -0.606090 -0.094437 
 0.262043 -0.608367 -0.116192 
 0.251308 -0.609598 -0.088952 
 0.237053 -0.611094 -0.073955 
 0.219347 -0.612850 -0.071209 
 0.201642 -0.614606 -0.068463 
 0.190651 -0.615861 -0.041184 
 0.179567 -0.617126 -0.013891 
 0.161769 -0.618891 -0.011130 
 0.143971 -0.620657 -0.008370 
 0.126173 -0.622422 -0.005609 
 0.108374 -0.624187 -0.002849 
 0.090576 -0.625953 -0.000089 
 0.072778 -0.627718 0.002672 
 0.054980 -0.629483 0.005432 
 0.030887 -0.631707 -0.016405 
 0.013135 -0.633468 -0.013652 
 -0.004617 -0.635228 -0.010899 
 -0.028524 -0.637434 -0.032765 
 -0.046229 -0.639190 -0.030019 
 -0.063934 -0.640946 -0.027273 
 -0.081639 -0.642702 -0.024527 
 -0.099344 -0.644458 -0.021781 
 -0.117049 -0.646214 -0.019035 
 -0.128878 -0.647552 0.008373 
 -0.146630 -0.649313 0.011127 
 -0.164381 -0.651074 0.013880 
 -0.182133 -0.652834 0.016633 
 -0.194194 -0.654196 0.044078 
 -0.211992 -0.655961 0.046839 
 -0.224193 -0.657337 0.074305 
 -0.242038 -0.659106 0.077072 
 -0.259883 -0.660876 0.079840 
 -0.283185 -0.663022 0.057880 
 -0.300983 -0.664787 0.060641 
 0.447768 -0.608378 -0.058710 
 0.429970 -0.610143 -0.055949 
 0.412172 -0.611908 -0.053189 
 0.387145 -0.614179 -0.074873 
 0.369393 -0.615939 -0.072120 
 0.344506 -0.618195 -0.093825 
 0.326801 -0.619951 -0.091079 
 0.309096 -0.621707 -0.088333 
 0.287892 -0.623704 -0.097827 
 0.270211 -0.625458 -0.095085 
 0.255980 -0.626975 -0.080095 
 0.238275 -0.628731 -0.077349 
 0.220570 -0.630487 -0.074603 
 0.202865 -0.632243 -0.071857 
 0.191877 -0.633545 -0.044588 
 0.180796 -0.634856 -0.017303 
 0.162998 -0.636621 -0.014543 
 0.145200 -0.638387 -0.011782 
 0.127402 -0.640152 -0.009022 
 0.109604 -0.641917 -0.006262 
 0.091805 -0.643682 -0.003501 
 0.074007 -0.645448 -0.000741 
 0.056209 -0.647213 0.002020 
 0.032113 -0.649391 -0.019809 
 0.014361 -0.651151 -0.017056 
 -0.003391 -0.652912 -0.014303 
 -0.021142 -0.654673 -0.011549 
 -0.038894 -0.656433 -0.008796 
 -0.056646 -0.658194 -0.006043 
 -0.074397 -0.659954 -0.003290 
 -0.092149 -0.661715 -0.000537 
 -0.109900 -0.663476 0.002217 
 -0.127652 -0.665236 0.004970 
 -0.145404 -0.666997 0.007723 
 -0.163155 -0.668757 0.010476 
 -0.175167 -0.670161 0.037905 
 -0.192965 -0.671926 0.040666 
 -0.205116 -0.673343 0.068115 
 -0.220161 -0.674941 0.083231 
 -0.238029 -0.676713 0.086003 
 -0.255897 -0.678486 0.088774 
 -0.276495 -0.680422 0.079186 
 -0.294340 -0.682192 0.081954 
 0.448998 -0.626108 -0.062122 
 0.431200 -0.627873 -0.059362 
 0.413401 -0.629639 -0.056601 
 0.395603 -0.631404 -0.053841 
 0.370619 -0.633623 -0.075524 
 0.352868 -0.635383 -0.072770 
 0.335116 -0.637144 -0.070017 
 0.317364 -0.638905 -0.067264 
 0.299613 -0.640665 -0.064511 
 0.274908 -0.642857 -0.086236 
 0.264110 -0.644186 -0.059004 
 0.246358 -0.645947 -0.056251 
 0.228606 -0.647708 -0.053498 
 0.210855 -0.649468 -0.050745 
 0.193103 -0.651229 -0.047991 
 0.182025 -0.652586 -0.020716 
 0.164227 -0.654352 -0.017955 
 0.153010 -0.655723 0.009341 
 0.135165 -0.657493 0.012109 
 0.117320 -0.659263 0.014876 
 0.099476 -0.661032 0.017644 
 0.075236 -0.663178 -0.004153 
 0.063786 -0.664572 0.023179 
 0.039640 -0.666708 0.001368 
 0.021842 -0.668473 0.004128 
 0.004044 -0.670239 0.006888 
 -0.019916 -0.672356 -0.014953 
 -0.037668 -0.674117 -0.012200 
 -0.055420 -0.675877 -0.009447 
 -0.073171 -0.677638 -0.006693 
 -0.090923 -0.679399 -0.003940 
 -0.108674 -0.681159 -0.001187 
 -0.120543 -0.682595 0.026211 
 -0.138341 -0.684360 0.028972 
 -0.156139 -0.686126 0.031732 
 -0.173938 -0.687891 0.034493 
 -0.186039 -0.689350 0.061926 
 -0.203884 -0.691120 0.064694 
 -0.218927 -0.692741 0.079806 
 -0.236795 -0.694513 0.082577 
 -0.254663 -0.696285 0.085348 
 -0.272531 -0.698057 0.088119 
 -0.293107 -0.699969 0.078532 
 0.432429 -0.645603 -0.062774 
 0.421912 -0.646952 -0.035595 
 0.396832 -0.649134 -0.057253 
 0.379034 -0.650899 -0.054493 
 0.361236 -0.652664 -0.051733 
 0.336342 -0.654828 -0.073421 
 0.318590 -0.656588 -0.070668 
 0.300839 -0.658349 -0.067914 
 0.283087 -0.660109 -0.065161 
 0.265336 -0.661870 -0.062408 
 0.247584 -0.663631 -0.059655 
 0.229832 -0.665391 -0.056901 
 0.212081 -0.667152 -0.054148 
 0.201053 -0.668551 -0.026889 
 0.183255 -0.670316 -0.024128 
 0.165456 -0.672082 -0.021368 
 0.154242 -0.673499 0.005920 
 0.136398 -0.675269 0.008687 
 0.121798 -0.676870 0.023726 
 0.103930 -0.678642 0.026497 
 0.082863 -0.680579 0.016990 
 0.068194 -0.682186 0.032040 
 0.047174 -0.684118 0.022526 
 0.029329 -0.685888 0.025293 
 0.005273 -0.687969 0.003476 
 -0.012525 -0.689734 0.006236 
 -0.024205 -0.691198 0.033596 
 -0.048121 -0.693264 0.011757 
 -0.065920 -0.695030 0.014518 
 -0.083718 -0.696795 0.017278 
 -0.101516 -0.698560 0.020038 
 -0.113428 -0.700047 0.047434 
 -0.131273 -0.701817 0.050202 
 -0.149117 -0.703586 0.052970 
 -0.166962 -0.705356 0.055737 
 -0.181957 -0.706996 0.070837 
 -0.199825 -0.708768 0.073608 
 -0.212086 -0.710290 0.101059 
 -0.230000 -0.712067 0.103838 
 -0.247915 -0.713843 0.106616 
 -0.265829 -0.715620 0.109394 
 0.423145 -0.664728 -0.039016 
 0.405300 -0.666498 -0.036249 
 0.380263 -0.668629 -0.057905 
 0.362465 -0.670394 -0.055145 
 0.337568 -0.672511 -0.076824 
 0.319816 -0.674272 -0.074071 
 0.302065 -0.676033 -0.071318 
 0.284313 -0.677793 -0.068565 
 0.266561 -0.679554 -0.065812 
 0.248810 -0.681314 -0.063058 
 0.237878 -0.682751 -0.035822 
 0.220080 -0.684516 -0.033062 
 0.202282 -0.686281 -0.030301 
 0.184484 -0.688046 -0.027541 
 0.166686 -0.689812 -0.024780 
 0.155475 -0.691276 0.002498 
 0.137630 -0.693046 0.005266 
 0.123032 -0.694669 0.020300 
 0.105164 -0.696441 0.023071 
 0.087296 -0.698214 0.025842 
 0.069428 -0.699986 0.028614 
 0.051560 -0.701758 0.031385 
 0.030562 -0.703665 0.021872 
 0.012717 -0.705434 0.024639 
 -0.002043 -0.707074 0.039699 
 -0.022972 -0.708974 0.030175 
 -0.040817 -0.710744 0.032942 
 -0.058662 -0.712514 0.035710 
 -0.076506 -0.714284 0.038478 
 -0.094351 -0.716053 0.041245 
 -0.112196 -0.717823 0.044013 
 -0.130040 -0.719593 0.046780 
 -0.147885 -0.721363 0.049548 
 -0.165730 -0.723133 0.052316 
 -0.180723 -0.724796 0.067411 
 -0.198591 -0.726568 0.070182 
 -0.210849 -0.728136 0.097624 
 -0.228763 -0.729913 0.100403 
 -0.241161 -0.731494 0.127865 
 -0.259122 -0.733276 0.130651 
 0.428021 -0.682342 -0.030237 
 0.406532 -0.684274 -0.039670 
 0.388688 -0.686044 -0.036903 
 0.363694 -0.688124 -0.058558 
 0.345896 -0.689889 -0.055797 
 0.328098 -0.691655 -0.053037 
 0.310300 -0.693420 -0.050276 
 0.292502 -0.695185 -0.047516 
 0.274704 -0.696950 -0.044755 
 0.250036 -0.698998 -0.066462 
 0.239107 -0.700481 -0.039235 
 0.221309 -0.702246 -0.036474 
 0.203511 -0.704011 -0.033714 
 0.185713 -0.705776 -0.030953 
 0.167915 -0.707542 -0.028193 
 0.156707 -0.709052 -0.000923 
 0.138862 -0.710822 0.001844 
 0.124266 -0.712469 0.016874 
 0.106398 -0.714241 0.019645 
 0.088530 -0.716013 0.022417 
 0.070662 -0.717785 0.025188 
 0.052794 -0.719557 0.027959 
 0.034927 -0.721330 0.030730 
 0.017059 -0.723102 0.033502 
 -0.000809 -0.724874 0.036273 
 -0.018677 -0.726646 0.039044 
 -0.039584 -0.728520 0.029521 
 -0.057429 -0.730290 0.032288 
 -0.075274 -0.732060 0.035056 
 -0.093119 -0.733830 0.037824 
 -0.110963 -0.735600 0.040591 
 -0.125885 -0.737279 0.055672 
 -0.143753 -0.739051 0.058443 
 -0.164497 -0.740909 0.048894 
 -0.173782 -0.742428 0.088632 
 -0.191697 -0.744205 0.091411 
 -0.203998 -0.745824 0.118850 
 -0.221959 -0.747605 0.121636 
 -0.239920 -0.749386 0.124422 
 -0.257881 -0.751168 0.127207 
 0.389920 -0.703821 -0.040324 
 0.364924 -0.705854 -0.061970 
 0.347126 -0.707619 -0.059210 
 0.329327 -0.709385 -0.056449 
 0.311529 -0.711150 -0.053689 
 0.293731 -0.712915 -0.050928 
 0.275933 -0.714680 -0.048168 
 0.258135 -0.716446 -0.045408 
 0.240337 -0.718211 -0.042647 
 0.222538 -0.719976 -0.039887 
 0.204740 -0.721741 -0.037126 
 0.186942 -0.723506 -0.034366 
 0.169144 -0.725272 -0.031605 
 0.157939 -0.726828 -0.004345 
 0.140095 -0.728598 -0.001577 
 0.125500 -0.730269 0.013448 
 0.107632 -0.732041 0.016219 
 0.089764 -0.733813 0.018991 
 0.078257 -0.735400 0.046299 
 0.054029 -0.737357 0.024533 
 0.036161 -0.739129 0.027304 
 0.018293 -0.740901 0.030076 
 0.000425 -0.742673 0.032847 
 -0.017443 -0.744446 0.035618 
 -0.035311 -0.746218 0.038389 
 -0.053179 -0.747990 0.041161 
 -0.074042 -0.749836 0.031635 
 -0.088915 -0.751534 0.046703 
 -0.106783 -0.753306 0.049474 
 -0.124651 -0.755078 0.052246 
 -0.142519 -0.756851 0.055017 
 -0.160387 -0.758623 0.057788 
 -0.172545 -0.760274 0.085198 
 -0.184797 -0.761935 0.112621 
 -0.202758 -0.763716 0.115406 
 -0.220719 -0.765497 0.118192 
 -0.238680 -0.767279 0.120978 
 