0.199370 0.909091 0.291933 
 0.182835 0.920405 0.285785 
 0.166299 0.931719 0.279637 
 0.149763 0.943034 0.273488 
 0.133227 0.954348 0.267340 
 0.188256 0.891497 0.289450 
 0.171720 0.902811 0.283302 
 0.155184 0.914125 0.277153 
 0.138648 0.925440 0.271005 
 0.122112 0.936754 0.264857 
 0.177141 0.873903 0.286966 
 0.160605 0.885217 0.280818 
 0.144069 0.896532 0.274670 
 0.127533 0.907846 0.268522 
 0.114717 0.915977 0.234210 
 0.098223 0.927262 0.228077 
 0.207835 0.826268 0.226150 
 0.182562 0.844995 0.290631 
 0.166026 0.856309 0.284483 
 0.153112 0.864572 0.250130 
 0.136618 0.875857 0.243998 
 0.120124 0.887143 0.237865 
 0.103630 0.898428 0.231733 
 0.087137 0.909714 0.225600 
 0.195029 0.810247 0.237805 
 0.175012 0.824452 0.259918 
 0.158519 0.835738 0.253786 
 0.142025 0.847023 0.247653 
 0.125531 0.858308 0.241521 
 0.112772 0.866529 0.207221 
 0.092544 0.880879 0.229256 
 0.076050 0.892165 0.223123 
 0.200423 0.781486 0.241451 
 0.180419 0.795618 0.263574 
 0.163926 0.806903 0.257441 
 0.147432 0.818189 0.251309 
 0.130939 0.829474 0.245177 
 0.114445 0.840760 0.239044 
 0.097951 0.852045 0.232911 
 0.081457 0.863330 0.226779 
 0.064964 0.874616 0.220646 
 0.189365 0.763982 0.238981 
 0.172913 0.775239 0.232864 
 0.152839 0.789354 0.254965 
 0.136346 0.800640 0.248832 
 0.119852 0.811925 0.242700 
 0.103358 0.823211 0.236567 
 0.086865 0.834496 0.230435 
 0.070371 0.845781 0.224302 
 0.053877 0.857067 0.218170 
 0.178307 0.746478 0.236510 
 0.161855 0.757735 0.230393 
 0.145404 0.768991 0.224276 
 0.125259 0.783091 0.246355 
 0.112501 0.791504 0.212043 
 0.096049 0.802761 0.205926 
 0.079598 0.814017 0.199809 
 0.063146 0.825274 0.193692 
 0.042791 0.839518 0.215693 
 0.169046 0.727618 0.219921 
 0.150797 0.740231 0.227922 
 0.134345 0.751487 0.221806 
 0.117894 0.762744 0.215689 
 0.101442 0.774000 0.209572 
 0.084991 0.785257 0.203455 
 0.064692 0.799398 0.225481 
 0.048198 0.810684 0.219348 
 0.158002 0.710136 0.217454 
 0.141571 0.721378 0.211345 
 0.123287 0.733983 0.219335 
 0.106836 0.745240 0.213218 
 0.090384 0.756496 0.207101 
 0.073933 0.767753 0.200985 
 0.053605 0.781849 0.223004 
 0.037112 0.793135 0.216871 
 0.020618 0.804420 0.210739 
 0.004124 0.815705 0.204606 
 0.146958 0.692655 0.214987 
 0.130527 0.703897 0.208878 
 0.114097 0.715139 0.202769 
 0.097667 0.726381 0.196660 
 0.079326 0.738992 0.204631 
 0.062875 0.750249 0.198514 
 0.042519 0.764300 0.220527 
 0.022079 0.778410 0.242508 
 0.005543 0.789724 0.236359 
 -0.010993 0.801038 0.230211 
 -0.031602 0.815263 0.252129 
 -0.048180 0.826607 0.245965 
 -0.077136 0.846295 0.205618 
 -0.093672 0.857610 0.199470 
 -0.110208 0.868924 0.193322 
 -0.126744 0.880238 0.187174 
 -0.147648 0.894665 0.208982 
 -0.168637 0.909150 0.230760 
 -0.185257 0.920522 0.224580 
 0.217182 0.619032 -0.023530 
 0.201131 0.630014 -0.029498 
 0.181443 0.643545 -0.007233 
 0.139593 0.672596 0.184302 
 0.123205 0.683809 0.178209 
 0.106817 0.695023 0.172115 
 0.090429 0.706236 0.166022 
 0.070192 0.720142 0.188083 
 0.051817 0.732745 0.196043 
 0.031432 0.746751 0.218050 
 0.014939 0.758037 0.211917 
 -0.005572 0.772130 0.233876 
 -0.022108 0.783445 0.227728 
 -0.038644 0.794759 0.221580 
 -0.055179 0.806073 0.215432 
 -0.088251 0.828702 0.203135 
 -0.104787 0.840016 0.196987 
 -0.121323 0.851330 0.190839 
 -0.137859 0.862644 0.184691 
 -0.158791 0.877026 0.206492 
 -0.179808 0.891466 0.228264 
 -0.196428 0.902838 0.222084 
 -0.213049 0.914210 0.215905 
 0.283277 0.549344 0.032234 
 0.267184 0.560355 0.026251 
 0.251091 0.571366 0.020267 
 0.234998 0.582377 0.014284 
 0.218905 0.593388 0.008300 
 0.206393 0.601954 -0.025940 
 0.190343 0.612936 -0.031908 
 0.174292 0.623919 -0.037876 
 0.154533 0.637433 -0.015634 
 0.138440 0.648444 -0.021617 
 0.105282 0.671111 0.099206 
 0.089000 0.682252 0.093152 
 0.063025 0.700012 0.157468 
 0.042718 0.713902 0.179507 
 0.026288 0.725144 0.173398 
 0.007856 0.737754 0.181339 
 -0.008596 0.749010 0.175222 
 -0.025047 0.760267 0.169106 
 -0.041499 0.771523 0.162989 
 -0.062123 0.785630 0.184910 
 -0.074402 0.794036 0.150755 
 -0.095110 0.808200 0.172645 
 -0.111603 0.819486 0.166513 
 -0.128097 0.830771 0.160380 
 -0.148974 0.845051 0.182207 
 -0.169934 0.859388 0.204003 
 -0.190980 0.873783 0.225768 
 -0.207600 0.885155 0.219588 
 -0.224220 0.896527 0.213409 
 0.288553 0.521210 0.035801 
 0.275858 0.529965 0.001488 
 0.259808 0.540947 -0.004480 
 0.240274 0.554243 0.017851 
 0.224181 0.565255 0.011867 
 0.208088 0.576266 0.005884 
 0.195605 0.584876 -0.028351 
 0.179554 0.595859 -0.034319 
 0.163503 0.606841 -0.040286 
 0.147452 0.617823 -0.046254 
 0.127623 0.631322 -0.024034 
 0.103889 0.647423 0.026329 
 0.081917 0.662353 0.062550 
 0.065677 0.673466 0.056511 
 0.035621 0.693789 0.148913 
 0.015244 0.707663 0.170930 
 -0.001187 0.718905 0.164821 
 -0.017617 0.730147 0.158713 
 -0.034048 0.741389 0.152604 
 -0.050478 0.752631 0.146495 
 -0.066908 0.763873 0.140386 
 -0.083339 0.775115 0.134277 
 -0.099769 0.786357 0.128168 
 -0.116200 0.797600 0.122059 
 -0.134814 0.810302 0.129934 
 -0.155677 0.824508 0.151771 
 -0.176624 0.838771 0.173576 
 -0.197656 0.853092 0.195349 
 -0.214234 0.864435 0.189185 
 -0.230812 0.875779 0.183022 
 0.378831 0.435781 -0.121411 
 0.359796 0.448672 -0.098891 
 0.343936 0.459525 -0.104789 
 0.328075 0.470377 -0.110686 
 0.312214 0.481230 -0.116583 
 0.281120 0.501905 0.005046 
 0.265070 0.512887 -0.000922 
 0.249019 0.523869 -0.006890 
 0.232968 0.534852 -0.012858 
 0.213364 0.548132 0.009450 
 0.197271 0.559143 0.003467 
 0.184816 0.567799 -0.030761 
 0.168765 0.578781 -0.036729 
 0.152714 0.589763 -0.042697 
 0.136664 0.600746 -0.048665 
 0.116806 0.614199 -0.026451 
 0.096864 0.627711 -0.004267 
 0.076838 0.641280 0.017884 
 0.044927 0.662581 0.124411 
 0.024606 0.676352 0.146452 
 0.008218 0.687565 0.140359 
 -0.012231 0.701423 0.162354 
 -0.028661 0.712665 0.156245 
 -0.045092 0.723907 0.150136 
 -0.061522 0.735150 0.144027 
 -0.077952 0.746392 0.137918 
 -0.094383 0.757634 0.131809 
 -0.110813 0.768876 0.125700 
 -0.127244 0.780118 0.119591 
 -0.143674 0.791360 0.113482 
 -0.162324 0.804054 0.121347 
 -0.183257 0.818244 0.143162 
 -0.208799 0.835454 0.192860 
 -0.225377 0.846797 0.186696 
 -0.241955 0.858140 0.180532 
 -0.258533 0.869483 0.174368 
 0.380857 0.410092 -0.089479 
 0.364996 0.420944 -0.095376 
 0.349135 0.431797 -0.101273 
 0.331631 0.443675 -0.092981 
 0.315749 0.454542 -0.098886 
 0.296496 0.467518 -0.076442 
 0.272038 0.483758 -0.011531 
 0.254281 0.495809 -0.003333 
 0.238230 0.506792 -0.009300 
 0.222179 0.517774 -0.015268 
 0.206129 0.528756 -0.021236 
 0.190078 0.539739 -0.027204 
 0.175860 0.549565 -0.047291 
 0.157976 0.561703 -0.039139 
 0.141926 0.572686 -0.045107 
 0.125875 0.583668 -0.051075 
 0.105989 0.597077 -0.028867 
 0.086019 0.610543 -0.006690 
 0.064004 0.625310 0.029527 
 0.029978 0.647702 0.150084 
 0.017594 0.656374 0.115878 
 -0.002798 0.670129 0.137898 
 -0.019186 0.681342 0.131804 
 -0.035575 0.692555 0.125711 
 -0.051963 0.703768 0.119618 
 -0.068351 0.714982 0.113525 
 -0.084739 0.726195 0.107431 
 -0.101127 0.737408 0.101338 
 -0.117516 0.748621 0.095245 
 -0.138287 0.762636 0.117124 
 -0.154718 0.773879 0.111015 
 -0.173382 0.786550 0.118876 
 -0.194344 0.800695 0.140685 
 -0.215390 0.814898 0.162461 
 -0.236520 0.829158 0.184206 
 -0.253098 0.840501 0.178042 
 -0.269676 0.851844 0.171878 
 0.370196 0.393216 -0.091861 
 0.354335 0.404069 -0.097758 
 0.338474 0.414921 -0.103655 
 0.322613 0.425773 -0.109553 
 0.306752 0.436626 -0.115450 
 0.289192 0.448510 -0.107176 
 0.268147 0.462517 -0.070591 
 0.248718 0.475549 -0.048209 
 0.229204 0.488639 -0.025858 
 0.213175 0.499607 -0.031818 
 0.195340 0.511679 -0.023646 
 0.179289 0.522661 -0.029614 
 0.165086 0.532510 -0.049698 
 0.147188 0.544626 -0.041550 
 0.131137 0.555608 -0.047518 
 0.115086 0.566590 -0.053485 
 0.095172 0.579954 -0.031284 
 0.075173 0.593376 -0.009113 
 0.055090 0.606855 0.013025 
 0.032928 0.621627 0.049195 
 0.006607 0.638982 0.113423 
 -0.009739 0.650166 0.107346 
 -0.030202 0.663905 0.129343 
 -0.046590 0.675118 0.123250 
 -0.062978 0.686332 0.117157 
 -0.079367 0.697545 0.111063 
 -0.095755 0.708758 0.104970 
 -0.107816 0.717272 0.070880 
 -0.128531 0.731185 0.092784 
 -0.144919 0.742398 0.086690 
 -0.161308 0.753611 0.080597 
 -0.182192 0.767639 0.102438 
 -0.205430 0.783146 0.138208 
 -0.226505 0.797304 0.159978 
 -0.247663 0.811519 0.181717 
 -0.264241 0.822863 0.175553 
 -0.280819 0.834206 0.169389 
 0.375396 0.365488 -0.088345 
 0.359535 0.376340 -0.094243 
 0.343674 0.387193 -0.100140 
 0.327813 0.398045 -0.106037 
 0.311952 0.408898 -0.111934 
 0.296091 0.419750 -0.117832 
 0.280230 0.430603 -0.123729 
 0.264369 0.441455 -0.129626 
 0.246752 0.453346 -0.121371 
 0.225539 0.467372 -0.084843 
 0.205997 0.480417 -0.062499 
 0.184551 0.494601 -0.026057 
 0.168500 0.505583 -0.032025 
 0.154311 0.515455 -0.052105 
 0.136399 0.527548 -0.043960 
 0.120348 0.538530 -0.049928 
 0.100448 0.551821 -0.027717 
 0.084355 0.562832 -0.033701 
 0.064328 0.576209 -0.011536 
 0.048193 0.587249 -0.017535 
 0.022012 0.604347 0.046756 
 -0.000320 0.619138 0.082868 
 -0.020727 0.632774 0.104891 
 -0.037073 0.643959 0.098813 
 -0.053419 0.655143 0.092736 
 -0.069765 0.666327 0.086658 
 -0.081839 0.674915 0.052559 
 -0.102457 0.688696 0.074503 
 -0.118803 0.699881 0.068425 
 -0.135149 0.711065 0.062348 
 -0.155935 0.724961 0.084229 
 -0.172323 0.736174 0.078136 
 -0.193236 0.750157 0.099971 
 -0.211950 0.762799 0.107818 
 -0.237619 0.779710 0.157495 
 -0.254155 0.791024 0.151346 
 -0.275384 0.805224 0.173063 
 -0.291962 0.816567 0.166899 
 0.380596 0.337760 -0.084830 
 0.364735 0.348612 -0.090727 
 0.348874 0.359465 -0.096625 
 0.333013 0.370317 -0.102522 
 0.317152 0.381170 -0.108419 
 0.304663 0.390105 -0.142677 
 0.285430 0.402874 -0.120214 
 0.269569 0.413727 -0.126111 
 0.253708 0.424579 -0.132008 
 0.237847 0.435432 -0.137905 
 0.216612 0.449376 -0.101379 
 0.198876 0.461316 -0.093166 
 0.175596 0.476464 -0.042593 
 0.159566 0.487432 -0.048553 
 0.141661 0.499488 -0.040403 
 0.121817 0.512676 -0.018167 
 0.105724 0.523687 -0.024151 
 0.089631 0.534698 -0.030134 
 0.073538 0.545709 -0.036118 
 0.053482 0.559041 -0.013959 
 0.033343 0.572431 0.008167 
 0.011095 0.587067 0.044317 
 -0.009234 0.600587 0.066372 
 -0.027583 0.612946 0.074358 
 -0.048060 0.626567 0.096359 
 -0.064406 0.637751 0.090281 
 -0.076494 0.646413 0.056172 
 -0.092798 0.657568 0.050110 
 -0.113444 0.671304 0.072048 
 -0.125406 0.679879 0.037987 
 -0.146136 0.693673 0.059893 
 -0.162482 0.704857 0.053815 
 -0.183339 0.718738 0.075675 
 -0.199727 0.729951 0.069581 
 -0.223008 0.745295 0.105347 
 -0.244097 0.759334 0.127121 
 -0.265270 0.773431 0.148863 
 -0.281806 0.784745 0.142715 
 -0.298342 0.796059 0.136567 
 0.531311 0.210921 -0.056829 
 0.512683 0.223212 -0.034137 
 0.499674 0.232568 -0.068592 
 0.483855 0.243392 -0.074474 
 0.472440 0.251884 -0.123146 
 0.456685 0.262664 -0.129004 
 0.436399 0.275862 -0.092118 
 0.420580 0.286686 -0.098000 
 0.404761 0.297510 -0.103881 
 0.385795 0.310032 -0.081315 
 0.369935 0.320884 -0.087212 
 0.354074 0.331737 -0.093109 
 0.338213 0.342589 -0.099006 
 0.322352 0.353441 -0.104904 
 0.309849 0.362451 -0.139171 
 0.294030 0.373275 -0.145052 
 0.278211 0.384098 -0.150934 
 0.262392 0.394922 -0.156815 
 0.246574 0.405745 -0.162697 
 0.227186 0.418556 -0.140287 
 0.209520 0.430417 -0.132047 
 0.189984 0.443328 -0.109691 
 0.168517 0.457335 -0.073245 
 0.148792 0.470377 -0.050960 
 0.130872 0.482410 -0.042813 
 0.111000 0.495553 -0.020584 
 0.094907 0.506564 -0.026567 
 0.078814 0.517576 -0.032551 
 0.062721 0.528587 -0.038534 
 0.042637 0.541874 -0.016382 
 0.022469 0.555219 0.005737 
 0.000179 0.569788 0.041878 
 -0.020179 0.583263 0.063927 
 -0.036462 0.594404 0.057873 
 -0.054845 0.606755 0.065848 
 -0.071149 0.617910 0.059786 
 -0.087453 0.629066 0.053724 
 -0.101593 0.638968 0.033657 
 -0.120061 0.651377 0.041600 
 -0.134158 0.661250 0.021548 
 -0.152669 0.673688 0.029476 
 -0.173469 0.687466 0.051361 
 -0.194354 0.701301 0.073214 
 -0.210743 0.712514 0.067120 
 -0.234066 0.727791 0.102877 
 -0.255183 0.741785 0.124644 
 -0.276385 0.755837 0.146380 
 -0.292921 0.767151 0.140232 
 -0.309457 0.778465 0.134084 
 0.549604 0.173779 -0.018827 
 0.533744 0.184631 -0.024724 
 0.520678 0.194090 -0.059204 
 0.502022 0.206336 -0.036519 
 0.489041 0.215737 -0.070968 
 0.477606 0.224340 -0.119654 
 0.461850 0.235120 -0.125512 
 0.444591 0.246670 -0.117118 
 0.425766 0.259032 -0.094494 
 0.409947 0.269855 -0.100375 
 0.390995 0.282304 -0.077799 
 0.375134 0.293156 -0.083697 
 0.359273 0.304008 -0.089594 
 0.343412 0.314861 -0.095491 
 0.327552 0.325713 -0.101388 
 0.311690 0.336566 -0.107286 
 0.299216 0.345620 -0.141546 
 0.283397 0.356444 -0.147428 
 0.264108 0.369123 -0.124977 
 0.251760 0.378091 -0.159191 
 0.232386 0.390828 -0.136772 
 0.216525 0.401681 -0.142669 
 0.200664 0.412533 -0.148566 
 0.179281 0.426385 -0.112082 
 0.161495 0.438296 -0.103884 
 0.141783 0.451264 -0.081590 
 0.120083 0.465333 -0.045224 
 0.104033 0.476315 -0.051192 
 0.084089 0.489442 -0.028984 
 0.067997 0.500453 -0.034968 
 0.051904 0.511464 -0.040951 
 0.031791 0.524706 -0.018805 
 0.011595 0.538006 0.003308 
 -0.010737 0.552508 0.039439 
 -0.026978 0.563621 0.033401 
 -0.047406 0.577079 0.055428 
 -0.065804 0.589408 0.063399 
 -0.082108 0.600563 0.057337 
 -0.096255 0.610502 0.037265 
 -0.112537 0.621643 0.031211 
 -0.128820 0.632785 0.025157 
 -0.145103 0.643926 0.019103 
 -0.163627 0.656341 0.027028 
 -0.179931 0.667496 0.020966 
 -0.200803 0.681258 0.042828 
 -0.221758 0.695078 0.064659 
 -0.242798 0.708955 0.086460 
 -0.266270 0.724236 0.122167 
 -0.282764 0.735521 0.116035 
 -0.299257 0.746807 0.109902 
 -0.315751 0.758092 0.103770 
 0.565354 0.137666 0.047865 
 0.550758 0.147945 0.027625 
 0.537573 0.157549 -0.006905 
 0.523082 0.167756 -0.027106 
 0.510046 0.177259 -0.061580 
 0.494227 0.188083 -0.067462 
 0.481317 0.197500 -0.101889 
 0.467015 0.207576 -0.122020 
 0.451260 0.218357 -0.127878 
 0.433987 0.229884 -0.119487 
 0.418211 0.240678 -0.125353 
 0.399314 0.253024 -0.102751 
 0.383496 0.263848 -0.108633 
 0.367677 0.274672 -0.114514 
 0.348612 0.287133 -0.091976 
 0.332751 0.297985 -0.097873 
 0.316890 0.308838 -0.103770 
 0.301029 0.319690 -0.109668 
 0.285169 0.330542 -0.115565 
 0.269308 0.341395 -0.121462 
 0.253447 0.352247 -0.127359 
 0.237586 0.363100 -0.133257 
 0.221725 0.373952 -0.139154 
 0.205864 0.384805 -0.145051 
 0.184501 0.398547 -0.108553 
 0.168577 0.409442 -0.114474 
 0.150777 0.421330 -0.106279 
 0.131037 0.434253 -0.083991 
 0.109295 0.448255 -0.047634 
 0.089365 0.461308 -0.025417 
 0.073272 0.472319 -0.031401 
 0.057179 0.483330 -0.037384 
 0.037081 0.496499 -0.015229 
 0.020946 0.507539 -0.021229 
 0.000721 0.520794 0.000878 
 -0.017522 0.532985 0.008909 
 -0.033720 0.544068 0.002886 
 -0.058351 0.559755 0.052982 
 -0.074634 0.570896 0.046928 
 -0.090917 0.582037 0.040874 
 -0.107199 0.593178 0.034820 
 -0.119097 0.601902 0.000770 
 -0.135338 0.613014 -0.005269 
 -0.151578 0.624126 -0.011307 
 -0.167819 0.635239 -0.017346 
 -0.188613 0.648883 0.004550 
 -0.207194 0.661305 0.012455 
 -0.228136 0.675051 0.034296 
 -0.244482 0.686235 0.028218 
 -0.270273 0.702715 0.077883 
 -0.289085 0.715296 0.085702 
 -0.303133 0.725200 0.065665 
 -0.319564 0.736442 0.059556 
 0.554636 0.120700 0.045471 
 0.542780 0.129784 -0.003385 
 0.526898 0.140651 -0.009290 
 0.512421 0.150880 -0.029488 
 0.499413 0.160428 -0.063956 
 0.483594 0.171252 -0.069837 
 0.470712 0.180714 -0.104259 
 0.459404 0.189422 -0.152910 
 0.439159 0.202303 -0.115990 
 0.424914 0.212374 -0.136102 
 0.407606 0.223893 -0.127722 
 0.391829 0.234687 -0.133588 
 0.372863 0.247017 -0.111008 
 0.357044 0.257841 -0.116890 
 0.341225 0.268664 -0.122771 
 0.322090 0.281110 -0.100255 
 0.306229 0.291962 -0.106152 
 0.293769 0.301135 -0.140416 
 0.274507 0.313667 -0.117947 
 0.262132 0.322782 -0.152179 
 0.241022 0.336255 -0.115581 
 0.226925 0.346224 -0.135638 
 0.211064 0.357077 -0.141536 
 0.195203 0.367929 -0.147433 
 0.173797 0.381604 -0.110944 
 0.157873 0.392499 -0.116865 
 0.140059 0.404365 -0.108673 
 0.120291 0.417243 -0.086392 
 0.098506 0.431178 -0.050045 
 0.078548 0.444186 -0.027834 
 0.062455 0.455197 -0.033818 
 0.046362 0.466208 -0.039801 
 0.026236 0.479332 -0.017652 
 0.010101 0.490372 -0.023652 
 -0.010153 0.503582 -0.001551 
 -0.028410 0.515750 0.006476 
 -0.048811 0.529061 0.028523 
 -0.065051 0.540173 0.022484 
 -0.085578 0.553571 0.044483 
 -0.101861 0.564712 0.038429 
 -0.118144 0.575853 0.032375 
 -0.134427 0.586994 0.026321 
 -0.150709 0.598136 0.020267 
 -0.166992 0.609277 0.014213 
 -0.183275 0.620418 0.008159 
 -0.199558 0.631559 0.002104 
 -0.218153 0.643958 0.010007 
 -0.243789 0.660204 0.059737 
 -0.260177 0.671417 0.053644 
 -0.281317 0.685234 0.075416 
 -0.297747 0.696476 0.069307 
 -0.314177 0.707718 0.063198 
 -0.330608 0.718960 0.057089 
 -0.347038 0.730202 0.050980 
 0.573181 0.083001 0.083592 
 0.559864 0.092825 0.049005 
 0.545275 0.103163 0.028763 
 0.532105 0.112886 -0.005770 
 0.517621 0.123152 -0.025973 
 0.504599 0.132774 -0.060450 
 0.488780 0.143598 -0.066331 
 0.475884 0.153133 -0.100762 
 0.461590 0.163269 -0.120894 
 0.448842 0.172704 -0.155269 
 0.430079 0.184830 -0.132610 
 0.414324 0.195610 -0.138468 
 0.397002 0.207107 -0.130091 
 0.381225 0.217901 -0.135957 
 0.362230 0.230186 -0.113384 
 0.346411 0.241010 -0.119265 
 0.330593 0.251833 -0.125147 
 0.311429 0.264234 -0.102637 
 0.295568 0.275086 -0.108534 
 0.283136 0.284304 -0.142792 
 0.267317 0.295128 -0.148673 
 0.251499 0.305951 -0.154555 
 0.230346 0.319357 -0.117967 
 0.216263 0.329349 -0.138020 
 0.200402 0.340201 -0.143918 
 0.182700 0.351957 -0.135682 
 0.163094 0.364661 -0.113336 
 0.147170 0.375557 -0.119256 
 0.129341 0.387399 -0.111068 
 0.109545 0.400233 -0.088793 
 0.087717 0.414100 -0.052455 
 0.067731 0.427063 -0.030251 
 0.051638 0.438074 -0.036234 
 0.035545 0.449085 -0.042218 
 0.015390 0.462164 -0.020076 
 -0.004849 0.475301 0.002034 
 -0.021026 0.486369 -0.003980 
 -0.039298 0.498515 0.004044 
 -0.059727 0.511782 0.026084 
 -0.075968 0.522894 0.020045 
 -0.096523 0.536247 0.042038 
 -0.112806 0.547388 0.035984 
 -0.129089 0.558529 0.029930 
 -0.145371 0.569670 0.023876 
 -0.161654 0.580811 0.017821 
 -0.177937 0.591952 0.011767 
 -0.194220 0.603093 0.005713 
 -0.210502 0.614234 -0.000341 
 -0.229112 0.626611 0.007559 
 -0.250110 0.640267 0.029386 
 -0.271193 0.653981 0.051183 
 -0.287581 0.665194 0.045089 
 -0.308791 0.678994 0.066839 
 -0.320358 0.687620 0.032903 
 -0.336746 0.698834 0.026810 
 -0.358082 0.712721 0.048513 
 0.565091 0.064949 0.052539 
 0.549146 0.075859 0.046610 
 0.534571 0.086220 0.026371 
 0.521430 0.095988 -0.008155 
 0.506960 0.106276 -0.028355 
 0.493966 0.115943 -0.062825 
 0.481056 0.125552 -0.097265 
 0.466756 0.135725 -0.117402 
 0.451000 0.146506 -0.123260 
 0.438280 0.155985 -0.157629 
 0.419489 0.168066 -0.134976 
 0.403734 0.178847 -0.140834 
 0.386397 0.190321 -0.132460 
 0.370621 0.201115 -0.138326 
 0.351597 0.213356 -0.115759 
 0.335778 0.224179 -0.121641 
 0.319960 0.235003 -0.127522 
 0.304141 0.245826 -0.133404 
 0.288322 0.256650 -0.139285 
 0.272503 0.267474 -0.145167 
 0.253185 0.279915 -0.122711 
 0.237324 0.290768 -0.128608 
 0.219671 0.302459 -0.120352 
 0.203789 0.313325 -0.126257 
 0.187907 0.324192 -0.132162 
 0.168314 0.336822 -0.109806 
 0.152390 0.347718 -0.115727 
 0.134568 0.359524 -0.107534 
 0.118623 0.370434 -0.113462 
 0.092979 0.386040 -0.048898 
 0.073007 0.398929 -0.026684 
 0.056914 0.409940 -0.032668 
 0.040821 0.420952 -0.038651 
 0.020680 0.433957 -0.016499 
 0.004545 0.444997 -0.022499 
 -0.015723 0.458088 -0.000395 
 -0.031900 0.469157 -0.006410 
 -0.050186 0.481281 0.001611 
 -0.070643 0.494502 0.023645 
 -0.086884 0.505614 0.017606 
 -0.103125 0.516726 0.011568 
 -0.123751 0.530063 0.033538 
 -0.140033 0.541204 0.027484 
 -0.151846 0.550063 -0.006547 
 -0.172599 0.563487 0.015376 
 -0.184327 0.572288 -0.018624 
 -0.200568 0.583400 -0.024662 
 -0.221447 0.596910 -0.002786 
 -0.237730 0.608051 -0.008840 
 -0.261097 0.622875 0.026932 
 -0.277444 0.634060 0.020854 
 -0.298597 0.647757 0.042628 
 -0.319835 0.661513 0.064372 
 -0.336265 0.672755 0.058263 
 -0.347762 0.681397 0.024348 
 0.577164 0.029448 0.162371 
 0.567677 0.038041 0.084734 
 0.554373 0.047984 0.050144 
 0.539791 0.058381 0.029901 
 0.528021 0.067696 -0.018942 
 0.512160 0.078548 -0.024839 
 0.499152 0.088289 -0.059319 
 0.486229 0.097972 -0.093769 
 0.470452 0.108766 -0.099635 
 0.456165 0.118962 -0.119768 
 0.440410 0.129742 -0.125626 
 0.427718 0.139266 -0.159989 
 0.408899 0.151303 -0.137342 
 0.393143 0.162083 -0.143200 
 0.375793 0.173535 -0.134830 
 0.360016 0.184329 -0.140696 
 0.340964 0.196525 -0.118135 
 0.325146 0.207348 -0.124016 
 0.309327 0.218172 -0.129898 
 0.293508 0.228996 -0.135779 
 0.277689 0.239819 -0.141661 
 0.258385 0.252187 -0.119195 
 0.242524 0.263040 -0.125092 
 0.226663 0.273892 -0.130990 
 0.210802 0.284745 -0.136887 
 0.193114 0.296427 -0.128642 
 0.177232 0.307294 -0.134547 
 0.157610 0.319879 -0.112198 
 0.139796 0.331648 -0.104000 
 0.123851 0.342558 -0.109928 
 0.107905 0.353469 -0.115857 
 0.082190 0.368962 -0.051308 
 0.066140 0.379945 -0.057276 
 0.046097 0.392818 -0.035084 
 0.030004 0.403829 -0.041068 
 0.013911 0.414840 -0.047051 
 -0.006301 0.427829 -0.024922 
 -0.026597 0.440876 -0.002824 
 -0.042774 0.451945 -0.008839 
 -0.061074 0.464046 -0.000822 
 -0.077272 0.475129 -0.006844 
 -0.097800 0.488335 0.015168 
 -0.114041 0.499447 0.009129 
 -0.134695 0.512739 0.031093 
 -0.146522 0.521671 -0.002948 
 -0.162763 0.532783 -0.008986 
 -0.179003 0.543896 -0.015024 
 -0.195244 0.555008 -0.021063 
 -0.211484 0.566120 -0.027101 
 -0.232392 0.579585 -0.005231 
 -0.248675 0.590726 -0.011285 
 -0.267333 0.603073 -0.003400 
 -0.288431 0.616668 0.018399 
 -0.309612 0.630321 0.040167 
 -0.330879 0.644031 0.061905 
 -0.347309 0.655273 0.055796 
 0.566347 0.012326 0.159955 
 0.554260 0.021953 0.110989 
 0.540943 0.031970 0.076389 
 0.527710 0.041928 0.041821 
 0.513163 0.052334 0.021588 
 0.501499 0.061673 -0.027221 
 0.488519 0.071458 -0.061695 
 0.472700 0.082282 -0.067576 
 0.459848 0.091981 -0.102004 
 0.445575 0.102199 -0.122134 
 0.429820 0.112979 -0.127992 
 0.417157 0.122548 -0.162348 
 0.398309 0.134539 -0.139708 
 0.382553 0.145320 -0.145566 
 0.365188 0.156749 -0.137199 
 0.349412 0.167544 -0.143065 
 0.330332 0.179694 -0.120510 
 0.314513 0.190518 -0.126392 
 0.295307 0.202754 -0.103885 
 0.282875 0.212165 -0.138155 
 0.267057 0.222988 -0.144037 
 0.247724 0.235312 -0.121577 
 0.231863 0.246164 -0.127474 
 0.216002 0.257017 -0.133372 
 0.198320 0.268662 -0.125122 
 0.182438 0.279529 -0.131027 
 0.162831 0.292040 -0.108668 
 0.145023 0.303773 -0.100466 
 0.129078 0.314683 -0.106394 
 0.113133 0.325593 -0.112323 
 0.093293 0.338263 -0.090051 
 0.073370 0.350990 -0.067811 
 0.055351 0.362867 -0.059686 
 0.039300 0.373849 -0.065654 
 0.019187 0.386707 -0.043485 
 0.003094 0.397718 -0.049468 
 -0.017146 0.410662 -0.027345 
 -0.033281 0.421702 -0.033344 
 -0.053648 0.434733 -0.011269 
 -0.069825 0.445801 -0.017284 
 -0.088160 0.457895 -0.009277 
 -0.108717 0.471055 0.012729 
 -0.124957 0.482167 0.006690 
 -0.141198 0.493280 0.000652 
 -0.157438 0.504392 -0.005387 
 -0.173679 0.515504 -0.011425 
 -0.189920 0.526616 -0.017463 
 -0.206160 0.537728 -0.023502 
 -0.222401 0.548841 -0.029540 
 -0.243337 0.562261 -0.007677 
 -0.259619 0.573402 -0.013731 
 -0.275902 0.584543 -0.019785 
 -0.299418 0.599276 0.015945 
 -0.320628 0.612884 0.037706 
 -0.337016 0.624097 0.031613 
 -0.358353 0.637792 0.053328 
 0.555530 -0.004797 0.157538 
 0.542135 0.005337 0.122906 
 0.527455 0.015866 0.102622 
 0.514209 0.025898 0.068044 
 0.501047 0.035873 0.033498 
 0.490837 0.044797 -0.029603 
 0.474976 0.055649 -0.035500 
 0.462067 0.065451 -0.069952 
 0.449243 0.075195 -0.104373 
 0.434985 0.085435 -0.124500 
 0.419229 0.096215 -0.130358 
 0.403474 0.106996 -0.136216 
 0.387718 0.117776 -0.142075 
 0.371963 0.128556 -0.147933 
 0.354584 0.139963 -0.139568 
 0.338807 0.150758 -0.145434 
 0.319699 0.162863 -0.122886 
 0.303880 0.173687 -0.128768 
 0.284645 0.185879 -0.106267 
 0.272243 0.195334 -0.140531 
 0.252924 0.207584 -0.118062 
 0.237062 0.218436 -0.123959 
 0.221202 0.229288 -0.129856 
 0.205341 0.240141 -0.135754 
 0.187645 0.251764 -0.127507 
 0.171763 0.262631 -0.133412 
 0.152127 0.275097 -0.111060 
 0.134305 0.286807 -0.102860 
 0.118360 0.297717 -0.108789 
 0.102415 0.308628 -0.114717 
 0.082547 0.321252 -0.092452 
 0.062595 0.333935 -0.070218 
 0.044562 0.345789 -0.062097 
 0.028511 0.356772 -0.068064 
 0.012461 0.367754 -0.074032 
 -0.007723 0.380595 -0.051885 
 -0.027992 0.393495 -0.029768 
 -0.044127 0.404535 -0.035767 
 -0.064522 0.417520 -0.013698 
 -0.080699 0.428589 -0.019713 
 -0.099048 0.440660 -0.011709 
 -0.119633 0.453775 0.010290 
 -0.135874 0.464888 0.004251 
 -0.152114 0.476000 -0.001787 
 -0.168355 0.487112 -0.007825 
 -0.184595 0.498224 -0.013864 
 -0.200836 0.509337 -0.019902 
 -0.217076 0.520449 -0.025941 
 -0.237998 0.533795 -0.004068 
 -0.254281 0.544936 -0.010122 
 -0.270564 0.556077 -0.016176 
 -0.286847 0.567218 -0.022230 
 -0.303130 0.578360 -0.028284 
 -0.319412 0.589501 -0.034338 
 -0.348032 0.606660 0.029152 
 0.558162 -0.032155 0.189779 
 0.542027 -0.021115 0.183780 
 0.531347 -0.011741 0.120495 
 0.516681 -0.001189 0.100214 
 0.500651 0.009779 0.094254 
 0.490329 0.018908 0.031103 
 0.478728 0.028395 -0.017695 
 0.464315 0.038774 -0.037882 
 0.451435 0.048620 -0.072328 
 0.435616 0.059444 -0.078209 
 0.422862 0.069203 -0.112608 
 0.407086 0.079998 -0.118474 
 0.392884 0.090232 -0.138583 
 0.375532 0.101588 -0.130206 
 0.359756 0.112382 -0.136072 
 0.343979 0.123177 -0.141937 
 0.324885 0.135209 -0.119380 
 0.309066 0.146032 -0.125262 
 0.293247 0.156856 -0.131143 
 0.277429 0.167679 -0.137025 
 0.261610 0.178503 -0.142906 
 0.245791 0.189327 -0.148788 
 0.226401 0.201560 -0.126341 
 0.210540 0.212413 -0.132238 
 0.194679 0.223265 -0.138135 
 0.178819 0.234118 -0.144033 
 0.161088 0.245733 -0.135797 
 0.141424 0.258154 -0.113451 
 0.125499 0.269050 -0.119372 
 0.107642 0.280752 -0.111183 
 0.091697 0.291662 -0.117112 
 0.071801 0.304242 -0.094853 
 0.051821 0.316880 -0.072625 
 0.035791 0.327848 -0.078585 
 0.017723 0.339694 -0.070475 
 0.001672 0.350676 -0.076443 
 -0.018540 0.363473 -0.054302 
 -0.034633 0.374484 -0.060285 
 -0.050726 0.385495 -0.066269 
 -0.071107 0.398407 -0.044189 
 -0.087242 0.409447 -0.050189 
 -0.107750 0.422446 -0.028157 
 -0.126135 0.434508 -0.020165 
 -0.142333 0.445592 -0.026187 
 -0.163031 0.458720 -0.004226 
 -0.179271 0.469832 -0.010264 
 -0.195512 0.480945 -0.016303 
 -0.211752 0.492057 -0.022341 
 -0.227993 0.503169 -0.028380 
 -0.248943 0.516471 -0.006513 
 -0.265226 0.527612 -0.012567 
 -0.281509 0.538753 -0.018621 
 -0.297791 0.549894 -0.024675 
 -0.314074 0.561035 -0.030729 
 -0.330357 0.572176 -0.036783 
 0.560823 -0.059661 0.222038 
 0.547317 -0.049322 0.187356 
 0.531182 -0.038282 0.181357 
 0.520558 -0.028818 0.118085 
 0.505906 -0.018244 0.097807 
 0.489877 -0.007277 0.091847 
 0.476729 0.002817 0.057298 
 0.465128 0.012401 0.008493 
 0.452171 0.022364 -0.025985 
 0.437793 0.032750 -0.046161 
 0.424983 0.042613 -0.080585 
 0.409164 0.053436 -0.086466 
 0.396481 0.063212 -0.120843 
 0.380705 0.074007 -0.126709 
 0.361708 0.085907 -0.104111 
 0.345889 0.096731 -0.109992 
 0.330071 0.107554 -0.115874 
 0.314252 0.118378 -0.121756 
 0.295045 0.130422 -0.099237 
 0.279184 0.141275 -0.105134 
 0.263323 0.152127 -0.111031 
 0.247462 0.162980 -0.116928 
 0.231601 0.173832 -0.122826 
 0.213941 0.185367 -0.114562 
 0.199879 0.195537 -0.134620 
 0.184018 0.206390 -0.140517 
 0.166294 0.217968 -0.132277 
 0.150412 0.228835 -0.138182 
 0.130720 0.241211 -0.115843 
 0.112870 0.252876 -0.107649 
 0.093030 0.265354 -0.085365 
 0.073105 0.277889 -0.063112 
 0.057076 0.288857 -0.069072 
 0.039035 0.300652 -0.060950 
 0.018921 0.313317 -0.038768 
 0.006934 0.322616 -0.072885 
 -0.013264 0.335339 -0.050735 
 -0.029357 0.346350 -0.056718 
 -0.045450 0.357362 -0.062702 
 -0.061543 0.368373 -0.068685 
 -0.077636 0.379384 -0.074669 
 -0.098088 0.392280 -0.052612 
 -0.114223 0.403320 -0.058611 
 -0.134801 0.416302 -0.036602 
 -0.153221 0.428357 -0.028620 
 -0.169419 0.439440 -0.034643 
 -0.185618 0.450524 -0.040665 
 -0.206428 0.463665 -0.018742 
 -0.222669 0.474777 -0.024780 
 -0.238909 0.485890 -0.030819 
 -0.255150 0.497002 -0.036857 
 -0.276171 0.510287 -0.015012 
 -0.292453 0.521428 -0.021066 
 -0.308736 0.532569 -0.027121 
 -0.325019 0.543711 -0.033175 
 0.552606 -0.077530 0.190932 
 0.536471 -0.066490 0.184933 
 0.523078 -0.056164 0.150288 
 0.509769 -0.045896 0.115675 
 0.495132 -0.035300 0.095400 
 0.479102 -0.024332 0.089440 
 0.463072 -0.013364 0.083480 
 0.452948 -0.004113 0.020385 
 0.438500 0.006353 0.000181 
 0.427132 0.015875 -0.048543 
 0.414350 0.025782 -0.082960 
 0.398532 0.036606 -0.088842 
 0.382713 0.047429 -0.094723 
 0.370100 0.057221 -0.129078 
 0.351075 0.069077 -0.106487 
 0.335257 0.079900 -0.112368 
 0.319438 0.090724 -0.118250 
 0.303619 0.101547 -0.124131 
 0.284384 0.113547 -0.101618 
 0.268523 0.124399 -0.107516 
 0.252662 0.135252 -0.113413 
 0.236801 0.146104 -0.119310 
 0.220940 0.156957 -0.125207 
 0.203265 0.168469 -0.116947 
 0.189218 0.178661 -0.137002 
 0.171501 0.190203 -0.128757 
 0.155619 0.201070 -0.134662 
 0.135940 0.213373 -0.112313 
 0.120016 0.224268 -0.118234 
 0.102152 0.235911 -0.110044 
 0.082284 0.248343 -0.087766 
 0.062331 0.260834 -0.065520 
 0.046301 0.271802 -0.071480 
 0.028247 0.283574 -0.063360 
 0.008104 0.296194 -0.041185 
 -0.003855 0.305539 -0.075296 
 -0.019906 0.316521 -0.081263 
 -0.035956 0.327503 -0.087231 
 -0.056267 0.340239 -0.065119 
 -0.076663 0.353032 -0.043036 
 -0.092798 0.364072 -0.049036 
 -0.108933 0.375112 -0.055035 
 -0.129498 0.388021 -0.033016 
 -0.145675 0.399090 -0.039031 
 -0.164109 0.411122 -0.031053 
 -0.180307 0.422206 -0.037075 
 -0.201104 0.435273 -0.015142 
 -0.217344 0.446385 -0.021181 
 -0.233585 0.457498 -0.027219 
 -0.249826 0.468610 -0.033257 
 -0.270833 0.481822 -0.011404 
 -0.287115 0.492963 -0.017458 
 -0.303398 0.504104 -0.023512 
 -0.319681 0.515245 -0.029566 
 -0.335964 0.526386 -0.035620 
 0.560540 -0.106320 0.165821 
 0.544447 -0.095309 0.159838 
 0.525626 -0.083657 0.182510 
 0.512261 -0.073287 0.147871 
 0.498981 -0.062974 0.113264 
 0.484357 -0.052355 0.092993 
 0.468327 -0.041387 0.087033 
 0.452298 -0.030419 0.081073 
 0.439249 -0.020265 0.046551 
 0.426285 -0.010168 0.012062 
 0.414938 -0.000565 -0.036661 
 0.400610 0.009852 -0.056822 
 0.387899 0.019775 -0.091217 
 0.372080 0.030599 -0.097099 
 0.359496 0.040435 -0.131448 
 0.340442 0.052246 -0.108862 
 0.324624 0.063069 -0.114744 
 0.308805 0.073893 -0.120625 
 0.289583 0.085819 -0.098103 
 0.273723 0.096671 -0.104000 
 0.257862 0.107524 -0.109898 
 0.242001 0.118376 -0.115795 
 0.226140 0.129229 -0.121692 
 0.208472 0.140704 -0.113427 
 0.192590 0.151571 -0.119332 
 0.178557 0.161786 -0.139384 
 0.160826 0.173305 -0.131142 
 0.141161 0.185534 -0.108784 
 0.125237 0.196430 -0.114705 
 0.107379 0.208035 -0.106510 
 0.087525 0.220394 -0.084223 
 0.071537 0.231333 -0.090167 
 0.051556 0.243779 -0.067927 
 0.035527 0.254746 -0.073887 
 0.017458 0.266496 -0.065770 
 -0.002713 0.279072 -0.043601 
 -0.014644 0.288461 -0.077706 
 -0.034899 0.301094 -0.055568 
 -0.046745 0.310426 -0.089642 
 -0.062796 0.321408 -0.095610 
 -0.083177 0.334128 -0.073519 
 -0.099270 0.345139 -0.079502 
 -0.119779 0.357945 -0.057458 
 -0.140371 0.370809 -0.035446 
 -0.156549 0.381878 -0.041460 
 -0.179539 0.395769 -0.005504 
 -0.195780 0.406881 -0.011543 
 -0.212020 0.417994 -0.017581 
 -0.228261 0.429106 -0.023620 
 -0.244501 0.440218 -0.029658 
 -0.265495 0.453356 -0.007795 
 -0.281777 0.464497 -0.013849 
 -0.298060 0.475638 -0.019903 
 -0.314343 0.486779 -0.025957 
 -0.330626 0.497920 -0.032011 
 0.547051 -0.122905 0.192085 
 0.530915 -0.111865 0.186086 
 0.517537 -0.101420 0.151438 
 0.501444 -0.090409 0.145454 
 0.489612 -0.080378 0.096545 
 0.473583 -0.069410 0.090585 
 0.457553 -0.058442 0.084625 
 0.441523 -0.047474 0.078665 
 0.428503 -0.037275 0.044151 
 0.415567 -0.027134 0.009668 
 0.401169 -0.016637 -0.010522 
 0.389949 -0.007024 -0.059204 
 0.374088 0.003828 -0.065102 
 0.361447 0.013768 -0.099475 
 0.345629 0.024591 -0.105356 
 0.329810 0.035415 -0.111238 
 0.313991 0.046238 -0.117119 
 0.298172 0.057062 -0.123001 
 0.278922 0.068943 -0.100485 
 0.263061 0.079795 -0.106382 
 0.247200 0.090648 -0.112280 
 0.231340 0.101500 -0.118177 
 0.213679 0.112939 -0.109907 
 0.197797 0.123806 -0.115812 
 0.181915 0.134673 -0.121717 
 0.166033 0.145540 -0.127622 
 0.150150 0.156407 -0.133527 
 0.134268 0.167274 -0.139432 
 0.114533 0.179487 -0.117096 
 0.096661 0.191070 -0.108904 
 0.076779 0.203384 -0.086624 
 0.060791 0.214323 -0.092568 
 0.040782 0.226723 -0.070334 
 0.022720 0.238436 -0.062213 
 0.006669 0.249419 -0.068181 
 -0.013530 0.261949 -0.046018 
 -0.025432 0.271383 -0.080117 
 -0.041483 0.282366 -0.086084 
 -0.057534 0.293348 -0.092052 
 -0.073585 0.304330 -0.098020 
 -0.089635 0.315313 -0.103988 
 -0.105686 0.326295 -0.109956 
 -0.130624 0.340778 -0.059881 
 -0.146759 0.351818 -0.065880 
 -0.167422 0.364666 -0.043890 
 -0.190455 0.378490 -0.007943 
 -0.206696 0.389602 -0.013982 
 -0.218282 0.398820 -0.047963 
 -0.239177 0.411826 -0.026058 
 -0.255418 0.422938 -0.032097 
 -0.276439 0.436032 -0.010240 
 -0.292722 0.447173 -0.016294 
 -0.309005 0.458314 -0.022348 
 -0.325287 0.469455 -0.028402 
 0.536205 -0.140072 0.189662 
 0.520070 -0.129032 0.183663 
 0.503935 -0.117992 0.177664 
 0.490627 -0.107532 0.143037 
 0.478838 -0.097433 0.094138 
 0.462808 -0.086465 0.088178 
 0.446778 -0.075497 0.082218 
 0.430749 -0.064529 0.076258 
 0.417757 -0.054285 0.041750 
 0.401769 -0.043347 0.035805 
 0.388904 -0.033189 0.001345 
 0.377706 -0.023495 -0.047336 
 0.363427 -0.013047 -0.067484 
 0.347566 -0.002195 -0.073381 
 0.334996 0.007761 -0.107732 
 0.319177 0.018584 -0.113613 
 0.303358 0.029408 -0.119495 
 0.287540 0.040231 -0.125376 
 0.268261 0.052067 -0.102867 
 0.252400 0.062920 -0.108764 
 0.236539 0.073772 -0.114661 
 0.218885 0.085174 -0.106387 
 0.203003 0.096041 -0.112292 
 0.187121 0.106908 -0.118197 
 0.167526 0.118961 -0.095804 
 0.155357 0.128642 -0.130007 
 0.135678 0.140752 -0.107646 
 0.119754 0.151648 -0.113567 
 0.101889 0.163194 -0.105370 
 0.085943 0.174104 -0.111299 
 0.066032 0.186373 -0.089025 
 0.046037 0.198700 -0.066781 
 0.030007 0.209668 -0.072741 
 0.013977 0.220636 -0.078701 
 -0.004120 0.232341 -0.070591 
 -0.024347 0.244827 -0.048435 
 -0.036221 0.254306 -0.082527 
 -0.052272 0.265288 -0.088495 
 -0.068323 0.276270 -0.094463 
 -0.084373 0.287253 -0.100430 
 -0.100424 0.298235 -0.106398 
 -0.125335 0.312570 -0.056305 
 -0.141470 0.323610 -0.062304 
 -0.164376 0.337251 -0.026305 
 -0.180574 0.348335 -0.032328 
 -0.201372 0.361210 -0.010382 
 -0.217612 0.372322 -0.016421 
 -0.233853 0.383434 -0.022459 
 -0.254818 0.396425 -0.000577 
 -0.271101 0.407566 -0.006631 
 -0.287384 0.418707 -0.012685 
 -0.306093 0.430831 -0.004802 
 -0.319949 0.440989 -0.024793 
 -0.336232 0.452130 -0.030847 
 0.509225 -0.146200 0.181240 
 0.495903 -0.135666 0.146604 
 0.479810 -0.124654 0.140621 
 0.468063 -0.114488 0.091731 
 0.454973 -0.104113 0.057182 
 0.436004 -0.092553 0.079811 
 0.419974 -0.081585 0.073851 
 0.407011 -0.071296 0.039349 
 0.391023 -0.060357 0.033404 
 0.378186 -0.050154 -0.001050 
 0.363837 -0.039627 -0.021226 
 0.351148 -0.029526 -0.055626 
 0.336904 -0.019071 -0.075763 
 0.324363 -0.009070 -0.110107 
 0.308544 0.001753 -0.115989 
 0.289322 0.013487 -0.093454 
 0.273461 0.024339 -0.099352 
 0.257600 0.035192 -0.105249 
 0.241739 0.046044 -0.111146 
 0.225878 0.056897 -0.117043 
 0.208210 0.068276 -0.108772 
 0.192328 0.079143 -0.114677 
 0.176446 0.090010 -0.120582 
 0.156823 0.102018 -0.098196 
 0.144682 0.111744 -0.132392 
 0.124974 0.123809 -0.110037 
 0.109050 0.134705 -0.115958 
 0.093126 0.145601 -0.121879 
 0.075226 0.157139 -0.113694 
 0.055286 0.169363 -0.091426 
 0.035262 0.181645 -0.069189 
 0.013115 0.194670 -0.032901 
 0.001142 0.204281 -0.067034 
 -0.014908 0.215263 -0.073002 
 -0.030959 0.226246 -0.078970 
 -0.047010 0.237228 -0.084937 
 -0.063060 0.248210 -0.090905 
 -0.079111 0.259193 -0.096873 
 -0.095162 0.270175 -0.102841 
 -0.111213 0.281157 -0.108809 
 -0.136180 0.295403 -0.058728 
 -0.156815 0.308103 -0.036719 
 -0.175264 0.320017 -0.028738 
 -0.196047 0.332818 -0.006783 
 -0.216915 0.345677 0.015140 
 -0.228529 0.355043 -0.018860 
 -0.249480 0.367959 0.003032 
 -0.265763 0.379101 -0.003022 
 -0.282046 0.390242 -0.009076 
 -0.298329 0.401383 -0.015130 
 -0.317052 0.413484 -0.007250 
 -0.330894 0.423665 -0.027239 
 -0.347177 0.434806 -0.033293 
 0.503978 -0.164231 0.121526 
 0.487927 -0.153249 0.115558 
 0.471876 -0.142267 0.109590 
 0.457288 -0.131544 0.089324 
 0.444227 -0.121123 0.054781 
 0.428239 -0.110184 0.048836 
 0.412252 -0.099245 0.042892 
 0.393170 -0.087672 0.065484 
 0.380277 -0.077367 0.031004 
 0.367468 -0.067120 -0.003445 
 0.351523 -0.056210 -0.009373 
 0.340473 -0.046424 -0.058011 
 0.326243 -0.035946 -0.078145 
 0.310383 -0.025094 -0.084042 
 0.294522 -0.014241 -0.089939 
 0.278661 -0.003389 -0.095836 
 0.262800 0.007464 -0.101734 
 0.246939 0.018316 -0.107631 
 0.231078 0.029168 -0.113528 
 0.215217 0.040021 -0.119425 
 0.197535 0.051378 -0.111157 
 0.181653 0.062245 -0.117062 
 0.165771 0.073112 -0.122967 
 0.146119 0.085075 -0.100587 
 0.130195 0.095970 -0.106508 
 0.114271 0.106866 -0.112429 
 0.098346 0.117762 -0.118350 
 0.080453 0.129263 -0.110160 
 0.064508 0.140174 -0.116088 
 0.048563 0.151084 -0.122017 
 0.028553 0.163292 -0.099771 
 0.008458 0.175558 -0.077556 
 -0.007572 0.186526 -0.083516 
 -0.025697 0.198186 -0.075412 
 -0.045981 0.210582 -0.053268 
 -0.057798 0.220150 -0.087348 
 -0.073849 0.231133 -0.093316 
 -0.089900 0.242115 -0.099283 
 -0.105951 0.253098 -0.105251 
 -0.122002 0.264080 -0.111219 
 -0.147026 0.278235 -0.061151 
 -0.169954 0.291699 -0.025147 
 -0.190723 0.304426 -0.003183 
 -0.206964 0.315539 -0.009222 
 -0.227860 0.328353 0.012695 
 -0.244142 0.339494 0.006641 
 -0.260425 0.350635 0.000587 
 -0.276708 0.361776 -0.005468 
 -0.292991 0.372917 -0.011522 
 -0.311707 0.384981 -0.003637 
 -0.337827 0.399887 0.046023 
 -0.341839 0.406340 -0.029684 
 -0.358122 0.417481 -0.035738 
 0.510632 -0.192470 0.110756 
 0.493189 -0.181309 0.119116 
 0.478573 -0.170535 0.098836 
 0.462543 -0.159567 0.092876 
 0.449468 -0.149073 0.058324 
 0.433481 -0.138134 0.052380 
 0.417493 -0.127194 0.046435 
 0.398425 -0.115695 0.069036 
 0.382395 -0.104727 0.063076 
 0.369531 -0.094377 0.028603 
 0.353543 -0.083438 0.022658 
 0.340805 -0.073175 -0.011768 
 0.324860 -0.062265 -0.017696 
 0.313915 -0.052455 -0.066301 
 0.298033 -0.041588 -0.072206 
 0.283860 -0.031117 -0.092321 
 0.268000 -0.020265 -0.098218 
 0.252139 -0.009412 -0.104115 
 0.236278 0.001440 -0.110013 
 0.220417 0.012293 -0.115910 
 0.204556 0.023145 -0.121807 
 0.186859 0.034480 -0.113542 
 0.170977 0.045347 -0.119447 
 0.155095 0.056214 -0.125352 
 0.135415 0.068132 -0.102979 
 0.119491 0.079027 -0.108899 
 0.103567 0.089923 -0.114820 
 0.087643 0.100819 -0.120741 
 0.071718 0.111715 -0.126662 
 0.053790 0.123208 -0.118483 
 0.037845 0.134118 -0.124411 
 0.017806 0.146281 -0.102172 
 -0.002317 0.158503 -0.079963 
 -0.018346 0.169470 -0.085923 
 -0.034376 0.180438 -0.091883 
 -0.052537 0.192091 -0.083790 
 -0.068587 0.203073 -0.089758 
 -0.084638 0.214055 -0.095726 
 -0.100689 0.225038 -0.101694 
 -0.116740 0.236020 -0.107662 
 -0.132790 0.247002 -0.113629 
 -0.162386 0.262610 -0.035563 
 -0.180842 0.274464 -0.027580 
 -0.201640 0.287147 -0.005622 
 -0.222521 0.299887 0.016304 
 -0.241146 0.311857 0.024224 
 -0.257450 0.323012 0.018163 
 -0.273754 0.334168 0.012101 
 -0.294868 0.347067 0.033940 
 -0.311214 0.358252 0.027863 
 -0.332455 0.371237 0.049655 
 -0.348843 0.382451 0.043562 
 -0.365231 0.393664 0.037468 
 -0.386641 0.406765 0.059199 
 -0.403071 0.418007 0.053090 
 0.498451 -0.209369 0.122673 
 0.482400 -0.198386 0.116705 
 0.467799 -0.187590 0.096429 
 0.451769 -0.176622 0.090469 
 0.438722 -0.166083 0.055923 
 0.422734 -0.155144 0.049979 
 0.406747 -0.144205 0.044035 
 0.387650 -0.132750 0.066629 
 0.371621 -0.121782 0.060669 
 0.355591 -0.110814 0.054709 
 0.342797 -0.100449 0.020257 
 0.330087 -0.090141 -0.014162 
 0.314142 -0.079230 -0.020091 
 0.299878 -0.068665 -0.040242 
 0.283954 -0.057769 -0.046162 
 0.271476 -0.047620 -0.080497 
 0.255594 -0.036753 -0.086402 
 0.241478 -0.026288 -0.106497 
 0.225616 -0.015435 -0.112395 
 0.207948 -0.004152 -0.104117 
 0.192066 0.006715 -0.110022 
 0.176184 0.017582 -0.115927 
 0.156560 0.029397 -0.093529 
 0.140636 0.040293 -0.099449 
 0.124712 0.051189 -0.105370 
 0.108787 0.062084 -0.111291 
 0.092863 0.072980 -0.117212 
 0.074963 0.084422 -0.109020 
 0.059017 0.095332 -0.114949 
 0.043072 0.106243 -0.120877 
 0.023047 0.118332 -0.098629 
 0.002938 0.130479 -0.076410 
 -0.013091 0.141447 -0.082370 
 -0.031224 0.153048 -0.074265 
 -0.047275 0.164031 -0.080233 
 -0.063325 0.175013 -0.086201 
 -0.079376 0.185995 -0.092169 
 -0.095427 0.196978 -0.098136 
 -0.111477 0.207960 -0.104104 
 -0.127528 0.218942 -0.110072 
 -0.152581 0.232860 -0.059998 
 -0.173260 0.245397 -0.037992 
 -0.189437 0.256466 -0.044007 
 -0.212556 0.269867 -0.008061 
 -0.233466 0.282563 0.013858 
 -0.252105 0.294510 0.021776 
 -0.268409 0.305665 0.015714 
 -0.289509 0.318491 0.037563 
 -0.305855 0.329675 0.031485 
 -0.327082 0.342588 0.053287 
 -0.343470 0.353801 0.047194 
 -0.359858 0.365014 0.041101 
 -0.381254 0.378042 0.062840 
 -0.397684 0.389284 0.056731 
 -0.414115 0.400526 0.050622 
 0.487662 -0.226447 0.120263 
 0.471611 -0.215464 0.114295 
 0.457024 -0.204645 0.094022 
 0.440994 -0.193677 0.088062 
 0.427976 -0.183093 0.053522 
 0.411988 -0.172154 0.047578 
 0.396001 -0.161215 0.041634 
 0.380013 -0.150276 0.035689 
 0.360846 -0.138838 0.058262 
 0.344816 -0.127870 0.052302 
 0.332051 -0.117459 0.017856 
 0.316063 -0.106520 0.011912 
 0.300076 -0.095581 0.005968 
 0.287479 -0.085286 -0.028414 
 0.273250 -0.074712 -0.048554 
 0.260801 -0.064518 -0.082882 
 0.244919 -0.053651 -0.088787 
 0.229037 -0.042784 -0.094692 
 0.213155 -0.031917 -0.100597 
 0.197273 -0.021050 -0.106502 
 0.177705 -0.009337 -0.084078 
 0.161781 0.001558 -0.089999 
 0.143971 0.012906 -0.081772 
 0.128026 0.023816 -0.087700 
 0.112081 0.034726 -0.093629 
 0.096135 0.045636 -0.099557 
 0.080190 0.056547 -0.105486 
 0.064245 0.067457 -0.111415 
 0.048299 0.078367 -0.117343 
 0.028289 0.090383 -0.095085 
 0.008194 0.102456 -0.072858 
 -0.007836 0.113424 -0.078818 
 -0.025962 0.124988 -0.070708 
 -0.042013 0.135971 -0.076676 
 -0.058063 0.146953 -0.082643 
 -0.074114 0.157935 -0.088611 
 -0.090165 0.168918 -0.094579 
 -0.106215 0.179900 -0.100547 
 -0.122266 0.190882 -0.106515 
 -0.142804 0.203259 -0.084453 
 -0.163427 0.215693 -0.062421 
 -0.184133 0.228185 -0.040422 
 -0.207232 0.241475 -0.004462 
 -0.223472 0.252587 -0.010500 
 -0.244411 0.265238 0.011413 
 -0.267804 0.278731 0.047263 
 -0.284150 0.289915 0.041186 
 -0.300496 0.301099 0.035108 
 -0.321709 0.313938 0.056919 
 -0.338097 0.325151 0.050826 
 -0.354486 0.336364 0.044733 
 -0.370874 0.347577 0.038639 
 -0.392298 0.360560 0.060373 
 -0.408728 0.371802 0.054264 
 -0.425159 0.383044 0.048155 
 0.476874 -0.243524 0.117852 
 0.460823 -0.232542 0.111884 
 0.446249 -0.221700 0.091615 
 0.430220 -0.210732 0.085655 
 0.417229 -0.200104 0.051121 
 0.401242 -0.189164 0.045177 
 0.385255 -0.178225 0.039233 
 0.369267 -0.167286 0.033288 
 0.350072 -0.155893 0.055855 
 0.334042 -0.144925 0.049895 
 0.318012 -0.133957 0.043935 
 0.305317 -0.123530 0.009511 
 0.289330 -0.112591 0.003567 
 0.273342 -0.101652 -0.002377 
 0.260816 -0.091341 -0.036737 
 0.244870 -0.080431 -0.042666 
 0.228925 -0.069521 -0.048595 
 0.214774 -0.058968 -0.068708 
 0.197035 -0.047700 -0.060452 
 0.181089 -0.036790 -0.066380 
 0.165144 -0.025880 -0.072309 
 0.149199 -0.014970 -0.078238 
 0.133253 -0.004059 -0.084166 
 0.117308 0.006851 -0.090095 
 0.101363 0.017761 -0.096023 
 0.085417 0.028671 -0.101952 
 0.069472 0.039581 -0.107881 
 0.053527 0.050491 -0.113809 
 0.033530 0.062433 -0.091542 
 0.017543 0.073373 -0.097486 
 -0.002581 0.085401 -0.075265 
 -0.018611 0.096369 -0.081225 
 -0.034640 0.107337 -0.087185 
 -0.050670 0.118305 -0.093145 
 -0.066700 0.129273 -0.099105 
 -0.084903 0.140858 -0.091022 
 -0.100953 0.151840 -0.096989 
 -0.117004 0.162822 -0.102957 
 -0.133055 0.173805 -0.108925 
 -0.153621 0.186136 -0.086869 
 -0.174272 0.198526 -0.064844 
 -0.195007 0.210973 -0.042851 
 -0.218148 0.224196 -0.006901 
 -0.234389 0.235308 -0.012939 
 -0.257719 0.248661 0.022941 
 -0.278792 0.261339 0.044809 
 -0.295138 0.272523 0.038731 
 -0.311484 0.283707 0.032654 
 -0.332725 0.296501 0.054458 
 -0.349113 0.307714 0.048365 
 -0.365501 0.318927 0.042272 
 -0.381890 0.330141 0.036178 
 -0.398278 0.341354 0.030085 
 -0.414666 0.352567 0.023992 
 -0.436203 0.365563 0.045688 
 0.476422 -0.271284 0.178700 
 0.467534 -0.260691 0.101127 
 0.451504 -0.249723 0.095167 
 0.435475 -0.238755 0.089207 
 0.419445 -0.227787 0.083247 
 0.406483 -0.217114 0.048720 
 0.390496 -0.206175 0.042776 
 0.374508 -0.195236 0.036832 
 0.358521 -0.184297 0.030887 
 0.339297 -0.172948 0.053447 
 0.323267 -0.161980 0.047487 
 0.307238 -0.151012 0.041527 
 0.291208 -0.140044 0.035567 
 0.275178 -0.129076 0.029607 
 0.257425 -0.117831 0.037860 
 0.246608 -0.107723 -0.010723 
 0.230621 -0.096784 -0.016667 
 0.214634 -0.085845 -0.022611 
 0.198646 -0.074906 -0.028555 
 0.177171 -0.062920 0.008021 
 0.166671 -0.053028 -0.040444 
 0.150684 -0.042089 -0.046388 
 0.134696 -0.031150 -0.052333 
 0.118709 -0.020211 -0.058277 
 0.102721 -0.009272 -0.064221 
 0.086734 0.001667 -0.070165 
 0.074700 0.011706 -0.104347 
 0.058754 0.022616 -0.110275 
 0.038771 0.034484 -0.087998 
 0.022784 0.045423 -0.093943 
 0.006796 0.056362 -0.099887 
 -0.013356 0.068346 -0.077672 
 -0.031488 0.079851 -0.069561 
 -0.047539 0.090833 -0.075529 
 -0.063590 0.101815 -0.081496 
 -0.079641 0.112798 -0.087464 
 -0.095692 0.123780 -0.093432 
 -0.111742 0.134762 -0.099400 
 -0.127793 0.145745 -0.105368 
 -0.148345 0.158003 -0.083303 
 -0.164438 0.169014 -0.089286 
 -0.185118 0.181358 -0.067267 
 -0.205881 0.193761 -0.045281 
 -0.224394 0.205525 -0.037310 
 -0.245305 0.218028 -0.015378 
 -0.268678 0.231314 0.020493 
 -0.289779 0.243947 0.042354 
 -0.306125 0.255131 0.036276 
 -0.322471 0.266316 0.030199 
 -0.343740 0.279064 0.051997 
 -0.360129 0.290277 0.045904 
 -0.376517 0.301491 0.039811 
 -0.392905 0.312704 0.033717 
 -0.414386 0.325597 0.055438 
 -0.430816 0.336839 0.049329 
 0.465577 -0.288452 0.176276 
 0.455296 -0.277679 0.113031 
 0.440730 -0.266778 0.092760 
 0.424700 -0.255811 0.086800 
 0.408671 -0.244843 0.080840 
 0.395737 -0.234124 0.046320 
 0.379750 -0.223185 0.040375 
 0.363762 -0.212246 0.034431 
 0.347774 -0.201307 0.028487 
 0.331787 -0.190368 0.022542 
 0.312493 -0.179035 0.045080 
 0.294789 -0.167856 0.053353 
 0.278738 -0.156874 0.047385 
 0.262687 -0.145891 0.041417 
 0.246636 -0.134909 0.035450 
 0.232344 -0.124196 0.015280 
 0.216315 -0.113228 0.009320 
 0.200285 -0.102260 0.003360 
 0.184255 -0.091292 -0.002600 
 0.166383 -0.079997 0.005611 
 0.150332 -0.069015 -0.000357 
 0.136166 -0.058388 -0.020480 
 0.123950 -0.048160 -0.054734 
 0.107963 -0.037222 -0.060678 
 0.088078 -0.025485 -0.038359 
 0.075987 -0.015343 -0.072566 
 0.063982 -0.005260 -0.106741 
 0.048036 0.005650 -0.112670 
 0.028025 0.017474 -0.090399 
 0.012038 0.028413 -0.096344 
 -0.003950 0.039352 -0.102288 
 -0.024130 0.051291 -0.080079 
 -0.040160 0.062259 -0.086039 
 -0.058328 0.073755 -0.077939 
 -0.074379 0.084738 -0.083907 
 -0.090430 0.095720 -0.089875 
 -0.106480 0.106702 -0.095842 
 -0.122531 0.117685 -0.101810 
 -0.138582 0.128667 -0.107778 
 -0.159163 0.140880 -0.085719 
 -0.175256 0.151891 -0.091703 
 -0.195963 0.164191 -0.069690 
 -0.216755 0.176548 -0.047710 
 -0.235282 0.188290 -0.039743 
 -0.256221 0.200749 -0.017817 
 -0.277245 0.213265 0.004077 
 -0.300766 0.226555 0.039899 
 -0.317112 0.237739 0.033822 
 -0.333458 0.248924 0.027744 
 -0.354756 0.261627 0.049536 
 -0.371144 0.272841 0.043443 
 -0.387532 0.284054 0.037349 
 -0.403921 0.295267 0.031256 
 -0.425430 0.308115 0.052971 
 -0.441860 0.319357 0.046862 
 -0.458291 0.330599 0.040753 
 0.467995 -0.316628 0.208500 
 0.454731 -0.305619 0.173853 
 0.444507 -0.294757 0.110621 
 0.429955 -0.283834 0.090353 
 0.413926 -0.272866 0.084393 
 0.397896 -0.261898 0.078433 
 0.384991 -0.251134 0.043919 
 0.369003 -0.240195 0.037974 
 0.353016 -0.229256 0.032030 
 0.337028 -0.218317 0.026086 
 0.321041 -0.207378 0.020141 
 0.301718 -0.196090 0.042673 
 0.285688 -0.185123 0.036713 
 0.267949 -0.173951 0.044975 
 0.251898 -0.162969 0.039007 
 0.232344 -0.151522 0.061451 
 0.219797 -0.141004 0.027071 
 0.203746 -0.130022 0.021104 
 0.187695 -0.119040 0.015136 
 0.171644 -0.108057 0.009168 
 0.151879 -0.096467 0.031534 
 0.135786 -0.085455 0.025550 
 0.119693 -0.074444 0.019567 
 0.103600 -0.063433 0.013583 
 0.091391 -0.053146 -0.020671 
 0.077303 -0.042540 -0.040767 
 0.065241 -0.032354 -0.074967 
 0.049254 -0.021415 -0.080912 
 0.033266 -0.010476 -0.086856 
 0.017279 0.000463 -0.092800 
 0.001291 0.011403 -0.098745 
 -0.018875 0.023268 -0.076527 
 -0.037015 0.034713 -0.068414 
 -0.053066 0.045695 -0.074382 
 -0.069117 0.056678 -0.080349 
 -0.085167 0.067660 -0.086317 
 -0.101218 0.078642 -0.092285 
 -0.117269 0.089625 -0.098253 
 -0.133320 0.100607 -0.104221 
 -0.149370 0.111589 -0.110188 
 -0.169980 0.123757 -0.088136 
 -0.186073 0.134769 -0.094120 
 -0.206809 0.147023 -0.072113 
 -0.227629 0.159336 -0.050139 
 -0.246170 0.171055 -0.042176 
 -0.267138 0.183469 -0.020256 
 -0.288190 0.195940 0.001632 
 -0.306900 0.207775 0.009534 
 -0.328099 0.220348 0.031367 
 -0.344445 0.231532 0.025289 
 -0.365772 0.244191 0.047075 
 -0.382160 0.255404 0.040982 
 -0.398548 0.266617 0.034888 
 -0.414936 0.277830 0.028795 
 -0.431324 0.289044 0.022702 
 -0.447713 0.300257 0.016609 
 -0.469334 0.313118 0.038285 
 0.457121 -0.333840 0.206071 
 0.443886 -0.322786 0.171430 
 0.433719 -0.311835 0.108210 
 0.417668 -0.300852 0.102243 
 0.403151 -0.289921 0.081986 
 0.387121 -0.278953 0.076026 
 0.374245 -0.268145 0.041518 
 0.358257 -0.257206 0.035573 
 0.342270 -0.246267 0.029629 
 0.326282 -0.235328 0.023685 
 0.310295 -0.224389 0.017740 
 0.294307 -0.213450 0.011796 
 0.274914 -0.202178 0.034306 
 0.257160 -0.191029 0.042564 
 0.241110 -0.180047 0.036597 
 0.225059 -0.169064 0.030629 
 0.205434 -0.157634 0.053051 
 0.189341 -0.146623 0.047068 
 0.173248 -0.135611 0.041084 
 0.157155 -0.124600 0.035101 
 0.141062 -0.113589 0.029117 
 0.124969 -0.102578 0.023134 
 0.108876 -0.091567 0.017150 
 0.092783 -0.080555 0.011167 
 0.080602 -0.070223 -0.023082 
 0.066528 -0.059595 -0.043174 
 0.054495 -0.049364 -0.077368 
 0.038508 -0.038425 -0.083312 
 0.026601 -0.028281 -0.117459 
 0.006533 -0.016547 -0.095201 
 -0.009455 -0.005608 -0.101145 
 -0.029650 0.006212 -0.078934 
 -0.047804 0.017635 -0.070824 
 -0.063855 0.028618 -0.076792 
 -0.079906 0.039600 -0.082760 
 -0.095956 0.050582 -0.088728 
 -0.112007 0.061565 -0.094695 
 -0.132518 0.073601 -0.072602 
 -0.144108 0.083529 -0.106631 
 -0.164704 0.095624 -0.084569 
 -0.180797 0.106635 -0.090553 
 -0.196890 0.117646 -0.096536 
 -0.217654 0.129856 -0.074536 
 -0.238503 0.142124 -0.052569 
 -0.257058 0.153821 -0.044608 
 -0.282852 0.167475 0.005241 
 -0.299134 0.178616 -0.000813 
 -0.317858 0.190428 0.007086 
 -0.334162 0.201584 0.001024 
 -0.350466 0.212739 -0.005038 
 -0.371779 0.225325 0.016757 
 -0.393175 0.237967 0.038521 
 -0.409564 0.249181 0.032427 
 -0.425952 0.260394 0.026334 
 -0.442340 0.271607 0.020241 
 -0.458728 0.282820 0.014147 
 0.449175 -0.350994 0.175006 
 0.436011 -0.339924 0.140387 
 0.422930 -0.328912 0.105800 
 0.408406 -0.317944 0.085538 
 0.392377 -0.306976 0.079578 
 0.376347 -0.296008 0.073618 
 0.363498 -0.285155 0.039117 
 0.347511 -0.274216 0.033172 
 0.331523 -0.263277 0.027228 
 0.315536 -0.252338 0.021284 
 0.299548 -0.241399 0.015340 
 0.283561 -0.230460 0.009395 
 0.258988 -0.218801 0.074569 
 0.242895 -0.207790 0.068585 
 0.226802 -0.196779 0.062601 
 0.210709 -0.185767 0.056618 
 0.194617 -0.174756 0.050635 
 0.178524 -0.163745 0.044651 
 0.158743 -0.152273 0.067021 
 0.142608 -0.141233 0.061022 
 0.130245 -0.130712 0.026701 
 0.114152 -0.119700 0.020717 
 0.098059 -0.108689 0.014733 
 0.081966 -0.097678 0.008750 
 0.069813 -0.087301 -0.025492 
 0.055754 -0.076650 -0.045581 
 0.043749 -0.066374 -0.079769 
 0.027761 -0.055435 -0.085713 
 0.015883 -0.045246 -0.119854 
 -0.004214 -0.033557 -0.097602 
 -0.020201 -0.022618 -0.103546 
 -0.036189 -0.011679 -0.109491 
 -0.056454 0.000125 -0.087301 
 -0.074643 0.011540 -0.079202 
 -0.090694 0.022522 -0.085170 
 -0.106745 0.033505 -0.091138 
 -0.122796 0.044487 -0.097106 
 -0.143335 0.056479 -0.075019 
 -0.154897 0.066452 -0.109041 
 -0.175521 0.078501 -0.086986 
 -0.191614 0.089512 -0.092970 
 -0.212364 0.101649 -0.070960 
 -0.228499 0.112689 -0.076960 
 -0.249376 0.124911 -0.054998 
 -0.267946 0.136586 -0.047041 
 -0.288970 0.148910 -0.025134 
 -0.310079 0.161291 -0.003259 
 -0.326362 0.172432 -0.009313 
 -0.345121 0.184237 -0.001425 
 -0.361425 0.195392 -0.007487 
 -0.382766 0.207933 0.014302 
 -0.399112 0.219117 0.008225 
 -0.420579 0.231744 0.029966 
 -0.436967 0.242957 0.023873 
 -0.453356 0.254170 0.017780 
 -0.469744 0.265384 0.011686 
 0.438330 -0.368161 0.172583 
 0.425193 -0.357047 0.137970 
 0.413661 -0.345967 0.089091 
 0.397632 -0.334999 0.083131 
 0.381602 -0.324031 0.077171 
 0.365572 -0.313063 0.071211 
 0.355961 -0.302235 0.008181 
 0.336765 -0.291226 0.030772 
 0.320777 -0.280287 0.024827 
 0.304790 -0.269348 0.018883 
 0.288802 -0.258409 0.012939 
 0.272815 -0.247470 0.006994 
 0.251634 -0.236167 0.043711 
 0.235583 -0.225184 0.037744 
 0.215985 -0.213901 0.060185 
 0.196303 -0.202560 0.082595 
 0.180168 -0.191520 0.076596 
 0.164033 -0.180480 0.070597 
 0.147898 -0.169440 0.064598 
 0.131763 -0.158400 0.058599 
 0.115628 -0.147360 0.052600 
 0.103335 -0.136823 0.018300 
 0.087242 -0.125812 0.012317 
 0.075075 -0.115361 -0.021935 
 0.059025 -0.104379 -0.027902 
 0.048990 -0.094324 -0.076226 
 0.033003 -0.083385 -0.082170 
 0.017015 -0.072446 -0.088114 
 0.001028 -0.061507 -0.094059 
 -0.019139 -0.049834 -0.071828 
 -0.030947 -0.039628 -0.105947 
 -0.051199 -0.027898 -0.083748 
 -0.073687 -0.015700 -0.047518 
 -0.089780 -0.004688 -0.053502 
 -0.099288 0.005006 -0.101628 
 -0.115317 0.015974 -0.107588 
 -0.133585 0.027409 -0.099516 
 -0.149635 0.038392 -0.105484 
 -0.165686 0.049374 -0.111452 
 -0.181737 0.060356 -0.117420 
 -0.202431 0.072390 -0.095386 
 -0.218524 0.083401 -0.101370 
 -0.234617 0.094412 -0.107353 
 -0.255480 0.106561 -0.085382 
 -0.278833 0.119351 -0.049473 
 -0.295032 0.130435 -0.055496 
 -0.321024 0.143967 -0.005704 
 -0.337306 0.155108 -0.011758 
 -0.356080 0.166890 -0.003873 
 -0.372384 0.178046 -0.009935 
 -0.388688 0.189201 -0.015997 
 -0.410099 0.201725 0.005770 
 -0.426445 0.212910 -0.000308 
 -0.442791 0.224094 -0.006385 
 -0.469605 0.238189 0.043101 
 -0.486036 0.249431 0.036992 
 0.427484 -0.385329 0.170160 
 0.411349 -0.374289 0.164161 
 0.401352 -0.363068 0.100979 
 0.385302 -0.352085 0.095011 
 0.370827 -0.341087 0.074764 
 0.354798 -0.330119 0.068804 
 0.345244 -0.319201 0.005787 
 0.326018 -0.308237 0.028371 
 0.310031 -0.297298 0.022426 
 0.294043 -0.286359 0.016482 
 0.278056 -0.275420 0.010538 
 0.258620 -0.264311 0.033044 
 0.240845 -0.253244 0.041301 
 0.221261 -0.242035 0.063752 
 0.205168 -0.231024 0.057768 
 0.185458 -0.219728 0.080172 
 0.169323 -0.208688 0.074173 
 0.153188 -0.197648 0.068174 
 0.137052 -0.186608 0.062175 
 0.120917 -0.175568 0.056176 
 0.104782 -0.164528 0.050176 
 0.092518 -0.153945 0.015883 
 0.076425 -0.142934 0.009900 
 0.060332 -0.131923 0.003916 
 0.044239 -0.120912 -0.002067 
 0.034205 -0.110761 -0.050396 
 0.018175 -0.099793 -0.056356 
 0.002145 -0.088825 -0.062316 
 -0.013884 -0.077857 -0.068276 
 -0.029914 -0.066889 -0.074236 
 -0.045944 -0.055921 -0.080196 
 -0.064120 -0.044580 -0.072088 
 -0.084505 -0.032822 -0.049935 
 -0.100598 -0.021811 -0.055919 
 -0.116690 -0.010800 -0.061902 
 -0.128323 -0.000651 -0.095959 
 -0.148876 0.011223 -0.073869 
 -0.164969 0.022234 -0.079853 
 -0.176475 0.032296 -0.113862 
 -0.197155 0.044256 -0.091820 
 -0.213248 0.055267 -0.097803 
 -0.229341 0.066279 -0.103787 
 -0.250190 0.078354 -0.081806 
 -0.271124 0.090487 -0.059857 
 -0.287301 0.101556 -0.065872 
 -0.310803 0.114351 -0.030011 
 -0.331968 0.126642 -0.008149 
 -0.348251 0.137783 -0.014203 
 -0.364534 0.148924 -0.020257 
 -0.380817 0.160066 -0.026311 
 -0.399647 0.171854 -0.018446 
 -0.415950 0.183010 -0.024507 
 -0.432254 0.194165 -0.030569 
 -0.453778 0.206702 -0.008840 
 -0.480649 0.220707 0.040633 
 -0.497080 0.231949 0.034524 
 0.416639 -0.402496 0.167737 
 0.400504 -0.391456 0.161738 
 0.390564 -0.380145 0.098569 
 0.374513 -0.369163 0.092601 
 0.360053 -0.358142 0.072357 
 0.344023 -0.347174 0.066397 
 0.331260 -0.336186 0.031914 
 0.315272 -0.325247 0.025970 
 0.299285 -0.314308 0.020025 
 0.283297 -0.303369 0.014081 
 0.267310 -0.292430 0.008137 
 0.247845 -0.281366 0.030637 
 0.230056 -0.270322 0.038891 
 0.214005 -0.259340 0.032923 
 0.194351 -0.248146 0.055351 
 0.174612 -0.236895 0.077749 
 0.158477 -0.225855 0.071750 
 0.142342 -0.214815 0.065751 
 0.126207 -0.203775 0.059752 
 0.110072 -0.192735 0.053753 
 0.093937 -0.181695 0.047753 
 0.077802 -0.170655 0.041754 
 0.065608 -0.160057 0.007483 
 0.049515 -0.149046 0.001500 
 0.033422 -0.138034 -0.004484 
 0.023430 -0.127816 -0.052803 
 0.007400 -0.116848 -0.058763 
 -0.008629 -0.105880 -0.064723 
 -0.024659 -0.094912 -0.070683 
 -0.040689 -0.083944 -0.076643 
 -0.056718 -0.072976 -0.082603 
 -0.074908 -0.061657 -0.074498 
 -0.095322 -0.049945 -0.052352 
 -0.111415 -0.038933 -0.058335 
 -0.127508 -0.027922 -0.064319 
 -0.143600 -0.016911 -0.070302 
 -0.159693 -0.005900 -0.076286 
 -0.175786 0.005111 -0.082269 
 -0.191879 0.016122 -0.088253 
 -0.207972 0.027134 -0.094236 
 -0.224065 0.038145 -0.100220 
 -0.244901 0.050146 -0.078230 
 -0.261036 0.061186 -0.084229 
 -0.281998 0.073275 -0.062287 
 -0.300609 0.084882 -0.054338 
 -0.321719 0.097071 -0.032450 
 -0.342913 0.109318 -0.010594 
 -0.359196 0.120459 -0.016648 
 -0.375479 0.131600 -0.022702 
 -0.391761 0.142741 -0.028757 
 -0.410605 0.154507 -0.020894 
 -0.426909 0.165663 -0.026956 
 -0.443213 0.176818 -0.033018 
 0.433629 -0.442187 0.220274 
 0.418930 -0.430970 0.199938 
 0.405794 -0.419663 0.165314 
 0.389658 -0.408623 0.159315 
 0.379775 -0.397223 0.096158 
 0.365308 -0.386165 0.075909 
 0.349278 -0.375197 0.069949 
 0.336501 -0.364135 0.035457 
 0.323808 -0.353132 0.000998 
 0.307863 -0.342221 -0.004931 
 0.291917 -0.331311 -0.010860 
 0.272551 -0.320379 0.011680 
 0.256564 -0.309440 0.005736 
 0.237071 -0.298422 0.028229 
 0.221041 -0.287454 0.022269 
 0.203216 -0.276417 0.030512 
 0.183534 -0.265269 0.052934 
 0.167441 -0.254258 0.046951 
 0.147632 -0.243023 0.069327 
 0.131497 -0.231983 0.063328 
 0.115361 -0.220942 0.057329 
 0.099226 -0.209902 0.051329 
 0.083091 -0.198862 0.045330 
 0.066956 -0.187822 0.039331 
 0.054791 -0.177179 0.005066 
 0.038698 -0.166168 -0.000917 
 0.022605 -0.155157 -0.006901 
 0.010608 -0.144629 -0.041101 
 -0.005443 -0.133647 -0.047069 
 -0.021494 -0.122665 -0.053037 
 -0.037545 -0.111682 -0.059005 
 -0.053596 -0.100700 -0.064973 
 -0.067493 -0.090031 -0.085010 
 -0.090046 -0.078078 -0.048785 
 -0.110530 -0.066382 -0.026660 
 -0.126665 -0.055341 -0.032659 
 -0.138325 -0.045045 -0.066736 
 -0.154418 -0.034034 -0.072719 
 -0.170510 -0.023022 -0.078703 
 -0.186603 -0.012011 -0.084686 
 -0.202696 -0.001000 -0.090670 
 -0.218789 0.010011 -0.096653 
 -0.234882 0.021022 -0.102637 
 -0.255746 0.032979 -0.080653 
 -0.276694 0.044993 -0.058701 
 -0.295299 0.056564 -0.050748 
 -0.316395 0.068679 -0.028851 
 -0.332636 0.079791 -0.034889 
 -0.353858 0.091993 -0.013040 
 -0.370141 0.103134 -0.019094 
 -0.386423 0.114275 -0.025148 
 -0.402706 0.125417 -0.031202 
 -0.421564 0.137160 -0.023342 
 -0.437868 0.148316 -0.029404 
 -0.454172 0.159471 -0.035466 
 0.424233 -0.459252 0.203524 
 0.411083 -0.447871 0.168890 
 0.398018 -0.436548 0.134287 
 0.378813 -0.425791 0.156892 
 0.368986 -0.414301 0.093748 
 0.354533 -0.403220 0.073502 
 0.338504 -0.392252 0.067542 
 0.325755 -0.381146 0.033056 
 0.313090 -0.370097 -0.001397 
 0.297145 -0.359187 -0.007326 
 0.281199 -0.348277 -0.013254 
 0.261805 -0.337390 0.009279 
 0.245817 -0.326451 0.003335 
 0.226296 -0.315477 0.025822 
 0.208479 -0.304477 0.034070 
 0.192428 -0.293495 0.028102 
 0.172717 -0.282391 0.050518 
 0.156624 -0.271380 0.044534 
 0.136786 -0.260190 0.066904 
 0.120651 -0.249150 0.060905 
 0.104516 -0.238110 0.054906 
 0.088381 -0.227070 0.048906 
 0.072246 -0.216030 0.042907 
 0.056111 -0.204990 0.036908 
 0.043973 -0.194302 0.002650 
 0.027880 -0.183291 -0.003334 
 0.011788 -0.172279 -0.009317 
 -0.000181 -0.161707 -0.043512 
 -0.016232 -0.150725 -0.049480 
 -0.032283 -0.139742 -0.055448 
 -0.048333 -0.128760 -0.061415 
 -0.068677 -0.117223 -0.039235 
 -0.084770 -0.106212 -0.045218 
 -0.105240 -0.094589 -0.023084 
 -0.121376 -0.083549 -0.029083 
 -0.137511 -0.072509 -0.035082 
 -0.153646 -0.061469 -0.041081 
 -0.169781 -0.050429 -0.047081 
 -0.185916 -0.039389 -0.053080 
 -0.202051 -0.028349 -0.059079 
 -0.218186 -0.017309 -0.065078 
 -0.234321 -0.006269 -0.071077 
 -0.250456 0.004771 -0.077077 
 -0.266592 0.015812 -0.083076 
 -0.287568 0.027781 -0.061131 
 -0.306187 0.039329 -0.053181 
 -0.327311 0.051399 -0.031290 
 -0.343552 0.062512 -0.037328 
 -0.364802 0.074669 -0.015485 
 -0.381085 0.085810 -0.021539 
 -0.397368 0.096951 -0.027593 
 -0.413651 0.108092 -0.033647 
 -0.429933 0.119233 -0.039701 
 -0.446216 0.130374 -0.045755 
 -0.465131 0.142124 -0.037915 
 0.413359 -0.476464 0.201094 
 0.400238 -0.465038 0.166467 
 0.387201 -0.453671 0.131870 
 0.374248 -0.442361 0.097305 
 0.358197 -0.431378 0.091338 
 0.343759 -0.420275 0.071095 
 0.327729 -0.409307 0.065135 
 0.315009 -0.398156 0.030656 
 0.302372 -0.387062 -0.003792 
 0.286427 -0.376152 -0.009720 
 0.270482 -0.365242 -0.015649 
 0.254536 -0.354332 -0.021577 
 0.235071 -0.343461 0.000934 
 0.219084 -0.332522 -0.005010 
 0.199492 -0.321564 0.017455 
 0.183462 -0.310596 0.011495 
 0.165588 -0.299590 0.019724 
 0.145807 -0.288503 0.042117 
 0.129714 -0.277491 0.036134 
 0.113621 -0.266480 0.030150 
 0.093671 -0.255277 0.052482 
 0.077535 -0.244237 0.046483 
 0.061400 -0.233197 0.040484 
 0.045265 -0.222157 0.034485 
 0.033156 -0.211424 0.000233 
 0.017063 -0.200413 -0.005751 
 0.000971 -0.189402 -0.011734 
 -0.010970 -0.178785 -0.045922 
 -0.027021 -0.167802 -0.051890 
 -0.043072 -0.156820 -0.057858 
 -0.059122 -0.145837 -0.063826 
 -0.079494 -0.134346 -0.041652 
 -0.095587 -0.123335 -0.047635 
 -0.111680 -0.112324 -0.053619 
 -0.132221 -0.100716 -0.031506 
 -0.148356 -0.089676 -0.037505 
 -0.164491 -0.078636 -0.043505 
 -0.180626 -0.067596 -0.049504 
 -0.196761 -0.056556 -0.055503 
 -0.212897 -0.045516 -0.061502 
 -0.229032 -0.034476 -0.067501 
 -0.245167 -0.023436 -0.073500 
 -0.261302 -0.012396 -0.079500 
 -0.282265 -0.000500 -0.057545 
 -0.300877 0.011011 -0.049591 
 -0.317075 0.022094 -0.055614 
 -0.338228 0.034120 -0.033729 
 -0.354468 0.045232 -0.039767 
 -0.375747 0.057344 -0.017930 
 -0.392030 0.068485 -0.023984 
 -0.408313 0.079626 -0.030038 
 -0.424595 0.090767 -0.036092 
 -0.440878 0.101909 -0.042146 
 -0.457161 0.113050 -0.048200 
 0.402486 -0.493676 0.198665 
 0.389392 -0.482206 0.164044 
 0.373257 -0.471166 0.158045 
 0.363459 -0.459438 0.094895 
 0.347409 -0.448456 0.088927 
 0.332984 -0.437330 0.068688 
 0.316955 -0.426363 0.062728 
 0.304262 -0.415166 0.028255 
 0.291654 -0.404028 -0.006186 
 0.275709 -0.393118 -0.012115 
 0.259764 -0.382208 -0.018043 
 0.243818 -0.371297 -0.023972 
 0.227873 -0.360387 -0.029901 
 0.208338 -0.349532 -0.007411 
 0.192350 -0.338593 -0.013355 
 0.176363 -0.327654 -0.019300 
 0.154800 -0.316668 0.017313 
 0.134990 -0.305625 0.039701 
 0.118897 -0.294614 0.033717 
 0.102804 -0.283603 0.027734 
 0.086711 -0.272592 0.021750 
 0.066690 -0.261405 0.044060 
 0.050555 -0.250365 0.038061 
 0.034420 -0.239325 0.032062 
 0.018285 -0.228284 0.026063 
 0.006246 -0.217536 -0.008167 
 -0.009846 -0.206524 -0.014151 
 -0.025939 -0.195513 -0.020134 
 -0.042032 -0.184502 -0.026118 
 -0.058125 -0.173491 -0.032101 
 -0.074218 -0.162480 -0.038085 
 -0.090311 -0.151468 -0.044068 
 -0.106404 -0.140457 -0.050052 
 -0.126931 -0.128924 -0.027930 
 -0.143066 -0.117884 -0.033929 
 -0.159202 -0.106844 -0.039928 
 -0.175337 -0.095804 -0.045928 
 -0.191472 -0.084764 -0.051927 
 -0.207607 -0.073724 -0.057926 
 -0.223742 -0.062684 -0.063925 
 -0.239877 -0.051643 -0.069924 
 -0.256012 -0.040603 -0.075924 
 -0.272147 -0.029563 -0.081923 
 -0.293138 -0.017712 -0.059974 
 -0.311765 -0.006224 -0.052023 
 -0.327963 0.004860 -0.058046 
 -0.349144 0.016840 -0.036168 
 -0.365385 0.027952 -0.042206 
 -0.381625 0.039065 -0.048244 
 -0.397866 0.050177 -0.054283 
 -0.414106 0.061289 -0.060321 
 -0.435540 0.073443 -0.038538 
 -0.451823 0.084584 -0.044592 
 -0.468106 0.095725 -0.050646 
 0.391612 -0.510888 0.196236 
 0.378547 -0.499373 0.161621 
 0.365567 -0.487916 0.127037 
 0.349474 -0.476904 0.121053 
 0.336620 -0.465533 0.086517 
 0.322210 -0.454386 0.066280 
 0.306180 -0.443418 0.060320 
 0.290150 -0.432450 0.054360 
 0.280936 -0.420993 -0.008581 
 0.264991 -0.410083 -0.014509 
 0.249046 -0.399173 -0.020438 
 0.233101 -0.388263 -0.026367 
 0.213579 -0.377481 -0.003868 
 0.197591 -0.366543 -0.009812 
 0.181604 -0.355603 -0.015756 
 0.165616 -0.344664 -0.021701 
 0.149629 -0.333725 -0.027645 
 0.129854 -0.322771 -0.005239 
 0.113824 -0.311803 -0.011199 
 0.095858 -0.300798 -0.003001 
 0.079808 -0.289816 -0.008968 
 0.059801 -0.278703 0.013350 
 0.043708 -0.267692 0.007366 
 0.023574 -0.256492 0.029639 
 0.007439 -0.245452 0.023640 
 -0.004571 -0.234658 -0.010584 
 -0.020664 -0.223647 -0.016568 
 -0.036757 -0.212636 -0.022551 
 -0.052850 -0.201625 -0.028535 
 -0.068943 -0.190613 -0.034518 
 -0.085036 -0.179602 -0.040502 
 -0.101128 -0.168591 -0.046485 
 -0.117221 -0.157580 -0.052469 
 -0.137777 -0.146091 -0.030353 
 -0.158416 -0.134545 -0.008270 
 -0.174594 -0.123476 -0.014285 
 -0.186182 -0.112971 -0.048351 
 -0.202317 -0.101931 -0.054350 
 -0.218452 -0.090891 -0.060349 
 -0.234587 -0.079851 -0.066348 
 -0.250723 -0.068811 -0.072347 
 -0.266858 -0.057771 -0.078347 
 -0.282993 -0.046731 -0.084346 
 -0.304012 -0.034925 -0.062404 
 -0.322653 -0.023458 -0.054456 
 -0.338851 -0.012375 -0.060479 
 -0.360060 -0.000439 -0.038606 
 -0.376301 0.010673 -0.044645 
 -0.392541 0.021785 -0.050683 
 -0.413919 0.033836 -0.028875 
 -0.425023 0.044010 -0.062760 
 -0.441263 0.055122 -0.068799 
 -0.457504 0.066234 -0.074837 
 -0.479050 0.078401 -0.053091 
 0.357933 -0.504576 0.096042 
 0.341882 -0.493593 0.090074 
 0.327465 -0.482409 0.069833 
 0.311435 -0.471441 0.063873 
 0.295405 -0.460473 0.057913 
 0.282770 -0.449187 0.023453 
 0.270218 -0.437959 -0.010975 
 0.254273 -0.427049 -0.016904 
 0.238328 -0.416138 -0.022833 
 0.222383 -0.405228 -0.028761 
 0.206437 -0.394318 -0.034690 
 0.186845 -0.383553 -0.012213 
 0.170858 -0.372614 -0.018157 
 0.154870 -0.361675 -0.024101 
 0.138883 -0.350736 -0.030046 
 0.119079 -0.339826 -0.007647 
 0.103050 -0.328858 -0.013607 
 0.085070 -0.317876 -0.005411 
 0.069019 -0.306894 -0.011379 
 0.048984 -0.295825 0.010933 
 0.032891 -0.284814 0.004950 
 0.016798 -0.273803 -0.001034 
 0.000705 -0.262792 -0.007017 
 -0.015388 -0.251781 -0.013001 
 -0.031481 -0.240770 -0.018984 
 -0.047574 -0.229758 -0.024968 
 -0.067947 -0.218459 -0.002780 
 -0.084082 -0.207419 -0.008780 
 -0.095853 -0.196725 -0.042918 
 -0.116352 -0.185339 -0.020778 
 -0.132487 -0.174299 -0.026777 
 -0.148622 -0.163259 -0.032776 
 -0.164757 -0.152219 -0.038775 
 -0.180893 -0.141179 -0.044775 
 -0.197028 -0.130138 -0.050774 
 -0.213163 -0.119098 -0.056773 
 -0.229298 -0.108058 -0.062772 
 -0.245433 -0.097018 -0.068771 
 -0.261568 -0.085978 -0.074771 
 -0.282531 -0.074275 -0.052804 
 -0.298709 -0.063206 -0.058818 
 -0.314886 -0.052137 -0.064833 
 -0.333541 -0.040693 -0.056889 
 -0.349739 -0.029610 -0.062911 
 -0.365937 -0.018527 -0.068934 
 -0.387217 -0.006607 -0.047084 
 -0.403458 0.004505 -0.053122 
 -0.419698 0.015618 -0.059161 
 -0.435939 0.026730 -0.065199 
 -0.457429 0.038794 -0.043428 
 -0.473712 0.049935 -0.049482 
 0.364779 -0.532368 0.085306 
 0.347144 -0.521653 0.093632 
 0.332720 -0.510432 0.073386 
 0.316690 -0.499464 0.067426 
 0.300661 -0.488496 0.061466 
 0.284631 -0.477528 0.055506 
 0.272024 -0.466197 0.021052 
 0.259501 -0.454924 -0.013370 
 0.243555 -0.444014 -0.019299 
 0.227610 -0.433104 -0.025227 
 0.211665 -0.422194 -0.031156 
 0.195719 -0.411283 -0.037084 
 0.176099 -0.400563 -0.014614 
 0.160111 -0.389624 -0.020558 
 0.144124 -0.378685 -0.026502 
 0.128136 -0.367746 -0.032447 
 0.108305 -0.356881 -0.010054 
 0.092275 -0.345913 -0.016014 
 0.076245 -0.334945 -0.021974 
 0.058230 -0.323971 -0.013789 
 0.038167 -0.312948 0.008516 
 0.022074 -0.301937 0.002533 
 0.005981 -0.290926 -0.003451 
 -0.010112 -0.279914 -0.009434 
 -0.026205 -0.268903 -0.015418 
 -0.042298 -0.257892 -0.021401 
 -0.058391 -0.246881 -0.027385 
 -0.078792 -0.235626 -0.005203 
 -0.094927 -0.224586 -0.011203 
 -0.111062 -0.213546 -0.017202 
 -0.127198 -0.202506 -0.023201 
 -0.143333 -0.191466 -0.029200 
 -0.159468 -0.180426 -0.035199 
 -0.175603 -0.169386 -0.041199 
 -0.191738 -0.158346 -0.047198 
 -0.207873 -0.147306 -0.053197 
 -0.224008 -0.136266 -0.059196 
 -0.240143 -0.125226 -0.065195 
 -0.256278 -0.114186 -0.071194 
 -0.272414 -0.103146 -0.077194 
 -0.293405 -0.091487 -0.055233 
 -0.309582 -0.080418 -0.061248 
 -0.325760 -0.069349 -0.067263 
 -0.344429 -0.057928 -0.059321 
 -0.360627 -0.046845 -0.065344 
 -0.381893 -0.034999 -0.043484 
 -0.403243 -0.023095 -0.021657 
 -0.414374 -0.012774 -0.055561 
 -0.430615 -0.001662 -0.061600 
 -0.446855 0.009450 -0.067638 
 -0.463096 0.020563 -0.073676 
 -0.479336 0.031675 -0.079715 
 0.354004 -0.549423 0.082898 
 0.336355 -0.538731 0.091221 
 0.320304 -0.527749 0.085253 
 0.305916 -0.516519 0.065019 
 0.289886 -0.505551 0.059059 
 0.273856 -0.494583 0.053099 
 0.261278 -0.483208 0.018651 
 0.248783 -0.471890 -0.015765 
 0.232838 -0.460980 -0.021693 
 0.216892 -0.450069 -0.027622 
 0.200947 -0.439159 -0.033550 
 0.185002 -0.428249 -0.039479 
 0.165353 -0.417573 -0.017015 
 0.149365 -0.406634 -0.022959 
 0.133378 -0.395695 -0.028903 
 0.117390 -0.384756 -0.034848 
 0.097530 -0.373936 -0.012461 
 0.081500 -0.362969 -0.018421 
 0.065471 -0.352001 -0.024381 
 0.047442 -0.341049 -0.016200 
 0.027350 -0.330070 0.006100 
 0.011257 -0.319059 0.000116 
 -0.004836 -0.308048 -0.005867 
 -0.020929 -0.297037 -0.011851 
 -0.037022 -0.286026 -0.017834 
 -0.053115 -0.275015 -0.023818 
 -0.069208 -0.264003 -0.029801 
 -0.085301 -0.252992 -0.035785 
 -0.105773 -0.241754 -0.013626 
 -0.121908 -0.230714 -0.019625 
 -0.138043 -0.219674 -0.025624 
 -0.154178 -0.208634 -0.031623 
 -0.170313 -0.197593 -0.037622 
 -0.186448 -0.186553 -0.043622 
 -0.207215 -0.175113 -0.021573 
 -0.218719 -0.164473 -0.055620 
 -0.234854 -0.153433 -0.061619 
 -0.250989 -0.142393 -0.067618 
 -0.267124 -0.131353 -0.073618 
 -0.283259 -0.120313 -0.079617 
 -0.304279 -0.108700 -0.057662 
 -0.320456 -0.097631 -0.063677 
 -0.336634 -0.086562 -0.069692 
 -0.355317 -0.075163 -0.061754 
 -0.371515 -0.064079 -0.067776 
 -0.392809 -0.052278 -0.045923 
 -0.414188 -0.040419 -0.024102 
 -0.425291 -0.030054 -0.058000 
 -0.441531 -0.018942 -0.064038 
 -0.457772 -0.007829 -0.070077 
 -0.474012 0.003283 -0.076115 
 -0.490253 0.014395 -0.082154 
 0.341617 -0.566791 0.094779 
 0.322298 -0.556406 0.117370 
 0.309516 -0.544826 0.082843 
 0.295141 -0.533574 0.062611 
 0.279111 -0.522606 0.056651 
 0.263082 -0.511639 0.050691 
 0.247052 -0.500671 0.044731 
 0.238065 -0.488855 -0.018159 
 0.222120 -0.477945 -0.024088 
 0.206174 -0.467035 -0.030016 
 0.190229 -0.456125 -0.035945 
 0.174284 -0.445214 -0.041874 
 0.154607 -0.434584 -0.019416 
 0.138619 -0.423645 -0.025360 
 0.122632 -0.412706 -0.031304 
 0.106644 -0.401767 -0.037249 
 0.086755 -0.390992 -0.014868 
 0.070726 -0.380024 -0.020828 
 0.054696 -0.369056 -0.026788 
 0.036653 -0.358127 -0.018610 
 0.016532 -0.347193 0.003683 
 0.000440 -0.336182 -0.002301 
 -0.015653 -0.325171 -0.008284 
 -0.031746 -0.314159 -0.014268 
 -0.047839 -0.303148 -0.020251 
 -0.063932 -0.292137 -0.026235 
 -0.080025 -0.281126 -0.032218 
 -0.100483 -0.269961 -0.010050 
 -0.116618 -0.258921 -0.016049 
 -0.132753 -0.247881 -0.022048 
 -0.148888 -0.236841 -0.028047 
 -0.165023 -0.225801 -0.034046 
 -0.181159 -0.214761 -0.040046 
 -0.197294 -0.203721 -0.046045 
 -0.218089 -0.192325 -0.024003 
 -0.229564 -0.181641 -0.058043 
 -0.250444 -0.170187 -0.036032 
 -0.266621 -0.159119 -0.042047 
 -0.282798 -0.148050 -0.048062 
 -0.298975 -0.136981 -0.054077 
 -0.315153 -0.125912 -0.060092 
 -0.331330 -0.114843 -0.066107 
 -0.350006 -0.103481 -0.058164 
 -0.366205 -0.092397 -0.064186 
 -0.382403 -0.081314 -0.070209 
 -0.408850 -0.068885 -0.020493 
 -0.425133 -0.057744 -0.026548 
 -0.436207 -0.047333 -0.060439 
 -0.452447 -0.036221 -0.066477 
 -0.468688 -0.025109 -0.072516 
 -0.484929 -0.013997 -0.078554 
 0.330828 -0.583869 0.092368 
 0.311481 -0.573528 0.114953 
 0.298727 -0.561904 0.080432 
 0.282676 -0.550922 0.074465 
 0.268337 -0.539662 0.054244 
 0.252307 -0.528694 0.048284 
 0.236277 -0.517726 0.042324 
 0.223798 -0.506289 0.007905 
 0.207810 -0.495350 0.001961 
 0.195457 -0.484000 -0.032411 
 0.175835 -0.473472 -0.009928 
 0.159848 -0.462533 -0.015872 
 0.143860 -0.451594 -0.021817 
 0.127873 -0.440655 -0.027761 
 0.111885 -0.429716 -0.033705 
 0.092010 -0.419015 -0.011316 
 0.075981 -0.408047 -0.017276 
 0.059951 -0.397079 -0.023236 
 0.043922 -0.386111 -0.029196 
 0.025864 -0.375204 -0.021020 
 0.009813 -0.364222 -0.026988 
 -0.010377 -0.353304 -0.004717 
 -0.026470 -0.342293 -0.010701 
 -0.042563 -0.331282 -0.016684 
 -0.058656 -0.320271 -0.022668 
 -0.074749 -0.309260 -0.028651 
 -0.090842 -0.298248 -0.034635 
 -0.111329 -0.287129 -0.012473 
 -0.127464 -0.276089 -0.018472 
 -0.143599 -0.265048 -0.024471 
 -0.159734 -0.254008 -0.030470 
 -0.180431 -0.242744 -0.008387 
 -0.196608 -0.231675 -0.014402 
 -0.212785 -0.220607 -0.020417 
 -0.228963 -0.209538 -0.026432 
 -0.245140 -0.198469 -0.032447 
 -0.261317 -0.187400 -0.038462 
 -0.277495 -0.176331 -0.044477 
 -0.288815 -0.165688 -0.078464 
 -0.309849 -0.154193 -0.056506 
 -0.326027 -0.143124 -0.062521 
 -0.342204 -0.132055 -0.068536 
 -0.360894 -0.120716 -0.060596 
 -0.377093 -0.109632 -0.066619 
 -0.398401 -0.097950 -0.044763 
 -0.419794 -0.086209 -0.022939 
 -0.436077 -0.075068 -0.028993 
 -0.452360 -0.063927 -0.035047 
 -0.463364 -0.053501 -0.068916 
 -0.479604 -0.042389 -0.074955 
 -0.495845 -0.031276 -0.080993 
 0.320039 -0.600946 0.089958 
 0.300664 -0.590651 0.112536 
 0.284571 -0.579640 0.106553 
 0.271887 -0.567999 0.072054 
 0.257562 -0.556717 0.051837 
 0.241533 -0.545749 0.045877 
 0.225503 -0.534781 0.039917 
 0.213051 -0.523300 0.005504 
 0.200684 -0.511876 -0.028877 
 0.184739 -0.500966 -0.034805 
 0.168793 -0.490055 -0.040734 
 0.152848 -0.479145 -0.046663 
 0.133114 -0.468604 -0.024217 
 0.117127 -0.457665 -0.030162 
 0.101139 -0.446726 -0.036106 
 0.081236 -0.436070 -0.013723 
 0.065206 -0.425102 -0.019683 
 0.049177 -0.414134 -0.025643 
 0.033147 -0.403166 -0.031603 
 0.015075 -0.392282 -0.023431 
 -0.005102 -0.381438 -0.001151 
 -0.021195 -0.370427 -0.007134 
 -0.037288 -0.359416 -0.013118 
 -0.053380 -0.348405 -0.019101 
 -0.069473 -0.337393 -0.025085 
 -0.085566 -0.326382 -0.031068 
 -0.106039 -0.315336 -0.008897 
 -0.122174 -0.304296 -0.014896 
 -0.138309 -0.293256 -0.020895 
 -0.154444 -0.282216 -0.026894 
 -0.170579 -0.271176 -0.032893 
 -0.191305 -0.259957 -0.010817 
 -0.207482 -0.248888 -0.016832 
 -0.223659 -0.237819 -0.022847 
 -0.239837 -0.226750 -0.028861 
 -0.256014 -0.215681 -0.034876 
 -0.267390 -0.204935 -0.068888 
 -0.288368 -0.193543 -0.046906 
 -0.304546 -0.182474 -0.052921 
 -0.320723 -0.171405 -0.058936 
 -0.339385 -0.160117 -0.050983 
 -0.353078 -0.149267 -0.070966 
 -0.371782 -0.137950 -0.063029 
 -0.387981 -0.126867 -0.069052 
 -0.409318 -0.115229 -0.047202 
 -0.430739 -0.103534 -0.025384 
 -0.449634 -0.092087 -0.017517 
 -0.463305 -0.081252 -0.037492 
 -0.479587 -0.070111 -0.043546 
 -0.495870 -0.058970 -0.049600 
 -0.506761 -0.048556 -0.083432 
 0.289847 -0.607773 0.110119 
 0.273754 -0.596762 0.104136 
 0.261099 -0.585077 0.069644 
 0.245048 -0.574095 0.063676 
 0.230758 -0.562804 0.043470 
 0.214728 -0.551836 0.037510 
 0.202305 -0.540310 0.003103 
 0.189966 -0.528841 -0.031271 
 0.174021 -0.517931 -0.037200 
 0.158076 -0.507021 -0.043129 
 0.142130 -0.496111 -0.049057 
 0.122368 -0.485615 -0.026618 
 0.106380 -0.474676 -0.032563 
 0.090393 -0.463737 -0.038507 
 0.070461 -0.453125 -0.016130 
 0.054432 -0.442157 -0.022090 
 0.038402 -0.431189 -0.028050 
 0.020337 -0.420342 -0.019874 
 0.004287 -0.409360 -0.025841 
 -0.015919 -0.398561 -0.003567 
 -0.032012 -0.387549 -0.009551 
 -0.048105 -0.376538 -0.015534 
 -0.064198 -0.365527 -0.021518 
 -0.080291 -0.354516 -0.027501 
 -0.096383 -0.343505 -0.033485 
 -0.116884 -0.332503 -0.011320 
 -0.133019 -0.321463 -0.017319 
 -0.149155 -0.310423 -0.023318 
 -0.165290 -0.299383 -0.029317 
 -0.181425 -0.288343 -0.035316 
 -0.202179 -0.277169 -0.013246 
 -0.218356 -0.266100 -0.019261 
 -0.234533 -0.255031 -0.025276 
 -0.250710 -0.243962 -0.031291 
 -0.266888 -0.232893 -0.037306 
 -0.278236 -0.222103 -0.071312 
 -0.299242 -0.210755 -0.049335 
 -0.315420 -0.199687 -0.055350 
 -0.331597 -0.188618 -0.061365 
 -0.350273 -0.177352 -0.053416 
 -0.366472 -0.166268 -0.059439 
 -0.382670 -0.155185 -0.065461 
 -0.403994 -0.143621 -0.043602 
 -0.425401 -0.131999 -0.021775 
 -0.441684 -0.120858 -0.027829 
 -0.460593 -0.109434 -0.019965 
 -0.476896 -0.098278 -0.026027 
 -0.493200 -0.087123 -0.032089 
 -0.506815 -0.076294 -0.052046 
 0.288444 -0.637518 0.170785 
 0.272267 -0.626449 0.164771 
 0.259513 -0.614632 0.130238 
 0.246844 -0.602873 0.095736 
 0.234259 -0.591172 0.061266 
 0.219983 -0.579859 0.041062 
 0.203954 -0.568891 0.035102 
 0.191559 -0.557320 0.000702 
 0.175571 -0.546381 -0.005242 
 0.159584 -0.535442 -0.011186 
 0.147358 -0.523986 -0.045523 
 0.131412 -0.513076 -0.051452 
 0.111622 -0.502625 -0.029019 
 0.095634 -0.491686 -0.034964 
 0.079647 -0.480747 -0.040908 
 0.063659 -0.469808 -0.046852 
 0.043657 -0.459212 -0.024497 
 0.027628 -0.448245 -0.030457 
 0.011598 -0.437277 -0.036417 
 -0.006502 -0.426437 -0.028252 
 -0.022553 -0.415455 -0.034220 
 -0.042829 -0.404672 -0.011968 
 -0.058922 -0.393661 -0.017951 
 -0.075015 -0.382650 -0.023935 
 -0.091108 -0.371638 -0.029918 
 -0.107200 -0.360627 -0.035902 
 -0.127730 -0.349671 -0.013743 
 -0.143865 -0.338631 -0.019742 
 -0.160000 -0.327591 -0.025741 
 -0.176135 -0.316551 -0.031740 
 -0.192270 -0.305511 -0.037739 
 -0.213052 -0.294381 -0.015676 
 -0.231574 -0.283253 -0.007667 
 -0.247773 -0.272170 -0.013690 
 -0.263971 -0.261087 -0.019712 
 -0.280169 -0.250003 -0.025735 
 -0.296368 -0.238920 -0.031758 
 -0.312566 -0.227836 -0.037780 
 -0.328765 -0.216753 -0.043803 
 -0.344963 -0.205670 -0.049826 
 -0.361161 -0.194586 -0.055849 
 -0.382429 -0.183125 -0.033964 
 -0.398669 -0.172013 -0.040003 
 -0.420063 -0.160465 -0.018166 
 -0.436346 -0.149324 -0.024220 
 -0.455248 -0.137936 -0.016352 
 -0.476831 -0.126258 0.005414 
 -0.493177 -0.115074 -0.000664 
 -0.504159 -0.104470 -0.034538 
 0.296791 -0.680500 0.294685 
 0.285434 -0.667997 0.245768 
 0.272518 -0.656006 0.211171 
 0.259688 -0.644072 0.176605 
 0.248668 -0.631800 0.127815 
 0.236027 -0.619996 0.093319 
 0.219934 -0.608985 0.087335 
 0.207420 -0.597268 0.052887 
 0.191369 -0.586285 0.046920 
 0.177150 -0.574979 0.026735 
 0.164825 -0.563392 -0.007643 
 0.148838 -0.552452 -0.013587 
 0.132850 -0.541513 -0.019532 
 0.116863 -0.530574 -0.025476 
 0.100875 -0.519635 -0.031420 
 0.080972 -0.509171 -0.009025 
 0.064942 -0.498203 -0.014985 
 0.048912 -0.487235 -0.020945 
 0.030861 -0.476462 -0.012759 
 0.014811 -0.465480 -0.018726 
 -0.001240 -0.454497 -0.024694 
 -0.017291 -0.443515 -0.030662 
 -0.037553 -0.432806 -0.008401 
 -0.053646 -0.421794 -0.014384 
 -0.069739 -0.410783 -0.020368 
 -0.085832 -0.399772 -0.026351 
 -0.101925 -0.388761 -0.032335 
 -0.118018 -0.377750 -0.038318 
 -0.134111 -0.366738 -0.044302 
 -0.150204 -0.355727 -0.050285 
 -0.170846 -0.344758 -0.028164 
 -0.186981 -0.333718 -0.034163 
 -0.203116 -0.322678 -0.040163 
 -0.219251 -0.311638 -0.046162 
 -0.240103 -0.300525 -0.024120 
 -0.258661 -0.289405 -0.016122 
 -0.274859 -0.278321 -0.022145 
 -0.291057 -0.267238 -0.028168 
 -0.312142 -0.255966 -0.006211 
 -0.328383 -0.244854 -0.012250 
 -0.339653 -0.233988 -0.046236 
 -0.355851 -0.222905 -0.052258 
 -0.377104 -0.211517 -0.030365 
 -0.393345 -0.200405 -0.036403 
 -0.409586 -0.189293 -0.042442 
 -0.431008 -0.177789 -0.020612 
 -0.447291 -0.166648 -0.026666 
 -0.466206 -0.155283 -0.018800 
 -0.482510 -0.144127 -0.024862 
 -0.504164 -0.132466 -0.003118 
 0.289115 -0.696939 0.263662 
 0.274489 -0.685321 0.243323 
 0.261602 -0.673285 0.208732 
 0.250519 -0.660873 0.159912 
 0.237822 -0.648967 0.125392 
 0.221687 -0.637927 0.119392 
 0.209117 -0.626107 0.084919 
 0.196631 -0.614345 0.050477 
 0.180580 -0.603363 0.044509 
 0.166375 -0.592034 0.024328 
 0.154079 -0.580402 -0.010044 
 0.138092 -0.569463 -0.015988 
 0.122104 -0.558524 -0.021933 
 0.106117 -0.547585 -0.027877 
 0.086227 -0.537194 -0.005472 
 0.070197 -0.526227 -0.011432 
 0.054167 -0.515259 -0.017392 
 0.038138 -0.504291 -0.023352 
 0.022108 -0.493323 -0.029312 
 0.006078 -0.482355 -0.035272 
 -0.012029 -0.471575 -0.027105 
 -0.028080 -0.460593 -0.033073 
 -0.048370 -0.449928 -0.010818 
 -0.064463 -0.438917 -0.016801 
 -0.080556 -0.427906 -0.022785 
 -0.096649 -0.416895 -0.028768 
 -0.112742 -0.405883 -0.034752 
 -0.128835 -0.394872 -0.040735 
 -0.144928 -0.383861 -0.046719 
 -0.165556 -0.372966 -0.024588 
 -0.181691 -0.361926 -0.030587 
 -0.197826 -0.350886 -0.036586 
 -0.218623 -0.339875 -0.014520 
 -0.237152 -0.328806 -0.006509 
 -0.253350 -0.317723 -0.012532 
 -0.269549 -0.306639 -0.018555 
 -0.290577 -0.295470 0.003427 
 -0.306818 -0.284358 -0.002612 
 -0.323059 -0.273245 -0.008650 
 -0.339299 -0.262133 -0.014689 
 -0.355540 -0.251021 -0.020727 
 -0.371780 -0.239909 -0.026765 
 -0.388021 -0.228797 -0.032804 
 -0.404261 -0.217684 -0.038842 
 -0.425670 -0.206255 -0.017003 
 -0.441952 -0.195114 -0.023057 
 -0.460862 -0.183785 -0.015187 
 -0.477165 -0.172630 -0.021249 
 -0.493469 -0.161474 -0.027311 
 0.278157 -0.714286 0.261213 
 0.263544 -0.702646 0.240878 
 0.254110 -0.689625 0.177762 
 0.239645 -0.678086 0.157482 
 0.226977 -0.666135 0.122969 
 0.214393 -0.654241 0.088485 
 0.198300 -0.643230 0.082502 
 0.185842 -0.631423 0.048067 
 0.169791 -0.620441 0.042099 
 0.155600 -0.609089 0.021921 
 0.143333 -0.597412 -0.012445 
 0.127345 -0.586473 -0.018389 
 0.107511 -0.576186 0.004041 
 0.095370 -0.564595 -0.030278 
 0.075452 -0.554250 -0.007879 
 0.059422 -0.543282 -0.013839 
 0.043393 -0.532314 -0.019799 
 0.025335 -0.521600 -0.011612 
 0.009284 -0.510617 -0.017580 
 -0.006767 -0.499635 -0.023547 
 -0.022818 -0.488652 -0.029515 
 -0.043094 -0.478062 -0.007251 
 -0.059187 -0.467051 -0.013234 
 -0.079591 -0.456373 0.008984 
 -0.095726 -0.445333 0.002985 
 -0.107466 -0.434017 -0.031185 
 -0.123559 -0.423006 -0.037168 
 -0.139652 -0.411995 -0.043152 
 -0.155745 -0.400984 -0.049135 
 -0.176401 -0.390133 -0.027011 
 -0.192536 -0.379093 -0.033010 
 -0.208672 -0.368053 -0.039010 
 -0.224807 -0.357013 -0.045009 
 -0.245674 -0.346018 -0.022964 
 -0.264238 -0.334957 -0.014965 
 -0.280437 -0.323874 -0.020987 
 -0.296635 -0.312791 -0.027010 
 -0.312833 -0.301707 -0.033033 
 -0.333975 -0.290525 -0.011089 
 -0.350215 -0.279413 -0.017127 
 -0.366456 -0.268301 -0.023166 
 -0.382697 -0.257188 -0.029204 
 -0.398937 -0.246076 -0.035243 
 -0.415178 -0.234964 -0.041281 
 -0.431418 -0.223852 -0.047319 
 -0.452897 -0.212438 -0.025502 
 -0.471820 -0.201132 -0.017635 
 -0.488124 -0.189977 -0.023697 
 -0.504428 -0.178821 -0.029759 
 0.267198 -0.731633 0.258765 
 0.252599 -0.719970 0.238432 
 0.243222 -0.706860 0.175330 
 0.228771 -0.695298 0.155053 
 0.216131 -0.683302 0.120545 
 0.199996 -0.672262 0.114546 
 0.183861 -0.661222 0.108547 
 0.171390 -0.649341 0.074102 
 0.159003 -0.637518 0.039688 
 0.144826 -0.626144 0.019513 
 0.132587 -0.614422 -0.014846 
 0.116599 -0.603483 -0.020790 
 0.096737 -0.593241 0.001633 
 0.080707 -0.582273 -0.004327 
 0.064678 -0.571305 -0.010287 
 0.048648 -0.560337 -0.016247 
 0.032618 -0.549369 -0.022207 
 0.014546 -0.538677 -0.014022 
 -0.001505 -0.527695 -0.019990 
 -0.017556 -0.516713 -0.025958 
 -0.033606 -0.505730 -0.031926 
 -0.053911 -0.495184 -0.009668 
 -0.070004 -0.484173 -0.015651 
 -0.090436 -0.473541 0.006561 
 -0.106571 -0.462501 0.000562 
 -0.122706 -0.451461 -0.005437 
 -0.138841 -0.440421 -0.011437 
 -0.154977 -0.429381 -0.017436 
 -0.166562 -0.418106 -0.051552 
 -0.187247 -0.407300 -0.029434 
 -0.203382 -0.396260 -0.035433 
 -0.219517 -0.385220 -0.041433 
 -0.235652 -0.374180 -0.047432 
 -0.256548 -0.363230 -0.025393 
 -0.272725 -0.352161 -0.031408 
 -0.291325 -0.341109 -0.023420 
 -0.307523 -0.330025 -0.029443 
 -0.323721 -0.318942 -0.035465 
 -0.344891 -0.307805 -0.013528 
 -0.361132 -0.296692 -0.019566 
 -0.377372 -0.285580 -0.025605 
 -0.393613 -0.274468 -0.031643 
 -0.409854 -0.263356 -0.037682 
 -0.426094 -0.252244 -0.043720 
 -0.442335 -0.241131 -0.049758 
 -0.463842 -0.229763 -0.027947 
 -0.480125 -0.218622 -0.034001 
 -0.496407 -0.207481 -0.040055 
 0.241655 -0.737295 0.235987 
 0.232334 -0.724094 0.172897 
 0.217898 -0.712510 0.152623 
 0.201720 -0.701441 0.146609 
 0.189151 -0.689429 0.112123 
 0.173015 -0.678389 0.106124 
 0.160573 -0.666464 0.071685 
 0.144480 -0.655453 0.065701 
 0.132163 -0.643614 0.031310 
 0.118022 -0.632232 0.011146 
 0.101992 -0.621264 0.005186 
 0.085962 -0.610296 -0.000774 
 0.069933 -0.599328 -0.006734 
 0.053903 -0.588360 -0.012694 
 0.037873 -0.577392 -0.018654 
 0.021844 -0.566424 -0.024614 
 0.003757 -0.555755 -0.016433 
 -0.012294 -0.544772 -0.022400 
 -0.028344 -0.533790 -0.028368 
 -0.048636 -0.523318 -0.006101 
 -0.064728 -0.512307 -0.012084 
 -0.080821 -0.501296 -0.018068 
 -0.096914 -0.490285 -0.024051 
 -0.113007 -0.479273 -0.030035 
 -0.129100 -0.468262 -0.036018 
 -0.149687 -0.457588 -0.013860 
 -0.165822 -0.446548 -0.019859 
 -0.181957 -0.435508 -0.025858 
 -0.198092 -0.424468 -0.031857 
 -0.214227 -0.413428 -0.037857 
 -0.230362 -0.402388 -0.043856 
 -0.246497 -0.391348 -0.049855 
 -0.267421 -0.380443 -0.027823 
 -0.283599 -0.369374 -0.033838 
 -0.302213 -0.358344 -0.025852 
 -0.318411 -0.347260 -0.031875 
 -0.334609 -0.336177 -0.037898 
 -0.355808 -0.325084 -0.015967 
 -0.372048 -0.313972 -0.022005 
 -0.388289 -0.302860 -0.028044 
 -0.409655 -0.291652 -0.006176 
 -0.420770 -0.280635 -0.040120 
 -0.437010 -0.269523 -0.046159 
 -0.458504 -0.258229 -0.024338 
 -0.474786 -0.247087 -0.030393 
 -0.491069 -0.235946 -0.036447 
 -0.507352 -0.224805 -0.042501 
 0.217937 -0.742404 0.198977 
 0.205248 -0.730246 0.164442 
 0.190846 -0.718654 0.144179 
 0.174669 -0.707585 0.138164 
 0.162170 -0.695557 0.103701 
 0.146035 -0.684517 0.097702 
 0.133663 -0.672575 0.063285 
 0.121374 -0.660691 0.028900 
 0.105324 -0.649709 0.022932 
 0.089273 -0.638726 0.016964 
 0.073222 -0.627744 0.010996 
 0.057171 -0.616762 0.005028 
 0.041121 -0.605780 -0.000939 
 0.025070 -0.594797 -0.006907 
 0.009019 -0.583815 -0.012875 
 -0.011174 -0.573474 0.009433 
 -0.027267 -0.562463 0.003449 
 -0.043360 -0.551452 -0.002534 
 -0.059453 -0.540441 -0.008518 
 -0.075546 -0.529429 -0.014501 
 -0.091639 -0.518418 -0.020485 
 -0.112127 -0.507876 0.001715 
 -0.123824 -0.496396 -0.032452 
 -0.139917 -0.485385 -0.038435 
 -0.160532 -0.474755 -0.016283 
 -0.176667 -0.463715 -0.022282 
 -0.188196 -0.452351 -0.056386 
 -0.208938 -0.441635 -0.034280 
 -0.225073 -0.430595 -0.040280 
 -0.241208 -0.419555 -0.046279 
 -0.257343 -0.408515 -0.052278 
 -0.278295 -0.397655 -0.030252 
 -0.294472 -0.386586 -0.036267 
 -0.313100 -0.375578 -0.028285 
 -0.329299 -0.364495 -0.034308 
 -0.350483 -0.353476 -0.012367 
 -0.366724 -0.342364 -0.018406 
 -0.382964 -0.331252 -0.024444 
 -0.404317 -0.320117 -0.002567 
 -0.420600 -0.308976 -0.008621 
 -0.436883 -0.297835 -0.014676 
 -0.453166 -0.286694 -0.020730 
 -0.469448 -0.275553 -0.026784 
 -0.472423 -0.264828 -0.102431 
 -0.488600 -0.253759 -0.108446 
 0.194360 -0.747480 0.162009 
 0.178162 -0.736397 0.155987 
 0.163795 -0.724797 0.135735 
 0.147618 -0.713728 0.129720 
 0.135189 -0.701684 0.095279 
 0.119054 -0.690644 0.089279 
 0.106753 -0.678686 0.054884 
 0.094535 -0.666786 0.020521 
 0.078484 -0.655804 0.014554 
 0.062433 -0.644822 0.008586 
 0.046383 -0.633839 0.002618 
 0.026288 -0.623630 0.024967 
 0.010195 -0.612619 0.018983 
 -0.005898 -0.601608 0.013000 
 -0.021991 -0.590597 0.007016 
 -0.038084 -0.579585 0.001033 
 -0.054177 -0.568574 -0.004951 
 -0.070270 -0.557563 -0.010934 
 -0.086363 -0.546552 -0.016918 
 -0.102456 -0.535541 -0.022901 
 -0.122972 -0.525043 -0.000708 
 -0.139107 -0.514003 -0.006708 
 -0.155243 -0.502963 -0.012707 
 -0.171378 -0.491923 -0.018706 
 -0.187513 -0.480883 -0.024705 
 -0.199013 -0.469474 -0.058802 
 -0.219783 -0.458803 -0.036703 
 -0.235918 -0.447763 -0.042703 
 -0.256814 -0.437005 -0.020652 
 -0.272992 -0.425936 -0.026667 
 -0.289169 -0.414867 -0.032682 
 -0.307790 -0.403896 -0.024695 
 -0.323988 -0.392813 -0.030718 
 -0.340187 -0.381730 -0.036740 
 -0.361400 -0.370756 -0.014806 
 -0.377640 -0.359643 -0.020845 
 -0.393881 -0.348531 -0.026883 
 -0.415262 -0.337442 -0.005013 
 -0.431545 -0.326301 -0.011067 
 -0.447828 -0.315160 -0.017121 
 -0.458843 -0.304082 -0.051037 
 -0.475084 -0.292970 -0.057075 
 -0.491324 -0.281858 -0.063114 
 -0.499474 -0.270971 -0.110875 
 0.151075 -0.742548 0.147531 
 0.136744 -0.730940 0.127291 
 0.120567 -0.719872 0.121276 
 0.104390 -0.708803 0.115261 
 0.088212 -0.697734 0.109246 
 0.079843 -0.684798 0.046484 
 0.063750 -0.673786 0.040500 
 0.047657 -0.662775 0.034517 
 0.031564 -0.651764 0.028534 
 0.015471 -0.640753 0.022550 
 -0.000622 -0.629742 0.016566 
 -0.016715 -0.618730 0.010583 
 -0.037007 -0.608451 0.032864 
 -0.053142 -0.597411 0.026864 
 -0.064994 -0.585697 -0.007368 
 -0.081087 -0.574686 -0.013351 
 -0.101548 -0.564291 0.008867 
 -0.117683 -0.553250 0.002868 
 -0.133818 -0.542210 -0.003131 
 -0.149953 -0.531170 -0.009131 
 -0.166088 -0.520130 -0.015130 
 -0.182223 -0.509090 -0.021129 
 -0.198358 -0.498050 -0.027128 
 -0.214493 -0.487010 -0.033127 
 -0.230629 -0.475970 -0.039127 
 -0.246764 -0.464930 -0.045126 
 -0.267688 -0.454217 -0.023081 
 -0.283866 -0.443148 -0.029096 
 -0.302480 -0.432214 -0.021105 
 -0.318678 -0.421131 -0.027128 
 -0.334876 -0.410048 -0.033150 
 -0.356075 -0.399148 -0.011207 
 -0.372316 -0.388035 -0.017245 
 -0.388557 -0.376923 -0.023284 
 -0.409924 -0.365907 -0.001404 
 -0.426207 -0.354766 -0.007458 
 -0.442489 -0.343625 -0.013512 
 -0.458772 -0.332484 -0.019566 
 -0.469759 -0.321362 -0.053476 
 -0.486000 -0.310250 -0.059514 
 -0.502241 -0.299138 -0.065552 
 0.123989 -0.748700 0.139076 
 0.109693 -0.737084 0.118846 
 0.093516 -0.726015 0.112831 
 0.081228 -0.713939 0.078434 
 0.065093 -0.702899 0.072435 
 0.052932 -0.690909 0.038084 
 0.032823 -0.680818 0.060437 
 0.016688 -0.669778 0.054437 
 0.000553 -0.658738 0.048438 
 -0.015582 -0.647698 0.042439 
 -0.031718 -0.636658 0.036440 
 -0.047853 -0.625618 0.030441 
 -0.063988 -0.614578 0.024441 
 -0.080123 -0.603538 0.018442 
 -0.096258 -0.592498 0.012443 
 -0.112393 -0.581458 0.006444 
 -0.128528 -0.570418 0.000445 
 -0.149144 -0.559981 0.022608 
 -0.165321 -0.548912 0.016593 
 -0.181498 -0.537843 0.010578 
 -0.197675 -0.526774 0.004564 
 -0.209204 -0.515218 -0.029551 
 -0.225339 -0.504178 -0.035550 
 -0.241474 -0.493137 -0.041550 
 -0.262385 -0.482499 -0.019496 
 -0.278562 -0.471430 -0.025511 
 -0.294739 -0.460361 -0.031526 
 -0.313368 -0.449449 -0.023537 
 -0.329566 -0.438366 -0.029560 
 -0.350751 -0.427539 -0.007607 
 -0.366992 -0.416427 -0.013646 
 -0.388303 -0.405514 0.008259 
 -0.404586 -0.394373 0.002205 
 -0.420869 -0.383232 -0.003849 
 -0.439750 -0.372147 0.004046 
 -0.456054 -0.360992 -0.002016 
 -0.469717 -0.349809 -0.022011 
 -0.486000 -0.338668 -0.028065 
 -0.496916 -0.327529 -0.061953 
 0.098819 -0.754296 0.116417 
 0.082642 -0.743227 0.110402 
 0.070383 -0.731106 0.076011 
 0.054248 -0.720066 0.070012 
 0.038113 -0.709026 0.064013 
 0.021977 -0.697986 0.058013 
 0.005842 -0.686946 0.052014 
 -0.014422 -0.676814 0.074313 
 -0.026428 -0.664866 0.040016 
 -0.046776 -0.654676 0.062283 
 -0.062954 -0.643607 0.056268 
 -0.079131 -0.632538 0.050253 
 -0.095308 -0.621469 0.044238 
 -0.111485 -0.610400 0.038224 
 -0.127663 -0.599331 0.032209 
 -0.143840 -0.588262 0.026194 
 -0.160017 -0.577193 0.020179 
 -0.176195 -0.566124 0.014164 
 -0.192372 -0.555055 0.008149 
 -0.210867 -0.544267 0.016189 
 -0.224727 -0.532918 -0.003881 
 -0.240904 -0.521849 -0.009895 
 -0.257081 -0.510780 -0.015910 
 -0.273258 -0.499711 -0.021925 
 -0.291859 -0.488851 -0.013925 
 -0.308057 -0.477767 -0.019947 
 -0.329186 -0.467043 0.002030 
 -0.350400 -0.456262 0.023976 
 -0.366682 -0.445121 0.017922 
 -0.385494 -0.434116 0.025845 
 -0.401798 -0.422961 0.019783 
 -0.423243 -0.412020 0.041643 
 -0.439589 -0.400836 0.035565 
 -0.461161 -0.389809 0.057377 
 -0.472281 -0.378467 0.023410 
 -0.488627 -0.367283 0.017332 
 -0.496944 -0.355992 -0.030511 
 0.055591 -0.749371 0.101958 
 0.043402 -0.737233 0.067589 
 0.027267 -0.726193 0.061590 
 0.011132 -0.715153 0.055590 
 -0.005003 -0.704113 0.049591 
 -0.025296 -0.694026 0.071883 
 -0.041473 -0.682957 0.065868 
 -0.057650 -0.671888 0.059854 
 -0.075969 -0.661252 0.067961 
 -0.092168 -0.650169 0.061938 
 -0.108366 -0.639086 0.055915 
 -0.122359 -0.627612 0.035794 
 -0.140763 -0.616919 0.043870 
 -0.156961 -0.605836 0.037847 
 -0.173160 -0.594752 0.031825 
 -0.189358 -0.583669 0.025802 
 -0.210178 -0.573221 0.047899 
 -0.221755 -0.561502 0.013756 
 -0.237953 -0.550419 0.007734 
 -0.254152 -0.539335 0.001711 
 -0.270350 -0.528252 -0.004312 
 -0.291381 -0.517660 0.017707 
 -0.307622 -0.506547 0.011668 
 -0.323862 -0.495435 0.005630 
 -0.347541 -0.484929 0.041582 
 -0.368846 -0.474149 0.063498 
 -0.380149 -0.462618 0.029459 
 -0.401538 -0.451781 0.051343 
 -0.417884 -0.440596 0.045265 
 -0.439400 -0.429672 0.067103 
 -0.455788 -0.418459 0.061009 
 -0.477431 -0.407448 0.082800 
 -0.493861 -0.396206 0.076691 
 -0.499614 -0.384675 0.014877 
 0.028540 -0.755514 0.093513 
 0.012362 -0.744445 0.087498 
 0.000287 -0.732321 0.053167 
 -0.019992 -0.722307 0.075469 
 -0.036169 -0.711238 0.069454 
 -0.052347 -0.700169 0.063439 
 -0.068524 -0.689100 0.057424 
 -0.086857 -0.678487 0.065528 
 -0.103056 -0.667404 0.059506 
 -0.119254 -0.656320 0.053483 
 -0.135453 -0.645237 0.047460 
 -0.151651 -0.634154 0.041437 
 -0.172373 -0.623837 0.063575 
 -0.188613 -0.612725 0.057537 
 -0.204854 -0.601613 0.051498 
 -0.221095 -0.590500 0.045460 
 -0.237335 -0.579388 0.039421 
 -0.253576 -0.568276 0.033383 
 -0.269816 -0.557164 0.027345 
 -0.286057 -0.546051 0.021306 
 -0.307158 -0.535475 0.043302 
 -0.323441 -0.524334 0.037248 
 -0.342196 -0.513432 0.045196 
 -0.363487 -0.502726 0.067121 
 -0.384863 -0.491962 0.089015 
 -0.396179 -0.480357 0.054966 
 -0.417639 -0.469535 0.076828 
 -0.434027 -0.458322 0.070735 
 -0.450416 -0.447109 0.064642 
 -0.466804 -0.435895 0.058548 
 -0.488475 -0.424929 0.080333 
 -0.504905 -0.413687 0.074224 
 -0.014688 -0.750588 0.079054 
 -0.030866 -0.739519 0.073039 
 -0.047043 -0.728451 0.067024 
 -0.063221 -0.717382 0.061010 
 -0.081547 -0.706805 0.069118 
 -0.097745 -0.695722 0.063096 
 -0.113944 -0.684638 0.057073 
 -0.130142 -0.673555 0.051050 
 -0.150808 -0.663341 0.073213 
 -0.167049 -0.652229 0.067174 
 -0.183289 -0.641117 0.061136 
 -0.199530 -0.630004 0.055098 
 -0.215770 -0.618892 0.049059 
 -0.236689 -0.608505 0.071127 
 -0.248251 -0.596668 0.036983 
 -0.264492 -0.585556 0.030944 
 -0.285537 -0.575082 0.052965 
 -0.301820 -0.563941 0.046911 
 -0.318103 -0.552800 0.040857 
 -0.336851 -0.541934 0.048809 
 -0.358129 -0.531302 0.070744 
 -0.379490 -0.520612 0.092647 
 -0.395878 -0.509398 0.086554 
 -0.412267 -0.498185 0.080460 
 -0.428655 -0.486972 0.074367 
 -0.445043 -0.475759 0.068274 
 -0.461431 -0.464545 0.062180 
 -0.477820 -0.453332 0.056087 
 -0.043840 -0.757290 0.084754 
 -0.057917 -0.745663 0.064595 
 -0.074094 -0.734594 0.058580 
 -0.092435 -0.724040 0.066686 
 -0.113003 -0.713957 0.088889 
 -0.124832 -0.701873 0.054640 
 -0.145484 -0.691733 0.076812 
 -0.161724 -0.680621 0.070774 
 -0.177965 -0.669508 0.064736 
 -0.194206 -0.658396 0.058697 
 -0.210446 -0.647284 0.052659 
 -0.231351 -0.636971 0.074736 
 -0.247634 -0.625829 0.068682 
 -0.263916 -0.614688 0.062628 
 -0.280199 -0.603547 0.056574 
 -0.298899 -0.592748 0.064547 
 -0.315203 -0.581592 0.058485 
 -0.331506 -0.570437 0.052423 
 -0.352770 -0.559878 0.074367 
 -0.369116 -0.548694 0.068289 
 -0.390506 -0.538048 0.090186 
 -0.406894 -0.526835 0.084093 
 -0.423282 -0.515622 0.077999 
 -0.444841 -0.504861 0.099834 
 -0.461272 -0.493619 0.093725 
 -0.477702 -0.482377 0.087616 
 -0.494132 -0.471135 0.081507 
 -0.091438 -0.753461 0.098527 
 -0.107678 -0.742349 0.092489 
 -0.123919 -0.731237 0.086450 
 -0.140160 -0.720125 0.080412 
 -0.156400 -0.709012 0.074373 
 -0.172641 -0.697900 0.068335 
 -0.188881 -0.686788 0.062297 
 -0.209730 -0.676577 0.084399 
 -0.226013 -0.665436 0.078345 
 -0.242296 -0.654295 0.072291 
 -0.260946 -0.643561 0.080284 
 -0.274861 -0.632013 0.060182 
 -0.293554 -0.621250 0.068160 
 -0.314719 -0.610823 0.090145 
 -0.331065 -0.599639 0.084067 
 -0.347411 -0.588454 0.077990 
 -0.368745 -0.577911 0.099911 
 -0.385133 -0.566698 0.093818 
 -0.406594 -0.556069 0.115694 
 -0.423024 -0.544827 0.109585 
 -0.439455 -0.533585 0.103476 
 -0.458485 -0.522591 0.111327 
 -0.474936 -0.511335 0.105210 
 -0.491388 -0.500078 0.099093 
 -0.505176 -0.488616 0.079040 
 -0.139261 -0.749607 0.112224 
 -0.151076 -0.737404 0.077973 
 -0.171827 -0.727325 0.100116 
 -0.183557 -0.715180 0.065896 
 -0.199798 -0.704068 0.059858 
 -0.220675 -0.693902 0.081953 
 -0.236958 -0.682761 0.075899 
 -0.255601 -0.672064 0.083898 
 -0.271905 -0.660908 0.077836 
 -0.288209 -0.649753 0.071774 
 -0.309360 -0.639399 0.093768 
 -0.330596 -0.628988 0.115730 
 -0.346984 -0.617775 0.109637 
 -0.363372 -0.606561 0.103544 
 -0.379761 -0.595348 0.097450 
 -0.401208 -0.584793 0.119335 
 -0.417638 -0.573551 0.113226 
 -0.436640 -0.562608 0.121090 
 -0.453091 -0.551352 0.114973 
 -0.469543 -0.540095 0.108857 
 -0.485994 -0.528839 0.102740 
 -0.502446 -0.517582 0.096623 
 -0.185041 -0.745188 0.111759 
 -0.199054 -0.733508 0.091616 
 -0.215337 -0.722367 0.085562 
 -0.231619 -0.711226 0.079508 
 -0.250256 -0.700566 0.087511 
 -0.266560 -0.689411 0.081449 
 -0.287655 -0.679160 0.103468 
 -0.299168 -0.667100 0.069325 
 -0.320347 -0.656791 0.091313 
 -0.341612 -0.646425 0.113269 
 -0.358000 -0.635211 0.107176 
 -0.374388 -0.623998 0.101082 
 -0.395821 -0.613516 0.122977 
 -0.412251 -0.602274 0.116868 
 -0.436376 -0.592042 0.152692 
 -0.452869 -0.580757 0.146560 
 -0.469363 -0.569472 0.140427 
 -0.480601 -0.557599 0.106386 
 -0.228607 -0.740224 0.097186 
 -0.249605 -0.730105 0.119246 
 -0.270686 -0.719927 0.141274 
 -0.287074 -0.708714 0.135181 
 -0.303462 -0.697501 0.129088 
 -0.319851 -0.686288 0.122995 
 -0.341143 -0.675966 0.144945 
 -0.357574 -0.664724 0.138836 
 -0.374004 -0.653482 0.132727 
 -0.390435 -0.642240 0.126618 
 -0.406865 -0.630998 0.120509 
 -0.423295 -0.619756 0.114400 
 -0.447462 -0.609591 0.150216 
 -0.463956 -0.598306 0.144083 
 -0.480449 -0.587021 0.137951 
 -0.302896 -0.727174 0.160805 
 -0.319326 -0.715932 0.154696 
 -0.335757 -0.704690 0.148587 
 -0.352187 -0.693448 0.142478 
 -0.368618 -0.682206 0.136369 
 -0.385048 -0.670964 0.130260 
 -0.401478 -0.659722 0.124151 
 -0.417909 -0.648479 0.118042 
 -0.434339 -0.637237 0.111933 
 -0.346801 -0.722172 0.146119 
 -0.363231 -0.710929 0.140010 
 -0.379662 -0.699687 0.133901 
 -0.396092 -0.688445 0.127792 
 -0.412522 -0.677203 0.121683 
 -0.428953 -0.665961 0.115574 
 -0.376770 -0.728924 0.151555 
 -0.393221 -0.717668 0.145438 
 -0.407136 -0.705927 0.125325 
 