0.095828593 -0.17159998 0.78000003
0.094342873 -0.17159998 0.78000003
0.093095258 -0.17203999 0.78200006
0.091254301 -0.17138 0.77900004
0.089770496 -0.17138 0.77900004
0.088286683 -0.17138 0.77900004
0.086802877 -0.17138 0.77900004
0.095705733 -0.1728638 0.77900004
0.093980022 -0.17242 0.77700001
0.092500016 -0.17242 0.77700001
0.091254301 -0.1728638 0.77900004
0.089770496 -0.1728638 0.77900004
0.088060021 -0.17242 0.77700001
0.086357161 -0.17197618 0.77500004
0.08488097 -0.17197619 0.77500004
0.097189546 -0.17434761 0.77900004
0.09546002 -0.17389999 0.77700001
0.093980022 -0.17389999 0.77700001
0.092500016 -0.17389999 0.77700001
0.091254301 -0.17434761 0.77900004
0.089770496 -0.17434761 0.77900004
0.088060021 -0.17389999 0.77700001
0.086580016 -0.17389999 0.77700001
0.08488097 -0.17345239 0.77500004
0.083620019 -0.17390001 0.77700001
0.082140021 -0.17390001 0.77700001
0.080660015 -0.17390001 0.77700001
0.097189546 -0.17583142 0.77900004
0.09546002 -0.17537999 0.77700001
0.093980022 -0.17537999 0.77700001
0.092500016 -0.17537999 0.77700001
0.091254301 -0.17583142 0.77900004
0.08954002 -0.17537999 0.77700001
0.088060021 -0.17537999 0.77700001
0.086802877 -0.17583142 0.77900004
0.085100017 -0.17538001 0.77700001
0.083620019 -0.17538001 0.77700001
0.082140021 -0.17538001 0.77700001
0.080660015 -0.17538001 0.77700001
0.096940018 -0.17685999 0.77700001
0.09546002 -0.17685999 0.77700001
0.093980022 -0.17685999 0.77700001
0.092500016 -0.17685999 0.77700001
0.091254301 -0.17731524 0.77900004
0.08954002 -0.17685999 0.77700001
0.088060021 -0.17685999 0.77700001
0.086580016 -0.17685999 0.77700001
0.085319065 -0.17731524 0.77900004
0.083620019 -0.17686 0.77700001
0.082140021 -0.17686 0.77700001
0.096940018 -0.17833999 0.77700001
0.09546002 -0.17833999 0.77700001
0.093738116 -0.17788094 0.77500004
0.092500016 -0.17833999 0.77700001
0.091020018 -0.17833999 0.77700001
0.08954002 -0.17833999 0.77700001
0.088060021 -0.17833999 0.77700001
0.086802877 -0.17879903 0.77900004
0.085319065 -0.17879903 0.77900004
0.083835259 -0.17879905 0.77900004
0.082351446 -0.17879905 0.77900004
0.096940018 -0.17981999 0.77700001
0.095214307 -0.17935714 0.77500004
0.093738116 -0.17935714 0.77500004
0.092500016 -0.17981999 0.77700001
0.091020018 -0.17981999 0.77700001
0.08954002 -0.17981999 0.77700001
0.088060021 -0.17981999 0.77700001
0.086580016 -0.17981999 0.77700001
0.085319065 -0.18028285 0.77900004
0.083835259 -0.18028286 0.77900004
0.082351446 -0.18028286 0.77900004
0.080867633 -0.18028286 0.77900004
0.079383828 -0.18028286 0.77900004
0.096690498 -0.18083332 0.77500004
0.095214307 -0.18083332 0.77500004
0.093738116 -0.18083332 0.77500004
0.092500016 -0.18129998 0.77700001
0.091020018 -0.18129998 0.77700001
0.08954002 -0.18129998 0.77700001
0.088060021 -0.18129998 0.77700001
0.086580016 -0.18129998 0.77700001
0.085319065 -0.18176666 0.77900004
0.083835259 -0.18176667 0.77900004
0.082140021 -0.1813 0.77700001
0.080660015 -0.1813 0.77700001
0.079180017 -0.1813 0.77700001
0.096690498 -0.18230951 0.77500004
0.095214307 -0.18230951 0.77500004
0.093738116 -0.18230951 0.77500004
0.092261925 -0.18230951 0.77500004
0.091020018 -0.18278 0.77700001
0.08954002 -0.18278 0.77700001
0.088060021 -0.18278 0.77700001
0.086580016 -0.18278 0.77700001
0.085100017 -0.18278001 0.77700001
0.083620019 -0.18278001 0.77700001
0.082140021 -0.18278001 0.77700001
0.080660015 -0.18278001 0.77700001
0.079180017 -0.18278001 0.77700001
0.096440971 -0.18331142 0.77300006
0.095214307 -0.18378571 0.77500004
0.093738116 -0.18378571 0.77500004
0.092261925 -0.18378571 0.77500004
0.091020018 -0.18426 0.77700001
0.08954002 -0.18426 0.77700001
0.088060021 -0.18426 0.77700001
0.086580016 -0.18426 0.77700001
0.085100017 -0.18426001 0.77700001
0.083620019 -0.18426001 0.77700001
0.082140021 -0.18426001 0.77700001
0.080452397 -0.18378572 0.77500004
0.078976206 -0.18378572 0.77500004
0.096440971 -0.1847838 0.77300006
0.095214307 -0.18526189 0.77500004
0.093496211 -0.1847838 0.77300006
0.092023827 -0.1847838 0.77300006
0.091020018 -0.18573999 0.77700001
0.089309543 -0.18526189 0.77500004
0.087833352 -0.18526189 0.77500004
0.086580016 -0.18573999 0.77700001
0.085100017 -0.18574001 0.77700001
0.083620019 -0.18574001 0.77700001
0.082140021 -0.18574001 0.77700001
0.080452397 -0.18526191 0.77500004
0.078976206 -0.18526191 0.77500004
0.094845735 -0.18601523 0.77200001
0.093496211 -0.18625619 0.77300006
0.092500016 -0.18721999 0.77700001
0.091020018 -0.18721999 0.77700001
0.089309543 -0.18673809 0.77500004
0.088060021 -0.18721999 0.77700001
0.086580016 -0.18721999 0.77700001
0.085100017 -0.18722001 0.77700001
0.083620019 -0.18722001 0.77700001
0.082140021 -0.18722001 0.77700001
0.080452397 -0.1867381 0.77500004
0.078976206 -0.1867381 0.77500004
0.094845735 -0.18748571 0.77200001
0.093496211 -0.18772857 0.77300006
0.092738114 -0.18918571 0.77900004
0.091020018 -0.18869999 0.77700001
0.08954002 -0.18869999 0.77700001
0.088060021 -0.18869999 0.77700001
0.086580016 -0.18869999 0.77700001
0.085100017 -0.18870001 0.77700001
0.083620019 -0.18870001 0.77700001
0.082140021 -0.18870001 0.77700001
0.080660015 -0.18870001 0.77700001
0.07968954 -0.18991429 0.78200006
0.07820002 -0.18991429 0.78200006
0.093095258 -0.19140381 0.78200006
0.091254301 -0.19066952 0.77900004
0.089770496 -0.19066952 0.77900004
0.088060021 -0.19017999 0.77700001
0.086802877 -0.19066952 0.77900004
0.085100017 -0.19018 0.77700001
0.083835259 -0.19066954 0.77900004
0.082351446 -0.19066954 0.77900004
0.08097145 -0.19091429 0.78000003
0.07968954 -0.19140382 0.78200006
0.07820002 -0.19140382 0.78200006
0.076710492 -0.19140382 0.78200006
0.09285716 -0.19239999 0.78000003
0.091371447 -0.19239999 0.78000003
0.089770496 -0.19215332 0.77900004
0.088286683 -0.19215332 0.77900004
0.086914301 -0.19239999 0.78000003
0.085319065 -0.19215332 0.77900004
0.083835259 -0.19215333 0.77900004
0.082457162 -0.19240001 0.78000003
0.081179067 -0.19289334 0.78200006
0.079893351 -0.19338667 0.78400004
0.078400016 -0.19338667 0.78400004
0.076906681 -0.19338667 0.78400004
0.075413354 -0.19338667 0.78400004
0.096934304 -0.19612285 0.78900003
0.095431447 -0.19612285 0.78900003
0.093095258 -0.19438285 0.78200006
0.091371447 -0.19388571 0.78000003
0.089885734 -0.19388571 0.78000003
0.088400021 -0.19388571 0.78000003
0.086914301 -0.19388571 0.78000003
0.085319065 -0.19363713 0.77900004
0.083942875 -0.19388573 0.78000003
0.082457162 -0.19388573 0.78000003
0.081179067 -0.19438286 0.78200006
0.07968954 -0.19438286 0.78200006
0.078400016 -0.19488001 0.78400004
0.076906681 -0.19488001 0.78400004
0.075413354 -0.19488001 0.78400004
0.073920019 -0.19488001 0.78400004
0.096934304 -0.19762571 0.78900003
0.094826683 -0.19637333 0.78400004
0.093095258 -0.19587237 0.78200006
0.09160573 -0.19587237 0.78200006
0.09011621 -0.19587237 0.78200006
0.088400021 -0.19537142 0.78000003
0.086914301 -0.19537142 0.78000003
0.085428588 -0.19537142 0.78000003
0.083942875 -0.19537143 0.78000003
0.082668588 -0.19587238 0.78200006
0.081179067 -0.19587238 0.78200006
0.07968954 -0.19587238 0.78200006
0.078400016 -0.19637334 0.78400004
0.076906681 -0.19637334 0.78400004
0.075413354 -0.19637334 0.78400004
0.073920019 -0.19637334 0.78400004
0.0983124 -0.19887619 0.78800005
0.096934304 -0.19912857 0.78900003
0.095310494 -0.19887619 0.78800005
0.093333349 -0.19786666 0.78400004
0.09160573 -0.1973619 0.78200006
0.09011621 -0.1973619 0.78200006
0.088626683 -0.1973619 0.78200006
0.087137163 -0.1973619 0.78200006
0.085647635 -0.1973619 0.78200006
0.084158115 -0.19736192 0.78200006
0.082668588 -0.19736192 0.78200006
0.081179067 -0.19736192 0.78200006
0.07968954 -0.19736192 0.78200006
0.07820002 -0.19736192 0.78200006
0.076906681 -0.19786668 0.78400004
0.075413354 -0.19786668 0.78400004
0.099940017 -0.20063142 0.78900003
0.09843716 -0.20063142 0.78900003
0.096934304 -0.20063142 0.78900003
0.095310494 -0.20037714 0.78800005
0.093333349 -0.19936 0.78400004
0.09160573 -0.19885142 0.78200006
0.09011621 -0.19885142 0.78200006
0.088626683 -0.19885142 0.78200006
0.087137163 -0.19885142 0.78200006
0.085647635 -0.19885142 0.78200006
0.084158115 -0.19885144 0.78200006
0.08288002 -0.19936001 0.78400004
0.081179067 -0.19885144 0.78200006
0.07968954 -0.19885144 0.78200006
0.07820002 -0.19885144 0.78200006
0.10144287 -0.20213428 0.78900003
0.099940017 -0.20213428 0.78900003
0.0983124 -0.20187809 0.78800005
0.096934304 -0.20213428 0.78900003
0.094826683 -0.20085333 0.78400004
0.093333349 -0.20085333 0.78400004
0.09160573 -0.20034094 0.78200006
0.09011621 -0.20034094 0.78200006
0.088626683 -0.20034094 0.78200006
0.087137163 -0.20034094 0.78200006
0.085647635 -0.20034094 0.78200006
0.084158115 -0.20034096 0.78200006
0.082668588 -0.20034096 0.78200006
0.08097145 -0.19982858 0.78000003
0.079485729 -0.19982858 0.78000003
0.07820002 -0.20034096 0.78200006
0.10144287 -0.20363714 0.78900003
0.099940017 -0.20363714 0.78900003
0.09843716 -0.20363714 0.78900003
0.096934304 -0.20363714 0.78900003
0.094826683 -0.20234665 0.78400004
0.093333349 -0.20234665 0.78400004
0.091840021 -0.20234665 0.78400004
0.09011621 -0.20183046 0.78200006
0.088626683 -0.20183046 0.78200006
0.087137163 -0.20183046 0.78200006
0.085647635 -0.20183046 0.78200006
0.084158115 -0.20183048 0.78200006
0.082668588 -0.20183048 0.78200006
0.080867633 -0.2010562 0.77900004
0.079383828 -0.2010562 0.77900004
0.10144287 -0.20513999 0.78900003
0.099940017 -0.20513999 0.78900003
0.09843716 -0.20513999 0.78900003
0.096565731 -0.20435999 0.78600001
0.095068589 -0.20435999 0.78600001
0.093571447 -0.20435999 0.78600001
0.091840021 -0.20383999 0.78400004
0.09011621 -0.20332 0.78200006
0.088626683 -0.20332 0.78200006
0.087137163 -0.20332 0.78200006
0.085647635 -0.20332 0.78200006
0.084158115 -0.20332001 0.78200006
0.082668588 -0.20332001 0.78200006
0.080867633 -0.20254001 0.77900004
0.079383828 -0.20254001 0.77900004
0.099940017 -0.20664285 0.78900003
0.0983124 -0.20638095 0.78800005
0.096565731 -0.20585714 0.78600001
0.095068589 -0.20585714 0.78600001
0.093571447 -0.20585714 0.78600001
0.091840021 -0.20533332 0.78400004
0.090346687 -0.20533332 0.78400004
0.088853352 -0.20533332 0.78400004
0.087137163 -0.20480952 0.78200006
0.085866682 -0.20533332 0.78400004
0.084158115 -0.20480953 0.78200006
0.082668588 -0.20480953 0.78200006
0.081179067 -0.20480953 0.78200006
0.079383828 -0.20402382 0.77900004
0.09843716 -0.20814571 0.78900003
0.096811444 -0.2078819 0.78800005
0.095068589 -0.20735428 0.78600001
0.093571447 -0.20735428 0.78600001
0.091840021 -0.20682666 0.78400004
0.090346687 -0.20682666 0.78400004
0.088853352 -0.20682666 0.78400004
0.087360017 -0.20682666 0.78400004
0.085866682 -0.20682666 0.78400004
0.084373355 -0.20682667 0.78400004
0.08288002 -0.20682667 0.78400004
0.081386685 -0.20682667 0.78400004
0.099940017 -0.20964856 0.78900003
0.09843716 -0.20964856 0.78900003
0.096811444 -0.20938285 0.78800005
0.095310494 -0.20938285 0.78800005
0.093571447 -0.20885143 0.78600001
0.092074305 -0.20885143 0.78600001
0.090577163 -0.20885143 0.78600001
0.089080021 -0.20885143 0.78600001
0.087360017 -0.20831999 0.78400004
0.086085729 -0.20885143 0.78600001
0.084588587 -0.20885144 0.78600001
0.08288002 -0.20832001 0.78400004
0.081179067 -0.20778857 0.78200006
0.07968954 -0.20778857 0.78200006
0.099940017 -0.21115142 0.78900003
0.098686688 -0.21168666 0.79100001
0.096934304 -0.21115142 0.78900003
0.095431447 -0.21115142 0.78900003
0.09392859 -0.21115142 0.78900003
0.092074305 -0.21034856 0.78600001
0.090577163 -0.21034856 0.78600001
0.089080021 -0.21034856 0.78600001
0.087582879 -0.21034856 0.78600001
0.086304776 -0.2108838 0.78800005
0.084588587 -0.21034858 0.78600001
0.08288002 -0.20981334 0.78400004
0.081386685 -0.20981334 0.78400004
0.079893351 -0.20981334 0.78400004
0.078400016 -0.20981334 0.78400004
0.098686695 -0.21319333 0.79100001
0.096934304 -0.21265428 0.78900003
0.095431447 -0.21265428 0.78900003
0.09392859 -0.21265428 0.78900003
0.092308588 -0.21238476 0.78800005
0.090807639 -0.21238476 0.78800005
0.089306682 -0.21238476 0.78800005
0.087805733 -0.21238476 0.78800005
0.086414307 -0.21265428 0.78900003
0.084803827 -0.21238478 0.78800005
0.083302878 -0.21238478 0.78800005
0.081801921 -0.21238478 0.78800005
0.080097161 -0.21184573 0.78600001
0.078600019 -0.21184573 0.78600001
0.098686695 -0.2147 0.79100001
0.096934311 -0.21415713 0.78900003
0.095431454 -0.21415713 0.78900003
0.093928598 -0.21415713 0.78900003
0.092425741 -0.21415713 0.78900003
0.090922885 -0.21415713 0.78900003
0.089420028 -0.21415713 0.78900003
0.087917171 -0.21415713 0.78900003
0.086414315 -0.21415713 0.78900003
0.084911451 -0.21415715 0.78900003
0.083302885 -0.21388572 0.78800005
0.081801929 -0.21388572 0.78800005
0.080300979 -0.21388572 0.78800005
0.078800023 -0.21388572 0.78800005
0.098686695 -0.21620665 0.79100001
0.096934311 -0.21565999 0.78900003
0.095431454 -0.21565999 0.78900003
0.093928598 -0.21565999 0.78900003
0.092425741 -0.21565999 0.78900003
0.090922885 -0.21565999 0.78900003
0.089420028 -0.21565999 0.78900003
0.087917171 -0.21565999 0.78900003
0.086414315 -0.21565999 0.78900003
0.084911451 -0.21566001 0.78900003
0.083408594 -0.21566001 0.78900003
0.081905738 -0.21566001 0.78900003
0.080300979 -0.21538667 0.78800005
0.078800023 -0.21538667 0.78800005
0.10019336 -0.21771333 0.79100001
0.098686695 -0.21771333 0.79100001
0.096934311 -0.21716285 0.78900003
0.095431454 -0.21716285 0.78900003
0.093928598 -0.21716285 0.78900003
0.092425741 -0.21716285 0.78900003
0.090922885 -0.21716285 0.78900003
0.089420028 -0.21716285 0.78900003
0.087917171 -0.21716285 0.78900003
0.086414315 -0.21716285 0.78900003
0.084911451 -0.21716286 0.78900003
0.083408594 -0.21716286 0.78900003
0.081905738 -0.21716286 0.78900003
0.080402881 -0.21716286 0.78900003
0.078900024 -0.21716286 0.78900003
0.077397168 -0.21716286 0.78900003
0.10044669 -0.21977428 0.79300004
0.098686695 -0.21922 0.79100001
0.097180024 -0.21922 0.79100001
0.095431454 -0.2186657 0.78900003
0.093928598 -0.2186657 0.78900003
0.092425741 -0.2186657 0.78900003
0.090922885 -0.2186657 0.78900003
0.089420028 -0.2186657 0.78900003
0.087917171 -0.2186657 0.78900003
0.086414315 -0.2186657 0.78900003
0.084911451 -0.21866572 0.78900003
0.083408594 -0.21866572 0.78900003
0.081801929 -0.21838857 0.78800005
0.080300979 -0.21838857 0.78800005
0.078800023 -0.21838857 0.78800005
0.077299073 -0.21838857 0.78800005
0.10195717 -0.22128476 0.79300004
0.10044669 -0.22128476 0.79300004
0.098686695 -0.22072665 0.79100001
0.097180024 -0.22072665 0.79100001
0.095431454 -0.22016856 0.78900003
0.093928598 -0.22016856 0.78900003
0.092425741 -0.22016856 0.78900003
0.090807647 -0.21988952 0.78800005
0.08930669 -0.21988952 0.78800005
0.087805741 -0.21988952 0.78800005
0.086304784 -0.21988952 0.78800005
0.084803835 -0.21988954 0.78800005
0.083302885 -0.21988954 0.78800005
0.081594311 -0.21933144 0.78600001
0.080097169 -0.21933144 0.78600001
0.078800023 -0.21988954 0.78800005
0.077102885 -0.21933144 0.78600001
0.075605743 -0.21933144 0.78600001
0.016976209 -0.21626191 0.77500004
0.015500019 -0.21626191 0.77500004
0.10195717 -0.22279523 0.79300004
0.10019336 -0.22223333 0.79100001
0.098686695 -0.22223333 0.79100001
0.096934311 -0.22167142 0.78900003
0.095431454 -0.22167142 0.78900003
0.093928598 -0.22167142 0.78900003
0.092308596 -0.22139047 0.78800005
0.09057717 -0.22082856 0.78600001
0.089080028 -0.22082856 0.78600001
0.087582886 -0.22082856 0.78600001
0.086304784 -0.22139047 0.78800005
0.084803835 -0.22139049 0.78800005
0.083302885 -0.22139049 0.78800005
0.081594311 -0.22082858 0.78600001
0.080097169 -0.22082858 0.78600001
0.078400023 -0.22026667 0.78400004
0.0767105 -0.21970478 0.78200006
0.07522098 -0.21970478 0.78200006
0.0169324 -0.2171762 0.77300006
0.01554002 -0.21830001 0.77700001
0.01406002 -0.21830001 0.77700001
0.10170002 -0.22374 0.79100001
0.10019336 -0.22374 0.79100001
0.098686695 -0.22374 0.79100001
0.096934311 -0.22317427 0.78900003
0.095431454 -0.22317427 0.78900003
0.093928598 -0.22317427 0.78900003
0.092074312 -0.22232571 0.78600001
0.09057717 -0.22232571 0.78600001
0.088853359 -0.22175999 0.78400004
0.087582886 -0.22232571 0.78600001
0.086085737 -0.22232571 0.78600001
0.084588595 -0.22232573 0.78600001
0.083091453 -0.22232573 0.78600001
0.081386693 -0.22176 0.78400004
0.079893358 -0.22176 0.78400004
0.078400023 -0.22176 0.78400004
0.0767105 -0.2211943 0.78200006
0.07522098 -0.2211943 0.78200006
0.022674305 -0.2172343 0.76800001
0.021211447 -0.2172343 0.76800001
0.019748591 -0.2172343 0.76800001
0.018380972 -0.21836573 0.77200001
0.0169324 -0.21864858 0.77300006
0.01550002 -0.21921429 0.77500004
0.014023829 -0.21921429 0.77500004
0.012547639 -0.21921429 0.77500004
0.0052133529 -0.2211943 0.78200006
0.0037143051 -0.22062857 0.78000003
0.0022285909 -0.22062857 0.78000003
0.10444859 -0.22467713 0.78900003
0.10294574 -0.22467713 0.78900003
0.10170002 -0.22524665 0.79100001
0.099940024 -0.22467713 0.78900003
0.098437168 -0.22467713 0.78900003
0.096934311 -0.22467713 0.78900003
0.095431454 -0.22467713 0.78900003
0.093809552 -0.22439237 0.78800005
0.092074312 -0.22382285 0.78600001
0.090346694 -0.22325332 0.78400004
0.088853359 -0.22325332 0.78400004
0.087360024 -0.22325332 0.78400004
0.086085737 -0.22382285 0.78600001
0.084588595 -0.22382286 0.78600001
0.083091453 -0.22382286 0.78600001
0.081386693 -0.22325334 0.78400004
0.079689547 -0.22268382 0.78200006
0.078200027 -0.22268382 0.78200006
0.076416217 -0.22182953 0.77900004
0.074740022 -0.22126001 0.77700001
0.07307145 -0.22069049 0.77500004
0.071595266 -0.22069049 0.77500004
0.034466688 -0.21926667 0.77000004
0.033128593 -0.22012097 0.77300006
0.031656209 -0.22012097 0.77300006
0.030183829 -0.22012097 0.77300006
0.028674304 -0.21983621 0.77200001
0.027133353 -0.21926667 0.77000004
0.025666686 -0.21926667 0.77000004
0.02420002 -0.21926667 0.77000004
0.022674305 -0.21869715 0.76800001
0.021211447 -0.21869715 0.76800001
0.019748591 -0.21869715 0.76800001
0.018333353 -0.21926667 0.77000004
0.016910495 -0.21983621 0.77200001
0.01546002 -0.22012097 0.77300006
0.014023829 -0.22069049 0.77500004
0.012547639 -0.22069049 0.77500004
0.011071448 -0.22069049 0.77500004
0.0096200202 -0.22126001 0.77700001
0.008160972 -0.22182953 0.77900004
0.0066857343 -0.22211429 0.78000003
0.0052000196 -0.22211429 0.78000003
0.0037095433 -0.22182953 0.77900004
0.0022257336 -0.22182953 0.77900004
0.00074001937 -0.22126001 0.77700001
-0.00073998072 -0.22126001 0.77700001
-0.0022142665 -0.22069049 0.77500004
-0.003690457 -0.22069049 0.77500004
-0.005166648 -0.22069049 0.77500004
-0.0066428385 -0.22069049 0.77500004
-0.0080980761 -0.22012097 0.77300006
-0.009570457 -0.22012097 0.77300006
0.10444859 -0.22617999 0.78900003
0.10320669 -0.22675332 0.79100001
0.10144288 -0.22617999 0.78900003
0.099940024 -0.22617999 0.78900003
0.098437168 -0.22617999 0.78900003
0.096934311 -0.22617999 0.78900003
0.095310502 -0.22589333 0.78800005
0.093571454 -0.22532 0.78600001
0.091840029 -0.22474666 0.78400004
0.090346694 -0.22474666 0.78400004
0.08862669 -0.22417332 0.78200006
0.08713717 -0.22417332 0.78200006
0.085647643 -0.22417332 0.78200006
0.084158123 -0.22417334 0.78200006
0.082668595 -0.22417334 0.78200006
0.081179075 -0.22417334 0.78200006
0.079689547 -0.22417334 0.78200006
0.077900022 -0.22331335 0.77900004
0.076220028 -0.22274001 0.77700001
0.074740022 -0.22274001 0.77700001
0.07307145 -0.22216667 0.77500004
0.0714105 -0.22159334 0.77300006
0.069938123 -0.22159334 0.77300006
0.038866688 -0.22073334 0.77000004
0.037400018 -0.22073334 0.77000004
0.035933353 -0.22073334 0.77000004
0.034466688 -0.22073334 0.77000004
0.033000018 -0.22073334 0.77000004
0.031615257 -0.22130668 0.77200001
0.030144781 -0.22130668 0.77200001
0.02860002 -0.22073334 0.77000004
0.027133353 -0.22073334 0.77000004
0.025666686 -0.22073334 0.77000004
0.024137162 -0.22016001 0.76800001
0.022733353 -0.22073334 0.77000004
0.021211447 -0.22016001 0.76800001
0.019800019 -0.22073334 0.77000004
0.018333353 -0.22073334 0.77000004
0.016910495 -0.22130668 0.77200001
0.01546002 -0.22159334 0.77300006
0.013987639 -0.22159334 0.77300006
0.012547639 -0.22216667 0.77500004
0.011071448 -0.22216667 0.77500004
0.0096200202 -0.22274001 0.77700001
0.0081400201 -0.22274001 0.77700001
0.0066771628 -0.22331335 0.77900004
0.0051933532 -0.22331335 0.77900004
0.0037095435 -0.22331335 0.77900004
0.0022200197 -0.22274001 0.77700001
0.00074001955 -0.22274001 0.77700001
-0.00073807582 -0.22216667 0.77500004
-0.0022142665 -0.22216667 0.77500004
-0.003690457 -0.22216667 0.77500004
-0.0051666475 -0.22216667 0.77500004
-0.0066256952 -0.22159334 0.77300006
-0.0080980761 -0.22159334 0.77300006
-0.009595219 -0.22216667 0.77500004
-0.011099981 -0.22274001 0.77700001
-0.012579981 -0.22274001 0.77700001
-0.014059981 -0.22274001 0.77700001
0.10471336 -0.22826 0.79100001
0.10320669 -0.22826 0.79100001
0.10144288 -0.22768284 0.78900003
0.099940024 -0.22768284 0.78900003
0.098437168 -0.22768284 0.78900003
0.096811451 -0.22739428 0.78800005
0.095068596 -0.22681713 0.78600001
0.093333356 -0.22623999 0.78400004
0.091605738 -0.22566286 0.78200006
0.090116218 -0.22566286 0.78200006
0.08862669 -0.22566286 0.78200006
0.086914308 -0.22508571 0.78000003
0.085428596 -0.22508571 0.78000003
0.083942883 -0.22508572 0.78000003
0.082351454 -0.22479714 0.77900004
0.080867641 -0.22479714 0.77900004
0.079383835 -0.22479714 0.77900004
0.077500023 -0.22364287 0.77500004
0.076023832 -0.22364287 0.77500004
0.074547641 -0.22364287 0.77500004
0.072882883 -0.22306572 0.77300006
0.07113336 -0.22220001 0.77000004
0.069485739 -0.22162287 0.76800001
0.068022884 -0.22162287 0.76800001
0.066560023 -0.22162287 0.76800001
0.060708594 -0.22162287 0.76800001
0.059245735 -0.22162287 0.76800001
0.057782877 -0.22162287 0.76800001
0.056246687 -0.22133429 0.76700002
0.054785736 -0.22133429 0.76700002
0.044617165 -0.22162287 0.76800001
0.043154307 -0.22162287 0.76800001
0.041691449 -0.22162287 0.76800001
0.040333353 -0.22220001 0.77000004
0.038866688 -0.22220001 0.77000004
0.037400018 -0.22220001 0.77000004
0.035933353 -0.22220001 0.77000004
0.034466688 -0.22220001 0.77000004
0.033000018 -0.22220001 0.77000004
0.031533353 -0.22220001 0.77000004
0.030066686 -0.22220001 0.77000004
0.02860002 -0.22220001 0.77000004
0.027133353 -0.22220001 0.77000004
0.025666686 -0.22220001 0.77000004
0.024137162 -0.22162287 0.76800001
0.022733353 -0.22220001 0.77000004
0.021211447 -0.22162287 0.76800001
0.019800019 -0.22220001 0.77000004
0.018333353 -0.22220001 0.77000004
0.016910495 -0.22277716 0.77200001
0.01546002 -0.22306572 0.77300006
0.013987639 -0.22306572 0.77300006
0.012547639 -0.22364287 0.77500004
0.011071448 -0.22364287 0.77500004
0.0096200202 -0.22422001 0.77700001
0.0081400201 -0.22422001 0.77700001
0.00666002 -0.22422001 0.77700001
0.0051800199 -0.22422001 0.77700001
0.0037000198 -0.22422001 0.77700001
0.0022200197 -0.22422001 0.77700001
0.00073811482 -0.22364287 0.77500004
-0.00073617103 -0.22306572 0.77300006
-0.0022085519 -0.22306572 0.77300006
-0.003680933 -0.22306572 0.77300006
-0.0051533137 -0.22306572 0.77300006
-0.0066256952 -0.22306572 0.77300006
-0.0080980761 -0.22306572 0.77300006
-0.009570457 -0.22306572 0.77300006
-0.011099981 -0.22422001 0.77700001
-0.012612361 -0.22479714 0.77900004
-0.014059981 -0.22422001 0.77700001
-0.015579981 -0.22479714 0.77900004
-0.017063789 -0.22479714 0.77900004
0.10471336 -0.22976667 0.79100001
0.10320669 -0.22976667 0.79100001
0.10144288 -0.2291857 0.78900003
0.099940024 -0.2291857 0.78900003
0.098437168 -0.2291857 0.78900003
0.096811451 -0.22889523 0.78800005
0.095068596 -0.22831428 0.78600001
0.093095265 -0.22715238 0.78200006
0.091605738 -0.22715238 0.78200006
0.090116218 -0.22715238 0.78200006
0.088400029 -0.22657143 0.78000003
0.086914308 -0.22657143 0.78000003
0.085428596 -0.22657143 0.78000003
0.083620027 -0.22570001 0.77700001
0.082140028 -0.22570001 0.77700001
0.080660023 -0.22570001 0.77700001
0.078976214 -0.22511905 0.77500004
0.077300027 -0.2245381 0.77300006
0.075827643 -0.2245381 0.77300006
0.074066691 -0.22366667 0.77000004
0.072600022 -0.22366667 0.77000004
0.070948593 -0.22308572 0.76800001
0.069485739 -0.22308572 0.76800001
0.067934312 -0.22279525 0.76700002
0.066473357 -0.22279525 0.76700002
0.065012403 -0.22279525 0.76700002
0.063551456 -0.22279525 0.76700002
0.062090497 -0.22279525 0.76700002
0.060471449 -0.2222143 0.76500005
0.059168592 -0.22279525 0.76700002
0.057707641 -0.22279525 0.76700002
0.056246687 -0.22279525 0.76700002
0.054642878 -0.2222143 0.76500005
0.053185735 -0.2222143 0.76500005
0.051863831 -0.22279525 0.76700002
0.050402876 -0.22279525 0.76700002
0.049005736 -0.22308572 0.76800001
0.047480974 -0.22279525 0.76700002
0.04602002 -0.22279525 0.76700002
0.044559069 -0.22279525 0.76700002
0.043154307 -0.22308572 0.76800001
0.041691449 -0.22308572 0.76800001
0.040333353 -0.22366667 0.77000004
0.038866688 -0.22366667 0.77000004
0.037400018 -0.22366667 0.77000004
0.035933353 -0.22366667 0.77000004
0.034466688 -0.22366667 0.77000004
0.033000018 -0.22366667 0.77000004
0.031533353 -0.22366667 0.77000004
0.030066686 -0.22366667 0.77000004
0.028525734 -0.22308572 0.76800001
0.027133353 -0.22366667 0.77000004
0.02560002 -0.22308572 0.76800001
0.024137162 -0.22308572 0.76800001
0.022674305 -0.22308572 0.76800001
0.021211447 -0.22308572 0.76800001
0.019748591 -0.22308572 0.76800001
0.018333353 -0.22366667 0.77000004
0.016866686 -0.22366667 0.77000004
0.01544002 -0.22424763 0.77200001
0.013969544 -0.22424763 0.77200001
0.012499068 -0.22424763 0.77200001
0.011071448 -0.22511905 0.77500004
0.0095952582 -0.22511905 0.77500004
0.0080981152 -0.2245381 0.77300006
0.0066257343 -0.2245381 0.77300006
0.0051800199 -0.22570001 0.77700001
0.00370002 -0.22570001 0.77700001
0.0022143056 -0.22511905 0.77500004
0.00073811493 -0.22511905 0.77500004
-0.00073617091 -0.2245381 0.77300006
-0.0022085519 -0.2245381 0.77300006
-0.003680933 -0.2245381 0.77300006
-0.0051533137 -0.2245381 0.77300006
-0.0066171237 -0.22424763 0.77200001
-0.0080980761 -0.2245381 0.77300006
-0.009570457 -0.2245381 0.77300006
-0.011042838 -0.2245381 0.77300006
-0.012515219 -0.2245381 0.77300006
-0.014059981 -0.22570001 0.77700001
-0.015579981 -0.22628096 0.77900004
-0.017063789 -0.22628096 0.77900004
0.10471336 -0.23127332 0.79100001
0.10320669 -0.23127332 0.79100001
0.10144288 -0.23068857 0.78900003
0.099940024 -0.23068857 0.78900003
0.098312408 -0.23039618 0.78800005
0.096565738 -0.22981142 0.78600001
0.094584785 -0.2286419 0.78200006
0.093095265 -0.2286419 0.78200006
0.091371454 -0.22805713 0.78000003
0.089885741 -0.22805713 0.78000003
0.088400029 -0.22805713 0.78000003
0.086802885 -0.22776476 0.77900004
0.085319072 -0.22776476 0.77900004
0.083404787 -0.22659525 0.77500004
0.081717171 -0.22601049 0.77300006
0.080244787 -0.22601049 0.77300006
0.078670502 -0.22571811 0.77200001
0.077200025 -0.22571811 0.77200001
0.07553336 -0.22513334 0.77000004
0.07387431 -0.22454858 0.76800001
0.072317168 -0.2242562 0.76700002
0.070856214 -0.2242562 0.76700002
0.069395266 -0.2242562 0.76700002
0.067757167 -0.22367144 0.76500005
0.066300027 -0.22367144 0.76500005
0.06484288 -0.22367144 0.76500005
0.06338574 -0.22367144 0.76500005
0.062090497 -0.2242562 0.76700002
0.060471449 -0.22367144 0.76500005
0.059168592 -0.2242562 0.76700002
0.057707641 -0.2242562 0.76700002
0.056246687 -0.2242562 0.76700002
0.054785736 -0.2242562 0.76700002
0.053324781 -0.2242562 0.76700002
0.051728591 -0.22367144 0.76500005
0.050402876 -0.2242562 0.76700002
0.048814308 -0.22367144 0.76500005
0.047357164 -0.22367144 0.76500005
0.045900021 -0.22367144 0.76500005
0.044442877 -0.22367144 0.76500005
0.043098114 -0.2242562 0.76700002
0.041637164 -0.2242562 0.76700002
0.040176209 -0.2242562 0.76700002
0.038715258 -0.2242562 0.76700002
0.037254307 -0.2242562 0.76700002
0.03584002 -0.22454858 0.76800001
0.034377161 -0.22454858 0.76800001
0.032914307 -0.22454858 0.76800001
0.031451449 -0.22454858 0.76800001
0.030066688 -0.22513334 0.77000004
0.028525736 -0.22454858 0.76800001
0.027133355 -0.22513334 0.77000004
0.025600022 -0.22454858 0.76800001
0.024137164 -0.22454858 0.76800001
0.022674307 -0.22454858 0.76800001
0.021211449 -0.22454858 0.76800001
0.019748593 -0.22454858 0.76800001
0.018285735 -0.22454858 0.76800001
0.016822878 -0.22454858 0.76800001
0.01544002 -0.22571811 0.77200001
0.013969544 -0.22571811 0.77200001
0.012466687 -0.22513334 0.77000004
0.011028592 -0.22571811 0.77200001
0.0095704962 -0.22601049 0.77300006
0.0080981152 -0.22601049 0.77300006
0.0066257343 -0.22601049 0.77300006
0.0051800204 -0.22718 0.77700001
0.00370002 -0.22718 0.77700001
0.0022143056 -0.22659525 0.77500004
0.00073811505 -0.22659525 0.77500004
-0.0007361708 -0.22601049 0.77300006
-0.0022085516 -0.22601049 0.77300006
-0.0036809328 -0.22601049 0.77300006
-0.0051533137 -0.22601049 0.77300006
-0.0066171237 -0.22571811 0.77200001
-0.0080875997 -0.22571811 0.77200001
-0.009558076 -0.22571811 0.77200001
-0.011042838 -0.22601049 0.77300006
-0.012515219 -0.22601049 0.77300006
-0.01402379 -0.22659525 0.77500004
-0.015499981 -0.22659525 0.77500004
-0.01697617 -0.22659525 0.77500004
-0.018452361 -0.22659525 0.77500004
0.10471336 -0.23277999 0.79100001
0.10320669 -0.23277999 0.79100001
0.10144288 -0.23219143 0.78900003
0.099813357 -0.23189713 0.78800005
0.09806288 -0.23130856 0.78600001
0.096565738 -0.23130856 0.78600001
0.094584785 -0.23013142 0.78200006
0.093095265 -0.23013142 0.78200006
0.091371454 -0.22954285 0.78000003
0.089770503 -0.22924857 0.77900004
0.08828669 -0.22924857 0.77900004
0.086802885 -0.22924857 0.77900004
0.085100025 -0.22866 0.77700001
0.083189547 -0.22748287 0.77300006
0.081611454 -0.22718859 0.77200001
0.07993336 -0.22660001 0.77000004
0.078466691 -0.22660001 0.77000004
0.076800026 -0.22601144 0.76800001
0.075337172 -0.22601144 0.76800001
0.073778123 -0.22571716 0.76700002
0.072128594 -0.22512858 0.76500005
0.070671454 -0.22512858 0.76500005
0.069214314 -0.22512858 0.76500005
0.067757167 -0.22512858 0.76500005
0.066300027 -0.22512858 0.76500005
0.06484288 -0.22512858 0.76500005
0.063551456 -0.22571716 0.76700002
0.061928593 -0.22512858 0.76500005
0.060629543 -0.22571716 0.76700002
0.059168592 -0.22571716 0.76700002
0.057707641 -0.22571716 0.76700002
0.056246687 -0.22571716 0.76700002
0.054785736 -0.22571716 0.76700002
0.053185735 -0.22512858 0.76500005
0.051728591 -0.22512858 0.76500005
0.050271448 -0.22512858 0.76500005
0.048814308 -0.22512858 0.76500005
0.047357164 -0.22512858 0.76500005
0.045900021 -0.22512858 0.76500005
0.044442877 -0.22512858 0.76500005
0.043098114 -0.22571716 0.76700002
0.041637164 -0.22571716 0.76700002
0.040176209 -0.22571716 0.76700002
0.038715258 -0.22571716 0.76700002
0.037157163 -0.22512858 0.76500005
0.035793353 -0.22571716 0.76700002
0.034377161 -0.22601144 0.76800001
0.032871448 -0.22571716 0.76700002
0.031410497 -0.22571716 0.76700002
0.029988592 -0.22601144 0.76800001
0.028525736 -0.22601144 0.76800001
0.027062878 -0.22601144 0.76800001
0.025600022 -0.22601144 0.76800001
0.024137164 -0.22601144 0.76800001
0.022674307 -0.22601144 0.76800001
0.021211449 -0.22601144 0.76800001
0.019748593 -0.22601144 0.76800001
0.018285735 -0.22601144 0.76800001
0.016822878 -0.22601144 0.76800001
0.01536002 -0.22601144 0.76800001
0.013933353 -0.22660001 0.77000004
0.012466687 -0.22660001 0.77000004
0.011028592 -0.22718859 0.77200001
0.0095581152 -0.22718859 0.77200001
0.0080981152 -0.22748287 0.77300006
0.0066257347 -0.22748287 0.77300006
0.0051666871 -0.22807144 0.77500004
0.0037000203 -0.22866 0.77700001
0.0022143058 -0.22807144 0.77500004
0.00073811522 -0.22807144 0.77500004
-0.00073807529 -0.22807144 0.77500004
-0.0022085516 -0.22748287 0.77300006
-0.0036809328 -0.22748287 0.77300006
-0.0051533133 -0.22748287 0.77300006
-0.0066256947 -0.22748287 0.77300006
-0.0080980761 -0.22748287 0.77300006
-0.009570457 -0.22748287 0.77300006
-0.011042838 -0.22748287 0.77300006
-0.012515219 -0.22748287 0.77300006
-0.01402379 -0.22807144 0.77500004
-0.015499981 -0.22807144 0.77500004
-0.01697617 -0.22807144 0.77500004
-0.018452361 -0.22807144 0.77500004
0.10471336 -0.23428667 0.79100001
0.10294574 -0.23369429 0.78900003
0.10144288 -0.23369429 0.78900003
0.099560022 -0.23280571 0.78600001
0.09781336 -0.23221333 0.78400004
0.096320026 -0.23221333 0.78400004
0.09434288 -0.23102857 0.78000003
0.092857167 -0.23102857 0.78000003
0.091254309 -0.23073238 0.77900004
0.089770503 -0.23073238 0.77900004
0.088060029 -0.23014 0.77700001
0.086580023 -0.23014 0.77700001
0.085100025 -0.23014002 0.77700001
0.083189547 -0.22895525 0.77300006
0.081400022 -0.22806667 0.77000004
0.07993336 -0.22806667 0.77000004
0.07826288 -0.22747429 0.76800001
0.076800026 -0.22747429 0.76800001
0.075337172 -0.22747429 0.76800001
0.073585741 -0.22658572 0.76500005
0.071940027 -0.22599334 0.76300001
0.070486695 -0.22599334 0.76300001
0.069033355 -0.22599334 0.76300001
0.067580022 -0.22599334 0.76300001
0.066126689 -0.22599334 0.76300001
0.064673357 -0.22599334 0.76300001
0.063220024 -0.22599334 0.76300001
0.061766688 -0.22599334 0.76300001
0.060471449 -0.22658572 0.76500005
0.059014305 -0.22658572 0.76500005
0.057557162 -0.22658572 0.76500005
0.056100022 -0.22658572 0.76500005
0.054642878 -0.22658572 0.76500005
0.053046688 -0.22599334 0.76300001
0.051593352 -0.22599334 0.76300001
0.050271448 -0.22658572 0.76500005
0.048686687 -0.22599334 0.76300001
0.047233354 -0.22599334 0.76300001
0.045900021 -0.22658572 0.76500005
0.044442877 -0.22658572 0.76500005
0.042985734 -0.22658572 0.76500005
0.04152859 -0.22658572 0.76500005
0.04007145 -0.22658572 0.76500005
0.038614307 -0.22658572 0.76500005
0.037157163 -0.22658572 0.76500005
0.035700019 -0.22658572 0.76500005
0.034332402 -0.2271781 0.76700002
0.032871448 -0.2271781 0.76700002
0.031410497 -0.2271781 0.76700002
0.029988592 -0.22747429 0.76800001
0.028525736 -0.22747429 0.76800001
0.027062878 -0.22747429 0.76800001
0.025600022 -0.22747429 0.76800001
0.024137164 -0.22747429 0.76800001
0.022674307 -0.22747429 0.76800001
0.021211449 -0.22747429 0.76800001
0.019748593 -0.22747429 0.76800001
0.018285735 -0.22747429 0.76800001
0.016866688 -0.22806667 0.77000004
0.01540002 -0.22806667 0.77000004
0.013933353 -0.22806667 0.77000004
0.012466687 -0.22806667 0.77000004
0.011000019 -0.22806667 0.77000004
0.0095581152 -0.22865905 0.77200001
0.0080981152 -0.22895525 0.77300006
0.0066257347 -0.22895525 0.77300006
0.0051666871 -0.22954763 0.77500004
0.0036904963 -0.22954763 0.77500004
0.0022200202 -0.23014002 0.77700001
0.00073811534 -0.22954763 0.77500004
-0.00073807518 -0.22954763 0.77500004
-0.0022085514 -0.22895525 0.77300006
-0.0036904563 -0.22954763 0.77500004
-0.0051533133 -0.22895525 0.77300006
-0.0066256947 -0.22895525 0.77300006
-0.0080980761 -0.22895525 0.77300006
-0.009570457 -0.22895525 0.77300006
-0.011071408 -0.22954763 0.77500004
-0.012547599 -0.22954763 0.77500004
-0.014023789 -0.22954763 0.77500004
-0.01549998 -0.22954763 0.77500004
-0.01697617 -0.22954763 0.77500004
-0.018452361 -0.22954763 0.77500004
-0.019928552 -0.22954763 0.77500004
0.10497812 -0.23638952 0.79300004
0.10320669 -0.23579332 0.79100001
0.10144288 -0.23519714 0.78900003
0.099813357 -0.23489904 0.78800005
0.09781336 -0.23370665 0.78400004
0.096320026 -0.23370665 0.78400004
0.09434288 -0.23251428 0.78000003
0.092738122 -0.23221618 0.77900004
0.091254309 -0.23221618 0.77900004
0.089540027 -0.23162 0.77700001
0.088060029 -0.23162 0.77700001
0.086580023 -0.23162 0.77700001
0.084880978 -0.23102382 0.77500004
0.083081931 -0.23012953 0.77200001
0.081400022 -0.22953334 0.77000004
0.079725742 -0.22893715 0.76800001
0.07826288 -0.22893715 0.76800001
0.076700024 -0.22863905 0.76700002
0.074846692 -0.22744668 0.76300001
0.07339336 -0.22744668 0.76300001
0.071751453 -0.22685048 0.76100004
0.070301928 -0.22685048 0.76100004
0.068852402 -0.22685048 0.76100004
0.067402884 -0.22685048 0.76100004
0.065953359 -0.22685048 0.76100004
0.064503834 -0.22685048 0.76100004
0.063220024 -0.22744668 0.76300001
0.061604783 -0.22685048 0.76100004
0.060313355 -0.22744668 0.76300001
0.058860023 -0.22744668 0.76300001
0.057406686 -0.22744668 0.76300001
0.055953354 -0.22744668 0.76300001
0.054500021 -0.22744668 0.76300001
0.053046688 -0.22744668 0.76300001
0.051593352 -0.22744668 0.76300001
0.05014002 -0.22744668 0.76300001
0.048686687 -0.22744668 0.76300001
0.047233354 -0.22744668 0.76300001
0.045780022 -0.22744668 0.76300001
0.044326685 -0.22744668 0.76300001
0.042985734 -0.22804287 0.76500005
0.04152859 -0.22804287 0.76500005
0.04007145 -0.22804287 0.76500005
0.038614307 -0.22804287 0.76500005
0.037157163 -0.22804287 0.76500005
0.035700019 -0.22804287 0.76500005
0.034242876 -0.22804287 0.76500005
0.032785732 -0.22804287 0.76500005
0.031328592 -0.22804287 0.76500005
0.029871451 -0.22804287 0.76500005
0.028525736 -0.22893715 0.76800001
0.027062878 -0.22893715 0.76800001
0.025600022 -0.22893715 0.76800001
0.024137164 -0.22893715 0.76800001
0.022674307 -0.22893715 0.76800001
0.021211449 -0.22893715 0.76800001
0.019748593 -0.22893715 0.76800001
0.018285735 -0.22893715 0.76800001
0.016866688 -0.22953334 0.77000004
0.015440021 -0.23012953 0.77200001
0.013969545 -0.23012953 0.77200001
0.012499069 -0.23012953 0.77200001
0.011028592 -0.23012953 0.77200001
0.0095581161 -0.23012953 0.77200001
0.0080981161 -0.23042762 0.77300006
0.0066257347 -0.23042762 0.77300006
0.0051666871 -0.23102382 0.77500004
0.0037000205 -0.23162001 0.77700001
0.0022200204 -0.23162001 0.77700001
0.00073811546 -0.23102382 0.77500004
-0.00073807506 -0.23102382 0.77500004
-0.0022142655 -0.23102382 0.77500004
-0.003690456 -0.23102382 0.77500004
-0.0051533133 -0.23042762 0.77300006
-0.0066256947 -0.23042762 0.77300006
-0.0080980752 -0.23042762 0.77300006
-0.0095704561 -0.23042762 0.77300006
-0.011042837 -0.23042762 0.77300006
-0.012547599 -0.23102382 0.77500004
-0.014023789 -0.23102382 0.77500004
-0.01549998 -0.23102382 0.77500004
-0.01697617 -0.23102382 0.77500004
-0.018452361 -0.23102382 0.77500004
-0.019851409 -0.23012953 0.77200001
-0.021321885 -0.23012953 0.77200001
-0.022792362 -0.23012953 0.77200001
0.10471336 -0.23729999 0.79100001
0.10320669 -0.23729999 0.79100001
0.10144288 -0.2367 0.78900003
0.099813357 -0.23639999 0.78800005
0.09781336 -0.23519999 0.78400004
0.096320026 -0.23519999 0.78400004
0.09434288 -0.234 0.78000003
0.092738122 -0.23369999 0.77900004
0.091254309 -0.23369999 0.77900004
0.089540027 -0.2331 0.77700001
0.088060029 -0.2331 0.77700001
0.086357169 -0.23249999 0.77500004
0.084661931 -0.23190001 0.77300006
0.083081931 -0.2316 0.77200001
0.081400022 -0.23100001 0.77000004
0.079725742 -0.23040001 0.76800001
0.07826288 -0.23040001 0.76800001
0.076500028 -0.22950001 0.76500005
0.074846692 -0.22890002 0.76300001
0.07339336 -0.22890002 0.76300001
0.071751453 -0.22830001 0.76100004
0.070301928 -0.22830001 0.76100004
0.068852402 -0.22830001 0.76100004
0.067402884 -0.22830001 0.76100004
0.065953359 -0.22830001 0.76100004
0.064503834 -0.22830001 0.76100004
0.063054308 -0.22830001 0.76100004
0.061604783 -0.22830001 0.76100004
0.060155258 -0.22830001 0.76100004
0.058705736 -0.22830001 0.76100004
0.057256211 -0.22830001 0.76100004
0.055953354 -0.22890002 0.76300001
0.054500021 -0.22890002 0.76300001
0.053046688 -0.22890002 0.76300001
0.051593352 -0.22890002 0.76300001
0.05014002 -0.22890002 0.76300001
0.048686687 -0.22890002 0.76300001
0.047233354 -0.22890002 0.76300001
0.045780022 -0.22890002 0.76300001
0.044326685 -0.22890002 0.76300001
0.042985734 -0.22950001 0.76500005
0.04152859 -0.22950001 0.76500005
0.04007145 -0.22950001 0.76500005
0.038614307 -0.22950001 0.76500005
0.037157163 -0.22950001 0.76500005
0.035700019 -0.22950001 0.76500005
0.034242876 -0.22950001 0.76500005
0.032785732 -0.22950001 0.76500005
0.031328592 -0.22950001 0.76500005
0.029949546 -0.23010001 0.76700002
0.028525736 -0.23040001 0.76800001
0.027062878 -0.23040001 0.76800001
0.025600022 -0.23040001 0.76800001
0.024137164 -0.23040001 0.76800001
0.022733355 -0.23100001 0.77000004
0.021266688 -0.23100001 0.77000004
0.019748593 -0.23040001 0.76800001
0.018333355 -0.23100001 0.77000004
0.016866688 -0.23100001 0.77000004
0.015440021 -0.2316 0.77200001
0.013969545 -0.2316 0.77200001
0.012499069 -0.2316 0.77200001
0.011028592 -0.2316 0.77200001
0.0095581161 -0.2316 0.77200001
0.0080876397 -0.2316 0.77200001
0.0066257352 -0.23190001 0.77300006
0.0051466869 -0.2316 0.77200001
0.0037000207 -0.23310001 0.77700001
0.0022200206 -0.23310001 0.77700001
0.00074002042 -0.23310001 0.77700001
-0.00073807494 -0.2325 0.77500004
-0.0022142655 -0.2325 0.77500004
-0.003690456 -0.2325 0.77500004
-0.0051533128 -0.23190001 0.77300006
-0.0066428371 -0.2325 0.77500004
-0.0081190271 -0.2325 0.77500004
-0.0095952181 -0.2325 0.77500004
-0.011071408 -0.2325 0.77500004
-0.012547599 -0.2325 0.77500004
-0.01405998 -0.23310001 0.77700001
-0.01553998 -0.23310001 0.77700001
-0.01701998 -0.23310001 0.77700001
-0.01849998 -0.23310001 0.77700001
-0.01997998 -0.23310001 0.77700001
-0.02145998 -0.23310001 0.77700001
-0.02293998 -0.23310001 0.77700001
-0.02441998 -0.23310001 0.77700001
-0.02589998 -0.23310001 0.77700001
-0.02737998 -0.23310001 0.77700001
-0.02885998 -0.23310001 0.77700001
-0.03033998 -0.23310001 0.77700001
0.10622003 -0.23880666 0.79100001
0.10471336 -0.23880666 0.79100001
0.10294574 -0.23820285 0.78900003
0.10144288 -0.23820285 0.78900003
0.099813357 -0.23790094 0.78800005
0.09781336 -0.23669332 0.78400004
0.096320026 -0.23669332 0.78400004
0.09434288 -0.2354857 0.78000003
0.092738122 -0.23518381 0.77900004
0.091254309 -0.23518381 0.77900004
0.089540027 -0.23458 0.77700001
0.08783336 -0.23397619 0.77500004
0.086357169 -0.23397619 0.77500004
0.084661931 -0.23337239 0.77300006
0.082866691 -0.23246667 0.77000004
0.081188597 -0.23186287 0.76800001
0.079725742 -0.23186287 0.76800001
0.078160979 -0.23156096 0.76700002
0.076500028 -0.23095715 0.76500005
0.074650504 -0.22974953 0.76100004
0.073200978 -0.22974953 0.76100004
0.071751453 -0.22974953 0.76100004
0.070301928 -0.22974953 0.76100004
0.06876193 -0.22944763 0.76000005
0.067402884 -0.22974953 0.76100004
0.065953359 -0.22974953 0.76100004
0.064503834 -0.22974953 0.76100004
0.06297145 -0.22944763 0.76000005
0.061604783 -0.22974953 0.76100004
0.060155258 -0.22974953 0.76100004
0.058705736 -0.22974953 0.76100004
0.057256211 -0.22974953 0.76100004
0.055806689 -0.22974953 0.76100004
0.054500021 -0.23035334 0.76300001
0.052907638 -0.22974953 0.76100004
0.051593352 -0.23035334 0.76300001
0.05014002 -0.23035334 0.76300001
0.048686687 -0.23035334 0.76300001
0.047233354 -0.23035334 0.76300001
0.045780022 -0.23035334 0.76300001
0.044326685 -0.23035334 0.76300001
0.042985734 -0.23095715 0.76500005
0.04152859 -0.23095715 0.76500005
0.04007145 -0.23095715 0.76500005
0.038614307 -0.23095715 0.76500005
0.037157163 -0.23095715 0.76500005
0.035700019 -0.23095715 0.76500005
0.034242876 -0.23095715 0.76500005
0.032785732 -0.23095715 0.76500005
0.031328592 -0.23095715 0.76500005
0.029949546 -0.23156096 0.76700002
0.028525736 -0.23186287 0.76800001
0.02702764 -0.23156096 0.76700002
0.025600022 -0.23186287 0.76800001
0.024200022 -0.23246667 0.77000004
0.022733355 -0.23246667 0.77000004
0.021266688 -0.23246667 0.77000004
0.01980002 -0.23246667 0.77000004
0.018333355 -0.23246667 0.77000004
0.016866688 -0.23246667 0.77000004
0.015440021 -0.23307048 0.77200001
0.013933354 -0.23246667 0.77000004
0.012466688 -0.23246667 0.77000004
0.01100002 -0.23246667 0.77000004
0.0095581161 -0.23307048 0.77200001
0.0080876397 -0.23307048 0.77200001
0.0066171638 -0.23307048 0.77200001
0.0051466874 -0.23307048 0.77200001
0.0037000207 -0.23458001 0.77700001
0.0022200206 -0.23458001 0.77700001
0.00074002054 -0.23458001 0.77700001
-0.00073997956 -0.23458001 0.77700001
-0.0022199797 -0.23458001 0.77700001
-0.0036999797 -0.23458001 0.77700001
-0.0051666466 -0.2339762 0.77500004
-0.0066428371 -0.2339762 0.77500004
-0.00813998 -0.23458001 0.77700001
-0.0096199801 -0.23458001 0.77700001
-0.01109998 -0.23458001 0.77700001
-0.012547599 -0.2339762 0.77500004
-0.01405998 -0.23458001 0.77700001
-0.01553998 -0.23458001 0.77700001
-0.01701998 -0.23458001 0.77700001
-0.01849998 -0.23458001 0.77700001
-0.01997998 -0.23458001 0.77700001
-0.02145998 -0.23458001 0.77700001
-0.02293998 -0.23458001 0.77700001
-0.02441998 -0.23458001 0.77700001
-0.025833314 -0.2339762 0.77500004
-0.027309503 -0.2339762 0.77500004
-0.02885998 -0.23458001 0.77700001
-0.03033998 -0.23458001 0.77700001
0.10595146 -0.23970571 0.78900003
0.10444859 -0.23970571 0.78900003
0.10281526 -0.23940189 0.78800005
0.10131431 -0.23940189 0.78800005
0.099560022 -0.23879428 0.78600001
0.09781336 -0.23818666 0.78400004
0.096074313 -0.23757905 0.78200006
0.09434288 -0.23697142 0.78000003
0.092738122 -0.23666762 0.77900004
0.091020025 -0.23605999 0.77700001
0.089540027 -0.23605999 0.77700001
0.08783336 -0.23545237 0.77500004
0.086357169 -0.23545237 0.77500004
0.084552407 -0.23454095 0.77200001
0.082866691 -0.23393334 0.77000004
0.081188597 -0.23332572 0.76800001
0.079621933 -0.23302191 0.76700002
0.077957168 -0.23241429 0.76500005
0.076300025 -0.23180668 0.76300001
0.074650504 -0.23119906 0.76100004
0.073200978 -0.23119906 0.76100004
0.071657166 -0.23089525 0.76000005
0.070209548 -0.23089525 0.76000005
0.06876193 -0.23089525 0.76000005
0.067314312 -0.23089525 0.76000005
0.065866694 -0.23089525 0.76000005
0.064503834 -0.23119906 0.76100004
0.06297145 -0.23089525 0.76000005
0.061523829 -0.23089525 0.76000005
0.060076211 -0.23089525 0.76000005
0.058705736 -0.23119906 0.76100004
0.057256211 -0.23119906 0.76100004
0.055806689 -0.23119906 0.76100004
0.054357164 -0.23119906 0.76100004
0.052907638 -0.23119906 0.76100004
0.051593352 -0.23180668 0.76300001
0.05014002 -0.23180668 0.76300001
0.048686687 -0.23180668 0.76300001
0.047233354 -0.23180668 0.76300001
0.045780022 -0.23180668 0.76300001
0.044326685 -0.23180668 0.76300001
0.042985734 -0.23241429 0.76500005
0.04152859 -0.23241429 0.76500005
0.04007145 -0.23241429 0.76500005
0.038614307 -0.23241429 0.76500005
0.037157163 -0.23241429 0.76500005
0.035700019 -0.23241429 0.76500005
0.034242876 -0.23241429 0.76500005
0.032785732 -0.23241429 0.76500005
0.031328592 -0.23241429 0.76500005
0.029871451 -0.23241429 0.76500005
0.028414307 -0.23241429 0.76500005
0.02702764 -0.23302191 0.76700002
0.025566688 -0.23302191 0.76700002
0.024137164 -0.23332572 0.76800001
0.022674307 -0.23332572 0.76800001
0.021211449 -0.23332572 0.76800001
0.019748593 -0.23332572 0.76800001
0.018333355 -0.23393334 0.77000004
0.016822878 -0.23332572 0.76800001
0.015400021 -0.23393334 0.77000004
0.013933354 -0.23393334 0.77000004
0.012466688 -0.23393334 0.77000004
0.01100002 -0.23393334 0.77000004
0.0095581161 -0.23454095 0.77200001
0.0080981161 -0.23484477 0.77300006
0.0066257352 -0.23484477 0.77300006
0.0051666875 -0.23545238 0.77500004
0.003700021 -0.23606001 0.77700001
0.0022200209 -0.23606001 0.77700001
0.00074002071 -0.23606001 0.77700001
-0.00073997938 -0.23606001 0.77700001
-0.0022199794 -0.23606001 0.77700001
-0.0036999795 -0.23606001 0.77700001
-0.0051666466 -0.23545238 0.77500004
-0.0066428371 -0.23545238 0.77500004
-0.00813998 -0.23606001 0.77700001
-0.0096199801 -0.23606001 0.77700001
-0.011071408 -0.23545238 0.77500004
-0.01257998 -0.23606001 0.77700001
-0.014096171 -0.23666763 0.77900004
-0.01557998 -0.23666763 0.77900004
-0.01701998 -0.23606001 0.77700001
-0.01849998 -0.23606001 0.77700001
-0.01997998 -0.23606001 0.77700001
-0.02145998 -0.23606001 0.77700001
-0.02293998 -0.23606001 0.77700001
-0.02441998 -0.23606001 0.77700001
-0.02589998 -0.23606001 0.77700001
-0.02737998 -0.23606001 0.77700001
-0.02885998 -0.23606001 0.77700001
-0.03033998 -0.23606001 0.77700001
0.10595146 -0.24120857 0.78900003
0.10431622 -0.24090286 0.78800005
0.10255431 -0.24029142 0.78600001
0.10105717 -0.24029142 0.78600001
0.099560022 -0.24029142 0.78600001
0.09781336 -0.23967999 0.78400004
0.0958286 -0.23845714 0.78000003
0.09434288 -0.23845714 0.78000003
0.092738122 -0.23815142 0.77900004
0.091020025 -0.23753999 0.77700001
0.089540027 -0.23753999 0.77700001
0.08783336 -0.23692857 0.77500004
0.086134315 -0.23631714 0.77300006
0.084552407 -0.23601143 0.77200001
0.082651451 -0.23478858 0.76800001
0.081188597 -0.23478858 0.76800001
0.079621933 -0.23448287 0.76700002
0.077957168 -0.23387143 0.76500005
0.076300025 -0.23326001 0.76300001
0.074552409 -0.23234287 0.76000005
0.073104784 -0.23234287 0.76000005
0.071657166 -0.23234287 0.76000005
0.070209548 -0.23234287 0.76000005
0.068580978 -0.23173143 0.75800002
0.067137167 -0.23173143 0.75800002
0.065693356 -0.23173143 0.75800002
0.064249545 -0.23173143 0.75800002
0.06297145 -0.23234287 0.76000005
0.061523829 -0.23234287 0.76000005
0.060076211 -0.23234287 0.76000005
0.058628593 -0.23234287 0.76000005
0.057256211 -0.23264858 0.76100004
0.055806689 -0.23264858 0.76100004
0.054357164 -0.23264858 0.76100004
0.052907638 -0.23264858 0.76100004
0.051593352 -0.23326001 0.76300001
0.05014002 -0.23326001 0.76300001
0.048686687 -0.23326001 0.76300001
0.047233354 -0.23326001 0.76300001
0.045780022 -0.23326001 0.76300001
0.044442877 -0.23387143 0.76500005
0.042985734 -0.23387143 0.76500005
0.04152859 -0.23387143 0.76500005
0.04007145 -0.23387143 0.76500005
0.038614307 -0.23387143 0.76500005
0.037157163 -0.23387143 0.76500005
0.035700019 -0.23387143 0.76500005
0.034242876 -0.23387143 0.76500005
0.032785732 -0.23387143 0.76500005
0.031328592 -0.23387143 0.76500005
0.029871451 -0.23387143 0.76500005
0.028340021 -0.23326001 0.76300001
0.026957164 -0.23387143 0.76500005
0.025500022 -0.23387143 0.76500005
0.024137164 -0.23478858 0.76800001
0.022674307 -0.23478858 0.76800001
0.021211449 -0.23478858 0.76800001
0.019748593 -0.23478858 0.76800001
0.018285735 -0.23478858 0.76800001
0.016822878 -0.23478858 0.76800001
0.015400021 -0.23540001 0.77000004
0.013933354 -0.23540001 0.77000004
0.012466688 -0.23540001 0.77000004
0.01100002 -0.23540001 0.77000004
0.0095581161 -0.23601143 0.77200001
0.0080876397 -0.23601143 0.77200001
0.0066171638 -0.23601143 0.77200001
0.0051533538 -0.23631716 0.77300006
0.003690497 -0.23692858 0.77500004
0.0022143065 -0.23692858 0.77500004
0.00074002083 -0.23754001 0.77700001
-0.00073997927 -0.23754001 0.77700001
-0.0022199794 -0.23754001 0.77700001
-0.0036999795 -0.23754001 0.77700001
-0.0051666466 -0.23692858 0.77500004
-0.0066599795 -0.23754001 0.77700001
-0.00813998 -0.23754001 0.77700001
-0.0096199801 -0.23754001 0.77700001
-0.011071408 -0.23692858 0.77500004
-0.01257998 -0.23754001 0.77700001
-0.01405998 -0.23754001 0.77700001
-0.01553998 -0.23754001 0.77700001
-0.01701998 -0.23754001 0.77700001
-0.01849998 -0.23754001 0.77700001
-0.01997998 -0.23754001 0.77700001
-0.02145998 -0.23754001 0.77700001
-0.02293998 -0.23754001 0.77700001
-0.02441998 -0.23754001 0.77700001
-0.025966648 -0.23815143 0.77900004
-0.02737998 -0.23754001 0.77700001
-0.02885998 -0.23754001 0.77700001
-0.03033998 -0.23754001 0.77700001
0.10431622 -0.24240381 0.78800005
0.10281526 -0.24240381 0.78800005
0.10105717 -0.24178857 0.78600001
0.099560022 -0.24178857 0.78600001
0.09781336 -0.24117333 0.78400004
0.096074313 -0.24055809 0.78200006
0.09434288 -0.23994285 0.78000003
0.092738122 -0.23963523 0.77900004
0.091020025 -0.23901999 0.77700001
0.089540027 -0.23901999 0.77700001
0.08783336 -0.23840475 0.77500004
0.086134315 -0.23778951 0.77300006
0.08433336 -0.23686668 0.77000004
0.082651451 -0.23625144 0.76800001
0.081188597 -0.23625144 0.76800001
0.079621933 -0.23594382 0.76700002
0.077957168 -0.23532858 0.76500005
0.076300025 -0.23471335 0.76300001
0.074552409 -0.23379049 0.76000005
0.072912402 -0.23317525 0.75800002
0.071468599 -0.23317525 0.75800002
0.070024788 -0.23317525 0.75800002
0.068580978 -0.23317525 0.75800002
0.067137167 -0.23317525 0.75800002
0.065693356 -0.23317525 0.75800002
0.064249545 -0.23317525 0.75800002
0.062805742 -0.23317525 0.75800002
0.061523829 -0.23379049 0.76000005
0.060155258 -0.23409811 0.76100004
0.058705736 -0.23409811 0.76100004
0.05740669 -0.23471335 0.76300001
0.055806689 -0.23409811 0.76100004
0.054357164 -0.23409811 0.76100004
0.052907638 -0.23409811 0.76100004
0.051458117 -0.23409811 0.76100004
0.050140023 -0.23471335 0.76300001
0.048686691 -0.23471335 0.76300001
0.047233358 -0.23471335 0.76300001
0.045900024 -0.23532858 0.76500005
0.044442881 -0.23532858 0.76500005
0.043098118 -0.23594382 0.76700002
0.041637167 -0.23594382 0.76700002
0.040071454 -0.23532858 0.76500005
0.03861431 -0.23532858 0.76500005
0.037157167 -0.23532858 0.76500005
0.035700023 -0.23532858 0.76500005
0.03424288 -0.23532858 0.76500005
0.032785736 -0.23532858 0.76500005
0.031328596 -0.23532858 0.76500005
0.029871451 -0.23532858 0.76500005
0.028340021 -0.23471335 0.76300001
0.026957164 -0.23532858 0.76500005
0.025500022 -0.23532858 0.76500005
0.024105735 -0.23594382 0.76700002
0.022644782 -0.23594382 0.76700002
0.021183832 -0.23594382 0.76700002
0.019722879 -0.23594382 0.76700002
0.018285735 -0.23625144 0.76800001
0.016822878 -0.23625144 0.76800001
0.015400021 -0.23686668 0.77000004
0.013933354 -0.23686668 0.77000004
0.012434307 -0.23625144 0.76800001
0.01100002 -0.23686668 0.77000004
0.0095581161 -0.23748191 0.77200001
0.0080876397 -0.23748191 0.77200001
0.0066171642 -0.23748191 0.77200001
0.0051533543 -0.23778953 0.77300006
0.0036904973 -0.23840477 0.77500004
0.0022143067 -0.23840477 0.77500004
0.0007381161 -0.23840477 0.77500004
-0.00073807442 -0.23840477 0.77500004
-0.0022142648 -0.23840477 0.77500004
-0.0036999793 -0.23902 0.77700001
-0.0051666461 -0.23840477 0.77500004
-0.0066599795 -0.23902 0.77700001
-0.00813998 -0.23902 0.77700001
-0.0096199801 -0.23902 0.77700001
-0.01109998 -0.23902 0.77700001
-0.01257998 -0.23902 0.77700001
-0.01405998 -0.23902 0.77700001
-0.01553998 -0.23902 0.77700001
-0.01701998 -0.23902 0.77700001
-0.01849998 -0.23902 0.77700001
-0.01997998 -0.23902 0.77700001
-0.02145998 -0.23902 0.77700001
-0.02293998 -0.23902 0.77700001
-0.02441998 -0.23902 0.77700001
-0.02589998 -0.23902 0.77700001
-0.02737998 -0.23902 0.77700001
-0.028934266 -0.23963524 0.77900004
-0.030418076 -0.23963524 0.77900004
0.10294574 -0.24421428 0.78900003
0.10144288 -0.24421428 0.78900003
0.099813357 -0.24390475 0.78800005
0.09781336 -0.24266666 0.78400004
0.096320026 -0.24266666 0.78400004
0.09434288 -0.24142857 0.78000003
0.092738122 -0.24111904 0.77900004
0.091020025 -0.24049999 0.77700001
0.089540027 -0.24049999 0.77700001
0.08783336 -0.23988095 0.77500004
0.086134315 -0.2392619 0.77300006
0.08433336 -0.23833334 0.77000004
0.082651451 -0.23771429 0.76800001
0.081188597 -0.23771429 0.76800001
0.079621933 -0.23740476 0.76700002
0.077957168 -0.23678572 0.76500005
0.076300025 -0.23616667 0.76300001
0.074552409 -0.23523811 0.76000005
0.072912402 -0.23461905 0.75800002
0.071280025 -0.23400001 0.75600004
0.069840021 -0.23400001 0.75600004
0.068400025 -0.23400001 0.75600004
0.066960022 -0.23400001 0.75600004
0.065520026 -0.23400001 0.75600004
0.064080022 -0.23400001 0.75600004
0.062805742 -0.23461905 0.75800002
0.061523832 -0.23523811 0.76000005
0.060076214 -0.23523811 0.76000005
0.05870574 -0.23554763 0.76100004
0.057256214 -0.23554763 0.76100004
0.055806693 -0.23554763 0.76100004
0.054357167 -0.23554763 0.76100004
0.052907642 -0.23554763 0.76100004
0.051593356 -0.23616667 0.76300001
0.050140023 -0.23616667 0.76300001
0.048686691 -0.23616667 0.76300001
0.047233358 -0.23616667 0.76300001
0.045780025 -0.23616667 0.76300001
0.044559073 -0.23740476 0.76700002
0.043098118 -0.23740476 0.76700002
0.041637167 -0.23740476 0.76700002
0.040176213 -0.23740476 0.76700002
0.038715262 -0.23740476 0.76700002
0.037157167 -0.23678572 0.76500005
0.035700023 -0.23678572 0.76500005
0.034153357 -0.23616667 0.76300001
0.032700025 -0.23616667 0.76300001
0.031246688 -0.23616667 0.76300001
0.029871451 -0.23678572 0.76500005
0.028340021 -0.23616667 0.76300001
0.026886689 -0.23616667 0.76300001
0.025433354 -0.23616667 0.76300001
0.023980021 -0.23616667 0.76300001
0.022585735 -0.23678572 0.76500005
0.021128593 -0.23678572 0.76500005
0.019722879 -0.23740476 0.76700002
0.018285735 -0.23771429 0.76800001
0.016800974 -0.23740476 0.76700002
0.015360021 -0.23771429 0.76800001
0.013897164 -0.23771429 0.76800001
0.012434307 -0.23771429 0.76800001
0.01100002 -0.23833334 0.77000004
0.0095333541 -0.23833334 0.77000004
0.0080666877 -0.23833334 0.77000004
0.0066000214 -0.23833334 0.77000004
0.0051466879 -0.23895238 0.77200001
0.0036809735 -0.23926191 0.77300006
0.0022085924 -0.23926191 0.77300006
0.00073621143 -0.23926191 0.77300006
-0.0007380743 -0.23988096 0.77500004
-0.0022142648 -0.23988096 0.77500004
-0.0036999793 -0.2405 0.77700001
-0.0051666461 -0.23988096 0.77500004
-0.0066599795 -0.2405 0.77700001
-0.0081609311 -0.24111906 0.77900004
-0.0096199792 -0.2405 0.77700001
-0.011099979 -0.2405 0.77700001
-0.012579979 -0.2405 0.77700001
-0.014059979 -0.2405 0.77700001
-0.01553998 -0.2405 0.77700001
-0.01701998 -0.2405 0.77700001
-0.01849998 -0.2405 0.77700001
-0.01997998 -0.2405 0.77700001
-0.02145998 -0.2405 0.77700001
-0.02293998 -0.2405 0.77700001
-0.02441998 -0.2405 0.77700001
-0.02589998 -0.2405 0.77700001
-0.02737998 -0.2405 0.77700001
-0.02885998 -0.2405 0.77700001
-0.03033998 -0.2405 0.77700001
0.10281526 -0.2454057 0.78800005
0.10131431 -0.2454057 0.78800005
0.099560022 -0.24478285 0.78600001
0.09781336 -0.24416 0.78400004
0.096320026 -0.24416 0.78400004
0.09434288 -0.24291427 0.78000003
0.092857167 -0.24291427 0.78000003
0.091020025 -0.24198 0.77700001
0.089540027 -0.24198 0.77700001
0.08783336 -0.24135713 0.77500004
0.086134315 -0.24073428 0.77300006
0.08433336 -0.23980001 0.77000004
0.082651451 -0.23917715 0.76800001
0.081188597 -0.23917715 0.76800001
0.079621933 -0.23886572 0.76700002
0.077957168 -0.23824286 0.76500005
0.076000027 -0.23668572 0.76000005
0.074356213 -0.23606287 0.75800002
0.072720028 -0.23544002 0.75600004
0.071280025 -0.23544002 0.75600004
0.069840021 -0.23544002 0.75600004
0.068400025 -0.23544002 0.75600004
0.066960022 -0.23544002 0.75600004
0.065520026 -0.23544002 0.75600004
0.064080022 -0.23544002 0.75600004
0.062640026 -0.23544002 0.75600004
0.061361928 -0.23606287 0.75800002
0.060076214 -0.23668572 0.76000005
0.058628596 -0.23668572 0.76000005
0.057256214 -0.23699716 0.76100004
0.055806693 -0.23699716 0.76100004
0.054357167 -0.23699716 0.76100004
0.052907642 -0.23699716 0.76100004
0.05145812 -0.23699716 0.76100004
0.050140023 -0.23762001 0.76300001
0.048686691 -0.23762001 0.76300001
0.047233358 -0.23762001 0.76300001
0.045780025 -0.23762001 0.76300001
0.044442881 -0.23824286 0.76500005
0.042985737 -0.23824286 0.76500005
0.041528594 -0.23824286 0.76500005
0.040071454 -0.23824286 0.76500005
0.03861431 -0.23824286 0.76500005
0.037157167 -0.23824286 0.76500005
0.035700023 -0.23824286 0.76500005
0.034153357 -0.23762001 0.76300001
0.032700025 -0.23762001 0.76300001
0.031246688 -0.23762001 0.76300001
0.029793356 -0.23762001 0.76300001
0.028340021 -0.23762001 0.76300001
0.026886689 -0.23762001 0.76300001
0.025433354 -0.23762001 0.76300001
0.024042878 -0.23824286 0.76500005
0.022585735 -0.23824286 0.76500005
0.021073354 -0.23762001 0.76300001
0.019671449 -0.23824286 0.76500005
0.018214308 -0.23824286 0.76500005
0.016757164 -0.23824286 0.76500005
0.015340021 -0.23886572 0.76700002
0.013879068 -0.23886572 0.76700002
0.012418116 -0.23886572 0.76700002
0.010957164 -0.23886572 0.76700002
0.0095085921 -0.23917715 0.76800001
0.0080457348 -0.23917715 0.76800001
0.0066000214 -0.23980001 0.77000004
0.0051466879 -0.24042286 0.77200001
0.0036762115 -0.24042286 0.77200001
0.0022085924 -0.24073429 0.77300006
0.0007362116 -0.24073429 0.77300006
-0.00073616946 -0.24073429 0.77300006
-0.0022085505 -0.24073429 0.77300006
-0.0036904551 -0.24135715 0.77500004
-0.0051666461 -0.24135715 0.77500004
-0.0066428366 -0.24135715 0.77500004
-0.0081609311 -0.24260287 0.77900004
-0.0096199792 -0.24198002 0.77700001
-0.011071407 -0.24135715 0.77500004
-0.012547598 -0.24135715 0.77500004
-0.014059979 -0.24198002 0.77700001
-0.01553998 -0.24198002 0.77700001
-0.01701998 -0.24198002 0.77700001
-0.01849998 -0.24198002 0.77700001
-0.01997998 -0.24198002 0.77700001
-0.02145998 -0.24198002 0.77700001
-0.02293998 -0.24198002 0.77700001
-0.02441998 -0.24198002 0.77700001
-0.02589998 -0.24198002 0.77700001
-0.02737998 -0.24198002 0.77700001
-0.02885998 -0.24198002 0.77700001
-0.03033998 -0.24198002 0.77700001
0.10281526 -0.24690667 0.78800005
0.10105717 -0.24628 0.78600001
0.099560022 -0.24628 0.78600001
0.09781336 -0.24565333 0.78400004
0.096074313 -0.24502666 0.78200006
0.09434288 -0.24439999 0.78000003
0.092738122 -0.24408667 0.77900004
0.091020025 -0.24346 0.77700001
0.089540027 -0.24346 0.77700001
0.08783336 -0.24283333 0.77500004
0.086134315 -0.24220666 0.77300006
0.08433336 -0.24126668 0.77000004
0.082651451 -0.24064001 0.76800001
0.081188597 -0.24064001 0.76800001
0.079621933 -0.24032667 0.76700002
0.077753358 -0.23907334 0.76300001
0.076000027 -0.23813334 0.76000005
0.074356213 -0.23750667 0.75800002
0.072720028 -0.23688 0.75600004
0.071280025 -0.23688 0.75600004
0.069840021 -0.23688 0.75600004
0.068400025 -0.23688 0.75600004
0.066960022 -0.23688 0.75600004
0.065520026 -0.23688 0.75600004
0.064080022 -0.23688 0.75600004
0.062640026 -0.23688 0.75600004
0.061361928 -0.23750667 0.75800002
0.060076214 -0.23813334 0.76000005
0.058628596 -0.23813334 0.76000005
0.057256214 -0.23844668 0.76100004
0.055806693 -0.23844668 0.76100004
0.054357167 -0.23844668 0.76100004
0.052907642 -0.23844668 0.76100004
0.05145812 -0.23844668 0.76100004
0.050140023 -0.23907334 0.76300001
0.048686691 -0.23907334 0.76300001
0.047233358 -0.23907334 0.76300001
0.045780025 -0.23907334 0.76300001
0.044326689 -0.23907334 0.76300001
0.042985737 -0.2397 0.76500005
0.041528594 -0.2397 0.76500005
0.040071454 -0.2397 0.76500005
0.03861431 -0.2397 0.76500005
0.037060022 -0.23907334 0.76300001
0.03560669 -0.23907334 0.76300001
0.034153357 -0.23907334 0.76300001
0.032700025 -0.23907334 0.76300001
0.031246688 -0.23907334 0.76300001
0.029793356 -0.23907334 0.76300001
0.028265735 -0.23844668 0.76100004
0.026816212 -0.23844668 0.76100004
0.025366688 -0.23844668 0.76100004
0.023917165 -0.23844668 0.76100004
0.022526689 -0.23907334 0.76300001
0.021073354 -0.23907334 0.76300001
0.019620022 -0.23907334 0.76300001
0.018214308 -0.2397 0.76500005
0.016713355 -0.23907334 0.76300001
0.015300022 -0.2397 0.76500005
0.013879069 -0.24032667 0.76700002
0.012418117 -0.24032667 0.76700002
0.01097145 -0.24064001 0.76800001
0.009508593 -0.24064001 0.76800001
0.0080457358 -0.24064001 0.76800001
0.0066000214 -0.24126668 0.77000004
0.0051333546 -0.24126668 0.77000004
0.0036762117 -0.24189334 0.77200001
0.0022057355 -0.24189334 0.77200001
0.00073621172 -0.24220668 0.77300006
-0.00073616934 -0.24220668 0.77300006
-0.0022085502 -0.24220668 0.77300006
-0.0036904551 -0.24283335 0.77500004
-0.0051666456 -0.24283335 0.77500004
-0.0066428361 -0.24283335 0.77500004
-0.0081609311 -0.24408668 0.77900004
-0.0096447412 -0.24408668 0.77900004
-0.011099979 -0.24346001 0.77700001
-0.012579979 -0.24346001 0.77700001
-0.014059979 -0.24346001 0.77700001
-0.01553998 -0.24346001 0.77700001
-0.01701998 -0.24346001 0.77700001
-0.01849998 -0.24346001 0.77700001
-0.01997998 -0.24346001 0.77700001
-0.02145998 -0.24346001 0.77700001
-0.02293998 -0.24346001 0.77700001
-0.02441998 -0.24346001 0.77700001
-0.02589998 -0.24346001 0.77700001
-0.02737998 -0.24346001 0.77700001
-0.02885998 -0.24346001 0.77700001
0.10281526 -0.24840762 0.78800005
0.10105717 -0.24777713 0.78600001
0.099306695 -0.24714667 0.78400004
0.097563833 -0.24651618 0.78200006
0.0958286 -0.24588571 0.78000003
0.094221927 -0.24557047 0.77900004
0.092738122 -0.24557047 0.77900004
0.091020025 -0.24494 0.77700001
0.089309551 -0.24430951 0.77500004
0.08783336 -0.24430951 0.77500004
0.085800022 -0.24273333 0.77000004
0.08433336 -0.24273334 0.77000004
0.082651451 -0.24210286 0.76800001
0.081188597 -0.24210286 0.76800001
0.079621933 -0.24178763 0.76700002
0.077957168 -0.24115714 0.76500005
0.075800024 -0.23895049 0.75800002
0.074356213 -0.23895049 0.75800002
0.072720028 -0.23832001 0.75600004
0.071280025 -0.23832001 0.75600004
0.069840021 -0.23832001 0.75600004
0.068400025 -0.23832001 0.75600004
0.066960022 -0.23832001 0.75600004
0.065520026 -0.23832001 0.75600004
0.064080022 -0.23832001 0.75600004
0.062640026 -0.23832001 0.75600004
0.061361928 -0.23895049 0.75800002
0.059918121 -0.23895049 0.75800002
0.058628596 -0.23958096 0.76000005
0.057256214 -0.23989619 0.76100004
0.055806693 -0.23989619 0.76100004
0.054357167 -0.23989619 0.76100004
0.052907642 -0.23989619 0.76100004
0.05145812 -0.23989619 0.76100004
0.050008595 -0.23989619 0.76100004
0.048559073 -0.23989619 0.76100004
0.047233358 -0.24052668 0.76300001
0.045780025 -0.24052668 0.76300001
0.044326689 -0.24052668 0.76300001
0.042873356 -0.24052668 0.76300001
0.041420024 -0.24052668 0.76300001
0.039966691 -0.24052668 0.76300001
0.038513359 -0.24052668 0.76300001
0.037060022 -0.24052668 0.76300001
0.03560669 -0.24052668 0.76300001
0.034153357 -0.24052668 0.76300001
0.032614309 -0.23989619 0.76100004
0.031246688 -0.24052668 0.76300001
0.029793356 -0.24052668 0.76300001
0.028265735 -0.23989619 0.76100004
0.026816212 -0.23989619 0.76100004
0.025366688 -0.23989619 0.76100004
0.023917165 -0.23989619 0.76100004
0.022526689 -0.24052668 0.76300001
0.021018116 -0.23989619 0.76100004
0.019568592 -0.23989619 0.76100004
0.018166687 -0.24052668 0.76300001
0.016713355 -0.24052668 0.76300001
0.015300022 -0.24115714 0.76500005
0.013879069 -0.24178763 0.76700002
0.012418117 -0.24178763 0.76700002
0.010957165 -0.24178763 0.76700002
0.009496212 -0.24178763 0.76700002
0.0080457358 -0.24210286 0.76800001
0.0066000219 -0.24273334 0.77000004
0.005133355 -0.24273334 0.77000004
0.0036762117 -0.24336381 0.77200001
0.0022057355 -0.24336381 0.77200001
0.00073621183 -0.24367906 0.77300006
-0.0007380739 -0.24430953 0.77500004
-0.0022085502 -0.24367906 0.77300006
-0.0036904549 -0.24430953 0.77500004
-0.0051666456 -0.24430953 0.77500004
-0.0066771219 -0.24557048 0.77900004
-0.0081609311 -0.24557048 0.77900004
-0.0096447412 -0.24557048 0.77900004
-0.01112855 -0.24557048 0.77900004
-0.01261236 -0.24557048 0.77900004
-0.01409617 -0.24557048 0.77900004
-0.01553998 -0.24494001 0.77700001
-0.01701998 -0.24494001 0.77700001
-0.01849998 -0.24494001 0.77700001
-0.01997998 -0.24494001 0.77700001
-0.02145998 -0.24494001 0.77700001
-0.02293998 -0.24494001 0.77700001
-0.02441998 -0.24494001 0.77700001
-0.025966646 -0.24557048 0.77900004
-0.027450455 -0.24557048 0.77900004
0.10497812 -0.25149429 0.79300004
0.10281526 -0.24990857 0.78800005
0.10105717 -0.24927428 0.78600001
0.099306695 -0.24864 0.78400004
0.097563833 -0.2480057 0.78200006
0.0958286 -0.24737142 0.78000003
0.094221927 -0.24705428 0.77900004
0.092738122 -0.24705428 0.77900004
0.091020025 -0.24642 0.77700001
0.089309551 -0.24578571 0.77500004
0.087606691 -0.24515142 0.77300006
0.085800022 -0.24419999 0.77000004
0.08433336 -0.24420001 0.77000004
0.082651451 -0.24356572 0.76800001
0.081188597 -0.24356572 0.76800001
0.079621933 -0.24324858 0.76700002
0.077957168 -0.2426143 0.76500005
0.076000027 -0.24102858 0.76000005
0.074356213 -0.24039429 0.75800002
0.072720028 -0.23976001 0.75600004
0.071280025 -0.23976001 0.75600004
0.069840021 -0.23976001 0.75600004
0.068400025 -0.23976001 0.75600004
0.066960022 -0.23976001 0.75600004
0.065520026 -0.23976001 0.75600004
0.064080022 -0.23976001 0.75600004
0.062640026 -0.23976001 0.75600004
0.061361928 -0.24039429 0.75800002
0.059918121 -0.24039429 0.75800002
0.05847431 -0.24039429 0.75800002
0.057180978 -0.24102858 0.76000005
0.055733357 -0.24102858 0.76000005
0.054357167 -0.24134572 0.76100004
0.052907642 -0.24134572 0.76100004
0.051390499 -0.24102858 0.76000005
0.050008595 -0.24134572 0.76100004
0.048559073 -0.24134572 0.76100004
0.047109548 -0.24134572 0.76100004
0.045780025 -0.24198002 0.76300001
0.044326689 -0.24198002 0.76300001
0.042873356 -0.24198002 0.76300001
0.041420024 -0.24198002 0.76300001
0.039966691 -0.24198002 0.76300001
0.038513359 -0.24198002 0.76300001
0.036962882 -0.24134572 0.76100004
0.03560669 -0.24198002 0.76300001
0.034063835 -0.24134572 0.76100004
0.032614309 -0.24134572 0.76100004
0.031164784 -0.24134572 0.76100004
0.029793356 -0.24198002 0.76300001
0.028265735 -0.24134572 0.76100004
0.026816212 -0.24134572 0.76100004
0.025366688 -0.24134572 0.76100004
0.023917165 -0.24134572 0.76100004
0.022526689 -0.24198002 0.76300001
0.021018116 -0.24134572 0.76100004
0.019568592 -0.24134572 0.76100004
0.018166687 -0.24198002 0.76300001
0.016713355 -0.24198002 0.76300001
0.015300022 -0.2426143 0.76500005
0.013842879 -0.2426143 0.76500005
0.012385736 -0.2426143 0.76500005
0.010957165 -0.24324858 0.76700002
0.009496212 -0.24324858 0.76700002
0.0080352603 -0.24324858 0.76700002
0.0066000219 -0.24420001 0.77000004
0.005133355 -0.24420001 0.77000004
0.0036762119 -0.24483429 0.77200001
0.0022057358 -0.24483429 0.77200001
0.00073621195 -0.24515143 0.77300006
-0.00073807378 -0.24578573 0.77500004
-0.0022142644 -0.24578573 0.77500004
-0.0036904549 -0.24578573 0.77500004
-0.0051666456 -0.24578573 0.77500004
-0.0066771219 -0.24705429 0.77900004
-0.0081609311 -0.24705429 0.77900004
0.11047622 -0.25523812 0.80000001
0.10895241 -0.25523812 0.80000001
0.10716002 -0.25460002 0.79800004
0.10550764 -0.25428095 0.79700005
0.10320669 -0.25236666 0.79100001
0.10131431 -0.25140953 0.78800005
0.099560022 -0.25077143 0.78600001
0.09781336 -0.25013334 0.78400004
0.0958286 -0.24885714 0.78000003
0.09434288 -0.24885714 0.78000003
0.092857167 -0.24885714 0.78000003
0.091020025 -0.24789999 0.77700001
0.089309551 -0.2472619 0.77500004
0.087606691 -0.2466238 0.77300006
0.085800022 -0.24566667 0.77000004
0.08433336 -0.24566668 0.77000004
0.082651451 -0.24502859 0.76800001
0.081188597 -0.24502859 0.76800001
0.079621933 -0.24470954 0.76700002
0.077753358 -0.24343334 0.76300001
0.076000027 -0.2424762 0.76000005
0.074356213 -0.2418381 0.75800002
0.072720028 -0.24120001 0.75600004
0.071280025 -0.24120001 0.75600004
0.069840021 -0.24120001 0.75600004
0.068400025 -0.24120001 0.75600004
0.066960022 -0.24120001 0.75600004
0.065520026 -0.24120001 0.75600004
0.064080022 -0.24120001 0.75600004
0.062640026 -0.24120001 0.75600004
0.061200026 -0.24120001 0.75600004
0.059760023 -0.24120001 0.75600004
0.05847431 -0.2418381 0.75800002
0.057030499 -0.2418381 0.75800002
0.055586692 -0.2418381 0.75800002
0.054285739 -0.2424762 0.76000005
0.052838121 -0.2424762 0.76000005
0.051390499 -0.2424762 0.76000005
0.050008595 -0.24279524 0.76100004
0.048559073 -0.24279524 0.76100004
0.047109548 -0.24279524 0.76100004
0.045780025 -0.24343334 0.76300001
0.044326689 -0.24343334 0.76300001
0.042873356 -0.24343334 0.76300001
0.041420024 -0.24343334 0.76300001
0.039861929 -0.24279524 0.76100004
0.038412403 -0.24279524 0.76100004
0.036962882 -0.24279524 0.76100004
0.035513356 -0.24279524 0.76100004
0.034063835 -0.24279524 0.76100004
0.032614309 -0.24279524 0.76100004
0.031164784 -0.24279524 0.76100004
0.02971526 -0.24279524 0.76100004
0.028265735 -0.24279524 0.76100004
0.026816212 -0.24279524 0.76100004
0.025366688 -0.24279524 0.76100004
0.023917165 -0.24279524 0.76100004
0.022526689 -0.24343334 0.76300001
0.021073354 -0.24343334 0.76300001
0.019620022 -0.24343334 0.76300001
0.018166687 -0.24343334 0.76300001
0.016713355 -0.24343334 0.76300001
0.015300022 -0.24407144 0.76500005
0.013879069 -0.24470954 0.76700002
0.012418117 -0.24470954 0.76700002
0.010957165 -0.24470954 0.76700002
0.009496212 -0.24470954 0.76700002
0.0080457358 -0.24502859 0.76800001
0.0066000219 -0.24566668 0.77000004
0.005133355 -0.24566668 0.77000004
0.0036666882 -0.24566668 0.77000004
0.0022000214 -0.24566668 0.77000004
0.00073621207 -0.24662381 0.77300006
-0.00073807366 -0.24726191 0.77500004
-0.0022142641 -0.24726191 0.77500004
-0.0036904546 -0.24726191 0.77500004
0.11047622 -0.25676191 0.80000001
0.10868002 -0.25612 0.79800004
0.10716002 -0.25612 0.79800004
0.10524289 -0.25515714 0.79500002
0.10320669 -0.25387335 0.79100001
0.10131431 -0.25291049 0.78800005
0.099560022 -0.25226858 0.78600001
0.09781336 -0.25162667 0.78400004
0.0958286 -0.25034288 0.78000003
0.094221927 -0.2500219 0.77900004
0.092500024 -0.24937999 0.77700001
0.091020025 -0.24937999 0.77700001
0.089309551 -0.2487381 0.77500004
0.08783336 -0.2487381 0.77500004
0.086134315 -0.24809618 0.77300006
0.08433336 -0.24713334 0.77000004
0.082651451 -0.24649143 0.76800001
0.08108288 -0.24617049 0.76700002
0.079414308 -0.24552858 0.76500005
0.077753358 -0.24488668 0.76300001
0.076300025 -0.24488668 0.76300001
0.074356213 -0.24328192 0.75800002
0.072720028 -0.24264 0.75600004
0.071280025 -0.24264 0.75600004
0.069840021 -0.24264 0.75600004
0.068309546 -0.24231906 0.75500005
0.066871457 -0.24231906 0.75500005
0.065520026 -0.24264 0.75600004
0.064080022 -0.24264 0.75600004
0.062640026 -0.24264 0.75600004
0.061200026 -0.24264 0.75600004
0.059760023 -0.24264 0.75600004
0.058320023 -0.24264 0.75600004
0.056880023 -0.24264 0.75600004
0.055586692 -0.24328192 0.75800002
0.054142881 -0.24328192 0.75800002
0.05269907 -0.24328192 0.75800002
0.051390499 -0.24392381 0.76000005
0.049942881 -0.24392381 0.76000005
0.048559073 -0.24424477 0.76100004
0.047109548 -0.24424477 0.76100004
0.045660023 -0.24424477 0.76100004
0.044210501 -0.24424477 0.76100004
0.042760976 -0.24424477 0.76100004
0.041311454 -0.24424477 0.76100004
0.039861929 -0.24424477 0.76100004
0.038412403 -0.24424477 0.76100004
0.036962882 -0.24424477 0.76100004
0.035513356 -0.24424477 0.76100004
0.034063835 -0.24424477 0.76100004
0.032571454 -0.24392381 0.76000005
0.031164784 -0.24424477 0.76100004
0.02971526 -0.24424477 0.76100004
0.028265735 -0.24424477 0.76100004
0.026816212 -0.24424477 0.76100004
0.025366688 -0.24424477 0.76100004
0.023917165 -0.24424477 0.76100004
0.022526689 -0.24488668 0.76300001
0.021073354 -0.24488668 0.76300001
0.019620022 -0.24488668 0.76300001
0.01821431 -0.24552858 0.76500005
0.016713355 -0.24488668 0.76300001
0.015340022 -0.24617049 0.76700002
0.013879069 -0.24617049 0.76700002
0.012418117 -0.24617049 0.76700002
0.01097145 -0.24649143 0.76800001
0.009496212 -0.24617049 0.76700002
0.0080457358 -0.24649143 0.76800001
0.0066000219 -0.24713334 0.77000004
0.005133355 -0.24713334 0.77000004
0.0036666885 -0.24713334 0.77000004
0.0022000216 -0.24713334 0.77000004
0.11047622 -0.25828573 0.80000001
0.10868002 -0.25764 0.79800004
0.10716002 -0.25764 0.79800004
0.10524289 -0.25667143 0.79500002
0.10320669 -0.25538 0.79100001
0.10131431 -0.25441143 0.78800005
0.099560022 -0.25376573 0.78600001
0.09781336 -0.25312001 0.78400004
0.0958286 -0.25182858 0.78000003
0.094221927 -0.25150573 0.77900004
0.092500024 -0.25086001 0.77700001
0.090785742 -0.25021431 0.77500004
0.089309551 -0.25021431 0.77500004
0.087606691 -0.24956857 0.77300006
0.086134315 -0.24956857 0.77300006
0.08433336 -0.24860001 0.77000004
0.082651451 -0.24795429 0.76800001
0.08108288 -0.24763143 0.76700002
0.079414308 -0.24698572 0.76500005
0.077753358 -0.24634001 0.76300001
0.076000027 -0.24537143 0.76000005
0.074356213 -0.24472572 0.75800002
0.072720028 -0.24408001 0.75600004
0.071280025 -0.24408001 0.75600004
0.069840021 -0.24408001 0.75600004
0.068309546 -0.24375716 0.75500005
0.066960022 -0.24408001 0.75600004
0.065433361 -0.24375716 0.75500005
0.063995264 -0.24375716 0.75500005
0.062557168 -0.24375716 0.75500005
0.061200026 -0.24408001 0.75600004
0.059760023 -0.24408001 0.75600004
0.058320023 -0.24408001 0.75600004
0.056880023 -0.24408001 0.75600004
0.055440024 -0.24408001 0.75600004
0.054000024 -0.24408001 0.75600004
0.052560024 -0.24408001 0.75600004
0.051255263 -0.24472572 0.75800002
0.049811453 -0.24472572 0.75800002
0.048367642 -0.24472572 0.75800002
0.046923835 -0.24472572 0.75800002
0.045600023 -0.24537143 0.76000005
0.044152405 -0.24537143 0.76000005
0.042760976 -0.24569429 0.76100004
0.041311454 -0.24569429 0.76100004
0.039809547 -0.24537143 0.76000005
0.038361929 -0.24537143 0.76000005
0.036914308 -0.24537143 0.76000005
0.03546669 -0.24537143 0.76000005
0.034063835 -0.24569429 0.76100004
0.032571454 -0.24537143 0.76000005
0.031164786 -0.24569429 0.76100004
0.029715262 -0.24569429 0.76100004
0.028265737 -0.24569429 0.76100004
0.026816214 -0.24569429 0.76100004
0.02536669 -0.24569429 0.76100004
0.023980023 -0.24634001 0.76300001
0.022526691 -0.24634001 0.76300001
0.021073356 -0.24634001 0.76300001
0.019620024 -0.24634001 0.76300001
0.01821431 -0.24698572 0.76500005
0.016757166 -0.24698572 0.76500005
0.015360022 -0.24795429 0.76800001
0.013933355 -0.24860001 0.77000004
0.012434307 -0.24795429 0.76800001
0.011000021 -0.24860001 0.77000004
0.009508593 -0.24795429 0.76800001
0.0080457358 -0.24795429 0.76800001
0.0066000223 -0.24860001 0.77000004
0.0051333555 -0.24860001 0.77000004
0.0036666885 -0.24860001 0.77000004
0.11047622 -0.25980952 0.80000001
0.10868002 -0.25916001 0.79800004
0.10716002 -0.25916001 0.79800004
0.10524289 -0.25818571 0.79500002
0.10320669 -0.25688669 0.79100001
0.10131431 -0.25591239 0.78800005
0.099560022 -0.25526285 0.78600001
0.09781336 -0.25461334 0.78400004
0.09570574 -0.25298953 0.77900004
0.094221927 -0.25298953 0.77900004
0.092500024 -0.25234002 0.77700001
0.090785742 -0.25169048 0.77500004
0.089309551 -0.25169048 0.77500004
0.087606691 -0.25104097 0.77300006
0.085800022 -0.25006667 0.77000004
0.08433336 -0.25006667 0.77000004
0.082651451 -0.24941716 0.76800001
0.08108288 -0.24909239 0.76700002
0.079414308 -0.24844287 0.76500005
0.077753358 -0.24779335 0.76300001
0.076000027 -0.24681906 0.76000005
0.074356213 -0.24616954 0.75800002
0.072720028 -0.24552001 0.75600004
0.071280025 -0.24552001 0.75600004
0.069840021 -0.24552001 0.75600004
0.068309546 -0.24519524 0.75500005
0.066960022 -0.24552001 0.75600004
0.065433361 -0.24519524 0.75500005
0.063995264 -0.24519524 0.75500005
0.062557168 -0.24519524 0.75500005
0.061200026 -0.24552001 0.75600004
0.059760023 -0.24552001 0.75600004
0.058320023 -0.24552001 0.75600004
0.056880023 -0.24552001 0.75600004
0.055440024 -0.24552001 0.75600004
0.054000024 -0.24552001 0.75600004
0.05269907 -0.24616954 0.75800002
0.051255263 -0.24616954 0.75800002
0.049811453 -0.24616954 0.75800002
0.048367642 -0.24616954 0.75800002
0.047047645 -0.24681906 0.76000005
0.045600023 -0.24681906 0.76000005
0.044152405 -0.24681906 0.76000005
0.042704787 -0.24681906 0.76000005
0.041257165 -0.24681906 0.76000005
0.039809547 -0.24681906 0.76000005
0.038361929 -0.24681906 0.76000005
0.036962882 -0.24714382 0.76100004
0.035513356 -0.24714382 0.76100004
0.034063835 -0.24714382 0.76100004
0.032614309 -0.24714382 0.76100004
0.031164786 -0.24714382 0.76100004
0.029715262 -0.24714382 0.76100004
0.028265737 -0.24714382 0.76100004
0.026816214 -0.24714382 0.76100004
0.025433356 -0.24779335 0.76300001
0.023980023 -0.24779335 0.76300001
0.022526691 -0.24779335 0.76300001
0.021073356 -0.24779335 0.76300001
0.019671451 -0.24844287 0.76500005
0.018261928 -0.24909239 0.76700002
0.016800975 -0.24909239 0.76700002
0.015400022 -0.25006667 0.77000004
0.013933355 -0.25006667 0.77000004
0.012466689 -0.25006667 0.77000004
0.011000021 -0.25006667 0.77000004
0.009508593 -0.24941716 0.76800001
0.0080457358 -0.24941716 0.76800001
0.11047622 -0.26133335 0.80000001
0.10895241 -0.26133335 0.80000001
0.1074286 -0.26133335 0.80000001
0.10550764 -0.26035336 0.79700005
0.10320669 -0.25839335 0.79100001
0.10131431 -0.25741336 0.78800005
0.099560022 -0.25676 0.78600001
0.09781336 -0.25610667 0.78400004
0.0958286 -0.25480002 0.78000003
0.094221927 -0.25447333 0.77900004
0.092738122 -0.25447333 0.77900004
0.090785742 -0.25316668 0.77500004
0.089309551 -0.25316668 0.77500004
0.087606691 -0.25251335 0.77300006
0.085800022 -0.25153333 0.77000004
0.08433336 -0.25153333 0.77000004
0.082651451 -0.25088 0.76800001
0.08108288 -0.25055334 0.76700002
0.079414308 -0.24990001 0.76500005
0.077753358 -0.24924667 0.76300001
0.076000027 -0.24826668 0.76000005
0.074356213 -0.24761334 0.75800002
0.072720028 -0.24696001 0.75600004
0.071280025 -0.24696001 0.75600004
0.069840021 -0.24696001 0.75600004
0.068309546 -0.24663334 0.75500005
0.066871457 -0.24663334 0.75500005
0.065433361 -0.24663334 0.75500005
0.063995264 -0.24663334 0.75500005
0.062557168 -0.24663334 0.75500005
0.061119072 -0.24663334 0.75500005
0.059680976 -0.24663334 0.75500005
0.058320023 -0.24696001 0.75600004
0.056804787 -0.24663334 0.75500005
0.055440024 -0.24696001 0.75600004
0.054000024 -0.24696001 0.75600004
0.05269907 -0.24761334 0.75800002
0.051255263 -0.24761334 0.75800002
0.049811453 -0.24761334 0.75800002
0.048495263 -0.24826668 0.76000005
0.047047645 -0.24826668 0.76000005
0.045600023 -0.24826668 0.76000005
0.044152405 -0.24826668 0.76000005
0.042704787 -0.24826668 0.76000005
0.041257165 -0.24826668 0.76000005
0.039809547 -0.24826668 0.76000005
0.038412403 -0.24859335 0.76100004
0.036962882 -0.24859335 0.76100004
0.03560669 -0.24924667 0.76300001
0.034153357 -0.24924667 0.76300001
0.032700025 -0.24924667 0.76300001
0.0314105 -0.25055334 0.76700002
0.029871453 -0.24990001 0.76500005
0.028414309 -0.24990001 0.76500005
0.02688669 -0.24924667 0.76300001
0.025433356 -0.24924667 0.76300001
0.023980023 -0.24924667 0.76300001
0.022526691 -0.24924667 0.76300001
0.021073356 -0.24924667 0.76300001
0.019671451 -0.24990001 0.76500005
0.01821431 -0.24990001 0.76500005
0.016800975 -0.25055334 0.76700002
0.015400023 -0.25153333 0.77000004
0.013933356 -0.25153333 0.77000004
0.012499071 -0.25218669 0.77200001
0.011028594 -0.25218669 0.77200001
0.11047622 -0.26285714 0.80000001
0.10895241 -0.26285714 0.80000001
0.10716002 -0.2622 0.79800004
0.10550764 -0.26187143 0.79700005
0.10320669 -0.2599 0.79100001
0.10131431 -0.25891429 0.78800005
0.099560022 -0.25825715 0.78600001
0.09781336 -0.25760001 0.78400004
0.0958286 -0.25628573 0.78000003
0.094221927 -0.25595716 0.77900004
0.092738122 -0.25595716 0.77900004
0.091020025 -0.25530002 0.77700001
0.089309551 -0.25464287 0.77500004
0.08783336 -0.25464287 0.77500004
0.086134315 -0.25398573 0.77300006
0.08433336 -0.25300002 0.77000004
0.082651451 -0.25234288 0.76800001
0.080871455 -0.25135714 0.76500005
0.07920669 -0.2507 0.76300001
0.077549547 -0.25004286 0.76100004
0.076000027 -0.2497143 0.76000005
0.074160025 -0.2484 0.75600004
0.072720028 -0.2484 0.75600004
0.071185738 -0.24807143 0.75500005
0.069747642 -0.24807143 0.75500005
0.068309546 -0.24807143 0.75500005
0.066871457 -0.24807143 0.75500005
0.065433361 -0.24807143 0.75500005
0.063995264 -0.24807143 0.75500005
0.062557168 -0.24807143 0.75500005
0.061119072 -0.24807143 0.75500005
0.059680976 -0.24807143 0.75500005
0.05824288 -0.24807143 0.75500005
0.056804787 -0.24807143 0.75500005
0.055440024 -0.2484 0.75600004
0.054000024 -0.2484 0.75600004
0.052560024 -0.2484 0.75600004
0.051255263 -0.24905716 0.75800002
0.049811453 -0.24905716 0.75800002
0.048495263 -0.2497143 0.76000005
0.047047645 -0.2497143 0.76000005
0.045600023 -0.2497143 0.76000005
0.044152405 -0.2497143 0.76000005
0.042760976 -0.25004286 0.76100004
0.041311454 -0.25004286 0.76100004
0.039861929 -0.25004286 0.76100004
0.038513359 -0.2507 0.76300001
0.037157167 -0.25135714 0.76500005
0.035700023 -0.25135714 0.76500005
0.034690499 -0.25464287 0.77500004
0.033214308 -0.25464287 0.77500004
0.031738117 -0.25464287 0.77500004
0.030144785 -0.25365716 0.77200001
0.028674308 -0.25365716 0.77200001
0.027203834 -0.25365716 0.77200001
0.026066691 -0.25694287 0.78200006
0.024577167 -0.25694287 0.78200006
0.022526691 -0.2507 0.76300001
0.021073356 -0.2507 0.76300001
0.019671451 -0.25135714 0.76500005
0.01686669 -0.25300002 0.77000004
0.015400023 -0.25300002 0.77000004
0.11047622 -0.26438096 0.80000001
0.10895241 -0.26438096 0.80000001
0.10716002 -0.26372001 0.79800004
0.10524289 -0.26272857 0.79500002
0.10320669 -0.26140669 0.79100001
0.10131431 -0.26041526 0.78800005
0.099560022 -0.2597543 0.78600001
0.097314313 -0.25777143 0.78000003
0.0958286 -0.25777143 0.78000003
0.094221927 -0.25744095 0.77900004
0.092500024 -0.25678 0.77700001
0.090785742 -0.25611904 0.77500004
0.089309551 -0.25611904 0.77500004
0.08783336 -0.25611904 0.77500004
0.086134315 -0.25545812 0.77300006
0.08433336 -0.25446668 0.77000004
0.082651451 -0.25380573 0.76800001
0.08108288 -0.25347525 0.76700002
0.079414308 -0.25281429 0.76500005
0.077549547 -0.25149238 0.76100004
0.075800024 -0.25050095 0.75800002
0.074160025 -0.24984001 0.75600004
0.072720028 -0.24984001 0.75600004
0.071185738 -0.24950953 0.75500005
0.069747642 -0.24950953 0.75500005
0.068128593 -0.24884859 0.75300002
0.066871457 -0.24950953 0.75500005
0.065260023 -0.24884859 0.75300002
0.063995264 -0.24950953 0.75500005
0.062557168 -0.24950953 0.75500005
0.061119072 -0.24950953 0.75500005
0.059680976 -0.24950953 0.75500005
0.05824288 -0.24950953 0.75500005
0.056804787 -0.24950953 0.75500005
0.055440024 -0.24984001 0.75600004
0.054000024 -0.24984001 0.75600004
0.052560024 -0.24984001 0.75600004
0.051255263 -0.25050095 0.75800002
0.049942881 -0.2511619 0.76000005
0.048495263 -0.2511619 0.76000005
0.047109548 -0.25149238 0.76100004
0.045660023 -0.25149238 0.76100004
0.044210501 -0.25149238 0.76100004
0.042760976 -0.25149238 0.76100004
0.041420024 -0.25215334 0.76300001
0.039966691 -0.25215334 0.76300001
0.039119072 -0.25611904 0.77500004
0.037545737 -0.25545812 0.77300006
0.03616669 -0.25611904 0.77500004
0.034690499 -0.25611904 0.77500004
0.033300024 -0.25678 0.77700001
0.031820025 -0.25678 0.77700001
0.030340023 -0.25678 0.77700001
0.028860023 -0.25678 0.77700001
0.027556214 -0.25843239 0.78200006
0.026066691 -0.25843239 0.78200006
0.024577167 -0.25843239 0.78200006
0.11047622 -0.26590478 0.80000001
0.10895241 -0.26590478 0.80000001
0.10716002 -0.26524001 0.79800004
0.10524289 -0.26424286 0.79500002
0.10320669 -0.26291335 0.79100001
0.10131431 -0.26191619 0.78800005
0.099306695 -0.26058668 0.78400004
0.097314313 -0.25925714 0.78000003
0.0958286 -0.25925714 0.78000003
0.094221927 -0.25892478 0.77900004
0.092500024 -0.25826001 0.77700001
0.090785742 -0.25759524 0.77500004
0.089309551 -0.25759524 0.77500004
0.08783336 -0.25759524 0.77500004
0.086022884 -0.25659811 0.77200001
0.08433336 -0.25593334 0.77000004
0.082651451 -0.25526857 0.76800001
0.08108288 -0.25493619 0.76700002
0.079414308 -0.25427145 0.76500005
0.077549547 -0.25294191 0.76100004
0.075800024 -0.25194478 0.75800002
0.074160025 -0.25128001 0.75600004
0.072623834 -0.25094762 0.75500005
0.071185738 -0.25094762 0.75500005
0.069747642 -0.25094762 0.75500005
0.068128593 -0.25028285 0.75300002
0.066871457 -0.25094762 0.75500005
0.065260023 -0.25028285 0.75300002
0.063825741 -0.25028285 0.75300002
0.062557168 -0.25094762 0.75500005
0.061119072 -0.25094762 0.75500005
0.059680976 -0.25094762 0.75500005
0.05824288 -0.25094762 0.75500005
0.056804787 -0.25094762 0.75500005
0.055366691 -0.25094762 0.75500005
0.054000024 -0.25128001 0.75600004
0.05269907 -0.25194478 0.75800002
0.051255263 -0.25194478 0.75800002
0.049942881 -0.25260952 0.76000005
0.048559073 -0.25294191 0.76100004
0.047109548 -0.25294191 0.76100004
0.045660023 -0.25294191 0.76100004
0.044326689 -0.25360668 0.76300001
0.042873356 -0.25360668 0.76300001
0.041637167 -0.25493619 0.76700002
0.040176213 -0.25493619 0.76700002
0.039119072 -0.25759524 0.77500004
0.037642881 -0.25759524 0.77500004
0.03616669 -0.25759524 0.77500004
0.034780025 -0.25826001 0.77700001
0.033385739 -0.25892478 0.77900004
0.03190193 -0.25892478 0.77900004
0.030418118 -0.25892478 0.77900004
0.028971452 -0.25925714 0.78000003
0.027556214 -0.25992191 0.78200006
0.026066691 -0.25992191 0.78200006
0.024577167 -0.25992191 0.78200006
0.11047622 -0.26742858 0.80000001
0.10868002 -0.26676002 0.79800004
0.10702574 -0.26642573 0.79700005
0.10497812 -0.26508859 0.79300004
0.10320669 -0.26442 0.79100001
0.10131431 -0.26341715 0.78800005
0.099306695 -0.26208001 0.78400004
0.09781336 -0.26208001 0.78400004
0.09570574 -0.26040858 0.77900004
0.094221927 -0.26040858 0.77900004
0.092500024 -0.25974 0.77700001
0.091020025 -0.25974 0.77700001
0.089309551 -0.25907144 0.77500004
0.08783336 -0.25907144 0.77500004
0.086134315 -0.25840285 0.77300006
0.084552407 -0.25806859 0.77200001
0.082866691 -0.25740001 0.77000004
0.081188597 -0.25673145 0.76800001
0.079414308 -0.25572857 0.76500005
0.077549547 -0.25439143 0.76100004
0.075800024 -0.25338858 0.75800002
0.07406193 -0.25238574 0.75500005
0.072623834 -0.25238574 0.75500005
0.071185738 -0.25238574 0.75500005
0.069562882 -0.25171715 0.75300002
0.068128593 -0.25171715 0.75300002
0.066871457 -0.25238574 0.75500005
0.065260023 -0.25171715 0.75300002
0.063825741 -0.25171715 0.75300002
0.062557168 -0.25238574 0.75500005
0.061119072 -0.25238574 0.75500005
0.059680976 -0.25238574 0.75500005
0.05824288 -0.25238574 0.75500005
0.056804787 -0.25238574 0.75500005
0.055366691 -0.25238574 0.75500005
0.054000024 -0.25272 0.75600004
0.05269907 -0.25338858 0.75800002
0.051390499 -0.25405714 0.76000005
0.050008595 -0.25439143 0.76100004
0.048559073 -0.25439143 0.76100004
0.047233358 -0.25506002 0.76300001
0.045780025 -0.25506002 0.76300001
0.044326689 -0.25506002 0.76300001
0.043098118 -0.25639716 0.76700002
0.041691452 -0.25673145 0.76800001
0.040490501 -0.25840285 0.77300006
0.039119072 -0.25907144 0.77500004
0.037642881 -0.25907144 0.77500004
0.03616669 -0.25907144 0.77500004
0.034780025 -0.25974 0.77700001
0.033385739 -0.26040858 0.77900004
0.03190193 -0.26040858 0.77900004
0.030457167 -0.26074287 0.78000003
0.028971452 -0.26074287 0.78000003
0.027556214 -0.26141143 0.78200006
0.026066691 -0.26141143 0.78200006
0.024577167 -0.26141143 0.78200006
0.11047622 -0.2689524 0.80000001
0.10868002 -0.26828 0.79800004
0.1064886 -0.26659906 0.79300004
0.10497812 -0.26659906 0.79300004
0.10294574 -0.26525429 0.78900003
0.10131431 -0.26491812 0.78800005
0.099560022 -0.26424572 0.78600001
0.097314313 -0.26222858 0.78000003
0.09570574 -0.26189238 0.77900004
0.093980029 -0.26122001 0.77700001
0.092500024 -0.26122001 0.77700001
0.091020025 -0.26122001 0.77700001
0.089309551 -0.26054764 0.77500004
0.08783336 -0.26054764 0.77500004
0.086134315 -0.25987524 0.77300006
0.084552407 -0.25953907 0.77200001
0.082866691 -0.25886667 0.77000004
0.081188597 -0.2581943 0.76800001
0.079725742 -0.2581943 0.76800001
0.077753358 -0.25651336 0.76300001
0.075800024 -0.25483239 0.75800002
0.07406193 -0.25382382 0.75500005
0.072623834 -0.25382382 0.75500005
0.071185738 -0.25382382 0.75500005
0.069562882 -0.25315145 0.75300002
0.068128593 -0.25315145 0.75300002
0.066694312 -0.25315145 0.75300002
0.065260023 -0.25315145 0.75300002
0.063825741 -0.25315145 0.75300002
0.062557168 -0.25382382 0.75500005
0.061119072 -0.25382382 0.75500005
0.059680976 -0.25382382 0.75500005
0.05824288 -0.25382382 0.75500005
0.056804787 -0.25382382 0.75500005
0.055366691 -0.25382382 0.75500005
0.054000024 -0.25416002 0.75600004
0.05269907 -0.25483239 0.75800002
0.05145812 -0.25584096 0.76100004
0.050008595 -0.25584096 0.76100004
0.048559073 -0.25584096 0.76100004
0.047233358 -0.25651336 0.76300001
0.045900024 -0.25718573 0.76500005
0.044442881 -0.25718573 0.76500005
0.043098118 -0.2578581 0.76700002
0.041800022 -0.25886667 0.77000004
0.040490501 -0.25987524 0.77300006
0.039119072 -0.26054764 0.77500004
0.037642881 -0.26054764 0.77500004
0.03616669 -0.26054764 0.77500004
0.034780025 -0.26122001 0.77700001
0.033385739 -0.26189238 0.77900004
0.03190193 -0.26189238 0.77900004
0.030418118 -0.26189238 0.77900004
0.028971452 -0.26222858 0.78000003
0.027556214 -0.26290095 0.78200006
0.026066691 -0.26290095 0.78200006
0.024577167 -0.26290095 0.78200006
0.11047622 -0.27047619 0.80000001
0.10868002 -0.26980001 0.79800004
0.1064886 -0.26810953 0.79300004
0.10471336 -0.26743335 0.79100001
0.10294574 -0.26675716 0.78900003
0.10131431 -0.26641905 0.78800005
0.099560022 -0.26574287 0.78600001
0.09781336 -0.26506668 0.78400004
0.09570574 -0.26337621 0.77900004
0.094221927 -0.26337621 0.77900004
0.092500024 -0.26270002 0.77700001
0.091020025 -0.26270002 0.77700001
0.089309551 -0.26202381 0.77500004
0.08783336 -0.26202381 0.77500004
0.086134315 -0.26134762 0.77300006
0.084552407 -0.26100954 0.77200001
0.082866691 -0.26033333 0.77000004
0.081188597 -0.25965714 0.76800001
0.079621933 -0.25931907 0.76700002
0.077753358 -0.25796667 0.76300001
0.076000027 -0.2569524 0.76000005
0.074160025 -0.25560001 0.75600004
0.072720028 -0.25560001 0.75600004
0.071185738 -0.25526193 0.75500005
0.069747642 -0.25526193 0.75500005
0.068309546 -0.25526193 0.75500005
0.066871457 -0.25526193 0.75500005
0.065260023 -0.25458571 0.75300002
0.063825741 -0.25458571 0.75300002
0.062557168 -0.25526193 0.75500005
0.060957167 -0.25458571 0.75300002
0.059680976 -0.25526193 0.75500005
0.05824288 -0.25526193 0.75500005
0.056880023 -0.25560001 0.75600004
0.055440024 -0.25560001 0.75600004
0.054142881 -0.25627619 0.75800002
0.052838121 -0.2569524 0.76000005
0.05145812 -0.25729048 0.76100004
0.050008595 -0.25729048 0.76100004
0.048686691 -0.25796667 0.76300001
0.047357168 -0.25864285 0.76500005
0.045900024 -0.25864285 0.76500005
0.044559073 -0.25931907 0.76700002
0.04315431 -0.25965714 0.76800001
0.041908596 -0.26100954 0.77200001
0.040490501 -0.26134762 0.77300006
0.039119072 -0.26202381 0.77500004
0.037642881 -0.26202381 0.77500004
0.03616669 -0.26202381 0.77500004
0.034690499 -0.26202381 0.77500004
0.033300024 -0.26270002 0.77700001
0.031820025 -0.26270002 0.77700001
0.030418118 -0.26337621 0.77900004
0.028971452 -0.26371428 0.78000003
0.027556214 -0.2643905 0.78200006
0.026066691 -0.2643905 0.78200006
0.024577167 -0.2643905 0.78200006
0.11047622 -0.27200001 0.80000001
0.10868002 -0.27132002 0.79800004
0.1064886 -0.26962 0.79300004
0.10471336 -0.26894 0.79100001
0.10294574 -0.26826 0.78900003
0.10131431 -0.26792002 0.78800005
0.099813357 -0.26792002 0.78800005
0.09806288 -0.26724002 0.78600001
0.0958286 -0.26520002 0.78000003
0.094221927 -0.26486 0.77900004
0.092500024 -0.26418 0.77700001
0.091020025 -0.26418 0.77700001
0.089309551 -0.26350001 0.77500004
0.08783336 -0.26350001 0.77500004
0.086134315 -0.26282001 0.77300006
0.084552407 -0.26248002 0.77200001
0.082866691 -0.26180002 0.77000004
0.081188597 -0.26112002 0.76800001
0.079621933 -0.26078001 0.76700002
0.077753358 -0.25942001 0.76300001
0.076100022 -0.25874001 0.76100004
0.074356213 -0.25772002 0.75800002
0.072720028 -0.25704002 0.75600004
0.071280025 -0.25704002 0.75600004
0.069747642 -0.25670001 0.75500005
0.068309546 -0.25670001 0.75500005
0.066871457 -0.25670001 0.75500005
0.065433361 -0.25670001 0.75500005
0.063995264 -0.25670001 0.75500005
0.062557168 -0.25670001 0.75500005
0.061119072 -0.25670001 0.75500005
0.059760023 -0.25704002 0.75600004
0.058320023 -0.25704002 0.75600004
0.057030499 -0.25772002 0.75800002
0.055440024 -0.25704002 0.75600004
0.054142881 -0.25772002 0.75800002
0.052838121 -0.25840002 0.76000005
0.05145812 -0.25874001 0.76100004
0.050140023 -0.25942001 0.76300001
0.048814312 -0.26010001 0.76500005
0.047357168 -0.26010001 0.76500005
0.046020024 -0.26078001 0.76700002
0.044617169 -0.26112002 0.76800001
0.043266691 -0.26180002 0.77000004
0.041908596 -0.26248002 0.77200001
0.040490501 -0.26282001 0.77300006
0.039018121 -0.26282001 0.77300006
0.037545737 -0.26282001 0.77300006
0.036073357 -0.26282001 0.77300006
0.034690499 -0.26350001 0.77500004
0.033214308 -0.26350001 0.77500004
0.031820025 -0.26418 0.77700001
0.030340023 -0.26418 0.77700001
0.028934309 -0.26486 0.77900004
0.0274505 -0.26486 0.77900004
0.026066691 -0.26588002 0.78200006
0.11047622 -0.27352381 0.80000001
0.10868002 -0.27284002 0.79800004
0.1064886 -0.27113047 0.79300004
0.10471336 -0.27044669 0.79100001
0.10294574 -0.26976287 0.78900003
0.10131431 -0.26942095 0.78800005
0.099813357 -0.26942095 0.78800005
0.09806288 -0.26873717 0.78600001
0.0958286 -0.26668572 0.78000003
0.094221927 -0.26634383 0.77900004
0.092500024 -0.26566002 0.77700001
0.091020025 -0.26566002 0.77700001
0.089309551 -0.2649762 0.77500004
0.08783336 -0.2649762 0.77500004
0.086134315 -0.26429239 0.77300006
0.084552407 -0.2639505 0.77200001
0.082651451 -0.26258287 0.76800001
0.081188597 -0.26258287 0.76800001
0.079414308 -0.26155716 0.76500005
0.077753358 -0.26087335 0.76300001
0.076100022 -0.26018953 0.76100004
0.074552409 -0.25984764 0.76000005
0.072912402 -0.25916383 0.75800002
0.071280025 -0.25848001 0.75600004
0.069840021 -0.25848001 0.75600004
0.068309546 -0.25813809 0.75500005
0.066871457 -0.25813809 0.75500005
0.065433361 -0.25813809 0.75500005
0.063995264 -0.25813809 0.75500005
0.062557168 -0.25813809 0.75500005
0.061119072 -0.25813809 0.75500005
0.059760023 -0.25848001 0.75600004
0.058320023 -0.25848001 0.75600004
0.057030499 -0.25916383 0.75800002
0.055586692 -0.25916383 0.75800002
0.054142881 -0.25916383 0.75800002
0.052838121 -0.25984764 0.76000005
0.05145812 -0.26018953 0.76100004
0.050140023 -0.26087335 0.76300001
0.048814312 -0.26155716 0.76500005
0.047480978 -0.26224098 0.76700002
0.046080023 -0.26258287 0.76800001
0.044617169 -0.26258287 0.76800001
0.043266691 -0.26326668 0.77000004
0.041800022 -0.26326668 0.77000004
0.040490501 -0.26429239 0.77300006
0.039018121 -0.26429239 0.77300006
0.037545737 -0.26429239 0.77300006
0.03616669 -0.2649762 0.77500004
0.034690499 -0.2649762 0.77500004
0.033214308 -0.2649762 0.77500004
0.031820025 -0.26566002 0.77700001
0.030340023 -0.26566002 0.77700001
0.028860023 -0.26566002 0.77700001
0.027380023 -0.26566002 0.77700001
0.11047622 -0.27504763 0.80000001
0.10868002 -0.27436 0.79800004
0.1064886 -0.27264097 0.79300004
0.10471336 -0.27195334 0.79100001
0.10294574 -0.27126572 0.78900003
0.10144288 -0.27126572 0.78900003
0.099813357 -0.27092192 0.78800005
0.09806288 -0.27023429 0.78600001
0.0958286 -0.26817143 0.78000003
0.094221927 -0.26782763 0.77900004
0.092500024 -0.26714 0.77700001
0.091020025 -0.26714 0.77700001
0.089309551 -0.2664524 0.77500004
0.08783336 -0.2664524 0.77500004
0.086134315 -0.26576477 0.77300006
0.084552407 -0.26542097 0.77200001
0.082651451 -0.26404572 0.76800001
0.081188597 -0.26404572 0.76800001
0.079414308 -0.26301429 0.76500005
0.077957168 -0.26301429 0.76500005
0.076100022 -0.26163906 0.76100004
0.074650504 -0.26163906 0.76100004
0.073104784 -0.26129526 0.76000005
0.071468599 -0.26060763 0.75800002
0.069840021 -0.25992 0.75600004
0.068400025 -0.25992 0.75600004
0.066871457 -0.2595762 0.75500005
0.065433361 -0.2595762 0.75500005
0.063995264 -0.2595762 0.75500005
0.062557168 -0.2595762 0.75500005
0.061200026 -0.25992 0.75600004
0.059760023 -0.25992 0.75600004
0.05847431 -0.26060763 0.75800002
0.057180978 -0.26129526 0.76000005
0.055733357 -0.26129526 0.76000005
0.054285739 -0.26129526 0.76000005
0.052907642 -0.26163906 0.76100004
0.05145812 -0.26163906 0.76100004
0.050140023 -0.26232669 0.76300001
0.048686691 -0.26232669 0.76300001
0.047357168 -0.26301429 0.76500005
0.046020024 -0.26370192 0.76700002
0.044617169 -0.26404572 0.76800001
0.04315431 -0.26404572 0.76800001
0.041800022 -0.26473334 0.77000004
0.040438119 -0.26542097 0.77200001
0.039018121 -0.26576477 0.77300006
0.037545737 -0.26576477 0.77300006
0.03616669 -0.2664524 0.77500004
0.034690499 -0.2664524 0.77500004
0.033300024 -0.26714 0.77700001
0.031942882 -0.26817143 0.78000003
0.030457169 -0.26817143 0.78000003
0.028971454 -0.26817143 0.78000003
0.027380025 -0.26714 0.77700001
0.11047622 -0.27657145 0.80000001
0.10868002 -0.27588001 0.79800004
0.1064886 -0.27415144 0.79300004
0.10471336 -0.27346 0.79100001
0.10294574 -0.27276859 0.78900003
0.10144288 -0.27276859 0.78900003
0.099940024 -0.27276859 0.78900003
0.098312408 -0.27242288 0.78800005
0.096074313 -0.27034858 0.78200006
0.09434288 -0.26965716 0.78000003
0.092738122 -0.26931143 0.77900004
0.091020025 -0.26862001 0.77700001
0.089540027 -0.26862001 0.77700001
0.088060029 -0.26862001 0.77700001
0.086134315 -0.26723716 0.77300006
0.084552407 -0.26689145 0.77200001
0.082651451 -0.26550859 0.76800001
0.081188597 -0.26550859 0.76800001
0.079414308 -0.26447144 0.76500005
0.077957168 -0.26447144 0.76500005
0.076300025 -0.26378 0.76300001
0.074650504 -0.26308858 0.76100004
0.073200978 -0.26308858 0.76100004
0.071657166 -0.26274288 0.76000005
0.070024788 -0.26205143 0.75800002
0.068400025 -0.26136002 0.75600004
0.066960022 -0.26136002 0.75600004
0.065520026 -0.26136002 0.75600004
0.064080022 -0.26136002 0.75600004
0.062557168 -0.26101428 0.75500005
0.061200026 -0.26136002 0.75600004
0.059760023 -0.26136002 0.75600004
0.05847431 -0.26205143 0.75800002
0.057180978 -0.26274288 0.76000005
0.055806693 -0.26308858 0.76100004
0.054357167 -0.26308858 0.76100004
0.052907642 -0.26308858 0.76100004
0.051593356 -0.26378 0.76300001
0.050140023 -0.26378 0.76300001
0.048814312 -0.26447144 0.76500005
0.047480978 -0.26516286 0.76700002
0.046080023 -0.26550859 0.76800001
0.044733357 -0.26620001 0.77000004
0.043266691 -0.26620001 0.77000004
0.041908596 -0.26689145 0.77200001
0.040490501 -0.26723716 0.77300006
0.039018121 -0.26723716 0.77300006
0.037545737 -0.26723716 0.77300006
0.03616669 -0.26792857 0.77500004
0.034690499 -0.26792857 0.77500004
0.033300024 -0.26862001 0.77700001
0.031820025 -0.26862001 0.77700001
0.030340025 -0.26862001 0.77700001
0.028971454 -0.26965716 0.78000003
0.11047622 -0.27809525 0.80000001
0.10868002 -0.27740002 0.79800004
0.1064886 -0.27566192 0.79300004
0.10471336 -0.27496669 0.79100001
0.10294574 -0.27427143 0.78900003
0.10144288 -0.27427143 0.78900003
0.099940024 -0.27427143 0.78900003
0.098312408 -0.27392381 0.78800005
0.096320026 -0.27253336 0.78400004
0.094584785 -0.2718381 0.78200006
0.092738122 -0.27079526 0.77900004
0.091020025 -0.2701 0.77700001
0.089540027 -0.2701 0.77700001
0.08783336 -0.26940477 0.77500004
0.086134315 -0.26870954 0.77300006
0.084552407 -0.26836193 0.77200001
0.082866691 -0.26766667 0.77000004
0.081188597 -0.26697144 0.76800001
0.079414308 -0.26592857 0.76500005
0.077957168 -0.26592857 0.76500005
0.076300025 -0.26523334 0.76300001
0.074650504 -0.26453811 0.76100004
0.073200978 -0.26453811 0.76100004
0.071657166 -0.2641905 0.76000005
0.070209548 -0.2641905 0.76000005
0.068580978 -0.26349524 0.75800002
0.066960022 -0.26280001 0.75600004
0.065520026 -0.26280001 0.75600004
0.064080022 -0.26280001 0.75600004
0.062640026 -0.26280001 0.75600004
0.061200026 -0.26280001 0.75600004
0.059760023 -0.26280001 0.75600004
0.05847431 -0.26349524 0.75800002
0.057180978 -0.2641905 0.76000005
0.055733357 -0.2641905 0.76000005
0.054285739 -0.2641905 0.76000005
0.052907642 -0.26453811 0.76100004
0.051593356 -0.26523334 0.76300001
0.050140023 -0.26523334 0.76300001
0.048814312 -0.26592857 0.76500005
0.047542881 -0.26697144 0.76800001
0.046080023 -0.26697144 0.76800001
0.044733357 -0.26766667 0.77000004
0.043379072 -0.26836193 0.77200001
0.041908596 -0.26836193 0.77200001
0.040490501 -0.26870954 0.77300006
0.039119072 -0.26940477 0.77500004
0.037545737 -0.26870954 0.77300006
0.03616669 -0.26940477 0.77500004
0.034690499 -0.26940477 0.77500004
0.033214308 -0.26940477 0.77500004
0.031738117 -0.26940477 0.77500004
0.03026193 -0.26940477 0.77500004
0.11047622 -0.27961907 0.80000001
0.10868002 -0.27892002 0.79800004
0.1064886 -0.27717239 0.79300004
0.10471336 -0.27647334 0.79100001
0.10320669 -0.27647334 0.79100001
0.10170002 -0.27647334 0.79100001
0.099940024 -0.2757743 0.78900003
0.098312408 -0.27542478 0.78800005
0.096320026 -0.27402666 0.78400004
0.094584785 -0.27332762 0.78200006
0.092857167 -0.27262858 0.78000003
0.091254309 -0.27227905 0.77900004
0.089540027 -0.27158001 0.77700001
0.08783336 -0.27088097 0.77500004
0.086134315 -0.27018192 0.77300006
0.084552407 -0.2698324 0.77200001
0.082651451 -0.26843429 0.76800001
0.08108288 -0.26808476 0.76700002
0.079414308 -0.26738572 0.76500005
0.077957168 -0.26738572 0.76500005
0.076300025 -0.26668668 0.76300001
0.074846692 -0.26668668 0.76300001
0.073200978 -0.26598763 0.76100004
0.071751453 -0.26598763 0.76100004
0.070209548 -0.26563811 0.76000005
0.068580978 -0.26493907 0.75800002
0.067137167 -0.26493907 0.75800002
0.065520026 -0.26424 0.75600004
0.064080022 -0.26424 0.75600004
0.062640026 -0.26424 0.75600004
0.061200026 -0.26424 0.75600004
0.059760023 -0.26424 0.75600004
0.05847431 -0.26493907 0.75800002
0.057180978 -0.26563811 0.76000005
0.055733357 -0.26563811 0.76000005
0.054285739 -0.26563811 0.76000005
0.052907642 -0.26598763 0.76100004
0.051593356 -0.26668668 0.76300001
0.050140023 -0.26668668 0.76300001
0.048814312 -0.26738572 0.76500005
0.047542881 -0.26843429 0.76800001
0.046320025 -0.2698324 0.77200001
0.044849548 -0.2698324 0.77200001
0.043435261 -0.27018192 0.77300006
0.041962881 -0.27018192 0.77300006
0.040595263 -0.27088097 0.77500004
0.039119072 -0.27088097 0.77500004
0.037642881 -0.27088097 0.77500004
0.036260024 -0.27158001 0.77700001
0.034780025 -0.27158001 0.77700001
0.033300024 -0.27158001 0.77700001
0.031820025 -0.27158001 0.77700001
0.03026193 -0.27088097 0.77500004
0.11047622 -0.28114286 0.80000001
0.10868002 -0.28044 0.79800004
0.1064886 -0.27868286 0.79300004
0.10471336 -0.27798 0.79100001
0.10320669 -0.27798 0.79100001
0.10144288 -0.27727714 0.78900003
0.099940024 -0.27727714 0.78900003
0.098312408 -0.27692571 0.78800005
0.096320026 -0.27552 0.78400004
0.094584785 -0.27481714 0.78200006
0.093095265 -0.27481714 0.78200006
0.091371454 -0.27411428 0.78000003
0.089770503 -0.27376288 0.77900004
0.088060029 -0.27306002 0.77700001
0.086580023 -0.27306002 0.77700001
0.084552407 -0.27130288 0.77200001
0.082866691 -0.27060002 0.77000004
0.081188597 -0.26989716 0.76800001
0.079414308 -0.26884288 0.76500005
0.077957168 -0.26884288 0.76500005
0.076300025 -0.26814002 0.76300001
0.074846692 -0.26814002 0.76300001
0.07339336 -0.26814002 0.76300001
0.071751453 -0.26743716 0.76100004
0.070209548 -0.26708573 0.76000005
0.06876193 -0.26708573 0.76000005
0.067137167 -0.26638287 0.75800002
0.065520026 -0.26568002 0.75600004
0.064080022 -0.26568002 0.75600004
0.062557168 -0.26532859 0.75500005
0.061200026 -0.26568002 0.75600004
0.059760023 -0.26568002 0.75600004
0.058320023 -0.26568002 0.75600004
0.057030499 -0.26638287 0.75800002
0.055733357 -0.26708573 0.76000005
0.054285739 -0.26708573 0.76000005
0.052907642 -0.26743716 0.76100004
0.051593356 -0.26814002 0.76300001
0.050140023 -0.26814002 0.76300001
0.048814312 -0.26884288 0.76500005
0.047666691 -0.27060002 0.77000004
0.046320025 -0.27130288 0.77200001
0.044907644 -0.27165431 0.77300006
0.043435261 -0.27165431 0.77300006
0.041962881 -0.27165431 0.77300006
0.040700022 -0.27306002 0.77700001
0.039220024 -0.27306002 0.77700001
0.037740022 -0.27306002 0.77700001
0.036353357 -0.27376288 0.77900004
0.034914311 -0.27411428 0.78000003
0.033428594 -0.27411428 0.78000003
0.031942882 -0.27411428 0.78000003
0.11047622 -0.28266668 0.80000001
0.10854384 -0.28160667 0.79700005
0.1064886 -0.28019333 0.79300004
0.10471336 -0.27948669 0.79100001
0.10320669 -0.27948669 0.79100001
0.10144288 -0.27878001 0.78900003
0.099940024 -0.27878001 0.78900003
0.09806288 -0.27772 0.78600001
0.096320026 -0.27701333 0.78400004
0.094584785 -0.27630669 0.78200006
0.093095265 -0.27630669 0.78200006
0.091371454 -0.27560002 0.78000003
0.089770503 -0.27524668 0.77900004
0.088060029 -0.27454001 0.77700001
0.086357169 -0.27383333 0.77500004
0.084661931 -0.27312669 0.77300006
0.083081931 -0.27277336 0.77200001
0.081400022 -0.27206668 0.77000004
0.079621933 -0.27100667 0.76700002
0.077957168 -0.2703 0.76500005
0.076300025 -0.26959336 0.76300001
0.074846692 -0.26959336 0.76300001
0.07339336 -0.26959336 0.76300001
0.071751453 -0.26888669 0.76100004
0.070301928 -0.26888669 0.76100004
0.068852402 -0.26888669 0.76100004
0.067137167 -0.26782668 0.75800002
0.065520026 -0.26712 0.75600004
0.064080022 -0.26712 0.75600004
0.062557168 -0.26676667 0.75500005
0.061200026 -0.26712 0.75600004
0.059760023 -0.26712 0.75600004
0.058320023 -0.26712 0.75600004
0.056880023 -0.26712 0.75600004
0.055586692 -0.26782668 0.75800002
0.054142881 -0.26782668 0.75800002
0.05269907 -0.26782668 0.75800002
0.051593356 -0.26959336 0.76300001
0.050140023 -0.26959336 0.76300001
0.049005739 -0.27136001 0.76800001
0.047666691 -0.27206668 0.77000004
0.046320025 -0.27277336 0.77200001
0.044907644 -0.27312669 0.77300006
0.043547641 -0.27383333 0.77500004
0.041962881 -0.27312669 0.77300006
0.040700022 -0.27454001 0.77700001
0.039320976 -0.27524668 0.77900004
0.037837166 -0.27524668 0.77900004
0.036400024 -0.27560002 0.78000003
0.035003833 -0.27630669 0.78200006
0.03351431 -0.27630669 0.78200006
0.031942882 -0.27560002 0.78000003
0.11047622 -0.28419048 0.80000001
0.10854384 -0.28312477 0.79700005
0.1064886 -0.28170383 0.79300004
0.10471336 -0.28099334 0.79100001
0.10320669 -0.28099334 0.79100001
0.10170002 -0.28099334 0.79100001
0.099940024 -0.28028286 0.78900003
0.098312408 -0.27992764 0.78800005
0.096320026 -0.27850667 0.78400004
0.094584785 -0.27779621 0.78200006
0.093095265 -0.27779621 0.78200006
0.091371454 -0.27708572 0.78000003
0.089770503 -0.27673048 0.77900004
0.088060029 -0.27602002 0.77700001
0.086357169 -0.27530953 0.77500004
0.084880978 -0.27530953 0.77500004
0.083189547 -0.27459905 0.77300006
0.081611454 -0.27424383 0.77200001
0.079725742 -0.27282286 0.76800001
0.078160979 -0.27246764 0.76700002
0.076500028 -0.27175716 0.76500005
0.074846692 -0.27104667 0.76300001
0.07339336 -0.27104667 0.76300001
0.071751453 -0.27033621 0.76100004
0.070301928 -0.27033621 0.76100004
0.06876193 -0.26998097 0.76000005
0.067314312 -0.26998097 0.76000005
0.065693356 -0.26927048 0.75800002
0.064080022 -0.26856002 0.75600004
0.062640026 -0.26856002 0.75600004
0.061200026 -0.26856002 0.75600004
0.059760023 -0.26856002 0.75600004
0.058320023 -0.26856002 0.75600004
0.056880023 -0.26856002 0.75600004
0.055586692 -0.26927048 0.75800002
0.054142881 -0.26927048 0.75800002
0.052907642 -0.27033621 0.76100004
0.051728595 -0.27175716 0.76500005
0.050468594 -0.27282286 0.76800001
0.049005739 -0.27282286 0.76800001
0.047790501 -0.27424383 0.77200001
0.046380024 -0.27459905 0.77300006
0.044907644 -0.27459905 0.77300006
0.043547641 -0.27530953 0.77500004
0.042071454 -0.27530953 0.77500004
0.040595263 -0.27530953 0.77500004
0.039220024 -0.27602002 0.77700001
0.037740022 -0.27602002 0.77700001
0.036400028 -0.27708572 0.78000003
0.034914315 -0.27708572 0.78000003
0.033428598 -0.27708572 0.78000003
0.11047622 -0.2857143 0.80000001
0.10854384 -0.28464288 0.79700005
0.1064886 -0.2832143 0.79300004
0.10471336 -0.2825 0.79100001
0.10320669 -0.2825 0.79100001
0.10144288 -0.28178573 0.78900003
0.099940024 -0.28178573 0.78900003
0.098312408 -0.28142858 0.78800005
0.096320026 -0.28 0.78400004
0.094826691 -0.28 0.78400004
0.093095265 -0.27928573 0.78200006
0.091605738 -0.27928573 0.78200006
0.089885741 -0.27857143 0.78000003
0.088060029 -0.2775 0.77700001
0.086580023 -0.2775 0.77700001
0.084880978 -0.27678573 0.77500004
0.083189547 -0.27607143 0.77300006
0.081717171 -0.27607143 0.77300006
0.07993336 -0.27500001 0.77000004
0.07826288 -0.27428573 0.76800001
0.076500028 -0.27321431 0.76500005
0.074846692 -0.27250001 0.76300001
0.07339336 -0.27250001 0.76300001
0.071751453 -0.27178574 0.76100004
0.070301928 -0.27178574 0.76100004
0.06876193 -0.27142859 0.76000005
0.067314312 -0.27142859 0.76000005
0.065693356 -0.27071428 0.75800002
0.064080022 -0.27000001 0.75600004
0.062640026 -0.27000001 0.75600004
0.061200026 -0.27000001 0.75600004
0.059760023 -0.27000001 0.75600004
0.058320023 -0.27000001 0.75600004
0.056880023 -0.27000001 0.75600004
0.055586692 -0.27071428 0.75800002
0.054142881 -0.27071428 0.75800002
0.052838121 -0.27142859 0.76000005
0.051728595 -0.27321431 0.76500005
0.050600026 -0.27500001 0.77000004
0.049324784 -0.27607143 0.77300006
0.047852404 -0.27607143 0.77300006
0.046500023 -0.27678573 0.77500004
0.045023832 -0.27678573 0.77500004
0.043547641 -0.27678573 0.77500004
0.042071454 -0.27678573 0.77500004
0.040700026 -0.2775 0.77700001
0.039220028 -0.2775 0.77700001
0.03783717 -0.27821431 0.77900004
0.036353361 -0.27821431 0.77900004
0.034869552 -0.27821431 0.77900004
0.033385742 -0.27821431 0.77900004
0.11047622 -0.28723809 0.80000001
0.10868002 -0.28652 0.79800004
0.1064886 -0.28472477 0.79300004
0.10471336 -0.28400669 0.79100001
0.10320669 -0.28400669 0.79100001
0.10170002 -0.28400669 0.79100001
0.099940024 -0.28328857 0.78900003
0.098312408 -0.28292954 0.78800005
0.096565738 -0.28221145 0.78600001
0.094826691 -0.28149334 0.78400004
0.093333356 -0.28149334 0.78400004
0.091605738 -0.28077525 0.78200006
0.089885741 -0.28005716 0.78000003
0.08828669 -0.2796981 0.77900004
0.086580023 -0.27898002 0.77700001
0.084880978 -0.27826193 0.77500004
0.083189547 -0.27754381 0.77300006
0.081717171 -0.27754381 0.77300006
0.080140978 -0.27718478 0.77200001
0.078466691 -0.27646667 0.77000004
0.076800026 -0.27574858 0.76800001
0.075042881 -0.27467144 0.76500005
0.07339336 -0.27395335 0.76300001
0.071940027 -0.27395335 0.76300001
0.070301928 -0.27323526 0.76100004
0.06876193 -0.2728762 0.76000005
0.067314312 -0.2728762 0.76000005
0.065693356 -0.27215812 0.75800002
0.064080022 -0.27144 0.75600004
0.062640026 -0.27144 0.75600004
0.061200026 -0.27144 0.75600004
0.059760023 -0.27144 0.75600004
0.058320023 -0.27144 0.75600004
0.056880023 -0.27144 0.75600004
0.055440024 -0.27144 0.75600004
0.054000024 -0.27144 0.75600004
0.05269907 -0.27215812 0.75800002
0.051728595 -0.27467144 0.76500005
0.050271451 -0.27467144 0.76500005
0.049324788 -0.27754381 0.77300006
0.047852408 -0.27754381 0.77300006
0.046500027 -0.27826193 0.77500004
0.044907648 -0.27754381 0.77300006
0.043547645 -0.27826193 0.77500004
0.042071458 -0.27826193 0.77500004
0.040595267 -0.27826193 0.77500004
0.039220028 -0.27898002 0.77700001
0.037740026 -0.27898002 0.77700001
0.036353361 -0.2796981 0.77900004
0.034869552 -0.2796981 0.77900004
0.033385742 -0.2796981 0.77900004
0.10868002 -0.28804001 0.79800004
0.1064886 -0.28623524 0.79300004
0.10471336 -0.28551334 0.79100001
0.10320669 -0.28551334 0.79100001
0.10170002 -0.28551334 0.79100001
0.099940024 -0.28479144 0.78900003
0.098437168 -0.28479144 0.78900003
0.096565738 -0.28370857 0.78600001
0.094826691 -0.28298667 0.78400004
0.093333356 -0.28298667 0.78400004
0.091605738 -0.28226477 0.78200006
0.089885741 -0.28154287 0.78000003
0.08828669 -0.2811819 0.77900004
0.086580023 -0.28046 0.77700001
0.085100025 -0.28046 0.77700001
0.083404787 -0.2797381 0.77500004
0.081717171 -0.2790162 0.77300006
0.080140978 -0.27865526 0.77200001
0.078466691 -0.27793333 0.77000004
0.076800026 -0.27721143 0.76800001
0.075042881 -0.27612859 0.76500005
0.07339336 -0.27540669 0.76300001
0.071940027 -0.27540669 0.76300001
0.070301928 -0.27468479 0.76100004
0.068852402 -0.27468479 0.76100004
0.067314312 -0.27432382 0.76000005
0.065693356 -0.27360192 0.75800002
0.064249545 -0.27360192 0.75800002
0.062640026 -0.27288002 0.75600004
0.061200026 -0.27288002 0.75600004
0.059760023 -0.27288002 0.75600004
0.058320023 -0.27288002 0.75600004
0.057030499 -0.27360192 0.75800002
0.055586692 -0.27360192 0.75800002
0.054000024 -0.27288002 0.75600004
0.052838121 -0.27432382 0.76000005
0.051593356 -0.27540669 0.76300001
0.050797172 -0.2790162 0.77300006
0.049324788 -0.2790162 0.77300006
0.047852408 -0.2790162 0.77300006
0.046500027 -0.2797381 0.77500004
0.044907648 -0.2790162 0.77300006
0.043547645 -0.2797381 0.77500004
0.042071458 -0.2797381 0.77500004
0.040595267 -0.2797381 0.77500004
0.039119076 -0.2797381 0.77500004
0.037740026 -0.28046 0.77700001
0.036353361 -0.2811819 0.77900004
0.034869552 -0.2811819 0.77900004
0.10895241 -0.29028574 0.80000001
0.1064886 -0.28774571 0.79300004
0.10497812 -0.28774571 0.79300004
0.10320669 -0.28702 0.79100001
0.10170002 -0.28702 0.79100001
0.10019336 -0.28702 0.79100001
0.098437168 -0.28629428 0.78900003
0.096811451 -0.28593144 0.78800005
0.095068596 -0.28520572 0.78600001
0.093571454 -0.28520572 0.78600001
0.091605738 -0.28375429 0.78200006
0.090116218 -0.28375429 0.78200006
0.088400029 -0.28302857 0.78000003
0.086580023 -0.28194001 0.77700001
0.085100025 -0.28194001 0.77700001
0.083404787 -0.2812143 0.77500004
0.081928596 -0.2812143 0.77500004
0.080244787 -0.28048858 0.77300006
0.078670502 -0.28012574 0.77200001
0.077000022 -0.27940002 0.77000004
0.075042881 -0.27758572 0.76500005
0.073585741 -0.27758572 0.76500005
0.071940027 -0.27686 0.76300001
0.070301928 -0.27613428 0.76100004
0.068852402 -0.27613428 0.76100004
0.067402884 -0.27613428 0.76100004
0.065866694 -0.27577144 0.76000005
0.064249545 -0.27504572 0.75800002
0.062640026 -0.27432001 0.75600004
0.061361928 -0.27504572 0.75800002
0.059918121 -0.27504572 0.75800002
0.05847431 -0.27504572 0.75800002
0.057030499 -0.27504572 0.75800002
0.055586692 -0.27504572 0.75800002
0.054142881 -0.27504572 0.75800002
0.052838121 -0.27577144 0.76000005
0.051593356 -0.27686 0.76300001
0.05060003 -0.27940002 0.77000004
0.049260981 -0.28012574 0.77200001
0.047790505 -0.28012574 0.77200001
0.046380028 -0.28048858 0.77300006
0.044907648 -0.28048858 0.77300006
0.043435264 -0.28048858 0.77300006
0.041962884 -0.28048858 0.77300006
0.040595267 -0.2812143 0.77500004
0.039119076 -0.2812143 0.77500004
0.037642885 -0.2812143 0.77500004
0.036166694 -0.2812143 0.77500004
0.034869552 -0.28266573 0.77900004
0.10895241 -0.29180953 0.80000001
0.1074286 -0.29180953 0.80000001
0.10497812 -0.28925622 0.79300004
0.10346764 -0.28925622 0.79300004
0.10195717 -0.28925622 0.79300004
0.10019336 -0.28852668 0.79100001
0.098437168 -0.28779715 0.78900003
0.096811451 -0.2874324 0.78800005
0.095068596 -0.28670287 0.78600001
0.093571454 -0.28670287 0.78600001
0.091840029 -0.28597334 0.78400004
0.090116218 -0.28524381 0.78200006
0.088400029 -0.28451431 0.78000003
0.086580023 -0.28342 0.77700001
0.085100025 -0.28342 0.77700001
0.083404787 -0.2826905 0.77500004
0.081928596 -0.2826905 0.77500004
0.080244787 -0.28196096 0.77300006
0.078670502 -0.28159621 0.77200001
0.077000022 -0.28086668 0.77000004
0.07523907 -0.2797724 0.76700002
0.073585741 -0.27904287 0.76500005
0.071940027 -0.27831334 0.76300001
0.070486695 -0.27831334 0.76300001
0.068852402 -0.27758381 0.76100004
0.067402884 -0.27758381 0.76100004
0.065866694 -0.27721906 0.76000005
0.064419076 -0.27721906 0.76000005
0.062805742 -0.27648953 0.75800002
0.061361928 -0.27648953 0.75800002
0.059918121 -0.27648953 0.75800002
0.05847431 -0.27648953 0.75800002
0.057180982 -0.27721906 0.76000005
0.05573336 -0.27721906 0.76000005
0.054285742 -0.27721906 0.76000005
0.052907646 -0.27758381 0.76100004
0.05159336 -0.27831334 0.76300001
0.050468598 -0.28013715 0.76800001
0.049260981 -0.28159621 0.77200001
0.047790505 -0.28159621 0.77200001
0.046380028 -0.28196096 0.77300006
0.044907648 -0.28196096 0.77300006
0.043435264 -0.28196096 0.77300006
0.042071458 -0.2826905 0.77500004
0.040595267 -0.2826905 0.77500004
0.039119076 -0.2826905 0.77500004
0.037545741 -0.28196096 0.77300006
0.036073361 -0.28196096 0.77300006
0.10895241 -0.29333335 0.80000001
0.10702574 -0.29223335 0.79700005
0.10550764 -0.29223335 0.79700005
0.1037286 -0.2915 0.79500002
0.10195717 -0.29076669 0.79300004
0.10044669 -0.29076669 0.79300004
0.098686695 -0.29003334 0.79100001
0.097180024 -0.29003334 0.79100001
0.095310502 -0.28893334 0.78800005
0.093809552 -0.28893334 0.78800005
0.091840029 -0.28746668 0.78400004
0.090346694 -0.28746668 0.78400004
0.088400029 -0.28600001 0.78000003
0.086580023 -0.28490001 0.77700001
0.085100025 -0.28490001 0.77700001
0.083620027 -0.28490001 0.77700001
0.082140028 -0.28490001 0.77700001
0.080452405 -0.28416666 0.77500004
0.078772403 -0.28343335 0.77300006
0.077200025 -0.28306669 0.77200001
0.075337172 -0.2816 0.76800001
0.073778123 -0.28123334 0.76700002
0.072128594 -0.28050002 0.76500005
0.070486695 -0.27976668 0.76300001
0.069033355 -0.27976668 0.76300001
0.067580022 -0.27976668 0.76300001
0.065953359 -0.27903333 0.76100004
0.064419076 -0.27866668 0.76000005
0.06297145 -0.27866668 0.76000005
0.061523836 -0.27866668 0.76000005
0.060076218 -0.27866668 0.76000005
0.0586286 -0.27866668 0.76000005
0.057180982 -0.27866668 0.76000005
0.05573336 -0.27866668 0.76000005
0.054357171 -0.27903333 0.76100004
0.052907646 -0.27903333 0.76100004
0.051728599 -0.28050002 0.76500005
0.050402883 -0.28123334 0.76700002
0.04913336 -0.28233334 0.77000004
0.047666695 -0.28233334 0.77000004
0.046380028 -0.28343335 0.77300006
0.044907648 -0.28343335 0.77300006
0.043435264 -0.28343335 0.77300006
0.041962884 -0.28343335 0.77300006
0.040490504 -0.28343335 0.77300006
0.039119076 -0.28416666 0.77500004
0.037545741 -0.28343335 0.77300006
0.036073361 -0.28343335 0.77300006
0.10716002 -0.29412001 0.79800004
0.10550764 -0.29375145 0.79700005
0.10398955 -0.29375145 0.79700005
0.10221431 -0.29301429 0.79500002
0.10044669 -0.29227716 0.79300004
0.098936215 -0.29227716 0.79300004
0.097180024 -0.29154 0.79100001
0.095431454 -0.29080287 0.78900003
0.093928598 -0.29080287 0.78900003
0.092074312 -0.28969714 0.78600001
0.090346694 -0.28896001 0.78400004
0.08862669 -0.28822288 0.78200006
0.086914308 -0.28748572 0.78000003
0.085319072 -0.28711715 0.77900004
0.083620027 -0.28638002 0.77700001
0.082140028 -0.28638002 0.77700001
0.080452405 -0.28564286 0.77500004
0.078976214 -0.28564286 0.77500004
0.077300027 -0.28490573 0.77300006
0.075827643 -0.28490573 0.77300006
0.07387431 -0.28306288 0.76800001
0.072317168 -0.28269431 0.76700002
0.070671454 -0.28195715 0.76500005
0.069033355 -0.28122002 0.76300001
0.067580022 -0.28122002 0.76300001
0.065953359 -0.28048286 0.76100004
0.064503834 -0.28048286 0.76100004
0.06297145 -0.28011429 0.76000005
0.061523836 -0.28011429 0.76000005
0.060076218 -0.28011429 0.76000005
0.058705743 -0.28048286 0.76100004
0.057256218 -0.28048286 0.76100004
0.055806696 -0.28048286 0.76100004
0.054357171 -0.28048286 0.76100004
0.053046696 -0.28122002 0.76300001
0.051728599 -0.28195715 0.76500005
0.050402883 -0.28269431 0.76700002
0.049005743 -0.28306288 0.76800001
0.047666695 -0.28380001 0.77000004
0.046320029 -0.28453717 0.77200001
0.044849552 -0.28453717 0.77200001
0.043379076 -0.28453717 0.77200001
0.041908599 -0.28453717 0.77200001
0.040490504 -0.28490573 0.77300006
0.10716002 -0.29564002 0.79800004
0.10550764 -0.29526955 0.79700005
0.10398955 -0.29526955 0.79700005
0.10221431 -0.29452857 0.79500002
0.10070003 -0.29452857 0.79500002
0.098936215 -0.29378763 0.79300004
0.097425744 -0.29378763 0.79300004
0.09567336 -0.29304668 0.79100001
0.094166696 -0.29304668 0.79100001
0.092308596 -0.29193524 0.78800005
0.09057717 -0.29119429 0.78600001
0.088853359 -0.29045334 0.78400004
0.08713717 -0.2897124 0.78200006
0.085428596 -0.28897145 0.78000003
0.083835267 -0.28860095 0.77900004
0.082351454 -0.28860095 0.77900004
0.080660023 -0.28786001 0.77700001
0.078976214 -0.28711906 0.77500004
0.077300027 -0.28637812 0.77300006
0.07553336 -0.28526667 0.77000004
0.07387431 -0.28452572 0.76800001
0.072411455 -0.28452572 0.76800001
0.070856214 -0.28415525 0.76700002
0.069214314 -0.2834143 0.76500005
0.067757167 -0.2834143 0.76500005
0.066126689 -0.28267333 0.76300001
0.064503834 -0.28193238 0.76100004
0.063054308 -0.28193238 0.76100004
0.06160479 -0.28193238 0.76100004
0.060155265 -0.28193238 0.76100004
0.058705743 -0.28193238 0.76100004
0.057256218 -0.28193238 0.76100004
0.055806696 -0.28193238 0.76100004
0.054357171 -0.28193238 0.76100004
0.053046696 -0.28267333 0.76300001
0.05159336 -0.28267333 0.76300001
0.050271455 -0.2834143 0.76500005
0.049005743 -0.28452572 0.76800001
0.047542885 -0.28452572 0.76800001
0.046080027 -0.28452572 0.76800001
0.044849552 -0.28600764 0.77200001
0.043379076 -0.28600764 0.77200001
0.041908599 -0.28600764 0.77200001
0.10716002 -0.29716 0.79800004
0.10564002 -0.29716 0.79800004
0.10398955 -0.29678762 0.79700005
0.10247146 -0.29678762 0.79700005
0.10095336 -0.29678762 0.79700005
0.099185742 -0.29604286 0.79500002
0.097671457 -0.29604286 0.79500002
0.095915265 -0.2952981 0.79300004
0.094404787 -0.2952981 0.79300004
0.092660025 -0.29455334 0.79100001
0.090807647 -0.2934362 0.78800005
0.089080028 -0.29269144 0.78600001
0.086914308 -0.29045716 0.78000003
0.085428596 -0.29045716 0.78000003
0.083942883 -0.29045716 0.78000003
0.082351454 -0.29008478 0.77900004
0.080660023 -0.28934002 0.77700001
0.078976214 -0.28859526 0.77500004
0.077500023 -0.28859526 0.77500004
0.075827643 -0.2878505 0.77300006
0.074066691 -0.28673333 0.77000004
0.072411455 -0.28598857 0.76800001
0.070856214 -0.28561619 0.76700002
0.069214314 -0.28487143 0.76500005
0.067757167 -0.28487143 0.76500005
0.066300027 -0.28487143 0.76500005
0.064503834 -0.28338191 0.76100004
0.063054308 -0.28338191 0.76100004
0.06160479 -0.28338191 0.76100004
0.060155265 -0.28338191 0.76100004
0.058705743 -0.28338191 0.76100004
0.057256218 -0.28338191 0.76100004
0.055806696 -0.28338191 0.76100004
0.054357171 -0.28338191 0.76100004
0.053046696 -0.28412667 0.76300001
0.051728599 -0.28487143 0.76500005
0.050140027 -0.28412667 0.76300001
0.048941933 -0.28561619 0.76700002
0.047542885 -0.28598857 0.76800001
0.046080027 -0.28598857 0.76800001
0.044849552 -0.28747812 0.77200001
0.1074286 -0.29942858 0.80000001
0.10564003 -0.29868001 0.79800004
0.10412003 -0.29868001 0.79800004
0.10247146 -0.29830572 0.79700005
0.10095337 -0.29830572 0.79700005
0.099185742 -0.29755715 0.79500002
0.097671457 -0.29755715 0.79500002
0.096157171 -0.29755715 0.79500002
0.094642885 -0.29755715 0.79500002
0.092894308 -0.29680857 0.79300004
0.090922885 -0.29531145 0.78900003
0.08930669 -0.29493716 0.78800005
0.087360024 -0.29344001 0.78400004
0.085428596 -0.29194286 0.78000003
0.083942883 -0.29194286 0.78000003
0.082351454 -0.29156858 0.77900004
0.080660023 -0.29082 0.77700001
0.079180025 -0.29082 0.77700001
0.077500023 -0.29007143 0.77500004
0.075827643 -0.28932285 0.77300006
0.074066691 -0.28820002 0.77000004
0.072600022 -0.28820002 0.77000004
0.070948593 -0.28745145 0.76800001
0.069395266 -0.28707716 0.76700002
0.067757167 -0.28632858 0.76500005
0.066126689 -0.28558001 0.76300001
0.064503834 -0.28483143 0.76100004
0.063054308 -0.28483143 0.76100004
0.06160479 -0.28483143 0.76100004
0.060155265 -0.28483143 0.76100004
0.0586286 -0.28445715 0.76000005
0.057256218 -0.28483143 0.76100004
0.055806696 -0.28483143 0.76100004
0.054357171 -0.28483143 0.76100004
0.053046696 -0.28558001 0.76300001
0.051728599 -0.28632858 0.76500005
0.050140027 -0.28558001 0.76300001
0.048686694 -0.28558001 0.76300001
0.047233362 -0.28558001 0.76300001
0.046080027 -0.28745145 0.76800001
0.1074286 -0.3009524 0.80000001
0.1059048 -0.3009524 0.80000001
0.10412003 -0.30020002 0.79800004
0.10260003 -0.30020002 0.79800004
0.10095337 -0.29982382 0.79700005
0.09943527 -0.29982382 0.79700005
0.097671464 -0.29907143 0.79500002
0.096399084 -0.29982382 0.79700005
0.094642892 -0.29907143 0.79500002
0.093128607 -0.29907143 0.79500002
0.091153361 -0.29756668 0.79100001
0.089420028 -0.29681429 0.78900003
0.087582886 -0.29568574 0.78600001
0.085647643 -0.29418096 0.78200006
0.083942883 -0.29342857 0.78000003
0.082351454 -0.29305241 0.77900004
0.080867641 -0.29305241 0.77900004
0.079180025 -0.29230002 0.77700001
0.077500023 -0.29154763 0.77500004
0.075827643 -0.29079524 0.77300006
0.074066691 -0.28966668 0.77000004
0.072600022 -0.28966668 0.77000004
0.070948593 -0.28891429 0.76800001
0.069395266 -0.2885381 0.76700002
0.067934312 -0.2885381 0.76700002
0.066300027 -0.28778574 0.76500005
0.064673357 -0.28703335 0.76300001
0.063220024 -0.28703335 0.76300001
0.06160479 -0.28628096 0.76100004
0.060155265 -0.28628096 0.76100004
0.058705743 -0.28628096 0.76100004
0.057256218 -0.28628096 0.76100004
0.055806696 -0.28628096 0.76100004
0.054357171 -0.28628096 0.76100004
0.053046696 -0.28703335 0.76300001
0.05159336 -0.28703335 0.76300001
0.050140027 -0.28703335 0.76300001
0.048686694 -0.28703335 0.76300001
0.047233362 -0.28703335 0.76300001
0.10438099 -0.3024762 0.80000001
0.10260003 -0.30172002 0.79800004
0.10108003 -0.30172002 0.79800004
0.09943527 -0.30134192 0.79700005
0.097917177 -0.30134192 0.79700005
0.096399084 -0.30134192 0.79700005
0.094880983 -0.30134192 0.79700005
0.093128607 -0.30058572 0.79500002
0.091614321 -0.30058572 0.79500002
0.089646697 -0.29907334 0.79100001
0.087805741 -0.29793906 0.78800005
0.086085737 -0.29718286 0.78600001
0.084158123 -0.29567048 0.78200006
0.08245717 -0.29491431 0.78000003
0.080867641 -0.2945362 0.77900004
0.079180025 -0.29378 0.77700001
0.077500023 -0.29302382 0.77500004
0.075827643 -0.29226762 0.77300006
0.074259073 -0.29188955 0.77200001
0.072600022 -0.29113334 0.77000004
0.070948593 -0.29037714 0.76800001
0.069395266 -0.28999907 0.76700002
0.067757167 -0.28924286 0.76500005
0.066126689 -0.28848669 0.76300001
0.064673357 -0.28848669 0.76300001
0.063054308 -0.28773049 0.76100004
0.06160479 -0.28773049 0.76100004
0.060076218 -0.28735238 0.76000005
0.0586286 -0.28735238 0.76000005
0.057180982 -0.28735238 0.76000005
0.055806696 -0.28773049 0.76100004
0.054357171 -0.28773049 0.76100004
0.053046696 -0.28848669 0.76300001
0.05159336 -0.28848669 0.76300001
0.10438099 -0.30400002 0.80000001
0.10260003 -0.30324 0.79800004
0.10108003 -0.30324 0.79800004
0.09943527 -0.30286002 0.79700005
0.097917177 -0.30286002 0.79700005
0.096520036 -0.30324 0.79800004
0.094880983 -0.30286002 0.79700005
0.09336289 -0.30286002 0.79700005
0.091844797 -0.30286002 0.79700005
0.090326697 -0.30286002 0.79700005
0.088585749 -0.3021 0.79500002
0.08586669 -0.29792002 0.78400004
0.084158123 -0.29716 0.78200006
0.082351454 -0.29602 0.77900004
0.080867641 -0.29602 0.77900004
0.079180025 -0.29526001 0.77700001
0.077700026 -0.29526001 0.77700001
0.076023832 -0.29450002 0.77500004
0.074547641 -0.29450002 0.77500004
0.072411455 -0.29184002 0.76800001
0.070856214 -0.29146001 0.76700002
0.069214314 -0.29070002 0.76500005
0.067757167 -0.29070002 0.76500005
0.066126689 -0.28994 0.76300001
0.064673357 -0.28994 0.76300001
0.063220024 -0.28994 0.76300001
0.06160479 -0.28918001 0.76100004
0.060076218 -0.2888 0.76000005
0.0586286 -0.2888 0.76000005
0.057180982 -0.2888 0.76000005
0.055806696 -0.28918001 0.76100004
0.054357171 -0.28918001 0.76100004
0.10133336 -0.30552381 0.80000001
0.09828575 -0.30552381 0.80000001
0.096761934 -0.30552381 0.80000001
0.095000036 -0.30476001 0.79800004
0.093480036 -0.30476001 0.79800004
0.091960035 -0.30476001 0.79800004
0.090440035 -0.30476001 0.79800004
0.088920034 -0.30476001 0.79800004
0.085866697 -0.29941335 0.78400004
0.08437337 -0.29941335 0.78400004
0.082880035 -0.29941335 0.78400004
0.0813867 -0.29941335 0.78400004
0.070856214 -0.29292098 0.76700002
0.069395266 -0.29292098 0.76700002
0.067934312 -0.29292098 0.76700002
0.066126689 -0.29139334 0.76300001
0.064673357 -0.29139334 0.76300001
0.063220024 -0.29139334 0.76300001
0.06160479 -0.29062954 0.76100004
0.060155265 -0.29062954 0.76100004
0.0586286 -0.29024762 0.76000005
0.069395266 -0.29438192 0.76700002
0.067934312 -0.29438192 0.76700002
0.066126689 -0.29284668 0.76300001
0.064673357 -0.29284668 0.76300001
0.060155265 -0.29207906 0.76100004
0.066126689 -0.29430002 0.76300001
