0.821701 -0.069963 -0.058565 
 0.823520 -0.082930 -0.061182 
 0.798993 -0.020902 -0.001009 
 0.800825 -0.033955 -0.003644 
 0.803086 -0.030050 -0.059857 
 0.804903 -0.043000 -0.062472 
 0.806720 -0.055949 -0.065086 
 0.808537 -0.068898 -0.067700 
 0.810293 -0.084743 -0.061398 
 0.812113 -0.097709 -0.064015 
 0.785678 -0.022727 -0.001226 
 0.787510 -0.035779 -0.003861 
 0.790054 -0.026204 -0.077932 
 0.791693 -0.044810 -0.062687 
 0.793679 -0.052033 -0.083146 
 0.795328 -0.070709 -0.067915 
 0.796907 -0.092350 -0.043782 
 0.798885 -0.099522 -0.064231 
 0.800705 -0.112489 -0.066849 
 0.770759 -0.005940 -0.016687 
 0.772586 -0.018959 -0.019315 
 0.774413 -0.031977 -0.021943 
 0.776666 -0.033671 -0.060288 
 0.778484 -0.046620 -0.062902 
 0.780504 -0.053839 -0.083361 
 0.782317 -0.066754 -0.085968 
 0.783935 -0.085468 -0.070744 
 0.785752 -0.098418 -0.073358 
 0.787570 -0.111367 -0.075973 
 0.757479 -0.007760 -0.016904 
 0.759306 -0.020778 -0.019532 
 0.761133 -0.033797 -0.022160 
 0.763457 -0.035481 -0.060503 
 0.765152 -0.051281 -0.054192 
 0.767091 -0.061380 -0.065732 
 0.769142 -0.068559 -0.086183 
 0.771184 -0.075670 -0.106620 
 0.772991 -0.088550 -0.109220 
 0.774360 -0.113177 -0.076188 
 0.743901 -0.015148 0.000758 
 0.746026 -0.022598 -0.019748 
 0.747853 -0.035617 -0.022376 
 0.749821 -0.045799 -0.033933 
 0.751925 -0.053094 -0.054408 
 0.754155 -0.057450 -0.083790 
 0.755968 -0.070365 -0.086397 
 0.758044 -0.077470 -0.106834 
 0.759852 -0.090351 -0.109434 
 0.728754 -0.003921 0.003176 
 0.730586 -0.016973 0.000541 
 0.732746 -0.024418 -0.019965 
 0.734573 -0.037437 -0.022592 
 0.736559 -0.047617 -0.034149 
 0.738383 -0.060618 -0.036773 
 0.740672 -0.065001 -0.066162 
 0.742793 -0.072170 -0.086612 
 0.744605 -0.085085 -0.089219 
 0.746712 -0.092151 -0.109649 
 0.715439 -0.005745 0.002959 
 0.717270 -0.018798 0.000324 
 0.719466 -0.026238 -0.020181 
 0.721293 -0.039257 -0.022809 
 0.723297 -0.049434 -0.034365 
 0.725121 -0.062435 -0.036989 
 0.727462 -0.066811 -0.066378 
 0.729279 -0.079760 -0.068992 
 0.731096 -0.092710 -0.071606 
 0.700292 0.005483 0.005377 
 0.702124 -0.007570 0.002742 
 0.703955 -0.020623 0.000107 
 0.706186 -0.028058 -0.020398 
 0.708013 -0.041076 -0.023025 
 0.710034 -0.051252 -0.034581 
 0.711859 -0.064253 -0.037206 
 0.714252 -0.068621 -0.066593 
 0.716069 -0.081571 -0.069207 
 0.717887 -0.094520 -0.071821 
 0.686977 0.003658 0.005160 
 0.688808 -0.009395 0.002525 
 0.691079 -0.016860 -0.017986 
 0.693123 -0.027067 -0.029548 
 0.694733 -0.042896 -0.023242 
 0.696772 -0.053069 -0.034797 
 0.698596 -0.066070 -0.037422 
 0.701042 -0.070432 -0.066808 
 0.702860 -0.083381 -0.069422 
 0.704677 -0.096330 -0.072036 
 0.673662 0.001833 0.004943 
 0.675015 -0.016778 0.020190 
 0.677325 -0.024272 -0.000327 
 0.679157 -0.037325 -0.002962 
 0.680989 -0.050378 -0.005597 
 0.683280 -0.057735 -0.026086 
 0.685106 -0.070753 -0.028714 
 0.687158 -0.080889 -0.040263 
 0.689427 -0.088091 -0.060721 
 0.691247 -0.101057 -0.063339 
 0.658515 0.013061 0.007360 
 0.660346 0.000008 0.004725 
 0.661664 -0.018607 0.019973 
 0.664010 -0.026097 -0.000544 
 0.665842 -0.039150 -0.003179 
 0.667673 -0.052202 -0.005814 
 0.670000 -0.059554 -0.026303 
 0.671826 -0.072573 -0.028931 
 0.673653 -0.085591 -0.031559 
 0.675480 -0.098609 -0.034187 
 0.677307 -0.111627 -0.036815 
 0.644641 0.005738 0.025039 
 0.647031 -0.001816 0.004508 
 0.648314 -0.020437 0.019755 
 0.650695 -0.027922 -0.000761 
 0.652527 -0.040974 -0.003396 
 0.654358 -0.054027 -0.006031 
 0.656720 -0.061374 -0.026519 
 0.658546 -0.074393 -0.029147 
 0.659853 -0.093185 -0.013936 
 0.662200 -0.100429 -0.034403 
 0.663517 -0.119290 -0.019206 
 0.665349 -0.132343 -0.021841 
 0.631291 0.003908 0.024821 
 0.633127 -0.009179 0.022179 
 0.634964 -0.022266 0.019537 
 0.636800 -0.035353 0.016895 
 0.639211 -0.042799 -0.003613 
 0.641043 -0.055852 -0.006248 
 0.642875 -0.068904 -0.008883 
 0.644707 -0.081957 -0.011518 
 0.646538 -0.095010 -0.014153 
 0.648370 -0.108062 -0.016788 
 0.650202 -0.121115 -0.019423 
 0.652034 -0.134168 -0.022058 
 0.617940 0.002078 0.024603 
 0.619465 -0.013780 0.030905 
 0.621304 -0.026884 0.028260 
 0.623450 -0.037183 0.016678 
 0.625287 -0.050270 0.014036 
 0.627123 -0.063357 0.011394 
 0.629560 -0.070729 -0.009100 
 0.631391 -0.083782 -0.011735 
 0.633223 -0.096834 -0.014370 
 0.634470 -0.115705 0.000827 
 0.636887 -0.122940 -0.019640 
 0.638718 -0.135992 -0.022275 
 0.606097 -0.015612 0.030687 
 0.607936 -0.028716 0.028042 
 0.610100 -0.039012 0.016460 
 0.611937 -0.052100 0.013818 
 0.613773 -0.065187 0.011176 
 0.615610 -0.078274 0.008535 
 0.617446 -0.091361 0.005893 
 0.619283 -0.104448 0.003251 
 0.620809 -0.120446 0.009524 
 0.622648 -0.133551 0.006879 
 0.624487 -0.146655 0.004234 
 0.590890 -0.004340 0.033114 
 0.592729 -0.017444 0.030469 
 0.594568 -0.030548 0.027824 
 0.596407 -0.043653 0.025178 
 0.598246 -0.056757 0.022533 
 0.600085 -0.069861 0.019888 
 0.602259 -0.080103 0.008317 
 0.603763 -0.096070 0.014597 
 0.605602 -0.109174 0.011952 
 0.607441 -0.122278 0.009306 
 0.609280 -0.135383 0.006661 
 0.611119 -0.148487 0.004016 
 0.612958 -0.161591 0.001370 
 0.577523 -0.006172 0.032897 
 0.579362 -0.019276 0.030251 
 0.581201 -0.032380 0.027606 
 0.583399 -0.042672 0.016025 
 0.585236 -0.055759 0.013383 
 0.587073 -0.068846 0.010741 
 0.588909 -0.081933 0.008099 
 0.590746 -0.095020 0.005457 
 0.592234 -0.111006 0.011734 
 0.594073 -0.124110 0.009088 
 0.595912 -0.137215 0.006443 
 0.597751 -0.150319 0.003798 
 0.599590 -0.163423 0.001152 
 0.601429 -0.176528 -0.001493 
 0.565994 -0.021108 0.030033 
 0.567833 -0.034212 0.027388 
 0.569672 -0.047317 0.024743 
 0.571511 -0.060421 0.022097 
 0.573722 -0.070675 0.010524 
 0.575559 -0.083762 0.007882 
 0.577395 -0.096850 0.005240 
 0.578867 -0.112838 0.011516 
 0.580706 -0.125942 0.008870 
 0.582545 -0.139047 0.006225 
 0.584384 -0.152151 0.003580 
 0.585511 -0.171196 0.018742 
 0.586649 -0.190310 0.033892 
 0.588497 -0.203483 0.031232 
 0.551826 -0.028507 0.047699 
 0.554465 -0.036044 0.027170 
 0.556304 -0.049149 0.024525 
 0.558143 -0.062253 0.021879 
 0.559982 -0.075357 0.019234 
 0.561045 -0.094200 0.034438 
 0.562889 -0.107339 0.031785 
 0.564733 -0.120478 0.029133 
 0.566577 -0.133617 0.026481 
 0.568421 -0.146755 0.023828 
 0.570265 -0.159894 0.021176 
 0.571362 -0.178979 0.036332 
 0.572469 -0.198132 0.051473 
 0.574322 -0.211340 0.048807 
 0.576176 -0.224547 0.046141 
 0.538423 -0.030343 0.047481 
 0.540267 -0.043482 0.044828 
 0.542111 -0.056621 0.042176 
 0.543955 -0.069760 0.039524 
 0.545799 -0.082898 0.036872 
 0.547642 -0.096037 0.034219 
 0.549486 -0.109176 0.031567 
 0.551330 -0.122315 0.028915 
 0.553174 -0.135454 0.026262 
 0.555018 -0.148592 0.023610 
 0.556075 -0.167647 0.038772 
 0.557924 -0.180820 0.036113 
 0.558996 -0.199978 0.051253 
 0.561621 -0.207167 0.030794 
 0.563470 -0.220340 0.028135 
 0.565318 -0.233513 0.025476 
 0.523281 -0.043333 0.083028 
 0.526864 -0.045319 0.044610 
 0.528708 -0.058458 0.041958 
 0.530552 -0.071596 0.039305 
 0.532396 -0.084735 0.036653 
 0.534239 -0.097874 0.034001 
 0.535242 -0.116796 0.049190 
 0.537091 -0.129969 0.046531 
 0.538940 -0.143142 0.043872 
 0.540788 -0.156315 0.041212 
 0.542637 -0.169489 0.038553 
 0.543669 -0.188617 0.053700 
 0.545522 -0.201825 0.051034 
 0.548183 -0.209008 0.030575 
 0.550032 -0.222181 0.027916 
 0.551880 -0.235355 0.025257 
 0.509807 -0.045180 0.082809 
 0.512561 -0.052772 0.062267 
 0.515305 -0.060295 0.041739 
 0.517149 -0.073433 0.039087 
 0.518993 -0.086572 0.036435 
 0.520836 -0.099711 0.033782 
 0.521804 -0.118638 0.048971 
 0.523653 -0.131811 0.046312 
 0.525502 -0.144984 0.043652 
 0.527350 -0.158157 0.040993 
 0.528342 -0.177256 0.056147 
 0.530196 -0.190464 0.053480 
 0.531626 -0.206668 0.059714 
 0.533903 -0.216879 0.048148 
 0.535338 -0.233118 0.054374 
 0.536361 -0.252441 0.069483 
 0.538222 -0.265700 0.066806 
 0.497274 -0.041440 0.064707 
 0.499123 -0.054613 0.062048 
 0.500972 -0.067786 0.059389 
 0.502820 -0.080960 0.056730 
 0.505590 -0.088409 0.036216 
 0.507433 -0.101548 0.033564 
 0.508366 -0.120479 0.048752 
 0.510215 -0.133652 0.046093 
 0.512064 -0.146826 0.043433 
 0.513912 -0.159999 0.040774 
 0.514869 -0.179102 0.055927 
 0.516722 -0.192310 0.053261 
 0.518135 -0.208517 0.059494 
 0.520429 -0.218725 0.047928 
 0.521847 -0.234967 0.054154 
 0.522835 -0.254294 0.069262 
 0.524696 -0.267554 0.066586 
 0.526556 -0.280813 0.063909 
 0.483836 -0.043282 0.064488 
 0.485685 -0.056455 0.061829 
 0.487533 -0.069628 0.059170 
 0.489382 -0.082801 0.056511 
 0.491231 -0.095974 0.053851 
 0.493079 -0.109148 0.051192 
 0.494928 -0.122321 0.048533 
 0.496777 -0.135494 0.045874 
 0.498625 -0.148667 0.043214 
 0.500474 -0.161840 0.040555 
 0.501396 -0.180949 0.055707 
 0.502788 -0.197141 0.061943 
 0.504644 -0.210366 0.059274 
 0.506500 -0.223591 0.056604 
 0.507448 -0.242889 0.071719 
 0.508406 -0.262256 0.086819 
 0.510272 -0.275549 0.084135 
 0.511691 -0.291931 0.090333 
 0.513559 -0.305242 0.087646 
 0.470398 -0.045123 0.064269 
 0.472247 -0.058296 0.061610 
 0.475096 -0.065805 0.041084 
 0.475944 -0.084643 0.056292 
 0.477793 -0.097816 0.053632 
 0.479641 -0.110989 0.050973 
 0.480509 -0.129965 0.066152 
 0.482362 -0.143172 0.063486 
 0.484216 -0.156380 0.060820 
 0.486069 -0.169588 0.058154 
 0.487923 -0.182795 0.055488 
 0.489297 -0.198990 0.061723 
 0.490201 -0.218224 0.076851 
 0.492062 -0.231483 0.074175 
 0.493922 -0.244743 0.071498 
 0.494845 -0.264114 0.086598 
 0.496244 -0.280481 0.092799 
 0.498112 -0.293792 0.090112 
 0.499980 -0.307103 0.087425 
 0.501848 -0.320414 0.084738 
 0.456960 -0.046965 0.064050 
 0.458809 -0.060138 0.061391 
 0.460657 -0.073311 0.058732 
 0.462506 -0.086484 0.056072 
 0.464355 -0.099658 0.053413 
 0.466203 -0.112831 0.050754 
 0.468052 -0.126004 0.048095 
 0.468889 -0.145019 0.063267 
 0.470742 -0.158226 0.060600 
 0.472596 -0.171434 0.057934 
 0.474449 -0.184642 0.055268 
 0.475807 -0.200839 0.061504 
 0.477663 -0.214064 0.058834 
 0.479518 -0.227289 0.056164 
 0.480396 -0.246596 0.071278 
 0.482257 -0.259855 0.068601 
 0.482666 -0.282342 0.092578 
 0.484534 -0.295653 0.089891 
 0.486402 -0.308964 0.087204 
 0.488270 -0.322275 0.084517 
 0.447219 -0.075153 0.058513 
 0.449068 -0.088326 0.055853 
 0.450916 -0.101499 0.053194 
 0.452765 -0.114672 0.050535 
 0.453562 -0.133657 0.065713 
 0.455416 -0.146865 0.063047 
 0.456748 -0.163013 0.069293 
 0.458604 -0.176238 0.066623 
 0.459428 -0.195413 0.081764 
 0.461288 -0.208672 0.079087 
 0.463149 -0.221931 0.076410 
 0.465010 -0.235190 0.073734 
 0.465858 -0.254537 0.088839 
 0.467723 -0.267831 0.086155 
 0.469087 -0.284203 0.092356 
 0.470955 -0.297514 0.089669 
 0.472823 -0.310825 0.086982 
 0.474691 -0.324136 0.084295 
 0.475575 -0.343741 0.099348 
 0.477448 -0.357086 0.096654 
 0.434960 -0.139643 0.121693 
 0.436828 -0.152954 0.119006 
 0.439237 -0.163340 0.107403 
 0.441103 -0.176633 0.104719 
 0.442969 -0.189927 0.102036 
 0.445902 -0.197266 0.081543 
 0.446700 -0.216514 0.096669 
 0.448565 -0.229808 0.093985 
 0.450431 -0.243102 0.091301 
 0.452296 -0.256396 0.088618 
 0.453640 -0.272753 0.094822 
 0.455508 -0.286064 0.092135 
 0.457376 -0.299375 0.089448 
 0.459244 -0.312686 0.086761 
 0.461112 -0.325997 0.084074 
 0.462980 -0.339308 0.081387 
 0.464848 -0.352619 0.078700 
 0.421382 -0.141504 0.121471 
 0.423250 -0.154815 0.118784 
 0.425118 -0.168126 0.116097 
 0.426986 -0.181437 0.113410 
 0.428854 -0.194748 0.110723 
 0.431273 -0.205079 0.099131 
 0.433139 -0.218373 0.096448 
 0.435004 -0.231667 0.093764 
 0.436870 -0.244960 0.091080 
 0.438735 -0.258254 0.088397 
 0.440601 -0.271548 0.085713 
 0.442467 -0.284842 0.083030 
 0.443798 -0.301236 0.089227 
 0.445666 -0.314547 0.086540 
 0.447534 -0.327858 0.083852 
 0.449929 -0.338017 0.072295 
 0.451794 -0.351310 0.069612 
 0.406641 -0.149157 0.139093 
 0.408514 -0.162502 0.136399 
 0.410387 -0.175848 0.133705 
 0.413407 -0.183298 0.113189 
 0.415275 -0.196609 0.110502 
 0.417712 -0.206938 0.098910 
 0.419578 -0.220231 0.096227 
 0.421443 -0.233525 0.093543 
 0.423309 -0.246819 0.090859 
 0.425174 -0.260113 0.088176 
 0.426483 -0.276475 0.094379 
 0.428905 -0.286700 0.082809 
 0.430771 -0.299994 0.080125 
 0.432087 -0.316407 0.086318 
 0.434502 -0.326581 0.074758 
 0.436368 -0.339875 0.072074 
 0.438233 -0.353169 0.069391 
 0.393027 -0.151023 0.138871 
 0.394900 -0.164368 0.136177 
 0.396773 -0.177713 0.133483 
 0.398646 -0.191059 0.130789 
 0.401696 -0.198470 0.110280 
 0.404151 -0.208796 0.098689 
 0.406017 -0.222090 0.096005 
 0.407882 -0.235384 0.093322 
 0.409748 -0.248677 0.090638 
 0.411613 -0.261971 0.087955 
 0.413479 -0.275265 0.085271 
 0.415344 -0.288559 0.082587 
 0.417210 -0.301852 0.079904 
 0.419076 -0.315146 0.077220 
 0.420941 -0.328440 0.074537 
 0.422807 -0.341733 0.071853 
 0.424672 -0.355027 0.069170 
 0.426538 -0.368321 0.066486 
 0.378182 -0.158690 0.156491 
 0.380059 -0.172070 0.153790 
 0.381937 -0.185450 0.151089 
 0.385032 -0.192925 0.130567 
 0.388118 -0.200331 0.110059 
 0.390590 -0.210655 0.098468 
 0.392455 -0.223948 0.095784 
 0.394321 -0.237242 0.093101 
 0.396187 -0.250536 0.090417 
 0.398052 -0.263830 0.087734 
 0.399918 -0.277123 0.085050 
 0.401783 -0.290417 0.082366 
 0.403649 -0.303711 0.079683 
 0.405514 -0.317004 0.076999 
 0.407380 -0.330298 0.074316 
 0.409246 -0.343592 0.071632 
 0.410534 -0.360062 0.077814 
 0.412402 -0.373373 0.075127 
 0.414270 -0.386684 0.072440 
 0.363927 -0.141409 0.141121 
 0.365800 -0.154754 0.138427 
 0.367673 -0.168099 0.135733 
 0.369546 -0.181445 0.133039 
 0.372671 -0.188881 0.112525 
 0.375163 -0.199219 0.100930 
 0.377029 -0.212513 0.098247 
 0.378894 -0.225807 0.095563 
 0.380760 -0.239101 0.092880 
 0.382626 -0.252394 0.090196 
 0.384491 -0.265688 0.087513 
 0.386357 -0.278982 0.084829 
 0.388222 -0.292275 0.082145 
 0.390088 -0.305569 0.079462 
 0.391953 -0.318863 0.076778 
 0.393819 -0.332157 0.074095 
 0.395685 -0.345450 0.071411 
 0.394575 -0.374638 0.113053 
 0.396453 -0.388018 0.110352 
 0.398331 -0.401397 0.107651 
 0.349860 -0.102314 0.101633 
 0.353033 -0.109831 0.081102 
 0.353582 -0.128832 0.096280 
 0.354140 -0.147903 0.111444 
 0.356005 -0.161197 0.108760 
 0.357871 -0.174490 0.106077 
 0.359737 -0.187784 0.103393 
 0.361602 -0.201078 0.100709 
 0.364746 -0.208388 0.080220 
 0.365333 -0.227665 0.095342 
 0.367199 -0.240959 0.092659 
 0.369064 -0.254253 0.089975 
 0.370930 -0.267546 0.087291 
 0.372796 -0.280840 0.084608 
 0.374661 -0.294134 0.081924 
 0.376527 -0.307428 0.079241 
 0.378392 -0.320721 0.076557 
 0.380258 -0.334015 0.073874 
 0.382123 -0.347309 0.071190 
 0.379701 -0.382871 0.130560 
 0.382804 -0.389888 0.110129 
 0.384682 -0.403268 0.107428 
 0.386559 -0.416648 0.104727 
 0.388437 -0.430027 0.102026 
 0.336017 -0.063539 0.062079 
 0.337866 -0.076712 0.059419 
 0.338362 -0.095598 0.074621 
 0.340216 -0.108806 0.071955 
 0.342069 -0.122014 0.069288 
 0.343923 -0.135221 0.066622 
 0.345110 -0.151354 0.072873 
 0.346966 -0.164579 0.070203 
 0.348822 -0.177804 0.067533 
 0.350677 -0.191029 0.064864 
 0.352533 -0.204254 0.062194 
 0.354389 -0.217478 0.059524 
 0.354941 -0.236760 0.074646 
 0.356802 -0.250020 0.071970 
 0.358663 -0.263279 0.069293 
 0.360524 -0.276538 0.066616 
 0.362384 -0.289798 0.063940 
 0.364245 -0.303057 0.061263 
 0.366106 -0.316316 0.058586 
 0.367967 -0.329575 0.055910 
 0.368562 -0.349167 0.070969 
 0.370428 -0.362461 0.068285 
 0.369155 -0.391759 0.109907 
 0.371033 -0.405138 0.107206 
 0.372910 -0.418518 0.104505 
 0.374788 -0.431898 0.101804 
 0.325373 -0.054084 0.026111 
 0.325819 -0.072871 0.041332 
 0.326276 -0.091727 0.056541 
 0.328125 -0.104900 0.053882 
 0.329973 -0.118074 0.051223 
 0.330449 -0.137068 0.066403 
 0.332303 -0.150275 0.063736 
 0.333475 -0.166428 0.069983 
 0.336010 -0.176691 0.058404 
 0.337863 -0.189898 0.055738 
 0.339717 -0.203106 0.053072 
 0.341570 -0.216314 0.050405 
 0.343424 -0.229521 0.047739 
 0.343276 -0.251873 0.071749 
 0.345137 -0.265133 0.069073 
 0.348322 -0.272227 0.048625 
 0.348859 -0.291651 0.063719 
 0.350719 -0.304911 0.061043 
 0.352580 -0.318170 0.058366 
 0.354441 -0.331429 0.055689 
 0.355001 -0.351026 0.070748 
 0.356867 -0.364320 0.068064 
 0.355506 -0.393629 0.109684 
 0.357384 -0.407009 0.106983 
 0.359261 -0.420389 0.104282 
 0.359863 -0.440278 0.119282 
 0.361746 -0.453693 0.116574 
 0.310884 -0.040002 0.019598 
 0.312005 -0.055916 0.025893 
 0.312417 -0.074708 0.041114 
 0.314260 -0.087846 0.038462 
 0.316104 -0.100985 0.035809 
 0.317948 -0.114124 0.033157 
 0.318384 -0.133089 0.048344 
 0.318830 -0.152122 0.063517 
 0.320683 -0.165329 0.060851 
 0.323930 -0.172608 0.040366 
 0.325779 -0.185781 0.037707 
 0.327627 -0.198954 0.035048 
 0.329476 -0.212128 0.032389 
 0.331325 -0.225301 0.029729 
 0.333173 -0.238474 0.027070 
 0.333658 -0.257783 0.042187 
 0.335511 -0.270990 0.039521 
 0.336687 -0.287300 0.045736 
 0.337193 -0.306764 0.060822 
 0.339054 -0.320023 0.058145 
 0.340915 -0.333283 0.055469 
 0.341440 -0.352884 0.070527 
 0.342641 -0.369366 0.076707 
 0.343183 -0.389088 0.091741 
 0.343735 -0.408879 0.106761 
 0.344297 -0.428739 0.121767 
 0.346179 -0.442154 0.119059 
 0.348062 -0.455568 0.116351 
 0.296798 -0.044643 0.028320 
 0.297170 -0.063406 0.043548 
 0.299014 -0.076545 0.040896 
 0.300857 -0.089683 0.038243 
 0.302701 -0.102822 0.035591 
 0.304545 -0.115961 0.032939 
 0.306389 -0.129100 0.030286 
 0.306795 -0.148103 0.045466 
 0.310077 -0.155377 0.024982 
 0.311920 -0.168516 0.022329 
 0.313764 -0.181655 0.019677 
 0.315608 -0.194793 0.017025 
 0.317452 -0.207932 0.014372 
 0.319296 -0.221071 0.011720 
 0.321139 -0.234210 0.009068 
 0.321584 -0.253489 0.024192 
 0.322038 -0.272837 0.039301 
 0.323196 -0.289149 0.045516 
 0.325052 -0.302374 0.042846 
 0.325528 -0.321877 0.057925 
 0.327389 -0.335136 0.055248 
 0.329250 -0.348396 0.052572 
 0.329745 -0.368036 0.067622 
 0.328208 -0.397370 0.109239 
 0.330086 -0.410750 0.106538 
 0.331964 -0.424130 0.103837 
 0.333841 -0.437509 0.101136 
 0.334378 -0.457443 0.116128 
 0.280653 0.022415 -0.015039 
 0.281717 0.006651 -0.008713 
 0.282027 -0.011927 0.006552 
 0.282347 -0.030574 0.021804 
 0.283430 -0.046475 0.028102 
 0.285269 -0.059580 0.025457 
 0.287108 -0.072684 0.022812 
 0.288947 -0.085788 0.020166 
 0.289298 -0.104659 0.035372 
 0.292625 -0.111997 0.014876 
 0.294464 -0.125101 0.012230 
 0.296303 -0.138205 0.009585 
 0.298876 -0.148358 -0.001972 
 0.300713 -0.161445 -0.004614 
 0.301820 -0.177518 0.001649 
 0.303659 -0.190623 -0.000997 
 0.305498 -0.203727 -0.003642 
 0.307337 -0.216831 -0.006287 
 0.307736 -0.236046 0.008849 
 0.309580 -0.249185 0.006197 
 0.308565 -0.274683 0.039082 
 0.309706 -0.290998 0.045296 
 0.311562 -0.304223 0.042626 
 0.312002 -0.323731 0.057704 
 0.313863 -0.336990 0.055028 
 0.315724 -0.350249 0.052351 
 0.316184 -0.369895 0.067401 
 0.318049 -0.383189 0.064717 
 0.319915 -0.396482 0.062034 
 0.321780 -0.409776 0.059350 
 0.323646 -0.423070 0.056667 
 0.265858 0.073081 -0.052200 
 0.266099 0.054739 -0.036887 
 0.267916 0.041790 -0.039501 
 0.268952 0.026093 -0.033162 
 0.269215 0.007596 -0.017879 
 0.270264 -0.008187 -0.011557 
 0.270544 -0.026804 0.003700 
 0.270833 -0.045490 0.018945 
 0.271901 -0.061412 0.025239 
 0.273740 -0.074516 0.022594 
 0.276343 -0.084752 0.011019 
 0.277418 -0.100724 0.017303 
 0.280016 -0.110926 0.005736 
 0.281853 -0.124013 0.003094 
 0.285198 -0.131226 -0.017379 
 0.287029 -0.144278 -0.020014 
 0.288861 -0.157331 -0.022649 
 0.289199 -0.176361 -0.007474 
 0.291036 -0.189449 -0.010116 
 0.292872 -0.202536 -0.012758 
 0.293969 -0.218663 -0.006505 
 0.295808 -0.231768 -0.009151 
 0.296177 -0.251022 0.005979 
 0.296556 -0.270345 0.021094 
 0.296945 -0.289737 0.036196 
 0.298071 -0.306072 0.042406 
 0.298476 -0.325584 0.057484 
 0.300337 -0.338844 0.054807 
 0.302198 -0.352103 0.052131 
 0.302623 -0.371753 0.067180 
 0.304488 -0.385047 0.064496 
 0.306354 -0.398341 0.061813 
 0.308219 -0.411635 0.059129 
 0.310085 -0.424928 0.056446 
 0.206594 0.374377 0.037296 
 0.208414 0.361411 0.034679 
 0.211092 0.350764 0.023021 
 0.214622 0.342488 0.002334 
 0.216435 0.329574 -0.000273 
 0.218247 0.316659 -0.002880 
 0.218361 0.298967 0.012565 
 0.220179 0.286017 0.009951 
 0.227448 0.234220 -0.000505 
 0.229265 0.221271 -0.003120 
 0.236218 0.205477 -0.044341 
 0.236371 0.187510 -0.028951 
 0.238184 0.174595 -0.031558 
 0.239996 0.161680 -0.034165 
 0.241808 0.148765 -0.036773 
 0.243621 0.135850 -0.039380 
 0.247064 0.128195 -0.059942 
 0.248871 0.115314 -0.062542 
 0.252683 0.071276 -0.052415 
 0.252086 0.050213 -0.028142 
 0.252304 0.031781 -0.012846 
 0.254128 0.018780 -0.015471 
 0.255953 0.005779 -0.018095 
 0.256984 -0.010007 -0.011774 
 0.255646 -0.034233 0.021369 
 0.259060 -0.041682 0.000849 
 0.259320 -0.060407 0.016085 
 0.261156 -0.073494 0.013444 
 0.264556 -0.080840 -0.007056 
 0.264829 -0.099668 0.008160 
 0.266666 -0.112756 0.005518 
 0.270051 -0.119998 -0.014961 
 0.271883 -0.133050 -0.017596 
 0.273714 -0.146103 -0.020231 
 0.275546 -0.159156 -0.022866 
 0.277378 -0.172208 -0.025501 
 0.277685 -0.191278 -0.010333 
 0.279522 -0.204365 -0.012975 
 0.280601 -0.220495 -0.006723 
 0.282440 -0.233600 -0.009369 
 0.282774 -0.252859 0.005760 
 0.283118 -0.272187 0.020875 
 0.284967 -0.285360 0.018216 
 0.284580 -0.307920 0.042186 
 0.284950 -0.327438 0.057263 
 0.286811 -0.340697 0.054587 
 0.288672 -0.353957 0.051910 
 0.290533 -0.367216 0.049234 
 0.292393 -0.380475 0.046557 
 0.292793 -0.400199 0.061592 
 0.294658 -0.413493 0.058908 
 0.296524 -0.426787 0.056224 
 0.298389 -0.440081 0.053541 
 0.162609 0.660271 0.019092 
 0.164410 0.647442 0.016502 
 0.166210 0.634613 0.013912 
 0.168010 0.621785 0.011322 
 0.166062 0.550003 0.091917 
 0.167886 0.537002 0.089293 
 0.169711 0.524001 0.086668 
 0.174259 0.517295 0.056789 
 0.177886 0.508577 0.036012 
 0.179699 0.495662 0.033405 
 0.181511 0.482747 0.030798 
 0.185162 0.439599 0.041104 
 0.188761 0.431087 0.020369 
 0.190573 0.418172 0.017762 
 0.192386 0.405257 0.015155 
 0.192431 0.387802 0.030648 
 0.194248 0.374852 0.028034 
 0.196065 0.361903 0.025420 
 0.199635 0.353598 0.004727 
 0.201448 0.340683 0.002119 
 0.203260 0.327768 -0.000488 
 0.205073 0.314853 -0.003095 
 0.205152 0.297156 0.012350 
 0.206969 0.284207 0.009735 
 0.210510 0.276108 -0.010916 
 0.214041 0.268079 -0.031554 
 0.216706 0.257658 -0.043166 
 0.215947 0.237364 -0.018738 
 0.220316 0.231932 -0.048360 
 0.222121 0.219069 -0.050957 
 0.223079 0.203677 -0.044555 
 0.224886 0.190796 -0.047155 
 0.226694 0.177916 -0.049756 
 0.228502 0.165035 -0.052356 
 0.230309 0.152155 -0.054956 
 0.232117 0.139274 -0.057556 
 0.233924 0.126394 -0.060156 
 0.234071 0.108215 -0.044809 
 0.235883 0.095300 -0.047416 
 0.237696 0.082385 -0.050023 
 0.239508 0.069470 -0.052630 
 0.239679 0.051119 -0.037318 
 0.241496 0.038169 -0.039932 
 0.243314 0.025220 -0.042546 
 0.245131 0.012271 -0.045160 
 0.246948 -0.000679 -0.047774 
 0.247957 -0.016432 -0.041446 
 0.248164 -0.035042 -0.026185 
 0.249988 -0.048043 -0.028810 
 0.251011 -0.063900 -0.022502 
 0.253637 -0.074045 -0.034059 
 0.254665 -0.089936 -0.027758 
 0.254904 -0.108770 -0.012543 
 0.256736 -0.121822 -0.015178 
 0.260146 -0.128991 -0.035642 
 0.260399 -0.147928 -0.020448 
 0.262231 -0.160980 -0.023083 
 0.264063 -0.174033 -0.025718 
 0.265894 -0.187086 -0.028353 
 0.266172 -0.206195 -0.013193 
 0.268008 -0.219282 -0.015835 
 0.269845 -0.232369 -0.018477 
 0.270911 -0.248536 -0.012232 
 0.271215 -0.267834 0.002889 
 0.271529 -0.287202 0.017997 
 0.271852 -0.306638 0.033090 
 0.272945 -0.322994 0.039297 
 0.274801 -0.336219 0.036627 
 0.276657 -0.349444 0.033957 
 0.277007 -0.369070 0.049013 
 0.278867 -0.382329 0.046336 
 0.279232 -0.402058 0.061371 
 0.281097 -0.415352 0.058687 
 0.282963 -0.428645 0.056003 
 0.284828 -0.441939 0.053320 
 0.139338 0.687580 0.072297 
 0.141150 0.674665 0.069690 
 0.142963 0.661750 0.067083 
 0.149523 0.658478 0.018878 
 0.151323 0.645649 0.016289 
 0.153123 0.632820 0.013699 
 0.152097 0.614051 0.038436 
 0.153904 0.601170 0.035836 
 0.155712 0.588290 0.033235 
 0.157520 0.575409 0.030635 
 0.157462 0.558431 0.046226 
 0.157414 0.541383 0.061801 
 0.159232 0.528434 0.059187 
 0.161049 0.515485 0.056573 
 0.164712 0.506771 0.035797 
 0.166524 0.493856 0.033190 
 0.168337 0.480941 0.030583 
 0.170149 0.468026 0.027976 
 0.171961 0.455112 0.025369 
 0.171952 0.437789 0.040889 
 0.173769 0.424839 0.038275 
 0.175587 0.411890 0.035661 
 0.177404 0.398941 0.033047 
 0.179221 0.385991 0.030433 
 0.181038 0.373042 0.027819 
 0.182856 0.360093 0.025204 
 0.186461 0.351792 0.004512 
 0.190056 0.343561 -0.016168 
 0.190086 0.325963 -0.000702 
 0.191898 0.313048 -0.003310 
 0.193710 0.300133 -0.005917 
 0.195523 0.287218 -0.008524 
 0.199094 0.279159 -0.029168 
 0.200901 0.266278 -0.031769 
 0.203584 0.255860 -0.043380 
 0.202772 0.235558 -0.018952 
 0.207194 0.230134 -0.048574 
 0.208999 0.217270 -0.051170 
 0.210804 0.204407 -0.053767 
 0.211747 0.188996 -0.047370 
 0.213554 0.176115 -0.049970 
 0.215362 0.163235 -0.052570 
 0.217170 0.150354 -0.055170 
 0.218977 0.137474 -0.057770 
 0.220785 0.124593 -0.060370 
 0.222592 0.111713 -0.062971 
 0.225245 0.101501 -0.074541 
 0.224521 0.080579 -0.050238 
 0.226334 0.067665 -0.052845 
 0.228146 0.054750 -0.055452 
 0.229958 0.041835 -0.058059 
 0.230104 0.023410 -0.042761 
 0.231921 0.010460 -0.045375 
 0.233738 -0.002489 -0.047989 
 0.235556 -0.015438 -0.050603 
 0.237373 -0.028388 -0.053218 
 0.239190 -0.041337 -0.055832 
 0.241007 -0.054286 -0.058446 
 0.242825 -0.067236 -0.061060 
 0.242199 -0.088863 -0.036899 
 0.244024 -0.101864 -0.039524 
 0.245039 -0.117793 -0.033231 
 0.246866 -0.130811 -0.035859 
 0.248693 -0.143829 -0.038487 
 0.250520 -0.156847 -0.041115 
 0.250747 -0.175858 -0.025935 
 0.252579 -0.188910 -0.028570 
 0.254411 -0.201963 -0.031205 
 0.256243 -0.215016 -0.033840 
 0.256494 -0.234199 -0.018694 
 0.257544 -0.250368 -0.012450 
 0.259382 -0.263472 -0.015095 
 0.259656 -0.282810 0.000018 
 0.258379 -0.308484 0.032871 
 0.259454 -0.324843 0.039077 
 0.261310 -0.338068 0.036407 
 0.263166 -0.351293 0.033738 
 0.263481 -0.370923 0.048793 
 0.263805 -0.390622 0.063833 
 0.265671 -0.403916 0.061149 
 0.266773 -0.420465 0.067318 
 0.268641 -0.433775 0.064631 
 0.270509 -0.447086 0.061944 
 0.272377 -0.460397 0.059257 
 0.116450 0.781455 0.062870 
 0.118255 0.768591 0.060273 
 0.119074 0.753935 0.066823 
 0.120882 0.741055 0.064223 
 0.122689 0.728174 0.061623 
 0.120580 0.707914 0.095569 
 0.124351 0.698689 0.074689 
 0.126163 0.685774 0.072082 
 0.127976 0.672859 0.069475 
 0.129788 0.659944 0.066868 
 0.134502 0.652822 0.036903 
 0.136307 0.639959 0.034306 
 0.137150 0.625130 0.040822 
 0.138957 0.612250 0.038222 
 0.140765 0.599370 0.035621 
 0.142573 0.586489 0.033021 
 0.144380 0.573609 0.030421 
 0.144288 0.556625 0.046011 
 0.146100 0.543710 0.043404 
 0.149803 0.534967 0.022621 
 0.149725 0.517881 0.038189 
 0.151537 0.504966 0.035582 
 0.153350 0.492051 0.032975 
 0.155162 0.479136 0.030368 
 0.156974 0.466221 0.027761 
 0.160648 0.457685 0.007020 
 0.158742 0.435978 0.040674 
 0.160560 0.423029 0.038059 
 0.164224 0.414561 0.017333 
 0.166036 0.401646 0.014725 
 0.167849 0.388732 0.012118 
 0.169661 0.375817 0.009511 
 0.171474 0.362902 0.006904 
 0.173286 0.349987 0.004297 
 0.175098 0.337072 0.001690 
 0.176911 0.324157 -0.000917 
 0.178723 0.311242 -0.003524 
 0.180536 0.298327 -0.006131 
 0.182348 0.285412 -0.008739 
 0.185954 0.277358 -0.029383 
 0.187762 0.264478 -0.031983 
 0.190462 0.254062 -0.043594 
 0.191377 0.238717 -0.037183 
 0.194072 0.228335 -0.048788 
 0.194992 0.212956 -0.042383 
 0.197682 0.202609 -0.053981 
 0.198607 0.187195 -0.047584 
 0.200415 0.174314 -0.050184 
 0.203098 0.164019 -0.061771 
 0.204903 0.151156 -0.064368 
 0.205838 0.135673 -0.057984 
 0.208513 0.125430 -0.069561 
 0.210318 0.112566 -0.072158 
 0.213850 0.105046 -0.092694 
 0.213929 0.086840 -0.077351 
 0.215734 0.073977 -0.079948 
 0.216683 0.058390 -0.073585 
 0.218491 0.045510 -0.076186 
 0.218596 0.027114 -0.060881 
 0.220409 0.014200 -0.063488 
 0.222221 0.001285 -0.066095 
 0.224033 -0.011630 -0.068702 
 0.225846 -0.024545 -0.071309 
 0.227658 -0.037460 -0.073916 
 0.229471 -0.050375 -0.076524 
 0.231283 -0.063290 -0.079131 
 0.231432 -0.081995 -0.063889 
 0.230761 -0.103682 -0.039740 
 0.232586 -0.116683 -0.042365 
 0.233586 -0.132631 -0.036075 
 0.235413 -0.145649 -0.038703 
 0.235601 -0.164630 -0.023517 
 0.237432 -0.177683 -0.026152 
 0.239264 -0.190735 -0.028787 
 0.241096 -0.203788 -0.031422 
 0.242928 -0.216841 -0.034057 
 0.244759 -0.229893 -0.036692 
 0.244981 -0.249115 -0.021554 
 0.246817 -0.262202 -0.024196 
 0.247854 -0.278409 -0.017958 
 0.248097 -0.297785 -0.002852 
 0.248350 -0.317231 0.012240 
 0.248612 -0.336746 0.027319 
 0.250466 -0.349954 0.024652 
 0.252319 -0.363161 0.021986 
 0.251815 -0.386036 0.045895 
 0.252109 -0.405775 0.060928 
 0.253975 -0.419068 0.058245 
 0.255062 -0.435636 0.064410 
 0.255378 -0.455530 0.079411 
 0.257251 -0.468875 0.076717 
 0.255267 -0.498849 0.118211 
 0.257152 -0.512281 0.115500 
 0.098704 0.803656 0.077010 
 0.101523 0.792520 0.065253 
 0.102319 0.777895 0.071809 
 0.104127 0.765015 0.069209 
 0.105935 0.752134 0.066609 
 0.107742 0.739254 0.064009 
 0.109550 0.726373 0.061409 
 0.109364 0.709798 0.077081 
 0.111176 0.696884 0.074474 
 0.112989 0.683969 0.071867 
 0.114801 0.671054 0.069260 
 0.118588 0.661971 0.048408 
 0.121380 0.651024 0.036689 
 0.123185 0.638161 0.034092 
 0.124010 0.623330 0.040608 
 0.126795 0.612434 0.028899 
 0.127626 0.597569 0.035407 
 0.129433 0.584688 0.032807 
 0.131241 0.571808 0.030207 
 0.131113 0.554820 0.045796 
 0.130995 0.537763 0.061371 
 0.134738 0.528990 0.040582 
 0.136550 0.516075 0.037975 
 0.138362 0.503160 0.035368 
 0.138264 0.485965 0.050914 
 0.141987 0.477330 0.030153 
 0.143800 0.464415 0.027546 
 0.147509 0.455884 0.006805 
 0.145533 0.434168 0.040458 
 0.149237 0.425671 0.019725 
 0.151049 0.412756 0.017118 
 0.152862 0.399841 0.014511 
 0.156547 0.391482 -0.006195 
 0.158354 0.378601 -0.008796 
 0.160162 0.365721 -0.011396 
 0.161969 0.352840 -0.013996 
 0.163777 0.339960 -0.016596 
 0.163736 0.322352 -0.001132 
 0.167392 0.314199 -0.021796 
 0.167361 0.296522 -0.006346 
 0.171007 0.288438 -0.026997 
 0.172815 0.275557 -0.029597 
 0.175535 0.265127 -0.041212 
 0.177340 0.252264 -0.043808 
 0.178238 0.236916 -0.037397 
 0.180950 0.226537 -0.049002 
 0.180048 0.206117 -0.024596 
 0.184560 0.200811 -0.054195 
 0.185468 0.185394 -0.047798 
 0.188171 0.175084 -0.059388 
 0.189976 0.162221 -0.061985 
 0.191781 0.149358 -0.064582 
 0.193586 0.136494 -0.067178 
 0.197162 0.128910 -0.087728 
 0.198963 0.116081 -0.090317 
 0.200763 0.103252 -0.092907 
 0.202563 0.090424 -0.095497 
 0.204364 0.077595 -0.098086 
 0.206164 0.064766 -0.100676 
 0.207964 0.051937 -0.103266 
 0.208027 0.033589 -0.087952 
 0.207234 0.012394 -0.063703 
 0.210774 0.005068 -0.084200 
 0.212582 -0.007813 -0.086800 
 0.212671 -0.026351 -0.071524 
 0.214484 -0.039266 -0.074131 
 0.216296 -0.052180 -0.076738 
 0.218108 -0.065095 -0.079345 
 0.219921 -0.078010 -0.081953 
 0.217499 -0.105500 -0.039956 
 0.219324 -0.118500 -0.042581 
 0.220306 -0.134451 -0.036292 
 0.222133 -0.147469 -0.038920 
 0.223960 -0.160487 -0.041547 
 0.225787 -0.173505 -0.044175 
 0.227614 -0.186524 -0.046803 
 0.227781 -0.205613 -0.031639 
 0.229612 -0.218665 -0.034274 
 0.231444 -0.231718 -0.036909 
 0.233276 -0.244771 -0.039544 
 0.235108 -0.257823 -0.042179 
 0.235304 -0.277119 -0.027055 
 0.234694 -0.299622 -0.003071 
 0.236538 -0.312761 -0.005723 
 0.235139 -0.338592 0.027099 
 0.236993 -0.351800 0.024433 
 0.236429 -0.374631 0.048352 
 0.238289 -0.387890 0.045675 
 0.238548 -0.407633 0.060707 
 0.240414 -0.420927 0.058024 
 0.241483 -0.437497 0.064188 
 0.241764 -0.457396 0.079190 
 0.242054 -0.477363 0.094177 
 0.241565 -0.500727 0.117988 
 0.243450 -0.514159 0.115276 
 0.086596 0.803585 0.067635 
 0.088401 0.790721 0.065039 
 0.090206 0.777858 0.062442 
 0.090988 0.763214 0.068995 
 0.092795 0.750334 0.066395 
 0.095622 0.739268 0.054652 
 0.097427 0.726405 0.052055 
 0.098218 0.711692 0.058594 
 0.100025 0.698812 0.055994 
 0.101833 0.685931 0.053394 
 0.103641 0.673051 0.050794 
 0.105448 0.660170 0.048194 
 0.108258 0.649226 0.036475 
 0.110063 0.636363 0.033878 
 0.111868 0.623499 0.031282 
 0.113673 0.610636 0.028685 
 0.114486 0.595768 0.035193 
 0.116294 0.582888 0.032593 
 0.118101 0.570007 0.029993 
 0.119909 0.557127 0.027393 
 0.119751 0.540099 0.042974 
 0.121563 0.527184 0.040367 
 0.123376 0.514270 0.037760 
 0.125188 0.501355 0.035153 
 0.127000 0.488440 0.032546 
 0.128813 0.475525 0.029939 
 0.130625 0.462610 0.027331 
 0.134369 0.454083 0.006591 
 0.136177 0.441203 0.003991 
 0.137985 0.428322 0.001391 
 0.139792 0.415442 -0.001209 
 0.141600 0.402561 -0.003809 
 0.143407 0.389681 -0.006410 
 0.145215 0.376800 -0.009010 
 0.147022 0.363920 -0.011610 
 0.148830 0.351039 -0.014210 
 0.150638 0.338159 -0.016810 
 0.152445 0.325279 -0.019410 
 0.154253 0.312398 -0.022011 
 0.156997 0.301918 -0.033635 
 0.157868 0.286637 -0.027211 
 0.160608 0.276192 -0.038829 
 0.162413 0.263329 -0.041425 
 0.164218 0.250465 -0.044022 
 0.165098 0.235115 -0.037612 
 0.167828 0.224739 -0.049215 
 0.169633 0.211876 -0.051812 
 0.171438 0.199012 -0.054409 
 0.173244 0.186149 -0.057006 
 0.176874 0.178432 -0.077582 
 0.178675 0.165603 -0.080172 
 0.180475 0.152774 -0.082761 
 0.182275 0.139945 -0.085351 
 0.184076 0.127116 -0.087941 
 0.187677 0.119606 -0.108476 
 0.189473 0.106811 -0.111059 
 0.191268 0.094017 -0.113642 
 0.191277 0.075801 -0.098300 
 0.194859 0.068428 -0.118807 
 0.196655 0.055634 -0.121390 
 0.196678 0.037315 -0.106069 
 0.196711 0.018927 -0.090762 
 0.198516 0.006064 -0.093359 
 0.199442 -0.009613 -0.087015 
 0.201250 -0.022494 -0.089615 
 0.203057 -0.035374 -0.092215 
 0.203121 -0.053986 -0.076953 
 0.204934 -0.066901 -0.079560 
 0.206746 -0.079816 -0.082167 
 0.206830 -0.098565 -0.066934 
 0.207785 -0.114449 -0.060631 
 0.207886 -0.133319 -0.045421 
 0.208853 -0.149289 -0.039136 
 0.210680 -0.162307 -0.041764 
 0.212507 -0.175325 -0.044392 
 0.214334 -0.188344 -0.047020 
 0.216161 -0.201362 -0.049648 
 0.217987 -0.214380 -0.052276 
 0.218129 -0.233543 -0.037126 
 0.219961 -0.246595 -0.039761 
 0.220117 -0.265862 -0.024631 
 0.221118 -0.282073 -0.018394 
 0.222957 -0.295177 -0.021040 
 0.223135 -0.314598 -0.005942 
 0.223322 -0.334088 0.009143 
 0.223519 -0.353646 0.024213 
 0.224549 -0.370064 0.030408 
 0.224764 -0.389743 0.045454 
 0.224987 -0.409492 0.060486 
 0.226853 -0.422785 0.057803 
 0.227905 -0.439358 0.063967 
 0.229773 -0.452669 0.061280 
 0.228405 -0.479233 0.093954 
 0.228670 -0.499274 0.108928 
 0.228141 -0.522732 0.132720 
 0.232435 -0.526103 0.103512 
 0.234318 -0.539517 0.100804 
 0.236200 -0.552931 0.098096 
 0.070171 0.843736 0.056871 
 0.071971 0.830907 0.054281 
 0.073771 0.818078 0.051691 
 0.073474 0.801786 0.067422 
 0.075279 0.788923 0.064825 
 0.076040 0.774294 0.071381 
 0.077848 0.761413 0.068781 
 0.080695 0.750333 0.057035 
 0.082500 0.737470 0.054438 
 0.084305 0.724607 0.051841 
 0.086110 0.711744 0.049245 
 0.087915 0.698880 0.046648 
 0.089720 0.686017 0.044051 
 0.091526 0.673154 0.041455 
 0.093331 0.660291 0.038858 
 0.095136 0.647427 0.036261 
 0.096941 0.634564 0.033665 
 0.098746 0.621701 0.031068 
 0.100551 0.608838 0.028471 
 0.102357 0.595975 0.025875 
 0.104162 0.583111 0.023278 
 0.105967 0.570248 0.020681 
 0.106769 0.555326 0.027178 
 0.106576 0.538294 0.042759 
 0.108388 0.525379 0.040152 
 0.110201 0.512464 0.037545 
 0.114000 0.503804 0.016778 
 0.113826 0.486634 0.032331 
 0.115638 0.473719 0.029724 
 0.119422 0.465163 0.008977 
 0.119263 0.447890 0.024510 
 0.123037 0.439402 0.003777 
 0.124845 0.426522 0.001177 
 0.126653 0.413641 -0.001423 
 0.128460 0.400761 -0.004024 
 0.131239 0.390163 -0.015672 
 0.132075 0.375000 -0.009224 
 0.133883 0.362119 -0.011824 
 0.135691 0.349239 -0.014424 
 0.140383 0.343413 -0.044129 
 0.140265 0.325846 -0.028656 
 0.142070 0.312983 -0.031253 
 0.143875 0.300120 -0.033849 
 0.145680 0.287257 -0.036446 
 0.147486 0.274394 -0.039043 
 0.149291 0.261530 -0.041639 
 0.152986 0.253611 -0.062257 
 0.152901 0.235804 -0.046833 
 0.156586 0.227953 -0.067436 
 0.156511 0.210077 -0.052026 
 0.160187 0.202296 -0.072616 
 0.161987 0.189467 -0.075206 
 0.163787 0.176638 -0.077795 
 0.165588 0.163809 -0.080385 
 0.169239 0.156200 -0.100940 
 0.169188 0.138152 -0.085564 
 0.172830 0.130611 -0.106106 
 0.174626 0.117817 -0.108689 
 0.176421 0.105023 -0.111272 
 0.176390 0.086837 -0.095923 
 0.178190 0.074008 -0.098513 
 0.181808 0.066640 -0.119020 
 0.183603 0.053845 -0.121603 
 0.183591 0.035521 -0.106282 
 0.185391 0.022693 -0.108872 
 0.187192 0.009864 -0.111462 
 0.187199 -0.008598 -0.096170 
 0.188110 -0.024294 -0.089829 
 0.189918 -0.037175 -0.092429 
 0.191725 -0.050055 -0.095029 
 0.191759 -0.068706 -0.079775 
 0.193572 -0.081621 -0.082382 
 0.193620 -0.100375 -0.067149 
 0.194558 -0.116262 -0.060847 
 0.194623 -0.135137 -0.045638 
 0.195573 -0.151109 -0.039352 
 0.197400 -0.164127 -0.041980 
 0.199227 -0.177145 -0.044608 
 0.201054 -0.190164 -0.047236 
 0.202881 -0.203182 -0.049864 
 0.204707 -0.216200 -0.052492 
 0.204814 -0.235367 -0.037343 
 0.206646 -0.248420 -0.039978 
 0.208477 -0.261473 -0.042613 
 0.207750 -0.283904 -0.018612 
 0.209589 -0.297009 -0.021257 
 0.211428 -0.310113 -0.023903 
 0.209884 -0.335929 0.008924 
 0.211733 -0.349103 0.006265 
 0.211900 -0.368701 0.021327 
 0.211238 -0.391597 0.045234 
 0.213098 -0.404856 0.042557 
 0.213292 -0.424644 0.057582 
 0.214326 -0.441219 0.063746 
 0.214536 -0.461127 0.078746 
 0.214756 -0.481104 0.093732 
 0.214986 -0.501150 0.108705 
 0.214404 -0.524614 0.132496 
 0.216294 -0.538080 0.129778 
 0.218183 -0.551546 0.127060 
 0.220073 -0.565012 0.124341 
 0.221963 -0.578478 0.121623 
 0.057084 0.841942 0.056658 
 0.058884 0.829113 0.054068 
 0.058547 0.812851 0.069804 
 0.060352 0.799988 0.067208 
 0.062157 0.787125 0.064611 
 0.062901 0.772493 0.071167 
 0.064709 0.759613 0.068567 
 0.067573 0.748535 0.056821 
 0.071486 0.739312 0.035940 
 0.073287 0.726483 0.033350 
 0.072988 0.709945 0.049031 
 0.074793 0.697082 0.046434 
 0.076599 0.684219 0.043837 
 0.078404 0.671356 0.041241 
 0.082288 0.662339 0.020401 
 0.082014 0.645629 0.036047 
 0.083819 0.632766 0.033451 
 0.085624 0.619903 0.030854 
 0.087430 0.607039 0.028257 
 0.089235 0.594176 0.025661 
 0.090015 0.579286 0.032164 
 0.091822 0.566406 0.029564 
 0.094650 0.555587 0.017871 
 0.096455 0.542723 0.015274 
 0.098260 0.529860 0.012677 
 0.100066 0.516997 0.010080 
 0.101871 0.504134 0.007484 
 0.103676 0.491270 0.004887 
 0.105481 0.478407 0.002290 
 0.107286 0.465544 -0.000306 
 0.109091 0.452681 -0.002903 
 0.109898 0.437601 0.003563 
 0.111706 0.424721 0.000962 
 0.113513 0.411840 -0.001638 
 0.116312 0.401228 -0.013290 
 0.118117 0.388364 -0.015886 
 0.119922 0.375501 -0.018483 
 0.121728 0.362638 -0.021080 
 0.123533 0.349775 -0.023676 
 0.125338 0.336911 -0.026273 
 0.127143 0.324048 -0.028870 
 0.128948 0.311185 -0.031466 
 0.130753 0.298322 -0.034063 
 0.132559 0.285459 -0.036660 
 0.136298 0.277475 -0.057291 
 0.138098 0.264646 -0.059880 
 0.139899 0.251818 -0.062470 
 0.139779 0.234006 -0.047047 
 0.143499 0.226160 -0.067650 
 0.145300 0.213331 -0.070239 
 0.147100 0.200502 -0.072829 
 0.148900 0.187674 -0.075419 
 0.152596 0.180000 -0.095988 
 0.154392 0.167206 -0.098570 
 0.156187 0.154411 -0.101153 
 0.157983 0.141617 -0.103736 
 0.159778 0.128823 -0.106319 
 0.161574 0.116028 -0.108902 
 0.163369 0.103234 -0.111484 
 0.165165 0.090440 -0.114067 
 0.166960 0.077645 -0.116650 
 0.168756 0.064851 -0.119233 
 0.170551 0.052057 -0.121815 
 0.172347 0.039262 -0.124398 
 0.172305 0.020899 -0.109085 
 0.174105 0.008070 -0.111675 
 0.175905 -0.004758 -0.114265 
 0.175882 -0.023259 -0.098980 
 0.177687 -0.036122 -0.101577 
 0.178586 -0.051856 -0.095244 
 0.180393 -0.064737 -0.097844 
 0.182201 -0.077617 -0.100444 
 0.182209 -0.096342 -0.085204 
 0.181330 -0.118074 -0.061062 
 0.181361 -0.136954 -0.045854 
 0.183185 -0.149955 -0.048478 
 0.184120 -0.165947 -0.042197 
 0.185947 -0.178965 -0.044825 
 0.187774 -0.191984 -0.047453 
 0.189600 -0.205002 -0.050081 
 0.191427 -0.218020 -0.052709 
 0.191499 -0.237192 -0.037560 
 0.193330 -0.250245 -0.040195 
 0.195162 -0.263298 -0.042830 
 0.195253 -0.282608 -0.027708 
 0.196221 -0.298841 -0.021475 
 0.198060 -0.311945 -0.024121 
 0.198173 -0.331410 -0.009031 
 0.198295 -0.350944 0.006046 
 0.200143 -0.364117 0.003386 
 0.197712 -0.393451 0.045013 
 0.199572 -0.406710 0.042337 
 0.199731 -0.426502 0.057361 
 0.200748 -0.443080 0.063524 
 0.202616 -0.456391 0.060837 
 0.201108 -0.482974 0.093509 
 0.201302 -0.503025 0.108481 
 0.200667 -0.526497 0.132273 
 0.204230 -0.533223 0.111895 
 0.206115 -0.546655 0.109184 
 0.208000 -0.560086 0.106472 
 0.209885 -0.573518 0.103761 
 0.211770 -0.586949 0.101049 
 0.213655 -0.600380 0.098338 
 0.046179 0.843518 0.038104 
 0.047975 0.830724 0.035521 
 0.049770 0.817929 0.032939 
 0.047230 0.798190 0.066994 
 0.053361 0.792341 0.027773 
 0.050841 0.772463 0.061800 
 0.054799 0.763176 0.040906 
 0.056599 0.750347 0.038316 
 0.058400 0.737518 0.035726 
 0.060200 0.724690 0.033137 
 0.062000 0.711861 0.030547 
 0.063801 0.699032 0.027957 
 0.065601 0.686203 0.025367 
 0.065282 0.669557 0.041027 
 0.069202 0.660546 0.020188 
 0.068892 0.643831 0.035833 
 0.072802 0.634888 0.015008 
 0.072502 0.618104 0.030640 
 0.074308 0.605241 0.028043 
 0.076113 0.592378 0.025447 
 0.077918 0.579515 0.022850 
 0.078683 0.564605 0.029350 
 0.081528 0.553788 0.017657 
 0.085404 0.545086 -0.003120 
 0.087205 0.532258 -0.005709 
 0.089005 0.519429 -0.008299 
 0.090805 0.506600 -0.010889 
 0.092606 0.493771 -0.013479 
 0.094406 0.480942 -0.016068 
 0.094164 0.463746 -0.000520 
 0.095970 0.450882 -0.003117 
 0.096759 0.435801 0.003348 
 0.098566 0.422920 0.000748 
 0.101385 0.412293 -0.010907 
 0.103190 0.399429 -0.013504 
 0.104995 0.386566 -0.016100 
 0.106801 0.373703 -0.018697 
 0.110609 0.365483 -0.039376 
 0.112409 0.352654 -0.041966 
 0.114210 0.339826 -0.044555 
 0.116010 0.326997 -0.047145 
 0.117810 0.314168 -0.049735 
 0.119611 0.301339 -0.052325 
 0.121411 0.288510 -0.054914 
 0.123211 0.275682 -0.057504 
 0.125012 0.262853 -0.060094 
 0.124852 0.245071 -0.044664 
 0.126657 0.232207 -0.047261 
 0.128462 0.219344 -0.049857 
 0.132213 0.211538 -0.070453 
 0.134013 0.198709 -0.073042 
 0.135814 0.185880 -0.075632 
 0.139545 0.178212 -0.096200 
 0.141340 0.165417 -0.098783 
 0.143136 0.152623 -0.101366 
 0.144931 0.139828 -0.103949 
 0.146727 0.127034 -0.106532 
 0.148522 0.114240 -0.109114 
 0.150318 0.101445 -0.111697 
 0.150216 0.083250 -0.096350 
 0.153909 0.075857 -0.116863 
 0.155704 0.063062 -0.119445 
 0.157500 0.050268 -0.122028 
 0.159295 0.037474 -0.124611 
 0.159218 0.019106 -0.109299 
 0.161018 0.006277 -0.111889 
 0.162818 -0.006552 -0.114478 
 0.164619 -0.019381 -0.117068 
 0.164566 -0.037921 -0.101791 
 0.165446 -0.053657 -0.095458 
 0.167254 -0.066537 -0.098058 
 0.169062 -0.079418 -0.100658 
 0.169035 -0.098147 -0.085419 
 0.169018 -0.116945 -0.070194 
 0.169923 -0.132854 -0.063896 
 0.169923 -0.151773 -0.048695 
 0.171747 -0.164774 -0.051319 
 0.173572 -0.177775 -0.053944 
 0.174494 -0.193803 -0.047669 
 0.176320 -0.206822 -0.050297 
 0.178147 -0.219840 -0.052925 
 0.178184 -0.239017 -0.037777 
 0.180015 -0.252070 -0.040412 
 0.181847 -0.265122 -0.043047 
 0.181903 -0.284437 -0.027926 
 0.183739 -0.297524 -0.030568 
 0.185576 -0.310612 -0.033209 
 0.184770 -0.333247 -0.009249 
 0.186614 -0.346386 -0.011902 
 0.186705 -0.365959 0.003167 
 0.184186 -0.395304 0.044793 
 0.186047 -0.408564 0.042116 
 0.186170 -0.428361 0.057139 
 0.185436 -0.451513 0.080996 
 0.187309 -0.464858 0.078302 
 0.187459 -0.484845 0.093287 
 0.186759 -0.508238 0.117094 
 0.186931 -0.528379 0.132049 
 0.188820 -0.541845 0.129330 
 0.190710 -0.555311 0.126612 
 0.194299 -0.561964 0.106249 
 0.196183 -0.575395 0.103537 
 0.196379 -0.595709 0.118457 
 0.198269 -0.609175 0.115739 
 0.033128 0.841730 0.037891 
 0.034923 0.828935 0.035309 
 0.036719 0.816141 0.032726 
 0.034108 0.796391 0.066780 
 0.040310 0.790552 0.027560 
 0.042105 0.777758 0.024978 
 0.041712 0.761383 0.040692 
 0.043512 0.748554 0.038103 
 0.045313 0.735725 0.035513 
 0.047113 0.722896 0.032923 
 0.048913 0.710067 0.030334 
 0.050714 0.697239 0.027744 
 0.052514 0.684410 0.025154 
 0.054314 0.671581 0.022564 
 0.056115 0.658752 0.019975 
 0.057915 0.645923 0.017385 
 0.059715 0.633095 0.014795 
 0.061516 0.620266 0.012205 
 0.063316 0.607437 0.009616 
 0.065116 0.594608 0.007026 
 0.064796 0.577716 0.022636 
 0.066601 0.564853 0.020039 
 0.070517 0.556122 -0.000743 
 0.072318 0.543293 -0.003333 
 0.074118 0.530464 -0.005923 
 0.075918 0.517635 -0.008512 
 0.077719 0.504807 -0.011102 
 0.079519 0.491978 -0.013692 
 0.081319 0.479149 -0.016282 
 0.081042 0.461947 -0.000734 
 0.082848 0.449084 -0.003331 
 0.083619 0.434000 0.003134 
 0.085427 0.421119 0.000534 
 0.088263 0.410494 -0.011121 
 0.090068 0.397631 -0.013718 
 0.091873 0.384768 -0.016314 
 0.095722 0.376519 -0.037000 
 0.097522 0.363690 -0.039589 
 0.099323 0.350861 -0.042179 
 0.101123 0.338032 -0.044769 
 0.102923 0.325203 -0.047358 
 0.104724 0.312375 -0.049948 
 0.106524 0.299546 -0.052538 
 0.108324 0.286717 -0.055128 
 0.110125 0.273888 -0.057717 
 0.109925 0.256135 -0.042281 
 0.111730 0.243272 -0.044878 
 0.113535 0.230409 -0.047474 
 0.115340 0.217546 -0.050071 
 0.119126 0.209744 -0.070666 
 0.120926 0.196915 -0.073256 
 0.122727 0.184087 -0.075846 
 0.126493 0.176423 -0.096413 
 0.128289 0.163629 -0.098996 
 0.130084 0.150834 -0.101579 
 0.131880 0.138040 -0.104162 
 0.133675 0.125245 -0.106744 
 0.135471 0.112451 -0.109327 
 0.137266 0.099657 -0.111910 
 0.139062 0.086862 -0.114493 
 0.140857 0.074068 -0.117075 
 0.142653 0.061274 -0.119658 
 0.144448 0.048479 -0.122241 
 0.146244 0.035685 -0.124824 
 0.148039 0.022891 -0.127407 
 0.149835 0.010096 -0.129989 
 0.149732 -0.008345 -0.114692 
 0.151532 -0.021174 -0.117281 
 0.153332 -0.034003 -0.119871 
 0.153249 -0.052582 -0.104602 
 0.154114 -0.068338 -0.098272 
 0.155922 -0.081218 -0.100872 
 0.155860 -0.099953 -0.085634 
 0.155808 -0.118756 -0.070409 
 0.156696 -0.134666 -0.064111 
 0.158515 -0.147633 -0.066729 
 0.158485 -0.166591 -0.051535 
 0.160309 -0.179592 -0.054160 
 0.162134 -0.192593 -0.056784 
 0.163040 -0.208642 -0.050514 
 0.164867 -0.221660 -0.053142 
 0.166694 -0.234678 -0.055770 
 0.166700 -0.253894 -0.040629 
 0.168532 -0.266947 -0.043264 
 0.168552 -0.286267 -0.028143 
 0.169486 -0.302505 -0.021911 
 0.172225 -0.312441 -0.033427 
 0.171367 -0.335084 -0.009468 
 0.173211 -0.348222 -0.012120 
 0.173267 -0.367801 0.002948 
 0.173333 -0.387447 0.018002 
 0.172521 -0.410417 0.041896 
 0.174381 -0.423677 0.039219 
 0.174474 -0.443513 0.054235 
 0.173695 -0.466724 0.078080 
 0.173810 -0.486715 0.093064 
 0.173057 -0.510116 0.116871 
 0.173194 -0.530262 0.131825 
 0.175083 -0.543728 0.129106 
 0.176973 -0.557194 0.126388 
 0.180597 -0.563842 0.106025 
 0.182482 -0.577273 0.103314 
 0.182642 -0.597591 0.118233 
 0.184532 -0.611058 0.115515 
 0.186422 -0.624523 0.112796 
 0.188312 -0.637989 0.110078 
 0.010622 0.887877 0.066376 
 0.014689 0.878324 0.045427 
 0.016485 0.865530 0.042844 
 0.018280 0.852735 0.040261 
 0.020076 0.839941 0.037679 
 0.021871 0.827147 0.035096 
 0.023667 0.814352 0.032513 
 0.023224 0.798075 0.048248 
 0.027258 0.788763 0.027348 
 0.029053 0.775969 0.024765 
 0.028625 0.759589 0.040479 
 0.030426 0.746760 0.037889 
 0.032226 0.733931 0.035300 
 0.034026 0.721103 0.032710 
 0.035827 0.708274 0.030120 
 0.037627 0.695445 0.027530 
 0.039427 0.682616 0.024941 
 0.039038 0.665961 0.040599 
 0.043028 0.656959 0.019761 
 0.044828 0.644130 0.017172 
 0.046629 0.631301 0.014582 
 0.048429 0.618472 0.011992 
 0.050229 0.605643 0.009402 
 0.052030 0.592815 0.006813 
 0.053830 0.579986 0.004223 
 0.053479 0.563055 0.019825 
 0.057431 0.554328 -0.000957 
 0.059231 0.541500 -0.003546 
 0.061031 0.528671 -0.006136 
 0.062832 0.515842 -0.008726 
 0.064632 0.503013 -0.011316 
 0.066432 0.490184 -0.013905 
 0.068233 0.477356 -0.016495 
 0.066864 0.457960 0.008120 
 0.068672 0.445080 0.005520 
 0.070480 0.432199 0.002920 
 0.072287 0.419319 0.000320 
 0.074095 0.406438 -0.002280 
 0.076946 0.395833 -0.013931 
 0.078751 0.382970 -0.016528 
 0.082635 0.374725 -0.037213 
 0.084436 0.361896 -0.039803 
 0.086236 0.349068 -0.042392 
 0.088036 0.336239 -0.044982 
 0.089837 0.323410 -0.047572 
 0.091637 0.310581 -0.050162 
 0.093437 0.297752 -0.052751 
 0.095237 0.284924 -0.055341 
 0.097038 0.272095 -0.057931 
 0.096803 0.254337 -0.042495 
 0.098608 0.241474 -0.045092 
 0.100413 0.228611 -0.047688 
 0.102218 0.215747 -0.050285 
 0.106039 0.207951 -0.070879 
 0.107840 0.195122 -0.073469 
 0.109640 0.182293 -0.076059 
 0.113442 0.174634 -0.096626 
 0.115237 0.161840 -0.099209 
 0.117033 0.149045 -0.101792 
 0.118828 0.136251 -0.104374 
 0.120623 0.123457 -0.106957 
 0.122419 0.110662 -0.109540 
 0.124214 0.097868 -0.112123 
 0.124043 0.079663 -0.096777 
 0.127805 0.072279 -0.117288 
 0.129601 0.059485 -0.119871 
 0.131396 0.046691 -0.122454 
 0.133192 0.033896 -0.125037 
 0.134987 0.021102 -0.127619 
 0.136783 0.008308 -0.130202 
 0.138578 -0.004487 -0.132785 
 0.140374 -0.017281 -0.135368 
 0.140246 -0.035796 -0.120084 
 0.142046 -0.048625 -0.122674 
 0.141932 -0.067244 -0.107412 
 0.142783 -0.083019 -0.101086 
 0.142686 -0.101758 -0.085848 
 0.144498 -0.114673 -0.088455 
 0.144416 -0.133515 -0.073239 
 0.146233 -0.146465 -0.075853 
 0.147107 -0.162412 -0.069562 
 0.148927 -0.175379 -0.072179 
 0.148871 -0.194411 -0.057000 
 0.149760 -0.210462 -0.050730 
 0.151587 -0.223480 -0.053358 
 0.153414 -0.236498 -0.055986 
 0.153385 -0.255719 -0.040846 
 0.155217 -0.268772 -0.043481 
 0.154279 -0.291232 -0.019484 
 0.156118 -0.304337 -0.022129 
 0.157957 -0.317441 -0.024774 
 0.157964 -0.336920 -0.009686 
 0.157980 -0.356469 0.005388 
 0.159829 -0.369642 0.002729 
 0.159860 -0.389294 0.017782 
 0.160807 -0.405758 0.023969 
 0.160855 -0.425530 0.038999 
 0.160913 -0.445371 0.054014 
 0.161880 -0.461973 0.060173 
 0.161954 -0.481935 0.075164 
 0.157567 -0.518679 0.134319 
 0.159457 -0.532145 0.131601 
 0.161347 -0.545610 0.128882 
 0.165011 -0.552288 0.108513 
 0.165126 -0.572542 0.123446 
 0.165252 -0.592866 0.138364 
 0.167146 -0.606366 0.135638 
 0.170795 -0.612940 0.115291 
 0.174435 -0.619445 0.094957 
 0.176320 -0.632877 0.092245 
 -0.015482 0.929628 0.122506 
 -0.013669 0.916713 0.119899 
 -0.011857 0.903798 0.117292 
 -0.007733 0.894095 0.096312 
 -0.004772 0.882838 0.084529 
 -0.000664 0.873255 0.063573 
 0.001136 0.860426 0.060984 
 0.002936 0.847597 0.058394 
 0.007024 0.838152 0.037466 
 0.008820 0.825358 0.034883 
 0.010615 0.812564 0.032300 
 0.007864 0.792795 0.066352 
 0.011938 0.783453 0.045445 
 0.016002 0.774180 0.024552 
 0.015539 0.757796 0.040266 
 0.017339 0.744967 0.037676 
 0.019139 0.732138 0.035086 
 0.018695 0.715616 0.050772 
 0.022740 0.706480 0.029907 
 0.024540 0.693652 0.027317 
 0.024111 0.677026 0.042982 
 0.025916 0.664163 0.040385 
 0.029941 0.655165 0.019548 
 0.029526 0.638436 0.035192 
 0.031332 0.625573 0.032595 
 0.033137 0.612710 0.029998 
 0.034942 0.599846 0.027402 
 0.036747 0.586983 0.024805 
 0.038552 0.574120 0.022208 
 0.040357 0.561257 0.019612 
 0.044344 0.552535 -0.001170 
 0.046144 0.539706 -0.003760 
 0.045773 0.522667 0.011822 
 0.049745 0.514048 -0.008939 
 0.051545 0.501220 -0.011529 
 0.053345 0.488391 -0.014119 
 0.055146 0.475562 -0.016708 
 0.054799 0.458351 -0.001162 
 0.058746 0.449904 -0.021888 
 0.057340 0.430399 0.002706 
 0.059148 0.417518 0.000106 
 0.060955 0.404638 -0.002494 
 0.062763 0.391757 -0.005095 
 0.064570 0.378877 -0.007695 
 0.067435 0.368308 -0.019339 
 0.069240 0.355445 -0.021935 
 0.071045 0.342582 -0.024532 
 0.074949 0.334445 -0.045195 
 0.074655 0.316855 -0.029725 
 0.076461 0.303992 -0.032322 
 0.078266 0.291129 -0.034919 
 0.080071 0.278265 -0.037516 
 0.080839 0.262953 -0.031096 
 0.083681 0.252539 -0.042709 
 0.085486 0.239676 -0.045306 
 0.087292 0.226812 -0.047902 
 0.089097 0.213949 -0.050499 
 0.092953 0.206157 -0.071093 
 0.094753 0.193328 -0.073683 
 0.098594 0.185640 -0.094256 
 0.100390 0.172846 -0.096839 
 0.102185 0.160051 -0.099422 
 0.103981 0.147257 -0.102004 
 0.105776 0.134462 -0.104587 
 0.107572 0.121668 -0.107170 
 0.109367 0.108874 -0.109753 
 0.111163 0.096079 -0.112335 
 0.110956 0.077869 -0.096990 
 0.112756 0.065040 -0.099580 
 0.116549 0.057696 -0.120084 
 0.118345 0.044902 -0.122667 
 0.120140 0.032108 -0.125249 
 0.121936 0.019313 -0.127832 
 0.121758 0.000896 -0.112529 
 0.125527 -0.006275 -0.132998 
 0.125358 -0.024761 -0.117708 
 0.127159 -0.037590 -0.120298 
 0.127005 -0.056179 -0.105029 
 0.128810 -0.069042 -0.107626 
 0.129643 -0.084820 -0.101301 
 0.129511 -0.103564 -0.086063 
 0.131323 -0.116479 -0.088670 
 0.131206 -0.135326 -0.073454 
 0.133023 -0.148275 -0.076068 
 0.134840 -0.161224 -0.078682 
 0.135700 -0.177192 -0.072395 
 0.135609 -0.196228 -0.057217 
 0.137433 -0.209229 -0.059841 
 0.138307 -0.225300 -0.053575 
 0.140134 -0.238318 -0.056203 
 0.141961 -0.251336 -0.058831 
 0.141902 -0.270597 -0.043698 
 0.140911 -0.293064 -0.019702 
 0.142750 -0.306169 -0.022347 
 0.144589 -0.319273 -0.024992 
 0.144561 -0.338757 -0.009905 
 0.146405 -0.351896 -0.012557 
 0.146391 -0.371484 0.002510 
 0.148240 -0.384657 -0.000149 
 0.145469 -0.414125 0.041455 
 0.145486 -0.433936 0.056476 
 0.146433 -0.450523 0.062639 
 0.148301 -0.463834 0.059952 
 0.148340 -0.483801 0.074942 
 0.146566 -0.510526 0.107589 
 0.147539 -0.527303 0.113713 
 0.149424 -0.540734 0.111002 
 0.151309 -0.554166 0.108290 
 0.153194 -0.567597 0.105579 
 0.153279 -0.587891 0.120503 
 0.155169 -0.601357 0.117785 
 0.157059 -0.614823 0.115067 
 0.160733 -0.621323 0.094733 
 0.162618 -0.634755 0.092022 
 -0.032281 0.953652 0.127506 
 -0.030469 0.940738 0.124898 
 -0.028656 0.927823 0.122291 
 -0.026844 0.914908 0.119684 
 -0.025031 0.901993 0.117077 
 -0.023219 0.889078 0.114470 
 -0.019065 0.879414 0.093497 
 -0.016088 0.868176 0.081718 
 -0.014283 0.855313 0.079121 
 -0.012478 0.842450 0.076525 
 -0.008350 0.832975 0.055591 
 -0.004232 0.823569 0.034670 
 -0.002436 0.810775 0.032088 
 -0.005257 0.790997 0.066138 
 -0.001149 0.781660 0.045232 
 0.000651 0.768831 0.042642 
 0.000158 0.752407 0.058348 
 0.001963 0.739544 0.055751 
 0.003768 0.726680 0.053155 
 0.005574 0.713817 0.050558 
 0.007379 0.700954 0.047961 
 0.009184 0.688091 0.045365 
 0.009857 0.673327 0.051895 
 0.011664 0.660446 0.049295 
 0.016854 0.653372 0.019335 
 0.015279 0.634685 0.044094 
 0.017087 0.621805 0.041494 
 0.018894 0.608924 0.038894 
 0.020702 0.596044 0.036294 
 0.022510 0.583163 0.033694 
 0.024317 0.570283 0.031093 
 0.026125 0.557402 0.028493 
 0.029041 0.546595 0.016801 
 0.030846 0.533732 0.014204 
 0.032651 0.520869 0.011608 
 0.034456 0.508005 0.009011 
 0.036261 0.495142 0.006414 
 0.038066 0.482279 0.003818 
 0.042059 0.473769 -0.016922 
 0.040585 0.454359 0.007692 
 0.042393 0.441478 0.005092 
 0.044201 0.428598 0.002492 
 0.043840 0.411227 0.018007 
 0.047816 0.402837 -0.002709 
 0.049623 0.389957 -0.005309 
 0.051431 0.377076 -0.007909 
 0.054313 0.366510 -0.019553 
 0.056118 0.353647 -0.022149 
 0.057923 0.340783 -0.024746 
 0.059728 0.327920 -0.027343 
 0.061533 0.315057 -0.029939 
 0.063339 0.302194 -0.032536 
 0.064084 0.286913 -0.026110 
 0.066949 0.276467 -0.037729 
 0.067699 0.261152 -0.031310 
 0.070559 0.250741 -0.042923 
 0.072364 0.237877 -0.045519 
 0.074170 0.225014 -0.048116 
 0.075975 0.212151 -0.050713 
 0.079866 0.204364 -0.071306 
 0.081666 0.191535 -0.073896 
 0.085543 0.183851 -0.094469 
 0.085267 0.165877 -0.079075 
 0.089134 0.158263 -0.099634 
 0.090929 0.145468 -0.102217 
 0.092725 0.132674 -0.104800 
 0.094520 0.119879 -0.107383 
 0.096316 0.107085 -0.109965 
 0.098111 0.094291 -0.112548 
 0.097869 0.076076 -0.097203 
 0.099669 0.063247 -0.099793 
 0.103498 0.055908 -0.120297 
 0.105293 0.043113 -0.122879 
 0.107089 0.030319 -0.125462 
 0.108884 0.017525 -0.128045 
 0.110680 0.004730 -0.130628 
 0.112475 -0.008064 -0.133210 
 0.114271 -0.020858 -0.135793 
 0.114072 -0.039383 -0.120511 
 0.113883 -0.057977 -0.105243 
 0.115688 -0.070840 -0.107840 
 0.116504 -0.086620 -0.101515 
 0.116336 -0.105369 -0.086278 
 0.118149 -0.118284 -0.088885 
 0.117996 -0.137136 -0.073669 
 0.119813 -0.150085 -0.076284 
 0.121631 -0.163035 -0.078898 
 0.122473 -0.179004 -0.072611 
 0.122346 -0.198046 -0.057433 
 0.123200 -0.214101 -0.051163 
 0.125027 -0.227120 -0.053791 
 0.126854 -0.240138 -0.056419 
 0.126755 -0.259369 -0.041280 
 0.126665 -0.278669 -0.026154 
 0.127543 -0.294896 -0.019920 
 0.129382 -0.308001 -0.022565 
 0.129314 -0.327455 -0.007471 
 0.131158 -0.340594 -0.010123 
 0.131104 -0.360152 0.004950 
 0.132953 -0.373325 0.002291 
 0.130082 -0.402719 0.043911 
 0.131943 -0.415978 0.041234 
 0.131925 -0.435795 0.056255 
 0.132854 -0.452384 0.062417 
 0.134722 -0.465695 0.059730 
 0.134727 -0.485666 0.074720 
 0.132882 -0.512401 0.107366 
 0.134764 -0.525816 0.104658 
 0.135722 -0.542612 0.110778 
 0.137607 -0.556043 0.108067 
 0.137653 -0.576307 0.122998 
 0.139543 -0.589773 0.120279 
 0.139602 -0.610141 0.135189 
 0.141497 -0.623641 0.132464 
 0.143392 -0.637141 0.129739 
 0.145286 -0.650642 0.127013 
 0.147181 -0.664142 0.124288 
 -0.047268 0.964762 0.129898 
 -0.045456 0.951847 0.127291 
 -0.043643 0.938932 0.124684 
 -0.041831 0.926017 0.122077 
 -0.040019 0.913102 0.119469 
 -0.038206 0.900187 0.116862 
 -0.036394 0.887272 0.114255 
 -0.034581 0.874358 0.111648 
 -0.030397 0.864733 0.090683 
 -0.028589 0.851852 0.088083 
 -0.026781 0.838972 0.085483 
 -0.021437 0.831181 0.055378 
 -0.017284 0.821781 0.034458 
 -0.017836 0.805524 0.050198 
 -0.016036 0.792695 0.047608 
 -0.016574 0.776335 0.063327 
 -0.014769 0.763472 0.060731 
 -0.010635 0.754209 0.039839 
 -0.011159 0.737745 0.055537 
 -0.010513 0.723048 0.062081 
 -0.008706 0.710167 0.059481 
 -0.006898 0.697287 0.056881 
 -0.003938 0.686292 0.045151 
 -0.003283 0.671526 0.051681 
 -0.003770 0.654804 0.067327 
 0.000332 0.645765 0.046480 
 -0.000146 0.628974 0.062113 
 0.001667 0.616060 0.059506 
 0.003479 0.603145 0.056899 
 0.005292 0.590230 0.054292 
 0.007104 0.577315 0.051684 
 0.008917 0.564400 0.049077 
 0.010729 0.551485 0.046470 
 0.015919 0.544797 0.016587 
 0.017724 0.531934 0.013990 
 0.019529 0.519070 0.011394 
 0.021334 0.506207 0.008797 
 0.023139 0.493344 0.006200 
 0.024944 0.480481 0.003604 
 0.028972 0.471975 -0.017135 
 0.027446 0.452558 0.007478 
 0.029253 0.439678 0.004878 
 0.031061 0.426797 0.002277 
 0.032869 0.413917 -0.000323 
 0.034676 0.401036 -0.002923 
 0.036484 0.388156 -0.005523 
 0.038291 0.375275 -0.008123 
 0.041191 0.364712 -0.019767 
 0.042996 0.351848 -0.022363 
 0.044801 0.338985 -0.024960 
 0.046606 0.326122 -0.027557 
 0.048411 0.313259 -0.030153 
 0.050217 0.300395 -0.032750 
 0.050944 0.285112 -0.026324 
 0.053827 0.274669 -0.037943 
 0.054560 0.259351 -0.031525 
 0.057437 0.248942 -0.043137 
 0.058175 0.233590 -0.036725 
 0.059982 0.220710 -0.039325 
 0.062853 0.210353 -0.050927 
 0.066779 0.202570 -0.071519 
 0.068579 0.189742 -0.074109 
 0.070380 0.176913 -0.076699 
 0.072180 0.164084 -0.079289 
 0.076082 0.156474 -0.099847 
 0.077878 0.143680 -0.102430 
 0.079673 0.130885 -0.105013 
 0.081469 0.118091 -0.107595 
 0.083264 0.105296 -0.110178 
 0.085060 0.092502 -0.112761 
 0.084782 0.074282 -0.097417 
 0.086583 0.061454 -0.100007 
 0.090446 0.054119 -0.120509 
 0.092242 0.041325 -0.123092 
 0.094037 0.028530 -0.125675 
 0.095832 0.015736 -0.128258 
 0.097628 0.002942 -0.130840 
 0.099423 -0.009853 -0.133423 
 0.101219 -0.022647 -0.136006 
 0.100985 -0.041177 -0.120724 
 0.100761 -0.059775 -0.105457 
 0.102566 -0.072639 -0.108054 
 0.103364 -0.088421 -0.101729 
 0.103162 -0.107175 -0.086493 
 0.104974 -0.120090 -0.089100 
 0.104786 -0.138946 -0.073885 
 0.106604 -0.151896 -0.076499 
 0.108421 -0.164845 -0.079113 
 0.109245 -0.180817 -0.072826 
 0.109084 -0.199863 -0.057649 
 0.109920 -0.215921 -0.051380 
 0.111747 -0.228940 -0.054008 
 0.111608 -0.248141 -0.038862 
 0.113440 -0.261193 -0.041497 
 0.113315 -0.280498 -0.026372 
 0.114175 -0.296728 -0.020138 
 0.116014 -0.309833 -0.022783 
 0.115911 -0.329292 -0.007690 
 0.117755 -0.342431 -0.010342 
 0.117666 -0.361994 0.004731 
 0.119515 -0.375167 0.002072 
 0.119440 -0.394833 0.017124 
 0.118417 -0.417832 0.041014 
 0.120278 -0.431091 0.038337 
 0.120230 -0.450947 0.053351 
 0.121144 -0.467556 0.059509 
 0.121113 -0.487532 0.074498 
 0.121092 -0.507577 0.089473 
 0.121080 -0.527691 0.104435 
 0.122963 -0.541105 0.101727 
 0.123906 -0.557921 0.107843 
 0.125791 -0.571352 0.105132 
 0.123936 -0.598528 0.137690 
 0.125831 -0.612028 0.134965 
 0.125865 -0.632469 0.149860 
 0.127764 -0.646004 0.147128 
 0.129664 -0.659539 0.144395 
 0.131563 -0.673073 0.141663 
 0.135430 -0.720825 0.151046 
 -0.064068 0.988786 0.134897 
 -0.062255 0.975871 0.132290 
 -0.060443 0.962956 0.129683 
 -0.058630 0.950041 0.127076 
 -0.056818 0.937127 0.124469 
 -0.055006 0.924212 0.121862 
 -0.053193 0.911297 0.119255 
 -0.051381 0.898382 0.116648 
 -0.049568 0.885467 0.114040 
 -0.047756 0.872552 0.111433 
 -0.045944 0.859637 0.108826 
 -0.044131 0.846722 0.106219 
 -0.039921 0.837171 0.085268 
 -0.034524 0.829388 0.055164 
 -0.030335 0.819992 0.034245 
 -0.030923 0.803730 0.049985 
 -0.029123 0.790902 0.047395 
 -0.029696 0.774537 0.063114 
 -0.027891 0.761674 0.060517 
 -0.026086 0.748810 0.057920 
 -0.025460 0.734128 0.064467 
 -0.023653 0.721247 0.061867 
 -0.021845 0.708367 0.059267 
 -0.020038 0.695486 0.056667 
 -0.018230 0.682606 0.054067 
 -0.016422 0.669725 0.051466 
 -0.016945 0.652999 0.067112 
 -0.012807 0.643964 0.046266 
 -0.013320 0.627169 0.061898 
 -0.011508 0.614254 0.059291 
 -0.007384 0.605323 0.038466 
 -0.007883 0.588424 0.054077 
 -0.006070 0.575509 0.051470 
 -0.004258 0.562595 0.048863 
 -0.002446 0.549680 0.046255 
 0.001653 0.540921 0.025465 
 0.003461 0.528040 0.022865 
 0.005269 0.515160 0.020264 
 0.007076 0.502279 0.017664 
 0.008884 0.489399 0.015064 
 0.011823 0.478682 0.003390 
 0.015885 0.470182 -0.017348 
 0.012054 0.446360 0.025399 
 0.017238 0.440093 -0.004400 
 0.019043 0.427229 -0.006997 
 0.017491 0.407616 0.017577 
 0.019303 0.394701 0.014970 
 0.021116 0.381786 0.012363 
 0.022928 0.368871 0.009756 
 0.024740 0.355956 0.007149 
 0.028767 0.347714 -0.013538 
 0.030575 0.334833 -0.016138 
 0.033484 0.324324 -0.027771 
 0.035290 0.311460 -0.030367 
 0.035997 0.296192 -0.023938 
 0.037805 0.283311 -0.026539 
 0.039613 0.270431 -0.029139 
 0.041420 0.257551 -0.031739 
 0.044315 0.247144 -0.043351 
 0.046121 0.234281 -0.045947 
 0.046843 0.218909 -0.039539 
 0.049731 0.208554 -0.051141 
 0.051536 0.195691 -0.053737 
 0.053341 0.182828 -0.056334 
 0.057293 0.175119 -0.076912 
 0.059093 0.162290 -0.079502 
 0.060893 0.149462 -0.082092 
 0.062694 0.136633 -0.084681 
 0.066621 0.129097 -0.105225 
 0.068417 0.116302 -0.107808 
 0.070212 0.103508 -0.110391 
 0.072008 0.090713 -0.112974 
 0.071695 0.072489 -0.097630 
 0.073496 0.059660 -0.100220 
 0.077394 0.052330 -0.120722 
 0.079190 0.039536 -0.123305 
 0.080985 0.026742 -0.125888 
 0.082781 0.013947 -0.128470 
 0.084576 0.001153 -0.131053 
 0.086372 -0.011641 -0.133636 
 0.086098 -0.030142 -0.118348 
 0.087898 -0.042970 -0.120938 
 0.087639 -0.061574 -0.105671 
 0.088417 -0.077341 -0.099343 
 0.090225 -0.090222 -0.101943 
 0.089987 -0.108980 -0.086707 
 0.091800 -0.121895 -0.089315 
 0.091577 -0.140757 -0.074100 
 0.093394 -0.153706 -0.076714 
 0.095211 -0.166655 -0.079328 
 0.096018 -0.182630 -0.073042 
 0.095822 -0.201681 -0.057865 
 0.096640 -0.217741 -0.051596 
 0.098467 -0.230760 -0.054224 
 0.098293 -0.249966 -0.039079 
 0.100124 -0.263018 -0.041714 
 0.099964 -0.282328 -0.026590 
 0.100807 -0.298560 -0.020355 
 0.100664 -0.317990 -0.005256 
 0.102508 -0.331129 -0.007908 
 0.102379 -0.350662 0.007171 
 0.104228 -0.363835 0.004512 
 0.104114 -0.383472 0.019570 
 0.104988 -0.399928 0.025759 
 0.104891 -0.419686 0.040793 
 0.106752 -0.432945 0.038117 
 0.106669 -0.452805 0.053129 
 0.107565 -0.469417 0.059288 
 0.107499 -0.489398 0.074276 
 0.107443 -0.509448 0.089251 
 0.107396 -0.529566 0.104212 
 0.109279 -0.542981 0.101504 
 0.111161 -0.556395 0.098796 
 0.110179 -0.580072 0.122550 
 0.112069 -0.593538 0.119832 
 0.112059 -0.613915 0.134740 
 0.112058 -0.634361 0.149635 
 0.113957 -0.647896 0.146903 
 0.115857 -0.661431 0.144170 
 0.114935 -0.685539 0.167837 
 0.114966 -0.706209 0.182687 
 -0.077242 0.986981 0.134683 
 -0.075430 0.974066 0.132075 
 -0.073617 0.961151 0.129468 
 -0.071805 0.948236 0.126861 
 -0.069993 0.935321 0.124254 
 -0.068180 0.922406 0.121647 
 -0.066368 0.909491 0.119040 
 -0.062098 0.899773 0.098055 
 -0.060291 0.886892 0.095455 
 -0.060931 0.870747 0.111219 
 -0.056675 0.861131 0.090255 
 -0.054868 0.848251 0.087654 
 -0.053060 0.835371 0.085054 
 -0.047610 0.827595 0.054951 
 -0.043387 0.818203 0.034032 
 -0.044010 0.801937 0.049771 
 -0.044623 0.785602 0.065496 
 -0.042818 0.772739 0.062900 
 -0.038609 0.763451 0.042002 
 -0.040407 0.745207 0.066853 
 -0.038600 0.732327 0.064253 
 -0.039182 0.715768 0.079933 
 -0.037369 0.702853 0.077326 
 -0.035557 0.689938 0.074719 
 -0.033744 0.677023 0.072112 
 -0.031932 0.664108 0.069505 
 -0.030120 0.651193 0.066898 
 -0.028307 0.638278 0.064290 
 -0.026495 0.625364 0.061683 
 -0.024682 0.612449 0.059076 
 -0.020524 0.603522 0.038251 
 -0.018716 0.590642 0.035651 
 -0.016909 0.577761 0.033051 
 -0.015101 0.564881 0.030451 
 -0.013294 0.552000 0.027851 
 -0.011486 0.539120 0.025251 
 -0.009678 0.526240 0.022650 
 -0.010183 0.509129 0.038219 
 -0.008371 0.496215 0.035612 
 -0.006558 0.483300 0.033005 
 -0.002448 0.474718 0.012250 
 0.000506 0.464021 0.000579 
 0.002311 0.451158 -0.002018 
 0.004116 0.438294 -0.004614 
 0.008200 0.429902 -0.025331 
 0.007726 0.412568 -0.009808 
 0.008397 0.397435 -0.003351 
 0.010205 0.384554 -0.005951 
 0.012012 0.371674 -0.008552 
 0.011566 0.354151 0.006934 
 0.016752 0.348252 -0.022791 
 0.018557 0.335388 -0.025388 
 0.020363 0.322525 -0.027984 
 0.024403 0.314443 -0.048639 
 0.023973 0.296799 -0.033178 
 0.025778 0.283936 -0.035774 
 0.027583 0.271072 -0.038371 
 0.028281 0.255750 -0.031953 
 0.031193 0.245346 -0.043565 
 0.032999 0.232483 -0.046161 
 0.033703 0.217109 -0.039754 
 0.036609 0.206756 -0.051355 
 0.040605 0.198983 -0.071946 
 0.040219 0.181030 -0.056548 
 0.044206 0.173326 -0.077126 
 0.046006 0.160497 -0.079715 
 0.047807 0.147668 -0.082305 
 0.049607 0.134839 -0.084895 
 0.053570 0.127308 -0.105438 
 0.055365 0.114513 -0.108021 
 0.057161 0.101719 -0.110604 
 0.058956 0.088925 -0.113186 
 0.060752 0.076130 -0.115769 
 0.062547 0.063336 -0.118352 
 0.064343 0.050542 -0.120935 
 0.066138 0.037747 -0.123518 
 0.065810 0.019380 -0.108202 
 0.067610 0.006551 -0.110792 
 0.069411 -0.006277 -0.113382 
 0.071211 -0.019106 -0.115972 
 0.073011 -0.031935 -0.118561 
 0.072712 -0.050509 -0.103288 
 0.074517 -0.063372 -0.105885 
 0.075278 -0.079142 -0.099557 
 0.077085 -0.092023 -0.102157 
 0.076813 -0.110786 -0.086922 
 0.078625 -0.123701 -0.089529 
 0.078367 -0.142567 -0.074315 
 0.080184 -0.155516 -0.076930 
 0.082001 -0.168466 -0.079544 
 0.082791 -0.184442 -0.073258 
 0.082559 -0.203498 -0.058081 
 0.083360 -0.219561 -0.051813 
 0.085187 -0.232580 -0.054441 
 0.084978 -0.251790 -0.039296 
 0.086809 -0.264843 -0.041931 
 0.086614 -0.284157 -0.026807 
 0.087440 -0.300392 -0.020573 
 0.087261 -0.319827 -0.005474 
 0.087092 -0.339331 0.009612 
 0.088941 -0.352504 0.006952 
 0.090790 -0.365677 0.004293 
 0.090640 -0.385318 0.019350 
 0.091497 -0.401777 0.025539 
 0.091365 -0.421539 0.040573 
 0.093226 -0.434799 0.037896 
 0.093108 -0.454664 0.052908 
 0.093986 -0.471278 0.059066 
 0.093885 -0.491263 0.074054 
 0.093794 -0.511318 0.089028 
 0.095672 -0.524698 0.086327 
 0.095595 -0.544856 0.101281 
 0.097477 -0.558270 0.098573 
 0.098387 -0.575108 0.104685 
 0.098332 -0.595421 0.119608 
 0.098287 -0.615803 0.134516 
 0.100181 -0.629303 0.131790 
 0.100150 -0.649788 0.146677 
 0.102050 -0.663323 0.143945 
 0.102033 -0.683911 0.158812 
 0.101071 -0.708113 0.182460 
 -0.090417 0.985175 0.134468 
 -0.088604 0.972260 0.131861 
 -0.086792 0.959345 0.129254 
 -0.084980 0.946430 0.126646 
 -0.080660 0.936614 0.105641 
 -0.081355 0.920601 0.121432 
 -0.079542 0.907686 0.118825 
 -0.077730 0.894771 0.116218 
 -0.075918 0.881856 0.113611 
 -0.071623 0.872211 0.092641 
 -0.069815 0.859331 0.090040 
 -0.068007 0.846450 0.087440 
 -0.066200 0.833570 0.084840 
 -0.063161 0.822393 0.073072 
 -0.058897 0.812972 0.052148 
 -0.057097 0.800143 0.049558 
 -0.057745 0.783804 0.065282 
 -0.053496 0.774486 0.044379 
 -0.051696 0.761657 0.041789 
 -0.053547 0.743407 0.066639 
 -0.051739 0.730526 0.064039 
 -0.052356 0.713962 0.079718 
 -0.050544 0.701047 0.077111 
 -0.048731 0.688132 0.074504 
 -0.046919 0.675218 0.071897 
 -0.045107 0.662303 0.069290 
 -0.043294 0.649388 0.066683 
 -0.041482 0.636473 0.064076 
 -0.039669 0.623558 0.061469 
 -0.037857 0.610643 0.058861 
 -0.033663 0.601722 0.038037 
 -0.031856 0.588841 0.035437 
 -0.032420 0.571898 0.051040 
 -0.030607 0.558984 0.048433 
 -0.028795 0.546069 0.045826 
 -0.024626 0.537319 0.025036 
 -0.025170 0.520239 0.040612 
 -0.023358 0.507324 0.038005 
 -0.021545 0.494409 0.035397 
 -0.019733 0.481494 0.032790 
 -0.014421 0.475086 0.002962 
 -0.013780 0.460037 0.009435 
 -0.011972 0.447156 0.006835 
 -0.009006 0.436496 -0.004828 
 -0.007201 0.423633 -0.007425 
 -0.005396 0.410770 -0.010022 
 -0.003590 0.397906 -0.012618 
 -0.001785 0.385043 -0.015215 
 -0.001127 0.369873 -0.008766 
 0.001825 0.359317 -0.020408 
 0.003630 0.346453 -0.023005 
 0.005435 0.333590 -0.025602 
 0.007241 0.320727 -0.028198 
 0.009046 0.307864 -0.030795 
 0.010851 0.295000 -0.033392 
 0.012656 0.282137 -0.035988 
 0.014461 0.269274 -0.038585 
 0.016266 0.256411 -0.041182 
 0.018072 0.243548 -0.043778 
 0.019877 0.230684 -0.046375 
 0.020564 0.215308 -0.039968 
 0.023487 0.204958 -0.051569 
 0.027519 0.197190 -0.072159 
 0.029319 0.184361 -0.074749 
 0.031119 0.171532 -0.077339 
 0.032920 0.158704 -0.079929 
 0.034720 0.145875 -0.082518 
 0.036520 0.133046 -0.085108 
 0.040518 0.125519 -0.105651 
 0.042314 0.112725 -0.108234 
 0.044109 0.099930 -0.110816 
 0.045905 0.087136 -0.113399 
 0.047700 0.074342 -0.115982 
 0.049496 0.061547 -0.118565 
 0.051291 0.048753 -0.121148 
 0.050923 0.030416 -0.105826 
 0.052723 0.017587 -0.108416 
 0.054524 0.004758 -0.111006 
 0.056324 -0.008071 -0.113595 
 0.058124 -0.020900 -0.116185 
 0.059925 -0.033728 -0.118775 
 0.059590 -0.052307 -0.103502 
 0.061395 -0.065170 -0.106099 
 0.062138 -0.080943 -0.099771 
 0.063946 -0.093823 -0.102372 
 0.063638 -0.112591 -0.087137 
 0.065450 -0.125506 -0.089744 
 0.067263 -0.138421 -0.092351 
 0.066974 -0.157327 -0.077145 
 0.068792 -0.170276 -0.079759 
 0.070609 -0.183225 -0.082373 
 0.069297 -0.205316 -0.058298 
 0.070080 -0.221381 -0.052029 
 0.071907 -0.234399 -0.054657 
 0.071662 -0.253615 -0.039513 
 0.073494 -0.266668 -0.042148 
 0.073264 -0.285987 -0.027025 
 0.075100 -0.299074 -0.029667 
 0.075911 -0.315329 -0.023437 
 0.073654 -0.341172 0.009393 
 0.075503 -0.354346 0.006733 
 0.077352 -0.367519 0.004074 
 0.077167 -0.387165 0.019131 
 0.078007 -0.403626 0.025319 
 0.077839 -0.423393 0.040352 
 0.079700 -0.436652 0.037676 
 0.079547 -0.456522 0.052687 
 0.080408 -0.473139 0.058845 
 0.080272 -0.493129 0.073832 
 0.080145 -0.513189 0.088806 
 0.082023 -0.526568 0.086105 
 0.083900 -0.539948 0.083404 
 0.085778 -0.553328 0.080703 
 0.084686 -0.576986 0.104462 
 0.086571 -0.590417 0.101751 
 0.086485 -0.610769 0.116665 
 0.086410 -0.631190 0.131566 
 0.088304 -0.644691 0.128841 
 0.088243 -0.665215 0.143720 
 0.088191 -0.685808 0.158586 
 0.087176 -0.710017 0.182234 
 -0.103591 0.983370 0.134253 
 -0.101779 0.970455 0.131646 
 -0.099967 0.957540 0.129039 
 -0.095607 0.947693 0.108027 
 -0.093800 0.934813 0.105427 
 -0.094529 0.918795 0.121217 
 -0.092717 0.905880 0.118610 
 -0.090905 0.892965 0.116003 
 -0.089092 0.880050 0.113396 
 -0.087280 0.867136 0.110789 
 -0.082954 0.857530 0.089826 
 -0.081147 0.844650 0.087226 
 -0.078088 0.833458 0.075455 
 -0.073784 0.824008 0.054524 
 -0.069490 0.814626 0.033607 
 -0.070183 0.798350 0.049345 
 -0.068383 0.785521 0.046755 
 -0.066583 0.772692 0.044165 
 -0.064782 0.759864 0.041575 
 -0.066686 0.741606 0.066425 
 -0.064879 0.728725 0.063825 
 -0.065531 0.712157 0.079504 
 -0.063718 0.699242 0.076897 
 -0.061906 0.686327 0.074289 
 -0.057648 0.677204 0.053424 
 -0.055841 0.664323 0.050824 
 -0.054033 0.651443 0.048224 
 -0.052226 0.638562 0.045623 
 -0.052844 0.621752 0.061254 
 -0.048610 0.612801 0.040423 
 -0.046803 0.599921 0.037823 
 -0.044995 0.587040 0.035223 
 -0.045594 0.570093 0.050825 
 -0.043782 0.557178 0.048218 
 -0.041970 0.544263 0.045611 
 -0.037765 0.535519 0.024822 
 -0.038345 0.518433 0.040397 
 -0.036532 0.505518 0.037790 
 -0.034720 0.492604 0.035183 
 -0.032908 0.479689 0.032576 
 -0.027543 0.473288 0.002748 
 -0.025738 0.460424 0.000151 
 -0.025112 0.445355 0.006621 
 -0.023304 0.432475 0.004021 
 -0.021497 0.419594 0.001421 
 -0.018517 0.408971 -0.010235 
 -0.016712 0.396108 -0.012832 
 -0.016074 0.380953 -0.006380 
 -0.014266 0.368073 -0.008980 
 -0.011297 0.357518 -0.020622 
 -0.009492 0.344655 -0.023219 
 -0.007686 0.331792 -0.025816 
 -0.005881 0.318929 -0.028412 
 -0.001771 0.310856 -0.049065 
 0.000029 0.298027 -0.051655 
 0.001830 0.285198 -0.054245 
 0.003630 0.272369 -0.056834 
 0.005430 0.259540 -0.059424 
 0.007231 0.246712 -0.062014 
 0.009031 0.233883 -0.064604 
 0.008560 0.216023 -0.049186 
 0.010365 0.203160 -0.051782 
 0.014432 0.195396 -0.072373 
 0.016232 0.182568 -0.074963 
 0.018033 0.169739 -0.077552 
 0.022080 0.162114 -0.098115 
 0.023875 0.149319 -0.100698 
 0.025671 0.136525 -0.103281 
 0.027466 0.123731 -0.105864 
 0.029262 0.110936 -0.108446 
 0.031057 0.098142 -0.111029 
 0.032853 0.085347 -0.113612 
 0.034648 0.072553 -0.116195 
 0.036444 0.059759 -0.118778 
 0.038239 0.046964 -0.121360 
 0.037836 0.028622 -0.106039 
 0.039636 0.015793 -0.108629 
 0.041437 0.002964 -0.111219 
 0.043237 -0.009864 -0.113809 
 0.045037 -0.022693 -0.116398 
 0.046838 -0.035522 -0.118988 
 0.048638 -0.048351 -0.121578 
 0.048273 -0.066968 -0.106313 
 0.048999 -0.082743 -0.099986 
 0.050806 -0.095624 -0.102586 
 0.050463 -0.114397 -0.087352 
 0.052276 -0.127312 -0.089959 
 0.054088 -0.140227 -0.092566 
 0.055900 -0.153141 -0.095173 
 0.057713 -0.166056 -0.097780 
 0.057399 -0.185036 -0.082588 
 0.058156 -0.201034 -0.076306 
 0.057859 -0.220135 -0.061138 
 0.058627 -0.236219 -0.054874 
 0.060454 -0.249238 -0.057502 
 0.060179 -0.268492 -0.042365 
 0.062011 -0.281545 -0.045000 
 0.061750 -0.300904 -0.029884 
 0.060455 -0.323501 -0.005911 
 0.060216 -0.343014 0.009173 
 0.062065 -0.356187 0.006514 
 0.063914 -0.369360 0.003855 
 0.063694 -0.389011 0.018911 
 0.064516 -0.405475 0.025099 
 0.066372 -0.418700 0.022430 
 0.068228 -0.431925 0.019760 
 0.068035 -0.451765 0.034779 
 0.067851 -0.471674 0.049783 
 0.066658 -0.494995 0.073610 
 0.066496 -0.515059 0.088583 
 0.068374 -0.528439 0.085882 
 0.070252 -0.541819 0.083181 
 0.070109 -0.562021 0.098127 
 0.071992 -0.575435 0.095419 
 0.072869 -0.592295 0.101527 
 0.074754 -0.605726 0.098816 
 0.074638 -0.626118 0.113723 
 0.074532 -0.646578 0.128616 
 0.074436 -0.667107 0.143495 
 0.073356 -0.691237 0.167159 
 0.075263 -0.704823 0.164417 
 -0.116766 0.981564 0.134038 
 -0.114954 0.968649 0.131431 
 -0.113141 0.955734 0.128824 
 -0.111329 0.942819 0.126217 
 -0.106939 0.933012 0.105213 
 -0.107704 0.916990 0.121003 
 -0.105892 0.904075 0.118396 
 -0.104079 0.891160 0.115788 
 -0.102267 0.878245 0.113181 
 -0.100454 0.865330 0.110574 
 -0.096094 0.855729 0.089612 
 -0.094286 0.842849 0.087012 
 -0.092479 0.829968 0.084412 
 -0.089404 0.818797 0.072645 
 -0.082542 0.812837 0.033394 
 -0.083270 0.796557 0.049131 
 -0.081470 0.783728 0.046542 
 -0.079670 0.770899 0.043952 
 -0.077869 0.758070 0.041362 
 -0.079826 0.739805 0.066211 
 -0.078018 0.726925 0.063610 
 -0.076211 0.714044 0.061010 
 -0.076893 0.697436 0.076682 
 -0.072595 0.688283 0.055810 
 -0.070788 0.675403 0.053210 
 -0.068980 0.662523 0.050610 
 -0.067173 0.649642 0.048009 
 -0.065365 0.636762 0.045409 
 -0.063558 0.623881 0.042809 
 -0.061750 0.611001 0.040209 
 -0.059942 0.598120 0.037609 
 -0.058135 0.585240 0.035009 
 -0.056327 0.572359 0.032408 
 -0.056957 0.555373 0.048003 
 -0.055144 0.542458 0.045396 
 -0.050905 0.533718 0.024608 
 -0.051519 0.516628 0.040182 
 -0.049707 0.503713 0.037575 
 -0.047895 0.490798 0.034968 
 -0.046082 0.477883 0.032361 
 -0.040665 0.471489 0.002534 
 -0.038860 0.458626 -0.000063 
 -0.038252 0.443555 0.006407 
 -0.035250 0.432900 -0.005256 
 -0.033444 0.420036 -0.007853 
 -0.031639 0.407173 -0.010449 
 -0.029834 0.394310 -0.013046 
 -0.029214 0.379152 -0.006594 
 -0.027406 0.366272 -0.009194 
 -0.024419 0.355720 -0.020836 
 -0.022614 0.342857 -0.023433 
 -0.018458 0.334720 -0.044099 
 -0.016658 0.321891 -0.046689 
 -0.014858 0.309062 -0.049279 
 -0.013057 0.296233 -0.051868 
 -0.011257 0.283405 -0.054458 
 -0.009457 0.270576 -0.057048 
 -0.007657 0.257747 -0.059637 
 -0.005856 0.244918 -0.062227 
 -0.004056 0.232089 -0.064817 
 -0.004562 0.214225 -0.049400 
 -0.000455 0.206432 -0.069996 
 0.001345 0.193603 -0.072586 
 0.003145 0.180774 -0.075176 
 0.004946 0.167945 -0.077766 
 0.009028 0.160325 -0.098328 
 0.010824 0.147531 -0.100911 
 0.012619 0.134736 -0.103494 
 0.015549 0.124598 -0.115052 
 0.017342 0.111821 -0.117631 
 0.019135 0.099043 -0.120211 
 0.020928 0.086266 -0.122790 
 0.021597 0.070765 -0.116408 
 0.023392 0.057970 -0.118990 
 0.025188 0.045176 -0.121573 
 0.026983 0.032381 -0.124156 
 0.026550 0.014000 -0.108842 
 0.028350 0.001171 -0.111432 
 0.030150 -0.011658 -0.114022 
 0.031951 -0.024487 -0.116612 
 0.033751 -0.037315 -0.119201 
 0.035551 -0.050144 -0.121791 
 0.037352 -0.062973 -0.124381 
 0.036957 -0.081630 -0.109123 
 0.038762 -0.094493 -0.111720 
 0.037289 -0.116202 -0.087567 
 0.039101 -0.129117 -0.090174 
 0.040914 -0.142032 -0.092781 
 0.042726 -0.154947 -0.095388 
 0.042372 -0.173897 -0.080190 
 0.044189 -0.186846 -0.082804 
 0.046007 -0.199795 -0.085418 
 0.044596 -0.221952 -0.061355 
 0.046421 -0.234953 -0.063979 
 0.047174 -0.251058 -0.057718 
 0.046864 -0.270317 -0.042582 
 0.046563 -0.289646 -0.027460 
 0.047336 -0.305888 -0.021227 
 0.047052 -0.325337 -0.006130 
 0.046778 -0.344855 0.008954 
 0.048627 -0.358029 0.006295 
 0.050475 -0.371202 0.003636 
 0.050221 -0.390858 0.018692 
 0.051025 -0.407324 0.024879 
 0.052881 -0.420549 0.022210 
 0.054737 -0.433773 0.019540 
 0.054509 -0.453619 0.034558 
 0.054290 -0.473533 0.049562 
 0.055119 -0.490171 0.055715 
 0.052847 -0.516930 0.088361 
 0.054725 -0.530309 0.085660 
 0.056603 -0.543689 0.082959 
 0.056425 -0.563896 0.097904 
 0.058308 -0.577310 0.095196 
 0.060190 -0.590725 0.092488 
 0.061052 -0.607604 0.098592 
 0.060902 -0.628000 0.113499 
 0.062791 -0.641466 0.110781 
 0.062655 -0.661966 0.125666 
 0.060507 -0.689602 0.158135 
 -0.129941 0.979759 0.133823 
 -0.128128 0.966844 0.131216 
 -0.126316 0.953929 0.128609 
 -0.121886 0.944092 0.107599 
 -0.120079 0.931211 0.104999 
 -0.120879 0.915184 0.120788 
 -0.119066 0.902269 0.118181 
 -0.117254 0.889354 0.115574 
 -0.115441 0.876439 0.112967 
 -0.111041 0.866809 0.091998 
 -0.109233 0.853929 0.089398 
 -0.107426 0.841048 0.086798 
 -0.104331 0.829862 0.075027 
 -0.099958 0.820421 0.054097 
 -0.095594 0.811049 0.033181 
 -0.096357 0.794763 0.048918 
 -0.094557 0.781934 0.046328 
 -0.092756 0.769106 0.043739 
 -0.093500 0.752682 0.059447 
 -0.092965 0.738005 0.065996 
 -0.091158 0.725124 0.063396 
 -0.091880 0.708546 0.079074 
 -0.087543 0.699363 0.058196 
 -0.085735 0.686483 0.055596 
 -0.083927 0.673602 0.052996 
 -0.082120 0.660722 0.050395 
 -0.080312 0.647841 0.047795 
 -0.078505 0.634961 0.045195 
 -0.076697 0.622080 0.042595 
 -0.074889 0.609200 0.039995 
 -0.073082 0.596320 0.037395 
 -0.071274 0.583439 0.034794 
 -0.069467 0.570559 0.032194 
 -0.067659 0.557678 0.029594 
 -0.065852 0.544798 0.026994 
 -0.064044 0.531917 0.024394 
 -0.062236 0.519037 0.021794 
 -0.059202 0.508281 0.010110 
 -0.058621 0.493276 0.016593 
 -0.056814 0.480395 0.013993 
 -0.053787 0.469691 0.002320 
 -0.051982 0.456828 -0.000277 
 -0.051391 0.441754 0.006193 
 -0.048371 0.431101 -0.005470 
 -0.047776 0.415993 0.000992 
 -0.044761 0.405375 -0.010663 
 -0.042956 0.392512 -0.013260 
 -0.041151 0.379648 -0.015857 
 -0.039346 0.366785 -0.018453 
 -0.035146 0.358584 -0.039133 
 -0.033346 0.345755 -0.041723 
 -0.031545 0.332926 -0.044312 
 -0.029745 0.320098 -0.046902 
 -0.027945 0.307269 -0.049492 
 -0.026144 0.294440 -0.052082 
 -0.021978 0.286480 -0.072713 
 -0.020183 0.273686 -0.075296 
 -0.018387 0.260891 -0.077879 
 -0.018943 0.243125 -0.062441 
 -0.017143 0.230296 -0.065030 
 -0.015342 0.217467 -0.067620 
 -0.013542 0.204638 -0.070210 
 -0.009410 0.196919 -0.090793 
 -0.009941 0.178981 -0.075389 
 -0.005819 0.171331 -0.095958 
 -0.004023 0.158536 -0.098541 
 -0.002228 0.145742 -0.101124 
 -0.000432 0.132948 -0.103706 
 0.002515 0.122812 -0.115265 
 0.004308 0.110034 -0.117844 
 0.006101 0.097257 -0.120423 
 0.006750 0.081770 -0.114038 
 0.008545 0.068976 -0.116620 
 0.010341 0.056182 -0.119203 
 0.012136 0.043387 -0.121786 
 0.013932 0.030593 -0.124369 
 0.013463 0.012206 -0.109056 
 0.017523 0.005004 -0.129534 
 0.017063 -0.013451 -0.114235 
 0.018864 -0.026280 -0.116825 
 0.020664 -0.039109 -0.119415 
 0.022464 -0.051938 -0.122004 
 0.022030 -0.070565 -0.106741 
 0.023835 -0.083428 -0.109337 
 0.024527 -0.099225 -0.103014 
 0.026335 -0.112106 -0.105614 
 0.025926 -0.130923 -0.090388 
 0.027739 -0.143837 -0.092996 
 0.029551 -0.156752 -0.095603 
 0.031364 -0.169667 -0.098210 
 0.030980 -0.188656 -0.083019 
 0.031701 -0.204660 -0.076738 
 0.031334 -0.223770 -0.061571 
 0.032067 -0.239859 -0.055307 
 0.033894 -0.252877 -0.057935 
 0.033549 -0.272142 -0.042800 
 0.033213 -0.291476 -0.027678 
 0.033968 -0.307720 -0.021445 
 0.035807 -0.320825 -0.024090 
 0.033340 -0.346697 0.008735 
 0.035189 -0.359870 0.006076 
 0.037037 -0.373044 0.003417 
 0.036747 -0.392704 0.018472 
 0.037534 -0.409173 0.024659 
 0.039390 -0.422398 0.021990 
 0.041246 -0.435622 0.019320 
 0.040983 -0.455472 0.034338 
 0.040729 -0.475391 0.049340 
 0.041540 -0.492032 0.055494 
 0.041303 -0.512072 0.070473 
 0.043176 -0.525417 0.067779 
 0.045049 -0.538762 0.065085 
 0.044831 -0.558940 0.080035 
 0.046709 -0.572319 0.077334 
 0.048587 -0.585699 0.074633 
 0.048389 -0.606014 0.089557 
 0.049236 -0.622913 0.095658 
 0.049055 -0.643349 0.110557 
 0.048883 -0.663853 0.125442 
 0.046665 -0.691499 0.157909 
 0.047543 -0.708622 0.163965 
 -0.143115 0.977953 0.133609 
 -0.141303 0.965038 0.131002 
 -0.139490 0.952123 0.128394 
 -0.135026 0.942291 0.107385 
 -0.135866 0.926294 0.123180 
 -0.134053 0.913379 0.120573 
 -0.132241 0.900464 0.117966 
 -0.130428 0.887549 0.115359 
 -0.128616 0.874634 0.112752 
 -0.126804 0.861719 0.110145 
 -0.122373 0.852128 0.089184 
 -0.120565 0.839248 0.086583 
 -0.117453 0.828063 0.074813 
 -0.115648 0.815200 0.072217 
 -0.108645 0.809260 0.032968 
 -0.109444 0.792970 0.048705 
 -0.107643 0.780141 0.046115 
 -0.105843 0.767312 0.043525 
 -0.106622 0.750884 0.059233 
 -0.108680 0.732570 0.084074 
 -0.104297 0.723323 0.063182 
 -0.102490 0.710443 0.060582 
 -0.100682 0.697563 0.057982 
 -0.098874 0.684682 0.055381 
 -0.099617 0.667996 0.071038 
 -0.095259 0.658921 0.050181 
 -0.093452 0.646041 0.047581 
 -0.091644 0.633160 0.044981 
 -0.089837 0.620280 0.042381 
 -0.088029 0.607399 0.039781 
 -0.086221 0.594519 0.037180 
 -0.084414 0.581638 0.034580 
 -0.085118 0.564676 0.050181 
 -0.080799 0.555877 0.029380 
 -0.078991 0.542997 0.026780 
 -0.077183 0.530117 0.024180 
 -0.077869 0.513017 0.039753 
 -0.072324 0.506482 0.009896 
 -0.071761 0.491475 0.016379 
 -0.069953 0.478595 0.013779 
 -0.066909 0.467893 0.002106 
 -0.065104 0.455029 -0.000490 
 -0.063299 0.442166 -0.003087 
 -0.061493 0.429303 -0.005684 
 -0.060915 0.414192 0.000778 
 -0.057883 0.403577 -0.010877 
 -0.056078 0.390713 -0.013474 
 -0.054273 0.377850 -0.016071 
 -0.052468 0.364987 -0.018667 
 -0.048233 0.356790 -0.039346 
 -0.046432 0.343962 -0.041936 
 -0.044632 0.331133 -0.044526 
 -0.042832 0.318304 -0.047115 
 -0.041031 0.305475 -0.049705 
 -0.039231 0.292646 -0.052295 
 -0.035030 0.284691 -0.072926 
 -0.033234 0.271897 -0.075509 
 -0.031439 0.259103 -0.078091 
 -0.032030 0.241331 -0.062654 
 -0.027848 0.233514 -0.083257 
 -0.028429 0.215674 -0.067833 
 -0.026629 0.202845 -0.070423 
 -0.022462 0.195131 -0.091005 
 -0.023028 0.177187 -0.075603 
 -0.018871 0.169542 -0.096171 
 -0.017075 0.156748 -0.098754 
 -0.015280 0.143953 -0.101336 
 -0.013484 0.131159 -0.103919 
 -0.010520 0.121025 -0.115477 
 -0.008727 0.108248 -0.118056 
 -0.006933 0.095471 -0.120636 
 -0.005140 0.082694 -0.123215 
 -0.003347 0.069917 -0.125794 
 -0.002711 0.054393 -0.119416 
 -0.000916 0.041599 -0.121999 
 0.000880 0.028804 -0.124581 
 0.000376 0.010413 -0.109269 
 0.004471 0.003215 -0.129747 
 0.003977 -0.015245 -0.114449 
 0.005777 -0.028074 -0.117038 
 0.007577 -0.040902 -0.119628 
 0.009378 -0.053731 -0.122218 
 0.008908 -0.072363 -0.106955 
 0.010713 -0.085227 -0.109551 
 0.011388 -0.101026 -0.103228 
 0.010940 -0.119813 -0.087996 
 0.012752 -0.132728 -0.090603 
 0.014564 -0.145643 -0.093210 
 0.016377 -0.158558 -0.095817 
 0.015953 -0.177517 -0.080620 
 0.017770 -0.190467 -0.083234 
 0.018474 -0.206473 -0.076953 
 0.018071 -0.225587 -0.061787 
 0.018787 -0.241679 -0.055523 
 0.020614 -0.254697 -0.058151 
 0.020234 -0.273967 -0.043017 
 0.022065 -0.287019 -0.045652 
 0.020600 -0.309552 -0.021663 
 0.020246 -0.329011 -0.006567 
 0.022090 -0.342150 -0.009219 
 0.021751 -0.361712 0.005857 
 0.023599 -0.374885 0.003198 
 0.025448 -0.388058 0.000538 
 0.027297 -0.401232 -0.002121 
 0.026981 -0.420966 0.012920 
 0.028835 -0.434173 0.010254 
 0.029611 -0.450696 0.016430 
 0.029317 -0.470585 0.031440 
 0.029034 -0.490543 0.046436 
 0.030899 -0.503837 0.043752 
 0.032765 -0.517131 0.041069 
 0.033565 -0.533826 0.047211 
 0.035433 -0.547137 0.044524 
 0.033060 -0.574190 0.077112 
 0.034938 -0.587570 0.074411 
 0.034705 -0.607890 0.089334 
 0.035534 -0.624791 0.095434 
 0.035318 -0.645231 0.110333 
 0.035111 -0.665741 0.125217 
 0.032823 -0.693396 0.157684 
 0.034727 -0.706966 0.154945 
 -0.156290 0.976148 0.133394 
 -0.154478 0.963233 0.130787 
 -0.152665 0.950318 0.128180 
 -0.150853 0.937403 0.125573 
 -0.149040 0.924488 0.122965 
 -0.147228 0.911573 0.120358 
 -0.148088 0.895467 0.136132 
 -0.143603 0.885743 0.115144 
 -0.139128 0.876088 0.094170 
 -0.137320 0.863208 0.091570 
 -0.135512 0.850327 0.088969 
 -0.133705 0.837447 0.086369 
 -0.130575 0.826265 0.074600 
 -0.128770 0.813402 0.072003 
 -0.121697 0.807471 0.032755 
 -0.122531 0.791176 0.048491 
 -0.120730 0.778347 0.045902 
 -0.118930 0.765519 0.043312 
 -0.117130 0.752690 0.040722 
 -0.119244 0.734403 0.065568 
 -0.117437 0.721523 0.062968 
 -0.115629 0.708642 0.060368 
 -0.113822 0.695762 0.057767 
 -0.112014 0.682881 0.055167 
 -0.112792 0.666190 0.070823 
 -0.108399 0.657120 0.049967 
 -0.106591 0.644240 0.047367 
 -0.104784 0.631360 0.044767 
 -0.102976 0.618479 0.042166 
 -0.101168 0.605599 0.039566 
 -0.099361 0.592718 0.036966 
 -0.097553 0.579838 0.034366 
 -0.098293 0.562871 0.049966 
 -0.096480 0.549956 0.047359 
 -0.092131 0.541196 0.026565 
 -0.090323 0.528316 0.023965 
 -0.091043 0.511211 0.039538 
 -0.085446 0.504684 0.009682 
 -0.084900 0.489674 0.016165 
 -0.083093 0.476794 0.013565 
 -0.080031 0.466094 0.001892 
 -0.078226 0.453231 -0.000704 
 -0.076421 0.440368 -0.003301 
 -0.074615 0.427505 -0.005898 
 -0.072810 0.414641 -0.008494 
 -0.071005 0.401778 -0.011091 
 -0.069200 0.388915 -0.013688 
 -0.067395 0.376052 -0.016284 
 -0.065590 0.363189 -0.018881 
 -0.061319 0.354997 -0.039560 
 -0.059519 0.342168 -0.042149 
 -0.055264 0.334080 -0.062807 
 -0.053468 0.321286 -0.065390 
 -0.051673 0.308491 -0.067973 
 -0.049877 0.295697 -0.070556 
 -0.048082 0.282903 -0.073139 
 -0.046286 0.270108 -0.075721 
 -0.044491 0.257314 -0.078304 
 -0.042695 0.244520 -0.080887 
 -0.040900 0.231725 -0.083470 
 -0.039104 0.218931 -0.086052 
 -0.037309 0.206137 -0.088635 
 -0.035513 0.193342 -0.091218 
 -0.033718 0.180548 -0.093801 
 -0.031922 0.167753 -0.096384 
 -0.028933 0.157570 -0.107952 
 -0.027140 0.144793 -0.110531 
 -0.025347 0.132016 -0.113110 
 -0.023554 0.119239 -0.115690 
 -0.021761 0.106462 -0.118269 
 -0.019968 0.093685 -0.120848 
 -0.018174 0.080908 -0.123428 
 -0.016381 0.068130 -0.126007 
 -0.015763 0.052604 -0.119629 
 -0.013967 0.039810 -0.122211 
 -0.012172 0.027015 -0.124794 
 -0.010376 0.014221 -0.127377 
 -0.008581 0.001427 -0.129960 
 -0.009110 -0.017038 -0.114662 
 -0.007310 -0.029867 -0.117252 
 -0.005509 -0.042696 -0.119841 
 -0.003709 -0.055525 -0.122431 
 -0.001909 -0.068353 -0.125021 
 -0.002409 -0.087025 -0.109765 
 -0.001752 -0.102827 -0.103443 
 -0.002235 -0.121619 -0.088211 
 -0.000423 -0.134534 -0.090818 
 0.001390 -0.147448 -0.093425 
 0.003202 -0.160363 -0.096032 
 0.002743 -0.179328 -0.080836 
 0.003427 -0.195319 -0.074551 
 0.005246 -0.208285 -0.077169 
 0.004809 -0.227405 -0.062003 
 0.005507 -0.243499 -0.055740 
 0.007334 -0.256517 -0.058368 
 0.006918 -0.275792 -0.043234 
 0.008750 -0.288844 -0.045869 
 0.007232 -0.311384 -0.021881 
 0.006843 -0.330848 -0.006785 
 0.008687 -0.343987 -0.009438 
 0.008313 -0.363554 0.005638 
 0.010161 -0.376727 0.002979 
 0.012010 -0.389900 0.000319 
 0.013859 -0.403073 -0.002340 
 0.013508 -0.422812 0.012700 
 0.015361 -0.436020 0.010034 
 0.016120 -0.452545 0.016211 
 0.015791 -0.472439 0.031220 
 0.015472 -0.492402 0.046215 
 0.017338 -0.505696 0.043531 
 0.018119 -0.522376 0.049677 
 0.019987 -0.535687 0.046990 
 0.021855 -0.548998 0.044303 
 0.021567 -0.569185 0.059253 
 0.021289 -0.589440 0.074188 
 0.023167 -0.602820 0.071487 
 0.021833 -0.626669 0.095211 
 0.021581 -0.647114 0.110109 
 0.021339 -0.667628 0.124993 
 0.021107 -0.688211 0.139862 
 0.023007 -0.701746 0.137130 
 -0.165840 0.948512 0.127965 
 -0.164027 0.935597 0.125358 
 -0.158590 0.896853 0.117536 
 -0.156778 0.883938 0.114929 
 -0.152267 0.874288 0.093956 
 -0.150459 0.861407 0.091355 
 -0.148652 0.848527 0.088755 
 -0.146844 0.835646 0.086155 
 -0.145037 0.822766 0.083555 
 -0.141892 0.811604 0.071789 
 -0.134748 0.805683 0.032543 
 -0.132953 0.792888 0.029960 
 -0.131157 0.780094 0.027377 
 -0.129362 0.767300 0.024794 
 -0.130216 0.750896 0.040509 
 -0.128416 0.738068 0.037919 
 -0.130576 0.719722 0.062754 
 -0.128769 0.706842 0.060153 
 -0.126961 0.693961 0.057553 
 -0.125153 0.681081 0.054953 
 -0.125967 0.664385 0.070608 
 -0.124154 0.651470 0.068001 
 -0.119731 0.642439 0.047153 
 -0.117923 0.629559 0.044552 
 -0.116116 0.616678 0.041952 
 -0.116905 0.599810 0.057573 
 -0.115092 0.586895 0.054966 
 -0.113280 0.573980 0.052359 
 -0.111467 0.561065 0.049751 
 -0.109655 0.548150 0.047144 
 -0.105270 0.539396 0.026351 
 -0.102179 0.528612 0.014662 
 -0.101655 0.513635 0.021151 
 -0.098568 0.502886 0.009468 
 -0.096763 0.490023 0.006872 
 -0.094958 0.477159 0.004275 
 -0.093153 0.464296 0.001678 
 -0.091348 0.451433 -0.000918 
 -0.090809 0.436352 0.005550 
 -0.087737 0.425706 -0.006112 
 -0.087194 0.410591 0.000350 
 -0.084127 0.399980 -0.011305 
 -0.082322 0.387117 -0.013902 
 -0.080517 0.374253 -0.016498 
 -0.078711 0.361390 -0.019095 
 -0.074406 0.353204 -0.039773 
 -0.072606 0.340375 -0.042363 
 -0.068315 0.332291 -0.063020 
 -0.066520 0.319497 -0.065603 
 -0.064724 0.306703 -0.068186 
 -0.062929 0.293908 -0.070769 
 -0.061133 0.281114 -0.073351 
 -0.058105 0.270778 -0.084950 
 -0.056311 0.258001 -0.087530 
 -0.054518 0.245224 -0.090109 
 -0.052725 0.232447 -0.092688 
 -0.050932 0.219670 -0.095268 
 -0.049139 0.206893 -0.097847 
 -0.047346 0.194116 -0.100426 
 -0.046769 0.178759 -0.094014 
 -0.043760 0.168561 -0.105585 
 -0.041967 0.155784 -0.108164 
 -0.040174 0.143007 -0.110743 
 -0.038381 0.130230 -0.113323 
 -0.034180 0.122784 -0.133852 
 -0.032391 0.110041 -0.136424 
 -0.030603 0.097298 -0.138996 
 -0.028815 0.084556 -0.141569 
 -0.027027 0.071813 -0.144141 
 -0.027622 0.053567 -0.128799 
 -0.025829 0.040790 -0.131378 
 -0.025223 0.025227 -0.125007 
 -0.023428 0.012432 -0.127590 
 -0.021632 -0.000362 -0.130173 
 -0.019837 -0.013156 -0.132755 
 -0.020397 -0.031660 -0.117465 
 -0.018596 -0.044489 -0.120055 
 -0.016796 -0.057318 -0.122644 
 -0.014996 -0.070147 -0.125234 
 -0.015531 -0.088823 -0.109979 
 -0.014891 -0.104627 -0.103657 
 -0.015410 -0.123424 -0.088426 
 -0.013597 -0.136339 -0.091033 
 -0.011785 -0.149254 -0.093640 
 -0.012284 -0.168189 -0.078437 
 -0.010467 -0.181138 -0.081051 
 -0.009801 -0.197132 -0.074767 
 -0.007981 -0.210098 -0.077385 
 -0.006161 -0.223065 -0.080002 
 -0.006629 -0.242223 -0.064844 
 -0.004805 -0.255224 -0.067468 
 -0.004119 -0.271356 -0.061212 
 -0.004565 -0.290669 -0.046086 
 -0.006135 -0.313216 -0.022099 
 -0.006560 -0.332685 -0.007004 
 -0.004716 -0.345823 -0.009656 
 -0.002872 -0.358962 -0.012308 
 -0.003277 -0.378568 0.002760 
 -0.001428 -0.391742 0.000100 
 0.000420 -0.404915 -0.002559 
 0.000035 -0.424659 0.012481 
 0.001888 -0.437866 0.009814 
 0.002629 -0.454394 0.015991 
 0.002266 -0.474293 0.030999 
 0.001911 -0.494260 0.045994 
 0.003777 -0.507554 0.043310 
 0.005643 -0.520848 0.040627 
 0.006408 -0.537548 0.046769 
 0.008276 -0.550859 0.044081 
 0.007953 -0.571050 0.059031 
 0.007640 -0.591311 0.073966 
 0.009518 -0.604690 0.071265 
 0.009219 -0.625054 0.086180 
 0.007844 -0.648996 0.109885 
 0.007567 -0.669515 0.124768 
 0.007300 -0.690103 0.139637 
 0.007043 -0.710760 0.154493 
 -0.147800 0.803894 0.032330 
 -0.146005 0.791100 0.029747 
 -0.144209 0.778305 0.027164 
 -0.142414 0.765511 0.024582 
 -0.143303 0.749103 0.040295 
 -0.145523 0.730802 0.065140 
 -0.143716 0.717921 0.062539 
 -0.144579 0.701324 0.078215 
 -0.140100 0.692160 0.057339 
 -0.143615 0.671708 0.091262 
 -0.141797 0.658759 0.088648 
 -0.137329 0.649664 0.067787 
 -0.135516 0.636749 0.065179 
 -0.133704 0.623834 0.062572 
 -0.131892 0.610920 0.059965 
 -0.130079 0.598005 0.057358 
 -0.128267 0.585090 0.054751 
 -0.126454 0.572175 0.052144 
 -0.124642 0.559260 0.049537 
 -0.122830 0.546345 0.046930 
 -0.121017 0.533430 0.044322 
 -0.116602 0.524714 0.023537 
 -0.114794 0.511834 0.020937 
 -0.112987 0.498954 0.018337 
 -0.111179 0.486073 0.015736 
 -0.109372 0.473193 0.013136 
 -0.106275 0.462498 0.001465 
 -0.105757 0.447432 0.007936 
 -0.103949 0.434551 0.005336 
 -0.100859 0.423908 -0.006326 
 -0.100334 0.408790 0.000135 
 -0.097249 0.398182 -0.011519 
 -0.095444 0.385318 -0.014116 
 -0.093639 0.372455 -0.016712 
 -0.091833 0.359592 -0.019309 
 -0.087493 0.351410 -0.039986 
 -0.085693 0.338581 -0.042576 
 -0.081367 0.330503 -0.063233 
 -0.079571 0.317708 -0.065816 
 -0.077776 0.304914 -0.068399 
 -0.075980 0.292120 -0.070981 
 -0.074185 0.279325 -0.073564 
 -0.071139 0.268992 -0.085163 
 -0.066849 0.261172 -0.105768 
 -0.067553 0.243438 -0.090321 
 -0.065759 0.230661 -0.092901 
 -0.061484 0.222944 -0.113485 
 -0.062173 0.205107 -0.098059 
 -0.057908 0.197459 -0.118629 
 -0.058587 0.179552 -0.103218 
 -0.056794 0.166775 -0.105797 
 -0.052543 0.159230 -0.126347 
 -0.050755 0.146488 -0.128919 
 -0.048967 0.133745 -0.131491 
 -0.047178 0.121002 -0.134064 
 -0.044171 0.110945 -0.145607 
 -0.042385 0.098219 -0.148176 
 -0.040599 0.085494 -0.150744 
 -0.038813 0.072768 -0.153313 
 -0.038237 0.057289 -0.146925 
 -0.038863 0.039004 -0.131590 
 -0.038275 0.023438 -0.125220 
 -0.036480 0.010644 -0.127803 
 -0.034684 -0.002151 -0.130385 
 -0.032889 -0.014945 -0.132968 
 -0.033483 -0.033454 -0.117678 
 -0.031683 -0.046283 -0.120268 
 -0.029883 -0.059111 -0.122858 
 -0.030458 -0.077758 -0.107596 
 -0.028653 -0.090621 -0.110193 
 -0.028031 -0.106428 -0.103871 
 -0.028584 -0.125230 -0.088640 
 -0.026772 -0.138145 -0.091248 
 -0.027311 -0.157050 -0.076038 
 -0.025494 -0.169999 -0.078652 
 -0.024848 -0.185978 -0.072365 
 -0.023028 -0.198944 -0.074983 
 -0.021208 -0.211911 -0.077600 
 -0.019389 -0.224877 -0.080218 
 -0.019892 -0.244041 -0.065060 
 -0.018067 -0.257042 -0.067685 
 -0.017399 -0.273176 -0.061429 
 -0.015572 -0.286194 -0.064057 
 -0.019503 -0.315048 -0.022317 
 -0.019963 -0.334521 -0.007222 
 -0.018119 -0.347660 -0.009875 
 -0.016275 -0.360799 -0.012527 
 -0.016715 -0.380410 0.002541 
 -0.014866 -0.393583 -0.000119 
 -0.013018 -0.406756 -0.002778 
 -0.013438 -0.426505 0.012261 
 -0.011585 -0.439713 0.009595 
 -0.010861 -0.456243 0.015771 
 -0.011260 -0.476146 0.030779 
 -0.009400 -0.489406 0.028102 
 -0.009784 -0.509413 0.043089 
 -0.007918 -0.522706 0.040405 
 -0.007171 -0.539408 0.046547 
 -0.005303 -0.552719 0.043860 
 -0.005661 -0.572916 0.058809 
 -0.006009 -0.593181 0.073743 
 -0.004131 -0.606561 0.071042 
 -0.004465 -0.626930 0.085957 
 -0.005892 -0.650879 0.109661 
 -0.004003 -0.664345 0.106943 
 -0.006507 -0.691995 0.139412 
 -0.004607 -0.705530 0.136680 
 -0.165003 0.751178 0.088429 
 -0.163190 0.738263 0.085822 
 -0.161378 0.725348 0.083214 
 -0.159566 0.712433 0.080607 
 -0.157753 0.699518 0.078000 
 -0.153240 0.690360 0.057125 
 -0.154128 0.673688 0.072786 
 -0.152316 0.660774 0.070179 
 -0.153190 0.643999 0.085819 
 -0.148691 0.634944 0.064965 
 -0.149555 0.618100 0.080590 
 -0.145066 0.609114 0.059750 
 -0.145921 0.592202 0.075362 
 -0.141442 0.583284 0.054536 
 -0.142286 0.566303 0.070134 
 -0.140469 0.553354 0.067520 
 -0.136004 0.544540 0.046715 
 -0.134192 0.531625 0.044108 
 -0.132379 0.518710 0.041501 
 -0.133200 0.501556 0.057064 
 -0.131383 0.488607 0.054450 
 -0.126942 0.479965 0.033679 
 -0.122511 0.471392 0.012922 
 -0.120704 0.458512 0.010322 
 -0.118896 0.445631 0.007722 
 -0.117088 0.432751 0.005122 
 -0.113981 0.422110 -0.006539 
 -0.112176 0.409247 -0.009136 
 -0.110371 0.396383 -0.011733 
 -0.108566 0.383520 -0.014330 
 -0.106760 0.370657 -0.016926 
 -0.102380 0.362445 -0.037610 
 -0.100580 0.349617 -0.040200 
 -0.098779 0.336788 -0.042789 
 -0.094418 0.328714 -0.063446 
 -0.092623 0.315920 -0.066029 
 -0.090828 0.303125 -0.068611 
 -0.089032 0.290331 -0.071194 
 -0.087237 0.277537 -0.073777 
 -0.084173 0.267206 -0.085375 
 -0.082380 0.254429 -0.087955 
 -0.080587 0.241652 -0.090534 
 -0.078794 0.228875 -0.093113 
 -0.078259 0.213565 -0.086691 
 -0.075207 0.203320 -0.098272 
 -0.070907 0.195677 -0.118841 
 -0.072873 0.175182 -0.094439 
 -0.069828 0.164989 -0.106010 
 -0.065542 0.157449 -0.126558 
 -0.063754 0.144706 -0.129131 
 -0.061966 0.131964 -0.131703 
 -0.060177 0.119221 -0.134275 
 -0.057152 0.109166 -0.145818 
 -0.055366 0.096440 -0.148387 
 -0.053581 0.083715 -0.150956 
 -0.051795 0.070989 -0.153525 
 -0.051236 0.055507 -0.147137 
 -0.051897 0.037217 -0.131803 
 -0.051327 0.021650 -0.125433 
 -0.048311 0.011663 -0.136961 
 -0.047736 -0.003939 -0.130598 
 -0.045940 -0.016734 -0.133181 
 -0.046570 -0.035247 -0.117892 
 -0.044770 -0.048076 -0.120481 
 -0.045385 -0.066693 -0.105214 
 -0.043580 -0.079556 -0.107810 
 -0.042978 -0.095348 -0.101485 
 -0.043571 -0.114120 -0.086248 
 -0.041759 -0.127035 -0.088855 
 -0.042338 -0.145911 -0.073640 
 -0.040521 -0.158860 -0.076254 
 -0.038704 -0.171809 -0.078868 
 -0.038075 -0.187790 -0.072581 
 -0.036255 -0.200757 -0.075198 
 -0.034436 -0.213724 -0.077816 
 -0.032616 -0.226690 -0.080433 
 -0.033154 -0.245858 -0.065276 
 -0.031329 -0.258859 -0.067901 
 -0.030679 -0.274995 -0.061645 
 -0.028852 -0.288014 -0.064273 
 -0.031702 -0.313711 -0.031408 
 -0.029865 -0.326798 -0.034050 
 -0.029193 -0.343089 -0.027825 
 -0.029678 -0.362636 -0.012745 
 -0.027834 -0.375774 -0.015398 
 -0.028304 -0.395425 -0.000338 
 -0.028765 -0.415144 0.014708 
 -0.026912 -0.428351 0.012041 
 -0.025058 -0.441559 0.009375 
 -0.024352 -0.458091 0.015551 
 -0.024786 -0.478000 0.030558 
 -0.022926 -0.491259 0.027882 
 -0.023345 -0.511271 0.042868 
 -0.021480 -0.524565 0.040184 
 -0.019614 -0.537859 0.037501 
 -0.018881 -0.554580 0.043639 
 -0.019274 -0.574782 0.058587 
 -0.019658 -0.595052 0.073521 
 -0.017780 -0.608431 0.070820 
 -0.018149 -0.628805 0.085734 
 -0.017387 -0.645733 0.091829 
 -0.017739 -0.666227 0.106719 
 -0.018082 -0.686790 0.121594 
 -0.018414 -0.707422 0.136455 
 -0.174553 0.723543 0.083000 
 -0.172740 0.710628 0.080393 
 -0.170928 0.697713 0.077785 
 -0.169115 0.684798 0.075178 
 -0.167303 0.671883 0.072571 
 -0.165491 0.658968 0.069964 
 -0.166400 0.642189 0.085603 
 -0.161866 0.633138 0.064750 
 -0.162765 0.616290 0.080375 
 -0.158241 0.607308 0.059536 
 -0.159131 0.590391 0.075147 
 -0.157313 0.577442 0.072533 
 -0.155496 0.564493 0.069919 
 -0.153679 0.551543 0.067305 
 -0.149179 0.542734 0.046500 
 -0.147366 0.529819 0.043893 
 -0.145554 0.516904 0.041286 
 -0.146410 0.499746 0.056849 
 -0.141929 0.491074 0.036072 
 -0.137458 0.482472 0.015308 
 -0.134324 0.471765 0.003633 
 -0.132519 0.458901 0.001037 
 -0.134680 0.439415 0.025643 
 -0.130228 0.430950 0.004907 
 -0.128420 0.418069 0.002307 
 -0.126613 0.405189 -0.000293 
 -0.124805 0.392309 -0.002893 
 -0.121688 0.381722 -0.014543 
 -0.119882 0.368859 -0.017140 
 -0.115467 0.360652 -0.037823 
 -0.113667 0.347823 -0.040413 
 -0.111866 0.334994 -0.043003 
 -0.107470 0.326925 -0.063659 
 -0.105675 0.314131 -0.066241 
 -0.103879 0.301337 -0.068824 
 -0.102084 0.288542 -0.071407 
 -0.100288 0.275748 -0.073990 
 -0.097207 0.265420 -0.085588 
 -0.095414 0.252643 -0.088167 
 -0.093621 0.239865 -0.090746 
 -0.091828 0.227088 -0.093326 
 -0.090035 0.214311 -0.095905 
 -0.085694 0.206638 -0.116481 
 -0.083906 0.193896 -0.119053 
 -0.085924 0.173393 -0.094652 
 -0.080329 0.168410 -0.124198 
 -0.078541 0.155668 -0.126770 
 -0.076753 0.142925 -0.129343 
 -0.074965 0.130182 -0.131915 
 -0.073176 0.117439 -0.134487 
 -0.070134 0.107387 -0.146030 
 -0.068348 0.094661 -0.148599 
 -0.066562 0.081936 -0.151168 
 -0.064776 0.069210 -0.153737 
 -0.064235 0.053726 -0.147349 
 -0.064932 0.035431 -0.132015 
 -0.063138 0.022654 -0.134595 
 -0.061345 0.009877 -0.137174 
 -0.060787 -0.005728 -0.130811 
 -0.058992 -0.018522 -0.133394 
 -0.059657 -0.037041 -0.118105 
 -0.057857 -0.049870 -0.120695 
 -0.058507 -0.068491 -0.105427 
 -0.057925 -0.084268 -0.099099 
 -0.056117 -0.097149 -0.101699 
 -0.054310 -0.110029 -0.104299 
 -0.054934 -0.128841 -0.089070 
 -0.055548 -0.147721 -0.073855 
 -0.053731 -0.160670 -0.076469 
 -0.051913 -0.173620 -0.079083 
 -0.051302 -0.189603 -0.072796 
 -0.049483 -0.202570 -0.075414 
 -0.047663 -0.215536 -0.078031 
 -0.048241 -0.234675 -0.062868 
 -0.047613 -0.250779 -0.056606 
 -0.045786 -0.263797 -0.059234 
 -0.043959 -0.276815 -0.061862 
 -0.042132 -0.289834 -0.064490 
 -0.042679 -0.309196 -0.049372 
 -0.043216 -0.328627 -0.034267 
 -0.042561 -0.344921 -0.028043 
 -0.040722 -0.358025 -0.030689 
 -0.041237 -0.377611 -0.015616 
 -0.039393 -0.390750 -0.018268 
 -0.039894 -0.410440 -0.003216 
 -0.040385 -0.430198 0.011822 
 -0.038532 -0.443406 0.009155 
 -0.040173 -0.466594 0.033015 
 -0.038312 -0.479854 0.030338 
 -0.036451 -0.493113 0.027661 
 -0.036906 -0.513129 0.042647 
 -0.035041 -0.526423 0.039963 
 -0.034328 -0.543130 0.046104 
 -0.032460 -0.556441 0.043417 
 -0.035184 -0.583542 0.075999 
 -0.033307 -0.596922 0.073298 
 -0.033716 -0.617266 0.088219 
 -0.031833 -0.630680 0.085511 
 -0.031089 -0.647611 0.091606 
 -0.031476 -0.668110 0.106495 
 -0.031854 -0.688678 0.121369 
 -0.175975 0.614480 0.080160 
 -0.174158 0.601530 0.077546 
 -0.172340 0.588581 0.074932 
 -0.170523 0.575632 0.072318 
 -0.170070 0.560645 0.078806 
 -0.166889 0.549733 0.067089 
 -0.165071 0.536784 0.064475 
 -0.160541 0.528014 0.043678 
 -0.161437 0.510885 0.059247 
 -0.159620 0.497936 0.056633 
 -0.155104 0.489269 0.035857 
 -0.150598 0.480671 0.015094 
 -0.147446 0.469966 0.003419 
 -0.145640 0.457103 0.000823 
 -0.145175 0.442030 0.007293 
 -0.139356 0.435831 -0.022498 
 -0.140225 0.418513 -0.006967 
 -0.138420 0.405650 -0.009564 
 -0.137945 0.390508 -0.003107 
 -0.136137 0.377627 -0.005707 
 -0.133004 0.367060 -0.017354 
 -0.131199 0.354197 -0.019951 
 -0.126753 0.346030 -0.040626 
 -0.124953 0.333201 -0.043216 
 -0.123153 0.320372 -0.045806 
 -0.121352 0.307543 -0.048396 
 -0.119552 0.294715 -0.050985 
 -0.117752 0.281886 -0.053575 
 -0.115951 0.269057 -0.056165 
 -0.114151 0.256228 -0.058754 
 -0.112351 0.243399 -0.061344 
 -0.110550 0.230571 -0.063934 
 -0.106158 0.222782 -0.084534 
 -0.106950 0.204913 -0.069113 
 -0.102567 0.197193 -0.089699 
 -0.099482 0.186971 -0.101276 
 -0.098976 0.171605 -0.094865 
 -0.097180 0.158810 -0.097447 
 -0.091540 0.153886 -0.126982 
 -0.089752 0.141143 -0.129555 
 -0.087964 0.128401 -0.132127 
 -0.084901 0.118333 -0.143673 
 -0.083115 0.105608 -0.146242 
 -0.081329 0.092882 -0.148810 
 -0.079543 0.080157 -0.151379 
 -0.077758 0.067431 -0.153948 
 -0.077234 0.051945 -0.147561 
 -0.075446 0.039202 -0.150133 
 -0.076172 0.020868 -0.134807 
 -0.074379 0.008091 -0.137386 
 -0.073839 -0.007516 -0.131024 
 -0.072044 -0.020311 -0.133606 
 -0.072744 -0.038834 -0.118318 
 -0.070943 -0.051663 -0.120908 
 -0.069143 -0.064492 -0.123498 
 -0.069824 -0.083153 -0.108238 
 -0.068019 -0.096016 -0.110835 
 -0.069921 -0.117731 -0.086678 
 -0.068108 -0.130646 -0.089285 
 -0.066296 -0.143561 -0.091892 
 -0.066940 -0.162480 -0.076684 
 -0.065123 -0.175430 -0.079298 
 -0.064530 -0.191416 -0.073012 
 -0.062710 -0.204382 -0.075630 
 -0.060890 -0.217349 -0.078247 
 -0.061503 -0.236492 -0.063084 
 -0.059679 -0.249493 -0.065709 
 -0.059066 -0.265617 -0.059450 
 -0.057239 -0.278635 -0.062078 
 -0.055412 -0.291654 -0.064706 
 -0.055994 -0.311021 -0.049589 
 -0.054162 -0.324073 -0.052224 
 -0.054729 -0.343544 -0.037127 
 -0.054090 -0.359857 -0.030907 
 -0.054640 -0.379448 -0.015835 
 -0.052796 -0.392587 -0.018487 
 -0.053332 -0.412281 -0.003435 
 -0.051483 -0.425454 -0.006094 
 -0.052005 -0.445252 0.008936 
 -0.053699 -0.468448 0.032794 
 -0.051838 -0.481707 0.030117 
 -0.049977 -0.494967 0.027441 
 -0.050467 -0.514988 0.042426 
 -0.048602 -0.528282 0.039742 
 -0.047907 -0.544991 0.045883 
 -0.046039 -0.558302 0.043196 
 -0.046502 -0.578513 0.058143 
 -0.046956 -0.598793 0.073076 
 -0.045078 -0.612172 0.070375 
 -0.045517 -0.632556 0.085288 
 -0.043635 -0.645970 0.082580 
 -0.042906 -0.662920 0.088671 
 -0.045626 -0.690565 0.121145 
 -0.043731 -0.704065 0.118420 
 -0.178281 0.534973 0.064260 
 -0.176464 0.522024 0.061646 
 -0.172829 0.496125 0.056418 
 -0.168278 0.487463 0.035642 
 -0.163737 0.478870 0.014880 
 -0.160568 0.468168 0.003206 
 -0.158762 0.455305 0.000609 
 -0.158314 0.440229 0.007079 
 -0.152442 0.434038 -0.022712 
 -0.153347 0.416715 -0.007181 
 -0.151542 0.403852 -0.009778 
 -0.151084 0.388707 -0.003321 
 -0.149276 0.375827 -0.005922 
 -0.146126 0.365262 -0.017568 
 -0.144321 0.352399 -0.020165 
 -0.139840 0.344236 -0.040840 
 -0.138040 0.331407 -0.043429 
 -0.169566 0.258960 0.179789 
 -0.134439 0.305750 -0.048609 
 -0.132639 0.292921 -0.051199 
 -0.130838 0.280092 -0.053788 
 -0.129038 0.267263 -0.056378 
 -0.127238 0.254435 -0.058968 
 -0.125437 0.241606 -0.061558 
 -0.123637 0.228777 -0.064147 
 -0.119209 0.220993 -0.084746 
 -0.120037 0.203119 -0.069327 
 -0.115619 0.195405 -0.089912 
 -0.112517 0.185184 -0.101489 
 -0.112028 0.169816 -0.095077 
 -0.110232 0.157022 -0.097660 
 -0.107137 0.146853 -0.109227 
 -0.105344 0.134076 -0.111806 
 -0.103551 0.121299 -0.114385 
 -0.099174 0.113877 -0.134911 
 -0.096096 0.103829 -0.146453 
 -0.094311 0.091103 -0.149022 
 -0.092525 0.078378 -0.151591 
 -0.090739 0.065652 -0.154160 
 -0.090233 0.050163 -0.147773 
 -0.091000 0.031859 -0.132440 
 -0.089207 0.019082 -0.135020 
 -0.088686 0.003489 -0.128654 
 -0.086891 -0.009305 -0.131236 
 -0.085095 -0.022099 -0.133819 
 -0.083300 -0.034894 -0.136402 
 -0.084030 -0.053457 -0.121121 
 -0.082230 -0.066285 -0.123711 
 -0.082946 -0.084951 -0.108452 
 -0.082396 -0.100750 -0.102128 
 -0.083095 -0.119537 -0.086892 
 -0.081283 -0.132452 -0.089499 
 -0.079470 -0.145367 -0.092107 
 -0.077658 -0.158282 -0.094714 
 -0.078333 -0.177240 -0.079514 
 -0.076516 -0.190189 -0.082128 
 -0.074698 -0.203139 -0.084742 
 -0.074118 -0.219162 -0.078463 
 -0.072298 -0.232128 -0.081080 
 -0.072941 -0.251311 -0.065925 
 -0.072346 -0.267437 -0.059667 
 -0.070519 -0.280455 -0.062295 
 -0.068692 -0.293474 -0.064923 
 -0.069309 -0.312845 -0.049806 
 -0.067477 -0.325898 -0.052441 
 -0.068080 -0.345373 -0.037345 
 -0.067458 -0.361689 -0.031125 
 -0.065619 -0.374793 -0.033770 
 -0.066199 -0.394424 -0.018705 
 -0.066770 -0.414123 -0.003654 
 -0.064922 -0.427296 -0.006314 
 -0.065478 -0.447098 0.008716 
 -0.064825 -0.463638 0.014891 
 -0.065364 -0.483561 0.029897 
 -0.063503 -0.496820 0.027220 
 -0.064028 -0.516846 0.042205 
 -0.062163 -0.530140 0.039521 
 -0.060297 -0.543434 0.036838 
 -0.059617 -0.560163 0.042975 
 -0.060116 -0.580379 0.057921 
 -0.058243 -0.593724 0.055227 
 -0.058727 -0.614043 0.070152 
 -0.059201 -0.634431 0.085064 
 -0.057319 -0.647845 0.082357 
 -0.055436 -0.661260 0.079649 
 -0.057060 -0.685341 0.103329 
 -0.057503 -0.705953 0.118195 
 -0.187658 0.265625 0.200316 
 -0.183092 0.257106 0.179568 
 -0.177186 0.251060 0.149806 
 -0.172641 0.242695 0.129090 
 -0.168106 0.234400 0.108387 
 -0.144807 0.260558 -0.038555 
 -0.143002 0.247695 -0.041152 
 -0.138524 0.239812 -0.061771 
 -0.136724 0.226984 -0.064361 
 -0.132261 0.219205 -0.084959 
 -0.133123 0.201326 -0.069540 
 -0.128670 0.193616 -0.090125 
 -0.126875 0.180822 -0.092707 
 -0.125079 0.168027 -0.095290 
 -0.123284 0.155233 -0.097873 
 -0.120171 0.145067 -0.109439 
 -0.118378 0.132290 -0.112018 
 -0.113961 0.124838 -0.132551 
 -0.112173 0.112095 -0.135123 
 -0.109078 0.102050 -0.146665 
 -0.107292 0.089324 -0.149234 
 -0.105506 0.076599 -0.151803 
 -0.103720 0.063873 -0.154371 
 -0.103232 0.048382 -0.147985 
 -0.104034 0.030073 -0.132653 
 -0.103533 0.014495 -0.126284 
 -0.101738 0.001701 -0.128866 
 -0.099942 -0.011094 -0.131449 
 -0.098147 -0.023888 -0.134032 
 -0.098917 -0.042421 -0.118745 
 -0.097117 -0.055250 -0.121335 
 -0.097873 -0.073886 -0.106069 
 -0.096068 -0.086750 -0.108666 
 -0.094262 -0.099613 -0.111263 
 -0.096270 -0.121342 -0.087107 
 -0.094457 -0.134257 -0.089714 
 -0.092645 -0.147172 -0.092321 
 -0.090833 -0.160087 -0.094928 
 -0.089020 -0.173002 -0.097536 
 -0.089725 -0.192000 -0.082343 
 -0.087908 -0.204949 -0.084957 
 -0.087345 -0.220974 -0.078678 
 -0.085525 -0.233941 -0.081296 
 -0.086204 -0.253128 -0.066141 
 -0.085626 -0.269257 -0.059883 
 -0.083799 -0.282275 -0.062511 
 -0.084456 -0.301618 -0.047388 
 -0.082624 -0.314670 -0.050023 
 -0.080792 -0.327723 -0.052658 
 -0.078961 -0.340776 -0.055293 
 -0.080826 -0.363521 -0.031342 
 -0.078987 -0.376625 -0.033988 
 -0.079602 -0.396260 -0.018924 
 -0.077758 -0.409399 -0.021576 
 -0.078360 -0.429138 -0.006533 
 -0.078951 -0.448945 0.008497 
 -0.077098 -0.462152 0.005830 
 -0.078890 -0.485415 0.029676 
 -0.079455 -0.505411 0.044667 
 -0.077590 -0.518705 0.041984 
 -0.076932 -0.535402 0.048127 
 -0.075064 -0.548713 0.045440 
 -0.073196 -0.562024 0.042753 
 -0.073730 -0.582244 0.057699 
 -0.071857 -0.595590 0.055005 
 -0.072376 -0.615913 0.069930 
 -0.070498 -0.629293 0.067229 
 -0.068621 -0.642673 0.064528 
 -0.069120 -0.663135 0.079426 
 -0.068424 -0.680107 0.085513 
 -0.068907 -0.700689 0.100386 
 -0.203085 0.277061 0.202778 
 -0.201219 0.263767 0.200094 
 -0.196617 0.255252 0.179348 
 -0.190659 0.249214 0.149586 
 -0.186079 0.240854 0.128870 
 -0.181509 0.232563 0.108168 
 -0.179665 0.219424 0.105516 
 -0.156124 0.245896 -0.041366 
 -0.154319 0.233033 -0.043963 
 -0.152513 0.220170 -0.046559 
 -0.148010 0.212361 -0.067164 
 -0.146210 0.199533 -0.069753 
 -0.144410 0.186704 -0.072343 
 -0.142610 0.173875 -0.074933 
 -0.138131 0.166239 -0.095503 
 -0.136335 0.153444 -0.098086 
 -0.134540 0.140650 -0.100669 
 -0.131412 0.130503 -0.112231 
 -0.129619 0.117726 -0.114810 
 -0.125172 0.110314 -0.135335 
 -0.123384 0.097571 -0.137907 
 -0.121596 0.084828 -0.140480 
 -0.119807 0.072086 -0.143052 
 -0.118019 0.059343 -0.145624 
 -0.116231 0.046600 -0.148197 
 -0.117068 0.028286 -0.132865 
 -0.116585 0.012706 -0.126496 
 -0.114790 -0.000088 -0.129079 
 -0.112994 -0.012882 -0.131662 
 -0.111199 -0.025677 -0.134245 
 -0.112004 -0.044215 -0.118958 
 -0.110204 -0.057043 -0.121548 
 -0.108403 -0.069872 -0.124138 
 -0.109190 -0.088548 -0.108880 
 -0.107384 -0.101411 -0.111477 
 -0.109444 -0.123148 -0.087322 
 -0.107632 -0.136063 -0.089929 
 -0.105820 -0.148978 -0.092536 
 -0.106570 -0.167911 -0.077330 
 -0.104752 -0.180861 -0.079944 
 -0.100382 -0.187722 -0.100357 
 -0.101118 -0.206759 -0.085173 
 -0.100572 -0.222787 -0.078894 
 -0.101291 -0.241945 -0.063733 
 -0.099466 -0.254946 -0.066357 
 -0.098906 -0.271077 -0.060100 
 -0.099603 -0.290390 -0.044970 
 -0.097771 -0.303442 -0.047605 
 -0.095939 -0.316495 -0.050240 
 -0.096617 -0.335945 -0.035138 
 -0.096032 -0.352249 -0.028915 
 -0.094193 -0.365353 -0.031560 
 -0.092354 -0.378457 -0.034206 
 -0.093005 -0.398097 -0.019142 
 -0.093646 -0.417806 -0.004092 
 -0.094278 -0.437584 0.010943 
 -0.092425 -0.450791 0.008277 
 -0.091806 -0.467336 0.014451 
 -0.089950 -0.480560 0.011781 
 -0.090555 -0.500527 0.026779 
 -0.088695 -0.513787 0.024103 
 -0.089285 -0.533857 0.039079 
 -0.087419 -0.547151 0.036395 
 -0.085554 -0.560445 0.033712 
 -0.083688 -0.573738 0.031028 
 -0.085470 -0.597455 0.054783 
 -0.083598 -0.610801 0.052089 
 -0.081725 -0.624146 0.049395 
 -0.082269 -0.644544 0.064305 
 -0.080392 -0.657923 0.061604 
 -0.078514 -0.671303 0.058904 
 -0.080241 -0.695416 0.082578 
 -0.222691 0.281475 0.232366 
 -0.216646 0.275202 0.202557 
 -0.214780 0.261909 0.199873 
 -0.210143 0.253399 0.179127 
 -0.205516 0.244958 0.158394 
 -0.199517 0.239012 0.128651 
 -0.194912 0.230726 0.107950 
 -0.190316 0.222509 0.087263 
 -0.187103 0.211883 0.075603 
 -0.178410 0.211272 0.027908 
 -0.169742 0.210834 -0.019752 
 -0.163830 0.205508 -0.049370 
 -0.162025 0.192645 -0.051967 
 -0.160220 0.179782 -0.054563 
 -0.155696 0.172081 -0.075146 
 -0.153896 0.159253 -0.077736 
 -0.152096 0.146424 -0.080326 
 -0.147592 0.138861 -0.100881 
 -0.145796 0.126067 -0.103464 
 -0.144001 0.113273 -0.106047 
 -0.140860 0.103163 -0.117602 
 -0.136383 0.095790 -0.138119 
 -0.134595 0.083047 -0.140692 
 -0.135481 0.064831 -0.125340 
 -0.133688 0.052054 -0.127919 
 -0.131895 0.039277 -0.130498 
 -0.130102 0.026500 -0.133078 
 -0.129637 0.010918 -0.126709 
 -0.127841 -0.001877 -0.129292 
 -0.126046 -0.014671 -0.131875 
 -0.124250 -0.027465 -0.134457 
 -0.125091 -0.046008 -0.119172 
 -0.123290 -0.058837 -0.121761 
 -0.121490 -0.071666 -0.124351 
 -0.122311 -0.090346 -0.109094 
 -0.120506 -0.103209 -0.111690 
 -0.122619 -0.124953 -0.087537 
 -0.120807 -0.137868 -0.090144 
 -0.118994 -0.150783 -0.092751 
 -0.119779 -0.169722 -0.077546 
 -0.115369 -0.176613 -0.097965 
 -0.113557 -0.189528 -0.100572 
 -0.114328 -0.208570 -0.085388 
 -0.112510 -0.221519 -0.088002 
 -0.111980 -0.237566 -0.081727 
 -0.112729 -0.256764 -0.066574 
 -0.112186 -0.272897 -0.060316 
 -0.112918 -0.292214 -0.045187 
 -0.111086 -0.305267 -0.047822 
 -0.109255 -0.318320 -0.050457 
 -0.109967 -0.337775 -0.035356 
 -0.109400 -0.354081 -0.029133 
 -0.107561 -0.367185 -0.031778 
 -0.105722 -0.380289 -0.034424 
 -0.106408 -0.399934 -0.019361 
 -0.104564 -0.413073 -0.022013 
 -0.105236 -0.432821 -0.006971 
 -0.105898 -0.452638 0.008057 
 -0.105297 -0.469184 0.014231 
 -0.105942 -0.489122 0.029235 
 -0.106577 -0.509128 0.044225 
 -0.104712 -0.522422 0.041542 
 -0.102846 -0.535715 0.038858 
 -0.100980 -0.549009 0.036174 
 -0.099115 -0.562303 0.033491 
 -0.098485 -0.579056 0.039624 
 -0.096617 -0.592367 0.036936 
 -0.097212 -0.612666 0.051867 
 -0.095339 -0.626012 0.049173 
 -0.095918 -0.646414 0.064083 
 -0.094041 -0.659794 0.061382 
 -0.092163 -0.673174 0.058681 
 -0.093942 -0.697294 0.082355 
 -0.241003 0.288304 0.252928 
 -0.236304 0.279609 0.232145 
 -0.230207 0.273344 0.202336 
 -0.228341 0.260050 0.199652 
 -0.223669 0.251545 0.178907 
 -0.219007 0.243109 0.158174 
 -0.212955 0.237171 0.128432 
 -0.208315 0.228890 0.107731 
 -0.203684 0.220677 0.087045 
 -0.200453 0.210054 0.075386 
 -0.195839 0.201962 0.054723 
 -0.189848 0.196454 0.025068 
 -0.178336 0.201178 -0.040581 
 -0.175147 0.190847 -0.052181 
 -0.173342 0.177984 -0.054777 
 -0.171537 0.165120 -0.057374 
 -0.166983 0.157459 -0.077949 
 -0.165182 0.144630 -0.080539 
 -0.163382 0.131802 -0.083129 
 -0.161582 0.118973 -0.085719 
 -0.157052 0.111484 -0.106260 
 -0.153894 0.101377 -0.117814 
 -0.149382 0.094008 -0.138331 
 -0.147594 0.081266 -0.140904 
 -0.148515 0.063045 -0.125552 
 -0.146722 0.050268 -0.128132 
 -0.144929 0.037491 -0.130711 
 -0.144484 0.021923 -0.124339 
 -0.142688 0.009129 -0.126922 
 -0.143578 -0.009315 -0.111616 
 -0.139097 -0.016460 -0.132087 
 -0.137302 -0.029254 -0.134670 
 -0.138178 -0.047802 -0.119385 
 -0.136377 -0.060630 -0.121975 
 -0.134577 -0.073459 -0.124565 
 -0.135433 -0.092144 -0.109308 
 -0.134954 -0.107953 -0.102984 
 -0.133147 -0.120834 -0.105585 
 -0.133981 -0.139674 -0.090359 
 -0.132169 -0.152589 -0.092966 
 -0.132989 -0.171532 -0.077761 
 -0.128544 -0.178418 -0.098180 
 -0.126732 -0.191333 -0.100787 
 -0.127537 -0.210380 -0.085603 
 -0.125720 -0.223329 -0.088217 
 -0.125207 -0.239379 -0.081943 
 -0.125991 -0.258581 -0.066790 
 -0.125466 -0.274717 -0.060533 
 -0.126233 -0.294039 -0.045404 
 -0.124401 -0.307092 -0.048039 
 -0.122570 -0.320144 -0.050674 
 -0.123317 -0.339605 -0.035573 
 -0.122768 -0.355913 -0.029351 
 -0.120929 -0.369017 -0.031996 
 -0.119090 -0.382121 -0.034642 
 -0.119811 -0.401771 -0.019579 
 -0.117967 -0.414909 -0.022232 
 -0.118674 -0.434662 -0.007190 
 -0.119371 -0.454484 0.007838 
 -0.118788 -0.471033 0.014011 
 -0.119468 -0.490975 0.029015 
 -0.117607 -0.504235 0.026338 
 -0.118273 -0.524280 0.041320 
 -0.116407 -0.537574 0.038637 
 -0.114542 -0.550868 0.035953 
 -0.112676 -0.564161 0.033270 
 -0.112064 -0.580917 0.039402 
 -0.110196 -0.594228 0.036715 
 -0.108328 -0.607539 0.034028 
 -0.108952 -0.627878 0.048951 
 -0.109567 -0.648285 0.063860 
 -0.107689 -0.661664 0.061159 
 -0.109529 -0.685740 0.084843 
 -0.107644 -0.699172 0.082132 
 -0.254652 0.286433 0.252706 
 -0.249918 0.277744 0.231923 
 -0.240917 0.276210 0.184039 
 -0.239056 0.262951 0.181363 
 -0.240037 0.244898 0.196748 
 -0.232497 0.241260 0.157954 
 -0.226394 0.235329 0.128213 
 -0.221718 0.227053 0.107513 
 -0.217051 0.218845 0.086827 
 -0.213804 0.208224 0.075168 
 -0.211967 0.195137 0.072526 
 -0.207323 0.187084 0.051871 
 -0.201286 0.181635 0.022227 
 -0.195264 0.176290 -0.007397 
 -0.190654 0.168478 -0.028003 
 -0.186053 0.160736 -0.048595 
 -0.182853 0.150459 -0.060184 
 -0.181048 0.137596 -0.062781 
 -0.176469 0.130008 -0.083342 
 -0.174669 0.117179 -0.085932 
 -0.170104 0.109695 -0.106472 
 -0.168308 0.096901 -0.109055 
 -0.165135 0.086813 -0.120606 
 -0.163342 0.074036 -0.123185 
 -0.161549 0.061259 -0.125765 
 -0.159756 0.048482 -0.128344 
 -0.157963 0.035705 -0.130923 
 -0.157535 0.020135 -0.124552 
 -0.155740 0.007340 -0.127135 
 -0.153944 -0.005454 -0.129717 
 -0.152149 -0.018248 -0.132300 
 -0.150353 -0.031043 -0.134883 
 -0.151264 -0.049595 -0.119598 
 -0.149464 -0.062424 -0.122188 
 -0.150360 -0.081079 -0.106925 
 -0.149901 -0.096873 -0.100599 
 -0.148094 -0.109754 -0.103199 
 -0.148968 -0.128564 -0.087966 
 -0.144479 -0.135515 -0.108399 
 -0.145343 -0.154394 -0.093180 
 -0.143531 -0.167309 -0.095788 
 -0.141719 -0.180224 -0.098395 
 -0.139906 -0.193139 -0.101002 
 -0.138094 -0.206054 -0.103609 
 -0.138930 -0.225140 -0.088433 
 -0.138435 -0.241192 -0.082158 
 -0.139254 -0.260399 -0.067006 
 -0.141380 -0.282811 -0.042986 
 -0.139548 -0.295864 -0.045621 
 -0.137717 -0.308917 -0.048256 
 -0.135885 -0.321969 -0.050891 
 -0.136668 -0.341434 -0.035791 
 -0.134831 -0.354521 -0.038433 
 -0.134297 -0.370849 -0.032214 
 -0.132458 -0.383953 -0.034859 
 -0.133214 -0.403607 -0.019798 
 -0.131370 -0.416746 -0.022450 
 -0.132112 -0.436504 -0.007409 
 -0.132844 -0.456330 0.007618 
 -0.130991 -0.469538 0.004952 
 -0.130423 -0.486107 0.011122 
 -0.131133 -0.506088 0.026118 
 -0.131834 -0.526139 0.041099 
 -0.129968 -0.539432 0.038416 
 -0.128103 -0.552726 0.035732 
 -0.126237 -0.566020 0.033049 
 -0.124372 -0.579314 0.030365 
 -0.123775 -0.596089 0.036494 
 -0.121907 -0.609400 0.033807 
 -0.120039 -0.622711 0.031120 
 -0.123216 -0.650155 0.063638 
 -0.121338 -0.663535 0.060937 
 -0.123230 -0.687618 0.084620 
 -0.121346 -0.701050 0.081908 
 -0.263532 0.275878 0.231701 
 -0.258772 0.267262 0.210932 
 -0.256904 0.253951 0.208245 
 -0.253598 0.243039 0.196527 
 -0.245988 0.239411 0.157734 
 -0.239832 0.233487 0.127994 
 -0.235121 0.225216 0.107294 
 -0.230419 0.217013 0.086609 
 -0.228580 0.203909 0.083963 
 -0.225317 0.193307 0.072308 
 -0.220638 0.185260 0.051654 
 -0.215968 0.177281 0.031013 
 -0.212724 0.166817 0.019386 
 -0.210900 0.153816 0.016762 
 -0.204840 0.148581 -0.012840 
 -0.197385 0.146055 -0.051410 
 -0.195577 0.133174 -0.054010 
 -0.192365 0.122934 -0.065592 
 -0.187755 0.115386 -0.086145 
 -0.185955 0.102557 -0.088735 
 -0.181360 0.095112 -0.109268 
 -0.178170 0.085027 -0.120819 
 -0.177769 0.069523 -0.114434 
 -0.174583 0.059473 -0.125977 
 -0.172790 0.046696 -0.128557 
 -0.170997 0.033918 -0.131136 
 -0.170587 0.018346 -0.124765 
 -0.168792 0.005552 -0.127347 
 -0.169752 -0.012902 -0.112043 
 -0.165201 -0.020037 -0.132513 
 -0.166151 -0.038560 -0.117222 
 -0.167093 -0.057151 -0.101945 
 -0.165288 -0.070014 -0.104542 
 -0.163482 -0.082878 -0.107139 
 -0.163041 -0.098674 -0.100813 
 -0.161233 -0.111554 -0.103413 
 -0.159425 -0.124435 -0.106013 
 -0.157618 -0.137315 -0.108613 
 -0.155810 -0.150196 -0.111213 
 -0.154003 -0.163076 -0.113814 
 -0.154893 -0.182029 -0.098609 
 -0.150388 -0.188837 -0.119014 
 -0.151268 -0.207859 -0.103824 
 -0.152140 -0.226950 -0.088648 
 -0.151662 -0.243005 -0.082374 
 -0.152516 -0.262216 -0.067222 
 -0.152026 -0.278357 -0.060966 
 -0.152863 -0.297689 -0.045838 
 -0.151032 -0.310741 -0.048473 
 -0.151855 -0.330177 -0.033367 
 -0.150018 -0.343264 -0.036008 
 -0.148181 -0.356351 -0.038650 
 -0.147665 -0.372681 -0.032432 
 -0.145826 -0.385785 -0.035077 
 -0.146617 -0.405444 -0.020016 
 -0.144773 -0.418583 -0.022669 
 -0.145550 -0.438346 -0.007628 
 -0.146318 -0.458177 0.007398 
 -0.144464 -0.471385 0.004732 
 -0.143914 -0.487956 0.010902 
 -0.144659 -0.507942 0.025897 
 -0.145395 -0.527997 0.040878 
 -0.143529 -0.541291 0.038195 
 -0.141664 -0.554585 0.035511 
 -0.139798 -0.567878 0.032828 
 -0.139221 -0.584639 0.038959 
 -0.137353 -0.597950 0.036272 
 -0.135485 -0.611261 0.033585 
 -0.133617 -0.624572 0.030898 
 -0.134307 -0.644954 0.045813 
 -0.134987 -0.665405 0.060714 
 -0.136932 -0.689496 0.084396 
 -0.135047 -0.702927 0.081685 
 -0.272351 0.265401 0.210710 
 -0.270483 0.252090 0.208023 
 -0.267159 0.241181 0.196305 
 -0.259479 0.237563 0.157515 
 -0.253270 0.231646 0.127775 
 -0.248524 0.223379 0.107076 
 -0.246680 0.210240 0.104423 
 -0.241948 0.202077 0.083746 
 -0.240109 0.188973 0.081100 
 -0.238270 0.175868 0.078455 
 -0.229248 0.175461 0.030797 
 -0.227421 0.162443 0.028169 
 -0.224162 0.151998 0.016546 
 -0.219479 0.144179 -0.004063 
 -0.216232 0.133821 -0.015669 
 -0.211566 0.126123 -0.036253 
 -0.206909 0.118493 -0.056824 
 -0.203682 0.108273 -0.068402 
 -0.199042 0.100764 -0.088948 
 -0.197241 0.087935 -0.091538 
 -0.192616 0.080529 -0.112064 
 -0.190821 0.067735 -0.114646 
 -0.189025 0.054940 -0.117229 
 -0.187230 0.042146 -0.119812 
 -0.185434 0.029352 -0.122395 
 -0.183639 0.016557 -0.124977 
 -0.181843 0.003763 -0.127560 
 -0.182839 -0.014696 -0.112256 
 -0.178252 -0.021826 -0.132726 
 -0.179238 -0.040353 -0.117435 
 -0.180215 -0.058949 -0.102159 
 -0.178409 -0.071813 -0.104756 
 -0.176604 -0.084676 -0.107353 
 -0.176180 -0.100475 -0.101027 
 -0.174373 -0.113355 -0.103627 
 -0.172565 -0.126235 -0.106227 
 -0.170757 -0.139116 -0.108827 
 -0.168950 -0.151996 -0.111428 
 -0.169880 -0.170920 -0.096217 
 -0.168068 -0.183835 -0.098824 
 -0.163527 -0.190638 -0.119228 
 -0.164443 -0.209665 -0.104038 
 -0.165350 -0.228760 -0.088863 
 -0.163532 -0.241710 -0.091477 
 -0.165778 -0.264034 -0.067438 
 -0.165306 -0.280177 -0.061182 
 -0.166178 -0.299513 -0.046055 
 -0.164347 -0.312566 -0.048690 
 -0.165205 -0.332006 -0.033584 
 -0.163368 -0.345093 -0.036226 
 -0.161532 -0.358180 -0.038868 
 -0.161033 -0.374513 -0.032650 
 -0.161864 -0.394142 -0.017583 
 -0.160020 -0.407281 -0.020235 
 -0.158176 -0.420420 -0.022887 
 -0.158988 -0.440187 -0.007847 
 -0.159791 -0.460023 0.007179 
 -0.157937 -0.473231 0.004512 
 -0.160046 -0.496536 0.028353 
 -0.158185 -0.509796 0.025677 
 -0.158956 -0.529856 0.040657 
 -0.157090 -0.543149 0.037974 
 -0.155225 -0.556443 0.035290 
 -0.153359 -0.569737 0.032606 
 -0.152800 -0.586500 0.038738 
 -0.149628 -0.596324 0.027239 
 -0.149064 -0.613122 0.033364 
 -0.147196 -0.626433 0.030677 
 -0.147921 -0.646820 0.045591 
 -0.148636 -0.667276 0.060492 
 -0.149342 -0.687801 0.075379 
 -0.282194 0.236918 0.205115 
 -0.271499 0.238135 0.148268 
 -0.266708 0.229804 0.127556 
 -0.264859 0.216631 0.124897 
 -0.260083 0.208404 0.104205 
 -0.258239 0.195265 0.101553 
 -0.253477 0.187141 0.080882 
 -0.250181 0.176561 0.069231 
 -0.245436 0.168557 0.048585 
 -0.240701 0.160623 0.027952 
 -0.238874 0.147605 0.025325 
 -0.235600 0.137180 0.013705 
 -0.230886 0.129400 -0.006897 
 -0.227625 0.119061 -0.018499 
 -0.225807 0.106112 -0.021113 
 -0.221115 0.098487 -0.041682 
 -0.216433 0.090932 -0.062239 
 -0.214626 0.078051 -0.064839 
 -0.208528 0.073313 -0.094341 
 -0.206728 0.060484 -0.096931 
 -0.202077 0.053152 -0.117442 
 -0.200281 0.040357 -0.120025 
 -0.197065 0.030346 -0.131561 
 -0.196690 0.014769 -0.125190 
 -0.194895 0.001974 -0.127773 
 -0.193099 -0.010820 -0.130356 
 -0.191304 -0.023614 -0.132939 
 -0.189508 -0.036409 -0.135521 
 -0.187713 -0.049203 -0.138104 
 -0.188724 -0.067804 -0.122828 
 -0.186924 -0.080633 -0.125418 
 -0.187921 -0.099337 -0.110163 
 -0.186116 -0.112201 -0.112760 
 -0.185704 -0.128036 -0.106441 
 -0.183897 -0.140917 -0.109042 
 -0.182089 -0.153797 -0.111642 
 -0.183055 -0.172725 -0.096432 
 -0.181242 -0.185640 -0.099039 
 -0.179430 -0.198555 -0.101646 
 -0.177618 -0.211470 -0.104253 
 -0.178559 -0.230571 -0.089079 
 -0.176742 -0.243520 -0.091693 
 -0.179041 -0.265851 -0.067655 
 -0.178586 -0.281997 -0.061399 
 -0.179494 -0.301338 -0.046273 
 -0.177662 -0.314391 -0.048907 
 -0.175830 -0.327443 -0.051542 
 -0.176718 -0.346923 -0.036444 
 -0.174882 -0.360010 -0.039086 
 -0.174401 -0.376345 -0.032868 
 -0.175267 -0.395979 -0.017801 
 -0.173423 -0.409118 -0.020453 
 -0.174275 -0.428856 -0.005407 
 -0.172427 -0.442029 -0.008066 
 -0.173264 -0.461870 0.006959 
 -0.172751 -0.478428 0.013132 
 -0.173572 -0.498390 0.028133 
 -0.171711 -0.511649 0.025456 
 -0.172517 -0.531714 0.040436 
 -0.170652 -0.545008 0.037753 
 -0.168786 -0.558302 0.035069 
 -0.166920 -0.571595 0.032385 
 -0.166379 -0.588361 0.038517 
 -0.163189 -0.598183 0.027018 
 -0.162643 -0.614983 0.033143 
 -0.160775 -0.628294 0.030456 
 -0.161535 -0.648686 0.045370 
 -0.162285 -0.669146 0.060269 
 -0.164335 -0.693251 0.083950 
 -0.306602 0.234033 0.261780 
 -0.298755 0.230245 0.222953 
 -0.286461 0.233865 0.157075 
 -0.283119 0.223081 0.145382 
 -0.278297 0.214789 0.124678 
 -0.276449 0.201616 0.122018 
 -0.271642 0.193428 0.101334 
 -0.269798 0.180289 0.098682 
 -0.263532 0.174731 0.069014 
 -0.258751 0.166733 0.048368 
 -0.256920 0.153680 0.045733 
 -0.252154 0.145785 0.025108 
 -0.248863 0.135362 0.013489 
 -0.244114 0.127587 -0.007112 
 -0.240834 0.117251 -0.018714 
 -0.239017 0.104302 -0.021328 
 -0.234290 0.096682 -0.041897 
 -0.229573 0.089131 -0.062453 
 -0.226315 0.078950 -0.074024 
 -0.221615 0.071519 -0.094554 
 -0.219814 0.058690 -0.097144 
 -0.215128 0.051363 -0.117655 
 -0.213333 0.038569 -0.120237 
 -0.211537 0.025774 -0.122820 
 -0.209742 0.012980 -0.125403 
 -0.207947 0.000186 -0.127986 
 -0.206151 -0.012609 -0.130569 
 -0.204356 -0.025403 -0.133151 
 -0.205412 -0.043940 -0.117862 
 -0.203611 -0.056769 -0.120452 
 -0.201811 -0.069598 -0.123041 
 -0.200011 -0.082426 -0.125631 
 -0.201043 -0.101136 -0.110377 
 -0.200652 -0.116956 -0.104055 
 -0.201667 -0.135786 -0.088825 
 -0.199854 -0.148701 -0.091432 
 -0.198042 -0.161616 -0.094040 
 -0.196230 -0.174531 -0.096647 
 -0.194417 -0.187446 -0.099254 
 -0.192605 -0.200361 -0.101861 
 -0.193586 -0.219432 -0.086680 
 -0.191769 -0.232381 -0.089294 
 -0.189952 -0.245330 -0.091908 
 -0.189524 -0.261409 -0.085638 
 -0.191866 -0.283816 -0.061615 
 -0.190039 -0.296835 -0.064243 
 -0.190977 -0.316216 -0.049125 
 -0.189145 -0.329268 -0.051759 
 -0.190069 -0.348752 -0.036661 
 -0.188232 -0.361840 -0.039303 
 -0.187768 -0.378177 -0.033086 
 -0.188670 -0.397816 -0.018020 
 -0.186826 -0.410955 -0.020672 
 -0.184982 -0.424093 -0.023324 
 -0.185865 -0.443870 -0.008285 
 -0.186737 -0.463716 0.006739 
 -0.186242 -0.480277 0.012912 
 -0.187098 -0.500244 0.027912 
 -0.185237 -0.513503 0.025236 
 -0.183376 -0.526762 0.022559 
 -0.184213 -0.546866 0.037532 
 -0.182347 -0.560160 0.034848 
 -0.180481 -0.573454 0.032164 
 -0.179957 -0.590222 0.038295 
 -0.178089 -0.603533 0.035608 
 -0.176221 -0.616844 0.032921 
 -0.177021 -0.637206 0.047842 
 -0.175148 -0.650551 0.045148 
 -0.175934 -0.671017 0.060047 
 -0.178037 -0.695129 0.083726 
 -0.320286 0.232158 0.261557 
 -0.312368 0.228379 0.222731 
 -0.299952 0.232016 0.156855 
 -0.298096 0.218791 0.154185 
 -0.294738 0.208027 0.142496 
 -0.292885 0.194819 0.139830 
 -0.291031 0.181612 0.137164 
 -0.286190 0.173428 0.116481 
 -0.281357 0.165314 0.095811 
 -0.275045 0.159815 0.066154 
 -0.270235 0.151855 0.045516 
 -0.265434 0.143965 0.024892 
 -0.262125 0.133545 0.013272 
 -0.257341 0.125775 -0.007328 
 -0.254044 0.115441 -0.018930 
 -0.252227 0.102491 -0.021544 
 -0.247465 0.094876 -0.042112 
 -0.242712 0.087330 -0.062667 
 -0.239437 0.077151 -0.074237 
 -0.234702 0.069726 -0.094768 
 -0.232901 0.056897 -0.097358 
 -0.228180 0.049575 -0.117867 
 -0.226385 0.036780 -0.120450 
 -0.224589 0.023986 -0.123033 
 -0.222794 0.011191 -0.125616 
 -0.220998 -0.001603 -0.128198 
 -0.219203 -0.014397 -0.130781 
 -0.217407 -0.027192 -0.133364 
 -0.218499 -0.045734 -0.118075 
 -0.216698 -0.058562 -0.120665 
 -0.214898 -0.071391 -0.123255 
 -0.213098 -0.084220 -0.125845 
 -0.214165 -0.102934 -0.110591 
 -0.213791 -0.118757 -0.104270 
 -0.214841 -0.137592 -0.089040 
 -0.213029 -0.150507 -0.091647 
 -0.211217 -0.163422 -0.094254 
 -0.212248 -0.182394 -0.079053 
 -0.210430 -0.195343 -0.081667 
 -0.208613 -0.208293 -0.084281 
 -0.206796 -0.221242 -0.086895 
 -0.204979 -0.234191 -0.089509 
 -0.204571 -0.250255 -0.083237 
 -0.206973 -0.272618 -0.059204 
 -0.205146 -0.285636 -0.061832 
 -0.206124 -0.304988 -0.046707 
 -0.204292 -0.318040 -0.049342 
 -0.205256 -0.337495 -0.034237 
 -0.204814 -0.353800 -0.028013 
 -0.202975 -0.366904 -0.030658 
 -0.201136 -0.380009 -0.033304 
 -0.202073 -0.399653 -0.018238 
 -0.200229 -0.412791 -0.020890 
 -0.201151 -0.432539 -0.005845 
 -0.199303 -0.445712 -0.008504 
 -0.200210 -0.465563 0.006520 
 -0.199733 -0.482126 0.012692 
 -0.197877 -0.495351 0.010022 
 -0.196021 -0.508576 0.007352 
 -0.196902 -0.528616 0.022339 
 -0.195041 -0.541875 0.019662 
 -0.195908 -0.562018 0.034627 
 -0.194042 -0.575312 0.031943 
 -0.192177 -0.588606 0.029260 
 -0.191668 -0.605393 0.035387 
 -0.192508 -0.625726 0.050314 
 -0.190635 -0.639072 0.047620 
 -0.188762 -0.652417 0.044926 
 -0.192277 -0.680013 0.077418 
 -0.191738 -0.697007 0.083503 
 -0.321403 0.233747 0.195421 
 -0.313442 0.230167 0.156635 
 -0.311586 0.216942 0.153965 
 -0.309731 0.203718 0.151295 
 -0.310908 0.185532 0.166657 
 -0.306019 0.177268 0.145956 
 -0.304163 0.164043 0.143286 
 -0.302307 0.150818 0.140617 
 -0.295930 0.145240 0.110943 
 -0.286559 0.144898 0.063295 
 -0.281718 0.136978 0.042664 
 -0.276887 0.129127 0.022047 
 -0.273563 0.118726 0.010432 
 -0.268749 0.110995 -0.010161 
 -0.265437 0.100681 -0.021759 
 -0.260639 0.093071 -0.042327 
 -0.258827 0.080156 -0.044934 
 -0.254044 0.072649 -0.065481 
 -0.250754 0.062490 -0.077048 
 -0.245988 0.055103 -0.097571 
 -0.244188 0.042275 -0.100161 
 -0.239436 0.034992 -0.120663 
 -0.237641 0.022197 -0.123246 
 -0.235845 0.009403 -0.125828 
 -0.234050 -0.003392 -0.128411 
 -0.232254 -0.016186 -0.130994 
 -0.230459 -0.028980 -0.133577 
 -0.231585 -0.047527 -0.118289 
 -0.229785 -0.060356 -0.120878 
 -0.227985 -0.073185 -0.123468 
 -0.226184 -0.086013 -0.126058 
 -0.228738 -0.107677 -0.101884 
 -0.229828 -0.126482 -0.086648 
 -0.228016 -0.139397 -0.089255 
 -0.226204 -0.152312 -0.091862 
 -0.224391 -0.165227 -0.094469 
 -0.225457 -0.184204 -0.079268 
 -0.223640 -0.197154 -0.081882 
 -0.221823 -0.210103 -0.084497 
 -0.220006 -0.223052 -0.087111 
 -0.218189 -0.236002 -0.089725 
 -0.217798 -0.252068 -0.083452 
 -0.220253 -0.274438 -0.059420 
 -0.218426 -0.287456 -0.062048 
 -0.219439 -0.306812 -0.046924 
 -0.217607 -0.319865 -0.049559 
 -0.218606 -0.339325 -0.034455 
 -0.218182 -0.355632 -0.028231 
 -0.216343 -0.368736 -0.030876 
 -0.217320 -0.388351 -0.015804 
 -0.215476 -0.401490 -0.018457 
 -0.216438 -0.421207 -0.003405 
 -0.214589 -0.434380 -0.006064 
 -0.215537 -0.454201 0.008966 
 -0.215079 -0.470750 0.015141 
 -0.213223 -0.483975 0.012472 
 -0.211368 -0.497200 0.009802 
 -0.212289 -0.517210 0.024795 
 -0.210428 -0.530470 0.022118 
 -0.211335 -0.550583 0.037089 
 -0.209469 -0.563877 0.034406 
 -0.207604 -0.577171 0.031722 
 -0.205738 -0.590464 0.029039 
 -0.205246 -0.607254 0.035166 
 -0.203378 -0.620565 0.032479 
 -0.204249 -0.640937 0.047398 
 -0.202376 -0.654283 0.044704 
 -0.205961 -0.681888 0.077195 
 -0.334964 0.231889 0.195200 
 -0.326933 0.228318 0.156415 
 -0.328155 0.210197 0.171789 
 -0.326295 0.196938 0.169113 
 -0.327502 0.178714 0.184466 
 -0.322573 0.170419 0.163759 
 -0.320712 0.157160 0.161083 
 -0.315798 0.148969 0.140397 
 -0.313942 0.135744 0.137727 
 -0.307520 0.130225 0.108065 
 -0.305671 0.117052 0.105406 
 -0.293202 0.122100 0.039812 
 -0.288340 0.114288 0.019203 
 -0.281976 0.109183 -0.010377 
 -0.278646 0.098871 -0.021974 
 -0.273814 0.091265 -0.042542 
 -0.272002 0.078350 -0.045149 
 -0.267184 0.070848 -0.065696 
 -0.263876 0.060692 -0.077262 
 -0.259075 0.053310 -0.097784 
 -0.257274 0.040481 -0.100374 
 -0.252488 0.033203 -0.120876 
 -0.250692 0.020409 -0.123458 
 -0.248897 0.007614 -0.126041 
 -0.247101 -0.005180 -0.128624 
 -0.245306 -0.017975 -0.131207 
 -0.246472 -0.036492 -0.115912 
 -0.244672 -0.049320 -0.118502 
 -0.242872 -0.062149 -0.121092 
 -0.244019 -0.080804 -0.105826 
 -0.242214 -0.093667 -0.108422 
 -0.241878 -0.109478 -0.102098 
 -0.243003 -0.128288 -0.086862 
 -0.241191 -0.141203 -0.089470 
 -0.242302 -0.160116 -0.074256 
 -0.240484 -0.173065 -0.076870 
 -0.238667 -0.186015 -0.079484 
 -0.236850 -0.198964 -0.082098 
 -0.235033 -0.211913 -0.084712 
 -0.233215 -0.224863 -0.087326 
 -0.232845 -0.240914 -0.081050 
 -0.231026 -0.253881 -0.083668 
 -0.232091 -0.273121 -0.068519 
 -0.231706 -0.289276 -0.062265 
 -0.232754 -0.308637 -0.047141 
 -0.230923 -0.321690 -0.049776 
 -0.231956 -0.341154 -0.034672 
 -0.231550 -0.357464 -0.028449 
 -0.232567 -0.377049 -0.013370 
 -0.233573 -0.396702 0.001695 
 -0.231725 -0.409876 -0.000965 
 -0.229876 -0.423049 -0.003624 
 -0.228028 -0.436222 -0.006283 
 -0.229010 -0.456048 0.008747 
 -0.228570 -0.472599 0.014922 
 -0.226714 -0.485824 0.012252 
 -0.227676 -0.505805 0.027251 
 -0.225815 -0.519064 0.024574 
 -0.226761 -0.539148 0.039552 
 -0.226297 -0.555871 0.045693 
 -0.223030 -0.565735 0.034185 
 -0.222561 -0.582493 0.040318 
 -0.223481 -0.602767 0.055258 
 -0.218825 -0.609115 0.034944 
 -0.219735 -0.629458 0.049870 
 -0.217863 -0.642803 0.047176 
 -0.218758 -0.663249 0.062080 
 -0.219645 -0.683763 0.076972 
 -0.340424 0.226470 0.156195 
 -0.341681 0.208344 0.171569 
 -0.342929 0.190149 0.186928 
 -0.341063 0.176855 0.184245 
 -0.339198 0.163562 0.181561 
 -0.334238 0.155306 0.160862 
 -0.332378 0.142047 0.158186 
 -0.327433 0.133896 0.137507 
 -0.325577 0.120671 0.134837 
 -0.322184 0.110034 0.123174 
 -0.306517 0.120276 0.039595 
 -0.301620 0.112468 0.018986 
 -0.298263 0.102090 0.007375 
 -0.293384 0.094403 -0.013210 
 -0.286989 0.089460 -0.042756 
 -0.285176 0.076545 -0.045363 
 -0.283364 0.063630 -0.047971 
 -0.278516 0.056167 -0.068510 
 -0.275192 0.046030 -0.080073 
 -0.273387 0.033167 -0.082669 
 -0.268561 0.025859 -0.103177 
 -0.263744 0.018620 -0.123671 
 -0.264960 0.000201 -0.108356 
 -0.263160 -0.012628 -0.110946 
 -0.258358 -0.019763 -0.131420 
 -0.259559 -0.038285 -0.116126 
 -0.257759 -0.051114 -0.118715 
 -0.255959 -0.063943 -0.121305 
 -0.257141 -0.082602 -0.106039 
 -0.255336 -0.095466 -0.108636 
 -0.257990 -0.117178 -0.084470 
 -0.256178 -0.130093 -0.087077 
 -0.257329 -0.148977 -0.071857 
 -0.255511 -0.161926 -0.074471 
 -0.253694 -0.174876 -0.077085 
 -0.251877 -0.187825 -0.079699 
 -0.250060 -0.200774 -0.082313 
 -0.248242 -0.213724 -0.084927 
 -0.247892 -0.229760 -0.078648 
 -0.246073 -0.242727 -0.081266 
 -0.244253 -0.255694 -0.083883 
 -0.246813 -0.278078 -0.059853 
 -0.244986 -0.291096 -0.062481 
 -0.246069 -0.310462 -0.047358 
 -0.244238 -0.323515 -0.049993 
 -0.245306 -0.342984 -0.034890 
 -0.244918 -0.359296 -0.028667 
 -0.245969 -0.378886 -0.013589 
 -0.247012 -0.398544 0.001476 
 -0.245163 -0.411717 -0.001184 
 -0.243314 -0.424890 -0.003843 
 -0.244337 -0.444687 0.011193 
 -0.243917 -0.461223 0.017371 
 -0.244923 -0.481140 0.032384 
 -0.243062 -0.494399 0.029707 
 -0.241201 -0.507658 0.027030 
 -0.239341 -0.520918 0.024354 
 -0.240322 -0.541006 0.039331 
 -0.238457 -0.554300 0.036647 
 -0.236591 -0.567594 0.033964 
 -0.234726 -0.580888 0.031280 
 -0.234272 -0.597665 0.037410 
 -0.232404 -0.610976 0.034723 
 -0.233349 -0.631323 0.049648 
 -0.231476 -0.644669 0.046954 
 -0.232407 -0.665119 0.061858 
 -0.233329 -0.685639 0.076749 
 -0.358355 0.201584 0.189391 
 -0.356490 0.188291 0.186707 
 -0.356194 0.172509 0.193038 
 -0.352759 0.161703 0.181340 
 -0.350893 0.148409 0.178656 
 -0.345903 0.140194 0.157965 
 -0.344043 0.126934 0.155289 
 -0.339068 0.118822 0.134618 
 -0.332547 0.113369 0.104968 
 -0.324489 0.110627 0.066348 
 -0.321100 0.100148 0.054716 
 -0.313073 0.097630 0.016142 
 -0.309701 0.087272 0.004534 
 -0.303249 0.082301 -0.025019 
 -0.301431 0.069352 -0.027633 
 -0.296538 0.061825 -0.048185 
 -0.291655 0.054367 -0.068724 
 -0.289847 0.041486 -0.071324 
 -0.286509 0.031368 -0.082883 
 -0.281648 0.024065 -0.103390 
 -0.279847 0.011237 -0.105980 
 -0.278047 -0.001592 -0.108570 
 -0.276247 -0.014421 -0.111160 
 -0.274446 -0.027250 -0.113749 
 -0.272646 -0.040079 -0.116339 
 -0.273873 -0.058674 -0.101060 
 -0.272068 -0.071537 -0.103657 
 -0.271772 -0.087318 -0.097326 
 -0.269964 -0.100199 -0.099926 
 -0.271165 -0.118984 -0.084685 
 -0.272356 -0.137838 -0.069458 
 -0.270538 -0.150787 -0.072072 
 -0.268721 -0.163736 -0.074686 
 -0.266904 -0.176686 -0.077300 
 -0.266579 -0.192674 -0.071011 
 -0.264759 -0.205640 -0.073629 
 -0.262939 -0.218607 -0.076246 
 -0.261120 -0.231573 -0.078864 
 -0.259300 -0.244540 -0.081482 
 -0.260440 -0.263755 -0.066327 
 -0.260093 -0.279898 -0.060070 
 -0.258266 -0.292916 -0.062697 
 -0.259385 -0.312287 -0.047575 
 -0.257553 -0.325339 -0.050210 
 -0.258657 -0.344813 -0.035108 
 -0.258285 -0.361128 -0.028885 
 -0.259372 -0.380722 -0.013807 
 -0.260450 -0.400386 0.001257 
 -0.258601 -0.413559 -0.001403 
 -0.256753 -0.426732 -0.004062 
 -0.257810 -0.446533 0.010974 
 -0.257408 -0.463072 0.017151 
 -0.258449 -0.482993 0.032163 
 -0.256588 -0.496253 0.029487 
 -0.254727 -0.509512 0.026810 
 -0.255749 -0.529571 0.041793 
 -0.253883 -0.542865 0.039110 
 -0.252018 -0.556159 0.036426 
 -0.250152 -0.569452 0.033743 
 -0.249718 -0.586215 0.039876 
 -0.250709 -0.606498 0.054814 
 -0.248836 -0.619844 0.052120 
 -0.246963 -0.633189 0.049426 
 -0.247934 -0.653610 0.064336 
 -0.246056 -0.666990 0.061635 
 -0.247013 -0.687514 0.076526 
 -0.371917 0.199726 0.189170 
 -0.371640 0.183959 0.195504 
 -0.369772 0.170649 0.192817 
 -0.367904 0.157338 0.190130 
 -0.364454 0.146551 0.178435 
 -0.362589 0.133257 0.175752 
 -0.357569 0.125081 0.155068 
 -0.355708 0.111821 0.152391 
 -0.345985 0.111527 0.104749 
 -0.340997 0.103575 0.084109 
 -0.336018 0.095691 0.063485 
 -0.332614 0.085231 0.051857 
 -0.324526 0.082792 0.013297 
 -0.318019 0.077811 -0.016259 
 -0.314641 0.067541 -0.027848 
 -0.309713 0.060019 -0.048400 
 -0.307901 0.047104 -0.051007 
 -0.302987 0.039685 -0.071539 
 -0.301179 0.026805 -0.074139 
 -0.299372 0.013924 -0.076739 
 -0.296021 0.003844 -0.088290 
 -0.291134 -0.003386 -0.108783 
 -0.292411 -0.021883 -0.093484 
 -0.287533 -0.029043 -0.113963 
 -0.288800 -0.047609 -0.098677 
 -0.286995 -0.060472 -0.101274 
 -0.286719 -0.076239 -0.094940 
 -0.284911 -0.089119 -0.097540 
 -0.286152 -0.107875 -0.082293 
 -0.284339 -0.120789 -0.084900 
 -0.285565 -0.139648 -0.069674 
 -0.283748 -0.152597 -0.072288 
 -0.283445 -0.168553 -0.065992 
 -0.280113 -0.178496 -0.077516 
 -0.279806 -0.194486 -0.071227 
 -0.277986 -0.207453 -0.073845 
 -0.276166 -0.220419 -0.076462 
 -0.274347 -0.233386 -0.079080 
 -0.275527 -0.252572 -0.063919 
 -0.273703 -0.265573 -0.066543 
 -0.273373 -0.281718 -0.060286 
 -0.271546 -0.294736 -0.062914 
 -0.272700 -0.314111 -0.047792 
 -0.270868 -0.327164 -0.050427 
 -0.272007 -0.346643 -0.035325 
 -0.271653 -0.362960 -0.029103 
 -0.272775 -0.382559 -0.014026 
 -0.273888 -0.402227 0.001037 
 -0.272039 -0.415401 -0.001622 
 -0.273137 -0.435172 0.013420 
 -0.271284 -0.448379 0.010754 
 -0.273836 -0.471588 0.034619 
 -0.271975 -0.484847 0.031943 
 -0.270114 -0.498106 0.029266 
 -0.271176 -0.518136 0.044256 
 -0.269310 -0.531430 0.041572 
 -0.268901 -0.548143 0.047716 
 -0.267033 -0.561454 0.045028 
 -0.265165 -0.574765 0.042341 
 -0.263297 -0.588076 0.039654 
 -0.264322 -0.608364 0.054592 
 -0.262450 -0.621709 0.051898 
 -0.260577 -0.635055 0.049204 
 -0.261583 -0.655480 0.064114 
 -0.262579 -0.675975 0.079010 
 -0.260697 -0.689389 0.076302 
 -0.385219 0.182099 0.195283 
 -0.389769 0.158819 0.228651 
 -0.387891 0.145439 0.225950 
 -0.382814 0.137113 0.205235 
 -0.377747 0.128855 0.184535 
 -0.374284 0.118105 0.172847 
 -0.369234 0.109968 0.152171 
 -0.364193 0.101899 0.131508 
 -0.360750 0.091287 0.119849 
 -0.355726 0.083339 0.099211 
 -0.350712 0.075460 0.078586 
 -0.344127 0.070315 0.048997 
 -0.342291 0.057228 0.046355 
 -0.327851 0.065731 -0.028064 
 -0.322888 0.058214 -0.048615 
 -0.321075 0.045299 -0.051222 
 -0.319263 0.032384 -0.053829 
 -0.314319 0.025004 -0.074353 
 -0.312511 0.012124 -0.076953 
 -0.309143 0.002045 -0.088504 
 -0.307338 -0.010818 -0.091101 
 -0.305532 -0.023681 -0.093698 
 -0.303727 -0.036544 -0.096294 
 -0.303473 -0.052278 -0.089954 
 -0.301666 -0.065159 -0.092554 
 -0.299858 -0.078039 -0.095154 
 -0.301139 -0.096765 -0.079900 
 -0.299326 -0.109680 -0.082507 
 -0.300592 -0.128509 -0.067275 
 -0.298775 -0.141458 -0.069889 
 -0.298492 -0.157399 -0.063590 
 -0.296672 -0.170366 -0.066208 
 -0.294853 -0.183332 -0.068825 
 -0.293033 -0.196299 -0.071443 
 -0.294263 -0.215386 -0.056262 
 -0.292438 -0.228387 -0.058886 
 -0.290614 -0.241388 -0.061511 
 -0.288790 -0.254389 -0.064135 
 -0.288480 -0.270520 -0.057875 
 -0.286653 -0.283538 -0.060502 
 -0.287847 -0.302884 -0.045374 
 -0.286015 -0.315936 -0.048009 
 -0.284183 -0.328989 -0.050644 
 -0.285357 -0.348472 -0.035543 
 -0.285021 -0.364792 -0.029321 
 -0.286178 -0.384396 -0.014244 
 -0.290317 -0.410603 0.018533 
 -0.288464 -0.423811 0.015867 
 -0.286610 -0.437018 0.013201 
 -0.286245 -0.453545 0.019381 
 -0.287361 -0.473441 0.034399 
 -0.285501 -0.486701 0.031722 
 -0.286602 -0.506701 0.046718 
 -0.284737 -0.519994 0.044035 
 -0.284348 -0.536693 0.050181 
 -0.282480 -0.550004 0.047494 
 -0.280612 -0.563315 0.044807 
 -0.278744 -0.576626 0.042120 
 -0.279809 -0.596884 0.057064 
 -0.277936 -0.610230 0.054370 
 -0.276063 -0.623575 0.051676 
 -0.274191 -0.636920 0.048982 
 -0.275232 -0.657351 0.063891 
 -0.276263 -0.677850 0.078787 
 -0.274381 -0.691265 0.076079 
 -0.403418 0.156949 0.228428 
 -0.401540 0.143569 0.225727 
 -0.396428 0.135247 0.205013 
 -0.389711 0.129540 0.175310 
 -0.387845 0.116247 0.172626 
 -0.382760 0.108114 0.151950 
 -0.377684 0.100051 0.131288 
 -0.374223 0.089441 0.119629 
 -0.369164 0.081498 0.098992 
 -0.364115 0.073624 0.078368 
 -0.357478 0.068485 0.048779 
 -0.347664 0.068818 0.001261 
 -0.342654 0.061219 -0.019307 
 -0.339243 0.050971 -0.030893 
 -0.334250 0.043493 -0.051437 
 -0.332437 0.030578 -0.054044 
 -0.330625 0.017663 -0.056651 
 -0.328813 0.004748 -0.059258 
 -0.327000 -0.008166 -0.061865 
 -0.322036 -0.015438 -0.082368 
 -0.323375 -0.033996 -0.067079 
 -0.321563 -0.046911 -0.069687 
 -0.319751 -0.059826 -0.072294 
 -0.317938 -0.072741 -0.074901 
 -0.319254 -0.091471 -0.059648 
 -0.317436 -0.104421 -0.062262 
 -0.315619 -0.117370 -0.064876 
 -0.313802 -0.130319 -0.067490 
 -0.311985 -0.143269 -0.070104 
 -0.311719 -0.159212 -0.063806 
 -0.309900 -0.172179 -0.066423 
 -0.308080 -0.185145 -0.069041 
 -0.306261 -0.198112 -0.071658 
 -0.307525 -0.217204 -0.056478 
 -0.305701 -0.230205 -0.059102 
 -0.303876 -0.243206 -0.061727 
 -0.303587 -0.259321 -0.055463 
 -0.301760 -0.272340 -0.058091 
 -0.299933 -0.285358 -0.060719 
 -0.301162 -0.304708 -0.045591 
 -0.299330 -0.317761 -0.048226 
 -0.297498 -0.330814 -0.050861 
 -0.298707 -0.350302 -0.035761 
 -0.298389 -0.366624 -0.029538 
 -0.299581 -0.386233 -0.014463 
 -0.303791 -0.412449 0.018313 
 -0.301937 -0.425657 0.015647 
 -0.300084 -0.438865 0.012981 
 -0.299736 -0.455393 0.019161 
 -0.300887 -0.475295 0.034178 
 -0.299027 -0.488554 0.031502 
 -0.300163 -0.508559 0.046497 
 -0.299794 -0.525243 0.052647 
 -0.303902 -0.552183 0.085277 
 -0.302024 -0.565562 0.082576 
 -0.297168 -0.572059 0.062230 
 -0.295296 -0.585404 0.059536 
 -0.293423 -0.598750 0.056842 
 -0.291550 -0.612095 0.054148 
 -0.289677 -0.625441 0.051454 
 -0.290758 -0.645841 0.066370 
 -0.288881 -0.659221 0.063669 
 -0.289947 -0.679726 0.078564 
 -0.417066 0.155078 0.228206 
 -0.415189 0.141698 0.225505 
 -0.410042 0.133381 0.204791 
 -0.403272 0.127682 0.175089 
 -0.401406 0.114388 0.172405 
 -0.393031 0.111427 0.133738 
 -0.389550 0.100802 0.122076 
 -0.387696 0.087594 0.119410 
 -0.382602 0.079656 0.098773 
 -0.377518 0.071787 0.078149 
 -0.372444 0.063986 0.057540 
 -0.365766 0.058941 0.027970 
 -0.355881 0.059407 -0.019523 
 -0.352453 0.049161 -0.031109 
 -0.350636 0.036212 -0.033723 
 -0.348819 0.023262 -0.036337 
 -0.347001 0.010313 -0.038951 
 -0.341987 0.002943 -0.059473 
 -0.340175 -0.009972 -0.062080 
 -0.338362 -0.022887 -0.064687 
 -0.336550 -0.035802 -0.067294 
 -0.334738 -0.048717 -0.069901 
 -0.336098 -0.067383 -0.054635 
 -0.334281 -0.080332 -0.057249 
 -0.332464 -0.093282 -0.059863 
 -0.330646 -0.106231 -0.062477 
 -0.328829 -0.119180 -0.065091 
 -0.328586 -0.135092 -0.058786 
 -0.326766 -0.148058 -0.061404 
 -0.324947 -0.161025 -0.064021 
 -0.326261 -0.180019 -0.048821 
 -0.324437 -0.193019 -0.051445 
 -0.322612 -0.206020 -0.054070 
 -0.322348 -0.222087 -0.047796 
 -0.320521 -0.235105 -0.050424 
 -0.318694 -0.248123 -0.053052 
 -0.316867 -0.261141 -0.055680 
 -0.318140 -0.280428 -0.040538 
 -0.316309 -0.293480 -0.043173 
 -0.314477 -0.306533 -0.045808 
 -0.315731 -0.325957 -0.030694 
 -0.313894 -0.339044 -0.033336 
 -0.313596 -0.355352 -0.027111 
 -0.314828 -0.374931 -0.012029 
 -0.316051 -0.394579 0.003040 
 -0.314202 -0.407752 0.000380 
 -0.315410 -0.427503 0.015427 
 -0.313557 -0.440711 0.012761 
 -0.313227 -0.457242 0.018941 
 -0.314413 -0.477149 0.033958 
 -0.312553 -0.490408 0.031281 
 -0.313724 -0.510418 0.046276 
 -0.313373 -0.527104 0.052426 
 -0.314528 -0.547234 0.067396 
 -0.315673 -0.567433 0.082353 
 -0.313795 -0.580813 0.079652 
 -0.308909 -0.587270 0.059314 
 -0.307037 -0.600616 0.056620 
 -0.308162 -0.620952 0.071549 
 -0.306285 -0.634332 0.068848 
 -0.304407 -0.647712 0.066147 
 -0.305514 -0.668187 0.081049 
 -0.305121 -0.685165 0.087139 
 -0.423655 0.131516 0.204569 
 -0.416833 0.125823 0.174867 
 -0.411672 0.117666 0.154186 
 -0.406522 0.109578 0.133518 
 -0.403023 0.098956 0.121856 
 -0.401170 0.085748 0.119190 
 -0.396040 0.077815 0.098554 
 -0.390921 0.069950 0.077931 
 -0.385811 0.062154 0.057322 
 -0.382342 0.051739 0.045702 
 -0.372365 0.052182 -0.001796 
 -0.370540 0.039181 -0.004420 
 -0.365469 0.031661 -0.024974 
 -0.362028 0.021452 -0.036552 
 -0.360211 0.008503 -0.039166 
 -0.358394 -0.004447 -0.041780 
 -0.356577 -0.017396 -0.044394 
 -0.351537 -0.024692 -0.064902 
 -0.349725 -0.037607 -0.067509 
 -0.351125 -0.056244 -0.052236 
 -0.349308 -0.069193 -0.054850 
 -0.347490 -0.082143 -0.057465 
 -0.345673 -0.095092 -0.060079 
 -0.343856 -0.108041 -0.062693 
 -0.342039 -0.120991 -0.065307 
 -0.341813 -0.136904 -0.059002 
 -0.339994 -0.149871 -0.061619 
 -0.341348 -0.168835 -0.046412 
 -0.339524 -0.181836 -0.049037 
 -0.339281 -0.197870 -0.042756 
 -0.337454 -0.210888 -0.045384 
 -0.335628 -0.223907 -0.048012 
 -0.333801 -0.236925 -0.050640 
 -0.335119 -0.256147 -0.035486 
 -0.333287 -0.269200 -0.038121 
 -0.331456 -0.282253 -0.040755 
 -0.332754 -0.301613 -0.025628 
 -0.332481 -0.317871 -0.019393 
 -0.333763 -0.337351 -0.004291 
 -0.331919 -0.350490 -0.006943 
 -0.330075 -0.363629 -0.009595 
 -0.331338 -0.383247 0.005480 
 -0.329489 -0.396421 0.002820 
 -0.330737 -0.416142 0.017874 
 -0.330430 -0.432641 0.024061 
 -0.331661 -0.452484 0.039091 
 -0.329800 -0.465743 0.036414 
 -0.331017 -0.485689 0.051422 
 -0.329151 -0.498982 0.048739 
 -0.328819 -0.515654 0.054891 
 -0.326951 -0.528965 0.052204 
 -0.328142 -0.549100 0.067174 
 -0.326269 -0.562445 0.064480 
 -0.324396 -0.575790 0.061786 
 -0.322523 -0.589136 0.059092 
 -0.323689 -0.609443 0.074028 
 -0.321811 -0.622823 0.071327 
 -0.319934 -0.636203 0.068626 
 -0.321080 -0.656648 0.083534 
 -0.320708 -0.673612 0.089627 
 -0.318823 -0.687043 0.086915 
 -0.430394 0.123965 0.174646 
 -0.425198 0.115812 0.153966 
 -0.420012 0.107729 0.133298 
 -0.418157 0.094504 0.130628 
 -0.414643 0.083902 0.118970 
 -0.409479 0.075973 0.098335 
 -0.404324 0.068113 0.077712 
 -0.402480 0.054975 0.075060 
 -0.397340 0.047218 0.054459 
 -0.387273 0.047656 0.006959 
 -0.385446 0.034638 0.004331 
 -0.381978 0.024362 -0.007261 
 -0.376877 0.016882 -0.027807 
 -0.375057 0.003915 -0.030424 
 -0.371604 -0.006257 -0.041996 
 -0.369786 -0.019206 -0.044610 
 -0.367969 -0.032156 -0.047224 
 -0.366152 -0.045105 -0.049838 
 -0.364335 -0.058054 -0.052452 
 -0.362518 -0.071004 -0.055066 
 -0.360700 -0.083953 -0.057680 
 -0.358883 -0.096902 -0.060294 
 -0.357066 -0.109852 -0.062908 
 -0.355249 -0.122801 -0.065522 
 -0.353431 -0.135750 -0.068136 
 -0.353221 -0.151684 -0.061835 
 -0.354611 -0.170653 -0.046628 
 -0.354388 -0.186672 -0.040345 
 -0.352561 -0.199690 -0.042973 
 -0.350734 -0.212708 -0.045601 
 -0.352098 -0.231867 -0.030433 
 -0.350266 -0.244919 -0.033068 
 -0.348434 -0.257972 -0.035703 
 -0.346602 -0.271025 -0.038338 
 -0.347941 -0.290355 -0.023204 
 -0.347688 -0.306598 -0.016965 
 -0.345849 -0.319703 -0.019611 
 -0.347166 -0.339188 -0.004509 
 -0.345322 -0.352327 -0.007161 
 -0.346624 -0.371916 0.007920 
 -0.347917 -0.391573 0.022987 
 -0.346064 -0.404781 0.020321 
 -0.345776 -0.421265 0.026511 
 -0.343920 -0.434490 0.023841 
 -0.345187 -0.454337 0.038870 
 -0.346443 -0.474253 0.053885 
 -0.346134 -0.490893 0.060044 
 -0.344266 -0.504204 0.057357 
 -0.348604 -0.531034 0.090011 
 -0.346726 -0.544414 0.087310 
 -0.344849 -0.557794 0.084609 
 -0.342971 -0.571174 0.081908 
 -0.341093 -0.584554 0.079207 
 -0.339216 -0.597934 0.076506 
 -0.340412 -0.618280 0.091435 
 -0.338529 -0.631694 0.088727 
 -0.336647 -0.645109 0.086019 
 -0.336294 -0.662058 0.092115 
 -0.337464 -0.682594 0.107005 
 -0.443955 0.122106 0.174425 
 -0.438724 0.113959 0.153745 
 -0.433503 0.105880 0.133078 
 -0.429970 0.095263 0.121417 
 -0.428116 0.082055 0.118751 
 -0.422917 0.074131 0.098116 
 -0.421068 0.060958 0.095456 
 -0.415883 0.053138 0.074841 
 -0.410708 0.045386 0.054241 
 -0.403879 0.040414 0.024684 
 -0.398726 0.032818 0.004114 
 -0.395240 0.022545 -0.007477 
 -0.390104 0.015069 -0.028023 
 -0.388284 0.002102 -0.030640 
 -0.384813 -0.008067 -0.042211 
 -0.382996 -0.021017 -0.044825 
 -0.381179 -0.033966 -0.047439 
 -0.379362 -0.046915 -0.050053 
 -0.377544 -0.059865 -0.052667 
 -0.375727 -0.072814 -0.055281 
 -0.373910 -0.085763 -0.057895 
 -0.372093 -0.098713 -0.060509 
 -0.370275 -0.111662 -0.063123 
 -0.368458 -0.124611 -0.065737 
 -0.366641 -0.137561 -0.068352 
 -0.366448 -0.153496 -0.062051 
 -0.367873 -0.172470 -0.046845 
 -0.367668 -0.188492 -0.040561 
 -0.365841 -0.201510 -0.043189 
 -0.364015 -0.214528 -0.045817 
 -0.365413 -0.233691 -0.030650 
 -0.363581 -0.246744 -0.033285 
 -0.361749 -0.259797 -0.035920 
 -0.363128 -0.279098 -0.020780 
 -0.361292 -0.292185 -0.023422 
 -0.364256 -0.314747 0.000577 
 -0.362412 -0.327886 -0.002075 
 -0.360569 -0.341025 -0.004728 
 -0.361911 -0.360584 0.010360 
 -0.360062 -0.373757 0.007701 
 -0.361391 -0.393420 0.022767 
 -0.359537 -0.406627 0.020101 
 -0.359267 -0.423114 0.026291 
 -0.357411 -0.436339 0.023621 
 -0.361870 -0.462818 0.056347 
 -0.360004 -0.476112 0.053664 
 -0.359713 -0.492754 0.059823 
 -0.367273 -0.526256 0.110167 
 -0.362253 -0.532905 0.089789 
 -0.360375 -0.546285 0.087088 
 -0.361626 -0.566498 0.102043 
 -0.359743 -0.579913 0.099335 
 -0.357861 -0.593327 0.096627 
 -0.355978 -0.606741 0.093919 
 -0.354096 -0.620155 0.091212 
 -0.353765 -0.637073 0.097314 
 -0.351881 -0.650504 0.094603 
 -0.353090 -0.671010 0.109499 
 -0.452250 0.112105 0.153525 
 -0.453785 0.093660 0.168837 
 -0.443443 0.093416 0.121197 
 -0.441589 0.080209 0.118531 
 -0.439736 0.067001 0.115865 
 -0.434506 0.059116 0.095237 
 -0.432657 0.045943 0.092578 
 -0.427442 0.038162 0.071971 
 -0.417194 0.038590 0.024466 
 -0.415363 0.025537 0.021832 
 -0.410179 0.017980 0.001270 
 -0.406678 0.007726 -0.010318 
 -0.404854 -0.005275 -0.012942 
 -0.399692 -0.012677 -0.033473 
 -0.397872 -0.025644 -0.036091 
 -0.394389 -0.035776 -0.047654 
 -0.392571 -0.048726 -0.050268 
 -0.390754 -0.061675 -0.052882 
 -0.388937 -0.074624 -0.055497 
 -0.387120 -0.087574 -0.058111 
 -0.385303 -0.100523 -0.060725 
 -0.383485 -0.113472 -0.063339 
 -0.381668 -0.126422 -0.065953 
 -0.381495 -0.142343 -0.059649 
 -0.379676 -0.155309 -0.062266 
 -0.381135 -0.174288 -0.047061 
 -0.380948 -0.190312 -0.040778 
 -0.382391 -0.209411 -0.025597 
 -0.380560 -0.222464 -0.028232 
 -0.378728 -0.235516 -0.030867 
 -0.380151 -0.254753 -0.015714 
 -0.378315 -0.267840 -0.018356 
 -0.378101 -0.284054 -0.012111 
 -0.379503 -0.303445 0.003011 
 -0.377659 -0.316584 0.000358 
 -0.379047 -0.336079 0.015460 
 -0.377198 -0.349253 0.012800 
 -0.375349 -0.362426 0.010141 
 -0.373501 -0.375599 0.007482 
 -0.374864 -0.395266 0.022548 
 -0.373010 -0.408474 0.019881 
 -0.372758 -0.424963 0.026071 
 -0.374099 -0.444785 0.041106 
 -0.375431 -0.464676 0.056126 
 -0.373566 -0.477970 0.053443 
 -0.379657 -0.508016 0.094968 
 -0.380957 -0.528131 0.109944 
 -0.375902 -0.534775 0.089566 
 -0.377192 -0.554959 0.104528 
 -0.375310 -0.568374 0.101820 
 -0.373427 -0.581788 0.099112 
 -0.373122 -0.598656 0.105225 
 -0.371237 -0.612087 0.102514 
 -0.369352 -0.625519 0.099802 
 -0.370606 -0.645961 0.114712 
 -0.368717 -0.659427 0.111994 
 -0.369957 -0.679973 0.126882 
 -0.460485 0.102182 0.132638 
 -0.458629 0.088958 0.129969 
 -0.456773 0.075733 0.127299 
 -0.453209 0.065155 0.115645 
 -0.447944 0.057275 0.095018 
 -0.446096 0.044102 0.092359 
 -0.440845 0.036325 0.071752 
 -0.433906 0.031334 0.042190 
 -0.428678 0.023712 0.021614 
 -0.423459 0.016160 0.001053 
 -0.421632 0.003141 -0.001575 
 -0.418116 -0.007092 -0.013159 
 -0.416292 -0.020093 -0.015783 
 -0.414467 -0.033094 -0.018408 
 -0.409280 -0.040423 -0.038924 
 -0.407460 -0.053389 -0.041542 
 -0.405641 -0.066356 -0.044159 
 -0.403821 -0.079322 -0.046777 
 -0.400329 -0.089384 -0.058326 
 -0.398512 -0.102333 -0.060940 
 -0.396695 -0.115283 -0.063554 
 -0.394878 -0.128232 -0.066168 
 -0.394723 -0.144155 -0.059864 
 -0.392903 -0.157122 -0.062482 
 -0.396055 -0.179114 -0.038366 
 -0.394228 -0.192132 -0.040994 
 -0.395706 -0.211236 -0.025814 
 -0.397175 -0.230408 -0.010648 
 -0.395338 -0.243495 -0.013290 
 -0.393502 -0.256583 -0.015931 
 -0.393308 -0.272781 -0.009683 
 -0.394750 -0.292144 0.005445 
 -0.392906 -0.305282 0.002792 
 -0.391062 -0.318421 0.000140 
 -0.392485 -0.337921 0.015241 
 -0.390636 -0.351094 0.012581 
 -0.388787 -0.364267 0.009922 
 -0.386939 -0.377441 0.007263 
 -0.388337 -0.397113 0.022328 
 -0.386484 -0.410320 0.019662 
 -0.384630 -0.423528 0.016995 
 -0.384393 -0.440037 0.023181 
 -0.397061 -0.483127 0.100147 
 -0.395184 -0.496506 0.097446 
 -0.396524 -0.516592 0.112429 
 -0.394641 -0.530006 0.109721 
 -0.392759 -0.543420 0.107013 
 -0.390876 -0.556835 0.104305 
 -0.388994 -0.570249 0.101597 
 -0.388708 -0.587102 0.107713 
 -0.390012 -0.607446 0.122643 
 -0.384939 -0.613965 0.102290 
 -0.383054 -0.627397 0.099579 
 -0.387518 -0.654859 0.132109 
 -0.385623 -0.668360 0.129383 
 -0.473976 0.100334 0.132418 
 -0.472120 0.087109 0.129749 
 -0.468536 0.076516 0.118092 
 -0.466682 0.063308 0.115426 
 -0.461382 0.055433 0.094799 
 -0.459534 0.042260 0.092140 
 -0.454248 0.034489 0.071534 
 -0.448973 0.026786 0.050942 
 -0.441993 0.021887 0.021397 
 -0.440161 0.008835 0.018762 
 -0.434912 0.001322 -0.001791 
 -0.433085 -0.011697 -0.004419 
 -0.429554 -0.021911 -0.015999 
 -0.427730 -0.034912 -0.018624 
 -0.425905 -0.047913 -0.021248 
 -0.420688 -0.055202 -0.041757 
 -0.418868 -0.068169 -0.044375 
 -0.417048 -0.081135 -0.046992 
 -0.415229 -0.094102 -0.049610 
 -0.411722 -0.104144 -0.061155 
 -0.409905 -0.117093 -0.063769 
 -0.409770 -0.133001 -0.057462 
 -0.407950 -0.145968 -0.060080 
 -0.409485 -0.164922 -0.044869 
 -0.412685 -0.186955 -0.020761 
 -0.414198 -0.206064 -0.005582 
 -0.412362 -0.219151 -0.008223 
 -0.410525 -0.232238 -0.010865 
 -0.410354 -0.248405 -0.004610 
 -0.408515 -0.261509 -0.007256 
 -0.406676 -0.274613 -0.009901 
 -0.408153 -0.293980 0.005226 
 -0.409620 -0.313416 0.020340 
 -0.407771 -0.326589 0.017681 
 -0.405923 -0.339763 0.015021 
 -0.407371 -0.359336 0.030107 
 -0.405517 -0.372544 0.027441 
 -0.403664 -0.385751 0.024774 
 -0.401810 -0.398959 0.022108 
 -0.399957 -0.412167 0.019442 
 -0.406284 -0.441806 0.061051 
 -0.409320 -0.465010 0.084923 
 -0.410710 -0.484997 0.099925 
 -0.408832 -0.498377 0.097224 
 -0.410208 -0.518467 0.112206 
 -0.409950 -0.535254 0.118335 
 -0.406443 -0.545296 0.106790 
 -0.404560 -0.558710 0.104082 
 -0.404295 -0.575548 0.110201 
 -0.402410 -0.588980 0.107490 
 -0.400525 -0.602411 0.104778 
 -0.401859 -0.622794 0.119701 
 -0.403184 -0.643246 0.134609 
 -0.407709 -0.670787 0.167124 
 -0.482009 0.074669 0.117872 
 -0.480156 0.061462 0.115206 
 -0.474820 0.053592 0.094580 
 -0.472972 0.040418 0.091921 
 -0.471123 0.027245 0.089262 
 -0.465807 0.019513 0.068663 
 -0.460501 0.011850 0.048079 
 -0.456934 0.001500 0.036471 
 -0.455097 -0.011587 0.033829 
 -0.449813 -0.019095 0.013276 
 -0.444538 -0.026535 -0.007263 
 -0.442711 -0.039553 -0.009891 
 -0.439168 -0.049730 -0.021465 
 -0.433915 -0.057015 -0.041973 
 -0.432095 -0.069981 -0.044590 
 -0.430276 -0.082948 -0.047208 
 -0.428456 -0.095914 -0.049825 
 -0.426636 -0.108881 -0.052443 
 -0.424817 -0.121848 -0.055061 
 -0.422997 -0.134814 -0.057678 
 -0.424572 -0.153738 -0.042461 
 -0.422747 -0.166739 -0.045085 
 -0.426000 -0.188780 -0.020978 
 -0.424168 -0.201832 -0.023613 
 -0.425712 -0.220980 -0.008441 
 -0.423875 -0.234068 -0.011083 
 -0.423722 -0.250237 -0.004828 
 -0.425243 -0.269540 0.010312 
 -0.423400 -0.282678 0.007660 
 -0.421556 -0.295817 0.005008 
 -0.423058 -0.315258 0.020121 
 -0.421210 -0.328431 0.017462 
 -0.419361 -0.341604 0.014802 
 -0.420844 -0.361183 0.029887 
 -0.420654 -0.377610 0.036090 
 -0.422120 -0.397309 0.051151 
 -0.420259 -0.410568 0.048474 
 -0.421711 -0.430371 0.063514 
 -0.421499 -0.446953 0.069686 
 -0.422934 -0.466876 0.084701 
 -0.424359 -0.486868 0.099702 
 -0.425774 -0.506928 0.114691 
 -0.425536 -0.523700 0.120823 
 -0.423651 -0.537132 0.118112 
 -0.421766 -0.550563 0.115401 
 -0.419881 -0.563995 0.112689 
 -0.421265 -0.584279 0.127632 
 -0.419376 -0.597745 0.124914 
 -0.417486 -0.611211 0.122195 
 -0.418851 -0.631633 0.137110 
 -0.425080 -0.662610 0.178450 
 -0.486410 0.038577 0.091702 
 -0.484561 0.025404 0.089043 
 -0.479211 0.017676 0.068444 
 -0.473869 0.010018 0.047861 
 -0.466791 0.005185 0.018328 
 -0.464960 -0.007867 0.015693 
 -0.463128 -0.020920 0.013059 
 -0.461296 -0.033973 0.010424 
 -0.459464 -0.047025 0.007789 
 -0.457633 -0.060078 0.005154 
 -0.455801 -0.073131 0.002519 
 -0.450511 -0.080428 -0.017992 
 -0.448684 -0.093446 -0.020620 
 -0.445132 -0.103552 -0.032179 
 -0.445030 -0.119482 -0.025876 
 -0.443203 -0.132501 -0.028504 
 -0.444811 -0.151447 -0.013291 
 -0.439549 -0.158537 -0.033760 
 -0.441147 -0.177552 -0.018561 
 -0.439315 -0.190605 -0.021196 
 -0.442606 -0.212756 0.002890 
 -0.444178 -0.231960 0.018051 
 -0.442334 -0.245099 0.015398 
 -0.437089 -0.252069 -0.005046 
 -0.438646 -0.271376 0.010094 
 -0.436803 -0.284515 0.007441 
 -0.434959 -0.297654 0.004789 
 -0.436496 -0.317099 0.019902 
 -0.434648 -0.330273 0.017243 
 -0.436171 -0.349821 0.032334 
 -0.434317 -0.363029 0.029668 
 -0.437507 -0.385903 0.053607 
 -0.435646 -0.399163 0.050930 
 -0.438814 -0.422192 0.074838 
 -0.436946 -0.435503 0.072151 
 -0.438420 -0.455396 0.087173 
 -0.439886 -0.475358 0.102181 
 -0.441341 -0.495389 0.117175 
 -0.439459 -0.508804 0.114467 
 -0.439238 -0.525578 0.120600 
 -0.437353 -0.539009 0.117889 
 -0.435468 -0.552441 0.115177 
 -0.436892 -0.572696 0.130127 
 -0.435002 -0.586162 0.127408 
 -0.436412 -0.606520 0.142336 
 -0.434517 -0.620020 0.139611 
 -0.432622 -0.633520 0.136886 
 -0.438940 -0.664510 0.178224 
 -0.478275 -0.009692 0.015476 
 -0.476443 -0.022745 0.012841 
 -0.474611 -0.035797 0.010207 
 -0.472780 -0.048850 0.007572 
 -0.470948 -0.061903 0.004937 
 -0.469116 -0.074955 0.002302 
 -0.467284 -0.088008 -0.000333 
 -0.461964 -0.095266 -0.020836 
 -0.463621 -0.114113 -0.005603 
 -0.461789 -0.127166 -0.008238 
 -0.459957 -0.140219 -0.010873 
 -0.461595 -0.159204 0.004333 
 -0.459759 -0.172291 0.001691 
 -0.457922 -0.185378 -0.000951 
 -0.457813 -0.201483 0.005317 
 -0.459425 -0.220658 0.020484 
 -0.461026 -0.239902 0.035638 
 -0.459178 -0.253075 0.032979 
 -0.457329 -0.266248 0.030320 
 -0.455480 -0.279421 0.027661 
 -0.453632 -0.292595 0.025001 
 -0.451783 -0.305768 0.022342 
 -0.453351 -0.325253 0.037447 
 -0.451498 -0.338460 0.034780 
 -0.451347 -0.354858 0.040989 
 -0.452893 -0.374498 0.056063 
 -0.451033 -0.387757 0.053386 
 -0.464437 -0.430193 0.130492 
 -0.462555 -0.443607 0.127784 
 -0.450525 -0.437364 0.071930 
 -0.452034 -0.457262 0.086951 
 -0.453534 -0.477229 0.101958 
 -0.455025 -0.497265 0.116952 
 -0.453142 -0.510679 0.114244 
 -0.448739 -0.588044 0.127184 
 -0.450183 -0.608407 0.142112 
 -0.448289 -0.621907 0.139386 
 -0.446394 -0.635408 0.136661 
 -0.486095 -0.050675 0.007355 
 -0.484263 -0.063728 0.004720 
 -0.485965 -0.082511 0.019967 
 -0.484129 -0.095598 0.017325 
 -0.482292 -0.108685 0.014683 
 -0.480455 -0.121772 0.012041 
 -0.475104 -0.128991 -0.008455 
 -0.473273 -0.142043 -0.011090 
 -0.471273 -0.187208 -0.001168 
 -0.471181 -0.203315 0.005099 
 -0.472828 -0.222495 0.020266 
 -0.478121 -0.432069 0.130269 
 -0.476239 -0.445483 0.127561 
 