0.897295 -0.171816 -0.087693 
 0.894880 -0.153635 -0.087238 
 0.899949 -0.134553 -0.063045 
 0.890051 -0.117273 -0.086330 
 0.887636 -0.099092 -0.085876 
 0.881949 -0.192453 -0.084261 
 0.879534 -0.174272 -0.083807 
 0.877119 -0.156091 -0.083353 
 0.882143 -0.137015 -0.059149 
 0.872290 -0.119729 -0.082444 
 0.869875 -0.101548 -0.081990 
 0.864188 -0.194909 -0.080375 
 0.861773 -0.176728 -0.079921 
 0.859358 -0.158547 -0.079467 
 0.856944 -0.140366 -0.079012 
 0.854529 -0.122185 -0.078558 
 0.852114 -0.104004 -0.078104 
 0.849699 -0.085824 -0.077650 
 0.846427 -0.197365 -0.076489 
 0.844012 -0.179184 -0.076035 
 0.841597 -0.161003 -0.075581 
 0.839183 -0.142822 -0.075127 
 0.836768 -0.124641 -0.074672 
 0.834353 -0.106460 -0.074218 
 0.839267 -0.087257 -0.049991 
 0.836846 -0.069029 -0.049536 
 0.838407 -0.217313 -0.049283 
 0.835986 -0.199085 -0.048827 
 0.826251 -0.181640 -0.072149 
 0.831144 -0.162630 -0.047917 
 0.828723 -0.144402 -0.047461 
 0.826302 -0.126175 -0.047006 
 0.823881 -0.107947 -0.046551 
 0.821460 -0.089719 -0.046095 
 0.819039 -0.071491 -0.045640 
 0.816618 -0.053264 -0.045185 
 0.820600 -0.219775 -0.045387 
 0.818179 -0.201548 -0.044931 
 0.815758 -0.183320 -0.044476 
 0.813337 -0.165092 -0.044021 
 0.810916 -0.146865 -0.043565 
 0.808495 -0.128637 -0.043110 
 0.806074 -0.110409 -0.042655 
 0.803653 -0.092182 -0.042199 
 0.801232 -0.073954 -0.041744 
 0.802424 -0.055174 -0.029391 
 0.799999 -0.036923 -0.028936 
 0.797575 -0.018672 -0.028480 
 0.793144 -0.204733 -0.064831 
 0.797952 -0.185782 -0.040580 
 0.795531 -0.167555 -0.040125 
 0.793110 -0.149327 -0.039669 
 0.790689 -0.131099 -0.039214 
 0.788268 -0.112872 -0.038759 
 0.785847 -0.094644 -0.038303 
 0.783426 -0.076416 -0.037848 
 0.781005 -0.058189 -0.037393 
 0.782170 -0.039389 -0.025035 
 0.779746 -0.021138 -0.024579 
 0.782566 -0.206472 -0.037139 
 0.780145 -0.188245 -0.036684 
 0.777724 -0.170017 -0.036229 
 0.775303 -0.151789 -0.035774 
 0.772882 -0.133562 -0.035318 
 0.770461 -0.115334 -0.034863 
 0.768040 -0.097106 -0.034408 
 0.765619 -0.078879 -0.033952 
 0.766765 -0.060105 -0.021590 
 0.764340 -0.041854 -0.021134 
 0.761916 -0.023603 -0.020678 
 0.764759 -0.208935 -0.033244 
 0.762338 -0.190707 -0.032788 
 0.759917 -0.172479 -0.032333 
 0.757496 -0.154252 -0.031878 
 0.755075 -0.136024 -0.031422 
 0.752655 -0.117796 -0.030967 
 0.750234 -0.099569 -0.030512 
 0.747813 -0.081341 -0.030056 
 0.745392 -0.063113 -0.029601 
 0.742971 -0.044886 -0.029146 
 0.740550 -0.026658 -0.028690 
 0.750498 -0.211045 -0.017435 
 0.744532 -0.193169 -0.028892 
 0.742111 -0.174942 -0.028437 
 0.739690 -0.156714 -0.027982 
 0.737269 -0.138486 -0.027526 
 0.734848 -0.120259 -0.027071 
 0.732427 -0.102031 -0.026616 
 0.730006 -0.083803 -0.026160 
 0.727585 -0.065576 -0.025705 
 0.728681 -0.046785 -0.013332 
 0.733286 -0.027362 0.010962 
 0.730856 -0.009064 0.011419 
 0.732669 -0.213511 -0.013534 
 0.730245 -0.195259 -0.013078 
 0.724304 -0.177404 -0.024541 
 0.721883 -0.159176 -0.024086 
 0.719462 -0.140949 -0.023630 
 0.717041 -0.122721 -0.023175 
 0.714620 -0.104493 -0.022720 
 0.712199 -0.086266 -0.022264 
 0.709778 -0.068038 -0.021809 
 0.707357 -0.049810 -0.021354 
 0.708428 -0.031000 -0.008975 
 0.706004 -0.012749 -0.008519 
 0.714839 -0.215976 -0.009633 
 0.712415 -0.197725 -0.009177 
 0.706498 -0.179866 -0.020645 
 0.704077 -0.161639 -0.020190 
 0.701656 -0.143411 -0.019734 
 0.699235 -0.125183 -0.019279 
 0.696814 -0.106956 -0.018824 
 0.694393 -0.088728 -0.018369 
 0.691972 -0.070500 -0.017913 
 0.689551 -0.052273 -0.017458 
 0.697536 -0.032306 0.018783 
 0.695106 -0.014008 0.019241 
 0.697010 -0.218442 -0.005732 
 0.691112 -0.200556 -0.017205 
 0.688691 -0.182329 -0.016749 
 0.686270 -0.164101 -0.016294 
 0.683849 -0.145873 -0.015839 
 0.681428 -0.127646 -0.015383 
 0.679007 -0.109418 -0.014928 
 0.676586 -0.091190 -0.014473 
 0.674165 -0.072963 -0.014017 
 0.671744 -0.054735 -0.013562 
 0.672769 -0.035931 -0.001173 
 0.670345 -0.017680 -0.000717 
 0.667921 0.000571 -0.000261 
 0.675726 -0.221246 -0.013764 
 0.673305 -0.203019 -0.013309 
 0.670884 -0.184791 -0.012853 
 0.668463 -0.166563 -0.012398 
 0.666042 -0.148336 -0.011943 
 0.663621 -0.130108 -0.011487 
 0.661200 -0.111880 -0.011032 
 0.658779 -0.093653 -0.010577 
 0.656358 -0.075425 -0.010121 
 0.653938 -0.057197 -0.009666 
 0.654940 -0.038396 0.002728 
 0.649096 -0.020742 -0.008755 
 0.646675 -0.002514 -0.008300 
 0.677512 -0.240372 0.049363 
 0.668213 -0.222700 0.025946 
 0.665783 -0.204402 0.026403 
 0.653078 -0.187253 -0.008957 
 0.650657 -0.169026 -0.008502 
 0.648236 -0.150798 -0.008047 
 0.645815 -0.132570 -0.007591 
 0.643394 -0.114343 -0.007136 
 0.640973 -0.096115 -0.006681 
 0.638552 -0.077887 -0.006225 
 0.636131 -0.059660 -0.005770 
 0.633710 -0.041432 -0.005315 
 0.631289 -0.023204 -0.004859 
 0.628868 -0.004977 -0.004404 
 0.659591 -0.242851 0.053283 
 0.650338 -0.225172 0.029856 
 0.647908 -0.206874 0.030314 
 0.638673 -0.189336 0.006882 
 0.636249 -0.171085 0.007338 
 0.630429 -0.153260 -0.004151 
 0.628008 -0.135033 -0.003695 
 0.625587 -0.116805 -0.003240 
 0.626553 -0.098081 0.009162 
 0.624129 -0.079829 0.009618 
 0.621705 -0.061578 0.010074 
 0.615903 -0.043894 -0.001419 
 0.613482 -0.025667 -0.000964 
 0.611061 -0.007439 -0.000508 
 0.641670 -0.245329 0.057204 
 0.632463 -0.227644 0.033767 
 0.630033 -0.209346 0.034224 
 0.627602 -0.191048 0.034682 
 0.618420 -0.173550 0.011239 
 0.612623 -0.155723 -0.000255 
 0.610202 -0.137495 0.000200 
 0.607781 -0.119267 0.000656 
 0.605360 -0.101040 0.001111 
 0.602939 -0.082812 0.001566 
 0.600518 -0.064584 0.002022 
 0.591388 -0.047484 -0.021431 
 0.588973 -0.029304 -0.020976 
 0.623749 -0.247807 0.061125 
 0.621313 -0.229462 0.061584 
 0.618876 -0.211118 0.062042 
 0.609727 -0.193520 0.038592 
 0.607297 -0.175222 0.039050 
 0.598166 -0.157765 0.015596 
 0.595742 -0.139514 0.016052 
 0.589974 -0.121730 0.004552 
 0.590894 -0.103012 0.016964 
 0.588470 -0.084760 0.017420 
 0.582711 -0.067047 0.005918 
 0.573627 -0.049941 -0.017545 
 0.571212 -0.031760 -0.017090 
 0.605829 -0.250285 0.065046 
 0.603392 -0.231940 0.065504 
 0.600956 -0.213596 0.065963 
 0.591852 -0.195992 0.042503 
 0.589422 -0.177694 0.042960 
 0.586991 -0.159396 0.043418 
 0.577913 -0.141979 0.019953 
 0.575488 -0.123728 0.020409 
 0.573064 -0.105477 0.020865 
 0.570640 -0.087226 0.021321 
 0.564904 -0.069509 0.009814 
 0.562484 -0.051281 0.010269 
 0.553451 -0.034216 -0.013205 
 0.603637 -0.270013 0.116355 
 0.594548 -0.252169 0.092891 
 0.585471 -0.234419 0.069425 
 0.583035 -0.216074 0.069884 
 0.580598 -0.197729 0.070342 
 0.571546 -0.180166 0.046871 
 0.569116 -0.161868 0.047328 
 0.566686 -0.143570 0.047785 
 0.564256 -0.125272 0.048243 
 0.561825 -0.106974 0.048700 
 0.559395 -0.088676 0.049157 
 0.550387 -0.071440 0.025677 
 0.547963 -0.053189 0.026133 
 0.588925 -0.272234 0.132263 
 0.583175 -0.254066 0.120757 
 0.574138 -0.236262 0.097282 
 0.565114 -0.218552 0.073805 
 0.562677 -0.200207 0.074263 
 0.560241 -0.181863 0.074721 
 0.551241 -0.164340 0.051239 
 0.548811 -0.146042 0.051696 
 0.546380 -0.127744 0.052153 
 0.543950 -0.109446 0.052611 
 0.541520 -0.091148 0.053068 
 0.532557 -0.073906 0.029578 
 0.530133 -0.055655 0.030034 
 0.573341 -0.293189 0.135747 
 0.570889 -0.274728 0.136209 
 0.565163 -0.256557 0.124698 
 0.556172 -0.238747 0.101212 
 0.547193 -0.221030 0.077726 
 0.544756 -0.202685 0.078184 
 0.542320 -0.184341 0.078642 
 0.539883 -0.165996 0.079100 
 0.530936 -0.148514 0.055607 
 0.528505 -0.130216 0.056064 
 0.526075 -0.111918 0.056522 
 0.523645 -0.093620 0.056979 
 0.521214 -0.075322 0.057436 
 0.518784 -0.057024 0.057893 
 0.566738 -0.332219 0.162721 
 0.564280 -0.313710 0.163183 
 0.555306 -0.295683 0.139693 
 0.552854 -0.277222 0.140155 
 0.547151 -0.259048 0.128639 
 0.544702 -0.240609 0.129099 
 0.535762 -0.222840 0.105603 
 0.526835 -0.205164 0.082105 
 0.524399 -0.186819 0.082563 
 0.521962 -0.168474 0.083021 
 0.519526 -0.150130 0.083479 
 0.517089 -0.131785 0.083938 
 0.508200 -0.114390 0.060432 
 0.505769 -0.096092 0.060890 
 0.503339 -0.077794 0.061347 
 0.500909 -0.059496 0.061804 
 0.557604 -0.352893 0.190173 
 0.548657 -0.334719 0.166676 
 0.546199 -0.316211 0.167139 
 0.537271 -0.298177 0.143639 
 0.534819 -0.279716 0.144101 
 0.532367 -0.261254 0.144562 
 0.526689 -0.243100 0.133040 
 0.517796 -0.225324 0.109534 
 0.515353 -0.206933 0.109993 
 0.512910 -0.188541 0.110453 
 0.510468 -0.170150 0.110912 
 0.501605 -0.152608 0.087400 
 0.499168 -0.134263 0.087859 
 0.496732 -0.115918 0.088317 
 0.494295 -0.097574 0.088775 
 0.491859 -0.079229 0.089233 
 0.489422 -0.060884 0.089692 
 0.533034 -0.355728 0.170170 
 0.530576 -0.337219 0.170632 
 0.521688 -0.319133 0.147124 
 0.519236 -0.300671 0.147585 
 0.516784 -0.282210 0.148046 
 0.514332 -0.263748 0.148508 
 0.511880 -0.245286 0.148969 
 0.506228 -0.227153 0.137442 
 0.497386 -0.209417 0.113924 
 0.494944 -0.191026 0.114383 
 0.492501 -0.172634 0.114843 
 0.483684 -0.155086 0.091321 
 0.481248 -0.136741 0.091780 
 0.478811 -0.118397 0.092238 
 0.476375 -0.100052 0.092696 
 0.473938 -0.081707 0.093154 
 0.471502 -0.063363 0.093612 
 0.514954 -0.358228 0.174126 
 0.512495 -0.339720 0.174588 
 0.503653 -0.321627 0.151070 
 0.501201 -0.303165 0.151531 
 0.498749 -0.284704 0.151992 
 0.496297 -0.266242 0.152454 
 0.493845 -0.247780 0.152915 
 0.491392 -0.229319 0.153376 
 0.479420 -0.211902 0.117855 
 0.476977 -0.193510 0.118314 
 0.474534 -0.175119 0.118774 
 0.472092 -0.156727 0.119233 
 0.469649 -0.138336 0.119693 
 0.467206 -0.119944 0.120152 
 0.458454 -0.102530 0.096617 
 0.456017 -0.084185 0.097075 
 0.453581 -0.065841 0.097533 
 0.496873 -0.360728 0.178082 
 0.494414 -0.342220 0.178544 
 0.485617 -0.324121 0.155016 
 0.483165 -0.305659 0.155477 
 0.480713 -0.287198 0.155938 
 0.478261 -0.268736 0.156399 
 0.475809 -0.250274 0.156861 
 0.470204 -0.232134 0.145324 
 0.461453 -0.214386 0.121786 
 0.459010 -0.195995 0.122245 
 0.462857 -0.176819 0.146705 
 0.454125 -0.159212 0.123164 
 0.451682 -0.140820 0.123624 
 0.449239 -0.122429 0.124083 
 0.446797 -0.104037 0.124542 
 0.444354 -0.085646 0.125002 
 0.441911 -0.067254 0.125461 
 0.481250 -0.381737 0.181576 
 0.478792 -0.363229 0.182038 
 0.470034 -0.345077 0.158501 
 0.467582 -0.326615 0.158962 
 0.465130 -0.308153 0.159423 
 0.462678 -0.289692 0.159884 
 0.460226 -0.271230 0.160345 
 0.454640 -0.253063 0.148804 
 0.452191 -0.234625 0.149265 
 0.443486 -0.216871 0.125717 
 0.447293 -0.197748 0.150186 
 0.444844 -0.179310 0.150646 
 0.436158 -0.161696 0.127095 
 0.433716 -0.143305 0.127554 
 0.431273 -0.124913 0.128014 
 0.428830 -0.106522 0.128473 
 0.426387 -0.088130 0.128933 
 0.423945 -0.069739 0.129392 
 0.463169 -0.384237 0.185531 
 0.454451 -0.366032 0.161986 
 0.451999 -0.347571 0.162447 
 0.449547 -0.329109 0.162908 
 0.443975 -0.310869 0.151363 
 0.441526 -0.292431 0.151824 
 0.439077 -0.273992 0.152284 
 0.436628 -0.255554 0.152745 
 0.427963 -0.237747 0.129188 
 0.425520 -0.219355 0.129648 
 0.423077 -0.200964 0.130107 
 0.420634 -0.182572 0.130567 
 0.418192 -0.164181 0.131026 
 0.415749 -0.145789 0.131485 
 0.419485 -0.126486 0.155969 
 0.410863 -0.109006 0.132404 
 0.408421 -0.090615 0.132864 
 0.300879 0.221033 -0.111361 
 0.298502 0.238933 -0.110914 
 0.296124 0.256834 -0.110467 
 0.293747 0.274734 -0.110020 
 0.464941 -0.442044 0.236128 
 0.462470 -0.423442 0.236593 
 0.447546 -0.405246 0.189025 
 0.445088 -0.386738 0.189487 
 0.436416 -0.368526 0.165931 
 0.433964 -0.350064 0.166393 
 0.428411 -0.331798 0.154844 
 0.425962 -0.313360 0.155304 
 0.423513 -0.294921 0.155765 
 0.414881 -0.277014 0.132200 
 0.412439 -0.258623 0.132660 
 0.409996 -0.240231 0.133119 
 0.401389 -0.222511 0.109551 
 0.398953 -0.204166 0.110009 
 0.396516 -0.185821 0.110468 
 0.394080 -0.167477 0.110926 
 0.391643 -0.149132 0.111384 
 0.401473 -0.128977 0.159910 
 0.399024 -0.110539 0.160371 
 0.396575 -0.092100 0.160831 
 0.285565 0.108094 -0.158318 
 0.283200 0.125900 -0.157874 
 0.280835 0.143707 -0.157429 
 0.278470 0.161513 -0.156984 
 0.288147 0.182815 -0.108429 
 0.285770 0.200715 -0.107982 
 0.283392 0.218615 -0.107535 
 0.281015 0.236515 -0.107088 
 0.278638 0.254415 -0.106641 
 0.282250 0.274297 -0.082134 
 0.282859 0.293258 -0.069654 
 0.280472 0.311228 -0.069206 
 0.278085 0.329199 -0.068757 
 0.274485 0.403389 -0.042892 
 0.272092 0.421406 -0.042442 
 0.446768 -0.444557 0.240104 
 0.444298 -0.425955 0.240569 
 0.429465 -0.407747 0.192981 
 0.420833 -0.389482 0.169416 
 0.418381 -0.371020 0.169877 
 0.415929 -0.352558 0.170339 
 0.404243 -0.334673 0.134753 
 0.401800 -0.316281 0.135213 
 0.393214 -0.298368 0.111639 
 0.390778 -0.280023 0.112097 
 0.388341 -0.261678 0.112556 
 0.385905 -0.243334 0.113014 
 0.383468 -0.224989 0.113472 
 0.368807 -0.208068 0.065852 
 0.363330 -0.190196 0.054288 
 0.354809 -0.172773 0.030702 
 0.352394 -0.154593 0.031156 
 0.328674 -0.139558 -0.052543 
 0.326281 -0.121541 -0.052093 
 0.314775 -0.105012 -0.087712 
 0.312391 -0.087065 -0.087264 
 0.303945 -0.070204 -0.110863 
 0.295511 -0.053437 -0.134466 
 0.293140 -0.035584 -0.134020 
 0.288397 0.000123 -0.133129 
 0.286026 0.017976 -0.132683 
 0.277630 0.034462 -0.156292 
 0.275265 0.052269 -0.155847 
 0.272900 0.070075 -0.155402 
 0.270535 0.087882 -0.154957 
 0.268170 0.105688 -0.154512 
 0.265805 0.123495 -0.154068 
 0.260446 0.140478 -0.165654 
 0.261075 0.159108 -0.153178 
 0.264685 0.178656 -0.128669 
 0.268283 0.198297 -0.104156 
 0.265906 0.216197 -0.103709 
 0.263528 0.234097 -0.103262 
 0.261151 0.251997 -0.102815 
 0.264718 0.271873 -0.078298 
 0.262334 0.289820 -0.077849 
 0.259951 0.307767 -0.077401 
 0.260530 0.326771 -0.064916 
 0.258143 0.344742 -0.064467 
 0.261670 0.364921 -0.039941 
 0.259277 0.382938 -0.039491 
 0.250983 0.398652 -0.063120 
 0.248596 0.416623 -0.062671 
 0.252098 0.436989 -0.038141 
 0.258528 0.458671 -0.001567 
 0.256126 0.476759 -0.001115 
 0.253724 0.494846 -0.000664 
 0.428596 -0.447070 0.244080 
 0.419984 -0.428612 0.220510 
 0.411385 -0.410247 0.196937 
 0.402798 -0.391976 0.173362 
 0.397284 -0.373656 0.161804 
 0.394835 -0.355218 0.162265 
 0.386276 -0.337157 0.138684 
 0.377730 -0.319191 0.115102 
 0.375293 -0.300846 0.115560 
 0.366765 -0.283019 0.091974 
 0.364335 -0.264721 0.092431 
 0.361905 -0.246424 0.092888 
 0.353402 -0.228784 0.069297 
 0.347944 -0.210886 0.057729 
 0.339463 -0.193410 0.034133 
 0.330994 -0.176028 0.010536 
 0.328585 -0.157894 0.010989 
 0.311073 -0.141992 -0.048692 
 0.308680 -0.123975 -0.048242 
 0.300257 -0.106944 -0.071848 
 0.294859 -0.089490 -0.083428 
 0.286459 -0.072623 -0.107038 
 0.272060 -0.056976 -0.154710 
 0.269695 -0.039169 -0.154265 
 0.267330 -0.021363 -0.153820 
 0.264965 -0.003556 -0.153375 
 0.262600 0.014250 -0.152931 
 0.260235 0.032057 -0.152486 
 0.257870 0.049864 -0.152041 
 0.255505 0.067670 -0.151596 
 0.253140 0.085477 -0.151151 
 0.256729 0.104831 -0.126637 
 0.254358 0.122684 -0.126191 
 0.246045 0.138896 -0.149817 
 0.249615 0.158391 -0.125299 
 0.247244 0.176244 -0.124853 
 0.250797 0.195879 -0.100331 
 0.248419 0.213779 -0.099883 
 0.246042 0.231679 -0.099436 
 0.243664 0.249579 -0.098989 
 0.241287 0.267479 -0.098542 
 0.244802 0.287395 -0.074013 
 0.242418 0.305342 -0.073565 
 0.234155 0.321180 -0.097201 
 0.237651 0.341236 -0.072669 
 0.235267 0.359183 -0.072220 
 0.235814 0.378255 -0.059728 
 0.233428 0.396225 -0.059279 
 0.231041 0.414195 -0.058830 
 0.228654 0.432165 -0.058382 
 0.237940 0.455009 -0.009748 
 0.238457 0.474315 0.002751 
 0.241878 0.494933 0.027297 
 0.239470 0.513067 0.027750 
 0.237061 0.531201 0.028203 
 0.240458 0.552006 0.052754 
 0.232244 0.567469 0.029109 
 0.229836 0.585603 0.029562 
 0.227427 0.603737 0.030015 
 0.225019 0.621872 0.030468 
 0.222610 0.640006 0.030921 
 0.220202 0.658140 0.031374 
 0.398220 -0.449764 0.199968 
 0.395762 -0.431256 0.200431 
 0.393304 -0.412747 0.200893 
 0.381721 -0.394585 0.165285 
 0.379272 -0.376147 0.165745 
 0.370752 -0.358033 0.142156 
 0.362245 -0.340013 0.118565 
 0.359809 -0.321669 0.119023 
 0.351320 -0.303789 0.095428 
 0.342844 -0.286003 0.071830 
 0.340420 -0.267752 0.072286 
 0.334980 -0.249804 0.060714 
 0.326531 -0.232228 0.037111 
 0.324117 -0.214047 0.037565 
 0.315687 -0.196612 0.013959 
 0.298258 -0.180460 -0.045741 
 0.295865 -0.162443 -0.045291 
 0.287476 -0.145312 -0.068905 
 0.282094 -0.127808 -0.080489 
 0.279710 -0.109861 -0.080040 
 0.271349 -0.092941 -0.103659 
 0.263001 -0.076114 -0.127281 
 0.254665 -0.059381 -0.150904 
 0.252300 -0.041575 -0.150459 
 0.249935 -0.023768 -0.150014 
 0.247570 -0.005961 -0.149569 
 0.245205 0.011845 -0.149125 
 0.242839 0.029652 -0.148680 
 0.240474 0.047458 -0.148235 
 0.238109 0.065265 -0.147790 
 0.235744 0.083071 -0.147345 
 0.233379 0.100878 -0.146901 
 0.236917 0.120272 -0.122375 
 0.234546 0.138126 -0.121929 
 0.232175 0.155979 -0.121483 
 0.229803 0.173832 -0.121037 
 0.233310 0.193461 -0.096505 
 0.230933 0.211361 -0.096057 
 0.228555 0.229261 -0.095610 
 0.226178 0.247161 -0.095163 
 0.223800 0.265061 -0.094716 
 0.221423 0.282961 -0.094269 
 0.219045 0.300861 -0.093822 
 0.216668 0.318762 -0.093375 
 0.214290 0.336662 -0.092928 
 0.217735 0.356758 -0.068384 
 0.215351 0.374705 -0.067936 
 0.212968 0.392652 -0.067488 
 0.213486 0.411767 -0.054990 
 0.211099 0.429738 -0.054541 
 0.214503 0.450139 -0.029989 
 0.217895 0.470633 -0.005436 
 0.218385 0.489959 0.007068 
 0.221755 0.510617 0.031626 
 0.219346 0.528751 0.032079 
 0.216938 0.546885 0.032532 
 0.214529 0.565020 0.032985 
 0.212120 0.583154 0.033438 
 0.209712 0.601288 0.033891 
 0.207303 0.619422 0.034344 
 0.204895 0.637556 0.034797 
 0.202486 0.655690 0.035250 
 0.382597 -0.470773 0.203462 
 0.380139 -0.452264 0.203924 
 0.371631 -0.433887 0.180332 
 0.366158 -0.415514 0.168765 
 0.357671 -0.397301 0.145168 
 0.355228 -0.378909 0.145627 
 0.346761 -0.360836 0.122027 
 0.344324 -0.342491 0.122485 
 0.335876 -0.324559 0.098882 
 0.327439 -0.306720 0.075275 
 0.322015 -0.288721 0.063699 
 0.313600 -0.271046 0.040089 
 0.311185 -0.252865 0.040543 
 0.302789 -0.235330 0.016929 
 0.300381 -0.217196 0.017382 
 0.292003 -0.199801 -0.006235 
 0.280657 -0.182894 -0.041890 
 0.278264 -0.164877 -0.041440 
 0.275871 -0.146859 -0.040990 
 0.267534 -0.129769 -0.064615 
 0.262178 -0.112286 -0.076204 
 0.253863 -0.095359 -0.099833 
 0.245560 -0.078526 -0.123465 
 0.237269 -0.061786 -0.147098 
 0.234904 -0.043980 -0.146653 
 0.232539 -0.026173 -0.146208 
 0.230174 -0.008367 -0.145764 
 0.224862 0.008789 -0.157361 
 0.222500 0.026572 -0.156917 
 0.223079 0.045053 -0.144429 
 0.220714 0.062859 -0.143984 
 0.218349 0.080666 -0.143540 
 0.221847 0.100007 -0.119005 
 0.219476 0.117860 -0.118559 
 0.217105 0.135714 -0.118113 
 0.214734 0.153567 -0.117667 
 0.212362 0.171420 -0.117221 
 0.215824 0.191043 -0.092679 
 0.213446 0.208943 -0.092232 
 0.211069 0.226843 -0.091784 
 0.208691 0.244743 -0.091337 
 0.206314 0.262643 -0.090890 
 0.203936 0.280543 -0.090443 
 0.201559 0.298443 -0.089996 
 0.199181 0.316343 -0.089549 
 0.196804 0.334244 -0.089102 
 0.194426 0.352144 -0.088654 
 0.192049 0.370044 -0.088207 
 0.195435 0.390228 -0.063652 
 0.193052 0.408175 -0.063203 
 0.190668 0.426122 -0.062755 
 0.196902 0.447705 -0.026138 
 0.194509 0.465722 -0.025688 
 0.197849 0.486257 -0.001124 
 0.195450 0.504321 -0.000673 
 0.193050 0.522385 -0.000221 
 0.190651 0.540448 0.000230 
 0.191106 0.559865 0.012741 
 0.188704 0.577952 0.013193 
 0.186301 0.596039 0.013645 
 0.183899 0.614127 0.014097 
 0.187180 0.635106 0.038672 
 0.184771 0.653240 0.039125 
 0.188033 0.674360 0.063704 
 0.191283 0.695574 0.088286 
 0.188862 0.713801 0.088742 
 0.185198 0.809910 0.127220 
 0.182767 0.828208 0.127677 
 0.364517 -0.473273 0.207418 
 0.362058 -0.454765 0.207880 
 0.359600 -0.436256 0.208342 
 0.342147 -0.418177 0.148639 
 0.333713 -0.400004 0.125032 
 0.331277 -0.381659 0.125490 
 0.322861 -0.363626 0.101879 
 0.314458 -0.345687 0.078264 
 0.312034 -0.327436 0.078720 
 0.300669 -0.309864 0.043066 
 0.292300 -0.292182 0.019446 
 0.289891 -0.274048 0.019899 
 0.287483 -0.255914 0.020352 
 0.279138 -0.238419 -0.003272 
 0.276736 -0.220332 -0.002821 
 0.271372 -0.202611 -0.014409 
 0.263056 -0.185328 -0.038039 
 0.260663 -0.167310 -0.037589 
 0.252365 -0.150167 -0.061223 
 0.247029 -0.132657 -0.072817 
 0.244646 -0.114710 -0.072368 
 0.236376 -0.097777 -0.096007 
 0.228119 -0.080938 -0.119649 
 0.219874 -0.064192 -0.143292 
 0.217509 -0.046385 -0.142847 
 0.212214 -0.029180 -0.154448 
 0.209852 -0.011396 -0.154004 
 0.207490 0.006387 -0.153560 
 0.205128 0.024170 -0.153116 
 0.205684 0.042647 -0.140623 
 0.203319 0.060454 -0.140178 
 0.200954 0.078260 -0.139734 
 0.204407 0.097595 -0.115189 
 0.196224 0.113873 -0.138844 
 0.193859 0.131680 -0.138399 
 0.191494 0.149486 -0.137954 
 0.194922 0.169009 -0.113405 
 0.192550 0.186862 -0.112959 
 0.190179 0.204715 -0.112513 
 0.193582 0.224425 -0.087959 
 0.191205 0.242325 -0.087511 
 0.188827 0.260225 -0.087064 
 0.186450 0.278125 -0.086617 
 0.184072 0.296025 -0.086170 
 0.175952 0.311835 -0.109837 
 0.179317 0.331825 -0.085276 
 0.176940 0.349726 -0.084829 
 0.180287 0.369856 -0.060264 
 0.177903 0.387803 -0.059816 
 0.175519 0.405750 -0.059368 
 0.173136 0.423697 -0.058919 
 0.173602 0.442853 -0.046410 
 0.171215 0.460823 -0.045961 
 0.174515 0.481305 -0.021387 
 0.172122 0.499322 -0.020937 
 0.169729 0.517339 -0.020487 
 0.167336 0.535356 -0.020037 
 0.170605 0.556072 0.004542 
 0.168206 0.574136 0.004993 
 0.168632 0.593596 0.017511 
 0.166230 0.611683 0.017963 
 0.169465 0.632657 0.042548 
 0.167056 0.650791 0.043001 
 0.170272 0.671904 0.067590 
 0.173476 0.693111 0.092182 
 0.173862 0.712876 0.104707 
 0.171437 0.731127 0.105163 
 0.174613 0.752544 0.129760 
 0.172183 0.770842 0.130217 
 0.169753 0.789140 0.130674 
 0.167323 0.807438 0.131131 
 0.164892 0.825736 0.131588 
 0.156893 0.840633 0.107898 
 0.154469 0.858884 0.108354 
 0.346436 -0.475773 0.211374 
 0.343977 -0.457265 0.211836 
 0.341519 -0.438756 0.212298 
 0.324181 -0.420661 0.152570 
 0.315792 -0.402482 0.128953 
 0.307416 -0.384396 0.105333 
 0.304986 -0.366098 0.105790 
 0.287737 -0.348682 0.046044 
 0.291244 -0.330101 0.070580 
 0.282908 -0.312320 0.046952 
 0.274585 -0.294632 0.023322 
 0.266274 -0.277037 -0.000310 
 0.263871 -0.258950 0.000142 
 0.261469 -0.240863 0.000594 
 0.256125 -0.223116 -0.011000 
 0.247848 -0.205779 -0.034638 
 0.245455 -0.187761 -0.034188 
 0.237197 -0.170565 -0.057831 
 0.234810 -0.152595 -0.057382 
 0.223645 -0.135995 -0.093075 
 0.215421 -0.119056 -0.116725 
 0.213049 -0.101203 -0.116279 
 0.204844 -0.084404 -0.139931 
 0.199565 -0.067148 -0.151536 
 0.197203 -0.049365 -0.151092 
 0.194841 -0.031582 -0.150647 
 0.192480 -0.013799 -0.150203 
 0.190118 0.003984 -0.149759 
 0.181959 0.020432 -0.173421 
 0.185394 0.039551 -0.148871 
 0.183032 0.057334 -0.148426 
 0.183559 0.075855 -0.135928 
 0.181194 0.093661 -0.135483 
 0.178829 0.111468 -0.135038 
 0.176464 0.129274 -0.134593 
 0.174099 0.147081 -0.134149 
 0.171734 0.164887 -0.133704 
 0.175109 0.184450 -0.109143 
 0.172738 0.202303 -0.108697 
 0.170367 0.220157 -0.108251 
 0.167996 0.238010 -0.107805 
 0.165624 0.255863 -0.107359 
 0.163253 0.273717 -0.106914 
 0.160882 0.291570 -0.106468 
 0.158511 0.309423 -0.106022 
 0.161831 0.329407 -0.081450 
 0.159453 0.347307 -0.081003 
 0.162754 0.367432 -0.056428 
 0.160371 0.385379 -0.055980 
 0.157987 0.403326 -0.055532 
 0.155603 0.421273 -0.055083 
 0.156046 0.440425 -0.042569 
 0.153660 0.458396 -0.042120 
 0.151273 0.476366 -0.041671 
 0.154521 0.496888 -0.017086 
 0.152128 0.514905 -0.016636 
 0.149735 0.532922 -0.016186 
 0.152959 0.553632 0.008403 
 0.150560 0.571696 0.008854 
 0.150962 0.591153 0.021377 
 0.148560 0.609240 0.021829 
 0.151749 0.630207 0.046424 
 0.149341 0.648341 0.046877 
 0.152511 0.669448 0.071476 
 0.155670 0.690649 0.096078 
 0.156032 0.710410 0.108608 
 0.153608 0.728661 0.109064 
 0.156738 0.750073 0.133671 
 0.154308 0.768371 0.134128 
 0.151878 0.786668 0.134585 
 0.149447 0.804966 0.135042 
 0.147017 0.823264 0.135499 
 0.139064 0.838168 0.111799 
 0.136639 0.856419 0.112255 
 0.328355 -0.478274 0.215330 
 0.325896 -0.459765 0.215792 
 0.317526 -0.441369 0.192170 
 0.300308 -0.423305 0.132415 
 0.291971 -0.405166 0.108786 
 0.283647 -0.387121 0.085155 
 0.272391 -0.369318 0.049476 
 0.269976 -0.351138 0.049930 
 0.267562 -0.332957 0.050384 
 0.259278 -0.315216 0.026745 
 0.251007 -0.297568 0.003104 
 0.245676 -0.279747 -0.008493 
 0.243277 -0.261684 -0.008041 
 0.235033 -0.244247 -0.031688 
 0.238478 -0.225556 -0.007139 
 0.230247 -0.208212 -0.030788 
 0.222029 -0.190963 -0.054439 
 0.219642 -0.172992 -0.053990 
 0.208535 -0.156314 -0.089697 
 0.200351 -0.139321 -0.113355 
 0.197980 -0.121468 -0.112909 
 0.195608 -0.103615 -0.112463 
 0.187449 -0.086809 -0.136125 
 0.182193 -0.069550 -0.147735 
 0.179831 -0.051767 -0.147291 
 0.177469 -0.033984 -0.146846 
 0.175107 -0.016201 -0.146402 
 0.172745 0.001582 -0.145958 
 0.164632 0.018036 -0.169630 
 0.168021 0.037148 -0.145070 
 0.165660 0.054931 -0.144625 
 0.166164 0.073449 -0.132122 
 0.163799 0.091256 -0.131677 
 0.161434 0.109062 -0.131232 
 0.159069 0.126869 -0.130787 
 0.156704 0.144675 -0.130343 
 0.154339 0.162482 -0.129898 
 0.157669 0.182038 -0.105327 
 0.155297 0.199892 -0.104881 
 0.152926 0.217745 -0.104436 
 0.150555 0.235598 -0.103990 
 0.148184 0.253452 -0.103544 
 0.145812 0.271305 -0.103098 
 0.143441 0.289158 -0.102652 
 0.141070 0.307011 -0.102206 
 0.144344 0.326989 -0.077624 
 0.141967 0.344889 -0.077177 
 0.145222 0.365008 -0.052592 
 0.142838 0.382954 -0.052144 
 0.140455 0.400901 -0.051696 
 0.138071 0.418848 -0.051247 
 0.138491 0.437998 -0.038728 
 0.136105 0.455968 -0.038279 
 0.133718 0.473938 -0.037830 
 0.131331 0.491909 -0.037381 
 0.128944 0.509879 -0.036933 
 0.132134 0.530488 -0.012335 
 0.129741 0.548506 -0.011885 
 0.132913 0.569256 0.012715 
 0.133293 0.588709 0.025243 
 0.130891 0.606797 0.025695 
 0.134034 0.627757 0.050300 
 0.137165 0.648811 0.074908 
 0.134750 0.666992 0.075362 
 0.137863 0.688187 0.099974 
 0.138203 0.707945 0.112509 
 0.135778 0.726196 0.112965 
 0.133354 0.744447 0.113421 
 0.130930 0.762698 0.113876 
 0.128506 0.780949 0.114332 
 0.126082 0.799200 0.114788 
 0.123658 0.817451 0.115244 
 0.121234 0.835702 0.115700 
 0.116074 0.852236 0.104072 
 0.113653 0.870463 0.104527 
 0.323547 -0.536428 0.241988 
 0.321082 -0.517872 0.242452 
 0.312732 -0.499282 0.218823 
 0.310274 -0.480774 0.219286 
 0.301943 -0.462325 0.195654 
 0.290690 -0.444022 0.159973 
 0.276526 -0.425936 0.112240 
 0.268241 -0.407837 0.088600 
 0.262893 -0.389709 0.077006 
 0.254630 -0.371775 0.053362 
 0.252215 -0.353594 0.053816 
 0.249801 -0.335413 0.054270 
 0.235739 -0.318099 0.006518 
 0.233337 -0.300011 0.006970 
 0.228029 -0.282188 -0.004632 
 0.225630 -0.264124 -0.004180 
 0.217432 -0.246681 -0.027837 
 0.215039 -0.228663 -0.027387 
 0.206860 -0.211361 -0.051047 
 0.204473 -0.193390 -0.050598 
 0.187652 -0.177440 -0.110431 
 0.185281 -0.159586 -0.109985 
 0.182910 -0.141733 -0.109539 
 0.180539 -0.123880 -0.109093 
 0.172419 -0.107021 -0.132764 
 0.167183 -0.089736 -0.144378 
 0.164821 -0.071953 -0.143934 
 0.156729 -0.055305 -0.167611 
 0.154373 -0.037569 -0.167168 
 0.152017 -0.019832 -0.166725 
 0.149661 -0.002096 -0.166282 
 0.147306 0.015640 -0.165839 
 0.153499 0.035431 -0.129206 
 0.148287 0.052529 -0.140825 
 0.148769 0.071044 -0.128316 
 0.146404 0.088850 -0.127871 
 0.144039 0.106657 -0.127426 
 0.141674 0.124463 -0.126982 
 0.139309 0.142270 -0.126537 
 0.136943 0.160076 -0.126092 
 0.134578 0.177883 -0.125647 
 0.137856 0.197480 -0.101066 
 0.135485 0.215333 -0.100620 
 0.133114 0.233186 -0.100174 
 0.130743 0.251040 -0.099728 
 0.133990 0.270871 -0.075139 
 0.126000 0.286746 -0.098836 
 0.129235 0.306671 -0.074245 
 0.126858 0.324571 -0.073798 
 0.124480 0.342471 -0.073351 
 0.127690 0.362583 -0.048756 
 0.125306 0.380530 -0.048308 
 0.122922 0.398477 -0.047860 
 0.123323 0.417600 -0.035336 
 0.120936 0.435570 -0.034887 
 0.118549 0.453540 -0.034438 
 0.116163 0.471511 -0.033989 
 0.113776 0.489481 -0.033541 
 0.111389 0.507451 -0.033092 
 0.109002 0.525422 -0.032643 
 0.112141 0.546072 -0.008034 
 0.115266 0.566815 0.016576 
 0.115624 0.586266 0.029109 
 0.113221 0.604353 0.029561 
 0.116319 0.625307 0.054176 
 0.119404 0.646355 0.078794 
 0.122477 0.667497 0.103415 
 0.120056 0.685724 0.103870 
 0.120373 0.705479 0.116410 
 0.117949 0.723730 0.116866 
 0.120988 0.745129 0.141493 
 0.113101 0.760232 0.117777 
 0.110677 0.778483 0.118233 
 0.113697 0.800023 0.142864 
 0.105829 0.814986 0.119145 
 0.103405 0.833237 0.119601 
 0.098268 0.849774 0.107968 
 0.095847 0.868001 0.108423 
 0.305420 -0.538934 0.245954 
 0.302956 -0.520379 0.246418 
 0.294651 -0.501783 0.222779 
 0.292193 -0.483274 0.223242 
 0.283907 -0.464819 0.199600 
 0.261081 -0.446705 0.115694 
 0.258651 -0.428407 0.116151 
 0.250412 -0.410303 0.092500 
 0.245087 -0.392172 0.080902 
 0.236869 -0.374231 0.057247 
 0.228665 -0.356383 0.033591 
 0.226256 -0.338249 0.034044 
 0.218070 -0.320542 0.010384 
 0.212782 -0.302692 -0.001222 
 0.204617 -0.285149 -0.024886 
 0.202224 -0.267132 -0.024436 
 0.194079 -0.249729 -0.048104 
 0.197438 -0.231097 -0.023536 
 0.180695 -0.214850 -0.083386 
 0.172583 -0.197705 -0.107061 
 0.170212 -0.179851 -0.106615 
 0.167840 -0.161998 -0.106169 
 0.165469 -0.144145 -0.105723 
 0.157389 -0.127233 -0.129403 
 0.155024 -0.109427 -0.128958 
 0.149810 -0.092138 -0.140577 
 0.141758 -0.075437 -0.164263 
 0.139402 -0.057701 -0.163820 
 0.137046 -0.039965 -0.163377 
 0.134691 -0.022228 -0.162934 
 0.132335 -0.004492 -0.162491 
 0.129979 0.013244 -0.162048 
 0.133277 0.032344 -0.137468 
 0.130915 0.050127 -0.137024 
 0.131373 0.068638 -0.124510 
 0.134643 0.087948 -0.099925 
 0.126643 0.104251 -0.123620 
 0.124278 0.122058 -0.123176 
 0.121913 0.139864 -0.122731 
 0.119548 0.157671 -0.122286 
 0.117183 0.175477 -0.121841 
 0.120416 0.195068 -0.097250 
 0.118044 0.212921 -0.096804 
 0.115673 0.230775 -0.096358 
 0.113302 0.248628 -0.095912 
 0.110931 0.266481 -0.095466 
 0.108559 0.284335 -0.095020 
 0.111748 0.304253 -0.070419 
 0.109371 0.322153 -0.069972 
 0.112541 0.342212 -0.045369 
 0.110157 0.360159 -0.044921 
 0.107774 0.378106 -0.044472 
 0.105390 0.396052 -0.044024 
 0.105768 0.415172 -0.031495 
 0.103381 0.433143 -0.031046 
 0.100994 0.451113 -0.030597 
 0.098607 0.469083 -0.030148 
 0.096221 0.487053 -0.029700 
 0.093834 0.505024 -0.029251 
 0.091447 0.522994 -0.028802 
 0.094540 0.543638 -0.004183 
 0.092147 0.561655 -0.003733 
 0.097954 0.583823 0.032975 
 0.095552 0.601910 0.033426 
 0.104058 0.625718 0.082226 
 0.107092 0.646807 0.106855 
 0.104671 0.665034 0.107311 
 0.102250 0.683262 0.107766 
 0.102544 0.703014 0.120311 
 0.100120 0.721265 0.120767 
 0.103113 0.742657 0.145404 
 0.095271 0.757767 0.121678 
 0.092847 0.776018 0.122134 
 0.090423 0.794269 0.122590 
 0.087999 0.812520 0.123046 
 0.085575 0.830771 0.123502 
 0.080461 0.847311 0.111864 
 0.078040 0.865539 0.112319 
 0.287293 -0.541441 0.249920 
 0.284829 -0.522885 0.250384 
 0.276570 -0.504283 0.226735 
 0.274112 -0.485775 0.227197 
 0.257200 -0.467382 0.167375 
 0.243206 -0.449177 0.119605 
 0.235007 -0.431019 0.095945 
 0.223938 -0.413048 0.060225 
 0.221523 -0.394867 0.060679 
 0.213358 -0.376967 0.037014 
 0.210949 -0.358833 0.037467 
 0.202803 -0.341073 0.013798 
 0.197534 -0.323196 0.002188 
 0.189409 -0.305600 -0.021485 
 0.181297 -0.288097 -0.045161 
 0.178910 -0.270127 -0.044712 
 0.173670 -0.252460 -0.056327 
 0.171286 -0.234513 -0.055879 
 0.163208 -0.217268 -0.079560 
 0.155142 -0.200116 -0.103245 
 0.147089 -0.183058 -0.126931 
 0.144724 -0.165252 -0.126487 
 0.142359 -0.147445 -0.126042 
 0.139994 -0.129639 -0.125597 
 0.137629 -0.111832 -0.125152 
 0.132438 -0.094540 -0.136776 
 0.124431 -0.077833 -0.160472 
 0.122075 -0.060097 -0.160029 
 0.119720 -0.042361 -0.159586 
 0.117364 -0.024624 -0.159143 
 0.115008 -0.006888 -0.158700 
 0.107039 0.009538 -0.182402 
 0.110297 0.028585 -0.157814 
 0.107941 0.046321 -0.157371 
 0.111181 0.065508 -0.132778 
 0.111613 0.084039 -0.120259 
 0.109248 0.101846 -0.119815 
 0.106883 0.119652 -0.119370 
 0.104518 0.137459 -0.118925 
 0.102153 0.155265 -0.118480 
 0.099788 0.173072 -0.118035 
 0.097423 0.190878 -0.117591 
 0.100603 0.210510 -0.092988 
 0.092693 0.226491 -0.116701 
 0.095861 0.246216 -0.092096 
 0.093490 0.264070 -0.091650 
 0.091119 0.281923 -0.091204 
 0.088747 0.299776 -0.090758 
 0.091884 0.319735 -0.066146 
 0.089507 0.337635 -0.065699 
 0.092625 0.357734 -0.041085 
 0.090241 0.375681 -0.040636 
 0.090599 0.394774 -0.028103 
 0.088213 0.412745 -0.027654 
 0.085826 0.430715 -0.027205 
 0.083439 0.448685 -0.026756 
 0.081052 0.466656 -0.026308 
 0.078665 0.484626 -0.025859 
 0.076279 0.502596 -0.025410 
 0.073892 0.520567 -0.024961 
 0.071505 0.538537 -0.024512 
 0.074546 0.559221 0.000118 
 0.080285 0.581379 0.036841 
 0.083297 0.602274 0.061475 
 0.086297 0.623262 0.086112 
 0.089285 0.644344 0.110751 
 0.086864 0.662572 0.111207 
 0.084443 0.680800 0.111662 
 0.082022 0.699027 0.112117 
 0.082290 0.718799 0.124667 
 0.079866 0.737050 0.125123 
 0.077442 0.755301 0.125579 
 0.075018 0.773552 0.126035 
 0.072594 0.791803 0.126491 
 0.070170 0.810055 0.126947 
 0.067746 0.828306 0.127403 
 0.062654 0.844849 0.115760 
 0.062897 0.864808 0.128315 
 0.060473 0.883059 0.128771 
 0.270781 -0.599326 0.228379 
 0.268322 -0.580817 0.228842 
 0.265864 -0.562309 0.229304 
 0.269167 -0.543947 0.253886 
 0.260948 -0.525292 0.230229 
 0.252741 -0.506730 0.206570 
 0.247418 -0.488265 0.194970 
 0.227761 -0.469947 0.123059 
 0.219601 -0.451736 0.099391 
 0.217177 -0.433485 0.099846 
 0.206177 -0.415504 0.064111 
 0.203762 -0.397324 0.064565 
 0.195643 -0.379417 0.040890 
 0.193234 -0.361283 0.041343 
 0.185133 -0.343516 0.017664 
 0.179888 -0.325636 0.006049 
 0.171809 -0.308034 -0.017634 
 0.163742 -0.290525 -0.041320 
 0.161355 -0.272554 -0.040871 
 0.150476 -0.255486 -0.076629 
 0.142444 -0.238235 -0.100321 
 0.140072 -0.220381 -0.099875 
 0.137701 -0.202528 -0.099429 
 0.129693 -0.185464 -0.123125 
 0.132959 -0.166822 -0.098537 
 0.124963 -0.149851 -0.122236 
 0.122598 -0.132044 -0.121791 
 0.120233 -0.114238 -0.121346 
 0.109460 -0.097965 -0.157124 
 0.101505 -0.081299 -0.180831 
 0.099156 -0.063609 -0.180389 
 0.096806 -0.045920 -0.179947 
 0.094457 -0.028230 -0.179505 
 0.092107 -0.010541 -0.179063 
 0.089758 0.007149 -0.178621 
 0.087408 0.024838 -0.178179 
 0.085059 0.042528 -0.177738 
 0.088259 0.061661 -0.153137 
 0.085903 0.079398 -0.152694 
 0.075242 0.094827 -0.188492 
 0.081192 0.114870 -0.151808 
 0.084361 0.134238 -0.127201 
 0.081999 0.152021 -0.126757 
 0.079637 0.169804 -0.126312 
 0.080028 0.188473 -0.113785 
 0.077663 0.206279 -0.113340 
 0.075298 0.224086 -0.112895 
 0.072933 0.241892 -0.112450 
 0.070568 0.259699 -0.112005 
 0.073678 0.279511 -0.087388 
 0.071306 0.297364 -0.086942 
 0.068935 0.315218 -0.086496 
 0.072020 0.335217 -0.061873 
 0.075093 0.355310 -0.037249 
 0.072709 0.373257 -0.036800 
 0.073044 0.392347 -0.024262 
 0.070657 0.410317 -0.023813 
 0.068271 0.428287 -0.023364 
 0.065884 0.446258 -0.022916 
 0.063497 0.464228 -0.022467 
 0.061110 0.482198 -0.022018 
 0.058724 0.500169 -0.021569 
 0.056337 0.518139 -0.021120 
 0.053950 0.536109 -0.020671 
 0.056945 0.556787 0.003969 
 0.059927 0.577559 0.028610 
 0.060213 0.597023 0.041158 
 0.068536 0.620806 0.089998 
 0.071478 0.641882 0.114647 
 0.063707 0.657168 0.090906 
 0.066637 0.678337 0.115558 
 0.064216 0.696565 0.116013 
 0.064461 0.716334 0.128568 
 0.062036 0.734585 0.129024 
 0.059612 0.752836 0.129480 
 0.057188 0.771087 0.129936 
 0.054764 0.789338 0.130392 
 0.057641 0.810905 0.155054 
 0.055211 0.829203 0.155511 
 0.044848 0.842387 0.119656 
 0.045068 0.862342 0.132216 
 0.063748 0.894606 0.229513 
 0.061299 0.913044 0.229974 
 0.058850 0.931482 0.230434 
 0.258434 -0.602120 0.256461 
 0.250241 -0.583317 0.232798 
 0.247783 -0.564809 0.233260 
 0.251040 -0.546454 0.257852 
 0.242867 -0.527792 0.234185 
 0.234706 -0.509224 0.210516 
 0.229406 -0.490756 0.198911 
 0.209886 -0.472419 0.126970 
 0.201772 -0.454201 0.103291 
 0.196509 -0.436014 0.091679 
 0.188416 -0.417960 0.067997 
 0.186001 -0.399780 0.068451 
 0.177928 -0.381866 0.044766 
 0.169866 -0.364047 0.021078 
 0.164640 -0.346140 0.009458 
 0.156601 -0.328485 -0.014233 
 0.154208 -0.310467 -0.013783 
 0.146187 -0.292952 -0.037479 
 0.143800 -0.274982 -0.037030 
 0.132990 -0.257905 -0.072803 
 0.125003 -0.240647 -0.096505 
 0.122631 -0.222793 -0.096059 
 0.120260 -0.204940 -0.095613 
 0.117889 -0.187087 -0.095167 
 0.109933 -0.170063 -0.118875 
 0.107568 -0.152256 -0.118430 
 0.105203 -0.134450 -0.117985 
 0.100055 -0.117128 -0.129619 
 0.086574 -0.101378 -0.177492 
 0.084224 -0.083688 -0.177050 
 0.081875 -0.065999 -0.176608 
 0.079525 -0.048309 -0.176166 
 0.077176 -0.030620 -0.175724 
 0.074826 -0.012930 -0.175282 
 0.072477 0.004759 -0.174840 
 0.070128 0.022449 -0.174398 
 0.067778 0.040138 -0.173957 
 0.065429 0.057828 -0.173515 
 0.063079 0.075517 -0.173073 
 0.057984 0.092441 -0.184717 
 0.058380 0.110896 -0.172189 
 0.061509 0.130211 -0.147574 
 0.064627 0.149619 -0.122956 
 0.062265 0.167402 -0.122511 
 0.059903 0.185185 -0.122067 
 0.060268 0.203874 -0.109534 
 0.057903 0.221680 -0.109089 
 0.055538 0.239487 -0.108644 
 0.053173 0.257293 -0.108200 
 0.050808 0.275100 -0.107755 
 0.048443 0.292906 -0.107310 
 0.046078 0.310713 -0.106865 
 0.049123 0.330659 -0.082234 
 0.052156 0.350699 -0.057600 
 0.049779 0.368599 -0.057153 
 0.052793 0.388779 -0.032516 
 0.050409 0.406726 -0.032068 
 0.048026 0.424673 -0.031620 
 0.045642 0.442620 -0.031171 
 0.043258 0.460567 -0.030723 
 0.043555 0.479771 -0.018177 
 0.041168 0.497741 -0.017728 
 0.038782 0.515711 -0.017279 
 0.036395 0.533682 -0.016830 
 0.039344 0.554353 0.007820 
 0.042281 0.575118 0.032471 
 0.042543 0.594580 0.045024 
 0.050775 0.618350 0.093883 
 0.048361 0.636531 0.094338 
 0.051251 0.657647 0.118999 
 0.043531 0.672893 0.095246 
 0.046409 0.694103 0.119909 
 0.046631 0.713868 0.132469 
 0.044207 0.732119 0.132925 
 0.041783 0.750370 0.133381 
 0.039359 0.768621 0.133837 
 0.036935 0.786872 0.134293 
 0.039766 0.808433 0.158965 
 0.037336 0.826731 0.159422 
 0.027041 0.839924 0.123552 
 0.027239 0.859877 0.136117 
 0.045736 0.892115 0.233454 
 0.043287 0.910553 0.233915 
 0.040838 0.928992 0.234375 
 0.240307 -0.604626 0.260427 
 0.232161 -0.585818 0.236754 
 0.229702 -0.567309 0.237216 
 0.227244 -0.548801 0.237678 
 0.219123 -0.530179 0.214000 
 0.213842 -0.511685 0.202391 
 0.205742 -0.493227 0.178708 
 0.186366 -0.474918 0.106736 
 0.181123 -0.456704 0.095120 
 0.178702 -0.438476 0.095575 
 0.170655 -0.420416 0.071883 
 0.162621 -0.402450 0.048189 
 0.160212 -0.384316 0.048642 
 0.152197 -0.366490 0.024944 
 0.141393 -0.348936 -0.010832 
 0.139000 -0.330918 -0.010382 
 0.131018 -0.313350 -0.034087 
 0.125840 -0.295627 -0.045716 
 0.123457 -0.277681 -0.045268 
 0.115503 -0.260323 -0.068977 
 0.113126 -0.242423 -0.068530 
 0.105191 -0.225205 -0.092243 
 0.102819 -0.207352 -0.091797 
 0.094903 -0.190275 -0.115514 
 0.092538 -0.172468 -0.115069 
 0.090173 -0.154662 -0.114624 
 0.085045 -0.137313 -0.126262 
 0.071643 -0.121457 -0.174153 
 0.069293 -0.103768 -0.173711 
 0.066944 -0.086078 -0.173269 
 0.064594 -0.068389 -0.172827 
 0.059497 -0.051274 -0.184471 
 0.057151 -0.033608 -0.184030 
 0.054804 -0.015942 -0.183588 
 0.052458 0.001724 -0.183147 
 0.050111 0.019390 -0.182706 
 0.047765 0.037056 -0.182264 
 0.045419 0.054722 -0.181823 
 0.045798 0.073127 -0.169292 
 0.040726 0.090054 -0.180941 
 0.038380 0.107721 -0.180499 
 0.044183 0.127815 -0.143783 
 0.047254 0.147216 -0.119155 
 0.044892 0.164999 -0.118711 
 0.042530 0.182782 -0.118266 
 0.040168 0.200566 -0.117822 
 0.040508 0.219275 -0.105283 
 0.038143 0.237082 -0.104838 
 0.035778 0.254888 -0.104394 
 0.033412 0.272695 -0.103949 
 0.031047 0.290501 -0.103504 
 0.028682 0.308308 -0.103059 
 0.031682 0.328247 -0.078418 
 0.034670 0.348281 -0.053774 
 0.032292 0.366181 -0.053327 
 0.029915 0.384081 -0.052880 
 0.032877 0.404302 -0.028232 
 0.033160 0.423432 -0.015683 
 0.028110 0.440195 -0.027335 
 0.028387 0.459373 -0.014785 
 0.026000 0.477343 -0.014336 
 0.023613 0.495314 -0.013887 
 0.021226 0.513284 -0.013438 
 0.018840 0.531254 -0.012989 
 0.021743 0.551919 0.011670 
 0.024634 0.572678 0.036332 
 0.024874 0.592136 0.048890 
 0.027743 0.613059 0.073556 
 0.025335 0.631193 0.074009 
 0.028185 0.652256 0.098678 
 0.025770 0.670437 0.099132 
 0.023356 0.688618 0.099586 
 0.026181 0.709868 0.124260 
 0.023760 0.728096 0.124716 
 0.021339 0.746323 0.125171 
 0.021529 0.766156 0.137738 
 0.019105 0.784407 0.138194 
 0.016681 0.802658 0.138650 
 0.019460 0.824259 0.163333 
 0.011833 0.839160 0.139562 
 0.019791 0.864299 0.188476 
 0.022539 0.886134 0.213164 
 0.020096 0.904525 0.213624 
 0.022825 0.926501 0.238316 
 0.020376 0.944939 0.238777 
 0.017928 0.963377 0.239237 
 0.224645 -0.625688 0.263930 
 0.216538 -0.606827 0.240247 
 0.214080 -0.588318 0.240710 
 0.211621 -0.569810 0.241172 
 0.203540 -0.551135 0.217485 
 0.198279 -0.532614 0.205871 
 0.195830 -0.514175 0.206332 
 0.187776 -0.495712 0.182639 
 0.168537 -0.477383 0.110637 
 0.163316 -0.459166 0.099016 
 0.155309 -0.441053 0.075315 
 0.147314 -0.423034 0.051612 
 0.144906 -0.404900 0.052065 
 0.142497 -0.386766 0.052518 
 0.134527 -0.368934 0.028810 
 0.123792 -0.351369 -0.006982 
 0.121399 -0.333352 -0.006531 
 0.113463 -0.315778 -0.030246 
 0.108308 -0.298052 -0.041880 
 0.105924 -0.280105 -0.041432 
 0.098016 -0.262741 -0.065151 
 0.090121 -0.245470 -0.088873 
 0.087750 -0.227617 -0.088427 
 0.079873 -0.210487 -0.112153 
 0.077508 -0.192680 -0.111708 
 0.075143 -0.174874 -0.111263 
 0.070034 -0.157499 -0.122905 
 0.056711 -0.141536 -0.170814 
 0.054362 -0.123847 -0.170372 
 0.052012 -0.106157 -0.169930 
 0.046932 -0.088993 -0.181578 
 0.044585 -0.071327 -0.181136 
 0.042239 -0.053661 -0.180695 
 0.039893 -0.035995 -0.180254 
 0.037546 -0.018329 -0.179812 
 0.035200 -0.000663 -0.179371 
 0.032853 0.017004 -0.178930 
 0.030507 0.034670 -0.178489 
 0.028161 0.052336 -0.178047 
 0.025814 0.070002 -0.177606 
 0.018068 0.086149 -0.201356 
 0.021122 0.105334 -0.176723 
 0.018775 0.123000 -0.176282 
 0.016429 0.140666 -0.175841 
 0.022145 0.160891 -0.139106 
 0.019789 0.178628 -0.138663 
 0.022796 0.198163 -0.114021 
 0.020434 0.215946 -0.113577 
 0.020747 0.234676 -0.101033 
 0.018382 0.252483 -0.100588 
 0.016017 0.270289 -0.100143 
 0.013652 0.288096 -0.099698 
 0.011287 0.305902 -0.099253 
 0.014241 0.325836 -0.074602 
 0.011870 0.343689 -0.074156 
 0.009499 0.361542 -0.073710 
 0.012428 0.381663 -0.049054 
 0.015345 0.401877 -0.024396 
 0.012961 0.419824 -0.023948 
 0.010577 0.437771 -0.023499 
 0.010832 0.456945 -0.010944 
 0.008445 0.474916 -0.010495 
 0.006058 0.492886 -0.010046 
 0.008928 0.513451 0.014621 
 0.006535 0.531468 0.015071 
 0.009387 0.552174 0.039742 
 0.006987 0.570238 0.040193 
 0.007204 0.589693 0.052756 
 0.004802 0.607780 0.053208 
 0.007619 0.628743 0.077885 
 0.005211 0.646877 0.078338 
 0.002802 0.665011 0.078791 
 0.005595 0.686162 0.103472 
 0.003180 0.704343 0.103926 
 0.000765 0.722524 0.104380 
 0.003533 0.743861 0.129067 
 0.001112 0.762089 0.129522 
 0.001276 0.781941 0.142095 
 -0.001148 0.800193 0.142551 
 0.001585 0.821787 0.167244 
 -0.000845 0.840085 0.167701 
 0.001870 0.861820 0.192397 
 -0.000567 0.880165 0.192855 
 0.002129 0.902041 0.217555 
 -0.000313 0.920432 0.218014 
 -0.002756 0.938824 0.218473 
 -0.005199 0.957215 0.218933 
 -0.007642 0.975607 0.219392 
 0.206518 -0.628195 0.267896 
 0.198457 -0.609327 0.244203 
 0.195999 -0.590818 0.244665 
 0.187956 -0.572091 0.220970 
 0.185504 -0.553629 0.221431 
 0.180266 -0.535105 0.209812 
 0.172252 -0.516588 0.186111 
 0.153131 -0.498100 0.114082 
 0.150707 -0.479849 0.114538 
 0.145510 -0.461629 0.102912 
 0.137548 -0.443509 0.079201 
 0.129599 -0.425484 0.055488 
 0.127191 -0.407350 0.055941 
 0.119260 -0.389464 0.032224 
 0.114100 -0.371525 0.020590 
 0.106191 -0.353803 -0.003131 
 0.098295 -0.336175 -0.026854 
 0.095908 -0.318205 -0.026405 
 0.090776 -0.300476 -0.038044 
 0.082907 -0.283059 -0.061772 
 0.075051 -0.265735 -0.085503 
 0.072680 -0.247882 -0.085057 
 0.064843 -0.230699 -0.108791 
 0.062478 -0.212892 -0.108347 
 0.057386 -0.195467 -0.119993 
 0.055024 -0.177684 -0.119549 
 0.041780 -0.161616 -0.167475 
 0.039430 -0.143926 -0.167033 
 0.037081 -0.126236 -0.166591 
 0.032020 -0.109046 -0.178243 
 0.029674 -0.091380 -0.177802 
 0.027327 -0.073714 -0.177360 
 0.024981 -0.056047 -0.176919 
 0.022635 -0.038381 -0.176478 
 0.014897 -0.021947 -0.200231 
 0.012556 -0.004327 -0.199791 
 0.010216 0.013292 -0.199351 
 0.007876 0.030911 -0.198911 
 0.010903 0.049949 -0.174271 
 0.008556 0.067615 -0.173830 
 0.000856 0.083769 -0.197590 
 0.003864 0.102948 -0.172948 
 0.001517 0.120614 -0.172506 
 -0.000829 0.138280 -0.172065 
 -0.003176 0.155946 -0.171624 
 -0.002860 0.174485 -0.159079 
 0.000107 0.193968 -0.134429 
 0.003062 0.213544 -0.109776 
 0.000700 0.231327 -0.109332 
 -0.001662 0.249110 -0.108888 
 -0.004024 0.266893 -0.108443 
 -0.006386 0.284677 -0.107999 
 -0.006108 0.303497 -0.095447 
 -0.008473 0.321303 -0.095003 
 -0.005571 0.341277 -0.070341 
 -0.007942 0.359130 -0.069895 
 -0.005059 0.379245 -0.045228 
 -0.002188 0.399453 -0.020560 
 -0.004571 0.417400 -0.020112 
 -0.006955 0.435347 -0.019664 
 -0.009339 0.453294 -0.019215 
 -0.009110 0.472488 -0.006654 
 -0.011497 0.490458 -0.006205 
 -0.013884 0.508429 -0.005756 
 -0.016271 0.526399 -0.005307 
 -0.013459 0.547051 0.019372 
 -0.015852 0.565069 0.019822 
 -0.010465 0.587249 0.056622 
 -0.012867 0.605337 0.057074 
 -0.010096 0.626294 0.081761 
 -0.012504 0.644428 0.082214 
 -0.014913 0.662562 0.082667 
 -0.017321 0.680696 0.083119 
 -0.014581 0.701887 0.107812 
 -0.016996 0.720067 0.108266 
 -0.014274 0.741399 0.132963 
 -0.016695 0.759626 0.133418 
 -0.016554 0.779476 0.145996 
 -0.018978 0.797727 0.146452 
 -0.016290 0.819316 0.171155 
 -0.018720 0.837613 0.171612 
 -0.021150 0.855911 0.172069 
 -0.018488 0.877687 0.196776 
 -0.015837 0.899556 0.221486 
 -0.023361 0.914376 0.197693 
 -0.025797 0.932721 0.198151 
 -0.023166 0.954731 0.222864 
 -0.025608 0.973122 0.223323 
 0.188391 -0.630701 0.271862 
 0.180376 -0.611827 0.248159 
 0.172373 -0.593046 0.224455 
 0.169921 -0.574585 0.224916 
 0.164703 -0.556034 0.213293 
 0.156728 -0.537463 0.189582 
 0.148766 -0.518987 0.165871 
 0.135302 -0.500566 0.117983 
 0.130124 -0.482319 0.106352 
 0.122202 -0.464146 0.082632 
 0.114292 -0.446068 0.058911 
 0.106395 -0.428082 0.035186 
 0.103993 -0.409995 0.035638 
 0.098852 -0.392029 0.024000 
 0.096453 -0.373965 0.024451 
 0.088590 -0.356237 0.000720 
 0.086197 -0.338220 0.001170 
 0.078353 -0.320633 -0.022564 
 0.073243 -0.302901 -0.034208 
 0.065421 -0.285477 -0.057946 
 0.057610 -0.268147 -0.081688 
 0.055239 -0.250294 -0.081242 
 0.047448 -0.233104 -0.104986 
 0.045083 -0.215298 -0.104541 
 0.040014 -0.197870 -0.116192 
 0.032250 -0.180891 -0.139942 
 0.024499 -0.164005 -0.163694 
 0.022149 -0.146316 -0.163252 
 0.017108 -0.129098 -0.174908 
 0.014762 -0.111432 -0.174467 
 0.012416 -0.093766 -0.174026 
 0.010069 -0.076100 -0.173585 
 0.007723 -0.058434 -0.173143 
 0.000024 -0.041946 -0.196905 
 -0.002316 -0.024327 -0.196465 
 -0.004656 -0.006708 -0.196025 
 -0.006996 0.010912 -0.195585 
 -0.009336 0.028531 -0.195145 
 -0.006355 0.047563 -0.170496 
 -0.008702 0.065229 -0.170054 
 -0.016357 0.081389 -0.193825 
 -0.013394 0.100561 -0.169172 
 -0.015741 0.118227 -0.168730 
 -0.018087 0.135893 -0.168289 
 -0.020434 0.153559 -0.167848 
 -0.020141 0.172096 -0.155298 
 -0.017220 0.191572 -0.130638 
 -0.014310 0.211142 -0.105975 
 -0.016672 0.228925 -0.105531 
 -0.019034 0.246708 -0.105087 
 -0.021396 0.264491 -0.104643 
 -0.023758 0.282274 -0.104198 
 -0.026120 0.300057 -0.103754 
 -0.025868 0.318898 -0.091197 
 -0.028233 0.336704 -0.090752 
 -0.030598 0.354511 -0.090307 
 -0.027754 0.374572 -0.065633 
 -0.019720 0.397028 -0.016724 
 -0.027300 0.412627 -0.040508 
 -0.029677 0.430527 -0.040061 
 -0.026871 0.450869 -0.015379 
 -0.029255 0.468816 -0.014931 
 -0.029052 0.488031 -0.002364 
 -0.031439 0.506001 -0.001915 
 -0.033826 0.523971 -0.001467 
 -0.031060 0.544618 0.023223 
 -0.033453 0.562635 0.023673 
 -0.030705 0.583421 0.048366 
 -0.030537 0.602893 0.060940 
 -0.032939 0.620981 0.061392 
 -0.030220 0.641978 0.086089 
 -0.032628 0.660112 0.086542 
 -0.035037 0.678246 0.086995 
 -0.032342 0.699431 0.111698 
 -0.039854 0.714514 0.087901 
 -0.037171 0.735792 0.112606 
 -0.034501 0.757164 0.137314 
 -0.034383 0.777010 0.149897 
 -0.036807 0.795261 0.150352 
 -0.039231 0.813513 0.150808 
 -0.041655 0.831764 0.151264 
 -0.039026 0.853439 0.175980 
 -0.036409 0.875209 0.200697 
 -0.038845 0.893554 0.201155 
 -0.041282 0.911898 0.201614 
 -0.043718 0.930243 0.202072 
 -0.046155 0.948588 0.202530 
 -0.048591 0.966932 0.202988 
 0.156790 -0.614002 0.227940 
 0.154338 -0.595540 0.228401 
 0.151886 -0.577079 0.228862 
 0.146691 -0.558524 0.217234 
 0.133281 -0.539810 0.169333 
 0.130845 -0.521465 0.169792 
 0.114739 -0.503009 0.109793 
 0.106856 -0.484783 0.086064 
 0.104441 -0.466602 0.086518 
 0.096577 -0.448517 0.062786 
 0.094169 -0.430383 0.063239 
 0.083605 -0.412533 0.027409 
 0.081206 -0.394469 0.027860 
 0.073382 -0.376688 0.004121 
 0.070989 -0.358671 0.004571 
 0.063184 -0.341031 -0.019172 
 0.058095 -0.323272 -0.030821 
 0.050312 -0.305795 -0.054568 
 0.047934 -0.287895 -0.054120 
 0.040170 -0.270559 -0.077872 
 0.032418 -0.253316 -0.101624 
 0.030052 -0.235510 -0.101180 
 0.025003 -0.218055 -0.112835 
 0.017279 -0.201023 -0.136594 
 0.009567 -0.184084 -0.160355 
 0.007218 -0.166395 -0.159913 
 0.004869 -0.148705 -0.159471 
 -0.000150 -0.131485 -0.171133 
 -0.002496 -0.113819 -0.170691 
 -0.004842 -0.096153 -0.170250 
 -0.012508 -0.079565 -0.194020 
 -0.014848 -0.061946 -0.193580 
 -0.017188 -0.044326 -0.193140 
 -0.019528 -0.026707 -0.192699 
 -0.021868 -0.009088 -0.192259 
 -0.026852 0.007875 -0.203927 
 -0.029189 0.025471 -0.203488 
 -0.028889 0.043770 -0.190939 
 -0.025960 0.062842 -0.166278 
 -0.033569 0.079009 -0.190059 
 -0.035909 0.096628 -0.189619 
 -0.032999 0.115841 -0.164954 
 -0.035345 0.133507 -0.164513 
 -0.037692 0.151173 -0.164072 
 -0.037422 0.169706 -0.151517 
 -0.034546 0.189176 -0.126847 
 -0.031683 0.208740 -0.102174 
 -0.034045 0.226523 -0.101730 
 -0.036407 0.244306 -0.101286 
 -0.038768 0.262089 -0.100842 
 -0.041130 0.279872 -0.100397 
 -0.040898 0.298686 -0.087836 
 -0.043263 0.316492 -0.087391 
 -0.045628 0.334299 -0.086946 
 -0.047993 0.352105 -0.086501 
 -0.045195 0.372160 -0.061817 
 -0.047566 0.390013 -0.061371 
 -0.044787 0.410209 -0.036682 
 -0.047164 0.428109 -0.036235 
 -0.044403 0.448445 -0.011543 
 -0.046787 0.466392 -0.011095 
 -0.046608 0.485603 0.001477 
 -0.048994 0.503573 0.001925 
 -0.051381 0.521544 0.002374 
 -0.048660 0.542184 0.027074 
 -0.051053 0.560201 0.027524 
 -0.048352 0.580981 0.052227 
 -0.048206 0.600450 0.064806 
 -0.050609 0.618537 0.065257 
 -0.047935 0.639528 0.089965 
 -0.050343 0.657662 0.090418 
 -0.052752 0.675796 0.090871 
 -0.050103 0.696974 0.115584 
 -0.052518 0.715155 0.116038 
 -0.054932 0.733336 0.116492 
 -0.052308 0.754702 0.141210 
 -0.052213 0.774545 0.153798 
 -0.054637 0.792796 0.154253 
 -0.057061 0.811047 0.154709 
 -0.059485 0.829298 0.155165 
 -0.056901 0.850968 0.179891 
 -0.054330 0.872731 0.204618 
 -0.056766 0.891075 0.205076 
 -0.059203 0.909420 0.205534 
 -0.061639 0.927765 0.205993 
 -0.064076 0.946109 0.206451 
 -0.066512 0.964454 0.206909 
 0.138755 -0.616496 0.231885 
 0.133576 -0.597892 0.220253 
 0.131127 -0.579454 0.220714 
 0.117797 -0.560633 0.172796 
 0.115360 -0.542288 0.173254 
 0.107495 -0.523845 0.149521 
 0.091510 -0.505420 0.089496 
 0.089095 -0.487239 0.089950 
 0.086680 -0.469058 0.090404 
 0.078862 -0.450967 0.066662 
 0.076454 -0.432833 0.067115 
 0.068654 -0.414882 0.043370 
 0.066252 -0.396795 0.043822 
 0.055781 -0.379122 0.007972 
 0.053388 -0.361105 0.008422 
 0.045629 -0.343458 -0.015331 
 0.040562 -0.325696 -0.026985 
 0.032825 -0.308213 -0.050742 
 0.030448 -0.290313 -0.050294 
 0.022729 -0.272971 -0.074056 
 0.015022 -0.255722 -0.097819 
 0.012657 -0.237915 -0.097374 
 0.002308 -0.221155 -0.133246 
 -0.000047 -0.203419 -0.132803 
 -0.007713 -0.186474 -0.156574 
 -0.010063 -0.168784 -0.156132 
 -0.015061 -0.151537 -0.167798 
 -0.017408 -0.133871 -0.167357 
 -0.019754 -0.116205 -0.166915 
 -0.022100 -0.098539 -0.166474 
 -0.029720 -0.081945 -0.190254 
 -0.032060 -0.064326 -0.189814 
 -0.034400 -0.046707 -0.189374 
 -0.036740 -0.029087 -0.188934 
 -0.041704 -0.012098 -0.200606 
 -0.044042 0.005498 -0.200167 
 -0.046379 0.023094 -0.199727 
 -0.046101 0.041390 -0.187173 
 -0.048441 0.059009 -0.186733 
 -0.053390 0.075882 -0.198408 
 -0.053121 0.094248 -0.185853 
 -0.055462 0.111867 -0.185413 
 -0.057802 0.129487 -0.184972 
 -0.054950 0.148786 -0.160296 
 -0.054703 0.167316 -0.147736 
 -0.051873 0.186780 -0.123056 
 -0.049055 0.206337 -0.098373 
 -0.051417 0.224120 -0.097929 
 -0.053779 0.241903 -0.097485 
 -0.056141 0.259687 -0.097041 
 -0.055928 0.278474 -0.084475 
 -0.058293 0.296280 -0.084030 
 -0.060658 0.314087 -0.083585 
 -0.057894 0.334042 -0.058893 
 -0.060265 0.351895 -0.058447 
 -0.062636 0.369748 -0.058001 
 -0.059896 0.389891 -0.033303 
 -0.062273 0.407791 -0.032856 
 -0.064651 0.425691 -0.032409 
 -0.061935 0.446020 -0.007708 
 -0.061776 0.465205 0.004869 
 -0.064163 0.483176 0.005317 
 -0.066549 0.501146 0.005766 
 -0.068936 0.519116 0.006215 
 -0.066261 0.539750 0.030925 
 -0.068654 0.557767 0.031375 
 -0.065998 0.578541 0.056088 
 -0.065876 0.598007 0.068672 
 -0.068278 0.616094 0.069123 
 -0.065650 0.637079 0.093841 
 -0.068058 0.655213 0.094294 
 -0.065449 0.676338 0.119016 
 -0.067864 0.694518 0.119470 
 -0.070278 0.712699 0.119924 
 -0.072693 0.730880 0.120378 
 -0.070115 0.752239 0.145106 
 -0.070042 0.772079 0.157698 
 -0.072466 0.790330 0.158154 
 -0.074890 0.808581 0.158610 
 -0.079798 0.825150 0.146927 
 -0.069814 0.851908 0.208081 
 -0.072250 0.870253 0.208539 
 -0.074687 0.888597 0.208997 
 -0.077123 0.906942 0.209455 
 -0.079560 0.925287 0.209914 
 -0.081996 0.943631 0.210372 
 0.118013 -0.618821 0.223734 
 0.104749 -0.599800 0.175800 
 0.102312 -0.581455 0.176259 
 0.094481 -0.562913 0.152518 
 0.092051 -0.544615 0.152975 
 0.081546 -0.526161 0.117130 
 0.073749 -0.507876 0.093382 
 0.065964 -0.489685 0.069632 
 0.063555 -0.471551 0.070085 
 0.061147 -0.453417 0.070538 
 0.053387 -0.435413 0.046784 
 0.048312 -0.417414 0.035131 
 0.040573 -0.399573 0.011373 
 0.038180 -0.381556 0.011823 
 0.030461 -0.363856 -0.011939 
 0.028074 -0.345886 -0.011491 
 0.023030 -0.328121 -0.023149 
 0.010030 -0.311089 -0.071132 
 0.007659 -0.293236 -0.070686 
 -0.000008 -0.275933 -0.094457 
 -0.002373 -0.258127 -0.094013 
 -0.007379 -0.240643 -0.105678 
 -0.020295 -0.224243 -0.153677 
 -0.022645 -0.206553 -0.153235 
 -0.024994 -0.188864 -0.152793 
 -0.027344 -0.171174 -0.152351 
 -0.032319 -0.153924 -0.164022 
 -0.034666 -0.136258 -0.163581 
 -0.037012 -0.118592 -0.163139 
 -0.044592 -0.101945 -0.186928 
 -0.046932 -0.084325 -0.186488 
 -0.049272 -0.066706 -0.186048 
 -0.054220 -0.049666 -0.197724 
 -0.056557 -0.032071 -0.197285 
 -0.058894 -0.014475 -0.196845 
 -0.061231 0.003121 -0.196406 
 -0.063568 0.020717 -0.195966 
 -0.065905 0.038313 -0.195527 
 -0.065653 0.056629 -0.182967 
 -0.070579 0.073505 -0.194647 
 -0.072916 0.091101 -0.194208 
 -0.072674 0.109487 -0.181647 
 -0.075014 0.127106 -0.181207 
 -0.077354 0.144726 -0.180766 
 -0.071984 0.164927 -0.143955 
 -0.069199 0.184384 -0.119265 
 -0.066427 0.203935 -0.094572 
 -0.068789 0.221718 -0.094128 
 -0.071151 0.239501 -0.093684 
 -0.073513 0.257284 -0.093240 
 -0.073324 0.276068 -0.080669 
 -0.075689 0.293875 -0.080224 
 -0.078054 0.311681 -0.079779 
 -0.080419 0.329488 -0.079334 
 -0.077706 0.349483 -0.054631 
 -0.080077 0.367337 -0.054185 
 -0.077382 0.387473 -0.029477 
 -0.079760 0.405373 -0.029030 
 -0.082137 0.423273 -0.028583 
 -0.079468 0.443596 -0.003872 
 -0.081851 0.461543 -0.003423 
 -0.081718 0.480748 0.009158 
 -0.084105 0.498718 0.009607 
 -0.086491 0.516689 0.010056 
 -0.083862 0.537316 0.034776 
 -0.081246 0.558037 0.059497 
 -0.083645 0.576101 0.059949 
 -0.083545 0.595563 0.072537 
 -0.080957 0.616495 0.097264 
 -0.083365 0.634629 0.097717 
 -0.085774 0.652763 0.098170 
 -0.083210 0.673882 0.122902 
 -0.085625 0.692062 0.123356 
 -0.088039 0.710243 0.123810 
 -0.090454 0.728424 0.124264 
 -0.087921 0.749777 0.149002 
 -0.087871 0.769614 0.161599 
 -0.090296 0.787865 0.162055 
 -0.087791 0.809428 0.186798 
 -0.090221 0.827726 0.187256 
 -0.087735 0.849430 0.212002 
 -0.090171 0.867774 0.212460 
 -0.092608 0.886119 0.212918 
 -0.095044 0.904464 0.213376 
 -0.097481 0.922808 0.213835 
 -0.099917 0.941153 0.214293 
 0.100000 -0.621312 0.227675 
 0.086828 -0.602278 0.179721 
 0.079036 -0.583683 0.155972 
 0.076606 -0.565385 0.156429 
 0.074175 -0.547087 0.156886 
 0.058403 -0.528513 0.096814 
 0.055988 -0.510332 0.097268 
 0.048249 -0.492135 0.073508 
 0.045840 -0.474000 0.073961 
 0.038120 -0.455943 0.050198 
 0.035717 -0.437856 0.050650 
 0.030665 -0.419854 0.038992 
 0.022973 -0.402007 0.015224 
 0.020580 -0.383990 0.015674 
 0.012906 -0.366284 -0.008099 
 0.010519 -0.348313 -0.007650 
 0.005498 -0.330545 -0.019313 
 -0.007411 -0.313501 -0.067316 
 -0.009782 -0.295647 -0.066870 
 -0.017403 -0.278339 -0.090652 
 -0.022390 -0.260828 -0.102321 
 -0.024752 -0.243045 -0.101877 
 -0.032345 -0.225947 -0.125665 
 -0.039926 -0.208943 -0.149454 
 -0.042275 -0.191253 -0.149012 
 -0.044625 -0.173564 -0.148570 
 -0.049577 -0.156310 -0.160246 
 -0.051924 -0.138644 -0.159805 
 -0.059464 -0.121944 -0.183602 
 -0.061804 -0.104325 -0.183162 
 -0.064144 -0.086706 -0.182722 
 -0.066485 -0.069086 -0.182282 
 -0.071409 -0.052043 -0.193963 
 -0.073746 -0.034448 -0.193524 
 -0.076083 -0.016852 -0.193084 
 -0.078420 0.000744 -0.192645 
 -0.080757 0.018340 -0.192205 
 -0.080526 0.036630 -0.179641 
 -0.082866 0.054249 -0.179201 
 -0.087769 0.071128 -0.190887 
 -0.087546 0.089488 -0.178321 
 -0.089886 0.107107 -0.177881 
 -0.092226 0.124726 -0.177441 
 -0.089466 0.144014 -0.152744 
 -0.089265 0.162537 -0.140174 
 -0.086526 0.181988 -0.115474 
 -0.088882 0.199724 -0.115031 
 -0.086162 0.219316 -0.090327 
 -0.088523 0.237099 -0.089883 
 -0.090885 0.254882 -0.089439 
 -0.093247 0.272665 -0.088995 
 -0.093084 0.291469 -0.076418 
 -0.095449 0.309276 -0.075973 
 -0.097814 0.327082 -0.075528 
 -0.095147 0.347072 -0.050815 
 -0.097518 0.364925 -0.050369 
 -0.099889 0.382778 -0.049923 
 -0.097246 0.402955 -0.025204 
 -0.099624 0.420855 -0.024757 
 -0.097000 0.441171 -0.000036 
 -0.099384 0.459118 0.000413 
 -0.099273 0.478320 0.012999 
 -0.101660 0.496291 0.013448 
 -0.104047 0.514261 0.013897 
 -0.101463 0.534882 0.038627 
 -0.098892 0.555597 0.063358 
 -0.098812 0.575033 0.075952 
 -0.101215 0.593120 0.076403 
 -0.098672 0.614045 0.101140 
 -0.101080 0.632179 0.101593 
 -0.103489 0.650313 0.102046 
 -0.100971 0.671426 0.126787 
 -0.103385 0.689606 0.127242 
 -0.110714 0.704715 0.103405 
 -0.108215 0.725968 0.128150 
 -0.110630 0.744149 0.128604 
 -0.105701 0.767148 0.165500 
 -0.108125 0.785399 0.165956 
 -0.105666 0.806956 0.190709 
 -0.108096 0.825254 0.191166 
 -0.105656 0.846951 0.215923 
 -0.108092 0.865296 0.216381 
 -0.105670 0.887134 0.241140 
 -0.108113 0.905525 0.241600 
 0.074223 -0.605060 0.207859 
 0.061161 -0.586155 0.159883 
 0.053427 -0.567646 0.136120 
 0.056300 -0.549559 0.160797 
 0.040642 -0.530969 0.100699 
 0.038227 -0.512788 0.101154 
 0.030534 -0.494584 0.077384 
 0.028125 -0.476450 0.077837 
 0.020450 -0.458387 0.054064 
 0.015418 -0.440358 0.042402 
 0.013018 -0.422294 0.042853 
 0.005372 -0.404441 0.019075 
 -0.002263 -0.386682 -0.004707 
 -0.004650 -0.368711 -0.004258 
 -0.007036 -0.350741 -0.003809 
 -0.017257 -0.333368 -0.039711 
 -0.024852 -0.315913 -0.063500 
 -0.027223 -0.298059 -0.063054 
 -0.034798 -0.280744 -0.086846 
 -0.039762 -0.263231 -0.098520 
 -0.042124 -0.245447 -0.098076 
 -0.054857 -0.229022 -0.146115 
 -0.057207 -0.211332 -0.145673 
 -0.059556 -0.193643 -0.145231 
 -0.061906 -0.175953 -0.144789 
 -0.066835 -0.158697 -0.156470 
 -0.069182 -0.141031 -0.156029 
 -0.071528 -0.123365 -0.155588 
 -0.079017 -0.106705 -0.179396 
 -0.081357 -0.089086 -0.178956 
 -0.086262 -0.072016 -0.190642 
 -0.088599 -0.054420 -0.190202 
 -0.090936 -0.036825 -0.189763 
 -0.093273 -0.019229 -0.189323 
 -0.095610 -0.001633 -0.188884 
 -0.097947 0.015963 -0.188444 
 -0.092645 0.035630 -0.151616 
 -0.100078 0.051869 -0.175435 
 -0.104958 0.068751 -0.187126 
 -0.104758 0.087107 -0.174555 
 -0.107098 0.104727 -0.174115 
 -0.104377 0.123961 -0.149410 
 -0.104196 0.142458 -0.136835 
 -0.106546 0.160147 -0.136394 
 -0.098810 0.181347 -0.087415 
 -0.098654 0.200031 -0.074836 
 -0.101019 0.217838 -0.074391 
 -0.103384 0.235644 -0.073946 
 -0.105749 0.253451 -0.073502 
 -0.108114 0.271257 -0.073057 
 -0.110479 0.289064 -0.072612 
 -0.112844 0.306870 -0.072167 
 -0.115209 0.324677 -0.071722 
 -0.112587 0.344660 -0.046999 
 -0.114959 0.362513 -0.046553 
 -0.112356 0.382636 -0.021826 
 -0.114733 0.400536 -0.021378 
 -0.117110 0.418437 -0.020931 
 -0.114532 0.438747 0.003800 
 -0.116916 0.456694 0.004248 
 -0.119300 0.474641 0.004697 
 -0.119215 0.493863 0.017289 
 -0.121602 0.511833 0.017738 
 -0.119064 0.532448 0.042478 
 -0.116539 0.553156 0.067219 
 -0.116482 0.572589 0.079817 
 -0.118884 0.590676 0.080269 
 -0.116387 0.611595 0.105016 
 -0.118795 0.629729 0.105469 
 -0.121204 0.647863 0.105922 
 -0.123613 0.665998 0.106375 
 -0.126021 0.684132 0.106828 
 -0.128430 0.702266 0.107281 
 -0.125976 0.723512 0.132036 
 -0.123534 0.744852 0.156794 
 -0.123530 0.764683 0.169401 
 -0.125955 0.782934 0.169857 
 -0.123541 0.804485 0.194620 
 -0.125971 0.822782 0.195077 
 -0.118752 0.847867 0.244152 
 -0.121194 0.866258 0.244612 
 -0.123637 0.884649 0.245071 
 0.045716 -0.606924 0.163337 
 0.038021 -0.588363 0.139565 
 0.035597 -0.570112 0.140021 
 0.030547 -0.551776 0.128362 
 0.022881 -0.533425 0.104585 
 0.015227 -0.515168 0.080807 
 0.012818 -0.497034 0.081260 
 0.005183 -0.478917 0.057478 
 0.002781 -0.460830 0.057930 
 -0.002229 -0.442798 0.046263 
 -0.004628 -0.424734 0.046714 
 -0.017431 -0.407079 -0.001315 
 -0.019818 -0.389109 -0.000866 
 -0.022205 -0.371139 -0.000417 
 -0.024592 -0.353169 0.000032 
 -0.029567 -0.335394 -0.011641 
 -0.042292 -0.318324 -0.059684 
 -0.044664 -0.300471 -0.059238 
 -0.052193 -0.283150 -0.083040 
 -0.057134 -0.265633 -0.094719 
 -0.064642 -0.248475 -0.118526 
 -0.066998 -0.230739 -0.118083 
 -0.074487 -0.213722 -0.141892 
 -0.076837 -0.196033 -0.141450 
 -0.079186 -0.178343 -0.141008 
 -0.084093 -0.161083 -0.152694 
 -0.086440 -0.143417 -0.152253 
 -0.088786 -0.125751 -0.151812 
 -0.096229 -0.109085 -0.175630 
 -0.098569 -0.091466 -0.175190 
 -0.103451 -0.074393 -0.186881 
 -0.105788 -0.056797 -0.186442 
 -0.108125 -0.039202 -0.186002 
 -0.110462 -0.021606 -0.185562 
 -0.112799 -0.004010 -0.185123 
 -0.112610 0.014250 -0.172550 
 -0.109903 0.033244 -0.147840 
 -0.112250 0.050910 -0.147399 
 -0.122148 0.066374 -0.183365 
 -0.121971 0.084727 -0.170789 
 -0.119289 0.103908 -0.146075 
 -0.121635 0.121574 -0.145634 
 -0.121477 0.140068 -0.133055 
 -0.123827 0.157758 -0.132613 
 -0.121179 0.177196 -0.107893 
 -0.116049 0.197626 -0.071030 
 -0.118414 0.215432 -0.070585 
 -0.115801 0.235128 -0.045859 
 -0.123144 0.251045 -0.069696 
 -0.125509 0.268852 -0.069251 
 -0.122915 0.288688 -0.044521 
 -0.130239 0.304465 -0.068361 
 -0.127657 0.324395 -0.043629 
 -0.130028 0.342248 -0.043183 
 -0.132400 0.360101 -0.042737 
 -0.134771 0.377955 -0.042291 
 -0.132220 0.398118 -0.017553 
 -0.129681 0.418376 0.007188 
 -0.132065 0.436323 0.007636 
 -0.131997 0.455495 0.020232 
 -0.134383 0.473465 0.020681 
 -0.136770 0.491436 0.021130 
 -0.134272 0.511997 0.045879 
 -0.129347 0.533971 0.082780 
 -0.131749 0.552058 0.083232 
 -0.129285 0.572877 0.107986 
 -0.131694 0.591011 0.108439 
 -0.129248 0.611971 0.133197 
 -0.141358 0.624408 0.085039 
 -0.143761 0.642495 0.085491 
 -0.146163 0.660582 0.085942 
 -0.143736 0.681682 0.110704 
 -0.146145 0.699816 0.111157 
 -0.143737 0.721056 0.135922 
 0.033065 -0.609713 0.191484 
 0.025410 -0.591098 0.167705 
 0.022980 -0.572800 0.168162 
 0.012741 -0.554238 0.132258 
 0.005120 -0.535881 0.108471 
 -0.002488 -0.517618 0.084683 
 -0.004897 -0.499484 0.085136 
 -0.012486 -0.481361 0.061344 
 -0.014889 -0.463273 0.061796 
 -0.019876 -0.445238 0.050123 
 -0.027437 -0.427326 0.026326 
 -0.034986 -0.409507 0.002526 
 -0.037373 -0.391537 0.002975 
 -0.042332 -0.373712 -0.008702 
 -0.044716 -0.355765 -0.008253 
 -0.052231 -0.338204 -0.032059 
 -0.059733 -0.320736 -0.055868 
 -0.067223 -0.303362 -0.079679 
 -0.072145 -0.285818 -0.091363 
 -0.079613 -0.268608 -0.115178 
 -0.081969 -0.250871 -0.114735 
 -0.084325 -0.233135 -0.114292 
 -0.091768 -0.216112 -0.138111 
 -0.094118 -0.198422 -0.137669 
 -0.096467 -0.180733 -0.137227 
 -0.101351 -0.163470 -0.148918 
 -0.103698 -0.145804 -0.148477 
 -0.106044 -0.128138 -0.148036 
 -0.113441 -0.111465 -0.171865 
 -0.115781 -0.093846 -0.171424 
 -0.120641 -0.076770 -0.183120 
 -0.122978 -0.059174 -0.182681 
 -0.125315 -0.041579 -0.182241 
 -0.127652 -0.023983 -0.181802 
 -0.129989 -0.006387 -0.181362 
 -0.129822 0.011870 -0.168784 
 -0.132162 0.029489 -0.168344 
 -0.134503 0.047108 -0.167903 
 -0.136843 0.064728 -0.167463 
 -0.139183 0.082347 -0.167023 
 -0.136547 0.101522 -0.142299 
 -0.136408 0.119989 -0.129716 
 -0.138758 0.137679 -0.129274 
 -0.136150 0.157064 -0.104545 
 -0.131079 0.177414 -0.067669 
 -0.128499 0.197010 -0.042935 
 -0.130870 0.214863 -0.042489 
 -0.133242 0.232716 -0.042043 
 -0.135613 0.250570 -0.041597 
 -0.137984 0.268423 -0.041151 
 -0.135441 0.288300 -0.016409 
 -0.142727 0.304130 -0.040259 
 -0.145098 0.321983 -0.039813 
 -0.147469 0.339836 -0.039367 
 -0.149840 0.357689 -0.038921 
 -0.147329 0.377800 -0.014174 
 -0.149706 0.395700 -0.013727 
 -0.147213 0.415951 0.011024 
 -0.149597 0.433898 0.011472 
 -0.144694 0.455512 0.048379 
 -0.147087 0.473529 0.048829 
 -0.149480 0.491546 0.049279 
 -0.151873 0.509563 0.049730 
 -0.147016 0.531528 0.086646 
 -0.149418 0.549615 0.087097 
 -0.147000 0.570428 0.111862 
 -0.159028 0.621964 0.088905 
 -0.161430 0.640052 0.089357 
 0.009965 -0.611868 0.171158 
 0.002362 -0.593294 0.147367 
 -0.002645 -0.574928 0.135698 
 -0.010226 -0.556518 0.111903 
 -0.017795 -0.538202 0.088106 
 -0.020203 -0.520068 0.088559 
 -0.022612 -0.501933 0.089012 
 -0.030156 -0.483804 0.065210 
 -0.032558 -0.465717 0.065662 
 -0.037522 -0.447679 0.053984 
 -0.045038 -0.429760 0.030177 
 -0.052542 -0.411935 0.006367 
 -0.054928 -0.393964 0.006816 
 -0.059864 -0.376137 -0.004866 
 -0.062248 -0.358190 -0.004418 
 -0.069717 -0.340622 -0.028233 
 -0.077174 -0.323148 -0.052052 
 -0.084619 -0.305767 -0.075873 
 -0.089517 -0.288220 -0.087562 
 -0.096940 -0.271004 -0.111387 
 -0.099296 -0.253267 -0.110944 
 -0.101651 -0.235531 -0.110501 
 -0.109049 -0.218501 -0.134330 
 -0.111399 -0.200812 -0.133888 
 -0.113748 -0.183122 -0.133447 
 -0.118609 -0.165856 -0.145143 
 -0.120956 -0.148190 -0.144701 
 -0.123302 -0.130524 -0.144260 
 -0.130653 -0.113846 -0.168099 
 -0.132994 -0.096226 -0.167659 
 -0.137830 -0.079147 -0.179359 
 -0.140167 -0.061551 -0.178920 
 -0.142504 -0.043956 -0.178480 
 -0.144841 -0.026360 -0.178041 
 -0.147178 -0.008764 -0.177601 
 -0.147035 0.009490 -0.165018 
 -0.144419 0.028471 -0.140288 
 -0.146766 0.046137 -0.139847 
 -0.154055 0.062348 -0.163697 
 -0.151459 0.081469 -0.138964 
 -0.153805 0.099135 -0.138523 
 -0.148765 0.119195 -0.101640 
 -0.146203 0.138574 -0.076901 
 -0.148565 0.156357 -0.076456 
 -0.148474 0.175008 -0.063863 
 -0.145940 0.194598 -0.039119 
 -0.143418 0.214281 -0.014372 
 -0.145796 0.232181 -0.013925 
 -0.153054 0.248158 -0.037781 
 -0.155425 0.266011 -0.037335 
 -0.152928 0.285882 -0.012584 
 -0.160168 0.301718 -0.036443 
 -0.162539 0.319571 -0.035997 
 -0.164910 0.337424 -0.035551 
 -0.167281 0.355278 -0.035105 
 -0.164815 0.375382 -0.010348 
 -0.167193 0.393282 -0.009901 
 -0.169570 0.411182 -0.009454 
 -0.167129 0.431474 0.015308 
 -0.162295 0.453078 0.052230 
 -0.164688 0.471095 0.052680 
 -0.167081 0.489112 0.053130 
 -0.015467 -0.595760 0.151268 
 -0.025572 -0.577155 0.115335 
 -0.027987 -0.558974 0.115789 
 -0.035510 -0.540651 0.091982 
 -0.037919 -0.522517 0.092435 
 -0.045423 -0.504335 0.068624 
 -0.047825 -0.486247 0.069076 
 -0.052770 -0.468183 0.057394 
 -0.060246 -0.450211 0.033578 
 -0.062639 -0.432194 0.034028 
 -0.070097 -0.414362 0.010208 
 -0.072484 -0.396392 0.010657 
 -0.077397 -0.378561 -0.001030 
 -0.079780 -0.360614 -0.000582 
 -0.087204 -0.343040 -0.024407 
 -0.094615 -0.325560 -0.048236 
 -0.102014 -0.308173 -0.072067 
 -0.106889 -0.290623 -0.083761 
 -0.114267 -0.273400 -0.107596 
 -0.116622 -0.255663 -0.107153 
 -0.118978 -0.237927 -0.106710 
 -0.126330 -0.220891 -0.130549 
 -0.128680 -0.203202 -0.130107 
 -0.131029 -0.185512 -0.129666 
 -0.135867 -0.168243 -0.141367 
 -0.138214 -0.150577 -0.140925 
 -0.140560 -0.132911 -0.140484 
 -0.147866 -0.116226 -0.164333 
 -0.150206 -0.098606 -0.163893 
 -0.155019 -0.081524 -0.175598 
 -0.157356 -0.063929 -0.175159 
 -0.159694 -0.046333 -0.174719 
 -0.162031 -0.028737 -0.174280 
 -0.164368 -0.011141 -0.173840 
 -0.164247 0.007110 -0.161252 
 -0.161678 0.026084 -0.136512 
 -0.164024 0.043750 -0.136071 
 -0.166370 0.061417 -0.135630 
 -0.168717 0.079083 -0.135189 
 -0.168621 0.097520 -0.122596 
 -0.166092 0.116799 -0.097849 
 -0.163575 0.136172 -0.073100 
 -0.163504 0.154796 -0.060502 
 -0.165869 0.172603 -0.060057 
 -0.158527 0.193963 -0.010993 
 -0.156058 0.213687 0.013764 
 -0.158441 0.231633 0.014212 
 -0.165660 0.247663 -0.009652 
 -0.168037 0.265563 -0.009205 
 -0.170415 0.283463 -0.008758 
 -0.177608 0.299306 -0.032627 
 -0.179980 0.317159 -0.032182 
 -0.187155 0.332862 -0.056054 
 -0.189520 0.350668 -0.055609 
 -0.182302 0.372964 -0.006522 
 -0.184679 0.390864 -0.006075 
 -0.187057 0.408764 -0.005628 
 -0.035837 -0.598081 0.143035 
 -0.043333 -0.579611 0.119221 
 -0.045748 -0.561430 0.119675 
 -0.053225 -0.543101 0.095858 
 -0.055634 -0.524967 0.096311 
 -0.058042 -0.506833 0.096764 
 -0.065495 -0.488691 0.072942 
 -0.070416 -0.470623 0.061255 
 -0.077847 -0.452645 0.037429 
 -0.080240 -0.434628 0.037879 
 -0.087652 -0.416790 0.014049 
 -0.092545 -0.398933 0.002358 
 -0.099935 -0.381258 -0.021476 
 -0.102313 -0.363358 -0.021029 
 -0.109685 -0.345825 -0.044866 
 -0.117044 -0.328385 -0.068706 
 -0.119409 -0.310578 -0.068261 
 -0.124262 -0.293025 -0.079960 
 -0.131593 -0.275796 -0.103805 
 -0.133949 -0.258059 -0.103362 
 -0.136305 -0.240323 -0.102919 
 -0.143611 -0.223281 -0.126768 
 -0.145960 -0.205591 -0.126327 
 -0.148310 -0.187902 -0.125885 
 -0.153125 -0.170629 -0.137591 
 -0.155472 -0.152963 -0.137149 
 -0.162738 -0.136225 -0.161007 
 -0.165078 -0.118606 -0.160567 
 -0.167418 -0.100987 -0.160127 
 -0.172209 -0.083901 -0.171838 
 -0.174546 -0.066306 -0.171398 
 -0.176883 -0.048710 -0.170958 
 -0.179220 -0.031114 -0.170519 
 -0.179119 -0.012890 -0.157926 
 -0.181459 0.004729 -0.157486 
 -0.178936 0.023698 -0.132737 
 -0.181282 0.041364 -0.132295 
 -0.183628 0.059030 -0.131854 
 -0.185975 0.076696 -0.131413 
 -0.185902 0.095131 -0.118815 
 -0.183419 0.114403 -0.094058 
 -0.180948 0.133770 -0.069299 
 -0.180900 0.152391 -0.056696 
 -0.178451 0.171921 -0.031933 
 -0.176014 0.191545 -0.007167 
 -0.173590 0.211262 0.017600 
 -0.175974 0.229209 0.018048 
 -0.178357 0.247156 0.018497 
 -0.180741 0.265103 0.018945 
 -0.183125 0.283050 0.019393 
 -0.190279 0.298945 -0.004485 
 -0.197421 0.314748 -0.028366 
 -0.199792 0.332601 -0.027920 
 -0.206915 0.348263 -0.051803 
 -0.058679 -0.600248 0.122652 
 -0.061094 -0.582067 0.123107 
 -0.063509 -0.563886 0.123561 
 -0.070940 -0.545551 0.099734 
 -0.073349 -0.527417 0.100187 
 -0.080762 -0.509222 0.076356 
 -0.083164 -0.491134 0.076808 
 -0.088063 -0.473063 0.065116 
 -0.095448 -0.455079 0.041280 
 -0.097841 -0.437062 0.041730 
 -0.105207 -0.419217 0.017890 
 -0.110077 -0.401357 0.006194 
 -0.117422 -0.383677 -0.017650 
 -0.124754 -0.366090 -0.041496 
 -0.127126 -0.348237 -0.041051 
 -0.134439 -0.330790 -0.064900 
 -0.136804 -0.312984 -0.064455 
 -0.141634 -0.295427 -0.076159 
 -0.148920 -0.278192 -0.100014 
 -0.151275 -0.260455 -0.099571 
 -0.153631 -0.242719 -0.099128 
 -0.160892 -0.225670 -0.122988 
 -0.163241 -0.207981 -0.122546 
 -0.165591 -0.190291 -0.122104 
 -0.170383 -0.173016 -0.133815 
 -0.172730 -0.155350 -0.133374 
 -0.175076 -0.137684 -0.132932 
 -0.182290 -0.120986 -0.156801 
 -0.184631 -0.103367 -0.156361 
 -0.189398 -0.086278 -0.168077 
 -0.191735 -0.068683 -0.167637 
 -0.194072 -0.051087 -0.167198 
 -0.196409 -0.033491 -0.166758 
 -0.198746 -0.015895 -0.166318 
 -0.198671 0.002349 -0.153720 
 -0.196194 0.021311 -0.128961 
 -0.196134 0.039672 -0.116359 
 -0.200886 0.056644 -0.128078 
 -0.200833 0.075051 -0.115476 
 -0.203183 0.092741 -0.115034 
 -0.200745 0.112007 -0.090267 
 -0.198320 0.131367 -0.065498 
 -0.198295 0.149986 -0.052890 
 -0.195892 0.169509 -0.028117 
 -0.188739 0.190891 0.020988 
 -0.188744 0.209743 0.033601 
 -0.191131 0.227713 0.034050 
 -0.193518 0.245684 0.034499 
 -0.195905 0.263654 0.034948 
 -0.198291 0.281624 0.035397 
 -0.207765 0.296527 -0.000659 
 -0.210143 0.314427 -0.000212 
 -0.212520 0.332327 0.000236 
 -0.078855 -0.584523 0.126993 
 -0.081270 -0.566342 0.127447 
 -0.088656 -0.548000 0.103610 
 -0.096029 -0.529752 0.079770 
 -0.098431 -0.511665 0.080222 
 -0.100834 -0.493578 0.080674 
 -0.105709 -0.475503 0.068977 
 -0.113049 -0.457513 0.045131 
 -0.115442 -0.439495 0.045581 
 -0.125226 -0.421728 0.009581 
 -0.127610 -0.403781 0.010029 
 -0.139824 -0.386355 -0.038127 
 -0.142195 -0.368502 -0.037681 
 -0.144566 -0.350648 -0.037235 
 -0.151834 -0.333196 -0.061094 
 -0.154199 -0.315389 -0.060649 
 -0.159006 -0.297830 -0.072358 
 -0.161368 -0.280047 -0.071914 
 -0.168602 -0.262851 -0.095780 
 -0.175823 -0.245750 -0.119649 
 -0.178173 -0.228060 -0.119207 
 -0.180522 -0.210371 -0.118765 
 -0.182872 -0.192681 -0.118323 
 -0.187641 -0.175402 -0.130039 
 -0.189988 -0.157736 -0.129598 
 -0.192334 -0.140070 -0.129156 
 -0.199503 -0.123366 -0.153035 
 -0.201843 -0.105747 -0.152595 
 -0.206588 -0.088656 -0.164316 
 -0.208925 -0.071060 -0.163876 
 -0.211262 -0.053464 -0.163437 
 -0.213599 -0.035868 -0.162997 
 -0.213544 -0.017650 -0.150394 
 -0.215884 -0.000031 -0.149954 
 -0.213452 0.018925 -0.125185 
 -0.215798 0.036591 -0.124743 
 -0.218144 0.054257 -0.124302 
 -0.220491 0.071923 -0.123861 
 -0.215716 0.091875 -0.086919 
 -0.218072 0.109611 -0.086476 
 -0.215692 0.128965 -0.061697 
 -0.215690 0.147580 -0.049084 
 -0.213332 0.167098 -0.024302 
 -0.203913 0.189345 0.036993 
 -0.201589 0.209120 0.061783 
 -0.203982 0.227137 0.062233 
 -0.201678 0.247052 0.087026 
 -0.208768 0.263171 0.063133 
 -0.206476 0.283180 0.087928 
 -0.213554 0.299206 0.064033 
 -0.215947 0.317223 0.064484 
 -0.230007 0.329909 0.004062 
 -0.096616 -0.586979 0.130878 
 -0.103962 -0.568584 0.107033 
 -0.106371 -0.550450 0.107486 
 -0.113699 -0.532196 0.083636 
 -0.116101 -0.514108 0.084088 
 -0.118503 -0.496021 0.084540 
 -0.128256 -0.477964 0.048532 
 -0.130649 -0.459946 0.048982 
 -0.137931 -0.442043 0.025123 
 -0.142758 -0.424153 0.013417 
 -0.150018 -0.406413 -0.010445 
 -0.157265 -0.388767 -0.034311 
 -0.159636 -0.370913 -0.033865 
 -0.162007 -0.353060 -0.033419 
 -0.169229 -0.335601 -0.057288 
 -0.171594 -0.317795 -0.056843 
 -0.176379 -0.300232 -0.068557 
 -0.178741 -0.282449 -0.068113 
 -0.185929 -0.265247 -0.091989 
 -0.193104 -0.248139 -0.115868 
 -0.195454 -0.230450 -0.115426 
 -0.197803 -0.212760 -0.114984 
 -0.200152 -0.195071 -0.114542 
 -0.204899 -0.177789 -0.126263 
 -0.207246 -0.160123 -0.125822 
 -0.209592 -0.142457 -0.125381 
 -0.216715 -0.125746 -0.149269 
 -0.219055 -0.108127 -0.148829 
 -0.223777 -0.091033 -0.160555 
 -0.226114 -0.073437 -0.160115 
 -0.226076 -0.055269 -0.147509 
 -0.228416 -0.037650 -0.147069 
 -0.226017 -0.018794 -0.122291 
 -0.228363 -0.001128 -0.121850 
 -0.230710 0.016538 -0.121409 
 -0.230696 0.034893 -0.108798 
 -0.235402 0.051871 -0.120526 
 -0.235395 0.070272 -0.107914 
 -0.233043 0.089479 -0.083129 
 -0.230703 0.108780 -0.058340 
 -0.230720 0.127368 -0.045723 
 -0.228402 0.146832 -0.020932 
 -0.226096 0.166390 0.003863 
 -0.223803 0.186042 0.028659 
 -0.219190 0.206686 0.065634 
 -0.216925 0.226548 0.090436 
 -0.219324 0.244612 0.090887 
 -0.219401 0.263645 0.103516 
 -0.221803 0.281733 0.103968 
 -0.224205 0.299820 0.104419 
 -0.226607 0.317907 0.104871 
 -0.114377 -0.589435 0.134764 
 -0.121677 -0.571034 0.110908 
 -0.124086 -0.552900 0.111361 
 -0.131368 -0.534639 0.087502 
 -0.136204 -0.516512 0.075796 
 -0.138603 -0.498448 0.076247 
 -0.145857 -0.480397 0.052383 
 -0.148250 -0.462380 0.052833 
 -0.155486 -0.444470 0.028964 
 -0.160291 -0.426577 0.017253 
 -0.167504 -0.408831 -0.006619 
 -0.174706 -0.391178 -0.030495 
 -0.177077 -0.373325 -0.030049 
 -0.179448 -0.355472 -0.029603 
 -0.186625 -0.338007 -0.053482 
 -0.188990 -0.320200 -0.053037 
 -0.191355 -0.302394 -0.052592 
 -0.196113 -0.284851 -0.064312 
 -0.203255 -0.267643 -0.088199 
 -0.210385 -0.250529 -0.112087 
 -0.212734 -0.232839 -0.111645 
 -0.215084 -0.215150 -0.111203 
 -0.217433 -0.197460 -0.110761 
 -0.222157 -0.180175 -0.122487 
 -0.224504 -0.162509 -0.122046 
 -0.226850 -0.144843 -0.121605 
 -0.233927 -0.128127 -0.145503 
 -0.236267 -0.110507 -0.145063 
 -0.238608 -0.092888 -0.144623 
 -0.243304 -0.075814 -0.156354 
 -0.243288 -0.057649 -0.143743 
 -0.245628 -0.040030 -0.143303 
 -0.243275 -0.021180 -0.118516 
 -0.245621 -0.003514 -0.118074 
 -0.247968 0.014152 -0.117633 
 -0.247977 0.032503 -0.105017 
 -0.252660 0.049484 -0.116750 
 -0.252676 0.067882 -0.104133 
 -0.250369 0.087083 -0.079338 
 -0.248075 0.106377 -0.054539 
 -0.248115 0.124963 -0.041917 
 -0.245843 0.144421 -0.017116 
 -0.243583 0.163972 0.007689 
 -0.241336 0.183617 0.032495 
 -0.236791 0.204252 0.069485 
 -0.234572 0.224108 0.094297 
 -0.236971 0.242172 0.094748 
 -0.237070 0.261202 0.107382 
 -0.234878 0.281268 0.132199 
 -0.237287 0.299402 0.132652 
 -0.239696 0.317537 0.133105 
 -0.139393 -0.573484 0.114784 
 -0.141801 -0.555350 0.115237 
 -0.149037 -0.537082 0.091368 
 -0.153851 -0.518952 0.079657 
 -0.156250 -0.500888 0.080108 
 -0.163458 -0.482831 0.056234 
 -0.165851 -0.464814 0.056684 
 -0.175439 -0.446948 0.020641 
 -0.177823 -0.429002 0.021089 
 -0.189775 -0.411444 -0.027125 
 -0.192147 -0.393590 -0.026679 
 -0.194518 -0.375737 -0.026233 
 -0.196889 -0.357884 -0.025787 
 -0.204020 -0.340412 -0.049676 
 -0.206385 -0.322605 -0.049231 
 -0.208750 -0.304799 -0.048787 
 -0.213485 -0.287253 -0.060511 
 -0.220582 -0.270039 -0.084408 
 -0.227666 -0.252919 -0.108306 
 -0.230015 -0.235229 -0.107864 
 -0.232365 -0.217539 -0.107422 
 -0.234714 -0.199850 -0.106980 
 -0.239415 -0.182562 -0.118711 
 -0.241762 -0.164896 -0.118270 
 -0.244108 -0.147230 -0.117829 
 -0.251140 -0.130507 -0.141737 
 -0.253480 -0.112887 -0.141297 
 -0.258156 -0.095787 -0.153033 
 -0.260493 -0.078191 -0.152594 
 -0.260500 -0.060029 -0.139977 
 -0.262840 -0.042410 -0.139537 
 -0.260533 -0.023567 -0.114740 
 -0.262879 -0.005901 -0.114298 
 -0.265226 0.011765 -0.113857 
 -0.265258 0.030114 -0.101236 
 -0.267607 0.047803 -0.100794 
 -0.269957 0.065493 -0.100352 
 -0.267696 0.084687 -0.075547 
 -0.265447 0.103975 -0.050739 
 -0.265510 0.122557 -0.038111 
 -0.263284 0.142009 -0.013300 
 -0.261070 0.161554 0.011515 
 -0.256578 0.182062 0.048516 
 -0.254392 0.201818 0.073336 
 -0.252218 0.221668 0.098157 
 -0.254618 0.239732 0.098609 
 -0.254739 0.258759 0.111248 
 -0.257142 0.276846 0.111699 
 -0.255002 0.296953 0.136528 
 -0.257411 0.315087 0.136981 
 -0.157108 -0.575933 0.118660 
 -0.159516 -0.557799 0.119113 
 -0.166707 -0.539526 0.095234 
 -0.169109 -0.521438 0.095686 
 -0.173897 -0.503328 0.083969 
 -0.181059 -0.485265 0.060085 
 -0.188209 -0.467296 0.036197 
 -0.192972 -0.449373 0.024477 
 -0.200100 -0.431567 0.000585 
 -0.202478 -0.413667 0.001033 
 -0.204855 -0.395767 0.001480 
 -0.211959 -0.378149 -0.022417 
 -0.214330 -0.360295 -0.021971 
 -0.216701 -0.342442 -0.021525 
 -0.219072 -0.324589 -0.021079 
 -0.226145 -0.307204 -0.044981 
 -0.228510 -0.289398 -0.044536 
 -0.233219 -0.271873 -0.056266 
 -0.240264 -0.254699 -0.080174 
 -0.247296 -0.237619 -0.104083 
 -0.249646 -0.219929 -0.103641 
 -0.254327 -0.202614 -0.115377 
 -0.256673 -0.184948 -0.114935 
 -0.259020 -0.167282 -0.114494 
 -0.261366 -0.149616 -0.114053 
 -0.268352 -0.132887 -0.137972 
 -0.270692 -0.115268 -0.137531 
 -0.273032 -0.097648 -0.137091 
 -0.277683 -0.080568 -0.148833 
 -0.277713 -0.062410 -0.136211 
 -0.280053 -0.044790 -0.135771 
 -0.277791 -0.025953 -0.110964 
 -0.280137 -0.008287 -0.110523 
 -0.282484 0.009379 -0.110081 
 -0.282538 0.027724 -0.097455 
 -0.284888 0.045414 -0.097013 
 -0.278096 0.066006 -0.047826 
 -0.280458 0.083790 -0.047382 
 -0.280541 0.102345 -0.034750 
 -0.278353 0.121744 -0.009930 
 -0.276179 0.141236 0.014894 
 -0.274017 0.160822 0.039719 
 -0.276400 0.178769 0.040167 
 -0.271993 0.199384 0.077187 
 -0.274386 0.217402 0.077637 
 -0.272264 0.237291 0.102470 
 -0.272409 0.256315 0.115114 
 -0.270309 0.276369 0.139950 
 -0.272717 0.294503 0.140403 
 -0.275126 0.312637 0.140856 
 -0.177232 -0.560249 0.122989 
 -0.179640 -0.542115 0.123442 
 -0.186779 -0.523882 0.099551 
 -0.191543 -0.505768 0.087830 
 -0.198660 -0.487699 0.063935 
 -0.201053 -0.469682 0.064386 
 -0.210504 -0.451797 0.028312 
 -0.212888 -0.433850 0.028761 
 -0.219964 -0.416085 0.004858 
 -0.222342 -0.398185 0.005306 
 -0.229400 -0.380561 -0.018601 
 -0.231771 -0.362707 -0.018155 
 -0.234142 -0.344854 -0.017709 
 -0.241175 -0.327416 -0.041620 
 -0.243540 -0.309610 -0.041175 
 -0.245905 -0.291803 -0.040730 
 -0.250592 -0.274275 -0.052465 
 -0.257591 -0.257095 -0.076383 
 -0.264577 -0.240008 -0.100302 
 -0.266927 -0.222319 -0.099860 
 -0.269276 -0.204629 -0.099418 
 -0.273931 -0.187335 -0.111160 
 -0.276278 -0.169669 -0.110718 
 -0.278624 -0.152003 -0.110277 
 -0.285564 -0.135267 -0.134206 
 -0.287904 -0.117648 -0.133766 
 -0.290244 -0.100028 -0.133325 
 -0.292585 -0.082409 -0.132885 
 -0.294925 -0.064790 -0.132445 
 -0.297265 -0.047171 -0.132005 
 -0.295049 -0.028340 -0.107188 
 -0.297395 -0.010674 -0.106747 
 -0.299742 0.006992 -0.106305 
 -0.299819 0.025334 -0.093674 
 -0.302169 0.043024 -0.093232 
 -0.295468 0.063604 -0.044025 
 -0.297830 0.081387 -0.043581 
 -0.297936 0.099940 -0.030944 
 -0.295794 0.119332 -0.006114 
 -0.298166 0.137185 -0.005668 
 -0.291549 0.158397 0.043555 
 -0.293933 0.176344 0.044003 
 -0.289594 0.196951 0.081038 
 -0.291987 0.214968 0.081488 
 -0.287676 0.235784 0.118528 
 -0.285616 0.255785 0.143373 
 -0.288024 0.273919 0.143826 
 -0.290433 0.292053 0.144279 
 -0.292841 0.310187 0.144732 
 -0.199644 -0.562500 0.102514 
 -0.202046 -0.544413 0.102966 
 -0.204448 -0.526325 0.103417 
 -0.209190 -0.508209 0.091691 
 -0.216261 -0.490133 0.067786 
 -0.218654 -0.472116 0.068236 
 -0.225707 -0.454181 0.044328 
 -0.230420 -0.436275 0.032597 
 -0.237451 -0.418503 0.008684 
 -0.239828 -0.400603 0.009131 
 -0.246841 -0.382972 -0.014785 
 -0.249212 -0.365119 -0.014339 
 -0.251583 -0.347266 -0.013893 
 -0.258570 -0.329822 -0.037814 
 -0.260935 -0.312015 -0.037369 
 -0.263300 -0.294209 -0.036924 
 -0.267964 -0.276677 -0.048664 
 -0.274917 -0.259491 -0.072592 
 -0.277273 -0.241755 -0.072149 
 -0.284207 -0.224708 -0.096079 
 -0.286557 -0.207019 -0.095638 
 -0.291190 -0.189721 -0.107384 
 -0.293536 -0.172055 -0.106942 
 -0.295882 -0.154389 -0.106501 
 -0.298229 -0.136723 -0.106060 
 -0.305117 -0.120028 -0.130000 
 -0.307457 -0.102409 -0.129560 
 -0.312061 -0.085322 -0.141311 
 -0.312137 -0.067170 -0.128679 
 -0.314477 -0.049551 -0.128239 
 -0.312307 -0.030726 -0.103412 
 -0.314653 -0.013060 -0.102971 
 -0.317000 0.004606 -0.102529 
 -0.317100 0.022945 -0.089893 
 -0.310479 0.043419 -0.040668 
 -0.312840 0.061202 -0.040224 
 -0.312966 0.079728 -0.027583 
 -0.315331 0.097534 -0.027139 
 -0.313235 0.116920 -0.002298 
 -0.315606 0.134774 -0.001852 
 -0.313529 0.154300 0.022993 
 -0.311465 0.173920 0.047839 
 -0.307195 0.194517 0.084889 
 -0.309588 0.212534 0.085339 
 -0.305346 0.233341 0.122394 
 -0.303331 0.253335 0.147249 
 -0.305739 0.271469 0.147702 
 -0.308148 0.289604 0.148155 
 -0.310556 0.307738 0.148608 
 -0.217313 -0.564943 0.106380 
 -0.219715 -0.546856 0.106832 
 -0.224437 -0.528713 0.095101 
 -0.231469 -0.510584 0.071187 
 -0.233862 -0.492567 0.071637 
 -0.240875 -0.474579 0.047720 
 -0.245569 -0.456646 0.035984 
 -0.247952 -0.438699 0.036433 
 -0.254937 -0.420922 0.012510 
 -0.257315 -0.403021 0.012957 
 -0.264281 -0.385384 -0.010969 
 -0.266653 -0.367531 -0.010523 
 -0.269024 -0.349677 -0.010077 
 -0.275965 -0.332227 -0.034008 
 -0.278330 -0.314421 -0.033563 
 -0.280695 -0.296614 -0.033118 
 -0.285336 -0.279080 -0.044863 
 -0.292244 -0.261887 -0.068801 
 -0.294600 -0.244150 -0.068358 
 -0.296955 -0.226414 -0.067915 
 -0.299311 -0.208678 -0.067472 
 -0.306187 -0.191719 -0.091415 
 -0.310794 -0.174442 -0.103166 
 -0.313140 -0.156776 -0.102725 
 -0.315487 -0.139109 -0.102284 
 -0.322329 -0.122408 -0.126234 
 -0.324669 -0.104789 -0.125794 
 -0.327009 -0.087169 -0.125354 
 -0.329349 -0.069550 -0.124913 
 -0.331690 -0.051931 -0.124473 
 -0.329565 -0.033113 -0.099636 
 -0.331911 -0.015447 -0.099195 
 -0.334258 0.002219 -0.098754 
 -0.334381 0.020555 -0.086112 
 -0.327851 0.041016 -0.036868 
 -0.327996 0.059516 -0.024222 
 -0.330361 0.077322 -0.023777 
 -0.332726 0.095129 -0.023333 
 -0.326261 0.116082 0.025924 
 -0.328638 0.133982 0.026371 
 -0.326613 0.153548 0.051227 
 -0.326799 0.172352 0.063880 
 -0.320406 0.193843 0.113150 
 -0.322805 0.211907 0.113601 
 -0.318637 0.232752 0.150672 
 -0.316674 0.252786 0.175539 
 -0.319089 0.270967 0.175993 
 -0.237385 -0.549299 0.110697 
 -0.242084 -0.531153 0.098962 
 -0.249070 -0.513018 0.075038 
 -0.251463 -0.495001 0.075488 
 -0.258430 -0.477006 0.051560 
 -0.263101 -0.459071 0.039820 
 -0.265485 -0.441124 0.040268 
 -0.272424 -0.423340 0.016336 
 -0.274801 -0.405440 0.016783 
 -0.281722 -0.387796 -0.007153 
 -0.284094 -0.369943 -0.006707 
 -0.286465 -0.352089 -0.006261 
 -0.293361 -0.334633 -0.030202 
 -0.295726 -0.316826 -0.029757 
 -0.298091 -0.299020 -0.029312 
 -0.300456 -0.281213 -0.028867 
 -0.305071 -0.263699 -0.040618 
 -0.307432 -0.245916 -0.040174 
 -0.314282 -0.228810 -0.064124 
 -0.316638 -0.211074 -0.063681 
 -0.323468 -0.194109 -0.087634 
 -0.325818 -0.176419 -0.087192 
 -0.328167 -0.158730 -0.086750 
 -0.330517 -0.141040 -0.086308 
 -0.335091 -0.123830 -0.098067 
 -0.337437 -0.106164 -0.097625 
 -0.344222 -0.089550 -0.121588 
 -0.346562 -0.071930 -0.121148 
 -0.344477 -0.053165 -0.096302 
 -0.346823 -0.035499 -0.095860 
 -0.349169 -0.017833 -0.095419 
 -0.349312 0.000476 -0.082773 
 -0.351662 0.018165 -0.082331 
 -0.345223 0.038614 -0.033067 
 -0.347585 0.056397 -0.032622 
 -0.347756 0.074917 -0.019972 
 -0.345746 0.094243 0.004888 
 -0.343748 0.113663 0.029750 
 -0.346125 0.131564 0.030197 
 -0.341967 0.151954 0.067272 
 -0.340003 0.171632 0.092140 
 -0.342396 0.189649 0.092590 
 -0.338282 0.210367 0.129674 
 -0.332021 0.232149 0.178971 
 -0.330110 0.252225 0.203850 
 -0.332531 0.270452 0.204305 
 -0.255054 -0.551743 0.114563 
 -0.257457 -0.533655 0.115015 
 -0.262130 -0.515529 0.103274 
 -0.269064 -0.497435 0.079339 
 -0.275985 -0.479434 0.055401 
 -0.280633 -0.461495 0.043656 
 -0.283017 -0.443548 0.044104 
 -0.285401 -0.425601 0.044553 
 -0.292288 -0.407858 0.020609 
 -0.299163 -0.390208 -0.003337 
 -0.301534 -0.372354 -0.002891 
 -0.303906 -0.354501 -0.002446 
 -0.310756 -0.337038 -0.026396 
 -0.313121 -0.319232 -0.025951 
 -0.315486 -0.301425 -0.025506 
 -0.317851 -0.283619 -0.025062 
 -0.322443 -0.266101 -0.036817 
 -0.324805 -0.248318 -0.036373 
 -0.327167 -0.230535 -0.035929 
 -0.329529 -0.212752 -0.035485 
 -0.336320 -0.195733 -0.059447 
 -0.343098 -0.178809 -0.083411 
 -0.345448 -0.161119 -0.082969 
 -0.347797 -0.143430 -0.082527 
 -0.352349 -0.126216 -0.094291 
 -0.354695 -0.108550 -0.093849 
 -0.357042 -0.090884 -0.093408 
 -0.359388 -0.073218 -0.092967 
 -0.361735 -0.055552 -0.092526 
 -0.364081 -0.037886 -0.092084 
 -0.364244 -0.019603 -0.079434 
 -0.366593 -0.001914 -0.078992 
 -0.360234 0.018429 -0.029710 
 -0.362595 0.036212 -0.029266 
 -0.358444 0.056125 0.007812 
 -0.360815 0.073978 0.008258 
 -0.358857 0.093345 0.033129 
 -0.356911 0.112806 0.058002 
 -0.359294 0.130753 0.058450 
 -0.359523 0.149527 0.071113 
 -0.357604 0.169198 0.095991 
 -0.355699 0.188962 0.120872 
 -0.347367 0.211512 0.182403 
 -0.349782 0.229693 0.182857 
 -0.345776 0.250706 0.219962 
 -0.348200 0.268957 0.220418 
 -0.272724 -0.554186 0.118429 
 -0.275126 -0.536099 0.118881 
 -0.279776 -0.517970 0.107135 
 -0.286664 -0.499869 0.083190 
 -0.289057 -0.481852 0.083640 
 -0.295927 -0.463891 0.059691 
 -0.300549 -0.445973 0.047940 
 -0.302933 -0.428026 0.048389 
 -0.309775 -0.410276 0.024435 
 -0.316604 -0.392619 0.000478 
 -0.318975 -0.374766 0.000924 
 -0.321347 -0.356913 0.001370 
 -0.328151 -0.339444 -0.022590 
 -0.330516 -0.321637 -0.022145 
 -0.332881 -0.303831 -0.021700 
 -0.335246 -0.286024 -0.021256 
 -0.337611 -0.268218 -0.020811 
 -0.342177 -0.250720 -0.032572 
 -0.344539 -0.232937 -0.032128 
 -0.346901 -0.215154 -0.031684 
 -0.353646 -0.198129 -0.055656 
 -0.360379 -0.181199 -0.079630 
 -0.362729 -0.163509 -0.079188 
 -0.365078 -0.145819 -0.078746 
 -0.367428 -0.128130 -0.078305 
 -0.371953 -0.110937 -0.090074 
 -0.374300 -0.093271 -0.089632 
 -0.376646 -0.075605 -0.089191 
 -0.378993 -0.057938 -0.088750 
 -0.379175 -0.039682 -0.076095 
 -0.381525 -0.021993 -0.075653 
 -0.379559 -0.003030 -0.050783 
 -0.377606 0.016026 -0.025909 
 -0.377816 0.034493 -0.013249 
 -0.375885 0.053713 0.011628 
 -0.378256 0.071567 0.012074 
 -0.376343 0.090927 0.036955 
 -0.374443 0.110381 0.061838 
 -0.376827 0.128328 0.062286 
 -0.377078 0.147099 0.074953 
 -0.375205 0.166764 0.099842 
 -0.373345 0.186522 0.124733 
 -0.365128 0.209056 0.186289 
 -0.367542 0.227237 0.186743 
 -0.363606 0.248241 0.223863 
 -0.366030 0.266492 0.224319 
 -0.295024 -0.538474 0.110544 
 -0.297423 -0.520410 0.110996 
 -0.304265 -0.502303 0.087041 
 -0.306658 -0.484286 0.087491 
 -0.313482 -0.466319 0.063532 
 -0.318082 -0.448397 0.051776 
 -0.320465 -0.430450 0.052224 
 -0.327261 -0.412694 0.028261 
 -0.329639 -0.394794 0.028708 
 -0.336416 -0.377178 0.004740 
 -0.338787 -0.359325 0.005186 
 -0.345546 -0.341849 -0.018784 
 -0.347911 -0.324043 -0.018339 
 -0.350276 -0.306236 -0.017895 
 -0.352641 -0.288430 -0.017450 
 -0.355006 -0.270623 -0.017005 
 -0.357371 -0.252817 -0.016560 
 -0.361911 -0.235339 -0.028327 
 -0.364273 -0.217556 -0.027883 
 -0.366635 -0.199773 -0.027439 
 -0.373329 -0.182789 -0.051422 
 -0.380010 -0.165899 -0.075407 
 -0.382359 -0.148209 -0.074966 
 -0.384709 -0.130520 -0.074524 
 -0.387058 -0.112830 -0.074082 
 -0.389408 -0.095141 -0.073640 
 -0.393904 -0.077991 -0.085415 
 -0.396251 -0.060325 -0.084974 
 -0.396456 -0.042072 -0.072314 
 -0.398806 -0.024383 -0.071872 
 -0.396886 -0.005426 -0.046992 
 -0.394978 0.013624 -0.022108 
 -0.395212 0.032087 -0.009443 
 -0.393326 0.051301 0.015444 
 -0.395697 0.069155 0.015890 
 -0.393830 0.088509 0.040781 
 -0.391975 0.107957 0.065674 
 -0.392246 0.126701 0.078345 
 -0.394633 0.144671 0.078794 
 -0.392806 0.164330 0.103693 
 -0.390992 0.184082 0.128594 
 -0.393391 0.202146 0.129045 
 -0.385303 0.224781 0.190629 
 -0.312670 -0.540914 0.114405 
 -0.315069 -0.522850 0.114857 
 -0.321866 -0.504737 0.090892 
 -0.324259 -0.486719 0.091342 
 -0.331038 -0.468746 0.067373 
 -0.335614 -0.450821 0.055612 
 -0.337998 -0.432874 0.056060 
 -0.344748 -0.415112 0.032087 
 -0.347125 -0.397212 0.032534 
 -0.353857 -0.379590 0.008556 
 -0.356228 -0.361736 0.009002 
 -0.358600 -0.343883 0.009448 
 -0.365306 -0.326448 -0.014533 
 -0.367671 -0.308642 -0.014089 
 -0.370036 -0.290835 -0.013644 
 -0.372401 -0.273029 -0.013199 
 -0.374766 -0.255222 -0.012754 
 -0.379284 -0.237742 -0.024526 
 -0.381646 -0.219959 -0.024082 
 -0.384007 -0.202175 -0.023638 
 -0.390655 -0.185185 -0.047631 
 -0.393011 -0.167449 -0.047188 
 -0.399640 -0.150599 -0.071185 
 -0.401990 -0.132909 -0.070743 
 -0.404339 -0.115220 -0.070301 
 -0.406689 -0.097530 -0.069859 
 -0.409038 -0.079841 -0.069417 
 -0.411387 -0.062151 -0.068975 
 -0.413737 -0.044462 -0.068533 
 -0.416086 -0.026772 -0.068092 
 -0.414212 -0.007822 -0.043201 
 -0.412350 0.011222 -0.018307 
 -0.414712 0.029005 -0.017863 
 -0.414972 0.047489 -0.005193 
 -0.413138 0.066743 0.019705 
 -0.407124 0.087586 0.069061 
 -0.407415 0.106303 0.081737 
 -0.405621 0.125862 0.106644 
 -0.408014 0.143879 0.107094 
 -0.406239 0.163578 0.132003 
 -0.408639 0.181642 0.132454 
 -0.411038 0.199706 0.132906 
 -0.337074 -0.525188 0.094293 
 -0.339467 -0.507170 0.094743 
 -0.341860 -0.489153 0.095193 
 -0.348593 -0.471174 0.071214 
 -0.350980 -0.453204 0.071663 
 -0.355530 -0.435299 0.059896 
 -0.362234 -0.417530 0.035913 
 -0.364612 -0.399630 0.036360 
 -0.366989 -0.381730 0.036807 
 -0.373669 -0.364148 0.012818 
 -0.376040 -0.346295 0.013264 
 -0.382701 -0.328854 -0.010728 
 -0.385066 -0.311047 -0.010283 
 -0.387432 -0.293241 -0.009838 
 -0.389797 -0.275434 -0.009393 
 -0.392162 -0.257628 -0.008948 
 -0.396656 -0.240144 -0.020725 
 -0.399018 -0.222361 -0.020281 
 -0.401380 -0.204578 -0.019837 
 -0.403742 -0.186795 -0.019393 
 -0.410338 -0.169845 -0.043397 
 -0.412693 -0.152108 -0.042954 
 -0.419270 -0.135299 -0.066962 
 -0.421620 -0.117609 -0.066520 
 -0.423969 -0.099920 -0.066078 
 -0.426319 -0.082230 -0.065636 
 -0.428668 -0.064541 -0.065194 
 -0.431018 -0.046851 -0.064753 
 -0.429183 -0.027954 -0.039853 
 -0.427361 -0.008964 -0.014951 
 -0.427637 0.009470 -0.002276 
 -0.432085 0.026603 -0.014062 
 -0.432367 0.045083 -0.001387 
 -0.434732 0.062890 -0.000942 
 -0.424656 0.085161 0.072897 
 -0.424970 0.103876 0.085578 
 -0.427356 0.121846 0.086027 
 -0.425615 0.141445 0.110945 
 -0.423886 0.161138 0.135864 
 -0.426285 0.179202 0.136315 
 -0.428684 0.197265 0.136767 
 -0.350363 -0.527731 0.122578 
 -0.357068 -0.509604 0.098594 
 -0.359461 -0.491587 0.099044 
 -0.366148 -0.473601 0.075055 
 -0.368535 -0.455631 0.075504 
 -0.373062 -0.437723 0.063732 
 -0.375446 -0.419776 0.064181 
 -0.382098 -0.402048 0.040186 
 -0.384476 -0.384148 0.040633 
 -0.386853 -0.366248 0.041080 
 -0.393481 -0.348707 0.017080 
 -0.395853 -0.330853 0.017526 
 -0.402462 -0.313453 -0.006477 
 -0.404827 -0.295646 -0.006032 
 -0.407192 -0.277839 -0.005587 
 -0.409557 -0.260033 -0.005142 
 -0.411922 -0.242226 -0.004698 
 -0.416390 -0.224763 -0.016480 
 -0.418752 -0.206980 -0.016036 
 -0.421114 -0.189197 -0.015592 
 -0.427664 -0.172241 -0.039607 
 -0.430020 -0.154504 -0.039163 
 -0.436551 -0.137689 -0.063181 
 -0.438901 -0.119999 -0.062739 
 -0.441250 -0.102310 -0.062297 
 -0.443600 -0.084620 -0.061855 
 -0.445949 -0.066931 -0.061414 
 -0.448299 -0.049241 -0.060972 
 -0.446510 -0.030350 -0.036062 
 -0.444733 -0.011366 -0.011150 
 -0.445032 0.007065 0.001529 
 -0.449457 0.024200 -0.010261 
 -0.449762 0.042678 0.002419 
 -0.443912 0.063355 0.051811 
 -0.442189 0.082737 0.076733 
 -0.442525 0.101448 0.089419 
 -0.444912 0.119418 0.089868 
 -0.443216 0.139011 0.114796 
 -0.441533 0.158697 0.139725 
 -0.443932 0.176761 0.140176 
 -0.446331 0.194825 0.140627 
 -0.368278 -0.512141 0.139114 
 -0.372808 -0.494043 0.127342 
 -0.375207 -0.475979 0.127793 
 -0.386090 -0.458059 0.079345 
 -0.388477 -0.440088 0.079793 
 -0.392978 -0.422201 0.068016 
 -0.395362 -0.404254 0.068465 
 -0.401963 -0.386566 0.044459 
 -0.404340 -0.368666 0.044906 
 -0.410922 -0.351118 0.020896 
 -0.413293 -0.333265 0.021342 
 -0.415665 -0.315412 0.021788 
 -0.418036 -0.297559 0.022234 
 -0.424587 -0.280245 -0.001781 
 -0.426952 -0.262438 -0.001337 
 -0.429317 -0.244632 -0.000892 
 -0.433762 -0.227166 -0.012679 
 -0.436124 -0.209382 -0.012235 
 -0.436412 -0.191212 0.000443 
 -0.440848 -0.173816 -0.011347 
 -0.443210 -0.156033 -0.010903 
 -0.453832 -0.140078 -0.059400 
 -0.452058 -0.121428 -0.034486 
 -0.450296 -0.102684 -0.009570 
 -0.456769 -0.085955 -0.033600 
 -0.463230 -0.069320 -0.057633 
 -0.461481 -0.050483 -0.032714 
 -0.459744 -0.031551 -0.007793 
 -0.460062 -0.013147 0.004891 
 -0.462427 0.004659 0.005335 
 -0.464792 0.022466 0.005780 
 -0.467157 0.040272 0.006225 
 -0.461399 0.060937 0.055637 
 -0.459721 0.080312 0.080569 
 -0.460080 0.099021 0.093260 
 -0.458424 0.118560 0.118197 
 -0.464854 0.134961 0.094158 
 -0.459179 0.156257 0.143586 
 -0.461578 0.174321 0.144037 
 -0.463978 0.192385 0.144488 
 -0.385947 -0.514585 0.142980 
 -0.390454 -0.496483 0.131203 
 -0.397056 -0.478438 0.107196 
 -0.399449 -0.460421 0.107646 
 -0.406032 -0.442516 0.083634 
 -0.408419 -0.424546 0.084083 
 -0.410805 -0.406575 0.084532 
 -0.415278 -0.388731 0.072749 
 -0.417662 -0.370785 0.073197 
 -0.424204 -0.353184 0.049179 
 -0.426581 -0.335284 0.049626 
 -0.428959 -0.317384 0.050073 
 -0.435477 -0.299970 0.026050 
 -0.437848 -0.282117 0.026496 
 -0.440219 -0.264264 0.026942 
 -0.446712 -0.247037 0.002914 
 -0.449077 -0.229231 0.003359 
 -0.451442 -0.211424 0.003804 
 -0.453807 -0.193618 0.004249 
 -0.456172 -0.175811 0.004693 
 -0.460582 -0.158435 -0.007102 
 -0.462944 -0.140652 -0.006657 
 -0.465306 -0.122869 -0.006213 
 -0.467668 -0.105086 -0.005769 
 -0.470030 -0.087303 -0.005325 
 -0.476452 -0.070615 -0.029366 
 -0.474754 -0.051737 -0.004436 
 -0.477116 -0.033954 -0.003992 
 -0.477457 -0.015553 0.008696 
 -0.479822 0.002254 0.009141 
 -0.478159 0.021389 0.034077 
 -0.480530 0.039242 0.034523 
 -0.478885 0.058518 0.059463 
 -0.477253 0.077888 0.084405 
 -0.477635 0.096593 0.097101 
 -0.476025 0.116126 0.122048 
 -0.482409 0.132534 0.097999 
 -0.484796 0.150504 0.098448 
 -0.487182 0.168474 0.098897 
 -0.489569 0.186444 0.099346 
 -0.408101 -0.498923 0.135064 
 -0.414657 -0.480872 0.111047 
 -0.417050 -0.462855 0.111497 
 -0.419443 -0.444838 0.111947 
 -0.425974 -0.426973 0.087924 
 -0.428361 -0.409003 0.088373 
 -0.430747 -0.391033 0.088822 
 -0.435194 -0.373209 0.077033 
 -0.437577 -0.355262 0.077481 
 -0.444068 -0.337702 0.053452 
 -0.446446 -0.319802 0.053899 
 -0.448823 -0.301902 0.054346 
 -0.455289 -0.284529 0.030312 
 -0.457660 -0.266675 0.030758 
 -0.464107 -0.249443 0.006720 
 -0.466472 -0.231636 0.007165 
 -0.468837 -0.213830 0.007610 
 -0.471202 -0.196023 0.008054 
 -0.473567 -0.178217 0.008499 
 -0.475932 -0.160410 0.008944 
 -0.478297 -0.142604 0.009389 
 -0.480662 -0.124797 0.009834 
 -0.483027 -0.106991 0.010278 
 -0.485392 -0.089184 0.010723 
 -0.489764 -0.071922 -0.001080 
 -0.490122 -0.053571 0.011613 
 -0.492487 -0.035765 0.012058 
 -0.490857 -0.016729 0.037001 
 -0.489240 0.002400 0.061948 
 -0.491617 0.020300 0.062395 
 -0.493995 0.038200 0.062842 
 -0.496372 0.056100 0.063289 
 -0.494786 0.075464 0.088241 
 -0.495190 0.094165 0.100942 
 -0.497577 0.112136 0.101391 
 -0.499964 0.130106 0.101840 
 -0.502351 0.148076 0.102289 
 -0.500804 0.167744 0.127249 
 -0.507124 0.184017 0.103186 
 -0.419572 -0.501425 0.175641 
 -0.426091 -0.483297 0.151616 
 -0.430546 -0.465236 0.139827 
 -0.437044 -0.447272 0.115798 
 -0.439437 -0.429255 0.116248 
 -0.441830 -0.411237 0.116698 
 -0.448303 -0.393460 0.092663 
 -0.450689 -0.375490 0.093112 
 -0.455110 -0.357687 0.081317 
 -0.457494 -0.339740 0.081766 
 -0.459877 -0.321793 0.082214 
 -0.462261 -0.303846 0.082662 
 -0.468687 -0.286420 0.058619 
 -0.475101 -0.269087 0.034573 
 -0.477472 -0.251234 0.035019 
 -0.483867 -0.234042 0.010971 
 -0.486232 -0.216235 0.011416 
 -0.488597 -0.198429 0.011860 
 -0.490963 -0.180622 0.012305 
 -0.493328 -0.162816 0.012750 
 -0.495693 -0.145009 0.013195 
 -0.494071 -0.126261 0.038141 
 -0.496442 -0.108407 0.038587 
 -0.502788 -0.091590 0.014529 
 -0.505153 -0.073783 0.014974 
 -0.507518 -0.055977 0.015419 
 -0.509883 -0.038170 0.015863 
 -0.508298 -0.019141 0.040817 
 -0.506726 -0.000018 0.065774 
 -0.509104 0.017882 0.066221 
 -0.507551 0.037145 0.091180 
 -0.509934 0.055092 0.091628 
 -0.510359 0.073767 0.104334 
 -0.508833 0.093241 0.129299 
 -0.511226 0.111258 0.129749 
 -0.517519 0.127678 0.105681 
 -0.519906 0.145649 0.106130 
 -0.518405 0.165310 0.131100 
 -0.437287 -0.503875 0.179517 
 -0.443761 -0.485740 0.155482 
 -0.448192 -0.467676 0.143688 
 -0.454644 -0.449706 0.119648 
 -0.457037 -0.431688 0.120099 
 -0.459430 -0.413671 0.120549 
 -0.461823 -0.395654 0.120999 
 -0.468245 -0.377918 0.096953 
 -0.470631 -0.359947 0.097402 
 -0.473018 -0.341977 0.097850 
 -0.475405 -0.324007 0.098299 
 -0.479793 -0.306270 0.086498 
 -0.486174 -0.288838 0.062445 
 -0.488551 -0.270938 0.062892 
 -0.494913 -0.253646 0.038835 
 -0.497284 -0.235792 0.039281 
 -0.499656 -0.217939 0.039727 
 -0.502027 -0.200086 0.040173 
 -0.504398 -0.182233 0.040619 
 -0.506769 -0.164379 0.041065 
 -0.509141 -0.146526 0.041511 
 -0.511512 -0.128673 0.041957 
 -0.513883 -0.110819 0.042403 
 -0.516254 -0.092966 0.042849 
 -0.518626 -0.075113 0.043295 
 -0.524913 -0.058382 0.019225 
 -0.527278 -0.040576 0.019669 
 -0.525739 -0.021553 0.044633 
 -0.520316 -0.001173 0.094119 
 -0.526590 0.015464 0.070047 
 -0.525083 0.034721 0.095016 
 -0.527467 0.052668 0.095464 
 -0.527914 0.071340 0.108175 
 -0.530301 0.089310 0.108624 
 -0.532688 0.107280 0.109073 
 -0.535074 0.125251 0.109522 
 -0.537461 0.143221 0.109970 
 -0.461430 -0.488184 0.159347 
 -0.463832 -0.470096 0.159799 
 -0.468238 -0.452052 0.148000 
 -0.470638 -0.433989 0.148451 
 -0.473037 -0.415925 0.148902 
 -0.479424 -0.398088 0.124850 
 -0.481817 -0.380071 0.125300 
 -0.484210 -0.362054 0.125750 
 -0.490573 -0.344405 0.101691 
 -0.492960 -0.326434 0.102140 
 -0.495347 -0.308464 0.102589 
 -0.499709 -0.290748 0.090782 
 -0.502093 -0.272801 0.091231 
 -0.504476 -0.254854 0.091679 
 -0.510793 -0.237556 0.067613 
 -0.517097 -0.220351 0.043543 
 -0.519468 -0.202498 0.043989 
 -0.521839 -0.184644 0.044435 
 -0.524210 -0.166791 0.044881 
 -0.526581 -0.148938 0.045327 
 -0.528953 -0.131084 0.045773 
 -0.531324 -0.113231 0.046219 
 -0.533695 -0.095378 0.046665 
 -0.536066 -0.077524 0.047111 
 -0.542308 -0.060788 0.023031 
 -0.544673 -0.042981 0.023475 
 -0.547038 -0.025175 0.023920 
 -0.537848 -0.003597 0.097955 
 -0.547923 0.011742 0.049341 
 -0.542615 0.032296 0.098852 
 -0.544999 0.050243 0.099300 
 -0.547383 0.068190 0.099749 
 -0.547856 0.086883 0.112465 
 -0.550243 0.104853 0.112914 
 -0.552629 0.122823 0.113362 
 -0.481502 -0.472540 0.163665 
 -0.483904 -0.454452 0.164117 
 -0.486306 -0.436365 0.164569 
 -0.488709 -0.418278 0.165021 
 -0.493083 -0.400301 0.153215 
 -0.499418 -0.382505 0.129151 
 -0.501811 -0.364488 0.129601 
 -0.504204 -0.346471 0.130051 
 -0.506597 -0.328454 0.130501 
 -0.512902 -0.310892 0.106430 
 -0.517241 -0.293172 0.094618 
 -0.519625 -0.275225 0.095067 
 -0.522009 -0.257278 0.095515 
 -0.524392 -0.239332 0.095963 
 -0.526776 -0.221385 0.096412 
 -0.533034 -0.204174 0.072333 
 -0.535412 -0.186273 0.072780 
 -0.537789 -0.168373 0.073227 
 -0.540166 -0.150473 0.073674 
 -0.542544 -0.132573 0.074121 
 -0.544921 -0.114673 0.074569 
 -0.551136 -0.097790 0.050481 
 -0.553507 -0.079936 0.050927 
 -0.559703 -0.063193 0.026836 
 -0.558250 -0.044230 0.051819 
 -0.564433 -0.027580 0.027726 
 -0.553477 -0.005397 0.114061 
 -0.569163 0.008033 0.028616 
 -0.571528 0.025839 0.029060 
 -0.573893 0.043646 0.029505 
 -0.564915 0.065766 0.103584 
 -0.495249 -0.474955 0.192051 
 -0.501574 -0.456896 0.167983 
 -0.503976 -0.438808 0.168435 
 -0.506378 -0.420721 0.168887 
 -0.510729 -0.402741 0.157076 
 -0.513128 -0.384677 0.157527 
 -0.515528 -0.366613 0.157978 
 -0.521805 -0.348905 0.133902 
 -0.524198 -0.330888 0.134352 
 -0.530457 -0.313319 0.110271 
 -0.532844 -0.295349 0.110720 
 -0.535231 -0.277379 0.111169 
 -0.539541 -0.259703 0.099351 
 -0.541925 -0.241756 0.099799 
 -0.544308 -0.223809 0.100247 
 -0.546692 -0.205862 0.100696 
 -0.552898 -0.188692 0.076606 
 -0.555276 -0.170791 0.077053 
 -0.557653 -0.152891 0.077500 
 -0.560031 -0.134991 0.077947 
 -0.562408 -0.117091 0.078394 
 -0.564785 -0.099191 0.078842 
 -0.567163 -0.081291 0.079289 
 -0.569540 -0.063391 0.079736 
 -0.575691 -0.046641 0.055635 
 -0.581828 -0.029986 0.031532 
 -0.571032 -0.007824 0.117902 
 -0.586558 0.005627 0.032421 
 -0.512965 -0.477405 0.195927 
 -0.515373 -0.459271 0.196380 
 -0.517782 -0.441137 0.196833 
 -0.520190 -0.423003 0.197286 
 -0.526450 -0.405077 0.173204 
 -0.530775 -0.387118 0.161388 
 -0.533174 -0.369054 0.161839 
 -0.539406 -0.351339 0.137752 
 -0.541799 -0.333321 0.138203 
 -0.548012 -0.315747 0.114112 
 -0.550399 -0.297776 0.114561 
 -0.559946 -0.225895 0.116356 
 -0.564224 -0.208287 0.104532 
 -0.566608 -0.190340 0.104980 
 -0.572762 -0.173210 0.080879 
 -0.571375 -0.154446 0.105877 
 -0.573759 -0.136499 0.106325 
 -0.579895 -0.119509 0.082220 
 -0.582272 -0.101609 0.082667 
 -0.584650 -0.083709 0.083115 
 -0.587027 -0.065809 0.083562 
 -0.535497 -0.443587 0.200708 
 -0.534094 -0.425297 0.225704 
 -0.540314 -0.407319 0.201614 
 -0.542722 -0.389184 0.202067 
 -0.559400 -0.335755 0.142053 
 -0.565567 -0.318174 0.117953 
 -0.580937 -0.173601 0.146104 
 -0.551854 -0.427753 0.229590 
 -0.554269 -0.409573 0.230045 
 -0.556684 -0.391392 0.230499 
 