0.933465 -0.355432 0.048086 
 0.933525 -0.338813 0.049673 
 0.933586 -0.322194 0.051259 
 0.933647 -0.305576 0.052845 
 0.933708 -0.288957 0.054432 
 0.916799 -0.372154 0.048226 
 0.916860 -0.355536 0.049813 
 0.916921 -0.338917 0.051399 
 0.916982 -0.322299 0.052985 
 0.911290 -0.302191 0.033126 
 0.911350 -0.285615 0.034708 
 0.911411 -0.269038 0.036290 
 0.900195 -0.372258 0.049953 
 0.900256 -0.355640 0.051539 
 0.900317 -0.339021 0.053125 
 0.900377 -0.322403 0.054712 
 0.900438 -0.305784 0.056298 
 0.894788 -0.285718 0.036430 
 0.900560 -0.272547 0.059471 
 0.900620 -0.255928 0.061057 
 0.900681 -0.239310 0.062643 
 0.883591 -0.372362 0.051679 
 0.877983 -0.352129 0.031822 
 0.878044 -0.335552 0.033405 
 0.883773 -0.322507 0.056438 
 0.883834 -0.305888 0.058024 
 0.878226 -0.285822 0.038152 
 0.878286 -0.269246 0.039734 
 0.884016 -0.256032 0.062783 
 0.884077 -0.239414 0.064370 
 0.884138 -0.222795 0.065956 
 0.884198 -0.206177 0.067542 
 0.884259 -0.189558 0.069129 
 0.852981 -0.346809 0.001373 
 0.853042 -0.330296 0.002949 
 0.853102 -0.313782 0.004526 
 0.858789 -0.300758 0.027562 
 0.858850 -0.284202 0.029142 
 0.861724 -0.269350 0.041456 
 0.861784 -0.252773 0.043038 
 0.867472 -0.239518 0.066096 
 0.867533 -0.222899 0.067682 
 0.861966 -0.203043 0.047785 
 0.862027 -0.186467 0.049367 
 0.862087 -0.169890 0.050950 
 0.836482 -0.346912 0.003088 
 0.830958 -0.326825 -0.016791 
 0.831018 -0.310354 -0.015219 
 0.836663 -0.297372 0.007817 
 0.836723 -0.280858 0.009394 
 0.845161 -0.269453 0.043178 
 0.845222 -0.252877 0.044760 
 0.845283 -0.236300 0.046342 
 0.850929 -0.223003 0.069408 
 0.845404 -0.203147 0.049507 
 0.845464 -0.186571 0.051089 
 0.845525 -0.169994 0.052672 
 0.819982 -0.347016 0.004804 
 0.814500 -0.326928 -0.015080 
 0.814560 -0.310457 -0.013508 
 0.820163 -0.297475 0.009533 
 0.820224 -0.280962 0.011109 
 0.825827 -0.267854 0.034162 
 0.828660 -0.252981 0.046482 
 0.828720 -0.236404 0.048064 
 0.834324 -0.223107 0.071135 
 0.834385 -0.206489 0.072721 
 0.834446 -0.189870 0.074307 
 0.834507 -0.173252 0.075894 
 0.798043 -0.327032 -0.013369 
 0.798103 -0.310560 -0.011796 
 0.803664 -0.297579 0.011248 
 0.803724 -0.281065 0.012824 
 0.809286 -0.267958 0.035882 
 0.812097 -0.253084 0.048204 
 0.812158 -0.236508 0.049786 
 0.817720 -0.223211 0.072861 
 0.812279 -0.203355 0.052951 
 0.812339 -0.186778 0.054533 
 0.812400 -0.170202 0.056116 
 0.786983 -0.347223 0.008235 
 0.781585 -0.327135 -0.011658 
 0.781645 -0.310663 -0.010085 
 0.787165 -0.297682 0.012963 
 0.787225 -0.281169 0.014540 
 0.787285 -0.264655 0.016116 
 0.792805 -0.251506 0.039182 
 0.795595 -0.236612 0.051508 
 0.795656 -0.220035 0.053091 
 0.795716 -0.203459 0.054673 
 0.795777 -0.186882 0.056255 
 0.795838 -0.170305 0.057838 
 0.795898 -0.153729 0.059420 
 0.770484 -0.347326 0.009950 
 0.765128 -0.327238 -0.009947 
 0.765188 -0.310766 -0.008374 
 0.765248 -0.294295 -0.006802 
 0.770725 -0.281272 0.016255 
 0.770786 -0.264759 0.017831 
 0.776264 -0.251610 0.040901 
 0.779033 -0.236716 0.053230 
 0.784511 -0.223420 0.076314 
 0.779154 -0.203562 0.056395 
 0.779215 -0.186986 0.057977 
 0.779275 -0.170409 0.059559 
 0.779336 -0.153833 0.061142 
 0.753924 -0.363943 0.010089 
 0.753984 -0.347430 0.011665 
 0.748670 -0.327341 -0.008236 
 0.748730 -0.310869 -0.006663 
 0.748791 -0.294398 -0.005091 
 0.754226 -0.281375 0.017971 
 0.754286 -0.264862 0.019547 
 0.759722 -0.251713 0.042621 
 0.762470 -0.236819 0.054952 
 0.762531 -0.220243 0.056534 
 0.762592 -0.203666 0.058117 
 0.759964 -0.185491 0.048942 
 0.760025 -0.168936 0.050523 
 0.760085 -0.152380 0.052103 
 0.737485 -0.347533 0.013381 
 0.732213 -0.327444 -0.006525 
 0.732273 -0.310973 -0.004952 
 0.732333 -0.294501 -0.003380 
 0.737727 -0.281479 0.019686 
 0.737787 -0.264965 0.021262 
 0.743181 -0.251817 0.044341 
 0.745908 -0.236923 0.056674 
 0.745969 -0.220347 0.058256 
 0.746029 -0.203770 0.059839 
 0.743423 -0.185595 0.050662 
 0.743483 -0.169039 0.052243 
 0.743544 -0.152484 0.053823 
 0.726276 -0.351254 0.036579 
 0.721046 -0.331123 0.016672 
 0.721106 -0.314609 0.018249 
 0.721167 -0.298096 0.019825 
 0.721227 -0.281582 0.021401 
 0.721287 -0.265069 0.022978 
 0.721348 -0.248555 0.024554 
 0.726700 -0.235365 0.047641 
 0.726760 -0.218810 0.049221 
 0.729467 -0.203874 0.061561 
 0.726881 -0.185699 0.052382 
 0.726942 -0.169143 0.053962 
 0.727002 -0.152587 0.055543 
 0.727063 -0.136032 0.057123 
 0.717547 -0.373403 0.068942 
 0.712359 -0.353167 0.049042 
 0.709795 -0.334802 0.039879 
 0.709856 -0.318247 0.041459 
 0.709916 -0.301691 0.043040 
 0.709977 -0.285136 0.044620 
 0.710037 -0.268580 0.046200 
 0.710098 -0.252024 0.047781 
 0.710158 -0.235469 0.049361 
 0.712844 -0.220554 0.061700 
 0.712904 -0.203978 0.063283 
 0.710340 -0.185802 0.054102 
 0.710400 -0.169247 0.055682 
 0.710461 -0.152691 0.057262 
 0.710522 -0.136136 0.058843 
 0.700942 -0.373507 0.070668 
 0.695796 -0.353271 0.050764 
 0.695857 -0.336694 0.052346 
 0.695918 -0.320117 0.053928 
 0.693375 -0.301795 0.044759 
 0.693435 -0.285239 0.046340 
 0.693496 -0.268684 0.047920 
 0.693556 -0.252128 0.049500 
 0.693617 -0.235573 0.051081 
 0.693677 -0.219017 0.052661 
 0.696342 -0.204081 0.065005 
 0.693799 -0.185906 0.055821 
 0.693859 -0.169350 0.057402 
 0.693920 -0.152795 0.058982 
 0.693980 -0.136239 0.060562 
 0.684338 -0.373611 0.072395 
 0.679234 -0.353374 0.052486 
 0.679295 -0.336798 0.054068 
 0.679355 -0.320221 0.055650 
 0.676833 -0.301899 0.046479 
 0.676894 -0.285343 0.048059 
 0.676954 -0.268787 0.049640 
 0.677015 -0.252232 0.051220 
 0.677076 -0.235676 0.052800 
 0.677136 -0.219121 0.054381 
 0.677197 -0.202565 0.055961 
 0.677257 -0.186010 0.057541 
 0.677318 -0.169454 0.059122 
 0.677378 -0.152899 0.060702 
 0.677439 -0.136343 0.062282 
 0.667733 -0.373715 0.074121 
 0.667794 -0.357097 0.075707 
 0.662732 -0.336902 0.055790 
 0.662793 -0.320325 0.057372 
 0.662854 -0.303748 0.058955 
 0.660353 -0.285447 0.049779 
 0.660413 -0.268891 0.051359 
 0.660474 -0.252336 0.052940 
 0.660534 -0.235780 0.054520 
 0.660595 -0.219224 0.056100 
 0.660655 -0.202669 0.057681 
 0.660716 -0.186113 0.059261 
 0.660776 -0.169558 0.060841 
 0.660837 -0.153002 0.062422 
 0.651129 -0.373819 0.075847 
 0.651190 -0.357201 0.077434 
 0.651251 -0.340582 0.079020 
 0.646230 -0.320429 0.059094 
 0.646291 -0.303852 0.060677 
 0.646352 -0.287276 0.062259 
 0.643872 -0.268995 0.053079 
 0.646473 -0.254123 0.065423 
 0.643993 -0.235884 0.056240 
 0.644053 -0.219328 0.057820 
 0.644114 -0.202773 0.059400 
 0.644174 -0.186217 0.060981 
 0.644235 -0.169661 0.062561 
 0.639563 -0.377585 0.099078 
 0.634585 -0.357305 0.079160 
 0.634646 -0.340686 0.080746 
 0.629668 -0.320533 0.060816 
 0.629729 -0.303956 0.062398 
 0.629789 -0.287380 0.063981 
 0.629850 -0.270803 0.065563 
 0.629910 -0.254226 0.067145 
 0.627451 -0.235987 0.057960 
 0.630032 -0.221073 0.070310 
 0.630092 -0.204497 0.071892 
 0.630153 -0.187920 0.073475 
 0.627693 -0.169765 0.064281 
 0.622917 -0.377689 0.100809 
 0.617981 -0.357409 0.080886 
 0.618042 -0.340790 0.082473 
 0.613106 -0.320636 0.062538 
 0.613166 -0.304060 0.064120 
 0.613227 -0.287483 0.065703 
 0.613287 -0.270907 0.067285 
 0.613348 -0.254330 0.068867 
 0.613409 -0.237754 0.070450 
 0.613469 -0.221177 0.072032 
 0.618528 -0.207842 0.095163 
 0.618588 -0.191223 0.096749 
 0.601316 -0.374132 0.081026 
 0.601377 -0.357513 0.082613 
 0.601437 -0.340894 0.084199 
 0.596543 -0.320740 0.064260 
 0.596604 -0.304164 0.065842 
 0.596664 -0.287587 0.067425 
 0.596725 -0.271011 0.069007 
 0.596786 -0.254434 0.070589 
 0.596846 -0.237857 0.072172 
 0.596907 -0.221281 0.073754 
 0.596967 -0.204704 0.075336 
 0.597028 -0.188128 0.076919 
 0.589563 -0.394558 0.102680 
 0.589624 -0.377898 0.104270 
 0.584772 -0.357617 0.084339 
 0.584833 -0.340999 0.085925 
 0.584894 -0.324380 0.087511 
 0.584955 -0.307761 0.089098 
 0.580102 -0.287691 0.069147 
 0.580163 -0.271114 0.070729 
 0.580223 -0.254538 0.072311 
 0.580284 -0.237961 0.073894 
 0.580344 -0.221385 0.075476 
 0.585319 -0.208050 0.098616 
 0.585380 -0.191431 0.100202 
 0.572917 -0.394663 0.104411 
 0.572978 -0.378002 0.106001 
 0.573038 -0.361342 0.107591 
 0.568229 -0.341103 0.087651 
 0.568289 -0.324484 0.089238 
 0.568350 -0.307866 0.090824 
 0.568411 -0.291247 0.092410 
 0.568472 -0.274628 0.093997 
 0.563661 -0.254642 0.074033 
 0.568593 -0.241391 0.097169 
 0.563782 -0.221489 0.077198 
 0.561406 -0.203291 0.067999 
 0.561467 -0.186735 0.069580 
 0.556270 -0.394767 0.106141 
 0.556331 -0.378106 0.107732 
 0.556392 -0.361446 0.109322 
 0.551624 -0.341207 0.089378 
 0.551685 -0.324588 0.090964 
 0.551746 -0.307970 0.092550 
 0.551806 -0.291351 0.094137 
 0.551867 -0.274732 0.095723 
 0.551928 -0.258114 0.097309 
 0.551989 -0.241495 0.098896 
 0.552049 -0.224877 0.100482 
 0.552110 -0.208258 0.102068 
 0.544926 -0.186839 0.071299 
 0.549197 -0.402281 0.150926 
 0.539685 -0.378211 0.109462 
 0.539746 -0.361550 0.111053 
 0.539807 -0.344890 0.112643 
 0.535080 -0.324692 0.092690 
 0.535141 -0.308074 0.094277 
 0.535202 -0.291455 0.095863 
 0.535263 -0.274836 0.097449 
 0.535324 -0.258218 0.099036 
 0.540172 -0.244926 0.122185 
 0.540233 -0.228265 0.123775 
 0.540294 -0.211605 0.125366 
 0.532466 -0.402386 0.152665 
 0.527783 -0.381978 0.132728 
 0.523099 -0.361655 0.112783 
 0.523160 -0.344994 0.114374 
 0.518476 -0.324796 0.094417 
 0.523282 -0.311673 0.117554 
 0.518598 -0.291559 0.097589 
 0.518658 -0.274941 0.099176 
 0.518719 -0.258322 0.100762 
 0.523526 -0.245030 0.123916 
 0.523587 -0.228370 0.125506 
 0.523647 -0.211709 0.127096 
 0.511034 -0.398785 0.132869 
 0.511095 -0.382083 0.134463 
 0.506453 -0.361759 0.114514 
 0.506514 -0.345098 0.116104 
 0.501872 -0.324900 0.096143 
 0.506636 -0.311777 0.119285 
 0.501993 -0.291663 0.099316 
 0.502054 -0.275045 0.100902 
 0.502115 -0.258426 0.102488 
 0.506879 -0.245135 0.125646 
 0.506940 -0.228474 0.127237 
 0.507001 -0.211814 0.128827 
 0.499006 -0.402596 0.156144 
 0.499067 -0.385851 0.157742 
 0.494467 -0.365485 0.137792 
 0.494528 -0.348782 0.139387 
 0.489928 -0.328542 0.119425 
 0.489989 -0.311881 0.121016 
 0.490050 -0.295221 0.122606 
 0.490111 -0.278560 0.124196 
 0.490172 -0.261900 0.125787 
 0.490233 -0.245239 0.127377 
 0.490294 -0.228578 0.128967 
 0.490355 -0.211918 0.130558 
 0.484523 -0.421319 0.167055 
 0.484584 -0.404553 0.168655 
 0.482336 -0.385956 0.159482 
 0.477779 -0.365589 0.139527 
 0.477840 -0.348887 0.141122 
 0.477901 -0.332184 0.142716 
 0.473343 -0.311986 0.122746 
 0.473404 -0.295325 0.124337 
 0.473465 -0.278665 0.125927 
 0.473526 -0.262004 0.127517 
 0.473587 -0.245343 0.129108 
 0.473647 -0.228683 0.130698 
 0.473708 -0.212022 0.132288 
 0.467772 -0.421424 0.168797 
 0.467833 -0.404658 0.170397 
 0.465606 -0.386061 0.161221 
 0.465667 -0.369316 0.162819 
 0.465729 -0.352571 0.164418 
 0.461213 -0.332289 0.144451 
 0.461274 -0.315586 0.146046 
 0.461335 -0.298884 0.147640 
 0.456818 -0.278769 0.127658 
 0.456879 -0.262108 0.129248 
 0.461518 -0.248776 0.152423 
 0.457001 -0.228787 0.132429 
 0.457062 -0.212127 0.134019 
 0.451020 -0.421529 0.170538 
 0.451082 -0.404763 0.172138 
 0.448876 -0.386166 0.162960 
 0.448937 -0.369421 0.164559 
 0.448998 -0.352676 0.166157 
 0.449059 -0.335932 0.167756 
 0.444585 -0.315691 0.147781 
 0.444646 -0.298988 0.149375 
 0.440172 -0.278873 0.129388 
 0.440233 -0.262213 0.130979 
 0.440294 -0.245552 0.132569 
 0.435819 -0.225605 0.112566 
 0.440416 -0.212231 0.135750 
 0.440476 -0.195570 0.137340 
 0.434269 -0.421634 0.172280 
 0.432084 -0.403015 0.163102 
 0.432145 -0.386270 0.164700 
 0.432207 -0.369526 0.166298 
 0.432268 -0.352781 0.167897 
 0.427836 -0.332498 0.147921 
 0.427897 -0.315795 0.149516 
 0.423465 -0.295638 0.129529 
 0.423526 -0.278978 0.131119 
 0.423586 -0.262317 0.132709 
 0.423647 -0.245656 0.134300 
 0.419214 -0.225709 0.114292 
 0.423769 -0.212335 0.137480 
 0.423830 -0.195675 0.139071 
 0.417456 -0.438505 0.172421 
 0.417518 -0.421739 0.174021 
 0.415354 -0.403120 0.164841 
 0.415415 -0.386375 0.166439 
 0.415476 -0.369631 0.168038 
 0.415538 -0.352886 0.169636 
 0.411148 -0.332603 0.149656 
 0.411209 -0.315900 0.151251 
 0.406818 -0.295743 0.131259 
 0.406879 -0.279082 0.132850 
 0.406940 -0.262421 0.134440 
 0.407001 -0.245761 0.136030 
 0.402610 -0.225813 0.116019 
 0.402670 -0.209195 0.117605 
 0.407184 -0.195779 0.140801 
 0.400705 -0.438610 0.174163 
 0.400766 -0.421844 0.175763 
 0.398624 -0.403225 0.166580 
 0.398685 -0.386480 0.168179 
 0.398746 -0.369736 0.169777 
 0.398807 -0.352991 0.171375 
 0.394459 -0.332707 0.151391 
 0.394520 -0.316005 0.152986 
 0.394581 -0.299302 0.154580 
 0.394642 -0.282599 0.156174 
 0.390294 -0.262526 0.136171 
 0.394765 -0.249194 0.159363 
 0.394826 -0.232491 0.160957 
 0.386066 -0.209299 0.119331 
 0.383892 -0.455480 0.174304 
 0.383954 -0.438715 0.175904 
 0.381832 -0.420074 0.166721 
 0.381893 -0.403330 0.168320 
 0.377588 -0.382920 0.148343 
 0.377649 -0.366217 0.149938 
 0.377710 -0.349514 0.151532 
 0.373404 -0.329272 0.131540 
 0.369097 -0.309114 0.111540 
 0.373525 -0.295951 0.134721 
 0.369219 -0.275877 0.114712 
 0.369280 -0.259259 0.116299 
 0.378076 -0.249299 0.161098 
 0.378137 -0.232596 0.162692 
 0.367141 -0.455585 0.176045 
 0.365040 -0.436924 0.166862 
 0.365102 -0.420179 0.168461 
 0.360838 -0.399727 0.148484 
 0.352250 -0.375693 0.106921 
 0.352311 -0.359074 0.108507 
 0.356696 -0.346037 0.131681 
 0.352432 -0.325837 0.111680 
 0.348168 -0.305721 0.091671 
 0.348228 -0.289144 0.093254 
 0.348289 -0.272568 0.094836 
 0.348349 -0.255991 0.096418 
 0.303341 -0.107642 -0.119672 
 0.301237 -0.089989 -0.128951 
 0.303459 -0.075372 -0.116592 
 0.303518 -0.059236 -0.115052 
 0.350328 -0.472456 0.176187 
 0.348249 -0.453773 0.167003 
 0.348310 -0.437029 0.168602 
 0.344089 -0.416534 0.148625 
 0.335585 -0.392415 0.107061 
 0.324938 -0.366632 0.054689 
 0.320716 -0.346495 0.034679 
 0.320776 -0.330023 0.036251 
 0.325120 -0.317091 0.059418 
 0.316613 -0.293582 0.017797 
 0.316673 -0.277153 0.019365 
 0.331726 -0.272672 0.096558 
 0.331787 -0.256095 0.098140 
 0.287220 -0.107743 -0.117996 
 0.291564 -0.094644 -0.094812 
 0.287338 -0.075473 -0.114916 
 0.287397 -0.059337 -0.113376 
 0.291741 -0.046112 -0.090180 
 0.296086 -0.032802 -0.066977 
 0.296145 -0.016582 -0.065428 
 0.296205 -0.000363 -0.063880 
 0.296264 0.015856 -0.062332 
 0.333516 -0.489327 0.176328 
 0.327217 -0.466746 0.145577 
 0.323038 -0.446210 0.125600 
 0.318859 -0.425757 0.105614 
 0.314679 -0.405388 0.085621 
 0.312619 -0.386957 0.076412 
 0.304198 -0.363069 0.034818 
 0.304259 -0.346598 0.036390 
 0.293716 -0.321171 -0.016027 
 0.289535 -0.301264 -0.036064 
 0.289594 -0.284940 -0.034506 
 0.289654 -0.268615 -0.032948 
 0.285472 -0.248877 -0.053001 
 0.285532 -0.232594 -0.051447 
 0.264616 -0.135372 -0.151853 
 0.264675 -0.119300 -0.150319 
 0.271098 -0.107844 -0.116320 
 0.271157 -0.091709 -0.114780 
 0.271216 -0.075574 -0.113240 
 0.271275 -0.059438 -0.111699 
 0.271334 -0.043303 -0.110159 
 0.271393 -0.027168 -0.108619 
 0.275696 -0.013858 -0.085411 
 0.275755 0.002319 -0.083867 
 0.275814 0.018497 -0.082322 
 0.277115 0.374399 -0.048350 
 0.277175 0.390576 -0.046806 
 0.277234 0.406754 -0.045262 
 0.314666 -0.487472 0.167286 
 0.306331 -0.462974 0.125740 
 0.306392 -0.446314 0.127331 
 0.298056 -0.422068 0.085761 
 0.296017 -0.403616 0.076552 
 0.287681 -0.379644 0.034956 
 0.283542 -0.359506 0.014937 
 0.279403 -0.339452 -0.005091 
 0.277364 -0.321273 -0.014327 
 0.273224 -0.301366 -0.034369 
 0.269085 -0.281543 -0.054418 
 0.269144 -0.265261 -0.052864 
 0.265004 -0.245564 -0.072925 
 0.269263 -0.232696 -0.049755 
 0.269323 -0.216414 -0.048201 
 0.254681 -0.188622 -0.122345 
 0.254740 -0.172487 -0.120805 
 0.254799 -0.156352 -0.119264 
 0.248558 -0.135473 -0.150184 
 0.248616 -0.119400 -0.148650 
 0.252876 -0.106406 -0.125468 
 0.252935 -0.090292 -0.123930 
 0.252994 -0.074178 -0.122391 
 0.244650 -0.052159 -0.164173 
 0.253112 -0.041949 -0.119315 
 0.253171 -0.025835 -0.117777 
 0.253229 -0.009720 -0.116239 
 0.253288 0.006394 -0.114701 
 0.253347 0.022508 -0.113162 
 0.249204 0.041323 -0.133308 
 0.249263 0.057395 -0.131774 
 0.253524 0.070851 -0.108548 
 0.255684 0.085679 -0.096162 
 0.255743 0.101814 -0.094621 
 0.270573 0.125517 -0.015562 
 0.270632 0.141800 -0.014008 
 0.270692 0.158082 -0.012454 
 0.266548 0.176686 -0.032619 
 0.266607 0.192927 -0.031069 
 0.264564 0.210286 -0.040384 
 0.264624 0.226505 -0.038835 
 0.264683 0.242725 -0.037287 
 0.264920 0.307602 -0.031094 
 0.264979 0.323822 -0.029546 
 0.265039 0.340041 -0.027998 
 0.260893 0.358120 -0.048214 
 0.260952 0.374298 -0.046670 
 0.261011 0.390475 -0.045125 
 0.261070 0.406652 -0.043581 
 0.261129 0.422830 -0.042037 
 0.299952 -0.506302 0.178211 
 0.297935 -0.487577 0.169025 
 0.289684 -0.463079 0.127471 
 0.285589 -0.442583 0.107481 
 0.279415 -0.420276 0.076691 
 0.271163 -0.396218 0.035095 
 0.267067 -0.376038 0.015075 
 0.267127 -0.359609 0.016644 
 0.263030 -0.339555 -0.003389 
 0.256854 -0.317793 -0.034231 
 0.256914 -0.301469 -0.032673 
 0.252816 -0.281645 -0.052726 
 0.252876 -0.265363 -0.051172 
 0.248777 -0.245666 -0.071238 
 0.248837 -0.229426 -0.069688 
 0.248896 -0.213185 -0.068138 
 0.236481 -0.187079 -0.131485 
 0.232381 -0.167718 -0.151583 
 0.232440 -0.151646 -0.150048 
 0.232499 -0.135573 -0.148514 
 0.228399 -0.116381 -0.168629 
 0.232616 -0.103429 -0.145446 
 0.232675 -0.087356 -0.143912 
 0.232734 -0.071284 -0.142378 
 0.228633 -0.052259 -0.162508 
 0.232852 -0.039140 -0.139309 
 0.232910 -0.023067 -0.137775 
 0.237129 -0.009821 -0.114565 
 0.237188 0.006293 -0.113027 
 0.233087 0.025150 -0.133173 
 0.233145 0.041222 -0.131638 
 0.233204 0.057294 -0.130104 
 0.233263 0.073367 -0.128570 
 0.233322 0.089439 -0.127036 
 0.237541 0.102979 -0.103797 
 0.237600 0.119094 -0.102259 
 0.248062 0.129087 -0.046440 
 0.250202 0.144104 -0.034033 
 0.254423 0.157980 -0.010762 
 0.250321 0.176585 -0.030932 
 0.254542 0.190545 -0.007654 
 0.248359 0.210184 -0.038699 
 0.248418 0.226404 -0.037151 
 0.248477 0.242623 -0.035602 
 0.248537 0.258843 -0.034054 
 0.244433 0.277132 -0.054254 
 0.244493 0.293309 -0.052710 
 0.244552 0.309487 -0.051166 
 0.244611 0.325664 -0.049622 
 0.244670 0.341842 -0.048077 
 0.244729 0.358019 -0.046533 
 0.244788 0.374196 -0.044989 
 0.244847 0.390374 -0.043445 
 0.249070 0.404817 -0.020120 
 0.249130 0.421037 -0.018572 
 0.249189 0.437256 -0.017024 
 0.251331 0.452671 -0.004579 
 0.251390 0.468912 -0.003029 
 0.287253 -0.527176 0.199920 
 0.283201 -0.506407 0.179952 
 0.277091 -0.483763 0.149188 
 0.273038 -0.463183 0.129202 
 0.268985 -0.442687 0.109207 
 0.258760 -0.416586 0.056822 
 0.254705 -0.396322 0.036806 
 0.250651 -0.376141 0.016782 
 0.246596 -0.356045 -0.003251 
 0.244599 -0.337845 -0.012489 
 0.240543 -0.317895 -0.032535 
 0.236488 -0.298030 -0.052589 
 0.236547 -0.281747 -0.051035 
 0.236607 -0.265465 -0.049481 
 0.230493 -0.244060 -0.080364 
 0.230552 -0.227841 -0.078816 
 0.220321 -0.203294 -0.131349 
 0.216264 -0.183891 -0.151447 
 0.216323 -0.167819 -0.149913 
 0.216382 -0.151746 -0.148379 
 0.212324 -0.132511 -0.168494 
 0.212382 -0.116481 -0.166964 
 0.212441 -0.100451 -0.165434 
 0.216617 -0.087457 -0.142242 
 0.216675 -0.071385 -0.140708 
 0.212617 -0.052360 -0.160843 
 0.212675 -0.036329 -0.159313 
 0.216852 -0.023168 -0.136106 
 0.221028 -0.009922 -0.112891 
 0.221087 0.006192 -0.111353 
 0.217028 0.025049 -0.131503 
 0.217087 0.041121 -0.129969 
 0.217146 0.057194 -0.128435 
 0.217204 0.073266 -0.126900 
 0.217263 0.089338 -0.125366 
 0.221441 0.102878 -0.102124 
 0.221500 0.118993 -0.100585 
 0.223618 0.133883 -0.088189 
 0.231916 0.145205 -0.043207 
 0.231975 0.161425 -0.041659 
 0.232035 0.177644 -0.040110 
 0.234154 0.192723 -0.027695 
 0.232153 0.210083 -0.037014 
 0.232212 0.226302 -0.035466 
 0.232272 0.242522 -0.033918 
 0.232331 0.258741 -0.032369 
 0.232390 0.274960 -0.030821 
 0.232450 0.291180 -0.029273 
 0.228388 0.309385 -0.049485 
 0.228447 0.325563 -0.047941 
 0.228506 0.341740 -0.046397 
 0.228566 0.357918 -0.044853 
 0.228625 0.374095 -0.043309 
 0.232806 0.388496 -0.019984 
 0.232865 0.404716 -0.018435 
 0.232924 0.420935 -0.016887 
 0.232983 0.437154 -0.015339 
 0.233043 0.453374 -0.013791 
 0.235163 0.468810 -0.001341 
 0.235223 0.485051 0.000209 
 0.266388 -0.523278 0.180093 
 0.264413 -0.504532 0.170905 
 0.256331 -0.479948 0.129342 
 0.252320 -0.459410 0.109347 
 0.248308 -0.438956 0.089345 
 0.242260 -0.416690 0.058537 
 0.238248 -0.396425 0.038517 
 0.230163 -0.372535 -0.003113 
 0.228186 -0.354314 -0.012351 
 0.224173 -0.334322 -0.032398 
 0.220160 -0.314414 -0.052452 
 0.220219 -0.298132 -0.050898 
 0.216205 -0.278350 -0.070964 
 0.216265 -0.262110 -0.069414 
 0.210214 -0.240747 -0.100308 
 0.204162 -0.219510 -0.131213 
 0.200147 -0.200064 -0.151312 
 0.196131 -0.180703 -0.171419 
 0.196190 -0.164672 -0.169889 
 0.196248 -0.148642 -0.168359 
 0.196307 -0.132612 -0.166829 
 0.196366 -0.116581 -0.165299 
 0.196424 -0.100551 -0.163768 
 0.196483 -0.084521 -0.162238 
 0.196541 -0.068490 -0.160708 
 0.196600 -0.052460 -0.159178 
 0.196659 -0.036430 -0.157648 
 0.200793 -0.023268 -0.134436 
 0.200852 -0.007196 -0.132902 
 0.200911 0.008876 -0.131368 
 0.200969 0.024948 -0.129833 
 0.201028 0.041021 -0.128299 
 0.201087 0.057093 -0.126765 
 0.201146 0.073165 -0.125231 
 0.197128 0.091813 -0.145406 
 0.205340 0.102777 -0.100450 
 0.201322 0.121382 -0.120628 
 0.207497 0.133782 -0.086513 
 0.207556 0.149917 -0.084973 
 0.211692 0.163688 -0.061703 
 0.211751 0.179865 -0.060159 
 0.211810 0.196043 -0.058614 
 0.211870 0.212220 -0.057070 
 0.211929 0.228397 -0.055526 
 0.211988 0.244575 -0.053982 
 0.212047 0.260752 -0.052438 
 0.212106 0.276929 -0.050893 
 0.212165 0.293107 -0.049349 
 0.212224 0.309284 -0.047805 
 0.212284 0.325462 -0.046261 
 0.212343 0.341639 -0.044717 
 0.212402 0.357816 -0.043172 
 0.212461 0.373994 -0.041628 
 0.216600 0.388395 -0.018299 
 0.216659 0.404614 -0.016751 
 0.216719 0.420833 -0.015202 
 0.216778 0.437053 -0.013654 
 0.216837 0.453272 -0.012106 
 0.218937 0.468708 0.000346 
 0.218996 0.484949 0.001896 
 0.219056 0.501189 0.003446 
 0.219115 0.517430 0.004996 
 0.217134 0.534369 -0.004365 
 0.217193 0.550589 -0.002817 
 0.247622 -0.521381 0.171046 
 0.239623 -0.496713 0.129482 
 0.235654 -0.476133 0.109487 
 0.235715 -0.459514 0.111073 
 0.229731 -0.437142 0.080270 
 0.221730 -0.413000 0.038656 
 0.217760 -0.392776 0.018627 
 0.211774 -0.370783 -0.012213 
 0.211834 -0.354416 -0.010651 
 0.207863 -0.334424 -0.030702 
 0.203891 -0.314516 -0.050761 
 0.199920 -0.294692 -0.070828 
 0.197963 -0.276702 -0.080091 
 0.198022 -0.260483 -0.078542 
 0.190018 -0.237433 -0.120261 
 0.184029 -0.216237 -0.151176 
 0.180056 -0.196833 -0.171284 
 0.180115 -0.180803 -0.169754 
 0.180173 -0.164773 -0.168224 
 0.180232 -0.148742 -0.166694 
 0.180290 -0.132712 -0.165163 
 0.180349 -0.116682 -0.163633 
 0.180408 -0.100651 -0.162103 
 0.180466 -0.084621 -0.160573 
 0.180525 -0.068591 -0.159043 
 0.176550 -0.049607 -0.179190 
 0.180642 -0.036530 -0.155983 
 0.180701 -0.020500 -0.154452 
 0.184793 -0.007297 -0.131232 
 0.184852 0.008776 -0.129698 
 0.184911 0.024848 -0.128164 
 0.184969 0.040920 -0.126630 
 0.180994 0.059652 -0.146802 
 0.185087 0.073065 -0.123561 
 0.181111 0.091712 -0.143741 
 0.185205 0.105209 -0.120493 
 0.185263 0.121282 -0.118959 
 0.189357 0.134905 -0.095699 
 0.191434 0.149816 -0.083296 
 0.191493 0.165951 -0.081756 
 0.195588 0.179764 -0.058478 
 0.195647 0.195941 -0.056934 
 0.195706 0.212119 -0.055390 
 0.195765 0.228296 -0.053845 
 0.191788 0.246628 -0.074055 
 0.191847 0.262764 -0.072515 
 0.195943 0.276828 -0.049213 
 0.196002 0.293005 -0.047669 
 0.196061 0.309183 -0.046124 
 0.196120 0.325360 -0.044580 
 0.196179 0.341538 -0.043036 
 0.196238 0.357715 -0.041492 
 0.196298 0.373892 -0.039948 
 0.200394 0.388293 -0.016614 
 0.200454 0.404512 -0.015066 
 0.200513 0.420732 -0.013518 
 0.200572 0.436951 -0.011969 
 0.202651 0.452366 0.000482 
 0.202710 0.468607 0.002033 
 0.202770 0.484847 0.003583 
 0.202829 0.501088 0.005133 
 0.200869 0.518048 -0.004228 
 0.200928 0.534268 -0.002680 
 0.200987 0.550487 -0.001132 
 0.201047 0.566706 0.000416 
 0.201106 0.582926 0.001965 
 0.201165 0.599145 0.003513 
 0.201225 0.615365 0.005061 
 0.201284 0.631584 0.006609 
 0.226904 -0.517482 0.151204 
 0.222977 -0.496817 0.131213 
 0.219050 -0.476237 0.111213 
 0.219111 -0.459618 0.112800 
 0.213189 -0.437246 0.081990 
 0.205273 -0.413103 0.040367 
 0.201345 -0.392879 0.020334 
 0.195422 -0.370885 -0.010513 
 0.191492 -0.350851 -0.030565 
 0.191552 -0.334526 -0.029006 
 0.183634 -0.311034 -0.070691 
 0.183693 -0.294794 -0.069141 
 0.181758 -0.276804 -0.078406 
 0.177827 -0.257127 -0.098491 
 0.173897 -0.237534 -0.118585 
 0.163981 -0.212964 -0.171149 
 0.164039 -0.196934 -0.169619 
 0.164098 -0.180903 -0.168089 
 0.164157 -0.164873 -0.166559 
 0.164215 -0.148843 -0.165028 
 0.160283 -0.129649 -0.185160 
 0.160342 -0.113661 -0.183634 
 0.164391 -0.100752 -0.160438 
 0.164450 -0.084722 -0.158908 
 0.164508 -0.068691 -0.157378 
 0.160575 -0.049707 -0.177529 
 0.160634 -0.033719 -0.176003 
 0.164684 -0.020600 -0.152787 
 0.168735 -0.007397 -0.129563 
 0.168793 0.008675 -0.128028 
 0.164860 0.027491 -0.148197 
 0.164918 0.043521 -0.146666 
 0.168970 0.056892 -0.123426 
 0.169028 0.072964 -0.121892 
 0.169087 0.089036 -0.120358 
 0.169146 0.105109 -0.118823 
 0.169205 0.121181 -0.117289 
 0.173257 0.134804 -0.094025 
 0.175312 0.149715 -0.081620 
 0.175371 0.165850 -0.080080 
 0.175430 0.181986 -0.078540 
 0.175489 0.198121 -0.077000 
 0.175548 0.214256 -0.075460 
 0.175607 0.230392 -0.073919 
 0.175666 0.246527 -0.072379 
 0.175725 0.262663 -0.070839 
 0.175784 0.278798 -0.069299 
 0.179838 0.292904 -0.045988 
 0.179897 0.309082 -0.044444 
 0.179957 0.325259 -0.042900 
 0.180016 0.341436 -0.041356 
 0.180075 0.357614 -0.039811 
 0.180134 0.373791 -0.038267 
 0.184189 0.388191 -0.014929 
 0.184248 0.404411 -0.013381 
 0.184307 0.420630 -0.011833 
 0.184367 0.436850 -0.010285 
 0.186424 0.452265 0.002169 
 0.186484 0.468505 0.003720 
 0.186543 0.484745 0.005270 
 0.186602 0.500986 0.006820 
 0.186662 0.517226 0.008370 
 0.186721 0.533467 0.009920 
 0.184782 0.550385 0.000553 
 0.184841 0.566605 0.002101 
 0.184900 0.582824 0.003649 
 0.184960 0.599044 0.005198 
 0.185019 0.615263 0.006746 
 0.185078 0.631482 0.008294 
 0.185138 0.647702 0.009842 
 0.185197 0.663921 0.011390 
 0.187315 0.695871 0.025423 
 0.187374 0.712111 0.026973 
 0.206270 -0.513582 0.131353 
 0.202385 -0.492960 0.111353 
 0.202446 -0.476341 0.112940 
 0.198560 -0.455844 0.092928 
 0.192701 -0.433513 0.062107 
 0.184869 -0.409412 0.020472 
 0.180982 -0.389230 0.000430 
 0.179069 -0.370988 -0.008813 
 0.175182 -0.350953 -0.028869 
 0.171295 -0.331003 -0.048932 
 0.167407 -0.311136 -0.069004 
 0.165493 -0.293125 -0.078269 
 0.161604 -0.273405 -0.098355 
 0.157716 -0.253770 -0.118449 
 0.151853 -0.232511 -0.149372 
 0.147964 -0.213064 -0.169484 
 0.148023 -0.197034 -0.167954 
 0.144133 -0.177714 -0.188077 
 0.144192 -0.161726 -0.186551 
 0.144250 -0.145737 -0.185025 
 0.144308 -0.129749 -0.183499 
 0.144367 -0.113761 -0.181973 
 0.148374 -0.100852 -0.158773 
 0.144484 -0.081784 -0.178920 
 0.144542 -0.065796 -0.177394 
 0.144601 -0.049808 -0.175868 
 0.148609 -0.036731 -0.152652 
 0.148667 -0.020701 -0.151122 
 0.148726 -0.004670 -0.149592 
 0.152735 0.008574 -0.126359 
 0.152794 0.024647 -0.124825 
 0.152852 0.040719 -0.123291 
 0.152911 0.056791 -0.121756 
 0.152970 0.072864 -0.120222 
 0.153029 0.088936 -0.118688 
 0.157038 0.102475 -0.095428 
 0.153146 0.121080 -0.115620 
 0.157156 0.134703 -0.092351 
 0.157215 0.150818 -0.090813 
 0.159250 0.165749 -0.078404 
 0.159309 0.181885 -0.076864 
 0.159368 0.198020 -0.075324 
 0.157451 0.215275 -0.084661 
 0.159486 0.230291 -0.072243 
 0.157569 0.247504 -0.081584 
 0.157627 0.263618 -0.080046 
 0.159663 0.278697 -0.067623 
 0.159722 0.294832 -0.066083 
 0.159781 0.310968 -0.064542 
 0.163793 0.325158 -0.041219 
 0.163852 0.341335 -0.039675 
 0.163911 0.357512 -0.038131 
 0.163970 0.373690 -0.036587 
 0.167983 0.388090 -0.013244 
 0.168043 0.404309 -0.011696 
 0.168102 0.420529 -0.010148 
 0.168161 0.436748 -0.008600 
 0.168220 0.452967 -0.007051 
 0.170257 0.468403 0.005407 
 0.170316 0.484644 0.006957 
 0.170376 0.500884 0.008507 
 0.170435 0.517124 0.010057 
 0.170495 0.533365 0.011607 
 0.170554 0.549605 0.013158 
 0.170613 0.565846 0.014708 
 0.170673 0.582086 0.016258 
 0.170732 0.598327 0.017808 
 0.170791 0.614567 0.019359 
 0.168873 0.631381 0.009979 
 0.170910 0.647048 0.022459 
 0.170970 0.663288 0.024009 
 0.171029 0.679528 0.025559 
 0.171088 0.695769 0.027110 
 0.175105 0.711073 0.050538 
 0.179121 0.726460 0.073975 
 0.183138 0.741932 0.097420 
 0.185176 0.757893 0.109928 
 0.185236 0.774280 0.111492 
 0.185659 -0.526301 0.109907 
 0.185720 -0.509682 0.111493 
 0.181877 -0.489101 0.091485 
 0.181937 -0.472525 0.093068 
 0.181998 -0.455948 0.094650 
 0.182058 -0.439372 0.096232 
 0.168454 -0.409515 0.022179 
 0.164609 -0.389333 0.002132 
 0.158812 -0.367380 -0.028731 
 0.158871 -0.351055 -0.027173 
 0.155026 -0.331105 -0.047241 
 0.149228 -0.309446 -0.078133 
 0.149287 -0.293226 -0.076584 
 0.141535 -0.270006 -0.118313 
 0.139642 -0.252142 -0.127594 
 0.135795 -0.232611 -0.147702 
 0.131947 -0.213165 -0.167819 
 0.128100 -0.193802 -0.187943 
 0.128158 -0.177814 -0.186417 
 0.128217 -0.161826 -0.184890 
 0.128275 -0.145837 -0.183364 
 0.128334 -0.129849 -0.181838 
 0.126439 -0.112300 -0.191149 
 0.126497 -0.096333 -0.189625 
 0.128509 -0.081884 -0.177260 
 0.128568 -0.065896 -0.175733 
 0.128626 -0.049908 -0.174207 
 0.128685 -0.033919 -0.172681 
 0.128743 -0.017931 -0.171155 
 0.132709 -0.004771 -0.147927 
 0.132768 0.011260 -0.146396 
 0.132827 0.027290 -0.144866 
 0.136794 0.040618 -0.121621 
 0.136852 0.056691 -0.120087 
 0.136911 0.072763 -0.118553 
 0.136970 0.088835 -0.117018 
 0.140938 0.102374 -0.093754 
 0.140997 0.118488 -0.092216 
 0.141056 0.134602 -0.090678 
 0.141114 0.150717 -0.089139 
 0.143128 0.165648 -0.076728 
 0.143187 0.181784 -0.075188 
 0.143246 0.197919 -0.073648 
 0.141350 0.215174 -0.082987 
 0.141409 0.231289 -0.081448 
 0.141468 0.247403 -0.079910 
 0.141527 0.263517 -0.078372 
 0.141586 0.279632 -0.076834 
 0.143600 0.294731 -0.064406 
 0.143659 0.310866 -0.062866 
 0.147629 0.325056 -0.039539 
 0.143777 0.343137 -0.059786 
 0.147748 0.357411 -0.036450 
 0.147807 0.373588 -0.034906 
 0.151778 0.387988 -0.011559 
 0.151837 0.404208 -0.010011 
 0.151896 0.420427 -0.008463 
 0.151956 0.436647 -0.006915 
 0.152015 0.452866 -0.005367 
 0.152074 0.469085 -0.003818 
 0.152134 0.485305 -0.002270 
 0.152193 0.501524 -0.000722 
 0.152252 0.517743 0.000826 
 0.154268 0.533263 0.013294 
 0.154327 0.549504 0.014845 
 0.152430 0.566402 0.005471 
 0.152489 0.582621 0.007019 
 0.154506 0.598225 0.019495 
 0.152608 0.615060 0.010116 
 0.152667 0.631279 0.011664 
 0.152727 0.647499 0.013212 
 0.154743 0.663186 0.025696 
 0.154802 0.679427 0.027246 
 0.154862 0.695667 0.028797 
 0.154921 0.711908 0.030347 
 0.162811 0.726358 0.075671 
 0.162870 0.742682 0.077229 
 0.166845 0.758196 0.100683 
 0.168863 0.774178 0.113194 
 0.168923 0.790565 0.114759 
 0.168983 0.806953 0.116323 
 0.169054 -0.526405 0.111633 
 0.169115 -0.509786 0.113220 
 0.165314 -0.489205 0.093207 
 0.165375 -0.472628 0.094790 
 0.165435 -0.456052 0.096372 
 0.159702 -0.433720 0.065538 
 0.152038 -0.409617 0.023885 
 0.152098 -0.393188 0.025454 
 0.142501 -0.367482 -0.027036 
 0.138698 -0.347489 -0.047104 
 0.132963 -0.325767 -0.077996 
 0.129159 -0.305963 -0.098082 
 0.129218 -0.289785 -0.096538 
 0.125414 -0.270107 -0.116637 
 0.119677 -0.248784 -0.147567 
 0.115872 -0.229296 -0.167684 
 0.115931 -0.213265 -0.166154 
 0.112125 -0.193902 -0.186282 
 0.112184 -0.177914 -0.184756 
 0.116107 -0.165174 -0.161563 
 0.112301 -0.145938 -0.181703 
 0.112359 -0.129949 -0.180177 
 0.112418 -0.113961 -0.178651 
 0.112476 -0.097973 -0.177125 
 0.110602 -0.080465 -0.186442 
 0.110660 -0.064498 -0.184918 
 0.112651 -0.050008 -0.172547 
 0.112710 -0.034020 -0.171020 
 0.112768 -0.018031 -0.169494 
 0.116693 -0.004871 -0.146261 
 0.116751 0.011159 -0.144731 
 0.120676 0.024445 -0.121486 
 0.120735 0.040518 -0.119951 
 0.120794 0.056590 -0.118417 
 0.120853 0.072662 -0.116883 
 0.120911 0.088735 -0.115349 
 0.124837 0.102273 -0.092080 
 0.124896 0.118387 -0.090542 
 0.124955 0.134502 -0.089004 
 0.125014 0.150616 -0.087465 
 0.127007 0.165547 -0.075052 
 0.127066 0.181683 -0.073512 
 0.127125 0.197818 -0.071971 
 0.125250 0.215073 -0.081313 
 0.125308 0.231188 -0.079775 
 0.125367 0.247302 -0.078236 
 0.125426 0.263416 -0.076698 
 0.125485 0.279531 -0.075160 
 0.127479 0.294630 -0.062730 
 0.127538 0.310765 -0.061190 
 0.131466 0.324955 -0.037858 
 0.131525 0.341132 -0.036314 
 0.127715 0.359171 -0.056570 
 0.131643 0.373487 -0.033226 
 0.131702 0.389664 -0.031682 
 0.131762 0.405842 -0.030137 
 0.135691 0.420326 -0.006778 
 0.135750 0.436545 -0.005230 
 0.135809 0.452764 -0.003682 
 0.135869 0.468984 -0.002134 
 0.135928 0.485203 -0.000585 
 0.135987 0.501423 0.000963 
 0.136047 0.517642 0.002511 
 0.138042 0.533161 0.014982 
 0.138101 0.549402 0.016532 
 0.136224 0.566300 0.007156 
 0.136284 0.582519 0.008704 
 0.136343 0.598739 0.010252 
 0.136402 0.614958 0.011800 
 0.136462 0.631178 0.013349 
 0.136521 0.647397 0.014897 
 0.138517 0.663085 0.027383 
 0.138576 0.679325 0.028933 
 0.138635 0.695566 0.030484 
 0.138695 0.711806 0.032034 
 0.146500 0.726256 0.077367 
 0.146560 0.742580 0.078925 
 0.146619 0.758905 0.080483 
 0.150553 0.774460 0.103945 
 0.150612 0.790826 0.105507 
 0.150672 0.807193 0.107070 
 0.150732 0.823559 0.108632 
 0.152389 -0.543127 0.111773 
 0.152450 -0.526509 0.113360 
 0.152511 -0.509890 0.114946 
 0.148752 -0.489309 0.094929 
 0.148812 -0.472732 0.096512 
 0.148873 -0.456156 0.098094 
 0.143203 -0.433824 0.067253 
 0.135623 -0.409720 0.025592 
 0.129952 -0.387662 -0.005275 
 0.126191 -0.367584 -0.025340 
 0.118609 -0.343922 -0.067043 
 0.112936 -0.322241 -0.097946 
 0.112995 -0.306064 -0.096402 
 0.109233 -0.286344 -0.116501 
 0.107381 -0.268458 -0.125784 
 0.103619 -0.248885 -0.145897 
 0.099856 -0.229396 -0.166018 
 0.096092 -0.209991 -0.186147 
 0.096151 -0.194003 -0.184621 
 0.096209 -0.178014 -0.183095 
 0.096268 -0.162026 -0.181569 
 0.096326 -0.146038 -0.180043 
 0.096384 -0.130049 -0.178516 
 0.094531 -0.112500 -0.187832 
 0.094590 -0.096533 -0.186308 
 0.094648 -0.080565 -0.184784 
 0.096618 -0.066096 -0.172412 
 0.096677 -0.050108 -0.170886 
 0.096735 -0.034120 -0.169360 
 0.100617 -0.021002 -0.146126 
 0.104500 -0.007800 -0.122884 
 0.104559 0.008272 -0.121350 
 0.104618 0.024345 -0.119816 
 0.104676 0.040417 -0.118282 
 0.104735 0.056489 -0.116748 
 0.108619 0.069943 -0.093482 
 0.108678 0.086058 -0.091944 
 0.110649 0.100905 -0.079536 
 0.110708 0.117040 -0.077996 
 0.110767 0.133175 -0.076456 
 0.110826 0.149311 -0.074916 
 0.110885 0.165446 -0.073376 
 0.110944 0.181582 -0.071836 
 0.111003 0.197717 -0.070295 
 0.109149 0.214972 -0.079639 
 0.109208 0.231087 -0.078101 
 0.109267 0.247201 -0.076562 
 0.109326 0.263315 -0.075024 
 0.109385 0.279430 -0.073486 
 0.109443 0.295544 -0.071948 
 0.109502 0.311658 -0.070410 
 0.109561 0.327773 -0.068871 
 0.111534 0.342935 -0.056434 
 0.115420 0.357208 -0.033089 
 0.115480 0.373386 -0.031545 
 0.115539 0.389563 -0.030001 
 0.115598 0.405741 -0.028457 
 0.119485 0.420224 -0.005093 
 0.119545 0.436443 -0.003545 
 0.119604 0.452663 -0.001997 
 0.119663 0.468882 -0.000449 
 0.119722 0.485102 0.001099 
 0.119782 0.501321 0.002648 
 0.119841 0.517540 0.004196 
 0.121815 0.533060 0.016669 
 0.121874 0.549300 0.018219 
 0.120019 0.566199 0.008841 
 0.120078 0.582418 0.010389 
 0.122052 0.598021 0.022869 
 0.120197 0.614857 0.013485 
 0.120256 0.631076 0.015033 
 0.120315 0.647295 0.016582 
 0.122290 0.662983 0.029070 
 0.122349 0.679223 0.030620 
 0.122409 0.695464 0.032171 
 0.122468 0.711704 0.033721 
 0.126359 0.727049 0.057167 
 0.130249 0.742478 0.080621 
 0.130309 0.758802 0.082179 
 0.130369 0.775127 0.083737 
 0.130428 0.791451 0.085295 
 0.134320 0.807090 0.108770 
 0.134380 0.823457 0.110332 
 0.134440 0.839823 0.111894 
 0.135785 -0.543232 0.113500 
 0.139623 -0.530660 0.136686 
 0.135906 -0.509994 0.116672 
 0.132189 -0.489413 0.096651 
 0.132250 -0.472836 0.098234 
 0.130421 -0.454320 0.089008 
 0.122925 -0.430090 0.047350 
 0.119207 -0.409823 0.027299 
 0.113599 -0.387764 -0.003574 
 0.106101 -0.363975 -0.045275 
 0.102382 -0.344024 -0.065356 
 0.096773 -0.322343 -0.096265 
 0.093053 -0.302580 -0.116365 
 0.093112 -0.286445 -0.114825 
 0.091281 -0.268559 -0.124110 
 0.083780 -0.245527 -0.165883 
 0.080059 -0.226079 -0.186013 
 0.080118 -0.210091 -0.184486 
 0.080176 -0.194103 -0.182960 
 0.080234 -0.178114 -0.181434 
 0.080293 -0.162126 -0.179908 
 0.074680 -0.141328 -0.210901 
 0.074739 -0.125402 -0.209381 
 0.074797 -0.109477 -0.207861 
 0.074855 -0.093552 -0.206341 
 0.078695 -0.080665 -0.183125 
 0.080644 -0.066196 -0.170751 
 0.078811 -0.048731 -0.180077 
 0.080761 -0.034220 -0.167699 
 0.084601 -0.021102 -0.144461 
 0.084659 -0.005072 -0.142931 
 0.088500 0.008172 -0.119681 
 0.088559 0.024244 -0.118146 
 0.088618 0.040316 -0.116612 
 0.088677 0.056389 -0.115078 
 0.088735 0.072461 -0.113544 
 0.092577 0.085957 -0.090270 
 0.092636 0.102071 -0.088732 
 0.092695 0.118185 -0.087194 
 0.094645 0.133074 -0.074780 
 0.098488 0.146801 -0.051484 
 0.098547 0.162979 -0.049939 
 0.098606 0.179156 -0.048395 
 0.098665 0.195333 -0.046851 
 0.094940 0.213751 -0.067079 
 0.094999 0.229887 -0.065539 
 0.093166 0.247100 -0.074888 
 0.093225 0.263214 -0.073350 
 0.093284 0.279329 -0.071812 
 0.095235 0.294428 -0.059378 
 0.095294 0.310563 -0.057838 
 0.099139 0.324752 -0.034497 
 0.095412 0.342834 -0.054758 
 0.099257 0.357107 -0.031409 
 0.099316 0.373284 -0.029865 
 0.099375 0.389462 -0.028321 
 0.099434 0.405639 -0.026776 
 0.103280 0.420122 -0.003409 
 0.103339 0.436342 -0.001860 
 0.103398 0.452561 -0.000312 
 0.103458 0.468781 0.001236 
 0.103517 0.485000 0.002784 
 0.103576 0.501219 0.004333 
 0.103635 0.517439 0.005881 
 0.103695 0.533658 0.007429 
 0.103754 0.549878 0.008977 
 0.103813 0.566097 0.010525 
 0.105767 0.581679 0.023006 
 0.105826 0.597920 0.024556 
 0.103991 0.614755 0.015170 
 0.104051 0.630975 0.016718 
 0.104110 0.647194 0.018266 
 0.104169 0.663413 0.019815 
 0.106123 0.679122 0.032308 
 0.106182 0.695362 0.033858 
 0.106242 0.711603 0.035408 
 0.110090 0.726947 0.058858 
 0.113939 0.742376 0.082316 
 0.113998 0.758700 0.083875 
 0.114058 0.775025 0.085433 
 0.114118 0.791349 0.086991 
 0.117967 0.806988 0.110470 
 0.118027 0.823354 0.112032 
 0.118087 0.839721 0.113594 
 0.118147 0.856087 0.115157 
 0.126651 -0.551515 0.158425 
 0.122977 -0.530765 0.138416 
 0.119302 -0.510098 0.118398 
 0.119363 -0.493480 0.119985 
 0.115688 -0.472940 0.099956 
 0.113880 -0.454424 0.090728 
 0.106468 -0.430193 0.049061 
 0.099055 -0.406131 0.007377 
 0.093510 -0.384113 -0.023506 
 0.089833 -0.364077 -0.043584 
 0.084287 -0.342291 -0.074490 
 0.080609 -0.322444 -0.094585 
 0.076931 -0.302681 -0.114689 
 0.076990 -0.286546 -0.113149 
 0.071443 -0.265159 -0.144092 
 0.067764 -0.245627 -0.164218 
 0.064084 -0.226179 -0.184352 
 0.064143 -0.210191 -0.182826 
 0.064201 -0.194203 -0.181299 
 0.058652 -0.173278 -0.212287 
 0.058710 -0.157352 -0.210767 
 0.058769 -0.141427 -0.209247 
 0.058827 -0.125502 -0.207727 
 0.058885 -0.109577 -0.206207 
 0.058943 -0.093651 -0.204687 
 0.059002 -0.077726 -0.203167 
 0.062799 -0.064798 -0.179942 
 0.062858 -0.048831 -0.178418 
 0.064786 -0.034320 -0.166038 
 0.064844 -0.018332 -0.164512 
 0.068643 -0.005172 -0.141266 
 0.072442 0.008071 -0.118011 
 0.068760 0.026888 -0.138205 
 0.072559 0.040216 -0.114943 
 0.072618 0.056288 -0.113409 
 0.072677 0.072360 -0.111874 
 0.072735 0.088433 -0.110340 
 0.076535 0.101970 -0.087058 
 0.076594 0.118084 -0.085520 
 0.076653 0.134199 -0.083982 
 0.076712 0.150313 -0.082444 
 0.078642 0.165244 -0.070023 
 0.082443 0.179055 -0.046715 
 0.078760 0.197515 -0.066943 
 0.076948 0.214770 -0.076291 
 0.078878 0.229785 -0.063863 
 0.077066 0.246999 -0.073215 
 0.077124 0.263114 -0.071676 
 0.073441 0.281300 -0.091930 
 0.077242 0.295342 -0.068600 
 0.077301 0.311457 -0.067062 
 0.082975 0.324651 -0.032817 
 0.079291 0.342733 -0.053081 
 0.083093 0.357006 -0.029729 
 0.083152 0.373183 -0.028184 
 0.083212 0.389361 -0.026640 
 0.087015 0.403801 -0.003272 
 0.087074 0.420021 -0.001724 
 0.087133 0.436240 -0.000175 
 0.089065 0.451654 0.012291 
 0.087252 0.468679 0.002921 
 0.087311 0.484898 0.004469 
 0.087371 0.501118 0.006017 
 0.089302 0.516616 0.018492 
 0.087489 0.533557 0.009114 
 0.089421 0.549097 0.021593 
 0.089481 0.565337 0.023143 
 0.089540 0.581578 0.024693 
 0.089599 0.597818 0.026243 
 0.087786 0.614654 0.016855 
 0.087845 0.630873 0.018403 
 0.087904 0.647092 0.019951 
 0.089837 0.662780 0.032444 
 0.089896 0.679020 0.033995 
 0.089956 0.695260 0.035545 
 0.090015 0.711501 0.037095 
 0.093821 0.726845 0.060550 
 0.093881 0.743128 0.062104 
 0.097688 0.758598 0.085570 
 0.097748 0.774922 0.087129 
 0.097807 0.791247 0.088687 
 0.097867 0.807571 0.090245 
 0.101675 0.823252 0.113732 
 0.101735 0.839618 0.115294 
 0.103669 0.855705 0.127825 
 0.101854 0.872351 0.118419 
 0.101914 0.888717 0.119981 
 0.109963 -0.551619 0.160161 
 0.106330 -0.530869 0.140147 
 0.102698 -0.510203 0.120125 
 0.102758 -0.493584 0.121711 
 0.099125 -0.473044 0.101677 
 0.093644 -0.450647 0.070823 
 0.086316 -0.426459 0.029144 
 0.082682 -0.406233 0.009080 
 0.077199 -0.384215 -0.021811 
 0.069870 -0.360468 -0.063532 
 0.068081 -0.342392 -0.072805 
 0.060750 -0.318918 -0.114553 
 0.060809 -0.302782 -0.113013 
 0.059021 -0.284875 -0.122301 
 0.055384 -0.265259 -0.142423 
 0.051747 -0.245727 -0.162553 
 0.048110 -0.226280 -0.182691 
 0.048168 -0.210291 -0.181165 
 0.042682 -0.189303 -0.212153 
 0.039044 -0.170086 -0.232313 
 0.039102 -0.154203 -0.230797 
 0.039160 -0.138320 -0.229281 
 0.039218 -0.122436 -0.227765 
 0.039277 -0.106553 -0.226249 
 0.043032 -0.093751 -0.203032 
 0.043090 -0.077826 -0.201512 
 0.046846 -0.064898 -0.178283 
 0.046904 -0.048931 -0.176759 
 0.048811 -0.034420 -0.164377 
 0.048870 -0.018432 -0.162851 
 0.052626 -0.005273 -0.139601 
 0.056383 0.007970 -0.116342 
 0.052743 0.026788 -0.136540 
 0.056501 0.040115 -0.113273 
 0.052861 0.058848 -0.133480 
 0.056618 0.072260 -0.110205 
 0.056677 0.088332 -0.108671 
 0.056736 0.104404 -0.107136 
 0.056794 0.120477 -0.105602 
 0.060553 0.134098 -0.082308 
 0.060611 0.150212 -0.080770 
 0.060670 0.166327 -0.079232 
 0.062579 0.181278 -0.066807 
 0.062638 0.197414 -0.065267 
 0.060847 0.214670 -0.074617 
 0.062756 0.229684 -0.062187 
 0.060965 0.246898 -0.071541 
 0.061024 0.263013 -0.070002 
 0.061083 0.279127 -0.068464 
 0.062992 0.294226 -0.056026 
 0.061201 0.311356 -0.065388 
 0.063110 0.326497 -0.052945 
 0.063169 0.342632 -0.051405 
 0.063228 0.358767 -0.049865 
 0.070691 0.371261 -0.004683 
 0.070750 0.387480 -0.003135 
 0.070809 0.403700 -0.001587 
 0.070869 0.419919 -0.000039 
 0.072779 0.435312 0.012428 
 0.072838 0.451553 0.013979 
 0.071046 0.468577 0.004606 
 0.071106 0.484797 0.006154 
 0.071165 0.501016 0.007702 
 0.073076 0.516514 0.020179 
 0.071284 0.533455 0.010799 
 0.071343 0.549674 0.012347 
 0.073254 0.565235 0.024830 
 0.077017 0.580201 0.048253 
 0.077077 0.596484 0.049807 
 0.073432 0.613957 0.029481 
 0.073492 0.630197 0.031031 
 0.073551 0.646437 0.032581 
 0.077315 0.661613 0.056024 
 0.077374 0.677896 0.057578 
 0.077434 0.694178 0.059132 
 0.077493 0.710461 0.060687 
 0.077553 0.726743 0.062241 
 0.081318 0.742171 0.085708 
 0.077672 0.759308 0.065349 
 0.081437 0.774820 0.088824 
 0.081497 0.791145 0.090383 
 0.081556 0.807469 0.091941 
 0.081616 0.823793 0.093499 
 0.085382 0.839516 0.116995 
 0.085442 0.855882 0.118557 
 0.085502 0.872249 0.120119 
 0.085562 0.888615 0.121681 
 0.096865 -0.572559 0.181906 
 0.096926 -0.555814 0.183504 
 0.089684 -0.530973 0.141878 
 0.089745 -0.514313 0.143468 
 0.086154 -0.493688 0.123437 
 0.082563 -0.473147 0.103399 
 0.073493 -0.446871 0.050911 
 0.069901 -0.426561 0.030850 
 0.066308 -0.406336 0.010782 
 0.060889 -0.384318 -0.020115 
 0.053643 -0.360569 -0.061845 
 0.051876 -0.342494 -0.071120 
 0.044629 -0.319019 -0.112877 
 0.044688 -0.302883 -0.111337 
 0.042920 -0.284976 -0.120627 
 0.035672 -0.261858 -0.162418 
 0.035730 -0.245828 -0.160888 
 0.032135 -0.226380 -0.181030 
 0.023058 -0.201952 -0.233696 
 0.023116 -0.186069 -0.232179 
 0.023175 -0.170186 -0.230663 
 0.023233 -0.154302 -0.229147 
 0.023291 -0.138419 -0.227631 
 0.023349 -0.122536 -0.226115 
 0.023407 -0.106653 -0.224599 
 0.023465 -0.090769 -0.223083 
 0.027178 -0.077926 -0.199858 
 0.030892 -0.064998 -0.176625 
 0.030950 -0.049031 -0.175101 
 0.031009 -0.033063 -0.173576 
 0.032895 -0.018532 -0.161190 
 0.032954 -0.002544 -0.159664 
 0.036668 0.010657 -0.136405 
 0.036727 0.026687 -0.134875 
 0.036785 0.042718 -0.133345 
 0.036844 0.058748 -0.131815 
 0.036903 0.074778 -0.130285 
 0.040618 0.088231 -0.107001 
 0.040677 0.104304 -0.105467 
 0.040736 0.120376 -0.103933 
 0.044452 0.133997 -0.080634 
 0.044511 0.150111 -0.079096 
 0.046399 0.165042 -0.066671 
 0.050116 0.178852 -0.043354 
 0.046517 0.197313 -0.063591 
 0.046576 0.213448 -0.062051 
 0.046635 0.229583 -0.060511 
 0.044864 0.246797 -0.069867 
 0.044923 0.262912 -0.068329 
 0.044982 0.279026 -0.066790 
 0.045041 0.295140 -0.065252 
 0.045100 0.311255 -0.063714 
 0.046989 0.326396 -0.051269 
 0.047048 0.342531 -0.049729 
 0.050766 0.356803 -0.026368 
 0.054485 0.371159 -0.002999 
 0.054544 0.387379 -0.001450 
 0.054604 0.403598 0.000098 
 0.056493 0.418970 0.012565 
 0.056552 0.435211 0.014115 
 0.056612 0.451451 0.015666 
 0.056671 0.467691 0.017216 
 0.054900 0.484695 0.007839 
 0.054959 0.500915 0.009387 
 0.056849 0.516413 0.021866 
 0.056909 0.532653 0.023417 
 0.056968 0.548893 0.024967 
 0.057027 0.565134 0.026517 
 0.060749 0.580099 0.049944 
 0.060808 0.596382 0.051498 
 0.060868 0.612664 0.053053 
 0.060927 0.628947 0.054607 
 0.060987 0.645229 0.056161 
 0.061046 0.661511 0.057715 
 0.061106 0.677794 0.059270 
 0.061165 0.694076 0.060824 
 0.061225 0.710359 0.062378 
 0.061284 0.726641 0.063932 
 0.061344 0.742924 0.065487 
 0.061403 0.759206 0.067041 
 0.065127 0.774718 0.090520 
 0.065186 0.791042 0.092078 
 0.065246 0.807367 0.093637 
 0.065306 0.823691 0.095195 
 0.069030 0.839413 0.118695 
 0.069089 0.855780 0.120257 
 0.069149 0.872146 0.121819 
 0.069209 0.888512 0.123381 
 0.080135 -0.572664 0.183645 
 0.080196 -0.555919 0.185244 
 0.073038 -0.531078 0.143608 
 0.069489 -0.510411 0.123577 
 0.069550 -0.493792 0.125164 
 0.066000 -0.473251 0.105121 
 0.057035 -0.446974 0.052622 
 0.053485 -0.426664 0.032557 
 0.049935 -0.406439 0.012484 
 0.048189 -0.388174 0.003226 
 0.041027 -0.364383 -0.038510 
 0.035670 -0.342595 -0.069435 
 0.028507 -0.319120 -0.111201 
 0.028566 -0.302984 -0.109661 
 0.026819 -0.285077 -0.118953 
 0.019655 -0.261958 -0.160753 
 0.019714 -0.245928 -0.159223 
 0.016160 -0.226480 -0.179369 
 0.007189 -0.202051 -0.232046 
 0.005441 -0.184501 -0.241372 
 0.005499 -0.168639 -0.239858 
 0.005557 -0.152777 -0.238344 
 0.005615 -0.136915 -0.236830 
 0.005673 -0.121052 -0.235315 
 0.007537 -0.106752 -0.222949 
 0.007595 -0.090869 -0.221433 
 0.011267 -0.078025 -0.198204 
 0.014938 -0.065098 -0.174966 
 0.014997 -0.049131 -0.173442 
 0.015055 -0.033163 -0.171918 
 0.015113 -0.017196 -0.170394 
 0.016979 -0.002644 -0.158003 
 0.017037 0.013345 -0.156477 
 0.017096 0.029333 -0.154951 
 0.020769 0.042617 -0.131680 
 0.017213 0.061309 -0.151898 
 0.017271 0.077298 -0.150372 
 0.020945 0.090708 -0.127089 
 0.021003 0.106739 -0.125559 
 0.021062 0.122769 -0.124029 
 0.024736 0.136348 -0.100729 
 0.028410 0.150010 -0.077422 
 0.030277 0.164941 -0.064995 
 0.030336 0.181076 -0.063455 
 0.030395 0.197212 -0.061915 
 0.030454 0.213347 -0.060375 
 0.030513 0.229482 -0.058834 
 0.028764 0.246696 -0.068193 
 0.028823 0.262811 -0.066655 
 0.028882 0.278925 -0.065116 
 0.028940 0.295039 -0.063578 
 0.028999 0.311154 -0.062040 
 0.030867 0.326294 -0.049593 
 0.029117 0.343383 -0.058964 
 0.034603 0.356702 -0.024687 
 0.038279 0.371058 -0.001314 
 0.034721 0.389057 -0.021599 
 0.038398 0.403497 0.001783 
 0.040267 0.418868 0.014252 
 0.040326 0.435109 0.015802 
 0.040385 0.451349 0.017353 
 0.040445 0.467590 0.018903 
 0.038695 0.484594 0.009524 
 0.038754 0.500813 0.011072 
 0.040623 0.516311 0.023553 
 0.038872 0.533252 0.014168 
 0.044361 0.547433 0.048527 
 0.044420 0.563715 0.050081 
 0.048100 0.578722 0.073517 
 0.048159 0.595047 0.075075 
 0.044599 0.612562 0.054744 
 0.044659 0.628845 0.056298 
 0.048338 0.644020 0.079750 
 0.048398 0.660345 0.081308 
 0.048458 0.676669 0.082866 
 0.048518 0.692993 0.084425 
 0.048577 0.709318 0.085983 
 0.048637 0.725642 0.087541 
 0.048697 0.741967 0.089099 
 0.045135 0.759104 0.068732 
 0.048816 0.774616 0.092216 
 0.048876 0.790940 0.093774 
 0.048935 0.807265 0.095332 
 0.048995 0.823589 0.096891 
 0.052677 0.839311 0.120395 
 0.052737 0.855677 0.121957 
 0.052797 0.872044 0.123519 
 0.052857 0.888410 0.125082 
 0.063404 -0.572768 0.185385 
 0.063465 -0.556024 0.186983 
 0.056391 -0.531182 0.145339 
 0.056452 -0.514521 0.146929 
 0.049377 -0.489932 0.105261 
 0.047654 -0.471394 0.096027 
 0.040578 -0.447077 0.054333 
 0.037070 -0.426767 0.034264 
 0.031777 -0.404643 0.003364 
 0.028268 -0.384522 -0.016723 
 0.021190 -0.360773 -0.058471 
 0.019465 -0.342697 -0.067750 
 0.012386 -0.319221 -0.109525 
 0.010660 -0.301292 -0.118817 
 0.007149 -0.281634 -0.138948 
 0.003638 -0.262059 -0.159088 
 0.000127 -0.242568 -0.179235 
 -0.001599 -0.224871 -0.188549 
 -0.008681 -0.202151 -0.230396 
 -0.010408 -0.184601 -0.239724 
 -0.010350 -0.168738 -0.238210 
 -0.010292 -0.152876 -0.236696 
 -0.010234 -0.137014 -0.235182 
 -0.010176 -0.121152 -0.233668 
 -0.010118 -0.105289 -0.232154 
 -0.008274 -0.090968 -0.219783 
 -0.004645 -0.078125 -0.196549 
 -0.004587 -0.062200 -0.195029 
 -0.004529 -0.046275 -0.193509 
 -0.004470 -0.030349 -0.191989 
 -0.004412 -0.014424 -0.190469 
 -0.000782 -0.001329 -0.167211 
 0.001063 0.013244 -0.154816 
 0.001121 0.029233 -0.153290 
 0.001180 0.045221 -0.151764 
 0.001238 0.061209 -0.150238 
 0.001296 0.077198 -0.148711 
 0.001355 0.093186 -0.147185 
 0.004986 0.106638 -0.123894 
 0.005045 0.122669 -0.122364 
 0.008677 0.136247 -0.099059 
 0.012310 0.149909 -0.075748 
 0.014155 0.164840 -0.063319 
 0.014214 0.180975 -0.061779 
 0.014273 0.197111 -0.060239 
 0.014332 0.213246 -0.058698 
 0.014391 0.229381 -0.057158 
 0.012663 0.246596 -0.066519 
 0.012722 0.262710 -0.064981 
 0.012781 0.278824 -0.063442 
 0.012840 0.294939 -0.061904 
 0.012899 0.311053 -0.060366 
 0.012958 0.327167 -0.058828 
 0.013017 0.343282 -0.057290 
 0.018439 0.356601 -0.023007 
 0.022074 0.370956 0.000371 
 0.022133 0.387176 0.001919 
 0.022193 0.403395 0.003467 
 0.022252 0.419615 0.005016 
 0.022311 0.435834 0.006564 
 0.022370 0.452053 0.008112 
 0.022430 0.468273 0.009660 
 0.022489 0.484492 0.011209 
 0.022548 0.500711 0.012757 
 0.027973 0.514766 0.047110 
 0.028033 0.531048 0.048664 
 0.028092 0.547331 0.050219 
 0.028152 0.563613 0.051773 
 0.031789 0.578620 0.075213 
 0.031849 0.594945 0.076771 
 0.028331 0.612460 0.056435 
 0.031968 0.627593 0.079887 
 0.032028 0.643918 0.081446 
 0.032088 0.660242 0.083004 
 0.032147 0.676567 0.084562 
 0.032207 0.692891 0.086120 
 0.032267 0.709216 0.087679 
 0.032326 0.725540 0.089237 
 0.032386 0.741865 0.090795 
 0.032446 0.758189 0.092353 
 0.032505 0.774513 0.093912 
 0.032565 0.790838 0.095470 
 0.036205 0.806475 0.118970 
 0.036265 0.822842 0.120533 
 0.036325 0.839208 0.122095 
 0.036384 0.855575 0.123657 
 0.036444 0.871941 0.125219 
 0.036504 0.888307 0.126782 
 0.048375 -0.591705 0.196333 
 0.046674 -0.572873 0.187124 
 0.046735 -0.556129 0.188723 
 0.039745 -0.531286 0.147070 
 0.036280 -0.510619 0.127030 
 0.032815 -0.490035 0.106983 
 0.027586 -0.467575 0.076109 
 0.020594 -0.443300 0.034402 
 0.020654 -0.426870 0.035970 
 0.015424 -0.404745 0.005064 
 0.011957 -0.384624 -0.015028 
 0.008490 -0.364587 -0.035127 
 0.005023 -0.344634 -0.055234 
 -0.003736 -0.319322 -0.107849 
 -0.003677 -0.303187 -0.106308 
 -0.008909 -0.281734 -0.137278 
 -0.012378 -0.262159 -0.157422 
 -0.015847 -0.242668 -0.177574 
 -0.024609 -0.218134 -0.230262 
 -0.026315 -0.200562 -0.239591 
 -0.026257 -0.184700 -0.238076 
 -0.029727 -0.165545 -0.258260 
 -0.029669 -0.149725 -0.256750 
 -0.026083 -0.137113 -0.233534 
 -0.029554 -0.118084 -0.253730 
 -0.025967 -0.105389 -0.230506 
 -0.025909 -0.089526 -0.228992 
 -0.024086 -0.075184 -0.216617 
 -0.024028 -0.059301 -0.215101 
 -0.020440 -0.046374 -0.191855 
 -0.020382 -0.030449 -0.190335 
 -0.020324 -0.014524 -0.188815 
 -0.020266 0.001401 -0.187294 
 -0.016677 0.014538 -0.164028 
 -0.016619 0.030506 -0.162504 
 -0.016560 0.046473 -0.160980 
 -0.016502 0.062440 -0.159456 
 -0.016444 0.078408 -0.157932 
 -0.014620 0.093086 -0.145524 
 -0.011030 0.106538 -0.122229 
 -0.010972 0.122568 -0.120699 
 -0.007381 0.136146 -0.097390 
 -0.007323 0.152219 -0.095856 
 -0.003732 0.165923 -0.072536 
 -0.003673 0.182037 -0.070998 
 -0.003614 0.198152 -0.069459 
 -0.003555 0.214266 -0.067921 
 -0.003496 0.230380 -0.066383 
 -0.003437 0.246495 -0.064845 
 -0.006911 0.264725 -0.085117 
 -0.006853 0.280797 -0.083582 
 -0.006794 0.296870 -0.082048 
 -0.006735 0.312942 -0.080514 
 -0.006676 0.329014 -0.078980 
 -0.006617 0.345087 -0.077446 
 0.002275 0.356499 -0.021326 
 0.005868 0.370855 0.002056 
 0.002394 0.388854 -0.018238 
 0.002453 0.405031 -0.016694 
 0.006046 0.419513 0.006700 
 0.006106 0.435732 0.008249 
 0.006165 0.451952 0.009797 
 0.006224 0.468171 0.011345 
 0.006283 0.484391 0.012893 
 0.006343 0.500610 0.014442 
 0.008170 0.516107 0.026927 
 0.008229 0.532348 0.028478 
 0.015359 0.545869 0.073792 
 0.015419 0.562193 0.075350 
 0.015479 0.578518 0.076908 
 0.015538 0.594842 0.078467 
 0.015598 0.611167 0.080025 
 0.015658 0.627491 0.081583 
 0.015717 0.643816 0.083141 
 0.015777 0.660140 0.084700 
 0.015837 0.676465 0.086258 
 0.015897 0.692789 0.087816 
 0.015956 0.709113 0.089374 
 0.016016 0.725438 0.090933 
 0.016076 0.741762 0.092491 
 0.016135 0.758087 0.094049 
 0.016195 0.774411 0.095607 
 0.016255 0.790736 0.097166 
 0.019852 0.806373 0.120671 
 0.019912 0.822739 0.122233 
 0.019972 0.839106 0.123795 
 0.021801 0.855191 0.136336 
 0.020092 0.871839 0.126920 
 0.020151 0.888205 0.128482 
 0.035107 -0.595986 0.219692 
 0.029943 -0.572978 0.188864 
 0.026521 -0.552142 0.168836 
 0.019615 -0.527341 0.127170 
 0.016192 -0.506716 0.107123 
 0.014510 -0.488157 0.097886 
 0.011087 -0.467678 0.077824 
 0.004179 -0.443403 0.036109 
 0.000754 -0.423134 0.016027 
 -0.000928 -0.404848 0.006764 
 -0.004353 -0.384726 -0.013332 
 -0.007778 -0.364689 -0.033435 
 -0.016431 -0.339229 -0.086046 
 -0.019858 -0.319423 -0.106173 
 -0.021541 -0.301494 -0.115469 
 -0.024968 -0.281835 -0.135609 
 -0.031880 -0.258757 -0.177439 
 -0.033565 -0.241038 -0.186756 
 -0.040478 -0.218233 -0.228612 
 -0.040420 -0.202350 -0.227096 
 -0.042105 -0.184799 -0.236429 
 -0.042047 -0.168937 -0.234915 
 -0.041989 -0.153075 -0.233400 
 -0.041931 -0.137213 -0.231886 
 -0.045360 -0.118184 -0.252087 
 -0.041815 -0.105488 -0.228858 
 -0.041757 -0.089626 -0.227344 
 -0.039956 -0.075284 -0.214967 
 -0.039898 -0.059401 -0.213451 
 -0.036352 -0.046474 -0.190201 
 -0.039782 -0.027634 -0.210419 
 -0.036236 -0.014624 -0.187160 
 -0.036177 0.001302 -0.185640 
 -0.036119 0.017227 -0.184120 
 -0.032572 0.030406 -0.160845 
 -0.032514 0.046373 -0.159321 
 -0.032456 0.062340 -0.157797 
 -0.032397 0.078308 -0.156273 
 -0.032339 0.094275 -0.154749 
 -0.027047 0.106437 -0.120563 
 -0.026988 0.122468 -0.119033 
 -0.023440 0.136046 -0.095720 
 -0.023381 0.152118 -0.094186 
 -0.023322 0.168190 -0.092652 
 -0.023264 0.184263 -0.091118 
 -0.023205 0.200335 -0.089584 
 -0.023146 0.216407 -0.088049 
 -0.023087 0.232480 -0.086515 
 -0.023029 0.248552 -0.084981 
 -0.022970 0.264624 -0.083447 
 -0.022911 0.280697 -0.081913 
 -0.022852 0.296769 -0.080379 
 -0.022794 0.312841 -0.078844 
 -0.022735 0.328914 -0.077310 
 -0.022676 0.344986 -0.075776 
 -0.013888 0.356398 -0.019646 
 -0.010337 0.370753 0.003741 
 -0.010278 0.386973 0.005289 
 -0.010219 0.403192 0.006837 
 -0.010159 0.419411 0.008385 
 -0.010100 0.435631 0.009934 
 -0.010041 0.451850 0.011482 
 -0.009981 0.468070 0.013030 
 -0.009922 0.484289 0.014578 
 -0.009863 0.500508 0.016126 
 -0.008057 0.516006 0.028614 
 -0.004504 0.530844 0.052047 
 -0.004445 0.547127 0.053601 
 -0.000891 0.562091 0.077046 
 -0.000832 0.578416 0.078604 
 -0.000772 0.594740 0.080162 
 -0.000712 0.611065 0.081721 
 0.002842 0.626239 0.105186 
 -0.000593 0.643713 0.084837 
 -0.000533 0.660038 0.086395 
 -0.000474 0.676362 0.087954 
 -0.000414 0.692687 0.089512 
 -0.000354 0.709011 0.091070 
 -0.000295 0.725336 0.092628 
 -0.000235 0.741660 0.094187 
 -0.000175 0.757985 0.095745 
 -0.000116 0.774309 0.097303 
 -0.000056 0.790633 0.098861 
 0.003500 0.806270 0.122371 
 0.003560 0.822637 0.123933 
 0.003619 0.839003 0.125495 
 0.003679 0.855370 0.127057 
 0.003739 0.871736 0.128620 
 0.003799 0.888103 0.130182 
 0.000362 0.904904 0.109769 
 0.000422 0.921229 0.111327 
 0.000481 0.937553 0.112885 
 0.018314 -0.596091 0.221438 
 0.013213 -0.573083 0.190603 
 0.009833 -0.552247 0.170571 
 0.003010 -0.527446 0.128896 
 -0.000371 -0.506820 0.108845 
 -0.002031 -0.488260 0.099606 
 -0.005413 -0.467782 0.079539 
 -0.012237 -0.443505 0.037815 
 -0.015619 -0.423237 0.017729 
 -0.017281 -0.404950 0.008464 
 -0.020664 -0.384829 -0.011636 
 -0.024047 -0.364791 -0.031744 
 -0.032595 -0.339331 -0.084366 
 -0.035979 -0.319524 -0.104496 
 -0.037642 -0.301595 -0.113795 
 -0.044470 -0.278390 -0.155622 
 -0.047855 -0.258857 -0.175778 
 -0.049519 -0.241138 -0.185097 
 -0.056348 -0.218333 -0.226962 
 -0.056290 -0.202449 -0.225446 
 -0.057954 -0.184899 -0.234781 
 -0.057896 -0.169036 -0.233267 
 -0.057838 -0.153174 -0.231753 
 -0.057780 -0.137312 -0.230239 
 -0.057722 -0.121450 -0.228724 
 -0.057664 -0.105587 -0.227210 
 -0.057606 -0.089725 -0.225696 
 -0.055826 -0.075383 -0.213317 
 -0.055767 -0.059500 -0.211801 
 -0.052264 -0.046574 -0.188546 
 -0.052205 -0.030649 -0.187026 
 -0.052147 -0.014723 -0.185506 
 -0.048643 -0.001629 -0.162235 
 -0.048584 0.014338 -0.160711 
 -0.048526 0.030306 -0.159187 
 -0.048468 0.046273 -0.157663 
 -0.046686 0.060909 -0.145255 
 -0.046628 0.076897 -0.143729 
 -0.043122 0.090307 -0.120428 
 -0.039616 0.103800 -0.097119 
 -0.039557 0.119873 -0.095585 
 -0.039499 0.135945 -0.094051 
 -0.039440 0.152017 -0.092517 
 -0.039381 0.168090 -0.090982 
 -0.035874 0.181835 -0.067650 
 -0.039264 0.200234 -0.087914 
 -0.035757 0.214064 -0.064573 
 -0.039146 0.232379 -0.084846 
 -0.039087 0.248451 -0.083312 
 -0.039028 0.264524 -0.081777 
 -0.038970 0.280596 -0.080243 
 -0.038911 0.296668 -0.078709 
 -0.035403 0.310750 -0.055344 
 -0.038793 0.328813 -0.075641 
 -0.035285 0.342979 -0.052268 
 -0.030052 0.356297 -0.017965 
 -0.029993 0.372474 -0.016421 
 -0.029933 0.388651 -0.014877 
 -0.029874 0.404829 -0.013333 
 -0.029815 0.421006 -0.011788 
 -0.029756 0.437183 -0.010244 
 -0.029697 0.453361 -0.008700 
 -0.029638 0.469538 -0.007156 
 -0.029579 0.485716 -0.005612 
 -0.026068 0.500407 0.017811 
 -0.026009 0.516626 0.019359 
 -0.024224 0.532144 0.031852 
 -0.020713 0.547025 0.055293 
 -0.020654 0.563307 0.056847 
 -0.020594 0.579590 0.058401 
 -0.017083 0.594638 0.081858 
 -0.017023 0.610962 0.083416 
 -0.013511 0.626137 0.106886 
 -0.016904 0.643611 0.086533 
 -0.016844 0.659936 0.088091 
 -0.016784 0.676260 0.089649 
 -0.016725 0.692585 0.091208 
 -0.016665 0.708909 0.092766 
 -0.016605 0.725233 0.094324 
 -0.019999 0.742414 0.073943 
 -0.016486 0.757882 0.097441 
 -0.016426 0.774207 0.098999 
 -0.016366 0.790531 0.100557 
 -0.012853 0.806168 0.124071 
 -0.012793 0.822534 0.125633 
 -0.012733 0.838901 0.127195 
 -0.012673 0.855267 0.128758 
 -0.012613 0.871634 0.130320 
 -0.012554 0.888000 0.131882 
 -0.015949 0.904802 0.111465 
 -0.015889 0.921127 0.113023 
 -0.015829 0.937451 0.114581 
 -0.001818 -0.575255 0.203158 
 -0.003456 -0.556443 0.193941 
 -0.013594 -0.527550 0.130623 
 -0.018633 -0.504920 0.099745 
 -0.021973 -0.484399 0.079678 
 -0.021912 -0.467885 0.081255 
 -0.028652 -0.443608 0.039522 
 -0.031993 -0.423339 0.019431 
 -0.033633 -0.405053 0.010164 
 -0.036974 -0.384931 -0.009940 
 -0.040315 -0.364893 -0.030053 
 -0.048759 -0.339432 -0.082685 
 -0.052101 -0.319625 -0.102820 
 -0.053742 -0.301696 -0.112121 
 -0.060487 -0.278491 -0.153957 
 -0.063830 -0.258957 -0.174117 
 -0.063771 -0.242969 -0.172591 
 -0.068816 -0.221851 -0.203614 
 -0.072160 -0.202549 -0.223796 
 -0.072102 -0.186666 -0.222280 
 -0.073745 -0.169136 -0.231619 
 -0.073687 -0.153273 -0.230105 
 -0.073629 -0.137411 -0.228591 
 -0.073571 -0.121549 -0.227077 
 -0.073513 -0.105687 -0.225563 
 -0.071753 -0.091366 -0.213183 
 -0.071695 -0.075483 -0.211667 
 -0.068234 -0.062599 -0.188412 
 -0.068175 -0.046674 -0.186892 
 -0.064713 -0.033663 -0.163625 
 -0.064655 -0.017696 -0.162100 
 -0.064596 -0.001729 -0.160576 
 -0.064538 0.014238 -0.159052 
 -0.064480 0.030206 -0.157528 
 -0.064421 0.046173 -0.156004 
 -0.062661 0.060809 -0.143594 
 -0.062602 0.076797 -0.142068 
 -0.059139 0.090206 -0.118763 
 -0.055675 0.103700 -0.095450 
 -0.055616 0.119772 -0.093915 
 -0.055557 0.135844 -0.092381 
 -0.055498 0.151917 -0.090847 
 -0.055440 0.167989 -0.089313 
 -0.051975 0.181734 -0.065976 
 -0.055322 0.200134 -0.086245 
 -0.051857 0.213963 -0.062900 
 -0.055205 0.232278 -0.083176 
 -0.055146 0.248351 -0.081642 
 -0.055087 0.264423 -0.080108 
 -0.055028 0.280495 -0.078574 
 -0.051563 0.294535 -0.055209 
 -0.051504 0.310649 -0.053670 
 -0.051445 0.326764 -0.052132 
 -0.049682 0.341925 -0.039673 
 -0.046215 0.356195 -0.016285 
 -0.046156 0.372373 -0.014741 
 -0.046097 0.388550 -0.013196 
 -0.046038 0.404727 -0.011652 
 -0.045979 0.420905 -0.010108 
 -0.042511 0.435428 0.013303 
 -0.045860 0.453260 -0.007020 
 -0.045801 0.469437 -0.005475 
 -0.042333 0.484086 0.017948 
 -0.042274 0.500305 0.019496 
 -0.040510 0.515802 0.031989 
 -0.040451 0.532043 0.033539 
 -0.036982 0.546923 0.056984 
 -0.036922 0.563205 0.058538 
 -0.036863 0.579488 0.060093 
 -0.036803 0.595770 0.061647 
 -0.033333 0.610860 0.085112 
 -0.033274 0.627185 0.086670 
 -0.033214 0.643509 0.088229 
 -0.033154 0.659833 0.089787 
 -0.033095 0.676158 0.091345 
 -0.033035 0.692482 0.092903 
 -0.032975 0.708807 0.094462 
 -0.032916 0.725131 0.096020 
 -0.032856 0.741456 0.097578 
 -0.032796 0.757780 0.099136 
 -0.032737 0.774104 0.100695 
 -0.032677 0.790429 0.102253 
 -0.029205 0.806065 0.125771 
 -0.032558 0.823078 0.105369 
 -0.032498 0.839402 0.106927 
 -0.029026 0.855165 0.130458 
 -0.028966 0.871531 0.132020 
 -0.028906 0.887898 0.133582 
 -0.028846 0.904264 0.135144 
 -0.032199 0.921024 0.114719 
 -0.032140 0.937349 0.116277 
 -0.020248 -0.573293 0.194082 
 -0.020186 -0.556548 0.195680 
 -0.030198 -0.527654 0.132349 
 -0.035174 -0.505023 0.101465 
 -0.035114 -0.488468 0.103045 
 -0.045128 -0.460141 0.039661 
 -0.045068 -0.443711 0.041229 
 -0.050046 -0.421522 0.010302 
 -0.049986 -0.405155 0.011864 
 -0.053285 -0.385033 -0.008245 
 -0.056584 -0.364995 -0.028361 
 -0.059884 -0.345041 -0.048486 
 -0.068222 -0.319726 -0.101144 
 -0.069843 -0.301797 -0.110448 
 -0.076503 -0.278591 -0.152292 
 -0.079804 -0.259057 -0.172457 
 -0.079746 -0.243069 -0.170930 
 -0.084728 -0.221951 -0.201959 
 -0.084669 -0.206026 -0.200439 
 -0.087971 -0.186765 -0.220630 
 -0.087913 -0.170882 -0.219114 
 -0.087855 -0.154999 -0.217598 
 -0.087797 -0.139115 -0.216082 
 -0.089420 -0.121648 -0.225429 
 -0.089362 -0.105786 -0.223915 
 -0.087623 -0.091466 -0.211533 
 -0.087565 -0.075582 -0.210017 
 -0.084145 -0.062699 -0.186758 
 -0.084087 -0.046773 -0.185238 
 -0.080667 -0.033763 -0.161966 
 -0.080609 -0.017796 -0.160442 
 -0.080550 -0.001829 -0.158918 
 -0.080492 0.014138 -0.157393 
 -0.080433 0.030106 -0.155869 
 -0.078694 0.044720 -0.143460 
 -0.078635 0.060709 -0.141933 
 -0.078577 0.076697 -0.140407 
 -0.075155 0.090106 -0.117098 
 -0.068370 0.101062 -0.071993 
 -0.071675 0.119671 -0.092246 
 -0.068252 0.133290 -0.068917 
 -0.071557 0.151816 -0.089177 
 -0.071498 0.167888 -0.087643 
 -0.071440 0.183961 -0.086109 
 -0.071381 0.200033 -0.084575 
 -0.067958 0.213862 -0.061226 
 -0.071263 0.232178 -0.081507 
 -0.071205 0.248250 -0.079972 
 -0.071146 0.264322 -0.078438 
 -0.071087 0.280395 -0.076904 
 -0.067663 0.294434 -0.053535 
 -0.067604 0.310548 -0.051996 
 -0.067545 0.326663 -0.050458 
 -0.067486 0.342777 -0.048920 
 -0.062379 0.356094 -0.014604 
 -0.062320 0.372271 -0.013060 
 -0.062261 0.388449 -0.011516 
 -0.062201 0.404626 -0.009972 
 -0.062142 0.420803 -0.008427 
 -0.058717 0.435326 0.014988 
 -0.062024 0.453158 -0.005339 
 -0.058598 0.467765 0.018084 
 -0.058539 0.483984 0.019633 
 -0.058480 0.500204 0.021181 
 -0.056737 0.515701 0.033676 
 -0.053310 0.530538 0.057121 
 -0.053250 0.546821 0.058676 
 -0.053191 0.563103 0.060230 
 -0.049763 0.578109 0.083691 
 -0.049704 0.594433 0.085250 
 -0.049644 0.610758 0.086808 
 -0.046216 0.625932 0.110286 
 -0.049525 0.643407 0.089924 
 -0.046096 0.658665 0.113411 
 -0.046036 0.675031 0.114973 
 -0.049346 0.692380 0.094599 
 -0.045917 0.707764 0.118098 
 -0.049226 0.725029 0.097716 
 -0.049167 0.741353 0.099274 
 -0.049107 0.757678 0.100832 
 -0.049047 0.774002 0.102390 
 -0.048987 0.790327 0.103949 
 -0.048928 0.806651 0.105507 
 -0.048868 0.822976 0.107065 
 -0.048808 0.839300 0.108623 
 -0.048749 0.855624 0.110181 
 -0.048689 0.871949 0.111740 
 -0.048629 0.888273 0.113298 
 -0.048570 0.904598 0.114856 
 -0.048510 0.920922 0.116414 
 -0.048450 0.937247 0.117973 
 -0.048391 0.953571 0.119531 
 -0.036978 -0.573398 0.195821 
 -0.040232 -0.552561 0.175776 
 -0.046803 -0.527758 0.134075 
 -0.051716 -0.505127 0.103185 
 -0.051655 -0.488572 0.104765 
 -0.061543 -0.460244 0.041367 
 -0.064800 -0.439932 0.021272 
 -0.066398 -0.421624 0.012002 
 -0.069655 -0.401460 -0.008107 
 -0.069595 -0.385135 -0.006549 
 -0.072852 -0.365097 -0.026670 
 -0.076110 -0.345143 -0.046799 
 -0.084344 -0.319827 -0.099468 
 -0.085944 -0.301898 -0.108774 
 -0.092520 -0.278692 -0.150627 
 -0.092461 -0.262661 -0.149096 
 -0.095721 -0.243169 -0.169270 
 -0.097321 -0.225471 -0.178597 
 -0.100581 -0.206126 -0.198785 
 -0.100523 -0.190200 -0.197265 
 -0.103783 -0.170981 -0.217464 
 -0.103725 -0.155098 -0.215948 
 -0.103667 -0.139215 -0.214432 
 -0.103609 -0.123332 -0.212916 
 -0.103551 -0.107448 -0.211399 
 -0.103493 -0.091565 -0.209883 
 -0.100115 -0.078724 -0.186624 
 -0.100057 -0.062798 -0.185104 
 -0.099999 -0.046873 -0.183583 
 -0.096621 -0.033863 -0.160307 
 -0.096562 -0.017896 -0.158783 
 -0.096504 -0.001929 -0.157259 
 -0.096445 0.014038 -0.155735 
 -0.094727 0.028632 -0.143325 
 -0.094668 0.044620 -0.141799 
 -0.091289 0.057945 -0.118493 
 -0.091231 0.073975 -0.116963 
 -0.091172 0.090006 -0.115433 
 -0.084471 0.100961 -0.070319 
 -0.084412 0.117075 -0.068781 
 -0.084353 0.133190 -0.067243 
 -0.084294 0.149304 -0.065704 
 -0.087557 0.167788 -0.085974 
 -0.087498 0.183860 -0.084440 
 -0.087439 0.199932 -0.082905 
 -0.084058 0.213761 -0.059552 
 -0.087322 0.232077 -0.079837 
 -0.087263 0.248149 -0.078303 
 -0.087204 0.264222 -0.076769 
 -0.083823 0.278219 -0.053399 
 -0.083764 0.294333 -0.051861 
 -0.082043 0.309452 -0.039401 
 -0.083646 0.326562 -0.048784 
 -0.081925 0.341722 -0.036320 
 -0.078542 0.355993 -0.012924 
 -0.078483 0.372170 -0.011380 
 -0.078424 0.388347 -0.009835 
 -0.078365 0.404525 -0.008291 
 -0.078306 0.420702 -0.006747 
 -0.074922 0.435224 0.016673 
 -0.078188 0.453057 -0.003659 
 -0.074804 0.467663 0.019769 
 -0.074744 0.483883 0.021318 
 -0.073022 0.499358 0.033812 
 -0.072963 0.515599 0.035363 
 -0.069578 0.530436 0.058813 
 -0.069519 0.546719 0.060367 
 -0.069459 0.563001 0.061921 
 -0.066074 0.578007 0.085387 
 -0.066014 0.594331 0.086945 
 -0.062628 0.609463 0.110424 
 -0.062568 0.625829 0.111986 
 -0.062509 0.642196 0.113549 
 -0.062449 0.658562 0.115111 
 -0.062389 0.674929 0.116673 
 -0.062329 0.691295 0.118235 
 -0.062269 0.707661 0.119798 
 -0.062209 0.724028 0.121360 
 -0.065477 0.741251 0.100970 
 -0.065417 0.757576 0.102528 
 -0.065358 0.773900 0.104086 
 -0.065298 0.790224 0.105644 
 -0.065238 0.806549 0.107203 
 -0.065179 0.822873 0.108761 
 -0.065119 0.839198 0.110319 
 -0.065059 0.855522 0.111877 
 -0.065000 0.871847 0.113435 
 -0.064940 0.888171 0.114994 
 -0.061551 0.904059 0.138545 
 -0.064820 0.920820 0.118110 
 -0.064761 0.937144 0.119668 
 -0.064701 0.953469 0.121227 
 -0.053708 -0.573503 0.197561 
 -0.053647 -0.556758 0.199159 
 -0.063407 -0.527862 0.135802 
 -0.066620 -0.507235 0.115732 
 -0.068197 -0.488675 0.106485 
 -0.071410 -0.468195 0.086401 
 -0.077899 -0.443917 0.044642 
 -0.082751 -0.421727 0.013702 
 -0.085965 -0.401562 -0.006411 
 -0.089181 -0.381481 -0.026533 
 -0.092396 -0.361485 -0.046662 
 -0.097249 -0.339736 -0.077644 
 -0.100466 -0.319928 -0.097792 
 -0.102044 -0.301999 -0.107100 
 -0.108537 -0.278792 -0.148961 
 -0.111754 -0.259257 -0.169135 
 -0.111695 -0.243269 -0.167609 
 -0.113275 -0.225571 -0.176938 
 -0.116493 -0.206225 -0.197131 
 -0.116434 -0.190300 -0.195610 
 -0.119653 -0.171081 -0.215814 
 -0.119595 -0.155197 -0.214298 
 -0.119537 -0.139314 -0.212782 
 -0.119479 -0.123431 -0.211266 
 -0.119420 -0.107548 -0.209750 
 -0.119362 -0.091665 -0.208233 
 -0.116027 -0.078823 -0.184969 
 -0.115969 -0.062898 -0.183449 
 -0.115910 -0.046973 -0.181929 
 -0.112574 -0.033963 -0.158649 
 -0.112516 -0.017996 -0.157124 
 -0.112457 -0.002029 -0.155600 
 -0.112399 0.013938 -0.154076 
 -0.110701 0.028532 -0.141664 
 -0.110643 0.044520 -0.140138 
 -0.107306 0.057845 -0.116828 
 -0.103968 0.071253 -0.093509 
 -0.100630 0.084746 -0.070183 
 -0.098932 0.099591 -0.057747 
 -0.100512 0.116974 -0.067107 
 -0.098814 0.131862 -0.054667 
 -0.100395 0.149203 -0.064030 
 -0.100336 0.165317 -0.062492 
 -0.100277 0.181432 -0.060954 
 -0.100218 0.197546 -0.059416 
 -0.100159 0.213660 -0.057878 
 -0.103381 0.231976 -0.078167 
 -0.103322 0.248049 -0.076633 
 -0.103263 0.264121 -0.075099 
 -0.095002 0.275004 -0.018964 
 -0.099864 0.294232 -0.050187 
 -0.099805 0.310346 -0.048649 
 -0.099747 0.326461 -0.047110 
 -0.098047 0.341621 -0.034644 
 -0.094706 0.355891 -0.011243 
 -0.094647 0.372069 -0.009699 
 -0.097870 0.390028 -0.030024 
 -0.097811 0.406163 -0.028483 
 -0.094469 0.420601 -0.005067 
 -0.091128 0.435123 0.018358 
 -0.091069 0.451342 0.019906 
 -0.091009 0.467562 0.021454 
 -0.090950 0.483781 0.023002 
 -0.089249 0.499257 0.035499 
 -0.089190 0.515497 0.037050 
 -0.085847 0.530334 0.060504 
 -0.085787 0.546617 0.062058 
 -0.082444 0.561580 0.085525 
 -0.082384 0.577904 0.087083 
 -0.082325 0.594229 0.088641 
 -0.078981 0.609360 0.112124 
 -0.077279 0.625151 0.124651 
 -0.078861 0.642093 0.115249 
 -0.078801 0.658460 0.116811 
 -0.078741 0.674826 0.118373 
 -0.078682 0.691192 0.119935 
 -0.078622 0.707559 0.121498 
 -0.078562 0.723925 0.123060 
 -0.078502 0.740292 0.124622 
 -0.078442 0.756658 0.126184 
 -0.081668 0.773798 0.105782 
 -0.081608 0.790122 0.107340 
 -0.081549 0.806447 0.108898 
 -0.081489 0.822771 0.110456 
 -0.078143 0.838491 0.133996 
 -0.078083 0.854857 0.135558 
 -0.081310 0.871744 0.115131 
 -0.081250 0.888069 0.116689 
 -0.077904 0.903956 0.140245 
 -0.077844 0.920323 0.141807 
 -0.077784 0.936689 0.143369 
 -0.073670 -0.569473 0.177652 
 -0.073609 -0.552770 0.179246 
 -0.080012 -0.527966 0.137528 
 -0.083183 -0.507339 0.117454 
 -0.084738 -0.488779 0.108205 
 -0.091142 -0.464374 0.066448 
 -0.097547 -0.440137 0.024676 
 -0.099103 -0.421829 0.015403 
 -0.102276 -0.401664 -0.004716 
 -0.105449 -0.381583 -0.024841 
 -0.108623 -0.361586 -0.044975 
 -0.113413 -0.339837 -0.075964 
 -0.116587 -0.320029 -0.096116 
 -0.118145 -0.302100 -0.105426 
 -0.121320 -0.282439 -0.125592 
 -0.124495 -0.262862 -0.145766 
 -0.124436 -0.246832 -0.144236 
 -0.127611 -0.227381 -0.164422 
 -0.129170 -0.209704 -0.173756 
 -0.132346 -0.190400 -0.193956 
 -0.132288 -0.174475 -0.192436 
 -0.132230 -0.158549 -0.190916 
 -0.132171 -0.142624 -0.189396 
 -0.135348 -0.123530 -0.209616 
 -0.135290 -0.107647 -0.208100 
 -0.135232 -0.091764 -0.206583 
 -0.131939 -0.078923 -0.183315 
 -0.131880 -0.062998 -0.181795 
 -0.128586 -0.050031 -0.158514 
 -0.128528 -0.034063 -0.156990 
 -0.128469 -0.018096 -0.155466 
 -0.126793 -0.003545 -0.143056 
 -0.126735 0.012443 -0.141529 
 -0.126676 0.028432 -0.140003 
 -0.126618 0.044420 -0.138477 
 -0.120086 0.055080 -0.093374 
 -0.116790 0.068530 -0.070047 
 -0.115112 0.083355 -0.057611 
 -0.108579 0.094414 -0.012470 
 -0.111757 0.113129 -0.032726 
 -0.108460 0.126853 -0.009373 
 -0.111639 0.145484 -0.029637 
 -0.111579 0.161661 -0.028093 
 -0.114758 0.180167 -0.048370 
 -0.116318 0.197445 -0.057742 
 -0.116260 0.213559 -0.056204 
 -0.116201 0.229674 -0.054666 
 -0.116142 0.245788 -0.053127 
 -0.116083 0.261903 -0.051589 
 -0.111165 0.274903 -0.017284 
 -0.115965 0.294131 -0.048513 
 -0.115906 0.310246 -0.046975 
 -0.115847 0.326360 -0.045437 
 -0.110870 0.355790 -0.009563 
 -0.110810 0.371967 -0.008019 
 -0.113991 0.389926 -0.028348 
 -0.113932 0.406062 -0.026807 
 -0.107333 0.435021 0.020043 
 -0.107274 0.451241 0.021591 
 -0.107215 0.467460 0.023139 
 -0.107155 0.483679 0.024687 
 -0.105476 0.499155 0.037186 
 -0.102175 0.513950 0.060641 
 -0.098874 0.528829 0.084104 
 -0.098814 0.545153 0.085662 
 -0.098755 0.561478 0.087220 
 -0.098695 0.577802 0.088779 
 -0.098635 0.594127 0.090337 
 -0.095333 0.609258 0.113824 
 -0.093652 0.625048 0.126353 
 -0.095214 0.641991 0.116949 
 -0.093532 0.657823 0.129481 
 -0.093473 0.674211 0.131046 
 -0.093413 0.690598 0.132610 
 -0.093353 0.706986 0.134174 
 -0.094914 0.723823 0.124760 
 -0.094855 0.740189 0.126322 
 -0.094795 0.756556 0.127885 
 -0.097979 0.773696 0.107478 
 -0.097919 0.790020 0.109036 
 -0.097859 0.806344 0.110594 
 -0.097800 0.822669 0.112152 
 -0.094496 0.838388 0.135696 
 -0.094436 0.854755 0.137258 
 -0.097621 0.871642 0.116827 
 -0.097561 0.887967 0.118385 
 -0.097501 0.904291 0.119943 
 -0.097442 0.920616 0.121502 
 -0.094136 0.936587 0.145069 
 -0.082446 -0.596722 0.231913 
 -0.090359 -0.569577 0.179387 
 -0.093487 -0.548782 0.159325 
 -0.099806 -0.524019 0.117594 
 -0.101340 -0.505438 0.108344 
 -0.101280 -0.488883 0.109924 
 -0.107600 -0.464477 0.068160 
 -0.110730 -0.444123 0.048055 
 -0.115456 -0.421932 0.017103 
 -0.118586 -0.401767 -0.003020 
 -0.121718 -0.381685 -0.023150 
 -0.124849 -0.361688 -0.043288 
 -0.129577 -0.339938 -0.074283 
 -0.132709 -0.320130 -0.094440 
 -0.134245 -0.302201 -0.103752 
 -0.137378 -0.282539 -0.123922 
 -0.137319 -0.266467 -0.122388 
 -0.140453 -0.246932 -0.142571 
 -0.143586 -0.227481 -0.162761 
 -0.145124 -0.209803 -0.172097 
 -0.145065 -0.193836 -0.170573 
 -0.148200 -0.174574 -0.190782 
 -0.148141 -0.158649 -0.189262 
 -0.148083 -0.142724 -0.187741 
 -0.148025 -0.126799 -0.186221 
 -0.151160 -0.107747 -0.206450 
 -0.147908 -0.094948 -0.183181 
 -0.147850 -0.079023 -0.181661 
 -0.144598 -0.066098 -0.158380 
 -0.144540 -0.050131 -0.156855 
 -0.144482 -0.034163 -0.155331 
 -0.142826 -0.019633 -0.142921 
 -0.142768 -0.003645 -0.141395 
 -0.142709 0.012343 -0.139869 
 -0.142651 0.028331 -0.138342 
 -0.139398 0.041613 -0.115028 
 -0.136144 0.054979 -0.091704 
 -0.132890 0.068429 -0.068374 
 -0.128039 0.080673 -0.034134 
 -0.123187 0.093043 0.000118 
 -0.123127 0.109284 0.001668 
 -0.123068 0.125524 0.003218 
 -0.119813 0.139352 0.026585 
 -0.119753 0.155635 0.028140 
 -0.116498 0.169589 0.051518 
 -0.116438 0.185913 0.053077 
 -0.116378 0.202238 0.054635 
 -0.108327 0.213057 0.110786 
 -0.108267 0.229486 0.112354 
 -0.108207 0.245916 0.113923 
 -0.121880 0.450332 0.034223 
 -0.121821 0.466573 0.035773 
 -0.121761 0.482813 0.037323 
 -0.118503 0.497566 0.060778 
 -0.115244 0.512402 0.084241 
 -0.111985 0.527323 0.107713 
 -0.111925 0.543689 0.109275 
 -0.111865 0.560056 0.110838 
 -0.115005 0.577700 0.090474 
 -0.114946 0.594024 0.092033 
 -0.103625 0.622643 0.171930 
 -0.111566 0.641888 0.118649 
 -0.109906 0.657721 0.131184 
 -0.109846 0.674108 0.132748 
 -0.109786 0.690496 0.134312 
 -0.109726 0.706883 0.135877 
 -0.111267 0.723720 0.126460 
 -0.111207 0.740087 0.128022 
 -0.111147 0.756453 0.129585 
 -0.111087 0.772820 0.131147 
 -0.114230 0.789918 0.110732 
 -0.114170 0.806242 0.112290 
 -0.114110 0.822567 0.113848 
 -0.110848 0.838286 0.137396 
 -0.110788 0.854652 0.138958 
 -0.110728 0.871019 0.140520 
 -0.110669 0.887385 0.142083 
 -0.110609 0.903751 0.143645 
 -0.113752 0.920513 0.123197 
 -0.103899 -0.573817 0.202779 
 -0.110133 -0.548886 0.161055 
 -0.116368 -0.524123 0.119316 
 -0.117882 -0.505542 0.110064 
 -0.117821 -0.488986 0.111644 
 -0.124057 -0.464580 0.069871 
 -0.127145 -0.444226 0.049762 
 -0.130234 -0.423955 0.029645 
 -0.134897 -0.401869 -0.001324 
 -0.137986 -0.381787 -0.021459 
 -0.141076 -0.361790 -0.041601 
 -0.145740 -0.340040 -0.072603 
 -0.148830 -0.320231 -0.092764 
 -0.148771 -0.304096 -0.091224 
 -0.153437 -0.282640 -0.122252 
 -0.156528 -0.263063 -0.142436 
 -0.156469 -0.247032 -0.140906 
 -0.159561 -0.227581 -0.161100 
 -0.159502 -0.211593 -0.159574 
 -0.161019 -0.193936 -0.168914 
 -0.164111 -0.174674 -0.189127 
 -0.164053 -0.158749 -0.187607 
 -0.163995 -0.142824 -0.186087 
 -0.163937 -0.126898 -0.184567 
 -0.163878 -0.110973 -0.183047 
 -0.163820 -0.095048 -0.181527 
 -0.160610 -0.082165 -0.158245 
 -0.160552 -0.066198 -0.156721 
 -0.158918 -0.051710 -0.144312 
 -0.158859 -0.035722 -0.142786 
 -0.158801 -0.019733 -0.141260 
 -0.158742 -0.003745 -0.139734 
 -0.158684 0.012243 -0.138208 
 -0.155473 0.025483 -0.114893 
 -0.155414 0.041513 -0.113363 
 -0.152203 0.054879 -0.090035 
 -0.148991 0.068329 -0.066700 
 -0.139472 0.076701 0.000255 
 -0.139413 0.092942 0.001805 
 -0.136200 0.106685 0.025168 
 -0.132987 0.120513 0.048539 
 -0.132927 0.136838 0.050098 
 -0.132868 0.153162 0.051656 
 -0.129654 0.167158 0.075044 
 -0.128017 0.182381 0.087523 
 -0.127957 0.198769 0.089087 
 -0.124742 0.212954 0.112493 
 -0.124682 0.229383 0.114061 
 -0.124622 0.245813 0.115629 
 -0.138107 0.450230 0.035910 
 -0.138047 0.466471 0.037460 
 -0.137988 0.482711 0.039010 
 -0.134772 0.497464 0.062470 
 -0.131555 0.512300 0.085937 
 -0.128337 0.527220 0.109413 
 -0.128278 0.543587 0.110976 
 -0.123061 0.672980 0.156404 
 -0.126160 0.690393 0.136015 
 -0.126100 0.706781 0.137579 
 -0.127619 0.723618 0.128160 
 -0.127560 0.739984 0.129723 
 -0.127500 0.756351 0.131285 
 -0.127440 0.772717 0.132847 
 -0.130540 0.789816 0.112427 
 -0.130480 0.806140 0.113986 
 -0.130421 0.822464 0.115544 
 -0.127201 0.838183 0.139096 
 -0.127141 0.854550 0.140658 
 -0.127081 0.870916 0.142221 
 -0.127021 0.887283 0.143783 
 -0.126961 0.903649 0.145345 
 -0.116033 -0.596933 0.235405 
 -0.120630 -0.573922 0.204518 
 -0.126780 -0.548990 0.162786 
 -0.129825 -0.528278 0.142707 
 -0.132870 -0.507650 0.122620 
 -0.134362 -0.489090 0.113364 
 -0.140514 -0.464683 0.071582 
 -0.143561 -0.444329 0.051469 
 -0.148161 -0.422137 0.020503 
 -0.151208 -0.401971 0.000372 
 -0.154255 -0.381889 -0.019767 
 -0.157302 -0.361891 -0.039914 
 -0.161904 -0.340141 -0.070922 
 -0.164952 -0.320332 -0.091088 
 -0.164893 -0.304197 -0.089547 
 -0.166388 -0.286288 -0.098866 
 -0.172545 -0.263163 -0.140770 
 -0.172486 -0.247133 -0.139240 
 -0.175535 -0.227681 -0.159439 
 -0.177031 -0.210003 -0.168780 
 -0.176973 -0.194036 -0.167256 
 -0.180023 -0.174774 -0.187473 
 -0.179965 -0.158848 -0.185953 
 -0.179906 -0.142923 -0.184433 
 -0.179848 -0.126998 -0.182913 
 -0.179790 -0.111073 -0.181393 
 -0.176622 -0.098233 -0.158111 
 -0.175009 -0.083787 -0.145704 
 -0.176506 -0.066298 -0.155062 
 -0.174892 -0.051810 -0.142652 
 -0.174834 -0.035822 -0.141125 
 -0.174775 -0.019834 -0.139599 
 -0.174717 -0.003845 -0.138073 
 -0.171548 0.009352 -0.114758 
 -0.171490 0.025382 -0.113228 
 -0.168320 0.038706 -0.089899 
 -0.163595 0.050781 -0.055663 
 -0.160425 0.064293 -0.032317 
 -0.157255 0.077890 -0.008964 
 -0.149417 0.087762 0.047119 
 -0.149357 0.104087 0.048677 
 -0.149298 0.120411 0.050235 
 -0.146126 0.134323 0.073619 
 -0.146066 0.150689 0.075182 
 -0.144450 0.165891 0.087661 
 -0.144390 0.182279 0.089225 
 -0.138106 0.194177 0.134473 
 -0.138045 0.210648 0.136045 
 -0.137985 0.227120 0.137617 
 -0.137925 0.243591 0.139190 
 -0.137865 0.260063 0.140762 
 -0.142473 0.706678 0.139281 
 -0.143972 0.723515 0.129860 
 -0.143912 0.739882 0.131423 
 -0.143852 0.756248 0.132985 
 -0.143792 0.772615 0.134547 
 -0.146851 0.789713 0.114123 
 -0.146791 0.806038 0.115681 
 -0.146731 0.822362 0.117240 
 -0.146672 0.838687 0.118798 
 -0.143493 0.854447 0.142358 
 -0.143433 0.870814 0.143921 
 -0.132826 -0.597038 0.237151 
 -0.137360 -0.574027 0.206258 
 -0.143426 -0.549095 0.164517 
 -0.146429 -0.528382 0.144433 
 -0.149432 -0.507754 0.124342 
 -0.150904 -0.489194 0.115084 
 -0.156972 -0.464787 0.073293 
 -0.156912 -0.448315 0.074865 
 -0.164513 -0.422239 0.022203 
 -0.167518 -0.402073 0.002067 
 -0.173588 -0.378234 -0.039777 
 -0.175061 -0.360135 -0.049080 
 -0.178067 -0.340242 -0.069242 
 -0.181074 -0.320433 -0.089411 
 -0.181015 -0.304298 -0.087871 
 -0.182488 -0.286389 -0.097192 
 -0.185495 -0.266769 -0.117379 
 -0.185436 -0.250697 -0.115845 
 -0.188444 -0.231203 -0.136045 
 -0.191452 -0.211793 -0.156252 
 -0.192926 -0.194136 -0.165597 
 -0.195935 -0.174873 -0.185819 
 -0.195876 -0.158948 -0.184299 
 -0.195818 -0.143023 -0.182779 
 -0.195760 -0.127098 -0.181258 
 -0.195702 -0.111172 -0.179738 
 -0.192576 -0.098333 -0.156452 
 -0.190984 -0.083887 -0.144043 
 -0.190925 -0.067899 -0.142517 
 -0.190867 -0.051910 -0.140991 
 -0.190809 -0.035922 -0.139465 
 -0.190750 -0.019934 -0.137938 
 -0.190692 -0.003945 -0.136412 
 -0.190633 0.012043 -0.134886 
 -0.187506 0.025282 -0.111562 
 -0.184379 0.038605 -0.088230 
 -0.179717 0.050680 -0.053987 
 -0.176589 0.064192 -0.030637 
 -0.171926 0.076498 0.003629 
 -0.165727 0.087660 0.048814 
 -0.165668 0.103984 0.050373 
 -0.162538 0.117854 0.073757 
 -0.162479 0.134220 0.075320 
 -0.162419 0.150587 0.076882 
 -0.160824 0.165789 0.089363 
 -0.160764 0.182176 0.090927 
 -0.154563 0.194074 0.136184 
 -0.154503 0.210545 0.137756 
 -0.154443 0.227017 0.139328 
 -0.151312 0.241369 0.162758 
 -0.151251 0.257883 0.164335 
 -0.154152 -0.590876 0.206399 
 -0.160134 -0.565860 0.164657 
 -0.163094 -0.545105 0.144573 
 -0.166055 -0.524434 0.124482 
 -0.165995 -0.507858 0.126064 
 -0.167445 -0.489297 0.116803 
 -0.173429 -0.464890 0.075004 
 -0.173369 -0.448418 0.076576 
 -0.180866 -0.422342 0.023903 
 -0.183829 -0.402175 0.003763 
 -0.186792 -0.382093 -0.016384 
 -0.189755 -0.362095 -0.036540 
 -0.194231 -0.340344 -0.067561 
 -0.197195 -0.320534 -0.087735 
 -0.197136 -0.304399 -0.086195 
 -0.198589 -0.286490 -0.095518 
 -0.201554 -0.266870 -0.115710 
 -0.201495 -0.250797 -0.114175 
 -0.207485 -0.227882 -0.156118 
 -0.207426 -0.211893 -0.154591 
 -0.208880 -0.194236 -0.163938 
 -0.211846 -0.174973 -0.184165 
 -0.211788 -0.159048 -0.182644 
 -0.211730 -0.143123 -0.181124 
 -0.211672 -0.127197 -0.179604 
 -0.211613 -0.111272 -0.178084 
 -0.211555 -0.095347 -0.176564 
 -0.208471 -0.082465 -0.153269 
 -0.208413 -0.066498 -0.151745 
 -0.206842 -0.052010 -0.139330 
 -0.206783 -0.036022 -0.137804 
 -0.206725 -0.020034 -0.136278 
 -0.203640 -0.006879 -0.112957 
 -0.203581 0.009151 -0.111427 
 -0.200496 0.022432 -0.088094 
 -0.195897 0.034443 -0.053851 
 -0.189784 0.045248 -0.008690 
 -0.189725 0.061467 -0.007142 
 -0.185125 0.073815 0.027134 
 -0.182038 0.087558 0.050510 
 -0.181978 0.103882 0.052068 
 -0.178891 0.117751 0.075457 
 -0.178831 0.134118 0.077020 
 -0.178771 0.150484 0.078582 
 -0.178711 0.166851 0.080144 
 -0.177137 0.182074 0.092630 
 -0.171021 0.193971 0.137895 
 -0.170960 0.210442 0.139467 
 -0.170900 0.226914 0.141039 
 -0.170840 0.243385 0.142612 
 -0.167751 0.257780 0.166050 
 -0.170882 -0.590981 0.208138 
 -0.176780 -0.565964 0.166388 
 -0.179699 -0.545209 0.146299 
 -0.182618 -0.524538 0.126204 
 -0.184047 -0.505956 0.116943 
 -0.183987 -0.489401 0.118523 
 -0.189887 -0.464993 0.076715 
 -0.189827 -0.448521 0.078287 
 -0.197218 -0.422444 0.025603 
 -0.200139 -0.402278 0.005459 
 -0.203060 -0.382195 -0.014693 
 -0.205982 -0.362197 -0.034853 
 -0.210394 -0.340445 -0.065881 
 -0.213317 -0.320636 -0.086059 
 -0.213258 -0.304500 -0.084519 
 -0.214690 -0.286591 -0.093844 
 -0.217612 -0.266970 -0.114040 
 -0.220536 -0.247434 -0.134245 
 -0.223459 -0.227982 -0.154457 
 -0.224892 -0.210303 -0.163804 
 -0.224834 -0.194336 -0.162280 
 -0.227758 -0.175073 -0.182510 
 -0.230683 -0.155894 -0.202748 
 -0.227641 -0.143222 -0.179470 
 -0.227583 -0.127297 -0.177950 
 -0.227525 -0.111372 -0.176430 
 -0.227467 -0.095447 -0.174910 
 -0.222933 -0.084087 -0.140721 
 -0.222875 -0.068099 -0.139195 
 -0.222816 -0.052111 -0.137669 
 -0.219774 -0.039040 -0.114353 
 -0.219715 -0.023010 -0.112822 
 -0.219657 -0.006979 -0.111292 
 -0.216614 0.006259 -0.087959 
 -0.213570 0.019582 -0.064618 
 -0.209034 0.031635 -0.030364 
 -0.205990 0.045146 -0.007005 
 -0.204438 0.060054 0.005453 
 -0.201393 0.073713 0.028825 
 -0.198349 0.087456 0.052206 
 -0.195303 0.101282 0.075595 
 -0.195243 0.117649 0.077158 
 -0.195184 0.134015 0.078720 
 -0.193631 0.149196 0.091203 
 -0.193571 0.165583 0.092768 
 -0.187538 0.177396 0.138033 
 -0.184492 0.191622 0.161460 
 -0.184431 0.208136 0.163037 
 -0.184371 0.224649 0.164613 
 -0.184310 0.241163 0.166189 
 -0.183268 -0.614162 0.240785 
 -0.187612 -0.591086 0.209877 
 -0.190489 -0.570205 0.189797 
 -0.196303 -0.545313 0.148026 
 -0.199180 -0.524642 0.127925 
 -0.199120 -0.508065 0.129508 
 -0.200528 -0.489505 0.120243 
 -0.206344 -0.465096 0.078426 
 -0.206284 -0.448625 0.079998 
 -0.213571 -0.422547 0.027303 
 -0.216450 -0.402380 0.007155 
 -0.219329 -0.382297 -0.013002 
 -0.223678 -0.360440 -0.044026 
 -0.226558 -0.340546 -0.064200 
 -0.229438 -0.320737 -0.084383 
 -0.229379 -0.304601 -0.082843 
 -0.230790 -0.286692 -0.092170 
 -0.236611 -0.263565 -0.134110 
 -0.236552 -0.247534 -0.132580 
 -0.239434 -0.228082 -0.152796 
 -0.240846 -0.210403 -0.162145 
 -0.243728 -0.191098 -0.182376 
 -0.243670 -0.175173 -0.180856 
 -0.246552 -0.155993 -0.201099 
 -0.246494 -0.140110 -0.199582 
 -0.243495 -0.127397 -0.176296 
 -0.243437 -0.111472 -0.174775 
 -0.243379 -0.095546 -0.173255 
 -0.240379 -0.082665 -0.149952 
 -0.238849 -0.068199 -0.137534 
 -0.238791 -0.052211 -0.136008 
 -0.235791 -0.039140 -0.112687 
 -0.235732 -0.023110 -0.111157 
 -0.235673 -0.007080 -0.109627 
 -0.232672 0.006158 -0.086289 
 -0.228199 0.018106 -0.052039 
 -0.222255 0.028825 -0.006869 
 -0.222196 0.045045 -0.005321 
 -0.220665 0.059952 0.007140 
 -0.217662 0.073611 0.030517 
 -0.214659 0.087353 0.053902 
 -0.211656 0.101180 0.077295 
 -0.211596 0.117546 0.078858 
 -0.211536 0.133913 0.080420 
 -0.210004 0.149093 0.092906 
 -0.209944 0.165481 0.094470 
 -0.201051 0.175005 0.161599 
 -0.200991 0.191519 0.163176 
 -0.203875 0.210236 0.142889 
 -0.203815 0.226707 0.144461 
 -0.200810 0.241059 0.167905 
 -0.204343 -0.591191 0.211617 
 -0.207177 -0.570309 0.191532 
 -0.212908 -0.545417 0.149752 
 -0.215743 -0.524746 0.129647 
 -0.215682 -0.508169 0.131230 
 -0.217070 -0.489608 0.121963 
 -0.222802 -0.465199 0.080137 
 -0.225638 -0.444843 0.060002 
 -0.229923 -0.422649 0.029003 
 -0.232760 -0.402482 0.008850 
 -0.235597 -0.382399 -0.011310 
 -0.238435 -0.362400 -0.031479 
 -0.242722 -0.340648 -0.062520 
 -0.245560 -0.320838 -0.082707 
 -0.245501 -0.304702 -0.081167 
 -0.246891 -0.286793 -0.090496 
 -0.252628 -0.263665 -0.132444 
 -0.252569 -0.247635 -0.130914 
 -0.255409 -0.228182 -0.151135 
 -0.256799 -0.210504 -0.160486 
 -0.259640 -0.191198 -0.180722 
 -0.262480 -0.171976 -0.200965 
 -0.262422 -0.156093 -0.199449 
 -0.259465 -0.143422 -0.176161 
 -0.259407 -0.127497 -0.174641 
 -0.262248 -0.108443 -0.194900 
 -0.259290 -0.095646 -0.171601 
 -0.254883 -0.084287 -0.137400 
 -0.254824 -0.068299 -0.135874 
 -0.254766 -0.052311 -0.134347 
 -0.251807 -0.039241 -0.111022 
 -0.251749 -0.023211 -0.109492 
 -0.248790 -0.010015 -0.086154 
 -0.245830 0.003266 -0.062809 
 -0.241420 0.015255 -0.028547 
 -0.237010 0.027370 0.005726 
 -0.236951 0.043610 0.007276 
 -0.233990 0.057226 0.030654 
 -0.233931 0.073509 0.032208 
 -0.228068 0.084711 0.077433 
 -0.228008 0.101077 0.078995 
 -0.226498 0.116216 0.091479 
 -0.226438 0.132603 0.093044 
 -0.226378 0.148991 0.094608 
 -0.226318 0.165378 0.096172 
 -0.214648 0.172614 0.185175 
 -0.217490 0.191415 0.164891 
 -0.217430 0.207929 0.166467 
 -0.217370 0.224442 0.168044 
 -0.216854 -0.614372 0.244277 
 -0.221073 -0.591296 0.213356 
 -0.226719 -0.566277 0.171580 
 -0.229512 -0.545521 0.151478 
 -0.229451 -0.528903 0.153065 
 -0.232245 -0.508273 0.132952 
 -0.233611 -0.489712 0.123682 
 -0.239259 -0.465302 0.081848 
 -0.246335 -0.439118 0.029141 
 -0.249130 -0.418909 0.008988 
 -0.249071 -0.402584 0.010546 
 -0.251866 -0.382501 -0.009619 
 -0.251806 -0.366219 -0.008065 
 -0.258885 -0.340749 -0.060839 
 -0.258826 -0.324572 -0.059295 
 -0.261623 -0.304803 -0.079491 
 -0.262991 -0.286894 -0.088822 
 -0.265788 -0.267272 -0.109031 
 -0.268586 -0.247735 -0.129249 
 -0.271383 -0.228282 -0.149474 
 -0.272753 -0.210604 -0.158828 
 -0.275551 -0.191297 -0.179068 
 -0.275493 -0.175372 -0.177547 
 -0.275435 -0.159447 -0.176027 
 -0.275377 -0.143522 -0.174507 
 -0.275318 -0.127596 -0.172987 
 -0.275260 -0.111671 -0.171467 
 -0.275202 -0.095746 -0.169947 
 -0.275144 -0.079821 -0.168427 
 -0.270799 -0.068399 -0.134213 
 -0.270740 -0.052411 -0.132687 
 -0.267824 -0.039341 -0.109357 
 -0.267765 -0.023311 -0.107827 
 -0.264848 -0.010115 -0.084484 
 -0.260502 0.001768 -0.050227 
 -0.257584 0.015153 -0.026867 
 -0.250378 0.024560 0.029237 
 -0.253177 0.043508 0.008963 
 -0.250259 0.057124 0.032345 
 -0.250199 0.073407 0.033899 
 -0.244421 0.084608 0.079133 
 -0.244361 0.100975 0.080696 
 -0.242871 0.116113 0.093182 
 -0.242811 0.132501 0.094746 
 -0.239891 0.146516 0.118166 
 -0.239831 0.162945 0.119735 
 -0.234050 0.174798 0.165030 
 -0.231129 0.189066 0.188475 
 -0.231069 0.205621 0.190055 
 -0.233869 0.224339 0.169759 
 -0.237803 -0.591401 0.215096 
 -0.243365 -0.566381 0.173310 
 -0.246116 -0.545625 0.153205 
 -0.248868 -0.524953 0.133091 
 -0.248807 -0.508377 0.134674 
 -0.250152 -0.489816 0.125402 
 -0.255717 -0.465406 0.083559 
 -0.261282 -0.441163 0.041699 
 -0.262628 -0.422854 0.032404 
 -0.265381 -0.402687 0.012242 
 -0.268134 -0.382603 -0.007928 
 -0.268075 -0.366321 -0.006373 
 -0.272235 -0.344525 -0.037423 
 -0.274990 -0.324673 -0.057615 
 -0.274930 -0.308496 -0.056070 
 -0.277685 -0.288769 -0.076274 
 -0.281847 -0.267373 -0.107362 
 -0.284602 -0.247836 -0.127584 
 -0.287358 -0.228382 -0.147813 
 -0.287300 -0.212394 -0.146287 
 -0.288648 -0.194736 -0.155645 
 -0.288590 -0.178769 -0.154121 
 -0.288532 -0.162802 -0.152597 
 -0.288473 -0.146834 -0.151073 
 -0.291230 -0.127696 -0.171333 
 -0.291172 -0.111771 -0.169813 
 -0.291114 -0.095846 -0.168292 
 -0.291055 -0.079920 -0.166772 
 -0.286773 -0.068499 -0.132552 
 -0.286715 -0.052511 -0.131026 
 -0.283840 -0.039442 -0.107692 
 -0.280966 -0.026288 -0.084349 
 -0.278090 -0.013051 -0.060999 
 -0.276623 0.001667 -0.048551 
 -0.273747 0.015052 -0.025186 
 -0.273688 0.031229 -0.023642 
 -0.269404 0.043407 0.010650 
 -0.269344 0.059647 0.012201 
 -0.266468 0.073305 0.035591 
 -0.266408 0.089587 0.037145 
 -0.260713 0.100872 0.082396 
 -0.259245 0.116011 0.094884 
 -0.256367 0.129983 0.118305 
 -0.256307 0.146413 0.119873 
 -0.253428 0.160512 0.143305 
 -0.250550 0.174695 0.166746 
 -0.250489 0.191208 0.168322 
 -0.250429 0.207722 0.169898 
 -0.250369 0.224235 0.171474 
 -0.254534 -0.591506 0.216835 
 -0.260012 -0.566486 0.175041 
 -0.262721 -0.545729 0.154931 
 -0.265430 -0.525057 0.134813 
 -0.265369 -0.508481 0.136396 
 -0.266694 -0.489919 0.127122 
 -0.272174 -0.465509 0.085270 
 -0.274885 -0.445152 0.065122 
 -0.278981 -0.422957 0.034104 
 -0.281692 -0.402789 0.013938 
 -0.281632 -0.386464 0.015496 
 -0.284343 -0.366423 -0.004682 
 -0.287055 -0.346465 -0.024868 
 -0.291153 -0.324774 -0.055934 
 -0.291094 -0.308597 -0.054390 
 -0.293807 -0.288870 -0.074598 
 -0.297906 -0.267474 -0.105692 
 -0.300619 -0.247936 -0.125919 
 -0.303333 -0.228482 -0.146153 
 -0.303274 -0.212494 -0.144626 
 -0.304602 -0.194836 -0.153986 
 -0.304544 -0.178869 -0.152462 
 -0.304485 -0.162902 -0.150938 
 -0.304427 -0.146934 -0.149414 
 -0.304368 -0.130967 -0.147890 
 -0.304310 -0.115000 -0.146366 
 -0.304252 -0.099033 -0.144841 
 -0.300033 -0.087633 -0.110617 
 -0.299974 -0.071603 -0.109087 
 -0.299916 -0.055572 -0.107557 
 -0.294309 -0.045380 -0.062402 
 -0.292863 -0.030704 -0.049955 
 -0.292804 -0.014569 -0.048415 
 -0.292745 0.001566 -0.046875 
 -0.289911 0.014951 -0.023506 
 -0.285690 0.027065 0.010787 
 -0.285630 0.043305 0.012338 
 -0.282796 0.056920 0.035728 
 -0.282736 0.073203 0.037282 
 -0.277126 0.084403 0.082534 
 -0.275678 0.099520 0.095022 
 -0.272842 0.113451 0.118443 
 -0.272782 0.129881 0.120011 
 -0.272722 0.146310 0.121580 
 -0.269886 0.160409 0.145016 
 -0.269826 0.176880 0.146589 
 -0.269765 0.193352 0.148161 
 -0.269705 0.209823 0.149733 
 -0.269645 0.226295 0.151305 
 -0.271264 -0.591610 0.218574 
 -0.273931 -0.570728 0.198472 
 -0.279325 -0.545833 0.156657 
 -0.279264 -0.529215 0.158243 
 -0.281932 -0.508585 0.138117 
 -0.283235 -0.490023 0.128842 
 -0.285903 -0.469540 0.108701 
 -0.291300 -0.445255 0.066829 
 -0.293969 -0.424981 0.046668 
 -0.295273 -0.406693 0.037366 
 -0.297943 -0.386567 0.017192 
 -0.300612 -0.366525 -0.002991 
 -0.303282 -0.346567 -0.023181 
 -0.304587 -0.328509 -0.032505 
 -0.307258 -0.308698 -0.052709 
 -0.309928 -0.288971 -0.072922 
 -0.313964 -0.267574 -0.104023 
 -0.316636 -0.248036 -0.124254 
 -0.316577 -0.232006 -0.122723 
 -0.319249 -0.212594 -0.142966 
 -0.320556 -0.194936 -0.152328 
 -0.320497 -0.178969 -0.150804 
 -0.319073 -0.164629 -0.138387 
 -0.319015 -0.148641 -0.136861 
 -0.320322 -0.131067 -0.146231 
 -0.318898 -0.116665 -0.133809 
 -0.318840 -0.100676 -0.132283 
 -0.316050 -0.087733 -0.108952 
 -0.315991 -0.071703 -0.107422 
 -0.313200 -0.058634 -0.084078 
 -0.310409 -0.045481 -0.060728 
 -0.310351 -0.029367 -0.059189 
 -0.308925 -0.014670 -0.046739 
 -0.308866 0.001465 -0.045199 
 -0.306075 0.014849 -0.021825 
 -0.303283 0.028318 0.001555 
 -0.303223 0.044537 0.003104 
 -0.301797 0.059444 0.015575 
 -0.301738 0.075684 0.017125 
 -0.296212 0.086842 0.062380 
 -0.293418 0.100667 0.085796 
 -0.291992 0.115805 0.098289 
 -0.289198 0.129778 0.121718 
 -0.289138 0.146207 0.123286 
 -0.289078 0.162637 0.124855 
 -0.289017 0.179066 0.126423 
 -0.288957 0.195496 0.127991 
 -0.288897 0.211925 0.129559 
 -0.286102 0.226192 0.153016 
 -0.286042 0.242663 0.154589 
 -0.287994 -0.591715 0.220314 
 -0.293305 -0.566694 0.178502 
 -0.295930 -0.545938 0.158383 
 -0.295869 -0.529319 0.159970 
 -0.298494 -0.508688 0.139839 
 -0.298434 -0.492112 0.141422 
 -0.302403 -0.469643 0.110416 
 -0.305029 -0.449243 0.090264 
 -0.307655 -0.428928 0.070104 
 -0.311626 -0.406795 0.039066 
 -0.311566 -0.390429 0.040629 
 -0.314193 -0.370345 0.020445 
 -0.319508 -0.346668 -0.021494 
 -0.320793 -0.328611 -0.030821 
 -0.323421 -0.308799 -0.051029 
 -0.326050 -0.289072 -0.071246 
 -0.327335 -0.271183 -0.080588 
 -0.329964 -0.251603 -0.100819 
 -0.332594 -0.232107 -0.121058 
 -0.335223 -0.212694 -0.141305 
 -0.335165 -0.196706 -0.139779 
 -0.335107 -0.180718 -0.138252 
 -0.335048 -0.164730 -0.136726 
 -0.334990 -0.148741 -0.135200 
 -0.334931 -0.132753 -0.133674 
 -0.334873 -0.116765 -0.132148 
 -0.334814 -0.100776 -0.130622 
 -0.332066 -0.087834 -0.107287 
 -0.332008 -0.071803 -0.105757 
 -0.329259 -0.058735 -0.082409 
 -0.326510 -0.045582 -0.059054 
 -0.326451 -0.029468 -0.057516 
 -0.325047 -0.014771 -0.045063 
 -0.324988 0.001364 -0.043523 
 -0.322238 0.014748 -0.020145 
 -0.319488 0.028216 0.003240 
 -0.319429 0.044435 0.004788 
 -0.318024 0.059342 0.017262 
 -0.315273 0.072999 0.040665 
 -0.312522 0.086740 0.064076 
 -0.309771 0.100565 0.087496 
 -0.309711 0.116931 0.089058 
 -0.308305 0.132090 0.101555 
 -0.308245 0.148478 0.103119 
 -0.308185 0.164865 0.104684 
 -0.308125 0.181253 0.106248 
 -0.305373 0.195393 0.129698 
 -0.305313 0.211822 0.131266 
 -0.305253 0.228252 0.132834 
 -0.302500 0.242560 0.156300 
 -0.300821 -0.614898 0.253006 
 -0.304725 -0.591820 0.222053 
 -0.309951 -0.566799 0.180233 
 -0.312534 -0.546042 0.160110 
 -0.312473 -0.529423 0.161696 
 -0.315057 -0.508792 0.141561 
 -0.314996 -0.492215 0.143144 
 -0.318902 -0.469746 0.112132 
 -0.321486 -0.449347 0.091975 
 -0.324071 -0.429031 0.071810 
 -0.326656 -0.408799 0.051637 
 -0.327918 -0.390531 0.042329 
 -0.330504 -0.370447 0.022141 
 -0.333090 -0.350446 0.001946 
 -0.335676 -0.330529 -0.018256 
 -0.336939 -0.312493 -0.027587 
 -0.339526 -0.292723 -0.047804 
 -0.342112 -0.273038 -0.068030 
 -0.343377 -0.255169 -0.077376 
 -0.348610 -0.232207 -0.119393 
 -0.348552 -0.216177 -0.117863 
 -0.351140 -0.196806 -0.138118 
 -0.351081 -0.180818 -0.136592 
 -0.351023 -0.164830 -0.135065 
 -0.350964 -0.148841 -0.133539 
 -0.352229 -0.131267 -0.142914 
 -0.350847 -0.116865 -0.130487 
 -0.350789 -0.100877 -0.128961 
 -0.348083 -0.087934 -0.105622 
 -0.348024 -0.071904 -0.104091 
 -0.347966 -0.055873 -0.102561 
 -0.342611 -0.045683 -0.057380 
 -0.342552 -0.029569 -0.055842 
 -0.341169 -0.014872 -0.043387 
 -0.341110 0.001263 -0.041847 
 -0.338402 0.014647 -0.018464 
 -0.338343 0.030824 -0.016920 
 -0.335634 0.044334 0.006473 
 -0.334250 0.059240 0.018949 
 -0.334191 0.075481 0.020499 
 -0.328833 0.086638 0.065772 
 -0.328773 0.102962 0.067330 
 -0.326063 0.116829 0.090758 
 -0.326004 0.133195 0.092321 
 -0.324619 0.148375 0.104822 
 -0.324559 0.164762 0.106386 
 -0.321848 0.178860 0.129836 
 -0.321788 0.195290 0.131404 
 -0.321728 0.211719 0.132973 
 -0.321668 0.228149 0.134541 
 -0.317614 -0.615004 0.254752 
 -0.321455 -0.591925 0.223793 
 -0.323996 -0.571042 0.203677 
 -0.326537 -0.550242 0.183554 
 -0.329078 -0.529527 0.163422 
 -0.331619 -0.508896 0.143283 
 -0.331558 -0.492319 0.144866 
 -0.335402 -0.469850 0.113847 
 -0.337944 -0.449450 0.093686 
 -0.340486 -0.429134 0.073517 
 -0.343029 -0.408902 0.053339 
 -0.344271 -0.390634 0.044029 
 -0.346814 -0.370549 0.023837 
 -0.349358 -0.350548 0.003638 
 -0.351902 -0.330631 -0.016569 
 -0.353145 -0.312595 -0.025903 
 -0.355689 -0.292825 -0.046124 
 -0.358234 -0.273139 -0.066354 
 -0.359477 -0.255270 -0.075702 
 -0.362023 -0.235732 -0.095946 
 -0.364568 -0.216277 -0.116198 
 -0.364510 -0.200247 -0.114667 
 -0.367056 -0.180918 -0.134931 
 -0.366997 -0.164930 -0.133405 
 -0.366939 -0.148941 -0.131878 
 -0.366881 -0.132953 -0.130352 
 -0.366822 -0.116965 -0.128826 
 -0.366764 -0.100977 -0.127300 
 -0.364099 -0.088034 -0.103956 
 -0.364041 -0.072004 -0.102426 
 -0.363982 -0.055974 -0.100896 
 -0.358711 -0.045784 -0.055706 
 -0.358652 -0.029669 -0.054168 
 -0.357290 -0.014973 -0.041711 
 -0.357231 0.001162 -0.040170 
 -0.354565 0.014545 -0.016784 
 -0.354506 0.030723 -0.015240 
 -0.351840 0.044232 0.008158 
 -0.351781 0.060452 0.009706 
 -0.350418 0.075379 0.022186 
 -0.347751 0.089077 0.045602 
 -0.345084 0.102860 0.069026 
 -0.345024 0.119184 0.070584 
 -0.342356 0.133093 0.094021 
 -0.342296 0.149459 0.095583 
 -0.340932 0.164660 0.108088 
 -0.340872 0.181047 0.109652 
 -0.340812 0.197435 0.111217 
 -0.340753 0.213822 0.112781 
 -0.338084 0.228046 0.136248 
 -0.336906 -0.594120 0.236389 
 -0.338124 -0.575285 0.227130 
 -0.343183 -0.550347 0.185285 
 -0.345682 -0.529631 0.165149 
 -0.348181 -0.509000 0.145005 
 -0.348121 -0.492423 0.146588 
 -0.349340 -0.473882 0.137301 
 -0.354401 -0.449553 0.095397 
 -0.356902 -0.429237 0.075224 
 -0.359403 -0.409004 0.055042 
 -0.360623 -0.390736 0.045729 
 -0.360564 -0.374370 0.047291 
 -0.365627 -0.350650 0.005329 
 -0.368129 -0.330733 -0.014882 
 -0.369350 -0.312696 -0.024218 
 -0.371853 -0.292926 -0.044443 
 -0.371794 -0.276749 -0.042899 
 -0.374297 -0.257105 -0.063137 
 -0.378081 -0.235832 -0.094276 
 -0.380585 -0.216377 -0.114532 
 -0.380526 -0.200347 -0.113002 
 -0.380468 -0.184317 -0.111472 
 -0.382972 -0.165030 -0.131744 
 -0.382914 -0.149042 -0.130218 
 -0.382855 -0.133053 -0.128692 
 -0.382797 -0.117065 -0.127165 
 -0.382738 -0.101077 -0.125639 
 -0.380116 -0.088135 -0.102291 
 -0.380057 -0.072105 -0.100761 
 -0.377435 -0.059037 -0.077400 
 -0.374812 -0.045885 -0.054032 
 -0.374753 -0.029770 -0.052494 
 -0.373412 -0.015074 -0.040035 
 -0.373353 0.001061 -0.038494 
 -0.370729 0.014444 -0.015104 
 -0.370670 0.030621 -0.013559 
 -0.368046 0.044131 0.009843 
 -0.367986 0.060350 0.011391 
 -0.366644 0.075277 0.023873 
 -0.364019 0.088975 0.047293 
 -0.363960 0.105258 0.048848 
 -0.361334 0.119082 0.072280 
 -0.358709 0.132990 0.095721 
 -0.358649 0.149357 0.097283 
 -0.357306 0.164557 0.109791 
 -0.357246 0.180945 0.111355 
 -0.354619 0.195084 0.134818 
 -0.354559 0.211514 0.136386 
 -0.354499 0.227943 0.137954 
 -0.351140 -0.598407 0.259848 
 -0.353596 -0.577460 0.239731 
 -0.354793 -0.558645 0.230468 
 -0.359768 -0.533790 0.188606 
 -0.362226 -0.513117 0.168461 
 -0.362165 -0.496498 0.170048 
 -0.362104 -0.479880 0.171634 
 -0.368340 -0.453543 0.118854 
 -0.370799 -0.433185 0.098681 
 -0.373257 -0.412910 0.078499 
 -0.375716 -0.392719 0.058308 
 -0.375656 -0.376332 0.059872 
 -0.379376 -0.354429 0.028787 
 -0.381836 -0.334470 0.008575 
 -0.384296 -0.314594 -0.011645 
 -0.385496 -0.296578 -0.020985 
 -0.387957 -0.276850 -0.041219 
 -0.387898 -0.260673 -0.039674 
 -0.391619 -0.239358 -0.070816 
 -0.394081 -0.219861 -0.091072 
 -0.396543 -0.200447 -0.111337 
 -0.396484 -0.184417 -0.109807 
 -0.396426 -0.168387 -0.108277 
 -0.398888 -0.149142 -0.128557 
 -0.398830 -0.133153 -0.127031 
 -0.398771 -0.117165 -0.125505 
 -0.398713 -0.101177 -0.123978 
 -0.396133 -0.088235 -0.100626 
 -0.396074 -0.072205 -0.099096 
 -0.396016 -0.056175 -0.097566 
 -0.393435 -0.043065 -0.074196 
 -0.390854 -0.029871 -0.050820 
 -0.390795 -0.013757 -0.049282 
 -0.389474 0.000960 -0.036818 
 -0.386893 0.014343 -0.013423 
 -0.384310 0.027810 0.009980 
 -0.384251 0.044029 0.011528 
 -0.384192 0.060248 0.013076 
 -0.382871 0.075176 0.025560 
 -0.380288 0.088873 0.048985 
 -0.377705 0.102655 0.072417 
 -0.377645 0.118980 0.073976 
 -0.377585 0.135304 0.075534 
 -0.375001 0.149254 0.098983 
 -0.374941 0.165621 0.100546 
 -0.373619 0.180842 0.113057 
 -0.373559 0.197230 0.114621 
 -0.370975 0.211411 0.138093 
 -0.370915 0.227840 0.139661 
 -0.367933 -0.598512 0.261594 
 -0.370347 -0.577565 0.241472 
 -0.371524 -0.558750 0.232208 
 -0.373939 -0.537950 0.212071 
 -0.376354 -0.517234 0.191927 
 -0.378769 -0.496602 0.171774 
 -0.381185 -0.476054 0.151614 
 -0.382363 -0.457534 0.142321 
 -0.384779 -0.437133 0.122146 
 -0.387196 -0.416816 0.101964 
 -0.389613 -0.396583 0.081774 
 -0.392030 -0.376435 0.061575 
 -0.395686 -0.354531 0.030482 
 -0.398104 -0.334572 0.010266 
 -0.398045 -0.318289 0.011820 
 -0.400463 -0.298456 -0.008408 
 -0.401643 -0.280460 -0.017752 
 -0.404062 -0.260774 -0.037994 
 -0.407720 -0.239459 -0.069142 
 -0.407661 -0.223344 -0.067604 
 -0.410081 -0.203889 -0.087869 
 -0.412501 -0.184518 -0.108142 
 -0.412442 -0.168487 -0.106612 
 -0.414863 -0.149242 -0.126896 
 -0.414804 -0.133254 -0.125370 
 -0.414746 -0.117265 -0.123844 
 -0.414688 -0.101277 -0.122318 
 -0.412149 -0.088336 -0.098961 
 -0.412091 -0.072305 -0.097431 
 -0.409552 -0.059238 -0.074061 
 -0.409493 -0.043166 -0.072527 
 -0.406954 -0.029972 -0.049146 
 -0.406895 -0.013858 -0.047608 
 -0.405596 0.000859 -0.035142 
 -0.405537 0.016994 -0.033602 
 -0.402997 0.030419 -0.010198 
 -0.400457 0.043927 0.013213 
 -0.400397 0.060147 0.014761 
 -0.399097 0.075074 0.027247 
 -0.396556 0.088771 0.050676 
 -0.394015 0.102553 0.074113 
 -0.393955 0.118878 0.075671 
 -0.391414 0.132785 0.099121 
 -0.391354 0.149152 0.100683 
 -0.391294 0.165518 0.102246 
 -0.389993 0.180739 0.114759 
 -0.389933 0.197127 0.116324 
 -0.389873 0.213514 0.117888 
 -0.387330 0.227737 0.141368 
 -0.384726 -0.598617 0.263340 
 -0.387098 -0.577670 0.243214 
 -0.387037 -0.560904 0.244814 
 -0.388193 -0.542111 0.235545 
 -0.390566 -0.521352 0.215400 
 -0.395374 -0.496706 0.173500 
 -0.397748 -0.476158 0.153336 
 -0.398904 -0.457638 0.144041 
 -0.398844 -0.441082 0.145621 
 -0.403653 -0.416919 0.103675 
 -0.403593 -0.400448 0.105247 
 -0.405968 -0.380257 0.085048 
 -0.411997 -0.354633 0.032178 
 -0.411937 -0.338309 0.033736 
 -0.414313 -0.318391 0.013512 
 -0.416690 -0.298557 -0.006721 
 -0.417848 -0.280562 -0.016067 
 -0.420225 -0.260875 -0.036314 
 -0.422602 -0.241272 -0.056569 
 -0.423762 -0.223445 -0.065930 
 -0.426140 -0.203990 -0.086199 
 -0.428518 -0.184618 -0.106477 
 -0.428459 -0.168588 -0.104946 
 -0.428400 -0.152557 -0.103416 
 -0.428342 -0.136527 -0.101886 
 -0.428283 -0.120497 -0.100356 
 -0.428225 -0.104466 -0.098826 
 -0.428166 -0.088436 -0.097296 
 -0.425669 -0.075411 -0.073926 
 -0.423173 -0.062302 -0.050548 
 -0.423114 -0.046188 -0.049010 
 -0.423055 -0.030073 -0.047472 
 -0.421777 -0.015377 -0.035006 
 -0.419279 -0.002037 -0.011606 
 -0.416781 0.011387 0.011801 
 -0.413063 0.023540 0.046151 
 -0.413003 0.039822 0.047705 
 -0.412944 0.056105 0.049259 
 -0.412884 0.072387 0.050813 
 -0.412825 0.088669 0.052368 
 -0.410326 0.102451 0.075809 
 -0.410266 0.118775 0.077367 
 -0.407766 0.132683 0.100821 
 -0.407706 0.149049 0.102384 
 -0.407646 0.165416 0.103946 
 -0.407587 0.181782 0.105508 
 -0.406306 0.197024 0.118026 
 -0.406247 0.213412 0.119590 
 -0.401458 -0.581915 0.266691 
 -0.403789 -0.561009 0.246556 
 -0.404923 -0.542215 0.237285 
 -0.404862 -0.525471 0.238883 
 -0.409586 -0.500782 0.196978 
 -0.411917 -0.480192 0.176813 
 -0.414249 -0.459685 0.156640 
 -0.415385 -0.441186 0.147341 
 -0.415325 -0.424630 0.148921 
 -0.417657 -0.404313 0.128729 
 -0.422384 -0.380360 0.086755 
 -0.424717 -0.360252 0.066544 
 -0.425854 -0.342047 0.057216 
 -0.428188 -0.322087 0.036990 
 -0.430522 -0.302211 0.016757 
 -0.432857 -0.282418 -0.003484 
 -0.433995 -0.264444 -0.012834 
 -0.438724 -0.241373 -0.054893 
 -0.439862 -0.223546 -0.064256 
 -0.439803 -0.207432 -0.062718 
 -0.444534 -0.184718 -0.104811 
 -0.444476 -0.168688 -0.103281 
 -0.444417 -0.152658 -0.101751 
 -0.444358 -0.136627 -0.100221 
 -0.444300 -0.120597 -0.098691 
 -0.444241 -0.104567 -0.097161 
 -0.441787 -0.091584 -0.073790 
 -0.441728 -0.075512 -0.072256 
 -0.439273 -0.062403 -0.048874 
 -0.438016 -0.047749 -0.036411 
 -0.437957 -0.031614 -0.034870 
 -0.437898 -0.015478 -0.033330 
 -0.435442 -0.002139 -0.009926 
 -0.435383 0.014039 -0.008382 
 -0.435324 0.030216 -0.006837 
 -0.429272 0.039720 0.049396 
 -0.429213 0.056003 0.050950 
 -0.429153 0.072285 0.052505 
 -0.429093 0.088568 0.054059 
 -0.423039 0.098597 0.110343 
 -0.422980 0.114984 0.111907 
 -0.422920 0.131372 0.113471 
 -0.422860 0.147759 0.115035 
 -0.422800 0.164147 0.116600 
 -0.418190 -0.565212 0.270041 
 -0.420479 -0.544348 0.249898 
 -0.421592 -0.525576 0.240622 
 -0.423882 -0.504859 0.220465 
 -0.428522 -0.480296 0.178539 
 -0.430812 -0.459789 0.158362 
 -0.431927 -0.441289 0.149060 
 -0.431866 -0.424734 0.150641 
 -0.434157 -0.404416 0.130445 
 -0.436448 -0.384183 0.110241 
 -0.438739 -0.364033 0.090030 
 -0.441031 -0.343968 0.069810 
 -0.442147 -0.325783 0.060478 
 -0.444439 -0.305865 0.040244 
 -0.446731 -0.286030 0.020003 
 -0.450200 -0.264546 -0.011149 
 -0.454846 -0.241474 -0.053217 
 -0.454787 -0.225339 -0.051677 
 -0.455904 -0.207533 -0.061044 
 -0.458198 -0.188119 -0.081326 
 -0.458139 -0.172046 -0.079792 
 -0.460434 -0.152758 -0.100086 
 -0.460375 -0.136728 -0.098556 
 -0.457963 -0.123829 -0.075189 
 -0.457904 -0.107757 -0.073655 
 -0.455492 -0.094732 -0.050277 
 -0.455433 -0.078618 -0.048739 
 -0.454197 -0.063986 -0.036275 
 -0.451783 -0.050772 -0.012878 
 -0.454079 -0.031715 -0.033194 
 -0.451665 -0.018417 -0.009790 
 -0.451606 -0.002240 -0.008245 
 -0.451547 0.013938 -0.006701 
 -0.451488 0.030115 -0.005157 
 -0.434922 -0.548510 0.273391 
 -0.437169 -0.527688 0.253240 
 -0.438262 -0.508936 0.243960 
 -0.445126 -0.480400 0.180265 
 -0.445065 -0.463781 0.181852 
 -0.447314 -0.443316 0.161666 
 -0.448407 -0.424838 0.152361 
 -0.448347 -0.408282 0.153941 
 -0.452905 -0.384286 0.111952 
 -0.452845 -0.367814 0.113525 
 -0.455094 -0.347707 0.093305 
 -0.457344 -0.327683 0.073077 
 -0.458439 -0.309519 0.063741 
 -0.458379 -0.293153 0.065303 
 -0.462940 -0.269850 0.023249 
 -0.465191 -0.250141 0.002991 
 -0.468598 -0.228824 -0.028184 
 -0.468538 -0.212647 -0.026640 
 -0.471946 -0.191519 -0.057832 
 -0.471887 -0.175405 -0.056294 
 -0.474139 -0.156075 -0.076588 
 -0.474080 -0.140002 -0.075054 
 -0.470554 -0.128628 -0.040759 
 -0.471651 -0.110948 -0.050141 
 -0.470436 -0.096357 -0.037679 
 -0.468065 -0.083228 -0.014286 
 -0.468006 -0.067051 -0.012742 
 -0.465635 -0.053795 0.010663 
 -0.467888 -0.034696 -0.009653 
 -0.467829 -0.018519 -0.008109 
 -0.467770 -0.002341 -0.006565 
 -0.467710 0.013836 -0.005021 
 -0.451715 -0.548615 0.275137 
 -0.453920 -0.527793 0.254981 
 -0.454992 -0.509041 0.245700 
 -0.459464 -0.484435 0.203761 
 -0.461670 -0.463885 0.183578 
 -0.461609 -0.447267 0.185164 
 -0.463815 -0.426844 0.164970 
 -0.464888 -0.408386 0.155661 
 -0.467095 -0.388110 0.135452 
 -0.469302 -0.367917 0.115236 
 -0.471510 -0.347809 0.095012 
 -0.471450 -0.331380 0.096580 
 -0.473658 -0.311398 0.076343 
 -0.474732 -0.293255 0.067003 
 -0.476940 -0.273420 0.046752 
 -0.474612 -0.260522 0.070128 
 -0.481358 -0.234002 0.006228 
 -0.484702 -0.212748 -0.024959 
 -0.486912 -0.193271 -0.045244 
 -0.486853 -0.177135 -0.043704 
 -0.487929 -0.159392 -0.053082 
 -0.487870 -0.143277 -0.051544 
 -0.484406 -0.131861 -0.017238 
 -0.486617 -0.112594 -0.037543 
 -0.486558 -0.096458 -0.036003 
 -0.481959 -0.086336 0.009251 
 -0.481900 -0.070116 0.010799 
 -0.481840 -0.053897 0.012347 
 -0.481781 -0.037677 0.013896 
 -0.481722 -0.021458 0.015444 
 -0.481662 -0.005239 0.016992 
 -0.468447 -0.531913 0.278488 
 -0.470610 -0.511132 0.258323 
 -0.470549 -0.494366 0.259924 
 -0.476049 -0.467878 0.207082 
 -0.475989 -0.451218 0.208672 
 -0.480378 -0.426947 0.166692 
 -0.481430 -0.408489 0.157380 
 -0.483595 -0.388213 0.137167 
 -0.485760 -0.368021 0.116947 
 -0.485700 -0.351549 0.118519 
 -0.487865 -0.331483 0.098287 
 -0.490031 -0.311500 0.078045 
 -0.489971 -0.295113 0.079610 
 -0.491025 -0.276991 0.070266 
 -0.489852 -0.262338 0.082738 
 -0.489792 -0.245951 0.084302 
 -0.495299 -0.221206 0.031294 
 -0.497466 -0.201623 0.011015 
 -0.498520 -0.183754 0.001647 
 -0.502915 -0.161101 -0.040487 
 -0.498402 -0.151315 0.004743 
 -0.498342 -0.135095 0.006291 
 -0.500511 -0.115785 -0.014013 
 -0.498224 -0.102657 0.009388 
 -0.498164 -0.086437 0.010936 
 -0.494763 -0.074665 0.045282 
 -0.494703 -0.058382 0.046836 
 -0.494644 -0.042100 0.048391 
 -0.494584 -0.025817 0.049945 
 -0.497868 -0.005340 0.018677 
 -0.485179 -0.515210 0.281838 
 -0.487300 -0.494471 0.261665 
 -0.488330 -0.475761 0.252375 
 -0.490452 -0.455169 0.232188 
 -0.494757 -0.430856 0.190203 
 -0.496880 -0.410475 0.169997 
 -0.497911 -0.392038 0.160680 
 -0.500034 -0.371803 0.140459 
 -0.502157 -0.351652 0.120230 
 -0.504281 -0.331586 0.099993 
 -0.504221 -0.315156 0.101561 
 -0.506345 -0.295216 0.081312 
 -0.506285 -0.278828 0.082876 
 -0.506225 -0.262441 0.084441 
 -0.506165 -0.246053 0.086005 
 -0.509382 -0.224651 0.054819 
 -0.511508 -0.205026 0.034540 
 -0.511448 -0.188744 0.036094 
 -0.516852 -0.164419 -0.016965 
 -0.511329 -0.156179 0.039202 
 -0.513455 -0.136763 0.018903 
 -0.514489 -0.118978 0.009524 
 -0.513336 -0.104283 0.022004 
 -0.513277 -0.088042 0.023554 
 -0.511031 -0.074767 0.046974 
 -0.508786 -0.061407 0.070401 
 -0.508726 -0.045082 0.071959 
 -0.510853 -0.025919 0.051636 
 -0.501911 -0.498508 0.285188 
 -0.503990 -0.477811 0.265007 
 -0.504999 -0.459121 0.255713 
 -0.507079 -0.438571 0.235517 
 -0.511301 -0.414342 0.193516 
 -0.513381 -0.394002 0.173301 
 -0.514392 -0.375586 0.163980 
 -0.516473 -0.355393 0.143751 
 -0.518554 -0.335284 0.123513 
 -0.520636 -0.315259 0.103268 
 -0.520576 -0.298830 0.104836 
 -0.520516 -0.282400 0.106405 
 -0.520456 -0.265971 0.107973 
 -0.522539 -0.246156 0.087707 
 -0.523550 -0.228097 0.078353 
 -0.525633 -0.208429 0.058073 
 -0.525574 -0.192105 0.059631 
 -0.529800 -0.169346 0.017490 
 -0.529741 -0.153106 0.019040 
 -0.529682 -0.136865 0.020590 
 -0.529622 -0.120625 0.022141 
 -0.529563 -0.104384 0.023691 
 -0.527360 -0.091151 0.047111 
 -0.527300 -0.074869 0.048665 
 -0.525096 -0.061509 0.072097 
 -0.525036 -0.045185 0.073655 
 -0.518704 -0.498613 0.286934 
 -0.520741 -0.477916 0.266749 
 -0.520680 -0.461150 0.268349 
 -0.523768 -0.438676 0.237252 
 -0.525806 -0.418210 0.217045 
 -0.527844 -0.397827 0.196829 
 -0.529883 -0.377529 0.176605 
 -0.535072 -0.351859 0.123652 
 -0.535012 -0.335387 0.125224 
 -0.537052 -0.315362 0.104975 
 -0.536992 -0.298932 0.106543 
 -0.536932 -0.282503 0.108111 
 -0.536871 -0.266074 0.109680 
 -0.536811 -0.249644 0.111248 
 -0.539903 -0.228199 0.080053 
 -0.541944 -0.208531 0.059768 
 -0.543985 -0.188947 0.039477 
 -0.543926 -0.172665 0.041031 
 -0.543866 -0.156383 0.042585 
 -0.543807 -0.140100 0.044139 
 -0.543747 -0.123818 0.045694 
 -0.545789 -0.104486 0.025378 
 -0.543628 -0.091253 0.048802 
 -0.543569 -0.074970 0.050356 
 -0.541407 -0.061611 0.073793 
 -0.541347 -0.045287 0.075351 
 -0.535436 -0.481911 0.290284 
 -0.537432 -0.461255 0.270091 
 -0.538399 -0.442587 0.260790 
 -0.540395 -0.422078 0.240582 
 -0.542391 -0.401653 0.220366 
 -0.544388 -0.381313 0.200141 
 -0.551530 -0.351962 0.125363 
 -0.551469 -0.335490 0.126935 
 -0.553467 -0.315465 0.106681 
 -0.553407 -0.299035 0.108250 
 -0.553347 -0.282606 0.109818 
 -0.553287 -0.266176 0.111386 
 -0.553227 -0.249747 0.112955 
 -0.558314 -0.224958 0.059906 
 -0.558254 -0.208634 0.061464 
 -0.560254 -0.189049 0.041168 
 -0.560194 -0.172767 0.042722 
 -0.560135 -0.156485 0.044277 
 -0.560075 -0.140202 0.045831 
 -0.560016 -0.123920 0.047385 
 -0.552229 -0.482016 0.292030 
 -0.552168 -0.465208 0.293635 
 -0.554122 -0.444594 0.273433 
 -0.555068 -0.425947 0.264128 
 -0.557022 -0.405480 0.243911 
 -0.556961 -0.388777 0.245505 
 -0.567987 -0.352065 0.127074 
 -0.567927 -0.335593 0.128647 
 -0.567867 -0.319122 0.130219 
 -0.567806 -0.302650 0.131791 
 -0.569762 -0.282709 0.111525 
 -0.569702 -0.266279 0.113093 
 -0.569642 -0.249850 0.114661 
 -0.571599 -0.230076 0.094378 
 -0.576403 -0.156587 0.045968 
 -0.576344 -0.140304 0.047522 
 -0.568961 -0.465314 0.295381 
 -0.570873 -0.444699 0.275174 
 -0.570812 -0.427934 0.276775 
 -0.571737 -0.409307 0.267465 
 -0.573650 -0.388882 0.247240 
 -0.582471 -0.355806 0.150612 
 -0.586358 -0.332100 0.108527 
 -0.586298 -0.315671 0.110095 
 -0.584264 -0.302754 0.133502 
 -0.586178 -0.282812 0.113231 
 -0.588093 -0.262954 0.092952 
 -0.588467 -0.409412 0.269205 
 -0.590338 -0.388987 0.248975 
 -0.598970 -0.355910 0.152328 
 -0.595951 -0.328215 0.188240 
 -0.595891 -0.311638 0.189822 
 -0.598729 -0.289856 0.158633 
 -0.593837 -0.281914 0.214838 
 -0.587978 -0.275455 0.281992 
 -0.610563 -0.315255 0.213392 
 -0.615228 -0.289959 0.160348 
 -0.601872 -0.280640 0.316521 
 -0.620514 -0.277358 0.296403 
 -0.618604 -0.263937 0.319871 
 -0.620391 -0.243827 0.299603 
 -0.620330 -0.227061 0.301204 
 -0.635459 -0.280850 0.320012 
 -0.637204 -0.260697 0.299744 
 -0.638046 -0.242280 0.290407 
 -0.637985 -0.225535 0.292005 
 