0.756226 -0.210777 -0.115085 
 0.758780 -0.199272 -0.114246 
 0.761334 -0.187767 -0.113407 
 0.765907 -0.175560 -0.103505 
 0.766443 -0.164758 -0.111728 
 0.771023 -0.152518 -0.101824 
 0.773581 -0.140996 -0.100983 
 0.776139 -0.129475 -0.100143 
 0.742160 -0.219685 -0.116499 
 0.744714 -0.208180 -0.115660 
 0.747269 -0.196675 -0.114821 
 0.751821 -0.184480 -0.104921 
 0.754379 -0.172959 -0.104080 
 0.756937 -0.161438 -0.103240 
 0.759495 -0.149916 -0.102399 
 0.762053 -0.138395 -0.101559 
 0.764611 -0.126874 -0.100719 
 0.728094 -0.228592 -0.117914 
 0.730648 -0.217087 -0.117074 
 0.733203 -0.205582 -0.116235 
 0.735757 -0.194077 -0.115396 
 0.740293 -0.181879 -0.105496 
 0.746822 -0.168939 -0.086533 
 0.749388 -0.157384 -0.085690 
 0.753946 -0.145088 -0.075783 
 0.756515 -0.133517 -0.074939 
 0.759083 -0.121947 -0.074095 
 0.712681 -0.227256 -0.136598 
 0.715228 -0.215784 -0.135761 
 0.721691 -0.202984 -0.116810 
 0.724246 -0.191479 -0.115971 
 0.726800 -0.179974 -0.115132 
 0.735262 -0.166330 -0.087110 
 0.737827 -0.154776 -0.086268 
 0.742368 -0.142475 -0.076361 
 0.744937 -0.130905 -0.075517 
 0.747506 -0.119334 -0.074673 
 0.705071 -0.223396 -0.119063 
 0.707626 -0.211892 -0.118224 
 0.710180 -0.200387 -0.117385 
 0.712734 -0.188882 -0.116546 
 0.715288 -0.177377 -0.115706 
 0.717843 -0.165872 -0.114867 
 0.722353 -0.153634 -0.104967 
 0.724911 -0.142112 -0.104127 
 0.727469 -0.130591 -0.103286 
 0.735929 -0.116722 -0.075251 
 0.693560 -0.220799 -0.119638 
 0.696114 -0.209294 -0.118799 
 0.698668 -0.197789 -0.117960 
 0.701223 -0.186284 -0.117121 
 0.699912 -0.176187 -0.134397 
 0.706331 -0.163274 -0.115442 
 0.710825 -0.151032 -0.105543 
 0.713383 -0.139511 -0.104702 
 0.715941 -0.127989 -0.103862 
 0.724352 -0.114109 -0.075830 
 0.681392 -0.229080 -0.112001 
 0.682048 -0.218201 -0.120213 
 0.684603 -0.206696 -0.119374 
 0.687157 -0.195191 -0.118535 
 0.689711 -0.183686 -0.117695 
 0.688433 -0.173597 -0.134971 
 0.694820 -0.160677 -0.116017 
 0.699298 -0.148431 -0.106118 
 0.705710 -0.135395 -0.087157 
 0.708275 -0.123841 -0.086314 
 0.669864 -0.226479 -0.112577 
 0.672422 -0.214958 -0.111737 
 0.673091 -0.204099 -0.119949 
 0.677538 -0.191915 -0.110056 
 0.678200 -0.181089 -0.118270 
 0.676955 -0.171007 -0.135544 
 0.683308 -0.158079 -0.116592 
 0.685863 -0.146574 -0.115753 
 0.690328 -0.134308 -0.105854 
 0.692886 -0.122787 -0.105013 
 0.664632 -0.211057 -0.094211 
 0.663452 -0.200835 -0.111472 
 0.666010 -0.189314 -0.110632 
 0.668568 -0.177792 -0.109791 
 0.669243 -0.166986 -0.118006 
 0.671797 -0.155481 -0.117167 
 0.674351 -0.143976 -0.116328 
 0.678800 -0.131707 -0.106429 
 0.685153 -0.118623 -0.087469 
 0.687719 -0.107069 -0.086626 
 0.653071 -0.208448 -0.094789 
 0.655636 -0.196894 -0.093946 
 0.654482 -0.186712 -0.111207 
 0.657040 -0.175191 -0.110367 
 0.657731 -0.164388 -0.118581 
 0.660285 -0.152884 -0.117742 
 0.662840 -0.141379 -0.116902 
 0.667272 -0.129105 -0.107005 
 0.673593 -0.116014 -0.088046 
 0.676158 -0.104460 -0.087203 
 0.641510 -0.205839 -0.095366 
 0.644075 -0.194285 -0.094523 
 0.646640 -0.182731 -0.093680 
 0.645512 -0.172589 -0.110943 
 0.648070 -0.161068 -0.110102 
 0.650628 -0.149547 -0.109262 
 0.651328 -0.138781 -0.117477 
 0.655744 -0.126504 -0.107581 
 0.662032 -0.113406 -0.088624 
 0.664597 -0.101851 -0.087781 
 0.667162 -0.090297 -0.086938 
 0.629200 -0.214141 -0.087739 
 0.629949 -0.203231 -0.095943 
 0.634337 -0.190999 -0.086051 
 0.635080 -0.180122 -0.094258 
 0.637645 -0.168568 -0.093415 
 0.636542 -0.158467 -0.110678 
 0.639100 -0.146945 -0.109837 
 0.641658 -0.135424 -0.108997 
 0.644216 -0.123903 -0.108157 
 0.650471 -0.110797 -0.089201 
 0.653036 -0.099243 -0.088358 
 0.655601 -0.087688 -0.087515 
 0.617622 -0.211528 -0.088317 
 0.620191 -0.199957 -0.087473 
 0.622760 -0.188387 -0.086629 
 0.625329 -0.176816 -0.085785 
 0.626084 -0.165959 -0.093992 
 0.628649 -0.154405 -0.093150 
 0.631215 -0.142851 -0.092307 
 0.633780 -0.131296 -0.091464 
 0.632688 -0.121301 -0.108732 
 0.638910 -0.108188 -0.089778 
 0.641475 -0.096634 -0.088935 
 0.644041 -0.085080 -0.088093 
 0.646606 -0.073525 -0.087250 
 0.606045 -0.208916 -0.088895 
 0.608614 -0.197345 -0.088051 
 0.611183 -0.185774 -0.087207 
 0.613752 -0.174204 -0.086363 
 0.616321 -0.162633 -0.085519 
 0.618890 -0.151062 -0.084675 
 0.621458 -0.139492 -0.083831 
 0.624027 -0.127921 -0.082987 
 0.624784 -0.117133 -0.091198 
 0.627349 -0.105579 -0.090356 
 0.629915 -0.094025 -0.089513 
 0.632480 -0.082471 -0.088670 
 0.635045 -0.070917 -0.087827 
 0.594468 -0.206303 -0.089473 
 0.597037 -0.194732 -0.088629 
 0.599606 -0.183162 -0.087785 
 0.602174 -0.171591 -0.086941 
 0.604743 -0.160020 -0.086097 
 0.607312 -0.148450 -0.085253 
 0.609881 -0.136879 -0.084409 
 0.612450 -0.125309 -0.083565 
 0.615019 -0.113738 -0.082721 
 0.617588 -0.102167 -0.081877 
 0.620157 -0.090596 -0.081033 
 0.622725 -0.079026 -0.080189 
 0.625294 -0.067455 -0.079345 
 0.584641 -0.203032 -0.081008 
 0.587213 -0.191444 -0.080163 
 0.589786 -0.179857 -0.079318 
 0.590597 -0.168979 -0.087520 
 0.593166 -0.157408 -0.086676 
 0.595735 -0.145837 -0.085831 
 0.598304 -0.134267 -0.084987 
 0.600873 -0.122696 -0.084143 
 0.603442 -0.111125 -0.083299 
 0.606011 -0.099555 -0.082455 
 0.608579 -0.087984 -0.081611 
 0.611148 -0.076413 -0.080767 
 0.613717 -0.064843 -0.079923 
 0.579109 -0.230268 -0.011809 
 0.578259 -0.219810 -0.029035 
 0.580853 -0.208124 -0.028182 
 0.576514 -0.199090 -0.063502 
 0.579094 -0.187470 -0.062654 
 0.578192 -0.177241 -0.079897 
 0.580764 -0.165654 -0.079051 
 0.583337 -0.154067 -0.078206 
 0.585910 -0.142480 -0.077361 
 0.588482 -0.130893 -0.076516 
 0.591055 -0.119306 -0.075671 
 0.593627 -0.107718 -0.074825 
 0.594433 -0.096942 -0.083034 
 0.598772 -0.084544 -0.073135 
 0.601345 -0.072957 -0.072290 
 0.603917 -0.061370 -0.071444 
 0.562181 -0.251060 -0.014104 
 0.566485 -0.238740 -0.004212 
 0.567384 -0.227623 -0.012394 
 0.569986 -0.215904 -0.011539 
 0.569161 -0.205486 -0.028766 
 0.570038 -0.194466 -0.036956 
 0.567467 -0.184846 -0.063235 
 0.566598 -0.174625 -0.080476 
 0.569171 -0.163038 -0.079630 
 0.571743 -0.151451 -0.078785 
 0.574316 -0.139864 -0.077940 
 0.576888 -0.128277 -0.077095 
 0.579461 -0.116689 -0.076250 
 0.582033 -0.105102 -0.075404 
 0.584606 -0.093515 -0.074559 
 0.587179 -0.081928 -0.073714 
 0.589751 -0.070341 -0.072869 
 0.592324 -0.058754 -0.072023 
 0.552138 -0.247826 -0.005654 
 0.558115 -0.234882 0.013274 
 0.557349 -0.224356 -0.003942 
 0.559954 -0.212621 -0.003086 
 0.560862 -0.201539 -0.011270 
 0.560063 -0.191161 -0.028498 
 0.557545 -0.181536 -0.054773 
 0.558420 -0.170602 -0.062968 
 0.557577 -0.160422 -0.080209 
 0.560150 -0.148834 -0.079364 
 0.562722 -0.137247 -0.078519 
 0.565295 -0.125660 -0.077674 
 0.571319 -0.112503 -0.058730 
 0.570440 -0.102486 -0.075983 
 0.573012 -0.090899 -0.075138 
 0.579059 -0.077643 -0.056187 
 0.581639 -0.066023 -0.055339 
 0.541115 -0.255760 0.010970 
 0.543728 -0.243993 0.011828 
 0.546341 -0.232225 0.012686 
 0.548953 -0.220457 0.013545 
 0.548212 -0.209971 -0.003672 
 0.550818 -0.198236 -0.002816 
 0.551739 -0.187175 -0.011001 
 0.549277 -0.177528 -0.037271 
 0.548485 -0.167272 -0.054506 
 0.549374 -0.156359 -0.062701 
 0.551954 -0.144739 -0.061853 
 0.554533 -0.133119 -0.061005 
 0.557113 -0.121499 -0.060158 
 0.559693 -0.109879 -0.059310 
 0.562273 -0.098259 -0.058463 
 0.564853 -0.086639 -0.057615 
 0.567432 -0.075019 -0.056767 
 0.570012 -0.063399 -0.055920 
 0.530987 -0.252524 0.019414 
 0.531953 -0.241335 0.011240 
 0.534566 -0.229568 0.012098 
 0.537179 -0.217800 0.012957 
 0.539791 -0.206032 0.013815 
 0.539076 -0.195586 -0.003403 
 0.540014 -0.184529 -0.011586 
 0.537601 -0.174893 -0.037854 
 0.540192 -0.163223 -0.037003 
 0.539426 -0.153008 -0.054238 
 0.542009 -0.141372 -0.053389 
 0.544593 -0.129735 -0.052541 
 0.547176 -0.118099 -0.051692 
 0.549760 -0.106463 -0.050843 
 0.550646 -0.095635 -0.059043 
 0.554927 -0.083190 -0.049145 
 0.557510 -0.071553 -0.048297 
 0.560093 -0.059917 -0.047448 
 0.522073 -0.270683 0.062252 
 0.521456 -0.259949 0.045057 
 0.522454 -0.248698 0.036888 
 0.521812 -0.238079 0.019685 
 0.524428 -0.226295 0.020544 
 0.525404 -0.215143 0.012369 
 0.528017 -0.203375 0.013227 
 0.530630 -0.191607 0.014086 
 0.529940 -0.181202 -0.003133 
 0.527580 -0.171560 -0.029397 
 0.530175 -0.159875 -0.028545 
 0.531107 -0.148920 -0.036735 
 0.533698 -0.137250 -0.035883 
 0.536289 -0.125581 -0.035032 
 0.538879 -0.113912 -0.034181 
 0.541470 -0.102242 -0.033330 
 0.544061 -0.090573 -0.032479 
 0.543284 -0.080562 -0.049727 
 0.545867 -0.068926 -0.048878 
 0.548450 -0.057290 -0.048029 
 0.504931 -0.291736 0.059928 
 0.509167 -0.279333 0.069821 
 0.510200 -0.268003 0.061659 
 0.512834 -0.256137 0.062525 
 0.512243 -0.245443 0.045329 
 0.513254 -0.234213 0.037160 
 0.512637 -0.223634 0.019955 
 0.515253 -0.211850 0.020815 
 0.516242 -0.200718 0.012639 
 0.518855 -0.188950 0.013498 
 0.518198 -0.178552 -0.003720 
 0.519165 -0.167519 -0.011903 
 0.518482 -0.157236 -0.029129 
 0.519431 -0.146285 -0.037318 
 0.523671 -0.133865 -0.027424 
 0.526266 -0.122179 -0.026572 
 0.528860 -0.110493 -0.025719 
 0.531455 -0.098807 -0.024867 
 0.534049 -0.087122 -0.024014 
 0.534976 -0.076269 -0.032211 
 0.537567 -0.064600 -0.031359 
 0.540157 -0.052931 -0.030508 
 0.494639 -0.288533 0.068360 
 0.497278 -0.276650 0.069227 
 0.499916 -0.264767 0.070094 
 0.500961 -0.253458 0.061932 
 0.503596 -0.241591 0.062797 
 0.503030 -0.230938 0.045600 
 0.505657 -0.219104 0.046464 
 0.503462 -0.209189 0.020226 
 0.506079 -0.197405 0.021086 
 0.507080 -0.186293 0.012910 
 0.506456 -0.175903 -0.004306 
 0.509062 -0.164167 -0.003450 
 0.511667 -0.152432 -0.002594 
 0.509384 -0.142912 -0.028860 
 0.515245 -0.129717 -0.009924 
 0.517847 -0.117998 -0.009069 
 0.520448 -0.106280 -0.008214 
 0.519762 -0.096169 -0.025451 
 0.522357 -0.084483 -0.024598 
 0.524951 -0.072798 -0.023746 
 0.525891 -0.061965 -0.031942 
 0.528481 -0.050296 -0.031091 
 0.480111 -0.297733 0.066899 
 0.482750 -0.285850 0.067766 
 0.485388 -0.273967 0.068633 
 0.486453 -0.262645 0.060473 
 0.489088 -0.250778 0.061339 
 0.491722 -0.238912 0.062204 
 0.491190 -0.228266 0.045009 
 0.493817 -0.216432 0.045872 
 0.491671 -0.206528 0.019637 
 0.494288 -0.194744 0.020497 
 0.495306 -0.183636 0.012321 
 0.497918 -0.171868 0.013180 
 0.497320 -0.161518 -0.004036 
 0.499925 -0.149783 -0.003180 
 0.502531 -0.138048 -0.002324 
 0.505136 -0.126313 -0.001468 
 0.507741 -0.114578 -0.000612 
 0.510347 -0.102843 0.000244 
 0.511325 -0.091915 -0.007945 
 0.513926 -0.080197 -0.007090 
 0.513259 -0.070159 -0.024330 
 0.510938 -0.061044 -0.050622 
 0.513521 -0.049408 -0.049774 
 0.468667 -0.305935 0.083481 
 0.468222 -0.295050 0.066306 
 0.470860 -0.283167 0.067172 
 0.473498 -0.271284 0.068039 
 0.474580 -0.259966 0.059880 
 0.477215 -0.248099 0.060746 
 0.479849 -0.236233 0.061611 
 0.479349 -0.225594 0.044418 
 0.481977 -0.213760 0.045281 
 0.483029 -0.202574 0.037112 
 0.482497 -0.192083 0.019908 
 0.483531 -0.180979 0.011733 
 0.486144 -0.169211 0.012592 
 0.488757 -0.157443 0.013450 
 0.491369 -0.145675 0.014309 
 0.493982 -0.133907 0.015167 
 0.496595 -0.122139 0.016025 
 0.499207 -0.110371 0.016884 
 0.501820 -0.098603 0.017742 
 0.504433 -0.086836 0.018601 
 0.503816 -0.076723 0.001369 
 0.506421 -0.064988 0.002225 
 0.507405 -0.054114 -0.005966 
 0.510006 -0.042395 -0.005111 
 0.458664 -0.313701 0.109073 
 0.456744 -0.303244 0.082885 
 0.456332 -0.292367 0.065712 
 0.458970 -0.280484 0.066579 
 0.461608 -0.268601 0.067445 
 0.462707 -0.257286 0.059287 
 0.465341 -0.245420 0.060153 
 0.464882 -0.234756 0.042963 
 0.467509 -0.222922 0.043826 
 0.470136 -0.211089 0.044690 
 0.471205 -0.199906 0.036522 
 0.470706 -0.189423 0.019319 
 0.473322 -0.177638 0.020179 
 0.475938 -0.165854 0.021038 
 0.478555 -0.154070 0.021898 
 0.479595 -0.143018 0.013721 
 0.482207 -0.131250 0.014579 
 0.484820 -0.119482 0.015437 
 0.487433 -0.107714 0.016296 
 0.491636 -0.095148 0.026196 
 0.494252 -0.083364 0.027056 
 0.495271 -0.072411 0.018871 
 0.499485 -0.059795 0.028775 
 0.502101 -0.048011 0.029634 
 0.498281 -0.039749 -0.005697 
 0.442877 -0.334473 0.115746 
 0.445537 -0.322491 0.116620 
 0.448197 -0.310509 0.117494 
 0.446330 -0.300047 0.091309 
 0.447467 -0.288638 0.083159 
 0.447081 -0.277801 0.065985 
 0.449719 -0.265918 0.066852 
 0.450834 -0.254607 0.058694 
 0.453468 -0.242740 0.059560 
 0.456103 -0.230874 0.060425 
 0.455669 -0.220250 0.043235 
 0.458296 -0.208417 0.044098 
 0.460923 -0.196583 0.044962 
 0.462005 -0.185420 0.036793 
 0.464629 -0.173603 0.037655 
 0.467252 -0.161786 0.038517 
 0.469876 -0.149969 0.039379 
 0.469380 -0.139624 0.022169 
 0.471996 -0.127840 0.023028 
 0.474613 -0.116056 0.023888 
 0.477229 -0.104271 0.024748 
 0.479845 -0.092487 0.025607 
 0.485618 -0.079065 0.044551 
 0.488241 -0.067248 0.045414 
 0.490865 -0.055431 0.046276 
 0.490310 -0.045350 0.029046 
 0.425849 -0.366889 0.130548 
 0.425568 -0.355730 0.113399 
 0.428228 -0.343749 0.114273 
 0.430888 -0.331767 0.115147 
 0.433548 -0.319786 0.116021 
 0.436208 -0.307804 0.116895 
 0.434391 -0.297353 0.090713 
 0.435545 -0.285947 0.082564 
 0.438190 -0.274032 0.083433 
 0.437829 -0.263235 0.066258 
 0.440467 -0.251352 0.067125 
 0.441595 -0.240061 0.058967 
 0.444229 -0.228195 0.059832 
 0.446864 -0.216328 0.060698 
 0.446456 -0.205745 0.043507 
 0.449083 -0.193911 0.044370 
 0.451710 -0.182078 0.045233 
 0.454337 -0.170244 0.046097 
 0.456965 -0.158410 0.046960 
 0.459592 -0.146577 0.047823 
 0.457589 -0.136964 0.021580 
 0.460205 -0.125179 0.022439 
 0.465923 -0.111849 0.041375 
 0.468547 -0.100032 0.042237 
 0.471170 -0.088215 0.043099 
 0.473794 -0.076397 0.043961 
 0.477983 -0.063741 0.053866 
 0.480610 -0.051908 0.054729 
 0.408259 -0.376988 0.111052 
 0.410919 -0.365007 0.111926 
 0.413580 -0.353025 0.112800 
 0.416240 -0.341044 0.113674 
 0.418900 -0.329062 0.114548 
 0.421560 -0.317080 0.115422 
 0.424220 -0.305099 0.116296 
 0.422452 -0.294659 0.090117 
 0.423622 -0.283257 0.081968 
 0.426268 -0.271341 0.082837 
 0.425939 -0.260552 0.065664 
 0.428578 -0.248669 0.066531 
 0.429722 -0.237382 0.058374 
 0.432356 -0.225515 0.059240 
 0.434991 -0.213649 0.060105 
 0.437625 -0.201782 0.060971 
 0.440260 -0.189916 0.061836 
 0.444407 -0.177371 0.071732 
 0.447045 -0.165488 0.072598 
 0.448164 -0.154316 0.064433 
 0.450798 -0.142450 0.065299 
 0.448852 -0.132815 0.039060 
 0.451475 -0.120998 0.039922 
 0.454099 -0.109181 0.040784 
 0.458260 -0.096570 0.050685 
 0.460888 -0.084737 0.051548 
 0.463515 -0.072903 0.052411 
 0.466142 -0.061069 0.053274 
 0.468769 -0.049236 0.054137 
 0.396271 -0.374283 0.110454 
 0.398931 -0.362301 0.111328 
 0.401591 -0.350320 0.112202 
 0.404251 -0.338338 0.113076 
 0.406911 -0.326357 0.113950 
 0.408119 -0.314860 0.105809 
 0.410776 -0.302895 0.106682 
 0.410513 -0.291965 0.089520 
 0.411699 -0.280567 0.081373 
 0.414345 -0.268651 0.082242 
 0.414050 -0.257869 0.065070 
 0.416688 -0.245986 0.065937 
 0.417848 -0.234703 0.057781 
 0.420483 -0.222836 0.058647 
 0.424602 -0.210337 0.068537 
 0.427241 -0.198454 0.069404 
 0.429879 -0.186571 0.070271 
 0.435509 -0.173324 0.089196 
 0.438155 -0.161408 0.090065 
 0.440800 -0.149493 0.090934 
 0.443446 -0.137577 0.091803 
 0.443070 -0.127156 0.074605 
 0.445708 -0.115273 0.075472 
 0.446829 -0.104171 0.067303 
 0.449463 -0.092304 0.068168 
 0.452098 -0.080438 0.069034 
 0.451675 -0.070231 0.051820 
 0.454302 -0.058397 0.052683 
 0.378962 -0.395541 0.108107 
 0.381623 -0.383559 0.108981 
 0.384283 -0.371578 0.109855 
 0.386943 -0.359596 0.110729 
 0.389603 -0.347615 0.111603 
 0.392263 -0.335633 0.112477 
 0.394923 -0.323652 0.113351 
 0.396148 -0.312158 0.105211 
 0.398804 -0.300193 0.106084 
 0.398574 -0.289271 0.088924 
 0.399777 -0.277876 0.080777 
 0.402422 -0.265960 0.081646 
 0.405068 -0.254044 0.082516 
 0.407713 -0.242129 0.083385 
 0.407436 -0.231420 0.066210 
 0.410075 -0.219537 0.067077 
 0.415650 -0.206381 0.085992 
 0.418295 -0.194465 0.086862 
 0.420941 -0.182550 0.087731 
 0.425066 -0.169948 0.097628 
 0.427715 -0.158016 0.098499 
 0.430364 -0.146084 0.099369 
 0.433013 -0.134151 0.100239 
 0.435662 -0.122219 0.101110 
 0.438312 -0.110287 0.101980 
 0.439459 -0.099139 0.093815 
 0.442105 -0.087223 0.094685 
 0.440224 -0.077759 0.068441 
 0.366974 -0.392836 0.107508 
 0.369634 -0.380854 0.108382 
 0.372294 -0.368872 0.109256 
 0.374955 -0.356891 0.110130 
 0.377615 -0.344909 0.111004 
 0.380275 -0.332928 0.111878 
 0.382935 -0.320946 0.112752 
 0.385595 -0.308965 0.113626 
 0.386832 -0.297492 0.105486 
 0.386635 -0.286576 0.088328 
 0.389284 -0.274644 0.089198 
 0.391934 -0.262712 0.090069 
 0.394583 -0.250780 0.090939 
 0.395791 -0.239438 0.082789 
 0.398436 -0.227522 0.083659 
 0.401082 -0.215607 0.084528 
 0.403727 -0.203691 0.085397 
 0.407829 -0.191118 0.095291 
 0.410478 -0.179186 0.096161 
 0.413127 -0.167254 0.097032 
 0.415776 -0.155322 0.097902 
 0.418425 -0.143389 0.098773 
 0.424022 -0.129980 0.117705 
 0.426679 -0.118015 0.118578 
 0.429335 -0.106050 0.119451 
 0.431992 -0.094085 0.120324 
 0.434648 -0.082119 0.121196 
 0.354986 -0.390130 0.106909 
 0.357646 -0.378149 0.107783 
 0.360306 -0.366167 0.108657 
 0.361578 -0.354616 0.100524 
 0.364234 -0.342651 0.101397 
 0.366891 -0.330685 0.102270 
 0.370946 -0.318241 0.112153 
 0.372204 -0.306755 0.104015 
 0.374860 -0.294790 0.104888 
 0.377517 -0.282825 0.105761 
 0.377346 -0.271950 0.088602 
 0.379995 -0.260018 0.089472 
 0.382644 -0.248086 0.090343 
 0.385293 -0.236153 0.091213 
 0.386514 -0.224832 0.083063 
 0.390591 -0.212289 0.092954 
 0.393241 -0.200357 0.093824 
 0.395890 -0.188424 0.094695 
 0.401425 -0.175139 0.113616 
 0.404081 -0.163174 0.114489 
 0.406738 -0.151209 0.115362 
 0.409394 -0.139244 0.116235 
 0.412050 -0.127278 0.117107 
 0.414707 -0.115313 0.117980 
 0.418828 -0.102573 0.127885 
 0.421488 -0.090591 0.128759 
 0.424148 -0.078610 0.129633 
 0.342997 -0.387425 0.106311 
 0.345658 -0.375443 0.107185 
 0.346949 -0.363879 0.099053 
 0.349606 -0.351914 0.099926 
 0.352262 -0.339949 0.100799 
 0.354919 -0.327984 0.101672 
 0.357575 -0.316019 0.102545 
 0.360232 -0.304054 0.103417 
 0.362888 -0.292088 0.104290 
 0.362757 -0.281188 0.087135 
 0.365407 -0.269256 0.088006 
 0.368056 -0.257324 0.088876 
 0.370705 -0.245391 0.089747 
 0.373354 -0.233459 0.090617 
 0.376003 -0.221527 0.091487 
 0.378652 -0.209595 0.092358 
 0.381301 -0.197662 0.093228 
 0.383951 -0.185730 0.094099 
 0.389453 -0.172437 0.113018 
 0.392109 -0.160472 0.113891 
 0.394766 -0.148507 0.114764 
 0.397422 -0.136542 0.115637 
 0.401520 -0.123831 0.125539 
 0.404180 -0.111849 0.126413 
 0.406840 -0.099868 0.127287 
 0.409500 -0.087886 0.128161 
 0.412160 -0.075905 0.129035 
 0.331030 -0.395958 0.122840 
 0.331009 -0.384720 0.105712 
 0.332321 -0.373143 0.097583 
 0.334978 -0.361178 0.098456 
 0.337634 -0.349213 0.099328 
 0.340290 -0.337247 0.100201 
 0.342947 -0.325282 0.101074 
 0.345603 -0.313317 0.101947 
 0.348260 -0.301352 0.102820 
 0.348169 -0.290426 0.085669 
 0.350818 -0.278494 0.086539 
 0.353468 -0.266562 0.087410 
 0.356117 -0.254630 0.088280 
 0.358766 -0.242697 0.089150 
 0.361415 -0.230765 0.090021 
 0.364064 -0.218833 0.090891 
 0.366713 -0.206901 0.091762 
 0.369363 -0.194968 0.092632 
 0.374824 -0.181701 0.111548 
 0.377481 -0.169736 0.112420 
 0.380137 -0.157771 0.113293 
 0.382794 -0.145805 0.114166 
 0.385450 -0.133840 0.115039 
 0.389531 -0.121125 0.124940 
 0.392191 -0.109144 0.125814 
 0.394851 -0.097162 0.126688 
 0.397511 -0.085181 0.127562 
 0.400172 -0.073199 0.128436 
 0.320304 -0.404182 0.148360 
 0.319009 -0.393245 0.122239 
 0.319021 -0.382014 0.105113 
 0.321681 -0.370033 0.105987 
 0.323006 -0.358476 0.097858 
 0.325662 -0.346511 0.098730 
 0.328319 -0.334546 0.099603 
 0.330975 -0.322581 0.100476 
 0.333631 -0.310616 0.101349 
 0.336288 -0.298651 0.102222 
 0.336230 -0.287732 0.085072 
 0.338879 -0.275800 0.085943 
 0.341529 -0.263868 0.086813 
 0.342810 -0.252508 0.078669 
 0.345455 -0.240592 0.079539 
 0.349476 -0.228071 0.089424 
 0.350746 -0.216761 0.081277 
 0.353392 -0.204845 0.082146 
 0.356037 -0.192929 0.083015 
 0.360073 -0.180342 0.092906 
 0.365509 -0.167034 0.111822 
 0.368165 -0.155069 0.112695 
 0.372223 -0.142383 0.122593 
 0.374883 -0.130402 0.123467 
 0.377543 -0.118420 0.124341 
 0.380203 -0.106439 0.125215 
 0.385694 -0.092884 0.144149 
 0.388362 -0.080870 0.145025 
 0.305555 -0.413522 0.146877 
 0.305625 -0.402184 0.129761 
 0.306988 -0.390532 0.121639 
 0.307032 -0.379309 0.104515 
 0.308377 -0.367740 0.096387 
 0.311034 -0.355774 0.097260 
 0.313690 -0.343809 0.098133 
 0.316347 -0.331844 0.099005 
 0.319003 -0.319879 0.099878 
 0.321660 -0.307914 0.100751 
 0.324316 -0.295949 0.101624 
 0.324291 -0.285038 0.084476 
 0.326940 -0.273106 0.085347 
 0.328241 -0.261733 0.077205 
 0.330887 -0.249818 0.078074 
 0.333532 -0.237902 0.078943 
 0.336178 -0.225986 0.079812 
 0.336098 -0.215322 0.062647 
 0.338737 -0.203439 0.063514 
 0.341375 -0.191556 0.064381 
 0.346760 -0.178323 0.083289 
 0.349405 -0.166407 0.084158 
 0.353432 -0.153783 0.094051 
 0.356081 -0.141851 0.094921 
 0.358730 -0.129919 0.095791 
 0.364163 -0.116472 0.114716 
 0.366819 -0.104507 0.115589 
 0.369476 -0.092542 0.116461 
 0.376340 -0.078157 0.144425 
 0.290681 -0.434292 0.162501 
 0.290806 -0.422862 0.145394 
 0.293484 -0.410798 0.146274 
 0.293587 -0.399468 0.129160 
 0.294967 -0.387820 0.121038 
 0.295044 -0.376604 0.103916 
 0.296405 -0.365038 0.095789 
 0.299062 -0.353073 0.096662 
 0.301718 -0.341108 0.097535 
 0.304375 -0.329143 0.098407 
 0.307031 -0.317178 0.099280 
 0.307054 -0.306208 0.082139 
 0.312344 -0.293247 0.101026 
 0.312352 -0.282344 0.083880 
 0.315001 -0.270412 0.084750 
 0.316319 -0.259043 0.076609 
 0.316294 -0.248287 0.059453 
 0.318932 -0.236404 0.060320 
 0.321570 -0.224522 0.061187 
 0.324209 -0.212639 0.062054 
 0.325497 -0.201402 0.053903 
 0.328132 -0.189535 0.054768 
 0.330766 -0.177669 0.055634 
 0.333401 -0.165802 0.056500 
 0.337400 -0.153224 0.066388 
 0.340038 -0.141341 0.067254 
 0.342676 -0.129458 0.068121 
 0.345314 -0.117575 0.068988 
 0.350710 -0.104137 0.087909 
 0.353356 -0.092222 0.088778 
 0.278578 -0.431560 0.161897 
 0.281263 -0.419464 0.162779 
 0.281414 -0.408075 0.145671 
 0.281549 -0.396751 0.128558 
 0.284220 -0.384720 0.129436 
 0.283056 -0.373899 0.103317 
 0.284434 -0.362336 0.095191 
 0.287090 -0.350371 0.096064 
 0.289746 -0.338406 0.096937 
 0.292403 -0.326441 0.097810 
 0.292466 -0.315446 0.080673 
 0.295115 -0.303514 0.081543 
 0.297764 -0.291582 0.082413 
 0.300413 -0.279650 0.083284 
 0.301751 -0.268268 0.075145 
 0.304396 -0.256353 0.076014 
 0.304404 -0.245604 0.058859 
 0.307043 -0.233721 0.059726 
 0.308355 -0.222455 0.051579 
 0.310989 -0.210589 0.052444 
 0.310957 -0.200021 0.035276 
 0.313584 -0.188188 0.036139 
 0.318893 -0.174989 0.055041 
 0.318839 -0.164520 0.037866 
 0.324162 -0.151256 0.056772 
 0.326797 -0.139390 0.057638 
 0.329431 -0.127523 0.058504 
 0.329348 -0.117186 0.041319 
 0.331975 -0.105352 0.042182 
 0.330504 -0.095911 0.015962 
 0.333120 -0.084127 0.016822 
 0.261103 -0.453022 0.159528 
 0.263788 -0.440926 0.160410 
 0.266474 -0.428829 0.161293 
 0.266665 -0.417414 0.144188 
 0.269343 -0.405351 0.145068 
 0.272021 -0.393287 0.145948 
 0.272183 -0.382004 0.128835 
 0.271067 -0.371193 0.102718 
 0.272462 -0.359635 0.094593 
 0.275118 -0.347670 0.095466 
 0.277774 -0.335705 0.096339 
 0.280431 -0.323740 0.097212 
 0.280527 -0.312752 0.080076 
 0.283176 -0.300820 0.080947 
 0.285825 -0.288888 0.081817 
 0.287183 -0.277494 0.073680 
 0.289828 -0.265578 0.074549 
 0.289876 -0.254804 0.057399 
 0.292515 -0.242921 0.058266 
 0.293847 -0.231642 0.050120 
 0.296482 -0.219776 0.050986 
 0.296490 -0.209183 0.033822 
 0.299117 -0.197349 0.034685 
 0.301744 -0.185516 0.035548 
 0.304371 -0.173682 0.036411 
 0.306999 -0.161849 0.037274 
 0.309626 -0.150015 0.038138 
 0.312253 -0.138181 0.039001 
 0.314880 -0.126348 0.039864 
 0.316165 -0.115282 0.031703 
 0.316097 -0.105035 0.014514 
 0.318713 -0.093250 0.015373 
 0.321329 -0.081466 0.016233 
 0.323946 -0.069682 0.017092 
 0.326562 -0.057897 0.017952 
 0.248999 -0.450291 0.158923 
 0.251685 -0.438194 0.159806 
 0.254371 -0.426098 0.160688 
 0.257056 -0.414001 0.161570 
 0.257272 -0.402627 0.144465 
 0.259951 -0.390563 0.145345 
 0.260145 -0.379287 0.128234 
 0.259079 -0.368488 0.102120 
 0.261739 -0.356507 0.102994 
 0.263146 -0.344968 0.094868 
 0.265803 -0.333003 0.095741 
 0.265939 -0.321990 0.078610 
 0.268588 -0.310058 0.079480 
 0.271237 -0.298126 0.080350 
 0.272615 -0.286719 0.072215 
 0.275260 -0.274803 0.073085 
 0.275349 -0.264004 0.055938 
 0.277987 -0.252121 0.056805 
 0.279339 -0.240830 0.048662 
 0.279395 -0.230179 0.031504 
 0.282022 -0.218345 0.032367 
 0.283352 -0.207152 0.024216 
 0.285976 -0.195335 0.025078 
 0.288600 -0.183517 0.025940 
 0.291223 -0.171700 0.026802 
 0.293847 -0.159883 0.027664 
 0.296470 -0.148066 0.028526 
 0.299094 -0.136249 0.029388 
 0.301718 -0.124431 0.030250 
 0.304341 -0.112614 0.031112 
 0.304306 -0.102374 0.013925 
 0.306922 -0.090590 0.014784 
 0.309538 -0.078805 0.015644 
 0.312155 -0.067021 0.016504 
 0.314771 -0.055237 0.017363 
 0.316039 -0.044323 0.009192 
 0.318652 -0.032555 0.010051 
 0.321265 -0.020787 0.010909 
 0.234210 -0.459656 0.157436 
 0.236896 -0.447560 0.158319 
 0.239582 -0.435463 0.159201 
 0.242267 -0.423367 0.160084 
 0.242524 -0.411967 0.142983 
 0.245202 -0.399903 0.143863 
 0.247880 -0.387839 0.144743 
 0.250559 -0.375776 0.145623 
 0.249549 -0.364954 0.119513 
 0.249751 -0.353801 0.102395 
 0.251174 -0.342267 0.094270 
 0.251350 -0.331229 0.077143 
 0.253999 -0.319296 0.078013 
 0.256649 -0.307364 0.078884 
 0.259298 -0.295432 0.079754 
 0.260692 -0.284029 0.071620 
 0.260821 -0.273204 0.054478 
 0.263459 -0.261321 0.055344 
 0.266097 -0.249438 0.056211 
 0.267466 -0.238150 0.048069 
 0.267554 -0.227507 0.030912 
 0.268905 -0.216301 0.022764 
 0.271529 -0.204484 0.023626 
 0.271584 -0.193988 0.006459 
 0.274201 -0.182203 0.007319 
 0.276817 -0.170419 0.008178 
 0.279433 -0.158635 0.009038 
 0.282049 -0.146851 0.009897 
 0.284666 -0.135066 0.010757 
 0.287282 -0.123282 0.011617 
 0.289898 -0.111498 0.012476 
 0.292515 -0.099713 0.013336 
 0.295131 -0.087929 0.014195 
 0.297747 -0.076144 0.015055 
 0.300364 -0.064360 0.015915 
 0.301652 -0.053434 0.007746 
 0.304265 -0.041666 0.008604 
 0.306877 -0.029898 0.009463 
 0.305474 -0.020852 -0.016776 
 0.308076 -0.009133 -0.015921 
 0.219421 -0.469022 0.155950 
 0.222107 -0.456925 0.156832 
 0.224793 -0.444829 0.157714 
 0.227478 -0.432732 0.158597 
 0.230164 -0.420635 0.159479 
 0.230453 -0.409243 0.142380 
 0.230728 -0.397916 0.125276 
 0.233399 -0.385886 0.126154 
 0.236070 -0.373855 0.127031 
 0.237528 -0.362242 0.118913 
 0.237762 -0.351096 0.101796 
 0.239202 -0.339565 0.093672 
 0.239411 -0.328534 0.076547 
 0.242060 -0.316602 0.077417 
 0.243479 -0.305170 0.069286 
 0.246124 -0.293254 0.070155 
 0.246293 -0.282404 0.053017 
 0.248931 -0.270521 0.053884 
 0.251569 -0.258638 0.054751 
 0.252958 -0.247338 0.046610 
 0.255593 -0.235471 0.047476 
 0.255714 -0.224835 0.030321 
 0.257081 -0.213633 0.022173 
 0.257177 -0.203111 0.005010 
 0.259793 -0.191327 0.005870 
 0.262410 -0.179543 0.006730 
 0.265026 -0.167758 0.007589 
 0.267642 -0.155974 0.008449 
 0.270258 -0.144190 0.009309 
 0.271589 -0.133152 0.001149 
 0.274202 -0.121384 0.002007 
 0.276814 -0.109616 0.002866 
 0.279427 -0.097848 0.003724 
 0.282040 -0.086080 0.004582 
 0.284652 -0.074313 0.005441 
 0.287265 -0.062545 0.006299 
 0.289878 -0.050777 0.007158 
 0.292490 -0.039009 0.008016 
 0.292466 -0.029030 -0.009186 
 0.293749 -0.018206 -0.017361 
 0.293699 -0.008342 -0.034572 
 0.294963 0.002400 -0.042753 
 0.298887 0.015029 -0.032867 
 0.301482 0.026715 -0.032015 
 0.199261 -0.502580 0.152698 
 0.201946 -0.490484 0.153580 
 0.204632 -0.478387 0.154463 
 0.207318 -0.466291 0.155345 
 0.210003 -0.454194 0.156227 
 0.210347 -0.442710 0.139137 
 0.213026 -0.430647 0.140017 
 0.215704 -0.418583 0.140897 
 0.218382 -0.406519 0.141777 
 0.221061 -0.394456 0.142657 
 0.221361 -0.383169 0.125553 
 0.220454 -0.372354 0.099450 
 0.223114 -0.360372 0.100324 
 0.224574 -0.348829 0.092202 
 0.227230 -0.336864 0.093075 
 0.227472 -0.325840 0.075950 
 0.228911 -0.314395 0.067821 
 0.229127 -0.303487 0.050690 
 0.231765 -0.291604 0.051556 
 0.234403 -0.279721 0.052423 
 0.237041 -0.267838 0.053290 
 0.239680 -0.255955 0.054157 
 0.241085 -0.244658 0.046017 
 0.241246 -0.233997 0.028867 
 0.242634 -0.222782 0.020721 
 0.245257 -0.210965 0.021583 
 0.245386 -0.200451 0.004422 
 0.248002 -0.188666 0.005281 
 0.250618 -0.176882 0.006141 
 0.253235 -0.165098 0.007000 
 0.255851 -0.153313 0.007860 
 0.258467 -0.141529 0.008720 
 0.259814 -0.130495 0.000561 
 0.262427 -0.118727 0.001419 
 0.265040 -0.106959 0.002278 
 0.265092 -0.096791 -0.014908 
 0.267697 -0.085056 -0.014052 
 0.270302 -0.073320 -0.013196 
 0.272908 -0.061585 -0.012340 
 0.275513 -0.049850 -0.011484 
 0.278119 -0.038115 -0.010628 
 0.279422 -0.027279 -0.018802 
 0.279412 -0.017389 -0.036008 
 0.282006 -0.005704 -0.035156 
 0.283287 0.005034 -0.043336 
 0.285878 0.016704 -0.042485 
 0.288469 0.028373 -0.041634 
 0.291060 0.040042 -0.040783 
 0.185604 -0.511734 0.160189 
 0.187157 -0.499849 0.152093 
 0.189843 -0.487752 0.152976 
 0.192529 -0.475656 0.153858 
 0.195214 -0.463559 0.154741 
 0.197900 -0.451463 0.155623 
 0.198277 -0.439987 0.138534 
 0.200955 -0.427923 0.139414 
 0.203634 -0.415859 0.140294 
 0.203981 -0.404515 0.123196 
 0.205483 -0.392860 0.115083 
 0.208151 -0.380845 0.115960 
 0.208466 -0.369648 0.098851 
 0.211126 -0.357667 0.099725 
 0.212602 -0.346127 0.091604 
 0.212884 -0.335078 0.074484 
 0.214342 -0.323621 0.066357 
 0.216988 -0.311705 0.067226 
 0.217237 -0.300804 0.050096 
 0.219875 -0.288921 0.050963 
 0.222513 -0.277038 0.051829 
 0.223943 -0.265712 0.043693 
 0.224152 -0.254992 0.026549 
 0.226779 -0.243158 0.027412 
 0.229406 -0.231325 0.028275 
 0.228362 -0.221359 0.002114 
 0.230979 -0.209574 0.002973 
 0.232364 -0.198445 -0.005178 
 0.234977 -0.186677 -0.004319 
 0.237589 -0.174910 -0.003461 
 0.240202 -0.163142 -0.002603 
 0.240323 -0.152816 -0.019775 
 0.242929 -0.141081 -0.018919 
 0.245534 -0.129346 -0.018063 
 0.246883 -0.118381 -0.026226 
 0.246964 -0.108237 -0.043412 
 0.249559 -0.096551 -0.042559 
 0.252153 -0.084865 -0.041707 
 0.254747 -0.073179 -0.040854 
 0.257342 -0.061494 -0.040002 
 0.262493 -0.048070 -0.021097 
 0.265095 -0.036351 -0.020242 
 0.265125 -0.026437 -0.037445 
 0.267719 -0.014751 -0.036592 
 0.269021 -0.004000 -0.044771 
 0.271612 0.007669 -0.043920 
 0.274202 0.019339 -0.043068 
 0.274185 0.029040 -0.060287 
 0.276769 0.040676 -0.059438 
 0.279352 0.052313 -0.058589 
 0.173020 -0.520714 0.176653 
 0.173484 -0.508999 0.159584 
 0.175054 -0.497118 0.151489 
 0.177739 -0.485021 0.152371 
 0.180425 -0.472925 0.153254 
 0.183111 -0.460828 0.154136 
 0.185796 -0.448731 0.155019 
 0.186206 -0.437263 0.137931 
 0.188885 -0.425199 0.138811 
 0.191563 -0.413135 0.139691 
 0.191943 -0.401798 0.122595 
 0.193462 -0.390147 0.114483 
 0.193817 -0.378925 0.097378 
 0.196477 -0.366943 0.098252 
 0.197974 -0.355391 0.090133 
 0.200630 -0.343426 0.091006 
 0.200945 -0.332384 0.073888 
 0.202420 -0.320930 0.065761 
 0.202709 -0.310004 0.048635 
 0.205347 -0.298121 0.049502 
 0.206800 -0.286766 0.041369 
 0.209435 -0.274899 0.042234 
 0.209684 -0.264154 0.025094 
 0.212311 -0.252320 0.025958 
 0.213739 -0.241080 0.017816 
 0.216362 -0.229263 0.018678 
 0.216571 -0.218698 0.001525 
 0.219188 -0.206914 0.002384 
 0.221804 -0.195129 0.003244 
 0.223202 -0.184020 -0.004907 
 0.225815 -0.172252 -0.004049 
 0.228427 -0.160485 -0.003191 
 0.228582 -0.150166 -0.020361 
 0.231187 -0.138431 -0.019505 
 0.232556 -0.127454 -0.027666 
 0.232677 -0.117284 -0.044848 
 0.235272 -0.105598 -0.043996 
 0.236619 -0.094719 -0.052164 
 0.239209 -0.083050 -0.051312 
 0.241800 -0.071381 -0.050461 
 0.244391 -0.059712 -0.049610 
 0.246982 -0.048042 -0.048759 
 0.243244 -0.040819 -0.093041 
 0.245817 -0.029232 -0.092195 
 0.250935 -0.015801 -0.073292 
 0.253515 -0.004181 -0.072445 
 0.256095 0.007439 -0.071597 
 0.256107 0.017116 -0.088815 
 0.258679 0.028704 -0.087969 
 0.261252 0.040291 -0.087124 
 0.266414 0.053919 -0.068207 
 0.268994 0.065539 -0.067359 
 0.271574 0.077159 -0.066511 
 0.275459 0.089849 -0.056624 
 0.278043 0.101485 -0.055775 
 0.153296 -0.542603 0.156328 
 0.155986 -0.530490 0.157212 
 0.158675 -0.518377 0.158095 
 0.161364 -0.506264 0.158979 
 0.162950 -0.494387 0.150885 
 0.165636 -0.482290 0.151767 
 0.168322 -0.470193 0.152649 
 0.171007 -0.458097 0.153532 
 0.173693 -0.446000 0.154414 
 0.174136 -0.434539 0.137329 
 0.176814 -0.422475 0.138209 
 0.177235 -0.411113 0.121116 
 0.178773 -0.399449 0.113006 
 0.181441 -0.387434 0.113882 
 0.181829 -0.376219 0.096779 
 0.184489 -0.364238 0.097653 
 0.186002 -0.352689 0.089535 
 0.188658 -0.340724 0.090408 
 0.189006 -0.329690 0.073291 
 0.190497 -0.318240 0.065166 
 0.190820 -0.307321 0.048041 
 0.192292 -0.295953 0.039910 
 0.192589 -0.285149 0.022777 
 0.195216 -0.273315 0.023640 
 0.197844 -0.261482 0.024503 
 0.199291 -0.250229 0.016363 
 0.201915 -0.238412 0.017225 
 0.202164 -0.227821 0.000076 
 0.204780 -0.216037 0.000936 
 0.207396 -0.204253 0.001795 
 0.208815 -0.193131 -0.006354 
 0.211427 -0.181363 -0.005495 
 0.214040 -0.169595 -0.004637 
 0.214235 -0.159252 -0.021804 
 0.216840 -0.147517 -0.020948 
 0.218229 -0.136527 -0.029106 
 0.218391 -0.126331 -0.046284 
 0.220985 -0.114645 -0.045432 
 0.222352 -0.103754 -0.053598 
 0.224943 -0.092085 -0.052747 
 0.227534 -0.080415 -0.051896 
 0.227648 -0.070433 -0.069089 
 0.230231 -0.058797 -0.068240 
 0.232815 -0.047160 -0.067391 
 0.231651 -0.038203 -0.093620 
 0.234223 -0.026616 -0.092774 
 0.236796 -0.015029 -0.091929 
 0.239368 -0.003442 -0.091084 
 0.241941 0.008146 -0.090239 
 0.244513 0.019733 -0.089394 
 0.245815 0.030328 -0.097581 
 0.248384 0.041899 -0.096737 
 0.252231 0.054494 -0.086858 
 0.254803 0.066081 -0.086013 
 0.257376 0.077668 -0.085167 
 0.262527 0.091403 -0.066244 
 0.265107 0.103023 -0.065397 
 0.267687 0.114643 -0.064549 
 0.271567 0.127386 -0.054659 
 0.274150 0.139022 -0.053810 
 0.276734 0.150658 -0.052961 
 0.138487 -0.551981 0.154839 
 0.141177 -0.539868 0.155723 
 0.143866 -0.527755 0.156606 
 0.146555 -0.515642 0.157490 
 0.149244 -0.503529 0.158373 
 0.150847 -0.491655 0.150280 
 0.153533 -0.479559 0.151162 
 0.156218 -0.467462 0.152045 
 0.158904 -0.455366 0.152927 
 0.159387 -0.443879 0.135846 
 0.162065 -0.431815 0.136726 
 0.164743 -0.419751 0.137606 
 0.165197 -0.408396 0.120515 
 0.166752 -0.396736 0.112406 
 0.167180 -0.385496 0.095307 
 0.169840 -0.373514 0.096181 
 0.171373 -0.361953 0.088065 
 0.174030 -0.349988 0.088937 
 0.174418 -0.338928 0.071825 
 0.177067 -0.326996 0.072695 
 0.178575 -0.315549 0.064571 
 0.178930 -0.304638 0.047448 
 0.180419 -0.293274 0.039317 
 0.180749 -0.282477 0.022185 
 0.183376 -0.270644 0.023048 
 0.186003 -0.258810 0.023912 
 0.187467 -0.247561 0.015773 
 0.190091 -0.235744 0.016635 
 0.190373 -0.225161 -0.000513 
 0.192989 -0.213376 0.000347 
 0.194427 -0.202242 -0.007800 
 0.197040 -0.190474 -0.006942 
 0.199653 -0.178706 -0.006083 
 0.199888 -0.168337 -0.023246 
 0.202493 -0.156602 -0.022390 
 0.203902 -0.145599 -0.030547 
 0.204104 -0.135378 -0.047721 
 0.206698 -0.123693 -0.046868 
 0.208085 -0.112788 -0.055032 
 0.210676 -0.101119 -0.054181 
 0.213267 -0.089450 -0.053330 
 0.213421 -0.079442 -0.070519 
 0.216005 -0.067806 -0.069671 
 0.218588 -0.056169 -0.068822 
 0.219943 -0.045413 -0.076996 
 0.220057 -0.035587 -0.094199 
 0.221393 -0.024913 -0.102379 
 0.223962 -0.013342 -0.101535 
 0.226531 -0.001771 -0.100691 
 0.229100 0.009799 -0.099847 
 0.231669 0.021370 -0.099003 
 0.234237 0.032941 -0.098159 
 0.235548 0.043500 -0.106349 
 0.238113 0.055054 -0.105506 
 0.241944 0.067653 -0.095627 
 0.244513 0.079223 -0.094783 
 0.248355 0.091872 -0.084901 
 0.253480 0.105646 -0.065977 
 0.256060 0.117266 -0.065130 
 0.258640 0.128886 -0.064282 
 0.261220 0.140506 -0.063435 
 0.263800 0.152126 -0.062587 
 0.266379 0.163746 -0.061739 
 0.126367 -0.549246 0.154234 
 0.129057 -0.537133 0.155117 
 0.131746 -0.525020 0.156001 
 0.134435 -0.512907 0.156885 
 0.137125 -0.500794 0.157768 
 0.138743 -0.488924 0.149676 
 0.141429 -0.476827 0.150558 
 0.144115 -0.464731 0.151440 
 0.146800 -0.452634 0.152323 
 0.147316 -0.441155 0.135243 
 0.147817 -0.429741 0.118159 
 0.150488 -0.417711 0.119036 
 0.152064 -0.406038 0.110929 
 0.154731 -0.394023 0.111805 
 0.155192 -0.382791 0.094708 
 0.157852 -0.370809 0.095582 
 0.159402 -0.359251 0.087467 
 0.162058 -0.347286 0.088339 
 0.162479 -0.336234 0.071228 
 0.164007 -0.324775 0.063106 
 0.166652 -0.312859 0.063975 
 0.167040 -0.301955 0.046854 
 0.168546 -0.290594 0.038724 
 0.168908 -0.279805 0.021594 
 0.171536 -0.267972 0.022457 
 0.174163 -0.256138 0.023320 
 0.175643 -0.244892 0.015182 
 0.175966 -0.234284 -0.001961 
 0.178582 -0.222500 -0.001101 
 0.181198 -0.210716 -0.000242 
 0.182653 -0.199585 -0.008388 
 0.185266 -0.187817 -0.007530 
 0.185540 -0.177423 -0.024688 
 0.186973 -0.166391 -0.032842 
 0.189575 -0.154672 -0.031987 
 0.189817 -0.144426 -0.049157 
 0.192411 -0.132740 -0.048305 
 0.195006 -0.121054 -0.047452 
 0.196409 -0.110154 -0.055615 
 0.199000 -0.098484 -0.054764 
 0.199195 -0.088451 -0.071950 
 0.201778 -0.076815 -0.071101 
 0.203156 -0.066030 -0.079272 
 0.205736 -0.054410 -0.078425 
 0.208316 -0.042790 -0.077577 
 0.208463 -0.032970 -0.094778 
 0.209816 -0.022300 -0.102958 
 0.212385 -0.010729 -0.102114 
 0.214954 0.000841 -0.101270 
 0.217522 0.012412 -0.100426 
 0.218857 0.023000 -0.108612 
 0.221422 0.034554 -0.107769 
 0.221504 0.044078 -0.124991 
 0.226553 0.057663 -0.106084 
 0.229118 0.069217 -0.105241 
 0.231683 0.080771 -0.104398 
 0.235505 0.093407 -0.094517 
 0.239334 0.106075 -0.084635 
 0.241906 0.117662 -0.083790 
 0.247013 0.131510 -0.064863 
 0.249593 0.143130 -0.064015 
 0.252173 0.154750 -0.063168 
 0.252196 0.164010 -0.080409 
 0.254769 0.175597 -0.079564 
 0.257341 0.187185 -0.078718 
 0.259914 0.198772 -0.077873 
 0.097766 -0.643251 0.191359 
 0.098453 -0.631154 0.174326 
 0.101153 -0.618992 0.175213 
 0.110926 -0.570474 0.169795 
 0.111558 -0.558624 0.152745 
 0.114247 -0.546511 0.153628 
 0.116937 -0.534398 0.154512 
 0.119626 -0.522285 0.155396 
 0.121269 -0.510386 0.147306 
 0.123954 -0.498289 0.148189 
 0.126640 -0.486193 0.149071 
 0.129326 -0.474096 0.149954 
 0.132011 -0.462000 0.150836 
 0.134697 -0.449903 0.151718 
 0.135246 -0.438431 0.134640 
 0.135780 -0.427025 0.117558 
 0.137375 -0.415339 0.109452 
 0.140042 -0.403325 0.110329 
 0.140543 -0.392067 0.093235 
 0.143204 -0.380085 0.094109 
 0.144773 -0.368515 0.085996 
 0.147430 -0.356550 0.086869 
 0.150086 -0.344584 0.087742 
 0.150540 -0.333540 0.070632 
 0.152084 -0.322084 0.062511 
 0.154730 -0.310169 0.063380 
 0.155150 -0.299272 0.046260 
 0.156673 -0.287915 0.038131 
 0.157068 -0.277133 0.021003 
 0.159695 -0.265300 0.021866 
 0.161196 -0.254041 0.013730 
 0.163819 -0.242224 0.014592 
 0.164175 -0.231624 -0.002550 
 0.166791 -0.219839 -0.001690 
 0.169407 -0.208055 -0.000831 
 0.172023 -0.196271 0.000029 
 0.171193 -0.186508 -0.026131 
 0.173799 -0.174773 -0.025275 
 0.175248 -0.163745 -0.033428 
 0.177850 -0.152026 -0.032573 
 0.178125 -0.141787 -0.049741 
 0.180719 -0.130101 -0.048889 
 0.183314 -0.118416 -0.048036 
 0.184734 -0.107519 -0.056199 
 0.187324 -0.095850 -0.055347 
 0.187552 -0.085824 -0.072531 
 0.190135 -0.074188 -0.071682 
 0.191530 -0.063406 -0.079853 
 0.194110 -0.051786 -0.079005 
 0.196690 -0.040166 -0.078158 
 0.196870 -0.030354 -0.095357 
 0.198239 -0.019688 -0.103536 
 0.200808 -0.008117 -0.102692 
 0.203376 0.003454 -0.101848 
 0.205945 0.015024 -0.101004 
 0.207296 0.025609 -0.109189 
 0.209861 0.037163 -0.108347 
 0.209976 0.046679 -0.125567 
 0.212534 0.058201 -0.124727 
 0.215091 0.069722 -0.123886 
 0.217649 0.081243 -0.123046 
 0.222687 0.094934 -0.104132 
 0.226496 0.107590 -0.094251 
 0.230312 0.120278 -0.084369 
 0.231634 0.130731 -0.092563 
 0.237967 0.145753 -0.064596 
 0.238030 0.155039 -0.081833 
 0.243126 0.168993 -0.062901 
 0.245706 0.180613 -0.062053 
 0.249555 0.193450 -0.052159 
 0.252139 0.205086 -0.051311 
 0.082856 -0.652693 0.189860 
 0.085563 -0.640497 0.190749 
 0.085290 -0.628461 0.164758 
 0.087987 -0.616316 0.165644 
 0.088681 -0.604342 0.148605 
 0.091370 -0.592229 0.149489 
 0.094060 -0.580116 0.150372 
 0.096749 -0.568002 0.151256 
 0.099438 -0.555889 0.152140 
 0.102128 -0.543776 0.153023 
 0.103794 -0.531848 0.144937 
 0.106480 -0.519751 0.145820 
 0.109165 -0.507655 0.146702 
 0.111851 -0.495558 0.147584 
 0.112462 -0.483962 0.130517 
 0.115140 -0.471899 0.131397 
 0.117818 -0.459835 0.132277 
 0.120497 -0.447771 0.133157 
 0.123175 -0.435707 0.134037 
 0.123742 -0.424309 0.116956 
 0.125354 -0.412627 0.108852 
 0.128021 -0.400612 0.109728 
 0.128555 -0.389361 0.092637 
 0.131215 -0.377380 0.093511 
 0.132801 -0.365813 0.085398 
 0.135458 -0.353848 0.086271 
 0.135952 -0.342778 0.069166 
 0.137516 -0.331310 0.061046 
 0.140161 -0.319394 0.061915 
 0.140623 -0.308472 0.044799 
 0.142165 -0.297102 0.036673 
 0.144799 -0.285236 0.037538 
 0.145228 -0.274462 0.020411 
 0.146748 -0.263191 0.012277 
 0.149372 -0.251373 0.013139 
 0.149767 -0.240747 -0.003998 
 0.152384 -0.228963 -0.003139 
 0.155000 -0.217178 -0.002279 
 0.157616 -0.205394 -0.001420 
 0.159104 -0.194271 -0.009564 
 0.159452 -0.183858 -0.026717 
 0.162057 -0.172123 -0.025861 
 0.163523 -0.161099 -0.034013 
 0.163838 -0.150834 -0.051177 
 0.166432 -0.139149 -0.050325 
 0.169027 -0.127463 -0.049472 
 0.170467 -0.116553 -0.057633 
 0.173058 -0.104884 -0.056782 
 0.175648 -0.093215 -0.055930 
 0.175909 -0.083197 -0.073113 
 0.177324 -0.072402 -0.081281 
 0.179903 -0.060782 -0.080434 
 0.180131 -0.050912 -0.097626 
 0.182703 -0.039325 -0.096781 
 0.184092 -0.028646 -0.104958 
 0.186661 -0.017075 -0.104114 
 0.189230 -0.005504 -0.103270 
 0.190605 0.005109 -0.111452 
 0.193170 0.016663 -0.110610 
 0.195735 0.028218 -0.109767 
 0.195890 0.037759 -0.126983 
 0.198448 0.049280 -0.126143 
 0.201006 0.060802 -0.125302 
 0.203564 0.072323 -0.124462 
 0.206121 0.083844 -0.123621 
 0.211127 0.097543 -0.104710 
 0.213692 0.109097 -0.103867 
 0.217488 0.121773 -0.093986 
 0.220057 0.133343 -0.093142 
 0.223864 0.146068 -0.083257 
 0.226436 0.157656 -0.082412 
 0.229009 0.169243 -0.081567 
 0.234080 0.183237 -0.062634 
 0.236659 0.194857 -0.061786 
 0.240496 0.207713 -0.051892 
 0.243079 0.219350 -0.051043 
 0.071624 -0.649915 0.198207 
 0.073361 -0.637744 0.190140 
 0.073137 -0.625719 0.164151 
 0.073872 -0.613720 0.147116 
 0.076561 -0.601607 0.148000 
 0.078262 -0.589600 0.139921 
 0.080948 -0.577503 0.140803 
 0.084629 -0.565267 0.150651 
 0.087318 -0.553154 0.151534 
 0.086999 -0.541557 0.125515 
 0.091690 -0.529117 0.144333 
 0.094376 -0.517020 0.145215 
 0.097062 -0.504924 0.146097 
 0.099747 -0.492827 0.146980 
 0.100391 -0.481238 0.129914 
 0.101020 -0.469716 0.112845 
 0.102663 -0.457972 0.104746 
 0.103266 -0.446564 0.087668 
 0.105926 -0.434582 0.088542 
 0.108586 -0.422601 0.089416 
 0.110204 -0.410972 0.081309 
 0.112860 -0.399007 0.082182 
 0.113416 -0.387813 0.065088 
 0.116065 -0.375881 0.065958 
 0.117657 -0.364367 0.057843 
 0.120302 -0.352451 0.058712 
 0.124013 -0.340084 0.068569 
 0.125593 -0.328619 0.060450 
 0.128239 -0.316703 0.061320 
 0.128733 -0.305789 0.044206 
 0.131371 -0.293906 0.045073 
 0.132926 -0.282556 0.036945 
 0.132301 -0.272340 0.010825 
 0.134924 -0.260522 0.011687 
 0.135360 -0.249871 -0.005447 
 0.137976 -0.238086 -0.004587 
 0.140593 -0.226302 -0.003728 
 0.143209 -0.214518 -0.002868 
 0.145825 -0.202733 -0.002008 
 0.147329 -0.191614 -0.010152 
 0.147710 -0.181209 -0.027304 
 0.150315 -0.169474 -0.026448 
 0.151798 -0.158453 -0.034599 
 0.152146 -0.148196 -0.051761 
 0.154740 -0.136510 -0.050909 
 0.157334 -0.124824 -0.050056 
 0.158791 -0.113919 -0.058216 
 0.161382 -0.102249 -0.057365 
 0.161682 -0.092206 -0.074543 
 0.163117 -0.081399 -0.082710 
 0.165697 -0.069779 -0.081862 
 0.168277 -0.058159 -0.081014 
 0.168537 -0.048296 -0.098205 
 0.171110 -0.036709 -0.097360 
 0.172515 -0.026033 -0.105536 
 0.175084 -0.014463 -0.104692 
 0.177653 -0.002892 -0.103848 
 0.179044 0.007718 -0.112030 
 0.181609 0.019272 -0.111187 
 0.181804 0.028839 -0.128399 
 0.184362 0.040361 -0.127559 
 0.186920 0.051882 -0.126718 
 0.189478 0.063403 -0.125878 
 0.192036 0.074925 -0.125038 
 0.194594 0.086446 -0.124197 
 0.199566 0.100152 -0.105287 
 0.202131 0.111706 -0.104444 
 0.204696 0.123260 -0.103602 
 0.208479 0.135956 -0.093720 
 0.212270 0.148685 -0.083836 
 0.213617 0.159097 -0.092032 
 0.217415 0.171859 -0.082146 
 0.222453 0.185861 -0.063214 
 0.225033 0.197481 -0.062367 
 0.227613 0.209101 -0.061519 
 0.230193 0.220721 -0.060671 
 0.232772 0.232341 -0.059824 
 0.058452 -0.647186 0.188641 
 0.058288 -0.635123 0.162658 
 0.059063 -0.623098 0.145628 
 0.061752 -0.610985 0.146511 
 0.063473 -0.598965 0.138434 
 0.066159 -0.586868 0.139316 
 0.068844 -0.574772 0.140199 
 0.071530 -0.562675 0.141081 
 0.074216 -0.550579 0.141963 
 0.074929 -0.538833 0.124912 
 0.077607 -0.526769 0.125792 
 0.078298 -0.515123 0.108733 
 0.080969 -0.503092 0.109611 
 0.083640 -0.491061 0.110488 
 0.085307 -0.479288 0.102393 
 0.087974 -0.467273 0.103269 
 0.088618 -0.455840 0.086195 
 0.091278 -0.443859 0.087069 
 0.092919 -0.432201 0.078965 
 0.095575 -0.420235 0.079838 
 0.096179 -0.408983 0.062751 
 0.098828 -0.397051 0.063621 
 0.100443 -0.385508 0.055509 
 0.103089 -0.373592 0.056378 
 0.103652 -0.362520 0.039278 
 0.106290 -0.350638 0.040145 
 0.108929 -0.338755 0.041011 
 0.111567 -0.326872 0.041878 
 0.113149 -0.315477 0.033755 
 0.115784 -0.303610 0.034621 
 0.116293 -0.292785 0.017502 
 0.117853 -0.281489 0.009372 
 0.118336 -0.270779 -0.007755 
 0.120953 -0.258994 -0.006895 
 0.123569 -0.247210 -0.006036 
 0.126185 -0.235426 -0.005176 
 0.127717 -0.224261 -0.013316 
 0.130329 -0.212493 -0.012457 
 0.130758 -0.202029 -0.029602 
 0.132267 -0.190963 -0.037749 
 0.134869 -0.179244 -0.036894 
 0.135264 -0.168929 -0.054050 
 0.137859 -0.157243 -0.053198 
 0.140453 -0.145557 -0.052345 
 0.143048 -0.133872 -0.051493 
 0.144524 -0.122953 -0.059650 
 0.147115 -0.111284 -0.058799 
 0.147456 -0.101215 -0.075973 
 0.150039 -0.089578 -0.075124 
 0.151491 -0.078775 -0.083290 
 0.154070 -0.067155 -0.082443 
 0.156650 -0.055535 -0.081595 
 0.156944 -0.045680 -0.098784 
 0.159516 -0.034093 -0.097939 
 0.160938 -0.023421 -0.106114 
 0.163507 -0.011850 -0.105270 
 0.164918 -0.001227 -0.113450 
 0.167483 0.010327 -0.112607 
 0.167718 0.019919 -0.129816 
 0.170276 0.031441 -0.128975 
 0.172834 0.042962 -0.128135 
 0.175392 0.054483 -0.127294 
 0.177950 0.066005 -0.126454 
 0.180508 0.077526 -0.125613 
 0.183066 0.089047 -0.124773 
 0.188005 0.102761 -0.105865 
 0.190570 0.114315 -0.105022 
 0.194333 0.126998 -0.095142 
 0.196902 0.138568 -0.094298 
 0.199471 0.150139 -0.093454 
 0.202040 0.161710 -0.092610 
 0.208247 0.176864 -0.064643 
 0.210826 0.188484 -0.063795 
 0.213406 0.200104 -0.062947 
 0.215986 0.211724 -0.062100 
 0.219793 0.224605 -0.052206 
 0.221146 0.234964 -0.060404 
 0.223726 0.246584 -0.059557 
 0.226305 0.258204 -0.058709 
 0.046249 -0.644432 0.188031 
 0.046135 -0.632380 0.162051 
 0.046943 -0.620363 0.145022 
 0.049632 -0.608250 0.145906 
 0.051370 -0.596234 0.137829 
 0.054055 -0.584137 0.138712 
 0.056741 -0.572041 0.139594 
 0.059427 -0.559944 0.140477 
 0.060180 -0.548173 0.123429 
 0.062858 -0.536109 0.124309 
 0.063589 -0.524437 0.107254 
 0.066260 -0.512406 0.108132 
 0.067951 -0.500604 0.100040 
 0.070618 -0.488590 0.100916 
 0.073285 -0.476575 0.101792 
 0.073969 -0.465117 0.084722 
 0.076629 -0.453135 0.085596 
 0.078290 -0.441464 0.077495 
 0.080947 -0.429499 0.078368 
 0.081591 -0.418221 0.061284 
 0.083230 -0.406649 0.053175 
 0.085875 -0.394733 0.054044 
 0.086486 -0.383603 0.036950 
 0.088103 -0.372130 0.028835 
 0.090738 -0.360263 0.029700 
 0.093372 -0.348397 0.030566 
 0.096007 -0.336530 0.031431 
 0.098641 -0.324664 0.032297 
 0.101276 -0.312797 0.033163 
 0.101825 -0.301947 0.016048 
 0.103406 -0.290638 0.007920 
 0.103929 -0.279902 -0.009203 
 0.106545 -0.268118 -0.008344 
 0.109162 -0.256333 -0.007484 
 0.111778 -0.244549 -0.006625 
 0.113329 -0.233371 -0.014762 
 0.115942 -0.221604 -0.013904 
 0.118555 -0.209836 -0.013045 
 0.119016 -0.199380 -0.030188 
 0.120542 -0.188317 -0.038334 
 0.123144 -0.176598 -0.037480 
 0.123572 -0.166290 -0.054634 
 0.126167 -0.154605 -0.053781 
 0.128761 -0.142919 -0.052929 
 0.130258 -0.131988 -0.061085 
 0.132849 -0.120318 -0.060233 
 0.135439 -0.108649 -0.059382 
 0.135813 -0.098587 -0.076555 
 0.138396 -0.086951 -0.075706 
 0.139864 -0.076151 -0.083871 
 0.142444 -0.064531 -0.083023 
 0.145024 -0.052911 -0.082176 
 0.145350 -0.043063 -0.099363 
 0.147922 -0.031476 -0.098518 
 0.149361 -0.020808 -0.106693 
 0.151930 -0.009238 -0.105849 
 0.153357 0.001381 -0.114027 
 0.155922 0.012936 -0.113185 
 0.156190 0.022520 -0.130391 
 0.161053 0.036044 -0.111499 
 0.161306 0.045563 -0.128710 
 0.163864 0.057085 -0.127870 
 0.168749 0.070707 -0.108970 
 0.171314 0.082261 -0.108128 
 0.173879 0.093815 -0.107285 
 0.176444 0.105369 -0.106442 
 0.179009 0.116924 -0.105599 
 0.182756 0.129610 -0.095720 
 0.185325 0.141181 -0.094876 
 0.187894 0.152752 -0.094032 
 0.190463 0.164322 -0.093188 
 0.194228 0.177091 -0.083304 
 0.199200 0.191108 -0.064376 
 0.199373 0.200266 -0.081613 
 0.204360 0.214348 -0.062680 
 0.206939 0.225968 -0.061833 
 0.209519 0.237588 -0.060985 
 0.213317 0.250505 -0.051090 
 0.215900 0.262141 -0.050241 
 0.218484 0.273778 -0.049392 
 0.241350 0.343255 0.027300 
 0.243963 0.355023 0.028158 
 0.034047 -0.641678 0.187422 
 0.032134 -0.629741 0.143533 
 0.034823 -0.617628 0.144417 
 0.036581 -0.605599 0.136343 
 0.039266 -0.593503 0.137225 
 0.041952 -0.581406 0.138107 
 0.042753 -0.569577 0.121066 
 0.045431 -0.557513 0.121946 
 0.048109 -0.545449 0.122826 
 0.048881 -0.533752 0.105776 
 0.051552 -0.521721 0.106653 
 0.053262 -0.509906 0.098563 
 0.055929 -0.497891 0.099439 
 0.058597 -0.485877 0.100316 
 0.059321 -0.474393 0.083250 
 0.061981 -0.462411 0.084124 
 0.063662 -0.450728 0.076024 
 0.066319 -0.438763 0.076897 
 0.067002 -0.427459 0.059817 
 0.068662 -0.415874 0.051711 
 0.071307 -0.403959 0.052580 
 0.071958 -0.392803 0.035490 
 0.074596 -0.380920 0.036357 
 0.076230 -0.369451 0.028242 
 0.078865 -0.357584 0.029107 
 0.079476 -0.346609 0.012004 
 0.081087 -0.335238 0.003881 
 0.083711 -0.323421 0.004743 
 0.087357 -0.311108 0.014593 
 0.088958 -0.299787 0.006467 
 0.091582 -0.287969 0.007329 
 0.092138 -0.277241 -0.009792 
 0.093717 -0.266018 -0.017925 
 0.096330 -0.254250 -0.017067 
 0.098942 -0.242482 -0.016209 
 0.101555 -0.230714 -0.015350 
 0.102064 -0.220200 -0.032487 
 0.104669 -0.208465 -0.031631 
 0.106215 -0.197390 -0.039775 
 0.108817 -0.185671 -0.038920 
 0.109285 -0.175338 -0.056070 
 0.111880 -0.163652 -0.055218 
 0.114474 -0.151966 -0.054365 
 0.117069 -0.140280 -0.053513 
 0.118582 -0.129353 -0.061668 
 0.119003 -0.119233 -0.078834 
 0.121586 -0.107597 -0.077985 
 0.123078 -0.096768 -0.086147 
 0.125658 -0.085148 -0.085299 
 0.128237 -0.073528 -0.084452 
 0.130817 -0.061908 -0.083604 
 0.133397 -0.050288 -0.082756 
 0.133756 -0.040447 -0.099942 
 0.136329 -0.028860 -0.099097 
 0.137784 -0.018196 -0.107271 
 0.140352 -0.006625 -0.106427 
 0.141796 0.003990 -0.114605 
 0.144362 0.015544 -0.113762 
 0.146927 0.027099 -0.112919 
 0.149492 0.038653 -0.112076 
 0.152057 0.050207 -0.111233 
 0.154623 0.061761 -0.110391 
 0.157188 0.073315 -0.109548 
 0.159753 0.084870 -0.108705 
 0.162318 0.096424 -0.107862 
 0.164883 0.107978 -0.107019 
 0.168610 0.120652 -0.097142 
 0.171179 0.132223 -0.096298 
 0.173748 0.143794 -0.095454 
 0.177489 0.156533 -0.085573 
 0.180062 0.168121 -0.084728 
 0.182634 0.179708 -0.083883 
 0.187573 0.193732 -0.064956 
 0.190153 0.205352 -0.064109 
 0.192733 0.216972 -0.063261 
 0.195313 0.228591 -0.062413 
 0.199091 0.241496 -0.052520 
 0.201674 0.253132 -0.051671 
 0.206668 0.267403 -0.032726 
 0.209259 0.279072 -0.031875 
 0.213062 0.292091 -0.021974 
 0.218089 0.306510 -0.003018 
 0.224350 0.322377 0.024995 
 0.226963 0.334144 0.025854 
 0.229575 0.345912 0.026712 
 0.232188 0.357680 0.027570 
 0.020037 -0.639003 0.168905 
 0.020014 -0.627006 0.142928 
 0.021791 -0.614964 0.134856 
 0.024477 -0.602868 0.135738 
 0.027163 -0.590771 0.136620 
 0.028004 -0.578917 0.119583 
 0.030682 -0.566853 0.120463 
 0.033360 -0.554789 0.121343 
 0.034172 -0.543066 0.104297 
 0.036843 -0.531035 0.105175 
 0.038573 -0.519207 0.097086 
 0.041241 -0.507193 0.097963 
 0.042012 -0.495651 0.080903 
 0.044672 -0.483669 0.081777 
 0.047333 -0.471687 0.082651 
 0.049034 -0.459991 0.074553 
 0.051690 -0.448026 0.075426 
 0.052414 -0.436697 0.058351 
 0.054094 -0.425100 0.050246 
 0.056739 -0.413184 0.051115 
 0.057430 -0.402003 0.034029 
 0.060068 -0.390120 0.034896 
 0.061722 -0.378638 0.026783 
 0.062381 -0.367605 0.009686 
 0.065008 -0.355771 0.010549 
 0.067635 -0.343938 0.011412 
 0.069263 -0.332570 0.003291 
 0.071887 -0.320753 0.004153 
 0.074511 -0.308936 0.005015 
 0.077134 -0.297118 0.005877 
 0.077731 -0.286365 -0.011241 
 0.080347 -0.274581 -0.010381 
 0.081942 -0.263361 -0.018513 
 0.084555 -0.251593 -0.017655 
 0.087168 -0.239825 -0.016797 
 0.087717 -0.229286 -0.033929 
 0.089286 -0.218181 -0.042070 
 0.091888 -0.206462 -0.041215 
 0.092404 -0.196070 -0.058359 
 0.094999 -0.184385 -0.057507 
 0.097593 -0.172699 -0.056654 
 0.100187 -0.161013 -0.055802 
 0.102782 -0.149328 -0.054949 
 0.104315 -0.138387 -0.063102 
 0.106906 -0.126718 -0.062251 
 0.107360 -0.116606 -0.079415 
 0.109943 -0.104969 -0.078566 
 0.112527 -0.093333 -0.077718 
 0.114031 -0.082524 -0.085880 
 0.116611 -0.070904 -0.085032 
 0.119191 -0.059284 -0.084185 
 0.121770 -0.047664 -0.083337 
 0.122163 -0.037831 -0.100521 
 0.124735 -0.026244 -0.099676 
 0.126206 -0.015583 -0.107849 
 0.128775 -0.004013 -0.107005 
 0.130236 0.006599 -0.115182 
 0.132801 0.018153 -0.114339 
 0.135366 0.029707 -0.113496 
 0.137931 0.041262 -0.112654 
 0.140497 0.052816 -0.111811 
 0.144188 0.065412 -0.101941 
 0.146757 0.076982 -0.101097 
 0.148192 0.087479 -0.109282 
 0.151895 0.100123 -0.099409 
 0.154464 0.111694 -0.098565 
 0.157033 0.123265 -0.097721 
 0.160750 0.135975 -0.087843 
 0.163323 0.147563 -0.086998 
 0.168207 0.161495 -0.068080 
 0.170787 0.173115 -0.067232 
 0.173367 0.184735 -0.066384 
 0.175947 0.196355 -0.065537 
 0.178527 0.207975 -0.064689 
 0.181106 0.219595 -0.063842 
 0.183686 0.231215 -0.062994 
 0.187447 0.244123 -0.053102 
 0.190031 0.255759 -0.052253 
 0.192614 0.267396 -0.051404 
 0.197583 0.281707 -0.032458 
 0.201370 0.294730 -0.022557 
 0.203964 0.306415 -0.021705 
 0.208965 0.320874 -0.002748 
 0.211567 0.332593 -0.001894 
 0.215379 0.345731 0.008015 
 0.217985 0.357466 0.008871 
 0.220590 0.369201 0.009728 
 0.223195 0.380936 0.010584 
 0.006980 -0.636299 0.159345 
 0.007002 -0.624330 0.133369 
 0.009688 -0.612233 0.134251 
 0.012374 -0.600137 0.135134 
 0.013255 -0.588257 0.118100 
 0.015933 -0.576193 0.118980 
 0.016792 -0.564411 0.101941 
 0.019463 -0.552380 0.102818 
 0.021217 -0.540524 0.094733 
 0.023885 -0.528509 0.095609 
 0.024704 -0.516908 0.078556 
 0.027364 -0.504927 0.079430 
 0.030024 -0.492945 0.080304 
 0.031749 -0.481220 0.072210 
 0.034405 -0.469255 0.073083 
 0.037062 -0.457290 0.073956 
 0.037826 -0.445936 0.056884 
 0.039526 -0.434325 0.048781 
 0.042171 -0.422409 0.049650 
 0.042902 -0.411203 0.032569 
 0.044580 -0.399691 0.024459 
 0.047214 -0.387825 0.025324 
 0.047913 -0.376767 0.008231 
 0.049569 -0.365354 0.000114 
 0.053168 -0.353099 0.009958 
 0.054816 -0.341719 0.001838 
 0.057440 -0.329902 0.002700 
 0.058091 -0.319057 -0.014408 
 0.060707 -0.307273 -0.013549 
 0.063323 -0.295489 -0.012689 
 0.065940 -0.283704 -0.011830 
 0.067555 -0.272472 -0.019960 
 0.070168 -0.260704 -0.019102 
 0.072780 -0.248936 -0.018243 
 0.073369 -0.238371 -0.035372 
 0.075975 -0.226636 -0.034516 
 0.077561 -0.215535 -0.042656 
 0.078117 -0.205118 -0.059795 
 0.080712 -0.193432 -0.058943 
 0.083306 -0.181746 -0.058091 
 0.085901 -0.170061 -0.057238 
 0.088495 -0.158375 -0.056386 
 0.091090 -0.146689 -0.055533 
 0.092639 -0.135753 -0.063685 
 0.095230 -0.124083 -0.062834 
 0.095717 -0.113978 -0.079997 
 0.098300 -0.102342 -0.079148 
 0.099825 -0.091520 -0.087308 
 0.102405 -0.079900 -0.086460 
 0.104984 -0.068280 -0.085613 
 0.107564 -0.056661 -0.084765 
 0.107996 -0.046802 -0.101945 
 0.110569 -0.035215 -0.101100 
 0.113141 -0.023628 -0.100255 
 0.114629 -0.012971 -0.108427 
 0.117198 -0.001400 -0.107583 
 0.118675 0.009208 -0.115759 
 0.122336 0.021741 -0.105895 
 0.123805 0.032316 -0.114074 
 0.127474 0.044883 -0.104207 
 0.130042 0.056453 -0.103363 
 0.132611 0.068024 -0.102519 
 0.135180 0.079595 -0.101675 
 0.137749 0.091165 -0.100831 
 0.140318 0.102736 -0.099987 
 0.144012 0.115417 -0.090112 
 0.146584 0.127005 -0.089267 
 0.149157 0.138592 -0.088422 
 0.154001 0.152499 -0.069508 
 0.156581 0.164119 -0.068660 
 0.159161 0.175739 -0.067813 
 0.161740 0.187359 -0.066965 
 0.164320 0.198979 -0.066117 
 0.166900 0.210599 -0.065270 
 0.170638 0.223478 -0.055381 
 0.173221 0.235114 -0.054532 
 0.175804 0.246750 -0.053683 
 0.178388 0.258387 -0.052834 
 0.183316 0.272672 -0.033893 
 0.185907 0.284341 -0.033041 
 0.188498 0.296011 -0.032190 
 0.192272 0.309054 -0.022289 
 0.194866 0.320739 -0.021437 
 0.199842 0.335239 -0.002479 
 0.203638 0.348380 0.007429 
 0.205045 0.358676 -0.000770 
 0.208848 0.371850 0.009141 
 0.211454 0.383585 0.009997 
 0.214059 0.395320 0.010853 
 0.216664 0.407055 0.011709 
 0.219270 0.418790 0.012565 
 -0.005173 -0.633557 0.158738 
 -0.005101 -0.621599 0.132764 
 -0.004173 -0.609660 0.115738 
 -0.001494 -0.597596 0.116618 
 0.001184 -0.585533 0.117498 
 0.002083 -0.573726 0.100462 
 0.004755 -0.561695 0.101339 
 0.007426 -0.549664 0.102217 
 0.007395 -0.538166 0.076210 
 0.010055 -0.526185 0.077084 
 0.012715 -0.514203 0.077958 
 0.015376 -0.502222 0.078832 
 0.017121 -0.490483 0.070739 
 0.019777 -0.478518 0.071612 
 0.022433 -0.466553 0.072485 
 0.022312 -0.455466 0.046447 
 0.024957 -0.443551 0.047317 
 0.027603 -0.431635 0.048186 
 0.028374 -0.420403 0.031108 
 0.031013 -0.408520 0.031975 
 0.032707 -0.397012 0.023866 
 0.035341 -0.385146 0.024731 
 0.036073 -0.374095 0.007640 
 0.037745 -0.362685 -0.000476 
 0.040368 -0.350868 0.000386 
 0.042992 -0.339051 0.001248 
 0.043683 -0.328181 -0.015857 
 0.046300 -0.316396 -0.014997 
 0.048916 -0.304612 -0.014138 
 0.051532 -0.292828 -0.013278 
 0.053168 -0.281583 -0.021406 
 0.055780 -0.269815 -0.020548 
 0.058393 -0.258047 -0.019690 
 0.059022 -0.247456 -0.036814 
 0.061628 -0.235721 -0.035958 
 0.064233 -0.223986 -0.035102 
 0.065836 -0.212889 -0.043241 
 0.066425 -0.202479 -0.060379 
 0.069019 -0.190793 -0.059527 
 0.071614 -0.179108 -0.058674 
 0.073191 -0.168126 -0.066822 
 0.076803 -0.155736 -0.056970 
 0.078373 -0.144787 -0.065119 
 0.080963 -0.133118 -0.064268 
 0.083554 -0.121449 -0.063417 
 0.084074 -0.111351 -0.080578 
 0.086657 -0.099714 -0.079729 
 0.089241 -0.088078 -0.078880 
 0.090778 -0.077277 -0.087041 
 0.093358 -0.065657 -0.086193 
 0.095938 -0.054037 -0.085346 
 0.098517 -0.042417 -0.084498 
 0.098975 -0.032599 -0.101679 
 0.101548 -0.021012 -0.100834 
 0.104120 -0.009424 -0.099989 
 0.105621 0.001213 -0.108161 
 0.108190 0.012783 -0.107317 
 0.110758 0.024354 -0.106473 
 0.113327 0.035924 -0.105629 
 0.115896 0.047495 -0.104785 
 0.118465 0.059066 -0.103941 
 0.121034 0.070637 -0.103097 
 0.124700 0.083272 -0.093227 
 0.126172 0.093778 -0.101409 
 0.129846 0.106447 -0.091536 
 0.132418 0.118034 -0.090691 
 0.137215 0.131883 -0.071784 
 0.139795 0.143503 -0.070936 
 0.142374 0.155123 -0.070089 
 0.146077 0.167923 -0.060206 
 0.148661 0.179559 -0.059358 
 0.150114 0.189983 -0.067546 
 0.153828 0.202832 -0.057660 
 0.155273 0.213223 -0.065851 
 0.158995 0.226105 -0.055962 
 0.161578 0.237741 -0.055114 
 0.164161 0.249378 -0.054265 
 0.166745 0.261014 -0.053416 
 0.171640 0.275307 -0.034476 
 0.174231 0.286976 -0.033624 
 0.176822 0.298646 -0.032773 
 0.180579 0.311692 -0.022873 
 0.183174 0.323378 -0.022021 
 0.185768 0.335064 -0.021168 
 0.190718 0.349603 -0.002210 
 0.193320 0.361322 -0.001355 
 0.195922 0.373040 -0.000500 
 0.198523 0.384759 0.000354 
 0.201125 0.396477 0.001209 
 0.203727 0.408196 0.002064 
 0.207528 0.421440 0.011979 
 0.212540 0.436259 0.030957 
 0.215153 0.448027 0.031815 
 0.217765 0.459794 0.032674 
 0.220378 0.471562 0.033532 
 -0.019035 -0.630914 0.140229 
 -0.018921 -0.619000 0.114255 
 -0.017967 -0.607102 0.097228 
 -0.015296 -0.595071 0.098105 
 -0.012625 -0.583040 0.098983 
 -0.009954 -0.571009 0.099861 
 -0.008160 -0.559127 0.091779 
 -0.007253 -0.547443 0.074737 
 -0.004593 -0.535461 0.075611 
 -0.002821 -0.523677 0.067523 
 -0.000164 -0.511712 0.068396 
 0.002492 -0.499747 0.069269 
 0.003351 -0.488276 0.052210 
 0.006001 -0.476344 0.053080 
 0.008650 -0.464412 0.053951 
 0.010389 -0.452776 0.045852 
 0.011208 -0.441486 0.028781 
 0.013847 -0.429603 0.029648 
 0.016485 -0.417720 0.030514 
 0.018199 -0.406199 0.022407 
 0.020833 -0.394333 0.023273 
 0.021605 -0.383256 0.006185 
 0.024232 -0.371423 0.007049 
 0.025921 -0.360017 -0.001067 
 0.028544 -0.348200 -0.000205 
 0.031168 -0.336383 0.000657 
 0.031892 -0.325520 -0.016446 
 0.034509 -0.313736 -0.015586 
 0.037125 -0.301951 -0.014727 
 0.039741 -0.290167 -0.013867 
 0.041393 -0.278926 -0.021994 
 0.044006 -0.267158 -0.021136 
 0.046619 -0.255390 -0.020278 
 0.047281 -0.244807 -0.037400 
 0.048907 -0.233680 -0.045536 
 0.051509 -0.221962 -0.044681 
 0.052138 -0.211526 -0.061816 
 0.054733 -0.199841 -0.060963 
 0.057327 -0.188155 -0.060111 
 0.058924 -0.177160 -0.068256 
 0.061515 -0.165491 -0.067405 
 0.064106 -0.153822 -0.066554 
 0.066697 -0.142152 -0.065703 
 0.069288 -0.130483 -0.064851 
 0.071878 -0.118814 -0.064000 
 0.072431 -0.108724 -0.081160 
 0.075014 -0.097087 -0.080311 
 0.077598 -0.085451 -0.079462 
 0.079151 -0.074653 -0.087622 
 0.081731 -0.063033 -0.086774 
 0.084311 -0.051413 -0.085926 
 0.086891 -0.039793 -0.085079 
 0.087381 -0.029982 -0.102258 
 0.089954 -0.018395 -0.101413 
 0.091475 -0.007746 -0.109583 
 0.094044 0.003825 -0.108739 
 0.096612 0.015396 -0.107895 
 0.099181 0.026966 -0.107051 
 0.101750 0.038537 -0.106207 
 0.104319 0.050108 -0.105363 
 0.106888 0.061678 -0.104519 
 0.110534 0.074301 -0.094651 
 0.113107 0.085889 -0.093806 
 0.115679 0.097476 -0.092961 
 0.120429 0.111266 -0.074060 
 0.123008 0.122886 -0.073212 
 0.125588 0.134506 -0.072365 
 0.129267 0.147277 -0.062486 
 0.131851 0.158914 -0.061637 
 0.134434 0.170550 -0.060788 
 0.137018 0.182187 -0.059939 
 0.139601 0.193823 -0.059090 
 0.142185 0.205459 -0.058241 
 0.144768 0.217096 -0.057393 
 0.147352 0.228732 -0.056544 
 0.149935 0.240369 -0.055695 
 0.152518 0.252005 -0.054846 
 0.155102 0.263641 -0.053997 
 0.159964 0.277942 -0.035059 
 0.162555 0.289611 -0.034208 
 0.165146 0.301280 -0.033356 
 0.168887 0.314331 -0.023457 
 0.171481 0.326016 -0.022604 
 0.174076 0.337702 -0.021752 
 0.176670 0.349388 -0.020900 
 0.179265 0.361074 -0.020047 
 0.184196 0.375686 -0.001086 
 0.186798 0.387405 -0.000231 
 0.189400 0.399123 0.000624 
 0.193181 0.412355 0.010536 
 0.198153 0.427148 0.029510 
 0.200766 0.438916 0.030369 
 0.203378 0.450684 0.031227 
 0.207185 0.464030 0.041148 
 0.209801 0.475814 0.042008 
 0.212418 0.487599 0.042867 
 -0.034679 -0.640329 0.129791 
 -0.031994 -0.628233 0.130673 
 -0.030992 -0.616276 0.113652 
 -0.030005 -0.604385 0.096627 
 -0.027334 -0.592355 0.097504 
 -0.025516 -0.580443 0.089426 
 -0.022849 -0.568429 0.090303 
 -0.020181 -0.556414 0.091179 
 -0.019242 -0.544737 0.074138 
 -0.017449 -0.532941 0.066052 
 -0.014793 -0.520976 0.066925 
 -0.012136 -0.509011 0.067798 
 -0.009480 -0.497045 0.068671 
 -0.008588 -0.485582 0.051614 
 -0.005938 -0.473650 0.052484 
 -0.004179 -0.462001 0.044387 
 -0.003319 -0.450686 0.027320 
 -0.001578 -0.439120 0.019217 
 0.001056 -0.427253 0.020083 
 0.003691 -0.415387 0.020949 
 0.006326 -0.403520 0.021814 
 0.007137 -0.392418 0.004731 
 0.009765 -0.380585 0.005594 
 0.011473 -0.369166 -0.002519 
 0.014097 -0.357349 -0.001657 
 0.016721 -0.345532 -0.000795 
 0.019344 -0.333715 0.000067 
 0.020101 -0.322859 -0.017035 
 0.022718 -0.311075 -0.016175 
 0.024393 -0.299804 -0.024299 
 0.027006 -0.288037 -0.023441 
 0.029619 -0.276269 -0.022582 
 0.030328 -0.265627 -0.039699 
 0.032934 -0.253892 -0.038843 
 0.035539 -0.242157 -0.037987 
 0.037182 -0.231034 -0.046122 
 0.039784 -0.219316 -0.045267 
 0.040446 -0.208888 -0.062400 
 0.043040 -0.197202 -0.061547 
 0.045635 -0.185516 -0.060695 
 0.047249 -0.174525 -0.068839 
 0.049839 -0.162856 -0.067988 
 0.052430 -0.151187 -0.067137 
 0.055021 -0.139518 -0.066286 
 0.057612 -0.127848 -0.065434 
 0.060202 -0.116179 -0.064583 
 0.060788 -0.106096 -0.081741 
 0.063371 -0.094460 -0.080892 
 0.065955 -0.082823 -0.080043 
 0.067525 -0.072029 -0.088202 
 0.070105 -0.060410 -0.087355 
 0.072684 -0.048790 -0.086507 
 0.073215 -0.038953 -0.103682 
 0.075788 -0.027366 -0.102837 
 0.078360 -0.015779 -0.101992 
 0.079897 -0.005133 -0.110162 
 0.082466 0.006438 -0.109318 
 0.085035 0.018008 -0.108474 
 0.087604 0.029579 -0.107630 
 0.090173 0.041149 -0.106786 
 0.092742 0.052720 -0.105941 
 0.096368 0.065331 -0.096075 
 0.098940 0.076918 -0.095230 
 0.101513 0.088505 -0.094385 
 0.104086 0.100092 -0.093540 
 0.106658 0.111679 -0.092694 
 0.111382 0.125510 -0.073793 
 0.113962 0.137130 -0.072945 
 0.117624 0.149905 -0.063067 
 0.120208 0.161541 -0.062218 
 0.122791 0.173178 -0.061369 
 0.125375 0.184814 -0.060521 
 0.127958 0.196450 -0.059672 
 0.130542 0.208087 -0.058823 
 0.133125 0.219723 -0.057974 
 0.135709 0.231360 -0.057125 
 0.138292 0.242996 -0.056276 
 0.140875 0.254632 -0.055428 
 0.143459 0.266269 -0.054579 
 0.148288 0.280576 -0.035642 
 0.150879 0.292246 -0.034791 
 0.153470 0.303915 -0.033939 
 0.156061 0.315584 -0.033088 
 0.158651 0.327254 -0.032237 
 0.162383 0.340341 -0.022336 
 0.164978 0.352026 -0.021484 
 0.167572 0.363712 -0.020631 
 0.172471 0.378332 -0.001671 
 0.175073 0.390051 -0.000817 
 0.177675 0.401769 0.000038 
 0.181439 0.415004 0.009950 
 0.186378 0.429805 0.028922 
 0.190161 0.443122 0.038840 
 0.192778 0.454906 0.039700 
 0.195394 0.466691 0.040559 
 0.198010 0.478475 0.041419 
 0.200627 0.490259 0.042279 
 0.203243 0.502044 0.043138 
 0.205859 0.513828 0.043998 
 -0.046783 -0.637598 0.129186 
 -0.044097 -0.625501 0.130069 
 -0.044714 -0.613700 0.095148 
 -0.042043 -0.601669 0.096025 
 -0.040205 -0.589745 0.087950 
 -0.037537 -0.577730 0.088826 
 -0.034870 -0.565716 0.089702 
 -0.033890 -0.554014 0.072665 
 -0.031230 -0.542032 0.073539 
 -0.029421 -0.530239 0.065454 
 -0.026765 -0.518274 0.066327 
 -0.024108 -0.506309 0.067200 
 -0.021452 -0.494344 0.068073 
 -0.020527 -0.482888 0.051017 
 -0.018747 -0.471227 0.042923 
 -0.017847 -0.459886 0.025860 
 -0.015209 -0.448003 0.026726 
 -0.013451 -0.436440 0.018625 
 -0.010817 -0.424574 0.019490 
 -0.008182 -0.412707 0.020356 
 -0.007330 -0.401580 0.003276 
 -0.004703 -0.389746 0.004140 
 -0.002974 -0.378315 -0.003972 
 -0.000351 -0.366498 -0.003110 
 0.000461 -0.355552 -0.020202 
 0.004897 -0.342864 -0.001386 
 0.005694 -0.331983 -0.018483 
 0.008310 -0.320199 -0.017624 
 0.010006 -0.308915 -0.025746 
 0.012619 -0.297147 -0.024887 
 0.015231 -0.285380 -0.024029 
 0.017844 -0.273612 -0.023170 
 0.020457 -0.261844 -0.022312 
 0.021192 -0.251242 -0.039429 
 0.023797 -0.239507 -0.038573 
 0.025457 -0.228389 -0.046707 
 0.028058 -0.216670 -0.045853 
 0.028754 -0.206249 -0.062984 
 0.031348 -0.194564 -0.062131 
 0.033942 -0.182878 -0.061279 
 0.035573 -0.171891 -0.069422 
 0.038163 -0.160221 -0.068571 
 0.040754 -0.148552 -0.067720 
 0.043345 -0.136883 -0.066869 
 0.045936 -0.125213 -0.066018 
 0.046561 -0.115105 -0.083171 
 0.049145 -0.103469 -0.082323 
 0.051728 -0.091832 -0.081474 
 0.053318 -0.081026 -0.089631 
 0.055898 -0.069406 -0.088783 
 0.056477 -0.059511 -0.105952 
 0.059049 -0.047924 -0.105107 
 0.061622 -0.036337 -0.104261 
 0.064194 -0.024750 -0.103416 
 0.065751 -0.014091 -0.111584 
 0.068320 -0.002521 -0.110740 
 0.070889 0.009050 -0.109896 
 0.073458 0.020621 -0.109052 
 0.076027 0.032191 -0.108208 
 0.078596 0.043762 -0.107364 
 0.081165 0.055333 -0.106520 
 0.084774 0.067947 -0.096654 
 0.087347 0.079534 -0.095809 
 0.089919 0.091121 -0.094964 
 0.092492 0.102708 -0.094119 
 0.095064 0.114295 -0.093273 
 0.099755 0.128134 -0.074373 
 0.102335 0.139754 -0.073526 
 0.105981 0.152532 -0.063648 
 0.108565 0.164169 -0.062800 
 0.111148 0.175805 -0.061951 
 0.113732 0.187441 -0.061102 
 0.116315 0.199078 -0.060253 
 0.118899 0.210714 -0.059404 
 0.121482 0.222351 -0.058556 
 0.124066 0.233987 -0.057707 
 0.128840 0.248203 -0.038779 
 0.129232 0.257260 -0.056009 
 0.131816 0.268896 -0.055160 
 0.136612 0.283211 -0.036225 
 0.139203 0.294880 -0.035374 
 0.141794 0.306550 -0.034523 
 0.144385 0.318219 -0.033671 
 0.146976 0.329888 -0.032820 
 0.149566 0.341558 -0.031969 
 0.153286 0.354665 -0.022067 
 0.155880 0.366351 -0.021215 
 0.160746 0.380978 -0.002257 
 0.163348 0.392696 -0.001402 
 0.165949 0.404415 -0.000547 
 0.169698 0.417654 0.009364 
 0.174604 0.432462 0.028334 
 0.177216 0.444230 0.029193 
 0.179829 0.455998 0.030051 
 0.182442 0.467766 0.030909 
 0.186219 0.481136 0.040830 
 0.188836 0.492920 0.041690 
 0.191452 0.504704 0.042549 
 0.194068 0.516489 0.043409 
 0.196685 0.528273 0.044268 
 0.199301 0.540057 0.045128 
 -0.058886 -0.634867 0.128582 
 -0.056201 -0.622770 0.129464 
 -0.056751 -0.610984 0.094547 
 -0.054893 -0.599047 0.086473 
 -0.052226 -0.587032 0.087349 
 -0.049558 -0.575018 0.088226 
 -0.048539 -0.563290 0.071193 
 -0.045878 -0.551308 0.072067 
 -0.044049 -0.539503 0.063984 
 -0.041393 -0.527538 0.064856 
 -0.038736 -0.515573 0.065729 
 -0.036080 -0.503607 0.066602 
 -0.035115 -0.492126 0.049551 
 -0.033315 -0.480452 0.041458 
 -0.030669 -0.468536 0.042327 
 -0.029737 -0.457203 0.025266 
 -0.027099 -0.445320 0.026133 
 -0.025325 -0.433761 0.018032 
 -0.022690 -0.421894 0.018897 
 -0.020055 -0.410028 0.019763 
 -0.017421 -0.398161 0.020628 
 -0.016543 -0.387074 0.003548 
 -0.013916 -0.375241 0.004411 
 -0.012174 -0.363830 -0.003700 
 -0.011330 -0.352891 -0.020791 
 -0.008713 -0.341106 -0.019932 
 -0.006097 -0.329322 -0.019072 
 -0.003481 -0.317538 -0.018212 
 -0.000864 -0.305753 -0.017353 
 0.000844 -0.294490 -0.025475 
 0.003457 -0.282722 -0.024617 
 0.006070 -0.270955 -0.023759 
 0.006845 -0.260328 -0.040872 
 0.009450 -0.248593 -0.040016 
 0.012056 -0.236858 -0.039160 
 0.013732 -0.225743 -0.047293 
 0.016333 -0.214024 -0.046438 
 0.018935 -0.202305 -0.045583 
 0.019656 -0.191925 -0.062715 
 0.022250 -0.180239 -0.061863 
 0.023897 -0.169256 -0.070006 
 0.026487 -0.157587 -0.069154 
 0.029078 -0.145917 -0.068303 
 0.031669 -0.134248 -0.067452 
 0.034260 -0.122579 -0.066601 
 0.034918 -0.112478 -0.083753 
 0.037502 -0.100841 -0.082904 
 0.040085 -0.089205 -0.082055 
 0.042669 -0.077569 -0.081206 
 0.044272 -0.066782 -0.089364 
 0.046851 -0.055162 -0.088516 
 0.047455 -0.045308 -0.105686 
 0.050028 -0.033721 -0.104840 
 0.052600 -0.022134 -0.103995 
 0.054174 -0.011479 -0.112162 
 0.056743 0.000092 -0.111318 
 0.059312 0.011663 -0.110474 
 0.061881 0.023233 -0.109630 
 0.064450 0.034804 -0.108786 
 0.067018 0.046374 -0.107942 
 0.070608 0.058976 -0.098079 
 0.073181 0.070563 -0.097233 
 0.075753 0.082150 -0.096388 
 0.078326 0.093737 -0.095543 
 0.080898 0.105324 -0.094698 
 0.083471 0.116911 -0.093852 
 0.088129 0.130757 -0.074954 
 0.090708 0.142377 -0.074106 
 0.094338 0.155159 -0.064230 
 0.096922 0.166796 -0.063381 
 0.099505 0.178432 -0.062532 
 0.102089 0.190069 -0.061683 
 0.104672 0.201705 -0.060835 
 0.107256 0.213342 -0.059986 
 0.109839 0.224978 -0.059137 
 0.112423 0.236614 -0.058288 
 0.117164 0.250838 -0.039362 
 0.119755 0.262507 -0.038510 
 0.122346 0.274177 -0.037659 
 0.124937 0.285846 -0.036808 
 0.127527 0.297515 -0.035957 
 0.130118 0.309185 -0.035106 
 0.132709 0.320854 -0.034254 
 0.135300 0.332523 -0.033403 
 0.137890 0.344192 -0.032552 
 0.141593 0.357303 -0.022651 
 0.144188 0.368989 -0.021799 
 0.149021 0.383624 -0.002843 
 0.151622 0.395342 -0.001988 
 0.154224 0.407061 -0.001133 
 0.156826 0.418780 -0.000278 
 0.160561 0.432038 0.009633 
 0.165442 0.446887 0.028605 
 0.168055 0.458655 0.029463 
 0.170667 0.470423 0.030321 
 0.173280 0.482191 0.031180 
 0.175893 0.493958 0.032038 
 0.179661 0.507365 0.041960 
 0.182277 0.519149 0.042820 
 0.183731 0.529262 0.034614 
 0.186343 0.541030 0.035472 
 -0.070990 -0.632136 0.127977 
 -0.069882 -0.620168 0.110964 
 -0.068789 -0.608267 0.093946 
 -0.066914 -0.596334 0.085872 
 -0.064247 -0.584319 0.086749 
 -0.063187 -0.572566 0.069720 
 -0.060527 -0.560585 0.070594 
 -0.057867 -0.548603 0.071468 
 -0.056021 -0.536801 0.063386 
 -0.053365 -0.524836 0.064259 
 -0.050708 -0.512871 0.065131 
 -0.049703 -0.501364 0.048084 
 -0.047054 -0.489432 0.048955 
 -0.045237 -0.477762 0.040863 
 -0.044265 -0.466403 0.023805 
 -0.041627 -0.454520 0.024672 
 -0.038989 -0.442637 0.025539 
 -0.036350 -0.430754 0.026406 
 -0.033712 -0.418871 0.027272 
 -0.031929 -0.407349 0.019170 
 -0.029294 -0.395482 0.020035 
 -0.026660 -0.383616 0.020901 
 -0.025756 -0.372569 0.003820 
 -0.023998 -0.361162 -0.004291 
 -0.023121 -0.350230 -0.021380 
 -0.020504 -0.338446 -0.020520 
 -0.017888 -0.326661 -0.019661 
 -0.015272 -0.314877 -0.018801 
 -0.012655 -0.303093 -0.017942 
 -0.010930 -0.291833 -0.026063 
 -0.008318 -0.280065 -0.025205 
 -0.005705 -0.268298 -0.024347 
 -0.004897 -0.257678 -0.041458 
 -0.002291 -0.245943 -0.040602 
 0.000314 -0.234208 -0.039746 
 0.002006 -0.223097 -0.047879 
 0.004608 -0.211378 -0.047024 
 0.005369 -0.200973 -0.064151 
 0.007963 -0.189287 -0.063299 
 0.010558 -0.177601 -0.062447 
 0.012221 -0.166621 -0.070589 
 0.014812 -0.154952 -0.069737 
 0.017402 -0.143282 -0.068886 
 0.019993 -0.131613 -0.068035 
 0.022584 -0.119944 -0.067184 
 0.025175 -0.108275 -0.066333 
 0.027765 -0.096605 -0.065481 
 0.028442 -0.086578 -0.082637 
 0.031026 -0.074941 -0.081788 
 0.032645 -0.064159 -0.089944 
 0.035225 -0.052539 -0.089097 
 0.035862 -0.042692 -0.106265 
 0.038434 -0.031105 -0.105419 
 0.041007 -0.019517 -0.104574 
 0.042597 -0.008866 -0.112740 
 0.045166 0.002704 -0.111896 
 0.047735 0.014275 -0.111052 
 0.050303 0.025846 -0.110208 
 0.052872 0.037416 -0.109364 
 0.055441 0.048987 -0.108520 
 0.058010 0.060558 -0.107676 
 0.060579 0.072128 -0.106832 
 0.063148 0.083699 -0.105988 
 0.066732 0.096353 -0.096122 
 0.068286 0.106840 -0.104300 
 0.071877 0.119528 -0.094431 
 0.076502 0.133381 -0.075535 
 0.079082 0.145001 -0.074687 
 0.081662 0.156621 -0.073839 
 0.085279 0.169423 -0.063963 
 0.087862 0.181060 -0.063114 
 0.090446 0.192696 -0.062265 
 0.095125 0.206796 -0.043350 
 0.097716 0.218465 -0.042498 
 0.100307 0.230134 -0.041647 
 0.102898 0.241804 -0.040796 
 0.105488 0.253473 -0.039945 
 0.108079 0.265142 -0.039094 
 0.110670 0.276812 -0.038242 
 0.113261 0.288481 -0.037391 
 0.115851 0.300150 -0.036540 
 0.118442 0.311819 -0.035689 
 0.121033 0.323489 -0.034838 
 0.123624 0.335158 -0.033986 
 0.126215 0.346827 -0.033135 
 0.129901 0.359942 -0.023235 
 0.132495 0.371628 -0.022383 
 0.137295 0.386270 -0.003428 
 0.139897 0.397988 -0.002573 
 0.140279 0.406685 -0.019826 
 0.145101 0.421426 -0.000864 
 0.148820 0.434688 0.009047 
 0.153667 0.449544 0.028017 
 0.156280 0.461312 0.028875 
 0.158893 0.473080 0.029733 
 0.161505 0.484848 0.030592 
 0.164118 0.496615 0.031450 
 0.166731 0.508383 0.032309 
 0.169343 0.520151 0.033167 
 0.171956 0.531919 0.034025 
 0.175719 0.545379 0.043950 
 0.178335 0.557163 0.044810 
 0.180952 0.568947 0.045670 
 -0.083093 -0.629404 0.127373 
 -0.081953 -0.617445 0.110361 
 -0.080827 -0.605551 0.093344 
 -0.078936 -0.593621 0.085272 
 -0.076268 -0.581607 0.086149 
 -0.075175 -0.569861 0.069121 
 -0.072515 -0.557879 0.069995 
 -0.069855 -0.545898 0.070869 
 -0.067993 -0.534100 0.062788 
 -0.065337 -0.522135 0.063661 
 -0.064291 -0.510602 0.046617 
 -0.061642 -0.498670 0.047488 
 -0.059806 -0.486987 0.039398 
 -0.057160 -0.475071 0.040267 
 -0.056155 -0.463720 0.023211 
 -0.053516 -0.451837 0.024078 
 -0.050878 -0.439954 0.024945 
 -0.048240 -0.428071 0.025812 
 -0.045602 -0.416188 0.026679 
 -0.043802 -0.404669 0.018577 
 -0.041167 -0.392803 0.019442 
 -0.040224 -0.381731 0.002366 
 -0.038446 -0.370311 -0.005743 
 -0.035822 -0.358493 -0.004881 
 -0.034912 -0.347569 -0.021969 
 -0.032295 -0.335785 -0.021109 
 -0.029679 -0.324001 -0.020250 
 -0.027063 -0.312216 -0.019390 
 -0.025318 -0.300944 -0.027510 
 -0.022705 -0.289176 -0.026651 
 -0.020092 -0.277408 -0.025793 
 -0.017480 -0.265641 -0.024935 
 -0.016638 -0.255029 -0.042044 
 -0.014033 -0.243294 -0.041188 
 -0.011428 -0.231559 -0.040332 
 -0.009719 -0.220451 -0.048464 
 -0.007117 -0.208732 -0.047609 
 -0.004516 -0.197014 -0.046755 
 -0.003729 -0.186648 -0.063883 
 -0.002046 -0.175656 -0.072023 
 0.000545 -0.163986 -0.071172 
 0.003136 -0.152317 -0.070321 
 0.005726 -0.140648 -0.069469 
 0.008317 -0.128979 -0.068618 
 0.010908 -0.117309 -0.067767 
 0.013499 -0.105640 -0.066916 
 0.014216 -0.095587 -0.084067 
 0.016799 -0.083950 -0.083218 
 0.018439 -0.073155 -0.091373 
 0.021019 -0.061535 -0.090525 
 0.023598 -0.049915 -0.089677 
 0.024268 -0.040076 -0.106844 
 0.026841 -0.028488 -0.105998 
 0.029413 -0.016901 -0.105153 
 0.031020 -0.006254 -0.113318 
 0.033588 0.005317 -0.112474 
 0.036157 0.016888 -0.111630 
 0.038726 0.028458 -0.110786 
 0.041295 0.040029 -0.109942 
 0.043864 0.051599 -0.109098 
 0.046433 0.063170 -0.108254 
 0.049002 0.074741 -0.107410 
 0.051571 0.086312 -0.106566 
 0.055138 0.098970 -0.096701 
 0.056708 0.109453 -0.104878 
 0.060283 0.122144 -0.095010 
 0.062856 0.133731 -0.094165 
 0.067455 0.147625 -0.075268 
 0.071052 0.160414 -0.065393 
 0.073636 0.172051 -0.064544 
 0.076219 0.183687 -0.063695 
 0.078803 0.195323 -0.062846 
 0.083449 0.209431 -0.043933 
 0.086040 0.221100 -0.043082 
 0.088631 0.232769 -0.042230 
 0.091222 0.244438 -0.041379 
 0.093813 0.256108 -0.040528 
 0.097453 0.269095 -0.030639 
 0.100048 0.280780 -0.029786 
 0.102642 0.292466 -0.028934 
 0.105236 0.304152 -0.028081 
 0.107831 0.315837 -0.027229 
 0.110425 0.327523 -0.026377 
 0.111948 0.337793 -0.034569 
 0.114539 0.349462 -0.033718 
 0.118209 0.362580 -0.023819 
 0.120803 0.374266 -0.022967 
 0.125570 0.388916 -0.004014 
 0.128172 0.400634 -0.003159 
 0.130774 0.412353 -0.002304 
 0.133375 0.424071 -0.001449 
 0.137078 0.437338 0.008460 
 0.139683 0.449073 0.009316 
 0.144505 0.463969 0.028287 
 0.147118 0.475737 0.029145 
 0.149731 0.487505 0.030004 
 0.152343 0.499273 0.030862 
 0.154956 0.511040 0.031721 
 0.157569 0.522808 0.032579 
 0.160181 0.534576 0.033437 
 0.163928 0.548040 0.043362 
 0.166544 0.559824 0.044221 
 0.169160 0.571608 0.045081 
 0.171777 0.583393 0.045940 
 -0.095197 -0.626673 0.126768 
 -0.094023 -0.614721 0.109758 
 -0.092865 -0.602834 0.092743 
 -0.090957 -0.590909 0.084672 
 -0.089824 -0.579137 0.067649 
 -0.087164 -0.567156 0.068523 
 -0.084504 -0.555174 0.069397 
 -0.081843 -0.543192 0.070271 
 -0.079965 -0.531398 0.062190 
 -0.078879 -0.519840 0.045151 
 -0.076230 -0.507908 0.046021 
 -0.074374 -0.496212 0.037933 
 -0.071728 -0.484297 0.038803 
 -0.070683 -0.472920 0.021751 
 -0.068044 -0.461037 0.022618 
 -0.065406 -0.449154 0.023484 
 -0.063579 -0.437590 0.015387 
 -0.060130 -0.425388 0.025218 
 -0.058310 -0.413856 0.017118 
 -0.055675 -0.401990 0.017984 
 -0.054692 -0.390892 0.000911 
 -0.052064 -0.379059 0.001774 
 -0.050270 -0.367642 -0.006334 
 -0.049319 -0.356693 -0.023417 
 -0.046703 -0.344909 -0.022558 
 -0.044086 -0.333124 -0.021698 
 -0.041470 -0.321340 -0.020839 
 -0.038854 -0.309556 -0.019979 
 -0.037092 -0.298287 -0.028098 
 -0.034480 -0.286519 -0.027239 
 -0.033591 -0.275849 -0.044343 
 -0.030985 -0.264114 -0.043487 
 -0.028380 -0.252379 -0.042631 
 -0.025775 -0.240644 -0.041775 
 -0.024046 -0.229524 -0.049905 
 -0.021444 -0.217805 -0.049050 
 -0.018842 -0.206086 -0.048195 
 -0.016241 -0.194368 -0.047340 
 -0.015421 -0.184010 -0.064467 
 -0.013722 -0.173021 -0.072606 
 -0.011131 -0.161352 -0.071755 
 -0.008540 -0.149682 -0.070904 
 -0.005949 -0.138013 -0.070052 
 -0.003359 -0.126344 -0.069201 
 -0.000768 -0.114674 -0.068350 
 -0.000011 -0.104596 -0.085497 
 0.002573 -0.092959 -0.084648 
 0.005156 -0.081323 -0.083800 
 0.006812 -0.070531 -0.091953 
 0.009392 -0.058911 -0.091106 
 0.010102 -0.049046 -0.108268 
 0.012674 -0.037459 -0.107423 
 0.015247 -0.025872 -0.106577 
 0.016874 -0.015212 -0.114741 
 0.019442 -0.003641 -0.113897 
 0.022011 0.007929 -0.113053 
 0.024580 0.019500 -0.112208 
 0.027149 0.031071 -0.111364 
 0.029718 0.042641 -0.110520 
 0.032287 0.054212 -0.109676 
 0.034856 0.065783 -0.108832 
 0.037425 0.077353 -0.107988 
 0.039993 0.088924 -0.107144 
 0.042562 0.100495 -0.106300 
 0.045131 0.112065 -0.105456 
 0.047700 0.123636 -0.104612 
 0.051262 0.136347 -0.094744 
 0.055829 0.150248 -0.075848 
 0.058409 0.161868 -0.075001 
 0.061993 0.174678 -0.065126 
 0.064576 0.186314 -0.064277 
 0.067160 0.197951 -0.063428 
 0.071774 0.212065 -0.044516 
 0.074364 0.223735 -0.043665 
 0.076955 0.235404 -0.042813 
 0.080572 0.248362 -0.032927 
 0.086256 0.263962 -0.004966 
 0.087828 0.274376 -0.013147 
 0.090430 0.286094 -0.012293 
 0.093031 0.297813 -0.011438 
 0.095633 0.309531 -0.010583 
 0.098235 0.321250 -0.009728 
 0.100836 0.332969 -0.008873 
 0.101327 0.341847 -0.026108 
 0.103922 0.353533 -0.025256 
 0.106516 0.365219 -0.024403 
 0.109111 0.376905 -0.023551 
 0.113845 0.391562 -0.004599 
 0.116447 0.403280 -0.003745 
 0.119048 0.414999 -0.002890 
 0.121650 0.426717 -0.002035 
 0.125336 0.439987 0.007874 
 0.127942 0.451722 0.008730 
 0.130547 0.463457 0.009586 
 0.135343 0.478394 0.028557 
 0.137956 0.490162 0.029416 
 0.140569 0.501930 0.030274 
 0.143181 0.513697 0.031133 
 0.145794 0.525465 0.031991 
 0.148407 0.537233 0.032849 
 0.152137 0.550700 0.042773 
 0.154753 0.562485 0.043632 
 0.157369 0.574269 0.044492 
 0.159986 0.586053 0.045352 
 0.162602 0.597838 0.046211 
 0.165218 0.609622 0.047071 
 -0.108772 -0.624061 0.108275 
 -0.106094 -0.611997 0.109155 
 -0.104902 -0.600118 0.092142 
 -0.102978 -0.588196 0.084071 
 -0.101812 -0.576432 0.067050 
 -0.099152 -0.564450 0.067924 
 -0.096492 -0.552469 0.068798 
 -0.094593 -0.540662 0.060719 
 -0.091937 -0.528697 0.061592 
 -0.090818 -0.517146 0.044555 
 -0.088942 -0.505438 0.036469 
 -0.087849 -0.494002 0.019423 
 -0.085210 -0.482120 0.020290 
 -0.082572 -0.470237 0.021157 
 -0.079934 -0.458354 0.022024 
 -0.078087 -0.446777 0.013928 
 -0.075452 -0.434910 0.014794 
 -0.072019 -0.422705 0.024624 
 -0.070183 -0.411177 0.016525 
 -0.067548 -0.399311 0.017391 
 -0.066532 -0.388221 0.000320 
 -0.063905 -0.376387 0.001183 
 -0.062094 -0.364974 -0.006924 
 -0.061110 -0.354032 -0.024006 
 -0.058494 -0.342248 -0.023147 
 -0.055877 -0.330463 -0.022287 
 -0.053261 -0.318679 -0.021427 
 -0.051479 -0.307398 -0.029544 
 -0.048867 -0.295630 -0.028686 
 -0.046254 -0.283862 -0.027828 
 -0.045332 -0.273199 -0.044929 
 -0.042727 -0.261464 -0.044073 
 -0.040122 -0.249729 -0.043217 
 -0.038373 -0.238596 -0.051345 
 -0.035771 -0.226878 -0.050490 
 -0.033169 -0.215159 -0.049635 
 -0.030568 -0.203440 -0.048780 
 -0.029708 -0.193057 -0.065903 
 -0.027114 -0.181371 -0.065051 
 -0.025398 -0.170386 -0.073189 
 -0.022807 -0.158717 -0.072338 
 -0.020216 -0.147048 -0.071487 
 -0.017625 -0.135378 -0.070636 
 -0.015035 -0.123709 -0.069784 
 -0.012444 -0.112040 -0.068933 
 -0.009853 -0.100370 -0.068082 
 -0.009070 -0.090332 -0.085230 
 -0.006487 -0.078696 -0.084381 
 -0.004814 -0.067908 -0.092534 
 -0.002235 -0.056288 -0.091686 
 -0.001492 -0.046430 -0.108847 
 0.001081 -0.034843 -0.108002 
 0.003653 -0.023256 -0.107156 
 0.005296 -0.012599 -0.115319 
 0.007865 -0.001029 -0.114475 
 0.010434 0.010542 -0.113631 
 0.013003 0.022113 -0.112787 
 0.015572 0.033683 -0.111943 
 0.018141 0.045254 -0.111099 
 0.020710 0.056824 -0.110255 
 0.022323 0.067350 -0.118427 
 0.025847 0.079966 -0.108567 
 0.028416 0.091537 -0.107723 
 0.030985 0.103107 -0.106879 
 0.033554 0.114678 -0.106034 
 0.036123 0.126249 -0.105190 
 0.038692 0.137819 -0.104346 
 0.042241 0.150550 -0.094478 
 0.044814 0.162138 -0.093633 
 0.049362 0.176112 -0.074734 
 0.052933 0.188942 -0.064858 
 0.055517 0.200578 -0.064009 
 0.060098 0.214700 -0.045099 
 0.062688 0.226369 -0.044248 
 0.066285 0.239314 -0.034364 
 0.068880 0.251000 -0.033511 
 0.074514 0.266612 -0.005553 
 0.077120 0.278346 -0.004697 
 0.078704 0.288740 -0.012878 
 0.081306 0.300459 -0.012023 
 0.083908 0.312177 -0.011169 
 0.086509 0.323896 -0.010314 
 0.090146 0.337022 -0.000417 
 0.091713 0.347333 -0.008604 
 0.094315 0.359052 -0.007749 
 0.097962 0.372227 0.002152 
 0.100568 0.383962 0.003008 
 0.103173 0.395697 0.003864 
 0.105779 0.407432 0.004720 
 0.107323 0.417645 -0.003475 
 0.110989 0.430902 0.006432 
 0.113595 0.442637 0.007288 
 0.118344 0.457515 0.026252 
 0.120956 0.469283 0.027111 
 0.123569 0.481051 0.027969 
 0.126182 0.492819 0.028828 
 0.128794 0.504587 0.029686 
 0.131407 0.516354 0.030545 
 0.134020 0.528122 0.031403 
 0.136632 0.539890 0.032261 
 0.139245 0.551658 0.033120 
 0.142962 0.565146 0.043043 
 0.145578 0.576930 0.043903 
 0.148195 0.588714 0.044763 
 0.150811 0.600499 0.045622 
 0.153427 0.612283 0.046482 
 0.156044 0.624067 0.047341 
 0.158660 0.635851 0.048201 
 0.160146 0.645801 0.039987 
 0.162759 0.657569 0.040845 
 0.165371 0.669337 0.041704 
 0.167984 0.681105 0.042562 
 -0.119404 -0.621210 0.125559 
 -0.118164 -0.609273 0.108552 
 -0.116940 -0.597401 0.091541 
 -0.114999 -0.585483 0.083471 
 -0.113800 -0.573726 0.066451 
 -0.111140 -0.561745 0.067325 
 -0.108480 -0.549763 0.068199 
 -0.106565 -0.537960 0.060121 
 -0.105406 -0.526384 0.043088 
 -0.102757 -0.514452 0.043958 
 -0.100864 -0.502747 0.035873 
 -0.099738 -0.491319 0.018830 
 -0.097100 -0.479437 0.019696 
 -0.094462 -0.467554 0.020563 
 -0.091824 -0.455671 0.021430 
 -0.089185 -0.443788 0.022297 
 -0.087325 -0.432231 0.014201 
 -0.083909 -0.420022 0.024030 
 -0.082056 -0.408498 0.015932 
 -0.079422 -0.396631 0.016798 
 -0.078372 -0.385549 -0.000272 
 -0.075745 -0.373715 0.000592 
 -0.075517 -0.363156 -0.025455 
 -0.072901 -0.351371 -0.024595 
 -0.070285 -0.339587 -0.023735 
 -0.067668 -0.327803 -0.022876 
 -0.065052 -0.316018 -0.022016 
 -0.063254 -0.304741 -0.030132 
 -0.060641 -0.292973 -0.029274 
 -0.058029 -0.281205 -0.028416 
 -0.057074 -0.270550 -0.045516 
 -0.054469 -0.258815 -0.044660 
 -0.051863 -0.247080 -0.043804 
 -0.050098 -0.235950 -0.051931 
 -0.047496 -0.224232 -0.051076 
 -0.044895 -0.212513 -0.050221 
 -0.043995 -0.202104 -0.067340 
 -0.041400 -0.190419 -0.066487 
 -0.038806 -0.178733 -0.065635 
 -0.037074 -0.167751 -0.073772 
 -0.034483 -0.156082 -0.072921 
 -0.031892 -0.144413 -0.072070 
 -0.029301 -0.132743 -0.071219 
 -0.026711 -0.121074 -0.070367 
 -0.024120 -0.109405 -0.069516 
 -0.021529 -0.097736 -0.068665 
 -0.020713 -0.087705 -0.085811 
 -0.018130 -0.076068 -0.084963 
 -0.016441 -0.065284 -0.093114 
 -0.013861 -0.053664 -0.092267 
 -0.013085 -0.043814 -0.109426 
 -0.010513 -0.032227 -0.108581 
 -0.007940 -0.020640 -0.107735 
 -0.006281 -0.009987 -0.115897 
 -0.003712 0.001584 -0.115053 
 -0.001143 0.013154 -0.114209 
 0.000502 0.023742 -0.122376 
 0.003067 0.035296 -0.121533 
 0.005632 0.046850 -0.120690 
 0.008197 0.058404 -0.119847 
 0.010763 0.069958 -0.119005 
 0.013328 0.081513 -0.118162 
 0.015893 0.093067 -0.117319 
 0.019408 0.105720 -0.107457 
 0.021024 0.116175 -0.115633 
 0.024546 0.128861 -0.105769 
 0.027114 0.140432 -0.104925 
 0.029683 0.152002 -0.104081 
 0.033220 0.164754 -0.094212 
 0.035792 0.176341 -0.093367 
 0.040315 0.190355 -0.074467 
 0.043874 0.203205 -0.064591 
 0.048422 0.217335 -0.045682 
 0.051998 0.230267 -0.035800 
 0.054593 0.241953 -0.034948 
 0.057187 0.253639 -0.034095 
 0.062773 0.269261 -0.006139 
 0.065378 0.280996 -0.005283 
 0.067983 0.292731 -0.004427 
 0.070589 0.304466 -0.003571 
 0.072182 0.314823 -0.011754 
 0.075799 0.327936 -0.001859 
 0.078405 0.339671 -0.001003 
 0.079988 0.349979 -0.009190 
 0.083615 0.363141 0.000709 
 0.086221 0.374876 0.001565 
 0.088826 0.386611 0.002421 
 0.091432 0.398346 0.003277 
 0.094037 0.410081 0.004133 
 0.096642 0.421816 0.004989 
 0.099248 0.433551 0.005845 
 0.101853 0.445286 0.006701 
 0.104458 0.457021 0.007557 
 0.109182 0.471940 0.026523 
 0.111794 0.483708 0.027381 
 0.114407 0.495476 0.028240 
 0.117020 0.507244 0.029098 
 0.119632 0.519011 0.029956 
 0.122245 0.530779 0.030815 
 0.124858 0.542547 0.031673 
 0.128555 0.556022 0.041595 
 0.130083 0.566083 0.033390 
 0.133787 0.579590 0.043314 
 0.136404 0.591375 0.044174 
 0.139020 0.603159 0.045033 
 0.141636 0.614944 0.045893 
 0.144253 0.626728 0.046753 
 0.145759 0.636690 0.038541 
 0.148372 0.648458 0.039399 
 0.150984 0.660226 0.040257 
 0.153597 0.671994 0.041116 
 0.156210 0.683762 0.041974 
 0.158822 0.695530 0.042833 
 0.161435 0.707298 0.043691 
 -0.132913 -0.618613 0.107069 
 -0.130235 -0.606549 0.107949 
 -0.129688 -0.594785 0.081994 
 -0.128449 -0.583003 0.064978 
 -0.125789 -0.571021 0.065852 
 -0.123129 -0.559040 0.066726 
 -0.121194 -0.547224 0.058651 
 -0.119995 -0.535622 0.041621 
 -0.117345 -0.523690 0.042492 
 -0.115432 -0.511973 0.034409 
 -0.114266 -0.500519 0.017369 
 -0.111628 -0.488636 0.018236 
 -0.108990 -0.476754 0.019103 
 -0.106352 -0.464871 0.019969 
 -0.103713 -0.452988 0.020836 
 -0.101833 -0.441418 0.012743 
 -0.099199 -0.429552 0.013608 
 -0.096564 -0.417685 0.014474 
 -0.093929 -0.405819 0.015339 
 -0.091295 -0.393952 0.016205 
 -0.090213 -0.382877 -0.000863 
 -0.088365 -0.371455 -0.008967 
 -0.087308 -0.360495 -0.026044 
 -0.084692 -0.348711 -0.025184 
 -0.082076 -0.336926 -0.024324 
 -0.079459 -0.325142 -0.023465 
 -0.077641 -0.313852 -0.031579 
 -0.075029 -0.302084 -0.030720 
 -0.072416 -0.290316 -0.029862 
 -0.069803 -0.278548 -0.029004 
 -0.068816 -0.267900 -0.046102 
 -0.067027 -0.256742 -0.054226 
 -0.063605 -0.244430 -0.044390 
 -0.061823 -0.233304 -0.052516 
 -0.059222 -0.221586 -0.051661 
 -0.056620 -0.209867 -0.050806 
 -0.055687 -0.199466 -0.067923 
 -0.053093 -0.187780 -0.067071 
 -0.050498 -0.176094 -0.066219 
 -0.048749 -0.165117 -0.074355 
 -0.046159 -0.153447 -0.073504 
 -0.043568 -0.141778 -0.072653 
 -0.040977 -0.130109 -0.071802 
 -0.038386 -0.118439 -0.070951 
 -0.035796 -0.106770 -0.070099 
 -0.033205 -0.095101 -0.069248 
 -0.032356 -0.085077 -0.086393 
 -0.029773 -0.073441 -0.085544 
 -0.027189 -0.061805 -0.084695 
 -0.025488 -0.051040 -0.092848 
 -0.022908 -0.039420 -0.092000 
 -0.022107 -0.029611 -0.109160 
 -0.019534 -0.018024 -0.108314 
 -0.017858 -0.007374 -0.116475 
 -0.015289 0.004196 -0.115631 
 -0.012720 0.015767 -0.114787 
 -0.011059 0.026350 -0.122953 
 -0.008494 0.037905 -0.122110 
 -0.005929 0.049459 -0.121268 
 -0.005200 0.058940 -0.138451 
 -0.002642 0.070461 -0.137611 
 -0.000084 0.081983 -0.136770 
 0.004332 0.095676 -0.117896 
 0.006898 0.107230 -0.117053 
 0.009463 0.118784 -0.116211 
 0.012028 0.130338 -0.115368 
 0.015537 0.143044 -0.105503 
 0.018106 0.154615 -0.104659 
 0.020675 0.166186 -0.103815 
 0.024199 0.178957 -0.093946 
 0.028689 0.192979 -0.075047 
 0.031268 0.204599 -0.074200 
 0.034814 0.217469 -0.064323 
 0.039337 0.231639 -0.045414 
 0.041927 0.243308 -0.044563 
 0.044518 0.254977 -0.043712 
 0.051031 0.271911 -0.006725 
 0.053636 0.283646 -0.005869 
 0.056242 0.295381 -0.005013 
 0.058847 0.307116 -0.004157 
 0.061452 0.318851 -0.003301 
 0.064058 0.330586 -0.002445 
 0.066663 0.342321 -0.001589 
 0.069268 0.354056 -0.000733 
 0.071874 0.365791 0.000123 
 0.076506 0.380454 0.019068 
 0.077085 0.389261 0.001835 
 0.079690 0.400996 0.002691 
 0.082295 0.412731 0.003547 
 0.084901 0.424466 0.004403 
 0.087506 0.436201 0.005259 
 0.092182 0.451061 0.024218 
 0.094794 0.462829 0.025076 
 0.097407 0.474597 0.025935 
 0.100020 0.486365 0.026793 
 0.102632 0.498133 0.027652 
 0.105245 0.509901 0.028510 
 0.107858 0.521668 0.029368 
 0.110470 0.533436 0.030227 
 0.113083 0.545204 0.031085 
 0.115696 0.556972 0.031944 
 0.118308 0.568740 0.032802 
 0.120921 0.580508 0.033661 
 0.123534 0.592276 0.034519 
 0.127229 0.605820 0.044445 
 0.128759 0.615812 0.036236 
 0.132462 0.629389 0.046164 
 0.137265 0.644824 0.065165 
 0.137694 0.652957 0.047883 
 0.140311 0.664742 0.048743 
 0.141822 0.674651 0.040528 
 0.145543 0.688310 0.050462 
 0.147048 0.698187 0.042245 
 0.149660 0.709955 0.043103 
 0.152273 0.721723 0.043961 
 -0.144984 -0.615889 0.106467 
 -0.142306 -0.603825 0.107347 
 -0.141709 -0.592072 0.081394 
 -0.140437 -0.580297 0.064380 
 -0.137777 -0.568316 0.065254 
 -0.135822 -0.556487 0.057180 
 -0.133166 -0.544522 0.058053 
 -0.132646 -0.533114 0.032075 
 -0.130000 -0.521198 0.032944 
 -0.127355 -0.509282 0.033813 
 -0.126156 -0.497836 0.016775 
 -0.123518 -0.485953 0.017642 
 -0.120879 -0.474070 0.018509 
 -0.118241 -0.462188 0.019376 
 -0.116341 -0.450605 0.011284 
 -0.113706 -0.438739 0.012150 
 -0.111072 -0.426872 0.013015 
 -0.108437 -0.415006 0.013881 
 -0.107307 -0.403872 -0.003181 
 -0.105436 -0.392421 -0.011282 
 -0.102813 -0.380604 -0.010420 
 -0.100189 -0.368787 -0.009558 
 -0.099099 -0.357834 -0.026632 
 -0.096483 -0.346050 -0.025773 
 -0.093867 -0.334266 -0.024913 
 -0.091250 -0.322481 -0.024054 
 -0.088634 -0.310697 -0.023194 
 -0.086803 -0.299427 -0.031308 
 -0.084190 -0.287659 -0.030450 
 -0.083163 -0.276986 -0.047544 
 -0.080557 -0.265251 -0.046688 
 -0.078752 -0.254096 -0.054811 
 -0.076150 -0.242377 -0.053956 
 -0.073549 -0.230658 -0.053102 
 -0.070947 -0.218940 -0.052247 
 -0.068345 -0.207221 -0.051392 
 -0.067380 -0.196827 -0.068507 
 -0.064785 -0.185142 -0.067655 
 -0.062191 -0.173456 -0.066803 
 -0.060425 -0.162482 -0.074939 
 -0.057835 -0.150812 -0.074087 
 -0.055244 -0.139143 -0.073236 
 -0.052653 -0.127474 -0.072385 
 -0.050062 -0.115805 -0.071534 
 -0.047472 -0.104135 -0.070682 
 -0.044881 -0.092466 -0.069831 
 -0.042290 -0.080797 -0.068980 
 -0.041416 -0.070814 -0.086125 
 -0.038832 -0.059177 -0.085277 
 -0.037114 -0.048417 -0.093428 
 -0.036273 -0.038582 -0.110584 
 -0.033700 -0.026995 -0.109739 
 -0.032004 -0.016333 -0.117897 
 -0.029435 -0.004762 -0.117053 
 -0.026867 0.006809 -0.116209 
 -0.025185 0.017405 -0.124373 
 -0.022620 0.028959 -0.123531 
 -0.021844 0.038498 -0.140708 
 -0.019286 0.050020 -0.139867 
 -0.016728 0.061541 -0.139027 
 -0.014170 0.073063 -0.138187 
 -0.012522 0.083511 -0.146361 
 -0.009054 0.096105 -0.136506 
 -0.004663 0.109839 -0.117631 
 -0.003939 0.119148 -0.134825 
 0.000467 0.132947 -0.115945 
 0.003032 0.144501 -0.115102 
 0.005598 0.156056 -0.114260 
 0.009098 0.168798 -0.104393 
 0.011667 0.180369 -0.103549 
 0.014235 0.191939 -0.102705 
 0.017750 0.204748 -0.092834 
 0.022222 0.218843 -0.073933 
 0.025755 0.231733 -0.064056 
 0.030251 0.245943 -0.045146 
 0.032842 0.257612 -0.044295 
 0.038325 0.273241 -0.016345 
 0.041895 0.286295 -0.006456 
 0.044500 0.298031 -0.005600 
 0.047105 0.309766 -0.004744 
 0.049711 0.321501 -0.003888 
 0.052316 0.333236 -0.003032 
 0.054921 0.344971 -0.002176 
 0.057527 0.356706 -0.001320 
 0.060132 0.368441 -0.000464 
 0.064731 0.383111 0.018479 
 0.067344 0.394879 0.019338 
 0.069957 0.406647 0.020196 
 0.072569 0.418415 0.021055 
 0.075182 0.430182 0.021913 
 0.077795 0.441950 0.022772 
 0.080407 0.453718 0.023630 
 0.083020 0.465486 0.024488 
 0.085633 0.477254 0.025347 
 0.088245 0.489022 0.026205 
 0.090858 0.500790 0.027064 
 0.093471 0.512558 0.027922 
 0.096083 0.524326 0.028780 
 0.098696 0.536093 0.029639 
 0.101309 0.547861 0.030497 
 0.103921 0.559629 0.031356 
 0.106534 0.571397 0.032214 
 0.109147 0.583165 0.033072 
 0.112822 0.596696 0.042996 
 0.115438 0.608481 0.043856 
 0.116984 0.618469 0.035648 
 0.120671 0.632049 0.045575 
 0.122210 0.642005 0.037365 
 0.125903 0.655618 0.047294 
 0.128520 0.667402 0.048154 
 0.130048 0.677308 0.039940 
 0.133752 0.690971 0.049873 
 0.136368 0.702755 0.050733 
 0.137886 0.712612 0.042515 
 0.140498 0.724380 0.043373 
 0.143111 0.736148 0.044232 
 -0.157054 -0.613165 0.105864 
 -0.155724 -0.601283 0.088860 
 -0.155086 -0.589574 0.062907 
 -0.152426 -0.577592 0.063781 
 -0.149766 -0.565611 0.064655 
 -0.147794 -0.553786 0.056582 
 -0.145137 -0.541820 0.057455 
 -0.144569 -0.530423 0.031479 
 -0.141923 -0.518508 0.032349 
 -0.140684 -0.507036 0.015315 
 -0.138046 -0.495153 0.016181 
 -0.135407 -0.483270 0.017048 
 -0.132769 -0.471387 0.017915 
 -0.130849 -0.459793 0.009825 
 -0.128214 -0.447926 0.010691 
 -0.125580 -0.436059 0.011557 
 -0.122945 -0.424193 0.012422 
 -0.120310 -0.412327 0.013288 
 -0.119148 -0.401200 -0.003772 
 -0.117260 -0.389753 -0.011872 
 -0.114637 -0.377936 -0.011010 
 -0.112013 -0.366119 -0.010148 
 -0.110890 -0.355173 -0.027221 
 -0.108274 -0.343389 -0.026362 
 -0.105658 -0.331605 -0.025502 
 -0.103042 -0.319820 -0.024642 
 -0.101190 -0.308538 -0.032755 
 -0.098578 -0.296770 -0.031896 
 -0.097510 -0.286071 -0.048987 
 -0.094905 -0.274336 -0.048131 
 -0.093079 -0.263168 -0.056252 
 -0.090477 -0.251450 -0.055397 
 -0.087876 -0.239731 -0.054542 
 -0.085274 -0.228013 -0.053687 
 -0.082672 -0.216294 -0.052832 
 -0.081666 -0.205875 -0.069944 
 -0.079072 -0.194189 -0.069091 
 -0.076477 -0.182503 -0.068239 
 -0.073883 -0.170817 -0.067386 
 -0.072101 -0.159847 -0.075522 
 -0.069510 -0.148178 -0.074670 
 -0.066920 -0.136508 -0.073819 
 -0.064329 -0.124839 -0.072968 
 -0.061738 -0.113170 -0.072117 
 -0.059147 -0.101501 -0.071266 
 -0.056557 -0.089831 -0.070414 
 -0.055642 -0.079823 -0.087556 
 -0.053059 -0.068186 -0.086707 
 -0.050475 -0.056550 -0.085858 
 -0.048741 -0.045793 -0.094009 
 -0.047867 -0.035965 -0.111163 
 -0.045294 -0.024378 -0.110318 
 -0.043582 -0.013720 -0.118476 
 -0.041013 -0.002150 -0.117631 
 -0.038444 0.009421 -0.116787 
 -0.036746 0.020014 -0.124951 
 -0.035930 0.029578 -0.142124 
 -0.033372 0.041100 -0.141284 
 -0.030814 0.052621 -0.140443 
 -0.028256 0.064142 -0.139603 
 -0.026587 0.074603 -0.147775 
 -0.024033 0.086108 -0.146936 
 -0.020582 0.098706 -0.137081 
 -0.018024 0.110228 -0.136241 
 -0.015466 0.121749 -0.135401 
 -0.012909 0.133271 -0.134560 
 -0.010351 0.144792 -0.133720 
 -0.005963 0.158664 -0.114837 
 -0.003398 0.170219 -0.113994 
 -0.000833 0.181773 -0.113151 
 0.002658 0.194552 -0.103283 
 0.006157 0.207364 -0.093413 
 0.008729 0.218951 -0.092568 
 0.013175 0.233086 -0.073666 
 0.016695 0.245997 -0.063789 
 0.019278 0.257633 -0.062940 
 0.023757 0.271916 -0.044027 
 0.026348 0.283586 -0.043175 
 0.029894 0.296611 -0.033290 
 0.035364 0.312415 -0.005330 
 0.037007 0.322761 -0.013511 
 0.039608 0.334480 -0.012656 
 0.043180 0.347620 -0.002762 
 0.045785 0.359355 -0.001906 
 0.050344 0.374000 0.017033 
 0.052957 0.385768 0.017891 
 0.055569 0.397536 0.018750 
 0.058182 0.409304 0.019608 
 0.060795 0.421072 0.020467 
 0.064402 0.434377 0.030373 
 0.067019 0.446161 0.031232 
 0.069635 0.457945 0.032092 
 0.074263 0.472902 0.051054 
 0.074868 0.481514 0.033811 
 0.077484 0.493298 0.034671 
 0.080100 0.505083 0.035530 
 0.081696 0.515215 0.027334 
 0.084309 0.526983 0.028192 
 0.086921 0.538750 0.029051 
 0.089534 0.550518 0.029909 
 0.092147 0.562286 0.030768 
 0.094759 0.574054 0.031626 
 0.097372 0.585822 0.032484 
 0.101031 0.599357 0.042407 
 0.102597 0.609358 0.034201 
 0.105210 0.621126 0.035060 
 0.107823 0.632894 0.035918 
 0.110435 0.644662 0.036777 
 0.113048 0.656429 0.037635 
 0.116728 0.670063 0.047565 
 0.118273 0.679965 0.039352 
 0.120886 0.691733 0.040210 
 0.124577 0.705416 0.050144 
 0.126111 0.715269 0.041927 
 0.128724 0.727037 0.042785 
 0.131336 0.738805 0.043644 
 0.135043 0.752553 0.053582 
 0.137659 0.764338 0.054442 
 -0.169125 -0.610441 0.105261 
 -0.166447 -0.598378 0.106141 
 -0.165752 -0.586647 0.080193 
 -0.164414 -0.574887 0.063182 
 -0.161754 -0.562905 0.064056 
 -0.159766 -0.551084 0.055984 
 -0.157109 -0.539119 0.056857 
 -0.156491 -0.527733 0.030884 
 -0.155212 -0.516236 0.013854 
 -0.152573 -0.504353 0.014721 
 -0.149935 -0.492470 0.015588 
 -0.147297 -0.480587 0.016454 
 -0.144659 -0.468704 0.017321 
 -0.142021 -0.456822 0.018188 
 -0.140087 -0.445247 0.010098 
 -0.137453 -0.433380 0.010964 
 -0.134818 -0.421514 0.011829 
 -0.133615 -0.410362 -0.005226 
 -0.131708 -0.398902 -0.013325 
 -0.129084 -0.387085 -0.012463 
 -0.126460 -0.375268 -0.011601 
 -0.125298 -0.364297 -0.028670 
 -0.122681 -0.352513 -0.027810 
 -0.120065 -0.340728 -0.026951 
 -0.117449 -0.328944 -0.026091 
 -0.115578 -0.317649 -0.034201 
 -0.112965 -0.305881 -0.033343 
 -0.110352 -0.294113 -0.032485 
 -0.109252 -0.283421 -0.049573 
 -0.106646 -0.271686 -0.048717 
 -0.104804 -0.260522 -0.056837 
 -0.102202 -0.248804 -0.055982 
 -0.099601 -0.237085 -0.055128 
 -0.098548 -0.226607 -0.072232 
 -0.095953 -0.214922 -0.071380 
 -0.093359 -0.203236 -0.070528 
 -0.090764 -0.191550 -0.069675 
 -0.088170 -0.179865 -0.068823 
 -0.085575 -0.168179 -0.067970 
 -0.083777 -0.157212 -0.076105 
 -0.081186 -0.145543 -0.075254 
 -0.078596 -0.133874 -0.074402 
 -0.076005 -0.122204 -0.073551 
 -0.073414 -0.110535 -0.072700 
 -0.070823 -0.098866 -0.071849 
 -0.068233 -0.087197 -0.070997 
 -0.067285 -0.077195 -0.088137 
 -0.064702 -0.065559 -0.087288 
 -0.062118 -0.053923 -0.086440 
 -0.060367 -0.043170 -0.094589 
 -0.059460 -0.033349 -0.111742 
 -0.056888 -0.021762 -0.110897 
 -0.054315 -0.010175 -0.110051 
 -0.052590 0.000463 -0.118210 
 -0.050021 0.012034 -0.117366 
 -0.048307 0.022622 -0.125528 
 -0.047458 0.032180 -0.142700 
 -0.045762 0.042686 -0.150868 
 -0.043207 0.054191 -0.150028 
 -0.040653 0.065696 -0.149189 
 -0.038099 0.077201 -0.148350 
 -0.035545 0.088706 -0.147511 
 -0.032990 0.100211 -0.146671 
 -0.029552 0.112829 -0.136817 
 -0.027882 0.123221 -0.144993 
 -0.025327 0.134726 -0.144154 
 -0.021879 0.147393 -0.134295 
 -0.019321 0.158915 -0.133455 
 -0.014959 0.172827 -0.114571 
 -0.012393 0.184381 -0.113729 
 -0.008919 0.197164 -0.103861 
 -0.005437 0.209980 -0.093992 
 -0.002865 0.221567 -0.093147 
 0.001548 0.235710 -0.074247 
 0.004128 0.247330 -0.073399 
 0.006708 0.258950 -0.072551 
 0.009288 0.270570 -0.071704 
 0.011868 0.282190 -0.070856 
 0.012570 0.291090 -0.088076 
 0.019853 0.309559 -0.042056 
 0.020553 0.318442 -0.059277 
 0.027883 0.337125 -0.013242 
 0.031438 0.350270 -0.003348 
 0.034043 0.362005 -0.002492 
 0.038569 0.376657 0.016445 
 0.041182 0.388425 0.017303 
 0.043795 0.400193 0.018162 
 0.047379 0.413469 0.028065 
 0.049995 0.425253 0.028924 
 0.052611 0.437037 0.029784 
 0.055228 0.448822 0.030643 
 0.057844 0.460606 0.031503 
 0.062439 0.475571 0.050464 
 0.065063 0.487388 0.051326 
 0.065693 0.495959 0.034082 
 0.068309 0.507743 0.034941 
 0.070926 0.519528 0.035801 
 0.073542 0.531312 0.036661 
 0.076158 0.543096 0.037520 
 0.078774 0.554881 0.038380 
 0.081391 0.566665 0.039240 
 0.084007 0.578449 0.040099 
 0.085597 0.588479 0.031896 
 0.089240 0.602018 0.041818 
 0.091856 0.613802 0.042678 
 0.093435 0.623783 0.034472 
 0.096048 0.635551 0.035330 
 0.098661 0.647319 0.036188 
 0.101273 0.659086 0.037047 
 0.103886 0.670854 0.037905 
 0.106499 0.682622 0.038764 
 0.109111 0.694390 0.039622 
 0.111724 0.706158 0.040481 
 0.114337 0.717926 0.041339 
 0.116949 0.729694 0.042197 
 0.119562 0.741462 0.043056 
 0.123252 0.755214 0.052993 
 0.125868 0.766999 0.053853 
 0.128484 0.778783 0.054713 
 -0.181196 -0.607718 0.104658 
 -0.179799 -0.595850 0.087657 
 -0.179062 -0.584163 0.061710 
 -0.176402 -0.572182 0.062584 
 -0.173742 -0.560200 0.063458 
 -0.171738 -0.548382 0.055386 
 -0.169081 -0.536417 0.056259 
 -0.168414 -0.525043 0.030289 
 -0.167101 -0.513553 0.013260 
 -0.164463 -0.501670 0.014127 
 -0.161825 -0.489787 0.014994 
 -0.159187 -0.477904 0.015861 
 -0.156549 -0.466021 0.016727 
 -0.153910 -0.454138 0.017594 
 -0.151961 -0.442567 0.009505 
 -0.149326 -0.430701 0.010371 
 -0.146692 -0.418834 0.011236 
 -0.145456 -0.407690 -0.005818 
 -0.142829 -0.395857 -0.004955 
 -0.140908 -0.384417 -0.013053 
 -0.138284 -0.372600 -0.012191 
 -0.135661 -0.360782 -0.011329 
 -0.133037 -0.348965 -0.010467 
 -0.131856 -0.338068 -0.027539 
 -0.129240 -0.326283 -0.026680 
 -0.127352 -0.314992 -0.034789 
 -0.124740 -0.303224 -0.033931 
 -0.122127 -0.291456 -0.033073 
 -0.120993 -0.280772 -0.050160 
 -0.118388 -0.269037 -0.049304 
 -0.116529 -0.257877 -0.057423 
 -0.113928 -0.246158 -0.056568 
 -0.111326 -0.234439 -0.055713 
 -0.110240 -0.223969 -0.072816 
 -0.107645 -0.212283 -0.071964 
 -0.105051 -0.200598 -0.071112 
 -0.102457 -0.188912 -0.070259 
 -0.099862 -0.177226 -0.069407 
 -0.097268 -0.165540 -0.068554 
 -0.095453 -0.154577 -0.076688 
 -0.092862 -0.142908 -0.075837 
 -0.090272 -0.131239 -0.074985 
 -0.087681 -0.119570 -0.074134 
 -0.085090 -0.107900 -0.073283 
 -0.082499 -0.096231 -0.072432 
 -0.079909 -0.084562 -0.071581 
 -0.077318 -0.072893 -0.070729 
 -0.076345 -0.062932 -0.087870 
 -0.073761 -0.051295 -0.087021 
 -0.071994 -0.040546 -0.095170 
 -0.069414 -0.028926 -0.094322 
 -0.068481 -0.019146 -0.111476 
 -0.066736 -0.008495 -0.119632 
 -0.064167 0.003076 -0.118788 
 -0.062433 0.013677 -0.126948 
 -0.059867 0.025231 -0.126106 
 -0.058986 0.034781 -0.143275 
 -0.056428 0.046302 -0.142435 
 -0.054719 0.056789 -0.150603 
 -0.051312 0.069345 -0.140754 
 -0.049610 0.079799 -0.148925 
 -0.047056 0.091303 -0.148086 
 -0.043638 0.103909 -0.138233 
 -0.041080 0.115431 -0.137392 
 -0.039393 0.125818 -0.145568 
 -0.035964 0.138473 -0.135712 
 -0.033406 0.149995 -0.134871 
 -0.030848 0.161516 -0.134031 
 -0.028291 0.173037 -0.133190 
 -0.023954 0.186990 -0.114306 
 -0.021389 0.198545 -0.113463 
 -0.017927 0.211347 -0.103595 
 -0.015358 0.222918 -0.102751 
 -0.011886 0.235770 -0.092881 
 -0.009313 0.247357 -0.092035 
 -0.006741 0.258944 -0.091190 
 -0.004168 0.270532 -0.090345 
 0.000241 0.284813 -0.071437 
 0.000977 0.293706 -0.088655 
 0.005401 0.308053 -0.069741 
 0.008910 0.321070 -0.059859 
 0.011493 0.332706 -0.059010 
 0.018760 0.351490 -0.012972 
 0.021361 0.363208 -0.012118 
 0.026795 0.379314 0.015857 
 0.029407 0.391082 0.016715 
 0.032020 0.402850 0.017574 
 0.035588 0.416129 0.027476 
 0.037245 0.426386 0.019291 
 0.040820 0.439698 0.029195 
 0.043437 0.451482 0.030055 
 0.047992 0.466421 0.049011 
 0.050615 0.478239 0.049873 
 0.053239 0.490056 0.050735 
 0.055863 0.501873 0.051597 
 0.058486 0.513690 0.052459 
 0.059134 0.522188 0.035212 
 0.061751 0.533973 0.036072 
 0.064367 0.545757 0.036931 
 0.066983 0.557541 0.037791 
 0.069600 0.569325 0.038651 
 0.072216 0.581110 0.039510 
 0.073823 0.591136 0.031308 
 0.077449 0.604679 0.041229 
 0.080065 0.616463 0.042089 
 0.081661 0.626440 0.033884 
 0.084273 0.638208 0.034742 
 0.086886 0.649976 0.035600 
 0.089499 0.661743 0.036459 
 0.092111 0.673511 0.037317 
 0.094724 0.685279 0.038176 
 0.097337 0.697047 0.039034 
 0.099949 0.708815 0.039892 
 0.102562 0.720583 0.040751 
 0.105175 0.732351 0.041609 
 0.107787 0.744119 0.042468 
 0.111461 0.757875 0.052404 
 0.116206 0.773668 0.071423 
 0.118829 0.785486 0.072286 
 0.121453 0.797303 0.073148 
 -0.193266 -0.604994 0.104055 
 -0.190588 -0.592930 0.104935 
 -0.189794 -0.581221 0.078993 
 -0.188391 -0.569476 0.061985 
 -0.185731 -0.557495 0.062859 
 -0.183710 -0.545681 0.054788 
 -0.181053 -0.533716 0.055661 
 -0.180336 -0.522352 0.029693 
 -0.178991 -0.510870 0.012666 
 -0.176353 -0.498987 0.013533 
 -0.173715 -0.487104 0.014400 
 -0.171076 -0.475221 0.015267 
 -0.168438 -0.463338 0.016134 
 -0.166468 -0.451755 0.008047 
 -0.163834 -0.439888 0.008912 
 -0.161199 -0.428022 0.009778 
 -0.159923 -0.416852 -0.007272 
 -0.157296 -0.405018 -0.006409 
 -0.154669 -0.393185 -0.005546 
 -0.152732 -0.381749 -0.013644 
 -0.150108 -0.369932 -0.012782 
 -0.147485 -0.358114 -0.011920 
 -0.144861 -0.346297 -0.011058 
 -0.143647 -0.335407 -0.028128 
 -0.141031 -0.323623 -0.027269 
 -0.139127 -0.312335 -0.035377 
 -0.136514 -0.300567 -0.034519 
 -0.133901 -0.288799 -0.033661 
 -0.132735 -0.278122 -0.050746 
 -0.130130 -0.266387 -0.049890 
 -0.127524 -0.254652 -0.049034 
 -0.125653 -0.243512 -0.057154 
 -0.123051 -0.231793 -0.056299 
 -0.120450 -0.220075 -0.055444 
 -0.119338 -0.209645 -0.072548 
 -0.116743 -0.197959 -0.071696 
 -0.114149 -0.186273 -0.070843 
 -0.111555 -0.174588 -0.069991 
 -0.108960 -0.162902 -0.069138 
 -0.107129 -0.151943 -0.077271 
 -0.104538 -0.140273 -0.076420 
 -0.101947 -0.128604 -0.075569 
 -0.099357 -0.116935 -0.074717 
 -0.096766 -0.105266 -0.073866 
 -0.094175 -0.093596 -0.073015 
 -0.091584 -0.081927 -0.072164 
 -0.088994 -0.070258 -0.071312 
 -0.087988 -0.060304 -0.088451 
 -0.085404 -0.048668 -0.087603 
 -0.083621 -0.037922 -0.095751 
 -0.081041 -0.026302 -0.094903 
 -0.080075 -0.016530 -0.112055 
 -0.077503 -0.004943 -0.111209 
 -0.075744 0.005688 -0.119366 
 -0.073993 0.016286 -0.127526 
 -0.071428 0.027840 -0.126683 
 -0.068863 0.039394 -0.125840 
 -0.067956 0.048904 -0.143011 
 -0.065398 0.060425 -0.142170 
 -0.062840 0.071946 -0.141330 
 -0.060282 0.083468 -0.140489 
 -0.057724 0.094989 -0.139649 
 -0.055166 0.106511 -0.138809 
 -0.052608 0.118032 -0.137968 
 -0.050050 0.129553 -0.137128 
 -0.047492 0.141075 -0.136287 
 -0.044934 0.152596 -0.135447 
 -0.042376 0.164117 -0.134606 
 -0.038080 0.178045 -0.115726 
 -0.035515 0.189599 -0.114883 
 -0.032074 0.202389 -0.105018 
 -0.029505 0.213960 -0.104174 
 -0.026936 0.225531 -0.103330 
 -0.024367 0.237101 -0.102486 
 -0.020907 0.249974 -0.092614 
 -0.018335 0.261561 -0.091769 
 -0.015762 0.273148 -0.090924 
 -0.013189 0.284735 -0.090079 
 -0.010617 0.296322 -0.089234 
 -0.006226 0.310677 -0.070322 
 -0.002733 0.323697 -0.060440 
 0.001683 0.338167 -0.041520 
 0.005194 0.351269 -0.031632 
 0.007789 0.362955 -0.030779 
 0.010383 0.374641 -0.029927 
 0.015771 0.390774 -0.001953 
 0.018376 0.402509 -0.001097 
 0.022858 0.417275 0.017844 
 0.025471 0.429043 0.018703 
 0.028084 0.440811 0.019561 
 0.031646 0.454143 0.029466 
 0.034262 0.465927 0.030325 
 0.038792 0.480907 0.049283 
 0.039495 0.489496 0.032045 
 0.042111 0.501280 0.032904 
 0.046662 0.516358 0.051869 
 0.047343 0.524849 0.034623 
 0.049960 0.536633 0.035483 
 0.054533 0.551810 0.054455 
 0.055192 0.560202 0.037202 
 0.057809 0.571986 0.038062 
 0.062404 0.587261 0.057041 
 0.063041 0.595555 0.039781 
 0.065658 0.607339 0.040641 
 0.068274 0.619124 0.041500 
 0.070890 0.630908 0.042360 
 0.072499 0.640865 0.034154 
 0.075111 0.652633 0.035012 
 0.077724 0.664400 0.035871 
 0.080337 0.676168 0.036729 
 0.082949 0.687936 0.037588 
 0.085562 0.699704 0.038446 
 0.088175 0.711472 0.039304 
 0.090787 0.723240 0.040163 
 0.093400 0.735008 0.041021 
 0.096013 0.746776 0.041880 
 0.099670 0.760536 0.051816 
 0.102286 0.772320 0.052675 
 0.107005 0.788154 0.071695 
 0.107519 0.795889 0.054394 
 0.110135 0.807673 0.055254 
 -0.205337 -0.602270 0.103453 
 -0.202658 -0.590206 0.104333 
 -0.201816 -0.578509 0.078392 
 -0.200379 -0.566771 0.061386 
 -0.197719 -0.554790 0.062260 
 -0.195682 -0.542979 0.054191 
 -0.193025 -0.531014 0.055063 
 -0.192259 -0.519662 0.029098 
 -0.190881 -0.508187 0.012073 
 -0.188243 -0.496304 0.012940 
 -0.185604 -0.484421 0.013806 
 -0.182966 -0.472538 0.014673 
 -0.180328 -0.460655 0.015540 
 -0.178342 -0.449075 0.007454 
 -0.175707 -0.437209 0.008319 
 -0.173072 -0.425342 0.009185 
 -0.171764 -0.414180 -0.007864 
 -0.169136 -0.402346 -0.007000 
 -0.166509 -0.390513 -0.006137 
 -0.164556 -0.379081 -0.014234 
 -0.161932 -0.367263 -0.013372 
 -0.159309 -0.355446 -0.012510 
 -0.156685 -0.343629 -0.011648 
 -0.155438 -0.332746 -0.028717 
 -0.152822 -0.320962 -0.027857 
 -0.150901 -0.309677 -0.035965 
 -0.148289 -0.297910 -0.035107 
 -0.145676 -0.286142 -0.034249 
 -0.144477 -0.275473 -0.051332 
 -0.141871 -0.263738 -0.050476 
 -0.139266 -0.252003 -0.049620 
 -0.137378 -0.240866 -0.057739 
 -0.134776 -0.229148 -0.056884 
 -0.133625 -0.218692 -0.073984 
 -0.131030 -0.207006 -0.073132 
 -0.128436 -0.195321 -0.072279 
 -0.125841 -0.183635 -0.071427 
 -0.123247 -0.171949 -0.070575 
 -0.120652 -0.160263 -0.069722 
 -0.118058 -0.148578 -0.068870 
 -0.115464 -0.136892 -0.068017 
 -0.113623 -0.125969 -0.076152 
 -0.111033 -0.114300 -0.075300 
 -0.108442 -0.102631 -0.074449 
 -0.105851 -0.090962 -0.073598 
 -0.103260 -0.079292 -0.072747 
 -0.102214 -0.069313 -0.089882 
 -0.099631 -0.057677 -0.089033 
 -0.097047 -0.046041 -0.088184 
 -0.095247 -0.035299 -0.096331 
 -0.092667 -0.023679 -0.095484 
 -0.091669 -0.013913 -0.112634 
 -0.089890 -0.003270 -0.120788 
 -0.087322 0.008301 -0.119944 
 -0.085554 0.018895 -0.128103 
 -0.082989 0.030449 -0.127260 
 -0.080424 0.042003 -0.126417 
 -0.077859 0.053557 -0.125575 
 -0.076926 0.063027 -0.142746 
 -0.072728 0.076666 -0.123889 
 -0.071810 0.086069 -0.141065 
 -0.069252 0.097591 -0.140225 
 -0.066694 0.109112 -0.139384 
 -0.062467 0.122883 -0.120518 
 -0.061578 0.132155 -0.137703 
 -0.059020 0.143676 -0.136863 
 -0.056462 0.155197 -0.136023 
 -0.052206 0.169099 -0.117146 
 -0.049641 0.180654 -0.116303 
 -0.046220 0.193431 -0.106440 
 -0.043651 0.205002 -0.105596 
 -0.041082 0.216572 -0.104752 
 -0.037646 0.229416 -0.094884 
 -0.035073 0.241003 -0.094039 
 -0.032501 0.252590 -0.093193 
 -0.029928 0.264177 -0.092348 
 -0.027356 0.275764 -0.091503 
 -0.024783 0.287351 -0.090658 
 -0.020432 0.301681 -0.071750 
 -0.017852 0.313300 -0.070903 
 -0.014376 0.326324 -0.061022 
 -0.009993 0.340802 -0.042103 
 -0.007402 0.352471 -0.041252 
 -0.003904 0.365594 -0.031363 
 0.001424 0.381689 -0.003396 
 0.003114 0.391937 -0.011579 
 0.006634 0.405159 -0.001684 
 0.011084 0.419932 0.017256 
 0.013696 0.431700 0.018115 
 0.017238 0.445020 0.028017 
 0.018922 0.455235 0.019831 
 0.022471 0.468588 0.029736 
 0.025087 0.480372 0.030596 
 0.027704 0.492157 0.031456 
 0.030320 0.503941 0.032315 
 0.032936 0.515725 0.033175 
 0.035552 0.527510 0.034034 
 0.038169 0.539294 0.034894 
 0.042709 0.554478 0.053864 
 0.045333 0.566295 0.054726 
 0.047956 0.578112 0.055588 
 0.050580 0.589930 0.056450 
 0.051250 0.598216 0.039192 
 0.055827 0.613564 0.058174 
 0.056483 0.621784 0.040911 
 0.059099 0.633569 0.041771 
 0.061716 0.645353 0.042631 
 0.063337 0.655290 0.034424 
 0.065950 0.667057 0.035283 
 0.068562 0.678825 0.036141 
 0.071175 0.690593 0.037000 
 0.073788 0.702361 0.037858 
 0.076400 0.714129 0.038716 
 0.079013 0.725897 0.039575 
 0.082646 0.739628 0.049507 
 0.085262 0.751412 0.050367 
 0.087879 0.763196 0.051227 
 0.092558 0.779005 0.070242 
 0.093111 0.786765 0.052946 
 0.095728 0.798549 0.053806 
 0.098344 0.810334 0.054665 
 0.100960 0.822118 0.055525 
 -0.217407 -0.599546 0.102850 
 -0.214729 -0.587482 0.103730 
 -0.213837 -0.575796 0.077792 
 -0.212367 -0.564066 0.060787 
 -0.209707 -0.552084 0.061661 
 -0.207654 -0.540278 0.053593 
 -0.204997 -0.528313 0.054465 
 -0.204181 -0.516971 0.028502 
 -0.201536 -0.505055 0.029372 
 -0.200132 -0.493621 0.012346 
 -0.197494 -0.481738 0.013213 
 -0.194856 -0.469855 0.014079 
 -0.192218 -0.457972 0.014946 
 -0.190215 -0.446396 0.006861 
 -0.187580 -0.434529 0.007726 
 -0.184946 -0.422663 0.008592 
 -0.182311 -0.410796 0.009457 
 -0.179677 -0.398930 0.010323 
 -0.178350 -0.387841 -0.006729 
 -0.175722 -0.376007 -0.005865 
 -0.173756 -0.364595 -0.013963 
 -0.171132 -0.352778 -0.013101 
 -0.168509 -0.340961 -0.012239 
 -0.167229 -0.330085 -0.029306 
 -0.164613 -0.318301 -0.028446 
 -0.162676 -0.307020 -0.036553 
 -0.160063 -0.295253 -0.035695 
 -0.157451 -0.283485 -0.034837 
 -0.156218 -0.272823 -0.051919 
 -0.153613 -0.261088 -0.051063 
 -0.151705 -0.249939 -0.059180 
 -0.149103 -0.238220 -0.058325 
 -0.146502 -0.226502 -0.057470 
 -0.143900 -0.214783 -0.056615 
 -0.142722 -0.204368 -0.073716 
 -0.140128 -0.192682 -0.072863 
 -0.137534 -0.180996 -0.072011 
 -0.134939 -0.169311 -0.071159 
 -0.132345 -0.157625 -0.070306 
 -0.129750 -0.145939 -0.069454 
 -0.127890 -0.135004 -0.077586 
 -0.125299 -0.123335 -0.076735 
 -0.122708 -0.111665 -0.075884 
 -0.120118 -0.099996 -0.075032 
 -0.117527 -0.088327 -0.074181 
 -0.116441 -0.078322 -0.091312 
 -0.113857 -0.066686 -0.090463 
 -0.112033 -0.055915 -0.098607 
 -0.109454 -0.044295 -0.097760 
 -0.106874 -0.032675 -0.096912 
 -0.105835 -0.022884 -0.114058 
 -0.103262 -0.011297 -0.113213 
 -0.100690 0.000290 -0.112367 
 -0.098899 0.010913 -0.120522 
 -0.096330 0.022484 -0.119678 
 -0.094550 0.033058 -0.127838 
 -0.091192 0.045625 -0.117990 
 -0.089419 0.056166 -0.126152 
 -0.086854 0.067720 -0.125309 
 -0.084289 0.079274 -0.124466 
 -0.081724 0.090829 -0.123623 
 -0.079158 0.102383 -0.122781 
 -0.076593 0.113937 -0.121938 
 -0.074028 0.125491 -0.121095 
 -0.073106 0.134756 -0.138279 
 -0.070548 0.146277 -0.137439 
 -0.066332 0.160154 -0.118567 
 -0.062935 0.172902 -0.108706 
 -0.060366 0.184473 -0.107862 
 -0.057797 0.196044 -0.107018 
 -0.055228 0.207614 -0.106174 
 -0.051812 0.220445 -0.096308 
 -0.049239 0.232032 -0.095463 
 -0.046667 0.243619 -0.094618 
 -0.044094 0.255206 -0.093772 
 -0.041522 0.266793 -0.092927 
 -0.038949 0.278380 -0.092082 
 -0.034639 0.292684 -0.073179 
 -0.032059 0.304304 -0.072331 
 -0.028603 0.317315 -0.062452 
 -0.024259 0.331767 -0.043537 
 -0.021669 0.343436 -0.042686 
 -0.019078 0.355106 -0.041835 
 -0.015596 0.368232 -0.031947 
 -0.011213 0.382865 -0.013020 
 -0.008611 0.394583 -0.012165 
 -0.006009 0.406302 -0.011310 
 -0.002502 0.419543 -0.001414 
 0.000103 0.431278 -0.000558 
 0.004534 0.446125 0.018385 
 0.007147 0.457892 0.019243 
 0.009760 0.469660 0.020102 
 0.013296 0.483033 0.030007 
 0.015913 0.494818 0.030867 
 0.018529 0.506602 0.031726 
 0.023015 0.521695 0.050688 
 0.023761 0.530170 0.033446 
 0.028262 0.545329 0.052412 
 0.030885 0.557146 0.053274 
 0.033509 0.568963 0.054136 
 0.037086 0.582517 0.064055 
 0.039713 0.594351 0.064918 
 0.041380 0.604415 0.056722 
 0.044967 0.618018 0.066644 
 0.046627 0.628049 0.058446 
 0.049251 0.639867 0.059308 
 0.051874 0.651684 0.060170 
 0.052541 0.659798 0.042901 
 0.055157 0.671582 0.043761 
 0.057773 0.683367 0.044621 
 0.060390 0.695151 0.045480 
 0.063006 0.706935 0.046340 
 0.065622 0.718720 0.047199 
 0.068239 0.730504 0.048059 
 0.070855 0.742288 0.048919 
 0.073471 0.754073 0.049778 
 0.076088 0.765857 0.050638 
 0.078704 0.777641 0.051497 
 0.083357 0.793490 0.070514 
 0.085981 0.805307 0.071376 
 0.088605 0.817125 0.072238 
 0.092258 0.831023 0.082182 
 0.094885 0.842857 0.083045 
 -0.229478 -0.596822 0.102247 
 -0.226800 -0.584759 0.103127 
 -0.225858 -0.573083 0.077191 
 -0.224356 -0.561360 0.060189 
 -0.221696 -0.549379 0.061063 
 -0.219625 -0.537576 0.052995 
 -0.216969 -0.525611 0.053868 
 -0.215507 -0.514069 0.036851 
 -0.213458 -0.502365 0.028776 
 -0.210813 -0.490449 0.029645 
 -0.209384 -0.479055 0.012619 
 -0.206745 -0.467172 0.013486 
 -0.204107 -0.455289 0.014352 
 -0.201469 -0.443406 0.015219 
 -0.199454 -0.431850 0.007133 
 -0.196819 -0.419984 0.007999 
 -0.194184 -0.408117 0.008864 
 -0.191550 -0.396251 0.009730 
 -0.190190 -0.385169 -0.007320 
 -0.187563 -0.373335 -0.006457 
 -0.185580 -0.361927 -0.014553 
 -0.182956 -0.350110 -0.013691 
 -0.181636 -0.339209 -0.030754 
 -0.179020 -0.327425 -0.029895 
 -0.177063 -0.316131 -0.038000 
 -0.174450 -0.304363 -0.037142 
 -0.171838 -0.292596 -0.036283 
 -0.169225 -0.280828 -0.035425 
 -0.167960 -0.270173 -0.052505 
 -0.165355 -0.258438 -0.051649 
 -0.163430 -0.247293 -0.059765 
 -0.160829 -0.235574 -0.058910 
 -0.158227 -0.223856 -0.058055 
 -0.157009 -0.213415 -0.075152 
 -0.154415 -0.201729 -0.074300 
 -0.151820 -0.190044 -0.073447 
 -0.149226 -0.178358 -0.072595 
 -0.146632 -0.166672 -0.071742 
 -0.144037 -0.154986 -0.070890 
 -0.141443 -0.143301 -0.070038 
 -0.138848 -0.131615 -0.069185 
 -0.136975 -0.120700 -0.077318 
 -0.134384 -0.109031 -0.076467 
 -0.131794 -0.097361 -0.075615 
 -0.129203 -0.085692 -0.074764 
 -0.128084 -0.075695 -0.091893 
 -0.126240 -0.064911 -0.100036 
 -0.123660 -0.053291 -0.099188 
 -0.121080 -0.041671 -0.098340 
 -0.120001 -0.031855 -0.115482 
 -0.117429 -0.020268 -0.114637 
 -0.114856 -0.008681 -0.113792 
 -0.112284 0.002906 -0.112946 
 -0.110476 0.013526 -0.121101 
 -0.107907 0.025096 -0.120257 
 -0.105338 0.036667 -0.119413 
 -0.102769 0.048237 -0.118569 
 -0.100201 0.059808 -0.117724 
 -0.097632 0.071379 -0.116880 
 -0.095063 0.082949 -0.116036 
 -0.092494 0.094520 -0.115192 
 -0.089925 0.106091 -0.114348 
 -0.087356 0.117662 -0.113504 
 -0.084787 0.129232 -0.112660 
 -0.083024 0.139654 -0.120830 
 -0.080458 0.151209 -0.119987 
 -0.077081 0.163944 -0.110128 
 -0.073696 0.176712 -0.100268 
 -0.069484 0.190728 -0.081388 
 -0.068551 0.199887 -0.098578 
 -0.065978 0.211474 -0.097732 
 -0.061744 0.225588 -0.078845 
 -0.059164 0.237208 -0.077997 
 -0.056585 0.248828 -0.077150 
 -0.054005 0.260448 -0.076302 
 -0.051425 0.272068 -0.075455 
 -0.048845 0.283688 -0.074607 
 -0.046265 0.295308 -0.073759 
 -0.042829 0.308306 -0.063882 
 -0.040246 0.319943 -0.063033 
 -0.035935 0.334402 -0.044120 
 -0.032477 0.347499 -0.034236 
 -0.029883 0.359185 -0.033384 
 -0.025540 0.373792 -0.014460 
 -0.022060 0.386988 -0.004568 
 -0.020336 0.397229 -0.012750 
 -0.017734 0.408948 -0.011895 
 -0.014244 0.422193 -0.002000 
 -0.011638 0.433928 -0.001144 
 -0.009033 0.445663 -0.000288 
 -0.004627 0.460549 0.018655 
 -0.002015 0.472317 0.019514 
 0.000598 0.484085 0.020372 
 0.003211 0.495853 0.021231 
 0.005823 0.507621 0.022089 
 0.009354 0.521047 0.031997 
 0.011970 0.532831 0.032857 
 0.016438 0.547997 0.051821 
 0.019061 0.559814 0.052683 
 0.022618 0.573355 0.062600 
 0.025245 0.585189 0.063463 
 0.027872 0.597023 0.064326 
 0.030500 0.608856 0.065190 
 0.033127 0.620690 0.066053 
 0.034803 0.630718 0.057855 
 0.037427 0.642535 0.058717 
 0.040050 0.654352 0.059579 
 0.042674 0.666169 0.060441 
 0.043366 0.674243 0.043172 
 0.047921 0.689804 0.062165 
 0.048599 0.697812 0.044891 
 0.053168 0.713438 0.063889 
 0.055792 0.725255 0.064751 
 0.056448 0.733165 0.047470 
 0.059064 0.744949 0.048330 
 0.061680 0.756733 0.049189 
 0.064297 0.768518 0.050049 
 0.068910 0.784341 0.069061 
 0.071534 0.796158 0.069924 
 0.074157 0.807976 0.070786 
 0.076781 0.819793 0.071648 
 0.079404 0.831610 0.072510 
 0.082028 0.843427 0.073372 
 0.084652 0.855244 0.074234 
 -0.241549 -0.594098 0.101644 
 -0.238870 -0.582035 0.102524 
 -0.237317 -0.570237 0.085529 
 -0.235212 -0.558356 0.077467 
 -0.233684 -0.546674 0.060464 
 -0.231024 -0.534692 0.061338 
 -0.228941 -0.522909 0.053270 
 -0.226284 -0.510944 0.054142 
 -0.224797 -0.499443 0.037125 
 -0.222148 -0.487511 0.037996 
 -0.220090 -0.475843 0.029919 
 -0.217445 -0.463927 0.030788 
 -0.215997 -0.452606 0.013759 
 -0.213359 -0.440723 0.014625 
 -0.210721 -0.428840 0.015492 
 -0.208692 -0.417304 0.007406 
 -0.206058 -0.405438 0.008271 
 -0.203423 -0.393571 0.009137 
 -0.200789 -0.381705 0.010003 
 -0.198154 -0.369838 0.010868 
 -0.196776 -0.358830 -0.006185 
 -0.194780 -0.347442 -0.014282 
 -0.193428 -0.336548 -0.031343 
 -0.190811 -0.324764 -0.030484 
 -0.188195 -0.312980 -0.029624 
 -0.186225 -0.301706 -0.037730 
 -0.183612 -0.289938 -0.036871 
 -0.181000 -0.278171 -0.036013 
 -0.178387 -0.266403 -0.035154 
 -0.177096 -0.255789 -0.052236 
 -0.174491 -0.244054 -0.051380 
 -0.172554 -0.232928 -0.059496 
 -0.171296 -0.222462 -0.076588 
 -0.168702 -0.210777 -0.075736 
 -0.166107 -0.199091 -0.074884 
 -0.163513 -0.187405 -0.074031 
 -0.160918 -0.175719 -0.073179 
 -0.158324 -0.164034 -0.072326 
 -0.155730 -0.152348 -0.071474 
 -0.153135 -0.140662 -0.070622 
 -0.150541 -0.128977 -0.069769 
 -0.147946 -0.117291 -0.068917 
 -0.146060 -0.106396 -0.077050 
 -0.143470 -0.094727 -0.076199 
 -0.142310 -0.084704 -0.093324 
 -0.139727 -0.073068 -0.092475 
 -0.137866 -0.062288 -0.100616 
 -0.135287 -0.050668 -0.099769 
 -0.132707 -0.039048 -0.098921 
 -0.131595 -0.029239 -0.116061 
 -0.129022 -0.017652 -0.115216 
 -0.126450 -0.006065 -0.114371 
 -0.123877 0.005522 -0.113525 
 -0.122053 0.016138 -0.121679 
 -0.119484 0.027709 -0.120835 
 -0.116916 0.039279 -0.119991 
 -0.114347 0.050850 -0.119147 
 -0.111778 0.062421 -0.118303 
 -0.109209 0.073991 -0.117459 
 -0.106640 0.085562 -0.116615 
 -0.104071 0.097133 -0.115771 
 -0.101502 0.108703 -0.114927 
 -0.098152 0.121393 -0.105073 
 -0.095579 0.132980 -0.104228 
 -0.093796 0.143415 -0.112394 
 -0.091227 0.154986 -0.111550 
 -0.087862 0.167742 -0.101692 
 -0.083690 0.181732 -0.082816 
 -0.080307 0.194570 -0.072952 
 -0.078530 0.204972 -0.081121 
 -0.075951 0.216592 -0.080273 
 -0.072557 0.229479 -0.070405 
 -0.069973 0.241115 -0.069557 
 -0.067390 0.252752 -0.068708 
 -0.064806 0.264388 -0.067859 
 -0.062223 0.276024 -0.067010 
 -0.059639 0.287661 -0.066161 
 -0.057056 0.299297 -0.065313 
 -0.054472 0.310934 -0.064464 
 -0.050202 0.325367 -0.045555 
 -0.047611 0.337037 -0.044703 
 -0.044170 0.350138 -0.034820 
 -0.041575 0.361823 -0.033968 
 -0.037265 0.376438 -0.015045 
 -0.034663 0.388156 -0.014191 
 -0.032061 0.399875 -0.013336 
 -0.029460 0.411594 -0.012481 
 -0.025985 0.424842 -0.002587 
 -0.023380 0.436578 -0.001731 
 -0.020775 0.448312 -0.000875 
 -0.018169 0.460047 -0.000019 
 -0.013789 0.474974 0.018926 
 -0.011177 0.486742 0.019784 
 -0.008564 0.498510 0.020642 
 -0.005951 0.510278 0.021501 
 -0.002437 0.523708 0.031408 
 0.000179 0.535492 0.032268 
 0.004614 0.550665 0.051231 
 0.007238 0.562483 0.052093 
 0.010778 0.576027 0.062009 
 0.013405 0.587861 0.062872 
 0.016032 0.599694 0.063735 
 0.018659 0.611528 0.064598 
 0.021287 0.623362 0.065461 
 0.023914 0.635195 0.066325 
 0.026541 0.647029 0.067188 
 0.029168 0.658863 0.068051 
 0.030850 0.668837 0.059851 
 0.033474 0.680655 0.060713 
 0.036097 0.692472 0.061575 
 0.038721 0.704289 0.062437 
 0.041344 0.716106 0.063299 
 0.043968 0.727923 0.064161 
 0.046592 0.739741 0.065023 
 0.047273 0.747610 0.047741 
 0.049889 0.759394 0.048601 
 0.054462 0.775192 0.067609 
 0.057086 0.787009 0.068471 
 0.059710 0.798827 0.069333 
 0.062333 0.810644 0.070195 
 0.064957 0.822461 0.071057 
 0.068577 0.836367 0.080999 
 0.070204 0.846095 0.072781 
 0.072828 0.857913 0.073643 
 -0.253619 -0.591375 0.101041 
 -0.250941 -0.579311 0.101921 
 -0.249901 -0.567658 0.075991 
 -0.247233 -0.555643 0.076867 
 -0.245672 -0.543968 0.059865 
 -0.243012 -0.531987 0.060739 
 -0.240913 -0.520208 0.052672 
 -0.238256 -0.508243 0.053545 
 -0.235600 -0.496278 0.054417 
 -0.232943 -0.484313 0.055290 
 -0.231437 -0.472884 0.038270 
 -0.229367 -0.461237 0.030193 
 -0.226722 -0.449321 0.031062 
 -0.224076 -0.437405 0.031931 
 -0.222610 -0.426157 0.014898 
 -0.219972 -0.414275 0.015765 
 -0.217334 -0.402392 0.016632 
 -0.215296 -0.390892 0.008544 
 -0.212662 -0.379026 0.009410 
 -0.210027 -0.367159 0.010275 
 -0.208616 -0.356158 -0.006776 
 -0.205989 -0.344324 -0.005913 
 -0.203981 -0.332956 -0.014010 
 -0.202602 -0.322103 -0.031073 
 -0.199986 -0.310319 -0.030213 
 -0.197370 -0.298534 -0.029353 
 -0.195387 -0.287281 -0.037459 
 -0.192774 -0.275514 -0.036601 
 -0.190162 -0.263746 -0.035742 
 -0.188838 -0.253139 -0.052822 
 -0.186233 -0.241404 -0.051966 
 -0.183627 -0.229669 -0.051110 
 -0.181677 -0.218564 -0.059227 
 -0.179076 -0.206845 -0.058372 
 -0.177800 -0.196452 -0.075468 
 -0.173872 -0.183408 -0.056662 
 -0.172611 -0.173081 -0.073763 
 -0.170016 -0.161395 -0.072910 
 -0.167422 -0.149709 -0.072058 
 -0.164827 -0.138024 -0.071205 
 -0.162233 -0.126338 -0.070353 
 -0.159639 -0.114652 -0.069501 
 -0.157736 -0.103761 -0.077633 
 -0.156537 -0.093713 -0.094754 
 -0.153953 -0.082077 -0.093905 
 -0.152073 -0.071284 -0.102044 
 -0.149493 -0.059664 -0.101197 
 -0.148334 -0.049797 -0.118331 
 -0.145761 -0.038210 -0.117485 
 -0.143188 -0.026623 -0.116640 
 -0.140616 -0.015036 -0.115795 
 -0.138043 -0.003449 -0.114950 
 -0.136199 0.007180 -0.123101 
 -0.133631 0.018751 -0.122257 
 -0.131062 0.030321 -0.121413 
 -0.128493 0.041892 -0.120569 
 -0.125924 0.053462 -0.119725 
 -0.123355 0.065033 -0.118881 
 -0.120786 0.076604 -0.118037 
 -0.118217 0.088174 -0.117193 
 -0.115648 0.099745 -0.116349 
 -0.113080 0.111316 -0.115505 
 -0.109746 0.124009 -0.105652 
 -0.107173 0.135597 -0.104807 
 -0.104601 0.147184 -0.103962 
 -0.102028 0.158771 -0.103116 
 -0.097896 0.172735 -0.084244 
 -0.094533 0.185561 -0.074382 
 -0.091950 0.197197 -0.073533 
 -0.089366 0.208833 -0.072685 
 -0.086783 0.220470 -0.071836 
 -0.084200 0.232106 -0.070987 
 -0.081616 0.243743 -0.070138 
 -0.079033 0.255379 -0.069289 
 -0.076449 0.267015 -0.068440 
 -0.073866 0.278652 -0.067592 
 -0.071282 0.290288 -0.066743 
 -0.068699 0.301925 -0.065894 
 -0.064469 0.316333 -0.046989 
 -0.061878 0.328002 -0.046138 
 -0.059287 0.339672 -0.045287 
 -0.055862 0.352776 -0.035404 
 -0.051592 0.367365 -0.016486 
 -0.048990 0.379084 -0.015631 
 -0.045543 0.392287 -0.005741 
 -0.043787 0.402521 -0.013921 
 -0.041185 0.414240 -0.013067 
 -0.037727 0.427492 -0.003173 
 -0.035122 0.439227 -0.002317 
 -0.032516 0.450962 -0.001461 
 -0.029911 0.462697 -0.000605 
 -0.025564 0.477631 0.018338 
 -0.022951 0.489399 0.019196 
 -0.020339 0.501167 0.020054 
 -0.017726 0.512935 0.020913 
 -0.014228 0.526368 0.030819 
 -0.011612 0.538153 0.031679 
 -0.007210 0.553334 0.050640 
 -0.004586 0.565151 0.051502 
 -0.001963 0.576968 0.052364 
 0.001564 0.590533 0.062281 
 0.004192 0.602366 0.063144 
 0.006819 0.614200 0.064007 
 0.009446 0.626034 0.064870 
 0.012074 0.637867 0.065733 
 0.014701 0.649701 0.066597 
 0.017328 0.661535 0.067460 
 0.019955 0.673368 0.068323 
 0.022582 0.685202 0.069186 
 0.025210 0.697035 0.070049 
 0.027837 0.708869 0.070913 
 0.030464 0.720703 0.071776 
 0.033092 0.732536 0.072639 
 0.034768 0.742409 0.064432 
 0.037391 0.754226 0.065294 
 0.040015 0.766043 0.066156 
 0.042639 0.777860 0.067018 
 0.045262 0.789677 0.067880 
 0.047886 0.801495 0.068743 
 0.050509 0.813312 0.069605 
 0.053133 0.825129 0.070467 
 0.056737 0.839039 0.080408 
 0.059364 0.850873 0.081271 
 0.061991 0.862706 0.082134 
 -0.265690 -0.588651 0.100438 
 -0.263011 -0.576587 0.101318 
 -0.261922 -0.564945 0.075390 
 -0.259254 -0.552931 0.076267 
 -0.257661 -0.541263 0.059267 
 -0.255001 -0.529282 0.060141 
 -0.252340 -0.517300 0.061015 
 -0.250228 -0.505541 0.052947 
 -0.247572 -0.493576 0.053820 
 -0.244915 -0.481611 0.054692 
 -0.242259 -0.469646 0.055565 
 -0.240727 -0.458258 0.038544 
 -0.238078 -0.446325 0.039415 
 -0.235429 -0.434393 0.040285 
 -0.232780 -0.422461 0.041155 
 -0.231862 -0.411592 0.015171 
 -0.229223 -0.399709 0.016038 
 -0.227170 -0.388213 0.007951 
 -0.224535 -0.376346 0.008817 
 -0.221900 -0.364480 0.009682 
 -0.220456 -0.353486 -0.007367 
 -0.218428 -0.342105 -0.015463 
 -0.215804 -0.330288 -0.014601 
 -0.214393 -0.319442 -0.031661 
 -0.211777 -0.307658 -0.030802 
 -0.209161 -0.295874 -0.029942 
 -0.206544 -0.284089 -0.029083 
 -0.204549 -0.272857 -0.037189 
 -0.201936 -0.261089 -0.036330 
 -0.199323 -0.249321 -0.035472 
 -0.197974 -0.238754 -0.052552 
 -0.195369 -0.227019 -0.051696 
 -0.192764 -0.215284 -0.050840 
 -0.190801 -0.204199 -0.058957 
 -0.188199 -0.192481 -0.058103 
 -0.185597 -0.180762 -0.057248 
 -0.182996 -0.169044 -0.056393 
 -0.181709 -0.158757 -0.073494 
 -0.179114 -0.147071 -0.072642 
 -0.176520 -0.135385 -0.071789 
 -0.173925 -0.123700 -0.070937 
 -0.172003 -0.112795 -0.079067 
 -0.170763 -0.102722 -0.096184 
 -0.168180 -0.091086 -0.095335 
 -0.166279 -0.080280 -0.103473 
 -0.163699 -0.068660 -0.102625 
 -0.162500 -0.058768 -0.119755 
 -0.159927 -0.047181 -0.118910 
 -0.157355 -0.035594 -0.118064 
 -0.155483 -0.024920 -0.126211 
 -0.152914 -0.013349 -0.125367 
 -0.150345 -0.001778 -0.124523 
 -0.147777 0.009792 -0.123679 
 -0.145208 0.021363 -0.122835 
 -0.142639 0.032934 -0.121991 
 -0.140070 0.044504 -0.121147 
 -0.137501 0.056075 -0.120303 
 -0.134932 0.067646 -0.119459 
 -0.132363 0.079216 -0.118615 
 -0.129057 0.091864 -0.108767 
 -0.126484 0.103452 -0.107922 
 -0.123912 0.115039 -0.107076 
 -0.121339 0.126626 -0.106231 
 -0.117262 0.140499 -0.087368 
 -0.114683 0.152119 -0.086520 
 -0.111343 0.164915 -0.076661 
 -0.108760 0.176552 -0.075813 
 -0.104643 0.190606 -0.056936 
 -0.102052 0.202275 -0.056084 
 -0.101009 0.211461 -0.073266 
 -0.098426 0.223097 -0.072417 
 -0.094280 0.237283 -0.053531 
 -0.091689 0.248952 -0.052679 
 -0.089098 0.260621 -0.051828 
 -0.086508 0.272291 -0.050977 
 -0.083917 0.283960 -0.050126 
 -0.081326 0.295629 -0.049275 
 -0.078735 0.307299 -0.048423 
 -0.076144 0.318968 -0.047572 
 -0.072743 0.332043 -0.037693 
 -0.070149 0.343729 -0.036840 
 -0.065919 0.358293 -0.017926 
 -0.063317 0.370011 -0.017071 
 -0.060715 0.381730 -0.016217 
 -0.057285 0.394937 -0.006328 
 -0.054679 0.406672 -0.005472 
 -0.052074 0.418407 -0.004616 
 -0.049469 0.430142 -0.003760 
 -0.046863 0.441877 -0.002904 
 -0.044258 0.453612 -0.002048 
 -0.041653 0.465347 -0.001192 
 -0.037338 0.480288 0.017750 
 -0.034726 0.492056 0.018608 
 -0.032113 0.503824 0.019466 
 -0.029501 0.515592 0.020325 
 -0.026019 0.529029 0.030231 
 -0.023403 0.540813 0.031090 
 -0.019034 0.556002 0.050050 
 -0.016410 0.567819 0.050912 
 -0.013787 0.579636 0.051774 
 -0.010276 0.593205 0.061689 
 -0.007649 0.605038 0.062552 
 -0.005021 0.616872 0.063416 
 -0.002394 0.628705 0.064279 
 0.000233 0.640539 0.065142 
 0.002860 0.652373 0.066005 
 0.005488 0.664206 0.066868 
 0.008115 0.676040 0.067732 
 0.010742 0.687874 0.068595 
 0.013369 0.699707 0.069458 
 0.015997 0.711541 0.070321 
 0.018624 0.723375 0.071185 
 0.021251 0.735208 0.072048 
 0.023878 0.747042 0.072911 
 0.026506 0.758875 0.073774 
 0.029133 0.770709 0.074637 
 0.031760 0.782543 0.075501 
 0.034387 0.794376 0.076364 
 0.037015 0.806210 0.077227 
 0.039642 0.818044 0.078090 
 0.042269 0.829877 0.078953 
 0.044896 0.841711 0.079817 
 0.047524 0.853544 0.080680 
 0.050151 0.865378 0.081543 
 -0.277760 -0.585927 0.099836 
 -0.275082 -0.573863 0.100716 
 -0.273943 -0.562232 0.074790 
 -0.271276 -0.550218 0.075666 
 -0.269649 -0.538558 0.058668 
 -0.266989 -0.526576 0.059542 
 -0.264329 -0.514595 0.060416 
 -0.262200 -0.502840 0.052349 
 -0.259544 -0.490875 0.053222 
 -0.256887 -0.478909 0.054094 
 -0.254231 -0.466944 0.054967 
 -0.251574 -0.454979 0.055840 
 -0.248918 -0.443014 0.056713 
 -0.247368 -0.431699 0.039689 
 -0.244719 -0.419767 0.040559 
 -0.242630 -0.408193 0.032479 
 -0.241113 -0.397026 0.015444 
 -0.238475 -0.385143 0.016311 
 -0.236408 -0.373667 0.008224 
 -0.233774 -0.361800 0.009089 
 -0.232297 -0.350814 -0.007959 
 -0.229670 -0.338981 -0.007096 
 -0.228801 -0.328566 -0.033110 
 -0.226184 -0.316782 -0.032250 
 -0.223568 -0.304997 -0.031391 
 -0.220952 -0.293213 -0.030531 
 -0.218335 -0.281429 -0.029671 
 -0.215719 -0.269644 -0.028812 
 -0.213103 -0.257860 -0.027952 
 -0.211098 -0.246664 -0.036060 
 -0.209716 -0.236105 -0.053139 
 -0.207111 -0.224370 -0.052283 
 -0.205128 -0.213272 -0.060398 
 -0.202526 -0.201553 -0.059543 
 -0.199924 -0.189835 -0.058688 
 -0.198590 -0.179490 -0.075783 
 -0.195995 -0.167804 -0.074931 
 -0.193401 -0.156118 -0.074078 
 -0.190807 -0.144433 -0.073226 
 -0.188212 -0.132747 -0.072373 
 -0.185618 -0.121061 -0.071521 
 -0.183679 -0.110161 -0.079650 
 -0.181088 -0.098491 -0.078799 
 -0.179823 -0.088458 -0.095917 
 -0.177906 -0.077657 -0.104053 
 -0.175326 -0.066037 -0.103206 
 -0.174093 -0.056152 -0.120334 
 -0.171521 -0.044565 -0.119489 
 -0.168948 -0.032977 -0.118643 
 -0.166376 -0.021390 -0.117798 
 -0.164492 -0.010737 -0.125945 
 -0.161923 0.000834 -0.125101 
 -0.159354 0.012405 -0.124257 
 -0.156785 0.023976 -0.123413 
 -0.154216 0.035546 -0.122569 
 -0.151647 0.047117 -0.121725 
 -0.149078 0.058688 -0.120881 
 -0.145796 0.071306 -0.111036 
 -0.143223 0.082894 -0.110191 
 -0.140651 0.094481 -0.109346 
 -0.138078 0.106068 -0.108501 
 -0.134049 0.119883 -0.089644 
 -0.131469 0.131503 -0.088796 
 -0.128153 0.144270 -0.078940 
 -0.125570 0.155906 -0.078092 
 -0.121500 0.169902 -0.059221 
 -0.118910 0.181571 -0.058370 
 -0.116319 0.193240 -0.057519 
 -0.113728 0.204910 -0.056667 
 -0.111137 0.216579 -0.055816 
 -0.108546 0.228248 -0.054965 
 -0.105956 0.239917 -0.054114 
 -0.103365 0.251587 -0.053263 
 -0.100774 0.263256 -0.052411 
 -0.098183 0.274925 -0.051560 
 -0.095593 0.286595 -0.050709 
 -0.093002 0.298264 -0.049858 
 -0.090411 0.309933 -0.049006 
 -0.087030 0.322996 -0.039129 
 -0.084436 0.334682 -0.038277 
 -0.080246 0.349220 -0.019367 
 -0.076843 0.362381 -0.009482 
 -0.074237 0.374116 -0.008626 
 -0.071632 0.385851 -0.007770 
 -0.069026 0.397586 -0.006914 
 -0.066421 0.409321 -0.006058 
 -0.063816 0.421056 -0.005202 
 -0.061210 0.432791 -0.004346 
 -0.058605 0.444526 -0.003490 
 -0.056000 0.456261 -0.002634 
 -0.051726 0.471178 0.016303 
 -0.049113 0.482945 0.017162 
 -0.046500 0.494713 0.018020 
 -0.043888 0.506481 0.018878 
 -0.041275 0.518249 0.019737 
 -0.038662 0.530017 0.020595 
 -0.035194 0.543474 0.030501 
 -0.030858 0.558670 0.049459 
 -0.028234 0.570487 0.050321 
 -0.025611 0.582304 0.051183 
 -0.022116 0.595876 0.061098 
 -0.019489 0.607710 0.061961 
 -0.016862 0.619544 0.062824 
 -0.014234 0.631377 0.063688 
 -0.011607 0.643211 0.064551 
 -0.008980 0.655045 0.065414 
 -0.006353 0.666878 0.066277 
 -0.003725 0.678712 0.067140 
 -0.001098 0.690546 0.068004 
 0.001529 0.702379 0.068867 
 0.005971 0.718051 0.087859 
 0.008605 0.729918 0.088725 
 0.009411 0.737880 0.071456 
 0.012038 0.749714 0.072320 
 0.014665 0.761547 0.073183 
 0.017293 0.773381 0.074046 
 0.019920 0.785215 0.074909 
 0.022547 0.797048 0.075772 
 0.025174 0.808882 0.076636 
 0.027802 0.820716 0.077499 
 0.030429 0.832549 0.078362 
 0.034951 0.848583 0.097381 
 0.037585 0.860450 0.098247 
 0.040220 0.872316 0.099112 
 0.042855 0.884183 0.099978 
 -0.289831 -0.583203 0.099233 
 -0.287153 -0.571139 0.100113 
 -0.285964 -0.559520 0.074190 
 -0.283297 -0.547505 0.075066 
 -0.281637 -0.535853 0.058069 
 -0.278977 -0.523871 0.058943 
 -0.276317 -0.511889 0.059817 
 -0.273657 -0.499908 0.060691 
 -0.270997 -0.487926 0.061565 
 -0.268337 -0.475945 0.062439 
 -0.266203 -0.464243 0.054369 
 -0.263546 -0.452278 0.055242 
 -0.260890 -0.440312 0.056115 
 -0.258233 -0.428347 0.056988 
 -0.256658 -0.417073 0.039963 
 -0.254553 -0.405502 0.031883 
 -0.253003 -0.394343 0.014851 
 -0.250365 -0.382460 0.015717 
 -0.248282 -0.370988 0.007631 
 -0.245647 -0.359121 0.008496 
 -0.244137 -0.348142 -0.008550 
 -0.241510 -0.336309 -0.007687 
 -0.239452 -0.324952 -0.015782 
 -0.237975 -0.314121 -0.032839 
 -0.235359 -0.302337 -0.031980 
 -0.232743 -0.290552 -0.031120 
 -0.230126 -0.278768 -0.030260 
 -0.227510 -0.266984 -0.029401 
 -0.224894 -0.255199 -0.028541 
 -0.222873 -0.244007 -0.036648 
 -0.221458 -0.233455 -0.053725 
 -0.218852 -0.221720 -0.052869 
 -0.216853 -0.210626 -0.060983 
 -0.214251 -0.198908 -0.060129 
 -0.211650 -0.187189 -0.059274 
 -0.209048 -0.175470 -0.058419 
 -0.206446 -0.163752 -0.057564 
 -0.205093 -0.153480 -0.074662 
 -0.202499 -0.141794 -0.073810 
 -0.199904 -0.130108 -0.072957 
 -0.197310 -0.118423 -0.072105 
 -0.195355 -0.107526 -0.080233 
 -0.192764 -0.095857 -0.079382 
 -0.191466 -0.085831 -0.096498 
 -0.189532 -0.075033 -0.104634 
 -0.188260 -0.065122 -0.121758 
 -0.185687 -0.053535 -0.120913 
 -0.183115 -0.041948 -0.120068 
 -0.180542 -0.030361 -0.119222 
 -0.178638 -0.019695 -0.127368 
 -0.176069 -0.008124 -0.126524 
 -0.173500 0.003447 -0.125680 
 -0.170931 0.015017 -0.124836 
 -0.168362 0.026588 -0.123991 
 -0.165793 0.038159 -0.123147 
 -0.163224 0.049729 -0.122303 
 -0.160656 0.061300 -0.121459 
 -0.158087 0.072871 -0.120615 
 -0.155518 0.084441 -0.119771 
 -0.152244 0.097097 -0.109925 
 -0.149672 0.108684 -0.109080 
 -0.145675 0.122507 -0.090224 
 -0.143095 0.134126 -0.089377 
 -0.138358 0.149198 -0.061507 
 -0.135044 0.162034 -0.051647 
 -0.130997 0.176087 -0.032774 
 -0.128395 0.187806 -0.031920 
 -0.125793 0.199524 -0.031065 
 -0.123191 0.211243 -0.030210 
 -0.122072 0.220463 -0.047385 
 -0.119478 0.232149 -0.046532 
 -0.116883 0.243834 -0.045680 
 -0.114289 0.255520 -0.044828 
 -0.111694 0.267206 -0.043975 
 -0.109100 0.278892 -0.043123 
 -0.106506 0.290577 -0.042270 
 -0.103911 0.302263 -0.041418 
 -0.101317 0.313949 -0.040565 
 -0.098722 0.325634 -0.039713 
 -0.094573 0.340147 -0.020807 
 -0.091190 0.353296 -0.010924 
 -0.088584 0.365031 -0.010068 
 -0.085979 0.376766 -0.009212 
 -0.083373 0.388501 -0.008356 
 -0.080768 0.400236 -0.007500 
 -0.078163 0.411971 -0.006644 
 -0.075557 0.423706 -0.005788 
 -0.071338 0.438531 0.013140 
 -0.068726 0.450299 0.013998 
 -0.066113 0.462067 0.014857 
 -0.063500 0.473835 0.015715 
 -0.060888 0.485603 0.016573 
 -0.058275 0.497371 0.017432 
 -0.055662 0.509138 0.018290 
 -0.053050 0.520906 0.019149 
 -0.049601 0.534351 0.029053 
 -0.046985 0.546135 0.029912 
 -0.042682 0.561338 0.048869 
 -0.040058 0.573155 0.049731 
 -0.036584 0.586715 0.059643 
 -0.033957 0.598548 0.060507 
 -0.031329 0.610382 0.061370 
 -0.028702 0.622216 0.062233 
 -0.026075 0.634049 0.063096 
 -0.023448 0.645883 0.063959 
 -0.020820 0.657717 0.064823 
 -0.018193 0.669550 0.065686 
 -0.015566 0.681384 0.066549 
 -0.012939 0.693217 0.067412 
 -0.010311 0.705051 0.068275 
 -0.005903 0.720731 0.087267 
 -0.003268 0.732597 0.088132 
 -0.002430 0.740552 0.070865 
 0.000198 0.752386 0.071728 
 0.002825 0.764219 0.072591 
 0.005452 0.776053 0.073455 
 0.008079 0.787886 0.074318 
 0.010707 0.799720 0.075181 
 0.013334 0.811554 0.076044 
 0.017808 0.827529 0.095057 
 0.020443 0.839396 0.095923 
 0.023078 0.851262 0.096788 
 0.025712 0.863129 0.097654 
 0.028347 0.874995 0.098519 
 0.030981 0.886862 0.099385 
 -0.300956 -0.580242 0.116492 
 -0.299223 -0.568416 0.099510 
 -0.297505 -0.556655 0.082523 
 -0.295318 -0.544793 0.074466 
 -0.292651 -0.532778 0.075342 
 -0.289983 -0.520764 0.076218 
 -0.288306 -0.509184 0.059218 
 -0.285645 -0.497203 0.060092 
 -0.282985 -0.485221 0.060966 
 -0.280325 -0.473240 0.061840 
 -0.278175 -0.461541 0.053771 
 -0.275518 -0.449576 0.054644 
 -0.272862 -0.437611 0.055517 
 -0.270205 -0.425646 0.056390 
 -0.268597 -0.414379 0.039367 
 -0.266475 -0.402812 0.031288 
 -0.264893 -0.391660 0.014257 
 -0.262254 -0.379777 0.015124 
 -0.260155 -0.368308 0.007038 
 -0.257520 -0.356442 0.007903 
 -0.255977 -0.345470 -0.009141 
 -0.253350 -0.333637 -0.008278 
 -0.251276 -0.322284 -0.016372 
 -0.249766 -0.311460 -0.033428 
 -0.247150 -0.299676 -0.032568 
 -0.244534 -0.287891 -0.031709 
 -0.241917 -0.276107 -0.030849 
 -0.239301 -0.264323 -0.029990 
 -0.236685 -0.252538 -0.029130 
 -0.234647 -0.241350 -0.037236 
 -0.232035 -0.229582 -0.036378 
 -0.230594 -0.219070 -0.053456 
 -0.227989 -0.207336 -0.052600 
 -0.225977 -0.196262 -0.060714 
 -0.223375 -0.184543 -0.059859 
 -0.220773 -0.172824 -0.059004 
 -0.219380 -0.162527 -0.076098 
 -0.216786 -0.150841 -0.075246 
 -0.214191 -0.139156 -0.074394 
 -0.211597 -0.127470 -0.073541 
 -0.209002 -0.115784 -0.072689 
 -0.206408 -0.104098 -0.071836 
 -0.204440 -0.093222 -0.079965 
 -0.203109 -0.083204 -0.097080 
 -0.201159 -0.072409 -0.105215 
 -0.198579 -0.060789 -0.104367 
 -0.197281 -0.050919 -0.121492 
 -0.194708 -0.039332 -0.120647 
 -0.192136 -0.027745 -0.119801 
 -0.190215 -0.017082 -0.127946 
 -0.187646 -0.005512 -0.127102 
 -0.185077 0.006059 -0.126258 
 -0.182508 0.017630 -0.125414 
 -0.179939 0.029201 -0.124570 
 -0.178040 0.039765 -0.132722 
 -0.174802 0.052342 -0.122882 
 -0.172233 0.063913 -0.122038 
 -0.169664 0.075483 -0.121194 
 -0.167095 0.087054 -0.120350 
 -0.163838 0.099713 -0.110504 
 -0.161265 0.111300 -0.109659 
 -0.157302 0.125130 -0.090805 
 -0.154023 0.137888 -0.080952 
 -0.149331 0.152987 -0.053083 
 -0.145324 0.167014 -0.034215 
 -0.142012 0.179920 -0.024351 
 -0.139406 0.191655 -0.023495 
 -0.136801 0.203390 -0.022639 
 -0.134196 0.215125 -0.021783 
 -0.131590 0.226860 -0.020927 
 -0.128985 0.238595 -0.020071 
 -0.126380 0.250330 -0.019215 
 -0.125981 0.258159 -0.045411 
 -0.123387 0.269844 -0.044559 
 -0.120792 0.281530 -0.043707 
 -0.116705 0.295919 -0.024812 
 -0.114103 0.307637 -0.023957 
 -0.111501 0.319356 -0.023102 
 -0.108142 0.332475 -0.013223 
 -0.105537 0.344210 -0.012367 
 -0.101402 0.358813 0.006543 
 -0.098789 0.370581 0.007401 
 -0.096176 0.382349 0.008260 
 -0.093564 0.394116 0.009118 
 -0.090951 0.405884 0.009977 
 -0.088338 0.417652 0.010835 
 -0.085726 0.429420 0.011693 
 -0.083113 0.441188 0.012552 
 -0.080500 0.452956 0.013410 
 -0.077888 0.464724 0.014269 
 -0.075275 0.476492 0.015127 
 -0.072662 0.488260 0.015985 
 -0.070050 0.500028 0.016844 
 -0.067437 0.511795 0.017702 
 -0.064008 0.525227 0.027604 
 -0.061392 0.537011 0.028464 
 -0.058776 0.548796 0.029324 
 -0.054506 0.564006 0.048278 
 -0.051882 0.575823 0.049140 
 -0.049258 0.587641 0.050002 
 -0.045797 0.601220 0.059915 
 -0.043170 0.613054 0.060778 
 -0.040542 0.624887 0.061642 
 -0.037915 0.636721 0.062505 
 -0.035288 0.648555 0.063368 
 -0.032661 0.660388 0.064231 
 -0.030033 0.672222 0.065094 
 -0.027406 0.684056 0.065958 
 -0.024779 0.695889 0.066821 
 -0.022152 0.707723 0.067684 
 -0.017776 0.723410 0.086674 
 -0.015141 0.735277 0.087539 
 -0.014270 0.743224 0.070274 
 -0.009872 0.759010 0.089270 
 -0.009015 0.766891 0.072000 
 -0.006388 0.778725 0.072863 
 -0.003761 0.790558 0.073727 
 -0.001134 0.802392 0.074590 
 0.001494 0.814226 0.075453 
 0.005935 0.830209 0.094464 
 0.008570 0.842075 0.095330 
 0.011204 0.853942 0.096195 
 0.013839 0.865808 0.097061 
 0.016473 0.877675 0.097926 
 0.019108 0.889541 0.098792 
 0.021743 0.901408 0.099658 
 -0.313059 -0.577510 0.115888 
 -0.310373 -0.565414 0.116770 
 -0.309543 -0.553939 0.081922 
 -0.306872 -0.541908 0.082800 
 -0.304201 -0.529877 0.083677 
 -0.302005 -0.518051 0.075618 
 -0.299337 -0.506037 0.076495 
 -0.297634 -0.494497 0.059494 
 -0.294974 -0.482516 0.060368 
 -0.292314 -0.470534 0.061242 
 -0.289654 -0.458553 0.062116 
 -0.287490 -0.446874 0.054046 
 -0.284834 -0.434909 0.054919 
 -0.282177 -0.422944 0.055792 
 -0.280536 -0.411684 0.038770 
 -0.278398 -0.400121 0.030693 
 -0.276782 -0.388976 0.013663 
 -0.274144 -0.377094 0.014530 
 -0.271506 -0.365211 0.015397 
 -0.269393 -0.353763 0.007311 
 -0.266759 -0.341896 0.008176 
 -0.265191 -0.330965 -0.008869 
 -0.263100 -0.319615 -0.016963 
 -0.260476 -0.307798 -0.016101 
 -0.258941 -0.297015 -0.033157 
 -0.256325 -0.285231 -0.032298 
 -0.253708 -0.273446 -0.031438 
 -0.251092 -0.261662 -0.030578 
 -0.248476 -0.249878 -0.029719 
 -0.246422 -0.238693 -0.037824 
 -0.243809 -0.226925 -0.036966 
 -0.242336 -0.216421 -0.054042 
 -0.239730 -0.204686 -0.053186 
 -0.237125 -0.192951 -0.052330 
 -0.235100 -0.181897 -0.060445 
 -0.232498 -0.170179 -0.059590 
 -0.231072 -0.159889 -0.076682 
 -0.228478 -0.148203 -0.075830 
 -0.225884 -0.136517 -0.074978 
 -0.223888 -0.125595 -0.083102 
 -0.221297 -0.113926 -0.082251 
 -0.218706 -0.102256 -0.081400 
 -0.216116 -0.090587 -0.080548 
 -0.214752 -0.080576 -0.097661 
 -0.212785 -0.069786 -0.105795 
 -0.210205 -0.058166 -0.104948 
 -0.208874 -0.048303 -0.122071 
 -0.206302 -0.036716 -0.121226 
 -0.203729 -0.025129 -0.120380 
 -0.201792 -0.014470 -0.128524 
 -0.199223 -0.002899 -0.127680 
 -0.196654 0.008672 -0.126836 
 -0.194086 0.020242 -0.125992 
 -0.191517 0.031813 -0.125148 
 -0.189601 0.042374 -0.133299 
 -0.186379 0.054954 -0.123460 
 -0.183810 0.066525 -0.122616 
 -0.181241 0.078096 -0.121772 
 -0.178672 0.089666 -0.120928 
 -0.176103 0.101237 -0.120084 
 -0.172859 0.113916 -0.110238 
 -0.168928 0.127754 -0.091386 
 -0.164300 0.142798 -0.063524 
 -0.159651 0.157942 -0.035655 
 -0.154979 0.173184 -0.007780 
 -0.152366 0.184952 -0.006921 
 -0.149753 0.196719 -0.006063 
 -0.146440 0.209711 0.003806 
 -0.142414 0.223976 0.022690 
 -0.139791 0.235793 0.023552 
 -0.138591 0.245064 0.006385 
 -0.136690 0.255559 -0.001771 
 -0.136235 0.263409 -0.027962 
 -0.133633 0.275128 -0.027107 
 -0.132485 0.284169 -0.044291 
 -0.128430 0.298565 -0.025397 
 -0.125828 0.310283 -0.024543 
 -0.123226 0.322002 -0.023688 
 -0.118401 0.337934 0.004238 
 -0.115789 0.349702 0.005096 
 -0.113176 0.361470 0.005955 
 -0.109811 0.374692 0.015841 
 -0.107195 0.386476 0.016700 
 -0.104579 0.398260 0.017560 
 -0.101962 0.410045 0.018419 
 -0.099346 0.421829 0.019279 
 -0.096730 0.433613 0.020139 
 -0.094114 0.445397 0.020998 
 -0.091497 0.457182 0.021858 
 -0.088881 0.468966 0.022718 
 -0.086265 0.480750 0.023577 
 -0.083648 0.492535 0.024437 
 -0.081032 0.504319 0.025296 
 -0.078416 0.516104 0.026156 
 -0.074200 0.531223 0.045102 
 -0.071577 0.543040 0.045964 
 -0.068953 0.554857 0.046826 
 -0.065519 0.568391 0.056734 
 -0.062892 0.580225 0.057598 
 -0.060265 0.592058 0.058461 
 -0.057637 0.603892 0.059324 
 -0.055010 0.615726 0.060187 
 -0.052383 0.627559 0.061050 
 -0.049755 0.639393 0.061914 
 -0.047128 0.651227 0.062777 
 -0.044501 0.663060 0.063640 
 -0.041874 0.674894 0.064503 
 -0.039247 0.686728 0.065366 
 -0.036619 0.698561 0.066230 
 -0.032284 0.714223 0.085215 
 -0.029649 0.726089 0.086081 
 -0.027014 0.737956 0.086946 
 -0.026110 0.745896 0.069682 
 -0.023483 0.757729 0.070546 
 -0.019111 0.773555 0.089543 
 -0.018228 0.781397 0.072272 
 -0.015601 0.793230 0.073135 
 -0.012974 0.805064 0.073998 
 -0.008573 0.821021 0.093005 
 -0.005938 0.832888 0.093871 
 -0.003303 0.844754 0.094737 
 -0.000669 0.856621 0.095602 
 0.001966 0.868488 0.096468 
 0.004600 0.880354 0.097333 
 0.007235 0.892220 0.098199 
 0.009869 0.904087 0.099065 
 -0.322477 -0.562682 0.116166 
 -0.320686 -0.550904 0.099184 
 -0.318910 -0.539192 0.082198 
 -0.316239 -0.527161 0.083076 
 -0.313568 -0.515130 0.083954 
 -0.310896 -0.503099 0.084831 
 -0.308691 -0.491309 0.076771 
 -0.306024 -0.479295 0.077647 
 -0.304302 -0.467829 0.060643 
 -0.301642 -0.455847 0.061517 
 -0.298982 -0.443866 0.062391 
 -0.296806 -0.432208 0.054321 
 -0.294149 -0.420243 0.055194 
 -0.292475 -0.408990 0.038174 
 -0.290321 -0.397431 0.030097 
 -0.288672 -0.386293 0.013069 
 -0.286034 -0.374411 0.013936 
 -0.283396 -0.362528 0.014803 
 -0.281267 -0.351083 0.006718 
 -0.278632 -0.339217 0.007583 
 -0.277031 -0.328293 -0.009461 
 -0.274924 -0.316947 -0.017553 
 -0.272300 -0.305130 -0.016691 
 -0.270732 -0.294354 -0.033746 
 -0.268116 -0.282570 -0.032886 
 -0.265499 -0.270786 -0.032027 
 -0.262883 -0.259001 -0.031167 
 -0.260267 -0.247217 -0.030308 
 -0.258196 -0.236036 -0.038412 
 -0.255584 -0.224268 -0.037554 
 -0.252971 -0.212500 -0.036695 
 -0.251472 -0.202036 -0.053772 
 -0.248867 -0.190301 -0.052916 
 -0.246825 -0.179251 -0.061030 
 -0.244224 -0.167533 -0.060176 
 -0.241622 -0.155814 -0.059321 
 -0.240170 -0.145564 -0.076414 
 -0.237576 -0.133879 -0.075561 
 -0.235564 -0.122960 -0.083685 
 -0.232973 -0.111291 -0.082834 
 -0.230382 -0.099622 -0.081983 
 -0.228978 -0.089585 -0.099092 
 -0.226395 -0.077949 -0.098243 
 -0.224412 -0.067162 -0.106376 
 -0.221832 -0.055542 -0.105528 
 -0.220468 -0.045687 -0.122650 
 -0.217896 -0.034100 -0.121805 
 -0.215323 -0.022513 -0.120959 
 -0.213369 -0.011857 -0.129102 
 -0.210801 -0.000287 -0.128258 
 -0.208232 0.011284 -0.127414 
 -0.205663 0.022855 -0.126570 
 -0.203727 0.033428 -0.134719 
 -0.201162 0.044983 -0.133877 
 -0.197956 0.057567 -0.124038 
 -0.195387 0.069138 -0.123194 
 -0.192818 0.080708 -0.122350 
 -0.190249 0.092279 -0.121506 
 -0.187681 0.103849 -0.120662 
 -0.184453 0.116533 -0.110817 
 -0.180555 0.130377 -0.091966 
 -0.175976 0.145433 -0.064107 
 -0.171376 0.160588 -0.036241 
 -0.166753 0.175841 -0.008368 
 -0.163463 0.188803 0.001498 
 -0.160847 0.200587 0.002358 
 -0.156862 0.214827 0.021237 
 -0.153550 0.227888 0.031110 
 -0.150923 0.239721 0.031973 
 -0.148991 0.250278 0.023823 
 -0.147765 0.259509 0.006656 
 -0.145149 0.271293 0.007515 
 -0.145359 0.277773 -0.027693 
 -0.130176 0.340591 0.003650 
 -0.126835 0.353784 0.013533 
 -0.124219 0.365568 0.014392 
 -0.120131 0.380267 0.033305 
 -0.117508 0.392085 0.034167 
 -0.116370 0.400921 0.016971 
 -0.113753 0.412705 0.017831 
 -0.109637 0.427536 0.036753 
 -0.107013 0.439353 0.037615 
 -0.104389 0.451171 0.038477 
 -0.101766 0.462988 0.039339 
 -0.099142 0.474805 0.040201 
 -0.096519 0.486622 0.041063 
 -0.093895 0.498439 0.041925 
 -0.091271 0.510257 0.042787 
 -0.088648 0.522074 0.043649 
 -0.085241 0.535562 0.053553 
 -0.082614 0.547396 0.054417 
 -0.079987 0.559229 0.055280 
 -0.077359 0.571063 0.056143 
 -0.074732 0.582897 0.057006 
 -0.072105 0.594730 0.057869 
 -0.069478 0.606564 0.058733 
 -0.066850 0.618398 0.059596 
 -0.064223 0.630231 0.060459 
 -0.061596 0.642065 0.061322 
 -0.058969 0.653899 0.062185 
 -0.056341 0.665732 0.063049 
 -0.053714 0.677566 0.063912 
 -0.051087 0.689399 0.064775 
 -0.046791 0.705036 0.083756 
 -0.044157 0.716902 0.084622 
 -0.041522 0.728769 0.085488 
 -0.038888 0.740635 0.086353 
 -0.036253 0.752502 0.087219 
 -0.033619 0.764368 0.088084 
 -0.030984 0.776235 0.088950 
 -0.028349 0.788101 0.089816 
 -0.025715 0.799968 0.090681 
 -0.023080 0.811834 0.091547 
 -0.020446 0.823701 0.092412 
 -0.017811 0.835567 0.093278 
 -0.015177 0.847434 0.094144 
 -0.012542 0.859300 0.095009 
 -0.009908 0.871167 0.095875 
 -0.007273 0.883033 0.096741 
 -0.004638 0.894900 0.097606 
 -0.002004 0.906766 0.098472 
 0.000631 0.918633 0.099337 
 0.004169 0.932713 0.109285 
 0.004086 0.937906 0.082902 
 0.006713 0.949739 0.083766 
 -0.333299 -0.559512 0.142351 
 -0.331895 -0.547855 0.116444 
 -0.330078 -0.536117 0.099462 
 -0.327400 -0.524053 0.100342 
 -0.325605 -0.512413 0.083352 
 -0.322934 -0.500383 0.084230 
 -0.320712 -0.488597 0.076170 
 -0.318045 -0.476582 0.077047 
 -0.315377 -0.464568 0.077923 
 -0.313630 -0.453142 0.060918 
 -0.310970 -0.441161 0.061792 
 -0.308777 -0.429506 0.053723 
 -0.306121 -0.417541 0.054596 
 -0.303465 -0.405576 0.055469 
 -0.302243 -0.394740 0.029502 
 -0.300562 -0.383610 0.012475 
 -0.297923 -0.371728 0.013342 
 -0.295285 -0.359845 0.014209 
 -0.293140 -0.348404 0.006125 
 -0.290505 -0.336537 0.006990 
 -0.287871 -0.324671 0.007856 
 -0.286244 -0.313788 -0.009189 
 -0.284124 -0.302462 -0.017282 
 -0.281501 -0.290645 -0.016420 
 -0.279907 -0.279909 -0.033475 
 -0.277290 -0.268125 -0.032616 
 -0.274674 -0.256341 -0.031756 
 -0.272058 -0.244556 -0.030896 
 -0.269971 -0.233378 -0.039000 
 -0.267358 -0.221611 -0.038142 
 -0.264746 -0.209843 -0.037283 
 -0.263214 -0.199387 -0.054359 
 -0.260608 -0.187652 -0.053503 
 -0.258551 -0.176605 -0.061616 
 -0.255949 -0.164887 -0.060761 
 -0.254457 -0.154612 -0.077850 
 -0.251863 -0.142926 -0.076998 
 -0.249268 -0.131240 -0.076145 
 -0.247240 -0.120325 -0.084268 
 -0.244649 -0.108656 -0.083417 
 -0.242058 -0.096987 -0.082566 
 -0.240621 -0.086958 -0.099673 
 -0.238038 -0.075322 -0.098824 
 -0.235454 -0.063685 -0.097975 
 -0.233459 -0.052918 -0.106109 
 -0.230879 -0.041298 -0.105261 
 -0.229489 -0.031483 -0.122384 
 -0.226917 -0.019896 -0.121538 
 -0.224344 -0.008309 -0.120693 
 -0.222378 0.002326 -0.128836 
 -0.219809 0.013897 -0.127992 
 -0.217240 0.025467 -0.127148 
 -0.214671 0.037038 -0.126304 
 -0.212102 0.048609 -0.125460 
 -0.209533 0.060179 -0.124616 
 -0.206964 0.071750 -0.123772 
 -0.204396 0.083321 -0.122928 
 -0.201827 0.094891 -0.122084 
 -0.199258 0.106462 -0.121240 
 -0.196046 0.119149 -0.111396 
 -0.191535 0.134134 -0.083545 
 -0.187652 0.148068 -0.064690 
 -0.183101 0.163233 -0.036826 
 -0.178528 0.178498 -0.008956 
 -0.175254 0.191464 0.000909 
 -0.171309 0.205678 0.019785 
 -0.168017 0.218726 0.029655 
 -0.165390 0.230560 0.030519 
 -0.162763 0.242393 0.031382 
 -0.160136 0.254227 0.032245 
 -0.157508 0.266061 0.033108 
 -0.154881 0.277894 0.033971 
 -0.138626 0.356444 0.012944 
 -0.133863 0.372563 0.040877 
 -0.131236 0.384397 0.041740 
 -0.128609 0.396231 0.042604 
 -0.126708 0.406570 0.034439 
 -0.124084 0.418387 0.035301 
 -0.121461 0.430204 0.036163 
 -0.118837 0.442022 0.037025 
 -0.116213 0.453839 0.037887 
 -0.113590 0.465656 0.038749 
 -0.110966 0.477473 0.039611 
 -0.108343 0.489290 0.040473 
 -0.104963 0.502733 0.050372 
 -0.103095 0.512925 0.042197 
 -0.099709 0.526400 0.052099 
 -0.097081 0.538234 0.052962 
 -0.094454 0.550068 0.053825 
 -0.091827 0.561901 0.054688 
 -0.089200 0.573735 0.055552 
 -0.086572 0.585569 0.056415 
 -0.083945 0.597402 0.057278 
 -0.079741 0.612783 0.076239 
 -0.077106 0.624649 0.077104 
 -0.074472 0.636516 0.077970 
 -0.071837 0.648383 0.078835 
 -0.070809 0.656570 0.061594 
 -0.068182 0.668404 0.062457 
 -0.063934 0.683982 0.081432 
 -0.062927 0.692071 0.064184 
 -0.058665 0.707715 0.083163 
 -0.056030 0.719582 0.084029 
 -0.055045 0.727572 0.066773 
 -0.050761 0.743315 0.085760 
 -0.048126 0.755181 0.086626 
 -0.045492 0.767047 0.087491 
 -0.042857 0.778914 0.088357 
 -0.041909 0.786740 0.071089 
 -0.039282 0.798574 0.071953 
 -0.034954 0.814514 0.090954 
 -0.032319 0.826380 0.091820 
 -0.029684 0.838247 0.092685 
 -0.027050 0.850113 0.093551 
 -0.024415 0.861980 0.094416 
 -0.021781 0.873846 0.095282 
 -0.019146 0.885713 0.096148 
 -0.016512 0.897579 0.097013 
 -0.013877 0.909446 0.097879 
 -0.010359 0.923513 0.107824 
 -0.007721 0.935396 0.108691 
 -0.005973 0.945045 0.100476 
 -0.005128 0.952411 0.083174 
 -0.002500 0.964245 0.084038 
 0.000127 0.976079 0.084901 
 -0.345041 -0.556619 0.150673 
 -0.343584 -0.544957 0.124770 
 -0.341313 -0.533027 0.116722 
 -0.339470 -0.521329 0.099739 
 -0.336792 -0.509265 0.100619 
 -0.334114 -0.497202 0.101499 
 -0.331435 -0.485138 0.102379 
 -0.329630 -0.473604 0.085384 
 -0.327399 -0.461855 0.077323 
 -0.325619 -0.450437 0.060320 
 -0.322959 -0.438455 0.061194 
 -0.320298 -0.426474 0.062068 
 -0.318093 -0.414840 0.053998 
 -0.316353 -0.403602 0.036982 
 -0.314166 -0.392050 0.028906 
 -0.312451 -0.380927 0.011882 
 -0.309813 -0.369045 0.012749 
 -0.307175 -0.357162 0.013615 
 -0.304537 -0.345279 0.014482 
 -0.302379 -0.333858 0.006397 
 -0.299744 -0.321992 0.007263 
 -0.298084 -0.311116 -0.009780 
 -0.295457 -0.299282 -0.008917 
 -0.293325 -0.287977 -0.017010 
 -0.290701 -0.276159 -0.016148 
 -0.289081 -0.265464 -0.033205 
 -0.286465 -0.253680 -0.032345 
 -0.283849 -0.241895 -0.031485 
 -0.281745 -0.230721 -0.039588 
 -0.279133 -0.218954 -0.038730 
 -0.277561 -0.208472 -0.055801 
 -0.274955 -0.196737 -0.054945 
 -0.272350 -0.185002 -0.054089 
 -0.270276 -0.173959 -0.062202 
 -0.267674 -0.162241 -0.061347 
 -0.266149 -0.151973 -0.078434 
 -0.263555 -0.140287 -0.077582 
 -0.260961 -0.128602 -0.076729 
 -0.258366 -0.116916 -0.075877 
 -0.256325 -0.106021 -0.084000 
 -0.253734 -0.094352 -0.083149 
 -0.251143 -0.082683 -0.082298 
 -0.249681 -0.072694 -0.099406 
 -0.247097 -0.061058 -0.098557 
 -0.244514 -0.049421 -0.097708 
 -0.242505 -0.038675 -0.105842 
 -0.239926 -0.027055 -0.104994 
 -0.238510 -0.017280 -0.122117 
 -0.235938 -0.005693 -0.121272 
 -0.233955 0.004939 -0.129414 
 -0.231386 0.016509 -0.128570 
 -0.228817 0.028080 -0.127726 
 -0.226248 0.039651 -0.126882 
 -0.223679 0.051221 -0.126038 
 -0.221111 0.062792 -0.125194 
 -0.218542 0.074363 -0.124350 
 -0.215973 0.085933 -0.123506 
 -0.213404 0.097504 -0.122662 
 -0.210835 0.109074 -0.121818 
 -0.207640 0.121765 -0.111975 
 -0.203178 0.136761 -0.084127 
 -0.199328 0.150703 -0.065273 
 -0.194189 0.167049 -0.028409 
 -0.190302 0.181155 -0.009544 
 -0.187045 0.194125 0.000320 
 -0.183133 0.208346 0.019194 
 -0.179858 0.221398 0.029064 
 -0.175920 0.235734 0.047946 
 -0.173285 0.247601 0.048812 
 -0.170651 0.259467 0.049677 
 -0.168016 0.271334 0.050543 
 -0.165382 0.283200 0.051409 
 -0.162747 0.295067 0.052274 
 -0.145703 0.375235 0.040286 
 -0.143076 0.387069 0.041149 
 -0.140449 0.398902 0.042012 
 -0.137822 0.410736 0.042875 
 -0.135194 0.422570 0.043739 
 -0.132567 0.434403 0.044602 
 -0.129940 0.446237 0.045465 
 -0.127313 0.458071 0.046328 
 -0.125414 0.468324 0.038158 
 -0.122058 0.481738 0.048055 
 -0.120166 0.491959 0.039882 
 -0.116804 0.505405 0.049781 
 -0.114176 0.517239 0.050644 
 -0.111549 0.529072 0.051508 
 -0.108922 0.540906 0.052371 
 -0.106295 0.552740 0.053234 
 -0.103667 0.564573 0.054097 
 -0.101040 0.576407 0.054960 
 -0.098413 0.588240 0.055824 
 -0.095786 0.600074 0.056687 
 -0.091614 0.615462 0.075646 
 -0.088980 0.627329 0.076511 
 -0.086345 0.639195 0.077377 
 -0.083711 0.651062 0.078242 
 -0.081076 0.662928 0.079108 
 -0.078441 0.674795 0.079974 
 -0.075807 0.686661 0.080839 
 -0.073172 0.698528 0.081705 
 -0.070538 0.710394 0.082570 
 -0.067903 0.722261 0.083436 
 -0.065269 0.734127 0.084302 
 -0.062634 0.745994 0.085167 
 -0.060000 0.757860 0.086033 
 -0.057365 0.769727 0.086899 
 -0.054730 0.781593 0.087764 
 -0.052096 0.793460 0.088630 
 -0.051122 0.801246 0.071361 
 -0.046827 0.817193 0.090361 
 -0.044192 0.829059 0.091227 
 -0.041558 0.840926 0.092092 
 -0.038923 0.852792 0.092958 
 -0.036289 0.864659 0.093823 
 -0.033654 0.876525 0.094689 
 -0.031019 0.888392 0.095555 
 -0.028385 0.900258 0.096420 
 -0.025750 0.912125 0.097286 
 -0.022249 0.926196 0.107230 
 -0.019611 0.938079 0.108097 
 -0.017847 0.947724 0.099883 
 -0.016968 0.955083 0.082583 
 -0.014341 0.966917 0.083446 
 -0.011713 0.978750 0.084309 
 -0.009086 0.990584 0.085173 
 -0.357210 -0.553873 0.150065 
 -0.354908 -0.541881 0.142023 
 -0.353014 -0.530109 0.125048 
 -0.350730 -0.518199 0.117000 
 -0.348045 -0.506102 0.117882 
 -0.346184 -0.494478 0.100896 
 -0.343506 -0.482414 0.101776 
 -0.342087 -0.471157 0.075846 
 -0.339420 -0.459142 0.076722 
 -0.336753 -0.447128 0.077599 
 -0.334947 -0.435750 0.060595 
 -0.332287 -0.423768 0.061469 
 -0.330065 -0.412138 0.053400 
 -0.328292 -0.400908 0.036385 
 -0.326088 -0.389359 0.028311 
 -0.323443 -0.377444 0.029180 
 -0.321703 -0.366361 0.012155 
 -0.319065 -0.354479 0.013022 
 -0.316426 -0.342596 0.013888 
 -0.314252 -0.331179 0.005804 
 -0.311617 -0.319312 0.006670 
 -0.308983 -0.307446 0.007535 
 -0.307297 -0.296610 -0.009508 
 -0.304670 -0.284776 -0.008645 
 -0.302525 -0.273491 -0.016739 
 -0.300872 -0.262803 -0.033793 
 -0.297278 -0.249857 -0.015015 
 -0.295640 -0.239235 -0.032074 
 -0.293520 -0.228064 -0.040176 
 -0.290907 -0.216296 -0.039318 
 -0.288295 -0.204529 -0.038459 
 -0.285682 -0.192761 -0.037601 
 -0.283069 -0.180993 -0.036743 
 -0.281486 -0.170617 -0.053819 
 -0.279399 -0.159595 -0.061932 
 -0.276798 -0.147876 -0.061078 
 -0.275247 -0.137649 -0.078166 
 -0.272653 -0.125963 -0.077313 
 -0.270059 -0.114277 -0.076461 
 -0.267464 -0.102592 -0.075608 
 -0.265410 -0.091717 -0.083732 
 -0.262819 -0.080048 -0.082881 
 -0.260229 -0.068379 -0.082030 
 -0.258740 -0.058431 -0.099138 
 -0.256157 -0.046794 -0.098289 
 -0.254132 -0.036051 -0.106423 
 -0.251552 -0.024431 -0.105575 
 -0.248972 -0.012811 -0.104727 
 -0.247532 -0.003077 -0.121851 
 -0.244959 0.008510 -0.121006 
 -0.242386 0.020097 -0.120161 
 -0.240394 0.030692 -0.128305 
 -0.237826 0.042263 -0.127461 
 -0.235257 0.053834 -0.126617 
 -0.232688 0.065404 -0.125773 
 -0.230119 0.076975 -0.124929 
 -0.227550 0.088546 -0.124084 
 -0.224981 0.100116 -0.123240 
 -0.221806 0.112794 -0.113399 
 -0.218014 0.126628 -0.094556 
 -0.213595 0.141668 -0.066708 
 -0.210387 0.154494 -0.056855 
 -0.205931 0.169698 -0.028995 
 -0.201453 0.185001 -0.001128 
 -0.197581 0.199197 0.017742 
 -0.194957 0.211014 0.018604 
 -0.191698 0.224070 0.028473 
 -0.187793 0.238413 0.047353 
 -0.185159 0.250280 0.048219 
 -0.181878 0.263434 0.058095 
 -0.179240 0.275317 0.058962 
 -0.175295 0.289842 0.077855 
 -0.172649 0.301757 0.078725 
 -0.154917 0.389741 0.040558 
 -0.152289 0.401574 0.041421 
 -0.149662 0.413408 0.042284 
 -0.147035 0.425242 0.043147 
 -0.144408 0.437075 0.044011 
 -0.141780 0.448909 0.044874 
 -0.139153 0.460742 0.045737 
 -0.136526 0.472576 0.046600 
 -0.133898 0.484410 0.047463 
 -0.131271 0.496243 0.048327 
 -0.128644 0.508077 0.049190 
 -0.126017 0.519911 0.050053 
 -0.123389 0.531744 0.050916 
 -0.119295 0.546943 0.069859 
 -0.118135 0.555412 0.052643 
 -0.115508 0.567245 0.053506 
 -0.111391 0.582542 0.072456 
 -0.108757 0.594409 0.073321 
 -0.106122 0.606275 0.074187 
 -0.103487 0.618142 0.075053 
 -0.100853 0.630008 0.075918 
 -0.098218 0.641875 0.076784 
 -0.095584 0.653741 0.077650 
 -0.092949 0.665608 0.078515 
 -0.090315 0.677474 0.079381 
 -0.087680 0.689341 0.080246 
 -0.085046 0.701207 0.081112 
 -0.082411 0.713074 0.081978 
 -0.079777 0.724940 0.082843 
 -0.077142 0.736807 0.083709 
 -0.074507 0.748673 0.084574 
 -0.071873 0.760540 0.085440 
 -0.069238 0.772406 0.086306 
 -0.066604 0.784273 0.087171 
 -0.063969 0.796139 0.088037 
 -0.061335 0.808006 0.088902 
 -0.058700 0.819872 0.089768 
 -0.056066 0.831739 0.090634 
 -0.053431 0.843605 0.091499 
 -0.050796 0.855472 0.092365 
 -0.048162 0.867338 0.093230 
 -0.045527 0.879205 0.094096 
 -0.042893 0.891071 0.094962 
 -0.040258 0.902938 0.095827 
 -0.037624 0.914804 0.096693 
 -0.034139 0.928879 0.106636 
 -0.031500 0.940762 0.107503 
 -0.029720 0.950404 0.099290 
 -0.028808 0.957755 0.081992 
 -0.026181 0.969589 0.082855 
 -0.023554 0.981422 0.083718 
 -0.020926 0.993256 0.084581 
 -0.368623 -0.550812 0.167312 
 -0.367060 -0.539139 0.141416 
 -0.364364 -0.526993 0.142302 
 -0.362445 -0.515261 0.125326 
 -0.359756 -0.503148 0.126210 
 -0.357463 -0.491274 0.118160 
 -0.354777 -0.479178 0.119042 
 -0.352898 -0.467626 0.102053 
 -0.351034 -0.456141 0.085059 
 -0.348363 -0.444110 0.085937 
 -0.346106 -0.432401 0.077875 
 -0.344275 -0.421063 0.060870 
 -0.341615 -0.409082 0.061744 
 -0.340231 -0.398214 0.035789 
 -0.338011 -0.386669 0.027715 
 -0.335365 -0.374753 0.028585 
 -0.333592 -0.363678 0.011561 
 -0.330954 -0.351796 0.012428 
 -0.328316 -0.339913 0.013295 
 -0.325678 -0.328030 0.014161 
 -0.323491 -0.316633 0.006077 
 -0.320856 -0.304766 0.006942 
 -0.318221 -0.292900 0.007808 
 -0.316511 -0.282105 -0.009236 
 -0.314349 -0.270823 -0.017329 
 -0.312663 -0.260143 -0.034382 
 -0.309102 -0.247189 -0.015605 
 -0.307431 -0.236574 -0.032663 
 -0.305295 -0.225407 -0.040764 
 -0.302682 -0.213639 -0.039906 
 -0.300069 -0.201872 -0.039047 
 -0.297457 -0.190104 -0.038189 
 -0.294844 -0.178336 -0.037331 
 -0.293228 -0.167968 -0.054406 
 -0.290623 -0.156233 -0.053550 
 -0.288523 -0.145231 -0.061663 
 -0.286940 -0.135010 -0.078750 
 -0.284345 -0.123325 -0.077897 
 -0.281751 -0.111639 -0.077045 
 -0.279157 -0.099953 -0.076192 
 -0.277086 -0.089082 -0.084315 
 -0.274495 -0.077413 -0.083464 
 -0.271904 -0.065744 -0.082613 
 -0.269314 -0.054075 -0.081762 
 -0.267800 -0.044167 -0.098871 
 -0.265216 -0.032530 -0.098022 
 -0.262633 -0.020894 -0.097173 
 -0.260599 -0.010188 -0.105308 
 -0.258019 0.001432 -0.104460 
 -0.255439 0.013052 -0.103613 
 -0.253980 0.022714 -0.120740 
 -0.251408 0.034301 -0.119894 
 -0.248835 0.045888 -0.119049 
 -0.246834 0.056446 -0.127195 
 -0.243690 0.069062 -0.117359 
 -0.241118 0.080649 -0.116514 
 -0.239127 0.091158 -0.124663 
 -0.235972 0.103823 -0.114823 
 -0.231631 0.118743 -0.086987 
 -0.227861 0.132634 -0.068142 
 -0.225271 0.144303 -0.067291 
 -0.220878 0.159453 -0.039438 
 -0.218277 0.171171 -0.038583 
 -0.213852 0.186469 -0.010720 
 -0.210627 0.199446 -0.000857 
 -0.206781 0.213682 0.018013 
 -0.203539 0.226742 0.027881 
 -0.199667 0.241093 0.046760 
 -0.196406 0.254234 0.056635 
 -0.193768 0.266117 0.057502 
 -0.189863 0.280616 0.076391 
 -0.187217 0.292532 0.077260 
 -0.182650 0.308471 0.105170 
 -0.179993 0.320436 0.106043 
 -0.164130 0.404246 0.040830 
 -0.161502 0.416080 0.041693 
 -0.157514 0.430957 0.060610 
 -0.154879 0.442823 0.061476 
 -0.152244 0.454690 0.062341 
 -0.150993 0.463414 0.045146 
 -0.148366 0.475248 0.046009 
 -0.145739 0.487082 0.046872 
 -0.143112 0.498915 0.047735 
 -0.139072 0.514022 0.066669 
 -0.136437 0.525889 0.067535 
 -0.133803 0.537755 0.068400 
 -0.131168 0.549622 0.069266 
 -0.128533 0.561488 0.070132 
 -0.127348 0.569917 0.052914 
 -0.123264 0.585221 0.071863 
 -0.120630 0.597088 0.072729 
 -0.117995 0.608954 0.073594 
 -0.115361 0.620821 0.074460 
 -0.112726 0.632687 0.075325 
 -0.109345 0.646371 0.085239 
 -0.106707 0.658254 0.086106 
 -0.104822 0.668287 0.077922 
 -0.102188 0.680153 0.078788 
 -0.099553 0.692020 0.079653 
 -0.096919 0.703886 0.080519 
 -0.094284 0.715753 0.081385 
 -0.091650 0.727619 0.082250 
 -0.089015 0.739486 0.083116 
 -0.086381 0.751352 0.083981 
 -0.083746 0.763219 0.084847 
 -0.081112 0.775085 0.085713 
 -0.078477 0.786952 0.086578 
 -0.075842 0.798819 0.087444 
 -0.073208 0.810685 0.088309 
 -0.070573 0.822551 0.089175 
 -0.067939 0.834418 0.090041 
 -0.065304 0.846285 0.090906 
 -0.062670 0.858151 0.091772 
 -0.060035 0.870017 0.092637 
 -0.056581 0.884030 0.102575 
 -0.054766 0.893751 0.094369 
 -0.051305 0.907796 0.104309 
 -0.049497 0.917484 0.096100 
 -0.046028 0.931562 0.106043 
 -0.043390 0.943445 0.106909 
 -0.041593 0.953083 0.098697 
 -0.040649 0.960427 0.081400 
 -0.038870 0.969983 0.073182 
 -0.036246 0.981800 0.074044 
 -0.032767 0.995928 0.083990 
 -0.380464 -0.547897 0.175629 
 -0.378848 -0.536219 0.149737 
 -0.376148 -0.524056 0.150624 
 -0.373820 -0.512105 0.142581 
 -0.371123 -0.499959 0.143467 
 -0.369186 -0.488300 0.126488 
 -0.366880 -0.476447 0.118438 
 -0.364969 -0.464903 0.101450 
 -0.363072 -0.453424 0.084458 
 -0.360401 -0.441393 0.085336 
 -0.357730 -0.429363 0.086213 
 -0.355460 -0.417674 0.078151 
 -0.353603 -0.406376 0.061145 
 -0.351352 -0.394770 0.053077 
 -0.349521 -0.383587 0.036063 
 -0.346872 -0.371655 0.036934 
 -0.345482 -0.360995 0.010967 
 -0.342844 -0.349113 0.011834 
 -0.340206 -0.337230 0.012701 
 -0.337568 -0.325347 0.013568 
 -0.335364 -0.313954 0.005484 
 -0.332729 -0.302087 0.006350 
 -0.330095 -0.290221 0.007215 
 -0.328351 -0.279433 -0.009828 
 -0.325724 -0.267599 -0.008965 
 -0.323549 -0.256338 -0.017058 
 -0.320925 -0.244520 -0.016196 
 -0.319222 -0.233913 -0.033252 
 -0.317069 -0.222750 -0.041352 
 -0.314457 -0.210982 -0.040494 
 -0.311844 -0.199215 -0.039636 
 -0.310180 -0.188788 -0.056704 
 -0.307575 -0.177053 -0.055848 
 -0.304970 -0.165318 -0.054992 
 -0.302850 -0.154303 -0.063103 
 -0.300248 -0.142585 -0.062249 
 -0.298632 -0.132372 -0.079334 
 -0.296038 -0.120686 -0.078481 
 -0.293443 -0.109000 -0.077629 
 -0.290849 -0.097315 -0.076776 
 -0.288762 -0.086448 -0.084898 
 -0.286171 -0.074778 -0.084047 
 -0.283580 -0.063109 -0.083196 
 -0.280990 -0.051440 -0.082345 
 -0.278399 -0.039771 -0.081493 
 -0.275808 -0.028101 -0.080642 
 -0.274276 -0.018267 -0.097755 
 -0.271692 -0.006630 -0.096906 
 -0.269109 0.005006 -0.096057 
 -0.267066 0.015676 -0.104193 
 -0.264486 0.027296 -0.103346 
 -0.261906 0.038916 -0.102498 
 -0.259326 0.050536 -0.101651 
 -0.257856 0.060091 -0.118783 
 -0.254167 0.073776 -0.099955 
 -0.251587 0.085396 -0.099108 
 -0.249007 0.097016 -0.098260 
 -0.245858 0.109734 -0.088418 
 -0.242128 0.123599 -0.069576 
 -0.238961 0.136399 -0.059728 
 -0.235205 0.150380 -0.040878 
 -0.232020 0.163262 -0.031024 
 -0.228239 0.177358 -0.012166 
 -0.225035 0.190323 -0.002306 
 -0.221228 0.204533 0.016561 
 -0.218006 0.217580 0.026427 
 -0.214174 0.231906 0.045302 
 -0.210934 0.245035 0.055174 
 -0.207076 0.259475 0.074057 
 -0.204431 0.271391 0.074926 
 -0.201785 0.283307 0.075795 
 -0.198519 0.296551 0.085676 
 -0.195870 0.308483 0.086546 
 -0.190082 0.327221 0.132487 
 -0.187414 0.339235 0.133364 
 -0.166752 0.445503 0.060883 
 -0.164118 0.457369 0.061748 
 -0.162834 0.466086 0.044554 
 -0.153580 0.504835 0.065211 
 -0.150945 0.516702 0.066076 
 -0.148310 0.528568 0.066942 
 -0.145676 0.540435 0.067808 
 -0.143041 0.552301 0.068673 
 -0.140407 0.564168 0.069539 
 -0.137772 0.576034 0.070404 
 -0.135138 0.587901 0.071270 
 -0.132503 0.599767 0.072136 
 -0.129869 0.611634 0.073001 
 -0.126511 0.625289 0.082912 
 -0.123873 0.637171 0.083779 
 -0.121235 0.649054 0.084646 
 -0.118597 0.660937 0.085512 
 -0.116696 0.670966 0.077329 
 -0.114061 0.682833 0.078195 
 -0.110682 0.696586 0.088113 
 -0.108044 0.708469 0.088980 
 -0.105406 0.720352 0.089846 
 -0.103523 0.730299 0.081657 
 -0.100129 0.744118 0.091580 
 -0.097491 0.756001 0.092447 
 -0.094853 0.767884 0.093314 
 -0.092985 0.777765 0.085120 
 -0.090350 0.789631 0.085985 
 -0.087716 0.801498 0.086851 
 -0.085081 0.813364 0.087716 
 -0.082447 0.825231 0.088582 
 -0.079812 0.837097 0.089448 
 -0.077177 0.848964 0.090313 
 -0.074543 0.860830 0.091179 
 -0.071908 0.872697 0.092044 
 -0.068471 0.886713 0.101982 
 -0.066639 0.896430 0.093776 
 -0.063194 0.910479 0.103715 
 -0.061370 0.920163 0.095507 
 -0.058736 0.932029 0.096373 
 -0.055280 0.946128 0.106316 
 -0.055116 0.951265 0.079946 
 -0.053317 0.960834 0.071729 
 -0.050694 0.972651 0.072591 
 -0.048070 0.984468 0.073453 
 -0.392682 -0.545140 0.175019 
 -0.390320 -0.533110 0.166983 
 -0.387612 -0.520915 0.167873 
 -0.385617 -0.509148 0.150903 
 -0.382917 -0.496986 0.151790 
 -0.380580 -0.485070 0.143746 
 -0.378617 -0.473452 0.126766 
 -0.377039 -0.462179 0.100847 
 -0.374361 -0.450115 0.101727 
 -0.372438 -0.438677 0.084734 
 -0.369767 -0.426646 0.085612 
 -0.367481 -0.414961 0.077550 
 -0.365592 -0.403671 0.060547 
 -0.362932 -0.391689 0.061421 
 -0.360668 -0.380103 0.053352 
 -0.358811 -0.368961 0.036337 
 -0.356565 -0.357457 0.028263 
 -0.353919 -0.345541 0.029132 
 -0.352095 -0.334547 0.012107 
 -0.349457 -0.322664 0.012974 
 -0.346819 -0.310781 0.013841 
 -0.344602 -0.299408 0.005757 
 -0.341968 -0.287541 0.006622 
 -0.339333 -0.275675 0.007488 
 -0.337564 -0.264927 -0.009556 
 -0.335373 -0.253669 -0.017648 
 -0.332749 -0.241852 -0.016786 
 -0.331013 -0.231252 -0.033841 
 -0.328844 -0.220093 -0.041940 
 -0.326231 -0.208325 -0.041082 
 -0.323618 -0.196557 -0.040224 
 -0.321922 -0.186139 -0.057291 
 -0.319317 -0.174404 -0.056435 
 -0.316711 -0.162669 -0.055579 
 -0.314575 -0.151657 -0.063689 
 -0.311973 -0.139939 -0.062834 
 -0.310324 -0.129733 -0.079917 
 -0.307730 -0.118048 -0.079065 
 -0.305136 -0.106362 -0.078213 
 -0.302541 -0.094676 -0.077360 
 -0.300438 -0.083813 -0.085481 
 -0.297847 -0.072144 -0.084630 
 -0.295256 -0.060474 -0.083779 
 -0.292665 -0.048805 -0.082928 
 -0.290075 -0.037136 -0.082077 
 -0.287484 -0.025467 -0.081225 
 -0.285919 -0.015639 -0.098336 
 -0.283335 -0.004003 -0.097487 
 -0.280752 0.007633 -0.096639 
 -0.278169 0.019270 -0.095790 
 -0.275585 0.030906 -0.094941 
 -0.273002 0.042543 -0.094092 
 -0.270418 0.054179 -0.093243 
 -0.267835 0.065816 -0.092395 
 -0.264167 0.079557 -0.073564 
 -0.262668 0.089088 -0.090697 
 -0.258985 0.102895 -0.071862 
 -0.255842 0.115667 -0.062017 
 -0.253247 0.127352 -0.061164 
 -0.249532 0.141307 -0.042319 
 -0.246367 0.154177 -0.032466 
 -0.242626 0.168247 -0.013613 
 -0.239442 0.181199 -0.003754 
 -0.236826 0.192983 -0.002895 
 -0.233052 0.207201 0.015970 
 -0.229846 0.220252 0.025836 
 -0.226047 0.234585 0.044709 
 -0.222823 0.247718 0.054580 
 -0.218999 0.262166 0.073461 
 -0.216353 0.274081 0.074331 
 -0.213708 0.285997 0.075200 
 -0.210458 0.299245 0.085080 
 -0.205986 0.315222 0.112987 
 -0.201492 0.331298 0.140901 
 -0.195745 0.350235 0.186850 
 -0.191200 0.366541 0.214781 
 -0.188500 0.378703 0.215668 
 -0.160184 0.531247 0.066349 
 -0.157549 0.543114 0.067215 
 -0.154915 0.554981 0.068080 
 -0.152280 0.566847 0.068946 
 -0.151029 0.575261 0.051732 
 -0.148402 0.587094 0.052595 
 -0.144376 0.602446 0.071543 
 -0.141742 0.614313 0.072408 
 -0.138401 0.627972 0.082318 
 -0.134343 0.643472 0.101276 
 -0.131697 0.655387 0.102145 
 -0.129052 0.667303 0.103014 
 -0.127848 0.675503 0.085785 
 -0.125210 0.687386 0.086652 
 -0.122572 0.699269 0.087519 
 -0.118470 0.714966 0.106491 
 -0.117295 0.723035 0.089253 
 -0.114657 0.734918 0.090119 
 -0.110533 0.750714 0.109099 
 -0.107888 0.762630 0.109968 
 -0.105242 0.774546 0.110837 
 -0.104104 0.782450 0.093587 
 -0.101466 0.794333 0.094453 
 -0.098828 0.806216 0.095320 
 -0.096954 0.816044 0.087123 
 -0.093551 0.829982 0.097054 
 -0.091685 0.839777 0.088855 
 -0.089051 0.851643 0.089720 
 -0.086416 0.863510 0.090586 
 -0.083782 0.875376 0.091452 
 -0.080360 0.889396 0.101388 
 -0.077722 0.901279 0.102255 
 -0.075084 0.913162 0.103121 
 -0.073243 0.922842 0.094914 
 -0.070609 0.934709 0.095780 
 -0.067169 0.948811 0.105722 
 -0.066957 0.953937 0.079355 
 -0.069202 0.952158 0.025743 
 -0.066597 0.963893 0.026599 
 -0.401525 -0.529801 0.193152 
 -0.398807 -0.517557 0.194045 
 -0.396088 -0.505312 0.194939 
 -0.394056 -0.493536 0.177972 
 -0.391692 -0.481576 0.169932 
 -0.390036 -0.470182 0.144025 
 -0.388402 -0.458887 0.118111 
 -0.386432 -0.447391 0.101125 
 -0.384476 -0.435961 0.084133 
 -0.381805 -0.423930 0.085011 
 -0.379503 -0.412248 0.076950 
 -0.376835 -0.400234 0.077826 
 -0.374920 -0.388984 0.060822 
 -0.372640 -0.377401 0.052754 
 -0.369983 -0.365436 0.053627 
 -0.368101 -0.354334 0.036612 
 -0.365451 -0.342402 0.037482 
 -0.363197 -0.330934 0.029406 
 -0.361347 -0.319981 0.012380 
 -0.358709 -0.308098 0.013247 
 -0.356070 -0.296215 0.014114 
 -0.353841 -0.284862 0.006029 
 -0.351207 -0.272996 0.006895 
 -0.348572 -0.261129 0.007760 
 -0.346777 -0.250422 -0.009284 
 -0.344573 -0.239184 -0.017377 
 -0.342804 -0.228592 -0.034430 
 -0.340618 -0.217436 -0.042528 
 -0.338006 -0.205668 -0.041670 
 -0.335393 -0.193900 -0.040812 
 -0.333664 -0.183489 -0.057877 
 -0.331058 -0.171754 -0.057021 
 -0.328453 -0.160019 -0.056165 
 -0.326300 -0.149011 -0.064275 
 -0.323699 -0.137293 -0.063420 
 -0.322017 -0.127095 -0.080501 
 -0.319422 -0.115409 -0.079649 
 -0.316828 -0.103723 -0.078797 
 -0.314234 -0.092038 -0.077944 
 -0.312114 -0.081178 -0.086065 
 -0.309523 -0.069509 -0.085213 
 -0.306932 -0.057840 -0.084362 
 -0.304341 -0.046170 -0.083511 
 -0.301751 -0.034501 -0.082660 
 -0.299160 -0.022832 -0.081808 
 -0.296569 -0.011163 -0.080957 
 -0.293978 0.000507 -0.080106 
 -0.291388 0.012176 -0.079255 
 -0.288797 0.023845 -0.078404 
 -0.287228 0.033534 -0.095522 
 -0.284645 0.045170 -0.094674 
 -0.281024 0.058853 -0.075850 
 -0.278434 0.070522 -0.074999 
 -0.275843 0.082192 -0.074147 
 -0.273252 0.093861 -0.073296 
 -0.270128 0.106619 -0.063453 
 -0.266461 0.120516 -0.044614 
 -0.263319 0.133356 -0.034765 
 -0.260714 0.145092 -0.033909 
 -0.258108 0.156827 -0.033053 
 -0.253849 0.172075 -0.005203 
 -0.250123 0.186235 0.013656 
 -0.247500 0.198052 0.014518 
 -0.244314 0.211090 0.024381 
 -0.240555 0.225398 0.043250 
 -0.237921 0.237264 0.044116 
 -0.234713 0.250401 0.053987 
 -0.230921 0.264856 0.072866 
 -0.227696 0.278075 0.082743 
 -0.225046 0.290007 0.083613 
 -0.221222 0.304610 0.102504 
 -0.216792 0.320632 0.130410 
 -0.212339 0.336751 0.158324 
 -0.207865 0.352970 0.186245 
 -0.203369 0.369287 0.214173 
 -0.200669 0.381449 0.215060 
 -0.197969 0.393612 0.215947 
 -0.140274 0.671839 0.111466 
 -0.138329 0.681909 0.103288 
 -0.135683 0.693825 0.104157 
 -0.133038 0.705741 0.105027 
 -0.130392 0.717657 0.105896 
 -0.127747 0.729573 0.106765 
 -0.126547 0.737601 0.089526 
 -0.121730 0.755364 0.117559 
 -0.119080 0.767297 0.118429 
 -0.117165 0.777236 0.110242 
 -0.115994 0.785133 0.092993 
 -0.111874 0.801068 0.111980 
 -0.110718 0.808899 0.094726 
 -0.108828 0.818723 0.086531 
 -0.106193 0.830589 0.087396 
 -0.103558 0.842456 0.088262 
 -0.100924 0.854322 0.089127 
 -0.098289 0.866189 0.089993 
 -0.094888 0.880196 0.099927 
 -0.092250 0.892079 0.100794 
 -0.089612 0.903962 0.101661 
 -0.087751 0.913655 0.093455 
 -0.085117 0.925521 0.094321 
 -0.082482 0.937388 0.095187 
 -0.079847 0.949254 0.096052 
 -0.083549 0.943073 0.024300 
 -0.081739 0.952536 0.016078 
 -0.079138 0.964254 0.016933 
 -0.410420 -0.514381 0.211286 
 -0.407694 -0.502104 0.212182 
 -0.405621 -0.490303 0.195220 
 -0.403564 -0.478567 0.178253 
 -0.401855 -0.467169 0.152349 
 -0.399492 -0.455294 0.144304 
 -0.398502 -0.444667 0.100522 
 -0.395824 -0.432604 0.101402 
 -0.393843 -0.421213 0.084410 
 -0.391524 -0.409536 0.076350 
 -0.388857 -0.397521 0.077226 
 -0.386908 -0.386279 0.060223 
 -0.384611 -0.374700 0.052157 
 -0.381955 -0.362735 0.053029 
 -0.380040 -0.351640 0.036015 
 -0.377390 -0.339708 0.036886 
 -0.375119 -0.328244 0.028810 
 -0.372474 -0.316328 0.029680 
 -0.370598 -0.305415 0.012653 
 -0.367960 -0.293532 0.013520 
 -0.365714 -0.282183 0.005436 
 -0.363080 -0.270316 0.006302 
 -0.360445 -0.258450 0.007167 
 -0.358617 -0.247750 -0.009875 
 -0.356397 -0.236516 -0.017967 
 -0.354595 -0.225931 -0.035019 
 -0.352393 -0.214779 -0.043116 
 -0.349780 -0.203011 -0.042258 
 -0.347168 -0.191243 -0.041400 
 -0.345405 -0.180839 -0.058463 
 -0.342800 -0.169104 -0.057607 
 -0.340195 -0.157369 -0.056751 
 -0.338026 -0.146365 -0.064860 
 -0.336304 -0.136142 -0.081938 
 -0.333709 -0.124456 -0.081085 
 -0.331115 -0.112771 -0.080233 
 -0.328971 -0.101882 -0.088350 
 -0.325926 -0.089399 -0.078528 
 -0.323790 -0.078543 -0.086648 
 -0.321199 -0.066874 -0.085796 
 -0.318608 -0.055205 -0.084945 
 -0.316017 -0.043536 -0.084094 
 -0.313427 -0.031866 -0.083243 
 -0.310836 -0.020197 -0.082392 
 -0.308245 -0.008528 -0.081540 
 -0.305654 0.003141 -0.080689 
 -0.303063 0.014811 -0.079838 
 -0.300473 0.026480 -0.078987 
 -0.297882 0.038149 -0.078135 
 -0.295291 0.049819 -0.077284 
 -0.292700 0.061488 -0.076433 
 -0.289604 0.074201 -0.066594 
 -0.287010 0.085886 -0.065742 
 -0.284928 0.096496 -0.073879 
 -0.280788 0.111443 -0.046054 
 -0.278186 0.123162 -0.045199 
 -0.275061 0.136006 -0.035351 
 -0.270873 0.151168 -0.007511 
 -0.268788 0.161793 -0.015647 
 -0.264571 0.177086 0.012203 
 -0.261409 0.190095 0.022063 
 -0.258782 0.201928 0.022927 
 -0.256154 0.213762 0.023790 
 -0.252429 0.228077 0.042657 
 -0.249241 0.241201 0.052526 
 -0.245490 0.255631 0.071401 
 -0.242284 0.268836 0.081276 
 -0.239635 0.280769 0.082147 
 -0.236985 0.292701 0.083017 
 -0.233194 0.307312 0.101906 
 -0.228238 0.324700 0.138821 
 -0.224410 0.339475 0.157721 
 -0.220567 0.354316 0.176627 
 -0.216124 0.370628 0.204551 
 -0.213428 0.382774 0.205437 
 -0.210138 0.396358 0.215340 
 -0.128370 0.781923 0.118703 
 -0.122607 0.811582 0.094133 
 -0.119969 0.823465 0.094999 
 -0.118066 0.833269 0.086803 
 -0.115432 0.845135 0.087669 
 -0.112797 0.857002 0.088534 
 -0.109416 0.870996 0.098467 
 -0.106778 0.882879 0.099333 
 -0.104140 0.894762 0.100200 
 -0.101502 0.906645 0.101067 
 -0.099624 0.916334 0.092862 
 -0.098519 0.923780 0.075582 
 -0.098965 0.926706 0.040150 
 -0.096352 0.938474 0.041008 
 -0.095291 0.945722 0.023714 
 -0.093464 0.955181 0.015492 
 -0.422704 -0.511609 0.210673 
 -0.419978 -0.499332 0.211568 
 -0.417873 -0.487538 0.194608 
 -0.415782 -0.475810 0.177642 
 -0.414024 -0.464423 0.151742 
 -0.411645 -0.452551 0.143697 
 -0.410573 -0.441943 0.099919 
 -0.407894 -0.429880 0.100799 
 -0.405880 -0.418497 0.083809 
 -0.403209 -0.406466 0.084686 
 -0.400878 -0.394809 0.076626 
 -0.398897 -0.383574 0.059625 
 -0.396237 -0.371592 0.060499 
 -0.393927 -0.360033 0.052431 
 -0.391270 -0.348068 0.053304 
 -0.389329 -0.337014 0.036289 
 -0.386680 -0.325082 0.037160 
 -0.384396 -0.313638 0.029084 
 -0.381751 -0.301722 0.029953 
 -0.379850 -0.290849 0.012926 
 -0.377588 -0.279503 0.004843 
 -0.374953 -0.267637 0.005709 
 -0.372319 -0.255770 0.006574 
 -0.370458 -0.245078 -0.010467 
 -0.368221 -0.233848 -0.018558 
 -0.366386 -0.223270 -0.035607 
 -0.364167 -0.212122 -0.043705 
 -0.361555 -0.200354 -0.042846 
 -0.358942 -0.188586 -0.041988 
 -0.357147 -0.178190 -0.059050 
 -0.354542 -0.166455 -0.058194 
 -0.351936 -0.154720 -0.057338 
 -0.349751 -0.143720 -0.065446 
 -0.347149 -0.132001 -0.064591 
 -0.345401 -0.121818 -0.081669 
 -0.342807 -0.110132 -0.080817 
 -0.340213 -0.098446 -0.079964 
 -0.337618 -0.086761 -0.079112 
 -0.335465 -0.075909 -0.087231 
 -0.332875 -0.064239 -0.086380 
 -0.330284 -0.052570 -0.085528 
 -0.327693 -0.040901 -0.084677 
 -0.325102 -0.029232 -0.083826 
 -0.322512 -0.017562 -0.082975 
 -0.319921 -0.005893 -0.082123 
 -0.317330 0.005776 -0.081272 
 -0.314739 0.017446 -0.080421 
 -0.312149 0.029115 -0.079570 
 -0.309558 0.040784 -0.078719 
 -0.306967 0.052453 -0.077867 
 -0.303891 0.065153 -0.068031 
 -0.301296 0.076839 -0.067178 
 -0.298702 0.088525 -0.066326 
 -0.296108 0.100211 -0.065473 
 -0.292513 0.114089 -0.046640 
 -0.289408 0.126921 -0.036794 
 -0.285788 0.140914 -0.017952 
 -0.282664 0.153828 -0.008100 
 -0.280048 0.165612 -0.007240 
 -0.275877 0.180933 0.020609 
 -0.272205 0.195157 0.039467 
 -0.269571 0.207023 0.040333 
 -0.266936 0.218890 0.041199 
 -0.262703 0.234489 0.069068 
 -0.260058 0.246405 0.069937 
 -0.256872 0.259598 0.079809 
 -0.254223 0.271531 0.080680 
 -0.250479 0.286083 0.099563 
 -0.247822 0.298048 0.100435 
 -0.244611 0.311356 0.110316 
 -0.240276 0.327416 0.138219 
 -0.236481 0.342199 0.157118 
 -0.232671 0.357047 0.176023 
 -0.228277 0.373370 0.203944 
 -0.225580 0.385516 0.204830 
 -0.419965 -0.427156 0.100196 
 -0.417918 -0.415781 0.083207 
 -0.415247 -0.403750 0.084085 
 -0.412899 -0.392096 0.076025 
 -0.410232 -0.380081 0.076902 
 -0.408225 -0.368887 0.059900 
 -0.405565 -0.356905 0.060774 
 -0.403242 -0.345366 0.052706 
 -0.400586 -0.333401 0.053579 
 -0.398619 -0.322387 0.036564 
 -0.395970 -0.310455 0.037434 
 -0.393673 -0.299032 0.029358 
 -0.391740 -0.288166 0.012332 
 -0.389101 -0.276283 0.013199 
 -0.386463 -0.264400 0.014066 
 -0.384192 -0.253091 0.005982 
 -0.382298 -0.242406 -0.011058 
 -0.379671 -0.230572 -0.010195 
 -0.377421 -0.219362 -0.018286 
 -0.375942 -0.209465 -0.044293 
 -0.373329 -0.197697 -0.043434 
 -0.370717 -0.185929 -0.042576 
 -0.368889 -0.175540 -0.059636 
 -0.366283 -0.163805 -0.058780 
 -0.363678 -0.152070 -0.057924 
 -0.361476 -0.141074 -0.066031 
 -0.359688 -0.130865 -0.083106 
 -0.357094 -0.119179 -0.082253 
 -0.354914 -0.108282 -0.090368 
 -0.352323 -0.096612 -0.089516 
 -0.349732 -0.084943 -0.088665 
 -0.347141 -0.073274 -0.087814 
 -0.344551 -0.061605 -0.086963 
 -0.341960 -0.049935 -0.086111 
 -0.339369 -0.038266 -0.085260 
 -0.336778 -0.026597 -0.084409 
 -0.334188 -0.014927 -0.083558 
 -0.331597 -0.003258 -0.082707 
 -0.329006 0.008411 -0.081855 
 -0.326415 0.020080 -0.081004 
 -0.323824 0.031750 -0.080153 
 -0.321234 0.043419 -0.079302 
 -0.318643 0.055088 -0.078450 
 -0.315583 0.067792 -0.068615 
 -0.312989 0.079478 -0.067762 
 -0.310394 0.091163 -0.066910 
 -0.307800 0.102849 -0.066057 
 -0.303755 0.117835 -0.038236 
 -0.301149 0.129570 -0.037380 
 -0.297562 0.143571 -0.018540 
 -0.293466 0.158788 0.009298 
 -0.291839 0.168273 -0.007829 
 -0.286713 0.185969 0.038009 
 -0.283573 0.199035 0.047871 
 -0.280935 0.210918 0.048738 
 -0.278297 0.222801 0.049605 
 -0.274626 0.237180 0.068472 
 -0.271460 0.250360 0.078343 
 -0.268811 0.262293 0.079213 
 -0.265107 0.276820 0.098092 
 -0.262451 0.288785 0.098965 
 -0.259259 0.302080 0.108844 
 -0.255523 0.316755 0.127733 
 -0.251229 0.332859 0.155636 
 -0.247460 0.347682 0.174536 
 -0.244225 0.361175 0.184429 
 -0.241536 0.373288 0.185313 
 -0.237733 0.388259 0.204223 
 -0.424920 -0.389383 0.075425 
 -0.422873 -0.378163 0.058427 
 -0.420213 -0.366181 0.059301 
 -0.417553 -0.354200 0.060175 
 -0.414893 -0.342218 0.061049 
 -0.412558 -0.330700 0.052981 
 -0.409901 -0.318735 0.053854 
 -0.407909 -0.307761 0.036838 
 -0.405260 -0.295829 0.037708 
 -0.403629 -0.285483 0.011738 
 -0.400991 -0.273600 0.012605 
 -0.398353 -0.261717 0.013472 
 -0.395715 -0.249834 0.014339 
 -0.393430 -0.238545 0.006254 
 -0.391511 -0.227900 -0.010786 
 -0.389245 -0.216694 -0.018877 
 -0.387352 -0.206164 -0.035925 
 -0.384735 -0.194380 -0.035066 
 -0.382491 -0.183272 -0.043164 
 -0.379879 -0.171504 -0.042305 
 -0.378025 -0.161155 -0.059367 
 -0.375420 -0.149420 -0.058511 
 -0.373201 -0.138428 -0.066617 
 -0.371381 -0.128227 -0.083690 
 -0.368786 -0.116541 -0.082837 
 -0.366590 -0.105647 -0.090951 
 -0.363999 -0.093978 -0.090099 
 -0.361408 -0.082308 -0.089248 
 -0.358817 -0.070639 -0.088397 
 -0.356227 -0.058970 -0.087546 
 -0.353636 -0.047301 -0.086695 
 -0.351045 -0.035631 -0.085843 
 -0.348454 -0.023962 -0.084992 
 -0.345863 -0.012293 -0.084141 
 -0.343273 -0.000624 -0.083290 
 -0.340682 0.011046 -0.082438 
 -0.338091 0.022715 -0.081587 
 -0.335500 0.034384 -0.080736 
 -0.332910 0.046054 -0.079885 
 -0.330319 0.057723 -0.079034 
 -0.327276 0.070430 -0.069198 
 -0.323769 0.084225 -0.050375 
 -0.321167 0.095944 -0.049521 
 -0.318565 0.107662 -0.048666 
 -0.314562 0.122693 -0.020845 
 -0.311949 0.134461 -0.019987 
 -0.309337 0.146229 -0.019128 
 -0.297162 0.181061 0.161578 
 -0.294477 0.193158 0.162460 
 -0.297130 0.192207 0.064400 
 -0.294485 0.204123 0.065269 
 -0.291839 0.216039 0.066138 
 -0.288697 0.229190 0.076006 
 -0.286048 0.241122 0.076876 
 -0.282392 0.255591 0.095748 
 -0.279735 0.267556 0.096621 
 -0.276568 0.280822 0.106497 
 -0.273908 0.292804 0.107371 
 -0.270211 0.307454 0.126256 
 -0.265978 0.323519 0.154153 
 -0.262249 0.338317 0.173049 
 -0.259034 0.351797 0.182940 
 -0.255279 0.366709 0.201844 
 -0.252583 0.378855 0.202730 
 -0.434862 -0.375458 0.057828 
 -0.432202 -0.363476 0.058702 
 -0.429542 -0.351495 0.059576 
 -0.426881 -0.339513 0.060450 
 -0.424221 -0.327532 0.061324 
 -0.421873 -0.316033 0.053256 
 -0.419217 -0.304068 0.054129 
 -0.417199 -0.293135 0.037112 
 -0.414873 -0.281735 0.029036 
 -0.412227 -0.269819 0.029906 
 -0.410243 -0.259034 0.012878 
 -0.407604 -0.247151 0.013745 
 -0.405304 -0.235866 0.005661 
 -0.403352 -0.225229 -0.011377 
 -0.401069 -0.214026 -0.019467 
 -0.399143 -0.203504 -0.036514 
 -0.396526 -0.191719 -0.035655 
 -0.393910 -0.179935 -0.034795 
 -0.391653 -0.168847 -0.042893 
 -0.389041 -0.157079 -0.042035 
 -0.386428 -0.145312 -0.041177 
 -0.384556 -0.135036 -0.058241 
 -0.383073 -0.125588 -0.084274 
 -0.380479 -0.113903 -0.083421 
 -0.378265 -0.103012 -0.091534 
 -0.375675 -0.091343 -0.090683 
 -0.373084 -0.079674 -0.089831 
 -0.370493 -0.068004 -0.088980 
 -0.367902 -0.056335 -0.088129 
 -0.365312 -0.044666 -0.087278 
 -0.362721 -0.032997 -0.086426 
 -0.360130 -0.021327 -0.085575 
 -0.358360 -0.011512 -0.102674 
 -0.354949 0.002011 -0.083873 
 -0.352358 0.013681 -0.083022 
 -0.349767 0.025350 -0.082170 
 -0.347176 0.037019 -0.081319 
 -0.344586 0.048688 -0.080468 
 -0.341995 0.060358 -0.079617 
 -0.338968 0.073069 -0.069782 
 -0.335494 0.086871 -0.050961 
 -0.332892 0.098590 -0.050106 
 -0.330291 0.110308 -0.049251 
 -0.327689 0.122027 -0.048397 
 -0.325087 0.133746 -0.047542 
 -0.311951 0.171695 0.160091 
 -0.309266 0.183792 0.160973 
 -0.306115 0.197062 0.170848 
 -0.303894 0.207985 0.162738 
 -0.303099 0.215257 0.127640 
 -0.301857 0.223620 0.101528 
 -0.299197 0.235601 0.102402 
 -0.297020 0.246327 0.094278 
 -0.293877 0.259565 0.104150 
 -0.291217 0.271546 0.105024 
 -0.287567 0.286137 0.123903 
 -0.284900 0.298152 0.124779 
 -0.281731 0.311504 0.134661 
 -0.277038 0.328951 0.171562 
 -0.273843 0.342419 0.181452 
 -0.271154 0.354532 0.182335 
 -0.268465 0.366645 0.183219 
 -0.264735 0.381597 0.202123 
 -0.444190 -0.360771 0.058104 
 -0.441530 -0.348789 0.058978 
 -0.438870 -0.336808 0.059852 
 -0.436210 -0.324826 0.060726 
 -0.433845 -0.313332 0.052658 
 -0.430890 -0.300863 0.062474 
 -0.428532 -0.289401 0.054404 
 -0.426489 -0.278508 0.037386 
 -0.423840 -0.266576 0.038256 
 -0.421504 -0.255213 0.030179 
 -0.418859 -0.243297 0.031049 
 -0.416856 -0.232585 0.014018 
 -0.414542 -0.221320 0.005934 
 -0.412565 -0.210723 -0.011106 
 -0.410934 -0.200843 -0.037103 
 -0.408317 -0.189059 -0.036244 
 -0.405701 -0.177274 -0.035384 
 -0.403428 -0.166190 -0.043481 
 -0.400815 -0.154422 -0.042623 
 -0.398202 -0.142655 -0.041765 
 -0.396298 -0.132386 -0.058827 
 -0.394765 -0.122950 -0.084857 
 -0.392171 -0.111264 -0.084005 
 -0.389941 -0.100377 -0.092117 
 -0.387351 -0.088708 -0.091266 
 -0.384760 -0.077039 -0.090414 
 -0.382169 -0.065370 -0.089563 
 -0.379578 -0.053700 -0.088712 
 -0.376988 -0.042031 -0.087861 
 -0.375170 -0.032157 -0.104953 
 -0.372587 -0.020521 -0.104104 
 -0.370003 -0.008884 -0.103255 
 -0.367420 0.002752 -0.102407 
 -0.364034 0.016315 -0.083605 
 -0.361443 0.027985 -0.082753 
 -0.358852 0.039654 -0.081902 
 -0.356261 0.051323 -0.081051 
 -0.353255 0.064022 -0.071219 
 -0.349401 0.078844 -0.043419 
 -0.345949 0.092703 -0.024596 
 -0.342056 0.107707 0.003216 
 -0.339432 0.119524 0.004078 
 -0.332900 0.141343 0.085825 
 -0.330244 0.153308 0.086697 
 -0.324055 0.174427 0.159487 
 -0.320924 0.187684 0.169360 
 -0.318235 0.199797 0.170243 
 -0.315545 0.211910 0.171127 
 -0.311944 0.226443 0.189999 
 -0.309247 0.238589 0.190885 
 -0.306551 0.250735 0.191771 
 -0.303854 0.262881 0.192657 
 -0.304923 0.264821 0.121550 
 -0.301782 0.278128 0.131427 
 -0.298155 0.292776 0.150307 
 -0.296440 0.302190 0.133182 
 -0.291827 0.319586 0.170075 
 -0.289142 0.331683 0.170958 
 -0.285963 0.345154 0.180846 
 -0.283274 0.357267 0.181730 
 -0.279585 0.372194 0.200631 
 -0.453518 -0.346084 0.058379 
 -0.450858 -0.334103 0.059253 
 -0.448198 -0.322121 0.060127 
 -0.445538 -0.310139 0.061001 
 -0.442878 -0.298158 0.061875 
 -0.440504 -0.286700 0.053806 
 -0.438718 -0.276354 0.027846 
 -0.436073 -0.264438 0.028715 
 -0.433427 -0.252522 0.029584 
 -0.430782 -0.240607 0.030453 
 -0.428745 -0.229902 0.013424 
 -0.426416 -0.218641 0.005341 
 -0.423781 -0.206774 0.006206 
 -0.422725 -0.198182 -0.037692 
 -0.420108 -0.186398 -0.036832 
 -0.417492 -0.174613 -0.035973 
 -0.415202 -0.163533 -0.044069 
 -0.412590 -0.151765 -0.043211 
 -0.409977 -0.139998 -0.042353 
 -0.408039 -0.129737 -0.059414 
 -0.405434 -0.118002 -0.058558 
 -0.403863 -0.108626 -0.084589 
 -0.401269 -0.096940 -0.083737 
 -0.398674 -0.085254 -0.082884 
 -0.396436 -0.074404 -0.090998 
 -0.393845 -0.062735 -0.090146 
 -0.391254 -0.051065 -0.089295 
 -0.388663 -0.039396 -0.088444 
 -0.386813 -0.029530 -0.105534 
 -0.384230 -0.017893 -0.104686 
 -0.381646 -0.006257 -0.103837 
 -0.379063 0.005379 -0.102988 
 -0.375710 0.018950 -0.084188 
 -0.373119 0.030619 -0.083337 
 -0.370528 0.042289 -0.082485 
 -0.367541 0.054974 -0.072655 
 -0.364148 0.068726 -0.053842 
 -0.361143 0.081494 -0.044006 
 -0.357317 0.096426 -0.016202 
 -0.353880 0.110375 0.002626 
 -0.351256 0.122192 0.003488 
 -0.344872 0.144044 0.085227 
 -0.340530 0.160535 0.122050 
 -0.336158 0.177158 0.158882 
 -0.332186 0.192748 0.186734 
 -0.329490 0.204894 0.187620 
 -0.327665 0.214645 0.170521 
 -0.324097 0.229186 0.189392 
 -0.321400 0.241331 0.190278 
 -0.318703 0.253477 0.191164 
 -0.316007 0.265623 0.192050 
 -0.316945 0.267534 0.120949 
 -0.311530 0.287323 0.175823 
 -0.308840 0.299436 0.176707 
 -0.306151 0.311549 0.177590 
 -0.302524 0.326353 0.196480 
 -0.299827 0.338499 0.197366 
 -0.297131 0.350645 0.198252 
 -0.294434 0.362791 0.199138 
 -0.462847 -0.331397 0.058654 
 -0.460186 -0.319416 0.059528 
 -0.457526 -0.307434 0.060402 
 -0.454866 -0.295453 0.061276 
 -0.452206 -0.283471 0.062150 
 -0.450367 -0.273120 0.036194 
 -0.447995 -0.261748 0.028119 
 -0.445350 -0.249832 0.028989 
 -0.442704 -0.237916 0.029858 
 -0.440635 -0.227219 0.012831 
 -0.437997 -0.215336 0.013697 
 -0.435654 -0.204095 0.005614 
 -0.433917 -0.194204 -0.020377 
 -0.431294 -0.182387 -0.019515 
 -0.429283 -0.171953 -0.036562 
 -0.426667 -0.160168 -0.035702 
 -0.424050 -0.148384 -0.034842 
 -0.421752 -0.137341 -0.042941 
 -0.419139 -0.125573 -0.042082 
 -0.417501 -0.116126 -0.068104 
 -0.415556 -0.105987 -0.085173 
 -0.412961 -0.094301 -0.084320 
 -0.410367 -0.082616 -0.083468 
 -0.407772 -0.070930 -0.082616 
 -0.405521 -0.060100 -0.090729 
 -0.402930 -0.048431 -0.089878 
 -0.400339 -0.036762 -0.089027 
 -0.397749 -0.025092 -0.088176 
 -0.395873 -0.015266 -0.105267 
 -0.393289 -0.003630 -0.104418 
 -0.389976 0.009916 -0.085622 
 -0.387386 0.021585 -0.084771 
 -0.384795 0.033254 -0.083920 
 -0.381828 0.045927 -0.074091 
 -0.379234 0.057613 -0.073239 
 -0.375490 0.072408 -0.045448 
 -0.372111 0.086249 -0.026631 
 -0.369108 0.099087 -0.016791 
 -0.365309 0.114129 0.011018 
 -0.361887 0.128167 0.029850 
 -0.356443 0.147865 0.093614 
 -0.352972 0.162117 0.112461 
 -0.350305 0.174131 0.113338 
 -0.345164 0.193154 0.168149 
 -0.341643 0.207636 0.187013 
 -0.338946 0.219782 0.187899 
 -0.336249 0.231928 0.188785 
 -0.333553 0.244074 0.189671 
 -0.323650 0.290058 0.175218 
 -0.320960 0.302171 0.176101 
 -0.466855 -0.292747 0.060678 
 -0.464194 -0.280766 0.061552 
 -0.462306 -0.270426 0.035597 
 -0.459657 -0.258494 0.036468 
 -0.457008 -0.246561 0.037338 
 -0.454627 -0.235226 0.029262 
 -0.452525 -0.224536 0.012237 
 -0.449887 -0.212653 0.013104 
 -0.447528 -0.201416 0.005021 
 -0.445741 -0.191536 -0.020967 
 -0.443118 -0.179719 -0.020105 
 -0.440494 -0.167902 -0.019243 
 -0.438458 -0.157508 -0.036291 
 -0.435841 -0.145723 -0.035431 
 -0.433526 -0.134683 -0.043529 
 -0.430914 -0.122916 -0.042670 
 -0.429226 -0.113480 -0.068690 
 -0.426624 -0.101761 -0.067835 
 -0.424653 -0.091663 -0.084904 
 -0.422059 -0.079977 -0.084052 
 -0.419465 -0.068291 -0.083200 
 -0.416870 -0.056606 -0.082347 
 -0.414606 -0.045796 -0.090461 
 -0.412015 -0.034127 -0.089610 
 -0.409424 -0.022457 -0.088759 
 -0.406834 -0.010788 -0.087908 
 -0.404243 0.000881 -0.087056 
 -0.401652 0.012550 -0.086205 
 -0.399061 0.024220 -0.085354 
 -0.396471 0.035889 -0.084503 
 -0.393520 0.048566 -0.074675 
 -0.390200 0.062299 -0.055868 
 -0.386498 0.077139 -0.028077 
 -0.383515 0.089963 -0.018239 
 -0.380151 0.103894 0.000583 
 -0.377150 0.116801 0.010427 
 -0.373760 0.130846 0.029258 
 -0.369586 0.147203 0.066061 
 -0.364994 0.164829 0.111861 
 -0.361150 0.180310 0.139699 
 -0.356492 0.198233 0.185520 
 -0.353795 0.210379 0.186406 
 -0.351099 0.222524 0.187292 
 -0.348402 0.234670 0.188178 
 -0.478843 -0.290042 0.060079 
 -0.476183 -0.278061 0.060953 
 -0.473763 -0.266630 0.052885 
 -0.471596 -0.255800 0.035871 
 -0.469195 -0.244451 0.027798 
 -0.466549 -0.232535 0.028667 
 -0.464415 -0.221853 0.011643 
 -0.461776 -0.209970 0.012510 
 -0.459401 -0.198736 0.004428 
 -0.457565 -0.188868 -0.021558 
 -0.454942 -0.177051 -0.020696 
 -0.452318 -0.165234 -0.019834 
 -0.450249 -0.154847 -0.036880 
 -0.447632 -0.143063 -0.036020 
 -0.445016 -0.131278 -0.035161 
 -0.442688 -0.120258 -0.043258 
 -0.440951 -0.110834 -0.069276 
 -0.438349 -0.099115 -0.068421 
 -0.435748 -0.087397 -0.067566 
 -0.433751 -0.077339 -0.084636 
 -0.431157 -0.065653 -0.083783 
 -0.428563 -0.053967 -0.082931 
 -0.425968 -0.042282 -0.082079 
 -0.423691 -0.031492 -0.090193 
 -0.421100 -0.019823 -0.089342 
 -0.418510 -0.008153 -0.088491 
 -0.415919 0.003516 -0.087640 
 -0.413328 0.015185 -0.086788 
 -0.410737 0.026854 -0.085937 
 -0.408147 0.038524 -0.085086 
 -0.404527 0.053226 -0.057308 
 -0.401579 0.065973 -0.047477 
 -0.397923 0.080840 -0.019688 
 -0.394599 0.094745 -0.000870 
 -0.391617 0.107639 0.008973 
 -0.388268 0.121659 0.027799 
 -0.385268 0.134635 0.037647 
 -0.381525 0.149897 0.065465 
 -0.376643 0.168685 0.120246 
 -0.372469 0.185352 0.157069 
 -0.368645 0.200975 0.184913 
 -0.365948 0.213121 0.185799 
 -0.363252 0.225267 0.186685 
 -0.488392 -0.275893 0.051414 
 -0.486184 -0.265038 0.034405 
 -0.483535 -0.253105 0.035275 
 -0.480886 -0.241173 0.036146 
 -0.478237 -0.229241 0.037016 
 -0.475826 -0.217929 0.028941 
 -0.473181 -0.206013 0.029810 
 -0.471028 -0.195404 0.012783 
 -0.468390 -0.183521 0.013650 
 -0.467526 -0.176441 -0.048138 
 -0.464913 -0.164673 -0.047280 
 -0.462301 -0.152905 -0.046422 
 -0.459688 -0.141137 -0.045563 
 -0.457075 -0.129369 -0.044705 
 -0.454463 -0.117601 -0.043846 
 -0.452401 -0.107403 -0.060903 
 -0.450074 -0.096469 -0.069006 
 -0.447473 -0.084751 -0.068151 
 -0.444871 -0.073032 -0.067297 
 -0.442849 -0.063014 -0.084367 
 -0.440255 -0.051329 -0.083515 
 -0.437661 -0.039643 -0.082663 
 -0.435066 -0.027957 -0.081810 
 -0.432776 -0.017188 -0.089925 
 -0.430186 -0.005519 -0.089074 
 -0.427595 0.006151 -0.088223 
 -0.425004 0.017820 -0.087371 
 -0.422413 0.029489 -0.086520 
 -0.419500 0.042157 -0.076696 
 -0.416252 0.055872 -0.057894 
 -0.413320 0.068622 -0.048063 
 -0.409714 0.083500 -0.020276 
 -0.406422 0.097413 -0.001460 
 -0.403458 0.110311 0.008381 
 -0.399796 0.125435 0.036187 
 -0.397158 0.137318 0.037053 
 -0.392408 0.155981 0.091818 
 -0.389036 0.170255 0.110660 
 -0.385291 0.185758 0.138493 
 -0.382613 0.197821 0.139373 
 -0.379934 0.209885 0.140253 
 -0.375404 0.228009 0.186078 
 -0.487749 -0.215239 0.028345 
 -0.485103 -0.203323 0.029214 
 -0.482917 -0.192721 0.012189 
 -0.480279 -0.180838 0.013056 
 -0.474075 -0.150248 -0.047010 
 -0.471463 -0.138480 -0.046151 
 -0.468850 -0.126712 -0.045293 
 -0.466237 -0.114944 -0.044434 
 -0.464143 -0.104754 -0.061490 
 -0.461537 -0.093019 -0.060634 
 -0.459198 -0.082105 -0.068737 
 -0.456596 -0.070386 -0.067882 
 -0.454542 -0.060376 -0.084951 
 -0.451947 -0.048690 -0.084099 
 -0.449353 -0.037005 -0.083247 
 -0.446758 -0.025319 -0.082394 
 -0.444164 -0.013633 -0.081542 
 -0.441861 -0.002884 -0.089657 
 -0.439271 0.008785 -0.088806 
 -0.436381 0.021424 -0.078984 
 -0.434089 0.032124 -0.087103 
 -0.431192 0.044795 -0.077280 
 -0.427977 0.058518 -0.058479 
 -0.425062 0.071272 -0.048650 
 -0.421505 0.086161 -0.020865 
 -0.418246 0.100081 -0.002051 
 -0.414324 0.116236 0.034726 
 -0.411686 0.128118 0.035593 
 -0.408384 0.142236 0.054421 
 -0.404732 0.157552 0.082237 
 -0.401057 0.172968 0.110060 
 -0.396676 0.190814 0.155860 
 -0.393990 0.202911 0.156742 
 -0.391304 0.215008 0.157625 
 -0.472786 -0.088752 -0.043306 
 -0.470923 -0.079459 -0.069323 
 -0.468322 -0.067740 -0.068468 
 -0.466234 -0.057738 -0.085535 
 -0.463118 -0.044303 -0.066758 
 -0.460516 -0.032585 -0.065903 
 -0.457915 -0.020866 -0.065049 
 -0.455313 -0.009147 -0.064194 
 -0.452711 0.002571 -0.063339 
 -0.450110 0.014290 -0.062484 
 -0.448073 0.024062 -0.079568 
 -0.445479 0.035748 -0.078716 
 -0.442304 0.049446 -0.059920 
 -0.439409 0.062186 -0.050092 
 -0.436209 0.075999 -0.031288 
 -0.433597 0.087767 -0.030429 
 -0.430984 0.099535 -0.029571 
 -0.425289 0.122183 0.061065 
 -0.421705 0.137428 0.088873 
 -0.419044 0.149410 0.089747 
 -0.415746 0.163666 0.108583 
 -0.412110 0.179142 0.136408 
 -0.409432 0.191205 0.137288 
 -0.406094 0.205642 0.156138 
 -0.403408 0.217739 0.157020 
 -0.484561 -0.086095 -0.043894 
 -0.482649 -0.076813 -0.069908 
 -0.480521 -0.066785 -0.086972 
 -0.477926 -0.055099 -0.086119 
 -0.475332 -0.043413 -0.085267 
 -0.469640 -0.018220 -0.065634 
 -0.466272 -0.003719 -0.037885 
 -0.464178 0.006161 -0.054958 
 -0.461047 0.019816 -0.036168 
 -0.458434 0.031584 -0.035310 
 -0.455822 0.043352 -0.034451 
 -0.453209 0.055120 -0.033593 
 -0.450319 0.067914 -0.023762 
 -0.447703 0.079698 -0.022903 
 -0.445087 0.091483 -0.022043 
 -0.439013 0.116170 0.086526 
 -0.436353 0.128152 0.087400 
 -0.433693 0.140133 0.088274 
 -0.429538 0.157738 0.134045 
 -0.427465 0.167520 0.116964 
 -0.424181 0.181865 0.135805 
 -0.421503 0.193929 0.136685 
 -0.418197 0.208373 0.155533 
 -0.415511 0.220470 0.156416 
 -0.450458 0.121034 0.103877 
 -0.447791 0.133048 0.104753 
 -0.445123 0.145062 0.105630 
 -0.441043 0.162718 0.151399 
 -0.438930 0.172525 0.134322 
 -0.436252 0.184589 0.135202 
 -0.433573 0.196653 0.136082 
 