0.070990 0.984721 0.092030 
 0.058917 0.987642 0.093269 
 0.054683 0.984392 0.133307 
 0.042541 0.987331 0.134554 
 0.030399 0.990270 0.135800 
 0.069806 0.972100 0.096866 
 0.063634 0.970336 0.127179 
 0.051491 0.973275 0.128425 
 0.039349 0.976213 0.129672 
 0.027207 0.979152 0.130918 
 0.084727 0.953341 0.119805 
 0.070599 0.957863 0.111369 
 0.060442 0.959218 0.122297 
 0.048300 0.962157 0.123544 
 0.036157 0.965096 0.124790 
 0.022100 0.969601 0.116347 
 0.009975 0.972535 0.117591 
 -0.002150 0.975470 0.118836 
 0.085614 0.945716 0.074991 
 0.079537 0.943827 0.105250 
 0.067412 0.946761 0.106494 
 0.055287 0.949696 0.107739 
 0.043162 0.952630 0.108983 
 0.031037 0.955565 0.110227 
 0.018912 0.958499 0.111472 
 0.006788 0.961433 0.112716 
 -0.005337 0.964368 0.113961 
 0.084452 0.933038 0.079801 
 0.076349 0.932725 0.100375 
 0.064225 0.935660 0.101619 
 0.052100 0.938594 0.102864 
 0.039975 0.941528 0.104108 
 0.027850 0.944463 0.105353 
 0.015725 0.947397 0.106597 
 0.003600 0.950332 0.107841 
 -0.008524 0.953266 0.109086 
 0.081274 0.921969 0.074941 
 0.073162 0.921623 0.095500 
 0.061037 0.924558 0.096744 
 0.048913 0.927492 0.097989 
 0.036788 0.930427 0.099233 
 0.024663 0.933361 0.100478 
 0.012538 0.936295 0.101722 
 0.000413 0.939230 0.102966 
 -0.011712 0.942164 0.104211 
 0.094225 0.904653 0.088136 
 0.082100 0.907587 0.089381 
 0.069975 0.910521 0.090625 
 0.057850 0.913456 0.091869 
 0.045725 0.916390 0.093114 
 0.033601 0.919325 0.094358 
 0.023390 0.920624 0.105262 
 0.011248 0.923563 0.106508 
 -0.000894 0.926502 0.107755 
 -0.013037 0.929440 0.109001 
 -0.025179 0.932379 0.110247 
 0.095067 0.890198 0.102545 
 0.080910 0.894813 0.094149 
 0.068768 0.897752 0.095395 
 0.056625 0.900691 0.096642 
 0.044483 0.903629 0.097888 
 0.032341 0.906568 0.099134 
 0.020198 0.909507 0.100380 
 0.008056 0.912445 0.101626 
 -0.004086 0.915384 0.102873 
 -0.016229 0.918323 0.104119 
 -0.028371 0.921262 0.105365 
 0.091871 0.879064 0.097656 
 0.077718 0.883695 0.089267 
 0.065576 0.886634 0.090513 
 0.053434 0.889573 0.091760 
 0.041291 0.892511 0.093006 
 0.029149 0.895450 0.094252 
 0.017007 0.898389 0.095498 
 0.004864 0.901328 0.096744 
 -0.007278 0.904266 0.097991 
 -0.017568 0.905551 0.108888 
 -0.029727 0.908494 0.110136 
 0.106904 0.859850 0.120396 
 0.088675 0.867931 0.092767 
 0.074527 0.872578 0.084385 
 0.062384 0.875516 0.085632 
 0.050242 0.878455 0.086878 
 0.038100 0.881394 0.088124 
 0.025957 0.884333 0.089370 
 0.015716 0.885588 0.100255 
 0.003556 0.888531 0.101503 
 -0.010470 0.893149 0.093109 
 -0.020764 0.894417 0.103999 
 -0.032924 0.897360 0.105247 
 -0.045084 0.900303 0.106495 
 0.101675 0.850397 0.105867 
 0.085478 0.856797 0.087878 
 0.071335 0.861460 0.079503 
 0.059192 0.864399 0.080750 
 0.047050 0.867337 0.081996 
 0.036839 0.868568 0.092870 
 0.024679 0.871511 0.094118 
 0.012519 0.874454 0.095366 
 0.000359 0.877397 0.096614 
 -0.011801 0.880340 0.097862 
 -0.023960 0.883283 0.099110 
 -0.036120 0.886226 0.100358 
 -0.048280 0.889169 0.101606 
 0.094442 0.842720 0.081741 
 0.082282 0.845663 0.082989 
 0.068143 0.850342 0.074622 
 0.056001 0.853281 0.075868 
 0.045802 0.854492 0.086733 
 0.033642 0.857435 0.087981 
 0.021483 0.860378 0.089229 
 0.009323 0.863321 0.090477 
 -0.002837 0.866263 0.091725 
 -0.014997 0.869206 0.092973 
 -0.023479 0.868745 0.113480 
 -0.035674 0.871696 0.114732 
 -0.047868 0.874648 0.115984 
 0.091245 0.831586 0.076852 
 0.079085 0.834529 0.078100 
 0.066926 0.837472 0.079348 
 0.054766 0.840415 0.080596 
 0.042606 0.843358 0.081844 
 0.030446 0.846301 0.083092 
 0.018286 0.849244 0.084340 
 0.006126 0.852187 0.085588 
 -0.006033 0.855130 0.086836 
 -0.014490 0.854628 0.107326 
 -0.026684 0.857579 0.108577 
 -0.038879 0.860530 0.109829 
 -0.051074 0.863482 0.111081 
 0.104253 0.813948 0.089907 
 0.088049 0.820453 0.071963 
 0.075889 0.823395 0.073211 
 0.063729 0.826338 0.074459 
 0.051569 0.829281 0.075707 
 0.039410 0.832224 0.076955 
 0.027250 0.835167 0.078203 
 0.015090 0.838110 0.079451 
 0.006695 0.837559 0.099920 
 -0.005500 0.840510 0.101171 
 -0.017695 0.843462 0.102423 
 -0.028060 0.844679 0.113290 
 -0.040273 0.847635 0.114543 
 -0.052485 0.850590 0.115797 
 0.097012 0.806376 0.065826 
 0.084852 0.809319 0.067074 
 0.072693 0.812262 0.068322 
 0.060533 0.815205 0.069570 
 0.048373 0.818147 0.070818 
 0.036213 0.821090 0.072066 
 0.024053 0.824033 0.073314 
 0.015684 0.823442 0.093765 
 0.003489 0.826393 0.095017 
 -0.008706 0.829345 0.096268 
 -0.020901 0.832296 0.097520 
 -0.031270 0.833497 0.108380 
 -0.045290 0.838199 0.100023 
 -0.057485 0.841150 0.101275 
 0.081656 0.798185 0.062185 
 0.069496 0.801128 0.063433 
 0.057336 0.804071 0.064681 
 0.049063 0.803422 0.085107 
 0.036868 0.806373 0.086359 
 0.024673 0.809325 0.087610 
 0.012478 0.812276 0.088862 
 0.000283 0.815227 0.090114 
 -0.010056 0.816404 0.100963 
 -0.022268 0.819360 0.102216 
 -0.034480 0.822315 0.103470 
 -0.046693 0.825271 0.104723 
 -0.060691 0.829984 0.096372 
 0.082442 0.783402 0.076449 
 0.070247 0.786353 0.077701 
 0.058052 0.789305 0.078953 
 0.045857 0.792256 0.080204 
 0.033662 0.795207 0.081456 
 0.023371 0.796355 0.092293 
 0.011159 0.799311 0.093546 
 -0.001054 0.802267 0.094799 
 -0.013266 0.805222 0.096053 
 -0.025478 0.808178 0.097306 
 -0.037691 0.811133 0.098560 
 -0.049903 0.814089 0.099813 
 -0.062115 0.817045 0.101066 
 0.081222 0.770395 0.081116 
 0.069010 0.773351 0.082369 
 0.056798 0.776307 0.083622 
 0.044585 0.779262 0.084876 
 0.032373 0.782218 0.086129 
 0.020161 0.785173 0.087383 
 0.007948 0.788129 0.088636 
 -0.004264 0.791085 0.089889 
 -0.016476 0.794040 0.091143 
 -0.028689 0.796996 0.092396 
 -0.040901 0.799952 0.093650 
 -0.058495 0.808289 0.066136 
 -0.070655 0.811232 0.067384 
 0.081976 0.755500 0.095331 
 0.069728 0.758464 0.096588 
 0.053587 0.765125 0.078712 
 0.041375 0.768080 0.079966 
 0.029163 0.771036 0.081219 
 0.020739 0.770320 0.101616 
 0.008492 0.773284 0.102873 
 -0.007474 0.779903 0.084979 
 -0.019686 0.782858 0.086233 
 -0.031899 0.785814 0.087486 
 -0.044111 0.788770 0.088740 
 -0.056323 0.791725 0.089993 
 -0.073851 0.800098 0.062495 
 0.080733 0.742413 0.099962 
 0.066509 0.747250 0.091664 
 0.054262 0.750214 0.092921 
 0.042014 0.753178 0.094178 
 0.029767 0.756142 0.095435 
 0.017520 0.759106 0.096692 
 0.005272 0.762070 0.097949 
 -0.006975 0.765035 0.099206 
 -0.019222 0.767999 0.100463 
 -0.031470 0.770963 0.101720 
 -0.043717 0.773927 0.102977 
 -0.055964 0.776891 0.104234 
 -0.068211 0.779855 0.105491 
 0.077509 0.731183 0.095031 
 0.063290 0.736036 0.086740 
 0.051042 0.739000 0.087997 
 0.038795 0.741964 0.089254 
 0.026548 0.744928 0.090511 
 0.014300 0.747893 0.091768 
 0.002053 0.750857 0.093025 
 -0.010194 0.753821 0.094282 
 -0.022442 0.756785 0.095539 
 -0.032874 0.757898 0.106360 
 -0.045139 0.760867 0.107619 
 -0.057403 0.763835 0.108877 
 -0.071431 0.768641 0.100567 
 0.074285 0.719953 0.090100 
 0.062021 0.722922 0.091358 
 0.047823 0.727786 0.083072 
 0.035576 0.730750 0.084329 
 0.023328 0.733714 0.085586 
 0.012961 0.734795 0.096394 
 0.000697 0.737763 0.097652 
 -0.011568 0.740732 0.098911 
 -0.023833 0.743700 0.100170 
 -0.036098 0.746668 0.101429 
 -0.044777 0.745912 0.121806 
 -0.057076 0.748889 0.123068 
 0.083326 0.705755 0.083910 
 0.071061 0.708724 0.085168 
 0.058797 0.711692 0.086427 
 0.046532 0.714660 0.087686 
 0.034267 0.717629 0.088945 
 0.022002 0.720597 0.090204 
 0.009737 0.723565 0.091462 
 -0.002527 0.726533 0.092721 
 -0.014792 0.729502 0.093980 
 -0.027057 0.732470 0.095239 
 -0.035710 0.731673 0.115598 
 -0.046222 0.732771 0.126413 
 -0.058539 0.735752 0.127678 
 -0.070856 0.738733 0.128942 
 0.098348 0.685721 0.106291 
 0.086031 0.688702 0.107555 
 0.073714 0.691683 0.108819 
 0.059455 0.696597 0.100554 
 0.043308 0.703430 0.082755 
 0.031043 0.706399 0.084014 
 0.022556 0.705527 0.104341 
 0.010256 0.708504 0.105604 
 -0.002044 0.711481 0.106866 
 -0.014344 0.714458 0.108128 
 -0.024825 0.715531 0.118933 
 -0.035341 0.716614 0.129740 
 -0.047675 0.719599 0.131006 
 -0.060010 0.722584 0.132272 
 -0.072345 0.725569 0.133538 
 0.097100 0.672482 0.110855 
 0.082793 0.677424 0.102603 
 0.070476 0.680405 0.103867 
 0.056222 0.685335 0.095609 
 0.043922 0.688312 0.096871 
 0.031622 0.691289 0.098134 
 0.019323 0.694265 0.099396 
 0.008889 0.695310 0.110188 
 -0.003428 0.698291 0.111452 
 -0.013913 0.699349 0.122249 
 -0.026248 0.702334 0.123515 
 -0.038583 0.705320 0.124781 
 -0.050918 0.708305 0.126047 
 -0.063253 0.711290 0.127313 
 -0.075587 0.714275 0.128579 
 0.093857 0.661188 0.105896 
 0.081522 0.664173 0.107162 
 0.067238 0.669127 0.098915 
 0.054921 0.672108 0.100179 
 0.042604 0.675089 0.101443 
 0.028389 0.680027 0.093188 
 0.017969 0.681051 0.103972 
 0.005652 0.684032 0.105236 
 -0.004821 0.685070 0.116024 
 -0.017156 0.688055 0.117290 
 -0.029491 0.691040 0.118556 
 -0.041825 0.694026 0.119822 
 -0.054160 0.697011 0.121088 
 -0.066495 0.699996 0.122354 
 -0.078830 0.702981 0.123620 
 0.090615 0.649894 0.100937 
 0.078280 0.652879 0.102203 
 0.065945 0.655864 0.103469 
 0.051683 0.660830 0.095227 
 0.039366 0.663811 0.096491 
 0.027048 0.666792 0.097755 
 0.014731 0.669773 0.099019 
 0.002414 0.672754 0.100284 
 -0.008063 0.673776 0.111065 
 -0.020398 0.676761 0.112331 
 -0.032733 0.679746 0.113597 
 -0.045068 0.682732 0.114862 
 -0.057403 0.685717 0.116128 
 -0.069737 0.688702 0.117394 
 -0.082072 0.691687 0.118660 
 0.078953 0.637575 0.116238 
 0.062703 0.644570 0.098509 
 0.050368 0.647555 0.099775 
 0.038033 0.650541 0.101041 
 0.025699 0.653526 0.102307 
 0.013364 0.656511 0.103573 
 0.001029 0.659496 0.104839 
 -0.011306 0.662482 0.106105 
 -0.023641 0.665467 0.107371 
 -0.035975 0.668452 0.108637 
 -0.048310 0.671438 0.109903 
 -0.060645 0.674423 0.111169 
 -0.069484 0.673500 0.131473 
 -0.081854 0.676493 0.132742 
 0.075702 0.626249 0.111265 
 0.063332 0.629243 0.112534 
 0.050962 0.632236 0.113804 
 0.034791 0.639247 0.096082 
 0.022456 0.642232 0.097348 
 0.010121 0.645217 0.098614 
 0.001483 0.644211 0.118882 
 -0.010887 0.647205 0.120152 
 -0.023256 0.650199 0.121421 
 -0.035626 0.653192 0.122691 
 -0.047996 0.656186 0.123960 
 -0.060366 0.659180 0.125230 
 -0.070992 0.660203 0.136011 
 -0.083380 0.663201 0.137282 
 0.072450 0.614923 0.106291 
 0.060080 0.617916 0.107561 
 0.047711 0.620910 0.108830 
 0.035341 0.623904 0.110100 
 0.022971 0.626898 0.111369 
 0.010601 0.629891 0.112639 
 -0.001768 0.632885 0.113909 
 -0.012312 0.633871 0.124674 
 -0.024699 0.636869 0.125945 
 -0.038878 0.641866 0.117717 
 -0.049474 0.642865 0.128488 
 -0.061861 0.645863 0.129759 
 -0.070771 0.644888 0.150041 
 -0.083193 0.647895 0.151316 
 0.069199 0.603597 0.101318 
 0.056829 0.606590 0.102587 
 0.044459 0.609584 0.103857 
 0.032089 0.612578 0.105127 
 0.019720 0.615572 0.106396 
 0.007350 0.618565 0.107666 
 -0.005020 0.621559 0.108935 
 -0.015568 0.622529 0.119694 
 -0.027955 0.625527 0.120965 
 -0.040343 0.628525 0.122236 
 -0.052730 0.631523 0.123508 
 -0.059863 0.628501 0.153267 
 -0.072302 0.631512 0.154544 
 -0.081309 0.630526 0.174820 
 0.065947 0.592271 0.096345 
 0.055499 0.593199 0.107085 
 0.043112 0.596197 0.108356 
 0.030725 0.599195 0.109628 
 0.018337 0.602193 0.110899 
 0.005950 0.605191 0.112170 
 -0.002768 0.604101 0.132402 
 -0.013373 0.605068 0.143159 
 -0.025813 0.608079 0.144435 
 -0.040035 0.613121 0.136227 
 -0.052457 0.616127 0.137502 
 -0.063133 0.617111 0.148266 
 -0.075572 0.620122 0.149542 
 -0.084588 0.619104 0.169805 
 0.057995 0.575614 0.130497 
 0.045555 0.578625 0.131773 
 0.027469 0.587853 0.104647 
 0.018811 0.586715 0.124858 
 0.006389 0.589721 0.126133 
 -0.004204 0.590668 0.136880 
 -0.016643 0.593678 0.138157 
 -0.030878 0.598740 0.129958 
 -0.043300 0.601747 0.131232 
 -0.055723 0.604753 0.132507 
 -0.066403 0.605721 0.143264 
 -0.078842 0.608732 0.144541 
 0.054725 0.564224 0.125495 
 0.042286 0.567235 0.126772 
 0.027968 0.572334 0.118588 
 0.017406 0.573256 0.129326 
 0.004966 0.576267 0.130602 
 -0.007474 0.579277 0.131879 
 -0.019913 0.582288 0.133156 
 -0.032353 0.585299 0.134432 
 -0.044793 0.588309 0.135709 
 -0.057233 0.591320 0.136986 
 -0.066197 0.590221 0.157213 
 -0.078672 0.593241 0.158493 
 0.055272 0.548608 0.139394 
 0.039016 0.555845 0.121770 
 0.024703 0.560960 0.113594 
 0.014136 0.561866 0.124324 
 0.001696 0.564877 0.125601 
 -0.010744 0.567887 0.126877 
 -0.019577 0.566723 0.147076 
 -0.035623 0.573909 0.129431 
 -0.044527 0.572761 0.149637 
 -0.057001 0.575780 0.150917 
 -0.069476 0.578799 0.152197 
 -0.080235 0.579752 0.162947 
 -0.092727 0.582775 0.164229 
 0.060625 0.538433 0.114216 
 0.051992 0.537186 0.134378 
 0.035746 0.544455 0.116769 
 0.023306 0.547465 0.118046 
 0.010866 0.550476 0.119323 
 -0.001574 0.553487 0.120599 
 -0.014014 0.556497 0.121876 
 -0.022856 0.555300 0.142060 
 -0.035331 0.558320 0.143341 
 -0.047806 0.561339 0.144621 
 -0.060280 0.564358 0.145901 
 -0.071027 0.565290 0.156642 
 -0.083519 0.568314 0.157925 
 -0.096011 0.571337 0.159207 
 0.048713 0.525763 0.129363 
 0.036238 0.528783 0.130643 
 0.020036 0.536075 0.113044 
 0.011289 0.534821 0.133204 
 -0.004844 0.542096 0.115598 
 -0.013661 0.540859 0.135764 
 -0.026135 0.543878 0.137045 
 -0.038610 0.546897 0.138325 
 -0.051085 0.549917 0.139605 
 -0.061818 0.550829 0.150338 
 -0.074310 0.553852 0.151620 
 -0.086803 0.556876 0.152902 
 0.065556 0.502661 0.160774 
 0.045434 0.514341 0.124347 
 0.032959 0.517361 0.125628 
 0.020485 0.520380 0.126908 
 0.008010 0.523399 0.128188 
 -0.004465 0.526418 0.129469 
 -0.016940 0.529437 0.130749 
 -0.027625 0.530320 0.141469 
 -0.040117 0.533344 0.142751 
 -0.052610 0.536367 0.144033 
 -0.065102 0.539391 0.145315 
 -0.074155 0.538177 0.165490 
 -0.086683 0.541208 0.166776 
 0.078653 0.483767 0.173280 
 0.062259 0.491175 0.155731 
 0.049714 0.494211 0.157018 
 0.031552 0.503765 0.130035 
 0.019060 0.506789 0.131318 
 0.004731 0.511977 0.123173 
 -0.007744 0.514996 0.124453 
 -0.018417 0.515859 0.135164 
 -0.030909 0.518882 0.136446 
 -0.039867 0.517611 0.156597 
 -0.052394 0.520643 0.157882 
 -0.064921 0.523675 0.159168 
 -0.077448 0.526706 0.160454 
 -0.089976 0.529738 0.161740 
 -0.100823 0.530644 0.172468 
 0.075346 0.472249 0.168222 
 0.062766 0.475294 0.169513 
 0.046416 0.482725 0.151975 
 0.033872 0.485761 0.153262 
 0.015776 0.495351 0.126295 
 0.003284 0.498374 0.127577 
 -0.009208 0.501397 0.128859 
 -0.018105 0.500077 0.148989 
 -0.030632 0.503109 0.150274 
 -0.043160 0.506141 0.151560 
 -0.053942 0.507013 0.162275 
 -0.068214 0.512204 0.154131 
 -0.079031 0.513085 0.164850 
 -0.091576 0.516121 0.166137 
 -0.104121 0.519158 0.167425 
 0.086552 0.455464 0.171275 
 0.072039 0.460731 0.163164 
 0.059460 0.463775 0.164455 
 0.043119 0.471238 0.146931 
 0.030574 0.474274 0.148218 
 0.016184 0.479511 0.140095 
 0.000000 0.486936 0.122554 
 -0.008871 0.485575 0.142666 
 -0.021398 0.488607 0.143952 
 -0.032150 0.489455 0.154656 
 -0.044694 0.492491 0.155943 
 -0.057239 0.495527 0.157231 
 -0.069784 0.498563 0.158519 
 -0.082329 0.501599 0.159806 
 -0.094873 0.504635 0.161094 
 -0.107418 0.507671 0.162381 
 0.083241 0.443930 0.166211 
 0.070644 0.446979 0.167503 
 0.056153 0.452257 0.159398 
 0.043573 0.455302 0.160689 
 0.025418 0.465009 0.133772 
 0.012891 0.468041 0.135058 
 0.000364 0.471073 0.136344 
 -0.012164 0.474105 0.137629 
 -0.022902 0.474933 0.148325 
 -0.035447 0.477969 0.149612 
 -0.047992 0.481005 0.150900 
 -0.060537 0.484041 0.152187 
 -0.073081 0.487077 0.153475 
 -0.085626 0.490113 0.154762 
 -0.094804 0.488792 0.174891 
 -0.107384 0.491836 0.176182 
 0.079929 0.432396 0.161146 
 0.067332 0.435445 0.162439 
 0.052846 0.440739 0.154340 
 0.040266 0.443783 0.155631 
 0.023979 0.451302 0.138131 
 0.011434 0.454338 0.139418 
 -0.002929 0.459603 0.131307 
 -0.013655 0.460410 0.141994 
 -0.026200 0.463446 0.143281 
 -0.035212 0.462051 0.163378 
 -0.051290 0.469518 0.145856 
 -0.063834 0.472555 0.147144 
 -0.076379 0.475591 0.148431 
 -0.088924 0.478627 0.149719 
 -0.101468 0.481663 0.151006 
 -0.110690 0.480318 0.171124 
 0.076618 0.420861 0.156081 
 0.064021 0.423910 0.157374 
 0.049539 0.429221 0.149282 
 0.036960 0.432265 0.150573 
 0.024380 0.435310 0.151864 
 0.008137 0.442852 0.134375 
 -0.004408 0.445888 0.135662 
 -0.016953 0.448924 0.136950 
 -0.025939 0.447488 0.157029 
 -0.038519 0.450532 0.158320 
 -0.051098 0.453577 0.159611 
 -0.063678 0.456621 0.160902 
 -0.076258 0.459666 0.162193 
 -0.088838 0.462711 0.163484 
 -0.101417 0.465755 0.164775 
 0.071392 0.411613 0.141642 
 0.058812 0.414658 0.142933 
 0.046233 0.417702 0.144224 
 0.033653 0.420747 0.145515 
 0.021073 0.423791 0.146807 
 0.008493 0.426836 0.148098 
 -0.007706 0.434402 0.130619 
 -0.016666 0.432925 0.150680 
 -0.029246 0.435970 0.151971 
 -0.040068 0.436766 0.162652 
 -0.054405 0.442059 0.154553 
 -0.066985 0.445103 0.155844 
 -0.077860 0.445913 0.166531 
 -0.090457 0.448961 0.167824 
 -0.103055 0.452010 0.169117 
 0.069995 0.397793 0.145951 
 0.057398 0.400842 0.147244 
 0.044801 0.403890 0.148537 
 0.030346 0.409228 0.140458 
 0.017766 0.412273 0.141749 
 0.005187 0.415318 0.143040 
 -0.011003 0.422916 0.125575 
 -0.019973 0.421407 0.145622 
 -0.030783 0.422183 0.156295 
 -0.039875 0.420704 0.176354 
 -0.055977 0.428281 0.158880 
 -0.068574 0.431329 0.160173 
 -0.077771 0.429876 0.180244 
 -0.088721 0.430686 0.190931 
 -0.101371 0.433748 0.192229 
 0.070495 0.381623 0.159607 
 0.054087 0.389307 0.142179 
 0.041490 0.392356 0.143472 
 0.028892 0.395405 0.144765 
 0.016295 0.398454 0.146058 
 0.003698 0.401503 0.147351 
 -0.010700 0.406844 0.139273 
 -0.021497 0.407600 0.149937 
 -0.030563 0.406081 0.169979 
 -0.041447 0.406858 0.180652 
 -0.054097 0.409919 0.181950 
 -0.068460 0.415252 0.173869 
 -0.079396 0.416042 0.184547 
 -0.092046 0.419104 0.185845 
 -0.104696 0.422165 0.187143 
 0.050775 0.377773 0.137115 
 0.043776 0.373845 0.166478 
 0.031126 0.376907 0.167776 
 0.018476 0.379968 0.169074 
 0.005827 0.383030 0.170373 
 -0.006823 0.386091 0.171671 
 -0.019473 0.389153 0.172969 
 -0.028601 0.387614 0.193002 
 -0.041286 0.390684 0.194304 
 -0.053970 0.393754 0.195606 
 -0.066655 0.396824 0.196908 
 -0.079340 0.399894 0.198210 
 -0.092024 0.402964 0.199512 
 -0.108021 0.410583 0.182057 
 0.053100 0.359201 0.160094 
 0.040451 0.362263 0.161392 
 0.031488 0.360650 0.181393 
 0.018804 0.363720 0.182695 
 0.006119 0.366790 0.183997 
 -0.006566 0.369860 0.185298 
 -0.019250 0.372930 0.186600 
 -0.030179 0.373683 0.197262 
 -0.042881 0.376758 0.198566 
 -0.057305 0.382140 0.190506 
 -0.068285 0.382906 0.201174 
 -0.080988 0.385980 0.202477 
 -0.093690 0.389054 0.203781 
 0.066208 0.339826 0.172387 
 0.049775 0.347619 0.155008 
 0.037125 0.350680 0.156306 
 0.028154 0.349036 0.176293 
 0.015469 0.352105 0.177595 
 0.002785 0.355175 0.178897 
 -0.009900 0.358245 0.180198 
 -0.020816 0.358979 0.190852 
 -0.033518 0.362053 0.192155 
 -0.046220 0.365127 0.193459 
 -0.058922 0.368201 0.194763 
 -0.071624 0.371276 0.196066 
 -0.084327 0.374350 0.197370 
 -0.097029 0.377424 0.198674 
 0.064761 0.325829 0.176619 
 0.050189 0.331281 0.168589 
 0.037504 0.334351 0.169891 
 0.024820 0.337421 0.171193 
 0.013952 0.338126 0.181834 
 0.001250 0.341200 0.183137 
 -0.011452 0.344274 0.184441 
 -0.024155 0.347348 0.185745 
 -0.033363 0.345726 0.205741 
 -0.046100 0.348809 0.207049 
 -0.058837 0.351891 0.208356 
 -0.071574 0.354974 0.209663 
 -0.084311 0.358057 0.210970 
 -0.097049 0.361139 0.212278 
 -0.109786 0.364222 0.213585 
 0.061422 0.314199 0.171512 
 0.046855 0.319667 0.163489 
 0.034170 0.322737 0.164791 
 0.021485 0.325807 0.166093 
 0.010613 0.326495 0.176727 
 -0.002089 0.329570 0.178030 
 -0.011236 0.327898 0.198006 
 -0.023974 0.330981 0.199313 
 -0.036711 0.334064 0.200620 
 -0.047723 0.334786 0.211269 
 -0.060478 0.337873 0.212578 
 -0.073232 0.340960 0.213887 
 -0.085987 0.344047 0.215196 
 -0.098742 0.347134 0.216505 
 -0.111497 0.350221 0.217814 
 0.061839 0.297740 0.185041 
 0.049102 0.300823 0.186348 
 0.036364 0.303905 0.187656 
 0.023627 0.306988 0.188963 
 0.010890 0.310071 0.190270 
 -0.001847 0.313153 0.191577 
 -0.014584 0.316236 0.192885 
 -0.027322 0.319319 0.194192 
 -0.038321 0.320021 0.204831 
 -0.051076 0.323108 0.206140 
 -0.063830 0.326195 0.207450 
 -0.076585 0.329282 0.208759 
 -0.086004 0.327642 0.228746 
 -0.098794 0.330737 0.230059 
 -0.111583 0.333833 0.231372 
 0.274074 0.301112 -0.165313 
 0.261932 0.304051 -0.164067 
 0.249789 0.306990 -0.162820 
 0.073119 0.280560 0.187922 
 0.058491 0.286078 0.179920 
 0.045753 0.289160 0.181227 
 0.033016 0.292243 0.182535 
 0.020279 0.295326 0.183842 
 0.007542 0.298408 0.185149 
 -0.005195 0.301491 0.186456 
 -0.017933 0.304573 0.187764 
 -0.028919 0.305256 0.198394 
 -0.041674 0.308342 0.199703 
 -0.050997 0.306645 0.219666 
 -0.063787 0.309741 0.220979 
 -0.076576 0.312836 0.222292 
 -0.089366 0.315932 0.223604 
 -0.102156 0.319027 0.224917 
 -0.114945 0.322122 0.226230 
 -0.127735 0.325218 0.227542 
 0.292861 0.286669 -0.181946 
 0.280736 0.289604 -0.180701 
 0.270882 0.289995 -0.170195 
 0.258740 0.292933 -0.168948 
 0.246597 0.295872 -0.167702 
 0.232237 0.301341 -0.175724 
 0.222313 0.301749 -0.165210 
 0.210171 0.304688 -0.163963 
 0.200194 0.305108 -0.153444 
 0.188034 0.308051 -0.152196 
 0.175875 0.310994 -0.150948 
 0.163715 0.313937 -0.149700 
 0.113032 0.328198 -0.153994 
 0.100890 0.331136 -0.152747 
 0.071099 0.280523 0.125683 
 0.058449 0.283584 0.126982 
 0.055142 0.274415 0.174799 
 0.042405 0.277498 0.176106 
 0.029668 0.280580 0.177413 
 0.016931 0.283663 0.178721 
 0.004194 0.286746 0.180028 
 -0.008544 0.289828 0.181335 
 -0.019517 0.290490 0.191957 
 -0.032272 0.293577 0.193266 
 -0.045026 0.296664 0.194575 
 -0.054359 0.294935 0.214524 
 -0.067149 0.298030 0.215837 
 -0.079938 0.301126 0.217149 
 -0.091069 0.301825 0.227788 
 -0.103876 0.304925 0.229102 
 -0.116684 0.308025 0.230417 
 -0.129491 0.311124 0.231731 
 0.301798 0.272633 -0.188065 
 0.289674 0.275568 -0.186821 
 0.277549 0.278502 -0.185576 
 0.265424 0.281436 -0.184332 
 0.253299 0.284371 -0.183087 
 0.241174 0.287305 -0.181843 
 0.231263 0.287693 -0.171338 
 0.216925 0.293174 -0.179354 
 0.206979 0.293570 -0.168845 
 0.196998 0.293975 -0.158333 
 0.189126 0.291858 -0.138549 
 0.172678 0.299860 -0.155837 
 0.160518 0.302803 -0.154589 
 0.152542 0.300712 -0.134794 
 0.136199 0.308689 -0.152092 
 0.124039 0.311632 -0.150844 
 0.109840 0.317080 -0.158876 
 0.097698 0.320018 -0.157629 
 0.085555 0.322957 -0.156383 
 0.074498 0.299490 -0.031903 
 0.062128 0.302483 -0.030633 
 0.080423 0.265879 0.119299 
 0.067774 0.268940 0.120597 
 0.064532 0.259670 0.168371 
 0.051794 0.262753 0.169678 
 0.039057 0.265835 0.170985 
 0.026320 0.268918 0.172292 
 0.015394 0.269551 0.182902 
 0.002640 0.272638 0.184211 
 -0.010115 0.275725 0.185520 
 -0.019352 0.273938 0.205444 
 -0.032141 0.277034 0.206757 
 -0.044931 0.280129 0.208069 
 -0.056014 0.280800 0.218695 
 -0.068821 0.283900 0.220010 
 -0.081629 0.286999 0.221324 
 -0.094436 0.290099 0.222639 
 -0.107243 0.293199 0.223953 
 -0.120050 0.296298 0.225267 
 -0.132857 0.299398 0.226582 
 0.310736 0.258597 -0.194184 
 0.298611 0.261531 -0.192940 
 0.286486 0.264466 -0.191696 
 0.274362 0.267400 -0.190451 
 0.262237 0.270335 -0.189207 
 0.250112 0.273269 -0.187962 
 0.237987 0.276204 -0.186718 
 0.225862 0.279138 -0.185473 
 0.215929 0.279514 -0.174974 
 0.203787 0.282453 -0.173727 
 0.198115 0.277741 -0.144703 
 0.185920 0.280692 -0.143452 
 0.173726 0.283643 -0.142200 
 0.161531 0.286595 -0.140948 
 0.149336 0.289546 -0.139697 
 0.133002 0.297556 -0.156981 
 0.118791 0.303023 -0.165004 
 0.106648 0.305962 -0.163758 
 0.094506 0.308901 -0.162511 
 0.082364 0.311839 -0.161265 
 0.070221 0.314778 -0.160019 
 0.083616 0.285170 -0.038146 
 0.071247 0.288164 -0.036876 
 0.058877 0.291157 -0.035607 
 0.077098 0.254297 0.114213 
 0.064448 0.257358 0.115511 
 0.061183 0.248007 0.163249 
 0.050306 0.248612 0.173846 
 0.035709 0.254173 0.165864 
 0.024796 0.254786 0.176465 
 0.012041 0.257873 0.177774 
 -0.000713 0.260960 0.179083 
 -0.013468 0.264046 0.180392 
 -0.022714 0.262228 0.200302 
 -0.035503 0.265323 0.201614 
 -0.048293 0.268419 0.202927 
 -0.059381 0.269074 0.213546 
 -0.068819 0.267302 0.233476 
 -0.081661 0.270410 0.234794 
 -0.091204 0.268663 0.254735 
 -0.107346 0.276626 0.237430 
 -0.115344 0.272477 0.266693 
 -0.128239 0.275598 0.268016 
 0.319674 0.244561 -0.200304 
 0.307549 0.247495 -0.199059 
 0.295424 0.250430 -0.197815 
 0.278715 0.258564 -0.215046 
 0.271174 0.256298 -0.195326 
 0.259050 0.259233 -0.194082 
 0.246925 0.262167 -0.192837 
 0.234800 0.265102 -0.191593 
 0.222675 0.268036 -0.190348 
 0.212737 0.268396 -0.179855 
 0.202765 0.268764 -0.169358 
 0.194910 0.266575 -0.149606 
 0.182715 0.269526 -0.148355 
 0.170520 0.272478 -0.147103 
 0.158325 0.275429 -0.145851 
 0.146130 0.278380 -0.144600 
 0.129806 0.286422 -0.161870 
 0.117646 0.289365 -0.160622 
 0.103456 0.294844 -0.168639 
 0.091314 0.297783 -0.167393 
 0.081167 0.298193 -0.156878 
 0.069007 0.301136 -0.155630 
 0.076445 0.278883 -0.061663 
 0.064110 0.281868 -0.060397 
 0.051776 0.284854 -0.059131 
 0.077588 0.237701 0.127682 
 0.064903 0.240771 0.128984 
 0.057835 0.236345 0.158128 
 0.046953 0.236934 0.168718 
 0.032361 0.242510 0.160743 
 0.021443 0.243107 0.171336 
 0.008689 0.246194 0.172646 
 -0.000496 0.244327 0.192534 
 -0.013286 0.247422 0.193847 
 -0.026076 0.250517 0.195160 
 -0.038865 0.253613 0.196472 
 -0.049940 0.254248 0.207082 
 -0.059352 0.252435 0.226994 
 -0.072195 0.255543 0.228312 
 -0.081712 0.253756 0.248236 
 -0.092944 0.254429 0.258861 
 -0.105839 0.257550 0.260185 
 -0.113904 0.253366 0.289432 
 -0.126851 0.256499 0.290760 
 0.323896 0.235790 -0.224870 
 0.316487 0.233459 -0.205179 
 0.304362 0.236393 -0.203934 
 0.292237 0.239328 -0.202690 
 0.280112 0.242262 -0.201445 
 0.267987 0.245197 -0.200201 
 0.255862 0.248131 -0.198956 
 0.243738 0.251066 -0.197712 
 0.231613 0.254000 -0.196468 
 0.219488 0.256935 -0.195223 
 0.211728 0.254688 -0.175495 
 0.199569 0.257630 -0.174247 
 0.187409 0.260573 -0.172999 
 0.175249 0.263516 -0.171751 
 0.167314 0.261312 -0.152006 
 0.155120 0.264263 -0.150754 
 0.142925 0.267215 -0.149503 
 0.126610 0.275288 -0.166759 
 0.114450 0.278231 -0.165511 
 0.102290 0.281174 -0.164263 
 0.090130 0.284117 -0.163015 
 0.077970 0.287060 -0.161767 
 0.069756 0.284923 -0.141993 
 0.059516 0.285339 -0.131477 
 0.051179 0.283231 -0.111690 
 0.038932 0.286195 -0.110433 
 0.026685 0.289160 -0.109176 
 0.067224 0.221600 0.151700 
 0.054487 0.224683 0.153007 
 0.043600 0.225255 0.163590 
 0.029013 0.230848 0.155622 
 0.018091 0.231429 0.166208 
 0.008932 0.229521 0.186079 
 -0.003858 0.232616 0.187392 
 -0.016648 0.235712 0.188705 
 -0.027692 0.236322 0.199304 
 -0.040499 0.239422 0.200619 
 -0.049886 0.237568 0.220513 
 -0.062728 0.240676 0.221831 
 -0.072220 0.238849 0.241737 
 -0.083439 0.239502 0.252354 
 -0.093053 0.237704 0.272271 
 -0.105983 0.240833 0.273598 
 -0.117307 0.241511 0.284226 
 -0.130255 0.244645 0.285555 
 0.325424 0.219423 -0.211298 
 0.313299 0.222357 -0.210054 
 0.303493 0.222651 -0.199589 
 0.289050 0.228226 -0.207565 
 0.276925 0.231161 -0.206320 
 0.267066 0.231467 -0.195850 
 0.254923 0.234406 -0.194604 
 0.242781 0.237344 -0.193358 
 0.230639 0.240283 -0.192112 
 0.218496 0.243222 -0.190865 
 0.208532 0.243554 -0.180384 
 0.196372 0.246497 -0.179136 
 0.184212 0.249440 -0.177888 
 0.172053 0.252382 -0.176640 
 0.164109 0.250146 -0.156909 
 0.151914 0.253097 -0.155657 
 0.135573 0.261211 -0.172896 
 0.123413 0.264154 -0.171648 
 0.109215 0.269670 -0.179649 
 0.099094 0.270040 -0.169152 
 0.084931 0.275547 -0.177157 
 0.072788 0.278486 -0.175911 
 0.062614 0.278869 -0.165408 
 0.054355 0.276708 -0.145645 
 0.042161 0.279660 -0.144393 
 0.035713 0.274982 -0.115357 
 0.023466 0.277946 -0.114100 
 0.063876 0.209937 0.146579 
 0.051139 0.213020 0.147886 
 0.040247 0.213577 0.158462 
 0.025665 0.219185 0.150501 
 0.018359 0.214715 0.179625 
 0.005570 0.217810 0.180937 
 -0.005444 0.218396 0.191526 
 -0.014735 0.216486 0.211396 
 -0.027577 0.219594 0.212714 
 -0.040420 0.222702 0.214032 
 -0.053262 0.225810 0.215350 
 -0.062728 0.223941 0.235238 
 -0.075605 0.227058 0.236559 
 -0.086829 0.227695 0.247169 
 -0.096452 0.225865 0.267073 
 -0.109382 0.228994 0.268400 
 -0.120711 0.229657 0.279021 
 -0.133658 0.232790 0.280349 
 0.336728 0.202717 -0.208210 
 0.324586 0.205656 -0.206963 
 0.312443 0.208595 -0.205717 
 0.300301 0.211533 -0.204471 
 0.285863 0.217124 -0.212440 
 0.273738 0.220059 -0.211195 
 0.263874 0.220349 -0.200732 
 0.251732 0.223288 -0.199486 
 0.239589 0.226227 -0.198240 
 0.227447 0.229165 -0.196994 
 0.215305 0.232104 -0.195747 
 0.205336 0.232420 -0.185273 
 0.193176 0.235363 -0.184025 
 0.181016 0.238306 -0.182777 
 0.168856 0.241249 -0.181529 
 0.160903 0.238980 -0.161812 
 0.144536 0.247134 -0.179033 
 0.132377 0.250077 -0.177785 
 0.120217 0.253020 -0.176537 
 0.108057 0.255963 -0.175289 
 0.095897 0.258906 -0.174041 
 0.081739 0.264430 -0.182039 
 0.069596 0.267368 -0.180793 
 0.059418 0.267735 -0.170297 
 0.051150 0.265543 -0.150548 
 0.038955 0.268494 -0.149296 
 0.032493 0.263768 -0.120281 
 0.020246 0.266732 -0.119024 
 0.007999 0.269696 -0.117767 
 0.047791 0.201358 0.142765 
 0.036895 0.201898 0.153334 
 0.022316 0.207523 0.145380 
 0.014997 0.203004 0.174482 
 0.007573 0.198511 0.203596 
 -0.005269 0.201619 0.204914 
 -0.014604 0.199685 0.224774 
 -0.027481 0.202801 0.226095 
 -0.043795 0.210943 0.208868 
 -0.053235 0.209034 0.228739 
 -0.066113 0.212151 0.230060 
 -0.077324 0.212768 0.240661 
 -0.086921 0.210897 0.260547 
 -0.098220 0.211535 0.271157 
 -0.111167 0.214668 0.272486 
 -0.124114 0.217802 0.273815 
 -0.137061 0.220935 0.275144 
 0.423654 0.154992 -0.156239 
 0.411390 0.157960 -0.154980 
 0.399125 0.160929 -0.153721 
 0.386860 0.163897 -0.152463 
 0.367406 0.174947 -0.178795 
 0.348057 0.185971 -0.205138 
 0.335897 0.188914 -0.203890 
 0.321394 0.194538 -0.211845 
 0.309251 0.197477 -0.210599 
 0.297109 0.200416 -0.209353 
 0.284967 0.203354 -0.208107 
 0.272824 0.206293 -0.206860 
 0.260682 0.209232 -0.205614 
 0.248540 0.212170 -0.204368 
 0.236397 0.215109 -0.203122 
 0.224255 0.218048 -0.201875 
 0.212113 0.220986 -0.200629 
 0.199970 0.223925 -0.199383 
 0.189979 0.224229 -0.188914 
 0.177820 0.227172 -0.187666 
 0.165660 0.230115 -0.186418 
 0.153500 0.233058 -0.185170 
 0.141340 0.236001 -0.183922 
 0.129180 0.238944 -0.182674 
 0.117020 0.241887 -0.181426 
 0.104861 0.244830 -0.180178 
 0.092701 0.247772 -0.178930 
 0.078547 0.253312 -0.186921 
 0.066405 0.256251 -0.185675 
 0.056221 0.256601 -0.175186 
 0.044062 0.259544 -0.173938 
 0.035750 0.257328 -0.154199 
 0.029274 0.252554 -0.125205 
 0.017027 0.255518 -0.123948 
 0.004779 0.258482 -0.122691 
 0.046297 0.187133 0.146897 
 0.033542 0.190220 0.148206 
 0.020787 0.193307 0.149515 
 0.013437 0.188744 0.178599 
 0.004198 0.186752 0.198433 
 -0.005112 0.184778 0.218275 
 -0.021487 0.192968 0.201069 
 -0.030866 0.191011 0.220918 
 -0.043743 0.194127 0.222240 
 -0.056620 0.197244 0.223561 
 -0.067818 0.197840 0.234154 
 -0.080713 0.200961 0.235477 
 -0.090320 0.199058 0.255349 
 -0.101623 0.199680 0.265952 
 -0.114570 0.202814 0.267281 
 -0.124334 0.200949 0.287169 
 -0.137316 0.204091 0.288502 
 0.432695 0.140794 -0.162429 
 0.420430 0.143762 -0.161170 
 0.408166 0.146731 -0.159911 
 0.395901 0.149699 -0.158653 
 0.383636 0.152667 -0.157394 
 0.368979 0.158345 -0.165325 
 0.351984 0.166721 -0.182452 
 0.337415 0.172377 -0.190392 
 0.320541 0.180723 -0.207531 
 0.308381 0.183666 -0.206283 
 0.293917 0.189298 -0.214235 
 0.281775 0.192236 -0.212988 
 0.269633 0.195175 -0.211742 
 0.257490 0.198114 -0.210496 
 0.245348 0.201053 -0.209250 
 0.233206 0.203991 -0.208004 
 0.221063 0.206930 -0.206757 
 0.211103 0.207209 -0.196299 
 0.198943 0.210152 -0.195051 
 0.184636 0.215746 -0.203019 
 0.172494 0.218685 -0.201772 
 0.162463 0.218981 -0.191307 
 0.150304 0.221924 -0.190059 
 0.138144 0.224867 -0.188811 
 0.125984 0.227810 -0.187563 
 0.113824 0.230753 -0.186315 
 0.101664 0.233696 -0.185067 
 0.089504 0.236639 -0.183819 
 0.075355 0.242194 -0.191803 
 0.063213 0.245133 -0.190557 
 0.053025 0.245467 -0.180075 
 0.044739 0.243211 -0.160354 
 0.032544 0.246162 -0.159102 
 0.026055 0.241340 -0.130129 
 0.013807 0.244304 -0.128872 
 0.001560 0.247268 -0.127615 
 -0.010687 0.250232 -0.126358 
 -0.022935 0.253196 -0.125101 
 0.022878 0.173918 0.172135 
 0.013664 0.171886 0.191952 
 0.004381 0.169871 0.211776 
 -0.008496 0.172987 0.213097 
 -0.021374 0.176104 0.214419 
 -0.032524 0.176671 0.224999 
 -0.045419 0.179792 0.226322 
 -0.058313 0.182913 0.227646 
 -0.071208 0.186033 0.228969 
 -0.080789 0.184090 0.248823 
 -0.092079 0.184692 0.259418 
 -0.101783 0.182778 0.279285 
 -0.114765 0.185920 0.280617 
 -0.127747 0.189062 0.281950 
 -0.140729 0.192204 0.283282 
 0.429471 0.129564 -0.167360 
 0.417206 0.132532 -0.166101 
 0.404942 0.135501 -0.164843 
 0.392677 0.138469 -0.163584 
 0.380412 0.141437 -0.162325 
 0.365760 0.147131 -0.170249 
 0.348773 0.155539 -0.187362 
 0.336561 0.158494 -0.186109 
 0.322014 0.164163 -0.194044 
 0.305185 0.172532 -0.211172 
 0.290725 0.178180 -0.219117 
 0.278583 0.181119 -0.217870 
 0.266441 0.184057 -0.216624 
 0.256546 0.184304 -0.206180 
 0.244386 0.187247 -0.204932 
 0.230014 0.192873 -0.212886 
 0.220066 0.193133 -0.202436 
 0.207906 0.196076 -0.201188 
 0.195747 0.199018 -0.199940 
 0.183587 0.201961 -0.198692 
 0.171427 0.204904 -0.197444 
 0.159267 0.207847 -0.196196 
 0.147107 0.210790 -0.194948 
 0.134947 0.213733 -0.193700 
 0.122788 0.216676 -0.192452 
 0.110628 0.219619 -0.191204 
 0.098468 0.222562 -0.189956 
 0.086308 0.225505 -0.188708 
 0.074148 0.228448 -0.187460 
 0.061988 0.231391 -0.186212 
 0.053728 0.229094 -0.166508 
 0.041533 0.232045 -0.165257 
 0.031253 0.232385 -0.154774 
 0.022835 0.230126 -0.135053 
 0.010588 0.233090 -0.133796 
 -0.001659 0.236054 -0.132539 
 -0.012062 0.236424 -0.122044 
 -0.024327 0.239392 -0.120785 
 0.026750 0.151847 0.203955 
 0.013873 0.154963 0.205277 
 0.000996 0.158080 0.206598 
 -0.011881 0.161196 0.207920 
 -0.023019 0.161744 0.218491 
 -0.035914 0.164865 0.219815 
 -0.048808 0.167985 0.221138 
 -0.061703 0.171106 0.222461 
 -0.074598 0.174227 0.223785 
 -0.084188 0.172252 0.243625 
 -0.095482 0.172837 0.254212 
 -0.105195 0.170892 0.274065 
 -0.118177 0.174034 0.275398 
 -0.131159 0.177176 0.276730 
 -0.144142 0.180317 0.278063 
 0.431187 0.112808 -0.153957 
 0.413982 0.121302 -0.171032 
 0.401718 0.124271 -0.169774 
 0.389453 0.127239 -0.168515 
 0.377188 0.130207 -0.167256 
 0.364923 0.133176 -0.165997 
 0.350293 0.138882 -0.173916 
 0.333351 0.147313 -0.191019 
 0.318809 0.152997 -0.198947 
 0.306614 0.155949 -0.197695 
 0.289829 0.164341 -0.214813 
 0.275391 0.170001 -0.222752 
 0.263249 0.172940 -0.221506 
 0.253349 0.173170 -0.211069 
 0.241189 0.176113 -0.209821 
 0.229030 0.179056 -0.208573 
 0.216870 0.181999 -0.207325 
 0.204710 0.184942 -0.206077 
 0.192550 0.187885 -0.204829 
 0.180390 0.190828 -0.203581 
 0.168230 0.193771 -0.202333 
 0.160276 0.191365 -0.182676 
 0.143911 0.199656 -0.199837 
 0.131751 0.202599 -0.198589 
 0.119591 0.205542 -0.197341 
 0.107431 0.208485 -0.196093 
 0.095272 0.211428 -0.194845 
 0.083112 0.214371 -0.193597 
 0.070952 0.217314 -0.192349 
 0.062717 0.214976 -0.172663 
 0.050522 0.217928 -0.171411 
 0.040255 0.218248 -0.160937 
 0.031863 0.215948 -0.141234 
 0.019616 0.218912 -0.139977 
 0.007369 0.221876 -0.138720 
 -0.004879 0.224840 -0.137463 
 -0.015286 0.225194 -0.126975 
 -0.027551 0.228162 -0.125716 
 0.025170 0.137454 0.208013 
 0.012276 0.140575 0.209336 
 -0.000619 0.143696 0.210660 
 -0.013514 0.146816 0.211983 
 -0.022938 0.144767 0.231791 
 -0.035868 0.147896 0.233118 
 -0.048797 0.151025 0.234445 
 -0.061727 0.154155 0.235772 
 -0.072992 0.154716 0.246349 
 -0.085939 0.157849 0.247678 
 -0.095625 0.155863 0.267513 
 -0.108608 0.159005 0.268846 
 -0.121590 0.162147 0.270178 
 -0.134572 0.165289 0.271511 
 -0.147554 0.168431 0.272843 
 -0.160536 0.171573 0.274176 
 0.440254 0.098569 -0.160165 
 0.427954 0.101546 -0.158903 
 0.410759 0.110072 -0.175964 
 0.398494 0.113041 -0.174705 
 0.386229 0.116009 -0.173446 
 0.373964 0.118977 -0.172187 
 0.361699 0.121946 -0.170928 
 0.347074 0.127668 -0.178840 
 0.330141 0.136131 -0.195929 
 0.315603 0.141831 -0.203850 
 0.303408 0.144783 -0.202598 
 0.286633 0.153208 -0.219702 
 0.272200 0.158883 -0.227634 
 0.260057 0.161822 -0.226388 
 0.250153 0.162036 -0.215958 
 0.237993 0.164979 -0.214710 
 0.225833 0.167922 -0.213462 
 0.213674 0.170865 -0.212214 
 0.201514 0.173808 -0.210966 
 0.189354 0.176751 -0.209718 
 0.177194 0.179694 -0.208470 
 0.169265 0.177248 -0.188830 
 0.157070 0.180199 -0.187579 
 0.140715 0.188523 -0.204726 
 0.128555 0.191466 -0.203478 
 0.116395 0.194409 -0.202230 
 0.104235 0.197351 -0.200982 
 0.092075 0.200294 -0.199734 
 0.079915 0.203237 -0.198486 
 0.067756 0.206180 -0.197238 
 0.059512 0.203811 -0.177566 
 0.049257 0.204110 -0.167100 
 0.037045 0.207066 -0.165847 
 0.028644 0.204734 -0.146158 
 0.016397 0.207698 -0.144901 
 0.004149 0.210662 -0.143644 
 -0.008098 0.213626 -0.142387 
 -0.018510 0.213964 -0.131906 
 -0.030775 0.216932 -0.130647 
 0.021781 0.125648 0.202829 
 0.008886 0.128768 0.204152 
 -0.004009 0.131889 0.205475 
 -0.016903 0.135010 0.206799 
 -0.026337 0.132928 0.226593 
 -0.039266 0.136058 0.227920 
 -0.052196 0.139187 0.229247 
 -0.063448 0.139728 0.239815 
 -0.076395 0.142861 0.241144 
 -0.086056 0.140834 0.260961 
 -0.099038 0.143976 0.262294 
 -0.112020 0.147118 0.263626 
 -0.125002 0.150260 0.264959 
 -0.137984 0.153402 0.266291 
 -0.150967 0.156544 0.267624 
 -0.163949 0.159686 0.268956 
 0.444329 0.089938 -0.184671 
 0.432064 0.092906 -0.183412 
 0.424721 0.090284 -0.163848 
 0.407535 0.098843 -0.180895 
 0.395270 0.101811 -0.179636 
 0.383005 0.104779 -0.178377 
 0.370740 0.107748 -0.177118 
 0.358475 0.110716 -0.175860 
 0.343855 0.116454 -0.183764 
 0.331607 0.119418 -0.182507 
 0.312397 0.130666 -0.208753 
 0.300203 0.133617 -0.207501 
 0.283436 0.142074 -0.224591 
 0.269008 0.147765 -0.232516 
 0.256866 0.150704 -0.231270 
 0.246957 0.150903 -0.220847 
 0.234797 0.153845 -0.219599 
 0.220439 0.159520 -0.227531 
 0.210477 0.159731 -0.217103 
 0.198317 0.162674 -0.215855 
 0.186157 0.165617 -0.214607 
 0.178254 0.163131 -0.194985 
 0.166059 0.166082 -0.193733 
 0.153865 0.169034 -0.192482 
 0.141670 0.171985 -0.191230 
 0.125358 0.180332 -0.208367 
 0.117280 0.177888 -0.188727 
 0.101039 0.186218 -0.205871 
 0.092891 0.183791 -0.186224 
 0.080696 0.186742 -0.184972 
 0.068501 0.189693 -0.183720 
 0.058260 0.189973 -0.173264 
 0.046047 0.192928 -0.172011 
 0.037672 0.190556 -0.152340 
 0.025425 0.193520 -0.151083 
 0.013177 0.196484 -0.149826 
 0.000930 0.199448 -0.148569 
 -0.011317 0.202412 -0.147312 
 -0.021734 0.202734 -0.136837 
 0.031286 0.110720 0.196321 
 0.018391 0.113841 0.197644 
 0.005496 0.116962 0.198968 
 -0.007398 0.120082 0.200291 
 -0.016806 0.117960 0.220067 
 -0.028010 0.118472 0.230623 
 -0.040957 0.121606 0.231952 
 -0.053904 0.124739 0.233280 
 -0.066851 0.127873 0.234609 
 -0.076486 0.125806 0.254409 
 -0.089468 0.128948 0.255742 
 -0.102450 0.132090 0.257074 
 -0.115433 0.135231 0.258407 
 -0.128415 0.138373 0.259739 
 -0.141397 0.141515 0.261072 
 -0.152828 0.142082 0.271650 
 -0.165828 0.145229 0.272984 
 0.441105 0.078708 -0.189602 
 0.428840 0.081676 -0.188343 
 0.416575 0.084644 -0.187085 
 0.404311 0.087613 -0.185826 
 0.392046 0.090581 -0.184567 
 0.379781 0.093549 -0.183308 
 0.367516 0.096518 -0.182050 
 0.355251 0.099486 -0.180791 
 0.340635 0.105240 -0.188689 
 0.323720 0.113767 -0.205749 
 0.311508 0.116723 -0.204495 
 0.296997 0.122451 -0.212404 
 0.280240 0.130940 -0.229480 
 0.268080 0.133883 -0.228232 
 0.255920 0.136826 -0.226984 
 0.243760 0.139769 -0.225736 
 0.231600 0.142712 -0.224488 
 0.219441 0.145655 -0.223240 
 0.207281 0.148597 -0.221992 
 0.195121 0.151540 -0.220744 
 0.187244 0.149014 -0.201140 
 0.175049 0.151965 -0.199888 
 0.162854 0.154916 -0.198636 
 0.150659 0.157868 -0.197385 
 0.134322 0.166255 -0.214504 
 0.122162 0.169198 -0.213256 
 0.110002 0.172141 -0.212008 
 0.097842 0.175084 -0.210760 
 0.085682 0.178027 -0.209512 
 0.073523 0.180970 -0.208264 
 0.065295 0.178527 -0.188623 
 0.055049 0.178791 -0.178174 
 0.046700 0.176378 -0.158521 
 0.034452 0.179342 -0.157264 
 0.022205 0.182306 -0.156007 
 0.011837 0.182599 -0.145545 
 -0.002289 0.188234 -0.153493 
 -0.014537 0.191199 -0.152236 
 -0.024958 0.191504 -0.141768 
 0.031514 0.093605 0.209561 
 0.015002 0.102034 0.192460 
 0.002107 0.105155 0.193783 
 -0.007275 0.102993 0.213542 
 -0.018466 0.103484 0.224088 
 -0.031413 0.106618 0.225417 
 -0.040952 0.104493 0.245193 
 -0.053934 0.107635 0.246525 
 -0.066917 0.110777 0.247858 
 -0.079899 0.113919 0.249190 
 -0.092881 0.117061 0.250522 
 -0.105863 0.120203 0.251855 
 -0.117246 0.120741 0.262421 
 -0.130246 0.123887 0.263755 
 -0.143246 0.127034 0.265089 
 -0.156245 0.130180 0.266424 
 -0.169245 0.133326 0.267758 
 0.435394 0.070313 -0.203669 
 0.425616 0.070446 -0.193275 
 0.413351 0.073414 -0.192016 
 0.401087 0.076383 -0.190757 
 0.388822 0.079351 -0.189498 
 0.376557 0.082319 -0.188239 
 0.364292 0.085288 -0.186981 
 0.352027 0.088256 -0.185722 
 0.337416 0.094026 -0.193613 
 0.325169 0.096990 -0.192356 
 0.308298 0.105541 -0.209406 
 0.293792 0.111285 -0.217307 
 0.277043 0.119806 -0.234369 
 0.264883 0.122749 -0.233121 
 0.252724 0.125692 -0.231873 
 0.240564 0.128635 -0.230625 
 0.228404 0.131578 -0.229377 
 0.216244 0.134521 -0.228129 
 0.204084 0.137464 -0.226881 
 0.191924 0.140407 -0.225633 
 0.184038 0.137848 -0.206043 
 0.171843 0.140799 -0.204791 
 0.159648 0.143751 -0.203539 
 0.149538 0.143964 -0.193111 
 0.135259 0.149653 -0.201036 
 0.125113 0.149875 -0.190604 
 0.110869 0.155556 -0.198533 
 0.098674 0.158508 -0.197281 
 0.086480 0.161459 -0.196030 
 0.074285 0.164410 -0.194778 
 0.064052 0.164653 -0.184337 
 0.051839 0.167609 -0.183084 
 0.043480 0.165164 -0.163445 
 0.031233 0.168128 -0.162188 
 0.018986 0.171092 -0.160931 
 0.008613 0.171369 -0.150476 
 -0.005509 0.177020 -0.158417 
 -0.017756 0.179985 -0.157160 
 -0.030003 0.182949 -0.155903 
 0.029920 0.079096 0.213568 
 0.015186 0.084895 0.205689 
 0.002256 0.088025 0.207016 
 -0.008922 0.088496 0.217554 
 -0.021869 0.091630 0.218883 
 -0.034816 0.094763 0.220212 
 -0.044365 0.092606 0.239973 
 -0.057347 0.095748 0.241306 
 -0.070329 0.098890 0.242638 
 -0.083311 0.102032 0.243970 
 -0.096293 0.105174 0.245303 
 -0.107664 0.105692 0.255860 
 -0.120663 0.108838 0.257194 
 -0.133663 0.111985 0.258529 
 -0.146663 0.115131 0.259863 
 -0.159662 0.118277 0.261197 
 -0.172662 0.121423 0.262531 
 0.432175 0.059099 -0.208593 
 0.422392 0.059216 -0.198206 
 0.410127 0.062185 -0.196947 
 0.397863 0.065153 -0.195688 
 0.385598 0.068121 -0.194429 
 0.373333 0.071090 -0.193171 
 0.358691 0.076884 -0.201051 
 0.346444 0.079848 -0.199794 
 0.329512 0.088448 -0.216822 
 0.317300 0.091403 -0.215569 
 0.305088 0.094359 -0.214316 
 0.290586 0.100119 -0.222210 
 0.278391 0.103071 -0.220958 
 0.266196 0.106022 -0.219707 
 0.249527 0.114558 -0.236762 
 0.237368 0.117501 -0.235514 
 0.225208 0.120444 -0.234266 
 0.213048 0.123387 -0.233018 
 0.200888 0.126330 -0.231770 
 0.193027 0.123731 -0.212197 
 0.180832 0.126682 -0.210946 
 0.170752 0.126871 -0.200528 
 0.158540 0.129826 -0.199275 
 0.144248 0.135536 -0.207191 
 0.132053 0.138488 -0.205939 
 0.119858 0.141439 -0.204687 
 0.107664 0.144390 -0.203436 
 0.095469 0.147342 -0.202184 
 0.085266 0.147560 -0.191754 
 0.073054 0.150516 -0.190501 
 0.060841 0.153471 -0.189248 
 0.052508 0.150986 -0.169626 
 0.040261 0.153950 -0.168369 
 0.028014 0.156914 -0.167112 
 0.015766 0.159878 -0.165855 
 0.005389 0.160139 -0.155407 
 -0.008728 0.165807 -0.163341 
 -0.020975 0.168771 -0.162084 
 -0.033223 0.171735 -0.160827 
 0.026516 0.067241 0.208362 
 0.011787 0.073057 0.200491 
 -0.001143 0.076186 0.201818 
 -0.008831 0.071294 0.230756 
 -0.021813 0.074436 0.232089 
 -0.034795 0.077578 0.233421 
 -0.051167 0.086042 0.216335 
 -0.060759 0.083862 0.236086 
 -0.073742 0.087004 0.237418 
 -0.085082 0.087497 0.247965 
 -0.098081 0.090643 0.249299 
 -0.111081 0.093790 0.250634 
 -0.124081 0.096936 0.251968 
 -0.137080 0.100082 0.253302 
 -0.150080 0.103228 0.254636 
 -0.163079 0.106374 0.255970 
 -0.176079 0.109520 0.257305 
 0.431433 0.045018 -0.204396 
 0.419168 0.047986 -0.203137 
 0.406904 0.050955 -0.201878 
 0.394639 0.053923 -0.200619 
 0.379966 0.059742 -0.208489 
 0.367719 0.062706 -0.207232 
 0.348355 0.074197 -0.233371 
 0.336160 0.077148 -0.232119 
 0.326302 0.077266 -0.221732 
 0.311770 0.083051 -0.229616 
 0.299575 0.086002 -0.228365 
 0.287380 0.088954 -0.227113 
 0.275186 0.091905 -0.225861 
 0.262991 0.094857 -0.224610 
 0.250796 0.097808 -0.223358 
 0.238601 0.100759 -0.222107 
 0.226406 0.103711 -0.220855 
 0.214211 0.106662 -0.219603 
 0.202017 0.109613 -0.218352 
 0.189822 0.112565 -0.217100 
 0.179754 0.112733 -0.206692 
 0.167542 0.115689 -0.205438 
 0.155330 0.118645 -0.204185 
 0.143117 0.121600 -0.202931 
 0.130905 0.124556 -0.201678 
 0.118693 0.127511 -0.200425 
 0.106480 0.130467 -0.199171 
 0.098278 0.127916 -0.179578 
 0.082056 0.136378 -0.196664 
 0.069844 0.139334 -0.195411 
 0.061536 0.136808 -0.175807 
 0.049289 0.139772 -0.174550 
 0.037042 0.142736 -0.173293 
 0.024794 0.145700 -0.172036 
 0.012547 0.148665 -0.170779 
 0.000300 0.151629 -0.169522 
 -0.011948 0.154593 -0.168265 
 -0.024195 0.157557 -0.167008 
 -0.036442 0.160521 -0.165751 
 0.026703 0.049981 0.221540 
 0.013721 0.053123 0.222872 
 -0.002781 0.061653 0.205814 
 -0.012243 0.059407 0.225537 
 -0.025226 0.062549 0.226869 
 -0.038208 0.065691 0.228202 
 -0.051190 0.068833 0.229534 
 -0.064172 0.071975 0.230866 
 -0.077154 0.075117 0.232199 
 -0.088499 0.075594 0.242739 
 -0.101498 0.078741 0.244073 
 -0.114498 0.081887 0.245407 
 -0.127498 0.085033 0.246741 
 -0.140497 0.088179 0.248075 
 -0.155047 0.093968 0.240193 
 -0.166497 0.094471 0.250744 
 -0.179496 0.097618 0.252078 
 -0.192496 0.100764 0.253412 
 0.428209 0.033788 -0.209327 
 0.415944 0.036756 -0.208068 
 0.401242 0.042600 -0.215927 
 0.388994 0.045564 -0.214670 
 0.376747 0.048528 -0.213413 
 0.364500 0.051492 -0.212156 
 0.345149 0.063031 -0.238274 
 0.332954 0.065982 -0.237022 
 0.320759 0.068934 -0.235771 
 0.308564 0.071885 -0.234519 
 0.296370 0.074836 -0.233268 
 0.284175 0.077788 -0.232016 
 0.271980 0.080739 -0.230764 
 0.259785 0.083691 -0.229513 
 0.249818 0.083818 -0.219122 
 0.237606 0.086773 -0.217869 
 0.225394 0.089729 -0.216615 
 0.213181 0.092685 -0.215362 
 0.200969 0.095640 -0.214108 
 0.188757 0.098596 -0.212855 
 0.176544 0.101551 -0.211602 
 0.164332 0.104507 -0.210348 
 0.152120 0.107463 -0.209095 
 0.144048 0.104846 -0.189530 
 0.131801 0.107810 -0.188273 
 0.119553 0.110774 -0.187016 
 0.109324 0.110964 -0.176598 
 0.097059 0.113933 -0.175340 
 0.082811 0.119666 -0.183245 
 0.070564 0.122630 -0.181988 
 0.058317 0.125594 -0.180731 
 0.046070 0.128558 -0.179474 
 0.033822 0.131522 -0.178217 
 0.023471 0.131743 -0.167787 
 0.011206 0.134711 -0.166528 
 -0.001059 0.137679 -0.165269 
 -0.015167 0.143379 -0.173189 
 -0.027414 0.146343 -0.171932 
 0.036273 0.034953 0.214988 
 0.023291 0.038095 0.216320 
 0.010308 0.041236 0.217652 
 -0.000918 0.041668 0.228173 
 -0.013918 0.044815 0.229507 
 -0.026918 0.047961 0.230841 
 -0.039917 0.051107 0.232175 
 -0.052917 0.054253 0.233509 
 -0.065916 0.057399 0.234844 
 -0.078916 0.060545 0.236178 
 -0.091916 0.063692 0.237512 
 -0.104915 0.066838 0.238846 
 -0.117915 0.069984 0.240180 
 -0.130915 0.073130 0.241515 
 -0.143914 0.076276 0.242849 
 -0.158460 0.082082 0.234974 
 -0.169914 0.082569 0.245517 
 -0.182913 0.085715 0.246851 
 -0.195913 0.088861 0.248186 
 0.424985 0.022558 -0.214258 
 0.412720 0.025526 -0.212999 
 0.400456 0.028495 -0.211740 
 0.388191 0.031463 -0.210482 
 0.373528 0.037314 -0.218337 
 0.361280 0.040278 -0.217080 
 0.341943 0.051865 -0.243177 
 0.329749 0.054816 -0.241925 
 0.317554 0.057768 -0.240674 
 0.305359 0.060719 -0.239422 
 0.293164 0.063671 -0.238171 
 0.280969 0.066622 -0.236919 
 0.268775 0.069573 -0.235667 
 0.256579 0.072525 -0.234416 
 0.246608 0.072636 -0.224032 
 0.234396 0.075592 -0.222779 
 0.222183 0.078547 -0.221525 
 0.209971 0.081503 -0.220272 
 0.197759 0.084458 -0.219018 
 0.189818 0.081775 -0.199482 
 0.173334 0.090370 -0.216512 
 0.161122 0.093325 -0.215258 
 0.148909 0.096281 -0.214005 
 0.140829 0.093632 -0.194454 
 0.128581 0.096596 -0.193197 
 0.116334 0.099560 -0.191940 
 0.106100 0.099735 -0.181529 
 0.093835 0.102703 -0.180271 
 0.079592 0.108452 -0.188169 
 0.069306 0.108640 -0.177753 
 0.057041 0.111608 -0.176494 
 0.044776 0.114576 -0.175236 
 0.032511 0.117545 -0.173977 
 0.020247 0.120513 -0.172718 
 0.011728 0.117970 -0.153123 
 -0.004283 0.126450 -0.170200 
 -0.016548 0.129418 -0.168942 
 -0.028813 0.132386 -0.167683 
 0.034664 0.020327 0.218943 
 0.021664 0.023473 0.220278 
 0.006896 0.029350 0.212433 
 -0.004335 0.029766 0.222946 
 -0.017335 0.032912 0.224280 
 -0.030335 0.036058 0.225614 
 -0.043334 0.039204 0.226949 
 -0.056334 0.042350 0.228283 
 -0.069334 0.045497 0.229617 
 -0.082333 0.048643 0.230951 
 -0.095333 0.051789 0.232285 
 -0.108333 0.054935 0.233620 
 -0.121332 0.058081 0.234954 
 -0.134332 0.061228 0.236288 
 -0.147331 0.064374 0.237622 
 -0.160331 0.067520 0.238957 
 -0.173331 0.070666 0.240291 
 -0.186330 0.073812 0.241625 
 -0.199330 0.076958 0.242959 
 0.414389 0.008474 -0.199727 
 0.397232 0.017265 -0.216672 
 0.384967 0.020233 -0.215413 
 0.370308 0.026100 -0.223261 
 0.358061 0.029064 -0.222004 
 0.338738 0.040699 -0.248080 
 0.326543 0.043651 -0.246828 
 0.314348 0.046602 -0.245577 
 0.302153 0.049553 -0.244325 
 0.289959 0.052505 -0.243074 
 0.277764 0.055456 -0.241822 
 0.265569 0.058408 -0.240570 
 0.253374 0.061359 -0.239319 
 0.243398 0.061454 -0.228942 
 0.235588 0.058705 -0.209434 
 0.223341 0.061669 -0.208177 
 0.211093 0.064633 -0.206920 
 0.198846 0.067597 -0.205663 
 0.186599 0.070562 -0.204406 
 0.170124 0.079188 -0.221422 
 0.157912 0.082143 -0.220168 
 0.145699 0.085099 -0.218915 
 0.137609 0.082418 -0.199378 
 0.125362 0.085382 -0.198121 
 0.115141 0.085536 -0.187719 
 0.102876 0.088505 -0.186461 
 0.090611 0.091473 -0.185202 
 0.078347 0.094441 -0.183943 
 0.066082 0.097410 -0.182684 
 0.053817 0.100378 -0.181425 
 0.041552 0.103346 -0.180167 
 0.029287 0.106315 -0.178908 
 0.020795 0.103731 -0.159330 
 0.010364 0.103936 -0.148906 
 -0.001953 0.106917 -0.147642 
 -0.014271 0.109898 -0.146378 
 -0.026588 0.112879 -0.145114 
 0.031246 0.008424 0.213717 
 0.018247 0.011570 0.215051 
 0.005247 0.014717 0.216385 
 -0.007752 0.017863 0.217719 
 -0.020752 0.021009 0.219054 
 -0.033752 0.024155 0.220388 
 -0.046751 0.027301 0.221722 
 -0.059751 0.030448 0.223056 
 -0.072751 0.033594 0.224390 
 -0.085750 0.036740 0.225725 
 -0.098750 0.039886 0.227059 
 -0.111750 0.043032 0.228393 
 -0.124749 0.046178 0.229727 
 -0.137749 0.049325 0.231061 
 -0.150749 0.052471 0.232396 
 -0.163748 0.055617 0.233730 
 -0.173710 0.053389 0.253459 
 -0.186745 0.056544 0.254796 
 -0.199780 0.059698 0.256134 
 0.413597 -0.005716 -0.195577 
 0.398856 0.000188 -0.203410 
 0.381743 0.009003 -0.220344 
 0.369478 0.011972 -0.219085 
 0.354842 0.017850 -0.226928 
 0.337886 0.026627 -0.243879 
 0.325674 0.029583 -0.242626 
 0.311143 0.035436 -0.250480 
 0.298948 0.038388 -0.249228 
 0.286753 0.041339 -0.247977 
 0.274558 0.044290 -0.246725 
 0.262363 0.047242 -0.245473 
 0.252400 0.047317 -0.235106 
 0.244616 0.044527 -0.215615 
 0.232368 0.047491 -0.214358 
 0.220121 0.050455 -0.213101 
 0.207874 0.053420 -0.211844 
 0.195627 0.056384 -0.210587 
 0.183379 0.059348 -0.209330 
 0.171132 0.062312 -0.208073 
 0.154701 0.070962 -0.225078 
 0.146637 0.068240 -0.205559 
 0.134390 0.071204 -0.204302 
 0.124182 0.071338 -0.193909 
 0.111917 0.074306 -0.192651 
 0.099652 0.077275 -0.191392 
 0.087387 0.080243 -0.190133 
 0.075123 0.083211 -0.188874 
 0.062858 0.086180 -0.187615 
 0.050593 0.089148 -0.186357 
 0.038328 0.092116 -0.185098 
 0.026063 0.095085 -0.183839 
 0.017562 0.092469 -0.164276 
 0.007126 0.092658 -0.153859 
 -0.005191 0.095639 -0.152595 
 -0.017508 0.098620 -0.151330 
 -0.028014 0.098826 -0.140907 
 -0.040349 0.101811 -0.139641 
 0.014830 -0.000332 0.209824 
 0.001830 0.002814 0.211159 
 -0.011170 0.005960 0.212493 
 -0.024169 0.009106 0.213827 
 -0.037169 0.012253 0.215161 
 -0.050168 0.015399 0.216495 
 -0.063168 0.018545 0.217830 
 -0.076168 0.021691 0.219164 
 -0.089167 0.024837 0.220498 
 -0.102167 0.027983 0.221832 
 -0.115167 0.031130 0.223166 
 -0.128166 0.034276 0.224501 
 -0.141166 0.037422 0.225835 
 -0.154166 0.040568 0.227169 
 -0.167165 0.043714 0.228503 
 -0.180165 0.046860 0.229837 
 -0.193165 0.050007 0.231172 
 -0.206164 0.053153 0.232506 
 0.439857 -0.040609 -0.138191 
 0.424981 -0.034655 -0.146002 
 0.400461 -0.016952 -0.190175 
 0.392930 -0.019837 -0.170726 
 0.366254 0.000742 -0.224016 
 0.351622 0.006636 -0.231852 
 0.334676 0.015445 -0.248789 
 0.322464 0.018401 -0.247536 
 0.307937 0.024270 -0.255383 
 0.295742 0.027222 -0.254131 
 0.283547 0.030173 -0.252880 
 0.271353 0.033125 -0.251628 
 0.261402 0.033179 -0.241269 
 0.249190 0.036135 -0.240016 
 0.241396 0.033313 -0.220539 
 0.231341 0.033393 -0.210170 
 0.219076 0.036362 -0.208911 
 0.206811 0.039330 -0.207652 
 0.192407 0.045170 -0.215511 
 0.180160 0.048134 -0.214254 
 0.167913 0.051098 -0.212997 
 0.155665 0.054062 -0.211740 
 0.143418 0.057026 -0.210483 
 0.133223 0.057140 -0.200099 
 0.120958 0.060108 -0.198840 
 0.112727 0.057393 -0.179320 
 0.096428 0.066045 -0.196323 
 0.084163 0.069013 -0.195064 
 0.071899 0.071981 -0.193805 
 0.059634 0.074950 -0.192547 
 0.047369 0.077918 -0.191288 
 0.038928 0.075254 -0.171746 
 0.026628 0.078230 -0.170483 
 0.014329 0.081207 -0.169221 
 0.003888 0.081380 -0.158811 
 -0.008429 0.084361 -0.157547 
 -0.018922 0.084547 -0.147132 
 -0.031256 0.087532 -0.145866 
 -0.043591 0.090518 -0.144600 
 0.009640 -0.009452 0.195442 
 -0.001587 -0.009089 0.205932 
 -0.014587 -0.005943 0.207266 
 -0.027586 -0.002796 0.208600 
 -0.040586 0.000350 0.209935 
 -0.053586 0.003496 0.211269 
 -0.066585 0.006642 0.212603 
 -0.079585 0.009788 0.213937 
 -0.092585 0.012934 0.215271 
 -0.105584 0.016081 0.216606 
 -0.118584 0.019227 0.217940 
 -0.131584 0.022373 0.219274 
 -0.144583 0.025519 0.220608 
 -0.157583 0.028665 0.221942 
 -0.170583 0.031811 0.223277 
 -0.180563 0.029519 0.242977 
 -0.196582 0.038104 0.225945 
 -0.209581 0.041250 0.227279 
 -0.222581 0.044396 0.228614 
 0.436587 -0.051999 -0.143192 
 0.421715 -0.046029 -0.150996 
 0.404463 -0.037112 -0.167887 
 0.396871 -0.040016 -0.148446 
 0.363030 -0.010488 -0.228947 
 0.348403 -0.004577 -0.236776 
 0.336156 -0.001613 -0.235519 
 0.319254 0.007219 -0.252446 
 0.307041 0.010175 -0.251193 
 0.292537 0.016056 -0.259034 
 0.280342 0.019007 -0.257783 
 0.270404 0.019042 -0.247432 
 0.258192 0.021997 -0.246179 
 0.245980 0.024953 -0.244926 
 0.238177 0.022099 -0.225464 
 0.228117 0.022163 -0.215101 
 0.215852 0.025132 -0.213842 
 0.203587 0.028100 -0.212583 
 0.191323 0.031068 -0.211324 
 0.179058 0.034037 -0.210066 
 0.166793 0.037005 -0.208807 
 0.152446 0.042848 -0.216665 
 0.142264 0.042942 -0.206289 
 0.134094 0.040177 -0.186790 
 0.121794 0.043154 -0.185527 
 0.109494 0.046131 -0.184265 
 0.097194 0.049108 -0.183003 
 0.080939 0.057783 -0.199995 
 0.072594 0.055061 -0.180478 
 0.060295 0.058038 -0.179216 
 0.044145 0.066688 -0.196219 
 0.035695 0.063992 -0.176691 
 0.023395 0.066969 -0.175428 
 0.012968 0.067121 -0.165027 
 0.002506 0.067282 -0.154623 
 -0.009829 0.070268 -0.153357 
 -0.022164 0.073253 -0.152091 
 -0.034499 0.076238 -0.150825 
 -0.046834 0.079223 -0.149559 
 0.007995 -0.024138 0.199371 
 -0.005004 -0.020992 0.200705 
 -0.014539 -0.023426 0.220345 
 -0.031004 -0.014699 0.203374 
 -0.044003 -0.011553 0.204708 
 -0.057003 -0.008407 0.206042 
 -0.066678 -0.010807 0.225696 
 -0.083002 -0.002115 0.208711 
 -0.096002 0.001032 0.210045 
 -0.109001 0.004178 0.211379 
 -0.122001 0.007324 0.212713 
 -0.135001 0.010470 0.214047 
 -0.148000 0.013616 0.215382 
 -0.161000 0.016763 0.216716 
 -0.174000 0.019909 0.218050 
 -0.183989 0.017585 0.237737 
 -0.197024 0.020739 0.239074 
 -0.210059 0.023894 0.240412 
 -0.223093 0.027049 0.241750 
 0.453145 -0.075352 -0.122260 
 0.440653 -0.072328 -0.120978 
 0.420878 -0.060378 -0.146917 
 0.408438 -0.057368 -0.145640 
 0.395998 -0.054357 -0.144363 
 0.364557 -0.027644 -0.215720 
 0.347541 -0.018750 -0.232620 
 0.332936 -0.012827 -0.240444 
 0.320689 -0.009863 -0.239187 
 0.303831 -0.001007 -0.256103 
 0.291619 0.001949 -0.254849 
 0.277136 0.007841 -0.262686 
 0.267194 0.007860 -0.252342 
 0.254982 0.010815 -0.251089 
 0.247205 0.007921 -0.231645 
 0.234958 0.010886 -0.230388 
 0.224893 0.010933 -0.220032 
 0.212628 0.013902 -0.218773 
 0.200364 0.016870 -0.217514 
 0.188099 0.019838 -0.216256 
 0.175834 0.022807 -0.214997 
 0.163569 0.025775 -0.213738 
 0.151304 0.028743 -0.212479 
 0.139040 0.031712 -0.211220 
 0.130860 0.028915 -0.191735 
 0.120586 0.029014 -0.181357 
 0.108269 0.031995 -0.180093 
 0.093961 0.037846 -0.187948 
 0.081661 0.040823 -0.186686 
 0.069361 0.043799 -0.185423 
 0.057062 0.046776 -0.184161 
 0.044762 0.049753 -0.182898 
 0.034365 0.049881 -0.172508 
 0.022047 0.052862 -0.171244 
 0.009730 0.055843 -0.169980 
 -0.000737 0.055989 -0.159583 
 -0.013072 0.058974 -0.158317 
 -0.021776 0.056304 -0.138778 
 -0.034145 0.059298 -0.137508 
 -0.046515 0.062292 -0.136238 
 -0.058885 0.065286 -0.134969 
 -0.008421 -0.032894 0.195479 
 -0.017965 -0.035360 0.215104 
 -0.034421 -0.026602 0.198147 
 -0.047420 -0.023456 0.199481 
 -0.060420 -0.020310 0.200816 
 -0.073420 -0.017163 0.202150 
 -0.086419 -0.014017 0.203484 
 -0.099419 -0.010871 0.204818 
 -0.112419 -0.007725 0.206152 
 -0.125418 -0.004579 0.207487 
 -0.138418 -0.001433 0.208821 
 -0.151418 0.001714 0.210155 
 -0.164417 0.004860 0.211489 
 -0.177417 0.008006 0.212823 
 -0.187416 0.005650 0.232496 
 -0.200450 0.008805 0.233834 
 -0.213485 0.011959 0.235172 
 -0.226519 0.015114 0.236509 
 0.457236 -0.095790 -0.100093 
 0.442251 -0.089758 -0.107870 
 0.424877 -0.080743 -0.124718 
 0.412385 -0.077720 -0.123436 
 0.404669 -0.080662 -0.104013 
 0.385030 -0.068694 -0.129944 
 0.372555 -0.065675 -0.128663 
 0.332053 -0.027011 -0.236292 
 0.319788 -0.024043 -0.235033 
 0.305222 -0.018113 -0.242854 
 0.292975 -0.015149 -0.241597 
 0.280728 -0.012185 -0.240340 
 0.268480 -0.009221 -0.239083 
 0.256233 -0.006257 -0.237826 
 0.246199 -0.006233 -0.227481 
 0.233934 -0.003265 -0.226222 
 0.226026 -0.006161 -0.206779 
 0.213726 -0.003184 -0.205517 
 0.197140 0.005640 -0.222445 
 0.184875 0.008609 -0.221187 
 0.172610 0.011577 -0.219928 
 0.160345 0.014545 -0.218669 
 0.148080 0.017513 -0.217410 
 0.139927 0.014677 -0.197943 
 0.127627 0.017653 -0.196680 
 0.117348 0.017736 -0.186309 
 0.105031 0.020717 -0.185045 
 0.092713 0.023698 -0.183781 
 0.080396 0.026679 -0.182517 
 0.068079 0.029660 -0.181253 
 0.055762 0.032641 -0.179989 
 0.043444 0.035622 -0.178724 
 0.031127 0.038603 -0.177460 
 0.018810 0.041584 -0.176196 
 0.008356 0.041709 -0.165808 
 -0.003979 0.044694 -0.164542 
 -0.012657 0.041985 -0.145020 
 -0.025027 0.044978 -0.143751 
 -0.037397 0.047972 -0.142481 
 -0.049767 0.050966 -0.141212 
 -0.060378 0.051129 -0.130807 
 -0.072766 0.054127 -0.129536 
 -0.021392 -0.047295 0.209864 
 -0.037838 -0.038505 0.192921 
 -0.050837 -0.035359 0.194255 
 -0.063837 -0.032212 0.195589 
 -0.076837 -0.029066 0.196923 
 -0.089836 -0.025920 0.198257 
 -0.102836 -0.022774 0.199592 
 -0.115836 -0.019628 0.200926 
 -0.128835 -0.016481 0.202260 
 -0.141835 -0.013335 0.203594 
 -0.154835 -0.010189 0.204928 
 -0.167834 -0.007043 0.206263 
 -0.180834 -0.003897 0.207597 
 -0.190842 -0.006285 0.227255 
 -0.203877 -0.003130 0.228593 
 -0.213990 -0.005493 0.248262 
 -0.227059 -0.002330 0.249603 
 0.453938 -0.107276 -0.105137 
 0.441394 -0.104240 -0.103849 
 0.428849 -0.101204 -0.102562 
 0.413903 -0.095164 -0.110336 
 0.403759 -0.095132 -0.099987 
 0.388849 -0.089101 -0.107764 
 0.376321 -0.086069 -0.106478 
 0.328829 -0.038241 -0.241223 
 0.316564 -0.035273 -0.239965 
 0.304299 -0.032305 -0.238706 
 0.292034 -0.029336 -0.237447 
 0.279769 -0.026368 -0.236188 
 0.267504 -0.023400 -0.234929 
 0.255240 -0.020431 -0.233671 
 0.247392 -0.023376 -0.214249 
 0.237283 -0.023352 -0.203904 
 0.224966 -0.020371 -0.202639 
 0.212649 -0.017390 -0.201375 
 0.198193 -0.011469 -0.209200 
 0.185893 -0.008492 -0.207937 
 0.173593 -0.005516 -0.206675 
 0.161293 -0.002539 -0.205413 
 0.148994 0.000438 -0.204150 
 0.136694 0.003415 -0.202888 
 0.128461 0.000563 -0.183427 
 0.116126 0.003548 -0.182161 
 0.103792 0.006533 -0.180895 
 0.091457 0.009518 -0.179629 
 0.079122 0.012504 -0.178363 
 0.064841 0.018382 -0.186205 
 0.052524 0.021363 -0.184941 
 0.042118 0.021459 -0.174565 
 0.029783 0.024445 -0.173299 
 0.017448 0.027430 -0.172033 
 0.005113 0.030415 -0.170767 
 -0.007222 0.033400 -0.169501 
 -0.015909 0.030659 -0.149994 
 -0.026473 0.030793 -0.139602 
 -0.038860 0.033791 -0.138330 
 -0.051247 0.036789 -0.137059 
 -0.063634 0.039787 -0.135788 
 -0.076022 0.042785 -0.134516 
 -0.028255 -0.053554 0.186360 
 -0.041255 -0.050407 0.187694 
 -0.054255 -0.047261 0.189028 
 -0.067254 -0.044115 0.190362 
 -0.080254 -0.040969 0.191697 
 -0.093253 -0.037823 0.193031 
 -0.106253 -0.034677 0.194365 
 -0.120849 -0.028722 0.186555 
 -0.133831 -0.025580 0.187888 
 -0.146813 -0.022438 0.189220 
 -0.162883 -0.013704 0.172253 
 -0.175830 -0.010571 0.173582 
 -0.185760 -0.013012 0.193217 
 -0.197251 -0.012653 0.203705 
 -0.211724 -0.006728 0.195882 
 -0.223250 -0.006361 0.206373 
 -0.236250 -0.003215 0.207707 
 -0.243564 -0.011133 0.245690 
 0.455539 -0.124826 -0.092082 
 0.442959 -0.121782 -0.090791 
 0.430379 -0.118737 -0.089500 
 0.420196 -0.118712 -0.079154 
 0.405220 -0.112648 -0.086918 
 0.387917 -0.103582 -0.103743 
 0.375372 -0.100546 -0.102455 
 0.330257 -0.055476 -0.228031 
 0.313340 -0.046503 -0.244896 
 0.301075 -0.043535 -0.243637 
 0.288810 -0.040566 -0.242378 
 0.276545 -0.037598 -0.241119 
 0.264280 -0.034630 -0.239860 
 0.256459 -0.037615 -0.220457 
 0.246363 -0.037611 -0.210120 
 0.234045 -0.034630 -0.208856 
 0.223897 -0.034614 -0.198514 
 0.209411 -0.028668 -0.206327 
 0.197094 -0.025687 -0.205063 
 0.182660 -0.019754 -0.212883 
 0.170360 -0.016778 -0.211620 
 0.158060 -0.013801 -0.210358 
 0.145760 -0.010824 -0.209096 
 0.133461 -0.007847 -0.207833 
 0.125219 -0.010731 -0.188386 
 0.112884 -0.007746 -0.187120 
 0.104537 -0.010605 -0.167663 
 0.092167 -0.007611 -0.166393 
 0.075880 0.001210 -0.183322 
 0.063545 0.004195 -0.182056 
 0.051210 0.007180 -0.180790 
 0.038875 0.010165 -0.179524 
 0.026541 0.013151 -0.178258 
 0.014206 0.016136 -0.176992 
 0.001871 0.019121 -0.175726 
 -0.010464 0.022106 -0.174460 
 -0.019161 0.019333 -0.154967 
 -0.029729 0.019451 -0.144582 
 -0.042116 0.022449 -0.143311 
 -0.054503 0.025447 -0.142039 
 -0.066891 0.028445 -0.140768 
 -0.010015 -0.082895 0.225413 
 -0.028244 -0.071165 0.199382 
 -0.044672 -0.062310 0.182467 
 -0.057672 -0.059164 0.183802 
 -0.070671 -0.056018 0.185136 
 -0.083671 -0.052872 0.186470 
 -0.098297 -0.046892 0.178671 
 -0.111279 -0.043751 0.180003 
 -0.124262 -0.040609 0.181336 
 -0.140392 -0.031826 0.164390 
 -0.153339 -0.028692 0.165719 
 -0.166286 -0.025559 0.167048 
 -0.180755 -0.019618 0.159232 
 -0.192181 -0.019292 0.169705 
 -0.202154 -0.021757 0.189330 
 -0.215137 -0.018615 0.190663 
 -0.228119 -0.015473 0.191995 
 -0.236798 -0.020691 0.220787 
 -0.249833 -0.017536 0.222125 
 0.452232 -0.136345 -0.097140 
 0.449360 -0.145476 -0.059673 
 0.434300 -0.139375 -0.067420 
 0.421668 -0.136317 -0.066124 
 0.404287 -0.127198 -0.082926 
 0.389333 -0.121122 -0.090684 
 0.376753 -0.118077 -0.089393 
 0.327024 -0.066738 -0.232976 
 0.314724 -0.063761 -0.231714 
 0.302425 -0.060784 -0.230452 
 0.285586 -0.051796 -0.247309 
 0.273321 -0.048828 -0.246050 
 0.265525 -0.051854 -0.226665 
 0.255442 -0.051870 -0.216336 
 0.243125 -0.048889 -0.215072 
 0.230808 -0.045908 -0.213808 
 0.220655 -0.045908 -0.203473 
 0.208320 -0.042922 -0.202207 
 0.195985 -0.039937 -0.200941 
 0.181539 -0.033984 -0.208751 
 0.169221 -0.031003 -0.207487 
 0.156904 -0.028022 -0.206223 
 0.144587 -0.025041 -0.204959 
 0.132269 -0.022060 -0.203695 
 0.121976 -0.022025 -0.193345 
 0.113656 -0.024924 -0.173906 
 0.101286 -0.021931 -0.172636 
 0.084972 -0.013070 -0.189547 
 0.076546 -0.015943 -0.170097 
 0.060303 -0.007099 -0.187016 
 0.047968 -0.004114 -0.185750 
 0.035633 -0.001129 -0.184484 
 0.023298 0.001857 -0.183218 
 0.010963 0.004842 -0.181952 
 0.002327 0.002019 -0.162480 
 -0.010042 0.005013 -0.161210 
 -0.022412 0.008007 -0.159940 
 -0.032985 0.008109 -0.149563 
 -0.045372 0.011107 -0.148291 
 -0.057759 0.014105 -0.147020 
 -0.070147 0.017103 -0.145749 
 -0.013455 -0.094878 0.220151 
 -0.028252 -0.088840 0.212377 
 -0.044705 -0.079945 0.195480 
 -0.061089 -0.071067 0.178575 
 -0.074088 -0.067921 0.179909 
 -0.087088 -0.064774 0.181243 
 -0.101710 -0.058779 0.173451 
 -0.117901 -0.049947 0.156527 
 -0.130848 -0.046814 0.157856 
 -0.143795 -0.043681 0.159185 
 -0.158294 -0.037715 0.151380 
 -0.171224 -0.034586 0.152707 
 -0.184154 -0.031457 0.154034 
 -0.197083 -0.028327 0.155361 
 -0.208531 -0.028013 0.165829 
 -0.221478 -0.024880 0.167157 
 -0.230084 -0.030166 0.195920 
 -0.243084 -0.027020 0.197254 
 -0.256084 -0.023874 0.198588 
 0.463564 -0.166247 -0.047988 
 0.450879 -0.163177 -0.046686 
 0.433385 -0.153996 -0.063461 
 0.420735 -0.150935 -0.062162 
 0.405716 -0.144826 -0.069906 
 0.393083 -0.141769 -0.068610 
 0.375782 -0.132634 -0.085405 
 0.363184 -0.129586 -0.084112 
 0.313791 -0.078054 -0.227609 
 0.301474 -0.075072 -0.226345 
 0.286892 -0.069069 -0.234135 
 0.274592 -0.066093 -0.232872 
 0.264522 -0.066129 -0.222553 
 0.254417 -0.066157 -0.212230 
 0.242082 -0.063172 -0.210964 
 0.229747 -0.060187 -0.209698 
 0.221732 -0.063194 -0.190305 
 0.209362 -0.060200 -0.189036 
 0.196993 -0.057207 -0.187766 
 0.180408 -0.048246 -0.204635 
 0.168073 -0.045260 -0.203369 
 0.155738 -0.042275 -0.202103 
 0.141349 -0.036319 -0.209911 
 0.129032 -0.033338 -0.208647 
 0.122774 -0.039244 -0.180149 
 0.110404 -0.036251 -0.178879 
 0.100019 -0.036211 -0.168528 
 0.085664 -0.030263 -0.176340 
 0.073295 -0.027269 -0.175070 
 0.060925 -0.024276 -0.173801 
 0.048555 -0.021282 -0.172531 
 0.036185 -0.018288 -0.171262 
 0.023815 -0.015294 -0.169992 
 0.011446 -0.012301 -0.168723 
 -0.000924 -0.009307 -0.167453 
 -0.013294 -0.006313 -0.166183 
 -0.025664 -0.003319 -0.164914 
 -0.036241 -0.003233 -0.154543 
 -0.050403 0.002668 -0.162375 
 -0.061016 0.002763 -0.152000 
 -0.073403 0.005761 -0.150729 
 -0.082346 0.002978 -0.131240 
 -0.031687 -0.100807 0.207122 
 -0.048132 -0.091880 0.190239 
 -0.064506 -0.082970 0.173348 
 -0.077506 -0.079823 0.174683 
 -0.090505 -0.076677 0.176017 
 -0.105122 -0.070666 0.168232 
 -0.121304 -0.061802 0.151321 
 -0.134251 -0.058669 0.152650 
 -0.148764 -0.052683 0.144854 
 -0.161693 -0.049554 0.146181 
 -0.177683 -0.040737 0.129252 
 -0.190577 -0.037616 0.130575 
 -0.203472 -0.034495 0.131899 
 -0.213412 -0.037037 0.151489 
 -0.226341 -0.033907 0.152816 
 -0.237829 -0.033601 0.163281 
 -0.247926 -0.036105 0.182888 
 -0.260908 -0.032963 0.184221 
 0.475367 -0.184016 -0.045363 
 0.460229 -0.177862 -0.053087 
 0.447545 -0.174792 -0.051786 
 0.434860 -0.171722 -0.050484 
 0.417410 -0.162517 -0.067248 
 0.404760 -0.159456 -0.065950 
 0.392110 -0.156394 -0.064652 
 0.377131 -0.150278 -0.072392 
 0.364498 -0.147221 -0.071096 
 0.351866 -0.144164 -0.069799 
 0.339234 -0.141106 -0.068503 
 0.283659 -0.080331 -0.239080 
 0.271359 -0.077355 -0.237817 
 0.261284 -0.077407 -0.227505 
 0.251174 -0.077451 -0.217190 
 0.243220 -0.080508 -0.197818 
 0.230850 -0.077514 -0.196548 
 0.220636 -0.077532 -0.186222 
 0.208248 -0.074534 -0.184951 
 0.193741 -0.068533 -0.192739 
 0.181371 -0.065539 -0.191470 
 0.169001 -0.062545 -0.190200 
 0.152496 -0.053569 -0.207062 
 0.140161 -0.050584 -0.205796 
 0.127827 -0.047599 -0.204530 
 0.115492 -0.044613 -0.203264 
 0.109150 -0.050551 -0.174780 
 0.096763 -0.047553 -0.173508 
 0.082413 -0.041589 -0.181313 
 0.070043 -0.038595 -0.180044 
 0.057673 -0.035602 -0.178774 
 0.045303 -0.032608 -0.177505 
 0.032934 -0.029614 -0.176235 
 0.020564 -0.026620 -0.174965 
 0.008194 -0.023627 -0.173696 
 -0.004176 -0.020633 -0.172426 
 -0.016545 -0.017639 -0.171157 
 -0.028915 -0.014645 -0.169887 
 -0.039497 -0.014575 -0.159523 
 -0.051885 -0.011577 -0.158252 
 -0.064272 -0.008579 -0.156981 
 -0.073189 -0.011403 -0.137509 
 -0.020335 -0.118843 0.209627 
 -0.035123 -0.112774 0.201867 
 -0.051558 -0.103815 0.184998 
 -0.067923 -0.094872 0.168122 
 -0.080923 -0.091726 0.169456 
 -0.095553 -0.085695 0.161680 
 -0.108535 -0.082553 0.163012 
 -0.124708 -0.073657 0.146116 
 -0.139233 -0.067651 0.138329 
 -0.152162 -0.064522 0.139656 
 -0.168178 -0.055664 0.122744 
 -0.181072 -0.052543 0.124067 
 -0.193967 -0.049423 0.125391 
 -0.206862 -0.046302 0.126714 
 -0.216811 -0.048875 0.146291 
 -0.229740 -0.045746 0.147618 
 -0.242670 -0.042617 0.148945 
 -0.254179 -0.042322 0.159404 
 -0.264321 -0.044849 0.179001 
 -0.277303 -0.041707 0.180334 
 0.472028 -0.195646 -0.050470 
 0.459325 -0.192572 -0.049167 
 0.446623 -0.189498 -0.047863 
 0.431525 -0.183336 -0.055584 
 0.418841 -0.180266 -0.054282 
 0.401435 -0.171038 -0.071036 
 0.388785 -0.167977 -0.069738 
 0.376136 -0.164915 -0.068439 
 0.363486 -0.161854 -0.067141 
 0.350836 -0.158792 -0.065843 
 0.297271 -0.100686 -0.227213 
 0.284936 -0.097701 -0.225947 
 0.272602 -0.094716 -0.224681 
 0.264708 -0.097821 -0.205330 
 0.252338 -0.094827 -0.204060 
 0.239969 -0.091834 -0.202791 
 0.229767 -0.091872 -0.192474 
 0.217380 -0.088874 -0.191202 
 0.204992 -0.085877 -0.189931 
 0.192605 -0.082879 -0.188660 
 0.180218 -0.079881 -0.187388 
 0.165750 -0.073871 -0.195174 
 0.153380 -0.070877 -0.193904 
 0.136919 -0.061878 -0.210755 
 0.124584 -0.058893 -0.209489 
 0.116271 -0.061896 -0.190095 
 0.109880 -0.067873 -0.161628 
 0.097458 -0.064867 -0.160353 
 0.085036 -0.061861 -0.159078 
 0.068732 -0.052899 -0.175946 
 0.056345 -0.049901 -0.174675 
 0.043958 -0.046903 -0.173403 
 0.029682 -0.040940 -0.181208 
 0.017312 -0.037946 -0.179939 
 0.004943 -0.034953 -0.178669 
 -0.007427 -0.031959 -0.177400 
 -0.019797 -0.028965 -0.176130 
 -0.032167 -0.025972 -0.174861 
 -0.042753 -0.025917 -0.164504 
 -0.055141 -0.022919 -0.163232 
 -0.064032 -0.025783 -0.143779 
 -0.079915 -0.016923 -0.160690 
 -0.087163 -0.022693 -0.132134 
 -0.038558 -0.124741 0.196612 
 -0.054984 -0.115749 0.179758 
 -0.071340 -0.106775 0.162895 
 -0.085983 -0.100723 0.155128 
 -0.098965 -0.097581 0.156460 
 -0.116772 -0.085748 0.130476 
 -0.129702 -0.082619 0.131803 
 -0.142631 -0.079490 0.133130 
 -0.155561 -0.076360 0.134457 
 -0.171567 -0.067471 0.117560 
 -0.184462 -0.064350 0.118883 
 -0.197356 -0.061229 0.120206 
 -0.210251 -0.058109 0.121530 
 -0.220209 -0.060714 0.141093 
 -0.233139 -0.057585 0.142420 
 -0.244635 -0.057310 0.152870 
 -0.254751 -0.059878 0.172449 
 -0.267733 -0.056736 0.173782 
 -0.280715 -0.053594 0.175114 
 -0.293697 -0.050452 0.176446 
 0.473576 -0.213510 -0.037553 
 0.460838 -0.210427 -0.036245 
 0.443284 -0.201129 -0.052970 
 0.430582 -0.198054 -0.051666 
 0.415506 -0.191881 -0.059382 
 0.402822 -0.188811 -0.058080 
 0.390137 -0.185741 -0.056778 
 0.372810 -0.176497 -0.073525 
 0.360161 -0.173436 -0.072227 
 0.347511 -0.170375 -0.070929 
 0.334861 -0.167313 -0.069630 
 0.286196 -0.115135 -0.212843 
 0.273826 -0.112141 -0.211573 
 0.261456 -0.109147 -0.210303 
 0.251285 -0.109210 -0.199997 
 0.238898 -0.106212 -0.198725 
 0.226511 -0.103215 -0.197454 
 0.214123 -0.100217 -0.196183 
 0.205993 -0.103299 -0.176822 
 0.193571 -0.100293 -0.175547 
 0.181148 -0.097286 -0.174272 
 0.164574 -0.088225 -0.191097 
 0.152187 -0.085227 -0.189826 
 0.139800 -0.082229 -0.188555 
 0.127412 -0.079231 -0.187283 
 0.115025 -0.076233 -0.186012 
 0.106615 -0.079248 -0.166622 
 0.094193 -0.076241 -0.165347 
 0.081770 -0.073235 -0.164073 
 0.069348 -0.070228 -0.162798 
 0.056926 -0.067222 -0.161523 
 0.040701 -0.058245 -0.178384 
 0.032081 -0.061209 -0.158973 
 0.015927 -0.052249 -0.175841 
 0.003539 -0.049251 -0.174570 
 -0.010679 -0.043285 -0.182373 
 -0.023049 -0.040291 -0.181103 
 -0.033622 -0.040257 -0.170756 
 -0.046010 -0.037259 -0.169484 
 -0.058397 -0.034261 -0.168213 
 -0.067297 -0.037157 -0.148773 
 -0.079719 -0.034151 -0.147498 
 -0.090433 -0.034083 -0.137136 
 -0.041994 -0.136707 0.191358 
 -0.061758 -0.121824 0.156334 
 -0.074757 -0.118678 0.157669 
 -0.089396 -0.112610 0.149908 
 -0.102378 -0.109468 0.151241 
 -0.120171 -0.097587 0.125278 
 -0.133100 -0.094457 0.126605 
 -0.146030 -0.091328 0.127932 
 -0.158960 -0.088199 0.129259 
 -0.174957 -0.079277 0.112375 
 -0.187851 -0.076157 0.113699 
 -0.200746 -0.073036 0.115022 
 -0.213641 -0.069915 0.116346 
 -0.226535 -0.066794 0.117669 
 -0.239430 -0.063674 0.118992 
 -0.249467 -0.066294 0.138548 
 -0.260986 -0.066032 0.148993 
 -0.271146 -0.068623 0.168562 
 -0.284128 -0.065481 0.169894 
 -0.297110 -0.062339 0.171227 
 0.470227 -0.225172 -0.042674 
 0.457490 -0.222090 -0.041367 
 0.444753 -0.219007 -0.040059 
 0.432016 -0.215924 -0.038752 
 0.419279 -0.212842 -0.037445 
 0.406541 -0.209759 -0.036137 
 0.389136 -0.200462 -0.052862 
 0.376434 -0.197388 -0.051559 
 0.363732 -0.194314 -0.050255 
 0.351030 -0.191240 -0.048951 
 0.338328 -0.188165 -0.047647 
 0.325625 -0.185091 -0.046344 
 0.312923 -0.182017 -0.045040 
 0.304644 -0.185098 -0.025679 
 0.291907 -0.182015 -0.024372 
 0.239994 -0.123692 -0.185641 
 0.223254 -0.114557 -0.202434 
 0.215150 -0.117680 -0.183091 
 0.202728 -0.114673 -0.181816 
 0.192412 -0.114719 -0.171502 
 0.177883 -0.108660 -0.179267 
 0.165461 -0.105654 -0.177992 
 0.153039 -0.102647 -0.176717 
 0.140616 -0.099641 -0.175442 
 0.128194 -0.096634 -0.174167 
 0.115772 -0.093628 -0.172892 
 0.103349 -0.090622 -0.171617 
 0.092894 -0.090633 -0.161288 
 0.080454 -0.087623 -0.160012 
 0.068014 -0.084612 -0.158735 
 0.055574 -0.081601 -0.157458 
 0.043135 -0.078591 -0.156182 
 0.030695 -0.075580 -0.154905 
 0.016394 -0.069577 -0.162692 
 0.003971 -0.066570 -0.161417 
 -0.012104 -0.057595 -0.178279 
 -0.024491 -0.054597 -0.177007 
 -0.036878 -0.051599 -0.175736 
 -0.045718 -0.054544 -0.156318 
 -0.058140 -0.051538 -0.155043 
 -0.068823 -0.051495 -0.144691 
 -0.081263 -0.048484 -0.143414 
 -0.090295 -0.051382 -0.123976 
 -0.048802 -0.142774 0.167939 
 -0.065175 -0.133727 0.151108 
 -0.079826 -0.127639 0.143356 
 -0.092808 -0.124497 0.144689 
 -0.105790 -0.121355 0.146021 
 -0.121970 -0.112354 0.129171 
 -0.136499 -0.106296 0.121406 
 -0.149429 -0.103167 0.122733 
 -0.162358 -0.100038 0.124060 
 -0.178346 -0.091084 0.107191 
 -0.191241 -0.087963 0.108514 
 -0.204135 -0.084843 0.109838 
 -0.217030 -0.081722 0.111161 
 -0.229925 -0.078601 0.112485 
 -0.242820 -0.075480 0.113808 
 -0.255714 -0.072359 0.115131 
 -0.265796 -0.075004 0.134677 
 -0.278725 -0.071874 0.136004 
 -0.287540 -0.077368 0.164675 
 -0.300523 -0.074226 0.166007 
 0.443804 -0.233809 -0.036179 
 0.431049 -0.230722 -0.034870 
 0.418295 -0.227636 -0.033561 
 0.405540 -0.224549 -0.032252 
 0.390456 -0.218339 -0.039951 
 0.377719 -0.215256 -0.038644 
 0.364982 -0.212173 -0.037337 
 0.352244 -0.209091 -0.036029 
 0.339507 -0.206008 -0.034722 
 0.326770 -0.202925 -0.033415 
 0.314033 -0.199843 -0.032108 
 0.301296 -0.196760 -0.030800 
 0.297315 -0.206034 0.006600 
 0.284508 -0.202934 0.007914 
 0.226461 -0.135141 -0.180334 
 0.214021 -0.132130 -0.179057 
 0.201582 -0.129119 -0.177781 
 0.189142 -0.126109 -0.176504 
 0.176702 -0.123098 -0.175227 
 0.164262 -0.120087 -0.173950 
 0.151823 -0.117077 -0.172674 
 0.139383 -0.114066 -0.171397 
 0.126943 -0.111055 -0.170120 
 0.114503 -0.108045 -0.168843 
 0.102063 -0.105034 -0.167567 
 0.093547 -0.108092 -0.148197 
 0.081073 -0.105073 -0.146916 
 0.068598 -0.102053 -0.145636 
 0.056123 -0.099034 -0.144356 
 0.043648 -0.096015 -0.143075 
 0.031174 -0.092996 -0.141795 
 0.014985 -0.083959 -0.158629 
 0.002545 -0.080949 -0.157353 
 -0.009894 -0.077938 -0.156076 
 -0.022334 -0.074927 -0.154799 
 -0.034774 -0.071917 -0.153522 
 -0.048983 -0.065919 -0.161312 
 -0.061405 -0.062912 -0.160037 
 -0.072093 -0.062885 -0.149692 
 -0.081099 -0.065824 -0.130272 
 -0.091875 -0.065775 -0.119918 
 -0.104367 -0.062752 -0.118636 
 -0.068592 -0.145629 0.145881 
 -0.083239 -0.139525 0.138137 
 -0.099479 -0.130476 0.121307 
 -0.112427 -0.127343 0.122636 
 -0.126968 -0.121264 0.114881 
 -0.139898 -0.118135 0.116208 
 -0.152827 -0.115006 0.117535 
 -0.165757 -0.111876 0.118862 
 -0.181736 -0.102891 0.102006 
 -0.194630 -0.099770 0.103330 
 -0.207525 -0.096649 0.104653 
 -0.220420 -0.093528 0.105977 
 -0.233314 -0.090408 0.107300 
 -0.246209 -0.087287 0.108624 
 -0.260523 -0.081263 0.100845 
 -0.273400 -0.078147 0.102167 
 -0.282124 -0.083713 0.130805 
 0.440451 -0.245488 -0.041307 
 0.425319 -0.239249 -0.048994 
 0.414942 -0.239314 -0.038689 
 0.402187 -0.236227 -0.037380 
 0.387108 -0.230001 -0.045072 
 0.374371 -0.226919 -0.043765 
 0.361633 -0.223836 -0.042458 
 0.348896 -0.220753 -0.041150 
 0.338414 -0.220793 -0.030834 
 0.325659 -0.217706 -0.029525 
 0.310685 -0.211505 -0.037229 
 0.300150 -0.211532 -0.026907 
 0.293949 -0.217761 0.001451 
 0.281142 -0.214661 0.002765 
 0.268335 -0.211561 0.004080 
 0.210751 -0.143520 -0.184059 
 0.198312 -0.140509 -0.182782 
 0.190066 -0.143667 -0.163455 
 0.177592 -0.140648 -0.162174 
 0.165117 -0.137629 -0.160894 
 0.152642 -0.134609 -0.159614 
 0.136113 -0.125456 -0.176398 
 0.123673 -0.122445 -0.175122 
 0.111233 -0.119435 -0.173845 
 0.102743 -0.122533 -0.154492 
 0.090268 -0.119514 -0.153212 
 0.077793 -0.116495 -0.151932 
 0.065319 -0.113475 -0.150651 
 0.052844 -0.110456 -0.149371 
 0.040369 -0.107437 -0.148091 
 0.027894 -0.104418 -0.146810 
 0.015420 -0.101399 -0.145530 
 0.002945 -0.098380 -0.144250 
 -0.013164 -0.089328 -0.161077 
 -0.022005 -0.092342 -0.141689 
 -0.034479 -0.089322 -0.140409 
 -0.046954 -0.086303 -0.139128 
 -0.059429 -0.083284 -0.137848 
 -0.071904 -0.080265 -0.136568 
 -0.082666 -0.080237 -0.126223 
 -0.095159 -0.077213 -0.124941 
 -0.059009 -0.160678 0.139320 
 -0.073669 -0.154554 0.131585 
 -0.086651 -0.151412 0.132917 
 -0.102883 -0.142331 0.116102 
 -0.115830 -0.139197 0.117431 
 -0.130367 -0.133103 0.109682 
 -0.143297 -0.129973 0.111010 
 -0.159336 -0.120939 0.094175 
 -0.169156 -0.123715 0.113664 
 -0.185125 -0.114697 0.096822 
 -0.198020 -0.111576 0.098146 
 -0.210915 -0.108456 0.099469 
 -0.223809 -0.105335 0.100792 
 -0.236704 -0.102214 0.102116 
 -0.249599 -0.099093 0.103439 
 -0.262493 -0.095973 0.104763 
 -0.276785 -0.089937 0.096989 
 -0.289662 -0.086821 0.098311 
 -0.302540 -0.083704 0.099633 
 -0.353073 0.000666 -0.153913 
 -0.366788 0.006561 -0.161745 
 -0.379157 0.009555 -0.160476 
 -0.391527 0.012549 -0.159206 
 -0.403897 0.015543 -0.157937 
 -0.416267 0.018536 -0.156667 
 -0.431116 0.027283 -0.173624 
 -0.441006 0.024524 -0.154128 
 -0.453376 0.027518 -0.152858 
 0.437099 -0.257166 -0.046435 
 0.421971 -0.250912 -0.054115 
 0.411589 -0.250992 -0.043817 
 0.398834 -0.247906 -0.042508 
 0.386080 -0.244819 -0.041199 
 0.373325 -0.241732 -0.039890 
 0.360570 -0.238645 -0.038581 
 0.347816 -0.235558 -0.037271 
 0.335061 -0.232471 -0.035962 
 0.322306 -0.229384 -0.034653 
 0.309552 -0.226297 -0.033344 
 0.303390 -0.232587 -0.005013 
 0.294943 -0.235729 0.014320 
 0.277775 -0.226387 -0.002384 
 0.264968 -0.223288 -0.001070 
 0.260671 -0.232622 0.036303 
 0.247794 -0.229506 0.037625 
 0.186787 -0.155089 -0.168470 
 0.174312 -0.152070 -0.167190 
 0.161838 -0.149051 -0.165910 
 0.149363 -0.146032 -0.164629 
 0.132843 -0.136846 -0.181400 
 0.124413 -0.139993 -0.162069 
 0.111938 -0.136974 -0.160788 
 0.099464 -0.133955 -0.159508 
 0.088942 -0.134002 -0.149195 
 0.076449 -0.130979 -0.147913 
 0.063957 -0.127955 -0.146631 
 0.051465 -0.124932 -0.145349 
 0.038973 -0.121909 -0.144067 
 0.026480 -0.118885 -0.142785 
 0.013988 -0.115862 -0.141503 
 -0.000334 -0.109802 -0.149265 
 -0.012809 -0.106783 -0.147985 
 -0.025284 -0.103764 -0.146705 
 -0.037759 -0.100745 -0.145424 
 -0.050233 -0.097725 -0.144144 
 -0.060965 -0.097722 -0.133810 
 -0.073458 -0.094698 -0.132528 
 -0.082535 -0.097688 -0.113130 
 -0.095062 -0.094657 -0.111845 
 -0.062427 -0.172581 0.134094 
 -0.075426 -0.169435 0.135428 
 -0.090064 -0.163299 0.127698 
 -0.103046 -0.160157 0.129030 
 -0.116028 -0.157015 0.130362 
 -0.132180 -0.147919 0.113554 
 -0.146695 -0.141812 0.105811 
 -0.159625 -0.138683 0.107138 
 -0.172555 -0.135554 0.108465 
 -0.188515 -0.126504 0.091638 
 -0.201409 -0.123383 0.092961 
 -0.214304 -0.120262 0.094285 
 -0.228661 -0.114194 0.086525 
 -0.241539 -0.111078 0.087847 
 -0.254416 -0.107961 0.089169 
 -0.267293 -0.104845 0.090490 
 -0.293047 -0.098611 0.093134 
 -0.305925 -0.095495 0.094455 
 -0.356329 -0.010676 -0.158893 
 -0.368716 -0.007678 -0.157622 
 -0.382409 -0.001771 -0.165449 
 -0.394779 0.001223 -0.164179 
 -0.407148 0.004217 -0.162910 
 -0.422024 0.013004 -0.179849 
 -0.434359 0.015989 -0.178583 
 -0.446693 0.018974 -0.177317 
 -0.459028 0.021960 -0.176051 
 -0.468997 0.019185 -0.156562 
 -0.483698 0.027930 -0.173519 
 -0.496033 0.030915 -0.172253 
 -0.508367 0.033901 -0.170987 
 0.433746 -0.268845 -0.051563 
 0.420991 -0.265758 -0.050254 
 0.412937 -0.269030 -0.030977 
 0.400148 -0.265935 -0.029664 
 0.387358 -0.262839 -0.028352 
 0.374568 -0.259744 -0.027039 
 0.361779 -0.256648 -0.025726 
 0.344463 -0.247236 -0.042400 
 0.331708 -0.244150 -0.041091 
 0.323409 -0.247362 -0.021788 
 0.310620 -0.244267 -0.020476 
 0.304409 -0.250596 0.007838 
 0.291567 -0.247488 0.009156 
 0.278725 -0.244380 0.010474 
 0.270163 -0.247529 0.029804 
 0.257286 -0.244413 0.031126 
 0.244409 -0.241296 0.032447 
 0.231532 -0.238180 0.033769 
 0.177245 -0.172827 -0.145167 
 0.160611 -0.163580 -0.161911 
 0.146084 -0.157454 -0.169645 
 0.133609 -0.154435 -0.168365 
 0.121134 -0.151415 -0.167084 
 0.108659 -0.148396 -0.165804 
 0.098150 -0.148464 -0.155500 
 0.085658 -0.145440 -0.154218 
 0.073165 -0.142417 -0.152936 
 0.060673 -0.139393 -0.151654 
 0.051972 -0.142509 -0.132310 
 0.035689 -0.133347 -0.149089 
 0.023197 -0.130323 -0.147807 
 0.010704 -0.127300 -0.146525 
 -0.003613 -0.121224 -0.154281 
 -0.016088 -0.118205 -0.153001 
 -0.028563 -0.115186 -0.151720 
 -0.041038 -0.112167 -0.150440 
 -0.051757 -0.112183 -0.140114 
 -0.064249 -0.109160 -0.138832 
 -0.076741 -0.106136 -0.137550 
 -0.085828 -0.109159 -0.118167 
 -0.098355 -0.106127 -0.116881 
 -0.065844 -0.184484 0.128867 
 -0.078843 -0.181338 0.130201 
 -0.093476 -0.175186 0.122478 
 -0.106458 -0.172044 0.123810 
 -0.122637 -0.162907 0.107020 
 -0.137164 -0.156780 0.099286 
 -0.150094 -0.153651 0.100613 
 -0.166115 -0.144552 0.083806 
 -0.179010 -0.141431 0.085130 
 -0.191904 -0.138311 0.086453 
 -0.204799 -0.135190 0.087777 
 -0.217694 -0.132069 0.089100 
 -0.232046 -0.125985 0.081348 
 -0.244924 -0.122868 0.082670 
 -0.257801 -0.119752 0.083991 
 -0.270678 -0.116635 0.085313 
 -0.371972 -0.019020 -0.162602 
 -0.385660 -0.013097 -0.170422 
 -0.398030 -0.010103 -0.169153 
 -0.412931 -0.001275 -0.186074 
 -0.425266 0.001710 -0.184808 
 -0.437601 0.004695 -0.183542 
 -0.449936 0.007680 -0.182276 
 -0.462271 0.010666 -0.181010 
 -0.474605 0.013651 -0.179744 
 -0.486940 0.016636 -0.178478 
 -0.499275 0.019621 -0.177212 
 -0.511610 0.022607 -0.175946 
 -0.525053 0.028471 -0.183792 
 -0.537370 0.031452 -0.182528 
 0.424728 -0.287036 -0.028456 
 0.411921 -0.283936 -0.027142 
 0.399114 -0.280837 -0.025827 
 0.386307 -0.277737 -0.024513 
 0.371206 -0.271454 -0.032181 
 0.358417 -0.268359 -0.030868 
 0.345627 -0.265264 -0.029556 
 0.332837 -0.262168 -0.028243 
 0.320047 -0.259073 -0.026930 
 0.309464 -0.259139 -0.016626 
 0.301033 -0.262355 0.002675 
 0.288191 -0.259247 0.003993 
 0.275349 -0.256138 0.005311 
 0.266778 -0.259320 0.024627 
 0.253901 -0.256204 0.025948 
 0.241024 -0.253087 0.027270 
 0.228147 -0.249970 0.028592 
 0.173952 -0.184297 -0.150204 
 0.161424 -0.181266 -0.148918 
 0.142805 -0.168876 -0.174660 
 0.130330 -0.165857 -0.173380 
 0.117855 -0.162838 -0.172100 
 0.105380 -0.159818 -0.170819 
 0.094866 -0.159902 -0.160523 
 0.082374 -0.156878 -0.159240 
 0.069882 -0.153855 -0.157958 
 0.061206 -0.157011 -0.138632 
 0.048679 -0.153979 -0.137347 
 0.036152 -0.150947 -0.136061 
 0.023625 -0.147915 -0.134775 
 0.011097 -0.144884 -0.133490 
 -0.005072 -0.135715 -0.150266 
 -0.019367 -0.129627 -0.158016 
 -0.031842 -0.126608 -0.156736 
 -0.042548 -0.126645 -0.146419 
 -0.055041 -0.123621 -0.145137 
 -0.067533 -0.120598 -0.143855 
 -0.080025 -0.117575 -0.142573 
 -0.089120 -0.120629 -0.123204 
 -0.057942 -0.196498 0.113261 
 -0.070924 -0.193356 0.114594 
 -0.082260 -0.193240 0.124975 
 -0.096889 -0.187072 0.117258 
 -0.109871 -0.183930 0.118591 
 -0.126040 -0.174761 0.101814 
 -0.140563 -0.168619 0.094087 
 -0.153493 -0.165489 0.095414 
 -0.169505 -0.156359 0.078622 
 -0.182399 -0.153238 0.079945 
 -0.195294 -0.150117 0.081269 
 -0.208188 -0.146996 0.082592 
 -0.222554 -0.140892 0.074849 
 -0.235431 -0.137775 0.076171 
 -0.254053 -0.122757 0.041210 
 -0.266860 -0.119658 0.042525 
 -0.331236 -0.054149 -0.126008 
 -0.346408 -0.045221 -0.142886 
 -0.360179 -0.039260 -0.150691 
 -0.375229 -0.030362 -0.167582 
 -0.388912 -0.024423 -0.175396 
 -0.403839 -0.015555 -0.192299 
 -0.416174 -0.012569 -0.191033 
 -0.428508 -0.009584 -0.189767 
 -0.440843 -0.006599 -0.188501 
 -0.453178 -0.003614 -0.187235 
 -0.465513 -0.000628 -0.185969 
 -0.477848 0.002357 -0.184703 
 -0.491339 0.008250 -0.192537 
 -0.503656 0.011231 -0.191272 
 -0.515973 0.014212 -0.190008 
 -0.528290 0.017193 -0.188744 
 -0.539522 0.017283 -0.178374 
 -0.549719 0.014496 -0.158891 
 -0.564191 0.023254 -0.175842 
 -0.576526 0.026239 -0.174576 
 0.426079 -0.305194 -0.015669 
 0.413237 -0.302086 -0.014351 
 0.400395 -0.298978 -0.013033 
 0.387553 -0.295870 -0.011715 
 0.374711 -0.292762 -0.010397 
 0.361868 -0.289654 -0.009079 
 0.344519 -0.280165 -0.025718 
 0.331712 -0.277065 -0.024404 
 0.318904 -0.273965 -0.023090 
 0.310500 -0.277221 -0.003806 
 0.297658 -0.274113 -0.002488 
 0.289148 -0.277344 0.016806 
 0.276271 -0.274227 0.018128 
 0.263393 -0.271111 0.019449 
 0.250516 -0.267994 0.020771 
 0.237639 -0.264878 0.022093 
 0.224762 -0.261761 0.023414 
 0.211885 -0.258644 0.024736 
 0.154044 -0.186457 -0.171956 
 0.141552 -0.183433 -0.170674 
 0.127051 -0.177279 -0.178396 
 0.116567 -0.177387 -0.168109 
 0.108023 -0.180609 -0.148812 
 0.095495 -0.177577 -0.147526 
 0.084907 -0.177659 -0.137229 
 0.072362 -0.174623 -0.135942 
 0.059817 -0.171587 -0.134654 
 0.047273 -0.168551 -0.133367 
 0.032859 -0.162418 -0.141098 
 0.020332 -0.159386 -0.139812 
 0.004137 -0.150176 -0.156570 
 -0.008355 -0.147153 -0.155288 
 -0.020848 -0.144130 -0.154006 
 -0.033340 -0.141106 -0.152724 
 -0.045832 -0.138083 -0.151442 
 -0.058324 -0.135059 -0.150160 
 -0.067359 -0.138163 -0.130812 
 -0.079886 -0.135131 -0.129526 
 -0.092413 -0.132099 -0.128240 
 -0.059678 -0.211436 0.117080 
 -0.072678 -0.208289 0.118414 
 -0.085678 -0.205143 0.119748 
 -0.100301 -0.198959 0.112039 
 -0.116496 -0.189749 0.095280 
 -0.131032 -0.183587 0.087562 
 -0.143962 -0.180457 0.088889 
 -0.159999 -0.171286 0.072114 
 -0.172894 -0.168165 0.073438 
 -0.185789 -0.165045 0.074761 
 -0.198683 -0.161924 0.076085 
 -0.211578 -0.158803 0.077408 
 -0.225939 -0.152682 0.069672 
 -0.238816 -0.149566 0.070993 
 -0.251693 -0.146449 0.072315 
 -0.264571 -0.143333 0.073637 
 -0.303980 -0.083541 -0.097316 
 -0.317904 -0.077526 -0.105097 
 -0.334516 -0.065571 -0.131023 
 -0.349678 -0.056611 -0.147888 
 -0.366097 -0.044702 -0.173834 
 -0.379794 -0.038743 -0.181639 
 -0.392164 -0.035749 -0.180369 
 -0.407081 -0.026849 -0.197259 
 -0.419416 -0.023863 -0.195993 
 -0.431751 -0.020878 -0.194727 
 -0.444086 -0.017893 -0.193461 
 -0.456420 -0.014908 -0.192195 
 -0.468755 -0.011922 -0.190929 
 -0.482259 -0.006009 -0.198753 
 -0.494576 -0.003028 -0.197489 
 -0.506894 -0.000047 -0.196225 
 -0.519211 0.002934 -0.194960 
 -0.531528 0.005915 -0.193696 
 -0.542764 0.005989 -0.183333 
 -0.552971 0.003170 -0.163865 
 -0.567434 0.011960 -0.180801 
 -0.579768 0.014945 -0.179535 
 0.427412 -0.323416 -0.002909 
 0.409861 -0.313844 -0.019514 
 0.397019 -0.310736 -0.018196 
 0.384177 -0.307628 -0.016878 
 0.371335 -0.304520 -0.015560 
 0.363026 -0.307834 0.003699 
 0.345651 -0.298304 -0.012924 
 0.332808 -0.295196 -0.011606 
 0.319966 -0.292088 -0.010288 
 0.307124 -0.288980 -0.008970 
 0.298640 -0.292251 0.010307 
 0.285763 -0.289134 0.011629 
 0.272886 -0.286018 0.012950 
 0.260009 -0.282901 0.014272 
 0.249241 -0.282957 0.024580 
 0.236346 -0.279836 0.025903 
 0.223451 -0.276716 0.027227 
 0.210557 -0.273595 0.028550 
 0.197662 -0.270474 0.029874 
 0.184767 -0.267353 0.031197 
 0.131788 -0.201289 -0.147423 
 0.119243 -0.198253 -0.146136 
 0.106699 -0.195217 -0.144848 
 0.098058 -0.198450 -0.125555 
 0.085478 -0.195406 -0.124264 
 0.072898 -0.192361 -0.122973 
 0.060318 -0.189317 -0.121682 
 0.043975 -0.180037 -0.138410 
 0.031430 -0.177001 -0.137123 
 0.018886 -0.173965 -0.135835 
 0.006341 -0.170929 -0.134548 
 -0.008016 -0.164792 -0.142277 
 -0.024131 -0.155568 -0.159029 
 -0.036624 -0.152544 -0.157746 
 -0.049116 -0.149521 -0.156464 
 -0.058125 -0.152665 -0.137134 
 -0.070652 -0.149633 -0.135849 
 -0.083179 -0.146601 -0.134563 
 -0.094017 -0.146640 -0.124248 
 -0.063095 -0.223338 0.111853 
 -0.076095 -0.220192 0.113187 
 -0.089095 -0.217046 0.114522 
 -0.103714 -0.210846 0.106819 
 -0.119899 -0.201604 0.090075 
 -0.134431 -0.195425 0.082363 
 -0.150494 -0.186214 0.065606 
 -0.163389 -0.183093 0.066930 
 -0.176284 -0.179972 0.068253 
 -0.189178 -0.176851 0.069577 
 -0.202073 -0.173730 0.070900 
 -0.216447 -0.167590 0.063173 
 -0.229324 -0.164473 0.064494 
 -0.245090 -0.155333 0.047706 
 -0.257932 -0.152225 0.049024 
 -0.282049 -0.125091 -0.022123 
 -0.307278 -0.095027 -0.102360 
 -0.321197 -0.088996 -0.110134 
 -0.337795 -0.076993 -0.136039 
 -0.354288 -0.065015 -0.161955 
 -0.369354 -0.056044 -0.178815 
 -0.383045 -0.050069 -0.186612 
 -0.397989 -0.041128 -0.203484 
 -0.410324 -0.038143 -0.202218 
 -0.422658 -0.035157 -0.200952 
 -0.434993 -0.032172 -0.199686 
 -0.447328 -0.029187 -0.198420 
 -0.459663 -0.026202 -0.197154 
 -0.473180 -0.020268 -0.204969 
 -0.485497 -0.017287 -0.203705 
 -0.498961 -0.011366 -0.211527 
 -0.511261 -0.008390 -0.210264 
 -0.523561 -0.005413 -0.209002 
 -0.535860 -0.002436 -0.207739 
 -0.548160 0.000541 -0.206477 
 -0.559401 0.000599 -0.196120 
 -0.572760 0.006494 -0.203952 
 -0.585060 0.009471 -0.202690 
 -0.597359 0.012448 -0.201428 
 0.426376 -0.338455 0.000867 
 0.418146 -0.341821 0.020103 
 0.405216 -0.338692 0.021430 
 0.392287 -0.335562 0.022757 
 0.374798 -0.325972 0.006161 
 0.361903 -0.322851 0.007485 
 0.349008 -0.319730 0.008808 
 0.336114 -0.316609 0.010131 
 0.323219 -0.313488 0.011455 
 0.310324 -0.310368 0.012778 
 0.297430 -0.307247 0.014102 
 0.282378 -0.300925 0.006451 
 0.271640 -0.301005 0.016749 
 0.258746 -0.297885 0.018072 
 0.245851 -0.294764 0.019396 
 0.232956 -0.291643 0.020719 
 0.220062 -0.288522 0.022042 
 0.207167 -0.285402 0.023366 
 0.210549 -0.307654 0.096582 
 0.197515 -0.304499 0.097919 
 0.190479 -0.310834 0.126227 
 0.181356 -0.313985 0.145555 
 0.172163 -0.317118 0.164889 
 0.160953 -0.317084 0.175234 
 0.151638 -0.320188 0.194581 
 0.138428 -0.316991 0.195937 
 0.127113 -0.316932 0.206294 
 0.040677 -0.191523 -0.143454 
 0.028133 -0.188487 -0.142167 
 0.015588 -0.185451 -0.140879 
 0.003043 -0.182415 -0.139592 
 -0.011309 -0.176262 -0.147314 
 -0.027415 -0.167006 -0.164051 
 -0.036363 -0.170199 -0.144742 
 -0.048890 -0.167167 -0.143457 
 -0.061418 -0.164135 -0.142171 
 -0.073945 -0.161103 -0.140885 
 -0.086472 -0.158071 -0.139599 
 -0.097315 -0.158126 -0.129291 
 -0.066513 -0.235241 0.106627 
 -0.079512 -0.232095 0.107961 
 -0.092512 -0.228949 0.109295 
 -0.107126 -0.222732 0.101600 
 -0.123303 -0.213459 0.084869 
 -0.137830 -0.207264 0.077165 
 -0.153884 -0.198020 0.060422 
 -0.166778 -0.194899 0.061745 
 -0.179673 -0.191779 0.063069 
 -0.192568 -0.188658 0.064392 
 -0.205462 -0.185537 0.065716 
 -0.219832 -0.179380 0.057995 
 -0.235623 -0.170200 0.041225 
 -0.251345 -0.161036 0.024448 
 -0.272686 -0.139796 -0.028534 
 -0.285388 -0.136722 -0.027230 
 -0.314737 -0.097468 -0.134562 
 -0.327229 -0.094445 -0.133280 
 -0.341074 -0.088415 -0.141054 
 -0.357553 -0.076389 -0.166949 
 -0.373927 -0.064389 -0.192855 
 -0.386297 -0.061395 -0.191585 
 -0.402514 -0.049432 -0.217507 
 -0.414831 -0.046451 -0.216243 
 -0.427148 -0.043470 -0.214978 
 -0.439465 -0.040489 -0.213714 
 -0.451783 -0.037508 -0.212450 
 -0.464100 -0.034527 -0.211186 
 -0.476417 -0.031546 -0.209922 
 -0.489894 -0.025605 -0.217734 
 -0.502194 -0.022628 -0.216472 
 -0.514494 -0.019652 -0.215209 
 -0.526794 -0.016675 -0.213947 
 -0.539094 -0.013698 -0.212685 
 -0.551393 -0.010721 -0.211422 
 -0.562638 -0.010679 -0.201072 
 -0.575993 -0.004768 -0.208898 
 -0.588293 -0.001791 -0.207635 
 -0.600593 0.001186 -0.206373 
 0.427677 -0.356789 0.013577 
 0.417075 -0.356919 0.023853 
 0.404127 -0.353786 0.025182 
 0.391180 -0.350652 0.026511 
 0.375958 -0.344272 0.018885 
 0.358513 -0.334657 0.002300 
 0.345619 -0.331537 0.003624 
 0.332724 -0.328416 0.004947 
 0.319830 -0.325295 0.006271 
 0.306935 -0.322174 0.007594 
 0.294040 -0.319054 0.008917 
 0.281146 -0.315933 0.010241 
 0.268251 -0.312812 0.011564 
 0.259591 -0.316109 0.030828 
 0.246662 -0.312980 0.032155 
 0.233732 -0.309850 0.033483 
 0.222867 -0.309917 0.043785 
 0.214015 -0.313168 0.063070 
 0.207123 -0.319589 0.091341 
 0.200126 -0.325984 0.119622 
 0.187039 -0.322817 0.120966 
 0.177907 -0.326000 0.140279 
 0.170665 -0.332336 0.168585 
 0.157490 -0.329147 0.169937 
 0.148165 -0.332283 0.189270 
 0.136863 -0.332244 0.199618 
 0.127416 -0.335351 0.218963 
 0.114154 -0.332141 0.220324 
 0.100892 -0.328931 0.221686 
 0.012290 -0.196937 -0.145923 
 -0.000254 -0.193901 -0.144635 
 -0.014602 -0.187733 -0.152351 
 -0.027129 -0.184701 -0.151065 
 -0.039656 -0.181669 -0.149779 
 -0.052183 -0.178637 -0.148493 
 -0.064711 -0.175605 -0.147208 
 -0.077238 -0.172573 -0.145922 
 -0.089765 -0.169542 -0.144636 
 -0.100612 -0.169613 -0.134335 
 -0.069930 -0.247144 0.101400 
 -0.082929 -0.243998 0.102734 
 -0.095929 -0.240851 0.104069 
 -0.110539 -0.234619 0.096380 
 -0.126706 -0.225314 0.079664 
 -0.141228 -0.219103 0.071966 
 -0.157273 -0.209827 0.055238 
 -0.170168 -0.206706 0.056561 
 -0.183063 -0.203585 0.057884 
 -0.195957 -0.200464 0.059208 
 -0.208852 -0.197344 0.060531 
 -0.223217 -0.191171 0.052818 
 -0.238999 -0.181958 0.036062 
 -0.256147 -0.169719 0.010258 
 -0.268937 -0.166624 0.011571 
 -0.301328 -0.121035 -0.113735 
 -0.318021 -0.108906 -0.139585 
 -0.331878 -0.102856 -0.147350 
 -0.347048 -0.093792 -0.164169 
 -0.360818 -0.087763 -0.171944 
 -0.375866 -0.078728 -0.188775 
 -0.389548 -0.072721 -0.196559 
 -0.405751 -0.060710 -0.222459 
 -0.418069 -0.057729 -0.221195 
 -0.430386 -0.054748 -0.219931 
 -0.442703 -0.051767 -0.218666 
 -0.455020 -0.048786 -0.217402 
 -0.467338 -0.045805 -0.216138 
 -0.480828 -0.039844 -0.223942 
 -0.493128 -0.036867 -0.222679 
 -0.505427 -0.033890 -0.221417 
 -0.517727 -0.030914 -0.220155 
 -0.530027 -0.027937 -0.218892 
 -0.542327 -0.024960 -0.217630 
 -0.554627 -0.021983 -0.216368 
 -0.565876 -0.021957 -0.206025 
 -0.579226 -0.016030 -0.213843 
 -0.591526 -0.013053 -0.212580 
 0.424278 -0.368628 0.008379 
 0.418317 -0.375325 0.036532 
 0.405335 -0.372183 0.037864 
 0.392353 -0.369041 0.039197 
 0.374830 -0.359374 0.022634 
 0.359630 -0.352981 0.015014 
 0.346700 -0.349852 0.016341 
 0.333770 -0.346723 0.017668 
 0.316440 -0.337102 0.001086 
 0.303545 -0.333981 0.002410 
 0.290651 -0.330860 0.003733 
 0.282052 -0.334206 0.022976 
 0.271253 -0.334306 0.033265 
 0.258305 -0.331172 0.034593 
 0.245358 -0.328039 0.035922 
 0.236567 -0.331338 0.055186 
 0.223585 -0.328196 0.056518 
 0.212645 -0.328262 0.066821 
 0.207747 -0.337931 0.104045 
 0.196686 -0.337967 0.114361 
 0.187579 -0.341190 0.133656 
 0.174457 -0.338014 0.135003 
 0.167201 -0.344399 0.163288 
 0.154027 -0.341210 0.164641 
 0.144693 -0.344378 0.183959 
 0.133386 -0.344355 0.194300 
 0.120159 -0.341154 0.195658 
 0.110668 -0.344284 0.214992 
 0.101107 -0.347397 0.234335 
 0.087810 -0.344179 0.235699 
 -0.003552 -0.205387 -0.149679 
 -0.017895 -0.199203 -0.157387 
 -0.030422 -0.196171 -0.156101 
 -0.042949 -0.193139 -0.154816 
 -0.053731 -0.193243 -0.144529 
 -0.066276 -0.190207 -0.143241 
 -0.078820 -0.187171 -0.141954 
 -0.091365 -0.184135 -0.140666 
 -0.056996 -0.268431 0.112856 
 -0.073347 -0.259046 0.096173 
 -0.086346 -0.255900 0.097508 
 -0.099346 -0.252754 0.098842 
 -0.113951 -0.246506 0.091161 
 -0.131697 -0.234070 0.065441 
 -0.147768 -0.224754 0.048730 
 -0.160663 -0.221633 0.050053 
 -0.173557 -0.218513 0.051377 
 -0.186452 -0.215392 0.052700 
 -0.199347 -0.212271 0.054024 
 -0.213725 -0.206078 0.046319 
 -0.226602 -0.202961 0.047641 
 -0.239479 -0.199845 0.048962 
 -0.262370 -0.175310 -0.012951 
 -0.280777 -0.160001 -0.047783 
 -0.293461 -0.156932 -0.046481 
 -0.321305 -0.120345 -0.144607 
 -0.335158 -0.114279 -0.152366 
 -0.350318 -0.105182 -0.169171 
 -0.366735 -0.093068 -0.195027 
 -0.380430 -0.087041 -0.202802 
 -0.395381 -0.077995 -0.219628 
 -0.408989 -0.071988 -0.227411 
 -0.421306 -0.069007 -0.226147 
 -0.434862 -0.063013 -0.233937 
 -0.447162 -0.060036 -0.232674 
 -0.459461 -0.057059 -0.231412 
 -0.471761 -0.054083 -0.230149 
 -0.484061 -0.051106 -0.228887 
 -0.498662 -0.042145 -0.245749 
 -0.510927 -0.039177 -0.244490 
 -0.523191 -0.036209 -0.243231 
 -0.535456 -0.033240 -0.241973 
 -0.545560 -0.036222 -0.222575 
 -0.557860 -0.033245 -0.221313 
 -0.569114 -0.033235 -0.210977 
 -0.582459 -0.027291 -0.218788 
 -0.594759 -0.024315 -0.217526 
 -0.607059 -0.021338 -0.216263 
 -0.619359 -0.018361 -0.215001 
 0.414904 -0.387212 0.031312 
 0.404223 -0.387358 0.041581 
 0.391223 -0.384211 0.042915 
 0.371426 -0.371228 0.017429 
 0.358479 -0.368095 0.018757 
 0.343301 -0.361691 0.011142 
 0.332585 -0.361828 0.021415 
 0.317442 -0.355432 0.013796 
 0.304512 -0.352303 0.015123 
 0.291583 -0.349174 0.016450 
 0.280796 -0.349294 0.026730 
 0.267849 -0.346160 0.028059 
 0.259119 -0.349509 0.047301 
 0.246136 -0.346367 0.048634 
 0.235228 -0.346457 0.058926 
 0.222228 -0.343311 0.060260 
 0.217381 -0.353061 0.097449 
 0.204312 -0.349898 0.098790 
 0.193246 -0.349950 0.109099 
 0.184130 -0.353205 0.128380 
 0.174945 -0.356443 0.147669 
 0.163738 -0.356462 0.157991 
 0.150564 -0.353273 0.159344 
 0.141221 -0.356473 0.178648 
 0.129909 -0.356466 0.188982 
 0.116682 -0.353265 0.190340 
 0.107182 -0.356427 0.209660 
 0.093920 -0.353217 0.211021 
 0.084315 -0.356354 0.230353 
 0.071017 -0.353136 0.231718 
 -0.021188 -0.210673 -0.162424 
 -0.031939 -0.210802 -0.152148 
 -0.044484 -0.207765 -0.150860 
 -0.057028 -0.204729 -0.149573 
 -0.069573 -0.201693 -0.148285 
 -0.082118 -0.198657 -0.146998 
 -0.044011 -0.289799 0.124277 
 -0.060423 -0.280366 0.107616 
 -0.076764 -0.270949 0.090947 
 -0.089764 -0.267803 0.092281 
 -0.104382 -0.261535 0.084609 
 -0.120566 -0.252156 0.067924 
 -0.133513 -0.249023 0.069253 
 -0.148026 -0.242780 0.061569 
 -0.164052 -0.233440 0.044869 
 -0.176947 -0.230319 0.046192 
 -0.189842 -0.227198 0.047516 
 -0.204232 -0.220985 0.039820 
 -0.217109 -0.217869 0.041142 
 -0.232909 -0.208583 0.024417 
 -0.250081 -0.196235 -0.001339 
 -0.265723 -0.186989 -0.018079 
 -0.282703 -0.174687 -0.043855 
 -0.295405 -0.171613 -0.042551 
 -0.325962 -0.128720 -0.158662 
 -0.338437 -0.125701 -0.157381 
 -0.354927 -0.113518 -0.183208 
 -0.369991 -0.104411 -0.200007 
 -0.383682 -0.098367 -0.207775 
 -0.396052 -0.095373 -0.206505 
 -0.412227 -0.083266 -0.232363 
 -0.425795 -0.077252 -0.240144 
 -0.438095 -0.074275 -0.238882 
 -0.450395 -0.071298 -0.237619 
 -0.462694 -0.068321 -0.236357 
 -0.474994 -0.065345 -0.235095 
 -0.487294 -0.062368 -0.233832 
 -0.501886 -0.053375 -0.250680 
 -0.514151 -0.050407 -0.249421 
 -0.526415 -0.047438 -0.248163 
 -0.538680 -0.044470 -0.246904 
 -0.550945 -0.041502 -0.245645 
 -0.563210 -0.038533 -0.244386 
 -0.575475 -0.035565 -0.243127 
 -0.587740 -0.032597 -0.241869 
 -0.600004 -0.029629 -0.240610 
 -0.612269 -0.026660 -0.239351 
 -0.624534 -0.023692 -0.238092 
 -0.634892 -0.026646 -0.218684 
 -0.647192 -0.023669 -0.217421 
 -0.658573 -0.023646 -0.207080 
 -0.670890 -0.020665 -0.205816 
 0.400806 -0.399260 0.036355 
 0.387806 -0.396114 0.037689 
 0.372545 -0.389673 0.030090 
 0.355076 -0.379949 0.013552 
 0.342129 -0.376816 0.014881 
 0.329182 -0.373682 0.016210 
 0.316235 -0.370549 0.017538 
 0.303287 -0.367416 0.018867 
 0.290340 -0.364282 0.020196 
 0.277393 -0.361149 0.021525 
 0.264446 -0.358015 0.022854 
 0.257810 -0.364652 0.051031 
 0.244810 -0.361506 0.052365 
 0.231810 -0.358360 0.053699 
 0.222913 -0.361702 0.072943 
 0.213946 -0.365028 0.092194 
 0.202893 -0.365100 0.102494 
 0.189806 -0.361933 0.103837 
 0.180681 -0.365220 0.123105 
 0.171486 -0.368490 0.142379 
 0.160275 -0.368525 0.152694 
 0.147101 -0.365336 0.154047 
 0.139660 -0.371779 0.182307 
 0.126433 -0.368577 0.183664 
 0.113205 -0.365376 0.185022 
 0.103696 -0.368570 0.204328 
 0.090434 -0.365360 0.205689 
 0.080819 -0.368529 0.225007 
 0.067522 -0.365311 0.226372 
 -0.022692 -0.225324 -0.158479 
 -0.035236 -0.222288 -0.157191 
 -0.047781 -0.219252 -0.155904 
 -0.056853 -0.222552 -0.136642 
 -0.072871 -0.213180 -0.153329 
 -0.085415 -0.210143 -0.152041 
 -0.042395 -0.311231 0.146000 
 -0.063849 -0.292300 0.102375 
 -0.080181 -0.282852 0.085720 
 -0.093181 -0.279706 0.087055 
 -0.107794 -0.273421 0.079389 
 -0.120776 -0.270279 0.080722 
 -0.138495 -0.257748 0.055044 
 -0.151425 -0.254619 0.056371 
 -0.164354 -0.251489 0.057698 
 -0.180337 -0.242126 0.041008 
 -0.193231 -0.239005 0.042331 
 -0.206126 -0.235884 0.043655 
 -0.220494 -0.229659 0.035964 
 -0.236284 -0.220342 0.019254 
 -0.253443 -0.207946 -0.006481 
 -0.269075 -0.198667 -0.023207 
 -0.283234 -0.192493 -0.030919 
 -0.315380 -0.146244 -0.155935 
 -0.327872 -0.143221 -0.154652 
 -0.341716 -0.137123 -0.162397 
 -0.358192 -0.124892 -0.188202 
 -0.373247 -0.115753 -0.204988 
 -0.386933 -0.109693 -0.212748 
 -0.399303 -0.106699 -0.211479 
 -0.415465 -0.094544 -0.237316 
 -0.427782 -0.091563 -0.236052 
 -0.441328 -0.085537 -0.243827 
 -0.453628 -0.082560 -0.242565 
 -0.465928 -0.079583 -0.241302 
 -0.480580 -0.070542 -0.258129 
 -0.492845 -0.067573 -0.256870 
 -0.505110 -0.064605 -0.255611 
 -0.517375 -0.061637 -0.254353 
 -0.529639 -0.058668 -0.253094 
 -0.541904 -0.055700 -0.251835 
 -0.554169 -0.052732 -0.250576 
 -0.566434 -0.049763 -0.249317 
 -0.578699 -0.046795 -0.248059 
 -0.590964 -0.043827 -0.246800 
 -0.603228 -0.040858 -0.245541 
 -0.615493 -0.037890 -0.244282 
 -0.627758 -0.034922 -0.243023 
 -0.638125 -0.037908 -0.223629 
 -0.649493 -0.037905 -0.213296 
 -0.661811 -0.034924 -0.212032 
 -0.674128 -0.031943 -0.210768 
 0.408846 -0.427761 0.075741 
 0.395759 -0.424593 0.077084 
 0.380416 -0.418115 0.069501 
 0.356151 -0.398418 0.026203 
 0.343169 -0.395276 0.027535 
 0.330186 -0.392134 0.028867 
 0.317204 -0.388992 0.030200 
 0.299884 -0.379270 0.013662 
 0.286937 -0.376137 0.014990 
 0.278258 -0.379566 0.034197 
 0.265276 -0.376424 0.035530 
 0.254393 -0.376555 0.045804 
 0.241393 -0.373409 0.047138 
 0.228393 -0.370263 0.048473 
 0.219487 -0.373637 0.067703 
 0.210510 -0.376994 0.086940 
 0.199453 -0.377083 0.097232 
 0.190354 -0.380411 0.116482 
 0.181185 -0.383721 0.135738 
 0.169987 -0.383776 0.146045 
 0.160695 -0.387057 0.165315 
 0.147486 -0.383860 0.166671 
 0.136183 -0.383890 0.176988 
 0.122956 -0.380688 0.178346 
 0.109729 -0.377487 0.179704 
 0.100210 -0.380713 0.198996 
 0.086948 -0.377503 0.200357 
 0.077324 -0.380704 0.219661 
 0.064027 -0.377486 0.221026 
 0.050730 -0.374268 0.222390 
 0.033899 -0.364665 0.205802 
 0.011891 -0.345514 0.162271 
 -0.006478 -0.332774 0.136684 
 -0.019600 -0.329598 0.138030 
 -0.032722 -0.326422 0.139377 
 -0.050882 -0.313732 0.113767 
 -0.067275 -0.304235 0.097134 
 -0.083598 -0.294755 0.080494 
 -0.098225 -0.288450 0.072837 
 -0.111207 -0.285308 0.074170 
 -0.127372 -0.275866 0.057513 
 -0.141894 -0.269586 0.049845 
 -0.154823 -0.266457 0.051172 
 -0.167753 -0.263328 0.052499 
 -0.183726 -0.253933 0.035824 
 -0.196621 -0.250812 0.037147 
 -0.209515 -0.247691 0.038470 
 -0.223879 -0.241450 0.030787 
 -0.236756 -0.238333 0.032108 
 -0.255371 -0.222769 -0.002612 
 -0.269595 -0.216561 -0.010311 
 -0.285183 -0.207259 -0.027026 
 -0.297937 -0.204172 -0.025717 
 -0.332520 -0.151564 -0.168693 
 -0.344995 -0.148545 -0.167412 
 -0.361458 -0.136266 -0.193196 
 -0.376503 -0.127095 -0.209968 
 -0.388891 -0.124097 -0.208697 
 -0.402555 -0.118025 -0.216452 
 -0.417443 -0.108892 -0.233240 
 -0.431020 -0.102841 -0.241004 
 -0.443337 -0.099860 -0.239740 
 -0.455654 -0.096879 -0.238475 
 -0.469161 -0.090845 -0.246247 
 -0.481461 -0.087869 -0.244985 
 -0.493760 -0.084892 -0.243723 
 -0.508334 -0.075835 -0.260542 
 -0.520599 -0.072867 -0.259284 
 -0.532863 -0.069898 -0.258025 
 -0.545128 -0.066930 -0.256766 
 -0.557393 -0.063962 -0.255507 
 -0.569658 -0.060993 -0.254248 
 -0.581923 -0.058025 -0.252990 
 -0.594187 -0.055057 -0.251731 
 -0.606452 -0.052088 -0.250472 
 -0.618717 -0.049120 -0.249213 
 -0.629058 -0.052147 -0.229836 
 -0.641358 -0.049170 -0.228574 
 -0.652731 -0.049183 -0.218249 
 -0.664139 -0.049187 -0.207920 
 -0.676474 -0.046201 -0.206654 
 -0.688809 -0.043216 -0.205388 
 0.405406 -0.439743 0.070479 
 0.396858 -0.443239 0.089658 
 0.379232 -0.433409 0.073166 
 0.359442 -0.420273 0.047746 
 0.341973 -0.410481 0.031238 
 0.328973 -0.407335 0.032572 
 0.313792 -0.400879 0.024980 
 0.300810 -0.397737 0.026313 
 0.287827 -0.394595 0.027645 
 0.274845 -0.391453 0.028978 
 0.261863 -0.388311 0.030310 
 0.250975 -0.388458 0.040578 
 0.242130 -0.391881 0.059786 
 0.229095 -0.388727 0.061124 
 0.220145 -0.392124 0.080343 
 0.207075 -0.388961 0.081685 
 0.196012 -0.389066 0.091970 
 0.186904 -0.392426 0.111206 
 0.177726 -0.395768 0.130448 
 0.170433 -0.402349 0.158648 
 0.159160 -0.402403 0.168955 
 0.145933 -0.399202 0.170313 
 0.136510 -0.402485 0.189580 
 0.123248 -0.399275 0.190942 
 0.109986 -0.396066 0.192303 
 0.100423 -0.399316 0.211585 
 0.083462 -0.389646 0.195025 
 0.070200 -0.386437 0.196386 
 0.056937 -0.383227 0.197747 
 0.043675 -0.380017 0.199108 
 0.026889 -0.370391 0.182531 
 0.008428 -0.357577 0.156974 
 -0.006473 -0.351188 0.149354 
 -0.023050 -0.341613 0.132755 
 -0.036172 -0.338437 0.134101 
 -0.054318 -0.325699 0.108513 
 -0.070702 -0.316170 0.091894 
 -0.087015 -0.306657 0.075267 
 -0.101637 -0.300337 0.067618 
 -0.114619 -0.297195 0.068950 
 -0.127601 -0.294053 0.070282 
 -0.143723 -0.284587 0.053636 
 -0.156670 -0.281454 0.054965 
 -0.171152 -0.275167 0.047301 
 -0.187116 -0.265739 0.030639 
 -0.200010 -0.262618 0.031963 
 -0.212905 -0.259498 0.033286 
 -0.227264 -0.253240 0.025610 
 -0.240141 -0.250124 0.026931 
 -0.258737 -0.234495 -0.007762 
 -0.272957 -0.228272 -0.015453 
 -0.285746 -0.225176 -0.014140 
 -0.301290 -0.215850 -0.030845 
 -0.314045 -0.212763 -0.029536 
 -0.348274 -0.159967 -0.172428 
 -0.364723 -0.147640 -0.198191 
 -0.379760 -0.138437 -0.214949 
 -0.392147 -0.135439 -0.213677 
 -0.405806 -0.129351 -0.221425 
 -0.420685 -0.120186 -0.238199 
 -0.433020 -0.117201 -0.236933 
 -0.446575 -0.111138 -0.244692 
 -0.458892 -0.108157 -0.243428 
 -0.472394 -0.102107 -0.251193 
 -0.484694 -0.099130 -0.249930 
 -0.496994 -0.096154 -0.248668 
 -0.509293 -0.093177 -0.247406 
 -0.523823 -0.084097 -0.264215 
 -0.533893 -0.087223 -0.244881 
 -0.548352 -0.078160 -0.261697 
 -0.558493 -0.081270 -0.242356 
 -0.570792 -0.078293 -0.241094 
 -0.585147 -0.069255 -0.257921 
 -0.597411 -0.066287 -0.256662 
 -0.609676 -0.063318 -0.255403 
 -0.621941 -0.060350 -0.254144 
 -0.632291 -0.063409 -0.234782 
 -0.644591 -0.060432 -0.233519 
 -0.655969 -0.060461 -0.223201 
 -0.667381 -0.060481 -0.212879 
 -0.680603 -0.054499 -0.220672 
 -0.692921 -0.051518 -0.219408 
 0.406531 -0.458429 0.083035 
 0.393409 -0.455254 0.084382 
 0.380287 -0.452078 0.085729 
 0.362705 -0.442224 0.069247 
 0.347405 -0.435722 0.061675 
 0.329946 -0.425899 0.045181 
 0.312557 -0.416092 0.028680 
 0.299557 -0.412945 0.030014 
 0.286557 -0.409799 0.031348 
 0.273558 -0.406653 0.032683 
 0.260558 -0.403507 0.034017 
 0.251738 -0.406971 0.053208 
 0.238704 -0.403816 0.054546 
 0.225669 -0.400661 0.055884 
 0.216709 -0.404091 0.075089 
 0.205659 -0.404216 0.085365 
 0.192572 -0.401049 0.086709 
 0.183455 -0.404441 0.105930 
 0.174268 -0.407815 0.125159 
 0.166960 -0.414444 0.153337 
 0.155683 -0.414514 0.163637 
 0.142456 -0.411313 0.164995 
 0.133024 -0.414628 0.184248 
 0.119762 -0.411419 0.185610 
 0.106500 -0.408209 0.186971 
 0.096927 -0.411491 0.206239 
 0.083630 -0.408272 0.207604 
 0.066713 -0.398580 0.191054 
 0.053451 -0.395370 0.192415 
 0.036639 -0.385703 0.175855 
 0.021655 -0.379277 0.168250 
 0.003225 -0.366420 0.142713 
 -0.013377 -0.356803 0.126132 
 -0.026499 -0.353628 0.127479 
 -0.042996 -0.344036 0.110886 
 -0.057753 -0.337666 0.103258 
 -0.074128 -0.328105 0.086653 
 -0.090432 -0.318560 0.070041 
 -0.103432 -0.315414 0.071375 
 -0.118032 -0.309081 0.063730 
 -0.131014 -0.305940 0.065063 
 -0.147126 -0.296442 0.048431 
 -0.160073 -0.293308 0.049759 
 -0.173020 -0.290175 0.051088 
 -0.187480 -0.283876 0.043430 
 -0.200410 -0.280747 0.044757 
 -0.216295 -0.271304 0.028102 
 -0.230649 -0.265031 0.020432 
 -0.243526 -0.261914 0.021754 
 -0.259254 -0.252510 0.005082 
 -0.274911 -0.243122 -0.011596 
 -0.287718 -0.240023 -0.010282 
 -0.301898 -0.233791 -0.017970 
 -0.314688 -0.230696 -0.016657 
 -0.355566 -0.162021 -0.204460 
 -0.367988 -0.159014 -0.203185 
 -0.383016 -0.149779 -0.219929 
 -0.395403 -0.146781 -0.218658 
 -0.409058 -0.140677 -0.226399 
 -0.423928 -0.131480 -0.243158 
 -0.436263 -0.128495 -0.241892 
 -0.448597 -0.125509 -0.240626 
 -0.462130 -0.119435 -0.248380 
 -0.474447 -0.116454 -0.247116 
 -0.487927 -0.110392 -0.254876 
 -0.499082 -0.110492 -0.244587 
 -0.511399 -0.107511 -0.243323 
 -0.524826 -0.101462 -0.251088 
 -0.537126 -0.098485 -0.249826 
 -0.549426 -0.095508 -0.248564 
 -0.561726 -0.092532 -0.247301 
 -0.574026 -0.089555 -0.246039 
 -0.588371 -0.080485 -0.262852 
 -0.600635 -0.077517 -0.261593 
 -0.612900 -0.074548 -0.260334 
 -0.625165 -0.071580 -0.259076 
 -0.635525 -0.074671 -0.239727 
 -0.647824 -0.071694 -0.238465 
 -0.659207 -0.071739 -0.228153 
 -0.671524 -0.068758 -0.226889 
 -0.683841 -0.065777 -0.225625 
 -0.696158 -0.062796 -0.224361 
 0.414471 -0.487282 0.122267 
 0.396740 -0.477358 0.105816 
 0.381323 -0.470811 0.098263 
 0.368166 -0.467626 0.099613 
 0.350593 -0.457741 0.083146 
 0.337471 -0.454565 0.084493 
 0.309140 -0.427994 0.023453 
 0.296140 -0.424848 0.024788 
 0.283140 -0.421702 0.026122 
 0.270141 -0.418556 0.027456 
 0.257141 -0.415410 0.028790 
 0.248312 -0.418905 0.047967 
 0.239413 -0.422384 0.067151 
 0.226343 -0.419221 0.068493 
 0.213274 -0.416058 0.069834 
 0.202219 -0.416199 0.080104 
 0.193128 -0.419631 0.099308 
 0.183966 -0.423046 0.118518 
 0.176698 -0.429736 0.146670 
 0.165433 -0.429826 0.156962 
 0.152206 -0.426625 0.158319 
 0.142800 -0.429981 0.177555 
 0.129538 -0.426771 0.178916 
 0.116276 -0.423562 0.180277 
 0.106729 -0.426884 0.199528 
 0.093432 -0.423666 0.200893 
 0.080135 -0.420448 0.202258 
 0.063227 -0.410723 0.185722 
 0.049965 -0.407513 0.187083 
 0.033162 -0.397814 0.170537 
 0.018182 -0.391372 0.162939 
 0.001502 -0.381703 0.146381 
 -0.016826 -0.368818 0.120856 
 -0.029948 -0.365642 0.122203 
 -0.046436 -0.356019 0.105624 
 -0.064520 -0.343194 0.080075 
 -0.077554 -0.340039 0.081412 
 -0.093850 -0.330463 0.064814 
 -0.108462 -0.324110 0.057178 
 -0.121444 -0.320968 0.058511 
 -0.134427 -0.317826 0.059843 
 -0.150529 -0.308296 0.043225 
 -0.163477 -0.305163 0.044554 
 -0.176424 -0.302029 0.045883 
 -0.190879 -0.295715 0.038231 
 -0.203808 -0.292586 0.039558 
 -0.219684 -0.283111 0.022917 
 -0.232579 -0.279990 0.024241 
 -0.245473 -0.276869 0.025564 
 -0.259789 -0.270589 0.017898 
 -0.275472 -0.261160 0.001237 
 -0.288314 -0.258052 0.002555 
 -0.301156 -0.254944 0.003873 
 -0.313998 -0.251836 0.005191 
 -0.326840 -0.248728 0.006509 
 -0.375200 -0.160984 -0.235181 
 -0.387570 -0.157990 -0.233911 
 -0.399940 -0.154997 -0.232642 
 -0.412309 -0.152003 -0.231372 
 -0.427170 -0.142774 -0.248117 
 -0.439505 -0.139789 -0.246851 
 -0.451840 -0.136803 -0.245585 
 -0.464174 -0.133818 -0.244319 
 -0.476509 -0.130833 -0.243054 
 -0.490002 -0.124751 -0.250804 
 -0.502319 -0.121770 -0.249540 
 -0.514637 -0.118789 -0.248275 
 -0.526954 -0.115808 -0.247011 
 -0.539271 -0.112827 -0.245747 
 -0.552659 -0.106770 -0.253509 
 -0.564959 -0.103794 -0.252246 
 -0.577259 -0.100817 -0.250984 
 -0.591595 -0.091715 -0.267783 
 -0.603859 -0.088746 -0.266524 
 -0.616124 -0.085778 -0.265266 
 -0.628389 -0.082810 -0.264007 
 -0.638758 -0.085933 -0.244672 
 -0.651058 -0.082956 -0.243410 
 -0.662444 -0.083017 -0.233105 
 -0.673866 -0.083069 -0.222798 
 -0.687079 -0.077055 -0.230577 
 -0.696814 -0.083147 -0.202172 
 -0.709184 -0.080153 -0.200903 
 0.413271 -0.502760 0.125850 
 0.393277 -0.489421 0.100519 
 0.377864 -0.482858 0.092973 
 0.364707 -0.479673 0.094323 
 0.347144 -0.469756 0.077870 
 0.334022 -0.466580 0.079217 
 0.316563 -0.456688 0.062753 
 0.303476 -0.453520 0.064096 
 0.288256 -0.447003 0.056531 
 0.275186 -0.443840 0.057872 
 0.262117 -0.440677 0.059214 
 0.249047 -0.437514 0.060555 
 0.235977 -0.434351 0.061896 
 0.224953 -0.434516 0.072156 
 0.211866 -0.431349 0.073499 
 0.202801 -0.434822 0.092685 
 0.193665 -0.438278 0.111878 
 0.182483 -0.438405 0.122153 
 0.173225 -0.441831 0.141359 
 0.169719 -0.455150 0.187358 
 0.156422 -0.451932 0.188723 
 0.143125 -0.448713 0.190088 
 0.129828 -0.445495 0.191452 
 0.118402 -0.445563 0.201753 
 0.105087 -0.442341 0.203119 
 0.091773 -0.439119 0.204486 
 0.076640 -0.432623 0.196911 
 0.063343 -0.429405 0.198276 
 0.046479 -0.419656 0.181751 
 0.029685 -0.409925 0.165219 
 0.014710 -0.403467 0.157628 
 -0.001961 -0.393766 0.141084 
 -0.016849 -0.387329 0.133484 
 -0.033398 -0.377657 0.116927 
 -0.049876 -0.368002 0.100362 
 -0.064624 -0.361600 0.092748 
 -0.080980 -0.351974 0.076172 
 -0.097267 -0.342366 0.059587 
 -0.110266 -0.339220 0.060922 
 -0.124857 -0.332855 0.053291 
 -0.137839 -0.329713 0.054624 
 -0.150821 -0.326571 0.055956 
 -0.166880 -0.317018 0.039348 
 -0.179827 -0.313884 0.040677 
 -0.192774 -0.310751 0.042006 
 -0.205721 -0.307617 0.043335 
 -0.220137 -0.301295 0.035687 
 -0.235968 -0.291797 0.019056 
 -0.248863 -0.288676 0.020380 
 -0.263173 -0.282379 0.012721 
 -0.276051 -0.279263 0.014042 
 -0.288928 -0.276146 0.015364 
 -0.304532 -0.266703 -0.001290 
 -0.317374 -0.263595 0.000028 
 -0.323574 -0.276261 0.046303 
 -0.378452 -0.172310 -0.240154 
 -0.390821 -0.169317 -0.238885 
 -0.403191 -0.166323 -0.237615 
 -0.414303 -0.166467 -0.227347 
 -0.427931 -0.160335 -0.235076 
 -0.440301 -0.157342 -0.233806 
 -0.455082 -0.148097 -0.250545 
 -0.467417 -0.145112 -0.249279 
 -0.479752 -0.142127 -0.248013 
 -0.492086 -0.139142 -0.246747 
 -0.504421 -0.136156 -0.245481 
 -0.517874 -0.130067 -0.253228 
 -0.530192 -0.127086 -0.251964 
 -0.542509 -0.124105 -0.250699 
 -0.555892 -0.118032 -0.258454 
 -0.568192 -0.115056 -0.257192 
 -0.580492 -0.112079 -0.255929 
 -0.594819 -0.102945 -0.272714 
 -0.607083 -0.099976 -0.271455 
 -0.619348 -0.097008 -0.270197 
 -0.631613 -0.094040 -0.268938 
 -0.641991 -0.097195 -0.249617 
 -0.654291 -0.094218 -0.248355 
 -0.665682 -0.094295 -0.238058 
 -0.677108 -0.094363 -0.227757 
 -0.687696 -0.097467 -0.208415 
 -0.700066 -0.094473 -0.207146 
 -0.712436 -0.091479 -0.205876 
 0.409794 -0.514871 0.120532 
 0.389814 -0.501484 0.095222 
 0.374406 -0.494905 0.087683 
 0.361249 -0.491720 0.089033 
 0.343695 -0.481771 0.072595 
 0.330573 -0.478595 0.073941 
 0.317450 -0.475419 0.075288 
 0.300036 -0.465503 0.058835 
 0.286949 -0.462336 0.060178 
 0.273862 -0.459169 0.061521 
 0.260775 -0.456001 0.062864 
 0.247688 -0.452834 0.064207 
 0.234600 -0.449667 0.065551 
 0.225595 -0.453188 0.084716 
 0.212473 -0.450013 0.086062 
 0.203364 -0.453509 0.105238 
 0.192195 -0.453656 0.115504 
 0.182963 -0.457123 0.134693 
 0.171707 -0.457249 0.144968 
 0.166224 -0.467325 0.182012 
 0.152927 -0.464107 0.183377 
 0.139630 -0.460889 0.184741 
 0.128217 -0.460977 0.195033 
 0.114902 -0.457754 0.196400 
 0.101587 -0.454532 0.197766 
 0.088273 -0.451310 0.199133 
 0.073145 -0.444798 0.191565 
 0.056255 -0.435009 0.175058 
 0.042993 -0.431799 0.176419 
 0.026209 -0.422036 0.159901 
 0.011238 -0.415562 0.152317 
 -0.005424 -0.405829 0.135787 
 -0.020307 -0.399376 0.128194 
 -0.033465 -0.396192 0.129544 
 -0.049969 -0.386496 0.112998 
 -0.068060 -0.373566 0.087494 
 -0.084407 -0.363909 0.070931 
 -0.100684 -0.354268 0.054361 
 -0.113683 -0.351122 0.055695 
 -0.126683 -0.347976 0.057029 
 -0.141252 -0.341600 0.049404 
 -0.154234 -0.338458 0.050737 
 -0.167216 -0.335316 0.052069 
 -0.180198 -0.332174 0.053401 
 -0.196178 -0.322605 0.036801 
 -0.206162 -0.325890 0.056066 
 -0.219144 -0.322748 0.057399 
 -0.236465 -0.310004 0.031815 
 -0.249395 -0.306875 0.033142 
 -0.265147 -0.297362 0.016519 
 -0.278042 -0.294241 0.017842 
 -0.288184 -0.297487 0.037123 
 -0.303831 -0.288000 0.020489 
 -0.314043 -0.291229 0.039777 
 -0.326973 -0.288100 0.041105 
 -0.338596 -0.288137 0.051418 
 -0.351543 -0.285004 0.052747 
 -0.406443 -0.177649 -0.242588 
 -0.417559 -0.177809 -0.232327 
 -0.429946 -0.174811 -0.231056 
 -0.442333 -0.171813 -0.229785 
 -0.458324 -0.159391 -0.255504 
 -0.468292 -0.162680 -0.236241 
 -0.482994 -0.153421 -0.252972 
 -0.495329 -0.150436 -0.251706 
 -0.507664 -0.147450 -0.250440 
 -0.519998 -0.144465 -0.249174 
 -0.532333 -0.141480 -0.247908 
 -0.544668 -0.138495 -0.246642 
 -0.558064 -0.132402 -0.254387 
 -0.570381 -0.129421 -0.253123 
 -0.582699 -0.126440 -0.251859 
 -0.596025 -0.120364 -0.259612 
 -0.608325 -0.117387 -0.258350 
 -0.622572 -0.108238 -0.275128 
 -0.634837 -0.105270 -0.273869 
 -0.645224 -0.108457 -0.254563 
 -0.657524 -0.105480 -0.253300 
 -0.668920 -0.105573 -0.243010 
 -0.680351 -0.105657 -0.232717 
 -0.690948 -0.108793 -0.213388 
 -0.703318 -0.105799 -0.212119 
 0.386351 -0.513547 0.089925 
 0.373177 -0.510359 0.091277 
 0.357790 -0.503767 0.083743 
 0.344633 -0.500583 0.085094 
 0.327123 -0.490610 0.068666 
 0.314001 -0.487434 0.070012 
 0.300879 -0.484258 0.071359 
 0.287757 -0.481082 0.072706 
 0.270422 -0.471152 0.056259 
 0.261513 -0.474731 0.075399 
 0.248390 -0.471555 0.076746 
 0.235268 -0.468379 0.078093 
 0.222146 -0.465203 0.079440 
 0.213062 -0.468740 0.098597 
 0.201907 -0.468908 0.108855 
 0.188732 -0.465719 0.110207 
 0.179490 -0.469218 0.129382 
 0.168230 -0.469361 0.139650 
 0.162729 -0.479500 0.176666 
 0.149432 -0.476282 0.178031 
 0.136135 -0.473064 0.179395 
 0.124717 -0.473168 0.189680 
 0.111402 -0.469945 0.191046 
 0.098087 -0.466723 0.192413 
 0.084773 -0.463501 0.193779 
 0.069649 -0.456973 0.186219 
 0.052769 -0.447152 0.169726 
 0.039507 -0.443942 0.171087 
 0.022732 -0.434147 0.154583 
 0.007765 -0.427657 0.147006 
 -0.008887 -0.417892 0.130490 
 -0.023766 -0.411423 0.122904 
 -0.040296 -0.401687 0.106375 
 -0.056757 -0.391968 0.089839 
 -0.071495 -0.385533 0.082239 
 -0.087833 -0.375844 0.065690 
 -0.104101 -0.366171 0.049134 
 -0.117101 -0.363025 0.050468 
 -0.130100 -0.359879 0.051803 
 -0.144664 -0.353486 0.044185 
 -0.157646 -0.350345 0.045517 
 -0.170628 -0.347203 0.046849 
 -0.183610 -0.344061 0.048182 
 -0.196593 -0.340919 0.049514 
 -0.209575 -0.337777 0.050847 
 -0.225475 -0.328193 0.034253 
 -0.238422 -0.325060 0.035582 
 -0.251370 -0.321926 0.036910 
 -0.264317 -0.318793 0.038239 
 -0.277264 -0.315659 0.039568 
 -0.290211 -0.312526 0.040897 
 -0.303158 -0.309392 0.042226 
 -0.316105 -0.306259 0.043555 
 -0.329053 -0.303125 0.044883 
 -0.342000 -0.299992 0.046212 
 -0.354947 -0.296858 0.047541 
 -0.422064 -0.185981 -0.246292 
 -0.434434 -0.182987 -0.245023 
 -0.446804 -0.179994 -0.243753 
 -0.461567 -0.170685 -0.260463 
 -0.471543 -0.174006 -0.241214 
 -0.483913 -0.171012 -0.239944 
 -0.496283 -0.168019 -0.238675 
 -0.508653 -0.165025 -0.237405 
 -0.523241 -0.155759 -0.254133 
 -0.535576 -0.152774 -0.252867 
 -0.547910 -0.149788 -0.251602 
 -0.560245 -0.146803 -0.250336 
 -0.572580 -0.143818 -0.249070 
 -0.585936 -0.137718 -0.256811 
 -0.599258 -0.131626 -0.264557 
 -0.611558 -0.128649 -0.263295 
 -0.625796 -0.119468 -0.280059 
 -0.638061 -0.116499 -0.278800 
 -0.650326 -0.113531 -0.277541 
 -0.662591 -0.110563 -0.276283 
 -0.674855 -0.107595 -0.275024 
 -0.683593 -0.116951 -0.237676 
 -0.695928 -0.113965 -0.236410 
 -0.708263 -0.110980 -0.235144 
 0.382888 -0.525610 0.084628 
 0.369713 -0.522422 0.085980 
 0.356539 -0.519233 0.087332 
 0.343364 -0.516044 0.088684 
 0.328018 -0.509446 0.081154 
 0.310552 -0.499449 0.064736 
 0.297430 -0.496273 0.066083 
 0.284307 -0.493097 0.067430 
 0.271185 -0.489921 0.068777 
 0.258063 -0.486746 0.070124 
 0.244941 -0.483570 0.071470 
 0.231819 -0.480394 0.072817 
 0.222761 -0.483971 0.091957 
 0.209604 -0.480787 0.093308 
 0.198443 -0.480971 0.103558 
 0.185269 -0.477782 0.104910 
 0.176018 -0.481313 0.124071 
 0.168642 -0.488182 0.152143 
 0.159233 -0.491675 0.171320 
 0.145936 -0.488457 0.172684 
 0.132639 -0.485239 0.174049 
 0.121217 -0.485359 0.184327 
 0.107902 -0.482137 0.185693 
 0.094588 -0.478914 0.187060 
 0.081273 -0.475692 0.188426 
 0.066154 -0.469148 0.180873 
 0.049283 -0.459295 0.164394 
 0.039560 -0.462712 0.183602 
 0.019255 -0.446258 0.149265 
 0.004293 -0.439752 0.141695 
 -0.012351 -0.429955 0.125193 
 -0.025525 -0.426766 0.126545 
 -0.040382 -0.420286 0.118965 
 -0.056868 -0.410526 0.102446 
 -0.073284 -0.400783 0.085920 
 -0.091259 -0.387779 0.060450 
 -0.104294 -0.384624 0.061788 
 -0.120518 -0.374928 0.045242 
 -0.133517 -0.371782 0.046576 
 -0.146517 -0.368635 0.047910 
 -0.161059 -0.362231 0.040297 
 -0.174041 -0.359089 0.041630 
 -0.187023 -0.355947 0.042962 
 -0.200005 -0.352805 0.044295 
 -0.212987 -0.349663 0.045627 
 -0.225969 -0.346522 0.046960 
 -0.238952 -0.343380 0.048292 
 -0.251934 -0.340238 0.049624 
 -0.264916 -0.337096 0.050957 
 -0.277898 -0.333954 0.052289 
 -0.290880 -0.330812 0.053622 
 -0.303862 -0.327670 0.054954 
 -0.316845 -0.324528 0.056286 
 -0.329827 -0.321386 0.057619 
 -0.342809 -0.318244 0.058951 
 -0.355791 -0.315102 0.060284 
 -0.425316 -0.197307 -0.251266 
 -0.437685 -0.194313 -0.249996 
 -0.452474 -0.184965 -0.266689 
 -0.464809 -0.181979 -0.265423 
 -0.477144 -0.178994 -0.264157 
 -0.489479 -0.176009 -0.262891 
 -0.551153 -0.161082 -0.256561 
 -0.563488 -0.158097 -0.255295 
 -0.602491 -0.142888 -0.269503 
 -0.614791 -0.139911 -0.268240 
 -0.629020 -0.130698 -0.284990 
 -0.641285 -0.127729 -0.283731 
 -0.653550 -0.124761 -0.282473 
 -0.665814 -0.121793 -0.281214 
 -0.678079 -0.118824 -0.279955 
 -0.690344 -0.115856 -0.278696 
 -0.702609 -0.112888 -0.277437 
 -0.711505 -0.122274 -0.240103 
 0.370690 -0.541363 0.098423 
 0.357480 -0.538166 0.099779 
 0.339901 -0.528107 0.083387 
 0.324559 -0.521492 0.075864 
 0.311402 -0.518308 0.077215 
 0.298245 -0.515124 0.078565 
 0.285088 -0.511940 0.079915 
 0.267736 -0.501936 0.063501 
 0.258774 -0.505571 0.082616 
 0.245616 -0.502387 0.083967 
 0.234504 -0.502599 0.094205 
 0.221329 -0.499411 0.095557 
 0.208155 -0.496222 0.096909 
 0.198965 -0.499802 0.116048 
 0.185755 -0.496605 0.117404 
 0.174503 -0.496784 0.127656 
 0.165156 -0.500325 0.146811 
 0.157660 -0.507217 0.174874 
 0.142441 -0.500632 0.167338 
 0.129144 -0.497414 0.168703 
 0.117717 -0.497550 0.178973 
 0.104402 -0.494328 0.180340 
 0.091088 -0.491105 0.181707 
 0.077773 -0.487883 0.183073 
 0.062659 -0.481323 0.175527 
 0.045797 -0.471438 0.159061 
 0.036064 -0.474887 0.178256 
 0.015778 -0.458369 0.143947 
 0.000821 -0.451847 0.136384 
 -0.015814 -0.442017 0.119896 
 -0.028988 -0.438829 0.121248 
 -0.043840 -0.432333 0.113675 
 -0.060317 -0.422541 0.097170 
 -0.076724 -0.412766 0.080659 
 -0.091436 -0.406304 0.073071 
 -0.107720 -0.396559 0.056547 
 -0.120755 -0.393404 0.057885 
 -0.133790 -0.390249 0.059222 
 -0.149934 -0.380538 0.042684 
 -0.162934 -0.377392 0.044018 
 -0.175933 -0.374246 0.045352 
 -0.188933 -0.371100 0.046686 
 -0.201933 -0.367953 0.048020 
 -0.214932 -0.364807 0.049355 
 -0.227932 -0.361661 0.050689 
 -0.240932 -0.358515 0.052023 
 -0.253931 -0.355369 0.053357 
 -0.266931 -0.352223 0.054692 
 -0.281311 -0.345841 0.047070 
 -0.294293 -0.342699 0.048402 
 -0.307275 -0.339557 0.049734 
 -0.318930 -0.339638 0.060028 
 -0.331929 -0.336492 0.061363 
 -0.344929 -0.333346 0.062697 
 -0.359204 -0.326989 0.055064 
 -0.455717 -0.196259 -0.271648 
 -0.632244 -0.141928 -0.289921 
 -0.642624 -0.145219 -0.270661 
 -0.654924 -0.142243 -0.269398 
 -0.669038 -0.133023 -0.286145 
 -0.681303 -0.130054 -0.284886 
 -0.693568 -0.127086 -0.283627 
 0.367217 -0.553458 0.093112 
 0.354008 -0.550261 0.094468 
 0.340798 -0.547064 0.095824 
 0.323263 -0.536982 0.079443 
 0.307944 -0.530355 0.071925 
 0.294786 -0.527171 0.073275 
 0.281629 -0.523987 0.074626 
 0.268472 -0.520802 0.075976 
 0.257390 -0.521039 0.086203 
 0.244216 -0.517851 0.087556 
 0.231041 -0.514662 0.088908 
 0.217866 -0.511474 0.090260 
 0.208702 -0.515094 0.109381 
 0.195493 -0.511897 0.110737 
 0.184253 -0.512096 0.120981 
 0.174932 -0.515678 0.140118 
 0.165540 -0.519243 0.159263 
 0.154160 -0.519408 0.169521 
 0.140846 -0.516186 0.170887 
 0.125649 -0.509589 0.163357 
 0.114217 -0.509741 0.173620 
 0.100902 -0.506519 0.174987 
 0.087588 -0.503296 0.176353 
 0.074273 -0.500074 0.177720 
 0.060959 -0.496852 0.179086 
 0.047644 -0.493629 0.180453 
 0.034329 -0.490407 0.181819 
 0.015786 -0.477162 0.156452 
 -0.000926 -0.467279 0.139987 
 -0.015861 -0.460745 0.132429 
 -0.029071 -0.457548 0.133785 
 -0.045626 -0.447703 0.117303 
 -0.060456 -0.441195 0.109735 
 -0.076889 -0.431380 0.093241 
 -0.093251 -0.421582 0.076740 
 -0.107941 -0.415107 0.069158 
 -0.121011 -0.411944 0.070499 
 -0.137216 -0.402184 0.053982 
 -0.153351 -0.392441 0.037457 
 -0.166351 -0.389295 0.038791 
 -0.179351 -0.386149 0.040125 
 -0.192350 -0.383002 0.041460 
 -0.205350 -0.379856 0.042794 
 -0.218350 -0.376710 0.044128 
 -0.231349 -0.373564 0.045462 
 -0.244349 -0.370418 0.046797 
 -0.257349 -0.367271 0.048131 
 -0.270348 -0.364125 0.049465 
 -0.283348 -0.360979 0.050799 
 -0.296347 -0.357833 0.052133 
 -0.309347 -0.354687 0.053468 
 -0.322347 -0.351541 0.054802 
 -0.335346 -0.348394 0.056136 
 -0.348346 -0.345248 0.057470 
 0.350536 -0.562356 0.089157 
 0.339501 -0.562622 0.099372 
 0.326274 -0.559420 0.100730 
 0.313047 -0.556219 0.102087 
 0.297697 -0.549568 0.094580 
 0.286593 -0.549817 0.104802 
 0.271278 -0.543174 0.097291 
 0.258068 -0.539977 0.098647 
 0.244859 -0.536780 0.100003 
 0.231649 -0.533583 0.101359 
 0.218439 -0.530386 0.102715 
 0.207231 -0.530609 0.112948 
 0.194003 -0.527408 0.114305 
 0.180776 -0.524207 0.115663 
 0.171446 -0.527821 0.134786 
 0.163975 -0.534822 0.162801 
 0.150661 -0.531599 0.164167 
 0.137346 -0.528377 0.165534 
 0.124031 -0.525155 0.166901 
 0.110717 -0.521932 0.168267 
 0.101089 -0.525474 0.187420 
 0.087739 -0.522243 0.188791 
 0.074389 -0.519013 0.190161 
 0.057459 -0.509043 0.173733 
 0.044144 -0.505820 0.175100 
 0.030829 -0.502598 0.176466 
 0.015777 -0.496019 0.168928 
 -0.004403 -0.479390 0.134668 
 -0.017630 -0.476189 0.136026 
 -0.032543 -0.469643 0.128474 
 -0.045753 -0.466446 0.129830 
 -0.062264 -0.456578 0.113359 
 -0.077071 -0.450058 0.105796 
 -0.093460 -0.440219 0.089312 
 -0.109778 -0.430397 0.072821 
 -0.122866 -0.427230 0.074165 
 -0.135953 -0.424063 0.075508 
 -0.150586 -0.417585 0.067927 
 -0.169768 -0.401197 0.033565 
 -0.182768 -0.398051 0.034899 
 -0.192781 -0.401500 0.054092 
 -0.205816 -0.398346 0.055430 
 -0.221767 -0.388613 0.038901 
 -0.231885 -0.392036 0.058106 
 -0.244920 -0.388882 0.059444 
 -0.257954 -0.385727 0.060781 
 -0.270989 -0.382573 0.062119 
 -0.286765 -0.372882 0.045573 
 -0.294352 -0.382791 0.082682 
 -0.307421 -0.379628 0.084024 
 -0.319173 -0.379720 0.094312 
 -0.332260 -0.376552 0.095656 
 -0.351763 -0.357151 0.052244 
 0.336025 -0.574733 0.094054 
 0.327104 -0.578480 0.113120 
 0.318114 -0.582211 0.132193 
 0.294225 -0.561663 0.089269 
 0.281015 -0.558466 0.090625 
 0.267806 -0.555269 0.091980 
 0.256662 -0.555525 0.102199 
 0.243435 -0.552324 0.103557 
 0.228177 -0.545678 0.096048 
 0.216981 -0.545922 0.106272 
 0.203754 -0.542720 0.107630 
 0.190527 -0.539519 0.108987 
 0.181221 -0.543174 0.128092 
 0.171846 -0.546812 0.147205 
 0.160475 -0.547013 0.157448 
 0.147161 -0.543791 0.158814 
 0.133846 -0.540568 0.160181 
 0.120532 -0.537346 0.161547 
 0.110929 -0.540928 0.180683 
 0.097580 -0.537697 0.182053 
 0.087872 -0.541255 0.201200 
 0.074487 -0.538016 0.202574 
 0.057531 -0.528005 0.186164 
 0.047718 -0.531537 0.205322 
 0.030832 -0.521543 0.188904 
 0.012281 -0.508194 0.163582 
 -0.007880 -0.491501 0.129350 
 -0.021107 -0.488300 0.130708 
 -0.034334 -0.485098 0.132066 
 -0.049225 -0.478541 0.124519 
 -0.062435 -0.475344 0.125874 
 -0.078901 -0.465452 0.109414 
 -0.096909 -0.452234 0.084037 
 -0.110031 -0.449058 0.085383 
 -0.123154 -0.445882 0.086730 
 -0.136276 -0.442707 0.088077 
 -0.152480 -0.432878 0.071589 
 -0.167091 -0.426389 0.064014 
 -0.180160 -0.423226 0.065355 
 -0.193230 -0.420062 0.066696 
 -0.206300 -0.416899 0.068038 
 -0.222277 -0.407126 0.051527 
 -0.235311 -0.403971 0.052865 
 -0.248346 -0.400817 0.054203 
 -0.261380 -0.397662 0.055541 
 -0.274415 -0.394507 0.056878 
 -0.287450 -0.391353 0.058216 
 -0.297787 -0.394758 0.077428 
 -0.310857 -0.391594 0.078769 
 -0.322613 -0.391703 0.089051 
 -0.335700 -0.388535 0.090394 
 0.323618 -0.590623 0.107788 
 0.321013 -0.604845 0.153394 
 0.303436 -0.594650 0.137063 
 0.290121 -0.591428 0.138429 
 0.274728 -0.584732 0.130941 
 0.257308 -0.574575 0.114594 
 0.239958 -0.564435 0.098239 
 0.230784 -0.568156 0.117316 
 0.217522 -0.564946 0.118677 
 0.208242 -0.568641 0.137765 
 0.194945 -0.565423 0.139130 
 0.183605 -0.565649 0.149361 
 0.170290 -0.562426 0.150728 
 0.160818 -0.566075 0.169835 
 0.147469 -0.562844 0.171205 
 0.134119 -0.559613 0.172576 
 0.124507 -0.563228 0.191698 
 0.111123 -0.559989 0.193072 
 0.097738 -0.556750 0.194445 
 0.087987 -0.560330 0.213581 
 0.074567 -0.557082 0.214959 
 0.061148 -0.553835 0.216336 
 0.047728 -0.550587 0.217713 
 0.034308 -0.547339 0.219091 
 0.017431 -0.537314 0.202688 
 -0.004511 -0.517151 0.159601 
 -0.021196 -0.507172 0.143178 
 -0.037811 -0.497209 0.126747 
 -0.051038 -0.494008 0.128105 
 -0.065907 -0.487439 0.120563 
 -0.079117 -0.484242 0.121919 
 -0.095539 -0.474327 0.105469 
 -0.110303 -0.467783 0.097917 
 -0.121888 -0.467950 0.108173 
 -0.135063 -0.464761 0.109525 
 -0.149774 -0.458230 0.101968 
 -0.165969 -0.448370 0.085495 
 -0.179091 -0.445194 0.086841 
 -0.192213 -0.442018 0.088188 
 -0.208269 -0.432192 0.071700 
 -0.221356 -0.429024 0.073043 
 -0.234443 -0.425857 0.074387 
 -0.247530 -0.422689 0.075730 
 -0.260617 -0.419522 0.077073 
 -0.273704 -0.416355 0.078416 
 -0.286791 -0.413187 0.079759 
 -0.301223 -0.406724 0.072173 
 -0.312966 -0.406853 0.082446 
 -0.326053 -0.403685 0.083789 
 -0.339140 -0.400518 0.085132 
 0.317504 -0.617068 0.148027 
 0.299936 -0.606842 0.131709 
 0.286621 -0.603619 0.133076 
 0.271232 -0.596907 0.125595 
 0.257935 -0.593689 0.126960 
 0.244638 -0.590471 0.128325 
 0.227298 -0.580299 0.111984 
 0.214036 -0.577089 0.113345 
 0.204747 -0.580816 0.132419 
 0.193419 -0.581062 0.142642 
 0.180105 -0.577840 0.144008 
 0.170659 -0.581529 0.163098 
 0.157309 -0.578298 0.164468 
 0.147758 -0.581962 0.183569 
 0.134374 -0.578723 0.184943 
 0.120989 -0.575483 0.186317 
 0.111298 -0.579113 0.205431 
 0.097879 -0.575865 0.206809 
 0.086271 -0.576044 0.217060 
 0.072834 -0.572792 0.218439 
 0.059397 -0.569539 0.219818 
 0.045960 -0.566287 0.221197 
 0.032523 -0.563035 0.222577 
 0.017361 -0.556379 0.215072 
 -0.002886 -0.539528 0.180909 
 -0.019614 -0.529504 0.164506 
 -0.037944 -0.516105 0.139207 
 -0.051206 -0.512895 0.140568 
 -0.064469 -0.509685 0.141929 
 -0.080969 -0.499717 0.125502 
 -0.095798 -0.493140 0.117964 
 -0.109008 -0.489943 0.119320 
 -0.120651 -0.490113 0.129575 
 -0.135427 -0.483549 0.122031 
 -0.148637 -0.480352 0.123387 
 -0.161846 -0.477155 0.124743 
 -0.178050 -0.467258 0.108285 
 -0.191225 -0.464070 0.109637 
 -0.208785 -0.450857 0.084259 
 -0.221907 -0.447682 0.085606 
 -0.235029 -0.444506 0.086953 
 -0.248151 -0.441330 0.088299 
 -0.261273 -0.438154 0.089646 
 -0.274396 -0.434978 0.090993 
 -0.287518 -0.431802 0.092340 
 -0.303319 -0.422003 0.075841 
 -0.316406 -0.418836 0.077184 
 -0.329493 -0.415668 0.078527 
 -0.342580 -0.412501 0.079870 
 0.296436 -0.619033 0.126356 
 0.283121 -0.615810 0.127723 
 0.269807 -0.612588 0.129089 
 0.256492 -0.609365 0.130456 
 0.241143 -0.602646 0.122978 
 0.227846 -0.599428 0.124343 
 0.214549 -0.596210 0.125708 
 0.203234 -0.596476 0.135922 
 0.189919 -0.593253 0.137288 
 0.180499 -0.596983 0.156360 
 0.167150 -0.593752 0.157731 
 0.157625 -0.597456 0.176814 
 0.144240 -0.594217 0.178188 
 0.130855 -0.590978 0.179561 
 0.121190 -0.594648 0.198659 
 0.107771 -0.591400 0.200036 
 0.096176 -0.591599 0.210279 
 0.082739 -0.588347 0.211658 
 0.069302 -0.585095 0.213037 
 0.055865 -0.581843 0.214416 
 0.042428 -0.578591 0.215795 
 0.028991 -0.575339 0.217174 
 0.015554 -0.572087 0.218553 
 -0.002990 -0.558585 0.193299 
 -0.016375 -0.555345 0.194672 
 -0.036429 -0.538473 0.160519 
 -0.049743 -0.535250 0.161886 
 -0.064690 -0.528628 0.154367 
 -0.077987 -0.525410 0.155732 
 -0.091284 -0.522192 0.157097 
 -0.104581 -0.518974 0.158462 
 -0.117878 -0.515756 0.159826 
 -0.137355 -0.499023 0.125614 
 -0.150582 -0.495822 0.126972 
 -0.165319 -0.489250 0.119432 
 -0.178528 -0.486053 0.120787 
 -0.191738 -0.482856 0.122143 
 -0.204948 -0.479659 0.123499 
 -0.221037 -0.469756 0.107045 
 -0.235634 -0.463218 0.099490 
 -0.248791 -0.460034 0.100840 
 -0.261948 -0.456850 0.102191 
 -0.275105 -0.453666 0.103541 
 -0.288262 -0.450481 0.104892 
 -0.301419 -0.447297 0.106242 
 -0.319846 -0.430818 0.071922 
 -0.332933 -0.427651 0.073265 
 0.252992 -0.621556 0.125103 
 0.239678 -0.618334 0.126469 
 0.226363 -0.615112 0.127836 
 0.213049 -0.611889 0.129202 
 0.199734 -0.608667 0.130569 
 0.186419 -0.605445 0.131935 
 0.176990 -0.609206 0.150993 
 0.163640 -0.605975 0.152363 
 0.154106 -0.609712 0.171433 
 0.140722 -0.606472 0.172806 
 0.131082 -0.610183 0.191886 
 0.117663 -0.606935 0.193263 
 0.106081 -0.607154 0.203497 
 0.092644 -0.603902 0.204876 
 0.082812 -0.607566 0.223976 
 0.069340 -0.604306 0.225359 
 0.055868 -0.601045 0.226741 
 0.042396 -0.597785 0.228124 
 0.028924 -0.594524 0.229507 
 0.012022 -0.584390 0.213151 
 -0.003113 -0.577705 0.205659 
 -0.016533 -0.574457 0.207036 
 -0.033278 -0.564361 0.190665 
 -0.046662 -0.561122 0.192038 
 -0.063302 -0.551051 0.175655 
 -0.076652 -0.547820 0.177026 
 -0.086816 -0.551404 0.196160 
 -0.100201 -0.548164 0.197533 
 -0.116701 -0.538127 0.181136 
 -0.134671 -0.524713 0.155845 
 -0.154059 -0.507933 0.121654 
 -0.167286 -0.504732 0.123011 
 -0.180513 -0.501530 0.124369 
 -0.193740 -0.498329 0.125726 
 -0.206967 -0.495128 0.127084 
 -0.221629 -0.488557 0.119544 
 -0.234839 -0.485360 0.120900 
 -0.248049 -0.482163 0.122255 
 -0.261258 -0.478966 0.123611 
 -0.274468 -0.475769 0.124967 
 -0.291721 -0.462528 0.099602 
 -0.304878 -0.459344 0.100952 
 0.209549 -0.624080 0.123849 
 0.186831 -0.624660 0.144256 
 0.173481 -0.621429 0.145626 
 0.163972 -0.625206 0.164678 
 0.140974 -0.625718 0.185113 
 0.129423 -0.625961 0.195336 
 0.115986 -0.622709 0.196715 
 0.102549 -0.619457 0.198095 
 0.092743 -0.623162 0.217177 
 0.079271 -0.619902 0.218559 
 0.065799 -0.616641 0.219942 
 0.052327 -0.613381 0.221325 
 0.038855 -0.610120 0.222708 
 0.025383 -0.606860 0.224090 
 0.011911 -0.603599 0.225473 
 -0.001562 -0.600339 0.226856 
 -0.015033 -0.597078 0.228238 
 -0.031822 -0.586937 0.211886 
 -0.045259 -0.583685 0.213265 
 -0.060319 -0.577001 0.205773 
 -0.073739 -0.573753 0.207150 
 -0.087158 -0.570506 0.208527 
 -0.100578 -0.567258 0.209905 
 -0.120210 -0.550350 0.175769 
 -0.138166 -0.536888 0.150499 
 -0.157536 -0.520044 0.116336 
 -0.172263 -0.513440 0.108810 
 -0.183990 -0.513641 0.119051 
 -0.194286 -0.517227 0.138183 
 -0.210444 -0.507239 0.121766 
 -0.223671 -0.504038 0.123124 
 -0.236898 -0.500836 0.124481 
 -0.250125 -0.497635 0.125839 
 -0.263352 -0.494434 0.127196 
 -0.276580 -0.491233 0.128554 
 0.025288 -0.626141 0.236380 
 0.013487 -0.626342 0.246622 
 -0.001726 -0.619604 0.239153 
 -0.015233 -0.616335 0.240539 
 -0.028740 -0.613066 0.241925 
 -0.042247 -0.609797 0.243311 
 -0.063847 -0.589288 0.200377 
 -0.077266 -0.586041 0.201755 
 -0.090686 -0.582793 0.203132 
 -0.107237 -0.572675 0.186771 
 -0.123719 -0.562573 0.170401 
 -0.137068 -0.559343 0.171771 
 -0.161013 -0.532155 0.111018 
 -0.175736 -0.525535 0.103499 
 -0.187467 -0.525752 0.113733 
 -0.197772 -0.529371 0.132851 
 -0.211034 -0.526161 0.134212 
 -0.227148 -0.516149 0.117805 
 -0.240375 -0.512947 0.119163 
 -0.257775 -0.499568 0.093858 
 -0.270950 -0.496379 0.095210 
 -0.284125 -0.493191 0.096562 
 -0.018783 -0.628702 0.235108 
 -0.032291 -0.625433 0.236495 
 -0.045798 -0.622164 0.237881 
 -0.065760 -0.605039 0.203839 
 -0.079197 -0.601787 0.205218 
 -0.092634 -0.598535 0.206597 
 -0.107633 -0.591832 0.199114 
 -0.121052 -0.588584 0.200491 
 -0.134472 -0.585337 0.201868 
 -0.214520 -0.538304 0.128880 
 -0.227782 -0.535094 0.130241 
 -0.241044 -0.531884 0.131602 
 -0.262625 -0.508222 0.079681 
 -0.275782 -0.505038 0.081031 
 -0.288939 -0.501853 0.082382 
 -0.069292 -0.617343 0.198436 
 -0.082729 -0.614091 0.199816 
 -0.096166 -0.610839 0.201195 
 -0.109603 -0.607587 0.202574 
 -0.124580 -0.600872 0.195096 
 -0.137999 -0.597624 0.196473 
 -0.231268 -0.547237 0.124909 
 -0.244530 -0.544028 0.126270 
 -0.266084 -0.520269 0.074391 
 -0.279241 -0.517084 0.075741 
 -0.292398 -0.513900 0.077092 
 -0.086261 -0.626394 0.194413 
 -0.099698 -0.623142 0.195792 
 -0.113136 -0.619890 0.197171 
 -0.128107 -0.613159 0.189700 
 -0.141527 -0.609911 0.191078 
 