0.251531 0.950960 0.125003 
 0.239036 0.958087 0.120713 
 0.231670 0.964407 0.094320 
 0.219209 0.971514 0.090042 
 0.246082 0.938098 0.119508 
 0.233587 0.945225 0.115218 
 0.221091 0.952351 0.110929 
 0.208596 0.959478 0.106639 
 0.196100 0.966605 0.102350 
 0.183605 0.973731 0.098060 
 0.253128 0.918109 0.118302 
 0.240632 0.925236 0.114013 
 0.228137 0.932363 0.109723 
 0.215642 0.939489 0.105434 
 0.200549 0.946994 0.112176 
 0.190651 0.953743 0.096855 
 0.178155 0.960869 0.092565 
 0.163012 0.968403 0.099290 
 0.150499 0.975539 0.094994 
 0.245142 0.905568 0.123855 
 0.235183 0.912374 0.108518 
 0.222688 0.919501 0.104228 
 0.210192 0.926627 0.099939 
 0.195092 0.934114 0.106673 
 0.185201 0.940881 0.091360 
 0.172706 0.948007 0.087071 
 0.157555 0.955524 0.093787 
 0.145042 0.962660 0.089492 
 0.252198 0.885552 0.122648 
 0.239685 0.892689 0.118352 
 0.229733 0.899512 0.103023 
 0.217238 0.906638 0.098734 
 0.204743 0.913765 0.094444 
 0.189635 0.921234 0.101171 
 0.177123 0.928371 0.096876 
 0.164610 0.935507 0.092580 
 0.152098 0.942644 0.088285 
 0.139585 0.949780 0.083990 
 0.246741 0.872673 0.117145 
 0.234228 0.879809 0.112850 
 0.224284 0.886650 0.097528 
 0.211789 0.893776 0.093239 
 0.199293 0.900903 0.088949 
 0.184178 0.908355 0.095669 
 0.171666 0.915491 0.091373 
 0.159153 0.922628 0.087078 
 0.146641 0.929764 0.082783 
 0.134128 0.936901 0.078487 
 0.256321 0.852408 0.104902 
 0.243825 0.859534 0.100612 
 0.231330 0.866661 0.096323 
 0.218834 0.873788 0.092033 
 0.206339 0.880914 0.087744 
 0.193844 0.888041 0.083454 
 0.178721 0.895475 0.090166 
 0.166209 0.902612 0.085871 
 0.153696 0.909748 0.081575 
 0.141184 0.916884 0.077280 
 0.128671 0.924021 0.072985 
 0.116159 0.931157 0.068689 
 0.250871 0.839545 0.099407 
 0.238376 0.846672 0.095117 
 0.225880 0.853799 0.090828 
 0.213385 0.860926 0.086538 
 0.200889 0.868052 0.082249 
 0.188394 0.875179 0.077959 
 0.175899 0.882306 0.073670 
 0.160752 0.889732 0.080368 
 0.148239 0.896868 0.076073 
 0.135727 0.904005 0.071778 
 0.123214 0.911141 0.067482 
 0.257917 0.819557 0.098201 
 0.245422 0.826683 0.093912 
 0.232926 0.833810 0.089622 
 0.220431 0.840937 0.085333 
 0.207935 0.848063 0.081043 
 0.195440 0.855190 0.076754 
 0.182945 0.862317 0.072464 
 0.170449 0.869444 0.068175 
 0.155295 0.876852 0.074866 
 0.142782 0.883989 0.070571 
 0.130270 0.891125 0.066275 
 0.112337 0.898884 0.083905 
 0.099791 0.906040 0.079598 
 0.249938 0.806881 0.103726 
 0.239972 0.813821 0.088417 
 0.227477 0.820948 0.084128 
 0.214981 0.828075 0.079838 
 0.202486 0.835201 0.075549 
 0.189990 0.842328 0.071259 
 0.177495 0.849455 0.066970 
 0.162350 0.856836 0.073659 
 0.149838 0.863973 0.069364 
 0.131959 0.871657 0.087001 
 0.124813 0.878245 0.060773 
 0.106866 0.885969 0.078387 
 0.094319 0.893125 0.074080 
 0.244481 0.794001 0.098224 
 0.234523 0.800959 0.082922 
 0.222027 0.808086 0.078633 
 0.209532 0.815213 0.074343 
 0.197036 0.822339 0.070054 
 0.184541 0.829466 0.065764 
 0.169406 0.836820 0.072452 
 0.156893 0.843956 0.068156 
 0.139034 0.851586 0.085791 
 0.121105 0.859255 0.103402 
 0.113940 0.865898 0.077177 
 0.101394 0.873054 0.072870 
 0.088847 0.880210 0.068563 
 0.239024 0.781122 0.092721 
 0.226511 0.788258 0.088426 
 0.213999 0.795394 0.084131 
 0.201486 0.802531 0.079835 
 0.188974 0.809667 0.075540 
 0.176461 0.816804 0.071245 
 0.163949 0.823940 0.066949 
 0.146108 0.831516 0.084581 
 0.128200 0.839130 0.102189 
 0.115619 0.846305 0.097870 
 0.108468 0.852983 0.071659 
 0.095922 0.860139 0.067352 
 0.083375 0.867295 0.063045 
 0.241010 0.761353 0.113520 
 0.228463 0.768509 0.109213 
 0.221054 0.775378 0.082924 
 0.208542 0.782515 0.078628 
 0.196029 0.789651 0.074333 
 0.183517 0.796788 0.070038 
 0.171004 0.803924 0.065742 
 0.153183 0.811445 0.083370 
 0.140637 0.818601 0.079063 
 0.122713 0.826180 0.096656 
 0.115543 0.832913 0.070449 
 0.102997 0.840069 0.066142 
 0.095930 0.846743 0.039970 
 0.083417 0.853879 0.035675 
 0.235538 0.748438 0.108002 
 0.222991 0.755594 0.103695 
 0.215597 0.762499 0.077421 
 0.197898 0.769906 0.095081 
 0.185351 0.777062 0.090774 
 0.172805 0.784218 0.086467 
 0.160258 0.791374 0.082160 
 0.147711 0.798530 0.077853 
 0.129807 0.806054 0.095443 
 0.117226 0.813230 0.091124 
 0.104645 0.820405 0.086805 
 0.097525 0.827154 0.060624 
 0.090473 0.833863 0.034468 
 0.077960 0.841000 0.030172 
 0.065448 0.848136 0.025877 
 0.224967 0.735701 0.124461 
 0.217520 0.742680 0.098178 
 0.204973 0.749835 0.093871 
 0.192426 0.756991 0.089564 
 0.179880 0.764147 0.085257 
 0.167333 0.771303 0.080949 
 0.149482 0.778753 0.098548 
 0.136901 0.785929 0.094229 
 0.124320 0.793104 0.089910 
 0.111739 0.800280 0.085591 
 0.099158 0.807455 0.081272 
 0.092053 0.814239 0.055107 
 0.087770 0.820778 0.018048 
 0.075275 0.827905 0.013758 
 0.059991 0.835256 0.020375 
 0.216923 0.722822 0.129908 
 0.206899 0.729926 0.114609 
 0.194318 0.737102 0.110291 
 0.181738 0.744277 0.105972 
 0.169157 0.751453 0.101653 
 0.156576 0.758628 0.097334 
 0.143995 0.765803 0.093015 
 0.131414 0.772979 0.088696 
 0.118833 0.780154 0.084378 
 0.103541 0.787489 0.090986 
 0.093671 0.794505 0.075740 
 0.086581 0.801324 0.049589 
 0.082321 0.807916 0.012553 
 0.069826 0.815042 0.008263 
 0.211429 0.709854 0.124368 
 0.198831 0.717039 0.120044 
 0.186233 0.724225 0.115719 
 0.173635 0.731410 0.111394 
 0.161037 0.738595 0.107070 
 0.148439 0.745780 0.102745 
 0.135841 0.752965 0.098420 
 0.123243 0.760151 0.094096 
 0.110645 0.767336 0.089771 
 0.098047 0.774521 0.085446 
 0.088185 0.781555 0.070208 
 0.075604 0.788731 0.065889 
 0.063023 0.795906 0.061570 
 0.064376 0.802180 0.002768 
 0.205935 0.696887 0.118828 
 0.193337 0.704072 0.114504 
 0.180739 0.711257 0.110179 
 0.168141 0.718442 0.105854 
 0.155543 0.725627 0.101530 
 0.142945 0.732812 0.097205 
 0.130347 0.739998 0.092880 
 0.117749 0.747183 0.088556 
 0.105151 0.754368 0.084231 
 0.092553 0.761553 0.079906 
 0.082698 0.768605 0.064675 
 0.070117 0.775781 0.060356 
 0.057536 0.782956 0.056037 
 0.213038 0.676734 0.117613 
 0.195282 0.683956 0.135204 
 0.182650 0.691160 0.130867 
 0.175244 0.698289 0.104639 
 0.162646 0.705474 0.100314 
 0.150048 0.712660 0.095990 
 0.137451 0.719845 0.091665 
 0.124853 0.727030 0.087340 
 0.112255 0.734215 0.083016 
 0.099657 0.741400 0.078691 
 0.087059 0.748586 0.074366 
 0.074461 0.755771 0.070041 
 0.056328 0.763207 0.087503 
 0.043696 0.770412 0.083166 
 0.202405 0.663748 0.133985 
 0.189772 0.670953 0.129648 
 0.177140 0.678157 0.125312 
 0.169750 0.685322 0.099099 
 0.151876 0.692567 0.116639 
 0.139244 0.699772 0.112303 
 0.131956 0.706877 0.086125 
 0.113980 0.714181 0.103630 
 0.101347 0.721386 0.099293 
 0.088715 0.728590 0.094957 
 0.076083 0.735795 0.090621 
 0.063451 0.743000 0.086284 
 0.050819 0.750204 0.081948 
 0.038187 0.757409 0.077611 
 0.196895 0.650745 0.128430 
 0.184263 0.657950 0.124093 
 0.171631 0.665154 0.119757 
 0.158999 0.672359 0.115421 
 0.146367 0.679564 0.111084 
 0.133735 0.686769 0.106748 
 0.121103 0.693973 0.102411 
 0.108470 0.701178 0.098075 
 0.095838 0.708383 0.093738 
 0.083206 0.715587 0.089402 
 0.070574 0.722792 0.085066 
 0.057942 0.729997 0.080729 
 0.045310 0.737201 0.076393 
 0.032678 0.744406 0.072056 
 0.204018 0.630538 0.127211 
 0.191386 0.637742 0.122875 
 0.178754 0.644947 0.118538 
 0.166122 0.652152 0.114202 
 0.153490 0.659356 0.109866 
 0.140858 0.666561 0.105529 
 0.128226 0.673766 0.101193 
 0.115593 0.680971 0.096856 
 0.102961 0.688175 0.092520 
 0.087608 0.695414 0.099077 
 0.074958 0.702628 0.094735 
 0.062309 0.709843 0.090393 
 0.044114 0.717183 0.107804 
 0.031431 0.724417 0.103450 
 0.198509 0.617535 0.121656 
 0.185877 0.624739 0.117320 
 0.173245 0.631944 0.112983 
 0.160613 0.639149 0.108647 
 0.147981 0.646354 0.104310 
 0.135349 0.653558 0.099974 
 0.122716 0.660763 0.095638 
 0.110084 0.667968 0.091301 
 0.097452 0.675172 0.086965 
 0.082091 0.682393 0.093515 
 0.063950 0.689659 0.110934 
 0.051266 0.696893 0.106580 
 0.038583 0.704127 0.102226 
 0.025899 0.711361 0.097872 
 0.203067 0.597228 0.131375 
 0.193000 0.604532 0.116101 
 0.180368 0.611737 0.111765 
 0.167736 0.618941 0.107428 
 0.155104 0.626146 0.103092 
 0.142472 0.633351 0.098755 
 0.129839 0.640555 0.094419 
 0.117207 0.647760 0.090083 
 0.104575 0.654965 0.085746 
 0.089224 0.662158 0.092295 
 0.071102 0.669370 0.109711 
 0.058418 0.676604 0.105357 
 0.042964 0.683856 0.111870 
 0.030264 0.691099 0.107510 
 0.017563 0.698343 0.103150 
 0.184901 0.591422 0.121470 
 0.172252 0.598637 0.117128 
 0.159603 0.605851 0.112786 
 0.146953 0.613066 0.108443 
 0.134304 0.620280 0.104101 
 0.121655 0.627494 0.099759 
 0.109006 0.634709 0.095417 
 0.090937 0.641846 0.112841 
 0.078254 0.649080 0.108487 
 0.062826 0.656295 0.115004 
 0.050126 0.663539 0.110645 
 0.037425 0.670783 0.106285 
 0.024725 0.678026 0.101925 
 0.012024 0.685270 0.097565 
 0.174189 0.578153 0.137742 
 0.166735 0.585616 0.111566 
 0.154086 0.592831 0.107223 
 0.141437 0.600045 0.102881 
 0.123456 0.607089 0.120326 
 0.110772 0.614323 0.115972 
 0.098089 0.621557 0.111618 
 0.085405 0.628791 0.107264 
 0.072722 0.636025 0.102909 
 0.057287 0.643222 0.109419 
 0.044587 0.650466 0.105059 
 0.031886 0.657709 0.100700 
 0.019186 0.664953 0.096340 
 0.006485 0.672197 0.091980 
 0.166053 0.564956 0.143073 
 0.155974 0.572331 0.127810 
 0.143291 0.579565 0.123456 
 0.130608 0.586799 0.119102 
 0.117924 0.594033 0.114748 
 0.105241 0.601267 0.110394 
 0.092557 0.608501 0.106040 
 0.077149 0.615661 0.112554 
 0.064449 0.622905 0.108194 
 0.046231 0.630040 0.125548 
 0.033496 0.637303 0.121176 
 0.020761 0.644567 0.116804 
 0.008027 0.651830 0.112433 
 -0.004708 0.659093 0.108061 
 0.160514 0.551882 0.137488 
 0.147814 0.559126 0.133128 
 0.135113 0.566370 0.128768 
 0.122413 0.573613 0.124409 
 0.109712 0.580857 0.120049 
 0.097011 0.588101 0.115689 
 0.084311 0.595344 0.111329 
 0.071610 0.602588 0.106969 
 0.058910 0.609832 0.102609 
 0.040677 0.616932 0.119947 
 0.027942 0.624195 0.115576 
 0.015207 0.631458 0.111204 
 -0.003162 0.638636 0.128495 
 -0.015931 0.645919 0.124112 
 0.154975 0.538809 0.131903 
 0.142275 0.546053 0.127543 
 0.129574 0.553296 0.123183 
 0.116874 0.560540 0.118823 
 0.104173 0.567784 0.114464 
 0.091473 0.575028 0.110104 
 0.078772 0.582271 0.105744 
 0.066071 0.589515 0.101384 
 0.053371 0.596759 0.097024 
 0.035123 0.603823 0.114347 
 0.022388 0.611087 0.109976 
 0.009654 0.618350 0.105604 
 -0.003081 0.625613 0.101232 
 -0.015816 0.632876 0.096861 
 -0.028551 0.640139 0.092489 
 0.144181 0.525346 0.148092 
 0.131447 0.532609 0.143720 
 0.118712 0.539873 0.139349 
 0.105977 0.547136 0.134977 
 0.093243 0.554399 0.130605 
 0.080508 0.561662 0.126234 
 0.067773 0.568925 0.121862 
 0.055038 0.576189 0.117490 
 0.042304 0.583452 0.113119 
 0.029569 0.590715 0.108747 
 0.016834 0.597978 0.104375 
 0.004100 0.605241 0.100004 
 -0.008635 0.612504 0.095632 
 -0.021370 0.619768 0.091261 
 -0.034104 0.627031 0.086889 
 0.138628 0.512238 0.142492 
 0.125893 0.519501 0.138120 
 0.113158 0.526764 0.133748 
 0.100424 0.534028 0.129377 
 0.087689 0.541291 0.125005 
 0.074954 0.548554 0.120634 
 0.062219 0.555817 0.116262 
 0.049485 0.563080 0.111890 
 0.036750 0.570343 0.107519 
 0.024015 0.577607 0.103147 
 0.011281 0.584870 0.098775 
 -0.001454 0.592133 0.094404 
 -0.014189 0.599396 0.090032 
 -0.026924 0.606659 0.085660 
 0.133074 0.499129 0.136892 
 0.120339 0.506393 0.132520 
 0.107604 0.513656 0.128148 
 0.094870 0.520919 0.123777 
 0.082135 0.528182 0.119405 
 0.069400 0.535445 0.115033 
 0.056665 0.542709 0.110662 
 0.043931 0.549972 0.106290 
 0.031196 0.557235 0.101918 
 0.018461 0.564498 0.097547 
 0.005727 0.571761 0.093175 
 -0.007008 0.579025 0.088803 
 -0.025437 0.586062 0.106034 
 -0.038206 0.593345 0.101651 
 0.127520 0.486021 0.131291 
 0.114785 0.493284 0.126920 
 0.102050 0.500547 0.122548 
 0.089316 0.507811 0.118176 
 0.076581 0.515074 0.113805 
 0.063846 0.522337 0.109433 
 0.051112 0.529600 0.105062 
 0.032838 0.536505 0.122336 
 0.025642 0.544127 0.096318 
 0.012907 0.551390 0.091947 
 0.000173 0.558653 0.087575 
 -0.012562 0.565916 0.083203 
 -0.031006 0.572918 0.100419 
 -0.043775 0.580201 0.096036 
 0.134701 0.465649 0.130063 
 0.121966 0.472913 0.125691 
 0.109231 0.480176 0.121320 
 0.096497 0.487439 0.116948 
 0.083762 0.494702 0.112576 
 0.071027 0.501965 0.108205 
 0.052807 0.508796 0.125488 
 0.040038 0.516079 0.121104 
 0.027270 0.523361 0.116721 
 0.020088 0.531018 0.090718 
 0.007354 0.538281 0.086346 
 -0.005381 0.545545 0.081975 
 -0.018116 0.552808 0.077603 
 0.129147 0.452541 0.124463 
 0.116412 0.459804 0.120091 
 0.098314 0.466521 0.137406 
 0.090943 0.474331 0.111348 
 0.078208 0.481594 0.106976 
 0.065473 0.488857 0.102605 
 0.047239 0.495652 0.119872 
 0.034470 0.502935 0.115489 
 0.021701 0.510218 0.111106 
 0.008932 0.517500 0.106722 
 -0.003837 0.524783 0.102339 
 -0.016606 0.532066 0.097956 
 0.118283 0.438812 0.140557 
 0.105514 0.446095 0.136174 
 0.092745 0.453378 0.131791 
 0.085389 0.461222 0.105748 
 0.072654 0.468485 0.101376 
 0.059919 0.475749 0.097004 
 0.041670 0.482509 0.114257 
 0.028901 0.489791 0.109874 
 0.016132 0.497074 0.105490 
 0.003363 0.504357 0.101107 
 -0.009406 0.511639 0.096724 
 -0.022175 0.518922 0.092340 
 0.283057 0.378360 -0.123939 
 0.273292 0.385776 -0.139045 
 0.261002 0.392785 -0.143264 
 0.248711 0.399795 -0.147483 
 0.112714 0.425669 0.134942 
 0.099946 0.432952 0.130559 
 0.087177 0.440234 0.126176 
 0.074408 0.447517 0.121792 
 0.061639 0.454800 0.117409 
 0.048870 0.462082 0.113025 
 0.036101 0.469365 0.108642 
 0.023332 0.476648 0.104259 
 0.010563 0.483930 0.099875 
 -0.005022 0.490973 0.106279 
 -0.017808 0.498266 0.101890 
 -0.030594 0.505558 0.097501 
 0.309801 0.352981 -0.153575 
 0.292512 0.359105 -0.136011 
 0.277689 0.365692 -0.129351 
 0.265382 0.372711 -0.133576 
 0.253074 0.379731 -0.137801 
 0.240767 0.386750 -0.142026 
 0.107146 0.412525 0.129327 
 0.094377 0.419808 0.124944 
 0.078904 0.426765 0.131381 
 0.068839 0.434373 0.116177 
 0.056070 0.441656 0.111794 
 0.043301 0.448939 0.107410 
 0.030532 0.456221 0.103027 
 0.017763 0.463504 0.098643 
 0.004994 0.470787 0.094260 
 -0.007774 0.478070 0.089877 
 -0.020543 0.485352 0.085493 
 -0.033312 0.492635 0.081110 
 0.324023 0.325425 -0.128759 
 0.316712 0.333375 -0.154757 
 0.299443 0.339445 -0.137197 
 0.287152 0.346454 -0.141416 
 0.272322 0.353023 -0.134763 
 0.260014 0.360043 -0.138988 
 0.250282 0.367483 -0.154073 
 0.235400 0.374082 -0.147438 
 0.223092 0.381101 -0.151663 
 0.088808 0.406664 0.119328 
 0.073328 0.413604 0.125758 
 0.060542 0.420896 0.121369 
 0.047756 0.428189 0.116980 
 0.037732 0.435795 0.101795 
 0.024963 0.443078 0.097412 
 0.009398 0.450066 0.103812 
 -0.003388 0.457358 0.099423 
 -0.016174 0.464651 0.095034 
 -0.034657 0.471412 0.112177 
 -0.047477 0.478724 0.107776 
 0.323622 0.313769 -0.155939 
 0.311366 0.320759 -0.160147 
 0.299110 0.327749 -0.164354 
 0.281792 0.333803 -0.146821 
 0.269502 0.340813 -0.151040 
 0.257212 0.347823 -0.155259 
 0.244922 0.354832 -0.159478 
 0.232631 0.361842 -0.163697 
 0.220341 0.368852 -0.167916 
 0.205417 0.375452 -0.161300 
 0.193110 0.382471 -0.165525 
 0.180803 0.389491 -0.169750 
 0.093323 0.385858 0.128914 
 0.080537 0.393150 0.124525 
 0.062313 0.399721 0.141747 
 0.054965 0.407735 0.115746 
 0.042179 0.415027 0.111357 
 0.029393 0.422320 0.106968 
 0.016607 0.429612 0.102579 
 0.003821 0.436905 0.098189 
 -0.014608 0.443592 0.115341 
 -0.027428 0.450904 0.110940 
 -0.040248 0.458216 0.106539 
 -0.058813 0.464982 0.123644 
 0.325593 0.293114 -0.135349 
 0.313303 0.300123 -0.139568 
 0.301013 0.307133 -0.143787 
 0.288723 0.314143 -0.148006 
 0.276432 0.321152 -0.152225 
 0.264142 0.328162 -0.156444 
 0.251852 0.335172 -0.160663 
 0.239561 0.342182 -0.164883 
 0.227271 0.349191 -0.169102 
 0.214981 0.356201 -0.173321 
 0.200050 0.362783 -0.166712 
 0.187742 0.369803 -0.170937 
 0.175435 0.376822 -0.175162 
 0.087747 0.372696 0.123291 
 0.069542 0.379212 0.140511 
 0.056722 0.386524 0.136110 
 0.043902 0.393836 0.131709 
 0.031082 0.401148 0.127308 
 0.018262 0.408460 0.122907 
 0.005442 0.415772 0.118506 
 -0.007379 0.423084 0.114105 
 -0.025856 0.429756 0.131229 
 -0.038711 0.437087 0.126817 
 -0.051565 0.444419 0.122404 
 -0.064420 0.451750 0.117991 
 0.317756 0.279920 -0.129875 
 0.307943 0.287472 -0.144973 
 0.295653 0.294482 -0.149192 
 0.283362 0.301492 -0.153411 
 0.271072 0.308501 -0.157630 
 0.258782 0.315511 -0.161849 
 0.246492 0.322521 -0.166068 
 0.234201 0.329531 -0.170287 
 0.221911 0.336540 -0.174506 
 0.206990 0.343095 -0.167900 
 0.194682 0.350115 -0.172125 
 0.182375 0.357134 -0.176349 
 0.164702 0.363303 -0.158958 
 0.152361 0.370342 -0.163194 
 0.063951 0.366016 0.134873 
 0.051131 0.373328 0.130472 
 0.038311 0.380640 0.126071 
 0.025491 0.387952 0.121670 
 0.012671 0.395264 0.117269 
 -0.005754 0.401861 0.134402 
 -0.018608 0.409193 0.129989 
 -0.031463 0.416524 0.125577 
 -0.044317 0.423856 0.121164 
 -0.060042 0.430869 0.127495 
 -0.072913 0.438210 0.123076 
 0.307419 0.266132 -0.113545 
 0.300081 0.274271 -0.139512 
 0.290293 0.281831 -0.154597 
 0.278002 0.288841 -0.158816 
 0.265712 0.295851 -0.163035 
 0.253422 0.302860 -0.167254 
 0.241132 0.309870 -0.171473 
 0.228841 0.316880 -0.175692 
 0.216551 0.323889 -0.179911 
 0.201622 0.330427 -0.173312 
 0.189315 0.337446 -0.177537 
 0.177007 0.344466 -0.181762 
 0.159320 0.350599 -0.164385 
 0.152393 0.358505 -0.190212 
 0.058360 0.352819 0.129235 
 0.040058 0.359304 0.146400 
 0.027203 0.366635 0.141987 
 0.014349 0.373967 0.137575 
 0.001494 0.381298 0.133162 
 -0.011360 0.388630 0.128749 
 -0.024214 0.395961 0.124337 
 -0.039912 0.402937 0.130672 
 -0.052784 0.410279 0.126253 
 -0.071411 0.416948 0.143307 
 -0.084317 0.424309 0.138877 
 0.302036 0.253428 -0.118972 
 0.294714 0.261603 -0.144924 
 0.284933 0.269180 -0.160001 
 0.272642 0.276190 -0.164220 
 0.260352 0.283200 -0.168439 
 0.253217 0.291267 -0.194327 
 0.235772 0.297219 -0.176878 
 0.223481 0.304229 -0.181097 
 0.211191 0.311238 -0.185316 
 0.196255 0.317758 -0.178724 
 0.183947 0.324778 -0.182949 
 0.171640 0.331797 -0.187174 
 0.153938 0.337895 -0.169812 
 0.147025 0.345836 -0.195624 
 0.134718 0.352856 -0.199849 
 0.034451 0.346072 0.140747 
 0.021597 0.353404 0.136335 
 0.008743 0.360735 0.131922 
 -0.004112 0.368067 0.127509 
 -0.016966 0.375398 0.123097 
 -0.032654 0.382347 0.129430 
 -0.045526 0.389688 0.125012 
 -0.058397 0.397029 0.120593 
 -0.079925 0.403310 0.148361 
 -0.098653 0.409994 0.165370 
 -0.111610 0.417384 0.160922 
 0.306513 0.233081 -0.109301 
 0.296654 0.240724 -0.124399 
 0.289346 0.248934 -0.150337 
 0.277039 0.255954 -0.154562 
 0.264731 0.262973 -0.158787 
 0.254992 0.270549 -0.173844 
 0.242702 0.277558 -0.178063 
 0.230411 0.284568 -0.182282 
 0.218121 0.291578 -0.186501 
 0.205831 0.298587 -0.190720 
 0.190887 0.305090 -0.184136 
 0.178580 0.312109 -0.188361 
 0.166272 0.319129 -0.192586 
 0.148555 0.325192 -0.175239 
 0.141658 0.333168 -0.201036 
 0.041700 0.325509 0.139507 
 0.028845 0.332841 0.135095 
 0.015991 0.340172 0.130682 
 0.003137 0.347504 0.126269 
 -0.009718 0.354835 0.121856 
 -0.025397 0.361757 0.128188 
 -0.038268 0.369098 0.123770 
 -0.051139 0.376439 0.119351 
 -0.069763 0.383019 0.136387 
 -0.085561 0.390009 0.142678 
 -0.098484 0.397379 0.138242 
 -0.117261 0.404047 0.155224 
 0.301123 0.220359 -0.114735 
 0.291271 0.228021 -0.129826 
 0.278930 0.235060 -0.134063 
 0.271671 0.243285 -0.159974 
 0.259364 0.250305 -0.164199 
 0.249632 0.257898 -0.179249 
 0.237342 0.264907 -0.183468 
 0.225051 0.271917 -0.187687 
 0.212761 0.278927 -0.191906 
 0.200471 0.285937 -0.196125 
 0.185520 0.292421 -0.189548 
 0.173212 0.299441 -0.193773 
 0.160905 0.306460 -0.197998 
 0.143173 0.312488 -0.180667 
 0.130831 0.319527 -0.184903 
 0.036094 0.312278 0.133855 
 0.023239 0.319609 0.129442 
 0.010385 0.326941 0.125029 
 -0.002469 0.334272 0.120616 
 -0.015324 0.341604 0.116204 
 -0.031010 0.348507 0.122528 
 -0.043882 0.355849 0.118109 
 -0.062485 0.362374 0.135142 
 -0.075391 0.369734 0.130712 
 -0.091197 0.376707 0.136995 
 -0.104120 0.384077 0.132559 
 0.295733 0.207638 -0.120170 
 0.285889 0.215317 -0.135254 
 0.273547 0.222356 -0.139490 
 0.266304 0.230617 -0.165386 
 0.253996 0.237636 -0.169611 
 0.244272 0.245247 -0.184654 
 0.231982 0.252257 -0.188873 
 0.219691 0.259266 -0.193092 
 0.207401 0.266276 -0.197311 
 0.192459 0.272733 -0.190736 
 0.180152 0.279753 -0.194961 
 0.167845 0.286772 -0.199186 
 0.150132 0.292745 -0.181857 
 0.137790 0.299784 -0.186094 
 0.125449 0.306823 -0.190330 
 0.041504 0.301022 0.085166 
 0.017633 0.306378 0.123789 
 0.004779 0.313709 0.119376 
 -0.008075 0.321041 0.114964 
 -0.023752 0.327917 0.121286 
 -0.036624 0.335258 0.116868 
 -0.049495 0.342600 0.112449 
 -0.068114 0.349089 0.129467 
 -0.081020 0.356450 0.125036 
 -0.096833 0.363405 0.131312 
 -0.109756 0.370775 0.126876 
 0.292848 0.195574 -0.136444 
 0.280506 0.202613 -0.140681 
 0.268165 0.209652 -0.144918 
 0.260936 0.217948 -0.170798 
 0.248629 0.224967 -0.175023 
 0.238912 0.232596 -0.190058 
 0.226622 0.239606 -0.194277 
 0.214331 0.246615 -0.198496 
 0.202041 0.253625 -0.202715 
 0.189751 0.260635 -0.206935 
 0.174785 0.267084 -0.200373 
 0.162477 0.274104 -0.204598 
 0.144749 0.280042 -0.187284 
 0.132408 0.287081 -0.191521 
 0.117322 0.293598 -0.185001 
 0.104963 0.300647 -0.189243 
 0.012027 0.293146 0.118136 
 -0.000827 0.300478 0.113724 
 -0.013681 0.307809 0.109311 
 -0.029366 0.314668 0.115626 
 -0.042237 0.322009 0.111208 
 -0.060837 0.328444 0.128222 
 -0.073742 0.335805 0.123791 
 -0.089546 0.342732 0.130065 
 -0.102469 0.350103 0.125629 
 -0.121256 0.356645 0.142578 
 0.299807 0.175832 -0.137635 
 0.287466 0.182871 -0.141871 
 0.280183 0.191241 -0.167761 
 0.262783 0.196949 -0.150345 
 0.255569 0.205280 -0.176211 
 0.243261 0.212299 -0.180435 
 0.233552 0.219945 -0.195463 
 0.221261 0.226955 -0.199682 
 0.208971 0.233964 -0.203901 
 0.196681 0.240974 -0.208120 
 0.181724 0.247396 -0.201560 
 0.169417 0.254416 -0.205785 
 0.157110 0.261435 -0.210010 
 0.139367 0.267338 -0.192712 
 0.127025 0.274377 -0.196948 
 0.032130 0.265252 0.121309 
 0.019276 0.272583 0.116896 
 0.003635 0.279395 0.123222 
 -0.009236 0.286736 0.118803 
 -0.022108 0.294078 0.114384 
 -0.034979 0.301419 0.109966 
 -0.053559 0.307799 0.126977 
 -0.069336 0.314689 0.133255 
 -0.082259 0.322060 0.128819 
 -0.095182 0.329430 0.124383 
 -0.113950 0.335918 0.141329 
 -0.126907 0.343308 0.136881 
 0.294425 0.163128 -0.143062 
 0.282083 0.170167 -0.147299 
 0.269742 0.177206 -0.151535 
 0.262508 0.185592 -0.177398 
 0.250201 0.192611 -0.181623 
 0.237894 0.199630 -0.185848 
 0.228192 0.207294 -0.200868 
 0.215901 0.214304 -0.205087 
 0.203611 0.221313 -0.209306 
 0.188664 0.227708 -0.202747 
 0.176357 0.234728 -0.206972 
 0.164050 0.241747 -0.211197 
 0.151742 0.248767 -0.215422 
 0.133984 0.254634 -0.198139 
 0.121643 0.261673 -0.202376 
 0.026524 0.252020 0.115656 
 0.013669 0.259352 0.111244 
 -0.001978 0.266146 0.117561 
 -0.014850 0.273487 0.113143 
 -0.033377 0.279793 0.130162 
 -0.046282 0.287154 0.125732 
 -0.062050 0.294017 0.132008 
 -0.074972 0.301388 0.127572 
 -0.087895 0.308758 0.123136 
 -0.106644 0.315191 0.140079 
 -0.119601 0.322581 0.135631 
 -0.132558 0.329971 0.131183 
 0.281512 0.148263 -0.116021 
 0.276701 0.157463 -0.152726 
 0.264359 0.164502 -0.156963 
 0.252018 0.171541 -0.161199 
 0.244833 0.179942 -0.187035 
 0.232526 0.186962 -0.191260 
 0.220219 0.193981 -0.195485 
 0.210541 0.201653 -0.210491 
 0.198251 0.208662 -0.214711 
 0.183297 0.215040 -0.208160 
 0.170989 0.222059 -0.212385 
 0.158682 0.229078 -0.216610 
 0.146375 0.236098 -0.220835 
 0.134067 0.243117 -0.225060 
 0.121760 0.250137 -0.229284 
 0.020918 0.238789 0.110003 
 0.005280 0.245556 0.116320 
 -0.007592 0.252897 0.111901 
 -0.026099 0.259149 0.128917 
 -0.039005 0.266509 0.124487 
 -0.051911 0.273870 0.120056 
 -0.067686 0.280715 0.126326 
 -0.086381 0.287074 0.143277 
 -0.099338 0.294464 0.138829 
 -0.112295 0.301854 0.134381 
 -0.131127 0.308291 0.151285 
 -0.144118 0.315700 0.146826 
 0.288500 0.128439 -0.117217 
 0.276107 0.135507 -0.121471 
 0.268783 0.144031 -0.147344 
 0.256425 0.151080 -0.151587 
 0.246635 0.158837 -0.166627 
 0.234294 0.165876 -0.170863 
 0.227159 0.174293 -0.196672 
 0.214851 0.181313 -0.200897 
 0.202544 0.188332 -0.205122 
 0.190237 0.195352 -0.209347 
 0.177929 0.202371 -0.213572 
 0.165622 0.209391 -0.217797 
 0.153314 0.216410 -0.222022 
 0.141007 0.223429 -0.226247 
 0.128700 0.230449 -0.230472 
 0.116392 0.237468 -0.234697 
 0.020860 0.226740 0.082896 
 -0.005917 0.231143 0.132102 
 -0.018822 0.238504 0.127672 
 -0.034553 0.245302 0.133951 
 -0.047476 0.252672 0.129515 
 -0.060399 0.260043 0.125079 
 -0.079075 0.266347 0.142027 
 -0.092032 0.273737 0.137579 
 -0.104989 0.281127 0.133131 
 -0.117946 0.288517 0.128683 
 -0.136793 0.294918 0.145572 
 -0.149784 0.302328 0.141113 
 0.285523 0.105514 -0.075134 
 0.283095 0.115682 -0.122667 
 0.275752 0.124261 -0.148536 
 0.263394 0.131310 -0.152779 
 0.251035 0.138359 -0.157021 
 0.241253 0.146134 -0.172054 
 0.228911 0.153172 -0.176291 
 0.221791 0.161625 -0.202084 
 0.209484 0.168644 -0.206309 
 0.197176 0.175664 -0.210534 
 0.184869 0.182683 -0.214759 
 0.172562 0.189703 -0.218984 
 0.160254 0.196722 -0.223209 
 0.147947 0.203741 -0.227434 
 0.135640 0.210761 -0.231659 
 0.123332 0.217780 -0.235884 
 0.111025 0.224800 -0.240109 
 0.009706 0.212325 0.098698 
 -0.005947 0.219057 0.104999 
 -0.024451 0.225219 0.121997 
 -0.040189 0.232000 0.128268 
 -0.053112 0.239370 0.123832 
 -0.066035 0.246741 0.119396 
 -0.090494 0.251908 0.157698 
 -0.103485 0.259318 0.153238 
 -0.116476 0.266727 0.148779 
 -0.129467 0.274137 0.144319 
 -0.142459 0.281546 0.139859 
 -0.155450 0.288956 0.135400 
 0.410217 -0.012576 0.127432 
 0.397516 -0.005332 0.123072 
 0.384816 0.001912 0.118712 
 0.305236 0.067257 -0.013633 
 0.292690 0.074413 -0.017940 
 0.285106 0.083173 -0.043883 
 0.280089 0.092687 -0.080614 
 0.275175 0.102143 -0.117310 
 0.265297 0.109994 -0.132371 
 0.258004 0.118589 -0.158214 
 0.245645 0.125637 -0.162456 
 0.235870 0.133430 -0.177481 
 0.223529 0.140469 -0.181718 
 0.216424 0.148956 -0.207497 
 0.204116 0.155976 -0.211722 
 0.191809 0.162995 -0.215947 
 0.179502 0.170015 -0.220171 
 0.167194 0.177034 -0.224396 
 0.154887 0.184053 -0.228621 
 0.142579 0.191073 -0.232846 
 0.130272 0.198092 -0.237071 
 0.117965 0.205112 -0.241296 
 0.105657 0.212131 -0.245521 
 0.001310 0.198467 0.103757 
 -0.017173 0.204574 0.120752 
 -0.032902 0.211328 0.127022 
 -0.045825 0.218698 0.122586 
 -0.058748 0.226068 0.118149 
 -0.077420 0.232283 0.135079 
 -0.096160 0.238536 0.151985 
 -0.109151 0.245945 0.147525 
 -0.122142 0.253355 0.143066 
 -0.135133 0.260764 0.138606 
 -0.148124 0.268174 0.134147 
 -0.161115 0.275583 0.129687 
 0.432328 -0.039180 0.119674 
 0.419645 -0.031946 0.115320 
 0.404678 -0.025649 0.121847 
 0.394278 -0.017478 0.106612 
 0.381595 -0.010244 0.102258 
 0.368911 -0.003010 0.097904 
 0.353876 0.003326 0.104407 
 0.353903 0.050337 -0.140542 
 0.334249 0.054828 -0.112295 
 0.319402 0.061057 -0.105727 
 0.306992 0.068135 -0.109987 
 0.294582 0.075213 -0.114248 
 0.277160 0.080671 -0.096898 
 0.269762 0.089369 -0.122768 
 0.264973 0.098819 -0.159406 
 0.252614 0.105867 -0.163648 
 0.240255 0.112916 -0.167891 
 0.230488 0.120726 -0.182908 
 0.218146 0.127765 -0.187145 
 0.211056 0.136288 -0.212909 
 0.198749 0.143307 -0.217134 
 0.186441 0.150327 -0.221359 
 0.174134 0.157346 -0.225584 
 0.161827 0.164365 -0.229809 
 0.149519 0.171385 -0.234034 
 0.137212 0.178404 -0.238259 
 0.119414 0.184077 -0.221039 
 0.112597 0.192443 -0.246708 
 0.100290 0.199463 -0.250933 
 -0.009896 0.183929 0.119507 
 -0.025615 0.190655 0.125775 
 -0.038538 0.198026 0.121339 
 -0.051461 0.205396 0.116903 
 -0.064384 0.212766 0.112467 
 -0.083070 0.218946 0.129381 
 -0.101826 0.225164 0.146272 
 -0.117733 0.231997 0.152476 
 -0.127808 0.239983 0.137353 
 -0.140799 0.247392 0.132893 
 -0.153790 0.254801 0.128434 
 -0.166781 0.262211 0.123974 
 0.487729 -0.050808 -0.051543 
 0.470839 -0.045698 -0.034021 
 0.426797 -0.052236 0.114097 
 0.418662 -0.043073 0.087984 
 0.406012 -0.035859 0.083642 
 0.395671 -0.027700 0.068432 
 0.383039 -0.020495 0.064096 
 0.375092 -0.011440 0.038049 
 0.362494 -0.004255 0.033724 
 0.360863 0.030594 -0.141732 
 0.346093 0.036756 -0.135143 
 0.333734 0.043805 -0.139385 
 0.316452 0.049140 -0.121999 
 0.304059 0.056208 -0.126253 
 0.289170 0.062439 -0.119705 
 0.276760 0.069517 -0.123965 
 0.264350 0.076595 -0.128225 
 0.259583 0.086097 -0.164841 
 0.247224 0.093146 -0.169083 
 0.234865 0.100195 -0.173326 
 0.222507 0.107243 -0.177568 
 0.212764 0.115061 -0.192572 
 0.205689 0.123619 -0.218321 
 0.193381 0.130639 -0.222546 
 0.181074 0.137658 -0.226771 
 0.168766 0.144677 -0.230996 
 0.156459 0.151697 -0.235221 
 0.144152 0.158716 -0.239446 
 0.126373 0.164334 -0.222229 
 0.114032 0.171373 -0.226466 
 0.107230 0.179775 -0.252121 
 0.094922 0.186794 -0.256346 
 -0.018329 0.169983 0.124528 
 -0.031251 0.177353 0.120092 
 -0.044174 0.184724 0.115656 
 -0.057097 0.192094 0.111220 
 -0.075764 0.198219 0.128131 
 -0.088721 0.205608 0.123683 
 -0.107491 0.211791 0.140559 
 -0.123406 0.218607 0.146756 
 -0.136414 0.226026 0.142290 
 -0.149422 0.233445 0.137825 
 -0.162431 0.240865 0.133359 
 -0.175439 0.248284 0.128894 
 0.490300 -0.072702 -0.030949 
 0.482316 -0.063582 -0.057000 
 0.469906 -0.056505 -0.061260 
 0.457497 -0.049427 -0.065520 
 0.440523 -0.044312 -0.048037 
 0.402794 -0.047907 0.067214 
 0.390162 -0.040703 0.062877 
 0.382196 -0.031593 0.036833 
 0.369598 -0.024408 0.032509 
 0.357000 -0.017223 0.028184 
 0.358707 -0.004497 -0.041159 
 0.346211 0.002629 -0.045449 
 0.355480 0.017890 -0.147160 
 0.340703 0.024035 -0.140578 
 0.328345 0.031084 -0.144820 
 0.315986 0.038132 -0.149063 
 0.306114 0.046046 -0.164106 
 0.291269 0.052230 -0.157548 
 0.278910 0.059279 -0.161790 
 0.266551 0.066327 -0.166033 
 0.254193 0.073376 -0.170275 
 0.241834 0.080425 -0.174518 
 0.229475 0.087473 -0.178760 
 0.217117 0.094522 -0.183003 
 0.207381 0.102357 -0.198000 
 0.200321 0.110951 -0.223733 
 0.182698 0.116435 -0.206473 
 0.175706 0.124989 -0.232183 
 0.163399 0.132009 -0.236408 
 0.151092 0.139028 -0.240633 
 0.130606 0.143863 -0.212701 
 0.118248 0.150912 -0.216943 
 0.100369 0.156543 -0.199772 
 0.087976 0.163611 -0.204026 
 -0.016630 0.147932 0.144673 
 -0.029587 0.155322 0.140225 
 -0.042544 0.162711 0.135777 
 -0.055501 0.170101 0.131329 
 -0.068458 0.177491 0.126881 
 -0.087175 0.183600 0.143766 
 -0.103063 0.190379 0.149966 
 -0.116071 0.197798 0.145501 
 -0.129079 0.205217 0.141035 
 -0.147984 0.211433 0.157855 
 -0.161026 0.218872 0.153378 
 -0.174068 0.226311 0.148900 
 -0.193110 0.232605 0.165674 
 -0.206186 0.240063 0.161185 
 0.496642 -0.106054 0.037518 
 0.484096 -0.098898 0.033210 
 0.484873 -0.085511 -0.036422 
 0.476904 -0.076357 -0.062457 
 0.464494 -0.069279 -0.066717 
 0.452084 -0.062201 -0.070978 
 0.435096 -0.057122 -0.053509 
 0.422652 -0.050024 -0.057781 
 0.400915 -0.046846 -0.018644 
 0.383722 -0.041650 -0.001246 
 0.375890 -0.032573 -0.027234 
 0.363378 -0.025437 -0.031530 
 0.365215 -0.012655 -0.100799 
 0.362439 -0.001853 -0.148350 
 0.350098 0.005186 -0.152587 
 0.337756 0.012225 -0.156823 
 0.325415 0.019264 -0.161060 
 0.313073 0.026303 -0.165297 
 0.305720 0.035107 -0.191121 
 0.288390 0.040381 -0.173770 
 0.276048 0.047420 -0.178007 
 0.268798 0.056165 -0.203796 
 0.251365 0.061498 -0.186480 
 0.239024 0.068537 -0.190717 
 0.226682 0.075576 -0.194954 
 0.211727 0.081801 -0.188438 
 0.201999 0.089654 -0.203427 
 0.189658 0.096693 -0.207664 
 0.177316 0.103732 -0.211900 
 0.164974 0.110771 -0.216137 
 0.152633 0.117810 -0.220374 
 0.140291 0.124849 -0.224610 
 0.119750 0.129650 -0.196713 
 0.104606 0.135982 -0.190262 
 0.092196 0.143060 -0.194522 
 0.079786 0.150138 -0.198782 
 -0.022281 0.134595 0.138975 
 -0.035238 0.141985 0.134527 
 -0.048195 0.149374 0.130079 
 -0.066858 0.155409 0.146972 
 -0.079849 0.162818 0.142513 
 -0.092840 0.170228 0.138053 
 -0.108736 0.176989 0.144246 
 -0.121744 0.184408 0.139780 
 -0.134752 0.191827 0.135315 
 -0.153672 0.198008 0.152119 
 -0.160769 0.206666 0.126384 
 -0.179756 0.212885 0.143165 
 -0.192799 0.220324 0.138688 
 -0.211889 0.226602 0.155434 
 0.503717 -0.126124 0.036307 
 0.504334 -0.112516 -0.033350 
 0.491890 -0.105418 -0.037622 
 0.479446 -0.098321 -0.041894 
 0.471492 -0.089131 -0.067915 
 0.459082 -0.082053 -0.072175 
 0.448951 -0.073948 -0.087297 
 0.434262 -0.067897 -0.080695 
 0.417225 -0.062833 -0.063253 
 0.404781 -0.055736 -0.067525 
 0.392337 -0.048639 -0.071797 
 0.384622 -0.039585 -0.097736 
 0.374594 -0.031539 -0.112823 
 0.362201 -0.024471 -0.117077 
 0.357057 -0.014556 -0.153777 
 0.349582 -0.005639 -0.179634 
 0.337274 0.001380 -0.183859 
 0.324967 0.008400 -0.188083 
 0.312660 0.015419 -0.192308 
 0.300352 0.022438 -0.196533 
 0.288045 0.029458 -0.200758 
 0.275738 0.036477 -0.204983 
 0.263430 0.043497 -0.209208 
 0.251123 0.050516 -0.213433 
 0.238816 0.057536 -0.217658 
 0.221300 0.062872 -0.200381 
 0.208958 0.069911 -0.204617 
 0.196617 0.076950 -0.208854 
 0.184275 0.083989 -0.213091 
 0.171934 0.091028 -0.217328 
 0.156902 0.097274 -0.210843 
 0.144544 0.104323 -0.215085 
 0.132185 0.111372 -0.219328 
 0.111604 0.116130 -0.191459 
 0.099194 0.123208 -0.195719 
 0.086784 0.130286 -0.199979 
 0.074374 0.137364 -0.204239 
 -0.033551 0.119808 0.154638 
 -0.046542 0.127218 0.150179 
 -0.059533 0.134627 0.145719 
 -0.072524 0.142037 0.141259 
 -0.085515 0.149446 0.136800 
 -0.101401 0.156180 0.142991 
 -0.114409 0.163599 0.138526 
 -0.127417 0.171018 0.134060 
 -0.146317 0.177144 0.150861 
 -0.159360 0.184583 0.146384 
 -0.172402 0.192022 0.141907 
 -0.185444 0.199460 0.137430 
 -0.198487 0.206899 0.132952 
 0.502614 -0.136834 0.009010 
 0.496705 -0.126418 -0.027939 
 0.484244 -0.119311 -0.032216 
 0.474018 -0.111130 -0.047366 
 0.466080 -0.101905 -0.073372 
 0.453670 -0.094827 -0.077632 
 0.448120 -0.084616 -0.114456 
 0.431154 -0.079636 -0.097001 
 0.416440 -0.073593 -0.090412 
 0.404030 -0.066515 -0.094673 
 0.391620 -0.059437 -0.098933 
 0.381582 -0.051364 -0.114018 
 0.369190 -0.044295 -0.118273 
 0.361610 -0.035275 -0.144154 
 0.351674 -0.027260 -0.159205 
 0.344214 -0.018308 -0.185046 
 0.331907 -0.011288 -0.189271 
 0.319600 -0.004269 -0.193496 
 0.307292 0.002750 -0.197721 
 0.297494 0.010688 -0.212724 
 0.282677 0.016789 -0.206171 
 0.270370 0.023809 -0.210395 
 0.260623 0.031717 -0.225381 
 0.245755 0.037848 -0.218845 
 0.233448 0.044867 -0.223070 
 0.221141 0.051887 -0.227295 
 0.203576 0.057207 -0.210045 
 0.191234 0.064246 -0.214281 
 0.178893 0.071285 -0.218518 
 0.163871 0.077504 -0.212035 
 0.151513 0.084553 -0.216278 
 0.133726 0.090000 -0.199104 
 0.121333 0.097069 -0.203358 
 0.106192 0.103356 -0.196916 
 0.093782 0.110434 -0.201176 
 0.081372 0.117512 -0.205436 
 -0.034624 0.096771 0.185421 
 -0.042033 0.105694 0.159598 
 -0.052207 0.113845 0.144466 
 -0.065199 0.121255 0.140006 
 -0.078190 0.128664 0.135546 
 -0.094066 0.135371 0.141736 
 -0.107074 0.142790 0.137271 
 -0.120082 0.150209 0.132805 
 -0.133090 0.157628 0.128340 
 -0.152005 0.163719 0.145126 
 -0.159107 0.172467 0.119409 
 -0.172115 0.179886 0.114943 
 -0.185123 0.187305 0.110477 
 -0.198131 0.194724 0.106012 
 0.505320 -0.159110 0.029579 
 0.499349 -0.148593 -0.007376 
 0.493479 -0.138134 -0.044295 
 0.481035 -0.131037 -0.048567 
 0.468591 -0.123939 -0.052839 
 0.460667 -0.114679 -0.078829 
 0.450535 -0.106529 -0.093943 
 0.445024 -0.096275 -0.130739 
 0.430372 -0.090289 -0.124134 
 0.413356 -0.085325 -0.106705 
 0.405654 -0.076191 -0.132619 
 0.393296 -0.069142 -0.136861 
 0.380937 -0.062094 -0.141104 
 0.370975 -0.054042 -0.156159 
 0.358634 -0.047003 -0.160395 
 0.351154 -0.037996 -0.186233 
 0.338847 -0.030976 -0.190458 
 0.326539 -0.023957 -0.194683 
 0.316714 -0.015983 -0.209691 
 0.304424 -0.008973 -0.213910 
 0.292134 -0.001963 -0.218129 
 0.279844 0.005046 -0.222348 
 0.267553 0.012056 -0.226567 
 0.255263 0.019066 -0.230786 
 0.240388 0.025179 -0.224258 
 0.228081 0.032199 -0.228482 
 0.210535 0.037465 -0.211235 
 0.198193 0.044504 -0.215472 
 0.185852 0.051543 -0.219709 
 0.170840 0.057734 -0.213227 
 0.153107 0.063108 -0.196045 
 0.140714 0.070176 -0.200299 
 0.128321 0.077244 -0.204554 
 0.113189 0.083504 -0.198113 
 0.100780 0.090582 -0.202373 
 0.088370 0.097660 -0.206634 
 -0.021690 0.077466 0.162809 
 -0.034698 0.084885 0.158343 
 -0.047706 0.092304 0.153878 
 -0.060714 0.099723 0.149412 
 -0.070864 0.107883 0.134293 
 -0.083855 0.115292 0.129833 
 -0.099739 0.121981 0.136016 
 -0.112747 0.129400 0.131550 
 -0.125755 0.136819 0.127085 
 -0.138764 0.144238 0.122619 
 -0.157693 0.150294 0.139390 
 -0.164780 0.159077 0.113688 
 -0.177788 0.166496 0.109223 
 -0.196821 0.172610 0.125959 
 -0.209863 0.180049 0.121481 
 0.499848 -0.172025 0.024062 
 0.493899 -0.161455 -0.012871 
 0.488052 -0.150943 -0.049767 
 0.475608 -0.143846 -0.054039 
 0.467665 -0.134531 -0.080026 
 0.457523 -0.126354 -0.095138 
 0.445130 -0.119286 -0.099392 
 0.439642 -0.108979 -0.136166 
 0.427300 -0.101940 -0.140402 
 0.414959 -0.094901 -0.144639 
 0.402617 -0.087862 -0.148876 
 0.390276 -0.080823 -0.153112 
 0.377934 -0.073784 -0.157349 
 0.365593 -0.066745 -0.161586 
 0.353251 -0.059706 -0.165822 
 0.345787 -0.050664 -0.191645 
 0.333479 -0.043645 -0.195870 
 0.321172 -0.036625 -0.200095 
 0.311354 -0.028634 -0.215095 
 0.299064 -0.021624 -0.219314 
 0.286774 -0.014614 -0.223533 
 0.274483 -0.007605 -0.227753 
 0.262193 -0.000595 -0.231972 
 0.249903 0.006415 -0.236191 
 0.235020 0.012511 -0.229670 
 0.222713 0.019530 -0.233895 
 0.205153 0.024761 -0.216663 
 0.192811 0.031800 -0.220899 
 0.177809 0.037964 -0.214419 
 0.160095 0.043283 -0.197241 
 0.147702 0.050351 -0.201495 
 0.135309 0.057419 -0.205749 
 0.120187 0.063652 -0.199311 
 0.107777 0.070730 -0.203571 
 0.095367 0.077807 -0.207831 
 0.082957 0.084885 -0.212091 
 -0.032958 0.062482 0.178428 
 -0.046000 0.069921 0.173950 
 -0.059042 0.077360 0.169473 
 -0.066388 0.086333 0.143692 
 -0.079396 0.093752 0.139226 
 -0.092404 0.101172 0.134761 
 -0.105412 0.108591 0.130295 
 -0.118420 0.116010 0.125830 
 -0.137297 0.121992 0.142609 
 -0.144437 0.130848 0.116899 
 -0.163382 0.136869 0.133655 
 -0.170453 0.145687 0.107968 
 -0.183461 0.153106 0.103502 
 -0.196470 0.160525 0.099037 
 -0.209478 0.167944 0.094571 
 0.492863 -0.172006 -0.040100 
 0.487073 -0.161461 -0.076963 
 0.476904 -0.153247 -0.092079 
 0.464511 -0.146179 -0.096334 
 0.452118 -0.139110 -0.100588 
 0.444309 -0.129829 -0.126518 
 0.438878 -0.119489 -0.163258 
 0.426571 -0.112469 -0.167483 
 0.414263 -0.105450 -0.171708 
 0.401956 -0.098430 -0.175933 
 0.384893 -0.093527 -0.158540 
 0.377341 -0.084391 -0.184383 
 0.365034 -0.077372 -0.188608 
 0.352727 -0.070352 -0.192833 
 0.340419 -0.063333 -0.197058 
 0.328112 -0.056313 -0.201282 
 0.318285 -0.048294 -0.216281 
 0.305994 -0.041285 -0.220500 
 0.293704 -0.034275 -0.224719 
 0.281414 -0.027265 -0.228938 
 0.269123 -0.020255 -0.233157 
 0.256833 -0.013246 -0.237376 
 0.241960 -0.007177 -0.230857 
 0.229653 -0.000158 -0.235082 
 0.217346 0.006862 -0.239307 
 0.199770 0.012057 -0.222090 
 0.184778 0.018194 -0.215612 
 0.167083 0.023458 -0.198436 
 0.154690 0.030526 -0.202691 
 0.139595 0.036722 -0.196248 
 0.127185 0.043800 -0.200508 
 0.114775 0.050878 -0.204768 
 0.102365 0.057955 -0.209028 
 0.089955 0.065033 -0.213288 
 -0.025603 0.041618 0.177169 
 -0.038646 0.049057 0.172692 
 -0.051688 0.056496 0.168215 
 -0.059053 0.065524 0.142437 
 -0.072061 0.072943 0.137971 
 -0.085069 0.080362 0.133506 
 -0.098077 0.087782 0.129040 
 -0.111085 0.095201 0.124575 
 -0.129943 0.101128 0.141351 
 -0.142985 0.108566 0.136874 
 -0.156027 0.116005 0.132397 
 -0.169070 0.123444 0.127919 
 -0.176126 0.132297 0.102247 
 -0.189135 0.139716 0.097782 
 -0.202143 0.147135 0.093316 
 -0.215151 0.154554 0.088851 
 0.489642 -0.183659 -0.056440 
 0.483892 -0.173072 -0.093275 
 0.471499 -0.166003 -0.097529 
 0.459106 -0.158935 -0.101783 
 0.451278 -0.149599 -0.127710 
 0.445818 -0.139177 -0.164445 
 0.428877 -0.134387 -0.147020 
 0.416536 -0.127348 -0.151257 
 0.404194 -0.120309 -0.155494 
 0.391852 -0.113270 -0.159730 
 0.379511 -0.106231 -0.163967 
 0.371974 -0.097060 -0.189795 
 0.359666 -0.090040 -0.194020 
 0.347359 -0.083021 -0.198245 
 0.337505 -0.074965 -0.213248 
 0.325215 -0.067955 -0.217467 
 0.312925 -0.060945 -0.221686 
 0.300634 -0.053936 -0.225905 
 0.288344 -0.046926 -0.230124 
 0.276054 -0.039916 -0.234343 
 0.263763 -0.032906 -0.238562 
 0.251473 -0.025897 -0.242781 
 0.239183 -0.018887 -0.247000 
 0.224285 -0.012826 -0.240494 
 0.206729 -0.007685 -0.223280 
 0.194388 -0.000646 -0.227517 
 0.174071 0.003634 -0.199632 
 0.159002 0.009792 -0.193185 
 0.146592 0.016870 -0.197445 
 0.134183 0.023947 -0.201705 
 0.121773 0.031025 -0.205965 
 0.109363 0.038103 -0.210225 
 0.096953 0.045181 -0.214485 
 0.078986 0.050556 -0.197412 
 -0.031291 0.028193 0.171434 
 -0.038709 0.037296 0.145648 
 -0.051718 0.044715 0.141182 
 -0.064726 0.052134 0.136717 
 -0.077734 0.059553 0.132251 
 -0.090742 0.066972 0.127785 
 -0.103750 0.074392 0.123320 
 -0.116759 0.081811 0.118854 
 -0.135631 0.087703 0.135616 
 -0.148673 0.095141 0.131139 
 -0.161715 0.102580 0.126661 
 -0.174758 0.110019 0.122184 
 -0.181800 0.118907 0.096527 
 -0.194808 0.126326 0.092061 
 -0.207816 0.133745 0.087596 
 -0.220824 0.141164 0.083130 
 0.484215 -0.196469 -0.061913 
 0.478487 -0.185828 -0.098725 
 0.466094 -0.178760 -0.102979 
 0.453701 -0.171692 -0.107233 
 0.445888 -0.162320 -0.133145 
 0.433529 -0.155271 -0.137388 
 0.423495 -0.147090 -0.152448 
 0.411153 -0.140051 -0.156684 
 0.398812 -0.133012 -0.160921 
 0.386470 -0.125973 -0.165158 
 0.374129 -0.118934 -0.169394 
 0.361787 -0.111896 -0.173631 
 0.354299 -0.102709 -0.199432 
 0.341992 -0.095689 -0.203657 
 0.329684 -0.088670 -0.207882 
 0.317377 -0.081651 -0.212107 
 0.307564 -0.073596 -0.227090 
 0.295274 -0.066587 -0.231309 
 0.282984 -0.059577 -0.235529 
 0.268147 -0.053573 -0.229007 
 0.255840 -0.046553 -0.233232 
 0.243533 -0.039534 -0.237457 
 0.231225 -0.032514 -0.241681 
 0.211074 -0.028395 -0.213754 
 0.190820 -0.024216 -0.185861 
 0.178410 -0.017138 -0.190122 
 0.160668 -0.011935 -0.172982 
 0.148224 -0.004838 -0.177253 
 0.133080 0.001342 -0.170837 
 0.120618 0.008449 -0.175115 
 0.110892 0.016455 -0.190069 
 0.103950 0.025329 -0.215682 
 0.091540 0.032407 -0.219943 
 -0.029509 0.005591 0.191494 
 -0.036980 0.014768 0.165698 
 -0.050022 0.022207 0.161221 
 -0.063064 0.029645 0.156744 
 -0.070399 0.038744 0.130996 
 -0.083407 0.046163 0.126531 
 -0.096415 0.053583 0.122065 
 -0.109423 0.061002 0.117600 
 -0.122432 0.068421 0.113134 
 -0.141319 0.074278 0.129880 
 -0.154361 0.081716 0.125403 
 -0.167403 0.089155 0.120926 
 -0.180446 0.096594 0.116449 
 -0.193488 0.104032 0.111971 
 -0.200481 0.112936 0.086341 
 -0.219573 0.118910 0.103017 
 -0.238734 0.124922 0.119670 
 -0.251810 0.132380 0.115181 
 0.473082 -0.198585 -0.104174 
 0.465215 -0.189139 -0.130095 
 0.452857 -0.182090 -0.134338 
 0.440498 -0.175041 -0.138580 
 0.428139 -0.167993 -0.142823 
 0.418112 -0.159794 -0.157875 
 0.405771 -0.152755 -0.162112 
 0.393429 -0.145716 -0.166348 
 0.378705 -0.139798 -0.159793 
 0.368746 -0.131638 -0.174822 
 0.356405 -0.124599 -0.179058 
 0.344063 -0.117560 -0.183295 
 0.336624 -0.108358 -0.209069 
 0.324317 -0.101339 -0.213294 
 0.312009 -0.094319 -0.217519 
 0.299702 -0.087300 -0.221744 
 0.287394 -0.080280 -0.225969 
 0.275087 -0.073261 -0.230194 
 0.262780 -0.066241 -0.234419 
 0.250472 -0.059222 -0.238644 
 0.232989 -0.054210 -0.221425 
 0.218042 -0.048165 -0.214946 
 0.200440 -0.043084 -0.197769 
 0.185408 -0.036990 -0.191319 
 0.167685 -0.031842 -0.174182 
 0.155241 -0.024744 -0.178454 
 0.142797 -0.017647 -0.182726 
 0.127645 -0.011485 -0.176317 
 0.109735 -0.006229 -0.159245 
 0.102723 0.002730 -0.184873 
 0.090261 0.009837 -0.189150 
 -0.016583 -0.013534 0.168918 
 -0.029625 -0.006096 0.164440 
 -0.042668 0.001343 0.159963 
 -0.055710 0.008782 0.155486 
 -0.063064 0.017935 0.129741 
 -0.076072 0.025354 0.125276 
 -0.089080 0.032774 0.120810 
 -0.102088 0.040193 0.116345 
 -0.120922 0.045975 0.133099 
 -0.133964 0.053414 0.128622 
 -0.147007 0.060852 0.124145 
 -0.160049 0.068291 0.119668 
 -0.173091 0.075730 0.115190 
 -0.186134 0.083168 0.110713 
 -0.199176 0.090607 0.106236 
 -0.212219 0.098046 0.101759 
 -0.231360 0.104004 0.118408 
 -0.244437 0.111462 0.113919 
 -0.257513 0.118920 0.109430 
 -0.270590 0.126378 0.104941 
 0.467677 -0.211341 -0.109624 
 0.459826 -0.201860 -0.135530 
 0.442892 -0.197205 -0.118133 
 0.430499 -0.190137 -0.122387 
 0.418106 -0.183068 -0.126641 
 0.410391 -0.173665 -0.152500 
 0.398032 -0.166616 -0.156742 
 0.385674 -0.159568 -0.160985 
 0.373315 -0.152519 -0.165227 
 0.360956 -0.145470 -0.169470 
 0.348598 -0.138422 -0.173713 
 0.338681 -0.130264 -0.188722 
 0.326339 -0.123225 -0.192959 
 0.313998 -0.116186 -0.197195 
 0.301656 -0.109147 -0.201432 
 0.289314 -0.102108 -0.205669 
 0.282027 -0.092949 -0.231381 
 0.269720 -0.085929 -0.235606 
 0.252290 -0.080991 -0.218379 
 0.239948 -0.073952 -0.222615 
 0.227607 -0.066913 -0.226852 
 0.212653 -0.060886 -0.220381 
 0.195035 -0.055841 -0.203218 
 0.174702 -0.051748 -0.175382 
 0.159594 -0.045633 -0.168964 
 0.147133 -0.038526 -0.173241 
 0.134672 -0.031419 -0.177519 
 0.116780 -0.026218 -0.160451 
 0.104285 -0.019091 -0.164740 
 0.091790 -0.011964 -0.169030 
 -0.009228 -0.034398 0.167659 
 -0.022271 -0.026959 0.163182 
 -0.035313 -0.019521 0.158705 
 -0.048356 -0.012082 0.154228 
 -0.061398 -0.004643 0.149750 
 -0.068737 0.004545 0.124021 
 -0.081745 0.011964 0.119555 
 -0.094753 0.019384 0.115090 
 -0.107762 0.026803 0.110624 
 -0.126610 0.032550 0.127364 
 -0.139652 0.039989 0.122887 
 -0.152695 0.047427 0.118409 
 -0.165737 0.054866 0.113932 
 -0.178780 0.062305 0.109455 
 -0.197833 0.068169 0.126125 
 -0.210910 0.075627 0.121636 
 -0.223987 0.083085 0.117147 
 -0.237063 0.090543 0.112658 
 -0.250140 0.098001 0.108169 
 -0.263216 0.105460 0.103680 
 -0.276293 0.112918 0.099191 
 -0.289369 0.120376 0.094702 
 0.450837 -0.273090 0.136206 
 0.438068 -0.265808 0.131823 
 0.425299 -0.258525 0.127440 
 0.447602 -0.218254 -0.108510 
 0.435192 -0.211176 -0.112770 
 0.425094 -0.202893 -0.127837 
 0.412701 -0.195825 -0.132091 
 0.405001 -0.186387 -0.157935 
 0.392642 -0.179338 -0.162177 
 0.380284 -0.172289 -0.166420 
 0.367925 -0.165241 -0.170662 
 0.355566 -0.158192 -0.174905 
 0.343208 -0.151143 -0.179147 
 0.330849 -0.144094 -0.183390 
 0.318491 -0.137046 -0.187632 
 0.306132 -0.129997 -0.191875 
 0.293773 -0.122948 -0.196118 
 0.281415 -0.115900 -0.200360 
 0.263987 -0.111006 -0.183143 
 0.259249 -0.100734 -0.219569 
 0.244339 -0.094753 -0.213088 
 0.231980 -0.087705 -0.217330 
 0.219621 -0.080656 -0.221573 
 0.202023 -0.075665 -0.204414 
 0.186993 -0.069617 -0.197973 
 0.166621 -0.065567 -0.170166 
 0.154160 -0.058460 -0.174443 
 0.136322 -0.053333 -0.157367 
 0.123826 -0.046206 -0.161656 
 0.111331 -0.039080 -0.165946 
 0.011168 -0.062700 0.170878 
 -0.001874 -0.055262 0.166401 
 -0.009369 -0.045941 0.140628 
 -0.022377 -0.038521 0.136162 
 -0.035386 -0.031102 0.131697 
 -0.048394 -0.023683 0.127231 
 -0.067086 -0.018069 0.144015 
 -0.074410 -0.008845 0.118300 
 -0.087418 -0.001426 0.113835 
 -0.100427 0.005994 0.109369 
 -0.113435 0.013413 0.104904 
 -0.132298 0.019125 0.121629 
 -0.145340 0.026564 0.117151 
 -0.158383 0.034002 0.112674 
 -0.171425 0.041441 0.108197 
 -0.190460 0.047250 0.124863 
 -0.203536 0.054708 0.120374 
 -0.216613 0.062166 0.115885 
 -0.229690 0.069625 0.111396 
 -0.242766 0.077083 0.106907 
 -0.255843 0.084541 0.102418 
 -0.268919 0.091999 0.097929 
 -0.281996 0.099457 0.093440 
 -0.295072 0.106916 0.088951 
 -0.308149 0.114374 0.084462 
 0.462438 -0.290936 0.113295 
 0.445269 -0.286234 0.130591 
 0.432500 -0.278951 0.126208 
 0.419731 -0.271668 0.121825 
 0.444475 -0.229786 -0.124778 
 0.432082 -0.222718 -0.129032 
 0.419689 -0.215650 -0.133287 
 0.407296 -0.208581 -0.137541 
 0.399611 -0.199108 -0.163369 
 0.387253 -0.192059 -0.167612 
 0.370118 -0.187377 -0.150304 
 0.357725 -0.180309 -0.154558 
 0.345332 -0.173240 -0.158812 
 0.332939 -0.166172 -0.163067 
 0.320547 -0.159104 -0.167321 
 0.308154 -0.152036 -0.171575 
 0.295761 -0.144968 -0.175829 
 0.283368 -0.137899 -0.180084 
 0.270975 -0.130831 -0.184338 
 0.258582 -0.123763 -0.188592 
 0.246190 -0.116695 -0.192847 
 0.233797 -0.109627 -0.197101 
 0.221404 -0.102558 -0.201355 
 0.209011 -0.095490 -0.205609 
 0.193991 -0.089468 -0.199170 
 0.176292 -0.084464 -0.182055 
 0.161186 -0.078394 -0.175646 
 0.148725 -0.071287 -0.179923 
 0.136264 -0.064180 -0.184201 
 0.026139 -0.092999 0.195426 
 0.013062 -0.085541 0.190937 
 -0.000014 -0.078083 0.186448 
 -0.007562 -0.068687 0.160666 
 -0.020605 -0.061248 0.156188 
 -0.033647 -0.053810 0.151711 
 -0.041059 -0.044492 0.125977 
 -0.059732 -0.038932 0.142757 
 -0.072774 -0.031494 0.138279 
 -0.080083 -0.022235 0.112580 
 -0.093091 -0.014815 0.108114 
 -0.106100 -0.007396 0.103649 
 -0.119108 0.000023 0.099183 
 -0.137986 0.005700 0.115893 
 -0.151029 0.013138 0.111416 
 -0.164071 0.020577 0.106939 
 -0.177113 0.028016 0.102461 
 -0.196163 0.033790 0.119113 
 -0.209239 0.041248 0.114624 
 -0.222316 0.048706 0.110135 
 -0.235392 0.056164 0.105646 
 -0.248469 0.063623 0.101157 
 -0.261546 0.071081 0.096668 
 -0.274622 0.078539 0.092179 
 -0.287699 0.085997 0.087690 
 -0.300775 0.093455 0.083201 
 -0.313852 0.100913 0.078712 
 -0.398834 0.154473 0.026348 
 -0.411876 0.161912 0.021871 
 -0.424919 0.169351 0.017393 
 -0.466950 0.200958 -0.031821 
 -0.473148 0.209584 -0.057139 
 -0.486104 0.216974 -0.061587 
 -0.499061 0.224364 -0.066035 
 -0.512018 0.231754 -0.070483 
 -0.518045 0.240281 -0.095743 
 -0.530968 0.247652 -0.100179 
 -0.582659 0.277134 -0.117923 
 -0.602717 0.283483 -0.101619 
 -0.615674 0.290873 -0.106066 
 0.456884 -0.304044 0.107695 
 0.439700 -0.299377 0.124976 
 0.426931 -0.292095 0.120593 
 0.414162 -0.284812 0.116209 
 0.401393 -0.277529 0.111826 
 0.388624 -0.270247 0.107443 
 0.426677 -0.235474 -0.134482 
 0.414284 -0.228406 -0.138737 
 0.401892 -0.221338 -0.142991 
 0.394221 -0.211829 -0.168804 
 0.377106 -0.207201 -0.151499 
 0.364713 -0.200133 -0.155754 
 0.352320 -0.193065 -0.160008 
 0.339927 -0.185997 -0.164262 
 0.327535 -0.178929 -0.168516 
 0.315142 -0.171860 -0.172771 
 0.302749 -0.164792 -0.177025 
 0.290356 -0.157724 -0.181279 
 0.275448 -0.151788 -0.174807 
 0.263038 -0.144710 -0.179067 
 0.250628 -0.137632 -0.183327 
 0.238218 -0.130554 -0.187587 
 0.220641 -0.125664 -0.170440 
 0.213398 -0.116399 -0.196107 
 0.200989 -0.109321 -0.200368 
 0.188579 -0.102243 -0.204628 
 0.170865 -0.097274 -0.187528 
 0.158420 -0.090176 -0.191800 
 0.046589 -0.121376 0.198653 
 0.033513 -0.113917 0.194164 
 0.020436 -0.106459 0.189675 
 0.007359 -0.099001 0.185186 
 -0.005717 -0.091543 0.180697 
 -0.013250 -0.082112 0.154930 
 -0.026293 -0.074674 0.150453 
 -0.039335 -0.067235 0.145976 
 -0.046732 -0.057882 0.120256 
 -0.065420 -0.052358 0.137021 
 -0.078462 -0.044919 0.132544 
 -0.085757 -0.035625 0.106860 
 -0.098765 -0.028205 0.102394 
 -0.111773 -0.020786 0.097928 
 -0.124781 -0.013367 0.093463 
 -0.137789 -0.005948 0.088997 
 -0.156717 -0.000287 0.105680 
 -0.169759 0.007152 0.101203 
 -0.182801 0.014590 0.096726 
 -0.195844 0.022029 0.092249 
 -0.214942 0.027788 0.108873 
 -0.228019 0.035246 0.104384 
 -0.241095 0.042704 0.099895 
 -0.254172 0.050162 0.095406 
 -0.267249 0.057620 0.090917 
 -0.280325 0.065079 0.086428 
 -0.293402 0.072537 0.081939 
 -0.306478 0.079995 0.077450 
 -0.319555 0.087453 0.072961 
 -0.332631 0.094911 0.068472 
 -0.381678 0.135720 -0.006316 
 -0.404522 0.141048 0.020612 
 -0.417564 0.148487 0.016135 
 -0.423970 0.157274 -0.009244 
 -0.436978 0.164693 -0.013710 
 -0.449986 0.172112 -0.018175 
 -0.472615 0.187586 -0.037534 
 -0.478798 0.196247 -0.062837 
 -0.491755 0.203637 -0.067285 
 -0.497836 0.212239 -0.092553 
 -0.517669 0.218417 -0.076181 
 -0.523681 0.226980 -0.101425 
 -0.536604 0.234350 -0.105862 
 -0.546020 0.242288 -0.120684 
 -0.551878 0.250763 -0.145876 
 -0.575372 0.256461 -0.119170 
 -0.588295 0.263832 -0.123606 
 -0.601218 0.271202 -0.128042 
 -0.614140 0.278573 -0.132479 
 -0.623454 0.286452 -0.147266 
 -0.636360 0.293812 -0.151696 
 0.446900 -0.319804 0.123744 
 0.434131 -0.312521 0.119361 
 0.421362 -0.305238 0.114978 
 0.408593 -0.297956 0.110594 
 0.395824 -0.290673 0.106211 
 0.387656 -0.280837 0.080236 
 0.374922 -0.273573 0.075865 
 0.408880 -0.241163 -0.144186 
 0.394135 -0.235342 -0.137663 
 0.384094 -0.227026 -0.152695 
 0.371701 -0.219958 -0.156949 
 0.359308 -0.212890 -0.161203 
 0.344495 -0.207030 -0.154703 
 0.332085 -0.199952 -0.158963 
 0.319676 -0.192874 -0.163223 
 0.307266 -0.185796 -0.167484 
 0.294856 -0.178718 -0.171744 
 0.282446 -0.171640 -0.176004 
 0.270036 -0.164562 -0.180264 
 0.252546 -0.159765 -0.163097 
 0.240102 -0.152668 -0.167369 
 0.227658 -0.145570 -0.171641 
 0.212623 -0.139584 -0.165217 
 0.202770 -0.131376 -0.180184 
 0.190326 -0.124278 -0.184456 
 0.177882 -0.117181 -0.188728 
 0.165437 -0.110083 -0.193000 
 0.059316 -0.140169 0.176058 
 0.040886 -0.134836 0.192903 
 0.027810 -0.127378 0.188414 
 0.020189 -0.117853 0.162627 
 0.007146 -0.110415 0.158149 
 -0.005896 -0.102976 0.153672 
 -0.018938 -0.095537 0.149195 
 -0.031981 -0.088099 0.144717 
 -0.039397 -0.078691 0.119001 
 -0.052405 -0.071272 0.114536 
 -0.065413 -0.063853 0.110070 
 -0.078421 -0.056434 0.105605 
 -0.091430 -0.049015 0.101139 
 -0.104438 -0.041595 0.096674 
 -0.114530 -0.033250 0.081624 
 -0.130454 -0.026757 0.087743 
 -0.143462 -0.019338 0.083277 
 -0.156471 -0.011919 0.078811 
 -0.175447 -0.006273 0.095468 
 -0.188489 0.001165 0.090990 
 -0.201532 0.008604 0.086513 
 -0.214574 0.016043 0.082036 
 -0.233722 0.021786 0.098634 
 -0.246798 0.029244 0.094145 
 -0.259875 0.036702 0.089656 
 -0.272952 0.044160 0.085167 
 -0.286028 0.051618 0.080678 
 -0.299105 0.059076 0.076189 
 -0.312181 0.066535 0.071700 
 -0.325258 0.073993 0.067211 
 -0.338334 0.081451 0.062722 
 -0.387343 0.122348 -0.012029 
 -0.400335 0.129757 -0.016489 
 -0.413326 0.137167 -0.020948 
 -0.426317 0.144576 -0.025408 
 -0.432621 0.153350 -0.050743 
 -0.452299 0.159395 -0.034327 
 -0.465290 0.166804 -0.038787 
 -0.471492 0.175520 -0.064087 
 -0.484449 0.182910 -0.068535 
 -0.497406 0.190299 -0.072983 
 -0.503472 0.198937 -0.098236 
 -0.523320 0.205079 -0.081879 
 -0.529317 0.213678 -0.107108 
 -0.542240 0.221048 -0.111544 
 -0.551649 0.229003 -0.126359 
 -0.564554 0.236364 -0.130790 
 -0.581008 0.243159 -0.124853 
 -0.593931 0.250530 -0.129289 
 -0.606853 0.257900 -0.133725 
 -0.616177 0.265807 -0.148511 
 -0.618232 0.274746 -0.183973 
 -0.631087 0.282077 -0.188386 
 0.439109 -0.334291 0.128946 
 0.426323 -0.326998 0.124557 
 0.413537 -0.319706 0.120168 
 0.403024 -0.311099 0.104979 
 0.390256 -0.303817 0.100596 
 0.382102 -0.293945 0.074636 
 0.369368 -0.286682 0.070264 
 0.401133 -0.255194 -0.138860 
 0.388723 -0.248116 -0.143120 
 0.378689 -0.239783 -0.158145 
 0.363903 -0.233960 -0.151640 
 0.351493 -0.226882 -0.155900 
 0.339083 -0.219804 -0.160160 
 0.321784 -0.215159 -0.142938 
 0.309340 -0.208062 -0.147210 
 0.296896 -0.200964 -0.151482 
 0.284451 -0.193867 -0.155754 
 0.272007 -0.186770 -0.160025 
 0.259563 -0.179672 -0.164297 
 0.244572 -0.173733 -0.157863 
 0.232111 -0.166625 -0.162141 
 0.219650 -0.159518 -0.166419 
 0.207188 -0.152411 -0.170697 
 0.194727 -0.145304 -0.174974 
 0.182266 -0.138196 -0.179252 
 0.172454 -0.129990 -0.194200 
 0.072004 -0.158854 0.153471 
 0.058996 -0.151435 0.149005 
 0.040585 -0.146156 0.165846 
 0.027543 -0.138717 0.161368 
 0.019971 -0.129177 0.135608 
 0.009715 -0.120717 0.120507 
 -0.003276 -0.113307 0.116048 
 -0.016267 -0.105898 0.111588 
 -0.029258 -0.098489 0.107128 
 -0.045070 -0.092081 0.113281 
 -0.058078 -0.084662 0.108815 
 -0.071086 -0.077243 0.104350 
 -0.084095 -0.069824 0.099884 
 -0.097103 -0.062405 0.095419 
 -0.110111 -0.054985 0.090953 
 -0.123119 -0.047566 0.086488 
 -0.136127 -0.040147 0.082022 
 -0.149136 -0.032728 0.077557 
 -0.168093 -0.027137 0.094209 
 -0.181135 -0.019698 0.089732 
 -0.194178 -0.012260 0.085255 
 -0.207220 -0.004821 0.080778 
 -0.220262 0.002618 0.076300 
 -0.233305 0.010056 0.071823 
 -0.246347 0.017495 0.067346 
 -0.265578 0.023242 0.083906 
 -0.278655 0.030700 0.079417 
 -0.291731 0.038158 0.074928 
 -0.304808 0.045616 0.070439 
 -0.317884 0.053074 0.065950 
 -0.330961 0.060533 0.061461 
 -0.331250 0.071141 0.015039 
 -0.334617 0.080893 -0.020858 
 -0.354036 0.086747 -0.004363 
 -0.367027 0.094156 -0.008823 
 -0.380018 0.101566 -0.013282 
 -0.393009 0.108975 -0.017742 
 -0.399402 0.117843 -0.043098 
 -0.418991 0.123794 -0.026661 
 -0.431982 0.131204 -0.031121 
 -0.438272 0.140013 -0.056441 
 -0.451229 0.147403 -0.060889 
 -0.464186 0.154792 -0.065337 
 -0.477143 0.162182 -0.069785 
 -0.483262 0.170894 -0.095046 
 -0.496185 0.178264 -0.099482 
 -0.509108 0.185635 -0.103919 
 -0.522030 0.193005 -0.108355 
 -0.534953 0.200376 -0.112791 
 -0.547876 0.207746 -0.117227 
 -0.560798 0.215117 -0.121663 
 -0.573721 0.222487 -0.126100 
 -0.586644 0.229857 -0.130536 
 -0.599567 0.237228 -0.134972 
 -0.612489 0.244598 -0.139408 
 -0.621805 0.252522 -0.154186 
 -0.627462 0.260971 -0.179290 
 -0.647616 0.267244 -0.163047 
 -0.660522 0.274604 -0.167477 
 0.429073 -0.350173 0.144944 
 0.420746 -0.340159 0.118935 
 0.407960 -0.332867 0.114545 
 0.395174 -0.325574 0.110156 
 0.384687 -0.316960 0.094980 
 0.376548 -0.307053 0.069036 
 0.363814 -0.299790 0.064664 
 0.351079 -0.292527 0.060293 
 0.376211 -0.264739 -0.116288 
 0.370901 -0.253812 -0.152837 
 0.353689 -0.249261 -0.135595 
 0.341245 -0.242164 -0.139867 
 0.328801 -0.235066 -0.144138 
 0.313905 -0.229203 -0.137677 
 0.301443 -0.222095 -0.141954 
 0.288982 -0.214988 -0.146232 
 0.276521 -0.207881 -0.150510 
 0.259019 -0.203164 -0.133367 
 0.246524 -0.196037 -0.137657 
 0.234028 -0.188911 -0.141946 
 0.221533 -0.181784 -0.146236 
 0.209037 -0.174657 -0.150525 
 0.196542 -0.167530 -0.154815 
 0.184047 -0.160404 -0.159104 
 0.171551 -0.153277 -0.163394 
 0.159056 -0.146150 -0.167683 
 0.066331 -0.172244 0.147750 
 0.053322 -0.164825 0.143285 
 0.034897 -0.159581 0.160110 
 0.021855 -0.152142 0.155633 
 0.014298 -0.142567 0.129888 
 0.001290 -0.135148 0.125423 
 -0.011719 -0.127729 0.120957 
 -0.024727 -0.120310 0.116491 
 -0.037735 -0.112890 0.112026 
 -0.050743 -0.105471 0.107560 
 -0.063751 -0.098052 0.103095 
 -0.076760 -0.090633 0.098629 
 -0.089768 -0.083214 0.094164 
 -0.102776 -0.075794 0.089698 
 -0.115784 -0.068375 0.085233 
 -0.128792 -0.060956 0.080767 
 -0.141801 -0.053537 0.076302 
 -0.154809 -0.046118 0.071836 
 -0.167817 -0.038699 0.067371 
 -0.180825 -0.031279 0.062905 
 -0.193833 -0.023860 0.058440 
 -0.206842 -0.016441 0.053974 
 -0.219850 -0.009022 0.049509 
 -0.232858 -0.001603 0.045043 
 -0.245866 0.005817 0.040578 
 -0.258874 0.013236 0.036112 
 -0.278120 0.018947 0.052656 
 -0.291162 0.026386 0.048179 
 -0.304205 0.033825 0.043701 
 -0.317247 0.041263 0.039224 
 -0.330289 0.048702 0.034747 
 -0.336924 0.057751 0.009319 
 -0.340268 0.067556 -0.026556 
 -0.353225 0.074946 -0.031004 
 -0.372693 0.080784 -0.014536 
 -0.385684 0.088194 -0.018995 
 -0.398675 0.095603 -0.023455 
 -0.405052 0.104506 -0.048795 
 -0.418009 0.111896 -0.053243 
 -0.437648 0.117831 -0.036834 
 -0.443923 0.126676 -0.062139 
 -0.456880 0.134066 -0.066587 
 -0.469837 0.141455 -0.071035 
 -0.482794 0.148845 -0.075483 
 -0.488898 0.157592 -0.100729 
 -0.501821 0.164962 -0.105165 
 -0.514743 0.172333 -0.109601 
 -0.527666 0.179703 -0.114038 
 -0.540589 0.187074 -0.118474 
 -0.553512 0.194444 -0.122910 
 -0.566434 0.201814 -0.127346 
 -0.579357 0.209185 -0.131782 
 -0.592280 0.216555 -0.136219 
 -0.605203 0.223926 -0.140655 
 -0.618125 0.231296 -0.145091 
 -0.627434 0.239238 -0.159862 
 -0.633076 0.247721 -0.184950 
 -0.645947 0.255062 -0.189369 
 -0.658819 0.262404 -0.193787 
 -0.671690 0.269745 -0.198206 
 0.431861 -0.373458 0.165324 
 0.423481 -0.363370 0.139306 
 0.415170 -0.353320 0.113312 
 0.402384 -0.346028 0.108923 
 0.389598 -0.338736 0.104533 
 0.376812 -0.331443 0.100144 
 0.366349 -0.322821 0.084982 
 0.353580 -0.315538 0.080599 
 0.376166 -0.288603 -0.085206 
 0.363654 -0.281467 -0.089501 
 0.358315 -0.270458 -0.126046 
 0.345854 -0.263351 -0.130323 
 0.333392 -0.256244 -0.134601 
 0.320931 -0.249137 -0.138879 
 0.308470 -0.242030 -0.143157 
 0.296009 -0.234922 -0.147434 
 0.283548 -0.227815 -0.151712 
 0.266065 -0.223153 -0.134573 
 0.253569 -0.216026 -0.138862 
 0.241074 -0.208899 -0.143152 
 0.226016 -0.202966 -0.136750 
 0.213504 -0.195830 -0.141045 
 0.200991 -0.188693 -0.145341 
 0.188479 -0.181557 -0.149636 
 0.175966 -0.174420 -0.153931 
 0.163454 -0.167284 -0.158227 
 0.150941 -0.160147 -0.162522 
 0.060658 -0.185634 0.142030 
 0.047649 -0.178214 0.137564 
 0.034641 -0.170795 0.133099 
 0.021633 -0.163376 0.128633 
 0.008625 -0.155957 0.124168 
 -0.001616 -0.147461 0.109082 
 -0.014607 -0.140052 0.104622 
 -0.027599 -0.132643 0.100162 
 -0.040590 -0.125233 0.095703 
 -0.056416 -0.118861 0.101840 
 -0.069425 -0.111442 0.097374 
 -0.082433 -0.104023 0.092909 
 -0.095441 -0.096604 0.088443 
 -0.108449 -0.089184 0.083978 
 -0.121457 -0.081765 0.079512 
 -0.134466 -0.074346 0.075047 
 -0.147474 -0.066927 0.070581 
 -0.160482 -0.059508 0.066116 
 -0.173490 -0.052089 0.061650 
 -0.186498 -0.044669 0.057185 
 -0.199507 -0.037250 0.052719 
 -0.212515 -0.029831 0.048254 
 -0.222465 -0.021501 0.033267 
 -0.235456 -0.014092 0.028808 
 -0.251539 -0.007573 0.034857 
 -0.264548 -0.000154 0.030392 
 -0.277556 0.007265 0.025926 
 -0.290564 0.014684 0.021461 
 -0.303572 0.022103 0.016995 
 -0.316580 0.029522 0.012529 
 -0.329589 0.036942 0.008064 
 -0.339385 0.045183 -0.006869 
 -0.345919 0.054219 -0.032254 
 -0.365367 0.060002 -0.015789 
 -0.371832 0.068999 -0.041150 
 -0.391349 0.074821 -0.024708 
 -0.397746 0.083779 -0.050045 
 -0.410703 0.091169 -0.054493 
 -0.423660 0.098558 -0.058941 
 -0.436617 0.105948 -0.063389 
 -0.449574 0.113338 -0.067837 
 -0.462531 0.120728 -0.072285 
 -0.475488 0.128118 -0.076733 
 -0.481611 0.136919 -0.101976 
 -0.494534 0.144290 -0.106412 
 -0.507457 0.151660 -0.110848 
 -0.516911 0.159707 -0.125664 
 -0.529817 0.167068 -0.130094 
 -0.542723 0.174429 -0.134525 
 -0.555628 0.181789 -0.138955 
 -0.572070 0.188513 -0.133029 
 -0.584993 0.195883 -0.137465 
 -0.594345 0.203871 -0.152246 
 -0.607251 0.211232 -0.156676 
 -0.620156 0.218593 -0.161107 
 -0.633062 0.225953 -0.165537 
 -0.638690 0.234472 -0.190610 
 -0.651561 0.241813 -0.195029 
 -0.671779 0.248035 -0.178828 
 -0.684685 0.255396 -0.183258 
 0.426255 -0.386690 0.159671 
 0.417890 -0.376566 0.133669 
 0.405070 -0.369254 0.129268 
 0.392250 -0.361942 0.124867 
 0.384022 -0.351897 0.098911 
 0.371236 -0.344604 0.094521 
 0.360780 -0.335965 0.079367 
 0.348011 -0.328682 0.074983 
 0.335242 -0.321399 0.070600 
 0.365341 -0.290393 -0.127248 
 0.352880 -0.283285 -0.131525 
 0.340419 -0.276178 -0.135803 
 0.323092 -0.271648 -0.118620 
 0.315497 -0.261964 -0.144359 
 0.303035 -0.254857 -0.148636 
 0.285606 -0.250268 -0.131489 
 0.273111 -0.243142 -0.135778 
 0.260615 -0.236015 -0.140068 
 0.245584 -0.230118 -0.133662 
 0.233072 -0.222982 -0.137957 
 0.220559 -0.215846 -0.142252 
 0.208047 -0.208709 -0.146548 
 0.195534 -0.201573 -0.150843 
 0.183022 -0.194436 -0.155138 
 0.170509 -0.187300 -0.159434 
 0.157997 -0.180163 -0.163729 
 0.062648 -0.208747 0.162071 
 0.054984 -0.199023 0.136309 
 0.041976 -0.191604 0.131844 
 0.028968 -0.184185 0.127378 
 0.015960 -0.176766 0.122913 
 0.002952 -0.169347 0.118447 
 -0.007282 -0.160834 0.103369 
 -0.020273 -0.153424 0.098909 
 -0.033264 -0.146015 0.094449 
 -0.049081 -0.139670 0.100585 
 -0.062089 -0.132251 0.096120 
 -0.075098 -0.124832 0.091654 
 -0.085229 -0.116377 0.076611 
 -0.098220 -0.108968 0.072151 
 -0.114122 -0.102574 0.078257 
 -0.127130 -0.095155 0.073792 
 -0.140139 -0.087736 0.069326 
 -0.150184 -0.079330 0.054312 
 -0.163175 -0.071921 0.049853 
 -0.176166 -0.064511 0.045393 
 -0.189157 -0.057102 0.040934 
 -0.202149 -0.049692 0.036474 
 -0.215140 -0.042283 0.032014 
 -0.222000 -0.033017 0.006528 
 -0.241122 -0.027464 0.023095 
 -0.254113 -0.020055 0.018635 
 -0.267104 -0.012645 0.014176 
 -0.280095 -0.005236 0.009716 
 -0.293086 0.002174 0.005256 
 -0.306077 0.009583 0.000797 
 -0.319069 0.016992 -0.003663 
 -0.332060 0.024402 -0.008123 
 -0.345051 0.031811 -0.012582 
 -0.351569 0.040882 -0.037952 
 -0.364526 0.048272 -0.042399 
 -0.377483 0.055662 -0.046847 
 -0.390440 0.063052 -0.051295 
 -0.403397 0.070442 -0.055743 
 -0.416354 0.077831 -0.060191 
 -0.429311 0.085221 -0.064639 
 -0.442268 0.092611 -0.069087 
 -0.455225 0.100001 -0.073535 
 -0.468182 0.107391 -0.077983 
 -0.474324 0.116247 -0.103222 
 -0.487247 0.123618 -0.107659 
 -0.500170 0.130988 -0.112095 
 -0.509634 0.139062 -0.126909 
 -0.522540 0.146423 -0.131339 
 -0.535445 0.153784 -0.135770 
 -0.548351 0.161144 -0.140200 
 -0.561257 0.168505 -0.144630 
 -0.574162 0.175866 -0.149061 
 -0.587068 0.183226 -0.153491 
 -0.599974 0.190587 -0.157921 
 -0.612879 0.197948 -0.162352 
 -0.625785 0.205308 -0.166782 
 -0.638690 0.212669 -0.171212 
 -0.644303 0.221223 -0.196270 
 -0.657174 0.228564 -0.200689 
 -0.677407 0.234751 -0.184503 
 -0.690313 0.242112 -0.188934 
 -0.706933 0.248915 -0.183074 
 0.420649 -0.399921 0.154018 
 0.407795 -0.392590 0.149605 
 0.399479 -0.382451 0.123630 
 0.386659 -0.375139 0.119229 
 0.373839 -0.367827 0.114828 
 0.365660 -0.357766 0.088899 
 0.355211 -0.349108 0.073751 
 0.342442 -0.341826 0.069368 
 0.329674 -0.334543 0.064985 
 0.359907 -0.303219 -0.132728 
 0.347446 -0.296112 -0.137005 
 0.334984 -0.289005 -0.141283 
 0.317643 -0.284510 -0.124115 
 0.310062 -0.274791 -0.149839 
 0.292652 -0.270257 -0.132694 
 0.280157 -0.263130 -0.136984 
 0.267661 -0.256003 -0.141273 
 0.252640 -0.250135 -0.134869 
 0.240127 -0.242998 -0.139164 
 0.227615 -0.235862 -0.143459 
 0.209948 -0.231182 -0.126403 
 0.197402 -0.224026 -0.130710 
 0.179632 -0.219288 -0.113689 
 0.167052 -0.212112 -0.118007 
 0.165052 -0.200179 -0.164936 
 0.152540 -0.193043 -0.169232 
 0.056960 -0.222172 0.156336 
 0.043918 -0.214734 0.151858 
 0.030876 -0.207295 0.147381 
 0.023295 -0.197575 0.121658 
 0.004791 -0.192418 0.138427 
 -0.002722 -0.182737 0.112727 
 -0.015730 -0.175317 0.108261 
 -0.028738 -0.167898 0.103796 
 -0.041746 -0.160479 0.099330 
 -0.054754 -0.153060 0.094865 
 -0.067763 -0.145641 0.090399 
 -0.080771 -0.138222 0.085934 
 -0.090894 -0.129750 0.070898 
 -0.103885 -0.122340 0.066438 
 -0.116877 -0.114931 0.061979 
 -0.129868 -0.107521 0.057519 
 -0.142859 -0.100112 0.053059 
 -0.155850 -0.092703 0.048600 
 -0.168841 -0.085293 0.044140 
 -0.181832 -0.077884 0.039680 
 -0.194823 -0.070474 0.035221 
 -0.207814 -0.063065 0.030761 
 -0.214694 -0.053745 0.005278 
 -0.227651 -0.046355 0.000830 
 -0.240608 -0.038965 -0.003618 
 -0.253565 -0.031575 -0.008066 
 -0.266522 -0.024185 -0.012514 
 -0.279479 -0.016795 -0.016962 
 -0.292436 -0.009405 -0.021410 
 -0.305392 -0.002015 -0.025858 
 -0.318349 0.005375 -0.030306 
 -0.331306 0.012765 -0.034754 
 -0.344263 0.020155 -0.039201 
 -0.357220 0.027545 -0.043649 
 -0.370177 0.034934 -0.048097 
 -0.383134 0.042324 -0.052545 
 -0.396091 0.049714 -0.056993 
 -0.409048 0.057104 -0.061441 
 -0.422005 0.064494 -0.065889 
 -0.434962 0.071884 -0.070337 
 -0.447919 0.079274 -0.074785 
 -0.454115 0.088204 -0.100033 
 -0.467037 0.095575 -0.104469 
 -0.479960 0.102945 -0.108905 
 -0.492883 0.110316 -0.113341 
 -0.502357 0.118417 -0.128154 
 -0.515263 0.125778 -0.132584 
 -0.528168 0.133139 -0.137015 
 -0.541074 0.140499 -0.141445 
 -0.553979 0.147860 -0.145875 
 -0.570419 0.154538 -0.139958 
 -0.583342 0.161909 -0.144395 
 -0.596265 0.169279 -0.148831 
 -0.605602 0.177303 -0.163597 
 -0.618508 0.184663 -0.168027 
 -0.631413 0.192024 -0.172457 
 -0.647956 0.198761 -0.166576 
 -0.649917 0.207974 -0.201931 
 -0.670130 0.214106 -0.185748 
 -0.683036 0.221467 -0.190179 
 -0.695941 0.228827 -0.194609 
 -0.712569 0.235613 -0.188757 
 0.412800 -0.414594 0.159151 
 0.402189 -0.405821 0.143953 
 0.389334 -0.398490 0.139540 
 0.381068 -0.388335 0.113591 
 0.368247 -0.381023 0.109190 
 0.360083 -0.370927 0.083276 
 0.347297 -0.363634 0.078887 
 0.329787 -0.359087 0.095987 
 0.316967 -0.351775 0.091586 
 0.304146 -0.344464 0.087185 
 0.337184 -0.311626 -0.121031 
 0.324689 -0.304499 -0.125321 
 0.312193 -0.297373 -0.129610 
 0.299698 -0.290246 -0.133900 
 0.287202 -0.283119 -0.138189 
 0.274707 -0.275993 -0.142479 
 0.259695 -0.270151 -0.136076 
 0.242117 -0.265565 -0.118999 
 0.229570 -0.258409 -0.123306 
 0.217023 -0.251253 -0.127613 
 0.199307 -0.246589 -0.110583 
 0.184125 -0.240650 -0.104240 
 0.166290 -0.235917 -0.087251 
 0.158929 -0.226279 -0.112889 
 0.159595 -0.213059 -0.170439 
 0.147083 -0.205923 -0.174734 
 0.056646 -0.233222 0.129334 
 0.043638 -0.225803 0.124868 
 0.030630 -0.218384 0.120403 
 0.017622 -0.210965 0.115937 
 0.004613 -0.203546 0.111472 
 -0.008395 -0.196127 0.107006 
 -0.021403 -0.188707 0.102541 
 -0.031604 -0.180169 0.087483 
 -0.044596 -0.172760 0.083024 
 -0.057587 -0.165350 0.078564 
 -0.073436 -0.159031 0.084679 
 -0.086444 -0.151612 0.080213 
 -0.096560 -0.143122 0.065185 
 -0.109551 -0.135713 0.060725 
 -0.122542 -0.128303 0.056266 
 -0.135533 -0.120894 0.051806 
 -0.148525 -0.113484 0.047346 
 -0.161516 -0.106075 0.042887 
 -0.174507 -0.098665 0.038427 
 -0.187498 -0.091256 0.033967 
 -0.200489 -0.083847 0.029508 
 -0.207388 -0.074472 0.004028 
 -0.220345 -0.067082 -0.000420 
 -0.233302 -0.059692 -0.004868 
 -0.246259 -0.052302 -0.009316 
 -0.259216 -0.044912 -0.013764 
 -0.272172 -0.037522 -0.018212 
 -0.285129 -0.030132 -0.022660 
 -0.298086 -0.022742 -0.027108 
 -0.311043 -0.015352 -0.031556 
 -0.324000 -0.007962 -0.036003 
 -0.336957 -0.000572 -0.040451 
 -0.349914 0.006818 -0.044899 
 -0.362871 0.014208 -0.049347 
 -0.375828 0.021597 -0.053795 
 -0.388785 0.028987 -0.058243 
 -0.401742 0.036377 -0.062691 
 -0.414699 0.043767 -0.067139 
 -0.427655 0.051157 -0.071587 
 -0.440612 0.058547 -0.076035 
 -0.453569 0.065937 -0.080483 
 -0.459751 0.074902 -0.105716 
 -0.472673 0.082273 -0.110152 
 -0.485596 0.089643 -0.114588 
 -0.498519 0.097014 -0.119024 
 -0.507985 0.105133 -0.133830 
 -0.520891 0.112493 -0.138260 
 -0.533797 0.119854 -0.142690 
 -0.546702 0.127215 -0.147120 
 -0.559608 0.134576 -0.151551 
 -0.576055 0.141236 -0.145641 
 -0.588978 0.148607 -0.150078 
 -0.601901 0.155977 -0.154514 
 -0.611230 0.164018 -0.169272 
 -0.624136 0.171379 -0.173702 
 -0.637042 0.178740 -0.178133 
 -0.653592 0.185459 -0.172258 
 -0.655530 0.194725 -0.207591 
 -0.675759 0.200822 -0.191424 
 -0.681273 0.209407 -0.216428 
 -0.694144 0.216748 -0.220847 
 0.415592 -0.438121 0.179478 
 0.407187 -0.427843 0.153491 
 0.394315 -0.420502 0.149072 
 0.383728 -0.411721 0.133887 
 0.370874 -0.404390 0.129475 
 0.362656 -0.394219 0.103552 
 0.349836 -0.386908 0.099152 
 0.337016 -0.379596 0.094751 
 0.324196 -0.372284 0.090350 
 0.311376 -0.364972 0.085949 
 0.298555 -0.357660 0.081548 
 0.280893 -0.353070 0.098586 
 0.319239 -0.317361 -0.130816 
 0.306744 -0.310235 -0.135105 
 0.294248 -0.303108 -0.139395 
 0.281753 -0.295981 -0.143684 
 0.266751 -0.290167 -0.137283 
 0.254238 -0.283030 -0.141578 
 0.236645 -0.278479 -0.124517 
 0.218982 -0.273890 -0.107478 
 0.203827 -0.267988 -0.101130 
 0.191229 -0.260802 -0.105455 
 0.173413 -0.256125 -0.088470 
 0.160781 -0.248920 -0.092806 
 0.148149 -0.241715 -0.097143 
 0.135516 -0.234511 -0.101479 
 0.066659 -0.252817 0.117448 
 0.053668 -0.245407 0.112988 
 0.040676 -0.237998 0.108528 
 0.027685 -0.230588 0.104069 
 0.014694 -0.223179 0.099609 
 -0.001060 -0.216936 0.105751 
 -0.014068 -0.209517 0.101286 
 -0.024279 -0.200951 0.086230 
 -0.037270 -0.193541 0.081770 
 -0.053093 -0.187259 0.087889 
 -0.066101 -0.179840 0.083424 
 -0.079109 -0.172421 0.078958 
 -0.092117 -0.165002 0.074493 
 -0.102226 -0.156494 0.059472 
 -0.115217 -0.149085 0.055012 
 -0.128208 -0.141676 0.050553 
 -0.141199 -0.134266 0.046093 
 -0.154190 -0.126857 0.041633 
 -0.167181 -0.119447 0.037174 
 -0.180172 -0.112038 0.032714 
 -0.193164 -0.104628 0.028254 
 -0.200082 -0.095199 0.002778 
 -0.213039 -0.087809 -0.001670 
 -0.225996 -0.080419 -0.006118 
 -0.238953 -0.073029 -0.010566 
 -0.251909 -0.065639 -0.015014 
 -0.264866 -0.058249 -0.019462 
 -0.277823 -0.050859 -0.023910 
 -0.290780 -0.043469 -0.028358 
 -0.303737 -0.036079 -0.032806 
 -0.316694 -0.028689 -0.037253 
 -0.329651 -0.021300 -0.041701 
 -0.342608 -0.013910 -0.046149 
 -0.355565 -0.006520 -0.050597 
 -0.368522 0.000870 -0.055045 
 -0.381479 0.008260 -0.059493 
 -0.394436 0.015650 -0.063941 
 -0.407392 0.023040 -0.068389 
 -0.420349 0.030430 -0.072837 
 -0.433306 0.037820 -0.077285 
 -0.446263 0.045210 -0.081733 
 -0.459220 0.052600 -0.086181 
 -0.465387 0.061600 -0.111399 
 -0.478309 0.068971 -0.115835 
 -0.491232 0.076341 -0.120271 
 -0.504155 0.083712 -0.124707 
 -0.513614 0.091848 -0.139505 
 -0.526519 0.099209 -0.143935 
 -0.539425 0.106570 -0.148365 
 -0.552331 0.113931 -0.152796 
 -0.565236 0.121291 -0.157226 
 -0.581691 0.127934 -0.151324 
 -0.594614 0.135305 -0.155760 
 -0.607537 0.142675 -0.160197 
 -0.620459 0.150046 -0.164633 
 -0.633382 0.157416 -0.169069 
 -0.646305 0.164786 -0.173505 
 -0.659227 0.172157 -0.177941 
 -0.668481 0.180177 -0.192669 
 -0.681387 0.187537 -0.197099 
 -0.694293 0.194898 -0.201529 
 -0.699758 0.203499 -0.226507 
 0.409964 -0.451405 0.173803 
 0.397058 -0.444044 0.169372 
 0.388702 -0.433751 0.143412 
 0.375831 -0.426410 0.138993 
 0.365268 -0.417622 0.123822 
 0.352413 -0.410290 0.119409 
 0.344245 -0.400104 0.093514 
 0.331425 -0.392792 0.089113 
 0.318605 -0.385480 0.084712 
 0.305784 -0.378168 0.080311 
 0.292964 -0.370856 0.075910 
 0.280144 -0.363544 0.071509 
 0.272215 -0.353495 0.045695 
 0.301294 -0.323097 -0.140600 
 0.288799 -0.315970 -0.144889 
 0.276303 -0.308843 -0.149179 
 0.261294 -0.303047 -0.142785 
 0.248781 -0.295910 -0.147081 
 0.236269 -0.288774 -0.151376 
 0.223756 -0.281637 -0.155671 
 0.198333 -0.280955 -0.106670 
 0.185735 -0.273770 -0.110995 
 0.160054 -0.272942 -0.062082 
 0.147371 -0.265708 -0.066436 
 0.134687 -0.258474 -0.070790 
 0.073984 -0.273599 0.116194 
 0.058308 -0.267422 0.122359 
 0.045300 -0.260002 0.117893 
 0.032292 -0.252583 0.113428 
 0.022020 -0.243961 0.098356 
 0.009029 -0.236551 0.093896 
 -0.006733 -0.230326 0.100031 
 -0.019741 -0.222906 0.095566 
 -0.032749 -0.215487 0.091100 
 -0.042936 -0.206914 0.076057 
 -0.058766 -0.200649 0.082169 
 -0.071774 -0.193230 0.077703 
 -0.084782 -0.185811 0.073238 
 -0.097790 -0.178392 0.068772 
 -0.107892 -0.169867 0.053759 
 -0.120883 -0.162457 0.049299 
 -0.133874 -0.155048 0.044840 
 -0.146865 -0.147638 0.040380 
 -0.153905 -0.138096 0.014872 
 -0.166862 -0.130706 0.010424 
 -0.179819 -0.123316 0.005976 
 -0.192776 -0.115926 0.001528 
 -0.205733 -0.108536 -0.002920 
 -0.218690 -0.101146 -0.007368 
 -0.231646 -0.093756 -0.011816 
 -0.238413 -0.084369 -0.037230 
 -0.251336 -0.076999 -0.041666 
 -0.270517 -0.071586 -0.025160 
 -0.277181 -0.062258 -0.050539 
 -0.296431 -0.056806 -0.034055 
 -0.309388 -0.049416 -0.038503 
 -0.322345 -0.042027 -0.042951 
 -0.335302 -0.034637 -0.047399 
 -0.348259 -0.027247 -0.051847 
 -0.361216 -0.019857 -0.056295 
 -0.374172 -0.012467 -0.060743 
 -0.387129 -0.005077 -0.065191 
 -0.400086 0.002313 -0.069639 
 -0.413043 0.009703 -0.074087 
 -0.426000 0.017093 -0.078535 
 -0.438957 0.024483 -0.082983 
 -0.451914 0.031873 -0.087431 
 -0.464871 0.039263 -0.091878 
 -0.477828 0.046653 -0.096326 
 -0.490785 0.054043 -0.100774 
 -0.496868 0.063039 -0.125954 
 -0.509791 0.070410 -0.130390 
 -0.522713 0.077780 -0.134826 
 -0.535636 0.085151 -0.139262 
 -0.545053 0.093285 -0.154041 
 -0.557959 0.100646 -0.158471 
 -0.570865 0.108007 -0.162901 
 -0.583770 0.115367 -0.167332 
 -0.600250 0.122003 -0.161443 
 -0.613172 0.129373 -0.165879 
 -0.622487 0.137450 -0.180623 
 -0.635393 0.144810 -0.185053 
 -0.648299 0.152171 -0.189483 
 -0.664863 0.158855 -0.183624 
 -0.677786 0.166225 -0.188060 
 -0.687015 0.174253 -0.202774 
 -0.699921 0.181614 -0.207205 
 0.415010 -0.473563 0.183333 
 0.404335 -0.464689 0.168127 
 0.391430 -0.457329 0.163697 
 0.378524 -0.449968 0.159267 
 0.370217 -0.439659 0.133333 
 0.357345 -0.432318 0.128914 
 0.346807 -0.423522 0.113756 
 0.333953 -0.416190 0.109344 
 0.321099 -0.408859 0.104931 
 0.308244 -0.401527 0.100518 
 0.295390 -0.394196 0.096105 
 0.282536 -0.386864 0.091693 
 0.274553 -0.376741 0.065871 
 0.261733 -0.369429 0.061470 
 0.243972 -0.364870 0.078455 
 0.231118 -0.357539 0.074042 
 0.218264 -0.350207 0.069629 
 0.205409 -0.342876 0.065216 
 0.192555 -0.335544 0.060804 
 0.179701 -0.328213 0.056391 
 0.166846 -0.320882 0.051978 
 0.151402 -0.314859 0.058217 
 0.138531 -0.307517 0.053799 
 0.112540 -0.306621 0.102580 
 0.099583 -0.299231 0.098132 
 0.086626 -0.291841 0.093684 
 0.068318 -0.286971 0.110481 
 0.052635 -0.280812 0.116638 
 0.039627 -0.273392 0.112173 
 0.026619 -0.265973 0.107707 
 0.016354 -0.257333 0.092643 
 0.000602 -0.251135 0.098776 
 -0.012406 -0.243716 0.094311 
 -0.025414 -0.236296 0.089845 
 -0.038422 -0.228877 0.085380 
 -0.051431 -0.221458 0.080914 
 -0.064439 -0.214039 0.076448 
 -0.077447 -0.206620 0.071983 
 -0.090455 -0.199201 0.067517 
 -0.103463 -0.191781 0.063052 
 -0.113557 -0.183239 0.048046 
 -0.120685 -0.173603 0.022518 
 -0.133642 -0.166213 0.018070 
 -0.152530 -0.161011 0.034667 
 -0.159556 -0.151433 0.009174 
 -0.172513 -0.144043 0.004726 
 -0.185470 -0.136653 0.000278 
 -0.198426 -0.129263 -0.004170 
 -0.211383 -0.121873 -0.008618 
 -0.224340 -0.114483 -0.013066 
 -0.237297 -0.107093 -0.017514 
 -0.244049 -0.097671 -0.042913 
 -0.256972 -0.090301 -0.047349 
 -0.269895 -0.082930 -0.051785 
 -0.282817 -0.075560 -0.056221 
 -0.302082 -0.070144 -0.039753 
 -0.315039 -0.062754 -0.044201 
 -0.327996 -0.055364 -0.048649 
 -0.340953 -0.047974 -0.053097 
 -0.353909 -0.040584 -0.057545 
 -0.366866 -0.033194 -0.061993 
 -0.379823 -0.025804 -0.066441 
 -0.392780 -0.018414 -0.070889 
 -0.405737 -0.011024 -0.075337 
 -0.418694 -0.003634 -0.079785 
 -0.431651 0.003756 -0.084233 
 -0.444608 0.011146 -0.088680 
 -0.457565 0.018536 -0.093128 
 -0.470522 0.025926 -0.097576 
 -0.483479 0.033315 -0.102024 
 -0.496436 0.040705 -0.106472 
 -0.502504 0.049737 -0.131637 
 -0.515426 0.057108 -0.136073 
 -0.528349 0.064478 -0.140509 
 -0.537776 0.072640 -0.155286 
 -0.550682 0.080001 -0.159716 
 -0.563588 0.087362 -0.164146 
 -0.569399 0.096248 -0.189223 
 -0.589399 0.102083 -0.173007 
 -0.595142 0.110930 -0.198060 
 -0.636800 0.112405 -0.120035 
 -0.646193 0.120548 -0.134800 
 -0.659184 0.127957 -0.139259 
 -0.653927 0.138886 -0.195159 
 -0.670499 0.145553 -0.189307 
 -0.683422 0.152923 -0.193743 
 0.409374 -0.486865 0.177650 
 0.398707 -0.477974 0.162452 
 0.383529 -0.472124 0.168777 
 0.370606 -0.464754 0.164341 
 0.359990 -0.455892 0.149161 
 0.351732 -0.445567 0.123254 
 0.338861 -0.438226 0.118836 
 0.328347 -0.429422 0.103691 
 0.313118 -0.423543 0.109998 
 0.302638 -0.414759 0.094865 
 0.289784 -0.407428 0.090453 
 0.276930 -0.400096 0.086040 
 0.264075 -0.392765 0.081627 
 0.251221 -0.385433 0.077214 
 0.235889 -0.379496 0.083487 
 0.225512 -0.370770 0.068389 
 0.210146 -0.364814 0.074650 
 0.192217 -0.360203 0.091567 
 0.179311 -0.352842 0.087137 
 0.163843 -0.346827 0.093362 
 0.150920 -0.339457 0.088926 
 0.137997 -0.332086 0.084490 
 0.114617 -0.329981 0.122607 
 0.101626 -0.322572 0.118147 
 0.088635 -0.315162 0.113688 
 0.072978 -0.309040 0.119849 
 0.059970 -0.301621 0.115383 
 0.046962 -0.294202 0.110918 
 0.033954 -0.286782 0.106452 
 0.020945 -0.279363 0.101987 
 0.007937 -0.271944 0.097521 
 -0.005071 -0.264525 0.093056 
 -0.018079 -0.257106 0.088590 
 -0.031087 -0.249686 0.084125 
 -0.044096 -0.242267 0.079659 
 -0.054267 -0.233659 0.064632 
 -0.070112 -0.227429 0.070728 
 -0.083120 -0.220010 0.066263 
 -0.093241 -0.211430 0.051253 
 -0.106232 -0.204021 0.046793 
 -0.113379 -0.194330 0.021268 
 -0.126336 -0.186940 0.016820 
 -0.139293 -0.179550 0.012372 
 -0.152250 -0.172160 0.007924 
 -0.165206 -0.164770 0.003476 
 -0.178163 -0.157380 -0.000972 
 -0.191120 -0.149990 -0.005420 
 -0.197994 -0.140455 -0.030851 
 -0.210917 -0.133085 -0.035287 
 -0.229991 -0.127820 -0.018764 
 -0.236762 -0.118344 -0.044160 
 -0.249685 -0.110973 -0.048596 
 -0.262608 -0.103603 -0.053032 
 -0.275530 -0.096232 -0.057468 
 -0.288453 -0.088862 -0.061904 
 -0.301376 -0.081491 -0.066340 
 -0.314299 -0.074121 -0.070777 
 -0.327221 -0.066751 -0.075213 
 -0.346603 -0.061311 -0.058795 
 -0.359560 -0.053921 -0.063243 
 -0.372517 -0.046531 -0.067691 
 -0.385474 -0.039141 -0.072139 
 -0.398431 -0.031751 -0.076587 
 -0.411388 -0.024361 -0.081035 
 -0.424345 -0.016971 -0.085483 
 -0.437302 -0.009581 -0.089930 
 -0.450259 -0.002192 -0.094378 
 -0.463216 0.005198 -0.098826 
 -0.476173 0.012588 -0.103274 
 -0.489129 0.019978 -0.107722 
 -0.495217 0.029065 -0.132883 
 -0.508140 0.036435 -0.137319 
 -0.521062 0.043806 -0.141756 
 -0.533985 0.051176 -0.146192 
 -0.546908 0.058547 -0.150628 
 -0.559831 0.065917 -0.155064 
 -0.569216 0.074077 -0.169822 
 -0.582122 0.081438 -0.174252 
 -0.595027 0.088799 -0.178682 
 -0.600755 0.097681 -0.203721 
 -0.642473 0.099015 -0.125755 
 -0.651858 0.107175 -0.140513 
 -0.664849 0.114585 -0.144972 
 0.377893 -0.485426 0.163094 
 0.364970 -0.478056 0.158658 
 0.352047 -0.470685 0.154222 
 0.341456 -0.461815 0.139055 
 0.328550 -0.454455 0.134625 
 0.320376 -0.444134 0.108757 
 0.307504 -0.436792 0.104338 
 0.294633 -0.429451 0.099920 
 0.281761 -0.422110 0.095501 
 0.268890 -0.414769 0.091082 
 0.258469 -0.405996 0.075974 
 0.245615 -0.398665 0.071562 
 0.230275 -0.392745 0.077827 
 0.217404 -0.385404 0.073408 
 0.199494 -0.380848 0.090322 
 0.184052 -0.374870 0.096552 
 0.171129 -0.367499 0.092116 
 0.158207 -0.360129 0.087679 
 0.140109 -0.355465 0.104528 
 0.127152 -0.348075 0.100080 
 0.108951 -0.343353 0.116894 
 0.093321 -0.337268 0.123060 
 0.080313 -0.329849 0.118594 
 0.061959 -0.325039 0.135355 
 0.054297 -0.315011 0.109663 
 0.041289 -0.307591 0.105197 
 0.028281 -0.300172 0.100732 
 0.015272 -0.292753 0.096266 
 0.002264 -0.285334 0.091801 
 -0.010744 -0.277915 0.087335 
 -0.023752 -0.270496 0.082870 
 -0.036760 -0.263076 0.078404 
 -0.049769 -0.255657 0.073939 
 -0.062777 -0.248238 0.069473 
 -0.075785 -0.240819 0.065008 
 -0.088793 -0.233400 0.060542 
 -0.098906 -0.224803 0.045540 
 -0.111897 -0.217393 0.041080 
 -0.119030 -0.207667 0.015570 
 -0.131986 -0.200277 0.011122 
 -0.144943 -0.192887 0.006674 
 -0.157900 -0.185497 0.002226 
 -0.170857 -0.178107 -0.002222 
 -0.183814 -0.170717 -0.006670 
 -0.196771 -0.163327 -0.011118 
 -0.209728 -0.155937 -0.015566 
 -0.222685 -0.148547 -0.020014 
 -0.229475 -0.139016 -0.045406 
 -0.242398 -0.131646 -0.049842 
 -0.255321 -0.124275 -0.054279 
 -0.268244 -0.116905 -0.058715 
 -0.281166 -0.109534 -0.063151 
 -0.300426 -0.104208 -0.046701 
 -0.313383 -0.096818 -0.051149 
 -0.326340 -0.089428 -0.055597 
 -0.339297 -0.082038 -0.060045 
 -0.352254 -0.074648 -0.064493 
 -0.365211 -0.067258 -0.068941 
 -0.378168 -0.059868 -0.073389 
 -0.391125 -0.052478 -0.077837 
 -0.404082 -0.045088 -0.082285 
 -0.417039 -0.037698 -0.086732 
 -0.429996 -0.030308 -0.091180 
 -0.442953 -0.022919 -0.095628 
 -0.455909 -0.015529 -0.100076 
 -0.468866 -0.008139 -0.104524 
 -0.475007 0.001022 -0.129694 
 -0.487930 0.008393 -0.134130 
 -0.500853 0.015763 -0.138566 
 -0.520694 0.021421 -0.122316 
 -0.526698 0.030504 -0.147438 
 -0.539621 0.037874 -0.151875 
 -0.552544 0.045245 -0.156311 
 -0.565466 0.052615 -0.160747 
 -0.578389 0.059986 -0.165183 
 -0.591312 0.067356 -0.169619 
 -0.600656 0.075514 -0.184358 
 0.367683 -0.501821 0.178893 
 0.354726 -0.494431 0.174445 
 0.346412 -0.483987 0.148539 
 0.335828 -0.475100 0.133380 
 0.322922 -0.467739 0.128950 
 0.314762 -0.457383 0.103096 
 0.301891 -0.450042 0.098678 
 0.289019 -0.442700 0.094259 
 0.276148 -0.435359 0.089841 
 0.263276 -0.428018 0.085422 
 0.250405 -0.420677 0.081004 
 0.237533 -0.413336 0.076585 
 0.224662 -0.405994 0.072166 
 0.211790 -0.398653 0.067748 
 0.191339 -0.395542 0.095305 
 0.178416 -0.388172 0.090869 
 0.165493 -0.380801 0.086433 
 0.147415 -0.376192 0.103278 
 0.134458 -0.368803 0.098830 
 0.121501 -0.361413 0.094382 
 0.103286 -0.356726 0.111181 
 0.090294 -0.349316 0.106722 
 0.074640 -0.343239 0.112874 
 0.056271 -0.338464 0.129619 
 0.043229 -0.331026 0.125142 
 0.035615 -0.320981 0.099477 
 0.022607 -0.313562 0.095011 
 0.009599 -0.306143 0.090546 
 -0.003409 -0.298724 0.086080 
 -0.016417 -0.291305 0.081615 
 -0.029426 -0.283886 0.077149 
 -0.042434 -0.276466 0.072684 
 -0.055442 -0.269047 0.068218 
 -0.065599 -0.260403 0.053206 
 -0.078590 -0.252994 0.048746 
 -0.091581 -0.245584 0.044286 
 -0.104572 -0.238175 0.039827 
 -0.117563 -0.230766 0.035367 
 -0.124680 -0.221004 0.009872 
 -0.137637 -0.213614 0.005424 
 -0.150594 -0.206224 0.000976 
 -0.163551 -0.198834 -0.003472 
 -0.176508 -0.191444 -0.007920 
 -0.189465 -0.184054 -0.012368 
 -0.202422 -0.176664 -0.016816 
 -0.215379 -0.169274 -0.021264 
 -0.228336 -0.161884 -0.025711 
 -0.235111 -0.152318 -0.051089 
 -0.248034 -0.144948 -0.055525 
 -0.260957 -0.137577 -0.059961 
 -0.273879 -0.130207 -0.064398 
 -0.286802 -0.122836 -0.068834 
 -0.306077 -0.117545 -0.052399 
 -0.319034 -0.110155 -0.056847 
 -0.331991 -0.102765 -0.061295 
 -0.344948 -0.095375 -0.065743 
 -0.357905 -0.087985 -0.070191 
 -0.370862 -0.080595 -0.074639 
 -0.383819 -0.073205 -0.079087 
 -0.396776 -0.065815 -0.083534 
 -0.409733 -0.058425 -0.087982 
 -0.422689 -0.051035 -0.092430 
 -0.435646 -0.043646 -0.096878 
 -0.448603 -0.036256 -0.101326 
 -0.461560 -0.028866 -0.105774 
 -0.474517 -0.021476 -0.110222 
 -0.480643 -0.012280 -0.135377 
 -0.493566 -0.004909 -0.139813 
 -0.506489 0.002461 -0.144249 
 -0.526345 0.008084 -0.128014 
 -0.532334 0.017202 -0.153121 
 -0.545257 0.024572 -0.157557 
 -0.558180 0.031943 -0.161994 
 -0.571102 0.039313 -0.166430 
 0.362032 -0.515158 0.173195 
 0.349075 -0.507768 0.168747 
 0.336118 -0.500379 0.164299 
 0.327853 -0.489919 0.138420 
 0.314930 -0.482549 0.133984 
 0.304388 -0.473663 0.118844 
 0.291482 -0.466302 0.114414 
 0.283406 -0.455950 0.088599 
 0.270534 -0.448608 0.084180 
 0.257663 -0.441267 0.079762 
 0.247257 -0.432460 0.064669 
 0.231920 -0.426585 0.070925 
 0.219048 -0.419244 0.066506 
 0.206177 -0.411903 0.062088 
 0.188237 -0.407417 0.078971 
 0.172780 -0.401474 0.085186 
 0.159858 -0.394103 0.080750 
 0.141764 -0.389530 0.097580 
 0.128807 -0.382140 0.093132 
 0.115850 -0.374750 0.088684 
 0.097620 -0.370098 0.105468 
 0.084629 -0.362689 0.101009 
 0.068967 -0.356629 0.107153 
 0.055959 -0.349210 0.102688 
 0.037541 -0.344451 0.119406 
 0.029942 -0.334371 0.093757 
 0.011456 -0.329573 0.110452 
 0.003926 -0.319533 0.084826 
 -0.014629 -0.314696 0.101497 
 -0.027671 -0.307257 0.097020 
 -0.035099 -0.297275 0.071429 
 -0.048107 -0.289856 0.066963 
 -0.061115 -0.282437 0.062498 
 -0.071264 -0.273776 0.047493 
 -0.087131 -0.267599 0.053567 
 -0.097247 -0.258957 0.038574 
 -0.110238 -0.251547 0.034114 
 -0.123229 -0.244138 0.029654 
 -0.130331 -0.234341 0.004174 
 -0.143288 -0.226951 -0.000274 
 -0.156245 -0.219561 -0.004722 
 -0.169202 -0.212171 -0.009170 
 -0.182159 -0.204781 -0.013618 
 -0.195116 -0.197391 -0.018066 
 -0.208073 -0.190001 -0.022514 
 -0.214902 -0.180361 -0.047899 
 -0.233986 -0.175222 -0.031409 
 -0.240747 -0.165620 -0.056772 
 -0.253670 -0.158250 -0.061208 
 -0.266593 -0.150879 -0.065644 
 -0.279515 -0.143509 -0.070080 
 -0.292438 -0.136138 -0.074517 
 -0.311728 -0.130882 -0.058097 
 -0.324685 -0.123492 -0.062545 
 -0.337642 -0.116102 -0.066993 
 -0.350599 -0.108712 -0.071441 
 -0.370060 -0.103359 -0.055079 
 -0.376513 -0.093932 -0.080336 
 -0.389470 -0.086542 -0.084784 
 -0.402426 -0.079152 -0.089232 
 -0.415383 -0.071763 -0.093680 
 -0.428340 -0.064373 -0.098128 
 -0.441297 -0.056983 -0.102576 
 -0.454254 -0.049593 -0.107024 
 -0.467211 -0.042203 -0.111472 
 -0.473356 -0.032952 -0.136623 
 -0.486279 -0.025582 -0.141059 
 -0.499202 -0.018211 -0.145496 
 -0.512125 -0.010841 -0.149932 
 0.351776 -0.531659 0.188949 
 0.338785 -0.524250 0.184489 
 0.330467 -0.513716 0.158601 
 0.317510 -0.506326 0.154153 
 0.304553 -0.498936 0.149705 
 0.296372 -0.488480 0.123865 
 0.283449 -0.481110 0.119429 
 0.272948 -0.472226 0.104308 
 0.260042 -0.464865 0.099878 
 0.247137 -0.457504 0.095448 
 0.239178 -0.447175 0.069683 
 0.226306 -0.439834 0.065264 
 0.208420 -0.435422 0.082157 
 0.195514 -0.428062 0.077726 
 0.180067 -0.422146 0.083939 
 0.167144 -0.414776 0.079503 
 0.154222 -0.407405 0.075067 
 0.136113 -0.402867 0.091882 
 0.123157 -0.395477 0.087435 
 0.104945 -0.390880 0.104215 
 0.091954 -0.383471 0.099756 
 0.078963 -0.376061 0.095296 
 0.063294 -0.370019 0.101433 
 0.044895 -0.365315 0.118148 
 0.031853 -0.357876 0.113671 
 0.024269 -0.347761 0.088036 
 0.005768 -0.342998 0.104716 
 -0.001747 -0.332923 0.079105 
 -0.020317 -0.328121 0.095762 
 -0.033359 -0.320682 0.091285 
 -0.040772 -0.310665 0.065708 
 -0.053780 -0.303246 0.061243 
 -0.066788 -0.295827 0.056777 
 -0.076930 -0.287148 0.041780 
 -0.089921 -0.279739 0.037320 
 -0.097111 -0.269848 0.011820 
 -0.110068 -0.262458 0.007372 
 -0.123025 -0.255068 0.002924 
 -0.135982 -0.247678 -0.001524 
 -0.148939 -0.240288 -0.005972 
 -0.161896 -0.232898 -0.010420 
 -0.174853 -0.225508 -0.014868 
 -0.187810 -0.218118 -0.019316 
 -0.200766 -0.210729 -0.023763 
 -0.213723 -0.203339 -0.028211 
 -0.226680 -0.195949 -0.032659 
 -0.239637 -0.188559 -0.037107 
 -0.246383 -0.178922 -0.062455 
 -0.259306 -0.171551 -0.066891 
 -0.272228 -0.164181 -0.071327 
 -0.291465 -0.158999 -0.054899 
 -0.304422 -0.151609 -0.059347 
 -0.317379 -0.144219 -0.063795 
 -0.330336 -0.136829 -0.068243 
 -0.343293 -0.129439 -0.072691 
 -0.362735 -0.124140 -0.056332 
 -0.375726 -0.116731 -0.060792 
 -0.388717 -0.109322 -0.065252 
 -0.401708 -0.101912 -0.069711 
 -0.414699 -0.094503 -0.074171 
 -0.421034 -0.085100 -0.099378 
 -0.433991 -0.077710 -0.103826 
 -0.440224 -0.068365 -0.128997 
 -0.453147 -0.060995 -0.133434 
 -0.466069 -0.053625 -0.137870 
 -0.478992 -0.046254 -0.142306 
 -0.491915 -0.038884 -0.146742 
 0.346111 -0.545031 0.183236 
 0.333120 -0.537622 0.178776 
 0.324816 -0.527053 0.152903 
 0.311859 -0.519663 0.148455 
 0.298902 -0.512273 0.144007 
 0.285946 -0.504883 0.139560 
 0.277813 -0.494412 0.113746 
 0.264890 -0.487041 0.109310 
 0.254414 -0.478150 0.094203 
 0.241508 -0.470789 0.089772 
 0.233564 -0.460424 0.064023 
 0.215697 -0.456067 0.080912 
 0.202792 -0.448707 0.076481 
 0.189886 -0.441346 0.072051 
 0.174431 -0.435448 0.078257 
 0.161509 -0.428078 0.073820 
 0.148586 -0.420707 0.069384 
 0.130463 -0.416204 0.086185 
 0.117506 -0.408814 0.081737 
 0.099280 -0.404252 0.098502 
 0.086289 -0.396843 0.094043 
 0.073297 -0.389433 0.089583 
 0.057621 -0.383409 0.095712 
 0.044612 -0.375990 0.091247 
 0.026164 -0.371301 0.107936 
 0.018596 -0.361151 0.082316 
 0.005588 -0.353732 0.077850 
 -0.007420 -0.346313 0.073385 
 -0.020429 -0.338894 0.068919 
 -0.033437 -0.331475 0.064454 
 -0.046445 -0.324055 0.059988 
 -0.059453 -0.316636 0.055523 
 -0.069605 -0.307930 0.040527 
 -0.082596 -0.300520 0.036067 
 -0.095587 -0.293111 0.031607 
 -0.102762 -0.283185 0.006122 
 -0.115719 -0.275795 0.001674 
 -0.128676 -0.268405 -0.002774 
 -0.141633 -0.261015 -0.007222 
 -0.154590 -0.253625 -0.011670 
 -0.167547 -0.246235 -0.016118 
 -0.180503 -0.238846 -0.020566 
 -0.193460 -0.231456 -0.025013 
 -0.206417 -0.224066 -0.029461 
 -0.219374 -0.216676 -0.033909 
 -0.232331 -0.209286 -0.038357 
 -0.245288 -0.201896 -0.042805 
 -0.258245 -0.194506 -0.047253 
 -0.264942 -0.184853 -0.072574 
 -0.284159 -0.179726 -0.056149 
 -0.297116 -0.172336 -0.060597 
 -0.310073 -0.164946 -0.065045 
 -0.323030 -0.157556 -0.069493 
 -0.335987 -0.150166 -0.073941 
 -0.348943 -0.142776 -0.078388 
 -0.368400 -0.137513 -0.062045 
 -0.384658 -0.131157 -0.056116 
 -0.394382 -0.122694 -0.070965 
 -0.410675 -0.116318 -0.065047 
 -0.423683 -0.108899 -0.069512 
 -0.433356 -0.100466 -0.084344 
 -0.446347 -0.093056 -0.088803 
 -0.459338 -0.085647 -0.093263 
 -0.458783 -0.074297 -0.139117 
 -0.471705 -0.066927 -0.143553 
 0.340445 -0.558404 0.177523 
 0.327454 -0.550994 0.173063 
 0.314463 -0.543585 0.168604 
 0.306209 -0.533000 0.142758 
 0.293252 -0.525610 0.138310 
 0.280295 -0.518220 0.133862 
 0.267338 -0.510830 0.129414 
 0.259254 -0.500343 0.103627 
 0.248786 -0.491434 0.088527 
 0.235880 -0.484073 0.084097 
 0.222974 -0.476712 0.079667 
 0.210069 -0.469352 0.075236 
 0.197163 -0.461991 0.070806 
 0.184257 -0.454630 0.066376 
 0.171352 -0.447270 0.061945 
 0.155873 -0.441380 0.068138 
 0.142950 -0.434009 0.063701 
 0.124812 -0.429541 0.080487 
 0.106605 -0.425034 0.097249 
 0.098898 -0.414761 0.071591 
 0.085941 -0.407371 0.067143 
 0.072984 -0.399981 0.062695 
 0.051947 -0.396799 0.089992 
 0.038939 -0.389380 0.085526 
 0.025931 -0.381960 0.081061 
 0.012923 -0.374541 0.076595 
 -0.000085 -0.367122 0.072130 
 -0.013094 -0.359703 0.067664 
 -0.026102 -0.352284 0.063199 
 -0.039110 -0.344865 0.058733 
 -0.052118 -0.337445 0.054268 
 -0.065126 -0.330026 0.049802 
 -0.075270 -0.321302 0.034814 
 -0.082499 -0.311302 0.009320 
 -0.095456 -0.303912 0.004872 
 -0.108413 -0.296522 0.000424 
 -0.121370 -0.289132 -0.004024 
 -0.134327 -0.281743 -0.008472 
 -0.147284 -0.274353 -0.012920 
 -0.160240 -0.266963 -0.017368 
 -0.179199 -0.262027 -0.000863 
 -0.186154 -0.252183 -0.026263 
 -0.205182 -0.247208 -0.009783 
 -0.218173 -0.239798 -0.014242 
 -0.225025 -0.230013 -0.039607 
 -0.237982 -0.222623 -0.044055 
 -0.250939 -0.215233 -0.048503 
 -0.263896 -0.207843 -0.052951 
 -0.276853 -0.200453 -0.057399 
 -0.289810 -0.193063 -0.061847 
 -0.302767 -0.185673 -0.066295 
 -0.315724 -0.178283 -0.070743 
 -0.328680 -0.170894 -0.075191 
 -0.341637 -0.163504 -0.079638 
 -0.354594 -0.156114 -0.084086 
 -0.374066 -0.150885 -0.067758 
 -0.390331 -0.144547 -0.061836 
 -0.400048 -0.136066 -0.076678 
 -0.413039 -0.128657 -0.081137 
 -0.426030 -0.121247 -0.085597 
 -0.439021 -0.113838 -0.090057 
 -0.452013 -0.106429 -0.094516 
 -0.465004 -0.099019 -0.098976 
 0.319446 -0.565991 0.178047 
 0.308797 -0.556957 0.162891 
 0.295806 -0.549548 0.158431 
 0.282815 -0.542138 0.153971 
 0.274644 -0.531557 0.128164 
 0.261687 -0.524167 0.123716 
 0.248730 -0.516778 0.119268 
 0.240696 -0.506275 0.093508 
 0.227773 -0.498904 0.089072 
 0.217346 -0.489997 0.073991 
 0.204440 -0.482636 0.069561 
 0.191535 -0.475276 0.065131 
 0.178629 -0.467915 0.060700 
 0.165723 -0.460554 0.056270 
 0.150237 -0.454682 0.062455 
 0.137314 -0.447311 0.058018 
 0.119161 -0.442878 0.074789 
 0.106204 -0.435488 0.070341 
 0.093247 -0.428098 0.065893 
 0.080290 -0.420708 0.061445 
 0.061966 -0.416178 0.078157 
 0.048975 -0.408769 0.073698 
 0.035984 -0.401359 0.069238 
 0.022993 -0.393950 0.064778 
 0.010002 -0.386540 0.060319 
 -0.005759 -0.380512 0.066409 
 -0.015981 -0.371722 0.051399 
 -0.028972 -0.364312 0.046940 
 -0.041963 -0.356903 0.042480 
 -0.054954 -0.349493 0.038020 
 -0.067945 -0.342084 0.033561 
 -0.075193 -0.332029 0.008070 
 -0.088150 -0.324639 0.003622 
 -0.101107 -0.317249 -0.000826 
 -0.114064 -0.309859 -0.005274 
 -0.127020 -0.302470 -0.009722 
 -0.139977 -0.295080 -0.014170 
 -0.152934 -0.287690 -0.018617 
 -0.165891 -0.280300 -0.023065 
 -0.178848 -0.272910 -0.027513 
 -0.191805 -0.265520 -0.031961 
 -0.210847 -0.260580 -0.015496 
 -0.217719 -0.250740 -0.040857 
 -0.230676 -0.243350 -0.045305 
 -0.243633 -0.235960 -0.049753 
 -0.256590 -0.228570 -0.054201 
 -0.269547 -0.221180 -0.058649 
 -0.282504 -0.213790 -0.063097 
 -0.295460 -0.206400 -0.067545 
 -0.308417 -0.199010 -0.071993 
 -0.321374 -0.191621 -0.076440 
 -0.334331 -0.184231 -0.080888 
 -0.347288 -0.176841 -0.085336 
 -0.360245 -0.169451 -0.089784 
 -0.379732 -0.164257 -0.073471 
 -0.396005 -0.157937 -0.067556 
 -0.405714 -0.149439 -0.082390 
 -0.418705 -0.142029 -0.086850 
 -0.431696 -0.134620 -0.091310 
 0.313773 -0.579381 0.172327 
 0.303131 -0.570330 0.157178 
 0.290140 -0.562920 0.152718 
 0.277149 -0.555511 0.148258 
 0.264158 -0.548101 0.143799 
 0.256036 -0.537505 0.118018 
 0.243079 -0.530115 0.113570 
 0.235060 -0.519577 0.087825 
 0.222137 -0.512206 0.083389 
 0.211717 -0.503281 0.068316 
 0.198812 -0.495921 0.063886 
 0.185906 -0.488560 0.059455 
 0.170446 -0.482725 0.065644 
 0.157524 -0.475354 0.061208 
 0.144601 -0.467984 0.056772 
 0.131678 -0.460613 0.052336 
 0.113510 -0.456215 0.069091 
 0.100553 -0.448825 0.064643 
 0.082283 -0.444369 0.081364 
 0.069291 -0.436960 0.076904 
 0.056300 -0.429550 0.072444 
 0.043309 -0.422141 0.067985 
 0.030318 -0.414732 0.063525 
 0.014585 -0.408740 0.069620 
 0.001576 -0.401321 0.065154 
 -0.011432 -0.393902 0.060689 
 -0.021646 -0.385094 0.045686 
 -0.034637 -0.377684 0.041227 
 -0.050456 -0.371644 0.047292 
 -0.060620 -0.362866 0.032307 
 -0.073611 -0.355456 0.027848 
 -0.086602 -0.348047 0.023388 
 -0.099593 -0.340637 0.018928 
 -0.112584 -0.333228 0.014469 
 -0.119714 -0.323197 -0.010972 
 -0.132671 -0.315807 -0.015420 
 -0.145628 -0.308417 -0.019867 
 -0.158585 -0.301027 -0.024315 
 -0.171542 -0.293637 -0.028763 
 -0.190531 -0.288771 -0.012289 
 -0.203522 -0.281362 -0.016749 
 -0.210413 -0.271467 -0.042107 
 -0.223370 -0.264077 -0.046555 
 -0.242495 -0.259133 -0.030128 
 -0.255486 -0.251724 -0.034587 
 -0.268477 -0.244315 -0.039047 
 -0.281468 -0.236905 -0.043507 
 -0.294460 -0.229496 -0.047966 
 -0.307451 -0.222086 -0.052426 
 -0.323629 -0.215842 -0.046484 
 -0.333433 -0.207267 -0.061345 
 -0.346424 -0.199858 -0.065805 
 -0.359415 -0.192449 -0.070265 
 -0.372406 -0.185039 -0.074724 
 0.297466 -0.583702 0.151465 
 0.284475 -0.576292 0.147005 
 0.271483 -0.568883 0.142546 
 0.258492 -0.561474 0.138086 
 0.250385 -0.550842 0.112320 
 0.237429 -0.543452 0.107872 
 0.229424 -0.532879 0.082142 
 0.216501 -0.525508 0.077706 
 0.206089 -0.516565 0.062641 
 0.193183 -0.509205 0.058210 
 0.180278 -0.501844 0.053780 
 0.167372 -0.494483 0.049350 
 0.151888 -0.488656 0.055525 
 0.138965 -0.481286 0.051089 
 0.120816 -0.476942 0.067841 
 0.107859 -0.469553 0.063393 
 0.094903 -0.462163 0.058945 
 0.076617 -0.457742 0.075651 
 0.063626 -0.450332 0.071191 
 0.050635 -0.442923 0.066731 
 0.037644 -0.435513 0.062272 
 0.021920 -0.429549 0.068365 
 0.008912 -0.422130 0.063900 
 -0.004097 -0.414711 0.059434 
 -0.017105 -0.407292 0.054968 
 -0.027312 -0.398466 0.039973 
 -0.040303 -0.391057 0.035514 
 -0.053294 -0.383647 0.031054 
 -0.066285 -0.376238 0.026594 
 -0.073537 -0.366094 0.001122 
 -0.092268 -0.361419 0.017675 
 -0.105259 -0.354010 0.013216 
 -0.112408 -0.343924 -0.012222 
 -0.125365 -0.336534 -0.016669 
 -0.144232 -0.331781 -0.000163 
 -0.157223 -0.324372 -0.004623 
 -0.170214 -0.316962 -0.009083 
 -0.183205 -0.309553 -0.013542 
 -0.196196 -0.302144 -0.018002 
 -0.212228 -0.296004 -0.012014 
 -0.222179 -0.287325 -0.026921 
 -0.235170 -0.279915 -0.031381 
 -0.251252 -0.273747 -0.025411 
 -0.264261 -0.266327 -0.029876 
 -0.277269 -0.258908 -0.034342 
 -0.290277 -0.251489 -0.038808 
 -0.309605 -0.246473 -0.022461 
 -0.322648 -0.239035 -0.026938 
 -0.335690 -0.231596 -0.031415 
 -0.355155 -0.226502 -0.015114 
 -0.368232 -0.219044 -0.019603 
 -0.365081 -0.205821 -0.075978 
 -0.378072 -0.198412 -0.080437 
 0.291800 -0.597074 0.145752 
 0.278809 -0.589665 0.141292 
 0.265818 -0.582255 0.136833 
 0.252826 -0.574846 0.132373 
 0.239835 -0.567436 0.127913 
 0.231778 -0.556789 0.102174 
 0.218821 -0.549399 0.097726 
 0.205864 -0.542009 0.093279 
 0.197943 -0.531440 0.067587 
 0.185020 -0.524069 0.063151 
 0.172097 -0.516699 0.058715 
 0.159175 -0.509328 0.054279 
 0.146252 -0.501958 0.049842 
 0.133329 -0.494587 0.045406 
 0.115165 -0.490280 0.062143 
 0.102209 -0.482890 0.057695 
 0.089252 -0.475500 0.053247 
 0.070951 -0.471114 0.069938 
 0.057960 -0.463705 0.065478 
 0.042263 -0.457778 0.071576 
 0.029255 -0.450358 0.067110 
 0.016247 -0.442939 0.062645 
 0.003238 -0.435520 0.058179 
 -0.015318 -0.430988 0.074781 
 -0.022778 -0.420682 0.049248 
 -0.035786 -0.413263 0.044783 
 -0.045969 -0.404429 0.029801 
 -0.058960 -0.397020 0.025341 
 -0.071951 -0.389610 0.020882 
 -0.084942 -0.382201 0.016422 
 -0.097933 -0.374791 0.011962 
 -0.110924 -0.367382 0.007503 
 -0.123915 -0.359973 0.003043 
 -0.136907 -0.352563 -0.001417 
 -0.149898 -0.345154 -0.005876 
 -0.162889 -0.337744 -0.010336 
 -0.175880 -0.330335 -0.014796 
 -0.191885 -0.324232 -0.008804 
 -0.204893 -0.316813 -0.013269 
 -0.217901 -0.309394 -0.017735 
 -0.230909 -0.301975 -0.022200 
 -0.250081 -0.297092 -0.005810 
 -0.263124 -0.289653 -0.010287 
 -0.276166 -0.282214 -0.014764 
 -0.289208 -0.274776 -0.019241 
 -0.302251 -0.267337 -0.023719 
 -0.315293 -0.259898 -0.028196 
 -0.334705 -0.254879 -0.011887 
 -0.341378 -0.245021 -0.037150 
 -0.354420 -0.237582 -0.041628 
 -0.373935 -0.232504 -0.025354 
 0.273143 -0.603037 0.135579 
 0.260152 -0.595628 0.131120 
 0.247161 -0.588218 0.126660 
 0.234170 -0.580809 0.122200 
 0.226127 -0.570126 0.096477 
 0.213170 -0.562736 0.092029 
 0.200213 -0.555346 0.087581 
 0.192307 -0.544742 0.061904 
 0.179384 -0.537371 0.057468 
 0.166461 -0.530001 0.053032 
 0.153539 -0.522630 0.048596 
 0.140616 -0.515260 0.044160 
 0.127693 -0.507890 0.039723 
 0.109515 -0.503617 0.056445 
 0.096558 -0.496227 0.051997 
 0.083601 -0.488837 0.047549 
 0.065285 -0.484486 0.064225 
 0.052294 -0.477077 0.059765 
 0.036590 -0.471168 0.065855 
 0.023582 -0.463748 0.061390 
 0.010573 -0.456329 0.056924 
 -0.002435 -0.448910 0.052459 
 -0.021006 -0.444413 0.069046 
 -0.028451 -0.434072 0.043528 
 -0.041459 -0.426653 0.039062 
 -0.054468 -0.419233 0.034597 
 -0.067476 -0.411814 0.030131 
 -0.080484 -0.404395 0.025666 
 -0.090608 -0.395573 0.010709 
 -0.106500 -0.389557 0.016734 
 -0.119509 -0.382137 0.012269 
 -0.129581 -0.373345 -0.002670 
 -0.145525 -0.367299 0.003338 
 -0.158533 -0.359880 -0.001128 
 -0.171541 -0.352461 -0.005593 
 -0.190557 -0.347710 0.010841 
 -0.197558 -0.337622 -0.014524 
 -0.216642 -0.332833 0.001887 
 -0.229685 -0.325394 -0.002591 
 -0.242727 -0.317956 -0.007068 
 -0.255769 -0.310517 -0.011545 
 -0.268812 -0.303078 -0.016022 
 -0.281854 -0.295639 -0.020500 
 -0.294897 -0.288201 -0.024977 
 -0.314255 -0.283256 -0.008659 
 -0.327331 -0.275797 -0.013148 
 -0.340408 -0.268339 -0.017637 
 -0.353485 -0.260881 -0.022126 
 -0.366561 -0.253423 -0.026615 
 0.254486 -0.609000 0.125407 
 0.241495 -0.601591 0.120947 
 0.228504 -0.594181 0.116487 
 0.220476 -0.583463 0.090779 
 0.207519 -0.576073 0.086331 
 0.194562 -0.568683 0.081883 
 0.186671 -0.558044 0.056221 
 0.173748 -0.550673 0.051785 
 0.160826 -0.543303 0.047349 
 0.147903 -0.535932 0.042913 
 0.134980 -0.528562 0.038477 
 0.116821 -0.524344 0.055195 
 0.103864 -0.516954 0.050747 
 0.090907 -0.509564 0.046299 
 0.077950 -0.502174 0.041852 
 0.059620 -0.497859 0.058512 
 0.046629 -0.490449 0.054052 
 0.030917 -0.484557 0.060135 
 0.012433 -0.480154 0.076742 
 -0.000610 -0.472716 0.072265 
 -0.013652 -0.465277 0.067787 
 -0.026694 -0.457838 0.063310 
 -0.039737 -0.450400 0.058833 
 -0.052779 -0.442961 0.054356 
 -0.065822 -0.435522 0.049878 
 -0.073149 -0.425204 0.024411 
 -0.086157 -0.417785 0.019945 
 -0.099165 -0.410366 0.015480 
 -0.117991 -0.405767 0.031969 
 -0.131034 -0.398329 0.027492 
 -0.135247 -0.386717 -0.008383 
 -0.157118 -0.383451 0.018538 
 -0.170161 -0.376013 0.014060 
 -0.183203 -0.368574 0.009583 
 -0.196246 -0.361135 0.005106 
 -0.209288 -0.353697 0.000628 
 -0.222330 -0.346258 -0.003849 
 -0.235373 -0.338819 -0.008326 
 -0.248415 -0.331381 -0.012803 
 -0.267651 -0.326549 0.003546 
 -0.280728 -0.319090 -0.000943 
 -0.293805 -0.311632 -0.005432 
 -0.306881 -0.304174 -0.009921 
 -0.319958 -0.296716 -0.014410 
 -0.333034 -0.289258 -0.018899 
 -0.352510 -0.284289 -0.002632 
 -0.365620 -0.276811 -0.007133 
 -0.378731 -0.269334 -0.011634 
 0.222838 -0.607554 0.110775 
 0.209847 -0.600144 0.106315 
 0.196856 -0.592735 0.101855 
 0.183865 -0.585325 0.097396 
 0.175955 -0.574631 0.071737 
 0.162998 -0.567241 0.067289 
 0.150041 -0.559851 0.062841 
 0.137084 -0.552461 0.058393 
 0.124127 -0.545071 0.053945 
 0.111170 -0.537681 0.049497 
 0.098213 -0.530291 0.045049 
 0.085256 -0.522901 0.040602 
 0.066945 -0.518640 0.057259 
 0.051260 -0.512786 0.063345 
 0.038252 -0.505367 0.058880 
 0.019787 -0.501018 0.075484 
 0.006745 -0.493579 0.071006 
 -0.006298 -0.486141 0.066529 
 -0.019340 -0.478702 0.062052 
 -0.037976 -0.474256 0.078598 
 -0.045425 -0.463825 0.053097 
 -0.058467 -0.456386 0.048620 
 -0.071510 -0.448947 0.044143 
 -0.084552 -0.441509 0.039666 
 -0.091830 -0.431175 0.014225 
 -0.104838 -0.423756 0.009759 
 -0.123679 -0.419193 0.026234 
 -0.136722 -0.411754 0.021757 
 -0.149764 -0.404315 0.017279 
 -0.168742 -0.399674 0.033708 
 -0.175849 -0.389438 0.008325 
 -0.188891 -0.381999 0.003847 
 -0.207972 -0.377300 0.020241 
 -0.221048 -0.369842 0.015752 
 -0.228018 -0.359683 -0.009584 
 -0.247201 -0.354925 0.006774 
 -0.260278 -0.347467 0.002285 
 -0.273354 -0.340009 -0.002204 
 -0.286431 -0.332551 -0.006693 
 -0.299508 -0.325093 -0.011182 
 -0.312584 -0.317634 -0.015671 
 -0.332006 -0.312740 0.000604 
 -0.345117 -0.305262 -0.003897 
 -0.361434 -0.299047 0.001973 
 -0.374562 -0.291559 -0.002534 
 -0.387690 -0.284072 -0.007040 
 0.204182 -0.613517 0.100602 
 0.191190 -0.606107 0.096142 
 0.175669 -0.600368 0.102280 
 0.170304 -0.587968 0.066039 
 0.157347 -0.580578 0.061591 
 0.144390 -0.573188 0.057143 
 0.131433 -0.565798 0.052695 
 0.118476 -0.558408 0.048247 
 0.105519 -0.551018 0.043800 
 0.092562 -0.543628 0.039352 
 0.074270 -0.539422 0.056005 
 0.061279 -0.532013 0.051546 
 0.040184 -0.529321 0.078703 
 0.027141 -0.521882 0.074225 
 0.014099 -0.514443 0.069748 
 0.001057 -0.507005 0.065271 
 -0.011986 -0.499566 0.060794 
 -0.030602 -0.495174 0.077336 
 -0.043679 -0.487716 0.072847 
 -0.056756 -0.480258 0.068358 
 -0.069832 -0.472800 0.063869 
 -0.077198 -0.462372 0.038407 
 -0.090240 -0.454934 0.033930 
 -0.103283 -0.447495 0.029453 
 -0.116325 -0.440056 0.024976 
 -0.129367 -0.432618 0.020498 
 -0.148292 -0.428051 0.036935 
 -0.161368 -0.420593 0.032446 
 -0.174445 -0.413135 0.027957 
 -0.187521 -0.405676 0.023468 
 -0.200598 -0.398218 0.018979 
 -0.213675 -0.390760 0.014490 
 -0.226751 -0.383302 0.010001 
 -0.239828 -0.375844 0.005512 
 -0.252904 -0.368385 0.001023 
 -0.272170 -0.363624 0.017342 
 -0.285281 -0.356146 0.012841 
 -0.298392 -0.348668 0.008340 
 -0.311502 -0.341191 0.003840 
 -0.324613 -0.333713 -0.000661 
 -0.337724 -0.326235 -0.005162 
 -0.350835 -0.318758 -0.009662 
 -0.363945 -0.311280 -0.014163 
 -0.377056 -0.303802 -0.018664 
 -0.393416 -0.297585 -0.012813 
 0.159543 -0.604661 0.081510 
 0.146551 -0.597251 0.077050 
 0.133560 -0.589842 0.072591 
 0.120569 -0.582432 0.068131 
 0.107578 -0.575023 0.063672 
 0.094587 -0.567613 0.059212 
 0.081596 -0.560204 0.054752 
 0.065930 -0.554404 0.060836 
 0.052922 -0.546985 0.056370 
 0.034496 -0.542746 0.072967 
 0.021453 -0.535307 0.068490 
 0.008411 -0.527868 0.064013 
 -0.010152 -0.523551 0.080564 
 -0.023229 -0.516093 0.076075 
 -0.036305 -0.508635 0.071586 
 -0.049382 -0.501177 0.067097 
 -0.062459 -0.493719 0.062608 
 -0.075535 -0.486260 0.058119 
 -0.088612 -0.478802 0.053630 
 -0.101688 -0.471344 0.049141 
 -0.114765 -0.463886 0.044652 
 -0.127842 -0.456428 0.040163 
 -0.140918 -0.448969 0.035674 
 -0.153995 -0.441511 0.031185 
 -0.167071 -0.434053 0.026696 
 -0.180148 -0.426595 0.022207 
 -0.193224 -0.419137 0.017718 
 -0.206301 -0.411679 0.013229 
 -0.219378 -0.404220 0.008740 
 -0.238556 -0.399552 0.025079 
 -0.251667 -0.392075 0.020578 
 -0.264777 -0.384597 0.016077 
 -0.277888 -0.377119 0.011576 
 -0.290999 -0.369642 0.007076 
 -0.304110 -0.362164 0.002575 
 -0.320374 -0.356023 0.008453 
 -0.333502 -0.348535 0.003946 
 -0.343442 -0.339731 -0.010927 
 -0.356553 -0.332253 -0.015428 
 -0.369663 -0.324775 -0.019929 
 -0.382774 -0.317298 -0.024429 
 0.138306 -0.612309 0.081908 
 0.125298 -0.604890 0.077443 
 0.107062 -0.600803 0.094095 
 0.099281 -0.590052 0.068512 
 0.086273 -0.582632 0.064046 
 0.073265 -0.575213 0.059581 
 0.054892 -0.571048 0.076186 
 0.041850 -0.563609 0.071709 
 0.023374 -0.559386 0.088280 
 0.010298 -0.551928 0.083791 
 -0.002779 -0.544470 0.079302 
 -0.015855 -0.537012 0.074813 
 -0.028932 -0.529553 0.070324 
 -0.042008 -0.522095 0.065835 
 -0.060723 -0.517735 0.082323 
 -0.073834 -0.510257 0.077823 
 -0.086945 -0.502780 0.073322 
 -0.100055 -0.495302 0.068821 
 -0.113166 -0.487824 0.064320 
 -0.129181 -0.481847 0.070279 
 -0.142309 -0.474360 0.065772 
 -0.152498 -0.465391 0.050818 
 -0.165609 -0.457914 0.046318 
 -0.178720 -0.450436 0.041817 
 -0.194821 -0.444410 0.047746 
 -0.204941 -0.435481 0.032815 
 -0.218052 -0.428003 0.028315 
 -0.231163 -0.420525 0.023814 
 -0.247332 -0.414460 0.029720 
 -0.260460 -0.406973 0.025213 
 -0.279773 -0.402272 0.041496 
 -0.292935 -0.394765 0.036978 
 -0.306097 -0.387258 0.032460 
 -0.319259 -0.379751 0.027941 
 -0.332421 -0.372244 0.023423 
 -0.339227 -0.362048 -0.001827 
 -0.352355 -0.354561 -0.006333 
 -0.362271 -0.345749 -0.021193 
 -0.375381 -0.338271 -0.025694 
 0.101374 -0.614228 0.088360 
 0.088331 -0.606789 0.083883 
 0.075289 -0.599351 0.079405 
 0.062247 -0.591912 0.074928 
 0.043825 -0.587763 0.091508 
 0.030748 -0.580305 0.087019 
 0.017671 -0.572846 0.082530 
 0.004595 -0.565388 0.078041 
 -0.022272 -0.565958 0.126075 
 -0.035434 -0.558452 0.121557 
 -0.048596 -0.550945 0.117038 
 -0.061758 -0.543438 0.112520 
 -0.074920 -0.535931 0.108002 
 -0.088083 -0.528424 0.103483 
 -0.095523 -0.517822 0.078026 
 -0.108651 -0.510335 0.073519 
 -0.127569 -0.505903 0.089928 
 -0.140731 -0.498396 0.085410 
 -0.153893 -0.490889 0.080892 
 -0.167055 -0.483382 0.076373 
 -0.180217 -0.475875 0.071855 
 -0.193379 -0.468369 0.067337 
 -0.206541 -0.460862 0.062818 
 -0.225732 -0.456274 0.079133 
 -0.238928 -0.448747 0.074603 
 -0.252124 -0.441221 0.070073 
 -0.265321 -0.433694 0.065543 
 -0.278517 -0.426168 0.061013 
 -0.291713 -0.418641 0.056483 
 -0.304909 -0.411115 0.051953 
 -0.318105 -0.403589 0.047423 
 -0.331302 -0.396062 0.042893 
 -0.344498 -0.388536 0.038362 
 -0.344952 -0.375561 -0.007600 
 -0.358080 -0.368074 -0.012106 
 0.051198 -0.608681 0.090246 
 0.032727 -0.604548 0.106798 
 0.016902 -0.598722 0.112812 
 -0.001688 -0.594521 0.129324 
 -0.014851 -0.587014 0.124805 
 -0.033544 -0.582753 0.141281 
 -0.046740 -0.575227 0.136751 
 -0.059936 -0.567700 0.132221 
 -0.073132 -0.560174 0.127691 
 -0.080661 -0.549479 0.102214 
 -0.093823 -0.541972 0.097695 
 -0.106985 -0.534465 0.093177 
 -0.120147 -0.526958 0.088659 
 -0.133309 -0.519451 0.084140 
 -0.152310 -0.515016 0.100510 
 -0.165506 -0.507489 0.095980 
 -0.172795 -0.496931 0.070585 
 -0.191898 -0.492436 0.086920 
 -0.205095 -0.484910 0.082390 
 -0.221296 -0.478870 0.088276 
 -0.234509 -0.471334 0.083740 
 -0.247723 -0.463798 0.079204 
 -0.257879 -0.454804 0.064270 
 -0.274149 -0.448726 0.070132 
 -0.293543 -0.444066 0.086367 
 -0.297468 -0.432225 0.050680 
 -0.310664 -0.424698 0.046150 
 -0.323861 -0.417172 0.041620 
 -0.337057 -0.409646 0.037089 
 -0.350253 -0.402119 0.032559 
 -0.007429 -0.608069 0.123536 
 -0.026103 -0.603863 0.140008 
 -0.039299 -0.596337 0.135478 
 -0.052495 -0.588810 0.130948 
 -0.065691 -0.581284 0.126418 
 -0.078887 -0.573758 0.121888 
 -0.092084 -0.566231 0.117358 
 -0.105280 -0.558705 0.112828 
 -0.118476 -0.551178 0.108298 
 -0.131672 -0.543652 0.103767 
 -0.147779 -0.537688 0.109681 
 -0.160992 -0.530152 0.105145 
 -0.174205 -0.522616 0.100609 
 -0.187419 -0.515080 0.096073 
 -0.200632 -0.507544 0.091537 
 -0.210850 -0.498493 0.076587 
 -0.233083 -0.495480 0.103280 
 -0.246331 -0.487925 0.098732 
 -0.253485 -0.477399 0.073393 
 -0.266699 -0.469863 0.068857 
 -0.286073 -0.465258 0.085089 
 -0.299321 -0.457702 0.080541 
 -0.303223 -0.445808 0.044877 
 -0.316420 -0.438282 0.040346 
 -0.329616 -0.430756 0.035816 
 -0.342812 -0.423229 0.031286 
 -0.045054 -0.609920 0.129675 
 -0.058250 -0.602394 0.125145 
 -0.071446 -0.594867 0.120615 
 -0.087475 -0.588970 0.126550 
 -0.100688 -0.581434 0.122014 
 -0.111035 -0.572288 0.107025 
 -0.132881 -0.569562 0.133836 
 -0.146128 -0.562006 0.129288 
 -0.159376 -0.554451 0.124740 
 -0.172623 -0.546895 0.120193 
 -0.179968 -0.536217 0.094798 
 -0.193181 -0.528681 0.090262 
 -0.206395 -0.521145 0.085726 
 -0.219608 -0.513609 0.081190 
 -0.232821 -0.506073 0.076654 
 -0.246035 -0.498536 0.072118 
 -0.259248 -0.491000 0.067582 
 -0.272461 -0.483464 0.063047 
 -0.291851 -0.478894 0.079263 
 -0.305098 -0.471338 0.074716 
 -0.080024 -0.610108 0.125275 
 -0.098916 -0.605865 0.141653 
 -0.112163 -0.598309 0.137105 
 -0.125411 -0.590754 0.132558 
 -0.144439 -0.586433 0.148888 
 -0.157721 -0.578858 0.144329 
 -0.171002 -0.571283 0.139770 
 -0.184284 -0.563708 0.135210 
 -0.191648 -0.552975 0.109819 
 -0.204896 -0.545420 0.105272 
 -0.218143 -0.537864 0.100724 
 -0.237411 -0.533407 0.116973 
 -0.250693 -0.525832 0.112413 
 -0.251797 -0.512137 0.066308 
 -0.136950 -0.607680 0.147607 
 -0.156028 -0.603375 0.163912 
 -0.169343 -0.595780 0.159341 
 -0.176795 -0.584954 0.133929 
 -0.195975 -0.580591 0.150198 
 -0.203358 -0.569804 0.124810 
 -0.222607 -0.565402 0.141056 
 -0.235923 -0.557807 0.136485 
 -0.243203 -0.547079 0.111132 
 -0.256485 -0.539503 0.106572 
 -0.188467 -0.601892 0.148914 
 -0.201783 -0.594298 0.144343 
 -0.215098 -0.586703 0.139772 
 -0.228414 -0.579108 0.135200 
 -0.241730 -0.571514 0.130629 
 -0.207590 -0.608004 0.138487 
 -0.214943 -0.597147 0.113129 
 -0.228225 -0.589572 0.108569 
 -0.234017 -0.603243 0.102729 
 