-0.073941 -0.382338 0.181945 
 0.136409 -0.478585 0.051282 
 0.226886 0.489056 0.067108 
 -0.024156 -0.507283 0.295233 
 0.115155 -0.207879 0.142187 
 0.263858 0.596131 0.025003 
 -0.217329 0.226121 -0.272977 
 0.014290 -0.066964 -0.301061 
 0.123492 -0.537296 0.039966 
 -0.017317 -0.563534 0.242487 
 -0.085969 0.395235 -0.092177 
 0.168815 -0.553680 0.011329 
 0.072881 -0.533291 0.048026 
 -0.179542 -0.006517 -0.231945 
 -0.058261 -0.365501 0.156766 
 0.248005 0.450469 -0.010238 
 -0.188871 0.007440 0.234012 
 -0.021137 -0.490885 0.155750 
 0.106066 -0.328516 -0.149041 
 0.199606 -0.536876 -0.023293 
 0.122008 -0.178039 -0.286145 
 0.205402 0.811988 0.021992 
 0.136519 -0.413733 0.037067 
 0.177376 -0.499707 -0.033706 
 0.038010 -0.249796 0.149044 
 0.102025 -0.324677 0.093093 
 0.121390 -0.309926 0.086960 
 -0.248933 0.032282 0.301556 
 0.106102 -0.179794 -0.277328 
 0.253681 0.356384 0.056561 
 -0.117351 -0.282397 0.264940 
 0.196339 0.824554 0.051834 
 -0.285534 0.223287 -0.228538 
 0.245830 0.769706 0.041402 
 0.259123 0.595048 0.037721 
 0.116710 -0.354673 -0.196346 
 0.102324 -0.266207 0.131575 
 -0.395948 0.150997 -0.017223 
 0.272430 -0.509598 -0.177407 
 0.181040 0.808111 0.076050 
 -0.069605 -0.001391 0.115676 
 -0.128757 0.052237 0.204349 
 0.258688 -0.297158 -0.256269 
 0.246006 -0.327993 -0.250522 
 -0.205862 0.342962 -0.162074 
 -0.172251 -0.074336 0.310522 
 -0.150663 0.042602 -0.297493 
 -0.001759 -0.220050 0.178723 
 0.007459 -0.277949 0.145566 
 -0.064771 -0.321275 0.173371 
 -0.302924 0.220238 -0.191256 
 0.086421 -0.250081 0.123363 
 0.080457 -0.176468 -0.273525 
 -0.106828 0.378019 -0.055072 
 0.257946 0.524405 0.016417 
 0.181161 -0.062299 0.028214 
 0.205886 -0.535764 -0.037770 
 -0.188498 0.097802 0.203499 
 0.105617 -0.161865 0.138874 
 -0.252917 0.281874 -0.095019 
 0.262740 -0.276539 -0.307549 
 -0.274871 0.245030 -0.155848 
 -0.157267 -0.082454 0.233991 
 0.106509 -0.243218 -0.092394 
 0.047882 -0.456597 0.074218 
 0.193264 -0.537988 -0.009391 
 0.020330 -0.065905 -0.312312 
 0.176684 0.439657 0.122979 
 0.261714 0.420542 -0.005315 
 -0.217296 0.252641 -0.255076 
 0.236382 -0.372451 -0.257227 
 -0.301347 0.242539 -0.122123 
 -0.085557 -0.384506 0.209682 
 -0.289999 0.253834 -0.082648 
 -0.011862 -0.503488 0.124460 
 -0.217382 0.146066 -0.326682 
 -0.222604 0.331550 -0.189046 
 -0.358885 0.231904 0.008282 
 0.067608 -0.190747 0.150804 
 -0.127411 0.009877 -0.287043 
 -0.291928 0.080851 0.261553 
 -0.039841 -0.396555 0.149350 
 0.108505 -0.161130 0.138874 
 -0.179811 -0.131068 0.287189 
 0.028984 -0.488445 0.093563 
 -0.334875 0.201379 -0.127220 
 0.070425 -0.325278 0.110437 
 -0.102177 -0.324124 0.203136 
 -0.213273 0.055188 0.205019 
 -0.102989 -0.136606 0.158803 
 0.286385 0.670458 0.022792 
 0.255640 0.740394 0.027941 
 -0.059332 -0.050648 -0.288041 
 0.127514 -0.304728 -0.240306 
 0.177376 -0.502494 -0.033706 
 0.178508 0.468114 0.141936 
 -0.046495 -0.137998 0.139599 
 0.168709 -0.034417 0.075442 
 0.201348 0.892306 0.144954 
 -0.195142 0.157940 -0.313977 
 -0.128471 0.376307 -0.035411 
 0.158825 -0.322206 -0.241897 
 -0.282843 0.184060 -0.261885 
 -0.110967 -0.055280 -0.199183 
 0.291622 0.373861 0.008547 
 0.169176 -0.178112 0.121523 
 -0.326980 0.224255 -0.072365 
 0.055971 -0.181633 -0.218653 
 -0.120557 -0.274586 0.335333 
 0.120454 -0.277558 -0.207454 
 -0.118222 -0.020468 0.189484 
 0.241173 0.637913 0.049506 
 -0.238058 0.246542 0.165108 
 -0.024156 -0.507283 0.295846 
 0.238200 0.400077 0.067521 
 0.246475 -0.356630 -0.268692 
 -0.041178 -0.108860 0.144868 
 0.320623 -0.576839 -0.191981 
 0.199935 0.649288 0.095346 
 -0.232913 0.035369 -0.194131 
 0.269885 0.570210 -0.008936 
 0.221443 -0.523060 -0.152288 
 0.233461 0.942432 0.045812 
 0.124593 -0.329206 -0.018319 
 0.051388 -0.384648 0.114115 
 0.166148 -0.400263 -0.225971 
 0.273340 0.640616 0.031534 
 -0.398339 0.083696 -0.203675 
 -0.403103 0.215698 0.046613 
 -0.064800 -0.366623 0.170634 
 -0.188739 0.056042 -0.281813 
 0.191493 -0.454990 -0.180875 
 -0.173841 0.321315 0.121434 
 -0.290138 0.226230 -0.100550 
 0.245140 0.435800 -0.013706 
 0.220556 0.460708 0.061662 
 0.198024 -0.401739 -0.244738 
 -0.157757 -0.163583 0.299030 
 -0.153474 -0.132117 0.284621 
 0.252489 0.432499 0.025568 
 0.144528 -0.390716 -0.167467 
 0.019234 -0.151496 -0.201446 
 -0.151104 0.144326 -0.340482 
 0.203483 -0.077174 0.022114 
 -0.324928 0.086553 -0.256558 
 0.286692 0.670458 0.022792 
 -0.354132 0.243193 0.061212 
 0.248599 0.507791 0.027728 
 -0.180739 0.330803 -0.000171 
 -0.355461 0.241941 0.061212 
 -0.230642 0.072566 -0.289142 
 0.242762 0.755385 0.038865 
 -0.012146 -0.475004 0.143791 
 0.101391 -0.519529 0.047075 
 -0.164632 -0.070156 0.262707 
 -0.020186 -0.001489 -0.347786 
 -0.152043 0.158518 -0.324881 
 -0.049063 -0.488407 0.280851 
 -0.081874 0.069312 0.164028 
 0.282824 0.554639 -0.020073 
 0.248249 -0.313125 -0.246859 
 -0.238359 0.102976 -0.307761 
 -0.305680 0.245927 0.006250 
 -0.186617 0.085767 -0.296843 
 0.225559 0.592055 0.054642 
 0.229904 0.475471 0.050220 
 -0.021034 -0.519369 0.136057 
 0.025636 -0.533296 0.074244 
 -0.005015 -0.106126 -0.197752 
 0.195311 0.703224 0.146830 
 -0.261789 0.273677 -0.164519 
 -0.270273 0.087587 0.188897 
 0.114318 -0.367696 -0.078423 
 0.198221 0.877816 0.141280 
 0.261233 0.786005 0.016427 
 -0.161177 0.363405 -0.053398 
 0.140335 -0.220599 0.102294 
 0.105590 -0.267120 -0.163291 
 0.086592 -0.221538 0.142553 
 -0.097084 -0.019240 0.169034 
 0.020330 -0.065905 -0.314680 
 -0.368413 0.186927 -0.114604 
 0.110645 -0.297033 -0.022613 
 0.288237 0.331728 -0.013169 
 0.102969 -0.209839 -0.263676 
 -0.163463 0.327413 0.042710 
 -0.093861 0.067179 0.190936 
 0.201520 -0.150451 -0.311810 
 0.249213 -0.313125 -0.246293 
 0.166089 0.628224 0.161401 
 -0.011862 -0.503779 0.124653 
 0.107108 -0.322551 -0.061881 
 -0.136378 -0.004859 -0.276193 
 -0.152962 -0.008491 0.221523 
 -0.097615 0.043228 -0.335378 
 -0.394857 0.169838 -0.065134 
 -0.062156 -0.076779 0.133345 
 0.134113 -0.084798 0.124700 
 0.057628 -0.383666 0.100096 
 0.184841 -0.323709 -0.246140 
 -0.133586 -0.214546 0.206603 
 -0.249312 0.048431 0.286074 
 0.277636 -0.339451 -0.303460 
 0.031718 -0.047444 -0.356571 
 -0.158193 0.144586 -0.327310 
 0.309411 -0.488991 -0.245913 
 0.039573 -0.443961 0.103774 
 -0.167630 -0.128933 0.257933 
 0.023329 -0.148275 -0.233276 
 0.172009 -0.157747 0.071033 
 0.324846 0.297771 0.021880 
 -0.227273 0.200122 -0.296074 
 -0.227192 0.009030 -0.225378 
 -0.246914 0.253209 0.075224 
 -0.067812 -0.416824 0.201803 
 -0.198995 0.322718 -0.077092 
 -0.231135 0.290051 -0.195528 
 -0.125353 0.368744 -0.132883 
 0.324697 0.270115 0.003213 
 -0.168533 -0.006935 0.229407 
 -0.282843 0.184060 -0.261053 
 0.202207 -0.474393 -0.159416 
 -0.251176 0.056501 -0.252213 
 -0.183048 0.334777 -0.050514 
 0.079454 -0.474793 0.073330 
 0.072647 -0.568438 0.081607 
 -0.044317 -0.001483 0.113043 
 0.266298 0.554349 -0.011490 
 0.328414 0.225697 0.019357 
 -0.141323 0.022393 0.212936 
 0.219689 -0.118945 -0.334432 
 -0.321213 0.221431 -0.035159 
 0.188051 -0.175322 0.078708 
 0.121212 -0.281251 0.106284 
 -0.249295 0.273644 0.009568 
 0.227033 0.516071 0.085760 
 -0.353319 0.187287 -0.121865 
 -0.380476 0.158487 -0.106515 
 -0.084758 0.009761 0.159180 
 -0.103464 -0.075973 0.144469 
 0.292463 0.643325 -0.010015 
 -0.323126 0.221377 -0.053781 
 -0.028321 -0.366050 0.139965 
 0.205894 0.840215 0.040692 
 -0.024328 -0.505673 0.152772 
 0.100162 -0.272567 -0.097523 
 -0.012558 -0.006043 -0.310553 
 0.150007 -0.101968 -0.300993 
 0.334856 0.252427 0.024562 
 -0.159592 0.026563 -0.287047 
 0.275710 -0.522657 -0.194256 
 0.014290 -0.066964 -0.302425 
 -0.131645 -0.094694 0.196191 
 -0.258186 0.258660 0.018941 
 -0.026175 -0.003350 -0.334351 
 0.063512 -0.144021 -0.296747 
 0.061078 -0.250898 0.126540 
 -0.096794 0.036443 0.205203 
 -0.188641 0.070291 0.186257 
 0.013008 -0.592423 0.206022 
 0.184013 0.796034 0.060457 
 0.274786 -0.417234 -0.292740 
 -0.024156 -0.507283 0.295163 
 0.274573 -0.325986 -0.287861 
 0.298501 0.600410 -0.027477 
 -0.325119 0.220081 -0.022081 
 -0.299844 0.157250 -0.272100 
 0.121361 -0.252575 0.124105 
 0.234051 0.461886 0.033925 
 -0.114018 -0.301339 0.302526 
 0.269688 0.568998 -0.008936 
 0.049879 -0.182538 -0.204935 
 -0.069036 -0.061309 0.129713 
 0.127841 -0.304728 -0.240306 
 0.109535 -0.257146 -0.110838 
 0.006985 -0.472402 0.101847 
 0.047882 -0.456082 0.073151 
 -0.315901 0.155346 -0.233147 
 0.100310 -0.244297 -0.078488 
 0.272626 0.314754 0.012645 
 0.172087 0.820426 0.106480 
 0.147273 -0.305526 0.030659 
 -0.148033 -0.022310 -0.233554 
 -0.085048 -0.044975 0.121780 
 0.063680 -0.474404 0.081283 
 0.205688 -0.135782 -0.309253 
 0.166500 -0.193040 0.118445 
 -0.058587 -0.428539 0.171426 
 0.122135 -0.357767 -0.037509 
 0.024887 -0.100809 -0.263628 
 -0.175342 0.325331 0.069420 
 -0.354132 0.241941 0.060324 
 -0.020843 -0.474917 0.279922 
 0.199456 0.840582 0.054354 
 -0.173431 -0.074336 0.309764 
 -0.149300 0.358001 0.002911 
 0.020028 -0.568006 0.121902 
 0.150448 -0.275750 0.035850 
 -0.135605 -0.018842 -0.260199 
 -0.227173 0.009030 -0.226873 
 0.207673 0.703126 0.171702 
 0.136419 -0.241333 0.012772 
 0.229048 0.784083 0.034000 
 0.282862 0.684025 0.039196 
 -0.123620 -0.093626 0.182530 
 0.231717 0.594086 0.038829 
 0.089194 -0.384097 0.082382 
 0.057628 -0.384441 0.100096 
 -0.127054 -0.292305 0.224965 
 -0.095234 0.401454 0.019022 
 -0.120621 -0.235104 0.247647 
 -0.185067 -0.104304 0.319145 
 0.247276 -0.549497 -0.085984 
 0.140335 -0.221931 0.102534 
 -0.059544 -0.365501 0.156766 
 0.015497 -0.014983 0.076913 
 -0.112372 0.054181 -0.292774 
 0.234574 -0.358828 -0.240579 
 0.235015 0.636834 0.062244 
 0.254634 0.479806 -0.005880 
 -0.170792 0.335446 0.126020 
 -0.156185 0.102024 -0.330202 
 -0.017911 -0.395778 0.126373 
 0.108214 -0.369541 0.076578 
 0.206368 0.705378 0.119502 
 -0.429156 0.083300 -0.186857 
 0.210446 -0.098268 0.077608 
 -0.255989 0.072812 -0.286638 
 0.207904 -0.183095 -0.293293 
 -0.142686 -0.202506 0.237112 
 -0.392256 0.168688 0.101466 
 -0.163317 0.055416 -0.288119 
 0.199415 0.877816 0.141325 
 0.257291 -0.568875 -0.065507 
 -0.137962 0.354799 0.057768 
 0.257537 0.565658 0.018764 
 -0.392448 0.110582 -0.197009 
 0.299157 0.314979 0.008731 
 -0.173431 -0.074336 0.309904 
 -0.292219 0.100115 0.193155 
 0.296830 -0.505150 -0.234311 
 0.167976 -0.489990 -0.002754 
 0.221155 0.737610 0.077524 
 -0.117497 -0.310536 0.247693 
 -0.369431 0.192586 0.149857 
 -0.124737 0.006260 0.220637 
 0.032410 -0.063787 -0.340782 
 0.017445 -0.519197 0.104867 
 -0.179848 0.071026 -0.293087 
 0.213866 -0.570158 -0.018546 
 -0.227273 0.198522 -0.296074 
 0.082804 -0.227638 -0.224893 
 0.120365 -0.224184 0.002103 
 0.016522 -0.110351 0.125429 
 0.097545 -0.247983 -0.046361 
 0.116963 -0.221932 -0.016557 
 -0.202869 0.357389 -0.160979 
 0.245434 0.492307 0.022968 
 0.139070 -0.601672 0.046090 
 0.253681 0.355254 0.056561 
 0.208519 0.826832 0.023475 
 -0.016679 -0.086288 -0.267728 
 0.137980 -0.420293 -0.172624 
 0.069740 -0.201729 -0.180140 
 -0.214018 0.304991 0.148107 
 -0.087980 0.068245 0.177293 
 -0.035845 0.025038 -0.322382 
 0.158222 -0.569818 0.023124 
 -0.109727 0.391063 -0.039944 
 0.262352 -0.391834 -0.245195 
 -0.109111 -0.216136 0.204117 
 -0.254934 0.118116 -0.315697 
 -0.208079 0.306032 0.136512 
 -0.392041 0.058406 -0.232349 
 0.063489 -0.047736 0.085656 
 0.212562 0.496711 0.163545 
 0.067035 -0.132112 -0.124040 
 -0.224821 0.291074 -0.208606 
 -0.443433 0.095790 -0.145827 
 -0.106837 -0.151460 0.156277 
 -0.337608 0.233802 -0.012195 
 -0.335922 0.157433 0.219058 
 0.133915 -0.193024 0.135877 
 -0.280472 0.233846 -0.176690 
 0.146617 -0.353234 -0.233107 
 0.186771 -0.568082 -0.015929 
 0.100162 -0.273148 -0.097523 
 -0.411447 0.131520 -0.109925 
 -0.005308 -0.155805 0.145584 
 0.209509 0.542311 0.146349 
 0.140772 -0.476320 0.037131 
 0.182025 -0.440855 -0.028404 
 0.082927 -0.385196 0.095530 
 -0.367674 0.216790 0.018918 
 0.208266 -0.119012 -0.306696 
 0.175597 0.845625 0.177370 
 -0.076082 0.014138 0.112659 
 -0.224431 0.187902 -0.311541 
 -0.130585 0.372387 -0.002433 
 0.260309 0.340184 0.059316 
 -0.119437 0.007326 0.208158 
 0.285541 0.614027 -0.014111 
 -0.080713 -0.168708 0.170461 
 -0.227173 0.009030 -0.225244 
 0.149851 -0.268221 0.105432 
 0.095778 -0.236698 -0.149405 
 0.055505 -0.165135 -0.234877 
 0.168860 0.806022 0.103961 
 0.193941 0.675162 0.127344 
 -0.368916 0.160755 -0.132351 
 -0.059052 -0.050028 -0.288041 
 0.062569 -0.180561 -0.232371 
 -0.202941 0.021569 0.244292 
 0.136376 -0.379298 0.003605 
 0.266630 -0.255947 -0.217509 
 0.063394 -0.549232 0.058419 
 0.001175 -0.052732 -0.289798 
 -0.205946 0.174754 -0.334104 
 0.245188 0.565436 0.046463 
 -0.151307 -0.195639 0.317531 
 0.120826 -0.305866 -0.226437 
 -0.102312 0.007524 0.200165 
 0.197924 0.603417 0.126249 
 -0.248290 0.236321 -0.223552 
 0.262199 0.403543 0.011821 
 -0.398950 0.182774 0.098114 
 0.002875 -0.000617 0.088756 
 0.197407 -0.096634 0.052922 
 -0.222130 0.028313 -0.254537 
 0.007133 -0.443444 0.120985 
 -0.000688 -0.029870 -0.356275 
 0.048902 -0.520106 0.087508 
 0.066043 -0.171483 -0.178502 
 0.123492 -0.537296 0.039908 
 -0.313596 0.242210 0.052046 
 -0.105151 -0.246444 0.204653 
 -0.276908 0.212205 -0.257249 
 0.193448 -0.199993 -0.268045 
 0.118149 -0.267463 0.123431 
 0.283296 0.701748 -0.010401 
 -0.279393 0.244326 -0.142788 
 -0.247070 0.282899 -0.107723 
 0.112856 -0.213673 -0.087265 
 -0.067812 -0.413582 0.201803 
 -0.411939 0.134276 -0.140613 
 0.265236 -0.313298 -0.257441 
 -0.123765 -0.249674 0.246381 
 0.212072 0.923799 0.083131 
 0.175467 -0.177009 0.107244 
 -0.374888 0.098583 -0.219849 
 -0.014904 -0.488536 0.141213 
 0.206127 0.951543 0.115519 
 -0.164487 -0.042039 0.282467 
 -0.084618 0.010727 0.159180 
 -0.030292 0.026086 -0.334398 
 -0.052287 -0.339054 0.161880 
 -0.300605 0.169969 -0.256721 
 -0.071093 -0.351089 0.167663 
 -0.221292 0.008981 -0.238569 
 0.210909 0.813450 0.008330 
 -0.175622 0.347910 -0.029345 
 -0.120503 -0.297086 0.263479 
 -0.120501 0.011965 -0.300347 
 0.243575 0.401166 0.054162 
 -0.176468 0.100719 0.177741 
 0.038607 -0.131713 -0.259029 
 -0.190261 0.309835 0.094322 
 -0.105183 -0.306465 0.219495 
 -0.302145 0.251141 -0.056492 
 0.026947 -0.488445 0.096019 
 -0.369431 0.192420 0.149857 
 0.258688 -0.297638 -0.258323 
 0.283376 0.330635 0.000812 
 -0.305892 0.206425 -0.192234 
 0.205795 0.603297 0.112437 
 -0.016053 -0.099861 -0.250136 
 0.103483 -0.227987 -0.075923 
 0.008250 -0.068023 -0.289082 
 -0.457399 0.052048 -0.140076 
 -0.133586 -0.215016 0.206603 
 0.061226 -0.220323 0.147380 
 0.045307 -0.248705 0.135209 
 0.116464 -0.187980 -0.049130 
 0.107087 -0.519242 0.032962 
 0.369766 0.302296 -0.024083 
 0.005601 -0.277949 0.146916 
 -0.232243 0.278781 -0.229387 
 0.264129 0.523813 0.003752 
 0.032525 -0.132779 -0.246039 
 -0.124882 -0.021534 0.203209 
 -0.160018 0.026563 -0.286689 
 -0.004933 -0.234759 0.177601 
 -0.045080 -0.335079 0.148012 
 -0.162848 0.143556 -0.314374 
 -0.005703 -0.234759 0.176951 
 -0.277433 0.071584 -0.265511 
 0.290740 -0.372555 -0.299045 
 0.079720 -0.400064 0.094053 
 -0.242208 0.248552 -0.202763 
 -0.121732 -0.184780 0.197945 
 -0.117443 -0.153601 0.183675 
 0.163242 -0.116384 0.120704 
 0.259132 -0.406875 -0.247798 
 -0.282373 0.229892 -0.145196 
 -0.397726 0.155446 -0.067524 
 0.265255 0.523813 0.002549 
 -0.018031 -0.534173 0.261754 
 -0.042647 -0.218732 0.191375 
 -0.106781 -0.045735 0.143524 
 0.067720 -0.162807 -0.262985 
 -0.096085 -0.066900 -0.241908 
 0.045456 -0.220260 0.154194 
 0.177055 -0.099172 -0.045995 
 -0.114018 -0.300625 0.302526 
 -0.106582 -0.089414 0.141545 
 0.228079 -0.588358 -0.010939 
 0.366852 0.287368 -0.026685 
 0.251363 0.565750 0.032711 
 0.242028 0.550877 0.043909 
 0.288848 0.716357 -0.007854 
 -0.145446 0.085468 -0.308523 
 -0.180327 -0.026095 0.273711 
 -0.234224 0.064071 0.261396 
 0.094861 -0.286235 -0.238849 
 -0.148802 -0.203579 0.251683 
 0.041953 -0.337537 0.111070 
 0.142683 -0.505149 0.017761 
 0.240918 -0.550612 -0.073738 
 -0.184322 0.310198 0.080525 
 0.176684 0.439898 0.122631 
 0.155406 -0.266575 0.091319 
 0.280888 0.612945 -0.001274 
 0.129623 -0.099626 0.121177 
 -0.066665 -0.051078 -0.274605 
 0.017159 -0.427360 0.109582 
 -0.210777 -0.007788 -0.217330 
 -0.207203 0.034822 0.260318 
 0.138403 -0.197409 -0.278815 
 0.007311 -0.306408 0.127855 
 -0.154653 -0.098965 0.250837 
 -0.317034 0.143220 -0.267130 
 -0.089270 0.401950 0.005643 
 0.172396 -0.162073 0.123650 
 -0.319289 0.221431 -0.035087 
 0.194167 0.764213 0.099204 
 -0.049122 -0.321759 0.164438 
 -0.301527 0.251141 -0.056492 
 0.207329 -0.005806 0.063189 
 0.203801 -0.214751 -0.279621 
 -0.355655 0.123426 -0.191384 
 -0.129527 -0.318533 0.329044 
 -0.172231 0.037252 0.211912 
 0.109682 -0.229132 -0.089830 
 0.251109 -0.229719 -0.309809 
 0.206989 -0.005806 0.064426 
 0.195095 0.863327 0.138420 
 -0.406821 0.145194 -0.106892 
 -0.086574 0.010727 0.159180 
 -0.393904 0.200163 0.068675 
 -0.216773 0.332222 -0.201371 
 0.127579 -0.365510 -0.106385 
 -0.257024 0.053690 -0.239097 
 -0.033455 -0.463753 0.202295 
 -0.150305 0.103280 -0.342693 
 -0.078629 -0.338089 0.197916 
 -0.082019 0.041518 0.143851 
 0.127690 -0.338428 -0.207688 
 -0.049122 -0.321494 0.164478 
 -0.153175 0.117177 -0.327070 
 -0.208994 0.302923 -0.183315 
 0.126524 -0.343596 -0.034924 
 0.215040 -0.506844 -0.153117 
 -0.185419 0.113128 0.207214 
 0.112883 -0.194193 -0.274910 
 -0.069605 0.001111 0.115676 
 0.101790 -0.399253 0.072155 
 -0.105962 -0.336516 0.200589 
 -0.151443 0.356638 0.034261 
 0.047728 -0.428037 0.092340 
 0.028693 -0.580677 0.090804 
 -0.131084 -0.038901 -0.225657 
 0.255911 -0.421439 -0.250400 
 0.142551 -0.149149 0.001864 
 -0.120943 0.385150 0.037766 
 -0.222998 0.289438 0.158479 
 -0.205523 0.018317 0.277156 
 0.132899 -0.275390 -0.235191 
 0.239590 -0.357729 -0.253609 
 0.120274 -0.344034 -0.019904 
 -0.386256 0.157473 -0.091561 
 -0.176693 -0.116618 0.289478 
 0.165942 0.599882 0.142824 
 0.289007 0.557611 -0.033942 
 0.228252 0.460802 0.047793 
 0.038617 -0.249796 0.149044 
 -0.013017 -0.061921 0.111165 
 0.320488 0.332907 -0.030741 
 -0.012355 -0.061921 0.111159 
 0.230717 0.415108 0.062292 
 0.274062 0.745566 -0.013383 
 0.139177 -0.403945 -0.048708 
 -0.048223 -0.083570 -0.248958 
 -0.006820 -0.502395 0.110672 
 0.149524 -0.261962 0.051706 
 -0.106115 -0.152031 0.156277 
 -0.061782 -0.380170 0.153300 
 0.168102 -0.443067 0.000610 
 0.003627 -0.586019 0.147423 
 0.233898 0.970265 0.063366 
 0.150666 -0.419128 -0.060484 
 -0.133768 -0.186925 0.225381 
 0.028693 -0.580677 0.093561 
 0.180911 -0.091928 0.009025 
 -0.090681 -0.046005 0.135442 
 0.007367 -0.369035 0.141949 
 0.324697 0.271301 0.002613 
 0.194157 -0.065198 0.052820 
 -0.030699 -0.484574 0.238794 
 0.089583 -0.119607 -0.112132 
 -0.049214 -0.413384 0.160084 
 -0.099025 -0.307297 0.205932 
 0.166105 -0.164314 0.137763 
 -0.225866 0.264345 -0.226508 
 0.120026 -0.224184 0.003286 
 0.235015 0.636834 0.063955 
 0.227766 -0.151503 -0.315538 
 -0.070950 -0.232092 0.191185 
 0.097398 -0.276352 -0.063320 
 0.047691 -0.456597 0.073151 
 0.180429 -0.569749 -0.000339 
 -0.079008 -0.338089 0.197916 
 -0.155595 -0.154629 0.212526 
 -0.030134 -0.506766 0.166598 
 -0.151641 -0.163392 0.285312 
 0.208809 0.881652 0.061911 
 0.199138 0.498305 0.140983 
 0.086675 -0.427602 0.060891 
 0.203632 -0.049311 0.040512 
 -0.074294 -0.410592 0.162074 
 -0.233101 0.274725 0.169345 
 -0.124998 -0.121458 0.164240 
 -0.039487 -0.204083 0.193694 
 0.196339 0.824697 0.049829 
 -0.049179 -0.186468 0.170812 
 -0.277322 0.133162 -0.310644 
 0.236810 0.754310 0.052620 
 -0.180436 -0.075404 0.324183 
 -0.172443 0.312280 0.052611 
 0.242416 0.505892 0.041113 
 -0.207919 0.314282 -0.149595 
 -0.078117 0.419679 -0.037470 
 0.288283 0.331728 -0.013716 
 0.235163 0.784400 0.019426 
 0.123336 -0.192395 -0.011112 
 -0.409284 0.188191 0.041818 
 -0.034067 -0.108139 0.131093 
 0.118149 -0.267463 0.123785 
 -0.203985 -0.021686 -0.214533 
 -0.146242 -0.111857 0.220995 
 -0.156569 0.041296 -0.284246 
 0.262074 0.509144 -0.000009 
 -0.161250 -0.072437 0.283199 
 0.144150 -0.390716 -0.167467 
 -0.033463 -0.447139 0.185385 
 -0.393904 0.200589 0.068675 
 0.357101 0.300089 0.005387 
 -0.157953 -0.146270 0.282095 
 0.170437 -0.167899 -0.277686 
 -0.230642 0.071621 -0.289142 
 -0.211848 0.317380 -0.166911 
 0.193093 -0.514635 -0.078827 
 0.184511 0.631454 0.121228 
 0.251363 0.565013 0.032613 
 0.254487 0.451553 -0.024076 
 -0.140181 0.352657 0.091896 
 0.081216 -0.163434 -0.119241 
 0.148531 -0.131139 -0.030896 
 0.208890 0.735460 0.106051 
 0.073120 -0.504569 0.067293 
 0.149374 -0.291238 0.033254 
 -0.117497 -0.309321 0.247119 
 0.281563 0.715648 0.005958 
 -0.029409 -0.426324 0.135162 
 0.190010 -0.499583 -0.062045 
 0.263220 -0.567757 -0.080105 
 -0.061566 -0.431675 0.204787 
 -0.049270 -0.351017 0.145455 
 0.203483 -0.077949 0.020672 
 -0.155875 0.351497 -0.100989 
 -0.440632 0.081288 -0.160986 
 0.267000 0.481974 -0.033123 
 0.178068 0.821493 0.092415 
 -0.011859 -0.540201 0.302264 
 -0.227273 0.200414 -0.296074 
 -0.376472 0.185343 -0.070155 
 -0.340640 0.150146 -0.181211 
 -0.015667 -0.031866 0.109787 
 0.112278 -0.222747 0.139352 
 0.203646 0.853597 0.056873 
 -0.083112 -0.427528 0.317619 
 0.164166 -0.113275 -0.053758 
 0.169579 -0.386345 -0.223393 
 -0.317034 0.143220 -0.267433 
 -0.099686 0.041940 -0.303663 
 0.260671 0.743129 0.014166 
 -0.151999 0.351464 -0.082358 
 0.041375 -0.235028 0.151619 
 -0.408497 0.145439 -0.106892 
 0.252919 -0.436366 -0.253003 
 0.239399 0.519477 0.057292 
 0.006770 -0.588535 0.166918 
 0.140668 -0.117573 0.142161 
 -0.098879 -0.279158 0.224020 
 0.154910 -0.601666 0.037093 
 -0.300095 0.207501 -0.205578 
 -0.389776 0.072060 -0.231148 
 -0.106292 -0.034758 0.180105 
 0.130173 -0.289655 -0.237748 
 0.089194 -0.384097 0.082397 
 0.229826 0.576069 0.091253 
 -0.202869 0.357389 -0.161076 
 -0.339192 0.121718 -0.198984 
 0.221003 0.722100 0.094273 
 -0.118763 -0.092181 0.168868 
 -0.277184 0.158586 -0.292989 
 -0.171798 0.346885 -0.010579 
 0.369684 0.302296 -0.023865 
 0.104761 -0.476665 0.068266 
 -0.123765 -0.249674 0.245314 
 0.121577 -0.036490 0.101316 
 0.262578 -0.456175 -0.231733 
 0.225240 0.559148 0.121169 
 0.094220 -0.291080 -0.065446 
 -0.129527 -0.318533 0.328229 
 0.024707 -0.084355 -0.280891 
 -0.174825 0.331840 -0.010655 
 -0.153317 -0.168012 0.197256 
 -0.285672 0.196797 -0.247779 
 0.273182 0.483058 -0.046864 
 -0.234524 0.287689 -0.016002 
 0.157965 -0.446441 -0.093826 
 0.298784 0.685172 0.030681 
 -0.288138 0.249003 -0.033588 
 0.249499 0.741173 0.041715 
 0.176681 -0.006274 0.080612 
 0.211927 0.896947 0.063852 
 0.227524 -0.439650 -0.196551 
 -0.222604 0.332107 -0.188293 
 0.273193 0.611862 0.013315 
 -0.391748 0.174563 -0.127979 
 0.202184 -0.020674 0.060596 
 0.261055 0.581482 0.021318 
 0.301542 -0.584533 -0.096087 
 -0.366095 0.147813 -0.148474 
 -0.341742 0.188600 -0.148060 
 0.237072 0.710761 0.048898 
 -0.314656 0.191715 -0.181131 
 0.251962 0.771010 0.027067 
 -0.152187 -0.084556 0.253356 
 0.100499 -0.301273 -0.116558 
 0.023348 -0.204306 0.159013 
 0.288702 0.628676 -0.014334 
 0.304587 0.658002 -0.002171 
 0.108576 -0.313808 -0.146934 
 0.079454 -0.474793 0.071610 
 -0.182784 -0.118111 0.302964 
 0.239546 0.549663 0.077006 
 0.246742 -0.356630 -0.268692 
 -0.148098 0.159579 -0.338053 
 -0.375581 0.176154 0.011704 
 0.103188 -0.286998 -0.113993 
 0.241379 0.913221 0.064183 
 0.218161 0.750976 0.093887 
 0.112856 -0.214107 -0.088372 
 0.171966 -0.169354 0.034675 
 0.178582 -0.099296 0.095405 
 0.097398 -0.276352 -0.063773 
 -0.092721 -0.276791 0.210778 
 0.284060 -0.309998 -0.298121 
 -0.294298 0.208705 -0.218240 
 -0.042645 -0.266213 0.188536 
 0.191421 -0.130955 0.100629 
 -0.078523 0.039410 0.164219 
 0.224790 0.708607 0.078041 
 0.249213 -0.313786 -0.246859 
 -0.154071 0.158518 -0.324881 
 0.044688 -0.130257 -0.272240 
 0.007311 -0.306318 0.129212 
 0.234597 0.562503 0.074162 
 0.248005 0.492307 0.025171 
 -0.179811 -0.131507 0.286783 
 -0.205277 -0.005723 -0.230559 
 0.041632 -0.457693 0.086757 
 -0.083348 -0.371150 0.212240 
 0.238737 -0.266094 -0.248887 
 0.220135 0.732621 0.160922 
 0.184657 0.659035 0.139210 
 0.244178 0.624380 0.032112 
 -0.095210 -0.372005 0.239976 
 0.016335 -0.519197 0.106892 
 0.097119 -0.225386 -0.114013 
 0.229202 0.475471 0.050350 
 -0.121483 -0.291229 0.210807 
 0.253935 0.552184 0.016210 
 0.226523 0.517309 0.085760 
 0.176611 -0.165767 -0.291535 
 -0.161360 0.116291 0.152880 
 0.049879 -0.182705 -0.204062 
 0.139521 -0.274306 -0.250039 
 -0.061592 -0.154721 0.164797 
 -0.045957 -0.306825 0.165295 
 -0.261437 0.273677 -0.164090 
 0.251816 -0.263903 -0.275569 
 0.168402 -0.553680 0.011329 
 0.128750 -0.407690 -0.142115 
 0.180263 0.616884 0.117815 
 -0.222211 0.066894 0.232768 
 -0.081874 0.069452 0.163651 
 0.072737 -0.215222 -0.195163 
 -0.121108 -0.168091 0.181149 
 0.138303 -0.350189 0.022872 
 -0.188470 0.070314 0.186257 
 -0.211848 0.315770 -0.165857 
 0.187508 0.618440 0.104041 
 0.041934 -0.337537 0.112471 
 -0.207734 0.314282 -0.148419 
 -0.325910 0.102079 -0.275493 
 -0.137179 -0.123594 0.191085 
 -0.238058 0.245737 0.164432 
 0.229720 -0.165125 -0.332447 
 -0.216674 -0.007791 -0.204231 
 0.232628 0.398989 0.081446 
 -0.104713 -0.365472 0.322446 
 0.216250 0.577317 0.067017 
 -0.376062 0.176154 0.011704 
 0.336107 0.253100 0.024562 
 -0.059741 -0.050028 -0.288041 
 0.216396 0.605456 0.084733 
 -0.127792 0.090308 -0.348209 
 0.231744 0.562503 0.074162 
 0.211650 0.528726 0.129486 
 -0.077267 -0.352237 0.181513 
 -0.347762 0.162574 0.162403 
 0.171703 -0.169354 0.034260 
 -0.005717 -0.567550 0.267680 
 -0.096645 0.054396 -0.301054 
 0.057887 -0.264448 0.123962 
 0.136968 -0.329477 0.095022 
 -0.095909 0.054396 -0.301206 
 0.106102 -0.179783 -0.277328 
 0.242028 0.550019 0.043018 
 0.190191 -0.506378 -0.010410 
 -0.194168 0.347168 -0.188305 
 -0.253264 0.233952 -0.210493 
 -0.108078 -0.374733 0.267713 
 -0.108397 -0.001971 -0.311034 
 -0.105329 -0.336897 0.200589 
 -0.091524 0.037492 0.191542 
 -0.342188 0.208837 -0.048689 
 0.171832 0.792593 0.087928 
 0.234136 -0.195669 -0.332753 
 -0.262871 0.053213 -0.225705 
 -0.094472 -0.015112 0.134913 
 0.205101 -0.135427 -0.309253 
 0.269060 0.730713 -0.015923 
 -0.380854 0.145506 0.057408 
 0.098817 -0.338471 0.090501 
 0.162435 -0.266069 0.077206 
 0.189791 0.482552 0.150860 
 0.183005 0.469196 0.127177 
 0.229357 0.607615 0.057189 
 0.236433 0.929050 0.028459 
 -0.118655 0.007326 0.208030 
 0.106102 -0.178506 -0.277337 
 -0.114773 -0.289058 0.197033 
 -0.004472 -0.053820 -0.276268 
 0.233665 0.546647 0.090875 
 0.064417 -0.205007 0.148256 
 0.214521 0.486888 0.093844 
 0.179845 0.454547 0.128143 
 0.299433 0.600410 -0.026269 
 0.254487 0.450645 -0.024107 
 -0.162281 0.360941 -0.021399 
 -0.208855 0.330517 -0.164492 
 -0.391326 0.152013 -0.030390 
 -0.407541 0.148890 0.008618 
 0.321634 0.283903 0.018074 
 -0.358426 0.232346 0.008282 
 0.158073 -0.459140 0.011439 
 0.232410 -0.232997 -0.267499 
 0.153333 -0.131188 0.132183 
 -0.174825 0.331840 -0.013022 
 -0.247479 0.287596 0.010380 
 0.187654 0.646023 0.125208 
 -0.039763 -0.500498 0.250453 
 -0.125137 -0.277736 0.227122 
 0.164521 -0.121612 0.017874 
 -0.313460 0.128484 0.232190 
 -0.155830 0.351339 0.099640 
 0.023329 -0.148275 -0.234256 
 0.013934 -0.593293 0.206022 
 -0.131259 0.367948 -0.119635 
 0.328414 0.223245 0.018876 
 -0.082019 0.041518 0.144347 
 0.208591 0.663823 0.084112 
 0.102720 -0.224302 -0.126576 
 -0.303614 0.087786 -0.278057 
 0.212227 -0.570158 -0.018674 
 -0.309411 0.086770 -0.265950 
 0.103014 -0.167794 -0.089655 
 -0.125908 0.384206 0.051126 
 -0.129937 0.052237 0.204349 
 -0.117045 0.372296 0.021942 
 0.136968 -0.327389 0.094177 
 0.283807 -0.402099 -0.304250 
 -0.154285 0.144586 -0.327310 
 0.078878 -0.214145 -0.209232 
 -0.390013 0.179733 -0.012592 
 -0.065322 -0.051078 -0.273688 
 0.048179 -0.400983 0.111530 
 -0.126503 -0.169162 0.194848 
 -0.298536 0.157509 -0.272100 
 -0.297266 0.194764 -0.221659 
 -0.047443 -0.016133 0.110517 
 -0.124344 0.006260 0.221801 
 -0.339695 0.123694 -0.198984 
 0.154563 -0.118480 -0.006629 
 0.114788 -0.309454 0.101036 
 -0.084413 0.010727 0.159180 
 -0.262871 0.053213 -0.224937 
 0.299353 0.512055 -0.032246 
 0.190393 0.852692 0.084196 
 -0.224293 0.215198 -0.293666 
 -0.390151 0.152013 -0.028046 
 0.049547 -0.182705 -0.204935 
 0.071457 -0.533244 0.048026 
 0.187825 -0.491077 -0.133793 
 -0.206521 0.027037 -0.262519 
 -0.348302 0.242963 0.047843 
 0.130173 -0.291376 -0.237748 
 0.142950 -0.321128 0.028063 
 -0.014601 -0.307441 0.150223 
 0.151627 -0.310255 0.069398 
 0.251363 0.565765 0.032613 
 0.159363 -0.245974 0.041041 
 -0.146241 -0.039424 0.241539 
 -0.246285 0.287596 0.012686 
 0.292319 0.599326 -0.011758 
 0.124517 -0.353456 -0.210252 
 -0.154484 0.341993 0.032622 
 -0.098387 0.381506 -0.101067 
 0.152999 -0.229924 0.038363 
 0.169646 -0.450707 -0.069533 
 -0.030439 -0.036651 -0.288909 
 0.239465 -0.237533 -0.229498 
 0.262199 0.404431 0.011965 
 -0.030612 -0.539330 0.200415 
 0.169095 -0.115443 0.106628 
 0.122075 -0.252575 0.125494 
 0.179464 0.790551 0.126168 
 0.149794 -0.338023 -0.231545 
 0.117578 -0.275233 -0.226315 
 0.282677 0.527265 -0.039057 
 0.105450 -0.098738 0.124899 
 -0.316496 0.111827 0.229737 
 0.008841 -0.068023 -0.287274 
 -0.435135 0.082294 -0.173942 
 -0.378084 0.074078 -0.255786 
 0.297707 0.349354 -0.024572 
 -0.267749 0.246051 -0.167845 
 0.193511 0.865911 0.085545 
 0.227807 -0.475803 -0.164531 
 0.053045 -0.182705 -0.204935 
 0.142568 -0.505812 0.017761 
 -0.104747 0.380535 -0.087763 
 0.179893 -0.487251 -0.031093 
 0.184841 -0.323709 -0.245933 
 0.036950 -0.098682 -0.290838 
 0.002875 -0.000536 0.088319 
 -0.216935 0.252641 -0.255076 
 -0.110948 -0.332334 0.301530 
 0.363243 0.272440 -0.027944 
 0.190944 0.689244 0.144290 
 -0.108116 -0.345919 0.286697 
 0.112602 -0.194193 -0.274910 
 0.096390 -0.254298 -0.132996 
 0.230792 -0.165125 -0.332564 
 -0.117091 0.071938 -0.326906 
 -0.173756 0.101759 -0.321425 
 0.004456 -0.383804 0.139834 
 -0.390151 0.152773 -0.030390 
 -0.080330 -0.384744 0.195813 
 0.130251 -0.350188 0.036947 
 0.122299 -0.391700 -0.144568 
 -0.150919 -0.084515 0.253356 
 0.129561 -0.191304 -0.025175 
 0.274706 -0.505859 -0.210747 
 -0.238590 0.040468 -0.262534 
 0.193965 0.703224 0.146830 
 0.128750 -0.408314 -0.142083 
 0.023348 -0.204857 0.159756 
 -0.109336 0.083144 0.182156 
 0.067451 -0.604908 0.129461 
 -0.247070 0.282591 -0.106169 
 0.093186 -0.194916 -0.113783 
 0.105352 -0.153125 -0.087357 
 -0.342850 0.099039 -0.235062 
 0.254487 0.451553 -0.024059 
 0.202909 0.853597 0.056873 
 -0.202575 0.005322 0.260687 
 -0.180739 0.330803 -0.000123 
 0.035748 -0.293010 0.128325 
 -0.451972 0.105413 -0.117711 
 0.284448 -0.373346 -0.286736 
 0.239316 -0.266025 -0.248887 
 0.175617 -0.148256 0.125367 
 -0.160543 0.350428 -0.069088 
 0.098170 -0.535273 0.045551 
 -0.280472 0.235201 -0.176690 
 0.274459 -0.476915 -0.191300 
 -0.252917 0.281980 -0.093054 
 -0.336367 0.111096 -0.214362 
 0.224183 0.621145 0.073548 
 0.123788 -0.163977 -0.283605 
 0.297707 0.347609 -0.024676 
 0.207937 0.766357 0.071768 
 -0.107282 -0.289075 0.183259 
 -0.322814 0.142436 -0.253820 
 -0.095535 -0.230798 0.193419 
 -0.454909 0.092100 -0.120084 
 -0.132756 -0.208552 0.294920 
 0.218038 0.870182 0.032069 
 0.192402 -0.454990 -0.181066 
 -0.033494 -0.367732 0.153872 
 0.090789 -0.289322 -0.086181 
 -0.086262 -0.390541 0.263026 
 -0.072824 0.057014 0.133808 
 0.140485 -0.191610 0.121801 
 -0.008678 -0.104035 -0.216704 
 -0.079794 -0.051162 -0.266268 
 -0.320315 0.217190 -0.151033 
 0.330823 0.242539 -0.028559 
 -0.094472 -0.016203 0.134457 
 0.324697 0.269859 0.002613 
 0.133314 -0.365077 0.020105 
 0.304739 -0.563747 -0.146720 
 0.223818 0.843963 -0.000292 
 -0.146242 -0.110816 0.220995 
 0.193499 0.619038 0.090266 
 0.035738 -0.367114 0.105914 
 0.019320 -0.585609 0.139947 
 0.266096 0.698993 0.031035 
 -0.005568 -0.539098 0.286941 
 0.253186 0.888473 0.018033 
 0.096537 -0.225386 -0.114484 
 -0.088660 -0.356252 0.228665 
 -0.177693 -0.116618 0.289302 
 0.274786 -0.418906 -0.292740 
 0.284733 -0.436650 -0.271576 
 0.226916 -0.151503 -0.315976 
 0.246959 0.466455 -0.026814 
 0.348376 0.284059 0.015654 
 -0.186527 0.323248 0.096779 
 0.206873 0.781934 0.055146 
 0.285989 0.569988 -0.015376 
 0.092969 -0.191882 0.146139 
 -0.018031 -0.534859 0.260507 
 -0.152086 0.083329 0.192310 
 -0.086263 0.027088 0.142461 
 0.263220 -0.567757 -0.080284 
 0.139338 -0.520116 0.015543 
 -0.045663 -0.250317 0.204816 
 0.005987 -0.587809 0.166918 
 -0.101540 -0.352246 0.325874 
 -0.221660 0.158877 -0.311192 
 0.001267 -0.232156 0.163045 
 -0.288056 0.255781 -0.116017 
 -0.376472 0.182574 -0.070155 
 0.127739 -0.251475 0.111418 
 0.180911 -0.090809 0.009025 
 -0.460783 0.064656 -0.125766 
 0.181759 -0.177606 0.092821 
 0.261896 -0.281302 -0.255731 
 -0.055388 -0.153644 0.151022 
 -0.136960 -0.123594 0.191153 
 -0.056058 -0.153644 0.151022 
 0.180883 -0.084408 0.097744 
 0.196864 0.633607 0.092806 
 0.260624 -0.247979 -0.288359 
 0.320623 -0.575536 -0.192175 
 -0.097766 0.080543 0.207095 
 0.209124 -0.555257 -0.001652 
 -0.335357 0.137427 -0.196590 
 -0.020843 -0.475480 0.280614 
 -0.409946 0.029081 -0.211292 
 -0.426355 0.069787 -0.202058 
 0.322173 0.283903 0.019284 
 0.202156 0.484409 0.122250 
 -0.333128 0.177613 -0.176772 
 0.051506 -0.291937 0.118805 
 -0.104913 -0.361547 0.270271 
 0.010927 -0.263220 0.149484 
 0.208954 0.913080 0.080611 
 -0.092853 -0.419959 0.257427 
 0.177040 -0.479730 -0.102964 
 -0.005252 -0.336863 0.137389 
 0.235163 0.785156 0.020114 
 -0.122320 0.116555 -0.343330 
 0.251421 -0.229719 -0.309461 
 0.091473 -0.277440 -0.050601 
 -0.241223 0.283377 -0.119285 
 -0.369431 0.192907 0.149857 
 0.228057 -0.196758 -0.319722 
 -0.143994 -0.052527 0.225380 
 0.057422 -0.143516 -0.283415 
 -0.232679 0.278781 -0.228046 
 -0.151999 0.351464 -0.083137 
 -0.083495 -0.398091 0.194982 
 -0.095340 -0.349676 0.312897 
 0.190581 -0.500024 -0.062045 
 0.215368 0.543395 0.132480 
 -0.187221 0.323248 0.096140 
 0.214962 0.571649 0.150521 
 -0.173431 -0.074029 0.310522 
 -0.209092 0.316649 -0.000361 
 0.168569 -0.441957 -0.141086 
 0.214962 0.569735 0.151464 
 0.189224 0.761439 0.112922 
 0.204004 -0.128917 0.073790 
 0.073476 -0.338880 0.093833 
 -0.271249 0.186093 -0.288561 
 0.265280 0.342145 0.045335 
 -0.303822 0.099376 0.219800 
 -0.214160 0.278637 0.129377 
 0.063999 -0.081360 0.119158 
 0.141943 -0.476320 0.037131 
 -0.105388 -0.202015 0.206654 
 0.254523 0.580399 0.033336 
 -0.156185 0.102139 -0.329502 
 0.268033 0.744206 0.000392 
 -0.123726 -0.018145 -0.287895 
 -0.164736 0.055416 -0.286944 
 0.079033 -0.603902 0.101159 
 0.279059 -0.339773 -0.303460 
 -0.179542 -0.006517 -0.234138 
 0.170899 -0.450707 -0.070192 
 0.241587 0.467206 -0.012964 
 -0.212962 0.102007 -0.310979 
 -0.049260 -0.509005 0.208542 
 0.035233 -0.487349 0.081767 
 0.117026 -0.268240 -0.018430 
 0.178381 -0.190833 0.090219 
 -0.403961 0.128019 -0.072306 
 0.192695 -0.489974 -0.147872 
 0.299353 0.512055 -0.032251 
 0.106361 -0.271855 -0.113103 
 0.004731 -0.218963 0.165609 
 0.095515 -0.400478 0.085462 
 -0.447588 0.080282 -0.148200 
 0.258091 -0.285723 -0.222700 
 0.151372 -0.396511 0.011443 
 -0.301361 0.169969 -0.256451 
 -0.124998 -0.121458 0.162991 
 0.041357 -0.567098 0.099137 
 -0.168230 -0.134258 0.312020 
 -0.399902 0.141733 -0.069915 
 0.136217 -0.178726 -0.002961 
 -0.351003 0.129053 -0.253864 
 0.029149 -0.322547 0.122208 
 -0.401285 0.071392 -0.204151 
 -0.124914 -0.065794 0.201230 
 0.057887 -0.263596 0.124383 
 0.241711 -0.550612 -0.072970 
 -0.179897 0.113127 0.193722 
 0.112400 -0.372922 -0.165553 
 -0.111776 -0.303645 0.180626 
 -0.011167 -0.538408 0.158358 
 0.196339 0.824697 0.051566 
 -0.429785 0.117595 -0.104806 
 0.016992 -0.233112 0.154620 
 -0.386364 0.185218 0.071996 
 -0.247732 0.253930 0.075224 
 0.121053 -0.281251 0.106227 
 0.128295 -0.149408 -0.279790 
 -0.002055 -0.118499 -0.211717 
 -0.102199 -0.231195 0.207194 
 0.209582 0.748009 0.140676 
 -0.290160 0.145546 -0.300462 
 -0.100554 -0.017269 0.147152 
 -0.317374 0.243556 0.033267 
 0.109535 -0.255353 -0.108864 
 0.281227 -0.388274 -0.288192 
 -0.386458 0.185218 0.071996 
 0.111846 -0.270768 -0.125335 
 0.247761 0.464933 -0.026814 
 0.116433 -0.381392 -0.094879 
 0.176684 0.440706 0.122979 
 0.142551 -0.149149 0.001947 
 -0.228218 0.065841 0.248290 
 0.119409 -0.349391 -0.108655 
 -0.017262 -0.013556 -0.363700 
 -0.178888 -0.075404 0.324183 
 0.085879 -0.445017 0.077262 
 -0.270273 0.086856 0.189217 
 -0.137046 -0.023671 0.230412 
 0.272378 -0.520886 -0.211039 
 0.229048 0.784083 0.032900 
 0.247525 -0.549497 -0.087234 
 0.314238 0.331208 -0.016722 
 0.100457 -0.216281 -0.059062 
 0.178688 -0.162567 0.109537 
 -0.124232 -0.249674 0.245977 
 -0.320516 0.129506 -0.269176 
 0.116177 -0.171068 -0.067921 
 0.265113 -0.341974 -0.275309 
 0.188988 0.861307 0.152498 
 0.241173 0.639172 0.048471 
 0.304737 -0.545923 -0.164541 
 0.106225 -0.203797 -0.037761 
 -0.264067 0.256958 0.031897 
 -0.190579 0.084738 -0.284338 
 0.223869 0.502488 0.083202 
 0.337777 0.208791 -0.011472 
 0.328884 0.223245 0.019357 
 -0.406629 0.146769 -0.138233 
 0.237367 0.400077 0.067454 
 -0.317034 0.143329 -0.266785 
 0.215855 0.501556 0.097071 
 0.230201 -0.421279 -0.246061 
 0.162799 0.585799 0.140283 
 0.019535 -0.505755 0.107452 
 -0.434894 0.082294 -0.175152 
 0.270359 0.774838 -0.013621 
 -0.094838 0.099661 0.155404 
 -0.107591 -0.323519 0.358653 
 0.184841 -0.324271 -0.245969 
 -0.090104 -0.066661 -0.255325 
 0.087560 -0.210294 -0.254890 
 0.180760 -0.457892 -0.011697 
 0.267921 0.744206 0.000755 
 -0.389530 0.154739 0.085976 
 0.245830 0.769935 0.041095 
 -0.197103 0.326102 -0.108892 
 -0.104900 -0.308811 0.361379 
 -0.120503 -0.296793 0.263479 
 0.142868 -0.447491 0.055628 
 -0.112222 -0.152530 0.169761 
 0.250629 0.681741 0.056172 
 0.189365 -0.476150 -0.131190 
 -0.058617 -0.365501 0.158033 
 -0.334875 0.201404 -0.127784 
 0.177456 -0.100413 -0.045995 
 0.269596 -0.569152 -0.094109 
 0.102572 -0.250460 -0.146865 
 0.156608 -0.371933 -0.211806 
 -0.096390 0.057300 -0.332899 
 -0.233053 0.008300 -0.212187 
 -0.047970 -0.083570 -0.250851 
 -0.369431 0.192394 0.149264 
 0.139521 -0.274306 -0.248494 
 -0.182639 -0.087898 0.321664 
 0.020445 -0.219034 0.157188 
 -0.357004 0.173554 -0.124486 
 0.176684 0.440991 0.122979 
 -0.179764 -0.057620 0.307236 
 -0.276984 0.132095 -0.310644 
 0.110669 -0.354590 0.079174 
 0.249973 -0.313125 -0.246859 
 0.105885 -0.209633 -0.124824 
 0.260817 0.480890 -0.018933 
 0.210910 0.869115 0.045731 
 -0.094311 -0.083701 -0.225818 
 -0.248614 0.198578 -0.275187 
 -0.005751 -0.539098 0.286998 
 0.110023 -0.568337 0.049775 
 -0.323282 0.203436 -0.151516 
 -0.027294 -0.366050 0.140062 
 0.173419 -0.440858 -0.154415 
 -0.129355 -0.169162 0.194848 
 0.229327 -0.419714 -0.246061 
 0.053379 -0.519008 0.073452 
 -0.165941 -0.134258 0.312020 
 0.149374 -0.291914 0.033254 
 0.025311 -0.101494 -0.263628 
 0.214755 0.855732 0.029319 
 -0.102966 0.042189 -0.322048 
 -0.001759 -0.220650 0.179516 
 -0.130149 -0.094694 0.196191 
 -0.417543 0.109982 -0.194938 
 0.259861 -0.494163 -0.165847 
 -0.083495 -0.397736 0.193256 
 0.131448 -0.414748 0.051180 
 -0.392448 0.111148 -0.197009 
 0.140723 -0.119192 -0.289600 
 -0.048979 -0.453077 0.246818 
 0.190191 -0.506378 -0.008013 
 0.105885 -0.211326 -0.125324 
 -0.194307 0.318846 -0.206315 
 0.055995 -0.180352 -0.218653 
 0.295170 0.686190 0.007774 
 -0.212391 0.017535 0.290705 
 0.104054 -0.218525 -0.040329 
 0.190191 -0.507071 -0.009226 
 0.265086 -0.341974 -0.276097 
 -0.217341 -0.007791 -0.204101 
 0.045180 -0.322749 0.113649 
 -0.230954 0.072211 -0.289142 
 0.221841 -0.553956 -0.029365 
 0.013415 -0.593293 0.206022 
 0.158714 -0.429860 0.030809 
 -0.304600 0.103015 -0.294661 
 -0.410123 0.029689 -0.211292 
 -0.241481 0.263947 -0.219486 
 -0.077686 -0.351655 0.181513 
 0.176075 -0.419854 -0.204301 
 -0.027259 -0.505096 0.275429 
 0.157243 -0.118480 -0.006629 
 -0.065063 -0.169323 0.162256 
 0.255515 0.419525 0.009098 
 -0.009533 -0.496521 0.323032 
 -0.118800 -0.020468 0.190924 
 -0.207919 0.313538 -0.148419 
 -0.008489 -0.495501 0.323032 
 0.105443 -0.294395 -0.183679 
 0.150491 -0.418540 -0.200587 
 -0.361932 0.199160 -0.093729 
 0.226250 -0.196758 -0.318828 
 0.123967 -0.237687 0.128090 
 0.237410 0.504808 0.055465 
 -0.199483 0.020024 0.263607 
 -0.320315 0.217190 -0.150596 
 0.117589 -0.247628 -0.207358 
 -0.381249 0.193273 -0.021568 
 0.173419 -0.440858 -0.154836 
 0.268149 -0.354727 -0.291980 
 -0.212962 0.101495 -0.310536 
 0.187891 -0.066683 0.066877 
 0.102324 -0.268815 0.131575 
 0.139740 -0.398718 0.038938 
 0.189107 -0.136282 -0.300277 
 0.066607 -0.115435 -0.142262 
 -0.308933 0.114209 0.216433 
 -0.230741 0.021951 -0.209754 
 0.094368 -0.263510 -0.048033 
 0.255911 -0.420263 -0.250400 
 -0.120192 -0.301076 0.316376 
 0.176489 0.860115 0.179896 
 -0.135677 -0.251827 0.273525 
 -0.077455 -0.001587 0.129338 
 -0.089691 -0.003723 0.156661 
 0.220304 0.516225 0.099628 
 -0.073583 -0.382338 0.181945 
 -0.211776 0.173105 -0.321859 
 -0.237801 0.262385 -0.200351 
 -0.415293 0.123820 -0.046376 
 -0.295849 0.118079 -0.304815 
 0.010228 -0.068023 -0.287274 
 0.024707 -0.085828 -0.279740 
 -0.090441 0.037492 0.191542 
 -0.452582 0.079276 -0.135329 
 -0.113215 -0.035600 -0.265738 
 0.237442 -0.181653 -0.330185 
 0.275620 -0.505668 -0.210747 
 -0.128972 -0.292305 0.224582 
 -0.392504 0.084705 -0.214679 
 0.013443 -0.397121 0.109334 
 0.179845 0.454547 0.126666 
 0.206368 0.708704 0.119281 
 0.248313 0.638993 0.034659 
 -0.092885 0.380821 -0.114371 
 -0.233233 0.172359 -0.301954 
 -0.310423 0.143234 0.234643 
 0.195241 0.891607 0.157550 
 0.140668 -0.117328 0.143440 
 0.220638 0.588553 0.120358 
 -0.078573 0.419679 -0.037469 
 0.023176 -0.204306 0.159756 
 -0.058587 -0.428058 0.171426 
 0.272712 -0.543385 -0.144289 
 0.168995 -0.149360 0.140366 
 0.060107 -0.607696 0.143612 
 -0.044645 -0.123429 0.142328 
 -0.111082 -0.035175 -0.265738 
 -0.413420 0.144184 -0.093964 
 -0.251176 0.054269 -0.252213 
 -0.146386 -0.066552 0.222864 
 0.257984 0.682821 0.042300 
 -0.033455 -0.464684 0.202295 
 0.197084 0.689732 0.129297 
 -0.127851 -0.008170 0.219157 
 0.274424 -0.354661 -0.307013 
 -0.172231 0.038219 0.211932 
 -0.121209 -0.183330 0.197945 
 0.130377 -0.385996 0.069622 
 -0.028024 -0.476016 0.294670 
 0.073030 -0.504569 0.067157 
 -0.208079 0.306115 0.134291 
 0.340998 0.225451 -0.009028 
 0.240107 -0.440888 -0.224777 
 0.140723 -0.120259 -0.289759 
 -0.018024 -0.015305 -0.363700 
 -0.133931 -0.186925 0.225381 
 0.142960 -0.382354 0.042272 
 0.015376 -0.050617 -0.316858 
 -0.185168 0.298668 0.046408 
 0.015497 -0.014983 0.077707 
 -0.397348 0.057397 -0.219440 
 -0.021312 -0.554332 0.169018 
 0.111116 -0.172155 -0.051760 
 0.118149 -0.268827 0.122898 
 -0.104418 -0.308811 0.361225 
 -0.334956 0.140180 -0.227889 
 -0.014927 -0.035602 -0.297356 
 0.191890 -0.131123 0.100629 
 -0.084215 0.391416 -0.043257 
 0.024707 -0.086008 -0.279740 
 0.102324 -0.268473 0.131575 
 -0.446507 0.054060 -0.165384 
 0.129426 -0.386711 -0.070717 
 0.099408 -0.267225 -0.149269 
 -0.356766 0.127951 -0.240927 
 0.071509 -0.018360 0.090771 
 -0.389639 0.099283 -0.212298 
 0.107720 -0.323128 -0.061881 
 0.239316 -0.266094 -0.247874 
 -0.245329 0.056288 -0.265370 
 0.010636 -0.262918 0.149484 
 0.133030 -0.520672 0.029302 
 -0.085346 -0.352738 0.195362 
 -0.110858 -0.286872 0.305080 
 0.235854 0.548936 0.059532 
 -0.212962 0.102007 -0.308672 
 0.004011 -0.117480 -0.225322 
 -0.118675 0.026037 -0.297894 
 0.255025 0.757536 0.011354 
 0.363243 0.272440 -0.030346 
 0.133448 -0.400545 0.053783 
 0.199123 0.877816 0.141325 
 0.133298 -0.427833 0.034464 
 0.199935 0.649113 0.095346 
 0.068718 -0.201729 -0.178490 
 -0.141544 -0.020921 -0.246877 
 0.347589 0.284059 0.015014 
 0.187915 -0.146050 0.098026 
 0.223869 0.502640 0.083308 
 0.112724 -0.194193 -0.275682 
 -0.014643 -0.171537 0.157149 
 0.203667 0.718870 0.135596 
 0.209512 0.719947 0.120623 
 0.243575 0.400149 0.053596 
 0.195095 0.863327 0.138242 
 -0.193586 -0.006891 0.229868 
 0.049176 -0.399476 0.111530 
 0.140485 -0.191923 0.122081 
 -0.155305 -0.098965 0.250905 
 0.133298 -0.429448 0.034464 
 0.270032 0.596113 0.010022 
 0.180092 -0.469683 -0.047774 
 0.214815 0.544998 0.132480 
 -0.014927 -0.036539 -0.296950 
 0.195679 0.427128 0.099356 
 0.141270 -0.109995 -0.083221 
 0.247966 0.942200 0.069235 
 -0.101498 -0.350763 0.325874 
 0.123936 -0.415852 0.065065 
 -0.002439 -0.487606 0.113422 
 0.323891 -0.560389 -0.189834 
 -0.158277 -0.085583 0.267415 
 -0.389875 0.203803 0.005207 
 0.222407 0.576951 0.052095 
 -0.110784 -0.077040 0.157726 
 0.141857 -0.163248 0.141068 
 0.101933 -0.291895 -0.201170 
 0.204566 0.634684 0.079032 
 -0.030133 -0.233481 0.181197 
 -0.014927 -0.035759 -0.297356 
 0.253681 0.356352 0.056561 
 0.301469 -0.490103 -0.231687 
 -0.002055 -0.119453 -0.212818 
 -0.420152 0.040717 -0.183094 
 -0.021286 -0.518138 0.136057 
 0.122008 -0.178547 -0.287171 
 -0.088493 -0.015136 0.121270 
 0.178762 -0.370991 -0.234796 
 0.026323 -0.048502 -0.343917 
 -0.037210 -0.121659 0.128553 
 0.127636 -0.254454 0.111418 
 -0.193870 0.069260 0.199749 
 -0.409957 0.241172 0.077098 
 0.175787 -0.104255 -0.304968 
 0.128750 -0.407690 -0.140119 
 -0.209463 0.017535 0.290705 
 0.217833 0.529011 0.116054 
 -0.238472 0.041561 -0.262534 
 -0.279875 0.198224 -0.259646 
 -0.340429 0.086339 -0.250056 
 0.094825 -0.400354 0.085462 
 -0.193079 0.084738 -0.284338 
 -0.212962 0.102007 -0.310195 
 -0.351003 0.127963 -0.253864 
 0.217392 0.445646 0.059104 
 -0.398501 0.218154 0.033610 
 0.187802 0.617961 0.104041 
 -0.262871 0.053213 -0.226841 
 -0.223020 0.250404 -0.241998 
 -0.327696 0.189683 -0.155623 
 -0.081796 0.013724 0.126302 
 0.264129 0.524396 0.002549 
 -0.012355 -0.061921 0.111528 
 -0.130051 -0.278813 0.241651 
 -0.289999 0.253185 -0.081891 
 -0.055156 -0.350832 0.159323 
 0.209220 0.663823 0.085055 
 -0.199853 0.035879 0.246296 
 0.209099 0.938506 0.099311 
 -0.214964 0.268394 0.094623 
 0.213073 0.952611 0.101831 
 0.314238 0.331999 -0.017313 
 0.250775 0.452799 -0.043217 
 0.331586 0.209420 0.002641 
 -0.160423 0.341505 0.045546 
 0.176684 0.438777 0.122979 
 -0.066302 -0.169290 0.162256 
 -0.031257 -0.484574 0.238794 
 -0.006010 -0.539098 0.286998 
 -0.232586 0.270013 0.051172 
 0.123283 -0.050167 0.084779 
 -0.280289 0.119514 -0.313042 
 -0.024783 -0.091716 0.119859 
 -0.276302 0.231217 -0.158256 
 0.181660 0.673009 0.156209 
 -0.127851 -0.007084 0.219285 
 -0.158879 0.337534 0.096660 
 0.220845 0.856800 0.015074 
 -0.025153 -0.534157 0.133478 
 -0.230339 0.056480 -0.273247 
 0.213528 -0.524461 -0.138119 
 0.099260 -0.294878 -0.168406 
 0.244243 0.927710 0.067146 
 0.127636 -0.250945 0.111418 
 -0.117351 -0.282397 0.268003 
 -0.092915 -0.214814 0.195959 
 -0.124998 -0.121107 0.163830 
 0.353880 0.285925 0.001541 
 0.067850 -0.339068 0.107852 
 0.330972 0.271544 -0.011462 
 -0.440889 0.107510 -0.143453 
 0.047148 -0.456597 0.073151 
 0.280877 -0.388274 -0.287535 
 -0.303614 0.088634 -0.278829 
 -0.397522 0.155446 -0.067524 
 0.121652 -0.133782 -0.282513 
 0.186859 -0.456090 -0.166799 
 0.161028 -0.459110 -0.110497 
 0.016141 -0.116262 -0.252881 
 -0.360315 0.149337 -0.160672 
 0.143793 -0.390716 -0.167467 
 0.206989 -0.006951 0.063189 
 0.039273 -0.472521 0.084585 
 0.221872 0.828968 -0.002812 
 0.000992 -0.047646 -0.340320 
 0.092002 -0.245692 -0.203023 
 0.272597 0.343238 0.031353 
 -0.236214 0.157586 -0.303299 
 0.263351 0.325735 0.042757 
 -0.312938 0.167742 -0.230753 
 -0.185980 0.085767 -0.297510 
 0.069957 -0.062551 -0.372338 
 0.204440 0.751847 0.069452 
 -0.100635 -0.122480 0.161329 
 -0.326111 0.215620 -0.137825 
 -0.305723 0.245927 0.007035 
 -0.276444 0.252333 -0.058544 
 0.274614 0.407313 -0.016029 
 0.050849 -0.535701 0.070860 
 0.185652 -0.491077 -0.133793 
 0.130377 -0.385420 0.070498 
 0.142470 -0.291738 0.047330 
 -0.171798 0.345310 -0.010579 
 -0.351557 0.128962 -0.253864 
 0.288283 0.332419 -0.013169 
 0.206127 0.951543 0.115142 
 -0.407541 0.148964 0.008158 
 0.099555 -0.238971 -0.130330 
 0.184622 -0.150463 -0.302831 
 0.164589 -0.103006 -0.018032 
 -0.044787 -0.001208 0.113043 
 -0.305210 0.206485 -0.192234 
 -0.098254 -0.018955 -0.289255 
 0.101374 -0.301273 -0.116558 
 0.099260 -0.297698 -0.168406 
 -0.016053 -0.099782 -0.251625 
 0.108608 -0.279890 -0.179717 
 -0.042647 -0.218732 0.189321 
 0.248599 0.506976 0.029080 
 -0.176548 -0.088498 0.308002 
 -0.348984 0.142635 -0.251480 
 0.228711 0.608601 0.057189 
 0.236917 0.416195 0.052947 
 0.298539 0.314756 0.008731 
 0.199338 -0.198890 -0.281951 
 -0.163317 0.055454 -0.286944 
 0.040833 -0.263474 0.132507 
 -0.244461 0.252335 -0.221144 
 0.208957 0.910329 0.080611 
 0.001204 -0.047646 -0.340320 
 -0.342415 0.172107 0.216283 
 0.180615 -0.522549 0.002361 
 0.149026 -0.475214 0.023558 
 -0.217948 0.032844 0.287378 
 0.196484 0.852529 0.071029 
 0.138403 -0.195387 -0.278246 
 0.119261 -0.378824 -0.128030 
 0.215483 -0.556693 -0.015916 
 0.222851 0.722100 0.094273 
 -0.118530 -0.020468 0.189484 
 -0.112222 -0.152253 0.169976 
 0.103440 -0.209839 -0.264177 
 0.256036 -0.249074 -0.274340 
 0.159160 -0.217013 0.060308 
 0.118000 -0.296139 0.102550 
 -0.330579 0.111990 -0.226681 
 -0.149504 -0.153562 0.200517 
 0.202303 0.512614 0.141234 
 0.240215 0.725330 0.053395 
 0.072854 -0.568438 0.084300 
 -0.358062 0.197338 -0.074031 
 0.220631 -0.117143 -0.334432 
 0.247043 -0.526323 -0.156538 
 -0.164792 0.336163 -0.090200 
 -0.176201 0.313780 0.034279 
 -0.106968 0.097534 0.185579 
 0.158425 -0.505561 0.009177 
 -0.171921 0.101759 -0.321425 
 -0.355095 0.211092 -0.073574 
 0.230461 0.398989 0.081446 
 -0.075937 0.042584 0.131059 
 -0.322952 0.114048 -0.271567 
 0.210657 0.472219 0.091956 
 -0.198452 -0.007950 0.245062 
 0.216396 0.605456 0.083246 
 -0.049179 -0.187071 0.170812 
 0.183026 0.889140 0.184949 
 0.151975 -0.133268 -0.008837 
 0.134040 -0.347769 0.003569 
 -0.240372 0.275196 -0.184724 
 -0.167456 -0.028999 0.298458 
 0.013587 -0.140585 0.139653 
 0.224378 0.708607 0.077958 
 0.109807 -0.067118 0.110129 
 -0.129373 -0.228279 0.332070 
 -0.232079 0.270013 0.052071 
 0.122666 -0.381715 -0.108964 
 0.209162 -0.556186 -0.001652 
 0.004032 -0.412249 0.121552 
 -0.155581 -0.082454 0.235785 
 -0.211498 0.226386 -0.286055 
 0.109387 -0.285477 -0.128616 
 0.328564 0.251997 0.039566 
 0.098170 -0.535647 0.044473 
 0.109978 -0.172155 -0.051047 
 0.061239 -0.174863 0.148296 
 0.294757 0.361304 -0.008012 
 0.172659 0.601238 0.129049 
 -0.273571 0.245177 -0.155848 
 -0.066501 -0.432854 0.218712 
 0.243653 -0.458623 -0.189993 
 0.100559 -0.238971 -0.130439 
 -0.005228 -0.291420 0.138917 
 -0.229862 0.250214 0.119474 
 -0.014499 -0.099861 -0.251625 
 0.249064 -0.342528 -0.266100 
 -0.185112 0.085767 -0.297510 
 0.006770 -0.588869 0.166918 
 0.165942 0.600162 0.143143 
 -0.330303 0.164894 -0.192069 
 0.165884 -0.084541 0.106435 
 0.206368 0.703788 0.119281 
 0.035748 -0.292247 0.127357 
 0.191421 -0.131483 0.100629 
 -0.118453 -0.054455 -0.236326 
 -0.077312 -0.397007 0.179730 
 -0.061566 -0.431766 0.205442 
 0.123976 -0.350971 0.051023 
 -0.397891 0.155446 -0.067524 
 -0.072723 -0.014969 0.113142 
 -0.104766 -0.331250 0.287634 
 0.242028 0.550019 0.044992 
 0.241792 0.550019 0.043909 
 -0.391177 0.198010 0.087463 
 0.089619 -0.097748 0.132905 
 0.240918 -0.551131 -0.072970 
 0.073773 -0.280851 0.132126 
 -0.271249 0.186093 -0.288398 
 -0.346815 0.162574 0.161181 
 0.161686 -0.410119 -0.019386 
 0.256270 -0.455721 -0.217583 
 0.067720 -0.162807 -0.262728 
 -0.267749 0.245594 -0.168907 
 0.244178 0.627167 0.032112 
 0.137934 -0.375160 -0.169918 
 0.045296 -0.157943 0.140534 
 0.189166 -0.511268 -0.098054 
 0.218396 0.707531 0.091732 
 0.045296 -0.158503 0.139609 
 -0.361932 0.198991 -0.093258 
 -0.073325 -0.411668 0.304810 
 -0.201315 0.307074 0.120968 
 0.206989 -0.005086 0.063189 
 -0.205103 0.034822 0.260318 
 0.268149 -0.355834 -0.291980 
 -0.044992 -0.250317 0.204962 
 0.324846 0.298790 0.022776 
 -0.397816 0.154698 -0.067524 
 0.267000 0.480976 -0.032860 
 0.138403 -0.194445 -0.278815 
 0.175617 -0.147063 0.126252 
 -0.133285 0.366564 -0.087731 
 0.230717 0.413708 0.064722 
 -0.173683 -0.056854 0.293594 
 0.180416 -0.469683 -0.047774 
 -0.132068 -0.122526 0.177491 
 0.214610 0.828723 0.010850 
 0.249499 0.741350 0.041715 
 0.136267 -0.361664 -0.013080 
 -0.100554 -0.017269 0.147269 
 -0.083967 0.054882 0.161135 
 0.136526 -0.350189 0.022009 
 -0.144284 0.129713 -0.337828 
 0.000039 -0.047646 -0.340187 
 0.147140 -0.282606 0.102829 
 -0.073895 -0.457448 0.302585 
 -0.161360 0.115173 0.153245 
 0.159558 -0.217298 0.060308 
 0.304737 -0.546707 -0.162978 
 0.285835 0.669392 0.022792 
 0.172009 -0.157747 0.068562 
 -0.401285 0.070795 -0.204151 
 -0.333128 0.177662 -0.176422 
 -0.290138 0.228507 -0.100550 
 0.150250 -0.325182 0.066795 
 0.295141 -0.586581 -0.082069 
 -0.172568 0.340795 -0.126980 
 0.277315 -0.311098 -0.284193 
 -0.210777 0.327786 -0.132862 
 0.164499 -0.585768 0.025490 
 0.034027 -0.367114 0.105914 
 -0.084758 0.010727 0.160003 
 0.126821 -0.285817 0.005001 
 0.181060 -0.062299 0.027442 
 0.143587 -0.338680 -0.216615 
 -0.425924 0.116029 -0.085805 
 0.190797 0.661680 0.125435 
 0.004005 -0.118389 -0.225322 
 0.185658 -0.456090 -0.166799 
 -0.187575 0.318796 -0.020984 
 -0.112372 0.054199 -0.292987 
 0.138407 -0.274306 -0.249059 
 0.244240 0.800738 0.008238 
 0.179434 -0.522516 0.002361 
 0.094861 -0.287360 -0.238714 
 0.157941 -0.115279 -0.039250 
 -0.169453 0.328892 0.024612 
 0.187891 -0.066604 0.066877 
 -0.006694 -0.032439 -0.341888 
 0.250399 -0.587699 -0.034460 
 0.202424 -0.386911 -0.241531 
 0.247043 -0.525861 -0.156538 
 0.047125 -0.248705 0.135082 
 -0.192489 0.084738 -0.283918 
 0.186727 -0.496952 -0.081294 
 -0.106781 -0.046123 0.143524 
 -0.261977 0.260231 -0.000297 
 -0.085026 0.038559 0.177880 
 -0.117032 -0.288153 0.319712 
 0.151717 -0.116370 -0.026047 
 0.029375 -0.324361 0.122208 
 0.301542 -0.585458 -0.096194 
 0.282325 -0.527823 -0.155922 
 -0.158422 -0.112984 0.248318 
 0.278179 -0.519776 -0.227574 
 0.279659 0.540438 -0.022631 
 0.205977 0.733440 0.138136 
 -0.391205 0.160322 0.035873 
 -0.151641 -0.162603 0.285312 
 -0.004336 -0.053789 -0.276268 
 -0.043801 -0.480468 0.213698 
 0.162607 -0.116384 0.120704 
 -0.157420 0.056450 -0.299657 
 0.156729 -0.103691 -0.004051 
 0.145126 -0.276850 0.049925 
 0.202719 0.881429 0.074987 
 -0.027294 -0.366050 0.139848 
 0.250854 0.452888 -0.043217 
 -0.125027 -0.049328 0.183956 
 -0.244461 0.250134 -0.220805 
 -0.081874 0.068985 0.163651 
 -0.030133 -0.233615 0.179783 
 -0.139199 0.363633 -0.074465 
 -0.211498 0.225830 -0.286055 
 0.298539 0.313813 0.008731 
 -0.202975 0.324197 -0.094899 
 -0.311836 0.120866 0.164986 
 0.154902 -0.432915 -0.076302 
 -0.228439 0.009030 -0.225378 
 -0.186945 0.085767 -0.297510 
 0.267197 0.342145 0.045335 
 0.088493 -0.551304 0.055983 
 -0.203029 0.021569 0.244293 
 -0.080477 -0.411676 0.175000 
 -0.008744 -0.187306 0.159718 
 -0.229544 0.117378 -0.319450 
 0.111203 -0.446810 0.075625 
 -0.071093 -0.349870 0.167663 
 -0.105244 -0.034758 0.178945 
 -0.092695 -0.385020 0.223551 
 0.252690 -0.437363 -0.253003 
 0.197209 0.011841 0.041141 
 -0.315901 0.154205 -0.232423 
 -0.164803 -0.168499 0.224579 
 -0.030413 -0.478685 0.185736 
 0.100297 -0.224408 -0.266832 
 -0.153175 0.115976 -0.325513 
 0.251816 -0.263903 -0.276677 
 -0.018749 -0.539504 0.172377 
 0.158356 -0.103691 -0.004128 
 0.140668 -0.117573 0.144101 
 -0.282210 0.184060 -0.262044 
 0.282822 0.684025 0.040947 
 -0.173841 0.321577 0.121434 
 0.240566 0.609774 0.029565 
 -0.146389 -0.039163 0.241539 
 0.201576 0.909261 0.094273 
 -0.033603 -0.493911 0.183157 
 -0.142040 -0.224841 0.308381 
 0.212217 0.952893 0.101831 
 0.187214 0.819857 0.131220 
 0.357492 0.300089 0.004143 
 0.165659 -0.021854 0.092046 
 0.233069 0.490270 0.052908 
 0.190816 0.907126 0.121596 
 0.117891 -0.296139 0.103632 
 -0.166464 0.082764 0.200154 
 0.265236 -0.313298 -0.255157 
 -0.123224 -0.007104 0.205642 
 -0.121341 -0.007104 0.205642 
 0.230426 0.752880 0.066376 
 0.242690 0.757464 0.038865 
 0.203236 0.603297 0.112437 
 0.192401 -0.121165 -0.297723 
 -0.317374 0.243877 0.032895 
 0.278156 -0.374450 -0.271051 
 -0.073849 -0.439100 0.285697 
 0.272378 -0.520886 -0.213051 
 -0.026175 -0.003194 -0.335265 
 -0.210965 0.264798 0.113597 
 -0.225727 0.290510 -0.208606 
 -0.127971 -0.108076 0.179502 
 0.112413 -0.299282 -0.144370 
 -0.322357 0.142207 -0.253820 
 -0.236010 -0.043880 0.307808 
 0.066641 -0.162807 -0.262276 
 0.028984 -0.489162 0.096019 
 -0.130585 0.375108 -0.002433 
 0.102572 -0.252556 -0.146066 
 0.064546 -0.099654 -0.294494 
 -0.094579 0.057300 -0.332646 
 0.255911 -0.421439 -0.250861 
 -0.211916 0.033764 0.272742 
 0.265369 0.342145 0.045335 
 0.143547 -0.205347 0.105130 
 0.063512 -0.145428 -0.297077 
 -0.180358 0.113127 0.193722 
 0.093063 -0.369229 0.085317 
 0.154910 -0.602624 0.035091 
 0.126061 -0.568833 0.040860 
 0.226886 0.489056 0.068029 
 -0.250233 0.262290 -0.026799 
 0.190935 0.848837 0.136272 
 0.038607 -0.131713 -0.257832 
 0.260410 0.553266 0.002360 
 -0.202339 0.021569 0.244293 
 0.230201 -0.419714 -0.244861 
 0.058091 -0.064675 -0.345585 
 -0.081874 0.068138 0.163651 
 0.357101 0.300089 0.003245 
 -0.413759 0.041726 -0.196003 
 0.025636 -0.531834 0.074497 
 0.260964 0.509348 -0.000009 
 -0.233053 0.007999 -0.211749 
 -0.070704 -0.440375 0.305322 
 0.267366 0.787710 0.000194 
 -0.108518 -0.261013 0.202113 
 0.025634 -0.567193 0.107845 
 -0.387046 0.191932 -0.010194 
 0.269130 0.481974 -0.032860 
 0.078878 -0.211820 -0.208579 
 0.157421 -0.457924 -0.129622 
 -0.152163 -0.195639 0.319235 
 -0.049063 -0.487862 0.281607 
 -0.203044 0.317683 -0.013267 
 -0.070118 -0.322357 0.186621 
 -0.334673 0.137427 -0.196590 
 -0.122714 0.070901 -0.314014 
 -0.122331 0.388987 -0.013299 
 0.138218 -0.384893 0.056385 
 0.179772 -0.151220 -0.288981 
 -0.099985 -0.307297 0.205683 
 0.136267 -0.361539 -0.013183 
 0.292017 0.699757 0.027900 
 0.275620 -0.505859 -0.209590 
 0.180653 -0.067475 0.080933 
 -0.049122 -0.321494 0.164317 
 0.098967 -0.311742 0.109742 
 -0.033194 -0.395468 0.134837 
 -0.084215 0.391416 -0.042744 
 -0.228002 0.024890 -0.239995 
 0.172246 -0.191937 0.105848 
 0.110903 -0.504314 0.033951 
 0.152168 -0.396511 0.011443 
 0.141104 -0.440161 -0.137134 
 -0.112222 -0.152530 0.169196 
 -0.106115 -0.151179 0.156277 
 0.201223 -0.386911 -0.241783 
 0.193221 0.810247 0.048084 
 0.275113 -0.418130 -0.292740 
 -0.202941 0.021569 0.243821 
 0.179464 0.790205 0.126168 
 0.096989 -0.287651 -0.100789 
 -0.119952 0.385150 0.038118 
 0.214227 0.430380 0.055438 
 0.017907 -0.139839 -0.185266 
 -0.285215 0.243773 -0.129729 
 -0.233438 0.172359 -0.300890 
 -0.324928 0.086553 -0.256447 
 -0.217603 0.017962 0.304253 
 -0.395393 0.096476 -0.199390 
 0.205101 -0.137525 -0.309253 
 -0.134838 0.353354 0.078517 
 0.269584 0.328449 0.028998 
 0.168940 0.586669 0.126954 
 -0.289785 0.171774 -0.282689 
 -0.073937 -0.337006 0.184067 
 -0.265250 0.271107 -0.132549 
 -0.039775 -0.305741 0.152962 
 -0.036463 -0.263338 0.174668 
 0.140409 -0.353840 -0.219781 
 -0.086249 -0.407750 0.280216 
 -0.388229 0.173195 0.037785 
 -0.317623 0.177962 -0.182950 
 -0.046507 -0.093289 0.141877 
 -0.322427 0.112479 0.243041 
 -0.011418 -0.394690 0.112448 
 0.223575 -0.340235 -0.261813 
 0.178433 -0.127971 0.075791 
 -0.327083 0.224668 -0.072365 
 0.153072 -0.253020 0.108035 
 -0.275354 0.269063 -0.106834 
 -0.228413 0.021951 -0.209754 
 -0.443433 0.094431 -0.145827 
 -0.034067 -0.107783 0.130438 
 0.123307 -0.582952 0.038247 
 -0.042701 -0.320410 0.150569 
 0.085946 -0.566231 0.053381 
 -0.261789 0.273677 -0.164253 
 -0.110967 -0.054744 -0.199183 
 0.206138 0.733440 0.138136 
 0.045125 -0.322142 0.113649 
 0.168208 -0.178112 0.121047 
 -0.073849 -0.440303 0.285697 
 -0.001229 -0.588909 0.180994 
 -0.005609 -0.502395 0.110672 
 -0.099912 0.021974 0.203351 
 0.231595 0.970265 0.063366 
 0.169095 -0.115284 0.106544 
 0.324846 0.298384 0.021880 
 -0.227177 0.261675 0.153566 
 -0.316496 0.113680 0.229737 
 0.211757 0.590847 0.082266 
 0.108755 -0.279726 -0.179717 
 0.117442 -0.272723 -0.226315 
 0.169094 -0.101506 -0.032014 
 -0.148098 0.158679 -0.338053 
 0.049132 -0.399476 0.111530 
 -0.099863 -0.122011 0.161329 
 0.123492 -0.538897 0.040844 
 0.158564 -0.459396 0.011439 
 -0.426077 0.115826 -0.085805 
 0.008250 -0.066918 -0.287274 
 -0.330441 0.136717 -0.209574 
 0.029411 -0.147209 -0.248016 
 0.280848 -0.324886 -0.300254 
 0.090789 -0.289079 -0.086181 
 0.195243 0.483636 0.136119 
 0.127848 -0.361977 -0.139418 
 0.202574 0.853597 0.056275 
 -0.389776 0.073617 -0.229968 
 0.099207 -0.267225 -0.149422 
 0.284060 -0.309799 -0.298269 
 -0.194656 0.068882 0.199749 
 0.110645 -0.295413 -0.023587 
 0.145947 -0.461352 0.039706 
 -0.288229 0.249003 -0.032312 
 0.295461 0.497347 -0.033705 
 -0.250598 0.286985 -0.156293 
 -0.217745 0.145419 -0.326682 
 -0.311688 0.205469 -0.181082 
 -0.048757 -0.510044 0.208542 
 0.220135 0.732621 0.162544 
 0.057595 -0.114084 -0.297009 
 -0.106828 0.378489 -0.055724 
 0.124815 -0.372114 -0.193900 
 -0.145504 0.357679 0.022493 
 -0.056993 -0.019551 -0.301570 
 0.139070 -0.601915 0.046090 
 -0.078761 0.083382 0.166166 
 0.264226 0.773160 -0.001010 
 -0.226604 0.292443 -0.061061 
 -0.459498 0.078270 -0.122458 
 -0.327478 0.152176 -0.207103 
 -0.226180 0.248720 0.137786 
 0.192695 -0.490344 -0.147906 
 0.103483 -0.229903 -0.075990 
 0.221443 -0.523353 -0.151633 
 -0.091359 -0.001773 0.136894 
 -0.033283 -0.527963 0.217019 
 0.194977 0.921576 0.124115 
 0.232031 -0.136795 -0.313412 
 0.007367 -0.369035 0.141120 
 -0.267604 0.265951 -0.068722 
 0.117195 -0.503449 0.021451 
 0.088704 -0.287557 -0.225037 
 0.267539 -0.355761 -0.291980 
 0.148531 -0.131139 -0.026817 
 0.112266 -0.327429 -0.162447 
 -0.414303 0.135213 -0.012418 
 -0.229610 0.280072 -0.063490 
 -0.230253 0.186172 -0.296878 
 0.010422 -0.155800 0.137550 
 -0.077595 -0.397007 0.179388 
 -0.335922 0.157433 0.219066 
 -0.296364 0.088803 -0.291832 
 0.073304 -0.431381 0.089005 
 -0.023733 -0.187269 0.168058 
 0.101187 -0.584807 0.061317 
 -0.213872 0.306741 -0.053143 
 -0.104897 -0.411015 0.321322 
 -0.112417 -0.247520 0.218428 
 -0.418444 0.226403 0.088020 
 -0.179764 -0.057658 0.307236 
 -0.434894 0.082294 -0.173497 
 -0.014110 -0.171537 0.156762 
 -0.033494 -0.367137 0.155000 
 0.239014 0.562129 0.060313 
 0.119257 -0.366603 -0.092404 
 0.278156 -0.375039 -0.270819 
 -0.095686 0.080543 0.207095 
 -0.250176 0.055263 -0.252213 
 0.181496 -0.143064 0.059210 
 0.075734 -0.228041 -0.211119 
 0.098273 -0.310856 0.109742 
 0.102025 -0.325664 0.093093 
 -0.297486 0.104346 -0.307645 
 0.197511 0.011841 0.041141 
 0.050849 -0.535420 0.070860 
 0.145180 -0.134361 0.004774 
 0.149102 -0.411439 0.008765 
 -0.297128 0.220752 -0.202839 
 0.017247 -0.149342 -0.222241 
 0.148784 -0.148056 -0.012318 
 0.272378 -0.520886 -0.213299 
 0.169086 0.614731 0.144955 
 -0.135605 -0.019753 -0.260199 
 -0.124853 -0.093626 0.181322 
 0.165752 0.600162 0.142824 
 0.063680 -0.472881 0.081228 
 0.256003 -0.421439 -0.250400 
 -0.044317 -0.001208 0.112425 
 -0.104943 -0.365472 0.323309 
 0.259675 0.418071 0.028314 
 0.131191 -0.176535 -0.022170 
 -0.367674 0.218011 0.018918 
 -0.115408 0.040640 -0.295441 
 -0.074011 -0.416698 0.216391 
 -0.208855 0.329908 -0.164492 
 -0.382190 0.156899 0.072898 
 0.165510 -0.051911 0.072857 
 -0.154664 0.158518 -0.324881 
 -0.096990 -0.372005 0.239976 
 0.006716 -0.594396 0.220202 
 0.260088 0.389702 0.009253 
 0.330098 0.251997 0.038675 
 0.106437 -0.224101 -0.279991 
 -0.295849 0.118079 -0.305809 
 0.240754 -0.543413 -0.125749 
 0.215386 -0.548587 -0.069484 
 -0.127706 -0.219362 0.245384 
 -0.046188 -0.425972 0.144690 
 -0.324928 0.087480 -0.258103 
 0.064417 -0.204083 0.148256 
 0.282347 -0.564403 -0.123295 
 0.141270 -0.109458 -0.083221 
 0.190191 -0.506378 -0.009078 
 -0.104418 -0.308811 0.360169 
 0.197335 -0.050410 0.055412 
 0.041592 -0.161674 -0.258612 
 -0.033273 -0.464587 0.202295 
 0.312185 0.317171 -0.019307 
 -0.112429 0.035052 0.213190 
 0.148646 -0.585956 0.033508 
 -0.303614 0.090231 -0.278829 
 -0.132902 -0.237056 0.276066 
 -0.042878 -0.480468 0.212683 
 0.301542 -0.585458 -0.096488 
 0.086138 -0.190494 -0.152493 
 0.227181 0.545563 0.105936 
 0.219411 0.814518 -0.005331 
 0.173053 -0.191937 0.104332 
 -0.115203 -0.139111 0.186196 
 0.221443 -0.523353 -0.153827 
 0.097801 -0.287651 -0.100087 
 0.017814 -0.233763 0.154620 
 -0.030924 -0.093214 0.132148 
 -0.404298 0.215099 0.046613 
 0.221443 -0.523353 -0.152921 
 0.175767 -0.119504 0.144807 
 0.185717 0.819857 0.131593 
 0.154992 -0.266575 0.091319 
 -0.161395 -0.102011 0.264499 
 0.264778 0.729637 -0.000672 
 0.010176 -0.456937 0.103279 
 -0.400775 0.143971 -0.069915 
 -0.226180 0.248624 0.138332 
 0.242564 0.534146 0.061923 
 -0.298398 0.183595 -0.254327 
 0.356951 0.271499 -0.015175 
 0.096684 -0.197896 -0.095030 
 0.228396 0.695115 0.061643 
 -0.315459 0.218206 -0.163831 
 -0.411607 0.188191 0.041818 
 0.187027 -0.439748 -0.042919 
 -0.213251 0.042096 -0.265280 
 -0.002075 -0.321410 0.139213 
 0.175071 -0.171535 0.053684 
 -0.092548 -0.357641 0.242534 
 0.242564 0.534146 0.060180 
 0.020030 -0.568006 0.121902 
 0.123936 -0.416537 0.065293 
 0.259679 0.758611 -0.002402 
 -0.081143 -0.030487 0.124299 
 -0.316496 0.113169 0.230283 
 -0.023803 -0.204143 0.184699 
 -0.214301 0.250707 0.111079 
 -0.157757 -0.163266 0.298845 
 0.175071 -0.171535 0.052457 
 0.001074 -0.171553 0.148137 
 -0.184892 -0.024114 0.254074 
 0.205402 0.813684 0.021992 
 -0.171686 -0.037529 -0.214580 
 -0.201986 0.021569 0.244293 
 0.214017 0.543395 0.132480 
 -0.096787 0.027254 -0.319164 
 -0.097084 -0.019240 0.168760 
 -0.149359 -0.124376 0.218476 
 0.123325 -0.357221 -0.037509 
 0.074512 -0.228715 -0.211119 
 -0.055196 -0.454169 0.260445 
 0.208890 0.735844 0.105106 
 -0.223499 0.262716 0.140243 
 -0.102254 0.026213 -0.306120 
 0.171040 -0.540185 0.013949 
 0.120274 -0.344260 -0.020905 
 -0.088391 -0.015762 0.121270 
 -0.333342 0.151161 -0.194195 
 0.264778 0.729637 -0.001787 
 -0.008401 -0.306128 0.135380 
 -0.128495 -0.080244 0.198711 
 -0.217059 0.290899 0.145441 
 -0.409986 0.055380 -0.192604 
 -0.156942 0.361804 -0.034666 
 -0.117131 -0.331190 0.316991 
 -0.094038 0.067179 0.190487 
 -0.021678 -0.519369 0.136057 
 0.208809 0.880499 0.061911 
 -0.077037 -0.403076 0.233598 
 -0.145038 -0.211741 0.322469 
 -0.008789 -0.108741 0.129030 
 0.123556 -0.209951 0.005864 
 0.111725 -0.297239 0.119568 
 0.164517 0.585592 0.140283 
 0.117351 -0.445707 0.060088 
 0.229361 0.900150 0.023446 
 -0.390013 0.178503 -0.011482 
 0.285057 0.345423 0.003391 
 -0.010180 -0.525273 0.303714 
 0.181660 0.673009 0.155043 
 -0.161685 -0.153584 0.227099 
 0.102521 -0.179185 -0.125365 
 0.107079 -0.203557 -0.037761 
 0.152907 -0.425264 -0.007875 
 0.203371 0.718781 0.135596 
 0.026129 -0.382995 0.117513 
 -0.106193 -0.055357 -0.212600 
 0.042120 -0.262687 0.132507 
 -0.221027 0.287722 0.008311 
 0.170822 -0.101624 -0.032014 
 0.239465 -0.236099 -0.229698 
 0.050849 -0.533876 0.070487 
 -0.197630 0.041059 -0.273857 
 0.291740 0.643325 -0.010015 
 0.234075 0.723689 0.066724 
 -0.098456 -0.200512 0.192898 
 0.274573 -0.325963 -0.286789 
 -0.114627 -0.262090 0.215971 
 -0.382632 0.136930 -0.173914 
 0.193283 -0.520295 -0.026629 
 -0.149214 -0.097897 0.237783 
 -0.018112 -0.541027 0.172377 
 0.196938 0.661669 0.110621 
 0.331934 0.295677 0.059935 
 0.123473 -0.328117 -0.018319 
 -0.014261 -0.502456 0.247316 
 -0.092314 -0.363298 0.296035 
 -0.376017 0.183228 -0.070155 
 0.231459 0.398989 0.081446 
 0.092303 -0.415052 0.082867 
 -0.070680 -0.350573 0.167663 
 -0.401469 0.202109 0.031213 
 0.325168 0.270115 0.002613 
 -0.330303 0.164894 -0.192356 
 -0.083495 -0.398091 0.193071 
 0.122530 -0.363068 -0.125455 
 0.169325 -0.148666 0.140366 
 0.188329 -0.146050 0.098026 
 -0.334875 0.201531 -0.127220 
 0.093372 -0.240479 -0.116570 
 0.274911 -0.325986 -0.286789 
 -0.400308 0.043744 -0.221820 
 -0.099686 0.041168 -0.303663 
 -0.097586 -0.030633 0.132058 
 0.335668 0.195596 -0.014075 
 -0.123765 -0.249637 0.245977 
 0.006985 -0.472464 0.101847 
 0.186877 -0.468577 -0.062384 
 0.102425 -0.280810 -0.166334 
 -0.392705 0.217731 0.020904 
 -0.107880 -0.272421 0.307634 
 0.229904 0.475471 0.050031 
 0.255231 0.508060 0.013860 
 -0.208079 0.306032 0.135033 
 0.251322 0.437399 -0.026664 
 0.080222 -0.160077 0.141830 
 0.196938 0.661669 0.111648 
 0.128672 -0.361977 -0.138797 
 -0.115320 -0.290152 0.197033 
 0.310914 -0.473944 -0.243290 
 -0.128258 -0.063758 0.181936 
 0.074341 -0.178416 -0.259371 
 0.035382 -0.458789 0.101174 
 -0.035902 -0.107783 0.131093 
 -0.404436 0.189208 0.029106 
 0.275469 -0.534803 -0.229659 
 0.179144 0.790878 0.126168 
 -0.305640 0.115249 0.203129 
 0.246615 -0.549497 -0.087234 
 -0.265192 0.064289 0.277097 
 -0.333128 0.176428 -0.176422 
 0.199138 0.498305 0.138596 
 -0.021137 -0.490885 0.155541 
 0.208191 0.458266 0.089398 
 -0.366095 0.147860 -0.147707 
 0.233855 -0.439676 -0.210664 
 -0.182569 -0.020549 -0.236237 
 -0.008273 -0.187306 0.160353 
 -0.061919 -0.154721 0.164079 
 0.094110 -0.246129 -0.064582 
 0.211821 0.841282 0.027031 
 0.187161 -0.090126 -0.004994 
 0.202429 0.825663 0.038173 
 -0.105726 -0.411015 0.321322 
 -0.296725 0.103257 0.174068 
 0.019748 -0.412572 0.112134 
 -0.243357 0.261363 -0.187974 
 -0.149454 -0.153562 0.199776 
 0.272528 -0.490798 -0.193920 
 0.206194 0.748934 0.121398 
 0.255640 0.742099 0.027941 
 0.193511 0.867856 0.086715 
 0.152937 -0.247074 0.055117 
 -0.080713 -0.171239 0.170461 
 0.248746 0.536688 0.046712 
 0.274573 -0.326277 -0.286789 
 0.172549 -0.191937 0.104332 
 0.218504 0.679469 0.071621 
 0.199482 0.676239 0.114201 
 0.220556 0.459718 0.062783 
 0.123976 -0.352471 0.051023 
 0.234930 0.608695 0.043377 
 0.327760 0.255605 -0.014058 
 -0.284169 0.254208 -0.095456 
 0.232840 0.562503 0.075718 
 -0.066680 -0.432854 0.218712 
 0.092798 -0.245699 -0.064582 
 0.177600 -0.262203 -0.245550 
 0.123868 -0.209395 0.005864 
 -0.066036 -0.036225 -0.290627 
 -0.304634 0.113342 0.203129 
 -0.030133 -0.233481 0.179139 
 0.227033 0.517309 0.086427 
 0.229190 0.415108 0.064722 
 0.182137 0.863776 0.114038 
 -0.005247 -0.567850 0.267680 
 0.142408 -0.550568 0.015134 
 0.260964 0.506217 -0.000009 
 0.000868 -0.031706 0.102471 
 0.209020 -0.181224 -0.293293 
 -0.224293 0.213798 -0.295459 
 -0.070946 -0.322357 0.187694 
 0.155387 -0.118480 -0.006629 
 -0.398476 0.056639 -0.219440 
 -0.226952 0.237786 -0.244409 
 -0.102177 -0.322463 0.203136 
 0.252739 -0.436366 -0.253003 
 0.149374 -0.290638 0.033500 
 -0.211563 0.017535 0.290164 
 0.284068 -0.489721 -0.222334 
 -0.267749 0.246099 -0.168907 
 0.037749 -0.045526 -0.370977 
 -0.018243 -0.533064 0.120460 
 0.325494 0.208317 0.016754 
 -0.395534 0.230468 0.036078 
 -0.043027 -0.508952 0.195796 
 0.187800 0.672530 0.141750 
 -0.292478 0.195781 -0.233641 
 0.016141 -0.116262 -0.252558 
 -0.219752 0.305673 -0.040072 
 0.116464 -0.188204 -0.049119 
 -0.095713 -0.372005 0.241030 
 -0.062975 -0.021182 -0.288153 
 0.119787 -0.207164 -0.013357 
 0.268298 -0.327086 -0.271699 
 -0.261757 0.266976 -0.081318 
 0.078037 -0.174866 0.139431 
 0.217833 0.529101 0.116054 
 -0.107259 -0.034274 -0.279098 
 0.112400 -0.372780 -0.166051 
 0.193433 -0.491796 -0.006606 
 0.194157 -0.065278 0.054267 
 -0.254380 0.224195 -0.244297 
 0.093186 -0.194916 -0.114413 
 0.028984 -0.488388 0.096019 
 0.038612 -0.080288 0.122044 
 0.272712 -0.545137 -0.144289 
 -0.210943 0.331617 -0.214449 
 0.282824 0.555319 -0.019066 
 -0.344217 0.189317 -0.148060 
 -0.078523 0.039627 0.164278 
 -0.208615 0.004856 0.274658 
 -0.277046 0.185076 -0.273873 
 0.010636 -0.264925 0.149484 
 0.222554 0.606536 0.070661 
 -0.309411 0.086990 -0.265826 
 -0.382260 0.182213 -0.057729 
 -0.390151 0.170173 -0.078099 
 0.245188 0.564668 0.046557 
 0.192267 -0.121165 -0.296688 
 -0.374761 0.189947 0.014109 
 -0.126854 0.387945 0.000024 
 0.199284 0.950476 0.129154 
 -0.381249 0.193273 -0.022883 
 -0.155450 -0.126797 0.232830 
 0.278007 -0.403202 -0.291874 
 0.229048 0.784451 0.033144 
 0.063773 -0.474404 0.081228 
 0.211356 0.472219 0.090435 
 0.127156 -0.401500 0.067896 
 -0.033494 -0.367137 0.152750 
 0.061768 -0.489272 0.078636 
 0.245287 0.464054 0.007558 
 -0.170458 -0.087718 0.294956 
 -0.139587 0.085180 -0.321751 
 -0.164835 0.336696 0.110537 
 -0.005015 -0.106126 -0.196515 
 0.014279 -0.134260 -0.204027 
 -0.228483 0.297415 -0.111437 
 -0.155305 -0.098965 0.249919 
 0.019320 -0.585397 0.138767 
 -0.171215 -0.074336 0.310522 
 0.102324 -0.267351 0.132786 
 -0.072968 0.029220 0.114833 
 0.186661 0.809179 0.062976 
 -0.390286 0.173316 0.069588 
 -0.003532 -0.365232 0.117584 
 -0.329637 0.138442 -0.209574 
 0.209073 0.633808 0.065257 
 0.159617 -0.085639 0.119304 
 -0.229705 0.070590 0.196026 
 -0.061398 -0.306626 0.175325 
 0.089619 -0.098838 0.134997 
 0.133314 -0.365077 0.021239 
 0.027203 -0.382995 0.117317 
 0.320488 0.332805 -0.030741 
 0.254782 0.506865 0.013860 
 0.106743 -0.368789 -0.064441 
 0.044144 -0.167090 -0.207479 
 0.190538 0.880733 0.102896 
 0.173419 -0.440232 -0.155143 
 -0.113215 -0.035175 -0.265346 
 -0.096025 -0.067450 -0.241908 
 0.020361 -0.135489 -0.217669 
 0.109811 -0.308360 -0.059306 
 0.262352 -0.392445 -0.245195 
 -0.079551 0.055948 0.147492 
 0.274340 0.640078 0.031534 
 0.178099 -0.260646 -0.245550 
 -0.389308 0.148226 -0.145675 
 0.178762 -0.372630 -0.234796 
 -0.429019 0.109523 -0.171420 
 -0.089436 -0.405250 0.262243 
 -0.163811 0.349880 -0.055840 
 0.296180 0.496972 -0.033705 
 0.180719 -0.440855 -0.028779 
 0.189224 0.763140 0.111924 
 0.103440 -0.210130 -0.263676 
 0.178188 -0.262203 -0.245550 
 -0.101697 -0.005858 0.183984 
 -0.226089 0.052643 0.231965 
 0.066562 -0.569541 0.095770 
 -0.434894 0.082294 -0.172955 
 -0.425802 0.039708 -0.170185 
 -0.097848 0.392804 -0.066590 
 -0.310565 0.114209 0.215699 
 -0.320637 0.130760 0.194219 
 0.170899 -0.450707 -0.070248 
 -0.200609 0.264380 -0.229049 
 -0.294436 0.180566 -0.236039 
 -0.140687 0.021624 0.212936 
 -0.061464 -0.278410 0.195259 
 0.207318 0.429296 0.070415 
 -0.073895 -0.459700 0.302743 
 0.207379 0.635760 0.065257 
 -0.176651 -0.044495 0.311371 
 0.185717 0.819405 0.131220 
 -0.114492 -0.323252 0.230760 
 0.082839 -0.233242 -0.170906 
 -0.228483 0.297309 -0.112605 
 0.121361 -0.252575 0.124496 
 0.204911 -0.128917 0.072403 
 0.139177 -0.403877 -0.048970 
 0.151717 -0.117710 -0.025833 
 -0.032090 -0.478282 0.185736 
 -0.124914 0.075612 -0.364773 
 -0.406289 0.121631 -0.155902 
 -0.026175 -0.004497 -0.334351 
 -0.256105 0.248532 -0.195026 
 -0.011862 -0.503488 0.124043 
 -0.050570 -0.030620 0.107991 
 -0.287153 0.240885 -0.098138 
 -0.188739 0.056042 -0.284651 
 0.239288 -0.237533 -0.229698 
 -0.303614 0.087786 -0.279227 
 -0.173841 0.321314 0.120698 
 0.283040 -0.388274 -0.287535 
 -0.005308 -0.155805 0.146034 
 -0.330579 0.111390 -0.227346 
 -0.235841 0.271570 0.033460 
 -0.236170 0.260633 0.166888 
 -0.111188 -0.091490 0.155207 
 -0.229826 -0.011937 0.312805 
 0.033038 -0.307779 0.124782 
 0.222769 0.680545 0.059103 
 0.051230 -0.413209 0.094965 
 0.120811 -0.252575 0.125494 
 0.233442 0.461886 0.033925 
 -0.067182 -0.432854 0.218712 
 -0.223234 0.289858 0.158479 
 0.037770 -0.131713 -0.258597 
 0.163669 -0.102599 -0.018032 
 -0.123182 0.377346 -0.047851 
 0.192056 0.921576 0.124115 
 0.026735 -0.337316 0.119633 
 0.207402 -0.294336 -0.249868 
 -0.202575 0.006160 0.261109 
 0.221793 0.722100 0.095753 
 0.140634 -0.162709 0.141068 
 -0.152923 0.337664 0.083816 
 0.148003 -0.290638 0.033254 
 -0.176693 -0.116618 0.288004 
 -0.304644 0.237308 -0.058835 
 0.003794 -0.486514 0.099045 
 0.136968 -0.326759 0.095022 
 -0.027115 -0.469504 0.241379 
 0.193941 0.675162 0.128594 
 -0.163739 0.327413 0.043488 
 -0.111005 -0.315286 0.284338 
 0.149524 -0.261962 0.054068 
 0.103040 -0.314695 -0.133028 
 -0.062975 -0.020682 -0.285845 
 -0.463721 0.051042 -0.127771 
 -0.145175 -0.195249 0.305480 
 0.268644 -0.392919 -0.259308 
 0.107144 -0.195269 -0.261136 
 -0.024783 -0.093468 0.119859 
 -0.303062 0.193949 -0.207635 
 0.244876 -0.230812 -0.295280 
 -0.104130 0.051683 0.202063 
 -0.102750 -0.136970 0.158803 
 -0.033455 -0.464587 0.201870 
 -0.092609 -0.420508 0.257427 
 0.277162 -0.438125 -0.257425 
 0.307898 -0.488991 -0.245913 
 -0.062996 -0.380170 0.154208 
 0.213014 0.952611 0.101831 
 0.203009 0.937237 0.112973 
 0.225706 0.621145 0.074405 
 -0.367674 0.215810 0.018918 
 0.180656 0.846695 0.163671 
 -0.084758 0.010727 0.157786 
 -0.176468 0.099847 0.177741 
 0.175370 -0.114184 0.091533 
 -0.008639 -0.526104 0.303714 
 -0.308859 0.192732 -0.195132 
 -0.150059 0.159548 -0.338053 
 -0.055830 -0.428146 0.171426 
 -0.187014 0.097802 0.204726 
 0.253935 0.468559 -0.040663 
 -0.109555 -0.077751 0.157726 
 0.287519 -0.387011 -0.301648 
 -0.449171 0.092890 -0.133460 
 0.124424 -0.266363 0.108123 
 -0.148802 -0.203579 0.250950 
 -0.118800 -0.020468 0.188427 
 -0.122080 0.011965 -0.300347 
 0.230994 -0.508796 -0.163845 
 0.235015 0.636834 0.063896 
 -0.336518 0.172996 0.202894 
 -0.233483 -0.027575 0.310306 
 0.178283 -0.157529 0.056615 
 0.117494 -0.445707 0.060858 
 0.162459 -0.037308 0.089461 
 -0.093966 -0.004790 0.168164 
 0.096989 -0.286979 -0.100087 
 0.012353 -0.028230 0.074922 
 0.000907 -0.427018 0.118147 
 -0.075840 -0.029419 0.109742 
 0.194157 -0.065278 0.051053 
 -0.114746 -0.001584 -0.297711 
 -0.226180 0.248624 0.137781 
 0.291862 0.642419 -0.010015 
 0.290069 0.699757 0.027900 
 -0.020989 -0.462401 0.172411 
 -0.261757 0.265165 -0.082356 
 0.022790 -0.425992 0.095601 
 0.152922 -0.281502 0.088335 
 -0.042730 -0.451984 0.233680 
 0.278341 -0.490832 -0.208127 
 0.205026 0.442881 0.086462 
 -0.199853 0.035879 0.245529 
 0.085437 -0.566231 0.054105 
 -0.108527 -0.216136 0.204364 
 0.181349 -0.439760 -0.169199 
 0.063489 -0.048964 0.085656 
 0.222662 0.899082 0.037108 
 0.030022 -0.147209 -0.247470 
 -0.263876 0.257629 0.031897 
 0.194008 -0.093915 0.032912 
 -0.005228 -0.291420 0.138695 
 0.038937 -0.131713 -0.258597 
 0.148784 -0.148635 -0.011786 
 -0.229826 -0.013245 0.312853 
 -0.288056 0.255377 -0.114261 
 0.211449 0.009062 0.065781 
 0.241231 0.913221 0.064183 
 0.121652 -0.132634 -0.283474 
 0.128983 -0.536190 0.026693 
 0.220775 0.588553 0.120819 
 0.205402 0.810910 0.021992 
 -0.027109 -0.476016 0.294191 
 -0.225866 0.264430 -0.226523 
 0.190683 0.907212 0.121596 
 -0.067965 -0.380706 0.168077 
 0.223574 0.446133 0.043293 
 0.180035 -0.440855 -0.028404 
 0.220638 0.588177 0.120819 
 -0.272678 0.083988 0.220026 
 0.140723 -0.119192 -0.289494 
 0.105617 -0.162360 0.138874 
 0.106821 -0.215194 -0.073359 
 0.112763 -0.222747 0.139352 
 -0.230615 -0.013245 0.312805 
 0.205026 0.442881 0.085945 
 -0.110948 -0.332334 0.301609 
 -0.288140 0.246391 -0.000492 
 0.123089 -0.209395 0.005864 
 -0.073849 -0.439758 0.285697 
 0.247330 0.638993 0.036059 
 0.228864 -0.552841 -0.044443 
 0.190248 0.823629 0.065447 
 0.158308 -0.395408 -0.002670 
 0.146299 -0.391552 -0.027142 
 0.242690 0.756434 0.038865 
 -0.031961 -0.067190 -0.275348 
 0.024098 -0.518101 0.090848 
 -0.324515 0.167102 -0.204785 
 0.123677 -0.351815 -0.089826 
 0.108667 -0.176401 0.122270 
 0.136526 -0.350189 0.023283 
 -0.083348 -0.369609 0.212240 
 0.236558 0.752948 0.052620 
 -0.388762 0.192257 -0.010194 
 0.063176 -0.185360 -0.181039 
 -0.179521 -0.075270 0.324183 
 0.240918 -0.550299 -0.072970 
 0.117442 -0.275233 -0.227060 
 -0.102445 -0.136970 0.158803 
 -0.303062 0.191534 -0.207635 
 -0.256105 0.248690 -0.195026 
 -0.020843 -0.474917 0.280985 
 -0.097615 0.043351 -0.335352 
 -0.030468 -0.380759 0.137447 
 0.292319 0.600718 -0.012401 
 -0.052387 -0.427059 0.159228 
 0.175095 0.834876 0.109558 
 0.284733 -0.437019 -0.271742 
 -0.049063 -0.488668 0.280851 
 0.000520 -0.093052 0.119383 
 0.282677 0.527065 -0.039647 
 -0.150880 0.353939 -0.114218 
 -0.117351 -0.283683 0.266026 
 -0.019472 -0.395778 0.126373 
 0.193221 0.808207 0.049315 
 0.102025 -0.324203 0.093093 
 0.071935 -0.533244 0.048026 
 -0.409513 0.126368 -0.059341 
 0.049398 -0.166019 -0.221321 
 -0.409009 0.127006 -0.059341 
 -0.203147 0.303948 -0.197287 
 0.010553 -0.354267 0.143953 
 -0.114698 -0.290152 0.197033 
 -0.211498 0.227020 -0.284831 
 -0.112222 -0.151840 0.169976 
 -0.202575 0.005130 0.261109 
 0.222554 0.606536 0.071240 
 0.184303 0.850393 0.098347 
 -0.148518 -0.070065 0.255876 
 -0.223159 0.223750 -0.259899 
 -0.295808 0.103250 0.174068 
 -0.305774 0.206485 -0.192234 
 -0.123450 0.369618 -0.132883 
 -0.430696 0.083300 -0.186814 
 0.110591 -0.251469 -0.021848 
 -0.214510 0.306704 -0.053143 
 0.120365 -0.224184 0.003405 
 -0.236740 0.036763 -0.214451 
 -0.094360 0.057300 -0.332899 
 -0.156367 0.344003 0.013762 
 -0.209092 0.317956 -0.000038 
 0.093501 -0.191882 0.147723 
 -0.369431 0.192394 0.151002 
 -0.095413 -0.085069 -0.225818 
 0.100865 -0.520345 0.047075 
 0.097136 -0.259533 -0.081052 
 0.061078 -0.246704 0.126540 
 0.198938 -0.536876 -0.023544 
 0.110496 -0.325517 -0.040258 
 0.042774 -0.130646 -0.272240 
 0.189806 -0.511268 -0.098758 
 0.207673 0.702223 0.171702 
 -0.356212 0.188779 0.174637 
 0.317507 -0.561926 -0.175020 
 0.067084 -0.339068 0.107852 
 -0.211312 -0.057103 0.303408 
 0.159364 -0.251746 0.093921 
 -0.256107 0.072812 -0.286428 
 -0.219280 0.053696 0.217105 
 -0.231463 0.292214 -0.047889 
 -0.078906 0.055755 0.147492 
 0.217727 0.842350 0.013269 
 -0.164686 0.009589 -0.257471 
 -0.333266 0.151161 -0.193366 
 0.275469 -0.534803 -0.231050 
 0.137461 -0.132056 0.140848 
 -0.021141 -0.411934 0.123805 
 -0.196909 0.022980 0.230763 
 -0.171720 -0.043429 0.296109 
 0.268149 -0.355761 -0.292524 
 0.100827 -0.584410 0.061317 
 0.000520 -0.093052 0.117463 
 0.268494 -0.471746 -0.229467 
 -0.112387 -0.303645 0.180719 
 -0.108427 -0.138040 0.172502 
 0.063394 -0.549232 0.060351 
 0.181953 -0.355675 -0.230974 
 0.199097 -0.536876 -0.023544 
 -0.003725 -0.220050 0.179516 
 -0.223107 0.050771 0.251230 
 -0.180472 -0.054187 0.254812 
 0.256270 -0.457345 -0.217583 
 0.186007 0.875870 0.168723 
 -0.086174 0.391416 -0.042397 
 -0.196618 0.009304 -0.241348 
 0.164589 -0.102088 -0.018032 
 0.207248 0.702323 0.171702 
 -0.149542 -0.240487 0.317389 
 0.004318 -0.458030 0.118407 
 0.235361 0.548936 0.057759 
 -0.087876 -0.003723 0.155449 
 -0.349686 0.175495 0.176846 
 0.282347 -0.564403 -0.122218 
 0.123446 -0.133782 -0.283474 
 -0.292447 0.239353 -0.085060 
 0.242269 0.477639 0.022925 
 -0.090104 -0.066402 -0.255511 
 -0.073701 -0.411668 0.303014 
 0.121576 -0.380299 -0.108964 
 0.097908 -0.400354 0.085462 
 -0.213872 0.306704 -0.053763 
 -0.102066 -0.070153 -0.228491 
 -0.015082 -0.443969 0.143497 
 0.199138 0.499509 0.138676 
 0.281227 -0.388274 -0.287555 
 -0.008489 -0.496521 0.322848 
 0.347589 0.284059 0.017688 
 0.175092 0.643870 0.150444 
 -0.101396 0.013162 -0.321900 
 0.152323 -0.396511 0.010982 
 0.167685 -0.035930 0.075442 
 -0.401285 0.070042 -0.203504 
 -0.015632 -0.021879 -0.313371 
 0.195973 0.482674 0.136119 
 0.236087 0.476555 0.035820 
 0.271715 -0.404305 -0.274329 
 0.188051 -0.174803 0.079330 
 -0.278148 0.232822 -0.176690 
 0.157779 -0.424161 -0.021988 
 0.246356 0.727154 0.039175 
 -0.206521 0.025273 -0.262519 
 -0.128556 -0.292305 0.224582 
 -0.304386 0.099376 0.219800 
 -0.375320 0.087351 -0.253405 
 0.197407 -0.096136 0.052922 
 0.182115 -0.454716 -0.045164 
 0.104946 -0.303974 -0.217574 
 0.206222 0.678376 0.100427 
 -0.212199 0.227020 -0.286055 
 -0.227809 0.049716 0.265334 
 0.152173 -0.423888 -0.007875 
 -0.236186 0.001905 0.309447 
 -0.359962 0.240764 0.074290 
 -0.127563 -0.169162 0.193417 
 -0.106781 -0.046129 0.141067 
 0.252690 -0.437490 -0.253003 
 0.186727 -0.498416 -0.081294 
 0.082927 -0.385196 0.096078 
 -0.033173 -0.276403 0.158242 
 0.145955 -0.311358 0.083511 
 -0.007642 -0.496521 0.323032 
 0.209253 0.691885 0.102967 
 -0.277974 0.158586 -0.292846 
 0.246581 0.942200 0.069235 
 -0.086249 -0.407750 0.279813 
 -0.115645 -0.078108 0.171641 
 -0.228218 0.066032 0.247923 
 -0.219897 0.292096 -0.221811 
 -0.164513 -0.114203 0.261979 
 -0.252867 0.211352 -0.259742 
 0.187800 0.673529 0.141750 
 0.279514 0.641692 0.017684 
 0.181660 0.673242 0.155524 
 -0.093919 0.023042 0.189023 
 0.249291 0.506976 0.027728 
 -0.236740 0.036763 -0.213140 
 0.278486 -0.438125 -0.257425 
 -0.201117 0.084304 0.197628 
 0.282677 0.527065 -0.038065 
 -0.022508 -0.139039 0.137017 
 0.000901 -0.444334 0.134813 
 -0.304768 0.145247 -0.292715 
 0.212980 0.782812 0.041708 
 0.250775 0.452888 -0.043093 
 0.308163 0.672671 0.000387 
 -0.014601 -0.307215 0.149080 
 -0.230043 0.021951 -0.208498 
 0.090025 -0.209680 -0.116598 
 0.093372 -0.240055 -0.116096 
 0.181909 -0.147153 0.111989 
 -0.130906 -0.200362 0.209133 
 0.142868 -0.447491 0.055583 
 0.001267 -0.234408 0.163045 
 0.008763 -0.443241 0.120985 
 0.006213 -0.030835 0.088697 
 0.235939 0.448301 0.017582 
 0.181660 0.673438 0.155524 
 0.097136 -0.259307 -0.081052 
 -0.350493 0.173845 -0.137470 
 0.112724 -0.194193 -0.275208 
 0.093186 -0.195989 -0.114044 
 -0.004472 -0.052289 -0.276268 
 0.110256 -0.257146 -0.108864 
 -0.163832 -0.086651 0.280679 
 -0.083293 -0.002735 -0.314128 
 0.189610 -0.066377 0.066877 
 0.192022 -0.489974 -0.147906 
 -0.298812 0.104721 -0.307645 
 0.220851 0.516478 0.099628 
 -0.348302 0.242963 0.047964 
 0.066596 -0.216668 -0.181030 
 0.162321 -0.370198 -0.225768 
 0.142408 -0.552641 0.015134 
 -0.226657 0.299847 -0.143098 
 0.113687 -0.310728 -0.040352 
 -0.005308 -0.156435 0.145466 
 -0.253608 0.086645 -0.284016 
 0.063999 -0.079720 0.119158 
 0.047959 -0.064535 0.111345 
 0.107079 -0.203797 -0.037679 
 0.152772 -0.309397 0.069398 
 -0.324305 0.143755 0.209677 
 0.282528 0.627012 0.001280 
 0.245069 -0.356630 -0.268692 
 -0.265094 0.103045 -0.305061 
 0.111023 -0.325517 -0.042725 
 0.272775 0.343238 0.030766 
 0.235854 0.550716 0.057759 
 0.104761 -0.477044 0.068996 
 0.044831 -0.442657 0.089755 
 0.161366 -0.601512 0.022867 
 0.144785 -0.426367 0.006238 
 0.165742 0.792425 0.101442 
 -0.096085 -0.067450 -0.241906 
 0.079033 -0.602696 0.102238 
 0.159617 -0.085967 0.120511 
 -0.058536 -0.445406 0.188286 
 0.224644 0.680545 0.057807 
 0.005653 -0.594396 0.220135 
 0.189624 -0.476208 -0.131190 
 -0.189019 -0.145650 0.297925 
 -0.188739 0.056558 -0.284036 
 -0.153970 0.158518 -0.323723 
 -0.117972 -0.302802 0.316376 
 0.218017 0.898015 0.051001 
 -0.332809 0.113766 -0.245636 
 0.183332 -0.477367 -0.117077 
 0.008250 -0.067797 -0.287274 
 -0.105767 0.012121 -0.307224 
 0.124298 -0.065387 0.101554 
 -0.333128 0.176546 -0.176422 
 0.275013 -0.505859 -0.210747 
 0.164555 -0.568777 0.008709 
 0.190360 -0.074936 -0.003114 
 0.164499 -0.586465 0.025184 
 0.203781 -0.020674 0.062435 
 -0.452245 0.053556 -0.152947 
 -0.232244 0.292214 -0.047889 
 -0.210686 0.316649 -0.000038 
 0.054429 -0.399088 0.097511 
 0.111725 -0.298120 0.117707 
 -0.106524 -0.050274 -0.262821 
 -0.091636 -0.399175 0.207125 
 0.187135 -0.083308 0.083668 
 -0.131088 -0.122143 0.177491 
 -0.234269 0.292214 -0.047889 
 0.173201 -0.154486 0.037267 
 0.189496 0.424888 0.112021 
 0.208890 0.734821 0.105106 
 0.103483 -0.230684 -0.075923 
 0.068365 -0.129571 -0.294557 
 -0.223139 0.262439 0.140243 
 -0.217263 0.016476 0.304253 
 -0.040655 -0.204083 0.193203 
 0.136796 -0.132441 0.140848 
 0.239251 0.492884 0.039039 
 -0.145113 0.364052 -0.059842 
 0.205850 0.951543 0.115492 
 -0.173967 0.071734 -0.307985 
 -0.012558 -0.006043 -0.311403 
 -0.111433 0.366744 0.092186 
 0.105528 -0.218525 -0.040329 
 0.247078 0.886382 0.034063 
 0.270312 0.524897 -0.011115 
 -0.008788 -0.554026 0.284530 
 0.275469 -0.535747 -0.230194 
 0.178031 0.821493 0.092819 
 -0.094256 -0.060455 0.133900 
 0.085837 -0.428075 0.060891 
 -0.301659 0.249892 -0.056492 
 0.133448 -0.400119 0.053783 
 -0.098878 -0.386674 0.236988 
 -0.105388 -0.201587 0.206142 
 0.230488 0.955815 0.062076 
 -0.221794 0.050989 0.251230 
 0.037962 -0.472521 0.084585 
 0.153072 -0.252640 0.108035 
 -0.243305 0.049484 0.272726 
 0.064417 -0.205013 0.148256 
 -0.276912 0.251053 -0.058544 
 0.181909 -0.147153 0.111906 
 0.158945 -0.569818 0.022916 
 0.141548 -0.412542 0.022954 
 -0.381249 0.193030 -0.023197 
 0.121827 -0.237879 -0.013274 
 -0.408953 0.121631 -0.155902 
 0.323891 -0.560464 -0.189341 
 0.240976 0.637913 0.048471 
 -0.395534 0.230468 0.036231 
 0.271361 -0.340874 -0.287774 
 0.273340 0.640088 0.031534 
 -0.004472 -0.053470 -0.276268 
 -0.033494 -0.367137 0.154173 
 -0.099025 -0.307297 0.205574 
 0.242122 0.448865 0.003630 
 -0.087876 -0.003723 0.155486 
 -0.162848 0.143050 -0.314138 
 -0.125027 -0.049328 0.183439 
 0.178550 -0.156647 0.056615 
 0.250272 0.436884 -0.026664 
 0.104761 -0.476382 0.068996 
 0.125152 -0.163977 -0.283224 
 -0.110678 0.379426 -0.073659 
 -0.158567 -0.141247 0.229747 
 0.078658 -0.503468 0.053217 
 -0.098730 -0.358230 0.256402 
 0.085018 -0.212537 -0.222353 
 -0.081931 -0.028541 0.124299 
 -0.392698 0.217731 0.020607 
 0.013587 -0.139864 0.139653 
 0.330823 0.242539 -0.029922 
 -0.394021 0.161802 -0.130363 
 0.218011 -0.456810 -0.185732 
 0.274856 -0.418130 -0.292740 
 0.184841 -0.322478 -0.245969 
 0.309714 -0.473944 -0.243290 
 0.260309 0.340266 0.059316 
 -0.002500 -0.034430 -0.324340 
 -0.138519 -0.210272 0.308695 
 -0.024156 -0.507283 0.295050 
 0.089952 -0.235271 0.125948 
 -0.298812 0.104346 -0.307226 
 -0.045957 -0.306895 0.166995 
 0.057494 -0.383552 0.100096 
 0.061239 -0.174260 0.147956 
 0.279514 0.641160 0.017899 
 0.175655 -0.478356 -0.102964 
 0.249499 0.740762 0.041715 
 0.197407 -0.098350 0.052922 
 0.251764 0.521956 0.030286 
 -0.219280 0.053299 0.218492 
 -0.092462 -0.391628 0.276682 
 -0.288044 0.255781 -0.114261 
 0.255133 -0.421439 -0.250400 
 0.146312 -0.276850 0.048057 
 -0.119104 0.116555 -0.343330 
 -0.418721 0.226799 0.088020 
 -0.304644 0.237308 -0.060844 
 -0.107931 -0.345919 0.287757 
 0.242418 0.755385 0.038865 
 0.078878 -0.215011 -0.208579 
 0.115658 -0.171068 -0.065666 
 0.109387 -0.286128 -0.127899 
 -0.005699 -0.572401 0.178223 
 -0.454909 0.091884 -0.120839 
 -0.398501 0.216714 0.034149 
 0.117494 -0.445707 0.059997 
 0.116581 -0.354243 -0.075844 
 -0.236010 -0.041906 0.307618 
 0.204082 0.603297 0.113182 
 -0.188854 -0.146586 0.297925 
 -0.194168 0.346737 -0.188305 
 0.008892 -0.051674 -0.303328 
 -0.110073 0.083144 0.183631 
 -0.321985 0.135301 0.144107 
 0.111725 -0.297397 0.117707 
 -0.106804 -0.034130 -0.279098 
 0.113539 -0.339271 -0.059285 
 -0.211854 0.309022 -0.084977 
 -0.002143 -0.248380 0.160481 
 0.215344 0.736535 0.091351 
 0.007367 -0.369035 0.141711 
 0.039082 -0.249796 0.149472 
 0.155192 -0.518793 0.006190 
 0.216396 0.605456 0.084782 
 0.186877 -0.468577 -0.061274 
 0.038612 -0.080288 0.120756 
 -0.023978 -0.187269 0.168262 
 -0.376682 0.145111 0.044330 
 0.187558 0.646023 0.122895 
 0.161686 -0.408559 -0.019386 
 0.246290 0.431759 0.039475 
 -0.451972 0.106329 -0.117711 
 0.017247 -0.149342 -0.222083 
 0.079319 -0.602696 0.101159 
 -0.008912 -0.035485 -0.311744 
 0.069633 -0.583821 0.079004 
 -0.219897 0.291643 -0.221684 
 -0.452108 0.079276 -0.136879 
 0.162435 -0.265472 0.075842 
 0.197084 0.689732 0.131673 
 0.108608 -0.279546 -0.179717 
 -0.214655 0.003989 0.288206 
 0.271361 -0.340643 -0.289384 
 -0.221794 0.050771 0.251145 
 -0.394021 0.160889 -0.130386 
 0.304739 -0.563670 -0.146380 
 0.152033 -0.243884 -0.257632 
 -0.432093 0.069686 -0.189607 
 0.298501 0.600410 -0.026607 
 0.245566 -0.264998 -0.262404 
 0.089290 -0.177020 -0.149412 
 0.203079 0.662746 0.098732 
 0.212562 0.495953 0.163545 
 0.158604 -0.569818 0.022916 
 0.130531 -0.065883 0.088247 
 0.250101 0.872963 0.015507 
 0.249499 0.740360 0.041715 
 0.229757 0.447217 0.031727 
 0.180760 -0.458783 -0.011697 
 -0.097586 -0.031328 0.132397 
 -0.022780 -0.084525 -0.254199 
 -0.063221 -0.060238 0.116638 
 0.284568 0.703502 -0.010401 
 0.235686 -0.439676 -0.210664 
 -0.288502 0.208858 -0.231243 
 -0.369431 0.192394 0.150249 
 0.208393 -0.121113 -0.306696 
 -0.176244 -0.057859 0.293594 
 -0.119243 0.067690 0.192169 
 0.106102 -0.178506 -0.276725 
 0.285195 -0.489721 -0.221688 
 0.116177 -0.171068 -0.065944 
 -0.373626 0.189947 0.014377 
 -0.213774 0.314574 -0.135284 
 -0.041285 -0.001208 0.113043 
 0.190270 0.834347 0.133746 
 0.038581 -0.443961 0.103106 
 0.204187 -0.135782 -0.309253 
 -0.213872 0.307169 -0.053143 
 -0.155305 -0.099436 0.250837 
 0.249499 0.742766 0.041715 
 0.073304 -0.430011 0.089005 
 -0.236740 0.037720 -0.212591 
 0.058928 -0.064675 -0.345166 
 -0.122021 -0.140182 0.199900 
 0.151256 -0.252750 0.108035 
 -0.434757 0.108517 -0.155085 
 0.206603 0.649253 0.081572 
 -0.235924 0.020920 -0.197418 
 0.205483 0.748934 0.121398 
 -0.105183 -0.308377 0.219781 
 0.190103 0.796898 0.046796 
 -0.011811 -0.538408 0.158358 
 0.098986 -0.310856 0.109742 
 0.266195 -0.492739 -0.179712 
 0.203074 -0.077949 0.022114 
 -0.317184 0.243877 0.033267 
 -0.398501 0.216934 0.033610 
 0.137237 -0.321514 0.042138 
 0.202614 -0.586360 -0.007112 
 -0.429785 0.118100 -0.104267 
 -0.118910 -0.325145 0.244572 
 0.248224 0.551101 0.030059 
 -0.159161 -0.169079 0.210918 
 -0.228715 0.056480 -0.273247 
 0.106329 -0.271855 -0.111429 
 -0.356047 0.220772 -0.007163 
 0.169505 0.586669 0.126509 
 -0.097084 -0.020698 0.167803 
 0.125152 -0.164050 -0.283605 
 0.229904 0.476088 0.050350 
 -0.012528 -0.016626 0.113293 
 0.096684 -0.197132 -0.094335 
 -0.104872 -0.411723 0.321322 
 -0.350493 0.174568 -0.137852 
 -0.303614 0.087786 -0.277974 
 0.255911 -0.421439 -0.250010 
 0.070363 -0.229791 -0.197344 
 -0.290174 0.246411 -0.000492 
 0.126673 -0.314831 -0.015734 
 -0.330435 0.158468 0.206289 
 -0.260194 0.223106 -0.229252 
 0.199891 0.923276 0.110454 
 -0.322952 0.115793 -0.273221 
 -0.106147 -0.007838 0.197645 
 -0.391906 0.160322 0.035380 
 -0.330016 0.158468 0.206380 
 -0.287422 0.249003 -0.032312 
 -0.061962 -0.385275 0.368906 
 0.069230 -0.456756 -0.082435 
 -0.142453 0.052500 -0.100611 
 0.205315 -0.078635 -0.151861 
 0.093403 -0.156538 -0.185260 
 -0.397878 0.008959 -0.078190 
 -0.400159 0.209358 -0.073503 
 -0.085537 -0.462975 0.451119 
 -0.237011 0.274199 -0.100386 
 -0.013365 -0.444726 -0.076504 
 0.178357 0.774316 0.026130 
 -0.422461 0.152851 -0.068614 
 0.199968 -0.328629 -0.103575 
 0.215335 -0.211689 -0.108454 
 -0.114530 0.255171 -0.154480 
 0.055996 -0.562919 -0.007800 
 0.426269 -0.062213 0.076996 
 -0.169682 0.156927 -0.176423 
 0.302715 -0.137532 -0.057995 
 -0.017378 -0.493764 -0.006331 
 -0.070881 -0.331756 0.339955 
 0.010355 -0.048401 -0.125716 
 0.339072 -0.009919 -0.037853 
 -0.202260 0.120072 -0.130996 
 0.268863 0.667155 0.077126 
 -0.090442 -0.293813 -0.088300 
 -0.013558 0.356039 -0.049041 
 0.196329 0.039160 -0.130070 
 -0.072803 0.041896 -0.113317 
 -0.111999 -0.313377 0.334335 
 0.106136 0.881255 0.062049 
 -0.246219 -0.218806 0.378267 
 0.302221 0.137782 -0.026718 
 -0.101682 0.145141 -0.188854 
 -0.330711 -0.009442 -0.110153 
 -0.047621 -0.278561 -0.120791 
 0.248135 0.304746 0.121619 
 0.249672 0.303194 0.150287 
 0.027372 -0.589580 0.035614 
 0.424253 -0.097185 0.105705 
 0.239842 0.121107 -0.041310 
 0.125055 -0.592558 0.014041 
 -0.098870 -0.326766 0.346838 
 0.204934 0.318834 0.106097 
 0.173796 0.955216 -0.027140 
 0.272202 -0.259315 -0.028376 
 0.276471 -0.452660 0.026845 
 0.197039 0.456949 0.133191 
 0.119450 0.766014 0.061419 
 0.090701 -0.183689 -0.179386 
 -0.261979 -0.117868 -0.104406 
 -0.006972 -0.084958 -0.145594 
 0.195794 0.907581 -0.023174 
 0.038288 -0.259370 -0.154211 
 -0.062394 -0.392679 0.393649 
 -0.052705 -0.309003 0.321501 
 0.213315 0.471121 0.125278 
 0.288643 0.061416 -0.061296 
 -0.447101 0.285784 0.016212 
 0.406967 -0.085373 0.058004 
 0.204390 -0.189476 -0.129666 
 -0.471264 0.211239 -0.017370 
 -0.085341 -0.215580 0.269563 
 0.035563 -0.382116 -0.130296 
 0.274964 -0.346137 -0.012811 
 -0.546475 0.151998 -0.061134 
 0.107958 0.685103 0.056976 
 -0.284022 -0.064263 0.285241 
 -0.040199 -0.593330 0.133503 
 0.363005 0.360373 0.157561 
 0.198955 0.473616 0.131248 
 0.145074 -0.528500 -0.054018 
 0.067569 -0.056908 -0.135868 
 -0.033499 -0.282814 0.312620 
 -0.156341 -0.210240 0.305037 
 -0.412850 0.350015 0.027489 
 0.090192 0.182252 -0.071732 
 0.107958 0.685103 0.059249 
 -0.529656 0.024358 0.176661 
 -0.124237 -0.179610 0.271705 
 0.332999 -0.057960 -0.005121 
 0.168871 0.815922 0.041043 
 0.106489 -0.638915 0.047517 
 -0.074732 -0.067797 -0.153258 
 -0.422415 0.152851 -0.068614 
 -0.382848 0.363428 0.028776 
 -0.545535 0.013288 0.181949 
 -0.484303 0.041057 0.152849 
 0.072815 -0.324147 -0.118632 
 0.245667 0.377483 0.138082 
 0.149945 0.029949 -0.159908 
 0.218387 0.396832 0.140305 
 0.002055 -0.434787 -0.080839 
 0.248014 0.082588 -0.056555 
 0.157935 0.150992 -0.059926 
 0.170767 0.938177 -0.002587 
 0.321769 -0.356626 0.050595 
 0.145565 -0.093597 -0.166943 
 -0.282367 -0.063579 -0.119305 
 0.067412 -0.470378 -0.079627 
 0.329675 -0.273184 -0.006842 
 -0.324050 -0.040514 0.216335 
 0.059726 0.269426 -0.060312 
 -0.039460 -0.114304 -0.153562 
 0.126406 -0.582041 0.000982 
 0.224557 -0.162916 -0.097660 
 -0.072879 -0.232325 0.268708 
 -0.054427 -0.454365 0.442584 
 -0.142208 -0.308394 0.340597 
 0.411030 0.284182 0.140215 
 0.224491 0.763070 0.039715 
 -0.176571 -0.000085 -0.123716 
 0.095627 0.916342 0.038386 
 -0.477691 0.038312 -0.064793 
 0.112452 -0.572451 -0.016618 
 -0.031510 0.146159 -0.173297 
 -0.563846 0.121999 -0.063025 
 -0.062776 0.011278 -0.109929 
 -0.104234 -0.248788 0.300608 
 0.236402 -0.407188 -0.024159 
 -0.284921 0.022603 -0.094808 
 -0.223171 0.076274 -0.097799 
 -0.030969 -0.498365 0.020251 
 -0.035864 -0.298533 -0.120371 
 0.159148 -0.311462 -0.108373 
 -0.121469 -0.389357 0.382935 
 0.395776 -0.048311 0.027998 
 0.274206 -0.352955 0.008984 
 -0.244051 0.015010 -0.102401 
 0.084671 -0.445500 -0.089324 
 0.261547 0.001581 -0.127527 
 0.116397 -0.311642 -0.119696 
 0.015367 -0.580703 0.056980 
 -0.401699 -0.024790 -0.091382 
 0.032973 -0.005750 -0.128516 
 -0.066925 0.194127 -0.175099 
 0.084164 0.065040 -0.162516 
 0.081300 0.485367 0.102140 
 0.092167 0.022280 -0.156172 
 -0.298502 0.132177 -0.091455 
 -0.013466 0.067993 -0.143350 
 0.032890 -0.409312 -0.124422 
 0.083846 -0.123219 -0.179190 
 -0.280558 -0.049102 -0.123584 
 0.026411 -0.352762 -0.133653 
 0.075624 0.448391 0.089195 
 -0.545535 0.011654 0.181949 
 -0.286181 0.119674 -0.081141 
 -0.571903 0.170536 -0.059795 
 -0.456118 0.036195 0.148016 
 -0.123857 -0.289214 0.313231 
 -0.333396 0.300221 -0.032284 
 0.213073 -0.239118 -0.102257 
 0.162750 -0.511026 -0.041593 
 -0.359869 0.317305 0.000674 
 -0.322176 0.164240 -0.092301 
 0.189811 -0.091158 -0.146354 
 0.240036 -0.485707 0.010212 
 -0.101868 -0.063581 -0.149781 
 0.037560 0.127082 -0.133088 
 -0.049602 -0.091742 -0.135304 
 -0.427590 0.035338 0.152015 
 -0.006759 0.015057 -0.123059 
 0.179544 0.889530 0.025540 
 0.036480 -0.271156 -0.151274 
 -0.400362 -0.010183 -0.094323 
 -0.261084 0.095910 -0.061738 
 0.135267 0.656182 0.099459 
 0.039189 0.044841 -0.148981 
 -0.014365 0.165136 -0.159979 
 0.188762 0.306123 0.111324 
 0.238829 -0.393382 -0.027152 
 0.076684 0.010402 -0.150496 
 0.151802 0.677666 0.050429 
 0.105827 0.017290 -0.158709 
 -0.013476 -0.345700 -0.126100 
 0.184474 0.368763 0.142752 
 0.176839 -0.522232 -0.021055 
 0.355604 0.100028 -0.031056 
 -0.298502 0.130711 -0.091455 
 0.126061 0.232022 -0.057849 
 -0.178198 -0.149148 0.297950 
 0.076440 0.656789 0.122519 
 0.184360 -0.574588 -0.002664 
 -0.094620 0.291048 -0.103980 
 -0.510684 0.232158 -0.012571 
 0.150994 -0.261885 -0.137047 
 -0.132943 0.321303 -0.111690 
 0.262453 -0.095038 -0.108101 
 -0.284996 -0.071293 0.306809 
 0.406343 -0.483969 0.233282 
 -0.201079 -0.102054 0.293964 
 0.144034 -0.322457 -0.102874 
 0.323142 0.008410 -0.069349 
 -0.315818 0.209486 -0.123072 
 -0.268254 -0.052384 -0.126101 
 0.052305 0.217328 -0.070572 
 -0.148648 -0.255636 0.310510 
 -0.041042 -0.224295 -0.163943 
 0.075526 -0.405793 -0.102695 
 0.134631 -0.384173 -0.109993 
 -0.205597 -0.008849 -0.116526 
 -0.079652 0.098770 -0.154402 
 0.122502 -0.260875 -0.140960 
 0.078778 -0.626690 0.029686 
 0.306774 -0.329987 -0.002207 
 -0.061547 -0.391529 -0.065699 
 -0.124399 -0.076455 0.292457 
 0.267906 -0.158670 -0.078031 
 -0.039790 -0.313894 -0.126940 
 0.189811 -0.089391 -0.146354 
 -0.194218 -0.269747 0.345775 
 0.188094 0.621280 0.073378 
 0.069563 -0.585890 0.014716 
 