0.11496858 -0.12398571 0.78900003
0.11346573 -0.12398571 0.78900003
0.11196287 -0.12398571 0.78900003
0.11046001 -0.12398571 0.78900003
0.10895716 -0.12398571 0.78900003
0.1074543 -0.12398571 0.78900003
0.10595144 -0.12398571 0.78900003
0.11346573 -0.12548856 0.78900003
0.11224668 -0.12580666 0.79100001
0.11074001 -0.12580666 0.79100001
0.10895716 -0.12548856 0.78900003
0.1074543 -0.12548856 0.78900003
0.10595144 -0.12548856 0.78900003
0.11526001 -0.12731332 0.79100001
0.11375335 -0.12731332 0.79100001
0.11196287 -0.12699142 0.78900003
0.11046001 -0.12699142 0.78900003
0.10895716 -0.12699142 0.78900003
0.1074543 -0.12699142 0.78900003
0.10595144 -0.12699142 0.78900003
0.10444858 -0.12699142 0.78900003
0.11496859 -0.12849428 0.78900003
0.11375336 -0.12881999 0.79100001
0.11196288 -0.12849428 0.78900003
0.11046002 -0.12849428 0.78900003
0.10895716 -0.12849428 0.78900003
0.10745431 -0.12849428 0.78900003
0.10595145 -0.12849428 0.78900003
0.10444859 -0.12849428 0.78900003
0.11496859 -0.12999713 0.78900003
0.11375336 -0.13032666 0.79100001
0.11224668 -0.13032666 0.79100001
0.11074002 -0.13032666 0.79100001
0.10923335 -0.13032666 0.79100001
0.10745431 -0.12999713 0.78900003
0.10595145 -0.12999713 0.78900003
0.10444859 -0.12999713 0.78900003
0.10294573 -0.12999713 0.78900003
0.11676668 -0.13183333 0.79100001
0.11526002 -0.13183333 0.79100001
0.11375336 -0.13183333 0.79100001
0.11224668 -0.13183333 0.79100001
0.11074002 -0.13183333 0.79100001
0.10923335 -0.13183333 0.79100001
0.10745431 -0.13149999 0.78900003
0.10622002 -0.13183333 0.79100001
0.10444859 -0.13149999 0.78900003
0.10320669 -0.13183333 0.79100001
0.10170002 -0.13183333 0.79100001
0.11647145 -0.13300285 0.78900003
0.11496859 -0.13300285 0.78900003
0.11375336 -0.13333999 0.79100001
0.11224668 -0.13333999 0.79100001
0.11046002 -0.13300285 0.78900003
0.10923335 -0.13333999 0.79100001
0.10745431 -0.13300285 0.78900003
0.10595145 -0.13300285 0.78900003
0.10444859 -0.13300285 0.78900003
0.10346764 -0.13367714 0.79300004
0.10195716 -0.13367714 0.79300004
0.11647145 -0.1345057 0.78900003
0.11496859 -0.1345057 0.78900003
0.11375336 -0.13484666 0.79100001
0.11196288 -0.1345057 0.78900003
0.11046002 -0.1345057 0.78900003
0.10895716 -0.1345057 0.78900003
0.10745431 -0.1345057 0.78900003
0.10622002 -0.13484666 0.79100001
0.10471335 -0.13484666 0.79100001
0.10320669 -0.13484666 0.79100001
0.10170002 -0.13484666 0.79100001
0.11647145 -0.13600856 0.78900003
0.11496859 -0.13600856 0.78900003
0.11346573 -0.13600856 0.78900003
0.11224668 -0.13635333 0.79100001
0.11046002 -0.13600856 0.78900003
0.10923335 -0.13635333 0.79100001
0.10772669 -0.13635333 0.79100001
0.10622002 -0.13635333 0.79100001
0.10471335 -0.13635333 0.79100001
0.10320669 -0.13635333 0.79100001
0.10170002 -0.13635333 0.79100001
0.10019335 -0.13635333 0.79100001
0.11647145 -0.13751142 0.78900003
0.11496859 -0.13751142 0.78900003
0.11346573 -0.13751142 0.78900003
0.11196288 -0.13751142 0.78900003
0.11046002 -0.13751142 0.78900003
0.10895716 -0.13751142 0.78900003
0.10745431 -0.13751142 0.78900003
0.10622002 -0.13785999 0.79100001
0.10471335 -0.13785999 0.79100001
0.10294573 -0.13751142 0.78900003
0.10144287 -0.13751142 0.78900003
0.099940017 -0.13751142 0.78900003
0.11496859 -0.13901427 0.78900003
0.11375336 -0.13936666 0.79100001
0.11224668 -0.13936666 0.79100001
0.11046002 -0.13901427 0.78900003
0.10895716 -0.13901427 0.78900003
0.10745431 -0.13901427 0.78900003
0.10595145 -0.13901427 0.78900003
0.10471335 -0.13936666 0.79100001
0.10320669 -0.13936666 0.79100001
0.10170002 -0.13936666 0.79100001
0.10019335 -0.13936666 0.79100001
0.11496859 -0.14051713 0.78900003
0.11346573 -0.14051713 0.78900003
0.11196288 -0.14051713 0.78900003
0.11046002 -0.14051713 0.78900003
0.10895716 -0.14051713 0.78900003
0.10745431 -0.14051713 0.78900003
0.10595145 -0.14051713 0.78900003
0.10444859 -0.14051713 0.78900003
0.10294573 -0.14051713 0.78900003
0.10170002 -0.14087333 0.79100001
0.10019335 -0.14087333 0.79100001
0.11496859 -0.14201999 0.78900003
0.11346573 -0.14201999 0.78900003
0.11196288 -0.14201999 0.78900003
0.11032002 -0.14184 0.78800005
0.10881907 -0.14184 0.78800005
0.10745431 -0.14201999 0.78900003
0.10622002 -0.14237998 0.79100001
0.10444859 -0.14201999 0.78900003
0.10294573 -0.14201999 0.78900003
0.10144287 -0.14201999 0.78900003
0.099940017 -0.14201999 0.78900003
0.11424002 -0.14261332 0.78400004
0.11346573 -0.14352284 0.78900003
0.11196288 -0.14352284 0.78900003
0.11046002 -0.14352284 0.78900003
0.10881907 -0.14334095 0.78800005
0.10772669 -0.14388666 0.79100001
0.10622002 -0.14388666 0.79100001
0.10471335 -0.14388666 0.79100001
0.10320669 -0.14388666 0.79100001
0.10195716 -0.14425047 0.79300004
0.10044669 -0.14425047 0.79300004
0.11496859 -0.1450257 0.78900003
0.11346573 -0.1450257 0.78900003
0.11196288 -0.1450257 0.78900003
0.11074002 -0.14539333 0.79100001
0.10895716 -0.1450257 0.78900003
0.10745431 -0.1450257 0.78900003
0.10595145 -0.1450257 0.78900003
0.10471335 -0.14539333 0.79100001
0.10294573 -0.1450257 0.78900003
0.10170002 -0.14539333 0.79100001
0.10019335 -0.14539333 0.79100001
0.11526002 -0.14689998 0.79100001
0.11375336 -0.14689998 0.79100001
0.11224668 -0.14689998 0.79100001
0.11074002 -0.14689998 0.79100001
0.10895716 -0.14652856 0.78900003
0.10772669 -0.14689998 0.79100001
0.10622002 -0.14689998 0.79100001
0.10471335 -0.14689998 0.79100001
0.10320669 -0.14689998 0.79100001
0.10170002 -0.14689998 0.79100001
0.10019335 -0.14689998 0.79100001
0.11526002 -0.14840665 0.79100001
0.11375336 -0.14840665 0.79100001
0.11224668 -0.14840665 0.79100001
0.11074002 -0.14840665 0.79100001
0.10923335 -0.14840665 0.79100001
0.10772669 -0.14840665 0.79100001
0.10622002 -0.14840665 0.79100001
0.10471335 -0.14840665 0.79100001
0.10346764 -0.1487819 0.79300004
0.10195716 -0.1487819 0.79300004
0.10044669 -0.1487819 0.79300004
0.11526002 -0.14991333 0.79100001
0.11375336 -0.14991333 0.79100001
0.11224668 -0.14991333 0.79100001
0.11074002 -0.14991333 0.79100001
0.10923335 -0.14991333 0.79100001
0.10772669 -0.14991333 0.79100001
0.10622002 -0.14991333 0.79100001
0.10471335 -0.14991333 0.79100001
0.10320669 -0.14991333 0.79100001
0.10221431 -0.15067142 0.79500002
0.10070002 -0.15067142 0.79500002
0.11706192 -0.15180285 0.79300004
0.11555145 -0.15180285 0.79300004
0.11375336 -0.15142 0.79100001
0.11253049 -0.15180285 0.79300004
0.11074002 -0.15142 0.79100001
0.10923335 -0.15142 0.79100001
0.10799906 -0.15180285 0.79300004
0.10675716 -0.15218571 0.79500002
0.10497811 -0.15180285 0.79300004
0.10372859 -0.15218571 0.79500002
0.10221431 -0.15218571 0.79500002
0.10070002 -0.15218571 0.79500002
0.12084002 -0.15427999 0.79800004
0.1185724 -0.15331332 0.79300004
0.11706192 -0.15331332 0.79300004
0.11555145 -0.15331332 0.79300004
0.11404097 -0.15331332 0.79300004
0.11253049 -0.15331332 0.79300004
0.11102002 -0.15331332 0.79300004
0.10950954 -0.15331332 0.79300004
0.10799906 -0.15331332 0.79300004
0.10648859 -0.15331332 0.79300004
0.10497811 -0.15331332 0.79300004
0.10372859 -0.15369999 0.79500002
0.10221431 -0.15369999 0.79500002
0.10070002 -0.15369999 0.79500002
0.099185735 -0.15369999 0.79500002
0.12114288 -0.15619047 0.80000001
0.1185724 -0.15482379 0.79300004
0.11706192 -0.15482379 0.79300004
0.11555145 -0.15482379 0.79300004
0.11404097 -0.15482379 0.79300004
0.11253049 -0.15482379 0.79300004
0.11074002 -0.15443332 0.79100001
0.10950954 -0.15482379 0.79300004
0.10799906 -0.15482379 0.79300004
0.10648859 -0.15482379 0.79300004
0.10497811 -0.15482379 0.79300004
0.10372859 -0.15521428 0.79500002
0.10221431 -0.15521428 0.79500002
0.10095336 -0.15560475 0.79700005
0.099435255 -0.15560475 0.79700005
0.12068859 -0.15712285 0.79700005
0.11887145 -0.15672857 0.79500002
0.11706192 -0.15633428 0.79300004
0.11555145 -0.15633428 0.79300004
0.11404097 -0.15633428 0.79300004
0.11224668 -0.15594 0.79100001
0.11074002 -0.15594 0.79100001
0.10923335 -0.15594 0.79100001
0.10827145 -0.15672857 0.79500002
0.10675716 -0.15672857 0.79500002
0.10497811 -0.15633428 0.79300004
0.10346764 -0.15633428 0.79300004
0.10221431 -0.15672857 0.79500002
0.10070002 -0.15672857 0.79500002
0.099185735 -0.15672857 0.79500002
0.12068859 -0.15864094 0.79700005
0.11887145 -0.15824285 0.79500002
0.11706192 -0.15784475 0.79300004
0.11555145 -0.15784475 0.79300004
0.11375336 -0.15744665 0.79100001
0.11224668 -0.15744665 0.79100001
0.11074002 -0.15744665 0.79100001
0.10923335 -0.15744665 0.79100001
0.10799906 -0.15784475 0.79300004
0.10675716 -0.15824285 0.79500002
0.10471335 -0.15744665 0.79100001
0.10372859 -0.15824285 0.79500002
0.10221431 -0.15824285 0.79500002
0.10070002 -0.15824285 0.79500002
0.099185735 -0.15824285 0.79500002
0.12068859 -0.16015904 0.79700005
0.11887145 -0.15975714 0.79500002
0.11735716 -0.15975714 0.79500002
0.11555145 -0.15935522 0.79300004
0.11404097 -0.15935522 0.79300004
0.11224668 -0.15895332 0.79100001
0.11074002 -0.15895332 0.79100001
0.10923335 -0.15895332 0.79100001
0.10772669 -0.15895332 0.79100001
0.10648859 -0.15935522 0.79300004
0.10471335 -0.15895332 0.79100001
0.10320669 -0.15895332 0.79100001
0.10195716 -0.15935522 0.79300004
0.10044669 -0.15935522 0.79300004
0.098936208 -0.15935522 0.79300004
0.12038574 -0.16127142 0.79500002
0.11887145 -0.16127142 0.79500002
0.11706192 -0.16086571 0.79300004
0.11555145 -0.16086571 0.79300004
0.11375336 -0.16046 0.79100001
0.11224668 -0.16046 0.79100001
0.11074002 -0.16046 0.79100001
0.10923335 -0.16046 0.79100001
0.10772669 -0.16046 0.79100001
0.10648859 -0.16086571 0.79300004
0.10497811 -0.16086571 0.79300004
0.10346764 -0.16086571 0.79300004
0.10170002 -0.16046 0.79100001
0.10019335 -0.16046 0.79100001
0.098936208 -0.16086571 0.79300004
0.12038574 -0.16278571 0.79500002
0.1185724 -0.16237618 0.79300004
0.11706192 -0.16237618 0.79300004
0.11555145 -0.16237618 0.79300004
0.11375336 -0.16196665 0.79100001
0.11224668 -0.16196665 0.79100001
0.11074002 -0.16196665 0.79100001
0.10923335 -0.16196665 0.79100001
0.10772669 -0.16196665 0.79100001
0.10648859 -0.16237618 0.79300004
0.10497811 -0.16237618 0.79300004
0.10346764 -0.16237618 0.79300004
0.10170002 -0.16196665 0.79100001
0.10019335 -0.16196665 0.79100001
0.12220669 -0.16471332 0.79700005
0.12038574 -0.16429999 0.79500002
0.11887145 -0.16429999 0.79500002
0.11735716 -0.16429999 0.79500002
0.11584288 -0.16429999 0.79500002
0.11404097 -0.16388665 0.79300004
0.11253049 -0.16388665 0.79300004
0.11102002 -0.16388665 0.79300004
0.10950954 -0.16388665 0.79300004
0.10799906 -0.16388665 0.79300004
0.10648859 -0.16388665 0.79300004
0.10497811 -0.16388665 0.79300004
0.10346764 -0.16388665 0.79300004
0.10170002 -0.16347332 0.79100001
0.10019335 -0.16347332 0.79100001
0.12372478 -0.16623142 0.79700005
0.12220669 -0.16623142 0.79700005
0.12038574 -0.16581428 0.79500002
0.11887145 -0.16581428 0.79500002
0.11735716 -0.16581428 0.79500002
0.11584288 -0.16581428 0.79500002
0.11432859 -0.16581428 0.79500002
0.11281431 -0.16581428 0.79500002
0.11102002 -0.16539714 0.79300004
0.11006192 -0.16623142 0.79700005
0.10827145 -0.16581428 0.79500002
0.10702574 -0.16623142 0.79700005
0.10550763 -0.16623142 0.79700005
0.10398954 -0.16623142 0.79700005
0.10247145 -0.16623142 0.79700005
0.10095336 -0.16623142 0.79700005
0.12524287 -0.16774951 0.79700005
0.12372478 -0.16774951 0.79700005
0.12220669 -0.16774951 0.79700005
0.12038574 -0.16732857 0.79500002
0.11887145 -0.16732857 0.79500002
0.11735716 -0.16732857 0.79500002
0.11584288 -0.16732857 0.79500002
0.11432859 -0.16732857 0.79500002
0.11281431 -0.16732857 0.79500002
0.11130002 -0.16732857 0.79500002
0.10978574 -0.16732857 0.79500002
0.10854383 -0.16774951 0.79700005
0.10702574 -0.16774951 0.79700005
0.10550763 -0.16774951 0.79700005
0.10412002 -0.16795999 0.79800004
0.10260002 -0.16795999 0.79800004
0.10108002 -0.16795999 0.79800004
0.12524287 -0.16926761 0.79700005
0.12372478 -0.16926761 0.79700005
0.12190002 -0.16884285 0.79500002
0.12038574 -0.16884285 0.79500002
0.11887145 -0.16884285 0.79500002
0.11735716 -0.16884285 0.79500002
0.11584288 -0.16884285 0.79500002
0.11432859 -0.16884285 0.79500002
0.11281431 -0.16884285 0.79500002
0.11130002 -0.16884285 0.79500002
0.11006192 -0.16926761 0.79700005
0.10854383 -0.16926761 0.79700005
0.10702574 -0.16926761 0.79700005
0.10564002 -0.16948 0.79800004
0.10438097 -0.16990475 0.80000001
0.12492859 -0.17035714 0.79500002
0.12372478 -0.17078571 0.79700005
0.12190002 -0.17035714 0.79500002
0.12038574 -0.17035714 0.79500002
0.11887145 -0.17035714 0.79500002
0.11735716 -0.17035714 0.79500002
0.11584288 -0.17035714 0.79500002
0.11432859 -0.17035714 0.79500002
0.11281431 -0.17035714 0.79500002
0.11158002 -0.17078571 0.79700005
0.11006192 -0.17078571 0.79700005
0.10868002 -0.17099999 0.79800004
0.10716002 -0.17099999 0.79800004
0.10564002 -0.17099999 0.79800004
0.10438097 -0.17142856 0.80000001
0.12676097 -0.1723038 0.79700005
0.12524287 -0.1723038 0.79700005
0.12372478 -0.1723038 0.79700005
0.12220669 -0.1723038 0.79700005
0.12068859 -0.1723038 0.79700005
0.11917049 -0.1723038 0.79700005
0.11735716 -0.17187142 0.79500002
0.11584288 -0.17187142 0.79500002
0.11432859 -0.17187142 0.79500002
0.11281431 -0.17187142 0.79500002
0.11158002 -0.1723038 0.79700005
0.11006192 -0.1723038 0.79700005
0.10868002 -0.17252 0.79800004
0.10716002 -0.17252 0.79800004
0.10564002 -0.17252 0.79800004
0.10438097 -0.17295237 0.80000001
0.12676097 -0.1738219 0.79700005
0.12524287 -0.1738219 0.79700005
0.12372478 -0.1738219 0.79700005
0.12220669 -0.1738219 0.79700005
0.12068859 -0.1738219 0.79700005
0.11917049 -0.1738219 0.79700005
0.1176524 -0.1738219 0.79700005
0.11613431 -0.1738219 0.79700005
0.11432859 -0.17338571 0.79500002
0.11281431 -0.17338571 0.79500002
0.11158002 -0.1738219 0.79700005
0.11006192 -0.1738219 0.79700005
0.10854383 -0.1738219 0.79700005
0.10716002 -0.17403999 0.79800004
0.10564002 -0.17403999 0.79800004
0.10438097 -0.17447618 0.80000001
0.12676097 -0.17534 0.79700005
0.12524287 -0.17534 0.79700005
0.12372478 -0.17534 0.79700005
0.12220669 -0.17534 0.79700005
0.12068859 -0.17534 0.79700005
0.11887145 -0.1749 0.79500002
0.11735716 -0.1749 0.79500002
0.11555145 -0.17445999 0.79300004
0.11404097 -0.17445999 0.79300004
0.11253049 -0.17445999 0.79300004
0.11130002 -0.1749 0.79500002
0.11006192 -0.17534 0.79700005
0.10854383 -0.17534 0.79700005
0.10702574 -0.17534 0.79700005
0.10550763 -0.17534 0.79700005
0.10412002 -0.17556 0.79800004
0.10285717 -0.17599998 0.80000001
0.10133335 -0.17599998 0.80000001
0.008286682 -0.17402001 0.79100001
0.0067628729 -0.17358001 0.78900003
0.0052600154 -0.17358001 0.78900003
0.12676097 -0.17685808 0.79700005
0.12524287 -0.17685808 0.79700005
0.12372478 -0.17685808 0.79700005
0.12220669 -0.17685808 0.79700005
0.12068859 -0.17685808 0.79700005
0.11917049 -0.17685808 0.79700005
0.11735716 -0.17641428 0.79500002
0.11584288 -0.17641428 0.79500002
0.11432859 -0.17641428 0.79500002
0.11253049 -0.17597046 0.79300004
0.11102002 -0.17597046 0.79300004
0.10950954 -0.17597046 0.79300004
0.10799906 -0.17597046 0.79300004
0.10648859 -0.17597046 0.79300004
0.10497811 -0.17597046 0.79300004
0.10346764 -0.17597046 0.79300004
0.10170002 -0.17552666 0.79100001
0.10019335 -0.17552666 0.79100001
0.097813353 -0.17397332 0.78400004
0.096320018 -0.17397332 0.78400004
0.06628383 -0.17352954 0.78200006
0.064794302 -0.17352954 0.78200006
0.063304782 -0.17352954 0.78200006
0.061815254 -0.17352954 0.78200006
0.052878112 -0.17352954 0.78200006
0.051388588 -0.17352954 0.78200006
0.049899064 -0.17352954 0.78200006
0.04840954 -0.17352954 0.78200006
0.041066684 -0.17397334 0.78400004
0.039573349 -0.17397334 0.78400004
0.038080018 -0.17397334 0.78400004
0.017260969 -0.17486095 0.78800005
0.015760016 -0.17486095 0.78800005
0.014259063 -0.17486095 0.78800005
0.012774301 -0.17508286 0.78900003
0.011271444 -0.17508286 0.78900003
0.0097933486 -0.17552668 0.79100001
0.008286682 -0.17552668 0.79100001
0.0067628729 -0.17508286 0.78900003
0.0052600154 -0.17508286 0.78900003
0.0037571583 -0.17508286 0.78900003
0.12844002 -0.1786 0.79800004
0.12676097 -0.17837618 0.79700005
0.12524287 -0.17837618 0.79700005
0.12372478 -0.17837618 0.79700005
0.12220669 -0.17837618 0.79700005
0.12038574 -0.17792857 0.79500002
0.11887145 -0.17792857 0.79500002
0.11735716 -0.17792857 0.79500002
0.11555145 -0.17748095 0.79300004
0.11404097 -0.17748095 0.79300004
0.11253049 -0.17748095 0.79300004
0.11074002 -0.17703332 0.79100001
0.10950954 -0.17748095 0.79300004
0.10772669 -0.17703332 0.79100001
0.10622002 -0.17703332 0.79100001
0.10444859 -0.1765857 0.78900003
0.10281526 -0.1763619 0.78800005
0.10131431 -0.1763619 0.78800005
0.099560015 -0.17591427 0.78600001
0.097813353 -0.17546666 0.78400004
0.096320018 -0.17546666 0.78400004
0.094826683 -0.17546666 0.78400004
0.093571447 -0.17591427 0.78600001
0.092308588 -0.1763619 0.78800005
0.090807639 -0.1763619 0.78800005
0.089306682 -0.1763619 0.78800005
0.085866682 -0.17546666 0.78400004
0.084373355 -0.17546667 0.78400004
0.08288002 -0.17546667 0.78400004
0.081386685 -0.17546667 0.78400004
0.077299066 -0.17636192 0.78800005
0.075798117 -0.17636192 0.78800005
0.070933349 -0.17546667 0.78400004
0.069440015 -0.17546667 0.78400004
0.067946687 -0.17546667 0.78400004
0.06628383 -0.17501906 0.78200006
0.064794302 -0.17501906 0.78200006
0.063304782 -0.17501906 0.78200006
0.061815254 -0.17501906 0.78200006
0.060480017 -0.17546667 0.78400004
0.058986682 -0.17546667 0.78400004
0.057346683 -0.17501906 0.78200006
0.055857159 -0.17501906 0.78200006
0.054367635 -0.17501906 0.78200006
0.052878112 -0.17501906 0.78200006
0.051388588 -0.17501906 0.78200006
0.050026685 -0.17546667 0.78400004
0.04853335 -0.17546667 0.78400004
0.047040015 -0.17546667 0.78400004
0.043940969 -0.17501906 0.78200006
0.042451445 -0.17501906 0.78200006
0.041066684 -0.17546667 0.78400004
0.039674301 -0.17591429 0.78600001
0.038080018 -0.17546667 0.78400004
0.036586683 -0.17546667 0.78400004
0.035093348 -0.17546667 0.78400004
0.033600017 -0.17546667 0.78400004
0.023264777 -0.17636192 0.78800005
0.021763826 -0.17636192 0.78800005
0.020160016 -0.17546667 0.78400004
0.018666683 -0.17546667 0.78400004
0.017260969 -0.17636192 0.78800005
0.015760016 -0.17636192 0.78800005
0.014277159 -0.17658572 0.78900003
0.012806683 -0.17703333 0.79100001
0.011300016 -0.17703333 0.79100001
0.0097933495 -0.17703333 0.79100001
0.0082866829 -0.17703333 0.79100001
0.0067800158 -0.17703333 0.79100001
0.005253349 -0.17636192 0.78800005
0.0037428727 -0.17591429 0.78600001
0.0022457298 -0.17591429 0.78600001
0.12844002 -0.18011999 0.79800004
0.12676097 -0.17989428 0.79700005
0.12524287 -0.17989428 0.79700005
0.12372478 -0.17989428 0.79700005
0.12190002 -0.17944285 0.79500002
0.12038574 -0.17944285 0.79500002
0.11887145 -0.17944285 0.79500002
0.11735716 -0.17944285 0.79500002
0.11526002 -0.17853999 0.79100001
0.11404097 -0.17899142 0.79300004
0.11224668 -0.17853999 0.79100001
0.11074002 -0.17853999 0.79100001
0.10923335 -0.17853999 0.79100001
0.10745431 -0.17808856 0.78900003
0.10595145 -0.17808856 0.78900003
0.10444859 -0.17808856 0.78900003
0.10255431 -0.17741142 0.78600001
0.10105716 -0.17741142 0.78600001
0.099560015 -0.17741142 0.78600001
0.097813353 -0.17695999 0.78400004
0.096320018 -0.17695999 0.78400004
0.094826683 -0.17695999 0.78400004
0.093333349 -0.17695999 0.78400004
0.09160573 -0.17650856 0.78200006
0.09011621 -0.17650856 0.78200006
0.088626683 -0.17650856 0.78200006
0.087360017 -0.17695999 0.78400004
0.085866682 -0.17695999 0.78400004
0.084373355 -0.17696001 0.78400004
0.08288002 -0.17696001 0.78400004
0.081179067 -0.17650858 0.78200006
0.080300972 -0.17786287 0.78800005
0.078800015 -0.17786287 0.78800005
0.077102877 -0.17741144 0.78600001
0.075605735 -0.17741144 0.78600001
0.073920019 -0.17696001 0.78400004
0.072426684 -0.17696001 0.78400004
0.070933349 -0.17696001 0.78400004
0.069440015 -0.17696001 0.78400004
0.067946687 -0.17696001 0.78400004
0.06628383 -0.17650858 0.78200006
0.064794302 -0.17650858 0.78200006
0.063304782 -0.17650858 0.78200006
0.061815254 -0.17650858 0.78200006
0.060325731 -0.17650858 0.78200006
0.058986682 -0.17696001 0.78400004
0.057346683 -0.17650858 0.78200006
0.055857159 -0.17650858 0.78200006
0.054367635 -0.17650858 0.78200006
0.052878112 -0.17650858 0.78200006
0.051388588 -0.17650858 0.78200006
0.050026685 -0.17696001 0.78400004
0.04840954 -0.17650858 0.78200006
0.047040015 -0.17696001 0.78400004
0.045546684 -0.17696001 0.78400004
0.04405335 -0.17696001 0.78400004
0.042560015 -0.17696001 0.78400004
0.041171446 -0.17741144 0.78600001
0.039674301 -0.17741144 0.78600001
0.038080018 -0.17696001 0.78400004
0.036586683 -0.17696001 0.78400004
0.035093348 -0.17696001 0.78400004
0.033514302 -0.17650858 0.78200006
0.032024778 -0.17650858 0.78200006
0.030535255 -0.17650858 0.78200006
0.029045731 -0.17650858 0.78200006
0.027626682 -0.17696001 0.78400004
0.026200015 -0.17741144 0.78600001
0.024702873 -0.17741144 0.78600001
0.023264777 -0.17786287 0.78800005
0.021653349 -0.17696001 0.78400004
0.020160016 -0.17696001 0.78400004
0.018714301 -0.17741144 0.78600001
0.017217159 -0.17741144 0.78600001
0.015720015 -0.17741144 0.78600001
0.014259064 -0.17786287 0.78800005
0.012774302 -0.17808858 0.78900003
0.011271445 -0.17808858 0.78900003
0.0097685875 -0.17808858 0.78900003
0.00826573 -0.17808858 0.78900003
0.0067628729 -0.17808858 0.78900003
0.005253349 -0.17786287 0.78800005
0.0037523967 -0.17786287 0.78800005
0.00224573 -0.17741144 0.78600001
0.00074858696 -0.17741144 0.78600001
0.12996002 -0.18164 0.79800004
0.12844002 -0.18164 0.79800004
0.12676097 -0.18141237 0.79700005
0.12524287 -0.18141237 0.79700005
0.12372478 -0.18141237 0.79700005
0.12190002 -0.18095714 0.79500002
0.12038574 -0.18095714 0.79500002
0.11887145 -0.18095714 0.79500002
0.11706192 -0.18050189 0.79300004
0.11526002 -0.18004666 0.79100001
0.11375336 -0.18004666 0.79100001
0.11196288 -0.17959142 0.78900003
0.11046002 -0.17959142 0.78900003
0.10923335 -0.18004666 0.79100001
0.10745431 -0.17959142 0.78900003
0.10595145 -0.17959142 0.78900003
0.10405145 -0.17890856 0.78600001
0.10255431 -0.17890856 0.78600001
0.10105716 -0.17890856 0.78600001
0.099306688 -0.17845333 0.78400004
0.097813353 -0.17845333 0.78400004
0.096074305 -0.17799808 0.78200006
0.094584778 -0.17799808 0.78200006
0.093095258 -0.17799808 0.78200006
0.09160573 -0.17799808 0.78200006
0.089885734 -0.17754285 0.78000003
0.088400021 -0.17754285 0.78000003
0.087137163 -0.17799808 0.78200006
0.085647635 -0.17799808 0.78200006
0.084158115 -0.1779981 0.78200006
0.082668588 -0.1779981 0.78200006
0.081179067 -0.1779981 0.78200006
0.079485729 -0.17754287 0.78000003
0.078400016 -0.17845334 0.78400004
0.076906681 -0.17845334 0.78400004
0.075413354 -0.17845334 0.78400004
0.073920019 -0.17845334 0.78400004
0.072426684 -0.17845334 0.78400004
0.070933349 -0.17845334 0.78400004
0.069440015 -0.17845334 0.78400004
0.06777335 -0.1779981 0.78200006
0.06628383 -0.1779981 0.78200006
0.064794302 -0.1779981 0.78200006
0.063304782 -0.1779981 0.78200006
0.061815254 -0.1779981 0.78200006
0.060325731 -0.1779981 0.78200006
0.058836207 -0.1779981 0.78200006
0.057346683 -0.1779981 0.78200006
0.055857159 -0.1779981 0.78200006
0.054367635 -0.1779981 0.78200006
0.052878112 -0.1779981 0.78200006
0.051388588 -0.1779981 0.78200006
0.049899064 -0.1779981 0.78200006
0.04840954 -0.1779981 0.78200006
0.046920016 -0.1779981 0.78200006
0.045430493 -0.1779981 0.78200006
0.043940969 -0.1779981 0.78200006
0.042451445 -0.1779981 0.78200006
0.041066684 -0.17845334 0.78400004
0.039573349 -0.17845334 0.78400004
0.038080018 -0.17845334 0.78400004
0.036586683 -0.17845334 0.78400004
0.035093348 -0.17845334 0.78400004
0.033514302 -0.1779981 0.78200006
0.032024778 -0.1779981 0.78200006
0.030535255 -0.1779981 0.78200006
0.029045731 -0.1779981 0.78200006
0.027626682 -0.17845334 0.78400004
0.026200015 -0.17890857 0.78600001
0.024640016 -0.17845334 0.78400004
0.023146683 -0.17845334 0.78400004
0.021653349 -0.17845334 0.78400004
0.020160016 -0.17845334 0.78400004
0.018714301 -0.17890857 0.78600001
0.017173348 -0.17845334 0.78400004
0.015720015 -0.17890857 0.78600001
0.014259064 -0.17936382 0.78800005
0.012758112 -0.17936382 0.78800005
0.011271445 -0.17959143 0.78900003
0.0097562065 -0.17936382 0.78800005
0.00826573 -0.17959143 0.78900003
0.006754302 -0.17936382 0.78800005
0.0052533494 -0.17936382 0.78800005
0.0037523967 -0.17936382 0.78800005
0.0022514442 -0.17936382 0.78800005
0.00075049186 -0.17936382 0.78800005
0.12996002 -0.18315999 0.79800004
0.12844002 -0.18315999 0.79800004
0.12676097 -0.18293047 0.79700005
0.12524287 -0.18293047 0.79700005
0.12341431 -0.18247142 0.79500002
0.12190002 -0.18247142 0.79500002
0.12008288 -0.18201238 0.79300004
0.1185724 -0.18201238 0.79300004
0.11706192 -0.18201238 0.79300004
0.11526002 -0.18155332 0.79100001
0.11375336 -0.18155332 0.79100001
0.11196288 -0.18109427 0.78900003
0.11046002 -0.18109427 0.78900003
0.10895716 -0.18109427 0.78900003
0.10731811 -0.18086475 0.78800005
0.10581716 -0.18086475 0.78800005
0.10405145 -0.18040571 0.78600001
0.10255431 -0.18040571 0.78600001
0.10080002 -0.17994666 0.78400004
0.099306688 -0.17994666 0.78400004
0.097813353 -0.17994666 0.78400004
0.096074305 -0.17948762 0.78200006
0.094584778 -0.17948762 0.78200006
0.093095258 -0.17948762 0.78200006
0.09160573 -0.17948762 0.78200006
0.089885734 -0.17902856 0.78000003
0.088400021 -0.17902856 0.78000003
0.086914301 -0.17902856 0.78000003
0.085428588 -0.17902856 0.78000003
0.083942875 -0.17902857 0.78000003
0.082351446 -0.17879905 0.77900004
0.080867633 -0.17879905 0.77900004
0.079383828 -0.17879905 0.77900004
0.07820002 -0.17948763 0.78200006
0.076710492 -0.17948763 0.78200006
0.075220972 -0.17948763 0.78200006
0.073731445 -0.17948763 0.78200006
0.072241925 -0.17948763 0.78200006
0.070752397 -0.17948763 0.78200006
0.069262877 -0.17948763 0.78200006
0.06777335 -0.17948763 0.78200006
0.06628383 -0.17948763 0.78200006
0.064794302 -0.17948763 0.78200006
0.063304782 -0.17948763 0.78200006
0.061815254 -0.17948763 0.78200006
0.060325731 -0.17948763 0.78200006
0.058836207 -0.17948763 0.78200006
0.057200018 -0.17902857 0.78000003
0.055714302 -0.17902857 0.78000003
0.054367635 -0.17948763 0.78200006
0.052878112 -0.17948763 0.78200006
0.051388588 -0.17948763 0.78200006
0.049899064 -0.17948763 0.78200006
0.04840954 -0.17948763 0.78200006
0.046920016 -0.17948763 0.78200006
0.045430493 -0.17948763 0.78200006
0.043940969 -0.17948763 0.78200006
0.042451445 -0.17948763 0.78200006
0.040961921 -0.17948763 0.78200006
0.039573349 -0.17994668 0.78400004
0.038080018 -0.17994668 0.78400004
0.036586683 -0.17994668 0.78400004
0.035093348 -0.17994668 0.78400004
0.033600017 -0.17994668 0.78400004
0.032106683 -0.17994668 0.78400004
0.03061335 -0.17994668 0.78400004
0.029120017 -0.17994668 0.78400004
0.027626682 -0.17994668 0.78400004
0.026133349 -0.17994668 0.78400004
0.024640016 -0.17994668 0.78400004
0.023146683 -0.17994668 0.78400004
0.021653349 -0.17994668 0.78400004
0.020160016 -0.17994668 0.78400004
0.018714301 -0.18040572 0.78600001
0.017173348 -0.17994668 0.78400004
0.015720015 -0.18040572 0.78600001
0.014259064 -0.18086477 0.78800005
0.012758112 -0.18086477 0.78800005
0.01125716 -0.18086477 0.78800005
0.0097562065 -0.18086477 0.78800005
0.0082343016 -0.18040572 0.78600001
0.0067371591 -0.18040572 0.78600001
0.0052400162 -0.18040572 0.78600001
0.0037428732 -0.18040572 0.78600001
0.0022457303 -0.18040572 0.78600001
0.00074858725 -0.18040572 0.78600001
-0.0007485557 -0.18040572 0.78600001
0.12996002 -0.18467999 0.79800004
0.12827906 -0.18444857 0.79700005
0.12676097 -0.18444857 0.79700005
0.12492859 -0.18398571 0.79500002
0.12341431 -0.18398571 0.79500002
0.12159336 -0.18352285 0.79300004
0.11978002 -0.18305999 0.79100001
0.11827336 -0.18305999 0.79100001
0.11676668 -0.18305999 0.79100001
0.11496859 -0.18259713 0.78900003
0.11346573 -0.18259713 0.78900003
0.11196288 -0.18259713 0.78900003
0.11046002 -0.18259713 0.78900003
0.10895716 -0.18259713 0.78900003
0.10731811 -0.1823657 0.78800005
0.10581716 -0.1823657 0.78800005
0.10405145 -0.18190286 0.78600001
0.10229335 -0.18144 0.78400004
0.10080002 -0.18144 0.78400004
0.099306688 -0.18144 0.78400004
0.097813353 -0.18144 0.78400004
0.096074305 -0.18097714 0.78200006
0.094584778 -0.18097714 0.78200006
0.093095258 -0.18097714 0.78200006
0.09160573 -0.18097714 0.78200006
0.089885734 -0.18051428 0.78000003
0.088400021 -0.18051428 0.78000003
0.086914301 -0.18051428 0.78000003
0.085428588 -0.18051428 0.78000003
0.083942875 -0.18051429 0.78000003
0.082140021 -0.17982 0.77700001
0.080660015 -0.17982 0.77700001
0.079383828 -0.18028286 0.77900004
0.077900015 -0.18028286 0.77900004
0.076416209 -0.18028286 0.77900004
0.075220972 -0.18097715 0.78200006
0.073731445 -0.18097715 0.78200006
0.072241925 -0.18097715 0.78200006
0.070752397 -0.18097715 0.78200006
0.069262877 -0.18097715 0.78200006
0.06777335 -0.18097715 0.78200006
0.06628383 -0.18097715 0.78200006
0.064794302 -0.18097715 0.78200006
0.063304782 -0.18097715 0.78200006
0.061815254 -0.18097715 0.78200006
0.060171444 -0.18051429 0.78000003
0.058836207 -0.18097715 0.78200006
0.057200018 -0.18051429 0.78000003
0.055642873 -0.18028286 0.77900004
0.054228589 -0.18051429 0.78000003
0.052742872 -0.18051429 0.78000003
0.051388588 -0.18097715 0.78200006
0.049899064 -0.18097715 0.78200006
0.04840954 -0.18097715 0.78200006
0.046920016 -0.18097715 0.78200006
0.045430493 -0.18097715 0.78200006
0.043940969 -0.18097715 0.78200006
0.042451445 -0.18097715 0.78200006
0.040961921 -0.18097715 0.78200006
0.039573349 -0.18144001 0.78400004
0.038080018 -0.18144001 0.78400004
0.036586683 -0.18144001 0.78400004
0.035093348 -0.18144001 0.78400004
0.033600017 -0.18144001 0.78400004
0.032106683 -0.18144001 0.78400004
0.030613352 -0.18144001 0.78400004
0.029120019 -0.18144001 0.78400004
0.027626684 -0.18144001 0.78400004
0.026133351 -0.18144001 0.78400004
0.024640018 -0.18144001 0.78400004
0.023146685 -0.18144001 0.78400004
0.02165335 -0.18144001 0.78400004
0.020160018 -0.18144001 0.78400004
0.018666685 -0.18144001 0.78400004
0.01717335 -0.18144001 0.78400004
0.015680017 -0.18144001 0.78400004
0.014222873 -0.18190287 0.78600001
0.01272573 -0.18190287 0.78600001
0.01125716 -0.18236572 0.78800005
0.0097314445 -0.18190287 0.78600001
0.0082343016 -0.18190287 0.78600001
0.0067371591 -0.18190287 0.78600001
0.0052400162 -0.18190287 0.78600001
0.0037333493 -0.18144001 0.78400004
0.0022400159 -0.18144001 0.78400004
0.00074668258 -0.18144001 0.78400004
-0.0007466508 -0.18144001 0.78400004
-0.0022399842 -0.18144001 0.78400004
0.13148002 -0.18619999 0.79800004
0.12979716 -0.18596666 0.79700005
0.12827906 -0.18596666 0.79700005
0.12676097 -0.18596666 0.79700005
0.12492859 -0.1855 0.79500002
0.12310383 -0.18503332 0.79300004
0.12159336 -0.18503332 0.79300004
0.11978002 -0.18456666 0.79100001
0.11827336 -0.18456666 0.79100001
0.11676668 -0.18456666 0.79100001
0.11496859 -0.18409999 0.78900003
0.11346573 -0.18409999 0.78900003
0.11182097 -0.18386666 0.78800005
0.11032002 -0.18386666 0.78800005
0.10881907 -0.18386666 0.78800005
0.10704573 -0.18339999 0.78600001
0.10554859 -0.18339999 0.78600001
0.10378668 -0.18293333 0.78400004
0.10229335 -0.18293333 0.78400004
0.10080002 -0.18293333 0.78400004
0.099306688 -0.18293333 0.78400004
0.097813353 -0.18293333 0.78400004
0.096074305 -0.18246666 0.78200006
0.094584778 -0.18246666 0.78200006
0.093095258 -0.18246666 0.78200006
0.09160573 -0.18246666 0.78200006
0.089885734 -0.182 0.78000003
0.088400021 -0.182 0.78000003
0.086914301 -0.182 0.78000003
0.085428588 -0.182 0.78000003
0.083942875 -0.18200001 0.78000003
0.082140021 -0.1813 0.77700001
0.080660015 -0.1813 0.77700001
0.079383828 -0.18176667 0.77900004
0.077900015 -0.18176667 0.77900004
0.076220021 -0.1813 0.77700001
0.075028591 -0.18200001 0.78000003
0.073448591 -0.18176667 0.77900004
0.072057158 -0.18200001 0.78000003
0.070571445 -0.18200001 0.78000003
0.069085732 -0.18200001 0.78000003
0.067600019 -0.18200001 0.78000003
0.06628383 -0.18246667 0.78200006
0.064628586 -0.18200001 0.78000003
0.063142873 -0.18200001 0.78000003
0.061657161 -0.18200001 0.78000003
0.060171444 -0.18200001 0.78000003
0.058685731 -0.18200001 0.78000003
0.057126682 -0.18176667 0.77900004
0.055642873 -0.18176667 0.77900004
0.054159064 -0.18176667 0.77900004
0.052742872 -0.18200001 0.78000003
0.05125716 -0.18200001 0.78000003
0.049771447 -0.18200001 0.78000003
0.04828573 -0.18200001 0.78000003
0.046800017 -0.18200001 0.78000003
0.045314301 -0.18200001 0.78000003
0.043828588 -0.18200001 0.78000003
0.042342875 -0.18200001 0.78000003
0.040961921 -0.18246667 0.78200006
0.039573349 -0.18293335 0.78400004
0.038080018 -0.18293335 0.78400004
0.036586683 -0.18293335 0.78400004
0.035093348 -0.18293335 0.78400004
0.033600017 -0.18293335 0.78400004
0.032106683 -0.18293335 0.78400004
0.030613352 -0.18293335 0.78400004
0.029120019 -0.18293335 0.78400004
0.027626684 -0.18293335 0.78400004
0.026133351 -0.18293335 0.78400004
0.024640018 -0.18293335 0.78400004
0.023146685 -0.18293335 0.78400004
0.02165335 -0.18293335 0.78400004
0.020160018 -0.18293335 0.78400004
0.018666685 -0.18293335 0.78400004
0.01717335 -0.18293335 0.78400004
0.015680017 -0.18293335 0.78400004
0.014222873 -0.18340001 0.78600001
0.01272573 -0.18340001 0.78600001
0.011228587 -0.18340001 0.78600001
0.0097314445 -0.18340001 0.78600001
0.0082133496 -0.18293335 0.78400004
0.0067200162 -0.18293335 0.78400004
0.0052266829 -0.18293335 0.78400004
0.0037333495 -0.18293335 0.78400004
0.0022400161 -0.18293335 0.78400004
0.00074668269 -0.18293335 0.78400004
-0.00074665068 -0.18293335 0.78400004
-0.002239984 -0.18293335 0.78400004
0.13148002 -0.18771999 0.79800004
0.12979716 -0.18748476 0.79700005
0.12827906 -0.18748476 0.79700005
0.12676097 -0.18748476 0.79700005
0.12492859 -0.18701428 0.79500002
0.12310383 -0.18654381 0.79300004
0.12128668 -0.18607332 0.79100001
0.11978002 -0.18607332 0.79100001
0.11827336 -0.18607332 0.79100001
0.11647145 -0.18560284 0.78900003
0.11482288 -0.18536761 0.78800005
0.11346573 -0.18560284 0.78900003
0.11182097 -0.18536761 0.78800005
0.11032002 -0.18536761 0.78800005
0.10881907 -0.18536761 0.78800005
0.10731811 -0.18536761 0.78800005
0.10554859 -0.18489714 0.78600001
0.10378668 -0.18442667 0.78400004
0.10229335 -0.18442667 0.78400004
0.10080002 -0.18442667 0.78400004
0.099306688 -0.18442667 0.78400004
0.097563826 -0.18395618 0.78200006
0.096074305 -0.18395618 0.78200006
0.094584778 -0.18395618 0.78200006
0.093095258 -0.18395618 0.78200006
0.091371447 -0.1834857 0.78000003
0.089885734 -0.1834857 0.78000003
0.088286683 -0.18325047 0.77900004
0.086802877 -0.18325047 0.77900004
0.085319065 -0.18325047 0.77900004
0.083835259 -0.18325049 0.77900004
0.082351446 -0.18325049 0.77900004
0.080660015 -0.18278001 0.77700001
0.079180017 -0.18278001 0.77700001
0.077900015 -0.18325049 0.77900004
0.076220021 -0.18278001 0.77700001
0.074932396 -0.18325049 0.77900004
0.073448591 -0.18325049 0.77900004
0.071964778 -0.18325049 0.77900004
0.070480973 -0.18325049 0.77900004
0.06899716 -0.18325049 0.77900004
0.067513354 -0.18325049 0.77900004
0.066114306 -0.18348572 0.78000003
0.064545728 -0.18325049 0.77900004
0.063142873 -0.18348572 0.78000003
0.061657161 -0.18348572 0.78000003
0.060094304 -0.18325049 0.77900004
0.058685731 -0.18348572 0.78000003
0.057126682 -0.18325049 0.77900004
0.055642873 -0.18325049 0.77900004
0.054159064 -0.18325049 0.77900004
0.052675255 -0.18325049 0.77900004
0.051191445 -0.18325049 0.77900004
0.049771447 -0.18348572 0.78000003
0.048223827 -0.18325049 0.77900004
0.046740018 -0.18325049 0.77900004
0.045314301 -0.18348572 0.78000003
0.043828588 -0.18348572 0.78000003
0.042342875 -0.18348572 0.78000003
0.040961921 -0.18395619 0.78200006
0.039472397 -0.18395619 0.78200006
0.038080018 -0.18442668 0.78400004
0.036586683 -0.18442668 0.78400004
0.035093348 -0.18442668 0.78400004
0.033600017 -0.18442668 0.78400004
0.032106683 -0.18442668 0.78400004
0.030613352 -0.18442668 0.78400004
0.029120019 -0.18442668 0.78400004
0.027626684 -0.18442668 0.78400004
0.026133351 -0.18442668 0.78400004
0.024640018 -0.18442668 0.78400004
0.023146685 -0.18442668 0.78400004
0.02165335 -0.18442668 0.78400004
0.020160018 -0.18442668 0.78400004
0.018666685 -0.18442668 0.78400004
0.01717335 -0.18442668 0.78400004
0.015680017 -0.18442668 0.78400004
0.014222873 -0.18489715 0.78600001
0.01272573 -0.18489715 0.78600001
0.011228587 -0.18489715 0.78600001
0.0097314445 -0.18489715 0.78600001
0.0082133496 -0.18442668 0.78400004
0.0067200167 -0.18442668 0.78400004
0.0052266833 -0.18442668 0.78400004
0.0037333495 -0.18442668 0.78400004
0.0022400161 -0.18442668 0.78400004
0.00074668281 -0.18442668 0.78400004
-0.00074665056 -0.18442668 0.78400004
-0.002239984 -0.18442668 0.78400004
0.13300002 -0.18923999 0.79800004
0.13131526 -0.18900286 0.79700005
0.12979716 -0.18900286 0.79700005
0.12827906 -0.18900286 0.79700005
0.12644288 -0.18852857 0.79500002
0.12492859 -0.18852857 0.79500002
0.12310383 -0.18805428 0.79300004
0.12128668 -0.18757999 0.79100001
0.11947716 -0.1871057 0.78900003
0.1179743 -0.1871057 0.78900003
0.11647145 -0.1871057 0.78900003
0.11482288 -0.18686856 0.78800005
0.11332192 -0.18686856 0.78800005
0.11153716 -0.18639427 0.78600001
0.10976002 -0.18591999 0.78400004
0.10826669 -0.18591999 0.78400004
0.10704573 -0.18639427 0.78600001
0.10554859 -0.18639427 0.78600001
0.10378668 -0.18591999 0.78400004
0.1020324 -0.18544571 0.78200006
0.10054287 -0.18544571 0.78200006
0.099053353 -0.18544571 0.78200006
0.097563826 -0.18544571 0.78200006
0.096074305 -0.18544571 0.78200006
0.094342873 -0.18497142 0.78000003
0.09285716 -0.18497142 0.78000003
0.091371447 -0.18497142 0.78000003
0.089770496 -0.18473428 0.77900004
0.088060021 -0.18426 0.77700001
0.086580016 -0.18426 0.77700001
0.085100017 -0.18426001 0.77700001
0.083620019 -0.18426001 0.77700001
0.082140021 -0.18426001 0.77700001
0.080660015 -0.18426001 0.77700001
0.079180017 -0.18426001 0.77700001
0.077700019 -0.18426001 0.77700001
0.076220021 -0.18426001 0.77700001
0.074932396 -0.1847343 0.77900004
0.073448591 -0.1847343 0.77900004
0.071780019 -0.18426001 0.77700001
0.070480973 -0.1847343 0.77900004
0.06899716 -0.1847343 0.77900004
0.067513354 -0.1847343 0.77900004
0.066029541 -0.1847343 0.77900004
0.064545728 -0.1847343 0.77900004
0.063061923 -0.1847343 0.77900004
0.061657161 -0.18497144 0.78000003
0.060094304 -0.1847343 0.77900004
0.058610491 -0.1847343 0.77900004
0.057126682 -0.1847343 0.77900004
0.055642873 -0.1847343 0.77900004
0.054159064 -0.1847343 0.77900004
0.052675255 -0.1847343 0.77900004
0.051191445 -0.1847343 0.77900004
0.049771447 -0.18497144 0.78000003
0.048223827 -0.1847343 0.77900004
0.046740018 -0.1847343 0.77900004
0.045314301 -0.18497144 0.78000003
0.043828588 -0.18497144 0.78000003
0.042342875 -0.18497144 0.78000003
0.040961921 -0.18544573 0.78200006
0.039472397 -0.18544573 0.78200006
0.038080018 -0.18592 0.78400004
0.036586683 -0.18592 0.78400004
0.035093348 -0.18592 0.78400004
0.033600017 -0.18592 0.78400004
0.032106683 -0.18592 0.78400004
0.030613352 -0.18592 0.78400004
0.029120019 -0.18592 0.78400004
0.027626684 -0.18592 0.78400004
0.026133351 -0.18592 0.78400004
0.024640018 -0.18592 0.78400004
0.023146685 -0.18592 0.78400004
0.02165335 -0.18592 0.78400004
0.020160018 -0.18592 0.78400004
0.018666685 -0.18592 0.78400004
0.01717335 -0.18592 0.78400004
0.015680017 -0.18592 0.78400004
0.014222873 -0.18639429 0.78600001
0.01272573 -0.18639429 0.78600001
0.011200016 -0.18592 0.78400004
0.0097066825 -0.18592 0.78400004
0.0082133496 -0.18592 0.78400004
0.0067200167 -0.18592 0.78400004
0.0052133496 -0.18544573 0.78200006
0.003723826 -0.18544573 0.78200006
0.0022400164 -0.18592 0.78400004
0.00074668293 -0.18592 0.78400004
-0.00074665045 -0.18592 0.78400004
-0.0022399838 -0.18592 0.78400004
0.13300002 -0.19075999 0.79800004
0.13148002 -0.19075999 0.79800004
0.12979716 -0.19052094 0.79700005
0.12827906 -0.19052094 0.79700005
0.12612478 -0.18956475 0.79300004
0.12461431 -0.18956475 0.79300004
0.12279335 -0.18908666 0.79100001
0.12128668 -0.18908666 0.79100001
0.11947716 -0.18860856 0.78900003
0.1179743 -0.18860856 0.78900003
0.11632383 -0.18836951 0.78800005
0.11453145 -0.18789142 0.78600001
0.11303431 -0.18789142 0.78600001
0.11125335 -0.18741332 0.78400004
0.10976002 -0.18741332 0.78400004
0.10826669 -0.18741332 0.78400004
0.10677335 -0.18741332 0.78400004
0.10528002 -0.18741332 0.78400004
0.10378668 -0.18741332 0.78400004
0.1020324 -0.18693523 0.78200006
0.10054287 -0.18693523 0.78200006
0.099053353 -0.18693523 0.78200006
0.097563826 -0.18693523 0.78200006
0.095828593 -0.18645714 0.78000003
0.094342873 -0.18645714 0.78000003
0.092738114 -0.18621808 0.77900004
0.091254301 -0.18621808 0.77900004
0.08954002 -0.18573999 0.77700001
0.088060021 -0.18573999 0.77700001
0.086357161 -0.18526189 0.77500004
0.08488097 -0.18526191 0.77500004
0.083404779 -0.18526191 0.77500004
0.082140021 -0.18574001 0.77700001
0.080452397 -0.18526191 0.77500004
0.079180017 -0.18574001 0.77700001
0.077700019 -0.18574001 0.77700001
0.076220021 -0.18574001 0.77700001
0.074740015 -0.18574001 0.77700001
0.073260017 -0.18574001 0.77700001
0.071780019 -0.18574001 0.77700001
0.070480973 -0.1862181 0.77900004
0.06899716 -0.1862181 0.77900004
0.067513354 -0.1862181 0.77900004
0.066029541 -0.1862181 0.77900004
0.064545728 -0.1862181 0.77900004
0.063061923 -0.1862181 0.77900004
0.061657161 -0.18645716 0.78000003
0.060094304 -0.1862181 0.77900004
0.058685731 -0.18645716 0.78000003
0.057126682 -0.1862181 0.77900004
0.055642873 -0.1862181 0.77900004
0.054228589 -0.18645716 0.78000003
0.052742872 -0.18645716 0.78000003
0.05125716 -0.18645716 0.78000003
0.049771447 -0.18645716 0.78000003
0.04828573 -0.18645716 0.78000003
0.046800017 -0.18645716 0.78000003
0.045314301 -0.18645716 0.78000003
0.043828588 -0.18645716 0.78000003
0.042342875 -0.18645716 0.78000003
0.040961921 -0.18693525 0.78200006
0.039472397 -0.18693525 0.78200006
0.037982874 -0.18693525 0.78200006
0.036586683 -0.18741333 0.78400004
0.035093348 -0.18741333 0.78400004
0.033685729 -0.18789144 0.78600001
0.032188587 -0.18789144 0.78600001
0.030613352 -0.18741333 0.78400004
0.029120019 -0.18741333 0.78400004
0.027626684 -0.18741333 0.78400004
0.026133351 -0.18741333 0.78400004
0.024640018 -0.18741333 0.78400004
0.023146685 -0.18741333 0.78400004
0.021598114 -0.18693525 0.78200006
0.020108588 -0.18693525 0.78200006
0.018619064 -0.18693525 0.78200006
0.01717335 -0.18741333 0.78400004
0.015680017 -0.18741333 0.78400004
0.014186684 -0.18741333 0.78400004
0.01269335 -0.18741333 0.78400004
0.011200017 -0.18741333 0.78400004
0.0097066835 -0.18741333 0.78400004
0.0082133505 -0.18741333 0.78400004
0.0067200167 -0.18741333 0.78400004
0.0052133496 -0.18693525 0.78200006
0.003723826 -0.18693525 0.78200006
0.0022400164 -0.18741333 0.78400004
0.00074668304 -0.18741333 0.78400004
-0.00074665033 -0.18741333 0.78400004
-0.0022399838 -0.18741333 0.78400004
0.13300002 -0.19227999 0.79800004
0.13148002 -0.19227999 0.79800004
0.12979716 -0.19203904 0.79700005
0.12827906 -0.19203904 0.79700005
0.12612478 -0.19107524 0.79300004
0.12461431 -0.19107524 0.79300004
0.12279335 -0.19059333 0.79100001
0.12128668 -0.19059333 0.79100001
0.11947716 -0.19011141 0.78900003
0.1179743 -0.19011141 0.78900003
0.11632383 -0.18987046 0.78800005
0.11453145 -0.18938856 0.78600001
0.11303431 -0.18938856 0.78600001
0.11125335 -0.18890665 0.78400004
0.10976002 -0.18890665 0.78400004
0.10826669 -0.18890665 0.78400004
0.10677335 -0.18890665 0.78400004
0.10528002 -0.18890665 0.78400004
0.10352192 -0.18842475 0.78200006
0.1020324 -0.18842475 0.78200006
0.10054287 -0.18842475 0.78200006
0.099053353 -0.18842475 0.78200006
0.097563826 -0.18842475 0.78200006
0.095828593 -0.18794285 0.78000003
0.09422192 -0.1877019 0.77900004
0.092738114 -0.1877019 0.77900004
0.091020018 -0.18721999 0.77700001
0.08954002 -0.18721999 0.77700001
0.088060021 -0.18721999 0.77700001
0.086357161 -0.18673809 0.77500004
0.08488097 -0.1867381 0.77500004
0.083404779 -0.1867381 0.77500004
0.081928588 -0.1867381 0.77500004
0.080452397 -0.1867381 0.77500004
0.078976206 -0.1867381 0.77500004
0.077500015 -0.1867381 0.77500004
0.076023825 -0.1867381 0.77500004
0.074547634 -0.1867381 0.77500004
0.073260017 -0.18722001 0.77700001
0.071780019 -0.18722001 0.77700001
0.07030002 -0.18722001 0.77700001
0.068820015 -0.18722001 0.77700001
0.067340016 -0.18722001 0.77700001
0.066029541 -0.18770191 0.77900004
0.064545728 -0.18770191 0.77900004
0.063061923 -0.18770191 0.77900004
0.061657161 -0.18794286 0.78000003
0.060094304 -0.18770191 0.77900004
0.058685731 -0.18794286 0.78000003
0.057126682 -0.18770191 0.77900004
0.055642873 -0.18770191 0.77900004
0.054228589 -0.18794286 0.78000003
0.052675255 -0.18770191 0.77900004
0.051191445 -0.18770191 0.77900004
0.049771447 -0.18794286 0.78000003
0.04828573 -0.18794286 0.78000003
0.046740018 -0.18770191 0.77900004
0.045314301 -0.18794286 0.78000003
0.043772396 -0.18770191 0.77900004
0.042288586 -0.18770191 0.77900004
0.040961921 -0.18842477 0.78200006
0.039472397 -0.18842477 0.78200006
0.037982874 -0.18842477 0.78200006
0.03649335 -0.18842477 0.78200006
0.035093348 -0.18890667 0.78400004
0.033685729 -0.18938857 0.78600001
0.032188587 -0.18938857 0.78600001
0.030691447 -0.18938857 0.78600001
0.029120019 -0.18890667 0.78400004
0.027626684 -0.18890667 0.78400004
0.026133351 -0.18890667 0.78400004
0.023087637 -0.18842477 0.78200006
0.021542875 -0.18794286 0.78000003
0.02005716 -0.18794286 0.78000003
0.015680017 -0.18890667 0.78400004
0.0096819215 -0.18842477 0.78200006
0.0081923977 -0.18842477 0.78200006
0.0067028739 -0.18842477 0.78200006
0.0022400166 -0.18890667 0.78400004
0.00074668322 -0.18890667 0.78400004
-0.00074665016 -0.18890667 0.78400004
0.13300002 -0.19379999 0.79800004
0.13131526 -0.19355713 0.79700005
0.12979716 -0.19355713 0.79700005
0.12827906 -0.19355713 0.79700005
0.12612478 -0.19258571 0.79300004
0.12430002 -0.19209999 0.79100001
0.12279335 -0.19209999 0.79100001
0.12098002 -0.19161429 0.78900003
0.11947716 -0.19161429 0.78900003
0.1179743 -0.19161429 0.78900003
0.11632383 -0.19137143 0.78800005
0.11453145 -0.19088571 0.78600001
0.11303431 -0.19088571 0.78600001
0.11125335 -0.19039999 0.78400004
0.10976002 -0.19039999 0.78400004
0.10826669 -0.19039999 0.78400004
0.10677335 -0.19039999 0.78400004
0.10501145 -0.18991427 0.78200006
0.10352192 -0.18991427 0.78200006
0.1020324 -0.18991427 0.78200006
0.10054287 -0.18991427 0.78200006
0.099053353 -0.18991427 0.78200006
0.097314306 -0.18942857 0.78000003
0.095828593 -0.18942857 0.78000003
0.09422192 -0.18918571 0.77900004
0.092738114 -0.18918571 0.77900004
0.091020018 -0.18869999 0.77700001
0.089309543 -0.18821427 0.77500004
0.088060021 -0.18869999 0.77700001
0.086580016 -0.18869999 0.77700001
0.08488097 -0.18821429 0.77500004
0.083404779 -0.18821429 0.77500004
0.081928588 -0.18821429 0.77500004
0.080452397 -0.18821429 0.77500004
0.078976206 -0.18821429 0.77500004
0.077500015 -0.18821429 0.77500004
0.076023825 -0.18821429 0.77500004
0.074547634 -0.18821429 0.77500004
0.073260017 -0.18870001 0.77700001
0.071780019 -0.18870001 0.77700001
0.07030002 -0.18870001 0.77700001
0.068820015 -0.18870001 0.77700001
0.067513354 -0.18918572 0.77900004
0.066029541 -0.18918572 0.77900004
0.06438002 -0.18870001 0.77700001
0.062900014 -0.18870001 0.77700001
0.061657161 -0.18942858 0.78000003
0.059940018 -0.18870001 0.77700001
0.058836207 -0.18991429 0.78200006
0.057200018 -0.18942858 0.78000003
0.055642873 -0.18918572 0.77900004
0.054159064 -0.18918572 0.77900004
0.052675255 -0.18918572 0.77900004
0.051191445 -0.18918572 0.77900004
0.049707636 -0.18918572 0.77900004
0.048223827 -0.18918572 0.77900004
0.046740018 -0.18918572 0.77900004
0.045314301 -0.18942858 0.78000003
0.043772396 -0.18918572 0.77900004
0.042451445 -0.18991429 0.78200006
0.040961921 -0.18991429 0.78200006
0.039472397 -0.18991429 0.78200006
0.037982874 -0.18991429 0.78200006
0.03649335 -0.18991429 0.78200006
0.035093348 -0.1904 0.78400004
0.033600017 -0.1904 0.78400004
0.032106683 -0.1904 0.78400004
0.030691447 -0.19088572 0.78600001
0.13300002 -0.19532 0.79800004
0.13131526 -0.19507523 0.79700005
0.12979716 -0.19507523 0.79700005
0.12763526 -0.19409618 0.79300004
0.12580669 -0.19360666 0.79100001
0.12430002 -0.19360666 0.79100001
0.12279335 -0.19360666 0.79100001
0.12098002 -0.19311714 0.78900003
0.11947716 -0.19311714 0.78900003
0.11782478 -0.19287238 0.78800005
0.11602859 -0.19238284 0.78600001
0.11453145 -0.19238284 0.78600001
0.11303431 -0.19238284 0.78600001
0.11125335 -0.19189332 0.78400004
0.10976002 -0.19189332 0.78400004
0.10826669 -0.19189332 0.78400004
0.10650097 -0.19140381 0.78200006
0.10501145 -0.19140381 0.78200006
0.10352192 -0.19140381 0.78200006
0.10177144 -0.19091427 0.78000003
0.10054287 -0.19140381 0.78200006
0.098800018 -0.19091427 0.78000003
0.097314306 -0.19091427 0.78000003
0.095828593 -0.19091427 0.78000003
0.093980022 -0.19017999 0.77700001
0.092500016 -0.19017999 0.77700001
0.091020018 -0.19017999 0.77700001
0.089309543 -0.18969047 0.77500004
0.087833352 -0.18969047 0.77500004
0.086357161 -0.18969047 0.77500004
0.08488097 -0.18969049 0.77500004
0.083404779 -0.18969049 0.77500004
0.081717163 -0.18920095 0.77300006
0.080452397 -0.18969049 0.77500004
0.078976206 -0.18969049 0.77500004
0.077500015 -0.18969049 0.77500004
0.076023825 -0.18969049 0.77500004
0.074547634 -0.18969049 0.77500004
0.073260017 -0.19018 0.77700001
0.071780019 -0.19018 0.77700001
0.070480973 -0.19066954 0.77900004
0.06899716 -0.19066954 0.77900004
0.067513354 -0.19066954 0.77900004
0.066114306 -0.19091429 0.78000003
0.064794302 -0.19140382 0.78200006
0.063304782 -0.19140382 0.78200006
0.061973356 -0.19189334 0.78400004
0.06156002 -0.19532001 0.79800004
0.059964783 -0.19507524 0.79700005
0.058520019 -0.19532001 0.79800004
0.057000022 -0.19532001 0.79800004
0.055480022 -0.19532001 0.79800004
0.052878112 -0.19140382 0.78200006
0.051388588 -0.19140382 0.78200006
0.049899064 -0.19140382 0.78200006
0.04840954 -0.19140382 0.78200006
0.046800017 -0.19091429 0.78000003
0.045314301 -0.19091429 0.78000003
0.043828588 -0.19091429 0.78000003
0.042342875 -0.19091429 0.78000003
0.040961921 -0.19140382 0.78200006
0.039472397 -0.19140382 0.78200006
0.037982874 -0.19140382 0.78200006
0.036586687 -0.19189334 0.78400004
0.035093352 -0.19189334 0.78400004
0.033600021 -0.19189334 0.78400004
0.13300002 -0.19683999 0.79800004
0.13131526 -0.19659333 0.79700005
0.12979716 -0.19659333 0.79700005
0.12763526 -0.19560666 0.79300004
0.12580669 -0.19511333 0.79100001
0.12430002 -0.19511333 0.79100001
0.12248287 -0.19462 0.78900003
0.12098002 -0.19462 0.78900003
0.11932573 -0.19437332 0.78800005
0.11782478 -0.19437332 0.78800005
0.11632383 -0.19437332 0.78800005
0.11453145 -0.19387999 0.78600001
0.11303431 -0.19387999 0.78600001
0.11125335 -0.19338666 0.78400004
0.10976002 -0.19338666 0.78400004
0.10826669 -0.19338666 0.78400004
0.10650097 -0.19289333 0.78200006
0.10474288 -0.19239999 0.78000003
0.10352192 -0.19289333 0.78200006
0.10177144 -0.19239999 0.78000003
0.10028573 -0.19239999 0.78000003
0.098800018 -0.19239999 0.78000003
0.097189546 -0.19215332 0.77900004
0.095705733 -0.19215332 0.77900004
0.093980022 -0.19165999 0.77700001
0.092500016 -0.19165999 0.77700001
0.091020018 -0.19165999 0.77700001
0.089309543 -0.19116665 0.77500004
0.087833352 -0.19116665 0.77500004
0.086357161 -0.19116665 0.77500004
0.08488097 -0.19116667 0.77500004
0.083404779 -0.19116667 0.77500004
0.081928588 -0.19116667 0.77500004
0.080452397 -0.19116667 0.77500004
0.078976206 -0.19116667 0.77500004
0.077500015 -0.19116667 0.77500004
0.076023825 -0.19116667 0.77500004
0.074740015 -0.19166 0.77700001
0.073448591 -0.19215333 0.77900004
0.071780019 -0.19166 0.77700001
0.070480973 -0.19215333 0.77900004
0.06899716 -0.19215333 0.77900004
0.067600019 -0.19240001 0.78000003
0.06628383 -0.19289334 0.78200006
0.064960018 -0.19338667 0.78400004
0.063628592 -0.19388001 0.78600001
0.062368594 -0.19462001 0.78900003
0.06156002 -0.19684 0.79800004
0.059964783 -0.19659334 0.79700005
0.058520019 -0.19684 0.79800004
0.057000022 -0.19684 0.79800004
0.049899068 -0.19289334 0.78200006
0.048409544 -0.19289334 0.78200006
0.046800021 -0.19240001 0.78000003
0.045314305 -0.19240001 0.78000003
0.13300002 -0.19836 0.79800004
0.13131526 -0.19811141 0.79700005
0.12979716 -0.19811141 0.79700005
0.12731335 -0.19661999 0.79100001
0.12580669 -0.19661999 0.79100001
0.12398573 -0.19612285 0.78900003
0.12248287 -0.19612285 0.78900003
0.12098002 -0.19612285 0.78900003
0.11932573 -0.19587427 0.78800005
0.11782478 -0.19587427 0.78800005
0.11602859 -0.19537714 0.78600001
0.11453145 -0.19537714 0.78600001
0.11274669 -0.19487999 0.78400004
0.11125335 -0.19487999 0.78400004
0.10948002 -0.19438285 0.78200006
0.1079905 -0.19438285 0.78200006
0.10650097 -0.19438285 0.78200006
0.10474288 -0.19388571 0.78000003
0.10325716 -0.19388571 0.78000003
0.10164097 -0.19363713 0.77900004
0.10015716 -0.19363713 0.77900004
0.098673351 -0.19363713 0.77900004
0.097189546 -0.19363713 0.77900004
0.09546002 -0.19313999 0.77700001
0.093980022 -0.19313999 0.77700001
0.092500016 -0.19313999 0.77700001
0.090785734 -0.19264285 0.77500004
0.089309543 -0.19264285 0.77500004
0.087833352 -0.19264285 0.77500004
0.086357161 -0.19264285 0.77500004
0.08488097 -0.19264287 0.77500004
0.083404779 -0.19264287 0.77500004
0.081717163 -0.19214572 0.77300006
0.080452397 -0.19264287 0.77500004
0.078976206 -0.19264287 0.77500004
0.077500015 -0.19264287 0.77500004
0.076220021 -0.19314 0.77700001
0.074740015 -0.19314 0.77700001
0.073448591 -0.19363715 0.77900004
0.071780019 -0.19314 0.77700001
0.070480973 -0.19363715 0.77900004
0.069085732 -0.19388573 0.78000003
0.06777335 -0.19438286 0.78200006
0.066453353 -0.19488001 0.78400004
0.065125734 -0.19537716 0.78600001
0.064033352 -0.19662 0.79100001
0.062684782 -0.19711715 0.79300004
0.06156002 -0.19836001 0.79800004
0.060040019 -0.19836001 0.79800004
0.058520019 -0.19836001 0.79800004
0.057000022 -0.19836001 0.79800004
0.13604002 -0.19987999 0.79800004
0.13452002 -0.19987999 0.79800004
0.13300002 -0.19987999 0.79800004
0.13131526 -0.19962952 0.79700005
0.12979716 -0.19962952 0.79700005
0.12731335 -0.19812666 0.79100001
0.12548859 -0.19762571 0.78900003
0.12398573 -0.19762571 0.78900003
0.12248287 -0.19762571 0.78900003
0.12098002 -0.19762571 0.78900003
0.11932573 -0.19737522 0.78800005
0.11782478 -0.19737522 0.78800005
0.11602859 -0.19687428 0.78600001
0.11453145 -0.19687428 0.78600001
0.11274669 -0.19637333 0.78400004
0.11125335 -0.19637333 0.78400004
0.10948002 -0.19587237 0.78200006
0.1079905 -0.19587237 0.78200006
0.10622859 -0.19537142 0.78000003
0.10460859 -0.19512095 0.77900004
0.10312478 -0.19512095 0.77900004
0.10164097 -0.19512095 0.77900004
0.10015716 -0.19512095 0.77900004
0.098673351 -0.19512095 0.77900004
0.096940018 -0.19462 0.77700001
0.09546002 -0.19462 0.77700001
0.093980022 -0.19462 0.77700001
0.092500016 -0.19462 0.77700001
0.091020018 -0.19462 0.77700001
0.089309543 -0.19411904 0.77500004
0.087833352 -0.19411904 0.77500004
0.086357161 -0.19411904 0.77500004
0.08488097 -0.19411905 0.77500004
0.083404779 -0.19411905 0.77500004
0.081717163 -0.1936181 0.77300006
0.080140971 -0.19336763 0.77200001
0.078976206 -0.19411905 0.77500004
0.077500015 -0.19411905 0.77500004
0.076023825 -0.19411905 0.77500004
0.074355252 -0.1936181 0.77300006
0.073448591 -0.19512096 0.77900004
0.071780019 -0.19462001 0.77700001
0.070480973 -0.19512096 0.77900004
0.06899716 -0.19512096 0.77900004
0.06777335 -0.19587238 0.78200006
0.066453353 -0.19637334 0.78400004
0.0653743 -0.19762573 0.78900003
0.064033352 -0.19812667 0.79100001
0.062842876 -0.19912858 0.79500002
0.061482877 -0.19962953 0.79700005
0.059964783 -0.19962953 0.79700005
0.058520019 -0.19988 0.79800004
0.057000022 -0.19988 0.79800004
0.13790478 -0.20190476 0.80000001
0.13604002 -0.2014 0.79800004
0.13452002 -0.2014 0.79800004
0.13300002 -0.2014 0.79800004
0.13131526 -0.20114762 0.79700005
0.12882002 -0.19963333 0.79100001
0.12699145 -0.19912857 0.78900003
0.12548859 -0.19912857 0.78900003
0.12382859 -0.19887619 0.78800005
0.12232764 -0.19887619 0.78800005
0.12082668 -0.19887619 0.78800005
0.11932573 -0.19887619 0.78800005
0.11752573 -0.19837143 0.78600001
0.11602859 -0.19837143 0.78600001
0.11424002 -0.19786666 0.78400004
0.11274669 -0.19786666 0.78400004
0.11125335 -0.19786666 0.78400004
0.10976002 -0.19786666 0.78400004
0.1079905 -0.1973619 0.78200006
0.10622859 -0.19685714 0.78000003
0.10460859 -0.19660476 0.77900004
0.10312478 -0.19660476 0.77900004
0.10164097 -0.19660476 0.77900004
0.099900022 -0.1961 0.77700001
0.098420016 -0.1961 0.77700001
0.096940018 -0.1961 0.77700001
0.09546002 -0.1961 0.77700001
0.093738116 -0.19559523 0.77500004
0.092500016 -0.1961 0.77700001
0.090785734 -0.19559523 0.77500004
0.089309543 -0.19559523 0.77500004
0.087833352 -0.19559523 0.77500004
0.086357161 -0.19559523 0.77500004
0.08488097 -0.19559525 0.77500004
0.083404779 -0.19559525 0.77500004
0.081717163 -0.19509049 0.77300006
0.08024478 -0.19509049 0.77300006
0.078772396 -0.19509049 0.77300006
0.07730002 -0.19509049 0.77300006
0.075827636 -0.19509049 0.77300006
0.074355252 -0.19509049 0.77300006
0.073071443 -0.19559525 0.77500004
0.071780019 -0.19610001 0.77700001
0.07030002 -0.19610001 0.77700001
0.06899716 -0.19660477 0.77900004
0.067513354 -0.19660477 0.77900004
0.066453353 -0.19786668 0.78400004
0.065705732 -0.20013811 0.79300004
0.064357162 -0.20064287 0.79500002
0.06300097 -0.20114763 0.79700005
0.061482877 -0.20114763 0.79700005
0.059964783 -0.20114763 0.79700005
0.058520019 -0.20140001 0.79800004
0.057142876 -0.20190477 0.80000001
0.13942859 -0.20342857 0.80000001
0.13790478 -0.20342857 0.80000001
0.13604002 -0.20291999 0.79800004
0.13452002 -0.20291999 0.79800004
0.13300002 -0.20291999 0.79800004
0.13131526 -0.2026657 0.79700005
0.12882002 -0.20113999 0.79100001
0.12699145 -0.20063142 0.78900003
0.12532954 -0.20037714 0.78800005
0.12382859 -0.20037714 0.78800005
0.12232764 -0.20037714 0.78800005
0.12052002 -0.19986856 0.78600001
0.11902288 -0.19986856 0.78600001
0.11722668 -0.19936 0.78400004
0.11573336 -0.19936 0.78400004
0.11424002 -0.19936 0.78400004
0.11274669 -0.19936 0.78400004
0.11125335 -0.19936 0.78400004
0.10948002 -0.19885142 0.78200006
0.1079905 -0.19885142 0.78200006
0.1060924 -0.19808856 0.77900004
0.10434002 -0.19757999 0.77700001
0.10286002 -0.19757999 0.77700001
0.10138002 -0.19757999 0.77700001
0.099900022 -0.19757999 0.77700001
0.098166682 -0.19707142 0.77500004
0.096690498 -0.19707142 0.77500004
0.095214307 -0.19707142 0.77500004
0.093738116 -0.19707142 0.77500004
0.092261925 -0.19707142 0.77500004
0.090785734 -0.19707142 0.77500004
0.089079067 -0.19656286 0.77300006
0.087606683 -0.19656286 0.77300006
0.086134307 -0.19656286 0.77300006
0.08488097 -0.19707143 0.77500004
0.083404779 -0.19707143 0.77500004
0.081717163 -0.19656287 0.77300006
0.08024478 -0.19656287 0.77300006
0.078772396 -0.19656287 0.77300006
0.07730002 -0.19656287 0.77300006
0.075827636 -0.19656287 0.77300006
0.074355252 -0.19656287 0.77300006
0.073071443 -0.19707143 0.77500004
0.071595259 -0.19707143 0.77500004
0.07030002 -0.19758001 0.77700001
0.06899716 -0.19808857 0.77900004
0.067946687 -0.19936001 0.78400004
0.066792399 -0.20037715 0.78800005
0.065705732 -0.20164858 0.79300004
0.064357162 -0.20215715 0.79500002
0.062842876 -0.20215715 0.79500002
0.061482877 -0.20266572 0.79700005
0.059964783 -0.20266572 0.79700005
0.058520019 -0.20292 0.79800004
0.057142876 -0.20342858 0.80000001
0.13942859 -0.20495237 0.80000001
0.13790478 -0.20495237 0.80000001
0.13604002 -0.20444 0.79800004
0.13452002 -0.20444 0.79800004
0.13283335 -0.2041838 0.79700005
0.13131526 -0.2041838 0.79700005
0.12882002 -0.20264666 0.79100001
0.12731335 -0.20264666 0.79100001
0.12548859 -0.20213428 0.78900003
0.12398573 -0.20213428 0.78900003
0.12232764 -0.20187809 0.78800005
0.12052002 -0.20136571 0.78600001
0.11902288 -0.20136571 0.78600001
0.11722668 -0.20085333 0.78400004
0.11573336 -0.20085333 0.78400004
0.11424002 -0.20085333 0.78400004
0.11274669 -0.20085333 0.78400004
0.11096954 -0.20034094 0.78200006
0.10948002 -0.20034094 0.78200006
0.1079905 -0.20034094 0.78200006
0.1060924 -0.19957237 0.77900004
0.10434002 -0.19905999 0.77700001
0.10286002 -0.19905999 0.77700001
0.10138002 -0.19905999 0.77700001
0.099900022 -0.19905999 0.77700001
0.098166682 -0.19854762 0.77500004
0.096690498 -0.19854762 0.77500004
0.094968587 -0.19803523 0.77300006
0.093496211 -0.19803523 0.77300006
0.092023827 -0.19803523 0.77300006
0.090551443 -0.19803523 0.77300006
0.088963829 -0.19777904 0.77200001
0.087493353 -0.19777904 0.77200001
0.086022876 -0.19777904 0.77200001
0.0845524 -0.19777906 0.77200001
0.083081923 -0.19777906 0.77200001
0.081611447 -0.19777906 0.77200001
0.080140971 -0.19777906 0.77200001
0.078670494 -0.19777906 0.77200001
0.077200018 -0.19777906 0.77200001
0.075729541 -0.19777906 0.77200001
0.074355252 -0.19803524 0.77300006
0.072882876 -0.19803524 0.77300006
0.071595259 -0.19854763 0.77500004
0.070119068 -0.19854763 0.77500004
0.068820015 -0.19906001 0.77700001
0.06777335 -0.20034096 0.78200006
0.06628383 -0.20034096 0.78200006
0.0653743 -0.2021343 0.78900003
0.064195253 -0.20315905 0.79300004
0.062842876 -0.20367144 0.79500002
0.061482877 -0.20418382 0.79700005
0.059964783 -0.20418382 0.79700005
0.058520019 -0.20444001 0.79800004
0.057142876 -0.20495239 0.80000001
0.13908002 -0.20595999 0.79800004
0.13756002 -0.20595999 0.79800004
0.13604002 -0.20595999 0.79800004
0.13435145 -0.2057019 0.79700005
0.13283335 -0.2057019 0.79700005
0.13098574 -0.20518571 0.79500002
0.12882002 -0.20415333 0.79100001
0.12731335 -0.20415333 0.79100001
0.12548859 -0.20363714 0.78900003
0.12382859 -0.20337903 0.78800005
0.12232764 -0.20337903 0.78800005
0.12052002 -0.20286284 0.78600001
0.11872002 -0.20234665 0.78400004
0.11722668 -0.20234665 0.78400004
0.11573336 -0.20234665 0.78400004
0.11424002 -0.20234665 0.78400004
0.11245906 -0.20183046 0.78200006
0.11096954 -0.20183046 0.78200006
0.10948002 -0.20183046 0.78200006
0.1079905 -0.20183046 0.78200006
0.1060924 -0.20105618 0.77900004
0.10434002 -0.20053999 0.77700001
0.10286002 -0.20053999 0.77700001
0.10138002 -0.20053999 0.77700001
0.099900022 -0.20053999 0.77700001
0.098166682 -0.2000238 0.77500004
0.096690498 -0.2000238 0.77500004
0.094968587 -0.19950761 0.77300006
0.093496211 -0.19950761 0.77300006
0.092023827 -0.19950761 0.77300006
0.090551443 -0.19950761 0.77300006
0.088963829 -0.19924952 0.77200001
0.087493353 -0.19924952 0.77200001
0.086022876 -0.19924952 0.77200001
0.084333353 -0.19873334 0.77000004
0.082866684 -0.19873334 0.77000004
0.081611447 -0.19924954 0.77200001
0.080140971 -0.19924954 0.77200001
0.078670494 -0.19924954 0.77200001
0.077200018 -0.19924954 0.77200001
0.075729541 -0.19924954 0.77200001
0.074355252 -0.19950762 0.77300006
0.072788589 -0.19924954 0.77200001
0.071410492 -0.19950762 0.77300006
0.070119068 -0.20002382 0.77500004
0.068642877 -0.20002382 0.77500004
0.067166686 -0.20002382 0.77500004
0.066792399 -0.20337905 0.78800005
0.0653743 -0.20363715 0.78900003
0.064033352 -0.20415334 0.79100001
0.062684782 -0.20466954 0.79300004
0.061174307 -0.20466954 0.79300004
0.059964783 -0.20570192 0.79700005
0.058520019 -0.20596001 0.79800004
0.057142876 -0.2064762 0.80000001
0.055619068 -0.2064762 0.80000001
0.054095257 -0.2064762 0.80000001
0.13942859 -0.20799999 0.80000001
0.13756002 -0.20748 0.79800004
0.13604002 -0.20748 0.79800004
0.13435145 -0.20721999 0.79700005
0.13283335 -0.20721999 0.79700005
0.13098574 -0.2067 0.79500002
0.12882002 -0.20565999 0.79100001
0.12699145 -0.20513999 0.78900003
0.12532954 -0.20488 0.78800005
0.12382859 -0.20488 0.78800005
0.12201716 -0.20435999 0.78600001
0.12052002 -0.20435999 0.78600001
0.11872002 -0.20383999 0.78400004
0.11722668 -0.20383999 0.78400004
0.11543811 -0.20332 0.78200006
0.11394859 -0.20332 0.78200006
0.11245906 -0.20332 0.78200006
0.11096954 -0.20332 0.78200006
0.10920002 -0.20279999 0.78000003
0.1077143 -0.20279999 0.78000003
0.1060924 -0.20254 0.77900004
0.10434002 -0.20201999 0.77700001
0.10286002 -0.20201999 0.77700001
0.10138002 -0.20201999 0.77700001
0.099642873 -0.2015 0.77500004
0.098166682 -0.2015 0.77500004
0.096690498 -0.2015 0.77500004
0.094968587 -0.20097999 0.77300006
0.093375258 -0.20072 0.77200001
0.091904782 -0.20072 0.77200001
0.090434305 -0.20072 0.77200001
0.088733353 -0.20019999 0.77000004
0.087266684 -0.20019999 0.77000004
0.085800014 -0.20019999 0.77000004
0.084333353 -0.20020001 0.77000004
0.082866684 -0.20020001 0.77000004
0.081611447 -0.20072001 0.77200001
0.080140971 -0.20072001 0.77200001
0.078670494 -0.20072001 0.77200001
0.077200018 -0.20072001 0.77200001
0.075729541 -0.20072001 0.77200001
0.074355252 -0.20098001 0.77300006
0.072788589 -0.20072001 0.77200001
0.071410492 -0.20098001 0.77300006
0.070119068 -0.20150001 0.77500004
0.068642877 -0.20150001 0.77500004
0.067166686 -0.20150001 0.77500004
0.066877156 -0.20514001 0.78900003
0.065540016 -0.20566 0.79100001
0.064195253 -0.20618001 0.79300004
0.062842876 -0.20670001 0.79500002
0.061482877 -0.20722 0.79700005
0.059964783 -0.20722 0.79700005
0.058520019 -0.20748001 0.79800004
0.057000022 -0.20748001 0.79800004
0.055619068 -0.208 0.80000001
0.13942859 -0.2095238 0.80000001
0.13756002 -0.20899999 0.79800004
0.13604002 -0.20899999 0.79800004
0.13452002 -0.20899999 0.79800004
0.13283335 -0.20873809 0.79700005
0.13098574 -0.20821428 0.79500002
0.12882002 -0.20716666 0.79100001
0.12699145 -0.20664285 0.78900003
0.12532954 -0.20638095 0.78800005
0.12382859 -0.20638095 0.78800005
0.12201716 -0.20585714 0.78600001
0.12021335 -0.20533332 0.78400004
0.11872002 -0.20533332 0.78400004
0.11692764 -0.20480952 0.78200006
0.11543811 -0.20480952 0.78200006
0.11394859 -0.20480952 0.78200006
0.11245906 -0.20480952 0.78200006
0.11096954 -0.20480952 0.78200006
0.10948002 -0.20480952 0.78200006
0.1077143 -0.20428571 0.78000003
0.1060924 -0.20402381 0.77900004
0.10434002 -0.20349999 0.77700001
0.10286002 -0.20349999 0.77700001
0.10111906 -0.20297618 0.77500004
0.099642873 -0.20297618 0.77500004
0.098166682 -0.20297618 0.77500004
0.096440971 -0.20245238 0.77300006
0.094968587 -0.20245238 0.77300006
0.093375258 -0.20219047 0.77200001
0.091904782 -0.20219047 0.77200001
0.090200022 -0.20166665 0.77000004
0.088733353 -0.20166665 0.77000004
0.087266684 -0.20166665 0.77000004
0.085800014 -0.20166665 0.77000004
0.084333353 -0.20166667 0.77000004
0.082866684 -0.20166667 0.77000004
0.081400014 -0.20166667 0.77000004
0.080140971 -0.20219049 0.77200001
0.078670494 -0.20219049 0.77200001
0.077200018 -0.20219049 0.77200001
0.075827636 -0.20245239 0.77300006
0.074355252 -0.20245239 0.77300006
0.072882876 -0.20245239 0.77300006
0.071410492 -0.20245239 0.77300006
0.070119068 -0.2029762 0.77500004
0.068820015 -0.2035 0.77700001
0.067340016 -0.2035 0.77700001
0.066877156 -0.20664287 0.78900003
0.065705732 -0.20769048 0.79300004
0.064195253 -0.20769048 0.79300004
0.062842876 -0.2082143 0.79500002
0.061482877 -0.2087381 0.79700005
0.059964783 -0.2087381 0.79700005
0.058446687 -0.2087381 0.79700005
0.057000022 -0.20900001 0.79800004
0.055480022 -0.20900001 0.79800004
0.14095241 -0.2110476 0.80000001
0.13942859 -0.2110476 0.80000001
0.13756002 -0.21052 0.79800004
0.13604002 -0.21052 0.79800004
0.13452002 -0.21052 0.79800004
0.13283335 -0.21025619 0.79700005
0.13098574 -0.20972857 0.79500002
0.12882002 -0.20867333 0.79100001
0.12699145 -0.20814571 0.78900003
0.12532954 -0.2078819 0.78800005
0.1235143 -0.20735428 0.78600001
0.12170669 -0.20682666 0.78400004
0.12021335 -0.20682666 0.78400004
0.11841716 -0.20629904 0.78200006
0.11692764 -0.20629904 0.78200006
0.11543811 -0.20629904 0.78200006
0.11394859 -0.20629904 0.78200006
0.11245906 -0.20629904 0.78200006
0.11096954 -0.20629904 0.78200006
0.10948002 -0.20629904 0.78200006
0.1079905 -0.20629904 0.78200006
0.1060924 -0.20550761 0.77900004
0.10434002 -0.20497999 0.77700001
0.10286002 -0.20497999 0.77700001
0.10111906 -0.20445238 0.77500004
0.099642873 -0.20445238 0.77500004
0.098166682 -0.20445238 0.77500004
0.096440971 -0.20392476 0.77300006
0.094845735 -0.20366095 0.77200001
0.093375258 -0.20366095 0.77200001
0.091904782 -0.20366095 0.77200001
0.090200022 -0.20313333 0.77000004
0.088733353 -0.20313333 0.77000004
0.087266684 -0.20313333 0.77000004
0.085800014 -0.20313333 0.77000004
0.084333353 -0.20313334 0.77000004
0.082866684 -0.20313334 0.77000004
0.081400014 -0.20313334 0.77000004
0.080140971 -0.20366096 0.77200001
0.078670494 -0.20366096 0.77200001
0.077200018 -0.20366096 0.77200001
0.075729541 -0.20366096 0.77200001
0.074355252 -0.20392478 0.77300006
0.072882876 -0.20392478 0.77300006
0.071410492 -0.20392478 0.77300006
0.070119068 -0.2044524 0.77500004
0.068642877 -0.2044524 0.77500004
0.067946687 -0.20682667 0.78400004
0.067046687 -0.20867334 0.79100001
0.065705732 -0.20920096 0.79300004
0.064195253 -0.20920096 0.79300004
0.06300097 -0.2102562 0.79700005
0.061482877 -0.2102562 0.79700005
0.059964783 -0.2102562 0.79700005
0.058446687 -0.2102562 0.79700005
0.057000022 -0.21052001 0.79800004
0.055480022 -0.21052001 0.79800004
0.054095257 -0.21104762 0.80000001
0.052571449 -0.21104762 0.80000001
0.14095241 -0.21257143 0.80000001
0.13908002 -0.21203999 0.79800004
0.13738763 -0.21177427 0.79700005
0.13586955 -0.21177427 0.79700005
0.13435145 -0.21177427 0.79700005
0.13283335 -0.21177427 0.79700005
0.13065621 -0.21071142 0.79300004
0.12849431 -0.20964856 0.78900003
0.12683049 -0.20938285 0.78800005
0.12501144 -0.20885143 0.78600001
0.1235143 -0.20885143 0.78600001
0.12170669 -0.20831999 0.78400004
0.12021335 -0.20831999 0.78400004
0.11841716 -0.20778856 0.78200006
0.11692764 -0.20778856 0.78200006
0.11543811 -0.20778856 0.78200006
0.11394859 -0.20778856 0.78200006
0.11217145 -0.20725714 0.78000003
0.11068574 -0.20725714 0.78000003
0.10920002 -0.20725714 0.78000003
0.1077143 -0.20725714 0.78000003
0.1060924 -0.20699142 0.77900004
0.10434002 -0.20646 0.77700001
0.10286002 -0.20646 0.77700001
0.10111906 -0.20592856 0.77500004
0.099642873 -0.20592856 0.77500004
0.098166682 -0.20592856 0.77500004
0.096440971 -0.20539713 0.77300006
0.094845735 -0.20513143 0.77200001
0.093375258 -0.20513143 0.77200001
0.091904782 -0.20513143 0.77200001
0.090200022 -0.20459999 0.77000004
0.088733353 -0.20459999 0.77000004
0.087266684 -0.20459999 0.77000004
0.085800014 -0.20459999 0.77000004
0.084333353 -0.20460001 0.77000004
0.082866684 -0.20460001 0.77000004
0.081400014 -0.20460001 0.77000004
0.079933353 -0.20460001 0.77000004
0.078670494 -0.20513144 0.77200001
0.077200018 -0.20513144 0.77200001
0.075729541 -0.20513144 0.77200001
0.074547634 -0.20592858 0.77500004
0.072882876 -0.20539714 0.77300006
0.071595259 -0.20592858 0.77500004
0.07030002 -0.20646001 0.77700001
0.06899716 -0.20699143 0.77900004
0.067513354 -0.20699143 0.77900004
0.066877156 -0.20964858 0.78900003
0.065705732 -0.21071143 0.79300004
0.064357162 -0.21124287 0.79500002
0.06300097 -0.21177429 0.79700005
0.061482877 -0.21177429 0.79700005
0.060040019 -0.21204001 0.79800004
0.058520019 -0.21204001 0.79800004
0.057000022 -0.21204001 0.79800004
0.055480022 -0.21204001 0.79800004
0.053960022 -0.21204001 0.79800004
0.052571449 -0.21257144 0.80000001
0.14247622 -0.21409523 0.80000001
0.14060003 -0.21356 0.79800004
0.13890573 -0.21329238 0.79700005
0.13738763 -0.21329238 0.79700005
0.13586955 -0.21329238 0.79700005
0.13401431 -0.21275714 0.79500002
0.13250002 -0.21275714 0.79500002
0.13065621 -0.21222189 0.79300004
0.12849431 -0.21115142 0.78900003
0.12699145 -0.21115142 0.78900003
0.12501144 -0.21034856 0.78600001
0.1235143 -0.21034856 0.78600001
0.12170669 -0.20981333 0.78400004
0.12021335 -0.20981333 0.78400004
0.11841716 -0.20927809 0.78200006
0.11692764 -0.20927809 0.78200006
0.11543811 -0.20927809 0.78200006
0.11365716 -0.20874286 0.78000003
0.11217145 -0.20874286 0.78000003
0.11054383 -0.20847523 0.77900004
0.10906002 -0.20847523 0.77900004
0.1077143 -0.20874286 0.78000003
0.10582002 -0.20794 0.77700001
0.10434002 -0.20794 0.77700001
0.10259525 -0.20740475 0.77500004
0.10111906 -0.20740475 0.77500004
0.099642873 -0.20740475 0.77500004
0.098166682 -0.20740475 0.77500004
0.096440971 -0.20686951 0.77300006
0.094845735 -0.2066019 0.77200001
0.093133353 -0.20606665 0.77000004
0.091904782 -0.2066019 0.77200001
0.090200022 -0.20606665 0.77000004
0.088733353 -0.20606665 0.77000004
0.087266684 -0.20606665 0.77000004
0.085800014 -0.20606665 0.77000004
0.084333353 -0.20606667 0.77000004
0.082866684 -0.20606667 0.77000004
0.081400014 -0.20606667 0.77000004
0.080140971 -0.20660192 0.77200001
0.078670494 -0.20660192 0.77200001
0.077200018 -0.20660192 0.77200001
0.075729541 -0.20660192 0.77200001
0.074547634 -0.20740476 0.77500004
0.073071443 -0.20740476 0.77500004
0.071595259 -0.20740476 0.77500004
0.070480973 -0.20847525 0.77900004
0.069262877 -0.20927811 0.78200006
0.068293348 -0.21088381 0.78800005
0.067046687 -0.21168667 0.79100001
0.065705732 -0.21222191 0.79300004
0.064357162 -0.21275716 0.79500002
0.063000977 -0.21329239 0.79700005
0.06156002 -0.21356001 0.79800004
0.060040019 -0.21356001 0.79800004
0.058520019 -0.21356001 0.79800004
0.057000022 -0.21356001 0.79800004
0.055480022 -0.21356001 0.79800004
0.053960022 -0.21356001 0.79800004
0.14247622 -0.21561904 0.80000001
0.14060003 -0.21507999 0.79800004
0.13890573 -0.21481048 0.79700005
0.13738763 -0.21481048 0.79700005
0.13552859 -0.21427143 0.79500002
0.13367717 -0.21373238 0.79300004
0.13216668 -0.21373238 0.79300004
0.13032669 -0.21319333 0.79100001
0.12849431 -0.21265428 0.78900003
0.12683049 -0.21238476 0.78800005
0.12501144 -0.21184571 0.78600001
0.12320002 -0.21130666 0.78400004
0.12170669 -0.21130666 0.78400004
0.11990669 -0.21076761 0.78200006
0.11841716 -0.21076761 0.78200006
0.11692764 -0.21076761 0.78200006
0.11543811 -0.21076761 0.78200006
0.11365716 -0.21022856 0.78000003
0.11217145 -0.21022856 0.78000003
0.11068574 -0.21022856 0.78000003
0.10920002 -0.21022856 0.78000003
0.1077143 -0.21022856 0.78000003
0.10582002 -0.20942 0.77700001
0.10407145 -0.20888095 0.77500004
0.10259525 -0.20888095 0.77500004
0.10111906 -0.20888095 0.77500004
0.099642873 -0.20888095 0.77500004
0.098166682 -0.20888095 0.77500004
0.096440971 -0.2083419 0.77300006
0.094845735 -0.20807238 0.77200001
0.093375258 -0.20807238 0.77200001
0.091904782 -0.20807238 0.77200001
0.090200022 -0.20753333 0.77000004
0.088733353 -0.20753333 0.77000004
0.087266684 -0.20753333 0.77000004
0.085800014 -0.20753333 0.77000004
0.084333353 -0.20753334 0.77000004
0.082866684 -0.20753334 0.77000004
0.081400014 -0.20753334 0.77000004
0.080140971 -0.20807239 0.77200001
0.078772396 -0.20834191 0.77300006
0.07730002 -0.20834191 0.77300006
0.076023825 -0.20888096 0.77500004
0.074547634 -0.20888096 0.77500004
0.073071443 -0.20888096 0.77500004
0.071780019 -0.20942001 0.77700001
0.070480973 -0.20995906 0.77900004
0.069262877 -0.21076763 0.78200006
0.068293348 -0.21238478 0.78800005
0.067046694 -0.21319334 0.79100001
0.065871455 -0.21427144 0.79500002
0.064357169 -0.21427144 0.79500002
0.063000977 -0.21481049 0.79700005
0.06156002 -0.21508001 0.79800004
0.060040019 -0.21508001 0.79800004
0.058520019 -0.21508001 0.79800004
0.057000022 -0.21508001 0.79800004
0.14552383 -0.21714285 0.80000001
0.14400002 -0.21714285 0.80000001
0.14247622 -0.21714285 0.80000001
0.14060003 -0.21659999 0.79800004
0.13890573 -0.21632856 0.79700005
0.13704288 -0.21578571 0.79500002
0.13552859 -0.21578571 0.79500002
0.13367717 -0.21524285 0.79300004
0.13183336 -0.2147 0.79100001
0.13032669 -0.2147 0.79100001
0.12849431 -0.21415713 0.78900003
0.12683049 -0.21388571 0.78800005
0.12501144 -0.21334285 0.78600001
0.12320002 -0.2128 0.78400004
0.12170669 -0.2128 0.78400004
0.11990669 -0.21225713 0.78200006
0.11841716 -0.21225713 0.78200006
0.11692764 -0.21225713 0.78200006
0.11543811 -0.21225713 0.78200006
0.11394859 -0.21225713 0.78200006
0.11217145 -0.21171428 0.78000003
0.11054383 -0.21144284 0.77900004
0.10920002 -0.21171428 0.78000003
0.10730002 -0.21089999 0.77700001
0.10554764 -0.21035713 0.77500004
0.10407145 -0.21035713 0.77500004
0.10259525 -0.21035713 0.77500004
0.10111906 -0.21035713 0.77500004
0.099642873 -0.21035713 0.77500004
0.098166682 -0.21035713 0.77500004
0.096440971 -0.20981428 0.77300006
0.094845735 -0.20954286 0.77200001
0.093375258 -0.20954286 0.77200001
0.091904782 -0.20954286 0.77200001
0.090200022 -0.20899999 0.77000004
0.088733353 -0.20899999 0.77000004
0.087266684 -0.20899999 0.77000004
0.085800014 -0.20899999 0.77000004
0.084333353 -0.20900001 0.77000004
0.082866684 -0.20900001 0.77000004
0.081400014 -0.20900001 0.77000004
0.080140971 -0.20954287 0.77200001
0.078772396 -0.2098143 0.77300006
0.07730002 -0.2098143 0.77300006
0.076023825 -0.21035714 0.77500004
0.074547634 -0.21035714 0.77500004
0.073260017 -0.21090001 0.77700001
0.071964778 -0.21144286 0.77900004
0.070571445 -0.2117143 0.78000003
0.069262877 -0.21225715 0.78200006
0.068293355 -0.21388572 0.78800005
0.067216218 -0.21524286 0.79300004
0.065871455 -0.21578573 0.79500002
0.06451907 -0.21632858 0.79700005
0.063080028 -0.2166 0.79800004
0.061714306 -0.21714287 0.80000001
0.060190499 -0.21714287 0.80000001
0.058520019 -0.2166 0.79800004
0.057000022 -0.2166 0.79800004
0.14552383 -0.21866666 0.80000001
0.14400002 -0.21866666 0.80000001
0.14212002 -0.21811999 0.79800004
0.14042383 -0.21784666 0.79700005
0.13855717 -0.2173 0.79500002
0.13704288 -0.2173 0.79500002
0.13518764 -0.21675333 0.79300004
0.13367717 -0.21675333 0.79300004
0.13183336 -0.21620665 0.79100001
0.12999716 -0.21565999 0.78900003
0.12833145 -0.21538666 0.78800005
0.12650859 -0.21483999 0.78600001
0.12501144 -0.21483999 0.78600001
0.12320003 -0.21429333 0.78400004
0.12139621 -0.21374667 0.78200006
0.11990669 -0.21374667 0.78200006
0.11841717 -0.21374667 0.78200006
0.11692765 -0.21374667 0.78200006
0.11543812 -0.21374667 0.78200006
0.1139486 -0.21374667 0.78200006
0.11217146 -0.21319999 0.78000003
0.11054383 -0.21292666 0.77900004
0.10906002 -0.21292666 0.77900004
0.10730002 -0.21237999 0.77700001
0.10554764 -0.21183333 0.77500004
0.10407145 -0.21183333 0.77500004
0.10259525 -0.21183333 0.77500004
0.10111906 -0.21183333 0.77500004
0.099642873 -0.21183333 0.77500004
0.098166682 -0.21183333 0.77500004
0.096440971 -0.21128666 0.77300006
0.094845735 -0.21101333 0.77200001
0.093375258 -0.21101333 0.77200001
0.091904782 -0.21101333 0.77200001
0.090200022 -0.21046665 0.77000004
0.088733353 -0.21046665 0.77000004
0.087266684 -0.21046665 0.77000004
0.085800014 -0.21046665 0.77000004
0.084333353 -0.21046667 0.77000004
0.083081923 -0.21101335 0.77200001
0.081400014 -0.21046667 0.77000004
0.080140971 -0.21101335 0.77200001
0.078772396 -0.21128668 0.77300006
0.077500015 -0.21183334 0.77500004
0.076023825 -0.21183334 0.77500004
0.074547634 -0.21183334 0.77500004
0.073260017 -0.21238001 0.77700001
0.071964778 -0.21292667 0.77900004
0.070571452 -0.2132 0.78000003
0.069262885 -0.21374668 0.78200006
0.068120025 -0.21484001 0.78600001
0.067046694 -0.21620667 0.79100001
0.065871455 -0.21730001 0.79500002
0.06451907 -0.21784668 0.79700005
0.063080028 -0.21812001 0.79800004
0.06156002 -0.21812001 0.79800004
0.060190499 -0.21866667 0.80000001
0.058666687 -0.21866667 0.80000001
0.057142876 -0.21866667 0.80000001
0.14516002 -0.21963999 0.79800004
0.14364003 -0.21963999 0.79800004
0.14194192 -0.21936476 0.79700005
0.14007145 -0.21881428 0.79500002
0.1382086 -0.2182638 0.79300004
0.13669811 -0.2182638 0.79300004
0.13484669 -0.21771333 0.79100001
0.13334002 -0.21771333 0.79100001
0.13150002 -0.21716285 0.78900003
0.12999716 -0.21716285 0.78900003
0.12833145 -0.21688761 0.78800005
0.12650859 -0.21633713 0.78600001
0.12501144 -0.21633713 0.78600001
0.12320003 -0.21578667 0.78400004
0.12139621 -0.21523619 0.78200006
0.11990669 -0.21523619 0.78200006
0.11841717 -0.21523619 0.78200006
0.11692765 -0.21523619 0.78200006
0.11543812 -0.21523619 0.78200006
0.1139486 -0.21523619 0.78200006
0.11217146 -0.21468571 0.78000003
0.11054384 -0.21441047 0.77900004
0.10906003 -0.21441047 0.77900004
0.10730003 -0.21385999 0.77700001
0.10582002 -0.21385999 0.77700001
0.10407145 -0.21330951 0.77500004
0.10259526 -0.21330951 0.77500004
0.10111907 -0.21330951 0.77500004
0.09964288 -0.21330951 0.77500004
0.098166689 -0.21330951 0.77500004
0.096690506 -0.21330951 0.77500004
0.094968587 -0.21275905 0.77300006
0.093375258 -0.21248381 0.77200001
0.091904782 -0.21248381 0.77200001
0.090434305 -0.21248381 0.77200001
0.088733353 -0.21193333 0.77000004
0.087266684 -0.21193333 0.77000004
0.085800014 -0.21193333 0.77000004
0.0845524 -0.21248382 0.77200001
0.083081923 -0.21248382 0.77200001
0.081400014 -0.21193334 0.77000004
0.080140971 -0.21248382 0.77200001
0.078772396 -0.21275906 0.77300006
0.077500023 -0.21330953 0.77500004
0.076023832 -0.21330953 0.77500004
0.074547641 -0.21330953 0.77500004
0.073260024 -0.21386001 0.77700001
0.071964785 -0.21441048 0.77900004
0.07048098 -0.21441048 0.77900004
0.069262885 -0.2152362 0.78200006
0.068120025 -0.21633714 0.78600001
0.067046694 -0.21771334 0.79100001
0.065871455 -0.2188143 0.79500002
0.06451907 -0.21936478 0.79700005
0.063080028 -0.21964 0.79800004
0.061714306 -0.22019048 0.80000001
0.060190499 -0.22019048 0.80000001
0.057142876 -0.22019048 0.80000001
0.15009525 -0.22171427 0.80000001
0.14516002 -0.22115999 0.79800004
0.14364003 -0.22115999 0.79800004
0.14194192 -0.22088285 0.79700005
0.13971907 -0.21977428 0.79300004
0.13786002 -0.21922 0.79100001
0.13635336 -0.21922 0.79100001
0.13484669 -0.21922 0.79100001
0.13300288 -0.2186657 0.78900003
0.13150002 -0.2186657 0.78900003
0.1298324 -0.21838856 0.78800005
0.12800573 -0.21783428 0.78600001
0.12650859 -0.21783428 0.78600001
0.12469336 -0.21728 0.78400004
0.12288574 -0.21672571 0.78200006
0.12139621 -0.21672571 0.78200006
0.11990669 -0.21672571 0.78200006
0.11841717 -0.21672571 0.78200006
0.11692765 -0.21672571 0.78200006
0.11514288 -0.21617143 0.78000003
0.11365717 -0.21617143 0.78000003
0.11217146 -0.21617143 0.78000003
0.11054384 -0.21589428 0.77900004
0.10906003 -0.21589428 0.77900004
0.10730003 -0.21533999 0.77700001
0.10554764 -0.21478571 0.77500004
0.10407145 -0.21478571 0.77500004
0.10259526 -0.21478571 0.77500004
0.10111907 -0.21478571 0.77500004
0.09964288 -0.21478571 0.77500004
0.098166689 -0.21478571 0.77500004
0.096690506 -0.21478571 0.77500004
0.094968595 -0.21423142 0.77300006
0.093375266 -0.21395428 0.77200001
0.091904789 -0.21395428 0.77200001
0.090200029 -0.21339999 0.77000004
0.08873336 -0.21339999 0.77000004
0.087266691 -0.21339999 0.77000004
0.085800022 -0.21339999 0.77000004
0.08433336 -0.21340001 0.77000004
0.083081931 -0.2139543 0.77200001
0.081611454 -0.2139543 0.77200001
0.080140978 -0.2139543 0.77200001
0.078772403 -0.21423143 0.77300006
0.077300027 -0.21423143 0.77300006
0.076023832 -0.21478572 0.77500004
0.074547641 -0.21478572 0.77500004
0.07307145 -0.21478572 0.77500004
0.071780026 -0.21534 0.77700001
0.07048098 -0.2158943 0.77900004
0.06908574 -0.21617144 0.78000003
0.068293355 -0.21838857 0.78800005
0.067385741 -0.22032858 0.79500002
0.066037171 -0.22088286 0.79700005
0.06451907 -0.22088286 0.79700005
0.063080028 -0.22116001 0.79800004
0.15314288 -0.2232381 0.80000001
0.15161906 -0.2232381 0.80000001
0.14972001 -0.22267999 0.79800004
0.14820002 -0.22267999 0.79800004
0.14668003 -0.22267999 0.79800004
0.14497812 -0.22240095 0.79700005
0.14346002 -0.22240095 0.79700005
0.14122954 -0.22128476 0.79300004
0.13971907 -0.22128476 0.79300004
0.13786002 -0.22072665 0.79100001
0.13600859 -0.22016856 0.78900003
0.13450573 -0.22016856 0.78900003
0.13300288 -0.22016856 0.78900003
0.13133335 -0.21988952 0.78800005
0.1298324 -0.21988952 0.78800005
0.12800573 -0.21933143 0.78600001
0.12618668 -0.21877332 0.78400004
0.12469336 -0.21877332 0.78400004
0.12320003 -0.21877332 0.78400004
0.12170669 -0.21877332 0.78400004
0.11990669 -0.21821523 0.78200006
0.11841717 -0.21821523 0.78200006
0.11692765 -0.21821523 0.78200006
0.11543812 -0.21821523 0.78200006
0.11365717 -0.21765713 0.78000003
0.11217146 -0.21765713 0.78000003
0.11068574 -0.21765713 0.78000003
0.10906003 -0.21737809 0.77900004
0.10730003 -0.21681999 0.77700001
0.10554764 -0.21626189 0.77500004
0.10407145 -0.21626189 0.77500004
0.10259526 -0.21626189 0.77500004
0.10111907 -0.21626189 0.77500004
0.09964288 -0.21626189 0.77500004
0.098166689 -0.21626189 0.77500004
0.096690506 -0.21626189 0.77500004
0.094968595 -0.2157038 0.77300006
0.093375266 -0.21542476 0.77200001
0.091904789 -0.21542476 0.77200001
0.090434313 -0.21542476 0.77200001
0.08873336 -0.21486665 0.77000004
0.08749336 -0.21542476 0.77200001
0.085800022 -0.21486665 0.77000004
0.084552407 -0.21542478 0.77200001
0.083081931 -0.21542478 0.77200001
0.081611454 -0.21542478 0.77200001
0.080140978 -0.21542478 0.77200001
0.078772403 -0.21570382 0.77300006
0.077300027 -0.21570382 0.77300006
0.076023832 -0.21626191 0.77500004
0.074547641 -0.21626191 0.77500004
0.07307145 -0.21626191 0.77500004
0.071780026 -0.21682 0.77700001
0.07048098 -0.21737811 0.77900004
0.068997167 -0.21737811 0.77900004
0.068726689 -0.22128478 0.79300004
0.067555264 -0.22240096 0.79700005
0.066037171 -0.22240096 0.79700005
0.06451907 -0.22240096 0.79700005
0.063080028 -0.22268 0.79800004
0.061714306 -0.22323811 0.80000001
0.15276001 -0.2242 0.79800004
0.15124002 -0.2242 0.79800004
0.14972001 -0.2242 0.79800004
0.14820002 -0.2242 0.79800004
0.14668003 -0.2242 0.79800004
0.14497812 -0.22391903 0.79700005
0.14346002 -0.22391903 0.79700005
0.14122954 -0.22279523 0.79300004
0.13936669 -0.22223333 0.79100001
0.13751145 -0.22167142 0.78900003
0.13600859 -0.22167142 0.78900003
0.13433526 -0.22139047 0.78800005
0.13249716 -0.22082856 0.78600001
0.13100003 -0.22082856 0.78600001
0.12950288 -0.22082856 0.78600001
0.12800573 -0.22082856 0.78600001
0.12618668 -0.22026666 0.78400004
0.12469336 -0.22026666 0.78400004
0.12320003 -0.22026666 0.78400004
0.12170669 -0.22026666 0.78400004
0.11990669 -0.21970476 0.78200006
0.11841717 -0.21970476 0.78200006
0.11692765 -0.21970476 0.78200006
0.11514288 -0.21914285 0.78000003
0.11365717 -0.21914285 0.78000003
0.11217146 -0.21914285 0.78000003
0.11054384 -0.21886189 0.77900004
0.10906003 -0.21886189 0.77900004
0.10730003 -0.2183 0.77700001
0.10582002 -0.2183 0.77700001
0.10434002 -0.2183 0.77700001
0.10259526 -0.21773809 0.77500004
0.10111907 -0.21773809 0.77500004
0.09964288 -0.21773809 0.77500004
0.098166689 -0.21773809 0.77500004
0.096690506 -0.21773809 0.77500004
0.094968595 -0.21717618 0.77300006
0.093496218 -0.21717618 0.77300006
0.091904789 -0.21689524 0.77200001
0.090434313 -0.21689524 0.77200001
0.088963836 -0.21689524 0.77200001
0.08749336 -0.21689524 0.77200001
0.085800022 -0.21633333 0.77000004
0.084552407 -0.21689525 0.77200001
0.083081931 -0.21689525 0.77200001
0.081611454 -0.21689525 0.77200001
0.080140978 -0.21689525 0.77200001
0.078772403 -0.2171762 0.77300006
0.077300027 -0.2171762 0.77300006
0.076023832 -0.21773811 0.77500004
0.074547641 -0.21773811 0.77500004
0.07307145 -0.21773811 0.77500004
0.071780026 -0.21830001 0.77700001
0.070300028 -0.21830001 0.77700001
0.068820022 -0.21830001 0.77700001
0.068900026 -0.22335716 0.79500002
0.067555264 -0.22391905 0.79700005
0.066037171 -0.22391905 0.79700005
0.06451907 -0.22391905 0.79700005
0.063080028 -0.22420001 0.79800004
0.061714306 -0.22476192 0.80000001
0.15276001 -0.22571999 0.79800004
0.15124002 -0.22571999 0.79800004
0.14972001 -0.22571999 0.79800004
0.14801431 -0.22543713 0.79700005
0.14649621 -0.22543713 0.79700005
0.14461431 -0.22487143 0.79500002
0.14310002 -0.22487143 0.79500002
0.14087336 -0.22374 0.79100001
0.1390143 -0.22317427 0.78900003
0.13751145 -0.22317427 0.78900003
0.13583621 -0.22289142 0.78800005
0.13399431 -0.22232571 0.78600001
0.13249716 -0.22232571 0.78600001
0.13100003 -0.22232571 0.78600001
0.12950288 -0.22232571 0.78600001
0.12800573 -0.22232571 0.78600001
0.12618668 -0.22175999 0.78400004
0.12469336 -0.22175999 0.78400004
0.12288574 -0.22119428 0.78200006
0.12139621 -0.22119428 0.78200006
0.11990669 -0.22119428 0.78200006
0.11811431 -0.22062856 0.78000003
0.11662859 -0.22062856 0.78000003
0.11499526 -0.22034571 0.77900004
0.11351146 -0.22034571 0.77900004
0.11202765 -0.22034571 0.77900004
0.11054384 -0.22034571 0.77900004
0.10878003 -0.21978 0.77700001
0.10730003 -0.21978 0.77700001
0.10582002 -0.21978 0.77700001
0.10434002 -0.21978 0.77700001
0.10259526 -0.21921428 0.77500004
0.10111907 -0.21921428 0.77500004
0.09964288 -0.21921428 0.77500004
0.098166689 -0.21921428 0.77500004
0.096690506 -0.21921428 0.77500004
0.095214315 -0.21921428 0.77500004
0.093496218 -0.21864857 0.77300006
0.091904789 -0.21836571 0.77200001
0.090434313 -0.21836571 0.77200001
0.088963836 -0.21836571 0.77200001
0.08749336 -0.21836571 0.77200001
0.085800022 -0.21779999 0.77000004
0.084552407 -0.21836573 0.77200001
0.083081931 -0.21836573 0.77200001
0.081611454 -0.21836573 0.77200001
0.080140978 -0.21836573 0.77200001
0.078772403 -0.21864858 0.77300006
0.077300027 -0.21864858 0.77300006
0.076023832 -0.21921429 0.77500004
0.074547641 -0.21921429 0.77500004
0.07307145 -0.21921429 0.77500004
0.071595266 -0.21921429 0.77500004
0.070300028 -0.21978001 0.77700001
0.068820022 -0.21978001 0.77700001
0.067340024 -0.21978001 0.77700001
0.067809552 -0.22628573 0.80000001
0.066120028 -0.22572 0.79800004
0.064600028 -0.22572 0.79800004
0.063238122 -0.22628573 0.80000001
0.15276001 -0.22724 0.79800004
0.15124002 -0.22724 0.79800004
0.14953241 -0.22695524 0.79700005
0.14801431 -0.22695524 0.79700005
0.14649621 -0.22695524 0.79700005
0.14461431 -0.22638571 0.79500002
0.14310002 -0.22638571 0.79500002
0.14087336 -0.22524665 0.79100001
0.1390143 -0.22467713 0.78900003
0.13751145 -0.22467713 0.78900003
0.13583621 -0.22439237 0.78800005
0.13399431 -0.22382285 0.78600001
0.13216002 -0.22325332 0.78400004
0.13066669 -0.22325332 0.78400004
0.12917335 -0.22325332 0.78400004
0.12768002 -0.22325332 0.78400004
0.12618668 -0.22325332 0.78400004
0.12469336 -0.22325332 0.78400004
0.12288574 -0.2226838 0.78200006
0.12139621 -0.2226838 0.78200006
0.11990669 -0.2226838 0.78200006
0.11811431 -0.22211428 0.78000003
0.11662859 -0.22211428 0.78000003
0.11499526 -0.22182952 0.77900004
0.11351146 -0.22182952 0.77900004
0.11202765 -0.22182952 0.77900004
0.11026002 -0.22126 0.77700001
0.10878003 -0.22126 0.77700001
0.10730003 -0.22126 0.77700001
0.10582002 -0.22126 0.77700001
0.10434002 -0.22126 0.77700001
0.10259526 -0.22069047 0.77500004
0.10111907 -0.22069047 0.77500004
0.09964288 -0.22069047 0.77500004
0.098166689 -0.22069047 0.77500004
0.096690506 -0.22069047 0.77500004
0.095214315 -0.22069047 0.77500004
0.093496218 -0.22012095 0.77300006
0.092023835 -0.22012095 0.77300006
0.090551451 -0.22012095 0.77300006
0.088963836 -0.21983619 0.77200001
0.08749336 -0.21983619 0.77200001
0.086022884 -0.21983619 0.77200001
0.084552407 -0.21983621 0.77200001
0.083081931 -0.21983621 0.77200001
0.081611454 -0.21983621 0.77200001
0.080140978 -0.21983621 0.77200001
0.078772403 -0.22012097 0.77300006
0.077300027 -0.22012097 0.77300006
0.076023832 -0.22069049 0.77500004
0.074547641 -0.22069049 0.77500004
0.07307145 -0.22069049 0.77500004
0.071595266 -0.22069049 0.77500004
0.070300028 -0.22126001 0.77700001
0.068820022 -0.22126001 0.77700001
0.067340024 -0.22126001 0.77700001
0.067809552 -0.22780953 0.80000001
0.066120028 -0.22724001 0.79800004
0.064600028 -0.22724001 0.79800004
0.063238122 -0.22780953 0.80000001
0.15314288 -0.22933333 0.80000001
0.15124002 -0.22875999 0.79800004
0.14953241 -0.22847332 0.79700005
0.14801431 -0.22847332 0.79700005
0.14649621 -0.22847332 0.79700005
0.14461431 -0.2279 0.79500002
0.14238001 -0.22675332 0.79100001
0.14051716 -0.22617999 0.78900003
0.13883811 -0.22589333 0.78800005
0.13733716 -0.22589333 0.78800005
0.13549145 -0.22532 0.78600001
0.13399431 -0.22532 0.78600001
0.13216002 -0.22474666 0.78400004
0.13066669 -0.22474666 0.78400004
0.12917335 -0.22474666 0.78400004
0.12768002 -0.22474666 0.78400004
0.12618668 -0.22474666 0.78400004
0.12437526 -0.22417332 0.78200006
0.12288574 -0.22417332 0.78200006
0.12139621 -0.22417332 0.78200006
0.11990669 -0.22417332 0.78200006
0.11811431 -0.2236 0.78000003
0.11662859 -0.2236 0.78000003
0.11499526 -0.22331333 0.77900004
0.11351146 -0.22331333 0.77900004
0.11202765 -0.22331333 0.77900004
0.11026002 -0.22273999 0.77700001
0.10878003 -0.22273999 0.77700001
0.10730003 -0.22273999 0.77700001
0.10582002 -0.22273999 0.77700001
0.10434002 -0.22273999 0.77700001
0.10286003 -0.22273999 0.77700001
0.10111907 -0.22216666 0.77500004
0.09990003 -0.22273999 0.77700001
0.098166689 -0.22216666 0.77500004
0.096690506 -0.22216666 0.77500004
0.095214315 -0.22216666 0.77500004
0.093496218 -0.22159332 0.77300006
0.092023835 -0.22159332 0.77300006
0.090551451 -0.22159332 0.77300006
0.088963836 -0.22130667 0.77200001
0.08749336 -0.22130667 0.77200001
0.085800022 -0.22073333 0.77000004
0.08433336 -0.22073334 0.77000004
0.083081931 -0.22130668 0.77200001
0.081611454 -0.22130668 0.77200001
0.080140978 -0.22130668 0.77200001
0.078772403 -0.22159334 0.77300006
0.077300027 -0.22159334 0.77300006
0.076023832 -0.22216667 0.77500004
0.074547641 -0.22216667 0.77500004
0.07307145 -0.22216667 0.77500004
0.071595266 -0.22216667 0.77500004
0.070119075 -0.22216667 0.77500004
0.068642884 -0.22216667 0.77500004
0.06933336 -0.22933334 0.80000001
0.067809552 -0.22933334 0.80000001
0.066120028 -0.22876 0.79800004
0.064761929 -0.22933334 0.80000001
0.063238122 -0.22933334 0.80000001
0.15276001 -0.23028 0.79800004
0.15124002 -0.23028 0.79800004
0.14953241 -0.22999142 0.79700005
0.14801431 -0.22999142 0.79700005
0.14612859 -0.22941428 0.79500002
0.1442505 -0.22883713 0.79300004
0.14238001 -0.22826 0.79100001
0.14051716 -0.22768284 0.78900003
0.13883811 -0.22739428 0.78800005
0.13733716 -0.22739428 0.78800005
0.13549145 -0.22681713 0.78600001
0.13399431 -0.22681713 0.78600001
0.13216002 -0.22623999 0.78400004
0.13066669 -0.22623999 0.78400004
0.12917335 -0.22623999 0.78400004
0.12768002 -0.22623999 0.78400004
0.12618668 -0.22623999 0.78400004
0.12437526 -0.22566286 0.78200006
0.12288574 -0.22566286 0.78200006
0.12139621 -0.22566286 0.78200006
0.11990669 -0.22566286 0.78200006
0.11811431 -0.22508571 0.78000003
0.11662859 -0.22508571 0.78000003
0.11499526 -0.22479713 0.77900004
0.11351146 -0.22479713 0.77900004
0.11202765 -0.22479713 0.77900004
0.11026002 -0.22421999 0.77700001
0.10878003 -0.22421999 0.77700001
0.10730003 -0.22421999 0.77700001
0.10582002 -0.22421999 0.77700001
0.10434002 -0.22421999 0.77700001
0.10286003 -0.22421999 0.77700001
0.10111907 -0.22364286 0.77500004
0.09964288 -0.22364286 0.77500004
0.098166689 -0.22364286 0.77500004
0.096690506 -0.22364286 0.77500004
0.094968595 -0.2230657 0.77300006
0.093496218 -0.2230657 0.77300006
0.092023835 -0.2230657 0.77300006
0.090551451 -0.2230657 0.77300006
0.088963836 -0.22277714 0.77200001
0.08749336 -0.22277714 0.77200001
0.086022884 -0.22277714 0.77200001
0.084552407 -0.22277716 0.77200001
0.083189547 -0.22306572 0.77300006
0.081717171 -0.22306572 0.77300006
0.080244787 -0.22306572 0.77300006
0.078772403 -0.22306572 0.77300006
0.077500023 -0.22364287 0.77500004
0.076023832 -0.22364287 0.77500004
0.074547641 -0.22364287 0.77500004
0.07307145 -0.22364287 0.77500004
0.071595266 -0.22364287 0.77500004
0.070300028 -0.22422001 0.77700001
0.068820022 -0.22422001 0.77700001
0.067340024 -0.22422001 0.77700001
0.067809552 -0.23085715 0.80000001
0.066120028 -0.23028001 0.79800004
0.064761929 -0.23085715 0.80000001
0.063238122 -0.23085715 0.80000001
0.15466669 -0.23238094 0.80000001
0.15276001 -0.23179999 0.79800004
0.15124002 -0.23179999 0.79800004
0.14953241 -0.23150952 0.79700005
0.14801431 -0.23150952 0.79700005
0.14612859 -0.23092857 0.79500002
0.1442505 -0.23034762 0.79300004
0.14238001 -0.22976667 0.79100001
0.14051716 -0.2291857 0.78900003
0.13883811 -0.22889523 0.78800005
0.13733716 -0.22889523 0.78800005
0.13549145 -0.22831428 0.78600001
0.13399431 -0.22831428 0.78600001
0.13216002 -0.22773333 0.78400004
0.13066669 -0.22773333 0.78400004
0.12917335 -0.22773333 0.78400004
0.12768002 -0.22773333 0.78400004
0.12586477 -0.22715238 0.78200006
0.12437526 -0.22715238 0.78200006
0.12288574 -0.22715238 0.78200006
0.12139621 -0.22715238 0.78200006
0.11990669 -0.22715238 0.78200006
0.11811431 -0.22657143 0.78000003
0.11662859 -0.22657143 0.78000003
0.11499526 -0.22628094 0.77900004
0.11351146 -0.22628094 0.77900004
0.11202765 -0.22628094 0.77900004
0.11026002 -0.22569999 0.77700001
0.10878003 -0.22569999 0.77700001
0.10730003 -0.22569999 0.77700001
0.10582002 -0.22569999 0.77700001
0.10434002 -0.22569999 0.77700001
0.10286003 -0.22569999 0.77700001
0.10138003 -0.22569999 0.77700001
0.09990003 -0.22569999 0.77700001
0.098420024 -0.22569999 0.77700001
0.096940026 -0.22569999 0.77700001
0.095214315 -0.22511904 0.77500004
0.093496218 -0.22453809 0.77300006
0.092023835 -0.22453809 0.77300006
0.090551451 -0.22453809 0.77300006
0.088963836 -0.22424762 0.77200001
0.08749336 -0.22424762 0.77200001
0.085800022 -0.22366665 0.77000004
0.084552407 -0.22424763 0.77200001
0.083189547 -0.2245381 0.77300006
0.081717171 -0.2245381 0.77300006
0.080452405 -0.22511905 0.77500004
0.078976214 -0.22511905 0.77500004
0.077500023 -0.22511905 0.77500004
0.076023832 -0.22511905 0.77500004
0.074740022 -0.22570001 0.77700001
0.073260024 -0.22570001 0.77700001
0.071780026 -0.22570001 0.77700001
0.07048098 -0.22628096 0.77900004
0.068997167 -0.22628096 0.77900004
0.067513362 -0.22628096 0.77900004
0.067809552 -0.23238096 0.80000001
0.066285737 -0.23238096 0.80000001
0.064761929 -0.23238096 0.80000001
0.15466669 -0.23390475 0.80000001
0.15276001 -0.23332 0.79800004
0.15105049 -0.23302761 0.79700005
0.14953241 -0.23302761 0.79700005
0.14764288 -0.23244286 0.79500002
0.14576097 -0.23185809 0.79300004
0.14388669 -0.23127332 0.79100001
0.14202002 -0.23068857 0.78900003
0.14051716 -0.23068857 0.78900003
0.13883811 -0.23039618 0.78800005
0.13733716 -0.23039618 0.78800005
0.13549145 -0.22981142 0.78600001
0.13399431 -0.22981142 0.78600001
0.13216002 -0.22922666 0.78400004
0.13066669 -0.22922666 0.78400004
0.12917335 -0.22922666 0.78400004
0.12768002 -0.22922666 0.78400004
0.12586477 -0.2286419 0.78200006
0.12437526 -0.2286419 0.78200006
0.12288574 -0.2286419 0.78200006
0.12139621 -0.2286419 0.78200006
0.11960003 -0.22805713 0.78000003
0.11811431 -0.22805713 0.78000003
0.11662859 -0.22805713 0.78000003
0.11499526 -0.22776476 0.77900004
0.11351146 -0.22776476 0.77900004
0.11202765 -0.22776476 0.77900004
0.11026002 -0.22717999 0.77700001
0.10878003 -0.22717999 0.77700001
0.10730003 -0.22717999 0.77700001
0.10582002 -0.22717999 0.77700001
0.10434002 -0.22717999 0.77700001
0.10286003 -0.22717999 0.77700001
0.10111907 -0.22659524 0.77500004
0.09990003 -0.22717999 0.77700001
0.098420024 -0.22717999 0.77700001
0.096690506 -0.22659524 0.77500004
0.095214315 -0.22659524 0.77500004
0.093496218 -0.22601047 0.77300006
0.092023835 -0.22601047 0.77300006
0.090551451 -0.22601047 0.77300006
0.088963836 -0.2257181 0.77200001
0.08749336 -0.2257181 0.77200001
0.085800022 -0.22513333 0.77000004
0.084552407 -0.22571811 0.77200001
0.083189547 -0.22601049 0.77300006
0.081717171 -0.22601049 0.77300006
0.080452405 -0.22659525 0.77500004
0.079180025 -0.22718 0.77700001
0.077500023 -0.22659525 0.77500004
0.076220028 -0.22718 0.77700001
0.074740022 -0.22718 0.77700001
0.073260024 -0.22718 0.77700001
0.071964785 -0.22776477 0.77900004
0.070571452 -0.22805715 0.78000003
0.06908574 -0.22805715 0.78000003
0.067600027 -0.22805715 0.78000003
0.067640021 -0.23332001 0.79800004
0.066120028 -0.23332001 0.79800004
0.064600028 -0.23332001 0.79800004
0.063080028 -0.23332001 0.79800004
0.06156002 -0.23332001 0.79800004
0.059362877 -0.23068859 0.78900003
0.057860021 -0.23068859 0.78900003
0.056357164 -0.23068859 0.78900003
0.15276001 -0.23483999 0.79800004
0.15105049 -0.23454571 0.79700005
0.14915717 -0.23395714 0.79500002
0.14727145 -0.23336856 0.79300004
0.14576097 -0.23336856 0.79300004
0.14388669 -0.23277999 0.79100001
0.14202002 -0.23219143 0.78900003
0.14051716 -0.23219143 0.78900003
0.13883811 -0.23189713 0.78800005
0.13733716 -0.23189713 0.78800005
0.13583621 -0.23189713 0.78800005
0.13399431 -0.23130856 0.78600001
0.13249716 -0.23130856 0.78600001
0.13066669 -0.23072 0.78400004
0.12917335 -0.23072 0.78400004
0.12735431 -0.23013142 0.78200006
0.12586477 -0.23013142 0.78200006
0.12437526 -0.23013142 0.78200006
0.12288574 -0.23013142 0.78200006
0.12139621 -0.23013142 0.78200006
0.11960003 -0.22954285 0.78000003
0.11811431 -0.22954285 0.78000003
0.11662859 -0.22954285 0.78000003
0.11499526 -0.22924857 0.77900004
0.11351146 -0.22924857 0.77900004
0.11202765 -0.22924857 0.77900004
0.11026002 -0.22865999 0.77700001
0.10878003 -0.22865999 0.77700001
0.10730003 -0.22865999 0.77700001
0.10582002 -0.22865999 0.77700001
0.10434002 -0.22865999 0.77700001
0.10286003 -0.22865999 0.77700001
0.10138003 -0.22865999 0.77700001
0.09990003 -0.22865999 0.77700001
0.098166689 -0.22807142 0.77500004
0.096690506 -0.22807142 0.77500004
0.095214315 -0.22807142 0.77500004
0.093738124 -0.22807142 0.77500004
0.092023835 -0.22748286 0.77300006
0.090551451 -0.22748286 0.77300006
0.089079075 -0.22748286 0.77300006
0.08749336 -0.22718857 0.77200001
0.085800022 -0.22659999 0.77000004
0.084552407 -0.22718859 0.77200001
0.083189547 -0.22748287 0.77300006
0.081717171 -0.22748287 0.77300006
0.080452405 -0.22807144 0.77500004
0.078976214 -0.22807144 0.77500004
0.077500023 -0.22807144 0.77500004
0.076023832 -0.22807144 0.77500004
0.074740022 -0.22866 0.77700001
0.073260024 -0.22866 0.77700001
0.071964785 -0.22924858 0.77900004
0.070571452 -0.22954287 0.78000003
0.06908574 -0.22954287 0.78000003
0.067600027 -0.22954287 0.78000003
0.067555264 -0.23454572 0.79700005
0.066037171 -0.23454572 0.79700005
0.064600028 -0.23484001 0.79800004
0.063000977 -0.23454572 0.79700005
0.06148288 -0.23454572 0.79700005
0.059814308 -0.23395716 0.79500002
0.058300022 -0.23395716 0.79500002
0.056357164 -0.23219144 0.78900003
0.15466669 -0.23695238 0.80000001
0.15276001 -0.23636 0.79800004
0.15124002 -0.23636 0.79800004
0.14915717 -0.23547143 0.79500002
0.14727145 -0.23487905 0.79300004
0.14576097 -0.23487905 0.79300004
0.14388669 -0.23428667 0.79100001
0.14202002 -0.23369429 0.78900003
0.14051716 -0.23369429 0.78900003
0.13883811 -0.23339809 0.78800005
0.13733716 -0.23339809 0.78800005
0.13583621 -0.23339809 0.78800005
0.13399431 -0.23280571 0.78600001
0.13249716 -0.23280571 0.78600001
0.13066669 -0.23221333 0.78400004
0.12917335 -0.23221333 0.78400004
0.12735431 -0.23162095 0.78200006
0.12586477 -0.23162095 0.78200006
0.12437526 -0.23162095 0.78200006
0.12288574 -0.23162095 0.78200006
0.12139621 -0.23162095 0.78200006
0.11960003 -0.23102857 0.78000003
0.11811431 -0.23102857 0.78000003
0.11662859 -0.23102857 0.78000003
0.11514288 -0.23102857 0.78000003
0.11365717 -0.23102857 0.78000003
0.11202765 -0.23073238 0.77900004
0.11054384 -0.23073238 0.77900004
0.10906003 -0.23073238 0.77900004
0.10730003 -0.23014 0.77700001
0.10582002 -0.23014 0.77700001
0.10434002 -0.23014 0.77700001
0.10286003 -0.23014 0.77700001
0.10138003 -0.23014 0.77700001
0.09964288 -0.22954762 0.77500004
0.098166689 -0.22954762 0.77500004
0.096690506 -0.22954762 0.77500004
0.095214315 -0.22954762 0.77500004
0.093738124 -0.22954762 0.77500004
0.092261933 -0.22954762 0.77500004
0.090785742 -0.22954762 0.77500004
0.089079075 -0.22895524 0.77300006
0.087606691 -0.22895524 0.77300006
0.086022884 -0.22865903 0.77200001
0.084661931 -0.22895525 0.77300006
0.083189547 -0.22895525 0.77300006
0.081717171 -0.22895525 0.77300006
0.080244787 -0.22895525 0.77300006
0.078976214 -0.22954763 0.77500004
0.077500023 -0.22954763 0.77500004
0.076023832 -0.22954763 0.77500004
0.074740022 -0.23014002 0.77700001
0.073260024 -0.23014002 0.77700001
0.071964785 -0.2307324 0.77900004
0.070571452 -0.23102859 0.78000003
0.069617167 -0.23280573 0.78600001
0.068553358 -0.23428668 0.79100001
0.067216218 -0.23487906 0.79300004
0.065871455 -0.23547144 0.79500002
0.06451907 -0.23606382 0.79700005
0.063000977 -0.23606382 0.79700005
0.061328597 -0.23547144 0.79500002
0.059814312 -0.23547144 0.79500002
0.058300026 -0.23547144 0.79500002
0.15466669 -0.23847619 0.80000001
0.15276001 -0.23787999 0.79800004
0.15105049 -0.23758189 0.79700005
0.14915717 -0.23698571 0.79500002
0.14727145 -0.23638952 0.79300004
0.14539336 -0.23579332 0.79100001
0.14388669 -0.23579332 0.79100001
0.14202002 -0.23519714 0.78900003
0.14033906 -0.23489904 0.78800005
0.13883811 -0.23489904 0.78800005
0.13733716 -0.23489904 0.78800005
0.13549145 -0.23430285 0.78600001
0.13399431 -0.23430285 0.78600001
0.13216002 -0.23370665 0.78400004
0.13066669 -0.23370665 0.78400004
0.12917335 -0.23370665 0.78400004
0.12735431 -0.23311047 0.78200006
0.12586477 -0.23311047 0.78200006
0.12437526 -0.23311047 0.78200006
0.12288574 -0.23311047 0.78200006
0.12139621 -0.23311047 0.78200006
0.11990669 -0.23311047 0.78200006
0.11841717 -0.23311047 0.78200006
0.11662859 -0.23251428 0.78000003
0.11514288 -0.23251428 0.78000003
0.11365717 -0.23251428 0.78000003
0.11217146 -0.23251428 0.78000003
0.11054384 -0.23221618 0.77900004
0.10906003 -0.23221618 0.77900004
0.10730003 -0.23162 0.77700001
0.10582002 -0.23162 0.77700001
0.10434002 -0.23162 0.77700001
0.10286003 -0.23162 0.77700001
0.10138003 -0.23162 0.77700001
0.09990003 -0.23162 0.77700001
0.098166689 -0.2310238 0.77500004
0.096940026 -0.23162 0.77700001
0.095214315 -0.2310238 0.77500004
0.093738124 -0.2310238 0.77500004
0.092261933 -0.2310238 0.77500004
0.090785742 -0.2310238 0.77500004
0.089079075 -0.23042761 0.77300006
0.087606691 -0.23042761 0.77300006
0.086022884 -0.23012951 0.77200001
0.084661931 -0.23042762 0.77300006
0.083189547 -0.23042762 0.77300006
0.081717171 -0.23042762 0.77300006
0.080244787 -0.23042762 0.77300006
0.078976214 -0.23102382 0.77500004
0.077500023 -0.23102382 0.77500004
0.076023832 -0.23102382 0.77500004
0.074547641 -0.23102382 0.77500004
0.073260024 -0.23162001 0.77700001
0.071964785 -0.23221619 0.77900004
0.070571452 -0.23251429 0.78000003
0.069617167 -0.23430286 0.78600001
0.068293355 -0.23489906 0.78800005
0.066877164 -0.23519716 0.78900003
0.065705739 -0.23638953 0.79300004
0.064357169 -0.23698573 0.79500002
0.063000977 -0.23758191 0.79700005
0.06148288 -0.23758191 0.79700005
0.059964787 -0.23758191 0.79700005
0.15466669 -0.23999999 0.80000001
0.15276001 -0.2394 0.79800004
0.15105049 -0.23909999 0.79700005
0.14915717 -0.2385 0.79500002
0.14727145 -0.23789999 0.79300004
0.14539336 -0.23729999 0.79100001
0.14388669 -0.23729999 0.79100001
0.14202002 -0.2367 0.78900003
0.14033906 -0.23639999 0.78800005
0.13883811 -0.23639999 0.78800005
0.13733716 -0.23639999 0.78800005
0.13549145 -0.2358 0.78600001
0.13399431 -0.2358 0.78600001
0.13216002 -0.23519999 0.78400004
0.13066669 -0.23519999 0.78400004
0.12917335 -0.23519999 0.78400004
0.12768002 -0.23519999 0.78400004
0.12586477 -0.23459999 0.78200006
0.12437526 -0.23459999 0.78200006
0.12288574 -0.23459999 0.78200006
0.12139621 -0.23459999 0.78200006
0.11990669 -0.23459999 0.78200006
0.11841717 -0.23459999 0.78200006
0.11662859 -0.234 0.78000003
0.11514288 -0.234 0.78000003
0.11365717 -0.234 0.78000003
0.11217146 -0.234 0.78000003
0.11054384 -0.23369999 0.77900004
0.10906003 -0.23369999 0.77900004
0.10730003 -0.2331 0.77700001
0.10582002 -0.2331 0.77700001
0.10434002 -0.2331 0.77700001
0.10286003 -0.2331 0.77700001
0.10138003 -0.2331 0.77700001
0.09990003 -0.2331 0.77700001
0.098166689 -0.23249999 0.77500004
0.096690506 -0.23249999 0.77500004
0.095214315 -0.23249999 0.77500004
0.093738124 -0.23249999 0.77500004
0.092261933 -0.23249999 0.77500004
0.090785742 -0.23249999 0.77500004
0.089079075 -0.23189999 0.77300006
0.087606691 -0.23189999 0.77300006
0.086134315 -0.23189999 0.77300006
0.084661931 -0.23190001 0.77300006
0.083189547 -0.23190001 0.77300006
0.081717171 -0.23190001 0.77300006
0.080244787 -0.23190001 0.77300006
0.078772403 -0.23190001 0.77300006
0.077500023 -0.2325 0.77500004
0.076023832 -0.2325 0.77500004
0.074740022 -0.23310001 0.77700001
0.073260024 -0.23310001 0.77700001
0.071964785 -0.23370001 0.77900004
0.070571452 -0.23400001 0.78000003
0.069440022 -0.2352 0.78400004
0.068120025 -0.23580001 0.78600001
0.066792406 -0.23640001 0.78800005
0.065374307 -0.23670001 0.78900003
0.064033359 -0.23730001 0.79100001
0.062842883 -0.23850001 0.79500002
0.06148288 -0.23910001 0.79700005
0.059964787 -0.23910001 0.79700005
0.15466669 -0.2415238 0.80000001
0.15276001 -0.24091999 0.79800004
0.15105049 -0.24061809 0.79700005
0.14915717 -0.24001428 0.79500002
0.14727145 -0.23941047 0.79300004
0.14539336 -0.23880666 0.79100001
0.14388669 -0.23880666 0.79100001
0.14202002 -0.23820285 0.78900003
0.14051716 -0.23820285 0.78900003
0.1390143 -0.23820285 0.78900003
0.13733716 -0.23790094 0.78800005
0.13583621 -0.23790094 0.78800005
0.13399431 -0.23729713 0.78600001
0.13249716 -0.23729713 0.78600001
0.13100003 -0.23729713 0.78600001
0.12917335 -0.23669332 0.78400004
0.12768002 -0.23669332 0.78400004
0.12586477 -0.23608951 0.78200006
0.12437526 -0.23608951 0.78200006
0.12288574 -0.23608951 0.78200006
0.12139621 -0.23608951 0.78200006
0.11990669 -0.23608951 0.78200006
0.11841717 -0.23608951 0.78200006
0.11662859 -0.2354857 0.78000003
0.11514288 -0.2354857 0.78000003
0.11365717 -0.2354857 0.78000003
0.11202765 -0.23518381 0.77900004
0.11054384 -0.23518381 0.77900004
0.10878003 -0.23458 0.77700001
0.10730003 -0.23458 0.77700001
0.10582002 -0.23458 0.77700001
0.10434002 -0.23458 0.77700001
0.10286003 -0.23458 0.77700001
0.10138003 -0.23458 0.77700001
0.09990003 -0.23458 0.77700001
0.098420024 -0.23458 0.77700001
0.096940026 -0.23458 0.77700001
0.095214315 -0.23397619 0.77500004
0.093738124 -0.23397619 0.77500004
0.092261933 -0.23397619 0.77500004
0.090785742 -0.23397619 0.77500004
0.089309551 -0.23397619 0.77500004
0.087606691 -0.23337238 0.77300006
0.086134315 -0.23337238 0.77300006
0.084661931 -0.23337239 0.77300006
0.083189547 -0.23337239 0.77300006
0.081717171 -0.23337239 0.77300006
0.080244787 -0.23337239 0.77300006
0.078772403 -0.23337239 0.77300006
0.077300027 -0.23337239 0.77300006
0.076023832 -0.2339762 0.77500004
0.074547641 -0.2339762 0.77500004
0.073260024 -0.23458001 0.77700001
0.071964785 -0.23518382 0.77900004
0.070571452 -0.23548572 0.78000003
0.069440022 -0.23669334 0.78400004
0.068120025 -0.23729715 0.78600001
0.066792406 -0.23790096 0.78800005
0.065374307 -0.23820287 0.78900003
0.064033359 -0.23880668 0.79100001
0.062526688 -0.23880668 0.79100001
0.06148288 -0.24061811 0.79700005
0.059964787 -0.24061811 0.79700005
0.15466669 -0.24304761 0.80000001
0.15276001 -0.24244 0.79800004
0.15105049 -0.24213618 0.79700005
0.14915717 -0.24152857 0.79500002
0.14727145 -0.24092095 0.79300004
0.14539336 -0.24031332 0.79100001
0.14388669 -0.24031332 0.79100001
0.14202002 -0.23970571 0.78900003
0.14051716 -0.23970571 0.78900003
0.1390143 -0.23970571 0.78900003
0.13751145 -0.23970571 0.78900003
0.13583621 -0.23940189 0.78800005
0.13399431 -0.23879428 0.78600001
0.13249716 -0.23879428 0.78600001
0.13100003 -0.23879428 0.78600001
0.12917335 -0.23818666 0.78400004
0.12768002 -0.23818666 0.78400004
0.12618668 -0.23818666 0.78400004
0.12437526 -0.23757905 0.78200006
0.12288574 -0.23757905 0.78200006
0.12139621 -0.23757905 0.78200006
0.11990669 -0.23757905 0.78200006
0.11841717 -0.23757905 0.78200006
0.11662859 -0.23697142 0.78000003
0.11514288 -0.23697142 0.78000003
0.11365717 -0.23697142 0.78000003
0.11202765 -0.23666762 0.77900004
0.11054384 -0.23666762 0.77900004
0.10878003 -0.23605999 0.77700001
0.10730003 -0.23605999 0.77700001
0.10582002 -0.23605999 0.77700001
0.10434002 -0.23605999 0.77700001
0.10286003 -0.23605999 0.77700001
0.10138003 -0.23605999 0.77700001
0.09990003 -0.23605999 0.77700001
0.098420024 -0.23605999 0.77700001
0.096940026 -0.23605999 0.77700001
0.095214315 -0.23545237 0.77500004
0.093738124 -0.23545237 0.77500004
0.092261933 -0.23545237 0.77500004
0.090785742 -0.23545237 0.77500004
0.089309551 -0.23545237 0.77500004
0.08783336 -0.23545237 0.77500004
0.086357169 -0.23545237 0.77500004
0.084661931 -0.23484477 0.77300006
0.083081931 -0.23454095 0.77200001
0.081611454 -0.23454095 0.77200001
0.080140978 -0.23454095 0.77200001
0.078670502 -0.23454095 0.77200001
0.077200025 -0.23454095 0.77200001
0.075729549 -0.23454095 0.77200001
0.07435526 -0.23484477 0.77300006
0.07307145 -0.23545238 0.77500004
0.071780026 -0.23606001 0.77700001
0.070571452 -0.23697144 0.78000003
0.06908574 -0.23697144 0.78000003
0.068293355 -0.23940191 0.78800005
0.066792406 -0.23940191 0.78800005
0.065374307 -0.23970573 0.78900003
0.063871451 -0.23970573 0.78900003
0.062368598 -0.23970573 0.78900003
0.15466669 -0.24457142 0.80000001
0.15276001 -0.24395999 0.79800004
0.15105049 -0.24365428 0.79700005
0.14915717 -0.24304286 0.79500002
0.14764288 -0.24304286 0.79500002
0.14576097 -0.24243142 0.79300004
0.14388669 -0.24181999 0.79100001
0.14202002 -0.24120857 0.78900003
0.14051716 -0.24120857 0.78900003
0.1390143 -0.24120857 0.78900003
0.13751145 -0.24120857 0.78900003
0.13583621 -0.24090286 0.78800005
0.13399431 -0.24029142 0.78600001
0.13249716 -0.24029142 0.78600001
0.13100003 -0.24029142 0.78600001
0.12917335 -0.23967999 0.78400004
0.12768002 -0.23967999 0.78400004
0.12586477 -0.23906857 0.78200006
0.12437526 -0.23906857 0.78200006
0.12288574 -0.23906857 0.78200006
0.12139621 -0.23906857 0.78200006
0.11990669 -0.23906857 0.78200006
0.11841717 -0.23906857 0.78200006
0.11662859 -0.23845714 0.78000003
0.11514288 -0.23845714 0.78000003
0.11365717 -0.23845714 0.78000003
0.11202765 -0.23815142 0.77900004
0.11054384 -0.23815142 0.77900004
0.10878003 -0.23753999 0.77700001
0.10730003 -0.23753999 0.77700001
0.10582002 -0.23753999 0.77700001
0.10434002 -0.23753999 0.77700001
0.10286003 -0.23753999 0.77700001
0.10138003 -0.23753999 0.77700001
0.09990003 -0.23753999 0.77700001
0.098420024 -0.23753999 0.77700001
0.096940026 -0.23753999 0.77700001
0.095214315 -0.23692857 0.77500004
0.093980029 -0.23753999 0.77700001
0.092500024 -0.23753999 0.77700001
0.090785742 -0.23692857 0.77500004
0.089309551 -0.23692857 0.77500004
0.08783336 -0.23692857 0.77500004
0.086357169 -0.23692857 0.77500004
0.084661931 -0.23631716 0.77300006
0.083081931 -0.23601143 0.77200001
0.081611454 -0.23601143 0.77200001
0.080140978 -0.23601143 0.77200001
0.078670502 -0.23601143 0.77200001
0.077200025 -0.23601143 0.77200001
0.075729549 -0.23601143 0.77200001
0.07435526 -0.23631716 0.77300006
0.07307145 -0.23692858 0.77500004
0.071780026 -0.23754001 0.77700001
0.07048098 -0.23815143 0.77900004
0.069440022 -0.23968001 0.78400004
0.067946695 -0.23968001 0.78400004
0.066792406 -0.24090287 0.78800005
0.065291457 -0.24090287 0.78800005
0.063871451 -0.24120858 0.78900003
0.062368598 -0.24120858 0.78900003
0.15466669 -0.24609523 0.80000001
0.15276001 -0.24548 0.79800004
0.15124002 -0.24548 0.79800004
0.14953241 -0.24517238 0.79700005
0.14764288 -0.24455714 0.79500002
0.14576097 -0.2439419 0.79300004
0.14388669 -0.24332666 0.79100001
0.14238001 -0.24332666 0.79100001
0.14051716 -0.24271142 0.78900003
0.1390143 -0.24271142 0.78900003
0.13751145 -0.24271142 0.78900003
0.13583621 -0.24240381 0.78800005
0.13399431 -0.24178857 0.78600001
0.13249716 -0.24178857 0.78600001
0.13066669 -0.24117333 0.78400004
0.12917335 -0.24117333 0.78400004
0.12768002 -0.24117333 0.78400004
0.12586477 -0.24055809 0.78200006
0.12437526 -0.24055809 0.78200006
0.12288574 -0.24055809 0.78200006
0.12139621 -0.24055809 0.78200006
0.11990669 -0.24055809 0.78200006
0.11841717 -0.24055809 0.78200006
0.11662859 -0.23994285 0.78000003
0.11514288 -0.23994285 0.78000003
0.11365717 -0.23994285 0.78000003
0.11217146 -0.23994285 0.78000003
0.11054384 -0.23963523 0.77900004
0.10906003 -0.23963523 0.77900004
0.10757621 -0.23963523 0.77900004
0.10609241 -0.23963523 0.77900004
0.10434002 -0.23901999 0.77700001
0.10286003 -0.23901999 0.77700001
0.10138003 -0.23901999 0.77700001
0.09990003 -0.23901999 0.77700001
0.098420024 -0.23901999 0.77700001
0.096940026 -0.23901999 0.77700001
0.095214315 -0.23840475 0.77500004
0.093980029 -0.23901999 0.77700001
0.092500024 -0.23901999 0.77700001
0.090785742 -0.23840475 0.77500004
0.089309551 -0.23840475 0.77500004
0.08783336 -0.23840475 0.77500004
0.086357169 -0.23840475 0.77500004
0.084661931 -0.23778953 0.77300006
0.083189547 -0.23778953 0.77300006
0.081611454 -0.23748191 0.77200001
0.080140978 -0.23748191 0.77200001
0.078670502 -0.23748191 0.77200001
0.077200025 -0.23748191 0.77200001
0.075729549 -0.23748191 0.77200001
0.07435526 -0.23778953 0.77300006
0.07307145 -0.23840477 0.77500004
0.071964785 -0.23963524 0.77900004
0.070933357 -0.24117334 0.78400004
0.069440022 -0.24117334 0.78400004
0.068380028 -0.24271144 0.78900003
0.066877164 -0.24271144 0.78900003
0.065291457 -0.24240382 0.78800005
0.15466669 -0.24761905 0.80000001
0.15276001 -0.24699999 0.79800004
0.15105049 -0.24669047 0.79700005
0.14953241 -0.24669047 0.79700005
0.14764288 -0.24607143 0.79500002
0.14576097 -0.24545237 0.79300004
0.14388669 -0.24483332 0.79100001
0.14238001 -0.24483332 0.79100001
0.14051716 -0.24421428 0.78900003
0.1390143 -0.24421428 0.78900003
0.13751145 -0.24421428 0.78900003
0.13583621 -0.24390475 0.78800005
0.13399431 -0.24328572 0.78600001
0.13249716 -0.24328572 0.78600001
0.13066669 -0.24266666 0.78400004
0.12917335 -0.24266666 0.78400004
0.12735431 -0.24204761 0.78200006
0.12586477 -0.24204761 0.78200006
0.12437526 -0.24204761 0.78200006
0.12288574 -0.24204761 0.78200006
0.12139621 -0.24204761 0.78200006
0.11990669 -0.24204761 0.78200006
0.11841717 -0.24204761 0.78200006
0.11662859 -0.24142857 0.78000003
0.11514288 -0.24142857 0.78000003
0.11365717 -0.24142857 0.78000003
0.11202765 -0.24111904 0.77900004
0.11054384 -0.24111904 0.77900004
0.10906003 -0.24111904 0.77900004
0.10757621 -0.24111904 0.77900004
0.10609241 -0.24111904 0.77900004
0.10434002 -0.24049999 0.77700001
0.10286003 -0.24049999 0.77700001
0.10164098 -0.24111904 0.77900004
0.09990003 -0.24049999 0.77700001
0.098673359 -0.24111904 0.77900004
0.096940026 -0.24049999 0.77700001
0.095460027 -0.24049999 0.77700001
0.093980029 -0.24049999 0.77700001
0.092500024 -0.24049999 0.77700001
0.091020025 -0.24049999 0.77700001
0.089309551 -0.23988095 0.77500004
0.08783336 -0.23988095 0.77500004
0.086357169 -0.23988095 0.77500004
0.084661931 -0.23926191 0.77300006
0.083189547 -0.23926191 0.77300006
0.081717171 -0.23926191 0.77300006
0.080244787 -0.23926191 0.77300006
0.078670502 -0.23895238 0.77200001
0.077200025 -0.23895238 0.77200001
0.075729549 -0.23895238 0.77200001
0.07435526 -0.23926191 0.77300006
0.07307145 -0.23988096 0.77500004
0.071964785 -0.24111906 0.77900004
0.07048098 -0.24111906 0.77900004
0.068997167 -0.24111906 0.77900004
0.068380028 -0.2442143 0.78900003
0.066877164 -0.2442143 0.78900003
0.15466669 -0.24914286 0.80000001
0.15276001 -0.24851999 0.79800004
0.15105049 -0.24820857 0.79700005
0.14953241 -0.24820857 0.79700005
0.14764288 -0.24758571 0.79500002
0.14576097 -0.24696285 0.79300004
0.14388669 -0.24633999 0.79100001
0.14238001 -0.24633999 0.79100001
0.14051716 -0.24571714 0.78900003
0.1390143 -0.24571714 0.78900003
0.13751145 -0.24571714 0.78900003
0.13583621 -0.2454057 0.78800005
0.13399431 -0.24478285 0.78600001
0.13249716 -0.24478285 0.78600001
0.13066669 -0.24416 0.78400004
0.12917335 -0.24416 0.78400004
0.12768002 -0.24416 0.78400004
0.12586477 -0.24353714 0.78200006
0.12437526 -0.24353714 0.78200006
0.12320003 -0.24416 0.78400004
0.12170669 -0.24416 0.78400004
0.11990669 -0.24353714 0.78200006
0.11841717 -0.24353714 0.78200006
0.11692765 -0.24353714 0.78200006
0.11543812 -0.24353714 0.78200006
0.1139486 -0.24353714 0.78200006
0.11217146 -0.24291427 0.78000003
0.11054384 -0.24260285 0.77900004
0.10906003 -0.24260285 0.77900004
0.10757621 -0.24260285 0.77900004
0.10609241 -0.24260285 0.77900004
0.10434002 -0.24198 0.77700001
0.10286003 -0.24198 0.77700001
0.10164098 -0.24260285 0.77900004
0.10015717 -0.24260285 0.77900004
0.098673359 -0.24260285 0.77900004
0.096940026 -0.24198 0.77700001
0.095460027 -0.24198 0.77700001
0.093980029 -0.24198 0.77700001
0.092500024 -0.24198 0.77700001
0.091020025 -0.24198 0.77700001
0.089309551 -0.24135713 0.77500004
0.08783336 -0.24135713 0.77500004
0.086357169 -0.24135713 0.77500004
0.084661931 -0.24073429 0.77300006
0.083189547 -0.24073429 0.77300006
0.081717171 -0.24073429 0.77300006
0.080140978 -0.24042286 0.77200001
0.078670502 -0.24042286 0.77200001
0.077200025 -0.24042286 0.77200001
0.075729549 -0.24042286 0.77200001
0.074259073 -0.24042286 0.77200001
0.072788596 -0.24042286 0.77200001
0.07131812 -0.24042286 0.77200001
0.07048098 -0.24260287 0.77900004
0.068997167 -0.24260287 0.77900004
0.15466669 -0.25066668 0.80000001
0.15276001 -0.25003999 0.79800004
0.15124002 -0.25003999 0.79800004
0.14953241 -0.24972667 0.79700005
0.14764288 -0.2491 0.79500002
0.14576097 -0.24847333 0.79300004
0.1442505 -0.24847333 0.79300004
0.14238001 -0.24784666 0.79100001
0.14087336 -0.24784666 0.79100001
0.13936669 -0.24784666 0.79100001
0.13751145 -0.24721999 0.78900003
0.13600859 -0.24721999 0.78900003
0.13433526 -0.24690667 0.78800005
0.13249716 -0.24628 0.78600001
0.13066669 -0.24565333 0.78400004
0.12884383 -0.24502666 0.78200006
0.12735431 -0.24502666 0.78200006
0.12586477 -0.24502666 0.78200006
0.12437526 -0.24502666 0.78200006
0.12320003 -0.24565333 0.78400004
0.12170669 -0.24565333 0.78400004
0.11990669 -0.24502666 0.78200006
0.11841717 -0.24502666 0.78200006
0.11692765 -0.24502666 0.78200006
0.11543812 -0.24502666 0.78200006
0.1139486 -0.24502666 0.78200006
0.11217146 -0.24439999 0.78000003
0.11054384 -0.24408667 0.77900004
0.10906003 -0.24408667 0.77900004
0.10757621 -0.24408667 0.77900004
0.10609241 -0.24408667 0.77900004
0.1046086 -0.24408667 0.77900004
0.10286003 -0.24346 0.77700001
0.10164098 -0.24408667 0.77900004
0.10015717 -0.24408667 0.77900004
0.098673359 -0.24408667 0.77900004
0.096940026 -0.24346 0.77700001
0.09570574 -0.24408667 0.77900004
0.094221927 -0.24408667 0.77900004
0.092500024 -0.24346 0.77700001
0.091020025 -0.24346 0.77700001
0.089540027 -0.24346 0.77700001
0.088060029 -0.24346 0.77700001
0.086580023 -0.24346 0.77700001
0.084880978 -0.24283335 0.77500004
0.083189547 -0.24220668 0.77300006
0.081717171 -0.24220668 0.77300006
0.080140978 -0.24189334 0.77200001
0.078466691 -0.24126668 0.77000004
0.077000022 -0.24126668 0.77000004
0.075729549 -0.24189334 0.77200001
0.074066691 -0.24126668 0.77000004
0.072600022 -0.24126668 0.77000004
0.07131812 -0.24189334 0.77200001
0.15276001 -0.25156 0.79800004
0.15124002 -0.25156 0.79800004
0.14953241 -0.25124478 0.79700005
0.14801431 -0.25124478 0.79700005
0.14612859 -0.25061429 0.79500002
0.1442505 -0.2499838 0.79300004
0.14238001 -0.24935333 0.79100001
0.14087336 -0.24935333 0.79100001
0.13936669 -0.24935333 0.79100001
0.13751145 -0.24872285 0.78900003
0.13600859 -0.24872285 0.78900003
0.13433526 -0.24840762 0.78800005
0.1328343 -0.24840762 0.78800005
0.13100003 -0.24777713 0.78600001
0.12917335 -0.24714667 0.78400004
0.12768002 -0.24714667 0.78400004
0.12618668 -0.24714667 0.78400004
0.12469336 -0.24714667 0.78400004
0.12320003 -0.24714667 0.78400004
0.12170669 -0.24714667 0.78400004
0.12021336 -0.24714667 0.78400004
0.11841717 -0.24651618 0.78200006
0.11692765 -0.24651618 0.78200006
0.11543812 -0.24651618 0.78200006
0.1139486 -0.24651618 0.78200006
0.11217146 -0.24588571 0.78000003
0.11068574 -0.24588571 0.78000003
0.10906003 -0.24557047 0.77900004
0.10757621 -0.24557047 0.77900004
0.10609241 -0.24557047 0.77900004
0.10434002 -0.24494 0.77700001
0.10312479 -0.24557047 0.77900004
0.10164098 -0.24557047 0.77900004
0.10015717 -0.24557047 0.77900004
0.098673359 -0.24557047 0.77900004
0.097189553 -0.24557047 0.77900004
0.0958286 -0.24588571 0.78000003
0.09434288 -0.24588571 0.78000003
0.092857167 -0.24588571 0.78000003
0.091254309 -0.24557047 0.77900004
0.089770503 -0.24557047 0.77900004
0.088060029 -0.24494 0.77700001
0.086802885 -0.24557047 0.77900004
0.085100025 -0.24494001 0.77700001
0.083620027 -0.24494001 0.77700001
0.081928596 -0.24430953 0.77500004
0.080244787 -0.24367906 0.77300006
0.078772403 -0.24367906 0.77300006
0.077300027 -0.24367906 0.77300006
0.075729549 -0.24336381 0.77200001
0.074066691 -0.24273334 0.77000004
0.072600022 -0.24273334 0.77000004
0.15314288 -0.25371429 0.80000001
0.15124002 -0.25308001 0.79800004
0.14972001 -0.25308001 0.79800004
0.14801431 -0.25276285 0.79700005
0.14576097 -0.25149429 0.79300004
0.1442505 -0.25149429 0.79300004
0.14238001 -0.25086001 0.79100001
0.14087336 -0.25086001 0.79100001
0.13936669 -0.25086001 0.79100001
0.13786002 -0.25086001 0.79100001
0.13600859 -0.25022572 0.78900003
0.13450573 -0.25022572 0.78900003
0.13300288 -0.25022572 0.78900003
0.13133335 -0.24990857 0.78800005
0.1298324 -0.24990857 0.78800005
0.12800573 -0.24927428 0.78600001
0.12650859 -0.24927428 0.78600001
0.12501144 -0.24927428 0.78600001
0.12351431 -0.24927428 0.78600001
0.12170669 -0.24864 0.78400004
0.12021336 -0.24864 0.78400004
0.11872002 -0.24864 0.78400004
0.11722669 -0.24864 0.78400004
0.11573336 -0.24864 0.78400004
0.11424003 -0.24864 0.78400004
0.11274669 -0.24864 0.78400004
0.11096955 -0.2480057 0.78200006
0.10948002 -0.2480057 0.78200006
0.1079905 -0.2480057 0.78200006
0.1062286 -0.24737142 0.78000003
0.1046086 -0.24705428 0.77900004
0.10312479 -0.24705428 0.77900004
0.10177145 -0.24737142 0.78000003
0.10028574 -0.24737142 0.78000003
0.098800026 -0.24737142 0.78000003
0.097314313 -0.24737142 0.78000003
0.0958286 -0.24737142 0.78000003
0.09434288 -0.24737142 0.78000003
0.092857167 -0.24737142 0.78000003
0.091371454 -0.24737142 0.78000003
0.089770503 -0.24705428 0.77900004
0.088060029 -0.24642 0.77700001
0.086802885 -0.24705428 0.77900004
0.085100025 -0.24642001 0.77700001
0.083620027 -0.24642001 0.77700001
0.082140028 -0.24642001 0.77700001
0.080660023 -0.24642001 0.77700001
0.079180025 -0.24642001 0.77700001
0.077300027 -0.24515143 0.77300006
0.15314288 -0.25523812 0.80000001
0.15161906 -0.25523812 0.80000001
0.14972001 -0.25460002 0.79800004
0.14801431 -0.25428095 0.79700005
0.14576097 -0.25300476 0.79300004
0.1442505 -0.25300476 0.79300004
0.14238001 -0.25236666 0.79100001
0.14087336 -0.25236666 0.79100001
0.13936669 -0.25236666 0.79100001
0.13786002 -0.25236666 0.79100001
0.13635336 -0.25236666 0.79100001
0.13450573 -0.25172859 0.78900003
0.13300288 -0.25172859 0.78900003
0.13150002 -0.25172859 0.78900003
0.1298324 -0.25140953 0.78800005
0.12833145 -0.25140953 0.78800005
0.12683049 -0.25140953 0.78800005
0.12501144 -0.25077143 0.78600001
0.1238286 -0.25140953 0.78800005
0.12201717 -0.25077143 0.78600001
0.12052003 -0.25077143 0.78600001
0.11872002 -0.25013334 0.78400004
0.11722669 -0.25013334 0.78400004
0.11573336 -0.25013334 0.78400004
0.11424003 -0.25013334 0.78400004
0.11274669 -0.25013334 0.78400004
0.11125336 -0.25013334 0.78400004
0.10948002 -0.24949524 0.78200006
0.1079905 -0.24949524 0.78200006
0.10650098 -0.24949524 0.78200006
0.10501146 -0.24949524 0.78200006
0.10352193 -0.24949524 0.78200006
0.10203241 -0.24949524 0.78200006
0.10028574 -0.24885714 0.78000003
0.098800026 -0.24885714 0.78000003
0.097314313 -0.24885714 0.78000003
0.0958286 -0.24885714 0.78000003
0.094584785 -0.24949524 0.78200006
0.093095265 -0.24949524 0.78200006
0.091371454 -0.24885714 0.78000003
0.089885741 -0.24885714 0.78000003
0.08828669 -0.24853809 0.77900004
0.086802885 -0.24853809 0.77900004
0.085319072 -0.24853809 0.77900004
0.083620027 -0.24790001 0.77700001
0.082140028 -0.24790001 0.77700001
0.080660023 -0.24790001 0.77700001
0.1531429 -0.25676191 0.80000001
0.15124004 -0.25612 0.79800004
0.14972003 -0.25612 0.79800004
0.14801432 -0.25579906 0.79700005
0.14612859 -0.25515714 0.79500002
0.1442505 -0.25451526 0.79300004
0.14238001 -0.25387335 0.79100001
0.14087336 -0.25387335 0.79100001
0.13936669 -0.25387335 0.79100001
0.13786002 -0.25387335 0.79100001
0.13635336 -0.25387335 0.79100001
0.13450573 -0.25323144 0.78900003
0.13300288 -0.25323144 0.78900003
0.13150002 -0.25323144 0.78900003
0.12999716 -0.25323144 0.78900003
0.12849431 -0.25323144 0.78900003
0.12683049 -0.25291049 0.78800005
0.12548859 -0.25323144 0.78900003
0.12398574 -0.25323144 0.78900003
0.12232765 -0.25291049 0.78800005
0.12082669 -0.25291049 0.78800005
0.11902288 -0.25226858 0.78600001
0.11752574 -0.25226858 0.78600001
0.1160286 -0.25226858 0.78600001
0.11453146 -0.25226858 0.78600001
0.11274669 -0.25162667 0.78400004
0.11125336 -0.25162667 0.78400004
0.10948002 -0.25098476 0.78200006
0.1079905 -0.25098476 0.78200006
0.10650098 -0.25098476 0.78200006
0.10501146 -0.25098476 0.78200006
0.10352193 -0.25098476 0.78200006
0.10203241 -0.25098476 0.78200006
0.10028574 -0.25034288 0.78000003
0.098800026 -0.25034288 0.78000003
0.097314313 -0.25034288 0.78000003
0.096074313 -0.25098476 0.78200006
0.094584785 -0.25098476 0.78200006
0.093095265 -0.25098476 0.78200006
0.091605738 -0.25098476 0.78200006
0.090116218 -0.25098476 0.78200006
0.08828669 -0.2500219 0.77900004
0.086802885 -0.2500219 0.77900004
0.085319072 -0.2500219 0.77900004
0.15161908 -0.25828573 0.80000001
0.14972003 -0.25764 0.79800004
0.14801432 -0.25731716 0.79700005
0.14612861 -0.25667143 0.79500002
0.14425051 -0.25602573 0.79300004
0.14238001 -0.25538 0.79100001
0.14087336 -0.25538 0.79100001
0.13936669 -0.25538 0.79100001
0.13786002 -0.25538 0.79100001
0.13635336 -0.25538 0.79100001
0.13484669 -0.25538 0.79100001
0.13334002 -0.25538 0.79100001
0.13150002 -0.25473431 0.78900003
0.12999716 -0.25473431 0.78900003
0.12849431 -0.25473431 0.78900003
0.12683049 -0.25441143 0.78800005
0.12548859 -0.25473431 0.78900003
0.12398574 -0.25473431 0.78900003
0.12232765 -0.25441143 0.78800005
0.12098002 -0.25473431 0.78900003
0.11902288 -0.25376573 0.78600001
0.11752574 -0.25376573 0.78600001
0.1160286 -0.25376573 0.78600001
0.11453146 -0.25376573 0.78600001
0.11303432 -0.25376573 0.78600001
0.11125336 -0.25312001 0.78400004
0.10976002 -0.25312001 0.78400004
0.1079905 -0.25247431 0.78200006
0.10650098 -0.25247431 0.78200006
0.10501146 -0.25247431 0.78200006
0.10325717 -0.25182858 0.78000003
0.10177145 -0.25182858 0.78000003
0.10028574 -0.25182858 0.78000003
0.098800026 -0.25182858 0.78000003
0.097314313 -0.25182858 0.78000003
0.096074313 -0.25247431 0.78200006
0.094584785 -0.25247431 0.78200006
0.14972003 -0.25916001 0.79800004
0.14801432 -0.25883526 0.79700005
0.14612861 -0.25818571 0.79500002
0.14461432 -0.25818571 0.79500002
0.14274004 -0.2575362 0.79300004
0.14087337 -0.25688669 0.79100001
0.1393667 -0.25688669 0.79100001
0.13786003 -0.25688669 0.79100001
0.13635337 -0.25688669 0.79100001
0.1348467 -0.25688669 0.79100001
0.13334003 -0.25688669 0.79100001
0.13183337 -0.25688669 0.79100001
0.1303267 -0.25688669 0.79100001
0.12849432 -0.25623715 0.78900003
0.12699147 -0.25623715 0.78900003
0.12548861 -0.25623715 0.78900003
0.12398574 -0.25623715 0.78900003
0.12248288 -0.25623715 0.78900003
0.12128669 -0.25688669 0.79100001
0.11902288 -0.25526285 0.78600001
0.11752574 -0.25526285 0.78600001
0.1160286 -0.25526285 0.78600001
0.11453146 -0.25526285 0.78600001
0.11303432 -0.25526285 0.78600001
0.11153717 -0.25526285 0.78600001
0.10976002 -0.25461334 0.78400004
0.1082667 -0.25461334 0.78400004
0.10677336 -0.25461334 0.78400004
0.10528003 -0.25461334 0.78400004
0.10325717 -0.25331429 0.78000003
0.10177145 -0.25331429 0.78000003
0.10028574 -0.25331429 0.78000003
0.15009527 -0.26133335 0.80000001
0.14820004 -0.26068002 0.79800004
0.14649622 -0.26035336 0.79700005
0.14461432 -0.2597 0.79500002
0.14274004 -0.25904667 0.79300004
0.14122956 -0.25904667 0.79300004
0.13971908 -0.25904667 0.79300004
0.13786003 -0.25839335 0.79100001
0.13669813 -0.25904667 0.79300004
0.13518766 -0.25904667 0.79300004
0.13367718 -0.25904667 0.79300004
0.1321667 -0.25904667 0.79300004
0.13065623 -0.25904667 0.79300004
0.12882003 -0.25839335 0.79100001
0.12731336 -0.25839335 0.79100001
0.1258067 -0.25839335 0.79100001
0.12430003 -0.25839335 0.79100001
0.12279336 -0.25839335 0.79100001
0.12159336 -0.25904667 0.79300004
0.11932574 -0.25741336 0.78800005
0.11782479 -0.25741336 0.78800005
0.11632384 -0.25741336 0.78800005
0.11453146 -0.25676 0.78600001
0.11303432 -0.25676 0.78600001
0.11153717 -0.25676 0.78600001
0.10976002 -0.25610667 0.78400004
0.1082667 -0.25610667 0.78400004
0.14704765 -0.26285714 0.80000001
0.14552385 -0.26285714 0.80000001
0.14274004 -0.26055714 0.79300004
0.14122956 -0.26055714 0.79300004
0.13971908 -0.26055714 0.79300004
0.13820861 -0.26055714 0.79300004
0.13669813 -0.26055714 0.79300004
0.13518766 -0.26055714 0.79300004
0.13367718 -0.26055714 0.79300004
0.13250004 -0.26121429 0.79500002
0.13098575 -0.26121429 0.79500002
0.12914574 -0.26055714 0.79300004
0.12795718 -0.26121429 0.79500002
0.12644289 -0.26121429 0.79500002
0.12461431 -0.26055714 0.79300004
0.12341432 -0.26121429 0.79500002
0.12190003 -0.26121429 0.79500002
0.12008289 -0.26055714 0.79300004
0.11857241 -0.26055714 0.79300004
0.11632384 -0.25891429 0.78800005
0.11453146 -0.25825715 0.78600001
0.14516003 -0.26372001 0.79800004
0.14346004 -0.26338953 0.79700005
0.14194193 -0.26338953 0.79700005
0.14042385 -0.26338953 0.79700005
0.13890575 -0.26338953 0.79700005
0.13738765 -0.26338953 0.79700005
0.13586956 -0.26338953 0.79700005
0.13435146 -0.26338953 0.79700005
0.13300003 -0.26372001 0.79800004
0.13148004 -0.26372001 0.79800004
0.12996003 -0.26372001 0.79800004
0.12844004 -0.26372001 0.79800004
0.12676099 -0.26338953 0.79700005
0.12540004 -0.26372001 0.79800004
0.12388003 -0.26372001 0.79800004
0.1222067 -0.26338953 0.79700005
0.12068859 -0.26338953 0.79700005
0.1191705 -0.26338953 0.79700005
0.14364004 -0.26524001 0.79800004
0.14212003 -0.26524001 0.79800004
0.14060004 -0.26524001 0.79800004
0.13908003 -0.26524001 0.79800004
0.13756004 -0.26524001 0.79800004
0.13604003 -0.26524001 0.79800004
0.13452004 -0.26524001 0.79800004
0.13333337 -0.26590478 0.80000001
0.13180956 -0.26590478 0.80000001
0.14247623 -0.26742858 0.80000001
0.14095242 -0.26742858 0.80000001
0.1394286 -0.26742858 0.80000001
0.13790479 -0.26742858 0.80000001
0.13638099 -0.26742858 0.80000001
0.13452004 -0.26676002 0.79800004
0.13333337 -0.26742858 0.80000001
0.13638099 -0.2689524 0.80000001
0.13485718 -0.2689524 0.80000001
