0.754133 0.282299 -0.107693 
 0.747108 0.293042 -0.104170 
 0.743108 0.302767 -0.081164 
 0.736064 0.313540 -0.077632 
 0.729021 0.324313 -0.074100 
 0.749861 0.264708 -0.112855 
 0.742837 0.275451 -0.109333 
 0.735813 0.286195 -0.105810 
 0.731781 0.295901 -0.082809 
 0.724738 0.306674 -0.079277 
 0.717694 0.317447 -0.075745 
 0.710651 0.328219 -0.072213 
 0.738566 0.257860 -0.114495 
 0.731542 0.268604 -0.110973 
 0.727499 0.278262 -0.087985 
 0.720455 0.289035 -0.084453 
 0.713412 0.299808 -0.080921 
 0.706368 0.310580 -0.077389 
 0.705134 0.319418 -0.034851 
 0.698053 0.330249 -0.031300 
 0.730259 0.249851 -0.096693 
 0.723216 0.260623 -0.093161 
 0.716172 0.271396 -0.089629 
 0.709129 0.282169 -0.086098 
 0.703541 0.292419 -0.072826 
 0.696488 0.303206 -0.069289 
 0.692309 0.313007 -0.046254 
 0.689520 0.322388 -0.013444 
 0.682419 0.333249 -0.009884 
 0.718933 0.242984 -0.098338 
 0.711889 0.253757 -0.094806 
 0.704846 0.264530 -0.091274 
 0.697802 0.275302 -0.087742 
 0.692200 0.285543 -0.074473 
 0.685147 0.296331 -0.070936 
 0.680937 0.306113 -0.047905 
 0.675277 0.316442 -0.034607 
 0.671000 0.326326 -0.011542 
 0.663899 0.337187 -0.007981 
 0.707607 0.236118 -0.099982 
 0.700563 0.246891 -0.096450 
 0.693520 0.257663 -0.092918 
 0.687911 0.267880 -0.079656 
 0.680858 0.278668 -0.076119 
 0.673805 0.289455 -0.072583 
 0.669564 0.299219 -0.049556 
 0.663889 0.309538 -0.036260 
 0.659581 0.319404 -0.013200 
 0.652481 0.330265 -0.009639 
 0.697729 0.228643 -0.091913 
 0.690676 0.239430 -0.088376 
 0.682193 0.250797 -0.094563 
 0.676570 0.261005 -0.081303 
 0.672336 0.270691 -0.058300 
 0.665264 0.281508 -0.054754 
 0.658192 0.292324 -0.051207 
 0.652501 0.302634 -0.037914 
 0.648163 0.312482 -0.014857 
 0.642424 0.322865 -0.001540 
 0.635314 0.333740 0.002026 
 0.686387 0.221767 -0.093559 
 0.682181 0.231347 -0.070590 
 0.672281 0.243342 -0.086486 
 0.668036 0.252980 -0.063497 
 0.660964 0.263797 -0.059951 
 0.653892 0.274613 -0.056405 
 0.646820 0.285430 -0.052858 
 0.641113 0.295731 -0.039567 
 0.634031 0.306562 -0.036016 
 0.629643 0.316420 -0.012955 
 0.622542 0.327281 -0.009394 
 0.615441 0.338141 -0.005833 
 0.677880 0.213636 -0.075787 
 0.670808 0.224453 -0.072241 
 0.663736 0.235269 -0.068695 
 0.656664 0.246086 -0.065148 
 0.650971 0.256333 -0.051874 
 0.642519 0.267719 -0.058056 
 0.635447 0.278536 -0.054510 
 0.628375 0.289352 -0.050963 
 0.621303 0.300169 -0.047417 
 0.615562 0.310490 -0.034118 
 0.608480 0.321321 -0.030567 
 0.601398 0.332152 -0.027016 
 0.667910 0.206105 -0.067731 
 0.660828 0.216936 -0.064180 
 0.653746 0.227767 -0.060629 
 0.646665 0.238599 -0.057078 
 0.639583 0.249430 -0.053527 
 0.632501 0.260261 -0.049976 
 0.625419 0.271092 -0.046425 
 0.618338 0.281924 -0.042874 
 0.611256 0.292755 -0.039323 
 0.604174 0.303586 -0.035772 
 0.599705 0.313436 -0.012710 
 0.592604 0.324296 -0.009149 
 0.656522 0.199201 -0.069385 
 0.652195 0.208769 -0.046414 
 0.642359 0.220864 -0.062282 
 0.635277 0.231695 -0.058731 
 0.628195 0.242526 -0.055180 
 0.621113 0.253357 -0.051629 
 0.614031 0.264189 -0.048078 
 0.606950 0.275020 -0.044527 
 0.599868 0.285851 -0.040976 
 0.592786 0.296682 -0.037425 
 0.585704 0.307514 -0.033874 
 0.578623 0.318345 -0.030323 
 0.640776 0.201847 -0.048071 
 0.633675 0.212707 -0.044511 
 0.626574 0.223568 -0.040950 
 0.619473 0.234428 -0.037389 
 0.609725 0.246454 -0.053283 
 0.602644 0.257285 -0.049732 
 0.595562 0.268116 -0.046181 
 0.588480 0.278948 -0.042629 
 0.583969 0.288731 -0.019586 
 0.576868 0.299591 -0.016025 
 0.569767 0.310452 -0.012465 
 0.630704 0.194274 -0.040024 
 0.622256 0.205785 -0.046169 
 0.615155 0.216646 -0.042608 
 0.608055 0.227506 -0.039047 
 0.598338 0.239550 -0.054936 
 0.591256 0.250382 -0.051385 
 0.584174 0.261213 -0.047834 
 0.577092 0.272044 -0.044283 
 0.572550 0.281809 -0.021244 
 0.565449 0.292669 -0.017683 
 0.558348 0.303530 -0.014123 
 0.619270 0.187343 -0.041684 
 0.612159 0.198218 -0.038119 
 0.603737 0.209723 -0.044266 
 0.596636 0.220584 -0.040705 
 0.589535 0.231444 -0.037145 
 0.582434 0.242305 -0.033584 
 0.575333 0.253165 -0.030023 
 0.568232 0.264026 -0.026463 
 0.561131 0.274886 -0.022902 
 0.555275 0.285219 -0.009595 
 0.548165 0.296094 -0.006029 
 0.607836 0.180411 -0.043344 
 0.600725 0.191286 -0.039779 
 0.593615 0.202161 -0.036213 
 0.586504 0.213037 -0.032648 
 0.579394 0.223912 -0.029082 
 0.571016 0.235383 -0.035242 
 0.563915 0.246243 -0.031681 
 0.556814 0.257104 -0.028120 
 0.550952 0.267412 -0.014821 
 0.546300 0.277213 0.008233 
 0.539171 0.288117 0.011809 
 0.532041 0.299022 0.015384 
 0.599002 0.172123 -0.025607 
 0.591872 0.183027 -0.022032 
 0.584743 0.193932 -0.018457 
 0.575070 0.206105 -0.034308 
 0.567960 0.216980 -0.030742 
 0.560849 0.227855 -0.027177 
 0.553739 0.238730 -0.023612 
 0.549095 0.248454 -0.000581 
 0.541965 0.259358 0.002994 
 0.534836 0.270263 0.006569 
 0.527706 0.281167 0.010144 
 0.520576 0.292071 0.013719 
 0.587537 0.165173 -0.027271 
 0.580408 0.176077 -0.023696 
 0.573278 0.186981 -0.020121 
 0.566148 0.197886 -0.016546 
 0.559019 0.208790 -0.012971 
 0.549415 0.220924 -0.028837 
 0.542305 0.231799 -0.025272 
 0.537630 0.241503 -0.002246 
 0.530500 0.252408 0.001329 
 0.525768 0.262200 0.024383 
 0.518619 0.273134 0.027968 
 0.509112 0.285121 0.012054 
 0.501982 0.296026 0.015629 
 0.578611 0.156828 -0.009548 
 0.571463 0.167762 -0.005963 
 0.564314 0.178696 -0.002378 
 0.557165 0.189629 0.001206 
 0.550016 0.200563 0.004791 
 0.540424 0.212744 -0.011061 
 0.533295 0.223649 -0.007485 
 0.528570 0.233364 0.015545 
 0.521421 0.244298 0.019130 
 0.514273 0.255232 0.022714 
 0.507124 0.266165 0.026299 
 0.497647 0.278171 0.010390 
 0.490517 0.289075 0.013965 
 0.567116 0.149859 -0.011217 
 0.559967 0.160793 -0.007632 
 0.552818 0.171727 -0.004047 
 0.545669 0.182660 -0.000463 
 0.538521 0.193594 0.003122 
 0.531372 0.204528 0.006707 
 0.524223 0.215462 0.010291 
 0.517074 0.226395 0.013876 
 0.509926 0.237329 0.017461 
 0.502777 0.248263 0.021045 
 0.495628 0.259196 0.024630 
 0.488479 0.270130 0.028215 
 0.481331 0.281064 0.031799 
 0.556859 0.142175 -0.003196 
 0.549700 0.153123 0.000394 
 0.541323 0.164758 -0.005716 
 0.534174 0.175692 -0.002132 
 0.527025 0.186625 0.001453 
 0.519876 0.197559 0.005038 
 0.512728 0.208493 0.008622 
 0.505579 0.219426 0.012207 
 0.498430 0.230360 0.015792 
 0.491281 0.241294 0.019376 
 0.484133 0.252227 0.022961 
 0.476984 0.263161 0.026546 
 0.469835 0.274095 0.030130 
 0.545348 0.135197 -0.004867 
 0.538190 0.146145 -0.001278 
 0.529827 0.157789 -0.007385 
 0.522678 0.168723 -0.003801 
 0.515530 0.179656 -0.000216 
 0.508381 0.190590 0.003369 
 0.501232 0.201524 0.006953 
 0.494083 0.212457 0.010538 
 0.486935 0.223391 0.014123 
 0.479786 0.234325 0.017707 
 0.473765 0.244680 0.031027 
 0.465488 0.256192 0.024877 
 0.458340 0.267126 0.028461 
 0.451191 0.278060 0.032046 
 0.547082 0.113526 0.038274 
 0.538668 0.125281 0.032203 
 0.526679 0.139167 -0.002949 
 0.519520 0.150115 0.000640 
 0.511183 0.161754 -0.005470 
 0.504034 0.172687 -0.001885 
 0.496885 0.183621 0.001700 
 0.489736 0.194555 0.005284 
 0.482588 0.205488 0.008869 
 0.475439 0.216422 0.012454 
 0.469412 0.226753 0.025767 
 0.462254 0.237702 0.029356 
 0.455095 0.248650 0.032946 
 0.447937 0.259598 0.036535 
 0.440779 0.270547 0.040124 
 0.542701 0.095479 0.032979 
 0.535495 0.106501 0.036592 
 0.527096 0.118266 0.030522 
 0.517533 0.130730 0.014756 
 0.508009 0.143137 -0.001031 
 0.500851 0.154085 0.002559 
 0.493693 0.165033 0.006148 
 0.486534 0.175982 0.009738 
 0.479376 0.186930 0.013327 
 0.472218 0.197878 0.016916 
 0.465059 0.208827 0.020506 
 0.457901 0.219775 0.024095 
 0.452936 0.229529 0.047147 
 0.445759 0.240507 0.050746 
 0.438581 0.251484 0.054345 
 0.431404 0.262462 0.057944 
 0.545525 0.066411 0.024069 
 0.538319 0.077433 0.027683 
 0.531113 0.088454 0.031296 
 0.523907 0.099476 0.034910 
 0.516700 0.110497 0.038523 
 0.505992 0.123734 0.013080 
 0.498814 0.134711 0.016679 
 0.489340 0.147107 0.000887 
 0.482182 0.158055 0.004477 
 0.475023 0.169004 0.008066 
 0.467865 0.179952 0.011656 
 0.460707 0.190900 0.015245 
 0.453548 0.201849 0.018835 
 0.448572 0.211554 0.041872 
 0.441395 0.222532 0.045471 
 0.436361 0.232326 0.068537 
 0.429164 0.243333 0.072146 
 0.421968 0.254340 0.075755 
 0.536337 0.057745 0.041706 
 0.526731 0.070408 0.026000 
 0.519525 0.081429 0.029614 
 0.512319 0.092451 0.033227 
 0.505113 0.103472 0.036841 
 0.496754 0.115241 0.030771 
 0.489558 0.126248 0.034379 
 0.480095 0.138692 0.018602 
 0.472918 0.149669 0.022201 
 0.465740 0.160647 0.025800 
 0.458563 0.171625 0.029399 
 0.453575 0.181283 0.052423 
 0.446378 0.192290 0.056031 
 0.439181 0.203296 0.059640 
 0.433051 0.213687 0.072975 
 0.425845 0.224709 0.076588 
 0.418638 0.235731 0.080202 
 0.410395 0.247324 0.074074 
 0.524719 0.050701 0.040019 
 0.517493 0.061752 0.043642 
 0.510268 0.072803 0.047265 
 0.503043 0.083853 0.050888 
 0.493525 0.096447 0.035158 
 0.486318 0.107469 0.038772 
 0.479112 0.118490 0.042385 
 0.471906 0.129512 0.045998 
 0.464700 0.140533 0.049612 
 0.457494 0.151555 0.053225 
 0.450288 0.162577 0.056839 
 0.442002 0.174267 0.050742 
 0.434806 0.185274 0.054351 
 0.428669 0.195641 0.067679 
 0.421463 0.206663 0.071293 
 0.414257 0.217684 0.074906 
 0.409114 0.227514 0.097988 
 0.514269 0.042818 0.047987 
 0.505875 0.054708 0.041955 
 0.498649 0.065759 0.045578 
 0.491424 0.076810 0.049201 
 0.484199 0.087861 0.052824 
 0.474731 0.100444 0.037089 
 0.467524 0.111466 0.040703 
 0.460318 0.122487 0.044316 
 0.453112 0.133509 0.047929 
 0.445906 0.144530 0.051543 
 0.438700 0.155552 0.055156 
 0.431493 0.166573 0.058770 
 0.424287 0.177595 0.062383 
 0.419171 0.187318 0.085432 
 0.411945 0.198368 0.089055 
 0.404720 0.209419 0.092678 
 0.397495 0.220470 0.096301 
 0.519451 0.011878 0.058328 
 0.512197 0.022973 0.061965 
 0.502635 0.035765 0.046298 
 0.495400 0.046831 0.049925 
 0.488165 0.057896 0.053553 
 0.480930 0.068961 0.057181 
 0.472580 0.080817 0.051137 
 0.465355 0.091868 0.054760 
 0.458129 0.102919 0.058383 
 0.450904 0.113969 0.062006 
 0.443679 0.125020 0.065629 
 0.436453 0.136071 0.069252 
 0.429228 0.147122 0.072875 
 0.422003 0.158173 0.076499 
 0.414777 0.169223 0.080122 
 0.407552 0.180274 0.083745 
 0.400327 0.191325 0.087368 
 0.393102 0.202376 0.090991 
 0.385876 0.213427 0.094614 
 0.510101 0.003032 0.075916 
 0.502828 0.014156 0.079563 
 0.493278 0.026996 0.063909 
 0.486024 0.038091 0.067547 
 0.478770 0.049185 0.071184 
 0.471516 0.060280 0.074822 
 0.462061 0.072974 0.059120 
 0.454827 0.084039 0.062748 
 0.446511 0.095875 0.056696 
 0.439285 0.106926 0.060319 
 0.432060 0.117977 0.063942 
 0.424835 0.129027 0.067566 
 0.417609 0.140078 0.071189 
 0.410384 0.151129 0.074812 
 0.403159 0.162180 0.078435 
 0.396948 0.172563 0.091770 
 0.388708 0.184281 0.085681 
 0.381483 0.195332 0.089304 
 0.374257 0.206383 0.092927 
 0.498405 -0.004058 0.074218 
 0.491132 0.007066 0.077865 
 0.483859 0.018189 0.081512 
 0.474359 0.031019 0.065853 
 0.469313 0.040437 0.088806 
 0.462040 0.051561 0.092453 
 0.452597 0.064303 0.076765 
 0.445343 0.075398 0.080403 
 0.435958 0.088052 0.064686 
 0.428723 0.099117 0.068314 
 0.421488 0.110183 0.071942 
 0.413216 0.121984 0.065879 
 0.405991 0.133035 0.069502 
 0.399783 0.143379 0.082826 
 0.392548 0.154444 0.086453 
 0.385313 0.165510 0.090081 
 0.378078 0.176575 0.093709 
 0.374762 0.185049 0.136218 
 0.367488 0.196173 0.139865 
 0.001083 0.739569 0.119367 
 -0.005998 0.750400 0.122918 
 -0.013562 0.761118 0.116499 
 -0.020634 0.771935 0.120045 
 -0.050225 0.814642 0.104250 
 -0.057268 0.825415 0.107781 
 -0.063897 0.836403 0.121317 
 -0.070950 0.847190 0.124853 
 -0.078399 0.857733 0.118377 
 -0.086215 0.867986 0.101873 
 -0.093239 0.878730 0.105396 
 -0.100263 0.889473 0.108918 
 0.493983 -0.022273 0.068873 
 0.486710 -0.011149 0.072520 
 0.479437 -0.000025 0.076167 
 0.472163 0.011099 0.079814 
 0.464890 0.022223 0.083461 
 0.457617 0.033347 0.087108 
 0.450344 0.044471 0.090755 
 0.443071 0.055595 0.094402 
 0.435798 0.066719 0.098049 
 0.424323 0.080999 0.062997 
 0.419170 0.090516 0.085984 
 0.411916 0.101611 0.089621 
 0.402619 0.114195 0.073881 
 0.395384 0.125261 0.077509 
 0.390154 0.134895 0.100534 
 0.382900 0.145989 0.104171 
 0.377612 0.155711 0.127226 
 0.370339 0.166835 0.130873 
 0.363066 0.177959 0.134520 
 0.355793 0.189083 0.138167 
 0.083883 0.582071 -0.011127 
 0.078098 0.592553 0.012176 
 0.071074 0.603297 0.015699 
 0.020837 0.678498 0.020487 
 0.014879 0.689244 0.043877 
 0.010941 0.700172 0.107060 
 0.003859 0.711003 0.110611 
 -0.003223 0.721834 0.114162 
 -0.010304 0.732665 0.117713 
 -0.017386 0.743497 0.121264 
 -0.024934 0.754224 0.114848 
 -0.032007 0.765041 0.118394 
 -0.040421 0.775458 0.092010 
 -0.047464 0.786230 0.095541 
 -0.054508 0.797003 0.099073 
 -0.061551 0.807776 0.102605 
 -0.068595 0.818548 0.106137 
 -0.075239 0.829527 0.119670 
 -0.082292 0.840315 0.123207 
 -0.089345 0.851102 0.126743 
 -0.096769 0.861639 0.120264 
 -0.103812 0.872412 0.123796 
 -0.110504 0.883464 0.137353 
 -0.116873 0.894840 0.160949 
 -0.123945 0.905656 0.164496 
 -0.131017 0.916473 0.168042 
 -0.137776 0.927628 0.181632 
 -0.144858 0.938459 0.185183 
 -0.151940 0.949290 0.188735 
 -0.159021 0.960121 0.192286 
 0.490691 -0.041431 0.073152 
 0.483408 -0.030293 0.076804 
 0.476125 -0.019154 0.080456 
 0.467741 -0.007115 0.074469 
 0.460468 0.004009 0.078116 
 0.453195 0.015133 0.081763 
 0.445921 0.026257 0.085410 
 0.438648 0.037381 0.089057 
 0.431375 0.048505 0.092704 
 0.424102 0.059629 0.096351 
 0.416829 0.070753 0.099998 
 0.409556 0.081877 0.103645 
 0.402283 0.093001 0.107292 
 0.395009 0.104125 0.110939 
 0.387736 0.115249 0.114587 
 0.380463 0.126373 0.118234 
 0.373190 0.137497 0.121881 
 0.366885 0.147925 0.135234 
 0.359602 0.159064 0.138886 
 0.352319 0.170202 0.142537 
 0.345036 0.181341 0.146189 
 0.086006 0.553982 -0.029667 
 0.079010 0.564682 -0.026159 
 0.072619 0.575242 -0.012763 
 0.066803 0.585706 0.010536 
 0.059779 0.596449 0.014059 
 0.052754 0.607193 0.017581 
 0.044598 0.618098 0.001288 
 0.037593 0.628812 0.004801 
 0.030588 0.639526 0.008313 
 0.023582 0.650240 0.011826 
 0.016577 0.660955 0.015339 
 0.009572 0.671669 0.018851 
 0.002567 0.682383 0.022364 
 -0.002443 0.693182 0.065642 
 -0.009486 0.703955 0.069174 
 -0.015090 0.714880 0.102558 
 -0.022162 0.725696 0.106104 
 -0.030156 0.736353 0.089730 
 -0.037209 0.747140 0.093267 
 -0.044704 0.757819 0.086833 
 -0.051747 0.768591 0.090365 
 -0.058790 0.779364 0.093897 
 -0.065834 0.790137 0.097429 
 -0.072877 0.800909 0.100961 
 -0.079921 0.811682 0.104493 
 -0.086964 0.822455 0.108024 
 -0.094008 0.833228 0.111556 
 -0.101051 0.844000 0.115088 
 -0.108095 0.854773 0.118620 
 -0.115138 0.865545 0.122152 
 -0.121846 0.876588 0.135707 
 -0.128899 0.887376 0.139243 
 -0.135318 0.898762 0.162845 
 -0.142390 0.909579 0.166391 
 -0.149164 0.920724 0.179979 
 -0.156246 0.931555 0.183530 
 -0.163328 0.942387 0.187081 
 -0.170678 0.952845 0.180576 
 -0.177751 0.963662 0.184122 
 0.488512 -0.061607 0.087035 
 0.481210 -0.050439 0.090696 
 0.471697 -0.037392 0.075104 
 0.464414 -0.026254 0.078756 
 0.457132 -0.015115 0.082408 
 0.448772 -0.003081 0.076418 
 0.441499 0.008043 0.080065 
 0.434226 0.019167 0.083712 
 0.426953 0.030291 0.087359 
 0.419679 0.041415 0.091006 
 0.412406 0.052539 0.094653 
 0.405133 0.063663 0.098300 
 0.397860 0.074787 0.101947 
 0.391587 0.085132 0.115274 
 0.383314 0.097035 0.109241 
 0.376041 0.108159 0.112888 
 0.369739 0.118548 0.126230 
 0.362456 0.129687 0.129882 
 0.357078 0.139415 0.152941 
 0.349777 0.150583 0.156602 
 0.342475 0.161751 0.160264 
 0.335173 0.172919 0.163925 
 0.204579 0.352363 -0.045490 
 0.197536 0.363136 -0.041959 
 0.188970 0.374733 -0.058027 
 0.180442 0.386272 -0.074114 
 0.173437 0.396986 -0.070601 
 0.166432 0.407701 -0.067088 
 0.081752 0.536463 -0.034808 
 0.074756 0.547163 -0.031301 
 0.068359 0.557698 -0.017911 
 0.061354 0.568413 -0.014398 
 0.054349 0.579127 -0.010886 
 0.047344 0.589841 -0.007373 
 0.040339 0.600555 -0.003860 
 0.033333 0.611269 -0.000347 
 0.026328 0.621983 0.003165 
 0.019323 0.632697 0.006678 
 0.012318 0.643412 0.010191 
 0.005312 0.654126 0.013703 
 -0.001693 0.664840 0.017216 
 -0.008698 0.675554 0.020729 
 -0.014736 0.686292 0.044119 
 -0.021760 0.697036 0.047641 
 -0.027856 0.707862 0.071061 
 -0.034899 0.718634 0.074593 
 -0.041943 0.729407 0.078125 
 -0.048986 0.740180 0.081657 
 -0.056030 0.750952 0.085189 
 -0.063073 0.761725 0.088721 
 -0.070117 0.772498 0.092252 
 -0.077160 0.783270 0.095784 
 -0.084204 0.794043 0.099316 
 -0.091247 0.804816 0.102848 
 -0.098291 0.815588 0.106380 
 -0.105334 0.826361 0.109912 
 -0.112378 0.837134 0.113444 
 -0.119421 0.847907 0.116976 
 -0.126465 0.858679 0.120507 
 -0.133187 0.869713 0.134060 
 -0.139618 0.881051 0.157647 
 -0.146690 0.891868 0.161193 
 -0.153470 0.902989 0.174775 
 -0.160552 0.913820 0.178326 
 -0.167634 0.924652 0.181877 
 -0.174715 0.935483 0.185428 
 -0.182051 0.945951 0.178925 
 -0.189123 0.956767 0.182471 
 0.495888 -0.095090 0.116430 
 0.486310 -0.081878 0.100890 
 0.476770 -0.068725 0.085330 
 0.469468 -0.057557 0.088992 
 0.459986 -0.044492 0.073404 
 0.452703 -0.033353 0.077055 
 0.445421 -0.022215 0.080707 
 0.438138 -0.011076 0.084359 
 0.429803 0.000953 0.078367 
 0.423572 0.011201 0.091663 
 0.416290 0.022340 0.095315 
 0.409007 0.033478 0.098966 
 0.401724 0.044617 0.102618 
 0.394442 0.055756 0.106270 
 0.387159 0.066894 0.109922 
 0.379876 0.078033 0.113574 
 0.372593 0.089171 0.117226 
 0.367242 0.098793 0.140252 
 0.361853 0.108474 0.163298 
 0.354532 0.119671 0.166969 
 0.347211 0.130868 0.170640 
 0.339890 0.142065 0.174311 
 0.332569 0.153262 0.177982 
 0.325248 0.164459 0.181653 
 0.317927 0.175656 0.185324 
 0.200296 0.334724 -0.050667 
 0.191723 0.346399 -0.066711 
 0.184699 0.357142 -0.063189 
 0.177674 0.367886 -0.059667 
 0.169178 0.379443 -0.075749 
 0.162173 0.390157 -0.072236 
 0.156601 0.400116 -0.049100 
 0.150992 0.410133 -0.025944 
 0.143948 0.420905 -0.022412 
 0.136905 0.431678 -0.018880 
 0.129861 0.442451 -0.015348 
 0.122818 0.453223 -0.011816 
 0.115774 0.463996 -0.008284 
 0.108731 0.474769 -0.004752 
 0.078110 0.518727 -0.030084 
 0.071105 0.529441 -0.026572 
 0.064100 0.540155 -0.023059 
 0.057094 0.550869 -0.019546 
 0.050089 0.561584 -0.016034 
 0.043084 0.572298 -0.012521 
 0.036079 0.583012 -0.009008 
 0.029074 0.593726 -0.005496 
 0.022069 0.604440 -0.001983 
 0.015063 0.615154 0.001530 
 0.008058 0.625868 0.005042 
 0.001053 0.636583 0.008555 
 -0.005952 0.647297 0.012068 
 -0.011983 0.657958 0.035435 
 -0.019963 0.668725 0.019093 
 -0.026032 0.679445 0.042479 
 -0.033056 0.690188 0.046001 
 -0.040080 0.700931 0.049524 
 -0.047105 0.711675 0.053046 
 -0.054129 0.722418 0.056568 
 -0.060313 0.733313 0.080012 
 -0.068178 0.743905 0.063613 
 -0.074400 0.754859 0.087076 
 -0.081443 0.765631 0.090608 
 -0.088487 0.776404 0.094140 
 -0.095530 0.787177 0.097672 
 -0.102574 0.797949 0.101204 
 -0.109617 0.808722 0.104735 
 -0.116661 0.819495 0.108267 
 -0.123704 0.830268 0.111799 
 -0.130748 0.841040 0.115331 
 -0.137791 0.851813 0.118863 
 -0.144529 0.862837 0.132413 
 -0.150990 0.874157 0.155996 
 -0.158062 0.884974 0.159542 
 -0.164858 0.896086 0.173121 
 -0.171940 0.906917 0.176672 
 -0.179021 0.917748 0.180223 
 -0.186103 0.928579 0.183774 
 -0.193423 0.939056 0.177273 
 -0.200496 0.949873 0.180820 
 -0.207568 0.960690 0.184366 
 0.484085 -0.102245 0.114716 
 0.474537 -0.089015 0.099181 
 0.465028 -0.075843 0.083625 
 0.457727 -0.064675 0.087287 
 0.450425 -0.053507 0.090948 
 0.440992 -0.040453 0.075355 
 0.433710 -0.029314 0.079007 
 0.426427 -0.018176 0.082659 
 0.419144 -0.007037 0.086311 
 0.411861 0.004102 0.089962 
 0.404579 0.015240 0.093614 
 0.397296 0.026379 0.097266 
 0.390013 0.037517 0.100918 
 0.381742 0.049482 0.094904 
 0.375448 0.059795 0.108222 
 0.370104 0.069339 0.131224 
 0.362802 0.080507 0.134886 
 0.357401 0.090140 0.157917 
 0.350080 0.101337 0.161588 
 0.344622 0.111057 0.184648 
 0.337282 0.122283 0.188329 
 0.328117 0.134928 0.172602 
 0.297330 0.164184 -0.076163 
 0.291151 0.174320 -0.062903 
 0.284069 0.185152 -0.059352 
 0.276113 0.196633 -0.065524 
 0.269041 0.207450 -0.061978 
 0.261969 0.218267 -0.058431 
 0.253206 0.230297 -0.074360 
 0.245318 0.241676 -0.080566 
 0.238274 0.252449 -0.077034 
 0.231231 0.263221 -0.073502 
 0.222574 0.275091 -0.089485 
 0.217144 0.284767 -0.066439 
 0.210100 0.295540 -0.062907 
 0.203057 0.306312 -0.059375 
 0.196013 0.317085 -0.055843 
 0.187452 0.328808 -0.071874 
 0.180427 0.339551 -0.068351 
 0.173403 0.350295 -0.064829 
 0.166379 0.361038 -0.061307 
 0.157913 0.372614 -0.077385 
 0.150908 0.383328 -0.073872 
 0.145306 0.393268 -0.050740 
 0.138281 0.404012 -0.047218 
 0.132622 0.414039 -0.024056 
 0.125578 0.424812 -0.020524 
 0.118535 0.435584 -0.016993 
 0.111492 0.446357 -0.013461 
 0.104448 0.457130 -0.009929 
 0.097405 0.467903 -0.006397 
 0.090361 0.478675 -0.002865 
 0.082087 0.489959 -0.019039 
 0.075062 0.500702 -0.015517 
 0.066845 0.511898 -0.031720 
 0.059840 0.522612 -0.028207 
 0.052835 0.533326 -0.024695 
 0.045830 0.544040 -0.021182 
 0.038824 0.554755 -0.017669 
 0.031819 0.565469 -0.014157 
 0.024814 0.576183 -0.010644 
 0.017809 0.586897 -0.007131 
 0.010804 0.597611 -0.003619 
 0.003799 0.608325 -0.000106 
 -0.003207 0.619039 0.003407 
 -0.010212 0.629754 0.006919 
 -0.017217 0.640468 0.010432 
 -0.024222 0.651182 0.013945 
 -0.031228 0.661896 0.017458 
 -0.037327 0.672597 0.040839 
 -0.044351 0.683340 0.044361 
 -0.051376 0.694084 0.047884 
 -0.058400 0.704827 0.051406 
 -0.065424 0.715571 0.054928 
 -0.072449 0.726314 0.058451 
 -0.079473 0.737057 0.061973 
 -0.086498 0.747801 0.065495 
 -0.092769 0.758765 0.088964 
 -0.100546 0.769288 0.072540 
 -0.106856 0.780310 0.096027 
 -0.113900 0.791083 0.099559 
 -0.120943 0.801856 0.103091 
 -0.127987 0.812629 0.106623 
 -0.135030 0.823401 0.110155 
 -0.142074 0.834174 0.113687 
 -0.149117 0.844947 0.117218 
 -0.155871 0.855962 0.130766 
 -0.162924 0.866749 0.134303 
 -0.169435 0.878079 0.157891 
 -0.176507 0.888896 0.161437 
 -0.183579 0.899712 0.164984 
 -0.190409 0.910844 0.178570 
 -0.197724 0.921346 0.172076 
 -0.204796 0.932162 0.175622 
 -0.211868 0.942979 0.179169 
 -0.218940 0.953795 0.182715 
 0.477407 -0.118546 0.090130 
 0.472281 -0.109401 0.113003 
 0.462765 -0.096152 0.097472 
 0.453287 -0.082961 0.081921 
 0.445985 -0.071794 0.085582 
 0.438683 -0.060626 0.089243 
 0.429281 -0.047552 0.073655 
 0.421999 -0.036414 0.077307 
 0.414716 -0.025275 0.080958 
 0.407433 -0.014137 0.084610 
 0.400150 -0.002998 0.088262 
 0.392868 0.008141 0.091914 
 0.384593 0.020144 0.085912 
 0.377319 0.031268 0.089559 
 0.370046 0.042392 0.093206 
 0.363737 0.052695 0.106521 
 0.356454 0.063834 0.110173 
 0.349171 0.074972 0.113825 
 0.341889 0.086111 0.117477 
 0.334606 0.097249 0.121129 
 0.309922 0.122596 -0.059375 
 0.302821 0.133457 -0.055814 
 0.295720 0.144317 -0.052254 
 0.285957 0.157289 -0.077814 
 0.278885 0.168106 -0.074267 
 0.271813 0.178923 -0.070721 
 0.263024 0.191059 -0.086617 
 0.255971 0.201846 -0.083080 
 0.248078 0.213264 -0.089274 
 0.241035 0.224037 -0.085743 
 0.233991 0.234810 -0.082211 
 0.225327 0.246756 -0.098169 
 0.218302 0.257500 -0.094647 
 0.211278 0.268243 -0.091125 
 0.204254 0.278986 -0.087603 
 0.197229 0.289730 -0.084080 
 0.190205 0.300473 -0.080558 
 0.183181 0.311217 -0.077036 
 0.176156 0.321960 -0.073514 
 0.169132 0.332703 -0.069991 
 0.160659 0.344357 -0.086046 
 0.153653 0.355071 -0.082533 
 0.146648 0.365785 -0.079020 
 0.139643 0.376499 -0.075508 
 0.132638 0.387214 -0.071995 
 0.126986 0.397164 -0.048858 
 0.119962 0.407907 -0.045335 
 0.112937 0.418651 -0.041813 
 0.105913 0.429394 -0.038291 
 0.100165 0.439491 -0.015105 
 0.091864 0.450881 -0.031246 
 0.084840 0.461624 -0.027724 
 0.077816 0.472368 -0.024202 
 0.070791 0.483111 -0.020679 
 0.063767 0.493855 -0.017157 
 0.055581 0.505069 -0.033355 
 0.048004 0.516004 -0.039708 
 0.041008 0.526704 -0.036200 
 0.034013 0.537403 -0.032693 
 0.027017 0.548103 -0.029185 
 0.020555 0.558640 -0.015792 
 0.013549 0.569354 -0.012279 
 0.006030 0.580201 -0.018661 
 -0.000965 0.590901 -0.015153 
 -0.007961 0.601600 -0.011645 
 -0.014957 0.612300 -0.008137 
 -0.021477 0.622925 0.005284 
 -0.028482 0.633639 0.008797 
 -0.035487 0.644353 0.012309 
 -0.041598 0.655006 0.035677 
 -0.048623 0.665749 0.039199 
 -0.055647 0.676493 0.042721 
 -0.062671 0.687236 0.046244 
 -0.069696 0.697980 0.049766 
 -0.076720 0.708723 0.053288 
 -0.083744 0.719466 0.056811 
 -0.090769 0.730210 0.060333 
 -0.097793 0.740953 0.063855 
 -0.104817 0.751697 0.067377 
 -0.111842 0.762440 0.070900 
 -0.118866 0.773183 0.074422 
 -0.125226 0.784217 0.097915 
 -0.132915 0.794670 0.081466 
 -0.139939 0.805414 0.084989 
 -0.146357 0.816535 0.108510 
 -0.153400 0.827308 0.112042 
 -0.160444 0.838080 0.115574 
 -0.167212 0.849086 0.129120 
 -0.174265 0.859873 0.132656 
 -0.181318 0.870661 0.136193 
 -0.187880 0.882001 0.159786 
 -0.194952 0.892818 0.163332 
 -0.202024 0.903635 0.166879 
 -0.209096 0.914451 0.170425 
 -0.216168 0.925268 0.173971 
 -0.223637 0.935384 0.157413 
 -0.230690 0.946172 0.160950 
 -0.237743 0.956959 0.164486 
 0.465634 -0.125683 0.088420 
 0.460478 -0.116556 0.111289 
 0.450992 -0.103289 0.095762 
 0.443671 -0.092092 0.099433 
 0.434243 -0.078912 0.083877 
 0.426941 -0.067744 0.087539 
 0.417570 -0.054652 0.071954 
 0.410288 -0.043513 0.075606 
 0.403005 -0.032375 0.079258 
 0.395722 -0.021236 0.082910 
 0.388439 -0.010098 0.086562 
 0.380170 0.001930 0.080567 
 0.372897 0.013054 0.084214 
 0.365624 0.024178 0.087861 
 0.356435 0.036992 0.072185 
 0.351077 0.046426 0.095155 
 0.340049 0.060813 0.060118 
 0.332814 0.071878 0.063746 
 0.325580 0.082943 0.067374 
 0.308334 0.102498 -0.035537 
 0.298503 0.115674 -0.061033 
 0.291402 0.126534 -0.057472 
 0.284301 0.137395 -0.053912 
 0.275457 0.149682 -0.069760 
 0.267513 0.161212 -0.075919 
 0.260440 0.172028 -0.072372 
 0.251682 0.184183 -0.088264 
 0.243796 0.195625 -0.094451 
 0.236752 0.206398 -0.090919 
 0.229709 0.217171 -0.087387 
 0.221055 0.229165 -0.103332 
 0.214031 0.239908 -0.099809 
 0.207007 0.250652 -0.096287 
 0.198430 0.262529 -0.112270 
 0.191425 0.273243 -0.108757 
 0.185934 0.282882 -0.085720 
 0.178909 0.293625 -0.082198 
 0.171885 0.304369 -0.078676 
 0.163404 0.316100 -0.094706 
 0.156399 0.326814 -0.091194 
 0.149394 0.337528 -0.087681 
 0.142389 0.348242 -0.084168 
 0.135384 0.358956 -0.080656 
 0.128378 0.369670 -0.077143 
 0.121373 0.380385 -0.073630 
 0.115690 0.390316 -0.050498 
 0.108666 0.401060 -0.046975 
 0.101642 0.411803 -0.043453 
 0.094617 0.422546 -0.039931 
 0.087593 0.433290 -0.036409 
 0.080569 0.444033 -0.032886 
 0.073544 0.454777 -0.029364 
 0.066520 0.465520 -0.025842 
 0.059496 0.476264 -0.022320 
 0.052471 0.487007 -0.018797 
 0.043750 0.498485 -0.044849 
 0.035643 0.509645 -0.061067 
 0.028666 0.520315 -0.057569 
 0.021690 0.530985 -0.054071 
 0.014713 0.541655 -0.050572 
 0.007737 0.552326 -0.047074 
 0.000760 0.562996 -0.043576 
 -0.006216 0.573666 -0.040078 
 -0.013193 0.584336 -0.036579 
 -0.020169 0.595007 -0.033081 
 -0.027146 0.605677 -0.029583 
 -0.033202 0.616180 -0.006263 
 -0.040197 0.626879 -0.002755 
 -0.047193 0.637579 0.000753 
 -0.053757 0.648238 0.014186 
 -0.060762 0.658952 0.017699 
 -0.066943 0.669645 0.041081 
 -0.073967 0.680388 0.044604 
 -0.080991 0.691132 0.048126 
 -0.088016 0.701875 0.051648 
 -0.095040 0.712619 0.055170 
 -0.102064 0.723362 0.058693 
 -0.109089 0.734105 0.062215 
 -0.116113 0.744849 0.065737 
 -0.123137 0.755592 0.069260 
 -0.130162 0.766336 0.072782 
 -0.136552 0.777351 0.096270 
 -0.143596 0.788123 0.099802 
 -0.151235 0.798566 0.083349 
 -0.157683 0.809669 0.106866 
 -0.164726 0.820441 0.110398 
 -0.171770 0.831214 0.113930 
 -0.178554 0.842210 0.127473 
 -0.185607 0.852998 0.131010 
 -0.192660 0.863785 0.134546 
 -0.199252 0.875107 0.158135 
 -0.206324 0.885924 0.161681 
 -0.213397 0.896740 0.165227 
 -0.220469 0.907557 0.168774 
 -0.227541 0.918374 0.172320 
 -0.234979 0.928509 0.155766 
 -0.242032 0.939296 0.159303 
 -0.249085 0.950083 0.162840 
 0.463355 -0.146165 0.102214 
 0.456015 -0.134938 0.105895 
 0.448675 -0.123712 0.109575 
 0.441334 -0.112485 0.113256 
 0.431899 -0.099228 0.097724 
 0.424578 -0.088031 0.101395 
 0.415199 -0.074862 0.085834 
 0.407897 -0.063694 0.089495 
 0.400596 -0.052526 0.093157 
 0.391294 -0.039474 0.077558 
 0.384011 -0.028336 0.081210 
 0.376728 -0.017197 0.084861 
 0.368475 -0.005160 0.078869 
 0.359278 0.007731 0.063216 
 0.352024 0.018826 0.066854 
 0.342885 0.031629 0.051173 
 0.335650 0.042694 0.054801 
 0.327492 0.054585 0.048760 
 0.318439 0.067256 0.033036 
 0.308520 0.080665 0.007615 
 0.296869 0.095548 -0.037202 
 0.287969 0.107985 -0.053003 
 0.278232 0.121116 -0.078516 
 0.271151 0.131947 -0.074965 
 0.263212 0.143501 -0.081116 
 0.256140 0.154317 -0.077570 
 0.246556 0.167214 -0.103159 
 0.239513 0.177986 -0.099627 
 0.232469 0.188759 -0.096095 
 0.223809 0.200831 -0.112016 
 0.216784 0.211574 -0.108494 
 0.209760 0.222317 -0.104972 
 0.201176 0.234272 -0.120931 
 0.194171 0.244986 -0.117418 
 0.186405 0.256276 -0.123656 
 0.179409 0.266976 -0.120148 
 0.173155 0.277128 -0.106880 
 0.166150 0.287842 -0.103367 
 0.159145 0.298557 -0.099855 
 0.152140 0.309271 -0.096342 
 0.145134 0.319985 -0.092829 
 0.138129 0.330699 -0.089317 
 0.131124 0.341413 -0.085804 
 0.124119 0.352127 -0.082291 
 0.117114 0.362841 -0.078779 
 0.110108 0.373556 -0.075266 
 0.104395 0.383469 -0.052138 
 0.097370 0.394212 -0.048615 
 0.090346 0.404955 -0.045093 
 0.083322 0.415699 -0.041571 
 0.076297 0.426442 -0.038049 
 0.069273 0.437186 -0.034526 
 0.062249 0.447929 -0.031004 
 0.055224 0.458673 -0.027482 
 0.048200 0.469416 -0.023960 
 0.041176 0.480159 -0.020437 
 0.032501 0.491665 -0.046483 
 0.024424 0.502844 -0.062696 
 0.018510 0.513064 -0.039467 
 0.010471 0.524184 -0.055700 
 0.003495 0.534854 -0.052201 
 -0.003482 0.545525 -0.048703 
 -0.010458 0.556195 -0.045205 
 -0.017435 0.566865 -0.041706 
 -0.023464 0.577261 -0.018420 
 -0.031388 0.588206 -0.034710 
 -0.037455 0.598660 -0.011404 
 -0.044451 0.609360 -0.007896 
 -0.051447 0.620059 -0.004388 
 -0.058016 0.630695 0.009038 
 -0.065022 0.641409 0.012551 
 -0.072027 0.652123 0.016064 
 -0.079032 0.662837 0.019576 
 -0.085262 0.673541 0.042964 
 -0.092287 0.684284 0.046486 
 -0.099311 0.695028 0.050008 
 -0.106335 0.705771 0.053530 
 -0.113360 0.716514 0.057053 
 -0.120384 0.727258 0.060575 
 -0.127408 0.738001 0.064097 
 -0.134433 0.748745 0.067620 
 -0.141457 0.759488 0.071142 
 -0.147879 0.770484 0.094626 
 -0.154922 0.781257 0.098158 
 -0.161966 0.792030 0.101689 
 -0.169009 0.802802 0.105221 
 -0.176053 0.813575 0.108753 
 -0.183096 0.824348 0.112285 
 -0.190140 0.835120 0.115817 
 -0.196949 0.846122 0.129363 
 -0.204002 0.856909 0.132900 
 -0.210625 0.868213 0.156484 
 -0.217697 0.879029 0.160030 
 -0.224769 0.889846 0.163576 
 -0.231841 0.900663 0.167123 
 -0.238913 0.911479 0.170669 
 -0.245986 0.922296 0.174215 
 -0.253058 0.933113 0.177761 
 -0.260426 0.943208 0.161193 
 0.452622 -0.154403 0.110085 
 0.444211 -0.142094 0.104181 
 0.436871 -0.130867 0.107862 
 0.429531 -0.119641 0.111542 
 0.420126 -0.106365 0.096015 
 0.412805 -0.095168 0.099686 
 0.403458 -0.081980 0.084129 
 0.396156 -0.070812 0.087791 
 0.388854 -0.059644 0.091452 
 0.378598 -0.045622 0.066229 
 0.371325 -0.034498 0.069876 
 0.364052 -0.023374 0.073523 
 0.354867 -0.010435 0.057885 
 0.345721 0.002445 0.042228 
 0.338486 0.013510 0.045856 
 0.330324 0.025439 0.039827 
 0.323098 0.036490 0.043450 
 0.314057 0.049210 0.027740 
 0.305953 0.061051 0.021682 
 0.296978 0.073668 0.005939 
 0.285404 0.088597 -0.038867 
 0.276535 0.101054 -0.054663 
 0.266844 0.114212 -0.080169 
 0.259763 0.125043 -0.076618 
 0.251840 0.136606 -0.082767 
 0.243105 0.148857 -0.098631 
 0.235230 0.160347 -0.104803 
 0.228187 0.171120 -0.101272 
 0.219538 0.183239 -0.117179 
 0.212513 0.193983 -0.113656 
 0.205489 0.204726 -0.110134 
 0.196917 0.216729 -0.126079 
 0.189911 0.227443 -0.122566 
 0.182151 0.238757 -0.128797 
 0.175156 0.249457 -0.125289 
 0.168160 0.260156 -0.121781 
 0.161890 0.270299 -0.108516 
 0.154885 0.281013 -0.105003 
 0.147880 0.291727 -0.101490 
 0.140875 0.302442 -0.097978 
 0.133870 0.313156 -0.094465 
 0.126864 0.323870 -0.090952 
 0.119859 0.334584 -0.087440 
 0.112854 0.345298 -0.083927 
 0.105849 0.356012 -0.080414 
 0.098844 0.366727 -0.076901 
 0.093099 0.376621 -0.053778 
 0.086075 0.387364 -0.050255 
 0.079051 0.398108 -0.046733 
 0.072026 0.408851 -0.043211 
 0.065002 0.419595 -0.039689 
 0.057978 0.430338 -0.036166 
 0.050953 0.441082 -0.032644 
 0.043929 0.451825 -0.029122 
 0.035797 0.463154 -0.045287 
 0.028792 0.473868 -0.041775 
 0.021252 0.484846 -0.048116 
 0.013206 0.496043 -0.064325 
 0.007260 0.506245 -0.041100 
 -0.000747 0.517383 -0.057328 
 -0.006731 0.527644 -0.034085 
 -0.014700 0.538724 -0.050332 
 -0.021677 0.549394 -0.046834 
 -0.028653 0.560064 -0.043335 
 -0.034713 0.570442 -0.020053 
 -0.042606 0.581405 -0.036339 
 -0.048705 0.591841 -0.013037 
 -0.055700 0.602540 -0.009529 
 -0.062696 0.613240 -0.006022 
 -0.069281 0.623866 0.007403 
 -0.076286 0.634580 0.010915 
 -0.083292 0.645294 0.014428 
 -0.089534 0.655950 0.037801 
 -0.096558 0.666693 0.041324 
 -0.103582 0.677437 0.044846 
 -0.110607 0.688180 0.048368 
 -0.117631 0.698923 0.051890 
 -0.124655 0.709667 0.055413 
 -0.131680 0.720410 0.058935 
 -0.138075 0.731300 0.082386 
 -0.145118 0.742073 0.085918 
 -0.152162 0.752845 0.089449 
 -0.159205 0.763618 0.092981 
 -0.166249 0.774391 0.096513 
 -0.173292 0.785163 0.100045 
 -0.180336 0.795936 0.103577 
 -0.187379 0.806709 0.107109 
 -0.194422 0.817481 0.110641 
 -0.201466 0.828254 0.114172 
 -0.208510 0.839027 0.117704 
 -0.215344 0.850034 0.131253 
 -0.222397 0.860821 0.134790 
 -0.229450 0.871608 0.138326 
 -0.236503 0.882396 0.141863 
 -0.243214 0.893768 0.165471 
 -0.250286 0.904585 0.169018 
 -0.257358 0.915402 0.172564 
 -0.264430 0.926218 0.176110 
 0.439748 -0.160476 0.098787 
 0.432408 -0.149249 0.102467 
 0.425068 -0.138023 0.106148 
 0.417728 -0.126796 0.109828 
 0.408354 -0.113502 0.094306 
 0.399018 -0.100266 0.078763 
 0.391716 -0.089098 0.082424 
 0.382437 -0.075951 0.066853 
 0.375155 -0.064812 0.070505 
 0.366903 -0.052713 0.064531 
 0.359630 -0.041589 0.068178 
 0.352356 -0.030465 0.071825 
 0.341321 -0.015673 0.036911 
 0.333156 -0.003706 0.030894 
 0.325930 0.007345 0.034517 
 0.316882 0.020142 0.018831 
 0.308773 0.032022 0.012785 
 0.299791 0.044716 -0.002935 
 0.292614 0.055693 0.000664 
 0.283690 0.068300 -0.015085 
 0.273940 0.081647 -0.040531 
 0.265101 0.094122 -0.056323 
 0.257146 0.105768 -0.062446 
 0.248375 0.118140 -0.078272 
 0.240468 0.129712 -0.084418 
 0.231763 0.141982 -0.100277 
 0.223904 0.153481 -0.106448 
 0.216860 0.164254 -0.102916 
 0.208242 0.176392 -0.118819 
 0.201218 0.187135 -0.115296 
 0.192657 0.199185 -0.131227 
 0.185652 0.209900 -0.127714 
 0.177897 0.221238 -0.133938 
 0.170902 0.231938 -0.130431 
 0.163906 0.242637 -0.126923 
 0.156911 0.253336 -0.123415 
 0.149915 0.264036 -0.119907 
 0.142919 0.274735 -0.116399 
 0.136615 0.284899 -0.103126 
 0.128928 0.296134 -0.109383 
 0.121932 0.306834 -0.105875 
 0.114937 0.317533 -0.102368 
 0.108594 0.327755 -0.089075 
 0.101589 0.338469 -0.085562 
 0.094584 0.349183 -0.082050 
 0.087579 0.359898 -0.078537 
 0.080574 0.370612 -0.075024 
 0.074779 0.380517 -0.051895 
 0.067755 0.391260 -0.048373 
 0.060731 0.402004 -0.044851 
 0.053706 0.412747 -0.041329 
 0.045548 0.424182 -0.057461 
 0.038542 0.434896 -0.053948 
 0.031537 0.445611 -0.050436 
 0.024532 0.456325 -0.046923 
 0.017527 0.467039 -0.043410 
 0.010002 0.478026 -0.049749 
 0.001987 0.489242 -0.065954 
 -0.003989 0.499425 -0.042734 
 -0.010985 0.510124 -0.039226 
 -0.017980 0.520824 -0.035718 
 -0.024976 0.531524 -0.032210 
 -0.032895 0.542593 -0.048462 
 -0.038967 0.552923 -0.025194 
 -0.045963 0.563622 -0.021686 
 -0.053825 0.574604 -0.037968 
 -0.060801 0.585274 -0.034469 
 -0.066950 0.595721 -0.011163 
 -0.073945 0.606420 -0.007655 
 -0.080546 0.617037 0.005767 
 -0.087551 0.627751 0.009280 
 -0.094556 0.638465 0.012793 
 -0.100829 0.649102 0.036161 
 -0.107853 0.659845 0.039684 
 -0.114878 0.670589 0.043206 
 -0.121902 0.681332 0.046728 
 -0.128926 0.692076 0.050250 
 -0.135951 0.702819 0.053773 
 -0.142357 0.713661 0.077209 
 -0.149401 0.724434 0.080741 
 -0.156444 0.735206 0.084273 
 -0.163488 0.745979 0.087805 
 -0.170531 0.756752 0.091337 
 -0.177575 0.767524 0.094869 
 -0.184618 0.778297 0.098401 
 -0.191420 0.789221 0.111923 
 -0.198705 0.799842 0.105464 
 -0.205749 0.810615 0.108996 
 -0.212579 0.821583 0.122533 
 -0.219632 0.832371 0.126070 
 -0.226685 0.843158 0.129606 
 -0.233370 0.854424 0.153181 
 -0.240791 0.864733 0.136680 
 -0.247844 0.875520 0.140216 
 -0.254897 0.886307 0.143753 
 -0.261951 0.897095 0.147290 
 -0.268730 0.908507 0.170913 
 -0.275803 0.919324 0.174459 
 0.428985 -0.168733 0.106653 
 0.420605 -0.156405 0.100753 
 0.413265 -0.145178 0.104434 
 0.405924 -0.133952 0.108115 
 0.396581 -0.120639 0.092596 
 0.387276 -0.107384 0.077058 
 0.379974 -0.096217 0.080719 
 0.370726 -0.083050 0.065153 
 0.363444 -0.071911 0.068805 
 0.353300 -0.057863 0.043586 
 0.346046 -0.046768 0.047223 
 0.338791 -0.035673 0.050861 
 0.329687 -0.022726 0.035222 
 0.319706 -0.008926 0.009921 
 0.312500 0.002095 0.013535 
 0.304397 0.013999 0.007496 
 0.295427 0.026741 -0.008210 
 0.288250 0.037719 -0.004611 
 0.279337 0.050373 -0.020346 
 0.271321 0.062145 -0.026428 
 0.262475 0.074697 -0.042196 
 0.253667 0.087190 -0.057983 
 0.245728 0.098845 -0.064104 
 0.236987 0.111236 -0.079925 
 0.229095 0.122818 -0.086070 
 0.220422 0.135106 -0.101924 
 0.212577 0.146615 -0.108092 
 0.203971 0.158801 -0.123981 
 0.196947 0.169544 -0.120459 
 0.188397 0.181642 -0.136375 
 0.181392 0.192357 -0.132863 
 0.173644 0.203719 -0.139080 
 0.166648 0.214418 -0.135572 
 0.159652 0.225118 -0.132064 
 0.151228 0.237025 -0.148043 
 0.144251 0.247696 -0.144545 
 0.138666 0.257216 -0.121540 
 0.131670 0.267916 -0.118032 
 0.124674 0.278615 -0.114524 
 0.117679 0.289315 -0.111017 
 0.110683 0.300014 -0.107509 
 0.103687 0.310714 -0.104001 
 0.097330 0.320926 -0.090711 
 0.089696 0.332113 -0.096985 
 0.083319 0.342354 -0.083685 
 0.076314 0.353069 -0.080173 
 0.069309 0.363783 -0.076660 
 0.062304 0.374497 -0.073147 
 0.055299 0.385211 -0.069635 
 0.049435 0.395156 -0.046491 
 0.041288 0.406639 -0.062609 
 0.034283 0.417353 -0.059097 
 0.027278 0.428067 -0.055584 
 0.020272 0.438782 -0.052071 
 0.013267 0.449496 -0.048558 
 0.006262 0.460210 -0.045046 
 -0.001247 0.471206 -0.051383 
 -0.008243 0.481906 -0.047875 
 -0.015238 0.492605 -0.044367 
 -0.022234 0.503305 -0.040859 
 -0.028764 0.513781 -0.027482 
 -0.036225 0.524704 -0.033843 
 -0.044114 0.535792 -0.050091 
 -0.050217 0.546103 -0.026828 
 -0.056785 0.556637 -0.013432 
 -0.063790 0.567351 -0.009919 
 -0.070795 0.578065 -0.006406 
 -0.077800 0.588780 -0.002894 
 -0.085195 0.599600 -0.009288 
 -0.091052 0.610024 0.023955 
 -0.098816 0.620922 0.007644 
 -0.105100 0.631511 0.030999 
 -0.112125 0.642254 0.034521 
 -0.119149 0.652998 0.038044 
 -0.125510 0.663704 0.061437 
 -0.132553 0.674476 0.064969 
 -0.139597 0.685249 0.068501 
 -0.146640 0.696022 0.072033 
 -0.153684 0.706795 0.075565 
 -0.160727 0.717567 0.079097 
 -0.167771 0.728340 0.082629 
 -0.174814 0.739113 0.086160 
 -0.181858 0.749885 0.089692 
 -0.188656 0.760771 0.103203 
 -0.195945 0.771431 0.096756 
 -0.202988 0.782203 0.100288 
 -0.210032 0.792976 0.103820 
 -0.217075 0.803749 0.107352 
 -0.223921 0.814708 0.120886 
 -0.231162 0.825294 0.114415 
 -0.238205 0.836067 0.117947 
 -0.245080 0.847070 0.131496 
 -0.252133 0.857857 0.135033 
 -0.259186 0.868644 0.138570 
 -0.266239 0.879432 0.142106 
 -0.273292 0.890219 0.145643 
 0.417166 -0.175898 0.104937 
 0.409816 -0.164657 0.108623 
 0.401461 -0.152334 0.102720 
 0.394121 -0.141107 0.106401 
 0.386781 -0.129881 0.110082 
 0.377487 -0.116579 0.094558 
 0.366298 -0.101288 0.059801 
 0.359015 -0.090150 0.063453 
 0.350785 -0.078017 0.057488 
 0.341635 -0.064934 0.041892 
 0.334381 -0.053839 0.045529 
 0.325288 -0.040844 0.029905 
 0.317144 -0.028844 0.023897 
 0.305418 -0.013189 -0.020683 
 0.298240 -0.002211 -0.017084 
 0.291063 0.008767 -0.013485 
 0.282143 0.021498 -0.029196 
 0.274984 0.032447 -0.025606 
 0.267826 0.043395 -0.022017 
 0.259825 0.055176 -0.028097 
 0.249344 0.069384 -0.063209 
 0.241410 0.081063 -0.069322 
 0.232681 0.093501 -0.085130 
 0.224795 0.105107 -0.091267 
 0.216133 0.117443 -0.107107 
 0.208295 0.128976 -0.113269 
 0.199700 0.141210 -0.129143 
 0.192675 0.151953 -0.125621 
 0.185651 0.162697 -0.122099 
 0.177133 0.174813 -0.138011 
 0.170127 0.185527 -0.134498 
 0.163122 0.196242 -0.130986 
 0.155399 0.207599 -0.137205 
 0.148403 0.218298 -0.133697 
 0.141407 0.228998 -0.130189 
 0.134412 0.239697 -0.126681 
 0.127416 0.250397 -0.123174 
 0.121091 0.260526 -0.109909 
 0.114086 0.271241 -0.106397 
 0.107081 0.281955 -0.102884 
 0.100075 0.292669 -0.099371 
 0.093070 0.303383 -0.095859 
 0.086065 0.314097 -0.092346 
 0.079060 0.324811 -0.088833 
 0.072055 0.335525 -0.085321 
 0.065049 0.346240 -0.081808 
 0.059213 0.356078 -0.058698 
 0.052188 0.366821 -0.055175 
 0.045164 0.377565 -0.051653 
 0.038140 0.388308 -0.048131 
 0.030023 0.399810 -0.064245 
 0.023018 0.410524 -0.060732 
 0.016013 0.421238 -0.057219 
 0.009008 0.431953 -0.053707 
 0.002002 0.442667 -0.050194 
 -0.005003 0.453381 -0.046681 
 -0.012496 0.464387 -0.053016 
 -0.019492 0.475086 -0.049508 
 -0.026488 0.485786 -0.046000 
 -0.033024 0.496238 -0.032631 
 -0.040029 0.506952 -0.029118 
 -0.047034 0.517666 -0.025605 
 -0.054470 0.528584 -0.031969 
 -0.061044 0.539094 -0.018580 
 -0.068049 0.549808 -0.015067 
 -0.075055 0.560522 -0.011555 
 -0.082060 0.571236 -0.008042 
 -0.089065 0.581951 -0.004529 
 -0.096070 0.592665 -0.001017 
 -0.102347 0.603177 0.022315 
 -0.110081 0.614093 0.006009 
 -0.116396 0.624663 0.029359 
 -0.122749 0.635292 0.052729 
 -0.129793 0.646065 0.056261 
 -0.136836 0.656838 0.059793 
 -0.143880 0.667610 0.063325 
 -0.150923 0.678383 0.066857 
 -0.157967 0.689156 0.070389 
 -0.165010 0.699928 0.073920 
 -0.172054 0.710701 0.077452 
 -0.179097 0.721474 0.080984 
 -0.186141 0.732246 0.084516 
 -0.192944 0.743108 0.098019 
 -0.199997 0.753895 0.101556 
 -0.207271 0.764564 0.095112 
 -0.214314 0.775337 0.098643 
 -0.221156 0.786257 0.112166 
 -0.228401 0.796882 0.105707 
 -0.235445 0.807655 0.109239 
 -0.242488 0.818428 0.112771 
 -0.249532 0.829201 0.116303 
 -0.256422 0.840194 0.129849 
 -0.263475 0.850981 0.133386 
 -0.270528 0.861769 0.136923 
 -0.277581 0.872556 0.140459 
 0.416772 -0.198844 0.137821 
 0.405347 -0.183063 0.103221 
 0.397998 -0.171822 0.106907 
 0.389658 -0.159489 0.101007 
 0.382318 -0.148263 0.104687 
 0.373036 -0.134913 0.089178 
 0.363792 -0.121621 0.073648 
 0.354587 -0.108388 0.058101 
 0.346362 -0.096231 0.052143 
 0.339089 -0.085107 0.055790 
 0.329970 -0.072006 0.040198 
 0.320889 -0.058963 0.024588 
 0.312750 -0.046938 0.018587 
 0.302842 -0.033053 -0.006691 
 0.293876 -0.020185 -0.022358 
 0.286698 -0.009208 -0.018759 
 0.277790 0.003572 -0.034457 
 0.270632 0.014520 -0.030867 
 0.263473 0.025468 -0.027278 
 0.255478 0.037274 -0.033350 
 0.248329 0.048207 -0.029766 
 0.237092 0.063280 -0.074541 
 0.228375 0.075767 -0.090334 
 0.220494 0.087396 -0.096464 
 0.211844 0.099780 -0.112291 
 0.204791 0.110568 -0.108754 
 0.196968 0.122110 -0.114913 
 0.188404 0.134362 -0.130783 
 0.181380 0.145106 -0.127261 
 0.174355 0.155849 -0.123739 
 0.165868 0.167984 -0.139646 
 0.158863 0.178698 -0.136134 
 0.151857 0.189413 -0.132621 
 0.144149 0.200779 -0.138838 
 0.137154 0.211479 -0.135330 
 0.130158 0.222178 -0.131823 
 0.123162 0.232877 -0.128315 
 0.116831 0.242983 -0.115058 
 0.109826 0.253697 -0.111545 
 0.102821 0.264412 -0.108032 
 0.095816 0.275126 -0.104520 
 0.088811 0.285840 -0.101007 
 0.081805 0.296554 -0.097494 
 0.074800 0.307268 -0.093982 
 0.068990 0.317000 -0.070904 
 0.060790 0.328696 -0.086956 
 0.054942 0.338487 -0.063860 
 0.047917 0.349230 -0.060338 
 0.040893 0.359974 -0.056815 
 0.033868 0.370717 -0.053293 
 0.026844 0.381461 -0.049771 
 0.019820 0.392204 -0.046249 
 0.011753 0.403695 -0.062368 
 0.004748 0.414410 -0.058855 
 -0.002257 0.425124 -0.055342 
 -0.009262 0.435838 -0.051830 
 -0.015302 0.445921 -0.028637 
 -0.023273 0.457266 -0.044804 
 -0.030278 0.467980 -0.041292 
 -0.037283 0.478694 -0.037779 
 -0.043399 0.488895 -0.014548 
 -0.051293 0.500123 -0.030753 
 -0.058299 0.510837 -0.027241 
 -0.065304 0.521551 -0.023728 
 -0.072309 0.532265 -0.020216 
 -0.078521 0.542612 0.003063 
 -0.085545 0.553355 0.006586 
 -0.092570 0.564099 0.010108 
 -0.100330 0.575122 -0.006165 
 -0.107335 0.585836 -0.002652 
 -0.113643 0.596329 0.020675 
 -0.121345 0.607264 0.004373 
 -0.127691 0.617816 0.027719 
 -0.134075 0.628426 0.051085 
 -0.141119 0.639199 0.054617 
 -0.148162 0.649971 0.058148 
 -0.155206 0.660744 0.061680 
 -0.162249 0.671517 0.065212 
 -0.169293 0.682289 0.068744 
 -0.176074 0.693083 0.082226 
 -0.183380 0.703835 0.075808 
 -0.190180 0.714658 0.089299 
 -0.197233 0.725445 0.092836 
 -0.203837 0.736392 0.116311 
 -0.210909 0.747209 0.119858 
 -0.218392 0.757807 0.103446 
 -0.225445 0.768594 0.106983 
 -0.232498 0.779382 0.110519 
 -0.239551 0.790169 0.114056 
 -0.246771 0.800789 0.107595 
 -0.253815 0.811562 0.111126 
 -0.260858 0.822334 0.114658 
 -0.267763 0.833318 0.128203 
 -0.274816 0.844106 0.131739 
 -0.281870 0.854893 0.135276 
 0.413292 -0.218505 0.141956 
 0.402885 -0.203757 0.116958 
 0.393528 -0.190227 0.101505 
 0.386179 -0.178986 0.105191 
 0.378829 -0.167745 0.108876 
 0.370514 -0.155418 0.102973 
 0.361263 -0.142050 0.087468 
 0.352051 -0.128739 0.071944 
 0.342876 -0.115487 0.056400 
 0.334666 -0.103321 0.050445 
 0.325559 -0.090172 0.034867 
 0.316490 -0.077081 0.019271 
 0.308357 -0.065032 0.013277 
 0.299355 -0.052044 -0.002353 
 0.289512 -0.038160 -0.027633 
 0.282334 -0.027182 -0.024034 
 0.273437 -0.014355 -0.039717 
 0.266279 -0.003407 -0.036128 
 0.259121 0.007542 -0.032538 
 0.251131 0.019371 -0.038604 
 0.243983 0.030305 -0.035019 
 0.233586 0.044645 -0.070095 
 0.225673 0.056357 -0.076199 
 0.216987 0.068863 -0.091988 
 0.209122 0.080502 -0.098116 
 0.200503 0.092905 -0.113937 
 0.193449 0.103692 -0.110401 
 0.185642 0.115243 -0.116558 
 0.177109 0.127514 -0.132423 
 0.170084 0.138258 -0.128901 
 0.161608 0.150441 -0.144795 
 0.154603 0.161155 -0.141282 
 0.146891 0.172560 -0.147487 
 0.139896 0.183260 -0.143980 
 0.132900 0.193959 -0.140472 
 0.125904 0.204659 -0.136964 
 0.118909 0.215358 -0.133456 
 0.112572 0.225440 -0.120206 
 0.105567 0.236154 -0.116693 
 0.098561 0.246868 -0.113181 
 0.091556 0.257583 -0.109668 
 0.085792 0.267179 -0.086634 
 0.078768 0.277922 -0.083111 
 0.071743 0.288666 -0.079589 
 0.064719 0.299409 -0.076067 
 0.057695 0.310153 -0.072544 
 0.050670 0.320896 -0.069022 
 0.043646 0.331639 -0.065500 
 0.036622 0.342383 -0.061978 
 0.029597 0.353126 -0.058455 
 0.022573 0.363870 -0.054933 
 0.015549 0.374613 -0.051411 
 0.008524 0.385356 -0.047889 
 0.001500 0.396100 -0.044366 
 -0.005524 0.406843 -0.040844 
 -0.012549 0.417587 -0.037322 
 -0.020527 0.429009 -0.053465 
 -0.026597 0.439073 -0.030277 
 -0.034537 0.450437 -0.046440 
 -0.041543 0.461151 -0.042927 
 -0.048548 0.471865 -0.039414 
 -0.054695 0.482047 -0.016188 
 -0.061719 0.492791 -0.012666 
 -0.068743 0.503534 -0.009144 
 -0.075768 0.514277 -0.005621 
 -0.082792 0.525021 -0.002099 
 -0.089816 0.535764 0.001423 
 -0.096841 0.546508 0.004946 
 -0.104589 0.557578 -0.011313 
 -0.111595 0.568293 -0.007800 
 -0.117914 0.578738 0.015512 
 -0.124938 0.589481 0.019035 
 -0.132610 0.600435 0.002738 
 -0.138987 0.610968 0.026079 
 -0.145402 0.621560 0.049440 
 -0.152445 0.632332 0.052972 
 -0.159489 0.643105 0.056504 
 -0.166532 0.653878 0.060036 
 -0.173576 0.664650 0.063568 
 -0.180619 0.675423 0.067100 
 -0.187415 0.686208 0.080579 
 -0.194469 0.696995 0.084116 
 -0.201065 0.707864 0.107568 
 -0.208137 0.718681 0.111114 
 -0.215210 0.729498 0.114660 
 -0.222282 0.740314 0.118207 
 -0.229354 0.751131 0.121753 
 -0.236787 0.761719 0.105336 
 -0.243840 0.772506 0.108873 
 -0.250893 0.783293 0.112409 
 0.401397 -0.225717 0.140229 
 0.393011 -0.213248 0.134371 
 0.381710 -0.197392 0.099789 
 0.374360 -0.186151 0.103475 
 0.366051 -0.173800 0.097579 
 0.358711 -0.162574 0.101260 
 0.349491 -0.149186 0.085759 
 0.340309 -0.135857 0.070239 
 0.331165 -0.122587 0.054700 
 0.322971 -0.110412 0.048747 
 0.313894 -0.097243 0.033174 
 0.304856 -0.084134 0.017582 
 0.296738 -0.072076 0.011590 
 0.287767 -0.059069 -0.004035 
 0.277970 -0.045157 -0.029309 
 0.270793 -0.034179 -0.025710 
 0.261926 -0.021333 -0.041389 
 0.254768 -0.010385 -0.037799 
 0.246784 0.001468 -0.043858 
 0.239636 0.012402 -0.040273 
 0.232487 0.023336 -0.036689 
 0.222152 0.037714 -0.071755 
 0.214255 0.049435 -0.077857 
 0.205599 0.061959 -0.093641 
 0.197749 0.073608 -0.099767 
 0.189161 0.086029 -0.115584 
 0.182108 0.096816 -0.112047 
 0.174316 0.108377 -0.118202 
 0.165813 0.120667 -0.134063 
 0.158789 0.131410 -0.130541 
 0.150344 0.143612 -0.146430 
 0.142638 0.155041 -0.152629 
 0.135642 0.165741 -0.149121 
 0.128646 0.176440 -0.145613 
 0.121651 0.187140 -0.142105 
 0.114655 0.197839 -0.138597 
 0.107659 0.208539 -0.135089 
 0.101307 0.218611 -0.121841 
 0.094302 0.229325 -0.118329 
 0.087297 0.240039 -0.114816 
 0.081521 0.249588 -0.091796 
 0.074497 0.260331 -0.088274 
 0.067472 0.271075 -0.084751 
 0.060448 0.281818 -0.081229 
 0.054576 0.291513 -0.058160 
 0.047533 0.302285 -0.054628 
 0.040489 0.313058 -0.051097 
 0.033446 0.323831 -0.047565 
 0.026402 0.334603 -0.044033 
 0.019359 0.345376 -0.040501 
 0.012316 0.356149 -0.036969 
 0.005272 0.366921 -0.033437 
 -0.002771 0.378509 -0.049529 
 -0.009796 0.389252 -0.046006 
 -0.016820 0.399996 -0.042484 
 -0.023844 0.410739 -0.038962 
 -0.030869 0.421482 -0.035440 
 -0.037893 0.432226 -0.031917 
 -0.045802 0.443608 -0.048075 
 -0.052807 0.454322 -0.044563 
 -0.058966 0.464456 -0.021350 
 -0.065990 0.475199 -0.017828 
 -0.073015 0.485943 -0.014306 
 -0.080039 0.496686 -0.010784 
 -0.087063 0.507430 -0.007261 
 -0.093337 0.517739 0.016009 
 -0.100380 0.528512 0.019541 
 -0.108136 0.539660 0.003306 
 -0.115161 0.550403 0.006828 
 -0.122859 0.561464 -0.009436 
 -0.129209 0.571890 0.013872 
 -0.136234 0.582634 0.017395 
 -0.143875 0.593606 0.001102 
 -0.163772 0.625466 0.051328 
 -0.170545 0.636183 0.064786 
 -0.177598 0.646970 0.068323 
 -0.184651 0.657757 0.071859 
 -0.191704 0.668545 0.075396 
 -0.219510 0.711787 0.109463 
 -0.233654 0.733420 0.116555 
 0.396898 -0.244242 0.134792 
 0.389501 -0.232928 0.138501 
 0.379186 -0.218124 0.113517 
 0.369891 -0.204557 0.098073 
 0.362541 -0.193316 0.101759 
 0.355191 -0.182075 0.105444 
 0.346908 -0.169729 0.099546 
 0.337718 -0.156323 0.084050 
 0.328567 -0.142975 0.068534 
 0.318548 -0.128626 0.043402 
 0.311275 -0.117502 0.047049 
 0.302229 -0.104315 0.031480 
 0.292345 -0.090170 0.006280 
 0.285119 -0.079119 0.009903 
 0.276179 -0.066094 -0.005718 
 0.268124 -0.054099 -0.011731 
 0.259251 -0.041176 -0.027386 
 0.250415 -0.028311 -0.043060 
 0.243257 -0.017363 -0.039470 
 0.235289 -0.005501 -0.045527 
 0.228140 0.005433 -0.041942 
 0.220991 0.016367 -0.038358 
 0.210718 0.030782 -0.073415 
 0.202836 0.042513 -0.079515 
 0.194211 0.055056 -0.095294 
 0.186377 0.066713 -0.101418 
 0.177819 0.079153 -0.117231 
 0.170766 0.089941 -0.113694 
 0.163713 0.100728 -0.110157 
 0.154518 0.113819 -0.135703 
 0.147493 0.124563 -0.132181 
 0.139079 0.136783 -0.148066 
 0.132074 0.147497 -0.144553 
 0.124393 0.158921 -0.150754 
 0.118063 0.168926 -0.137528 
 0.111058 0.179640 -0.134015 
 0.103406 0.191020 -0.140230 
 0.096410 0.201719 -0.136722 
 0.090042 0.211782 -0.123477 
 0.083037 0.222496 -0.119964 
 0.077250 0.231997 -0.096958 
 0.070225 0.242740 -0.093436 
 0.063201 0.253484 -0.089914 
 0.056177 0.264227 -0.086391 
 0.049152 0.274970 -0.082869 
 0.043250 0.284646 -0.059805 
 0.036758 0.294900 -0.046497 
 0.029705 0.305687 -0.042961 
 0.022652 0.316475 -0.039424 
 0.015599 0.327262 -0.035887 
 0.008033 0.338510 -0.042145 
 0.001493 0.348837 -0.028814 
 -0.006054 0.360055 -0.035082 
 -0.013098 0.370828 -0.031550 
 -0.020141 0.381601 -0.028018 
 -0.027185 0.392373 -0.024486 
 -0.034228 0.403146 -0.020954 
 -0.041272 0.413919 -0.017422 
 -0.049188 0.425378 -0.033557 
 -0.056213 0.436122 -0.030035 
 -0.064072 0.447493 -0.046198 
 -0.070261 0.457608 -0.022990 
 -0.077286 0.468352 -0.019468 
 -0.084310 0.479095 -0.015946 
 -0.091334 0.489839 -0.012424 
 -0.098359 0.500582 -0.008901 
 -0.133481 0.554299 0.008710 
 0.385003 -0.251454 0.133065 
 0.376639 -0.238952 0.127216 
 0.367336 -0.225308 0.111797 
 0.359967 -0.214038 0.115492 
 0.350723 -0.200481 0.100043 
 0.342444 -0.188111 0.094152 
 0.335104 -0.176885 0.097832 
 0.324127 -0.161261 0.063168 
 0.315026 -0.147924 0.047647 
 0.306853 -0.135716 0.041704 
 0.297818 -0.122481 0.026149 
 0.288822 -0.109305 0.010576 
 0.280726 -0.097214 0.004593 
 0.273501 -0.086163 0.008217 
 0.264591 -0.073119 -0.007400 
 0.256552 -0.061115 -0.013411 
 0.247709 -0.048173 -0.029061 
 0.238904 -0.035290 -0.044731 
 0.231746 -0.024341 -0.041142 
 0.223793 -0.012469 -0.047196 
 0.216645 -0.001536 -0.043611 
 0.207945 0.011187 -0.059333 
 0.198518 0.024730 -0.084733 
 0.189905 0.037321 -0.100499 
 0.182823 0.048152 -0.096948 
 0.175005 0.059819 -0.103069 
 0.166477 0.072278 -0.118878 
 0.159424 0.083065 -0.115341 
 0.152371 0.093852 -0.111804 
 0.144620 0.105417 -0.117959 
 0.136198 0.117715 -0.133821 
 0.129173 0.128458 -0.130299 
 0.120809 0.140668 -0.146189 
 0.113804 0.151383 -0.142676 
 0.106799 0.162097 -0.139163 
 0.099793 0.172811 -0.135651 
 0.092788 0.183525 -0.132138 
 0.085783 0.194239 -0.128625 
 0.078778 0.204953 -0.125113 
 0.071773 0.215667 -0.121600 
 0.065954 0.225149 -0.098598 
 0.058930 0.235893 -0.095076 
 0.051906 0.246636 -0.091554 
 0.044881 0.257379 -0.088031 
 0.038967 0.267007 -0.064981 
 0.031924 0.277780 -0.061449 
 0.025416 0.288024 -0.048144 
 0.019416 0.297784 -0.025051 
 0.012344 0.308601 -0.021505 
 0.005272 0.319417 -0.017959 
 -0.002796 0.331174 -0.033997 
 -0.008872 0.341051 -0.010866 
 -0.015945 0.351867 -0.007320 
 -0.023017 0.362684 -0.003774 
 -0.031468 0.374734 -0.029662 
 -0.038511 0.385507 -0.026131 
 -0.045554 0.396280 -0.022599 
 -0.052598 0.407052 -0.019067 
 -0.059641 0.417825 -0.015535 
 -0.067508 0.429274 -0.031675 
 0.373107 -0.258665 0.131338 
 0.364758 -0.246154 0.125491 
 0.355487 -0.232491 0.110076 
 0.348118 -0.221221 0.113771 
 0.338904 -0.207646 0.098327 
 0.330641 -0.195267 0.092438 
 0.321494 -0.181794 0.076960 
 0.312385 -0.168380 0.061463 
 0.303315 -0.155024 0.045947 
 0.295157 -0.142806 0.040005 
 0.286154 -0.129553 0.024455 
 0.277188 -0.116358 0.008887 
 0.269107 -0.104257 0.002907 
 0.261882 -0.093206 0.006530 
 0.253003 -0.080143 -0.009083 
 0.243345 -0.066148 -0.034336 
 0.236167 -0.055170 -0.030737 
 0.227393 -0.042268 -0.046402 
 0.220235 -0.031320 -0.042813 
 0.212298 -0.019438 -0.048865 
 0.203610 -0.006668 -0.064573 
 0.194961 0.006044 -0.080301 
 0.185599 0.019586 -0.105703 
 0.178517 0.030417 -0.102152 
 0.171435 0.041248 -0.098601 
 0.163632 0.052925 -0.104720 
 0.156560 0.063741 -0.101174 
 0.149488 0.074558 -0.097628 
 0.141030 0.086977 -0.113451 
 0.133293 0.098551 -0.119604 
 0.124902 0.110867 -0.135461 
 0.117878 0.121611 -0.131939 
 0.110853 0.132354 -0.128416 
 0.103829 0.143098 -0.124894 
 0.096805 0.153841 -0.121372 
 0.089780 0.164584 -0.117849 
 0.082756 0.175328 -0.114327 
 0.075732 0.186071 -0.110805 
 0.068707 0.196815 -0.107283 
 0.061683 0.207558 -0.103760 
 0.054659 0.218301 -0.100238 
 0.047634 0.229045 -0.096716 
 0.040610 0.239788 -0.093194 
 0.034684 0.249368 -0.070158 
 0.027641 0.260141 -0.066626 
 0.020597 0.270914 -0.063094 
 0.014075 0.281149 -0.049791 
 0.008044 0.290890 -0.026702 
 0.000972 0.301707 -0.023156 
 -0.005609 0.312029 -0.009825 
 -0.013173 0.323340 -0.016064 
 -0.018826 0.332763 0.016868 
 -0.025927 0.343623 0.020429 
 -0.033028 0.354484 0.023990 
 -0.040129 0.365344 0.027550 
 -0.047230 0.376205 0.031111 
 -0.056881 0.389413 -0.024243 
 -0.063924 0.400186 -0.020711 
 -0.070968 0.410959 -0.017179 
 0.361211 -0.265877 0.129611 
 0.352878 -0.253357 0.123767 
 0.343637 -0.239675 0.108356 
 0.336268 -0.228405 0.112051 
 0.327085 -0.214811 0.096611 
 0.318838 -0.202422 0.090724 
 0.309721 -0.188931 0.075251 
 0.298886 -0.173262 0.040595 
 0.290735 -0.161020 0.034660 
 0.283461 -0.149896 0.038307 
 0.274489 -0.136624 0.022762 
 0.265554 -0.123411 0.007197 
 0.257489 -0.111301 0.001220 
 0.248621 -0.098190 -0.014379 
 0.241415 -0.087168 -0.010765 
 0.233407 -0.075146 -0.016772 
 0.224626 -0.062167 -0.032413 
 0.217448 -0.051189 -0.028814 
 0.208724 -0.038298 -0.044484 
 0.200802 -0.026407 -0.050534 
 0.192145 -0.013618 -0.066238 
 0.183527 -0.000888 -0.081961 
 0.174211 0.012682 -0.107357 
 0.167129 0.023514 -0.103806 
 0.160048 0.034345 -0.100255 
 0.152966 0.045176 -0.096703 
 0.145187 0.056847 -0.102825 
 0.138115 0.067664 -0.099279 
 0.131043 0.078480 -0.095733 
 0.121967 0.091684 -0.121248 
 0.114923 0.102457 -0.117716 
 0.107880 0.113230 -0.114184 
 0.099558 0.125507 -0.130056 
 0.092534 0.136250 -0.126534 
 0.085509 0.146993 -0.123012 
 0.078485 0.157737 -0.119490 
 0.071460 0.168480 -0.115967 
 0.064436 0.179223 -0.112445 
 0.057412 0.189967 -0.108923 
 0.050387 0.200710 -0.105400 
 0.043363 0.211454 -0.101878 
 0.036339 0.222197 -0.098356 
 0.029314 0.232941 -0.094834 
 0.023358 0.242502 -0.071802 
 0.016315 0.253275 -0.068270 
 0.009271 0.264048 -0.064738 
 0.002733 0.274273 -0.051438 
 -0.003329 0.283996 -0.028354 
 -0.010401 0.294812 -0.024807 
 -0.016997 0.305126 -0.011478 
 -0.023144 0.314980 0.011650 
 -0.029788 0.325366 0.025003 
 -0.036898 0.336242 0.028569 
 -0.044009 0.347117 0.032134 
 -0.051548 0.358422 0.025892 
 -0.058649 0.369282 0.029453 
 0.349316 -0.273088 0.127883 
 0.341918 -0.261774 0.131593 
 0.331788 -0.246858 0.106635 
 0.324419 -0.235588 0.110330 
 0.315266 -0.221975 0.094895 
 0.307034 -0.209578 0.089010 
 0.297949 -0.196068 0.073542 
 0.290628 -0.184871 0.077213 
 0.279039 -0.168110 0.032962 
 0.271766 -0.156987 0.036609 
 0.262824 -0.143696 0.021068 
 0.253920 -0.130464 0.005508 
 0.245870 -0.118344 -0.000467 
 0.237033 -0.105215 -0.016061 
 0.229827 -0.094193 -0.012448 
 0.221834 -0.082162 -0.018452 
 0.213084 -0.069164 -0.034089 
 0.205906 -0.058186 -0.030490 
 0.197213 -0.045276 -0.046156 
 0.189307 -0.033376 -0.052203 
 0.180680 -0.020569 -0.067902 
 0.172093 -0.007820 -0.083621 
 0.162823 0.005779 -0.109010 
 0.155742 0.016610 -0.105459 
 0.148660 0.027441 -0.101908 
 0.141578 0.038272 -0.098357 
 0.133815 0.049953 -0.104476 
 0.126743 0.060769 -0.100930 
 0.119671 0.071586 -0.097384 
 0.110641 0.084818 -0.122893 
 0.103597 0.095591 -0.119361 
 0.096554 0.106363 -0.115829 
 0.089510 0.117136 -0.112297 
 0.081238 0.129402 -0.128174 
 0.075423 0.138682 -0.105233 
 0.067189 0.150889 -0.121129 
 0.060165 0.161633 -0.117607 
 0.053141 0.172376 -0.114085 
 0.046116 0.183119 -0.110563 
 0.039092 0.193863 -0.107040 
 0.032068 0.204606 -0.103518 
 0.025043 0.215350 -0.099996 
 0.018019 0.226093 -0.096474 
 0.010995 0.236836 -0.092951 
 0.003970 0.247580 -0.089429 
 -0.002055 0.257181 -0.066383 
 -0.009099 0.267954 -0.062851 
 -0.015662 0.278185 -0.049548 
 -0.021773 0.287918 -0.026459 
 -0.028384 0.298222 -0.013131 
 -0.034563 0.308058 0.009992 
 -0.041222 0.318435 0.023343 
 -0.048332 0.329310 0.026909 
 -0.053751 0.338369 0.069675 
 -0.060900 0.349303 0.073260 
 -0.068049 0.360237 0.076845 
 -0.075197 0.371170 0.080429 
 0.339249 -0.282778 0.145243 
 0.330022 -0.268985 0.129866 
 0.319938 -0.254042 0.104915 
 0.312569 -0.242772 0.108610 
 0.302571 -0.227960 0.083616 
 0.293497 -0.214402 0.068162 
 0.284462 -0.200902 0.052687 
 0.275464 -0.187461 0.037194 
 0.267343 -0.175201 0.031264 
 0.260070 -0.164077 0.034911 
 0.251159 -0.150767 0.019375 
 0.242286 -0.137517 0.003819 
 0.234251 -0.125388 -0.002154 
 0.225445 -0.112240 -0.017744 
 0.217458 -0.100184 -0.023741 
 0.208719 -0.087138 -0.039364 
 0.200019 -0.074151 -0.055006 
 0.192861 -0.063203 -0.051416 
 0.184960 -0.051279 -0.057457 
 0.177811 -0.040345 -0.053872 
 0.167769 -0.025626 -0.088846 
 0.159945 -0.013819 -0.094925 
 0.152844 -0.002959 -0.091365 
 0.144354 0.009706 -0.107112 
 0.137272 0.020538 -0.103561 
 0.130190 0.031369 -0.100010 
 0.122443 0.043058 -0.106128 
 0.115370 0.053875 -0.102581 
 0.108298 0.064692 -0.099035 
 0.099952 0.077137 -0.114854 
 0.092271 0.088724 -0.121005 
 0.085227 0.099497 -0.117473 
 0.078184 0.110270 -0.113942 
 0.071140 0.121043 -0.110410 
 0.064097 0.131815 -0.106878 
 0.055894 0.144041 -0.122770 
 0.048869 0.154785 -0.119247 
 0.041845 0.165528 -0.115725 
 0.033719 0.177637 -0.131655 
 0.026713 0.188351 -0.128142 
 0.020772 0.197758 -0.105158 
 0.012703 0.209780 -0.121117 
 0.006723 0.219245 -0.098114 
 -0.000301 0.229989 -0.094591 
 -0.007325 0.240732 -0.091069 
 -0.014350 0.251476 -0.087547 
 -0.020425 0.261088 -0.064495 
 -0.027468 0.271860 -0.060963 
 -0.034057 0.282096 -0.047658 
 -0.040218 0.291840 -0.024564 
 -0.046854 0.302150 -0.011234 
 -0.052656 0.311503 0.021683 
 -0.058932 0.321422 0.044835 
 -0.065247 0.331400 0.068006 
 -0.072395 0.342334 0.071591 
 -0.079544 0.353268 0.075175 
 -0.084420 0.361685 0.137635 
 -0.091626 0.372707 0.141248 
 0.334740 -0.301351 0.139793 
 0.325524 -0.287511 0.124429 
 0.317237 -0.274963 0.118592 
 0.308089 -0.261225 0.103195 
 0.298978 -0.247546 0.087778 
 0.290768 -0.235115 0.081902 
 0.281725 -0.221539 0.066452 
 0.272720 -0.208020 0.050982 
 0.263753 -0.194561 0.035494 
 0.255648 -0.182291 0.029566 
 0.248374 -0.171167 0.033213 
 0.239494 -0.157839 0.017681 
 0.232240 -0.146744 0.021318 
 0.222633 -0.132432 -0.003841 
 0.213857 -0.119265 -0.019426 
 0.205886 -0.107200 -0.025421 
 0.197178 -0.094135 -0.041039 
 0.188508 -0.081129 -0.056677 
 0.181350 -0.070181 -0.053088 
 0.173464 -0.058248 -0.059126 
 0.166315 -0.047314 -0.055541 
 0.157751 -0.034469 -0.071231 
 0.149224 -0.021683 -0.086941 
 0.140048 -0.008029 -0.112317 
 0.132966 0.002803 -0.108766 
 0.125884 0.013634 -0.105215 
 0.118802 0.024465 -0.101664 
 0.111070 0.036164 -0.107779 
 0.103998 0.046981 -0.104233 
 0.096926 0.057797 -0.100686 
 0.088610 0.070262 -0.116501 
 0.080945 0.081858 -0.122650 
 0.073901 0.092631 -0.119118 
 0.066858 0.103404 -0.115586 
 0.059814 0.114176 -0.112054 
 0.052771 0.124949 -0.108522 
 0.044598 0.137194 -0.124410 
 0.037574 0.147937 -0.120887 
 0.030550 0.158681 -0.117365 
 0.023525 0.169424 -0.113843 
 0.015449 0.181522 -0.129778 
 0.008444 0.192237 -0.126265 
 0.000931 0.203599 -0.132491 
 -0.006064 0.214298 -0.128983 
 -0.013060 0.224998 -0.125475 
 -0.020056 0.235697 -0.121967 
 -0.026582 0.245807 -0.108701 
 -0.032669 0.255371 -0.085665 
 -0.039694 0.266115 -0.082142 
 -0.045838 0.275767 -0.059076 
 -0.052882 0.286539 -0.055544 
 -0.059504 0.296795 -0.042231 
 -0.064501 0.305073 0.010237 
 -0.071602 0.315934 0.013797 
 -0.076742 0.324431 0.066337 
 -0.083891 0.335365 0.069922 
 -0.088802 0.343639 0.132339 
 -0.096008 0.354661 0.135952 
 -0.103214 0.365682 0.139566 
 -0.106289 0.371911 0.261017 
 -0.113610 0.383108 0.264688 
 0.322813 -0.308582 0.138061 
 0.313629 -0.294723 0.122702 
 0.305357 -0.282165 0.116867 
 0.296239 -0.268409 0.101474 
 0.287160 -0.254711 0.086062 
 0.278964 -0.242271 0.080189 
 0.269952 -0.228675 0.064743 
 0.260978 -0.215139 0.049278 
 0.252042 -0.201660 0.033794 
 0.243952 -0.189381 0.027868 
 0.236679 -0.178257 0.031515 
 0.229406 -0.167133 0.035162 
 0.220575 -0.153816 0.019625 
 0.211783 -0.140557 0.004069 
 0.202270 -0.126289 -0.021109 
 0.192813 -0.112110 -0.046314 
 0.184155 -0.099056 -0.061938 
 0.176997 -0.088108 -0.058348 
 0.169117 -0.076150 -0.064380 
 0.161969 -0.065217 -0.060795 
 0.153416 -0.052324 -0.076471 
 0.146286 -0.041419 -0.072896 
 0.137107 -0.027664 -0.098241 
 0.128660 -0.014932 -0.113970 
 0.121578 -0.004101 -0.110419 
 0.114496 0.006730 -0.106868 
 0.107414 0.017562 -0.103317 
 0.099698 0.029270 -0.109430 
 0.092625 0.040086 -0.105884 
 0.085553 0.050903 -0.102337 
 0.077268 0.063386 -0.118148 
 0.069618 0.074992 -0.124294 
 0.063162 0.084961 -0.111074 
 0.055531 0.096537 -0.117230 
 0.048488 0.107310 -0.113699 
 0.041444 0.118083 -0.110167 
 0.033303 0.130346 -0.126050 
 0.026278 0.141090 -0.122527 
 0.019254 0.151833 -0.119005 
 0.011189 0.163979 -0.134926 
 0.004184 0.174693 -0.131413 
 -0.003322 0.186080 -0.137632 
 -0.010318 0.196779 -0.134124 
 -0.017314 0.207479 -0.130616 
 -0.025254 0.219435 -0.146599 
 -0.031305 0.228878 -0.123600 
 -0.038301 0.239577 -0.120093 
 -0.044852 0.249692 -0.106824 
 -0.050989 0.259267 -0.083782 
 -0.058014 0.270011 -0.080260 
 -0.064208 0.279673 -0.057189 
 -0.071251 0.290446 -0.053657 
 -0.077107 0.299685 -0.020773 
 -0.082634 0.308515 0.021928 
 -0.089745 0.319390 0.025494 
 -0.094285 0.326994 0.097648 
 -0.101463 0.337972 0.101247 
 -0.107596 0.347636 0.134270 
 -0.114125 0.357810 0.157509 
 -0.119377 0.366409 0.220037 
 -0.126660 0.377547 0.223689 
 -0.133943 0.388686 0.227341 
 -0.141225 0.399825 0.230993 
 0.318303 -0.327155 0.132611 
 0.310887 -0.315812 0.136330 
 0.301733 -0.301934 0.120975 
 0.294335 -0.290620 0.124684 
 0.284390 -0.275592 0.099754 
 0.275341 -0.261876 0.084346 
 0.267161 -0.249426 0.078475 
 0.258179 -0.235812 0.063034 
 0.250858 -0.224615 0.066705 
 0.241934 -0.211089 0.051234 
 0.232256 -0.196471 0.026170 
 0.224983 -0.185347 0.029817 
 0.217710 -0.174223 0.033464 
 0.208910 -0.160887 0.017931 
 0.199395 -0.146519 -0.007215 
 0.190682 -0.133314 -0.022791 
 0.181272 -0.119107 -0.047990 
 0.172644 -0.106034 -0.063609 
 0.165486 -0.095086 -0.060020 
 0.157622 -0.083119 -0.066049 
 0.150473 -0.072186 -0.062464 
 0.141951 -0.059274 -0.078135 
 0.134821 -0.048370 -0.074560 
 0.125689 -0.034586 -0.099899 
 0.117272 -0.021836 -0.115624 
 0.110190 -0.011005 -0.112073 
 0.103108 -0.000173 -0.108522 
 0.096027 0.010658 -0.104971 
 0.088325 0.022376 -0.111081 
 0.081253 0.033192 -0.107535 
 0.074181 0.044009 -0.103989 
 0.065927 0.056510 -0.119794 
 0.058292 0.068126 -0.125939 
 0.051249 0.078898 -0.122407 
 0.044205 0.089671 -0.118875 
 0.037161 0.100444 -0.115343 
 0.030118 0.111216 -0.111811 
 0.022007 0.123499 -0.127690 
 0.014983 0.134242 -0.124167 
 0.007959 0.144985 -0.120645 
 -0.000076 0.157150 -0.136561 
 -0.007081 0.167864 -0.133049 
 -0.014572 0.179260 -0.139265 
 -0.021567 0.189960 -0.135757 
 -0.029496 0.201964 -0.151726 
 -0.036473 0.212634 -0.148228 
 -0.043449 0.223304 -0.144730 
 -0.049550 0.232758 -0.121726 
 -0.056117 0.242863 -0.108460 
 -0.063122 0.253578 -0.104947 
 -0.069309 0.263163 -0.081900 
 -0.076333 0.273906 -0.078378 
 -0.082578 0.283579 -0.055301 
 -0.089241 0.293831 -0.041988 
 -0.093326 0.300572 0.039841 
 -0.099372 0.310002 0.072790 
 -0.105827 0.319997 0.095972 
 -0.111978 0.329589 0.128974 
 -0.119184 0.340611 0.132587 
 -0.125744 0.350767 0.155822 
 -0.131402 0.359727 0.208522 
 -0.137763 0.369641 0.241629 
 -0.145654 0.381586 0.225641 
 -0.152936 0.392725 0.229293 
 0.313794 -0.345729 0.127160 
 0.306377 -0.334385 0.130879 
 0.298960 -0.323042 0.134598 
 0.289837 -0.309146 0.119248 
 0.281596 -0.296570 0.113417 
 0.270872 -0.280282 0.078944 
 0.263522 -0.269041 0.082630 
 0.255358 -0.256582 0.076761 
 0.246407 -0.242949 0.061325 
 0.237494 -0.229375 0.045868 
 0.228620 -0.215859 0.030393 
 0.220561 -0.203562 0.024472 
 0.213288 -0.192438 0.028119 
 0.204500 -0.179054 0.012600 
 0.197246 -0.167959 0.016237 
 0.187777 -0.153562 -0.008902 
 0.178365 -0.139253 -0.034071 
 0.169730 -0.126104 -0.049666 
 0.161133 -0.113012 -0.065280 
 0.153975 -0.102064 -0.061691 
 0.146126 -0.090088 -0.067718 
 0.138977 -0.079154 -0.064133 
 0.131829 -0.068221 -0.060548 
 0.123356 -0.055320 -0.076225 
 0.114922 -0.042478 -0.091921 
 0.107169 -0.030648 -0.097996 
 0.098802 -0.017908 -0.113726 
 0.091721 -0.007077 -0.110175 
 0.084639 0.003754 -0.106624 
 0.076953 0.015481 -0.112732 
 0.069880 0.026298 -0.109186 
 0.062808 0.037114 -0.105640 
 0.054585 0.049635 -0.121441 
 0.046966 0.061259 -0.127583 
 0.039922 0.072032 -0.124051 
 0.032879 0.082805 -0.120519 
 0.025835 0.093577 -0.116987 
 0.017736 0.105907 -0.132852 
 0.010712 0.116651 -0.129330 
 0.003687 0.127394 -0.125807 
 -0.004335 0.139607 -0.141709 
 -0.011340 0.150321 -0.138197 
 -0.018825 0.161741 -0.144406 
 -0.025821 0.172441 -0.140899 
 -0.033738 0.184492 -0.156854 
 -0.040715 0.195163 -0.153355 
 -0.047691 0.205833 -0.149857 
 -0.054668 0.216503 -0.146359 
 -0.061644 0.227173 -0.142860 
 -0.067795 0.236638 -0.119851 
 -0.074387 0.246749 -0.106583 
 -0.080605 0.256315 -0.083540 
 -0.087629 0.267059 -0.080018 
 -0.093904 0.276713 -0.056946 
 -0.100582 0.286956 -0.043634 
 -0.105858 0.295167 0.008824 
 -0.111229 0.303525 0.061330 
 -0.117369 0.313001 0.094297 
 -0.123566 0.322564 0.127291 
 -0.130772 0.333586 0.130905 
 -0.137363 0.343723 0.154135 
 -0.143694 0.353492 0.187197 
 -0.150082 0.363348 0.220289 
 -0.157365 0.374487 0.223940 
 -0.164109 0.384859 0.247247 
 -0.171411 0.396027 0.250908 
 0.307532 -0.361614 0.102683 
 0.300134 -0.350300 0.106392 
 0.292737 -0.338986 0.110102 
 0.285339 -0.327671 0.113811 
 0.277104 -0.315071 0.107988 
 0.266403 -0.298688 0.073543 
 0.259053 -0.287447 0.077228 
 0.250894 -0.274964 0.071367 
 0.243554 -0.263737 0.075047 
 0.234634 -0.250086 0.059615 
 0.225753 -0.236493 0.044163 
 0.216909 -0.222959 0.028693 
 0.208865 -0.210652 0.022774 
 0.201592 -0.199528 0.026421 
 0.192835 -0.186125 0.010906 
 0.184116 -0.172781 -0.004627 
 0.174712 -0.158386 -0.029769 
 0.165366 -0.144078 -0.054940 
 0.156781 -0.130939 -0.070541 
 0.149622 -0.119991 -0.066952 
 0.141779 -0.107991 -0.072971 
 0.134631 -0.097057 -0.069387 
 0.127482 -0.086123 -0.065802 
 0.120333 -0.075190 -0.062217 
 0.111892 -0.062270 -0.077890 
 0.103488 -0.049409 -0.093581 
 0.095751 -0.037570 -0.099654 
 0.088650 -0.026710 -0.096093 
 0.080333 -0.013981 -0.111828 
 0.073251 -0.003149 -0.108277 
 0.066169 0.007682 -0.104726 
 0.058508 0.019404 -0.110837 
 0.051436 0.030220 -0.107291 
 0.043243 0.042759 -0.123088 
 0.035639 0.054393 -0.129228 
 0.028596 0.065166 -0.125696 
 0.021552 0.075938 -0.122164 
 0.014509 0.086711 -0.118632 
 0.006441 0.099060 -0.134492 
 -0.000584 0.109803 -0.130970 
 -0.007608 0.120547 -0.127447 
 -0.015600 0.132778 -0.143345 
 -0.022605 0.143492 -0.139832 
 -0.030075 0.154921 -0.146040 
 -0.037070 0.165621 -0.142532 
 -0.044957 0.177691 -0.158482 
 -0.051933 0.188362 -0.154984 
 -0.058910 0.199032 -0.151486 
 -0.065886 0.209702 -0.147988 
 -0.072863 0.220372 -0.144489 
 -0.079044 0.229818 -0.121485 
 -0.085652 0.239920 -0.108218 
 -0.091900 0.249468 -0.085180 
 -0.098925 0.260211 -0.081658 
 -0.105230 0.269847 -0.058590 
 -0.112274 0.280619 -0.055058 
 -0.118297 0.289818 -0.022181 
 -0.122725 0.296556 0.059661 
 -0.128910 0.306004 0.092621 
 -0.135153 0.315539 0.125609 
 -0.141756 0.325629 0.148825 
 -0.148689 0.336228 0.162254 
 -0.155358 0.346420 0.185504 
 -0.161793 0.356249 0.218588 
 -0.169076 0.367387 0.222240 
 -0.175850 0.377740 0.245542 
 -0.182175 0.387396 0.288524 
 -0.189515 0.398622 0.292205 
 0.304774 -0.382876 0.116259 
 0.295636 -0.368826 0.100956 
 0.288239 -0.357511 0.104665 
 0.280841 -0.346197 0.108375 
 0.273443 -0.334883 0.112084 
 0.265223 -0.322273 0.106263 
 0.254584 -0.305852 0.071827 
 0.247234 -0.294611 0.075512 
 0.239091 -0.282119 0.069653 
 0.230183 -0.268420 0.054235 
 0.221313 -0.254779 0.038797 
 0.214011 -0.243611 0.042458 
 0.205198 -0.230058 0.026992 
 0.197170 -0.217742 0.021076 
 0.189896 -0.206618 0.024723 
 0.181170 -0.193197 0.009213 
 0.172482 -0.179834 -0.006316 
 0.163124 -0.165411 -0.031452 
 0.153824 -0.151075 -0.056616 
 0.145270 -0.137917 -0.072212 
 0.138111 -0.126969 -0.068623 
 0.130284 -0.114960 -0.074640 
 0.123135 -0.104026 -0.071056 
 0.115986 -0.093092 -0.067471 
 0.108838 -0.082159 -0.063886 
 0.100427 -0.069221 -0.079554 
 0.091433 -0.055353 -0.104873 
 0.084332 -0.044493 -0.101312 
 0.077231 -0.033632 -0.097751 
 0.068945 -0.020884 -0.113482 
 0.061863 -0.010053 -0.109931 
 0.054781 0.000778 -0.106380 
 0.047700 0.011610 -0.102829 
 0.040063 0.023326 -0.108942 
 0.031901 0.035883 -0.124735 
 0.024313 0.047527 -0.130872 
 0.017270 0.058299 -0.127340 
 0.010226 0.069072 -0.123808 
 0.003183 0.079845 -0.120276 
 -0.004855 0.092212 -0.136132 
 -0.011879 0.102956 -0.132610 
 -0.019859 0.115235 -0.148493 
 -0.026865 0.125949 -0.144981 
 -0.034329 0.137402 -0.151181 
 -0.041324 0.148102 -0.147673 
 -0.048320 0.158801 -0.144165 
 -0.056175 0.170890 -0.160111 
 -0.063152 0.181561 -0.156613 
 -0.070128 0.192231 -0.153115 
 -0.077105 0.202901 -0.149616 
 -0.084081 0.213571 -0.146118 
 -0.090294 0.222998 -0.123118 
 -0.096917 0.233091 -0.109854 
 -0.103922 0.243805 -0.106341 
 -0.110220 0.253363 -0.083298 
 -0.116557 0.262980 -0.060235 
 -0.123600 0.273753 -0.056703 
 -0.130319 0.283992 -0.043391 
 -0.133905 0.289068 0.067776 
 -0.139841 0.297998 0.110524 
 -0.146741 0.308514 0.123926 
 -0.153375 0.318585 0.147138 
 -0.160323 0.329175 0.160565 
 -0.167023 0.339349 0.183810 
 -0.173504 0.349149 0.216888 
 -0.180787 0.360288 0.220540 
 -0.187592 0.370622 0.243837 
 -0.194436 0.381015 0.267155 
 -0.201757 0.392212 0.270826 
 0.294557 -0.392861 0.133535 
 0.283740 -0.376037 0.099229 
 0.276343 -0.364723 0.102938 
 0.268945 -0.353409 0.106647 
 0.260731 -0.340775 0.100833 
 0.253343 -0.329476 0.104538 
 0.242765 -0.313017 0.070111 
 0.235416 -0.301776 0.073796 
 0.227288 -0.289275 0.067939 
 0.218410 -0.275557 0.052526 
 0.209571 -0.261897 0.037092 
 0.202269 -0.250730 0.040754 
 0.193487 -0.237158 0.025292 
 0.185474 -0.224832 0.019377 
 0.176759 -0.211363 0.003882 
 0.167371 -0.196794 -0.021209 
 0.160146 -0.185744 -0.017586 
 0.151536 -0.172435 -0.033134 
 0.143647 -0.160300 -0.039111 
 0.133759 -0.144896 -0.073884 
 0.126600 -0.133947 -0.070294 
 0.118788 -0.121929 -0.076309 
 0.111639 -0.110995 -0.072725 
 0.104491 -0.100061 -0.069140 
 0.097342 -0.089128 -0.065556 
 0.088962 -0.076171 -0.081219 
 0.080620 -0.063272 -0.096902 
 0.072913 -0.051415 -0.102970 
 0.065812 -0.040554 -0.099409 
 0.057557 -0.027788 -0.115135 
 0.050475 -0.016957 -0.111584 
 0.043393 -0.006125 -0.108033 
 0.036312 0.004706 -0.104482 
 0.028691 0.016432 -0.110593 
 0.020560 0.029008 -0.126381 
 0.013507 0.039795 -0.122845 
 0.005943 0.051433 -0.128985 
 -0.001100 0.062206 -0.125453 
 -0.009126 0.074621 -0.141294 
 -0.016151 0.085365 -0.137772 
 -0.023175 0.096108 -0.134250 
 -0.031124 0.108406 -0.150129 
 -0.038129 0.119120 -0.146616 
 -0.045578 0.130583 -0.152814 
 -0.052574 0.141282 -0.149306 
 -0.059569 0.151982 -0.145798 
 -0.067394 0.164089 -0.161740 
 -0.074371 0.174760 -0.158242 
 -0.081743 0.186105 -0.164478 
 -0.088324 0.196100 -0.151245 
 -0.095300 0.206770 -0.147747 
 -0.101543 0.216179 -0.124751 
 -0.108539 0.226878 -0.121243 
 -0.115187 0.236976 -0.107977 
 -0.121516 0.246516 -0.084938 
 -0.127883 0.256114 -0.061879 
 -0.134607 0.266329 -0.048575 
 -0.141661 0.277116 -0.045038 
 -0.145716 0.282618 0.056323 
 -0.151413 0.290982 0.108843 
 -0.158329 0.301490 0.122244 
 -0.164722 0.311057 0.155248 
 -0.171434 0.321183 0.178479 
 -0.178184 0.331366 0.201729 
 -0.185215 0.342050 0.215188 
 -0.192498 0.353188 0.218839 
 -0.199334 0.363504 0.242133 
 -0.205781 0.373085 0.285097 
 -0.213121 0.384311 0.288777 
 0.292583 -0.415687 0.156562 
 0.282600 -0.400110 0.131799 
 0.271845 -0.383249 0.097501 
 0.264447 -0.371934 0.101211 
 0.256239 -0.359277 0.095404 
 0.248851 -0.347977 0.099108 
 0.239880 -0.334051 0.083761 
 0.230947 -0.320182 0.068395 
 0.222825 -0.307657 0.062545 
 0.215484 -0.296430 0.066226 
 0.206638 -0.282694 0.050816 
 0.196342 -0.266535 0.016288 
 0.189059 -0.255396 0.019940 
 0.181051 -0.243046 0.014032 
 0.172348 -0.229529 -0.001449 
 0.163683 -0.216071 -0.016950 
 0.155752 -0.203838 -0.022896 
 0.147154 -0.190482 -0.038430 
 0.139948 -0.179460 -0.034817 
 0.132075 -0.167315 -0.040791 
 0.123563 -0.154091 -0.056369 
 0.115089 -0.140925 -0.071965 
 0.107931 -0.129977 -0.068376 
 0.100773 -0.119029 -0.064787 
 0.092995 -0.107030 -0.070809 
 0.084627 -0.094025 -0.086458 
 0.077497 -0.083121 -0.082883 
 0.069186 -0.070204 -0.098562 
 0.061495 -0.058337 -0.104628 
 0.054394 -0.047477 -0.101067 
 0.047293 -0.036616 -0.097506 
 0.039087 -0.023860 -0.113238 
 0.032006 -0.013029 -0.109687 
 0.024924 -0.002198 -0.106135 
 0.017842 0.008634 -0.102584 
 0.009218 0.022132 -0.128028 
 0.002165 0.032920 -0.124491 
 -0.005383 0.044567 -0.130629 
 -0.012426 0.055339 -0.127097 
 -0.020422 0.067774 -0.142934 
 -0.027446 0.078517 -0.139412 
 -0.034470 0.089260 -0.135890 
 -0.041495 0.100004 -0.132367 
 -0.049394 0.112291 -0.148252 
 -0.056399 0.123005 -0.144739 
 -0.063823 0.134462 -0.150940 
 -0.070818 0.145162 -0.147432 
 -0.078613 0.157288 -0.163369 
 -0.085589 0.167959 -0.159871 
 -0.092946 0.179313 -0.166104 
 -0.099542 0.189299 -0.152874 
 -0.106519 0.199969 -0.149376 
 -0.112792 0.209359 -0.126384 
 -0.119788 0.220058 -0.122877 
 -0.126451 0.230147 -0.109612 
 -0.132811 0.239668 -0.086578 
 -0.139209 0.249248 -0.063524 
 -0.145949 0.259453 -0.050221 
 -0.152414 0.269136 -0.027134 
 -0.156358 0.274035 0.083994 
 -0.162986 0.283966 0.107163 
 -0.169387 0.293447 0.140141 
 -0.176356 0.304004 0.153559 
 -0.183099 0.314111 0.176785 
 -0.189880 0.324276 0.200031 
 -0.197153 0.335400 0.203678 
 -0.204209 0.346089 0.217139 
 -0.211492 0.357227 0.220791 
 -0.217981 0.366741 0.263736 
 -0.225302 0.377938 0.267407 
 0.297214 -0.448678 0.166304 
 0.288044 -0.434381 0.151076 
 0.280580 -0.422964 0.154819 
 0.270643 -0.407359 0.130063 
 0.259949 -0.390460 0.095774 
 0.251747 -0.377779 0.089974 
 0.244359 -0.366479 0.093679 
 0.235399 -0.352504 0.078346 
 0.226478 -0.338588 0.062993 
 0.218361 -0.326039 0.057151 
 0.209507 -0.312225 0.041765 
 0.202186 -0.301028 0.045436 
 0.193389 -0.287302 0.030021 
 0.184630 -0.273634 0.014588 
 0.176629 -0.261261 0.008687 
 0.169356 -0.250137 0.012334 
 0.159284 -0.234189 -0.022267 
 0.151359 -0.221932 -0.028206 
 0.142773 -0.208528 -0.043726 
 0.135566 -0.197507 -0.040113 
 0.128360 -0.186485 -0.036499 
 0.120502 -0.174331 -0.042472 
 0.112021 -0.161088 -0.058044 
 0.103578 -0.147904 -0.073637 
 0.096420 -0.136955 -0.070047 
 0.089262 -0.126007 -0.066458 
 0.081499 -0.113999 -0.072478 
 0.074351 -0.103065 -0.068894 
 0.066032 -0.090071 -0.084548 
 0.057752 -0.077136 -0.100222 
 0.050076 -0.065260 -0.106286 
 0.042975 -0.054399 -0.102725 
 0.035874 -0.043539 -0.099164 
 0.027699 -0.030764 -0.114891 
 0.020618 -0.019933 -0.111340 
 0.013536 -0.009101 -0.107789 
 0.005946 0.002643 -0.113896 
 -0.001126 0.013460 -0.110349 
 -0.009177 0.026044 -0.126138 
 -0.016709 0.037700 -0.132274 
 -0.023753 0.048473 -0.128742 
 -0.030796 0.059246 -0.125210 
 -0.037840 0.070019 -0.121678 
 -0.045766 0.082413 -0.137530 
 -0.052790 0.093156 -0.134007 
 -0.060659 0.105462 -0.149887 
 -0.067664 0.116176 -0.146374 
 -0.075072 0.127643 -0.152573 
 -0.082068 0.138342 -0.149065 
 -0.089063 0.149042 -0.145557 
 -0.096808 0.161158 -0.161499 
 -0.103784 0.171828 -0.158001 
 -0.110761 0.182498 -0.154503 
 -0.117737 0.193168 -0.151005 
 -0.124714 0.203839 -0.147506 
 -0.131037 0.213239 -0.124510 
 -0.137716 0.223318 -0.111248 
 -0.143492 0.231609 -0.068700 
 -0.150238 0.241790 -0.055405 
 -0.157291 0.252578 -0.051868 
 -0.163508 0.261679 -0.019012 
 -0.167362 0.265944 0.101874 
 -0.174299 0.276418 0.115266 
 -0.180756 0.285886 0.148242 
 -0.187510 0.295945 0.171454 
 -0.194764 0.307039 0.175092 
 -0.201575 0.317186 0.198333 
 -0.208849 0.328310 0.201980 
 -0.215920 0.338989 0.215439 
 -0.223203 0.350128 0.219091 
 -0.230485 0.361266 0.222742 
 -0.237768 0.372405 0.226394 
 0.300148 -0.478865 0.157051 
 0.292664 -0.467419 0.160804 
 0.285180 -0.455973 0.164556 
 0.276041 -0.441658 0.149333 
 0.268576 -0.430241 0.153076 
 0.257068 -0.411797 0.109332 
 0.247254 -0.396281 0.084545 
 0.239866 -0.384981 0.088249 
 0.230918 -0.370958 0.072930 
 0.222009 -0.356994 0.057592 
 0.213898 -0.344421 0.051756 
 0.205055 -0.330559 0.036385 
 0.197734 -0.319362 0.040056 
 0.188949 -0.305588 0.024655 
 0.180202 -0.291872 0.009235 
 0.172206 -0.279475 0.003342 
 0.164933 -0.268351 0.006989 
 0.156272 -0.254767 -0.008474 
 0.147650 -0.241242 -0.023956 
 0.139740 -0.228976 -0.029893 
 0.131185 -0.215553 -0.045409 
 0.123979 -0.204532 -0.041795 
 0.116772 -0.193510 -0.038182 
 0.108930 -0.181347 -0.044152 
 0.100479 -0.168085 -0.059720 
 0.092067 -0.154882 -0.075308 
 0.084909 -0.143934 -0.071719 
 0.077751 -0.132985 -0.068129 
 0.070004 -0.120968 -0.074147 
 0.062855 -0.110034 -0.070563 
 0.054568 -0.097022 -0.086213 
 0.046318 -0.084067 -0.101882 
 0.038657 -0.072182 -0.107943 
 0.031557 -0.061321 -0.104383 
 0.024456 -0.050461 -0.100822 
 0.016312 -0.037667 -0.116544 
 0.009230 -0.026836 -0.112993 
 0.002148 -0.016005 -0.109442 
 -0.005427 -0.004251 -0.115547 
 -0.012499 0.006565 -0.112001 
 -0.020518 0.019168 -0.127785 
 -0.027571 0.029956 -0.124248 
 -0.035079 0.041607 -0.130386 
 -0.042123 0.052380 -0.126854 
 -0.049166 0.063152 -0.123322 
 -0.057061 0.075565 -0.139170 
 -0.064086 0.086308 -0.135647 
 -0.071924 0.098633 -0.151523 
 -0.078929 0.109347 -0.148010 
 -0.085934 0.120062 -0.144497 
 -0.092939 0.130776 -0.140985 
 -0.100313 0.142222 -0.147190 
 -0.107308 0.152922 -0.143683 
 -0.114304 0.163621 -0.140175 
 -0.121300 0.174321 -0.136667 
 -0.128295 0.185020 -0.133159 
 -0.135291 0.195720 -0.129651 
 -0.141976 0.205775 -0.116396 
 -0.148378 0.215229 -0.093380 
 -0.154526 0.224127 -0.060588 
 -0.161580 0.234915 -0.057051 
 -0.167814 0.243945 -0.024217 
 -0.174106 0.253062 0.008647 
 -0.179442 0.260041 0.080643 
 -0.185399 0.268310 0.133144 
 -0.192624 0.279360 0.136768 
 -0.199175 0.288873 0.169761 
 -0.205998 0.298972 0.192988 
 -0.213271 0.310096 0.196635 
 -0.220544 0.321220 0.200282 
 -0.227817 0.332344 0.203929 
 -0.234914 0.343028 0.217390 
 -0.242196 0.354167 0.221042 
 -0.249479 0.365305 0.224694 
 0.297298 -0.500612 0.170484 
 0.288113 -0.486161 0.155304 
 0.280630 -0.474715 0.159056 
 0.273146 -0.463269 0.162809 
 0.264037 -0.448934 0.147590 
 0.254164 -0.433229 0.122862 
 0.245142 -0.419027 0.107601 
 0.235374 -0.403483 0.082820 
 0.226438 -0.389412 0.067515 
 0.217540 -0.375400 0.052191 
 0.210190 -0.364159 0.055876 
 0.202095 -0.351576 0.050042 
 0.193283 -0.337696 0.034675 
 0.184509 -0.323874 0.019289 
 0.177207 -0.312706 0.022950 
 0.168491 -0.298972 0.007535 
 0.160511 -0.286565 0.001644 
 0.153238 -0.275441 0.005291 
 0.143251 -0.259360 -0.029273 
 0.136016 -0.248295 -0.025645 
 0.128122 -0.236019 -0.031580 
 0.119597 -0.222578 -0.047091 
 0.112391 -0.211557 -0.043478 
 0.105184 -0.200535 -0.039864 
 0.097357 -0.188362 -0.045832 
 0.088938 -0.175082 -0.061396 
 0.080556 -0.161860 -0.076979 
 0.073398 -0.150912 -0.073390 
 0.066240 -0.139964 -0.069800 
 0.058508 -0.127937 -0.075816 
 0.050232 -0.114876 -0.091452 
 0.043103 -0.103972 -0.087877 
 0.034884 -0.090999 -0.103542 
 0.027239 -0.079104 -0.109601 
 0.020138 -0.068244 -0.106041 
 0.013037 -0.057383 -0.102480 
 0.004924 -0.044571 -0.118198 
 -0.002158 -0.033740 -0.114647 
 -0.009240 -0.022909 -0.111096 
 -0.016799 -0.011146 -0.117198 
 -0.023871 -0.000329 -0.113652 
 -0.030943 0.010488 -0.110105 
 -0.038913 0.023080 -0.125895 
 -0.045966 0.033867 -0.122358 
 -0.053449 0.045513 -0.128499 
 -0.060493 0.056286 -0.124967 
 -0.067536 0.067059 -0.121435 
 -0.075381 0.079461 -0.137287 
 -0.082406 0.090204 -0.133765 
 -0.089430 0.100948 -0.130243 
 -0.097199 0.113233 -0.146133 
 -0.104204 0.123947 -0.142620 
 -0.111209 0.134661 -0.139107 
 -0.118214 0.145375 -0.135595 
 -0.125220 0.156089 -0.132082 
 -0.132225 0.166803 -0.128569 
 -0.139230 0.177517 -0.125057 
 -0.146235 0.188232 -0.121544 
 -0.153240 0.198946 -0.118031 
 -0.159673 0.208382 -0.095020 
 -0.165868 0.217252 -0.062235 
 -0.172120 0.226210 -0.029421 
 -0.178687 0.235851 -0.006342 
 -0.184549 0.243809 0.046062 
 -0.190983 0.253045 0.078967 
 -0.196331 0.259612 0.160792 
 -0.203147 0.269634 0.183996 
 -0.210420 0.280758 0.187643 
 -0.217494 0.291374 0.201083 
 -0.224776 0.302513 0.204734 
 -0.232240 0.314130 0.198584 
 -0.239342 0.324790 0.212038 
 -0.246625 0.335929 0.215690 
 -0.253907 0.347067 0.219342 
 -0.261190 0.358206 0.222994 
 0.294426 -0.522454 0.183888 
 0.285234 -0.507926 0.168732 
 0.276079 -0.493456 0.153557 
 0.268595 -0.482010 0.157309 
 0.259499 -0.467628 0.142105 
 0.252034 -0.456211 0.145848 
 0.242207 -0.440478 0.121126 
 0.233215 -0.426257 0.105869 
 0.223494 -0.410685 0.081095 
 0.214588 -0.396596 0.065795 
 0.205721 -0.382565 0.050475 
 0.198371 -0.371324 0.054160 
 0.190291 -0.358732 0.048329 
 0.181510 -0.344833 0.032966 
 0.172767 -0.330992 0.017584 
 0.164063 -0.317210 0.002183 
 0.156780 -0.306071 0.005835 
 0.148815 -0.293655 -0.000054 
 0.140197 -0.280005 -0.015499 
 0.131617 -0.266413 -0.030962 
 0.123728 -0.254114 -0.036889 
 0.116503 -0.243063 -0.033266 
 0.108009 -0.229603 -0.048773 
 0.100803 -0.218581 -0.045160 
 0.093597 -0.207560 -0.041547 
 0.085785 -0.195378 -0.047512 
 0.078588 -0.184371 -0.043904 
 0.070219 -0.171101 -0.059473 
 0.061887 -0.157890 -0.075061 
 0.054729 -0.146942 -0.071472 
 0.047013 -0.134906 -0.077485 
 0.038768 -0.121827 -0.093117 
 0.031638 -0.110922 -0.089542 
 0.023450 -0.097930 -0.105202 
 0.015820 -0.086026 -0.111259 
 0.008719 -0.075166 -0.107698 
 0.001618 -0.064305 -0.104138 
 -0.006464 -0.051475 -0.119851 
 -0.012583 -0.042584 -0.097017 
 -0.020628 -0.029812 -0.112749 
 -0.027709 -0.018981 -0.109198 
 -0.034791 -0.008150 -0.105647 
 -0.041873 0.002681 -0.102096 
 -0.049388 0.014410 -0.108210 
 -0.056460 0.025226 -0.104664 
 -0.064361 0.037779 -0.120468 
 -0.071819 0.049419 -0.126611 
 -0.078862 0.060192 -0.123080 
 -0.086677 0.072613 -0.138927 
 -0.093701 0.083356 -0.135405 
 -0.100725 0.094100 -0.131883 
 -0.108463 0.106403 -0.147768 
 -0.115469 0.117118 -0.144256 
 -0.122474 0.127832 -0.140743 
 -0.129479 0.138546 -0.137230 
 -0.136484 0.149260 -0.133718 
 -0.143489 0.159974 -0.130205 
 -0.150495 0.170688 -0.126692 
 -0.157500 0.181402 -0.123180 
 -0.163944 0.190790 -0.100182 
 -0.170427 0.200237 -0.077165 
 -0.176688 0.209109 -0.044378 
 -0.183005 0.218068 -0.011561 
 -0.189380 0.227115 0.021285 
 -0.196045 0.236840 0.044393 
 -0.202971 0.247198 0.057749 
 -0.207996 0.252541 0.159098 
 -0.214843 0.262543 0.182298 
 -0.221922 0.273136 0.195730 
 -0.229205 0.284275 0.199382 
 -0.236487 0.295413 0.203034 
 -0.243770 0.306552 0.206686 
 -0.251053 0.317691 0.210338 
 -0.258336 0.328829 0.213990 
 0.280671 -0.526715 0.163218 
 0.273169 -0.515240 0.166980 
 0.264045 -0.500751 0.151809 
 0.254960 -0.486321 0.136619 
 0.247495 -0.474905 0.140362 
 0.239249 -0.462025 0.134624 
 0.230250 -0.447727 0.119390 
 0.221289 -0.433487 0.104137 
 0.211613 -0.417887 0.079370 
 0.202739 -0.403779 0.064074 
 0.193902 -0.389730 0.048759 
 0.185828 -0.377114 0.042934 
 0.177059 -0.363167 0.027586 
 0.168327 -0.349278 0.012218 
 0.159635 -0.335448 -0.003169 
 0.152352 -0.324310 0.000483 
 0.144393 -0.311869 -0.005399 
 0.137120 -0.300745 -0.001752 
 0.128532 -0.287076 -0.017192 
 0.119983 -0.273466 -0.032651 
 0.112110 -0.261157 -0.038576 
 0.104884 -0.250107 -0.034953 
 0.096421 -0.236628 -0.050456 
 0.089215 -0.225606 -0.046842 
 0.082009 -0.214585 -0.043229 
 0.074212 -0.202393 -0.049193 
 0.065854 -0.189076 -0.064747 
 0.058677 -0.178098 -0.061148 
 0.050376 -0.164868 -0.076732 
 0.043218 -0.153920 -0.073143 
 0.035517 -0.141875 -0.079154 
 0.027303 -0.128777 -0.094781 
 0.020173 -0.117872 -0.091206 
 0.012016 -0.104862 -0.106862 
 0.004402 -0.092949 -0.112917 
 -0.002699 -0.082088 -0.109356 
 -0.009800 -0.071228 -0.105796 
 -0.017852 -0.058378 -0.121505 
 -0.024934 -0.047547 -0.117954 
 -0.032015 -0.036716 -0.114402 
 -0.039097 -0.025885 -0.110851 
 -0.046179 -0.015053 -0.107300 
 -0.053261 -0.004222 -0.103749 
 -0.060761 0.007516 -0.109862 
 -0.067833 0.018332 -0.106315 
 -0.075703 0.030903 -0.122115 
 -0.082756 0.041691 -0.118578 
 -0.090188 0.053326 -0.124724 
 -0.097232 0.064098 -0.121192 
 -0.104997 0.076509 -0.137045 
 -0.112021 0.087252 -0.133523 
 -0.119045 0.097996 -0.130000 
 -0.126070 0.108739 -0.126478 
 -0.133094 0.119482 -0.122956 
 -0.140118 0.130226 -0.119434 
 -0.147749 0.142431 -0.135353 
 -0.154167 0.151713 -0.112389 
 -0.161191 0.162456 -0.108867 
 -0.168765 0.174573 -0.124815 
 -0.174710 0.182598 -0.082342 
 -0.181498 0.192713 -0.069065 
 -0.188060 0.202214 -0.046029 
 -0.194424 0.211146 -0.013219 
 -0.200392 0.218937 0.039139 
 -0.207540 0.229871 0.042724 
 -0.214482 0.240220 0.056077 
 -0.219661 0.245469 0.157405 
 -0.226539 0.255453 0.180600 
 -0.233812 0.266577 0.184247 
 -0.240916 0.277175 0.197682 
 -0.248198 0.288314 0.201334 
 -0.255481 0.299452 0.204986 
 -0.262764 0.310591 0.208637 
 0.287778 -0.564853 0.201168 
 0.277757 -0.548624 0.176604 
 0.268606 -0.534029 0.161466 
 0.259494 -0.519493 0.146309 
 0.250421 -0.505015 0.131133 
 0.242956 -0.493598 0.134876 
 0.234716 -0.480695 0.129145 
 0.225728 -0.466348 0.113925 
 0.216779 -0.452061 0.098687 
 0.207868 -0.437832 0.083429 
 0.198258 -0.422233 0.058659 
 0.189433 -0.408135 0.043357 
 0.182083 -0.396894 0.047043 
 0.174025 -0.384269 0.041221 
 0.163888 -0.367564 0.006851 
 0.156586 -0.356396 0.010513 
 0.147924 -0.342548 -0.004869 
 0.140641 -0.331409 -0.001218 
 0.132697 -0.318959 -0.007097 
 0.124121 -0.305243 -0.022523 
 0.116867 -0.294148 -0.018886 
 0.108348 -0.280519 -0.034340 
 0.100491 -0.268201 -0.040263 
 0.093266 -0.257150 -0.036640 
 0.084833 -0.243653 -0.052138 
 0.077627 -0.232631 -0.048525 
 0.070421 -0.221610 -0.044911 
 0.062640 -0.209409 -0.050873 
 0.055443 -0.198402 -0.047264 
 0.047135 -0.185095 -0.062824 
 0.039958 -0.174118 -0.059225 
 0.031707 -0.160898 -0.074814 
 0.024549 -0.149950 -0.071225 
 0.016873 -0.137910 -0.077239 
 0.008708 -0.124823 -0.092871 
 0.000582 -0.111794 -0.108522 
 -0.007017 -0.099871 -0.114575 
 -0.014118 -0.089010 -0.111014 
 -0.021219 -0.078150 -0.107454 
 -0.028320 -0.067289 -0.103893 
 -0.035421 -0.056429 -0.100332 
 -0.042522 -0.045568 -0.096772 
 -0.049622 -0.034708 -0.093211 
 -0.057567 -0.021957 -0.108954 
 -0.064649 -0.011126 -0.105403 
 -0.072133 0.000621 -0.111513 
 -0.078812 0.010537 -0.098301 
 -0.086277 0.022255 -0.104420 
 -0.094097 0.034815 -0.120225 
 -0.101150 0.045602 -0.116688 
 -0.108558 0.057232 -0.122837 
 -0.115602 0.068005 -0.119305 
 -0.122645 0.078778 -0.115773 
 -0.130341 0.091148 -0.131640 
 -0.137365 0.101891 -0.128118 
 -0.144389 0.112635 -0.124596 
 -0.151414 0.123378 -0.121074 
 -0.158438 0.134122 -0.117551 
 -0.165463 0.144865 -0.114029 
 -0.172487 0.155608 -0.110507 
 -0.179511 0.166352 -0.106985 
 -0.186037 0.175732 -0.083986 
 -0.192360 0.184503 -0.051226 
 -0.199202 0.194668 -0.037932 
 -0.205842 0.204223 -0.014876 
 -0.211887 0.211968 0.037470 
 -0.218834 0.222293 0.050817 
 -0.225608 0.232054 0.073940 
 -0.231326 0.238398 0.155711 
 -0.238234 0.248363 0.178902 
 -0.245507 0.259487 0.182549 
 -0.252627 0.270076 0.195982 
 -0.259909 0.281214 0.199633 
 -0.267192 0.292353 0.203285 
 0.290738 -0.595310 0.191833 
 0.283187 -0.583762 0.195619 
 0.274818 -0.570629 0.189962 
 0.265661 -0.555957 0.174848 
 0.256541 -0.541343 0.159715 
 0.247460 -0.526788 0.144562 
 0.237638 -0.510766 0.119928 
 0.228643 -0.496343 0.104732 
 0.221207 -0.484970 0.108461 
 0.210768 -0.467672 0.074283 
 0.202629 -0.454891 0.068511 
 0.195241 -0.443591 0.072215 
 0.184964 -0.426541 0.037956 
 0.176902 -0.413877 0.032146 
 0.169562 -0.402651 0.035826 
 0.162221 -0.391425 0.039507 
 0.152146 -0.374682 0.005147 
 0.143495 -0.360786 -0.010222 
 0.136212 -0.349647 -0.006570 
 0.128930 -0.338509 -0.002918 
 0.121001 -0.326050 -0.008795 
 0.112456 -0.312314 -0.024217 
 0.103949 -0.298637 -0.039657 
 0.096097 -0.286295 -0.045573 
 0.088872 -0.275245 -0.041950 
 0.080451 -0.261699 -0.057434 
 0.073245 -0.250678 -0.053821 
 0.066039 -0.239656 -0.050207 
 0.058264 -0.227431 -0.056162 
 0.051067 -0.216424 -0.052553 
 0.042771 -0.203070 -0.068099 
 0.035593 -0.192092 -0.064500 
 0.027354 -0.178825 -0.080075 
 0.020196 -0.167877 -0.076486 
 0.013038 -0.156928 -0.072896 
 0.005377 -0.144879 -0.078908 
 -0.001771 -0.133945 -0.075323 
 -0.009886 -0.120869 -0.090960 
 -0.017962 -0.107850 -0.106617 
 -0.025537 -0.095933 -0.112672 
 -0.032638 -0.085072 -0.109111 
 -0.039738 -0.074212 -0.105551 
 -0.046839 -0.063351 -0.101990 
 -0.053940 -0.052491 -0.098429 
 -0.061041 -0.041630 -0.094869 
 -0.068955 -0.028861 -0.110607 
 -0.076036 -0.018029 -0.107056 
 -0.083118 -0.007198 -0.103505 
 -0.090200 0.003633 -0.099954 
 -0.097650 0.015360 -0.106071 
 -0.104722 0.026177 -0.102525 
 -0.112492 0.038727 -0.118335 
 -0.119884 0.050366 -0.124481 
 -0.126928 0.061139 -0.120949 
 -0.133971 0.071911 -0.117417 
 -0.141636 0.084300 -0.133280 
 -0.148661 0.095044 -0.129758 
 -0.155685 0.105787 -0.126236 
 -0.162709 0.116531 -0.122714 
 -0.169734 0.127274 -0.119191 
 -0.176232 0.136547 -0.096226 
 -0.183782 0.148761 -0.112147 
 -0.190319 0.158093 -0.089162 
 -0.197129 0.168174 -0.075895 
 -0.203733 0.177609 -0.052877 
 -0.210590 0.187764 -0.039586 
 -0.217261 0.197301 -0.016534 
 -0.223383 0.204999 0.035801 
 -0.230345 0.215315 0.049145 
 -0.236797 0.223851 0.091793 
 -0.242991 0.231326 0.154018 
 -0.249930 0.241273 0.177204 
 -0.257203 0.252397 0.180851 
 -0.264476 0.263521 0.184498 
 -0.271363 0.273055 0.217510 
 -0.278665 0.284223 0.221171 
 0.278596 -0.602671 0.190070 
 0.271045 -0.591122 0.193856 
 0.262692 -0.577981 0.188202 
 0.251979 -0.560133 0.154201 
 0.244476 -0.548658 0.157963 
 0.233879 -0.530985 0.123904 
 0.225650 -0.518034 0.118187 
 0.216686 -0.503592 0.102996 
 0.207760 -0.489208 0.087786 
 0.198872 -0.474883 0.072556 
 0.190748 -0.462093 0.066786 
 0.181928 -0.447870 0.051523 
 0.173145 -0.433706 0.036240 
 0.165098 -0.421033 0.030432 
 0.157758 -0.409807 0.034113 
 0.150418 -0.398580 0.037793 
 0.141741 -0.384577 0.022458 
 0.133102 -0.370633 0.007103 
 0.124501 -0.356747 -0.008270 
 0.116579 -0.344264 -0.014141 
 0.109306 -0.333140 -0.010494 
 0.100791 -0.319386 -0.025911 
 0.091704 -0.304390 -0.050883 
 0.084479 -0.293339 -0.047260 
 0.077253 -0.282288 -0.043637 
 0.068863 -0.268724 -0.059117 
 0.061657 -0.257703 -0.055503 
 0.054451 -0.246681 -0.051890 
 0.046691 -0.234447 -0.057842 
 0.039495 -0.223440 -0.054233 
 0.031229 -0.210067 -0.069775 
 0.024052 -0.199089 -0.066176 
 0.015843 -0.185803 -0.081746 
 0.008685 -0.174855 -0.078157 
 0.001030 -0.162782 -0.084162 
 -0.006118 -0.151848 -0.080577 
 -0.013267 -0.140914 -0.076992 
 -0.021351 -0.127819 -0.092625 
 -0.029396 -0.114782 -0.108277 
 -0.036507 -0.103907 -0.104712 
 -0.043617 -0.093031 -0.101146 
 -0.051157 -0.081134 -0.107209 
 -0.058258 -0.070274 -0.103648 
 -0.065359 -0.059413 -0.100087 
 -0.072460 -0.048552 -0.096527 
 -0.080343 -0.035764 -0.112261 
 -0.087424 -0.024933 -0.108710 
 -0.094506 -0.014102 -0.105158 
 -0.101588 -0.003271 -0.101607 
 -0.109022 0.008466 -0.107723 
 -0.116095 0.019282 -0.104176 
 -0.123167 0.030099 -0.100630 
 -0.130887 0.042638 -0.116445 
 -0.138254 0.054272 -0.122594 
 -0.145298 0.065045 -0.119062 
 -0.152341 0.075818 -0.115530 
 -0.159385 0.086590 -0.111998 
 -0.166428 0.097363 -0.108466 
 -0.173472 0.108136 -0.104934 
 -0.181029 0.120426 -0.120831 
 -0.187559 0.129681 -0.097871 
 -0.194602 0.140454 -0.094339 
 -0.201646 0.151227 -0.090807 
 -0.208470 0.161299 -0.077542 
 -0.215105 0.170715 -0.054529 
 -0.222177 0.181531 -0.050982 
 -0.228680 0.190379 -0.018192 
 -0.235600 0.200597 -0.004879 
 -0.242369 0.210218 0.018202 
 -0.248692 0.218060 0.070588 
 -0.254656 0.224254 0.152324 
 -0.261910 0.235349 0.155961 
 -0.268899 0.245306 0.179152 
 -0.276172 0.256430 0.182799 
 -0.283445 0.267554 0.186447 
 -0.290407 0.277104 0.219467 
 0.283206 -0.636451 0.199573 
 0.274005 -0.621580 0.184521 
 0.265648 -0.608400 0.178878 
 0.254920 -0.590397 0.144925 
 0.248991 -0.582127 0.167564 
 0.239914 -0.567447 0.152449 
 0.230876 -0.552825 0.137315 
 0.221875 -0.538262 0.122162 
 0.212164 -0.522213 0.097531 
 0.204728 -0.510840 0.101260 
 0.195833 -0.496438 0.086054 
 0.186976 -0.482095 0.070829 
 0.178868 -0.469295 0.065061 
 0.170078 -0.455054 0.049802 
 0.161327 -0.440871 0.034524 
 0.153295 -0.428188 0.028718 
 0.145955 -0.416962 0.032399 
 0.137289 -0.402911 0.017078 
 0.129968 -0.391714 0.020749 
 0.121360 -0.377751 0.005398 
 0.112790 -0.363846 -0.009970 
 0.105508 -0.352708 -0.006319 
 0.097610 -0.340230 -0.012192 
 0.089126 -0.326457 -0.027604 
 0.080085 -0.311433 -0.052570 
 0.072860 -0.300382 -0.048947 
 0.064482 -0.286771 -0.064413 
 0.057276 -0.275749 -0.060799 
 0.050069 -0.264727 -0.057186 
 0.042863 -0.253706 -0.053572 
 0.035119 -0.241463 -0.059522 
 0.027922 -0.230456 -0.055913 
 0.019687 -0.217063 -0.071450 
 0.012510 -0.206086 -0.067851 
 0.004332 -0.192781 -0.083418 
 -0.002826 -0.181833 -0.079828 
 -0.010465 -0.169751 -0.085831 
 -0.017614 -0.158817 -0.082246 
 -0.024763 -0.147883 -0.078661 
 -0.032816 -0.134769 -0.094290 
 -0.039945 -0.123865 -0.090714 
 -0.047941 -0.110838 -0.106372 
 -0.055051 -0.099963 -0.102806 
 -0.062162 -0.089088 -0.099241 
 -0.069272 -0.078213 -0.095675 
 -0.076383 -0.067338 -0.092110 
 -0.083878 -0.055475 -0.098185 
 -0.090979 -0.044614 -0.094624 
 -0.098080 -0.033754 -0.091063 
 -0.105894 -0.021005 -0.106812 
 -0.112976 -0.010174 -0.103261 
 -0.120395 0.001572 -0.109374 
 -0.127467 0.012388 -0.105828 
 -0.134539 0.023205 -0.102281 
 -0.141611 0.034021 -0.098735 
 -0.149282 0.046550 -0.114555 
 -0.156624 0.058179 -0.120706 
 -0.163668 0.068951 -0.117174 
 -0.170711 0.079724 -0.113643 
 -0.177755 0.090497 -0.110111 
 -0.184798 0.101269 -0.106579 
 -0.191841 0.112042 -0.103047 
 -0.198885 0.122815 -0.099515 
 -0.205929 0.133588 -0.095983 
 -0.212972 0.144360 -0.092451 
 -0.219812 0.154423 -0.079188 
 -0.226865 0.165211 -0.075652 
 -0.233550 0.174637 -0.052634 
 -0.240622 0.185454 -0.049087 
 -0.247199 0.194317 -0.016289 
 -0.253834 0.203268 0.016537 
 -0.260234 0.211063 0.068913 
 -0.266593 0.218397 0.131101 
 -0.273828 0.229463 0.134729 
 -0.280829 0.239372 0.157905 
 -0.287867 0.249340 0.181101 
 -0.294650 0.257721 0.233669 
 -0.301971 0.268918 0.237340 
 0.278603 -0.655408 0.194010 
 0.271033 -0.643830 0.197806 
 0.261863 -0.628941 0.182758 
 0.253521 -0.615751 0.177118 
 0.244418 -0.600964 0.162036 
 0.236896 -0.589460 0.165807 
 0.226325 -0.571567 0.131815 
 0.217336 -0.556955 0.116676 
 0.209129 -0.543971 0.110968 
 0.200207 -0.529462 0.095795 
 0.192771 -0.518089 0.099524 
 0.183907 -0.503668 0.084322 
 0.174376 -0.487797 0.059631 
 0.166988 -0.476497 0.063336 
 0.158229 -0.462237 0.048082 
 0.149508 -0.448036 0.032808 
 0.141492 -0.435344 0.027004 
 0.134152 -0.424118 0.030685 
 0.124222 -0.407205 -0.003629 
 0.116920 -0.396037 0.000032 
 0.109618 -0.384869 0.003694 
 0.101079 -0.370946 -0.011671 
 0.093797 -0.359807 -0.008019 
 0.085915 -0.347320 -0.013890 
 0.077462 -0.333529 -0.029298 
 0.068467 -0.318477 -0.054257 
 0.061241 -0.307426 -0.050634 
 0.052894 -0.293795 -0.066095 
 0.045688 -0.282774 -0.062482 
 0.038481 -0.271752 -0.058868 
 0.030743 -0.259485 -0.064811 
 0.023546 -0.248478 -0.061202 
 0.016350 -0.237471 -0.057594 
 0.008145 -0.224060 -0.073126 
 0.000968 -0.213083 -0.069527 
 -0.007179 -0.199760 -0.085089 
 -0.014337 -0.188811 -0.081499 
 -0.021495 -0.177863 -0.077910 
 -0.029109 -0.165786 -0.083915 
 -0.036258 -0.154852 -0.080330 
 -0.044280 -0.141719 -0.095954 
 -0.051410 -0.130815 -0.092379 
 -0.058540 -0.119911 -0.088804 
 -0.065669 -0.109006 -0.085229 
 -0.072799 -0.098102 -0.081654 
 -0.080706 -0.085144 -0.097336 
 -0.087817 -0.074269 -0.093770 
 -0.094927 -0.063394 -0.090205 
 -0.102398 -0.051537 -0.096282 
 -0.109499 -0.040676 -0.092721 
 -0.117282 -0.027909 -0.108465 
 -0.124364 -0.017078 -0.104914 
 -0.131445 -0.006247 -0.101363 
 -0.138527 0.004585 -0.097812 
 -0.145912 0.016310 -0.103932 
 -0.152984 0.027127 -0.100386 
 -0.160623 0.039674 -0.116202 
 -0.167676 0.050462 -0.112665 
 -0.174994 0.062085 -0.118819 
 -0.182037 0.072858 -0.115287 
 -0.189081 0.083630 -0.111755 
 -0.196124 0.094403 -0.108223 
 -0.203168 0.105176 -0.104691 
 -0.210211 0.115948 -0.101160 
 -0.217255 0.126721 -0.097628 
 -0.224298 0.137494 -0.094096 
 -0.231342 0.148267 -0.090564 
 -0.238207 0.158335 -0.077298 
 -0.245260 0.169122 -0.073762 
 -0.252313 0.179910 -0.070225 
 -0.258917 0.188716 -0.037444 
 -0.265719 0.198255 -0.014387 
 -0.271515 0.202804 0.086752 
 -0.278590 0.213194 0.100124 
 -0.285574 0.223012 0.123272 
 -0.292799 0.234063 0.126895 
 -0.300024 0.245113 0.130518 
 -0.306754 0.252816 0.192832 
 -0.314036 0.263955 0.196484 
 0.268039 -0.666176 0.211063 
 0.258861 -0.651209 0.196038 
 0.249721 -0.636302 0.180995 
 0.241395 -0.623103 0.175357 
 0.232322 -0.608297 0.160279 
 0.223287 -0.593550 0.145183 
 0.214291 -0.578862 0.130068 
 0.205333 -0.564232 0.114933 
 0.197141 -0.551238 0.109228 
 0.188250 -0.536711 0.094059 
 0.180814 -0.525338 0.097788 
 0.171980 -0.510899 0.082591 
 0.162495 -0.494999 0.057906 
 0.153748 -0.480691 0.042666 
 0.146379 -0.469421 0.046361 
 0.137028 -0.453726 0.021610 
 0.129688 -0.442499 0.025291 
 0.122348 -0.431273 0.028971 
 0.113744 -0.417185 0.013659 
 0.105178 -0.403155 -0.001673 
 0.097877 -0.391987 0.001989 
 0.089368 -0.378045 -0.013371 
 0.082086 -0.366907 -0.009719 
 0.074219 -0.354411 -0.015588 
 0.065797 -0.340600 -0.030992 
 0.057413 -0.326849 -0.046414 
 0.049623 -0.314470 -0.052321 
 0.042397 -0.303419 -0.048698 
 0.034100 -0.289799 -0.064164 
 0.026893 -0.278777 -0.060551 
 0.019687 -0.267756 -0.056937 
 0.011974 -0.255494 -0.062883 
 0.004777 -0.244487 -0.059274 
 -0.003396 -0.231057 -0.074802 
 -0.010574 -0.220080 -0.071203 
 -0.018690 -0.206738 -0.086760 
 -0.025848 -0.195790 -0.083171 
 -0.033006 -0.184841 -0.079581 
 -0.040165 -0.173893 -0.075992 
 -0.047754 -0.161821 -0.081999 
 -0.055745 -0.148670 -0.097619 
 -0.062875 -0.137765 -0.094044 
 -0.070004 -0.126861 -0.090469 
 -0.077134 -0.115956 -0.086894 
 -0.084264 -0.105052 -0.083318 
 -0.091393 -0.094147 -0.079743 
 -0.099251 -0.081201 -0.095430 
 -0.106361 -0.070326 -0.091865 
 -0.113472 -0.059451 -0.088299 
 -0.120917 -0.047598 -0.094379 
 -0.128670 -0.034813 -0.110119 
 -0.135751 -0.023981 -0.106568 
 -0.142833 -0.013150 -0.103017 
 -0.149915 -0.002319 -0.099466 
 -0.156997 0.008512 -0.095914 
 -0.164356 0.020233 -0.102037 
 -0.171429 0.031049 -0.098491 
 -0.179018 0.043586 -0.114312 
 -0.186071 0.054373 -0.110775 
 -0.193124 0.065161 -0.107238 
 -0.200407 0.076764 -0.113400 
 -0.207451 0.087537 -0.109868 
 -0.214494 0.098309 -0.106336 
 -0.221538 0.109082 -0.102804 
 -0.228581 0.119855 -0.099272 
 -0.235625 0.130628 -0.095740 
 -0.242668 0.141400 -0.092208 
 -0.249711 0.152173 -0.088677 
 -0.256755 0.162946 -0.085145 
 -0.263655 0.173034 -0.071872 
 -0.270708 0.183821 -0.068335 
 -0.277137 0.191333 -0.016044 
 -0.283087 0.195788 0.085072 
 -0.290178 0.206169 0.098441 
 -0.297192 0.215968 0.121585 
 -0.304418 0.227019 0.125208 
 -0.311643 0.238070 0.128831 
 -0.318532 0.246284 0.181352 
 -0.325516 0.254644 0.233921 
 -0.332838 0.265842 0.237592 
 -0.340081 0.275992 0.260851 
 0.266618 -0.692054 0.243098 
 0.255835 -0.673574 0.209291 
 0.246688 -0.658589 0.194271 
 0.236809 -0.641988 0.169815 
 0.227748 -0.627134 0.154751 
 0.218725 -0.612340 0.139669 
 0.209740 -0.597604 0.124568 
 0.202257 -0.586158 0.128321 
 0.192608 -0.569908 0.103749 
 0.183728 -0.555332 0.088594 
 0.176292 -0.543960 0.092323 
 0.167470 -0.529472 0.077140 
 0.160054 -0.518129 0.080859 
 0.149267 -0.499145 0.037251 
 0.141898 -0.487875 0.040946 
 0.134530 -0.476604 0.044641 
 0.125225 -0.460881 0.019896 
 0.117885 -0.449655 0.023577 
 0.110545 -0.438429 0.027258 
 0.100739 -0.421441 -0.007039 
 0.093437 -0.410273 -0.003377 
 0.086135 -0.399105 0.000284 
 0.077657 -0.385145 -0.015071 
 0.069796 -0.372625 -0.020933 
 0.062523 -0.361501 -0.017286 
 0.054132 -0.347672 -0.032685 
 0.045779 -0.333902 -0.048103 
 0.038004 -0.321513 -0.054008 
 0.030779 -0.310462 -0.050385 
 0.023553 -0.299412 -0.046762 
 0.015306 -0.285802 -0.062233 
 0.008099 -0.274781 -0.058620 
 0.000401 -0.262509 -0.064563 
 -0.006795 -0.251502 -0.060954 
 -0.013992 -0.240495 -0.057345 
 -0.022115 -0.227077 -0.072879 
 -0.030201 -0.213716 -0.088431 
 -0.037359 -0.202768 -0.084842 
 -0.044517 -0.191819 -0.081252 
 -0.051676 -0.180871 -0.077663 
 -0.058834 -0.169923 -0.074074 
 -0.066398 -0.157856 -0.080084 
 -0.073547 -0.146923 -0.076499 
 -0.081469 -0.133811 -0.092133 
 -0.087844 -0.125055 -0.069330 
 -0.095729 -0.112002 -0.084983 
 -0.102858 -0.101098 -0.081408 
 -0.109988 -0.090193 -0.077833 
 -0.117795 -0.077257 -0.093525 
 -0.124906 -0.066382 -0.089959 
 -0.132336 -0.054521 -0.096037 
 -0.140058 -0.041716 -0.111772 
 -0.147139 -0.030885 -0.108221 
 -0.154221 -0.020054 -0.104670 
 -0.161303 -0.009223 -0.101119 
 -0.168385 0.001609 -0.097568 
 -0.175729 0.013338 -0.103688 
 -0.182801 0.024155 -0.100142 
 -0.189873 0.034972 -0.096596 
 -0.197413 0.047498 -0.112422 
 -0.204466 0.058285 -0.108885 
 -0.211734 0.069898 -0.115044 
 -0.218777 0.080671 -0.111512 
 -0.225820 0.091443 -0.107980 
 -0.232864 0.102216 -0.104449 
 -0.239907 0.112989 -0.100917 
 -0.246951 0.123761 -0.097385 
 -0.253994 0.134534 -0.093853 
 -0.261038 0.145307 -0.090321 
 -0.268081 0.156079 -0.086789 
 -0.274996 0.166158 -0.073518 
 -0.282049 0.176946 -0.069982 
 -0.289102 0.187733 -0.066445 
 -0.294660 0.188773 0.083392 
 -0.301766 0.199144 0.096759 
 -0.308811 0.208925 0.119898 
 -0.316036 0.219975 0.123521 
 -0.323200 0.230435 0.136917 
 -0.330227 0.239194 0.179654 
 -0.337289 0.247507 0.232212 
 -0.344610 0.258705 0.235883 
 -0.351931 0.269902 0.239554 
 0.264357 -0.716382 0.265681 
 0.254353 -0.699490 0.241317 
 0.243632 -0.680972 0.207519 
 0.232988 -0.662572 0.173683 
 0.224683 -0.649339 0.168054 
 0.215652 -0.634467 0.152995 
 0.206660 -0.619654 0.137918 
 0.197706 -0.604899 0.122821 
 0.188791 -0.590202 0.107704 
 0.180620 -0.577175 0.102008 
 0.171771 -0.562581 0.086858 
 0.164335 -0.551208 0.090587 
 0.155544 -0.536702 0.075409 
 0.148127 -0.525359 0.079128 
 0.137418 -0.506328 0.035531 
 0.130049 -0.495058 0.039226 
 0.122680 -0.483788 0.042921 
 0.113422 -0.468037 0.018183 
 0.106082 -0.456810 0.021863 
 0.097520 -0.442656 0.006570 
 0.088997 -0.428559 -0.008744 
 0.081695 -0.417391 -0.005082 
 0.073229 -0.403383 -0.020424 
 0.065946 -0.392244 -0.016772 
 0.058101 -0.379715 -0.022631 
 0.050828 -0.368591 -0.018984 
 0.042467 -0.354743 -0.034379 
 0.034145 -0.340955 -0.049792 
 0.026910 -0.329889 -0.046165 
 0.019160 -0.317506 -0.052072 
 0.011935 -0.306455 -0.048449 
 0.004709 -0.295404 -0.044826 
 -0.003489 -0.281806 -0.060302 
 -0.011171 -0.269525 -0.066243 
 -0.018368 -0.258518 -0.062634 
 -0.026480 -0.245051 -0.078153 
 -0.033657 -0.234074 -0.074554 
 -0.041712 -0.220694 -0.090103 
 -0.048870 -0.209746 -0.086513 
 -0.056028 -0.198798 -0.082924 
 -0.063187 -0.187849 -0.079334 
 -0.070345 -0.176901 -0.075745 
 -0.077894 -0.164825 -0.081753 
 -0.085042 -0.153892 -0.078168 
 -0.092191 -0.142958 -0.074584 
 -0.099340 -0.132024 -0.070999 
 -0.106489 -0.121090 -0.067414 
 -0.114323 -0.108048 -0.083073 
 -0.121452 -0.097144 -0.079497 
 -0.129229 -0.084189 -0.095185 
 -0.136340 -0.073314 -0.091620 
 -0.143755 -0.061443 -0.097695 
 -0.151445 -0.048620 -0.113425 
 -0.158527 -0.037789 -0.109874 
 -0.165609 -0.026957 -0.106323 
 -0.172691 -0.016126 -0.102772 
 -0.179773 -0.005295 -0.099221 
 -0.187101 0.006444 -0.105340 
 -0.194173 0.017261 -0.101793 
 -0.201246 0.028077 -0.098247 
 -0.208754 0.040622 -0.114068 
 -0.215808 0.051409 -0.110532 
 -0.223060 0.063032 -0.116689 
 -0.230103 0.073804 -0.113157 
 -0.237147 0.084577 -0.109625 
 -0.244190 0.095350 -0.106093 
 -0.251234 0.106122 -0.102561 
 -0.258277 0.116895 -0.099029 
 -0.265321 0.127668 -0.095497 
 -0.272364 0.138440 -0.091966 
 -0.279408 0.149213 -0.088434 
 -0.286451 0.159986 -0.084902 
 -0.293391 0.170070 -0.071628 
 -0.300444 0.180857 -0.068092 
 -0.306148 0.181098 0.091463 
 -0.313354 0.192119 0.095076 
 -0.320430 0.201881 0.118211 
 -0.327599 0.212317 0.131600 
 -0.334834 0.223382 0.135228 
 -0.341923 0.232103 0.177956 
 -0.349116 0.241513 0.210943 
 -0.356348 0.250454 0.253743 
 -0.363688 0.261681 0.257424 
 0.252046 -0.723845 0.263893 
 0.242088 -0.706925 0.239537 
 0.232944 -0.691815 0.224554 
 0.220097 -0.668225 0.162512 
 0.211078 -0.653305 0.147467 
 0.202098 -0.638443 0.132404 
 0.193156 -0.623640 0.117321 
 0.184252 -0.608896 0.102219 
 0.176787 -0.597479 0.105962 
 0.168632 -0.584443 0.100268 
 0.159814 -0.569830 0.085122 
 0.152378 -0.558457 0.088851 
 0.143617 -0.543933 0.073677 
 0.136201 -0.532589 0.077396 
 0.126855 -0.516605 0.052732 
 0.118199 -0.502242 0.037505 
 0.110831 -0.490971 0.041200 
 0.101618 -0.475192 0.016469 
 0.094278 -0.463966 0.020150 
 0.085747 -0.449793 0.004860 
 0.077255 -0.435678 -0.010448 
 0.069953 -0.424510 -0.006787 
 0.061518 -0.410483 -0.022124 
 0.054235 -0.399344 -0.018472 
 0.046405 -0.386805 -0.024329 
 0.039132 -0.375681 -0.020682 
 0.030802 -0.361815 -0.036072 
 0.023548 -0.350720 -0.032435 
 0.015276 -0.336942 -0.047854 
 0.007541 -0.324549 -0.053759 
 0.000316 -0.313499 -0.050136 
 -0.006909 -0.302448 -0.046513 
 -0.014135 -0.291397 -0.042890 
 -0.022283 -0.277809 -0.058371 
 -0.029941 -0.265533 -0.064315 
 -0.037137 -0.254527 -0.060706 
 -0.044334 -0.243520 -0.057097 
 -0.052376 -0.230093 -0.072631 
 -0.060381 -0.216724 -0.088184 
 -0.067539 -0.205776 -0.084595 
 -0.074697 -0.194828 -0.081006 
 -0.081856 -0.183879 -0.077416 
 -0.089389 -0.171794 -0.083422 
 -0.096538 -0.160860 -0.079837 
 -0.103687 -0.149927 -0.076253 
 -0.110836 -0.138993 -0.072668 
 -0.118658 -0.125903 -0.088312 
 -0.125788 -0.114998 -0.084737 
 -0.132917 -0.104094 -0.081162 
 -0.140663 -0.091121 -0.096845 
 -0.147774 -0.080245 -0.093280 
 -0.155173 -0.068365 -0.099353 
 -0.162274 -0.057505 -0.095792 
 -0.169915 -0.044692 -0.111528 
 -0.176997 -0.033861 -0.107977 
 -0.184079 -0.023030 -0.104426 
 -0.191160 -0.012199 -0.100875 
 -0.198474 -0.000450 -0.106991 
 -0.205546 0.010366 -0.103445 
 -0.212618 0.021183 -0.099898 
 -0.219690 0.032000 -0.096352 
 -0.227149 0.044534 -0.112179 
 -0.234386 0.056165 -0.118333 
 -0.241430 0.066938 -0.114801 
 -0.248473 0.077711 -0.111269 
 -0.255516 0.088483 -0.107737 
 -0.262560 0.099256 -0.104206 
 -0.269604 0.110029 -0.100674 
 -0.276647 0.120801 -0.097142 
 -0.283690 0.131574 -0.093610 
 -0.290734 0.142347 -0.090078 
 -0.297777 0.153119 -0.086546 
 -0.304821 0.163892 -0.083014 
 -0.311864 0.174665 -0.079483 
 -0.317736 0.174073 0.089780 
 -0.324942 0.185095 0.093394 
 -0.332048 0.194837 0.116524 
 -0.339233 0.205264 0.129911 
 -0.346468 0.216329 0.133538 
 -0.353619 0.225013 0.176258 
 -0.360880 0.235557 0.189683 
 -0.368163 0.246695 0.193334 
 -0.375491 0.254525 0.255710 
 0.238212 -0.727787 0.243323 
 0.228318 -0.710868 0.218963 
 0.217740 -0.692305 0.185173 
 0.207971 -0.675576 0.160752 
 0.198983 -0.660637 0.145711 
 0.190033 -0.645757 0.130652 
 0.181121 -0.630936 0.115574 
 0.172248 -0.616173 0.100476 
 0.164784 -0.604756 0.104219 
 0.156644 -0.591710 0.098527 
 0.147856 -0.577079 0.083386 
 0.139108 -0.562506 0.068226 
 0.131691 -0.551163 0.071945 
 0.124274 -0.539819 0.075664 
 0.113719 -0.520695 0.032090 
 0.106350 -0.509425 0.035785 
 0.097764 -0.495101 0.020543 
 0.089815 -0.482348 0.014755 
 0.081296 -0.468127 -0.000520 
 0.073975 -0.456929 0.003151 
 0.065513 -0.442796 -0.012153 
 0.057090 -0.428721 -0.027476 
 0.049807 -0.417582 -0.023824 
 0.042524 -0.406444 -0.020172 
 0.034709 -0.393895 -0.026027 
 0.027436 -0.382771 -0.022380 
 0.020163 -0.371647 -0.018733 
 0.011883 -0.357792 -0.034129 
 0.003642 -0.343995 -0.049543 
 -0.003593 -0.332929 -0.045915 
 -0.011303 -0.320542 -0.051823 
 -0.018528 -0.309491 -0.048200 
 -0.025753 -0.298441 -0.044577 
 -0.033870 -0.284834 -0.060054 
 -0.041077 -0.273812 -0.056440 
 -0.048710 -0.261542 -0.062386 
 -0.055906 -0.250535 -0.058777 
 -0.063918 -0.237090 -0.074307 
 -0.071892 -0.223703 -0.089856 
 -0.079050 -0.212754 -0.086266 
 -0.086208 -0.201806 -0.082677 
 -0.093367 -0.190858 -0.079087 
 -0.100885 -0.178763 -0.085091 
 -0.108034 -0.167829 -0.081506 
 -0.115182 -0.156896 -0.077922 
 -0.122331 -0.145962 -0.074337 
 -0.129480 -0.135028 -0.070752 
 -0.137253 -0.121949 -0.086402 
 -0.144382 -0.111044 -0.082827 
 -0.152097 -0.098052 -0.098505 
 -0.159208 -0.087177 -0.094940 
 -0.166592 -0.075287 -0.101011 
 -0.173693 -0.064427 -0.097450 
 -0.180794 -0.053566 -0.093889 
 -0.188385 -0.040765 -0.109630 
 -0.195466 -0.029934 -0.106079 
 -0.202548 -0.019102 -0.102528 
 -0.209630 -0.008271 -0.098977 
 -0.216918 0.003472 -0.105096 
 -0.223991 0.014289 -0.101549 
 -0.231063 0.025105 -0.098003 
 -0.238135 0.035922 -0.094457 
 -0.245544 0.048445 -0.110289 
 -0.252756 0.060072 -0.116446 
 -0.259799 0.070844 -0.112914 
 -0.266843 0.081617 -0.109382 
 -0.273886 0.092390 -0.105850 
 -0.280930 0.103162 -0.102318 
 -0.287973 0.113935 -0.098786 
 -0.295017 0.124708 -0.095254 
 -0.302060 0.135480 -0.091723 
 -0.309104 0.146253 -0.088191 
 -0.316147 0.157026 -0.084659 
 -0.323191 0.167798 -0.081127 
 -0.329216 0.165692 0.107591 
 -0.336442 0.176743 0.111214 
 -0.343633 0.187145 0.124594 
 -0.350818 0.196943 0.147743 
 -0.358102 0.209276 0.131849 
 -0.365314 0.217923 0.174560 
 -0.372591 0.228457 0.187982 
 -0.379874 0.239596 0.191634 
 0.225185 -0.733461 0.232151 
 0.216084 -0.718285 0.217187 
 0.205567 -0.699684 0.183406 
 0.195844 -0.682927 0.158991 
 0.186887 -0.667970 0.143955 
 0.177968 -0.653071 0.128900 
 0.169087 -0.638231 0.113827 
 0.160245 -0.623450 0.098733 
 0.152110 -0.610380 0.093048 
 0.143335 -0.595700 0.077921 
 0.135899 -0.584328 0.081650 
 0.127181 -0.569736 0.066495 
 0.119764 -0.558393 0.070214 
 0.111104 -0.543889 0.055029 
 0.101869 -0.527879 0.030369 
 0.093295 -0.513507 0.015141 
 0.085945 -0.502266 0.018827 
 0.076844 -0.486461 -0.005900 
 0.069523 -0.475263 -0.002229 
 0.061073 -0.461082 -0.017519 
 0.052661 -0.446959 -0.032828 
 0.045379 -0.435820 -0.029176 
 0.038096 -0.424682 -0.025525 
 0.030287 -0.412109 -0.031372 
 0.023014 -0.400986 -0.027725 
 0.015741 -0.389862 -0.024078 
 0.008468 -0.378738 -0.020431 
 0.000218 -0.364863 -0.035822 
 -0.007036 -0.353769 -0.032185 
 -0.015227 -0.339982 -0.047604 
 -0.022462 -0.328917 -0.043976 
 -0.030147 -0.316535 -0.049886 
 -0.037372 -0.305484 -0.046263 
 -0.045458 -0.291859 -0.061736 
 -0.052665 -0.280837 -0.058123 
 -0.060282 -0.268558 -0.064066 
 -0.067479 -0.257551 -0.060458 
 -0.075460 -0.244087 -0.075982 
 -0.083403 -0.230681 -0.091527 
 -0.089815 -0.222131 -0.068784 
 -0.096992 -0.211154 -0.065185 
 -0.104878 -0.197836 -0.080759 
 -0.112380 -0.185732 -0.086760 
 -0.119529 -0.174798 -0.083175 
 -0.126678 -0.163865 -0.079591 
 -0.133827 -0.152931 -0.076006 
 -0.140975 -0.141997 -0.072421 
 -0.148124 -0.131064 -0.068837 
 -0.155847 -0.117994 -0.084491 
 -0.162977 -0.107090 -0.080916 
 -0.170642 -0.094109 -0.096600 
 -0.178011 -0.082210 -0.102668 
 -0.185112 -0.071349 -0.099108 
 -0.192212 -0.060489 -0.095547 
 -0.199313 -0.049628 -0.091986 
 -0.206414 -0.038768 -0.088426 
 -0.213936 -0.026006 -0.104181 
 -0.221018 -0.015175 -0.100630 
 -0.228100 -0.004343 -0.097079 
 -0.235181 0.006488 -0.093528 
 -0.242435 0.018211 -0.099654 
 -0.249507 0.029028 -0.096108 
 -0.256886 0.041570 -0.111935 
 -0.264082 0.053205 -0.118090 
 -0.271126 0.063978 -0.114558 
 -0.278169 0.074751 -0.111026 
 -0.285213 0.085523 -0.107495 
 -0.292256 0.096296 -0.103963 
 -0.299300 0.107069 -0.100431 
 -0.306343 0.117841 -0.096899 
 -0.313387 0.128614 -0.093367 
 -0.320430 0.139387 -0.089835 
 -0.327474 0.150159 -0.086303 
 -0.334517 0.160932 -0.082771 
 -0.340797 0.157962 0.115649 
 -0.348032 0.169027 0.119277 
 -0.355229 0.178777 0.142412 
 -0.362464 0.188585 0.165568 
 -0.369737 0.200966 0.149687 
 -0.377010 0.210833 0.172862 
 -0.384302 0.221357 0.186282 
 -0.391585 0.232496 0.189934 
 0.202407 -0.722171 0.196627 
 0.191971 -0.703563 0.162845 
 0.182313 -0.686807 0.138427 
 0.174791 -0.675303 0.142199 
 0.165903 -0.660386 0.127149 
 0.157053 -0.645527 0.112079 
 0.148241 -0.630726 0.096990 
 0.140122 -0.617647 0.091308 
 0.131378 -0.602949 0.076185 
 0.123942 -0.591576 0.079914 
 0.115255 -0.576966 0.064763 
 0.106606 -0.562415 0.049593 
 0.098602 -0.549511 0.043852 
 0.090020 -0.535062 0.028649 
 0.081476 -0.520672 0.013425 
 0.074126 -0.509431 0.017111 
 0.065072 -0.493597 -0.007609 
 0.057751 -0.482400 -0.003938 
 0.049331 -0.468200 -0.019224 
 0.040950 -0.454058 -0.034529 
 0.033668 -0.442920 -0.030877 
 0.026385 -0.431781 -0.027225 
 0.018591 -0.419200 -0.033070 
 0.011318 -0.408076 -0.029423 
 0.004045 -0.396952 -0.025776 
 -0.004192 -0.383030 -0.041153 
 -0.012392 -0.369166 -0.056549 
 -0.019626 -0.358101 -0.052921 
 -0.027315 -0.345680 -0.058820 
 -0.034096 -0.335970 -0.045665 
 -0.041765 -0.323579 -0.051573 
 -0.048991 -0.312528 -0.047950 
 -0.056216 -0.301477 -0.044327 
 -0.064253 -0.287862 -0.059805 
 -0.071459 -0.276841 -0.056192 
 -0.078665 -0.265819 -0.052578 
 -0.086248 -0.253560 -0.058529 
 -0.093444 -0.242553 -0.054921 
 -0.100641 -0.231546 -0.051312 
 -0.107838 -0.220539 -0.047703 
 -0.115711 -0.207173 -0.063262 
 -0.123547 -0.193866 -0.078841 
 -0.130705 -0.182917 -0.075251 
 -0.138174 -0.170834 -0.081260 
 -0.145322 -0.159900 -0.077675 
 -0.152471 -0.148966 -0.074090 
 -0.159620 -0.138032 -0.070506 
 -0.167312 -0.124945 -0.086156 
 -0.174441 -0.114040 -0.082581 
 -0.182076 -0.101040 -0.098260 
 -0.189186 -0.090165 -0.094695 
 -0.196530 -0.078272 -0.100766 
 -0.203631 -0.067411 -0.097205 
 -0.210732 -0.056551 -0.093644 
 -0.217833 -0.045690 -0.090084 
 -0.224934 -0.034829 -0.086523 
 -0.232406 -0.022078 -0.102284 
 -0.239487 -0.011247 -0.098733 
 -0.246569 -0.000416 -0.095182 
 -0.253651 0.010415 -0.091631 
 -0.260880 0.022133 -0.097759 
 -0.268227 0.034694 -0.113582 
 -0.275280 0.045482 -0.110045 
 -0.282334 0.056269 -0.106509 
 -0.289387 0.067056 -0.102972 
 -0.296440 0.077844 -0.099435 
 -0.303493 0.088631 -0.095899 
 -0.310546 0.099418 -0.092362 
 -0.317599 0.110205 -0.088825 
 -0.324713 0.121748 -0.095012 
 -0.331756 0.132521 -0.091480 
 -0.338800 0.143293 -0.087948 
 -0.345843 0.154066 -0.084416 
 -0.352317 0.147426 0.162671 
 -0.359600 0.158565 0.166322 
 -0.366886 0.170371 0.160223 
 -0.374159 0.181495 0.163870 
 -0.381432 0.192619 0.167517 
 -0.388731 0.203119 0.180930 
 -0.396013 0.214258 0.184582 
 -0.403296 0.225396 0.188233 
 0.188791 -0.726021 0.176075 
 0.179829 -0.710924 0.161082 
 0.170217 -0.694140 0.136671 
 0.162695 -0.682636 0.140443 
 0.153838 -0.667700 0.125397 
 0.145019 -0.652822 0.110332 
 0.136238 -0.638003 0.095247 
 0.128134 -0.624915 0.089567 
 0.119421 -0.610198 0.074449 
 0.111985 -0.598825 0.078178 
 0.103328 -0.584197 0.063031 
 0.094710 -0.569627 0.047866 
 0.086721 -0.556714 0.042127 
 0.078170 -0.542246 0.026928 
 0.070801 -0.530976 0.030623 
 0.062308 -0.516596 0.015395 
 0.054405 -0.503814 0.009614 
 0.045978 -0.489537 -0.005648 
 0.037590 -0.475318 -0.020929 
 0.029239 -0.461158 -0.036229 
 0.021957 -0.450019 -0.032577 
 0.014674 -0.438881 -0.028925 
 0.006896 -0.426290 -0.034769 
 -0.000377 -0.415166 -0.031122 
 -0.007651 -0.404042 -0.027475 
 -0.015857 -0.390101 -0.042847 
 -0.024026 -0.376219 -0.058238 
 -0.031261 -0.365154 -0.054610 
 -0.038495 -0.354088 -0.050982 
 -0.045730 -0.343023 -0.047355 
 -0.053384 -0.330622 -0.053260 
 -0.060609 -0.319571 -0.049637 
 -0.067835 -0.308520 -0.046014 
 -0.075060 -0.297470 -0.042391 
 -0.083047 -0.283866 -0.057874 
 -0.090253 -0.272844 -0.054261 
 -0.097820 -0.260575 -0.060209 
 -0.105017 -0.249568 -0.056601 
 -0.112214 -0.238561 -0.052992 
 -0.119410 -0.227554 -0.049383 
 -0.127253 -0.214170 -0.064938 
 -0.135058 -0.200844 -0.080512 
 -0.142216 -0.189896 -0.076922 
 -0.149669 -0.177802 -0.082929 
 -0.156818 -0.166869 -0.079344 
 -0.163967 -0.155935 -0.075760 
 -0.171115 -0.145001 -0.072175 
 -0.178777 -0.131895 -0.087820 
 -0.185906 -0.120991 -0.084245 
 -0.193036 -0.110086 -0.080670 
 -0.200620 -0.097097 -0.096355 
 -0.207731 -0.086222 -0.092789 
 -0.214841 -0.075346 -0.089224 
 -0.222151 -0.063473 -0.095302 
 -0.229252 -0.052612 -0.091742 
 -0.236352 -0.041752 -0.088181 
 -0.243453 -0.030891 -0.084620 
 -0.250875 -0.018151 -0.100386 
 -0.257957 -0.007319 -0.096835 
 -0.265039 0.003512 -0.093284 
 -0.272121 0.014343 -0.089733 
 -0.279325 0.026056 -0.095864 
 -0.286622 0.038606 -0.111692 
 -0.293469 0.047689 -0.088772 
 -0.300728 0.060181 -0.104619 
 -0.307781 0.070968 -0.101082 
 -0.314834 0.081755 -0.097545 
 -0.321887 0.092543 -0.094009 
 -0.328940 0.103330 -0.090472 
 -0.335993 0.114117 -0.086935 
 -0.343047 0.124904 -0.083399 
 -0.350100 0.135692 -0.079862 
 -0.356677 0.126306 0.196259 
 -0.364013 0.138915 0.180450 
 -0.371315 0.150083 0.184111 
 -0.378594 0.162604 0.168274 
 -0.385876 0.173743 0.171926 
 -0.393221 0.183587 0.195096 
 -0.400523 0.194755 0.198757 
 -0.407724 0.207158 0.182881 
 0.176619 -0.733400 0.174308 
 0.167687 -0.718284 0.159320 
 0.158122 -0.701473 0.134915 
 0.150600 -0.689968 0.138686 
 0.141773 -0.675014 0.123645 
 0.132985 -0.660118 0.108585 
 0.124235 -0.645280 0.093505 
 0.116146 -0.632182 0.087827 
 0.107463 -0.617447 0.072713 
 0.100027 -0.606074 0.076442 
 0.091402 -0.591427 0.061300 
 0.082814 -0.576838 0.046139 
 0.074841 -0.563916 0.040403 
 0.066321 -0.549429 0.025208 
 0.058952 -0.538159 0.028903 
 0.050489 -0.523760 0.013679 
 0.042602 -0.510970 0.007900 
 0.034206 -0.496674 -0.007357 
 0.026885 -0.485477 -0.003686 
 0.018546 -0.471269 -0.018972 
 0.010246 -0.457119 -0.034277 
 0.002963 -0.445980 -0.030626 
 -0.004320 -0.434842 -0.026974 
 -0.011603 -0.423703 -0.023322 
 -0.019346 -0.411132 -0.029173 
 -0.026619 -0.400008 -0.025526 
 -0.034776 -0.386078 -0.040903 
 -0.042030 -0.374983 -0.037266 
 -0.050130 -0.361141 -0.052672 
 -0.057364 -0.350076 -0.049044 
 -0.064599 -0.339010 -0.045416 
 -0.071834 -0.327945 -0.041788 
 -0.079453 -0.315564 -0.047701 
 -0.086679 -0.304513 -0.044078 
 -0.094635 -0.290890 -0.059556 
 -0.101841 -0.279869 -0.055943 
 -0.109393 -0.267591 -0.061890 
 -0.116590 -0.256584 -0.058281 
 -0.123786 -0.245577 -0.054672 
 -0.130983 -0.234570 -0.051064 
 -0.138179 -0.223563 -0.047455 
 -0.146569 -0.207822 -0.082183 
 -0.153727 -0.196874 -0.078594 
 -0.160886 -0.185926 -0.075004 
 -0.168044 -0.174977 -0.071415 
 -0.175462 -0.162904 -0.077429 
 -0.182611 -0.151970 -0.073844 
 -0.189760 -0.141037 -0.070259 
 -0.197371 -0.127941 -0.085910 
 -0.204501 -0.117036 -0.082335 
 -0.211630 -0.106132 -0.078760 
 -0.218760 -0.095228 -0.075185 
 -0.226275 -0.082278 -0.090884 
 -0.233386 -0.071403 -0.087318 
 -0.240496 -0.060528 -0.083753 
 -0.247607 -0.049653 -0.080187 
 -0.254717 -0.038777 -0.076622 
 -0.261973 -0.026953 -0.082717 
 -0.269074 -0.016093 -0.079157 
 -0.276175 -0.005232 -0.075596 
 -0.283276 0.005629 -0.072035 
 -0.290377 0.016489 -0.068475 
 -0.297672 0.029102 -0.084284 
 -0.304754 0.039933 -0.080733 
 -0.311835 0.050764 -0.077182 
 -0.318917 0.061596 -0.073631 
 -0.325999 0.072427 -0.070080 
 -0.333081 0.083258 -0.066529 
 -0.340163 0.094089 -0.062978 
 -0.347244 0.104921 -0.059427 
 -0.354326 0.115752 -0.055876 
 -0.361408 0.126583 -0.052325 
 -0.368490 0.137414 -0.048774 
 -0.375771 0.130367 0.198221 
 -0.383092 0.141564 0.201892 
 -0.390413 0.152761 0.205563 
 -0.397808 0.162616 0.228738 
 -0.405148 0.173842 0.232419 
 -0.412488 0.185068 0.236099 
 0.164446 -0.740780 0.172541 
 0.154879 -0.723867 0.148167 
 0.146026 -0.708806 0.133158 
 0.137211 -0.693803 0.118131 
 0.129708 -0.682328 0.121893 
 0.119696 -0.663973 0.088019 
 0.111613 -0.650852 0.082348 
 0.104158 -0.639450 0.086086 
 0.095506 -0.624696 0.070977 
 0.088070 -0.613323 0.074706 
 0.079475 -0.598657 0.059568 
 0.070919 -0.584050 0.044411 
 0.062961 -0.571118 0.038678 
 0.054471 -0.556613 0.023487 
 0.047102 -0.545343 0.027182 
 0.038670 -0.530925 0.011963 
 0.030798 -0.518125 0.006186 
 0.022433 -0.503811 -0.009066 
 0.015112 -0.492614 -0.005395 
 0.006804 -0.478387 -0.020677 
 -0.001465 -0.464218 -0.035978 
 -0.008748 -0.453080 -0.032326 
 -0.016031 -0.441941 -0.028674 
 -0.023314 -0.430803 -0.025022 
 -0.031042 -0.418222 -0.030871 
 -0.038315 -0.407098 -0.027224 
 -0.046441 -0.393150 -0.042597 
 -0.053695 -0.382055 -0.038959 
 -0.061764 -0.368194 -0.054361 
 -0.068998 -0.357128 -0.050733 
 -0.076233 -0.346063 -0.047105 
 -0.083468 -0.334998 -0.043477 
 -0.091072 -0.322608 -0.049388 
 -0.098297 -0.311557 -0.045765 
 -0.106222 -0.297915 -0.061239 
 -0.113429 -0.286894 -0.057625 
 -0.120635 -0.275872 -0.054012 
 -0.128162 -0.263599 -0.059961 
 -0.135359 -0.252593 -0.056353 
 -0.142555 -0.241586 -0.052744 
 -0.149752 -0.230579 -0.049135 
 -0.158080 -0.214800 -0.083854 
 -0.165238 -0.203852 -0.080265 
 -0.172397 -0.192904 -0.076675 
 -0.179555 -0.181956 -0.073086 
 -0.186713 -0.171007 -0.069497 
 -0.194107 -0.158939 -0.075513 
 -0.201255 -0.148006 -0.071928 
 -0.208404 -0.137072 -0.068344 
 -0.215553 -0.126138 -0.064759 
 -0.223095 -0.113082 -0.080424 
 -0.230225 -0.102178 -0.076849 
 -0.237354 -0.091273 -0.073274 
 -0.244820 -0.078334 -0.088978 
 -0.251930 -0.067459 -0.085413 
 -0.259041 -0.056584 -0.081848 
 -0.266151 -0.045709 -0.078282 
 -0.273391 -0.033875 -0.084375 
 -0.280492 -0.023015 -0.080815 
 -0.287593 -0.012154 -0.077254 
 -0.294694 -0.001294 -0.073693 
 -0.301795 0.009567 -0.070133 
 -0.308896 0.020427 -0.066572 
 -0.315997 0.031288 -0.063011 
 -0.323098 0.042148 -0.059451 
 -0.330199 0.053009 -0.055890 
 -0.337300 0.063869 -0.052329 
 -0.344401 0.074730 -0.048769 
 -0.351501 0.085590 -0.045208 
 -0.358602 0.096451 -0.041647 
 -0.365703 0.107311 -0.038087 
 -0.372804 0.118172 -0.034526 
 -0.380223 0.112033 0.192841 
 -0.387544 0.123230 0.196512 
 -0.394865 0.134427 0.200183 
 -0.402271 0.144234 0.223344 
 -0.409663 0.154780 0.236774 
 -0.417013 0.166021 0.240459 
 -0.424291 0.177913 0.234385 
 0.142753 -0.731218 0.146406 
 0.133930 -0.716138 0.131402 
 0.125146 -0.701117 0.116380 
 0.117643 -0.689642 0.120142 
 0.107692 -0.671250 0.086276 
 0.099625 -0.658119 0.080607 
 0.092170 -0.646717 0.084346 
 0.083549 -0.631944 0.069241 
 0.074966 -0.617231 0.054118 
 0.067549 -0.605887 0.057837 
 0.059023 -0.591261 0.042684 
 0.049990 -0.575067 0.018072 
 0.042622 -0.563796 0.021767 
 0.035253 -0.552526 0.025462 
 0.026851 -0.538090 0.010247 
 0.018995 -0.525281 0.004473 
 0.010660 -0.510948 -0.010775 
 0.003339 -0.499751 -0.007104 
 -0.004938 -0.485505 -0.022382 
 -0.012240 -0.474337 -0.018721 
 -0.020459 -0.460179 -0.034026 
 -0.027742 -0.449041 -0.030374 
 -0.035025 -0.437902 -0.026723 
 -0.042307 -0.426764 -0.023071 
 -0.050011 -0.414189 -0.028922 
 -0.058106 -0.400221 -0.044290 
 -0.065360 -0.389126 -0.040653 
 -0.073398 -0.375247 -0.056050 
 -0.080633 -0.364181 -0.052422 
 -0.087867 -0.353116 -0.048794 
 -0.095102 -0.342051 -0.045166 
 -0.102337 -0.330985 -0.041539 
 -0.109572 -0.319920 -0.037911 
 -0.117141 -0.307550 -0.043829 
 -0.125017 -0.293919 -0.059308 
 -0.132223 -0.282897 -0.055695 
 -0.139735 -0.270615 -0.061641 
 -0.146635 -0.260854 -0.048468 
 -0.154128 -0.248601 -0.054424 
 -0.161324 -0.237594 -0.050816 
 -0.169591 -0.221779 -0.085526 
 -0.176749 -0.210830 -0.081936 
 -0.183908 -0.199882 -0.078347 
 -0.191066 -0.188934 -0.074757 
 -0.198224 -0.177985 -0.071168 
 -0.205383 -0.167037 -0.067578 
 -0.212541 -0.156089 -0.063989 
 -0.219699 -0.145140 -0.060399 
 -0.227048 -0.133107 -0.066428 
 -0.234197 -0.122173 -0.062843 
 -0.241346 -0.111240 -0.059259 
 -0.248819 -0.098224 -0.074939 
 -0.255949 -0.087319 -0.071364 
 -0.263078 -0.076415 -0.067789 
 -0.270208 -0.065510 -0.064214 
 -0.277337 -0.054606 -0.060639 
 -0.284696 -0.041766 -0.076377 
 -0.291806 -0.030890 -0.072811 
 -0.298917 -0.020015 -0.069246 
 -0.306027 -0.009140 -0.065680 
 -0.313138 0.001735 -0.062115 
 -0.320248 0.012610 -0.058549 
 -0.327359 0.023485 -0.054984 
 -0.334469 0.034360 -0.051419 
 -0.341580 0.045236 -0.047853 
 -0.348690 0.056111 -0.044288 
 -0.355801 0.066986 -0.040722 
 -0.362911 0.077861 -0.037157 
 -0.370021 0.088736 -0.033591 
 -0.377132 0.099611 -0.030026 
 -0.384242 0.110486 -0.026460 
 -0.391995 0.104896 0.191131 
 -0.399316 0.116093 0.194802 
 -0.406734 0.125852 0.217949 
 -0.414074 0.137078 0.221630 
 -0.421482 0.147615 0.235058 
 -0.428831 0.158856 0.238743 
 0.130626 -0.738570 0.144646 
 0.121834 -0.723471 0.129646 
 0.113081 -0.708431 0.114628 
 0.104366 -0.693450 0.099590 
 0.095689 -0.678527 0.084533 
 0.087637 -0.665387 0.078867 
 0.080182 -0.653984 0.082605 
 0.071592 -0.639193 0.067505 
 0.063039 -0.624461 0.052386 
 0.055622 -0.613117 0.056105 
 0.047127 -0.598473 0.040957 
 0.039200 -0.585522 0.035228 
 0.030772 -0.570980 0.020047 
 0.023403 -0.559710 0.023742 
 0.016034 -0.548439 0.027437 
 0.007191 -0.532437 0.002759 
 -0.000149 -0.521210 0.006440 
 -0.007489 -0.509984 0.010120 
 -0.014829 -0.498757 0.013801 
 -0.022169 -0.487531 0.017482 
 -0.031283 -0.470287 -0.016764 
 -0.038585 -0.459119 -0.013102 
 -0.046736 -0.445002 -0.028423 
 -0.054018 -0.433863 -0.024771 
 -0.061706 -0.421279 -0.030620 
 -0.070562 -0.404431 -0.064995 
 -0.077025 -0.396198 -0.042347 
 -0.085032 -0.382300 -0.057739 
 -0.091533 -0.374009 -0.035072 
 -0.098787 -0.362914 -0.031434 
 -0.106736 -0.349103 -0.046856 
 -0.113971 -0.338038 -0.043228 
 -0.121206 -0.326973 -0.039600 
 -0.128760 -0.314593 -0.045516 
 -0.135985 -0.303542 -0.041893 
 -0.143811 -0.289922 -0.057377 
 -0.151017 -0.278901 -0.053764 
 -0.158223 -0.267879 -0.050150 
 -0.165429 -0.256858 -0.046537 
 -0.172897 -0.244610 -0.052496 
 -0.180598 -0.231180 -0.068042 
 -0.187775 -0.220203 -0.064443 
 -0.195418 -0.206860 -0.080018 
 -0.202577 -0.195912 -0.076429 
 -0.209735 -0.184964 -0.072839 
 -0.216893 -0.174015 -0.069250 
 -0.224052 -0.163067 -0.065660 
 -0.231210 -0.152119 -0.062071 
 -0.238544 -0.140076 -0.068097 
 -0.245693 -0.129142 -0.064512 
 -0.252841 -0.118209 -0.060928 
 -0.259990 -0.107275 -0.057343 
 -0.267139 -0.096341 -0.053758 
 -0.274543 -0.083365 -0.069453 
 -0.281673 -0.072461 -0.065878 
 -0.288585 -0.063540 -0.043004 
 -0.295932 -0.050652 -0.058728 
 -0.303062 -0.039747 -0.055153 
 -0.310191 -0.028843 -0.051578 
 -0.317321 -0.017939 -0.048003 
 -0.324450 -0.007034 -0.044428 
 -0.331580 0.003870 -0.040853 
 -0.338710 0.014775 -0.037278 
 -0.345839 0.025679 -0.033703 
 -0.352969 0.036583 -0.030128 
 -0.360098 0.047488 -0.026553 
 -0.367228 0.058392 -0.022978 
 -0.374358 0.069297 -0.019403 
 -0.381487 0.080201 -0.015827 
 -0.388617 0.091106 -0.012252 
 -0.395852 0.099693 0.020487 
 -0.403010 0.110641 0.024076 
 -0.411089 0.108956 0.193093 
 -0.418410 0.120153 0.196764 
 -0.425878 0.129923 0.219916 
 -0.433301 0.140450 0.233342 
 -0.440650 0.151691 0.237028 
 0.110959 -0.734387 0.146666 
 0.101016 -0.715745 0.112876 
 0.092332 -0.700745 0.097843 
 0.083686 -0.685804 0.082791 
 0.075649 -0.672654 0.077126 
 0.068194 -0.661252 0.080865 
 0.059634 -0.646442 0.065769 
 0.052198 -0.635069 0.069497 
 0.043696 -0.620347 0.054373 
 0.036279 -0.609004 0.058092 
 0.027320 -0.592724 0.033503 
 0.018922 -0.578163 0.018326 
 0.011554 -0.566893 0.022021 
 0.004185 -0.555623 0.025716 
 -0.004612 -0.539592 0.001045 
 -0.011952 -0.528366 0.004726 
 -0.019292 -0.517139 0.008407 
 -0.026632 -0.505913 0.012087 
 -0.034848 -0.491630 -0.003181 
 -0.043025 -0.477406 -0.018469 
 -0.050327 -0.466238 -0.014807 
 -0.058447 -0.452101 -0.030123 
 -0.065729 -0.440963 -0.026471 
 -0.073402 -0.428369 -0.032318 
 -0.081436 -0.414364 -0.047678 
 -0.088690 -0.403269 -0.044040 
 -0.095944 -0.392175 -0.040403 
 -0.103198 -0.381080 -0.036765 
 -0.110452 -0.369985 -0.033128 
 -0.117706 -0.358891 -0.029490 
 -0.124960 -0.347796 -0.025853 
 -0.132214 -0.336701 -0.022216 
 -0.140379 -0.321637 -0.047203 
 -0.147604 -0.310586 -0.043580 
 -0.154829 -0.299535 -0.039957 
 -0.162605 -0.285926 -0.055446 
 -0.169811 -0.274904 -0.051833 
 -0.177017 -0.263882 -0.048219 
 -0.184223 -0.252861 -0.044606 
 -0.191666 -0.240619 -0.050567 
 -0.199317 -0.227199 -0.066118 
 -0.206494 -0.216222 -0.062519 
 -0.213672 -0.205244 -0.058920 
 -0.221246 -0.191942 -0.074510 
 -0.228404 -0.180994 -0.070921 
 -0.235563 -0.170045 -0.067332 
 -0.242721 -0.159097 -0.063742 
 -0.249879 -0.148149 -0.060153 
 -0.257188 -0.136111 -0.066181 
 -0.264337 -0.125178 -0.062597 
 -0.271354 -0.115304 -0.049384 
 -0.278635 -0.103310 -0.055427 
 -0.285783 -0.092377 -0.051843 
 -0.292932 -0.081443 -0.048258 
 -0.300081 -0.070509 -0.044674 
 -0.307230 -0.059575 -0.041089 
 -0.314378 -0.048642 -0.037504 
 -0.321527 -0.037708 -0.033920 
 -0.328676 -0.026774 -0.030335 
 -0.335825 -0.015841 -0.026750 
 -0.343045 -0.003080 -0.042517 
 -0.350174 0.007824 -0.038942 
 -0.357304 0.018729 -0.035367 
 -0.364434 0.029633 -0.031792 
 -0.371563 0.040538 -0.028217 
 -0.378693 0.051442 -0.024642 
 -0.385822 0.062346 -0.021067 
 -0.393015 0.071629 0.001927 
 -0.400163 0.082562 0.005512 
 -0.407362 0.092715 0.018815 
 -0.414521 0.103663 0.022405 
 -0.422583 0.104829 0.152469 
 -0.430024 0.114492 0.175587 
 -0.437503 0.124213 0.198726 
 -0.445119 0.133285 0.231626 
 -0.452469 0.144526 0.235312 
 0.098832 -0.741739 0.144906 
 0.088951 -0.723060 0.111124 
 0.080297 -0.708041 0.096096 
 0.071682 -0.693081 0.081048 
 0.063661 -0.679921 0.075386 
 0.056206 -0.668519 0.079124 
 0.047677 -0.653691 0.064033 
 0.040241 -0.642318 0.067761 
 0.031769 -0.627577 0.052642 
 0.024353 -0.616234 0.056361 
 0.015439 -0.599926 0.031778 
 0.007073 -0.585347 0.016606 
 -0.000296 -0.574077 0.020301 
 -0.007665 -0.562806 0.023996 
 -0.016415 -0.546748 -0.000668 
 -0.023755 -0.535521 0.003012 
 -0.031096 -0.524295 0.006693 
 -0.038436 -0.513068 0.010373 
 -0.046620 -0.498767 -0.004890 
 -0.053941 -0.487570 -0.001219 
 -0.061262 -0.476373 0.002452 
 -0.070158 -0.459201 -0.031824 
 -0.077440 -0.448062 -0.028172 
 -0.085098 -0.435459 -0.034016 
 -0.093100 -0.421436 -0.049371 
 -0.099644 -0.413211 -0.026722 
 -0.107608 -0.399246 -0.042096 
 -0.114863 -0.388152 -0.038459 
 -0.122117 -0.377057 -0.034822 
 -0.129371 -0.365962 -0.031184 
 -0.136625 -0.354868 -0.027547 
 -0.143879 -0.343773 -0.023909 
 -0.151709 -0.330013 -0.039350 
 -0.159223 -0.317630 -0.045267 
 -0.166448 -0.306579 -0.041644 
 -0.174193 -0.292950 -0.057128 
 -0.181399 -0.281929 -0.053515 
 -0.188605 -0.270907 -0.049902 
 -0.196042 -0.258641 -0.055856 
 -0.203239 -0.247634 -0.052248 
 -0.210859 -0.234196 -0.067794 
 -0.218036 -0.223219 -0.064195 
 -0.225214 -0.212241 -0.060596 
 -0.232391 -0.201264 -0.056997 
 -0.239569 -0.190286 -0.053398 
 -0.246746 -0.179308 -0.049799 
 -0.253923 -0.168331 -0.046200 
 -0.261390 -0.155127 -0.061824 
 -0.268549 -0.144179 -0.058234 
 -0.275707 -0.133230 -0.054645 
 -0.282865 -0.122282 -0.051056 
 -0.290024 -0.111334 -0.047466 
 -0.297182 -0.100385 -0.043877 
 -0.304340 -0.089437 -0.040287 
 -0.311499 -0.078489 -0.036698 
 -0.318725 -0.066544 -0.042758 
 -0.325874 -0.055611 -0.039173 
 -0.333023 -0.044677 -0.035589 
 -0.340171 -0.033743 -0.032004 
 -0.347320 -0.022810 -0.028419 
 -0.354469 -0.011876 -0.024835 
 -0.361618 -0.000942 -0.021250 
 -0.368769 0.011779 -0.037032 
 -0.375915 0.020925 -0.014081 
 -0.383028 0.033587 -0.029882 
 -0.390158 0.044492 -0.026307 
 -0.397361 0.053726 -0.003327 
 -0.404510 0.064660 0.000258 
 -0.411715 0.074788 0.013555 
 -0.418873 0.085736 0.017144 
 -0.426032 0.096685 0.020734 
 -0.434039 0.100015 0.121588 
 -0.441577 0.108868 0.154420 
 -0.449068 0.118542 0.177544 
 -0.456824 0.126838 0.220169 
 -0.464164 0.138064 0.223850 
 0.078025 -0.733965 0.128149 
 0.069383 -0.718898 0.113135 
 0.059679 -0.700357 0.079305 
 0.051673 -0.687189 0.073645 
 0.043156 -0.672312 0.058568 
 0.035720 -0.660940 0.062297 
 0.028284 -0.649567 0.066025 
 0.019843 -0.634808 0.050910 
 0.012426 -0.623464 0.054629 
 0.003559 -0.607129 0.030053 
 -0.004777 -0.592530 0.014885 
 -0.012145 -0.581260 0.018580 
 -0.019514 -0.569990 0.022275 
 -0.028219 -0.553903 -0.002382 
 -0.035559 -0.542677 0.001298 
 -0.042899 -0.531450 0.004979 
 -0.050239 -0.520224 0.008660 
 -0.058393 -0.505904 -0.006599 
 -0.065714 -0.494707 -0.002928 
 -0.073035 -0.483509 0.000743 
 -0.080356 -0.472312 0.004414 
 -0.088414 -0.458138 -0.010894 
 -0.096434 -0.444023 -0.026220 
 -0.103717 -0.432884 -0.022568 
 -0.111340 -0.420301 -0.028420 
 -0.118613 -0.409177 -0.024773 
 -0.125886 -0.398054 -0.021126 
 -0.133159 -0.386930 -0.017479 
 -0.140432 -0.375806 -0.013832 
 -0.147705 -0.364682 -0.010185 
 -0.155543 -0.350844 -0.025603 
 -0.163343 -0.337066 -0.041040 
 -0.170578 -0.326000 -0.037412 
 -0.178067 -0.313622 -0.043331 
 -0.185292 -0.302572 -0.039707 
 -0.192987 -0.288954 -0.055197 
 -0.200193 -0.277932 -0.051584 
 -0.207399 -0.266911 -0.047971 
 -0.214811 -0.254650 -0.053928 
 -0.222008 -0.243643 -0.050319 
 -0.229578 -0.230216 -0.065871 
 -0.236401 -0.221629 -0.043102 
 -0.243933 -0.208260 -0.058673 
 -0.251110 -0.197283 -0.055074 
 -0.258288 -0.186305 -0.051475 
 -0.265465 -0.175328 -0.047876 
 -0.272901 -0.162105 -0.063495 
 -0.280060 -0.151157 -0.059906 
 -0.287218 -0.140208 -0.056316 
 -0.294376 -0.129260 -0.052727 
 -0.301535 -0.118312 -0.049137 
 -0.308693 -0.107364 -0.045548 
 -0.315851 -0.096415 -0.041958 
 -0.323010 -0.085467 -0.038369 
 -0.330168 -0.074519 -0.034780 
 -0.337326 -0.063570 -0.031190 
 -0.344485 -0.052622 -0.027601 
 -0.351667 -0.040712 -0.033673 
 -0.358816 -0.029778 -0.030088 
 -0.365964 -0.018845 -0.026504 
 -0.373113 -0.007911 -0.022919 
 -0.380262 0.003023 -0.019334 
 -0.387363 0.015733 -0.035121 
 -0.394493 0.026637 -0.031546 
 -0.401622 0.037542 -0.027971 
 -0.408857 0.046757 -0.004996 
 -0.416006 0.057691 -0.001411 
 -0.423226 0.067810 0.011883 
 -0.430547 0.077157 0.034903 
 -0.437724 0.088135 0.038502 
 -0.445403 0.095257 0.090722 
 -0.452958 0.104038 0.123532 
 -0.460451 0.113649 0.146638 
 -0.467853 0.124046 0.160023 
 -0.475136 0.135184 0.163675 
 0.065929 -0.741298 0.126393 
 0.057318 -0.726212 0.111383 
 0.047675 -0.707634 0.077562 
 0.039685 -0.694456 0.071905 
 0.031198 -0.679561 0.056832 
 0.023763 -0.668188 0.060561 
 0.015333 -0.653381 0.045460 
 0.007916 -0.642038 0.049179 
 -0.000455 -0.627318 0.034049 
 -0.008321 -0.614331 0.028328 
 -0.016626 -0.599714 0.013165 
 -0.023995 -0.588444 0.016860 
 -0.031364 -0.577173 0.020555 
 -0.040022 -0.561059 -0.004096 
 -0.047362 -0.549832 -0.000415 
 -0.054702 -0.538606 0.003265 
 -0.062042 -0.527379 0.006946 
 -0.069383 -0.516153 0.010627 
 -0.077487 -0.501843 -0.004638 
 -0.084808 -0.490646 -0.000967 
 -0.092129 -0.479449 0.002704 
 -0.100156 -0.465256 -0.012599 
 -0.107458 -0.454089 -0.008937 
 -0.115428 -0.439984 -0.024269 
 -0.122711 -0.428845 -0.020617 
 -0.130308 -0.416268 -0.026471 
 -0.137582 -0.405144 -0.022824 
 -0.144855 -0.394020 -0.019177 
 -0.152128 -0.382896 -0.015530 
 -0.159954 -0.369011 -0.030934 
 -0.167208 -0.357916 -0.027296 
 -0.174977 -0.344119 -0.042729 
 -0.182212 -0.333053 -0.039101 
 -0.189685 -0.320666 -0.045017 
 -0.196911 -0.309615 -0.041394 
 -0.204136 -0.298564 -0.037771 
 -0.211361 -0.287513 -0.034148 
 -0.218987 -0.273936 -0.049653 
 -0.226193 -0.262914 -0.046040 
 -0.233580 -0.250659 -0.051999 
 -0.240777 -0.239652 -0.048391 
 -0.247973 -0.228645 -0.044782 
 -0.255170 -0.217638 -0.041173 
 -0.262367 -0.206631 -0.037565 
 -0.269563 -0.195624 -0.033956 
 -0.277007 -0.182325 -0.049551 
 -0.284184 -0.171347 -0.045952 
 -0.291362 -0.160369 -0.042353 
 -0.298539 -0.149392 -0.038754 
 -0.305887 -0.136238 -0.054398 
 -0.313046 -0.125290 -0.050809 
 -0.320204 -0.114342 -0.047219 
 -0.327362 -0.103394 -0.043630 
 -0.334521 -0.092445 -0.040040 
 -0.341679 -0.081497 -0.036451 
 -0.348837 -0.070548 -0.032861 
 -0.355996 -0.059600 -0.029272 
 -0.363154 -0.048652 -0.025682 
 -0.370312 -0.037704 -0.022093 
 -0.377460 -0.025814 -0.028173 
 -0.384609 -0.014880 -0.024588 
 -0.391698 -0.002122 -0.040361 
 -0.398828 0.008782 -0.036786 
 -0.405958 0.019687 -0.033211 
 -0.413087 0.030591 -0.029636 
 -0.420353 0.039788 -0.006665 
 -0.427501 0.050722 -0.003080 
 -0.434737 0.060831 0.010212 
 -0.442089 0.070160 0.033227 
 -0.449266 0.081138 0.036826 
 -0.456791 0.089774 0.069591 
 -0.464373 0.098498 0.102385 
 -0.471877 0.108061 0.125476 
 -0.479420 0.117683 0.148587 
 -0.486693 0.128807 0.152234 
 -0.493966 0.139931 0.155881 
 0.045253 -0.733527 0.109631 
 0.035672 -0.714911 0.075819 
 0.027697 -0.701724 0.070164 
 0.019241 -0.686810 0.055096 
 0.011805 -0.675437 0.058824 
 0.004369 -0.664064 0.062553 
 -0.004010 -0.649268 0.047447 
 -0.011427 -0.637924 0.051166 
 -0.020201 -0.621533 0.026603 
 -0.028476 -0.606897 0.011444 
 -0.035844 -0.595627 0.015139 
 -0.044061 -0.581079 -0.000049 
 -0.051411 -0.569838 0.003637 
 -0.059166 -0.556988 -0.002129 
 -0.066506 -0.545761 0.001552 
 -0.073846 -0.534535 0.005232 
 -0.081938 -0.520177 -0.010018 
 -0.088526 -0.512082 0.012593 
 -0.096580 -0.497783 -0.002676 
 -0.103901 -0.486586 0.000995 
 -0.111898 -0.472375 -0.014304 
 -0.119200 -0.461207 -0.010642 
 -0.127139 -0.447084 -0.025969 
 -0.134422 -0.435945 -0.022317 
 -0.142004 -0.423358 -0.028169 
 -0.149277 -0.412234 -0.024522 
 -0.156550 -0.401110 -0.020875 
 -0.163823 -0.389986 -0.017228 
 -0.171619 -0.376082 -0.032628 
 -0.178873 -0.364987 -0.028990 
 -0.186611 -0.351172 -0.044418 
 -0.193846 -0.340106 -0.040790 
 -0.201081 -0.329041 -0.037162 
 -0.208530 -0.316659 -0.043081 
 -0.215755 -0.305608 -0.039458 
 -0.222980 -0.294557 -0.035835 
 -0.230575 -0.280961 -0.051335 
 -0.237781 -0.269939 -0.047722 
 -0.244987 -0.258918 -0.044109 
 -0.252193 -0.247896 -0.040495 
 -0.259400 -0.236875 -0.036882 
 -0.266743 -0.224653 -0.042854 
 -0.273939 -0.213647 -0.039245 
 -0.281136 -0.202640 -0.035636 
 -0.288332 -0.191633 -0.032028 
 -0.295529 -0.180626 -0.028419 
 -0.302726 -0.169619 -0.024810 
 -0.310081 -0.156389 -0.040430 
 -0.317259 -0.145411 -0.036831 
 -0.324436 -0.134434 -0.033232 
 -0.331715 -0.121320 -0.048890 
 -0.338873 -0.110372 -0.045301 
 -0.346032 -0.099423 -0.041712 
 -0.353190 -0.088475 -0.038122 
 -0.360348 -0.077527 -0.034533 
 -0.367507 -0.066578 -0.030943 
 -0.374665 -0.055630 -0.027354 
 -0.381823 -0.044682 -0.023764 
 -0.388956 -0.032783 -0.029842 
 -0.396104 -0.021849 -0.026257 
 -0.403253 -0.010915 -0.022672 
 -0.410402 0.000018 -0.019088 
 -0.417422 0.012737 -0.034876 
 -0.424552 0.023641 -0.031300 
 -0.431682 0.034545 -0.027725 
 -0.438997 0.043753 -0.004749 
 -0.446248 0.053853 0.008541 
 -0.453406 0.064801 0.012130 
 -0.461051 0.072532 0.054580 
 -0.468247 0.083539 0.058189 
 -0.475866 0.092220 0.090971 
 -0.483091 0.103271 0.094594 
 -0.490317 0.114322 0.098217 
 -0.497542 0.125373 0.101840 
 -0.505304 0.134274 0.134695 
 0.033188 -0.740841 0.107880 
 0.024677 -0.725777 0.092860 
 0.016204 -0.710771 0.077820 
 0.008254 -0.697589 0.072162 
 -0.000152 -0.682686 0.057088 
 -0.007588 -0.671313 0.060817 
 -0.015936 -0.656498 0.045715 
 -0.023353 -0.645155 0.049434 
 -0.031644 -0.630427 0.034304 
 -0.039470 -0.617435 0.028583 
 -0.047694 -0.602811 0.013419 
 -0.055063 -0.591540 0.017114 
 -0.063230 -0.577003 0.001921 
 -0.070969 -0.564143 -0.003843 
 -0.078309 -0.552917 -0.000162 
 -0.085649 -0.541690 0.003518 
 -0.092989 -0.530464 0.007199 
 -0.100329 -0.519237 0.010880 
 -0.108353 -0.504920 -0.004385 
 -0.115674 -0.493723 -0.000714 
 -0.122995 -0.482526 0.002957 
 -0.130942 -0.468325 -0.012347 
 -0.138243 -0.457157 -0.008686 
 -0.146133 -0.443044 -0.024018 
 -0.153415 -0.431906 -0.020366 
 -0.160973 -0.419324 -0.026220 
 -0.168246 -0.408200 -0.022573 
 -0.175519 -0.397076 -0.018926 
 -0.182792 -0.385952 -0.015279 
 -0.190538 -0.372059 -0.030684 
 -0.198246 -0.358224 -0.046107 
 -0.205480 -0.347159 -0.042479 
 -0.212715 -0.336094 -0.038851 
 -0.219950 -0.325028 -0.035223 
 -0.227374 -0.312651 -0.041145 
 -0.234599 -0.301601 -0.037522 
 -0.241824 -0.290550 -0.033899 
 -0.249369 -0.276964 -0.049404 
 -0.256575 -0.265942 -0.045791 
 -0.263781 -0.254921 -0.042178 
 -0.270988 -0.243899 -0.038564 
 -0.278194 -0.232878 -0.034951 
 -0.285512 -0.220662 -0.040925 
 -0.292708 -0.209655 -0.037317 
 -0.299905 -0.198648 -0.033708 
 -0.307102 -0.187642 -0.030099 
 -0.314298 -0.176635 -0.026491 
 -0.321495 -0.165628 -0.022882 
 -0.328800 -0.152408 -0.038507 
 -0.335978 -0.141430 -0.034908 
 -0.343155 -0.130453 -0.031309 
 -0.350333 -0.119475 -0.027710 
 -0.357510 -0.108498 -0.024111 
 -0.364701 -0.095453 -0.039793 
 -0.371859 -0.084505 -0.036204 
 -0.379017 -0.073557 -0.032614 
 -0.386176 -0.062608 -0.029025 
 -0.393334 -0.051660 -0.025436 
 -0.400451 -0.039752 -0.031511 
 -0.407600 -0.028818 -0.027926 
 -0.414749 -0.017884 -0.024342 
 -0.421897 -0.006950 -0.020757 
 -0.428887 0.005786 -0.036540 
 -0.436195 0.014917 -0.013588 
 -0.443344 0.025851 -0.010003 
 -0.450601 0.035927 0.003280 
 -0.457995 0.045189 0.026276 
 -0.465554 0.053681 0.058999 
 -0.472760 0.064703 0.062612 
 -0.480259 0.074126 0.085661 
 -0.487485 0.085177 0.089284 
 -0.494710 0.096228 0.092907 
 -0.501935 0.107278 0.096531 
 -0.509161 0.118329 0.100154 
 -0.516969 0.127202 0.133001 
 0.012643 -0.733072 0.091112 
 0.004200 -0.718048 0.076077 
 -0.003734 -0.704857 0.070421 
 -0.012109 -0.689935 0.055352 
 -0.019545 -0.678562 0.059081 
 -0.027863 -0.663728 0.043984 
 -0.035280 -0.652385 0.047703 
 -0.043962 -0.635937 0.023154 
 -0.051350 -0.624638 0.026858 
 -0.059544 -0.609994 0.011699 
 -0.066912 -0.598724 0.015394 
 -0.075048 -0.584168 0.000205 
 -0.082398 -0.572927 0.003890 
 -0.090112 -0.560072 -0.001876 
 -0.097453 -0.548846 0.001805 
 -0.104793 -0.537619 0.005485 
 -0.112133 -0.526393 0.009166 
 -0.120125 -0.512057 -0.006094 
 -0.127446 -0.500860 -0.002423 
 -0.135381 -0.486611 -0.017713 
 -0.142683 -0.475443 -0.014052 
 -0.149985 -0.464275 -0.010390 
 -0.157844 -0.450144 -0.025718 
 -0.165126 -0.439005 -0.022066 
 -0.172668 -0.426414 -0.027918 
 -0.179942 -0.415290 -0.024271 
 -0.187215 -0.404166 -0.020624 
 -0.194949 -0.390225 -0.036015 
 -0.202203 -0.379131 -0.032377 
 -0.209880 -0.365277 -0.047796 
 -0.217114 -0.354212 -0.044168 
 -0.224349 -0.343147 -0.040540 
 -0.231584 -0.332081 -0.036913 
 -0.238819 -0.321016 -0.033285 
 -0.246218 -0.308644 -0.039209 
 -0.253443 -0.297593 -0.035586 
 -0.260668 -0.286543 -0.031963 
 -0.268163 -0.272967 -0.047473 
 -0.275369 -0.261946 -0.043860 
 -0.282575 -0.250924 -0.040247 
 -0.289782 -0.239903 -0.036633 
 -0.297084 -0.227678 -0.042605 
 -0.304194 -0.217860 -0.029406 
 -0.311477 -0.205664 -0.035388 
 -0.318674 -0.194657 -0.031779 
 -0.325871 -0.183650 -0.028171 
 -0.333067 -0.172643 -0.024562 
 -0.340264 -0.161636 -0.020954 
 -0.347460 -0.150630 -0.017345 
 -0.354697 -0.137450 -0.032984 
 -0.361874 -0.126472 -0.029385 
 -0.369052 -0.115495 -0.025786 
 -0.376212 -0.102432 -0.041465 
 -0.383370 -0.091483 -0.037875 
 -0.390528 -0.080535 -0.034286 
 -0.397687 -0.069587 -0.030696 
 -0.404845 -0.058638 -0.027107 
 -0.411947 -0.046721 -0.033180 
 -0.419096 -0.035787 -0.029595 
 -0.426244 -0.024853 -0.026011 
 -0.433393 -0.013919 -0.022426 
 -0.440542 -0.002986 -0.018841 
 -0.447690 0.007948 -0.015257 
 -0.454839 0.018882 -0.011672 
 -0.462112 0.028948 0.001609 
 -0.469536 0.038192 0.024600 
 -0.477142 0.046656 0.057317 
 -0.484348 0.057678 0.060930 
 -0.491878 0.067082 0.083974 
 -0.499103 0.078133 0.087598 
 -0.505967 0.090742 0.071770 
 -0.513173 0.101764 0.075384 
 -0.520779 0.111286 0.098467 
 -0.000338 -0.736741 0.070591 
 -0.007803 -0.725325 0.074334 
 -0.015722 -0.712124 0.068681 
 -0.024066 -0.697184 0.053616 
 -0.031502 -0.685811 0.057345 
 -0.039789 -0.670958 0.042252 
 -0.047206 -0.659615 0.045971 
 -0.055842 -0.643139 0.021429 
 -0.064024 -0.628448 0.006283 
 -0.071393 -0.617178 0.009978 
 -0.078762 -0.605907 0.013673 
 -0.086867 -0.591333 -0.001511 
 -0.094217 -0.580092 0.002174 
 -0.101567 -0.568851 0.005859 
 -0.109256 -0.556001 0.000091 
 -0.116596 -0.544775 0.003772 
 -0.123936 -0.533548 0.007452 
 -0.131276 -0.522322 0.011133 
 -0.139219 -0.507996 -0.004133 
 -0.146540 -0.496799 -0.000462 
 -0.153861 -0.485602 0.003209 
 -0.161727 -0.471393 -0.012095 
 -0.169029 -0.460226 -0.008434 
 -0.176838 -0.446105 -0.023766 
 -0.184120 -0.434966 -0.020115 
 -0.191637 -0.422381 -0.025969 
 -0.198910 -0.411257 -0.022322 
 -0.206184 -0.400133 -0.018675 
 -0.213868 -0.386202 -0.034071 
 -0.221514 -0.372330 -0.049485 
 -0.228749 -0.361265 -0.045857 
 -0.235630 -0.352918 -0.023159 
 -0.243218 -0.339134 -0.038602 
 -0.250453 -0.328069 -0.034974 
 -0.257688 -0.317003 -0.031346 
 -0.265062 -0.304637 -0.037273 
 -0.272287 -0.293586 -0.033650 
 -0.279512 -0.282535 -0.030027 
 -0.286957 -0.268971 -0.045542 
 -0.293963 -0.260434 -0.022781 
 -0.301370 -0.246928 -0.038316 
 -0.308576 -0.235906 -0.034702 
 -0.315782 -0.224885 -0.031089 
 -0.322988 -0.213863 -0.027475 
 -0.330247 -0.201673 -0.033460 
 -0.337400 -0.191820 -0.020248 
 -0.344640 -0.179659 -0.026242 
 -0.351836 -0.168652 -0.022634 
 -0.359033 -0.157645 -0.019025 
 -0.366239 -0.144447 -0.034660 
 -0.373416 -0.133469 -0.031061 
 -0.380594 -0.122491 -0.027462 
 -0.387723 -0.109410 -0.043136 
 -0.394881 -0.098461 -0.039546 
 -0.402039 -0.087513 -0.035957 
 -0.409198 -0.076565 -0.032368 
 -0.416356 -0.065617 -0.028778 
 -0.423514 -0.054668 -0.025189 
 -0.430591 -0.042756 -0.031264 
 -0.437740 -0.031822 -0.027680 
 -0.444889 -0.020888 -0.024095 
 -0.452037 -0.009955 -0.020510 
 -0.459186 0.000979 -0.016926 
 -0.466464 0.011022 -0.003652 
 -0.473623 0.021970 -0.000062 
 -0.481078 0.031195 0.022925 
 -0.488730 0.039632 0.055634 
 -0.495936 0.050653 0.059248 
 -0.503497 0.060039 0.082288 
 -0.510722 0.071090 0.085911 
 -0.517555 0.083718 0.070088 
 -0.524761 0.094739 0.073701 
 -0.012342 -0.744018 0.068848 
 -0.019806 -0.732601 0.072591 
 -0.027710 -0.719392 0.066940 
 -0.036024 -0.704432 0.051880 
 -0.043460 -0.693060 0.055609 
 -0.051716 -0.678188 0.040521 
 -0.059133 -0.666845 0.044240 
 -0.067332 -0.652062 0.029122 
 -0.075111 -0.639042 0.023408 
 -0.083243 -0.624361 0.008258 
 -0.089887 -0.616443 0.030818 
 -0.098686 -0.598497 -0.003227 
 -0.106036 -0.587256 0.000458 
 -0.113385 -0.576015 0.004144 
 -0.121059 -0.563157 -0.001623 
 -0.128399 -0.551930 0.002058 
 -0.135740 -0.540704 0.005739 
 -0.143080 -0.529478 0.009419 
 -0.150420 -0.518251 0.013100 
 -0.158313 -0.503936 -0.002171 
 -0.165634 -0.492739 0.001500 
 -0.172955 -0.481542 0.005171 
 -0.180771 -0.467344 -0.010138 
 -0.188549 -0.453204 -0.025467 
 -0.195831 -0.442066 -0.021815 
 -0.203114 -0.430927 -0.018163 
 -0.210397 -0.419789 -0.014511 
 -0.217879 -0.407223 -0.020373 
 -0.225152 -0.396099 -0.016726 
 -0.232787 -0.382179 -0.032127 
 -0.240041 -0.371084 -0.028490 
 -0.247295 -0.359990 -0.024852 
 -0.254549 -0.348895 -0.021215 
 -0.261803 -0.337800 -0.017577 
 -0.269322 -0.324056 -0.033035 
 -0.276557 -0.312991 -0.029407 
 -0.283792 -0.301925 -0.025780 
 -0.291027 -0.290860 -0.022152 
 -0.298262 -0.279794 -0.018524 
 -0.305497 -0.268729 -0.014896 
 -0.312807 -0.256427 -0.020845 
 -0.320032 -0.245376 -0.017222 
 -0.327370 -0.231910 -0.032771 
 -0.334576 -0.220888 -0.029158 
 -0.341782 -0.209867 -0.025544 
 -0.348988 -0.198845 -0.021931 
 -0.356212 -0.186675 -0.027923 
 -0.363409 -0.175668 -0.024314 
 -0.370605 -0.164661 -0.020705 
 -0.377780 -0.151444 -0.036336 
 -0.384958 -0.140466 -0.032737 
 -0.392135 -0.129488 -0.029138 
 -0.399313 -0.118511 -0.025539 
 -0.406392 -0.105440 -0.041218 
 -0.413550 -0.094491 -0.037628 
 -0.420709 -0.083543 -0.034039 
 -0.427867 -0.072595 -0.030449 
 -0.435025 -0.061646 -0.026860 
 -0.442184 -0.050698 -0.023270 
 -0.449235 -0.038791 -0.029349 
 -0.456384 -0.027857 -0.025764 
 -0.463533 -0.016924 -0.022179 
 -0.470682 -0.005990 -0.018595 
 -0.477975 0.004044 -0.005323 
 -0.485134 0.014992 -0.001734 
 -0.492620 0.024198 0.021249 
 -0.500318 0.032607 0.053952 
 -0.507524 0.043628 0.057565 
 -0.514730 0.054650 0.061178 
 -0.522341 0.064046 0.084224 
 -0.030944 -0.743512 0.089623 
 -0.039274 -0.728461 0.074592 
 -0.047153 -0.715257 0.068938 
 -0.055417 -0.700308 0.053873 
 -0.062853 -0.688936 0.057601 
 -0.071059 -0.674075 0.042508 
 -0.079227 -0.659273 0.027395 
 -0.086625 -0.647959 0.031105 
 -0.094379 -0.634944 0.025388 
 -0.101767 -0.623645 0.029093 
 -0.109830 -0.609004 0.013927 
 -0.117199 -0.597734 0.017622 
 -0.125204 -0.583180 0.002428 
 -0.132554 -0.571939 0.006113 
 -0.139904 -0.560698 0.009798 
 -0.147253 -0.549457 0.013484 
 -0.154883 -0.536633 0.007705 
 -0.162223 -0.525407 0.011386 
 -0.170085 -0.511073 -0.003880 
 -0.177406 -0.499876 -0.000209 
 -0.184727 -0.488679 0.003462 
 -0.192048 -0.477482 0.007133 
 -0.199814 -0.463294 -0.008182 
 -0.207116 -0.452126 -0.004520 
 -0.214825 -0.438027 -0.019863 
 -0.222108 -0.426888 -0.016212 
 -0.229575 -0.414313 -0.022072 
 -0.236848 -0.403189 -0.018424 
 -0.244451 -0.389251 -0.033821 
 -0.251706 -0.378156 -0.030183 
 -0.258960 -0.367061 -0.026546 
 -0.266214 -0.355966 -0.022908 
 -0.273468 -0.344872 -0.019271 
 -0.280722 -0.333777 -0.015634 
 -0.287976 -0.322682 -0.011996 
 -0.295230 -0.311588 -0.008359 
 -0.302661 -0.297913 -0.023841 
 -0.309896 -0.286847 -0.020213 
 -0.317131 -0.275782 -0.016585 
 -0.324426 -0.263470 -0.022532 
 -0.331651 -0.252419 -0.018909 
 -0.338876 -0.241369 -0.015285 
 -0.346101 -0.230318 -0.011662 
 -0.353370 -0.216891 -0.027227 
 -0.360576 -0.205870 -0.023613 
 -0.367782 -0.194849 -0.020000 
 -0.374988 -0.183827 -0.016386 
 -0.382195 -0.172805 -0.012773 
 -0.389375 -0.160669 -0.018777 
 -0.396571 -0.149663 -0.015168 
 -0.403677 -0.136485 -0.030814 
 -0.410855 -0.125508 -0.027214 
 -0.417903 -0.112418 -0.042889 
 -0.425061 -0.101470 -0.039300 
 -0.432220 -0.090521 -0.035710 
 -0.439378 -0.079573 -0.032121 
 -0.446536 -0.068625 -0.028531 
 -0.453695 -0.057676 -0.024942 
 -0.460853 -0.046728 -0.021352 
 -0.468011 -0.035780 -0.017763 
 -0.475170 -0.024831 -0.014173 
 -0.482328 -0.013883 -0.010584 
 -0.489486 -0.002935 -0.006995 
 -0.496645 0.008014 -0.003405 
 -0.503803 0.018962 0.000184 
 -0.511717 0.026447 0.042570 
 -0.518913 0.037454 0.046179 
 -0.526318 0.047625 0.059496 
 -0.051278 -0.735738 0.072849 
 -0.059141 -0.722524 0.067197 
 -0.066596 -0.711122 0.070936 
 -0.074810 -0.696184 0.055865 
 -0.082246 -0.684812 0.059594 
 -0.090402 -0.669962 0.044495 
 -0.098520 -0.655170 0.029377 
 -0.105918 -0.643856 0.033087 
 -0.113316 -0.632542 0.036796 
 -0.121035 -0.619547 0.031072 
 -0.128423 -0.608248 0.034777 
 -0.136417 -0.593647 0.019597 
 -0.143786 -0.582376 0.023292 
 -0.151722 -0.567863 0.008082 
 -0.159072 -0.556622 0.011768 
 -0.166422 -0.545381 0.015453 
 -0.173772 -0.534140 0.019139 
 -0.181367 -0.521336 0.013353 
 -0.188707 -0.510109 0.017034 
 -0.196047 -0.498883 0.020714 
 -0.203387 -0.487656 0.024395 
 -0.211142 -0.473421 0.009095 
 -0.218463 -0.462224 0.012766 
 -0.225784 -0.451027 0.016437 
 -0.233462 -0.436909 0.001098 
 -0.240764 -0.425741 0.004759 
 -0.248544 -0.410279 -0.020123 
 -0.255817 -0.399155 -0.016476 
 -0.263090 -0.388031 -0.012829 
 -0.270363 -0.376907 -0.009181 
 -0.277636 -0.365783 -0.005534 
 -0.285132 -0.351943 -0.020965 
 -0.292386 -0.340849 -0.017327 
 -0.299456 -0.332411 0.005407 
 -0.306895 -0.318659 -0.010052 
 -0.314149 -0.307564 -0.006415 
 -0.321530 -0.293900 -0.021902 
 -0.328657 -0.285375 0.000860 
 -0.336000 -0.271769 -0.014647 
 -0.343269 -0.259463 -0.020595 
 -0.350495 -0.248412 -0.016972 
 -0.357720 -0.237361 -0.013349 
 -0.364945 -0.226311 -0.009726 
 -0.372171 -0.215260 -0.006103 
 -0.379396 -0.204209 -0.002480 
 -0.386621 -0.193158 0.001143 
 -0.393847 -0.182107 0.004766 
 -0.400989 -0.168809 -0.010842 
 -0.408195 -0.157787 -0.007228 
 -0.415340 -0.145671 -0.013240 
 -0.422396 -0.132505 -0.028890 
 -0.429414 -0.119396 -0.044560 
 -0.436572 -0.108448 -0.040971 
 -0.443731 -0.097500 -0.037381 
 -0.450889 -0.086551 -0.033792 
 -0.458047 -0.075603 -0.030203 
 -0.465206 -0.064655 -0.026613 
 -0.472364 -0.053706 -0.023024 
 -0.479522 -0.042758 -0.019434 
 -0.486681 -0.031810 -0.015845 
 -0.493839 -0.020861 -0.012255 
 -0.500997 -0.009913 -0.008666 
 -0.509081 -0.003486 0.043360 
 -0.516288 0.007535 0.046973 
 -0.523494 0.018557 0.050587 
 -0.530486 0.030439 0.044499 
 -0.070746 -0.731598 0.074849 
 -0.078584 -0.718390 0.069195 
 -0.086767 -0.703433 0.054129 
 -0.094203 -0.692060 0.057858 
 -0.102329 -0.677192 0.042764 
 -0.109745 -0.665848 0.046483 
 -0.117814 -0.651068 0.031360 
 -0.125211 -0.639753 0.035069 
 -0.132916 -0.626750 0.029347 
 -0.140304 -0.615450 0.033052 
 -0.147692 -0.604150 0.036757 
 -0.155635 -0.589560 0.021571 
 -0.163004 -0.578289 0.025266 
 -0.170891 -0.563787 0.010052 
 -0.178241 -0.552546 0.013737 
 -0.185590 -0.541305 0.017423 
 -0.193170 -0.528491 0.011639 
 -0.200510 -0.517265 0.015320 
 -0.207639 -0.507581 0.028479 
 -0.215191 -0.494812 0.022681 
 -0.222531 -0.483586 0.026362 
 -0.229871 -0.472359 0.030042 
 -0.237211 -0.461133 0.033723 
 -0.244877 -0.446967 0.018399 
 -0.252505 -0.432859 0.003054 
 -0.259807 -0.421691 0.006716 
 -0.267378 -0.407671 -0.008657 
 -0.274661 -0.396533 -0.005005 
 -0.281943 -0.385394 -0.001353 
 -0.289226 -0.374256 0.002299 
 -0.296509 -0.363117 0.005951 
 -0.303792 -0.351978 0.009603 
 -0.311074 -0.340840 0.013254 
 -0.318425 -0.328378 0.007356 
 -0.325698 -0.317254 0.011003 
 -0.332971 -0.306130 0.014650 
 -0.340244 -0.295006 0.018297 
 -0.347575 -0.281352 0.002804 
 -0.354830 -0.270257 0.006441 
 -0.362103 -0.256691 -0.009080 
 -0.369338 -0.245626 -0.005452 
 -0.376573 -0.234560 -0.001824 
 -0.383808 -0.223495 0.001804 
 -0.391015 -0.211253 -0.004167 
 -0.398240 -0.200202 -0.000544 
 -0.405465 -0.189151 0.003079 
 -0.412577 -0.175834 -0.012524 
 -0.419783 -0.164812 -0.008911 
 -0.426913 -0.152687 -0.014920 
 -0.433938 -0.139501 -0.030566 
 -0.440925 -0.126375 -0.046232 
 -0.448083 -0.115426 -0.042642 
 -0.455242 -0.104478 -0.039053 
 -0.462400 -0.093530 -0.035463 
 -0.469558 -0.082581 -0.031874 
 -0.476717 -0.071633 -0.028284 
 -0.483875 -0.060685 -0.024695 
 -0.491358 -0.051681 -0.001774 
 -0.498535 -0.040703 0.001825 
 -0.505713 -0.029725 0.005425 
 -0.512890 -0.018748 0.009024 
 -0.520669 -0.010511 0.041677 
 -0.527875 0.000510 0.045291 
 -0.535082 0.011532 0.048904 
 -0.082014 -0.742507 0.091887 
 -0.090214 -0.727458 0.076849 
 -0.098027 -0.714255 0.071193 
 -0.105482 -0.702853 0.074931 
 -0.113596 -0.687936 0.059850 
 -0.121672 -0.673079 0.044751 
 -0.129089 -0.661735 0.048470 
 -0.136505 -0.650391 0.052189 
 -0.144505 -0.635651 0.037051 
 -0.151902 -0.624336 0.040761 
 -0.159572 -0.611352 0.035032 
 -0.166960 -0.600053 0.038736 
 -0.174854 -0.585473 0.023546 
 -0.182223 -0.574203 0.027241 
 -0.189592 -0.562932 0.030936 
 -0.197409 -0.548469 0.015707 
 -0.204759 -0.537228 0.019392 
 -0.212108 -0.525987 0.023078 
 -0.219458 -0.514746 0.026763 
 -0.226994 -0.501967 0.020967 
 -0.234158 -0.492264 0.034134 
 -0.241507 -0.481023 0.037819 
 -0.248857 -0.469782 0.041505 
 -0.256355 -0.457062 0.035690 
 -0.263695 -0.445835 0.039371 
 -0.271549 -0.428809 0.005011 
 -0.278851 -0.417641 0.008672 
 -0.286372 -0.403632 -0.006705 
 -0.293655 -0.392494 -0.003053 
 -0.300937 -0.381355 0.000599 
 -0.308220 -0.370217 0.004250 
 -0.315503 -0.359078 0.007902 
 -0.322785 -0.347939 0.011554 
 -0.330068 -0.336801 0.015206 
 -0.337351 -0.325662 0.018858 
 -0.344634 -0.314524 0.022510 
 -0.351916 -0.303385 0.026161 
 -0.359213 -0.290972 0.020246 
 -0.366486 -0.279848 0.023893 
 -0.373759 -0.268724 0.027540 
 -0.381032 -0.257600 0.031187 
 -0.388305 -0.246476 0.034834 
 -0.395579 -0.235352 0.038481 
 -0.402852 -0.224228 0.042128 
 -0.410125 -0.213104 0.045775 
 -0.417398 -0.201980 0.049422 
 -0.424526 -0.188571 0.033847 
 -0.431617 -0.175221 0.018254 
 -0.438760 -0.163042 0.012261 
 -0.445783 -0.149794 -0.003366 
 -0.452657 -0.135521 -0.028643 
 -0.459835 -0.124543 -0.025044 
 -0.467012 -0.113566 -0.021445 
 -0.473911 -0.100508 -0.037135 
 -0.481069 -0.089559 -0.033545 
 -0.488545 -0.080633 -0.010647 
 -0.495722 -0.069655 -0.007048 
 -0.502899 -0.058678 -0.003449 
 -0.510077 -0.047700 0.000150 
 -0.517254 -0.036722 0.003749 
 -0.102217 -0.734735 0.075106 
 -0.109682 -0.723319 0.078849 
 -0.117146 -0.711902 0.082592 
 -0.125553 -0.695185 0.058114 
 -0.132989 -0.683813 0.061843 
 -0.140425 -0.672440 0.065571 
 -0.147861 -0.661067 0.069300 
 -0.156400 -0.642862 0.035324 
 -0.163798 -0.631548 0.039034 
 -0.171195 -0.620234 0.042743 
 -0.178593 -0.608919 0.046453 
 -0.186228 -0.595955 0.040716 
 -0.193616 -0.584656 0.044421 
 -0.201004 -0.573356 0.048125 
 -0.208810 -0.558846 0.032911 
 -0.216179 -0.547575 0.036606 
 -0.223927 -0.533152 0.021362 
 -0.231277 -0.521911 0.025047 
 -0.238627 -0.510670 0.028733 
 -0.245976 -0.499429 0.032418 
 -0.253326 -0.488188 0.036103 
 -0.260676 -0.476947 0.039789 
 -0.268026 -0.465706 0.043474 
 -0.275498 -0.452991 0.037657 
 -0.283065 -0.438846 0.022322 
 -0.290593 -0.424760 0.006968 
 -0.297895 -0.413592 0.010629 
 -0.305197 -0.402424 0.014290 
 -0.312648 -0.388455 -0.001102 
 -0.319931 -0.377316 0.002550 
 -0.327214 -0.366177 0.006202 
 -0.334496 -0.355039 0.009854 
 -0.341779 -0.343900 0.013506 
 -0.349062 -0.332762 0.017157 
 -0.356345 -0.321623 0.020809 
 -0.363627 -0.310484 0.024461 
 -0.370910 -0.299346 0.028113 
 -0.378193 -0.288207 0.031765 
 -0.385476 -0.277069 0.035417 
 -0.392758 -0.265930 0.039068 
 -0.400041 -0.254791 0.042720 
 -0.407324 -0.243653 0.046372 
 -0.414606 -0.232514 0.050024 
 -0.421889 -0.221376 0.053676 
 -0.429094 -0.209071 0.047724 
 -0.436367 -0.197947 0.051371 
 -0.443640 -0.186823 0.055018 
 -0.450486 -0.171208 0.020192 
 -0.457720 -0.160143 0.023820 
 -0.464955 -0.149078 0.027448 
 -0.472190 -0.138012 0.031076 
 -0.478554 -0.120563 -0.023120 
 -0.485422 -0.107486 -0.038806 
 -0.492580 -0.096538 -0.035216 
 -0.500086 -0.087630 -0.012323 
 -0.507264 -0.076652 -0.008724 
 -0.121049 -0.734206 0.095897 
 -0.128533 -0.722760 0.099650 
 -0.136913 -0.705986 0.075188 
 -0.144946 -0.691061 0.060107 
 -0.151543 -0.684929 0.092079 
 -0.159818 -0.668316 0.067564 
 -0.168296 -0.650074 0.033597 
 -0.175694 -0.638759 0.037307 
 -0.183091 -0.627445 0.041016 
 -0.190489 -0.616131 0.044725 
 -0.198108 -0.603158 0.038991 
 -0.205496 -0.591858 0.042696 
 -0.213291 -0.577299 0.027495 
 -0.220659 -0.566029 0.031190 
 -0.228028 -0.554759 0.034885 
 -0.235746 -0.540317 0.019646 
 -0.243096 -0.529076 0.023331 
 -0.250445 -0.517835 0.027017 
 -0.257795 -0.506594 0.030702 
 -0.265145 -0.495353 0.034387 
 -0.272495 -0.484112 0.038073 
 -0.279844 -0.472871 0.041758 
 -0.287194 -0.461630 0.045444 
 -0.294837 -0.445983 0.020613 
 -0.302335 -0.431878 0.005263 
 -0.309636 -0.420710 0.008924 
 -0.316938 -0.409542 0.012586 
 -0.324240 -0.398374 0.016247 
 -0.331542 -0.387206 0.019909 
 -0.338844 -0.376038 0.023570 
 -0.346146 -0.364871 0.027231 
 -0.353448 -0.353703 0.030893 
 -0.360773 -0.339861 0.015457 
 -0.368056 -0.328723 0.019109 
 -0.375353 -0.320199 0.041877 
 -0.382621 -0.306445 0.026413 
 -0.389957 -0.297863 0.049200 
 -0.397259 -0.286695 0.052861 
 -0.404561 -0.275528 0.056523 
 -0.411863 -0.264360 0.060184 
 -0.419165 -0.253192 0.063846 
 -0.426466 -0.242024 0.067507 
 -0.433600 -0.228475 0.051975 
 -0.440883 -0.217337 0.055627 
 -0.448166 -0.206198 0.059279 
 -0.455336 -0.193913 0.053320 
 -0.463465 -0.190712 0.124278 
 -0.470805 -0.179486 0.127959 
 -0.476589 -0.156130 0.025759 
 -0.483824 -0.145065 0.029387 
 -0.133083 -0.741501 0.094150 
 -0.140567 -0.730055 0.097903 
 -0.148618 -0.715039 0.082850 
 -0.155535 -0.707163 0.105408 
 -0.162490 -0.699229 0.127985 
 -0.170502 -0.684271 0.112913 
 -0.178476 -0.669372 0.097822 
 -0.185940 -0.657955 0.101565 
 -0.193405 -0.646538 0.105308 
 -0.202384 -0.623342 0.042998 
 -0.210402 -0.607024 0.018385 
 -0.217771 -0.595753 0.022080 
 -0.225515 -0.581205 0.006873 
 -0.232865 -0.569964 0.010559 
 -0.240215 -0.558723 0.014244 
 -0.247565 -0.547482 0.017930 
 -0.255064 -0.534660 0.012146 
 -0.262264 -0.525000 0.025301 
 -0.269614 -0.513759 0.028986 
 -0.276722 -0.505590 0.051640 
 -0.284091 -0.494320 0.055335 
 -0.291460 -0.483050 0.059030 
 -0.298829 -0.471779 0.062725 
 -0.306362 -0.457553 0.047413 
 -0.313785 -0.444849 0.041591 
 -0.321252 -0.430725 0.026246 
 -0.328573 -0.419528 0.029917 
 -0.335982 -0.405492 0.014542 
 -0.343284 -0.394325 0.018204 
 -0.350586 -0.383157 0.021865 
 -0.357888 -0.371989 0.025527 
 -0.365190 -0.360821 0.029188 
 -0.372491 -0.349653 0.032849 
 -0.379793 -0.338485 0.036511 
 -0.387095 -0.327317 0.040172 
 -0.394397 -0.316149 0.043834 
 -0.401699 -0.304981 0.047495 
 -0.409104 -0.296360 0.070298 
 -0.416425 -0.285162 0.073969 
 -0.423746 -0.273965 0.077640 
 -0.431067 -0.262768 0.081311 
 -0.438388 -0.251571 0.084982 
 -0.445510 -0.237974 0.069464 
 -0.453248 -0.231547 0.111523 
 -0.460351 -0.217980 0.095995 
 -0.467672 -0.206782 0.099666 
 -0.475268 -0.197868 0.122564 
 -0.482608 -0.186641 0.126245 
 -0.152046 -0.740969 0.114946 
 -0.160085 -0.725905 0.099908 
 -0.167052 -0.718019 0.122471 
 -0.174057 -0.710074 0.145052 
 -0.181579 -0.698569 0.148824 
 -0.189101 -0.687065 0.152596 
 -0.197944 -0.665232 0.099822 
 -0.205408 -0.653815 0.103565 
 -0.222252 -0.614207 0.016664 
 -0.229621 -0.602937 0.020359 
 -0.237334 -0.588370 0.005157 
 -0.244847 -0.575495 -0.000610 
 -0.252187 -0.564269 0.003071 
 -0.259527 -0.553042 0.006751 
 -0.266867 -0.541816 0.010432 
 -0.274207 -0.530590 0.014112 
 -0.288361 -0.515865 0.068883 
 -0.295749 -0.504566 0.072588 
 -0.303137 -0.493266 0.076292 
 -0.310525 -0.481967 0.079997 
 -0.318047 -0.467693 0.064700 
 -0.325531 -0.453477 0.049383 
 -0.332881 -0.442236 0.053068 
 -0.340269 -0.429552 0.047238 
 -0.347666 -0.415468 0.031878 
 -0.354987 -0.404271 0.035549 
 -0.362328 -0.390275 0.020160 
 -0.369629 -0.379107 0.023822 
 -0.376931 -0.367939 0.027483 
 -0.384233 -0.356771 0.031145 
 -0.391535 -0.345603 0.034806 
 -0.398913 -0.337088 0.057576 
 -0.406139 -0.323268 0.042129 
 -0.413555 -0.314694 0.064918 
 -0.420876 -0.303496 0.068589 
 -0.428197 -0.292299 0.072260 
 -0.435518 -0.281102 0.075931 
 -0.442839 -0.269905 0.079602 
 -0.450160 -0.258708 0.083273 
 -0.457481 -0.247511 0.086944 
 -0.465051 -0.238702 0.109809 
 -0.472391 -0.227476 0.113489 
 -0.479445 -0.213919 0.097957 
 -0.178145 -0.732490 0.158331 
 -0.185452 -0.722731 0.171519 
 -0.192555 -0.714702 0.194130 
 -0.200125 -0.703124 0.197926 
 -0.207695 -0.691547 0.201722 
 -0.249153 -0.595535 0.003441 
 -0.315017 -0.500468 0.074567 
 -0.322405 -0.489169 0.078272 
 -0.418133 -0.335669 0.078650 
 -0.425474 -0.324443 0.082331 
 -0.432814 -0.313217 0.086011 
 -0.440154 -0.301990 0.089692 
 -0.447595 -0.292026 0.102948 
 -0.454834 -0.279537 0.097053 
 -0.462295 -0.269544 0.110319 
 -0.469645 -0.258303 0.114004 
 -0.476994 -0.247062 0.117690 
 -0.484344 -0.235821 0.121375 
 -0.203477 -0.732698 0.248825 
 -0.211104 -0.721032 0.252649 
 -0.218731 -0.709367 0.256474 
 -0.437365 -0.332914 0.090176 
 -0.444715 -0.321673 0.093861 
 -0.452065 -0.310432 0.097547 
 -0.459648 -0.301734 0.120379 
 -0.466764 -0.287950 0.104918 
 -0.474114 -0.276709 0.108603 
 -0.481463 -0.265468 0.112288 
 -0.488813 -0.254227 0.115974 
 -0.496163 -0.242985 0.119659 
 -0.223369 -0.728467 0.250869 
 