0.002205716 -0.019851429 0.77200001
0.00073523988 -0.019851429 0.77200001
-0.00073618878 -0.019877143 0.77300006
-0.0022085698 -0.019877143 0.77300006
-0.0036523794 -0.019722858 0.76700002
-0.0051133316 -0.019722858 0.76700002
0.0080457162 -0.021211429 0.76800001
0.0066000023 -0.021266667 0.77000004
0.0051333355 -0.021266667 0.77000004
0.003657145 -0.021211429 0.76800001
0.0022057162 -0.021321906 0.77200001
0.00073524 -0.021321906 0.77200001
-0.00073523627 -0.021321906 0.77200001
-0.002194284 -0.021211429 0.76800001
-0.0036523791 -0.021183811 0.76700002
-0.0051133316 -0.021183811 0.76700002
-0.0065742843 -0.021183811 0.76700002
0.012434288 -0.022674285 0.76800001
0.010928574 -0.022585712 0.76500005
0.0095085735 -0.022674287 0.76800001
0.0080457162 -0.022674287 0.76800001
0.0066000023 -0.022733334 0.77000004
0.0051333355 -0.022733334 0.77000004
0.0036571452 -0.022674287 0.76800001
0.0022000021 -0.022733334 0.77000004
0.00073333533 -0.022733334 0.77000004
-0.00073333137 -0.022733334 0.77000004
-0.0021942838 -0.022674287 0.76800001
-0.0036428554 -0.022585714 0.76500005
-0.0050999983 -0.022585714 0.76500005
-0.0065571414 -0.022585714 0.76500005
0.013897145 -0.024137141 0.76800001
0.012434288 -0.024137141 0.76800001
0.010928574 -0.024042856 0.76500005
0.0095085735 -0.024137143 0.76800001
0.0080457162 -0.024137143 0.76800001
0.0066000028 -0.024200002 0.77000004
0.0051333359 -0.024200002 0.77000004
0.0036571452 -0.024137143 0.76800001
0.002194288 -0.024137143 0.76800001
0.00073143071 -0.024137143 0.76800001
-0.00073047413 -0.024105715 0.76700002
-0.0021942838 -0.024137143 0.76800001
-0.0036523789 -0.024105715 0.76700002
-0.0051133311 -0.024105715 0.76700002
-0.0065742838 -0.024105715 0.76700002
0.013897145 -0.025599999 0.76800001
0.012434288 -0.025599999 0.76800001
0.010957145 -0.025566665 0.76700002
0.0095085735 -0.025600001 0.76800001
0.0080666691 -0.025666667 0.77000004
0.0066000028 -0.025666667 0.77000004
0.0051333359 -0.025666667 0.77000004
0.0036571454 -0.025600001 0.76800001
0.0021942882 -0.025600001 0.76800001
0.00073143083 -0.025600001 0.76800001
-0.00073047401 -0.025566667 0.76700002
-0.0021942835 -0.025600001 0.76800001
-0.0036523787 -0.025566667 0.76700002
-0.0051133311 -0.025566667 0.76700002
-0.0065742838 -0.025566667 0.76700002
0.012418099 -0.027027618 0.76700002
0.010928575 -0.026957141 0.76500005
0.0095085744 -0.027062858 0.76800001
0.0080457171 -0.027062858 0.76800001
0.0066000028 -0.027133334 0.77000004
0.0051333359 -0.027133334 0.77000004
0.0036571454 -0.027062858 0.76800001
0.0021942882 -0.027062858 0.76800001
0.00073333574 -0.027133334 0.77000004
-0.00073142623 -0.027062858 0.76800001
-0.0021942835 -0.027062858 0.76800001
-0.0036571408 -0.027062858 0.76800001
-0.005119998 -0.027062858 0.76800001
0.022674289 -0.028525714 0.76800001
0.02121143 -0.028525714 0.76800001
0.019748574 -0.028525714 0.76800001
0.018285716 -0.028525714 0.76800001
0.01682286 -0.028525714 0.76800001
0.015360003 -0.028525714 0.76800001
0.013933336 -0.0286 0.77000004
0.01246667 -0.0286 0.77000004
0.010957146 -0.028488571 0.76700002
0.0095333364 -0.028600002 0.77000004
0.00806667 -0.028600002 0.77000004
0.0066000028 -0.028600002 0.77000004
0.0051333359 -0.028600002 0.77000004
0.0036571457 -0.028525716 0.76800001
0.0021942884 -0.028525716 0.76800001
0.00073333585 -0.028600002 0.77000004
-0.00073142612 -0.028525716 0.76800001
-0.0021942833 -0.028525716 0.76800001
-0.0036571405 -0.028525716 0.76800001
-0.005119998 -0.028525716 0.76800001
0.024200004 -0.030066665 0.77000004
0.022733336 -0.030066665 0.77000004
0.021266669 -0.030066665 0.77000004
0.019748574 -0.02998857 0.76800001
0.018285716 -0.02998857 0.76800001
0.01682286 -0.02998857 0.76800001
0.015360003 -0.02998857 0.76800001
0.013933336 -0.030066665 0.77000004
0.01246667 -0.030066665 0.77000004
0.010971432 -0.02998857 0.76800001
0.0095333364 -0.030066667 0.77000004
0.00806667 -0.030066667 0.77000004
0.0066000032 -0.030066667 0.77000004
0.0051333364 -0.030066667 0.77000004
0.0036666694 -0.030066667 0.77000004
0.0022000025 -0.030066667 0.77000004
0.00073333597 -0.030066667 0.77000004
-0.000731426 -0.029988572 0.76800001
-0.0021942833 -0.029988572 0.76800001
-0.0036571405 -0.029988572 0.76800001
0.025733337 -0.031615235 0.77200001
0.024200004 -0.031533331 0.77000004
0.022674289 -0.031451426 0.76800001
0.021266669 -0.031533334 0.77000004
0.019748574 -0.03145143 0.76800001
0.018261908 -0.031410478 0.76700002
0.016800955 -0.031410478 0.76700002
0.015400004 -0.031533334 0.77000004
0.013879051 -0.031410478 0.76700002
0.012418099 -0.031410478 0.76700002
0.011000003 -0.031533334 0.77000004
0.0095333364 -0.031533334 0.77000004
0.00806667 -0.031533334 0.77000004
0.0066000032 -0.031533334 0.77000004
0.0051333364 -0.031533334 0.77000004
0.0036666696 -0.031533334 0.77000004
0.0022000028 -0.031533334 0.77000004
0.00073524087 -0.031615239 0.77200001
-0.00073333061 -0.031533334 0.77000004
-0.0021999972 -0.031533334 0.77000004
-0.0036571403 -0.03145143 0.76800001
0.030340005 -0.033299997 0.77700001
0.028860005 -0.033299997 0.77700001
0.027133338 -0.032999996 0.77000004
0.025666671 -0.032999996 0.77000004
0.024137147 -0.032914285 0.76800001
0.02267429 -0.032914285 0.76800001
0.021211432 -0.032914288 0.76800001
0.019722862 -0.032871429 0.76700002
0.018214291 -0.032785714 0.76500005
0.016757147 -0.032785714 0.76500005
0.015260004 -0.032700002 0.76300001
0.01384286 -0.032785714 0.76500005
0.012418099 -0.032871429 0.76700002
0.010957146 -0.032871429 0.76700002
0.0095085744 -0.032914288 0.76800001
0.00806667 -0.033 0.77000004
0.0066000032 -0.033 0.77000004
0.0051333364 -0.033 0.77000004
0.0036666696 -0.033 0.77000004
0.0022000028 -0.033 0.77000004
0.00073524105 -0.033085715 0.77200001
-0.00073333044 -0.033 0.77000004
-0.0021999972 -0.033 0.77000004
0.031615242 -0.034556188 0.77200001
0.030183814 -0.034600951 0.77300006
0.02867429 -0.034556188 0.77200001
0.027133338 -0.034466665 0.77000004
0.025666671 -0.034466665 0.77000004
0.024137147 -0.034377139 0.76800001
0.022644766 -0.03433238 0.76700002
0.021183815 -0.034332383 0.76700002
0.019671433 -0.034242857 0.76500005
0.018214291 -0.034242857 0.76500005
0.016713338 -0.034153335 0.76300001
0.015260004 -0.034153335 0.76300001
0.01384286 -0.034242857 0.76500005
0.012418099 -0.034332383 0.76700002
0.010957146 -0.034332383 0.76700002
0.0095085744 -0.034377143 0.76800001
0.0080457171 -0.034377143 0.76800001
0.0065828604 -0.034377143 0.76800001
0.0051333364 -0.034466669 0.77000004
0.0036666698 -0.034466669 0.77000004
0.002200003 -0.034466669 0.77000004
0.035933338 -0.035933331 0.77000004
0.034466673 -0.035933331 0.77000004
0.033085719 -0.036026664 0.77200001
0.031615242 -0.036026664 0.77200001
0.030144766 -0.036026664 0.77200001
0.02867429 -0.036026664 0.77200001
0.027133338 -0.035933331 0.77000004
0.025666671 -0.035933331 0.77000004
0.024105718 -0.035793331 0.76700002
0.022644766 -0.035793331 0.76700002
0.021128576 -0.035700001 0.76500005
0.019620005 -0.035606667 0.76300001
0.018166671 -0.035606667 0.76300001
0.016713338 -0.035606667 0.76300001
0.015260004 -0.035606667 0.76300001
0.01384286 -0.035700001 0.76500005
0.012418099 -0.035793334 0.76700002
0.010957146 -0.035793334 0.76700002
0.0094961934 -0.035793334 0.76700002
0.0080352416 -0.035793334 0.76700002
0.0065828608 -0.035840001 0.76800001
0.040228575 -0.037302855 0.76800001
0.038866673 -0.037399996 0.77000004
0.037400004 -0.037399996 0.77000004
0.035933338 -0.037399996 0.77000004
0.034466673 -0.037399996 0.77000004
0.033085719 -0.03749714 0.77200001
0.031533338 -0.037399996 0.77000004
0.030144766 -0.03749714 0.77200001
0.02867429 -0.03749714 0.77200001
0.027133338 -0.037399996 0.77000004
0.025666671 -0.037399996 0.77000004
0.024105718 -0.037254285 0.76700002
0.022585718 -0.037157141 0.76500005
0.021073338 -0.03706 0.76300001
0.019620005 -0.03706 0.76300001
0.018166671 -0.03706 0.76300001
0.016713338 -0.03706 0.76300001
0.015260004 -0.03706 0.76300001
0.01384286 -0.037157144 0.76500005
0.012418099 -0.037254289 0.76700002
0.010957146 -0.037254289 0.76700002
0.0094961934 -0.037254289 0.76700002
0.0080352416 -0.037254289 0.76700002
0.040333338 -0.038866665 0.77000004
0.038866673 -0.038866665 0.77000004
0.037400004 -0.038866665 0.77000004
0.035840005 -0.038765714 0.76800001
0.034466673 -0.038866665 0.77000004
0.033000004 -0.038866665 0.77000004
0.031533338 -0.038866665 0.77000004
0.030066671 -0.038866665 0.77000004
0.028600005 -0.038866665 0.77000004
0.027062861 -0.038765714 0.76800001
0.025600005 -0.038765714 0.76800001
0.024042862 -0.038614284 0.76500005
0.022526672 -0.038513333 0.76300001
0.021018099 -0.038412381 0.76100004
0.019568576 -0.038412381 0.76100004
0.018119052 -0.038412381 0.76100004
0.016669529 -0.038412381 0.76100004
0.015220004 -0.038412381 0.76100004
0.013806671 -0.038513336 0.76300001
0.012385719 -0.038614288 0.76500005
0.010928576 -0.038614288 0.76500005
0.0094714323 -0.038614288 0.76500005
0.041800003 -0.040333331 0.77000004
0.040333338 -0.040333331 0.77000004
0.038866673 -0.040333331 0.77000004
0.037400004 -0.040333331 0.77000004
0.035933338 -0.040333331 0.77000004
0.034466673 -0.040333331 0.77000004
0.033000004 -0.040333331 0.77000004
0.031533338 -0.040333331 0.77000004
0.030066671 -0.040333331 0.77000004
0.028600005 -0.040333331 0.77000004
0.027062861 -0.040228568 0.76800001
0.025600005 -0.040228568 0.76800001
0.023980005 -0.039966665 0.76300001
0.022526672 -0.039966665 0.76300001
0.021018099 -0.039861906 0.76100004
0.019568576 -0.039861906 0.76100004
0.018119052 -0.039861906 0.76100004
0.016669529 -0.039861906 0.76100004
0.015220004 -0.039861906 0.76100004
0.013806671 -0.039966669 0.76300001
0.012385719 -0.040071432 0.76500005
0.010928576 -0.040071432 0.76500005
0.0094714323 -0.040071432 0.76500005
0.04484953 -0.04190857 0.77200001
0.043379053 -0.04190857 0.77200001
0.041908577 -0.04190857 0.77200001
0.040438101 -0.04190857 0.77200001
0.038967624 -0.04190857 0.77200001
0.037400004 -0.041799996 0.77000004
0.035933338 -0.041799996 0.77000004
0.034466673 -0.041799996 0.77000004
0.033000004 -0.041799996 0.77000004
0.031533338 -0.041799996 0.77000004
0.030066671 -0.041799996 0.77000004
0.028525719 -0.041691426 0.76800001
0.027062861 -0.041691426 0.76800001
0.025500005 -0.041528568 0.76500005
0.023980005 -0.041419998 0.76300001
0.022526672 -0.041419998 0.76300001
0.021018099 -0.041311432 0.76100004
0.019568576 -0.041311432 0.76100004
0.018119052 -0.041311432 0.76100004
0.016669529 -0.041311432 0.76100004
0.015220004 -0.041311432 0.76100004
0.013806671 -0.041420002 0.76300001
0.012353337 -0.041420002 0.76300001
0.010900004 -0.041420002 0.76300001
0.0094466703 -0.041420002 0.76300001
0.04484953 -0.043379046 0.77200001
0.043379053 -0.043379046 0.77200001
0.041908577 -0.043379046 0.77200001
0.040438101 -0.043379046 0.77200001
0.038967624 -0.043379046 0.77200001
0.037400004 -0.043266665 0.77000004
0.035933338 -0.043266665 0.77000004
0.034466673 -0.043266665 0.77000004
0.033000004 -0.043266665 0.77000004
0.031451434 -0.043154284 0.76800001
0.029988576 -0.043154284 0.76800001
0.028488576 -0.043098092 0.76700002
0.026957147 -0.042985711 0.76500005
0.025500005 -0.042985711 0.76500005
0.023980005 -0.04287333 0.76300001
0.022467624 -0.04276095 0.76100004
0.021018099 -0.042760953 0.76100004
0.019568576 -0.042760953 0.76100004
0.018119052 -0.042760953 0.76100004
0.016669529 -0.042760953 0.76100004
0.015220004 -0.042760953 0.76100004
0.013806671 -0.042873334 0.76300001
0.012353337 -0.042873334 0.76300001
0.010928576 -0.042985715 0.76500005
0.0094714323 -0.042985715 0.76500005
0.047666673 -0.044733331 0.77000004
0.046200007 -0.044733331 0.77000004
0.044733338 -0.044733331 0.77000004
0.043266673 -0.044733331 0.77000004
0.041908577 -0.044849522 0.77200001
0.040333338 -0.044733331 0.77000004
0.038866673 -0.044733331 0.77000004
0.037400004 -0.044733331 0.77000004
0.035933338 -0.044733331 0.77000004
0.034466673 -0.044733331 0.77000004
0.032914292 -0.044617143 0.76800001
0.031451434 -0.044617143 0.76800001
0.029949529 -0.044559047 0.76700002
0.02841429 -0.044442855 0.76500005
0.026957147 -0.044442855 0.76500005
0.025433337 -0.044326663 0.76300001
0.023980005 -0.044326663 0.76300001
0.022467624 -0.044210475 0.76100004
0.021018099 -0.044210479 0.76100004
0.019568576 -0.044210479 0.76100004
0.018119052 -0.044210479 0.76100004
0.016669529 -0.044210479 0.76100004
0.015220004 -0.044210479 0.76100004
0.013842861 -0.044442859 0.76500005
0.012385719 -0.044442859 0.76500005
0.010928576 -0.044442859 0.76500005
0.0094714323 -0.044442859 0.76500005
0.056980006 -0.046619996 0.77700001
0.055500004 -0.046619996 0.77700001
0.054020006 -0.046619996 0.77700001
0.052540004 -0.046619996 0.77700001
0.050928578 -0.046499997 0.77500004
0.049324766 -0.046379998 0.77300006
0.047790483 -0.046319999 0.77200001
0.046320006 -0.046319999 0.77200001
0.044733338 -0.0462 0.77000004
0.043379053 -0.046319999 0.77200001
0.041908577 -0.046319999 0.77200001
0.040438101 -0.046319999 0.77200001
0.038967624 -0.046319999 0.77200001
0.037497148 -0.046319999 0.77200001
0.035933338 -0.0462 0.77000004
0.034466673 -0.0462 0.77000004
0.032914292 -0.046079997 0.76800001
0.031451434 -0.046079997 0.76800001
0.029949529 -0.046019997 0.76700002
0.02841429 -0.045899998 0.76500005
0.026886672 -0.045779999 0.76300001
0.025433337 -0.045779999 0.76300001
0.023980005 -0.045779999 0.76300001
0.022467624 -0.045659997 0.76100004
0.021018099 -0.04566 0.76100004
0.019568576 -0.04566 0.76100004
0.018119052 -0.04566 0.76100004
0.016669529 -0.04566 0.76100004
0.015260004 -0.045780003 0.76300001
0.013842861 -0.045900002 0.76500005
0.012385719 -0.045900002 0.76500005
0.010928576 -0.045900002 0.76500005
0.0094714323 -0.045900002 0.76500005
0.05861048 -0.048223808 0.77900004
0.056980006 -0.048099998 0.77700001
0.055500004 -0.048099998 0.77700001
0.054020006 -0.048099998 0.77700001
0.052404769 -0.047976188 0.77500004
0.050928578 -0.047976188 0.77500004
0.049452387 -0.047976188 0.77500004
0.047790483 -0.047790475 0.77200001
0.046320006 -0.047790475 0.77200001
0.044733338 -0.047666665 0.77000004
0.043435242 -0.047852378 0.77300006
0.041962862 -0.047852378 0.77300006
0.040490482 -0.047852378 0.77300006
0.039018102 -0.047852378 0.77300006
0.037497148 -0.047790475 0.77200001
0.035933338 -0.047666665 0.77000004
0.034466673 -0.047666665 0.77000004
0.032914292 -0.047542855 0.76800001
0.031410482 -0.047480952 0.76700002
0.029871434 -0.047357142 0.76500005
0.02841429 -0.047357142 0.76500005
0.026957147 -0.047357142 0.76500005
0.025433337 -0.047233332 0.76300001
0.023980005 -0.047233332 0.76300001
0.022526672 -0.047233332 0.76300001
0.021018099 -0.047109526 0.76100004
0.019568576 -0.047109526 0.76100004
0.018119052 -0.047109526 0.76100004
0.016713338 -0.047233336 0.76300001
0.015260004 -0.047233336 0.76300001
0.013842861 -0.047357146 0.76500005
0.012385719 -0.047357146 0.76500005
0.010928576 -0.047357146 0.76500005
0.085000008 -0.047857136 0.75000006
0.08334858 -0.047729518 0.74800003
0.08192382 -0.047729518 0.74800003
0.059940007 -0.049579997 0.77700001
0.058460005 -0.049579997 0.77700001
0.056980006 -0.049579997 0.77700001
0.055500004 -0.049579997 0.77700001
0.05388096 -0.049452379 0.77500004
0.052404769 -0.049452379 0.77500004
0.05079715 -0.049324758 0.77300006
0.049324766 -0.049324758 0.77300006
0.047790483 -0.049260952 0.77200001
0.046320006 -0.049260952 0.77200001
0.044733338 -0.049133331 0.77000004
0.043379053 -0.049260952 0.77200001
0.041962862 -0.049324758 0.77300006
0.040490482 -0.049324758 0.77300006
0.039018102 -0.049324758 0.77300006
0.037545718 -0.049324758 0.77300006
0.035933338 -0.049133331 0.77000004
0.034556195 -0.049260952 0.77200001
0.032914292 -0.049005713 0.76800001
0.031410482 -0.048941903 0.76700002
0.029871434 -0.048814286 0.76500005
0.028340004 -0.048686665 0.76300001
0.026886672 -0.048686665 0.76300001
0.025433337 -0.048686665 0.76300001
0.023980005 -0.048686665 0.76300001
0.022526672 -0.048686665 0.76300001
0.021018099 -0.048559051 0.76100004
0.019568576 -0.048559051 0.76100004
0.018166671 -0.048686668 0.76300001
0.016713338 -0.048686668 0.76300001
0.015260005 -0.048686668 0.76300001
0.013842862 -0.048814289 0.76500005
0.012385719 -0.048814289 0.76500005
0.010928577 -0.048814289 0.76500005
0.085226677 -0.049417138 0.75200003
0.083794296 -0.049417138 0.75200003
0.08192382 -0.049154282 0.74800003
0.063061915 -0.051191427 0.77900004
0.061578102 -0.051191427 0.77900004
0.059940007 -0.051059999 0.77700001
0.058309529 -0.05092857 0.77500004
0.056833338 -0.05092857 0.77500004
0.055357147 -0.05092857 0.77500004
0.05388096 -0.05092857 0.77500004
0.05226953 -0.050797142 0.77300006
0.05079715 -0.050797142 0.77300006
0.049324766 -0.050797142 0.77300006
0.047790483 -0.050731428 0.77200001
0.046320006 -0.050731428 0.77200001
0.044733338 -0.0506 0.77000004
0.043379053 -0.050731428 0.77200001
0.041962862 -0.050797142 0.77300006
0.040490482 -0.050797142 0.77300006
0.039018102 -0.050797142 0.77300006
0.037545718 -0.050797142 0.77300006
0.035933338 -0.0506 0.77000004
0.034466673 -0.0506 0.77000004
0.032914292 -0.050468568 0.76800001
0.031410482 -0.050402854 0.76700002
0.029871434 -0.050271425 0.76500005
0.02841429 -0.050271425 0.76500005
0.026886672 -0.050139997 0.76300001
0.025433337 -0.050139997 0.76300001
0.023980005 -0.050139997 0.76300001
0.022526672 -0.050139997 0.76300001
0.021073338 -0.050140001 0.76300001
0.019620005 -0.050140001 0.76300001
0.018166671 -0.050140001 0.76300001
0.016713338 -0.050140001 0.76300001
0.015260005 -0.050140001 0.76300001
0.013842862 -0.050271429 0.76500005
0.012385719 -0.050271429 0.76500005
0.010928577 -0.050271429 0.76500005
0.098248586 -0.050917137 0.75300002
0.096814297 -0.050917137 0.75300002
0.087350488 -0.051255234 0.75800002
0.085680008 -0.051119994 0.75600004
0.084128581 -0.051052377 0.75500005
0.082690485 -0.051052377 0.75500005
0.073731437 -0.052878089 0.78200006
0.072241917 -0.052878089 0.78200006
0.07075239 -0.052878089 0.78200006
0.069440007 -0.053013328 0.78400004
0.067773342 -0.052878089 0.78200006
0.066283822 -0.052878089 0.78200006
0.064628579 -0.05274285 0.78000003
0.062900007 -0.052539997 0.77700001
0.061420005 -0.052539997 0.77700001
0.059940007 -0.052539997 0.77700001
0.058309529 -0.052404761 0.77500004
0.056833338 -0.052404761 0.77500004
0.055357147 -0.052404761 0.77500004
0.05388096 -0.052404761 0.77500004
0.05226953 -0.052269522 0.77300006
0.05079715 -0.052269522 0.77300006
0.049324766 -0.052269522 0.77300006
0.047790483 -0.052201904 0.77200001
0.046320006 -0.052201904 0.77200001
0.044733338 -0.052066665 0.77000004
0.043379053 -0.052201904 0.77200001
0.041908577 -0.052201904 0.77200001
0.040490482 -0.052269522 0.77300006
0.038967624 -0.052201904 0.77200001
0.037497148 -0.052201904 0.77200001
0.035933338 -0.052066665 0.77000004
0.034466673 -0.052066665 0.77000004
0.032914292 -0.051931426 0.76800001
0.031410482 -0.051863808 0.76700002
0.029871434 -0.051728569 0.76500005
0.02841429 -0.051728569 0.76500005
0.026957147 -0.051728569 0.76500005
0.025433337 -0.05159333 0.76300001
0.023980005 -0.05159333 0.76300001
0.022526672 -0.05159333 0.76300001
0.021073338 -0.051593333 0.76300001
0.019620005 -0.051593333 0.76300001
0.018166671 -0.051593333 0.76300001
0.016713338 -0.051593333 0.76300001
0.015260005 -0.051593333 0.76300001
0.013842862 -0.051728573 0.76500005
0.012385719 -0.051728573 0.76500005
0.12686667 -0.053533323 0.77000004
0.12540001 -0.053533323 0.77000004
0.10138573 -0.052490469 0.75500005
0.099682868 -0.052351423 0.75300002
0.098248586 -0.052351423 0.75300002
0.096814297 -0.052351423 0.75300002
0.087350488 -0.052699041 0.75800002
0.085566677 -0.052490469 0.75500005
0.084128581 -0.052490469 0.75500005
0.082800008 -0.052559994 0.75600004
0.081360012 -0.052559994 0.75600004
0.073731437 -0.054367613 0.78200006
0.07205715 -0.054228567 0.78000003
0.07075239 -0.054367613 0.78200006
0.06926287 -0.054367613 0.78200006
0.067600012 -0.054228567 0.78000003
0.066029534 -0.054159041 0.77900004
0.064545721 -0.054159041 0.77900004
0.062900007 -0.054019999 0.77700001
0.061420005 -0.054019999 0.77700001
0.05978572 -0.053880952 0.77500004
0.058309529 -0.053880952 0.77500004
0.056833338 -0.053880952 0.77500004
0.055357147 -0.053880952 0.77500004
0.05388096 -0.053880952 0.77500004
0.052404769 -0.053880952 0.77500004
0.05079715 -0.053741902 0.77300006
0.049324766 -0.053741902 0.77300006
0.047666673 -0.053533331 0.77000004
0.046320006 -0.053672381 0.77200001
0.044733338 -0.053533331 0.77000004
0.043379053 -0.053672381 0.77200001
0.041800003 -0.053533331 0.77000004
0.040438101 -0.053672381 0.77200001
0.038866673 -0.053533331 0.77000004
0.037400004 -0.053533331 0.77000004
0.035933338 -0.053533331 0.77000004
0.034377147 -0.053394284 0.76800001
0.032914292 -0.053394284 0.76800001
0.031410482 -0.053324759 0.76700002
0.029871434 -0.053185713 0.76500005
0.02841429 -0.053185713 0.76500005
0.026957147 -0.053185713 0.76500005
0.025500005 -0.053185713 0.76500005
0.024042862 -0.053185713 0.76500005
0.022526672 -0.053046666 0.76300001
0.021073338 -0.05304667 0.76300001
0.019620005 -0.05304667 0.76300001
0.018166671 -0.05304667 0.76300001
0.016713338 -0.05304667 0.76300001
0.015260005 -0.05304667 0.76300001
0.013806672 -0.05304667 0.76300001
0.012385719 -0.053185716 0.76500005
0.12866667 -0.05514285 0.77200001
0.12686667 -0.054999992 0.77000004
0.12540001 -0.054999992 0.77000004
0.12393335 -0.054999992 0.77000004
0.12246668 -0.054999992 0.77000004
0.12068573 -0.054857135 0.76800001
0.11922287 -0.054857135 0.76800001
0.11776001 -0.054857135 0.76800001
0.11523715 -0.054357134 0.76100004
0.11378763 -0.054357134 0.76100004
0.11189525 -0.054142848 0.75800002
0.11045144 -0.054142848 0.75800002
0.10872001 -0.05399999 0.75600004
0.10728001 -0.05399999 0.75600004
0.10570001 -0.053928565 0.75500005
0.10426191 -0.053928565 0.75500005
0.10282382 -0.053928565 0.75500005
0.10138573 -0.053928565 0.75500005
0.099682868 -0.053785708 0.75300002
0.098248586 -0.053785708 0.75300002
0.096814297 -0.053785708 0.75300002
0.087580964 -0.054285709 0.76000005
0.085566677 -0.053928565 0.75500005
0.084128581 -0.053928565 0.75500005
0.082800008 -0.053999994 0.75600004
0.081360012 -0.053999994 0.75600004
0.07205715 -0.055714279 0.78000003
0.070571437 -0.055714279 0.78000003
0.068997152 -0.055642851 0.77900004
0.067513347 -0.055642851 0.77900004
0.065860011 -0.055499993 0.77700001
0.064380012 -0.055499993 0.77700001
0.062900007 -0.055499997 0.77700001
0.061420005 -0.055499997 0.77700001
0.05978572 -0.05535714 0.77500004
0.058309529 -0.05535714 0.77500004
0.056833338 -0.05535714 0.77500004
0.055357147 -0.05535714 0.77500004
0.05374191 -0.055214286 0.77300006
0.052404769 -0.05535714 0.77500004
0.050928578 -0.05535714 0.77500004
0.049452387 -0.05535714 0.77500004
0.047976196 -0.05535714 0.77500004
0.046500005 -0.05535714 0.77500004
0.045023814 -0.05535714 0.77500004
0.043547623 -0.05535714 0.77500004
0.041962862 -0.055214286 0.77300006
0.040490482 -0.055214286 0.77300006
0.038967624 -0.055142857 0.77200001
0.037400004 -0.055 0.77000004
0.035840005 -0.054857142 0.76800001
0.034377147 -0.054857142 0.76800001
0.032914292 -0.054857142 0.76800001
0.031410482 -0.054785714 0.76700002
0.029949531 -0.054785714 0.76700002
0.028414292 -0.054642856 0.76500005
0.026957149 -0.054642856 0.76500005
0.025500007 -0.054642856 0.76500005
0.024042863 -0.054642856 0.76500005
0.022526674 -0.054499999 0.76300001
0.02107334 -0.054500002 0.76300001
0.019620007 -0.054500002 0.76300001
0.018166672 -0.054500002 0.76300001
0.01671334 -0.054500002 0.76300001
0.015260005 -0.054500002 0.76300001
0.013806672 -0.054500002 0.76300001
0.13030572 -0.056686658 0.77300006
0.12866667 -0.056613326 0.77200001
0.12719619 -0.056613326 0.77200001
0.12572572 -0.056613326 0.77200001
0.12393335 -0.056466658 0.77000004
0.12214858 -0.056319989 0.76800001
0.12068573 -0.056319989 0.76800001
0.11875715 -0.056099992 0.76500005
0.11699335 -0.055953324 0.76300001
0.11523715 -0.055806659 0.76100004
0.11333906 -0.055586658 0.75800002
0.11160001 -0.05543999 0.75600004
0.11016001 -0.05543999 0.75600004
0.1085762 -0.055366658 0.75500005
0.1071381 -0.055366658 0.75500005
0.10570001 -0.055366661 0.75500005
0.10398573 -0.055219993 0.75300002
0.10282382 -0.055366661 0.75500005
0.10111716 -0.055219993 0.75300002
0.099550486 -0.055146661 0.75200003
0.098118104 -0.055146661 0.75200003
0.096814297 -0.055219993 0.75300002
0.09152858 -0.054633327 0.74500006
0.090109535 -0.054633327 0.74500006
0.088794298 -0.055586662 0.75800002
0.087350488 -0.055586662 0.75800002
0.085566677 -0.055366661 0.75500005
0.084128581 -0.055366661 0.75500005
0.082690485 -0.055366661 0.75500005
0.081252389 -0.055366661 0.75500005
0.07205715 -0.057199996 0.78000003
0.070571437 -0.057199996 0.78000003
0.068997152 -0.05712666 0.77900004
0.067340009 -0.056979995 0.77700001
0.065860011 -0.056979995 0.77700001
0.064380012 -0.056979995 0.77700001
0.062900007 -0.056979999 0.77700001
0.061420005 -0.056979999 0.77700001
0.05978572 -0.056833331 0.77500004
0.058309529 -0.056833331 0.77500004
0.056833338 -0.056833331 0.77500004
0.055357147 -0.056833331 0.77500004
0.05374191 -0.056686666 0.77300006
0.052404769 -0.056833331 0.77500004
0.050928578 -0.056833331 0.77500004
0.049452387 -0.056833331 0.77500004
0.047852386 -0.056686666 0.77300006
0.046500005 -0.056833331 0.77500004
0.044907626 -0.056686666 0.77300006
0.043435242 -0.056686666 0.77300006
0.041908577 -0.056613334 0.77200001
0.040438101 -0.056613334 0.77200001
0.038967624 -0.056613334 0.77200001
0.037400004 -0.056466665 0.77000004
0.035840005 -0.056319997 0.76800001
0.034377147 -0.056319997 0.76800001
0.032914292 -0.056319997 0.76800001
0.031410482 -0.056246664 0.76700002
0.029949531 -0.056246664 0.76700002
0.028414292 -0.0561 0.76500005
0.027027626 -0.056246664 0.76700002
0.025566673 -0.056246664 0.76700002
0.024042863 -0.0561 0.76500005
0.022526674 -0.055953331 0.76300001
0.02107334 -0.055953335 0.76300001
0.019620007 -0.055953335 0.76300001
0.018166672 -0.055953335 0.76300001
0.01671334 -0.055953335 0.76300001
0.015260005 -0.055953335 0.76300001
0.13211906 -0.058309514 0.77500004
0.13030572 -0.058159038 0.77300006
0.12883334 -0.058159038 0.77300006
0.12719619 -0.058083799 0.77200001
0.12540001 -0.057933323 0.77000004
0.12393335 -0.057933323 0.77000004
0.12214858 -0.057782847 0.76800001
0.12052859 -0.057707611 0.76700002
0.11875715 -0.057557132 0.76500005
0.11699335 -0.057406656 0.76300001
0.11523715 -0.057256181 0.76100004
0.11363811 -0.057180945 0.76000005
0.11189525 -0.057030465 0.75800002
0.11016001 -0.05687999 0.75600004
0.1085762 -0.056804754 0.75500005
0.1068543 -0.056654278 0.75300002
0.10542001 -0.056654282 0.75300002
0.10398573 -0.056654282 0.75300002
0.10255144 -0.056654282 0.75300002
0.1007143 -0.056428567 0.75000006
0.099020965 -0.056278091 0.74800003
0.097204775 -0.056052376 0.74500006
0.095785722 -0.056052376 0.74500006
0.094366677 -0.056052376 0.74500006
0.092947632 -0.056052376 0.74500006
0.09152858 -0.056052376 0.74500006
0.090109535 -0.056052376 0.74500006
0.08869049 -0.056052376 0.74500006
0.087505728 -0.056202851 0.74700004
0.086659059 -0.056579042 0.75200003
0.085226677 -0.056579042 0.75200003
0.083905727 -0.056654282 0.75300002
0.082690485 -0.056804758 0.75500005
0.081037156 -0.056654282 0.75300002
0.079602867 -0.056654282 0.75300002
0.07205715 -0.058685709 0.78000003
0.070480965 -0.058610469 0.77900004
0.068997152 -0.058610469 0.77900004
0.067340009 -0.058459993 0.77700001
0.065860011 -0.058459993 0.77700001
0.064380012 -0.058459993 0.77700001
0.062900007 -0.058459997 0.77700001
0.061420005 -0.058459997 0.77700001
0.05978572 -0.058309522 0.77500004
0.058309529 -0.058309522 0.77500004
0.056833338 -0.058309522 0.77500004
0.055357147 -0.058309522 0.77500004
0.05374191 -0.058159046 0.77300006
0.052404769 -0.058309522 0.77500004
0.050928578 -0.058309522 0.77500004
0.049324766 -0.058159046 0.77300006
0.047852386 -0.058159046 0.77300006
0.046380006 -0.058159046 0.77300006
0.044907626 -0.058159046 0.77300006
0.043435242 -0.058159046 0.77300006
0.041908577 -0.058083806 0.77200001
0.040438101 -0.058083806 0.77200001
0.038967624 -0.058083806 0.77200001
0.037302863 -0.057782855 0.76800001
0.035840005 -0.057782855 0.76800001
0.034377147 -0.057782855 0.76800001
0.032914292 -0.057782855 0.76800001
0.031410482 -0.057707619 0.76700002
0.029949531 -0.057707619 0.76700002
0.028488578 -0.057707619 0.76700002
0.027027626 -0.057707619 0.76700002
0.025566673 -0.057707619 0.76700002
0.02410572 -0.057707619 0.76700002
0.02258572 -0.05755714 0.76500005
0.021128578 -0.057557143 0.76500005
0.019620007 -0.057406668 0.76300001
0.14022 -0.060094278 0.77900004
0.13873619 -0.060094278 0.77900004
0.13725239 -0.060094278 0.77900004
0.13576858 -0.060094278 0.77900004
0.13359524 -0.059785705 0.77500004
0.13177811 -0.059631418 0.77300006
0.13030572 -0.059631418 0.77300006
0.12916668 -0.059785705 0.77500004
0.12719619 -0.059554275 0.77200001
0.12572572 -0.059554275 0.77200001
0.12393335 -0.059399992 0.77000004
0.12214858 -0.059245706 0.76800001
0.12052859 -0.059168562 0.76700002
0.11875715 -0.059014276 0.76500005
0.11699335 -0.058859993 0.76300001
0.11523715 -0.058705706 0.76100004
0.11363811 -0.058628563 0.76000005
0.11160001 -0.05831999 0.75600004
0.11016001 -0.05831999 0.75600004
0.1085762 -0.058242846 0.75500005
0.1068543 -0.058088563 0.75300002
0.10542001 -0.058088567 0.75300002
0.10384763 -0.058011424 0.75200003
0.10241525 -0.058011424 0.75200003
0.1007143 -0.057857137 0.75000006
0.099020965 -0.057702851 0.74800003
0.097204775 -0.057471424 0.74500006
0.095785722 -0.057471424 0.74500006
0.094366677 -0.057471424 0.74500006
0.092947632 -0.057471424 0.74500006
0.09152858 -0.057471424 0.74500006
0.090109535 -0.057471424 0.74500006
0.08869049 -0.057471424 0.74500006
0.087505728 -0.057625707 0.74700004
0.086198106 -0.057702851 0.74800003
0.085000008 -0.057857137 0.75000006
0.083571441 -0.057857137 0.75000006
0.082142867 -0.057857137 0.75000006
0.080714293 -0.057857137 0.75000006
0.079285726 -0.057857137 0.75000006
0.077857152 -0.057857137 0.75000006
0.076428585 -0.057857137 0.75000006
0.07205715 -0.060171422 0.78000003
0.070480965 -0.060094282 0.77900004
0.068820007 -0.059939995 0.77700001
0.067340009 -0.059939995 0.77700001
0.065860011 -0.059939995 0.77700001
0.064380012 -0.059939995 0.77700001
0.062738106 -0.059785713 0.77500004
0.061261911 -0.059785713 0.77500004
0.05978572 -0.059785713 0.77500004
0.058309529 -0.059785713 0.77500004
0.056833338 -0.059785713 0.77500004
0.055357147 -0.059785713 0.77500004
0.05388096 -0.059785713 0.77500004
0.052404769 -0.059785713 0.77500004
0.051060006 -0.059939999 0.77700001
0.049707625 -0.060094286 0.77900004
0.047976196 -0.059785713 0.77500004
0.046380006 -0.059631426 0.77300006
0.045023814 -0.059785713 0.77500004
0.043547623 -0.059785713 0.77500004
0.041962862 -0.059631426 0.77300006
0.040438101 -0.059554283 0.77200001
0.038967624 -0.059554283 0.77200001
0.037400004 -0.0594 0.77000004
0.035933338 -0.0594 0.77000004
0.034377147 -0.059245713 0.76800001
0.032914292 -0.059245713 0.76800001
0.031410482 -0.05916857 0.76700002
0.029949531 -0.05916857 0.76700002
0.028525721 -0.059245713 0.76800001
0.027062863 -0.059245713 0.76800001
0.025600007 -0.059245713 0.76800001
0.024137149 -0.059245713 0.76800001
0.022674292 -0.059245713 0.76800001
0.021211434 -0.059245717 0.76800001
0.14522858 -0.061815228 0.78200006
0.14337143 -0.061657134 0.78000003
0.14170381 -0.061578088 0.77900004
0.14022 -0.061578088 0.77900004
0.13873619 -0.061578088 0.77900004
0.13690001 -0.06141999 0.77700001
0.13542001 -0.06141999 0.77700001
0.13359524 -0.061261896 0.77500004
0.13177811 -0.061103802 0.77300006
0.13064286 -0.061261896 0.77500004
0.12883334 -0.061103802 0.77300006
0.12719619 -0.061024752 0.77200001
0.12540001 -0.060866658 0.77000004
0.12361144 -0.060708564 0.76800001
0.12198953 -0.060629513 0.76700002
0.12052859 -0.060629513 0.76700002
0.11844668 -0.060313325 0.76300001
0.11668668 -0.060155228 0.76100004
0.11523715 -0.060155228 0.76100004
0.11363811 -0.060076181 0.76000005
0.11160001 -0.059759989 0.75600004
0.1100143 -0.059680942 0.75500005
0.1085762 -0.059680942 0.75500005
0.1068543 -0.059522849 0.75300002
0.10528001 -0.059443805 0.75200003
0.10357144 -0.059285708 0.75000006
0.1017343 -0.059048567 0.74700004
0.10031144 -0.059048567 0.74700004
0.098888583 -0.059048567 0.74700004
0.096943818 -0.058732376 0.74300003
0.09552858 -0.058732376 0.74300003
0.094366677 -0.058890469 0.74500006
0.092947632 -0.058890469 0.74500006
0.09152858 -0.058890469 0.74500006
0.089867629 -0.058732376 0.74300003
0.08869049 -0.058890469 0.74500006
0.087505728 -0.059048567 0.74700004
0.086198106 -0.059127614 0.74800003
0.085000008 -0.059285708 0.75000006
0.08334858 -0.059127614 0.74800003
0.08192382 -0.059127614 0.74800003
0.08049906 -0.059127614 0.74800003
0.079074293 -0.059127614 0.74800003
0.077649534 -0.059127614 0.74800003
0.076428585 -0.059285708 0.75000006
0.073260009 -0.061419994 0.77700001
0.071964771 -0.061578091 0.77900004
0.070300013 -0.061419994 0.77700001
0.068820007 -0.061419994 0.77700001
0.067340009 -0.061419994 0.77700001
0.065690488 -0.0612619 0.77500004
0.064214297 -0.0612619 0.77500004
0.062738106 -0.061261903 0.77500004
0.061261911 -0.061261903 0.77500004
0.05978572 -0.061261903 0.77500004
0.058460005 -0.061419997 0.77700001
0.056980006 -0.061419997 0.77700001
0.055357147 -0.061261903 0.77500004
0.05388096 -0.061261903 0.77500004
0.052404769 -0.061261903 0.77500004
0.051060006 -0.061419997 0.77700001
0.049580004 -0.061419997 0.77700001
0.047976196 -0.061261903 0.77500004
0.046380006 -0.06110381 0.77300006
0.045023814 -0.061261903 0.77500004
0.043435242 -0.06110381 0.77300006
0.041962862 -0.06110381 0.77300006
0.040438101 -0.061024759 0.77200001
0.038967624 -0.061024759 0.77200001
0.037400004 -0.060866665 0.77000004
0.035933338 -0.060866665 0.77000004
0.034377147 -0.060708571 0.76800001
0.032914292 -0.060708571 0.76800001
0.031410482 -0.060629521 0.76700002
0.029949531 -0.060629521 0.76700002
0.028525721 -0.060708571 0.76800001
0.027062863 -0.060708571 0.76800001
0.025600007 -0.060708571 0.76800001
0.024137149 -0.060708571 0.76800001
0.022674292 -0.060708571 0.76800001
0.021211434 -0.060708575 0.76800001
0.1467181 -0.063304752 0.78200006
0.14522858 -0.063304752 0.78200006
0.14337143 -0.063142844 0.78000003
0.14170381 -0.063061893 0.77900004
0.14022 -0.063061893 0.77900004
0.13873619 -0.063061893 0.77900004
0.13690001 -0.062899984 0.77700001
0.13507143 -0.062738083 0.77500004
0.13325047 -0.062576175 0.77300006
0.13177811 -0.062576175 0.77300006
0.13030572 -0.062576175 0.77300006
0.12866667 -0.062495228 0.77200001
0.12719619 -0.062495228 0.77200001
0.12540001 -0.062333323 0.77000004
0.12361144 -0.062171418 0.76800001
0.12167144 -0.061928563 0.76500005
0.11990001 -0.061766658 0.76300001
0.11844668 -0.061766658 0.76300001
0.11699335 -0.061766658 0.76300001
0.11523715 -0.061604753 0.76100004
0.11363811 -0.061523799 0.76000005
0.11189525 -0.061361894 0.75800002
0.11016001 -0.061199993 0.75600004
0.1085762 -0.061119039 0.75500005
0.10671239 -0.060876183 0.75200003
0.10500001 -0.060714282 0.75000006
0.10315716 -0.060471423 0.74700004
0.1017343 -0.060471423 0.74700004
0.10004286 -0.060309518 0.74500006
0.09862382 -0.060309518 0.74500006
0.096943818 -0.060147613 0.74300003
0.09552858 -0.060147613 0.74300003
0.094113342 -0.060147613 0.74300003
0.092698105 -0.060147613 0.74300003
0.09152858 -0.060309518 0.74500006
0.090109535 -0.060309518 0.74500006
0.08892858 -0.060471423 0.74700004
0.087505728 -0.060471423 0.74700004
0.086198106 -0.060552377 0.74800003
0.084773347 -0.060552377 0.74800003
0.08334858 -0.060552377 0.74800003
0.08192382 -0.060552377 0.74800003
0.08049906 -0.060552377 0.74800003
0.079074293 -0.060552377 0.74800003
0.077649534 -0.060552377 0.74800003
0.076224774 -0.060552377 0.74800003
0.074800007 -0.060552377 0.74800003
0.073080964 -0.060309518 0.74500006
0.071661912 -0.060309518 0.74500006
0.073260009 -0.062899992 0.77700001
0.071964771 -0.0630619 0.77900004
0.070300013 -0.062899992 0.77700001
0.068820007 -0.062899992 0.77700001
0.067166679 -0.062738091 0.77500004
0.065690488 -0.062738091 0.77500004
0.064214297 -0.062738091 0.77500004
0.062900007 -0.062899992 0.77700001
0.061261911 -0.062738091 0.77500004
0.059940007 -0.062899992 0.77700001
0.058460005 -0.062899992 0.77700001
0.056980006 -0.062899992 0.77700001
0.055500004 -0.062899992 0.77700001
0.054020006 -0.062899992 0.77700001
0.052540004 -0.062899992 0.77700001
0.051060006 -0.062899992 0.77700001
0.049707625 -0.0630619 0.77900004
0.047976196 -0.062738091 0.77500004
0.046380006 -0.062576182 0.77300006
0.044907626 -0.062576182 0.77300006
0.043435242 -0.062576182 0.77300006
0.041962862 -0.06257619 0.77300006
0.040438101 -0.062495235 0.77200001
0.038967624 -0.062495235 0.77200001
0.037400004 -0.062333331 0.77000004
0.035933338 -0.062333331 0.77000004
0.034466673 -0.062333331 0.77000004
0.032914292 -0.062171426 0.76800001
0.031451434 -0.062171426 0.76800001
0.029988578 -0.062171426 0.76800001
0.028525721 -0.062171426 0.76800001
0.02713334 -0.062333331 0.77000004
0.025666673 -0.062333331 0.77000004
0.024200007 -0.062333331 0.77000004
0.02273334 -0.062333331 0.77000004
0.1467181 -0.064794272 0.78200006
0.14522858 -0.064794272 0.78200006
0.14337143 -0.064628556 0.78000003
0.14170381 -0.064545698 0.77900004
0.14022 -0.064545698 0.77900004
0.13838001 -0.06437999 0.77700001
0.13690001 -0.06437999 0.77700001
0.13507143 -0.064214274 0.77500004
0.13325047 -0.064048558 0.77300006
0.13177811 -0.064048558 0.77300006
0.13013715 -0.063965701 0.77200001
0.12866667 -0.063965701 0.77200001
0.12686667 -0.063799992 0.77000004
0.12540001 -0.063799992 0.77000004
0.12361144 -0.063634284 0.76800001
0.12167144 -0.06338571 0.76500005
0.11990001 -0.063219994 0.76300001
0.11844668 -0.063219994 0.76300001
0.11699335 -0.063219994 0.76300001
0.11523715 -0.063054278 0.76100004
0.11363811 -0.062971421 0.76000005
0.11189525 -0.062805712 0.75800002
0.11016001 -0.062639996 0.75600004
0.1085762 -0.062557139 0.75500005
0.10671239 -0.062308561 0.75200003
0.10500001 -0.062142853 0.75000006
0.10288096 -0.061728567 0.74500006
0.10146192 -0.061728567 0.74500006
0.099774294 -0.061562851 0.74300003
0.098359056 -0.061562851 0.74300003
0.096943818 -0.061562851 0.74300003
0.09552858 -0.061562851 0.74300003
0.094113342 -0.061562851 0.74300003
0.092698105 -0.061562851 0.74300003
0.09152858 -0.061728567 0.74500006
0.09035144 -0.061894279 0.74700004
0.08892858 -0.061894279 0.74700004
0.087622866 -0.061977137 0.74800003
0.086082868 -0.061894279 0.74700004
0.084773347 -0.061977137 0.74800003
0.08334858 -0.061977137 0.74800003
0.08192382 -0.061977137 0.74800003
0.080391437 -0.061894279 0.74700004
0.078968585 -0.061894279 0.74700004
0.077545725 -0.061894279 0.74700004
0.076122865 -0.061894279 0.74700004
0.074700013 -0.061894279 0.74700004
0.073080964 -0.061728567 0.74500006
0.07146953 -0.061562851 0.74300003
0.070054293 -0.061562851 0.74300003
0.068639055 -0.061562851 0.74300003
0.070300013 -0.064379998 0.77700001
0.068820007 -0.064379998 0.77700001
0.067340009 -0.064379998 0.77700001
0.065690488 -0.064214282 0.77500004
0.064214297 -0.064214282 0.77500004
0.062900007 -0.064379998 0.77700001
0.061420009 -0.064379998 0.77700001
0.05994001 -0.064379998 0.77700001
0.058610484 -0.064545706 0.77900004
0.057126675 -0.064545706 0.77900004
0.055500008 -0.064379998 0.77700001
0.05402001 -0.064379998 0.77700001
0.052540008 -0.064379998 0.77700001
0.05106001 -0.064379998 0.77700001
0.049707629 -0.064545706 0.77900004
0.0479762 -0.064214282 0.77500004
0.04638001 -0.064048566 0.77300006
0.044907629 -0.064048566 0.77300006
0.043379057 -0.063965708 0.77200001
0.041962866 -0.064048573 0.77300006
0.040438104 -0.063965715 0.77200001
0.038967628 -0.063965715 0.77200001
0.037497152 -0.063965715 0.77200001
0.036026675 -0.063965715 0.77200001
0.034466673 -0.0638 0.77000004
0.033000004 -0.0638 0.77000004
0.031533338 -0.0638 0.77000004
0.030066673 -0.0638 0.77000004
0.028600007 -0.0638 0.77000004
0.02713334 -0.0638 0.77000004
0.025666673 -0.0638 0.77000004
0.024200007 -0.0638 0.77000004
0.02273334 -0.0638 0.77000004
0.14858668 -0.066453323 0.78400004
0.1467181 -0.0662838 0.78200006
0.14522858 -0.0662838 0.78200006
0.14337143 -0.066114277 0.78000003
0.14170381 -0.066029511 0.77900004
0.13986 -0.065859988 0.77700001
0.13838001 -0.065859988 0.77700001
0.13690001 -0.065859988 0.77700001
0.13507143 -0.065690465 0.77500004
0.13325047 -0.065520942 0.77300006
0.13177811 -0.065520942 0.77300006
0.13030572 -0.065520942 0.77300006
0.12866667 -0.065436177 0.77200001
0.12719619 -0.065436184 0.77200001
0.12540001 -0.065266661 0.77000004
0.12361144 -0.065097138 0.76800001
0.12167144 -0.06484285 0.76500005
0.11990001 -0.064673327 0.76300001
0.11844668 -0.064673327 0.76300001
0.11668668 -0.064503804 0.76100004
0.11523715 -0.064503804 0.76100004
0.11363811 -0.064419046 0.76000005
0.11219049 -0.064419046 0.76000005
0.11016001 -0.064079992 0.75600004
0.10872001 -0.064079992 0.75600004
0.10671239 -0.063740946 0.75200003
0.10472001 -0.0634019 0.74800003
0.10288096 -0.063147612 0.74500006
0.10146192 -0.063147612 0.74500006
0.099774294 -0.062978089 0.74300003
0.098359056 -0.062978089 0.74300003
0.096943818 -0.062978089 0.74300003
0.09552858 -0.062978089 0.74300003
0.094113342 -0.062978089 0.74300003
0.092947632 -0.063147612 0.74500006
0.09152858 -0.063147612 0.74500006
0.090472393 -0.0634019 0.74800003
0.08892858 -0.063317135 0.74700004
0.087622866 -0.0634019 0.74800003
0.086198106 -0.0634019 0.74800003
0.084773347 -0.0634019 0.74800003
0.083237156 -0.063317135 0.74700004
0.08192382 -0.0634019 0.74800003
0.080391437 -0.063317135 0.74700004
0.078968585 -0.063317135 0.74700004
0.077545725 -0.063317135 0.74700004
0.076122865 -0.063317135 0.74700004
0.074500009 -0.063147612 0.74500006
0.073080964 -0.063147612 0.74500006
0.07146953 -0.062978089 0.74300003
0.070242867 -0.063147612 0.74500006
0.068823822 -0.063147612 0.74500006
0.07075239 -0.066283807 0.78200006
0.06926287 -0.066283807 0.78200006
0.067513347 -0.066029519 0.77900004
0.065860011 -0.065859996 0.77700001
0.064628579 -0.066114284 0.78000003
0.063142866 -0.066114284 0.78000003
0.061657153 -0.066114284 0.78000003
0.060171437 -0.066114284 0.78000003
0.058685724 -0.066114284 0.78000003
0.057126675 -0.066029519 0.77900004
0.055642866 -0.066029519 0.77900004
0.05402001 -0.065859996 0.77700001
0.052540008 -0.065859996 0.77700001
0.05106001 -0.065859996 0.77700001
0.049580008 -0.065859996 0.77700001
0.0479762 -0.065690473 0.77500004
0.04638001 -0.06552095 0.77300006
0.044907629 -0.06552095 0.77300006
0.043435246 -0.06552095 0.77300006
0.041962866 -0.065520957 0.77300006
0.040438104 -0.065436192 0.77200001
0.038967628 -0.065436192 0.77200001
0.037497152 -0.065436192 0.77200001
0.036026675 -0.065436192 0.77200001
0.034556199 -0.065436192 0.77200001
0.033000007 -0.065266669 0.77000004
0.031533342 -0.065266669 0.77000004
0.030066673 -0.065266669 0.77000004
0.028600007 -0.065266669 0.77000004
0.027203817 -0.065436192 0.77200001
0.02583334 -0.06569048 0.77500004
0.024357149 -0.06569048 0.77500004
0.15084572 -0.068293318 0.78800005
0.14858668 -0.067946658 0.78400004
0.1467181 -0.06777332 0.78200006
0.14485715 -0.067599989 0.78000003
0.14337143 -0.067599989 0.78000003
0.14170381 -0.067513324 0.77900004
0.14022 -0.067513324 0.77900004
0.13838001 -0.067339987 0.77700001
0.13690001 -0.067339987 0.77700001
0.13507143 -0.067166656 0.77500004
0.13325047 -0.066993318 0.77300006
0.13160762 -0.066906653 0.77200001
0.13030572 -0.066993318 0.77300006
0.12866667 -0.066906653 0.77200001
0.12686667 -0.06673333 0.77000004
0.12540001 -0.06673333 0.77000004
0.12361144 -0.066559993 0.76800001
0.12167144 -0.066299997 0.76500005
0.11990001 -0.06612666 0.76300001
0.11844668 -0.06612666 0.76300001
0.11668668 -0.065953329 0.76100004
0.11523715 -0.065953329 0.76100004
0.11363811 -0.065866664 0.76000005
0.11219049 -0.065866664 0.76000005
0.11045144 -0.065693326 0.75800002
0.10872001 -0.065519996 0.75600004
0.1068543 -0.065259993 0.75300002
0.10500001 -0.064999998 0.75000006
0.10288096 -0.064566664 0.74500006
0.10146192 -0.064566664 0.74500006
0.099774294 -0.064393327 0.74300003
0.098359056 -0.064393327 0.74300003
0.096943818 -0.064393327 0.74300003
0.09552858 -0.064393327 0.74300003
0.094113342 -0.064393327 0.74300003
0.092947632 -0.064566664 0.74500006
0.09152858 -0.064566664 0.74500006
0.09035144 -0.064739995 0.74700004
0.08892858 -0.064739995 0.74700004
0.087505728 -0.064739995 0.74700004
0.086082868 -0.064739995 0.74700004
0.084660009 -0.064739995 0.74700004
0.083237156 -0.064739995 0.74700004
0.081814297 -0.064739995 0.74700004
0.080391437 -0.064739995 0.74700004
0.078968585 -0.064739995 0.74700004
0.077545725 -0.064739995 0.74700004
0.076122865 -0.064739995 0.74700004
0.074500009 -0.064566664 0.74500006
0.073080964 -0.064566664 0.74500006
0.07146953 -0.064393327 0.74300003
0.070242867 -0.064566664 0.74500006
0.068823822 -0.064566664 0.74500006
0.070933342 -0.067946665 0.78400004
0.069440007 -0.067946665 0.78400004
0.067773342 -0.067773327 0.78200006
0.066114299 -0.067599997 0.78000003
0.064794295 -0.067773327 0.78200006
0.063304774 -0.067773327 0.78200006
0.061815247 -0.067773327 0.78200006
0.060325723 -0.067773327 0.78200006
0.058836199 -0.067773327 0.78200006
0.057200011 -0.067599997 0.78000003
0.055714294 -0.067599997 0.78000003
0.054159056 -0.067513332 0.77900004
0.052540008 -0.067339994 0.77700001
0.05106001 -0.067339994 0.77700001
0.049580008 -0.067339994 0.77700001
0.0479762 -0.067166664 0.77500004
0.046500009 -0.067166664 0.77500004
0.044907629 -0.066993326 0.77300006
0.043435246 -0.066993326 0.77300006
0.041962866 -0.066993333 0.77300006
0.040490486 -0.066993333 0.77300006
0.039018106 -0.066993333 0.77300006
0.037497152 -0.066906668 0.77200001
0.036026675 -0.066906668 0.77200001
0.034556199 -0.066906668 0.77200001
0.033085722 -0.066906668 0.77200001
0.031615246 -0.066906668 0.77200001
0.030144768 -0.066906668 0.77200001
0.028600007 -0.066733338 0.77000004
0.02713334 -0.066733338 0.77000004
0.025666673 -0.066733338 0.77000004
0.024357149 -0.067166671 0.77500004
0.15384762 -0.069794275 0.78800005
0.15196 -0.06961713 0.78600001
0.15008001 -0.069439985 0.78400004
0.14858668 -0.069439985 0.78400004
0.1467181 -0.069262847 0.78200006
0.14485715 -0.069085702 0.78000003
0.14318763 -0.06899713 0.77900004
0.14170381 -0.06899713 0.77900004
0.14022 -0.06899713 0.77900004
0.13838001 -0.068819985 0.77700001
0.13654763 -0.068642847 0.77500004
0.13507143 -0.068642847 0.77500004
0.13325047 -0.068465702 0.77300006
0.13160762 -0.06837713 0.77200001
0.13013715 -0.06837713 0.77200001
0.12833335 -0.068199985 0.77000004
0.12686667 -0.068199992 0.77000004
0.12540001 -0.068199992 0.77000004
0.12345049 -0.067934282 0.76700002
0.12167144 -0.067757137 0.76500005
0.11990001 -0.067579992 0.76300001
0.11844668 -0.067579992 0.76300001
0.11699335 -0.067579992 0.76300001
0.11523715 -0.067402855 0.76100004
0.11363811 -0.067314282 0.76000005
0.11219049 -0.067314282 0.76000005
0.11074287 -0.067314282 0.76000005
0.10929525 -0.067314282 0.76000005
0.10784763 -0.067314282 0.76000005
0.10472001 -0.066251427 0.74800003
0.10288096 -0.065985709 0.74500006
0.10118953 -0.065808564 0.74300003
0.099774294 -0.065808564 0.74300003
0.098359056 -0.065808564 0.74300003
0.096943818 -0.065808564 0.74300003
0.09552858 -0.065808564 0.74300003
0.094113342 -0.065808564 0.74300003
0.092947632 -0.065985709 0.74500006
0.09152858 -0.065985709 0.74500006
0.09035144 -0.066162854 0.74700004
0.08892858 -0.066162854 0.74700004
0.087622866 -0.066251427 0.74800003
0.086082868 -0.066162854 0.74700004
0.084660009 -0.066162854 0.74700004
0.08334858 -0.066251427 0.74800003
0.081814297 -0.066162854 0.74700004
0.080391437 -0.066162854 0.74700004
0.078968585 -0.066162854 0.74700004
0.077545725 -0.066162854 0.74700004
0.076122865 -0.066162854 0.74700004
0.074700013 -0.066162854 0.74700004
0.073080964 -0.065985709 0.74500006
0.071661912 -0.065985709 0.74500006
0.070431441 -0.066162854 0.74700004
0.069008581 -0.066162854 0.74700004
0.070933342 -0.069439992 0.78400004
0.069440007 -0.069439992 0.78400004
0.067773342 -0.069262855 0.78200006
0.066283822 -0.069262855 0.78200006
0.064794295 -0.069262855 0.78200006
0.063304774 -0.069262855 0.78200006
0.061815247 -0.069262855 0.78200006
0.060325723 -0.069262855 0.78200006
0.058836199 -0.069262855 0.78200006
0.057200011 -0.06908571 0.78000003
0.055714294 -0.06908571 0.78000003
0.054159056 -0.068997137 0.77900004
0.052540008 -0.068819992 0.77700001
0.05106001 -0.068819992 0.77700001
0.049580008 -0.068819992 0.77700001
0.0479762 -0.068642855 0.77500004
0.046500009 -0.068642855 0.77500004
0.045023818 -0.068642855 0.77500004
0.043547627 -0.068642855 0.77500004
0.041962866 -0.068465717 0.77300006
0.040490486 -0.068465717 0.77300006
0.039018106 -0.068465717 0.77300006
0.037545722 -0.068465717 0.77300006
0.036073342 -0.068465717 0.77300006
0.034556199 -0.068377145 0.77200001
0.033085722 -0.068377145 0.77200001
0.031615246 -0.068377145 0.77200001
0.030144768 -0.068377145 0.77200001
0.028674291 -0.068377145 0.77200001
0.027203817 -0.068377145 0.77200001
0.025666673 -0.0682 0.77000004
0.15345715 -0.071114272 0.78600001
0.15196 -0.071114272 0.78600001
0.15046287 -0.071114272 0.78600001
0.14858668 -0.07093332 0.78400004
0.14634286 -0.070571415 0.78000003
0.14467144 -0.070480943 0.77900004
0.14318763 -0.070480943 0.77900004
0.14170381 -0.070480943 0.77900004
0.13986 -0.07029999 0.77700001
0.13802381 -0.070119038 0.77500004
0.13690001 -0.07029999 0.77700001
0.13507143 -0.070119038 0.77500004
0.13325047 -0.069938086 0.77300006
0.13177811 -0.069938086 0.77300006
0.13030572 -0.069938086 0.77300006
0.12866667 -0.069847606 0.77200001
0.12719619 -0.069847614 0.77200001
0.12540001 -0.069666661 0.77000004
0.12345049 -0.069395237 0.76700002
0.12198953 -0.069395237 0.76700002
0.1202143 -0.069214284 0.76500005
0.11875715 -0.069214284 0.76500005
0.11730001 -0.069214284 0.76500005
0.11554001 -0.069033325 0.76300001
0.11378763 -0.068852372 0.76100004
0.11219049 -0.0687619 0.76000005
0.11088859 -0.068852372 0.76100004
0.10929525 -0.0687619 0.76000005
0.10784763 -0.0687619 0.76000005
0.10472001 -0.067676187 0.74800003
0.10288096 -0.067404754 0.74500006
0.10118953 -0.067223802 0.74300003
0.099774294 -0.067223802 0.74300003
0.098359056 -0.067223802 0.74300003
0.096943818 -0.067223802 0.74300003
0.09552858 -0.067223802 0.74300003
0.094113342 -0.067223802 0.74300003
0.092947632 -0.067404754 0.74500006
0.09152858 -0.067404754 0.74500006
0.09035144 -0.067585707 0.74700004
0.08892858 -0.067585707 0.74700004
0.087505728 -0.067585707 0.74700004
0.086082868 -0.067585707 0.74700004
0.084660009 -0.067585707 0.74700004
0.08334858 -0.067676187 0.74800003
0.081814297 -0.067585707 0.74700004
0.080391437 -0.067585707 0.74700004
0.078968585 -0.067585707 0.74700004
0.077545725 -0.067585707 0.74700004
0.076122865 -0.067585707 0.74700004
0.074700013 -0.067585707 0.74700004
0.073277153 -0.067585707 0.74700004
0.071661912 -0.067404754 0.74500006
0.070431441 -0.067585707 0.74700004
0.069008581 -0.067585707 0.74700004
0.070933342 -0.070933327 0.78400004
0.069440007 -0.070933327 0.78400004
0.067773342 -0.070752375 0.78200006
0.066283822 -0.070752375 0.78200006
0.064794295 -0.070752375 0.78200006
0.063304774 -0.070752375 0.78200006
0.061973345 -0.070933327 0.78400004
0.060325723 -0.070752375 0.78200006
0.058836199 -0.070752375 0.78200006
0.057200011 -0.070571423 0.78000003
0.055714294 -0.070571423 0.78000003
0.054159056 -0.07048095 0.77900004
0.052540008 -0.070299998 0.77700001
0.05106001 -0.070299998 0.77700001
0.049580008 -0.070299998 0.77700001
0.0479762 -0.070119046 0.77500004
0.046500009 -0.070119046 0.77500004
0.045023818 -0.070119046 0.77500004
0.043547627 -0.070119046 0.77500004
0.042071439 -0.070119053 0.77500004
0.040490486 -0.069938101 0.77300006
0.039018106 -0.069938101 0.77300006
0.037545722 -0.069938101 0.77300006
0.036026675 -0.069847621 0.77200001
0.034556199 -0.069847621 0.77200001
0.033085722 -0.069847621 0.77200001
0.031533342 -0.069666669 0.77000004
0.030066673 -0.069666669 0.77000004
0.028600007 -0.069666669 0.77000004
0.02713334 -0.069666669 0.77000004
0.15684953 -0.072796181 0.78800005
0.15534858 -0.072796181 0.78800005
0.15384762 -0.072796181 0.78800005
0.15196 -0.072611414 0.78600001
0.15046287 -0.072611414 0.78600001
0.14896572 -0.072611414 0.78600001
0.14634286 -0.072057128 0.78000003
0.14467144 -0.071964748 0.77900004
0.14282 -0.071779989 0.77700001
0.14134 -0.071779989 0.77700001
0.13986 -0.071779989 0.77700001
0.13802381 -0.071595229 0.77500004
0.13654763 -0.071595229 0.77500004
0.13507143 -0.071595229 0.77500004
0.13325047 -0.071410462 0.77300006
0.13177811 -0.071410462 0.77300006
0.13030572 -0.071410462 0.77300006
0.12866667 -0.071318083 0.77200001
0.12719619 -0.07131809 0.77200001
0.12540001 -0.07113333 0.77000004
0.12361144 -0.070948564 0.76800001
0.12198953 -0.070856184 0.76700002
0.12052859 -0.070856184 0.76700002
0.11906763 -0.070856184 0.76700002
0.11760668 -0.070856184 0.76700002
0.11584287 -0.070671424 0.76500005
0.11408668 -0.070486665 0.76300001
0.1123381 -0.070301898 0.76100004
0.11088859 -0.070301898 0.76100004
0.10929525 -0.070209518 0.76000005
0.10784763 -0.070209518 0.76000005
0.10500001 -0.069285706 0.75000006
0.10288096 -0.068823807 0.74500006
0.10118953 -0.06863904 0.74300003
0.099774294 -0.06863904 0.74300003
0.098359056 -0.06863904 0.74300003
0.096943818 -0.06863904 0.74300003
0.095785722 -0.068823807 0.74500006
0.094366677 -0.068823807 0.74500006
0.092947632 -0.068823807 0.74500006
0.0917743 -0.069008566 0.74700004
0.09035144 -0.069008566 0.74700004
0.08892858 -0.069008566 0.74700004
0.087505728 -0.069008566 0.74700004
0.086082868 -0.069008566 0.74700004
0.084660009 -0.069008566 0.74700004
0.083237156 -0.069008566 0.74700004
0.081814297 -0.069008566 0.74700004
0.080391437 -0.069008566 0.74700004
0.078968585 -0.069008566 0.74700004
0.077545725 -0.069008566 0.74700004
0.076122865 -0.069008566 0.74700004
0.074700013 -0.069008566 0.74700004
0.073277153 -0.069008566 0.74700004
0.07146953 -0.06863904 0.74300003
0.070431441 -0.069008566 0.74700004
0.069008581 -0.069008566 0.74700004
0.070933342 -0.072426662 0.78400004
0.069440007 -0.072426662 0.78400004
0.06794668 -0.072426662 0.78400004
0.066453345 -0.072426662 0.78400004
0.06496001 -0.072426662 0.78400004
0.063466676 -0.072426662 0.78400004
0.061973345 -0.072426662 0.78400004
0.06048001 -0.072426662 0.78400004
0.058836199 -0.072241902 0.78200006
0.057346676 -0.072241902 0.78200006
0.055714294 -0.072057135 0.78000003
0.054159056 -0.071964756 0.77900004
0.052675247 -0.071964756 0.77900004
0.051191438 -0.071964756 0.77900004
0.049580008 -0.071779996 0.77700001
0.04810001 -0.071779996 0.77700001
0.046620008 -0.071779996 0.77700001
0.045140009 -0.071779996 0.77700001
0.043660007 -0.071779996 0.77700001
0.042180009 -0.071780004 0.77700001
0.040595248 -0.071595244 0.77500004
0.039119057 -0.071595244 0.77500004
0.037545722 -0.071410477 0.77300006
0.036026675 -0.071318097 0.77200001
0.034556199 -0.071318097 0.77200001
0.033000007 -0.071133338 0.77000004
0.031533342 -0.071133338 0.77000004
0.030066673 -0.071133338 0.77000004
0.028600007 -0.071133338 0.77000004
0.02713334 -0.071133338 0.77000004
0.15935524 -0.074768558 0.79300004
0.15684953 -0.07429713 0.78800005
0.15495428 -0.074108556 0.78600001
0.15345715 -0.074108556 0.78600001
0.15196 -0.074108556 0.78600001
0.15046287 -0.074108556 0.78600001
0.14820762 -0.073731415 0.78200006
0.14634286 -0.073542848 0.78000003
0.14467144 -0.073448561 0.77900004
0.14282 -0.073259987 0.77700001
0.14134 -0.073259987 0.77700001
0.13986 -0.073259987 0.77700001
0.13838001 -0.073259987 0.77700001
0.13654763 -0.073071413 0.77500004
0.13507143 -0.073071413 0.77500004
0.13359524 -0.073071413 0.77500004
0.13177811 -0.072882846 0.77300006
0.13064286 -0.073071413 0.77500004
0.12866667 -0.072788559 0.77200001
0.12719619 -0.072788566 0.77200001
0.12572572 -0.072788566 0.77200001
0.12361144 -0.072411425 0.76800001
0.12214858 -0.072411425 0.76800001
0.12068573 -0.072411425 0.76800001
0.11906763 -0.072317138 0.76700002
0.11760668 -0.072317138 0.76700002
0.11614572 -0.072317138 0.76700002
0.11408668 -0.071939997 0.76300001
0.1123381 -0.071751423 0.76100004
0.11088859 -0.071751423 0.76100004
0.10756954 -0.070525706 0.74800003
0.10614477 -0.070525706 0.74800003
0.10430001 -0.070242852 0.74500006
0.10260478 -0.070054278 0.74300003
0.10118953 -0.070054278 0.74300003
0.099774294 -0.070054278 0.74300003
0.098359056 -0.070054278 0.74300003
0.096943818 -0.070054278 0.74300003
0.09552858 -0.070054278 0.74300003
0.094366677 -0.070242852 0.74500006
0.092947632 -0.070242852 0.74500006
0.09152858 -0.070242852 0.74500006
0.09035144 -0.070431426 0.74700004
0.08892858 -0.070431426 0.74700004
0.087505728 -0.070431426 0.74700004
0.086082868 -0.070431426 0.74700004
0.084660009 -0.070431426 0.74700004
0.083237156 -0.070431426 0.74700004
0.081814297 -0.070431426 0.74700004
0.080391437 -0.070431426 0.74700004
0.078968585 -0.070431426 0.74700004
0.077545725 -0.070431426 0.74700004
0.076122865 -0.070431426 0.74700004
0.074700013 -0.070431426 0.74700004
0.073277153 -0.070431426 0.74700004
0.07146953 -0.070054278 0.74300003
0.069960013 -0.069959998 0.74200004
0.072611436 -0.074108563 0.78600001
0.071114294 -0.074108563 0.78600001
0.069440007 -0.073919997 0.78400004
0.06794668 -0.073919997 0.78400004
0.066453345 -0.073919997 0.78400004
0.06496001 -0.073919997 0.78400004
0.063466676 -0.073919997 0.78400004
0.061973345 -0.073919997 0.78400004
0.06048001 -0.073919997 0.78400004
0.058836199 -0.073731422 0.78200006
0.057346676 -0.073731422 0.78200006
0.055714294 -0.073542856 0.78000003
0.054159056 -0.073448569 0.77900004
0.052675247 -0.073448569 0.77900004
0.051191438 -0.073448569 0.77900004
0.049580008 -0.073259994 0.77700001
0.04810001 -0.073259994 0.77700001
0.046620008 -0.073259994 0.77700001
0.045023818 -0.07307142 0.77500004
0.043547627 -0.07307142 0.77500004
0.042071439 -0.073071428 0.77500004
0.040595248 -0.073071428 0.77500004
0.039119057 -0.073071428 0.77500004
0.037545722 -0.072882861 0.77300006
0.036026675 -0.072788574 0.77200001
0.034466676 -0.0726 0.77000004
0.033000007 -0.0726 0.77000004
0.031451438 -0.072411433 0.76800001
0.029988578 -0.072411433 0.76800001
0.028525721 -0.072411433 0.76800001
0.15935524 -0.076279037 0.79300004
0.15645143 -0.075605705 0.78600001
0.15456 -0.075413324 0.78400004
0.15306666 -0.075413324 0.78400004
0.15157335 -0.075413324 0.78400004
0.15008001 -0.075413324 0.78400004
0.14782858 -0.075028561 0.78000003
0.14634286 -0.075028561 0.78000003
0.14467144 -0.074932367 0.77900004
0.14282 -0.074739985 0.77700001
0.14134 -0.074739985 0.77700001
0.13986 -0.074739985 0.77700001
0.13838001 -0.074739985 0.77700001
0.13654763 -0.074547604 0.77500004
0.13507143 -0.074547604 0.77500004
0.13359524 -0.074547604 0.77500004
0.13211906 -0.074547604 0.77500004
0.13064286 -0.074547604 0.77500004
0.12883334 -0.074355222 0.77300006
0.12736095 -0.07435523 0.77300006
0.12572572 -0.074259043 0.77200001
0.12361144 -0.07387428 0.76800001
0.12214858 -0.07387428 0.76800001
0.12068573 -0.07387428 0.76800001
0.11922287 -0.07387428 0.76800001
0.11776001 -0.07387428 0.76800001
0.11629716 -0.07387428 0.76800001
0.11483429 -0.07387428 0.76800001
0.11337144 -0.07387428 0.76800001
0.10826573 -0.071469516 0.74300003
0.1071381 -0.071661897 0.74500006
0.10571906 -0.071661897 0.74500006
0.10430001 -0.071661897 0.74500006
0.10246668 -0.071373329 0.74200004
0.10105334 -0.071373329 0.74200004
0.099640012 -0.071373329 0.74200004
0.098359056 -0.071469516 0.74300003
0.096943818 -0.071469516 0.74300003
0.09552858 -0.071469516 0.74300003
0.094113342 -0.071469516 0.74300003
0.092947632 -0.071661897 0.74500006
0.09152858 -0.071661897 0.74500006
0.090109535 -0.071661897 0.74500006
0.08869049 -0.071661897 0.74500006
0.087271437 -0.071661897 0.74500006
0.085621916 -0.071469516 0.74300003
0.084206678 -0.071469516 0.74300003
0.08279144 -0.071469516 0.74300003
0.081595249 -0.071661897 0.74500006
0.079960965 -0.071469516 0.74300003
0.078968585 -0.071854278 0.74700004
0.077545725 -0.071854278 0.74700004
0.076122865 -0.071854278 0.74700004
0.074700013 -0.071854278 0.74700004
0.073277153 -0.071854278 0.74700004
0.071854293 -0.071854278 0.74700004
0.070431441 -0.071854278 0.74700004
0.072611436 -0.075605713 0.78600001
0.070933342 -0.075413331 0.78400004
0.069440007 -0.075413331 0.78400004
0.06794668 -0.075413331 0.78400004
0.066453345 -0.075413331 0.78400004
0.064794295 -0.07522095 0.78200006
0.063304774 -0.07522095 0.78200006
0.061815247 -0.07522095 0.78200006
0.06048001 -0.075413331 0.78400004
0.058986675 -0.075413331 0.78400004
0.057346676 -0.07522095 0.78200006
0.055857152 -0.07522095 0.78200006
0.054228581 -0.075028569 0.78000003
0.052742865 -0.075028569 0.78000003
0.051257152 -0.075028569 0.78000003
0.049707629 -0.074932374 0.77900004
0.04822382 -0.074932374 0.77900004
0.04674001 -0.074932374 0.77900004
0.045140009 -0.074739993 0.77700001
0.043660007 -0.074739993 0.77700001
0.042180009 -0.07474 0.77700001
0.040700007 -0.07474 0.77700001
0.039119057 -0.074547619 0.77500004
0.037545722 -0.074355237 0.77300006
0.035933342 -0.074066669 0.77000004
0.034466676 -0.074066669 0.77000004
0.032914296 -0.073874287 0.76800001
0.031451438 -0.073874287 0.76800001
0.029988578 -0.073874287 0.76800001
0.028525721 -0.073874287 0.76800001
0.15855144 -0.07739713 0.78900003
0.15645143 -0.077102847 0.78600001
0.15456 -0.076906651 0.78400004
0.15306666 -0.076906651 0.78400004
0.15157335 -0.076906651 0.78400004
0.15008001 -0.076906651 0.78400004
0.14782858 -0.076514274 0.78000003
0.14634286 -0.076514274 0.78000003
0.14467144 -0.07641618 0.77900004
0.14282 -0.076219991 0.77700001
0.14134 -0.076219991 0.77700001
0.13986 -0.076219991 0.77700001
0.13838001 -0.076219991 0.77700001
0.13654763 -0.076023795 0.77500004
0.13507143 -0.076023795 0.77500004
0.13359524 -0.076023795 0.77500004
0.13211906 -0.076023795 0.77500004
0.13064286 -0.076023795 0.77500004
0.12883334 -0.075827606 0.77300006
0.12736095 -0.075827613 0.77300006
0.12572572 -0.075729519 0.77200001
0.12393335 -0.07553333 0.77000004
0.12246668 -0.07553333 0.77000004
0.12131429 -0.075729519 0.77200001
0.11953335 -0.07553333 0.77000004
0.11837334 -0.075729519 0.77200001
0.11660001 -0.07553333 0.77000004
0.11513335 -0.07553333 0.77000004
0.11366668 -0.07553333 0.77000004
0.10826573 -0.072884761 0.74300003
0.10685049 -0.072884761 0.74300003
0.10543525 -0.072884761 0.74300003
0.10402001 -0.072884761 0.74300003
0.10246668 -0.072786659 0.74200004
0.10105334 -0.072786659 0.74200004
0.099774294 -0.072884761 0.74300003
0.098359056 -0.072884761 0.74300003
0.096943818 -0.072884761 0.74300003
0.09552858 -0.072884761 0.74300003
0.094366677 -0.073080949 0.74500006
0.092947632 -0.073080949 0.74500006
0.09152858 -0.073080949 0.74500006
0.090109535 -0.073080949 0.74500006
0.08869049 -0.073080949 0.74500006
0.087271437 -0.073080949 0.74500006
0.085621916 -0.072884761 0.74300003
0.084206678 -0.072884761 0.74300003
0.08279144 -0.072884761 0.74300003
0.081376202 -0.072884761 0.74300003
0.079960965 -0.072884761 0.74300003
0.078545727 -0.072884761 0.74300003
0.077545725 -0.073277138 0.74700004
0.076122865 -0.073277138 0.74700004
0.074700013 -0.073277138 0.74700004
0.073277153 -0.073277138 0.74700004
0.071854293 -0.073277138 0.74700004
0.070242867 -0.073080949 0.74500006
0.068823822 -0.073080949 0.74500006
0.070933342 -0.076906659 0.78400004
0.069440007 -0.076906659 0.78400004
0.06794668 -0.076906659 0.78400004
0.066453345 -0.076906659 0.78400004
0.064794295 -0.07671047 0.78200006
0.063304774 -0.07671047 0.78200006
0.061815247 -0.07671047 0.78200006
0.060325723 -0.07671047 0.78200006
0.058836199 -0.07671047 0.78200006
0.057346676 -0.07671047 0.78200006
0.055857152 -0.07671047 0.78200006
0.054367628 -0.07671047 0.78200006
0.052742865 -0.076514281 0.78000003
0.05138858 -0.07671047 0.78200006
0.049771439 -0.076514281 0.78000003
0.048285723 -0.076514281 0.78000003
0.04680001 -0.076514281 0.78000003
0.045256201 -0.076416187 0.77900004
0.043772388 -0.076416187 0.77900004
0.042180009 -0.076220006 0.77700001
0.040700007 -0.076220006 0.77700001
0.039119057 -0.07602381 0.77500004
0.037497152 -0.075729527 0.77200001
0.036026675 -0.075729527 0.77200001
0.034556199 -0.075729527 0.77200001
0.032914296 -0.075337149 0.76800001
0.031451438 -0.075337149 0.76800001
0.029988579 -0.075337149 0.76800001
0.028525723 -0.075337149 0.76800001
0.16127144 -0.07949999 0.79500002
0.15855144 -0.078899987 0.78900003
0.15684953 -0.078799985 0.78800005
0.15456 -0.078399986 0.78400004
0.15306666 -0.078399986 0.78400004
0.15157335 -0.078399986 0.78400004
0.15008001 -0.078399986 0.78400004
0.14782858 -0.077999987 0.78000003
0.14634286 -0.077999987 0.78000003
0.14467144 -0.077899985 0.77900004
0.14282 -0.077699989 0.77700001
0.14134 -0.077699989 0.77700001
0.13986 -0.077699989 0.77700001
0.13838001 -0.077699989 0.77700001
0.13690001 -0.077699989 0.77700001
0.13542001 -0.077699989 0.77700001
0.13394001 -0.077699989 0.77700001
0.13211906 -0.077499986 0.77500004
0.13064286 -0.077499986 0.77500004
0.12916668 -0.077499986 0.77500004
0.12736095 -0.077299997 0.77300006
0.12588857 -0.077299997 0.77300006
0.12425525 -0.077199996 0.77200001
0.12278477 -0.077199996 0.77200001
0.12131429 -0.077199996 0.77200001
0.11984382 -0.077199996 0.77200001
0.11837334 -0.077199996 0.77200001
0.11690287 -0.077199996 0.77200001
0.11543239 -0.077199996 0.77200001
0.11396191 -0.077199996 0.77200001
0.11249144 -0.077199996 0.77200001
0.10685049 -0.074299999 0.74300003
0.10543525 -0.074299999 0.74300003
0.10402001 -0.074299999 0.74300003
0.10246668 -0.074199997 0.74200004
0.10105334 -0.074199997 0.74200004
0.099640012 -0.074199997 0.74200004
0.098226681 -0.074199997 0.74200004
0.096943818 -0.074299999 0.74300003
0.09552858 -0.074299999 0.74300003
0.094366677 -0.074499995 0.74500006
0.092698105 -0.074299999 0.74300003
0.09152858 -0.074499995 0.74500006
0.090109535 -0.074499995 0.74500006
0.08869049 -0.074499995 0.74500006
0.087037154 -0.074299999 0.74300003
0.085621916 -0.074299999 0.74300003
0.084206678 -0.074299999 0.74300003
0.08279144 -0.074299999 0.74300003
0.081376202 -0.074299999 0.74300003
0.079960965 -0.074299999 0.74300003
0.078545727 -0.074299999 0.74300003
0.077545725 -0.074699998 0.74700004
0.076122865 -0.074699998 0.74700004
0.074300013 -0.074299999 0.74300003
0.072884776 -0.074299999 0.74300003
0.071373343 -0.074199997 0.74200004
0.070054293 -0.074299999 0.74300003
0.072426677 -0.078399993 0.78400004
0.070933342 -0.078399993 0.78400004
0.069440007 -0.078399993 0.78400004
0.06794668 -0.078399993 0.78400004
0.066453345 -0.078399993 0.78400004
0.064794295 -0.078199998 0.78200006
0.063304774 -0.078199998 0.78200006
0.061815247 -0.078199998 0.78200006
0.060325723 -0.078199998 0.78200006
0.058836199 -0.078199998 0.78200006
0.057346676 -0.078199998 0.78200006
0.055857152 -0.078199998 0.78200006
0.054367628 -0.078199998 0.78200006
0.052742865 -0.077999994 0.78000003
0.05138858 -0.078199998 0.78200006
0.049771439 -0.077999994 0.78000003
0.048285723 -0.077999994 0.78000003
0.04674001 -0.077899992 0.77900004
0.045256201 -0.077899992 0.77900004
0.043772388 -0.077899992 0.77900004
0.042288579 -0.0779 0.77900004
0.040700007 -0.077700004 0.77700001
0.039119057 -0.077500001 0.77500004
0.037642866 -0.077500001 0.77500004
0.036026675 -0.077200003 0.77200001
0.034556199 -0.077200003 0.77200001
0.16086572 -0.080810465 0.79300004
0.15855144 -0.080402844 0.78900003
0.15645143 -0.080097131 0.78600001
0.15456 -0.079893321 0.78400004
0.15306666 -0.079893321 0.78400004
0.15157335 -0.079893321 0.78400004
0.15008001 -0.079893321 0.78400004
0.14820762 -0.07968951 0.78200006
0.14634286 -0.0794857 0.78000003
0.14485715 -0.0794857 0.78000003
0.14282 -0.079179987 0.77700001
0.14134 -0.079179987 0.77700001
0.13986 -0.079179987 0.77700001
0.13838001 -0.079179987 0.77700001
0.13690001 -0.079179987 0.77700001
0.13542001 -0.079179987 0.77700001
0.13359524 -0.078976177 0.77500004
0.13211906 -0.078976177 0.77500004
0.13064286 -0.078976177 0.77500004
0.12916668 -0.078976177 0.77500004
0.12769048 -0.078976184 0.77500004
0.12588857 -0.078772373 0.77300006
0.1244162 -0.078772373 0.77300006
0.12294382 -0.078772373 0.77300006
0.12147144 -0.078772373 0.77300006
0.11999906 -0.078772373 0.77300006
0.11852667 -0.078772373 0.77300006
0.1170543 -0.078772373 0.77300006
0.11558191 -0.078772373 0.77300006
0.11410954 -0.078772373 0.77300006
0.10826573 -0.075715236 0.74300003
0.10685049 -0.075715236 0.74300003
0.10543525 -0.075715236 0.74300003
0.10402001 -0.075715236 0.74300003
0.10246668 -0.075613327 0.74200004
0.10105334 -0.075613327 0.74200004
0.099640012 -0.075613327 0.74200004
0.098226681 -0.075613327 0.74200004
0.096813343 -0.075613327 0.74200004
0.09552858 -0.075715236 0.74300003
0.094366677 -0.07591904 0.74500006
0.092698105 -0.075715236 0.74300003
0.09152858 -0.07591904 0.74500006
0.090109535 -0.07591904 0.74500006
0.088452391 -0.075715236 0.74300003
0.087037154 -0.075715236 0.74300003
0.085621916 -0.075715236 0.74300003
0.084206678 -0.075715236 0.74300003
0.083014295 -0.07591904 0.74500006
0.081376202 -0.075715236 0.74300003
0.079960965 -0.075715236 0.74300003
0.078545727 -0.075715236 0.74300003
0.077130489 -0.075715236 0.74300003
0.075919054 -0.07591904 0.74500006
0.074300013 -0.075715236 0.74300003
0.072786674 -0.075613327 0.74200004
0.071373343 -0.075613327 0.74200004
0.069960013 -0.075613327 0.74200004
0.072426677 -0.079893328 0.78400004
0.070933342 -0.079893328 0.78400004
0.069440007 -0.079893328 0.78400004
0.06794668 -0.079893328 0.78400004
0.066453345 -0.079893328 0.78400004
0.06496001 -0.079893328 0.78400004
0.063304774 -0.079689518 0.78200006
0.061815247 -0.079689518 0.78200006
0.06048001 -0.079893328 0.78400004
0.058986675 -0.079893328 0.78400004
0.057493344 -0.079893328 0.78400004
0.055857152 -0.079689518 0.78200006
0.054367628 -0.079689518 0.78200006
0.052878104 -0.079689518 0.78200006
0.05138858 -0.079689518 0.78200006
0.049899057 -0.079689518 0.78200006
0.048409533 -0.079689518 0.78200006
0.046920009 -0.079689518 0.78200006
0.045314293 -0.079485707 0.78000003
0.043940961 -0.079689518 0.78200006
0.042342868 -0.079485714 0.78000003
0.040857151 -0.079485714 0.78000003
0.039371438 -0.079485714 0.78000003
0.037642866 -0.078976192 0.77500004
0.16086572 -0.082320943 0.79300004
0.15855144 -0.0819057 0.78900003
0.15684953 -0.081801891 0.78800005
0.15495428 -0.081594273 0.78600001
0.15306666 -0.081386656 0.78400004
0.15157335 -0.081386656 0.78400004
0.15008001 -0.081386656 0.78400004
0.14820762 -0.081179038 0.78200006
0.14634286 -0.08097142 0.78000003
0.14485715 -0.08097142 0.78000003
0.14318763 -0.080867603 0.77900004
0.14134 -0.080659986 0.77700001
0.13986 -0.080659986 0.77700001
0.13838001 -0.080659986 0.77700001
0.13690001 -0.080659986 0.77700001
0.13542001 -0.080659986 0.77700001
0.13394001 -0.080659986 0.77700001
0.13246 -0.080659986 0.77700001
0.13098 -0.080659986 0.77700001
0.12916668 -0.080452368 0.77500004
0.12802 -0.080659986 0.77700001
0.1262143 -0.080452375 0.77500004
0.1244162 -0.080244757 0.77300006
0.12326191 -0.080452375 0.77500004
0.12178572 -0.080452375 0.77500004
0.12030954 -0.080452375 0.77500004
0.11883335 -0.080452375 0.77500004
0.11766001 -0.080659993 0.77700001
0.11618001 -0.080659993 0.77700001
0.11470001 -0.080659993 0.77700001
0.10826573 -0.077130474 0.74300003
0.10685049 -0.077130474 0.74300003
0.10543525 -0.077130474 0.74300003
0.10402001 -0.077130474 0.74300003
0.10246668 -0.077026665 0.74200004
0.10105334 -0.077026665 0.74200004
0.099640012 -0.077026665 0.74200004
0.098226681 -0.077026665 0.74200004
0.096813343 -0.077026665 0.74200004
0.09552858 -0.077130474 0.74300003
0.094113342 -0.077130474 0.74300003
0.092698105 -0.077130474 0.74300003
0.09152858 -0.077338092 0.74500006
0.090109535 -0.077338092 0.74500006
0.088452391 -0.077130474 0.74300003
0.087037154 -0.077130474 0.74300003
0.085621916 -0.077130474 0.74300003
0.084206678 -0.077130474 0.74300003
0.083014295 -0.077338092 0.74500006
0.081376202 -0.077130474 0.74300003
0.080176204 -0.077338092 0.74500006
0.078757152 -0.077338092 0.74500006
0.077338107 -0.077338092 0.74500006
0.075919054 -0.077338092 0.74500006
0.074300013 -0.077130474 0.74300003
0.072786674 -0.077026665 0.74200004
0.07146953 -0.077130474 0.74300003
0.070054293 -0.077130474 0.74300003
0.072426677 -0.081386663 0.78400004
0.070933342 -0.081386663 0.78400004
0.069440007 -0.081386663 0.78400004
0.06794668 -0.081386663 0.78400004
0.066453345 -0.081386663 0.78400004
0.06496001 -0.081386663 0.78400004
0.063466676 -0.081386663 0.78400004
0.061815247 -0.081179045 0.78200006
0.06048001 -0.081386663 0.78400004
0.058986675 -0.081386663 0.78400004
0.057493344 -0.081386663 0.78400004
0.055857152 -0.081179045 0.78200006
0.054367628 -0.081179045 0.78200006
0.052878104 -0.081179045 0.78200006
0.05138858 -0.081179045 0.78200006
0.050026678 -0.081386663 0.78400004
0.048533343 -0.081386663 0.78400004
0.047040008 -0.081386663 0.78400004
0.045546677 -0.081386663 0.78400004
0.043940961 -0.081179045 0.78200006
0.042342868 -0.080971435 0.78000003
0.040857151 -0.080971435 0.78000003
0.039371438 -0.080971435 0.78000003
0.16086572 -0.083831415 0.79300004
0.15855144 -0.083408557 0.78900003
0.15684953 -0.083302848 0.78800005
0.15495428 -0.083091415 0.78600001
0.15306666 -0.08287999 0.78400004
0.15157335 -0.08287999 0.78400004
0.15008001 -0.08287999 0.78400004
0.14820762 -0.082668558 0.78200006
0.14634286 -0.082457133 0.78000003
0.14485715 -0.082457133 0.78000003
0.14318763 -0.082351416 0.77900004
0.14134 -0.082139991 0.77700001
0.14022 -0.082351416 0.77900004
0.13838001 -0.082139991 0.77700001
0.13690001 -0.082139991 0.77700001
0.13542001 -0.082139991 0.77700001
0.13394001 -0.082139991 0.77700001
0.13246 -0.082139991 0.77700001
0.13098 -0.082139991 0.77700001
0.1295 -0.082139991 0.77700001
0.12802 -0.082139991 0.77700001
0.12654001 -0.082139999 0.77700001
0.12506001 -0.082139999 0.77700001
0.12358001 -0.082139999 0.77700001
0.12210001 -0.082139999 0.77700001
0.12062001 -0.082139999 0.77700001
0.11914001 -0.082139999 0.77700001
0.1181143 -0.08245714 0.78000003
0.11662858 -0.08245714 0.78000003
0.11514287 -0.08245714 0.78000003
0.10685049 -0.078545712 0.74300003
0.10543525 -0.078545712 0.74300003
0.10402001 -0.078545712 0.74300003
0.10260478 -0.078545712 0.74300003
0.10118953 -0.078545712 0.74300003
0.099640012 -0.078439996 0.74200004
0.098226681 -0.078439996 0.74200004
0.096813343 -0.078439996 0.74200004
0.095400013 -0.078439996 0.74200004
0.094113342 -0.078545712 0.74300003
0.092698105 -0.078545712 0.74300003
0.091282867 -0.078545712 0.74300003
0.090109535 -0.078757137 0.74500006
0.088452391 -0.078545712 0.74300003
0.087037154 -0.078545712 0.74300003
0.085621916 -0.078545712 0.74300003
0.084206678 -0.078545712 0.74300003
0.08279144 -0.078545712 0.74300003
0.081376202 -0.078545712 0.74300003
0.079960965 -0.078545712 0.74300003
0.078545727 -0.078545712 0.74300003
0.077130489 -0.078545712 0.74300003
0.075919054 -0.078757137 0.74500006
0.074300013 -0.078545712 0.74300003
0.072786674 -0.078439996 0.74200004
0.071373343 -0.078439996 0.74200004
0.074297152 -0.083302855 0.78800005
0.072426677 -0.082879998 0.78400004
0.070933342 -0.082879998 0.78400004
0.069440007 -0.082879998 0.78400004
0.06794668 -0.082879998 0.78400004
0.066453345 -0.082879998 0.78400004
0.06496001 -0.082879998 0.78400004
0.063466676 -0.082879998 0.78400004
0.061815247 -0.082668565 0.78200006
0.06048001 -0.082879998 0.78400004
0.058986675 -0.082879998 0.78400004
0.057493344 -0.082879998 0.78400004
0.056000009 -0.082879998 0.78400004
0.054506674 -0.082879998 0.78400004
0.053013343 -0.082879998 0.78400004
0.051520009 -0.082879998 0.78400004
0.050026678 -0.082879998 0.78400004
0.048533343 -0.082879998 0.78400004
0.047040008 -0.082879998 0.78400004
0.045546677 -0.082879998 0.78400004
0.16471335 -0.085772373 0.79700005
0.16278574 -0.085557133 0.79500002
0.16086574 -0.085341893 0.79300004
0.15895334 -0.085126653 0.79100001
0.15704858 -0.084911413 0.78900003
0.15534858 -0.084803797 0.78800005
0.15306666 -0.084373325 0.78400004
0.15157335 -0.084373325 0.78400004
0.15008001 -0.084373325 0.78400004
0.14858668 -0.084373325 0.78400004
0.1467181 -0.084158085 0.78200006
0.14485715 -0.083942845 0.78000003
0.14337143 -0.083942845 0.78000003
0.14170381 -0.083835229 0.77900004
0.14022 -0.083835229 0.77900004
0.13873619 -0.083835229 0.77900004
0.13690001 -0.083619989 0.77700001
0.13542001 -0.083619989 0.77700001
0.13394001 -0.083619989 0.77700001
0.13246 -0.083619989 0.77700001
0.13098 -0.083619989 0.77700001
0.1295 -0.083619989 0.77700001
0.12834953 -0.083835229 0.77900004
0.12686571 -0.083835237 0.77900004
0.12538192 -0.083835237 0.77900004
0.1238981 -0.083835237 0.77900004
0.12257144 -0.083942853 0.78000003
0.12062001 -0.083619997 0.77700001
0.11960001 -0.083942853 0.78000003
0.1181143 -0.083942853 0.78000003
0.11662858 -0.083942853 0.78000003
0.11514287 -0.083942853 0.78000003
0.10685049 -0.07996095 0.74300003
0.10543525 -0.07996095 0.74300003
0.10430001 -0.08017619 0.74500006
0.10260478 -0.07996095 0.74300003
0.10118953 -0.07996095 0.74300003
0.099774294 -0.07996095 0.74300003
0.098359056 -0.07996095 0.74300003
0.096943818 -0.07996095 0.74300003
0.09552858 -0.07996095 0.74300003
0.094113342 -0.07996095 0.74300003
0.092698105 -0.07996095 0.74300003
0.091282867 -0.07996095 0.74300003
0.089867629 -0.07996095 0.74300003
0.088452391 -0.07996095 0.74300003
0.087037154 -0.07996095 0.74300003
0.085621916 -0.07996095 0.74300003
0.084206678 -0.07996095 0.74300003
0.08279144 -0.07996095 0.74300003
0.081376202 -0.07996095 0.74300003
0.079960965 -0.07996095 0.74300003
0.078545727 -0.07996095 0.74300003
0.077130489 -0.07996095 0.74300003
0.075715251 -0.07996095 0.74300003
0.074300013 -0.07996095 0.74300003
0.072884776 -0.07996095 0.74300003
0.075798109 -0.084803805 0.78800005
0.074108578 -0.084588565 0.78600001
0.072426677 -0.084373333 0.78400004
0.070933342 -0.084373333 0.78400004
0.069440007 -0.084373333 0.78400004
0.06794668 -0.084373333 0.78400004
0.066453345 -0.084373333 0.78400004
0.06496001 -0.084373333 0.78400004
0.063466676 -0.084373333 0.78400004
0.061973345 -0.084373333 0.78400004
0.06048001 -0.084373333 0.78400004
0.058986675 -0.084373333 0.78400004
0.057493344 -0.084373333 0.78400004
0.056000009 -0.084373333 0.78400004
0.054506674 -0.084373333 0.78400004
0.053013343 -0.084373333 0.78400004
0.051520009 -0.084373333 0.78400004
0.050026678 -0.084373333 0.78400004
0.048533343 -0.084373333 0.78400004
0.16623145 -0.087290466 0.79700005
0.16471335 -0.087290466 0.79700005
0.16278574 -0.087071419 0.79500002
0.16086574 -0.086852372 0.79300004
0.15855145 -0.086414278 0.78900003
0.1570486 -0.086414278 0.78900003
0.1553486 -0.086304747 0.78800005
0.15345716 -0.086085699 0.78600001
0.15234669 -0.086304747 0.78800005
0.15046288 -0.086085699 0.78600001
0.14896573 -0.086085699 0.78600001
0.14671811 -0.085647605 0.78200006
0.14522859 -0.085647605 0.78200006
0.14373907 -0.085647605 0.78200006
0.14188573 -0.085428558 0.78000003
0.14040002 -0.085428558 0.78000003
0.1389143 -0.085428558 0.78000003
0.1374286 -0.085428558 0.78000003
0.13594288 -0.085428558 0.78000003
0.13445716 -0.085428558 0.78000003
0.13297145 -0.085428558 0.78000003
0.13131717 -0.085319035 0.77900004
0.12983336 -0.085319035 0.77900004
0.1285143 -0.085428558 0.78000003
0.12702858 -0.085428566 0.78000003
0.12554288 -0.085428566 0.78000003
0.12405715 -0.085428566 0.78000003
0.12288573 -0.085647613 0.78200006
0.12108573 -0.085428566 0.78000003
0.11990668 -0.085647613 0.78200006
0.11841715 -0.085647613 0.78200006
0.11662858 -0.085428566 0.78000003
0.11514287 -0.085428566 0.78000003
0.10685049 -0.081376188 0.74300003
0.10543525 -0.081376188 0.74300003
0.10430001 -0.081595235 0.74500006
0.10288096 -0.081595235 0.74500006
0.10118953 -0.081376188 0.74300003
0.099774294 -0.081376188 0.74300003
0.098359056 -0.081376188 0.74300003
0.096943818 -0.081376188 0.74300003
0.09552858 -0.081376188 0.74300003
0.094113342 -0.081376188 0.74300003
0.092698105 -0.081376188 0.74300003
0.091282867 -0.081376188 0.74300003
0.089867629 -0.081376188 0.74300003
0.088452391 -0.081376188 0.74300003
0.087037154 -0.081376188 0.74300003
0.085621916 -0.081376188 0.74300003
0.084206678 -0.081376188 0.74300003
0.08279144 -0.081376188 0.74300003
0.081376202 -0.081376188 0.74300003
0.079960965 -0.081376188 0.74300003
0.078545727 -0.081376188 0.74300003
0.077130489 -0.081376188 0.74300003
0.075715251 -0.081376188 0.74300003
0.074300013 -0.081376188 0.74300003
0.072884776 -0.081376188 0.74300003
0.075798109 -0.086304754 0.78800005
0.074297152 -0.086304754 0.78800005
0.072611436 -0.086085707 0.78600001
0.070933342 -0.08586666 0.78400004
0.069440007 -0.08586666 0.78400004
0.06794668 -0.08586666 0.78400004
0.066453345 -0.08586666 0.78400004
0.06496001 -0.08586666 0.78400004
0.063466676 -0.08586666 0.78400004
0.061973345 -0.08586666 0.78400004
0.06048001 -0.08586666 0.78400004
0.058986675 -0.08586666 0.78400004
0.057493344 -0.08586666 0.78400004
0.056000009 -0.08586666 0.78400004
0.054506674 -0.08586666 0.78400004
0.053013343 -0.08586666 0.78400004
0.051520009 -0.08586666 0.78400004
0.050026678 -0.08586666 0.78400004
0.16623145 -0.088808559 0.79700005
0.16430002 -0.088585705 0.79500002
0.16237621 -0.088362843 0.79300004
0.16046003 -0.088139988 0.79100001
0.15855145 -0.087917134 0.78900003
0.1570486 -0.087917134 0.78900003
0.1553486 -0.087805703 0.78800005
0.15384763 -0.087805703 0.78800005
0.15234669 -0.087805703 0.78800005
0.15046288 -0.087582849 0.78600001
0.14896573 -0.087582849 0.78600001
0.14709336 -0.087359987 0.78400004
0.14560002 -0.087359987 0.78400004
0.14373907 -0.087137133 0.78200006
0.14224954 -0.087137133 0.78200006
0.14076002 -0.087137133 0.78200006
0.1392705 -0.087137133 0.78200006
0.13778098 -0.087137133 0.78200006
0.13629144 -0.087137133 0.78200006
0.13480192 -0.087137133 0.78200006
0.1333124 -0.087137133 0.78200006
0.13216002 -0.087359987 0.78400004
0.13033335 -0.087137133 0.78200006
0.12917335 -0.087359987 0.78400004
0.12768002 -0.087359995 0.78400004
0.12618668 -0.087359995 0.78400004
0.12469335 -0.087359995 0.78400004
0.12320001 -0.087359995 0.78400004
0.12170668 -0.087359995 0.78400004
0.12021334 -0.087359995 0.78400004
0.11872001 -0.087359995 0.78400004
0.11722668 -0.087359995 0.78400004
0.11573335 -0.087359995 0.78400004
0.1089943 -0.083348565 0.74800003
0.10756954 -0.083348565 0.74800003
0.10571906 -0.08301428 0.74500006
0.10458001 -0.083237141 0.74700004
0.10288096 -0.08301428 0.74500006
0.10146192 -0.08301428 0.74500006
0.099774294 -0.082791425 0.74300003
0.098359056 -0.082791425 0.74300003
0.096943818 -0.082791425 0.74300003
0.09552858 -0.082791425 0.74300003
0.094113342 -0.082791425 0.74300003
0.092698105 -0.082791425 0.74300003
0.091160014 -0.082679994 0.74200004
0.089746676 -0.082679994 0.74200004
0.088333346 -0.082679994 0.74200004
0.087037154 -0.082791425 0.74300003
0.085621916 -0.082791425 0.74300003
0.084206678 -0.082791425 0.74300003
0.08279144 -0.082791425 0.74300003
0.081376202 -0.082791425 0.74300003
0.079960965 -0.082791425 0.74300003
0.078545727 -0.082791425 0.74300003
0.077130489 -0.082791425 0.74300003
0.075715251 -0.082791425 0.74300003
0.074300013 -0.082791425 0.74300003
0.077593341 -0.088139996 0.79100001
0.076086678 -0.088139996 0.79100001
0.07439144 -0.087917142 0.78900003
0.072611436 -0.087582856 0.78600001
0.071114294 -0.087582856 0.78600001
0.069617152 -0.087582856 0.78600001
0.06812001 -0.087582856 0.78600001
0.066453345 -0.087359995 0.78400004
0.06496001 -0.087359995 0.78400004
0.063628584 -0.087582856 0.78600001
0.062131438 -0.087582856 0.78600001
0.060634296 -0.087582856 0.78600001
0.059137151 -0.087582856 0.78600001
0.057640009 -0.087582856 0.78600001
0.056142867 -0.087582856 0.78600001
0.054645725 -0.087582856 0.78600001
0.053148583 -0.087582856 0.78600001
0.051651437 -0.087582856 0.78600001
0.050026678 -0.087359995 0.78400004
0.16838098 -0.090666652 0.80000001
0.16581431 -0.09009999 0.79500002
0.16430002 -0.09009999 0.79500002
0.16237621 -0.089873321 0.79300004
0.16046003 -0.089646652 0.79100001
0.15855145 -0.089419991 0.78900003
0.15684955 -0.089306653 0.78800005
0.1553486 -0.089306653 0.78800005
0.15384763 -0.089306653 0.78800005
0.15234669 -0.089306653 0.78800005
0.15046288 -0.089079991 0.78600001
0.14896573 -0.089079991 0.78600001
0.14709336 -0.088853322 0.78400004
0.14560002 -0.088853322 0.78400004
0.14410669 -0.088853322 0.78400004
0.14224954 -0.088626653 0.78200006
0.14112002 -0.088853322 0.78400004
0.1392705 -0.088626653 0.78200006
0.13778098 -0.088626653 0.78200006
0.13629144 -0.088626653 0.78200006
0.13514669 -0.088853322 0.78400004
0.13365336 -0.088853322 0.78400004
0.13249716 -0.089079991 0.78600001
0.13100003 -0.089079991 0.78600001
0.12950288 -0.089079991 0.78600001
0.12768002 -0.088853329 0.78400004
0.12618668 -0.088853329 0.78400004
0.12501144 -0.089079998 0.78600001
0.12351429 -0.089079998 0.78600001
0.12201715 -0.089079998 0.78600001
0.12052001 -0.089079998 0.78600001
0.11902287 -0.089079998 0.78600001
0.11752573 -0.089079998 0.78600001
0.11573335 -0.088853329 0.78400004
0.1089943 -0.084773332 0.74800003
0.10756954 -0.084773332 0.74800003
0.10614477 -0.084773332 0.74800003
0.10472001 -0.084773332 0.74800003
0.10315716 -0.084659994 0.74700004
0.10146192 -0.084433332 0.74500006
0.10004286 -0.084433332 0.74500006
0.09862382 -0.084433332 0.74500006
0.096943818 -0.084206663 0.74300003
0.09552858 -0.084206663 0.74300003
0.094113342 -0.084206663 0.74300003
0.092698105 -0.084206663 0.74300003
0.091282867 -0.084206663 0.74300003
0.089867629 -0.084206663 0.74300003
0.088333346 -0.084093332 0.74200004
0.086920008 -0.084093332 0.74200004
0.085621916 -0.084206663 0.74300003
0.084206678 -0.084206663 0.74300003
0.08279144 -0.084206663 0.74300003
0.081376202 -0.084206663 0.74300003
0.079853341 -0.084093332 0.74200004
0.078440011 -0.084093332 0.74200004
0.077130489 -0.084206663 0.74300003
0.080810487 -0.089873329 0.79300004
0.079100013 -0.08964666 0.79100001
0.077593341 -0.08964666 0.79100001
0.076086678 -0.08964666 0.79100001
0.07439144 -0.089419998 0.78900003
0.072611436 -0.089079998 0.78600001
0.071114294 -0.089079998 0.78600001
0.069617152 -0.089079998 0.78600001
0.06812001 -0.089079998 0.78600001
0.066453345 -0.088853329 0.78400004
0.06496001 -0.088853329 0.78400004
0.063628584 -0.089079998 0.78600001
0.062131438 -0.089079998 0.78600001
0.060634296 -0.089079998 0.78600001
0.059137151 -0.089079998 0.78600001
0.057640009 -0.089079998 0.78600001
0.056142867 -0.089079998 0.78600001
0.054645725 -0.089079998 0.78600001
0.053148583 -0.089079998 0.78600001
0.051651437 -0.089079998 0.78600001
0.16838098 -0.092190467 0.80000001
0.16623145 -0.091844752 0.79700005
0.16471335 -0.091844752 0.79700005
0.16278574 -0.091614276 0.79500002
0.16086574 -0.0913838 0.79300004
0.15855145 -0.090922847 0.78900003
0.1570486 -0.090922847 0.78900003
0.1553486 -0.090807609 0.78800005
0.15384763 -0.090807609 0.78800005
0.15254001 -0.090922847 0.78900003
0.15084574 -0.090807609 0.78800005
0.14934479 -0.090807609 0.78800005
0.1474686 -0.090577133 0.78600001
0.14597145 -0.090577133 0.78600001
0.14410669 -0.090346657 0.78400004
0.14261335 -0.090346657 0.78400004
0.14112002 -0.090346657 0.78400004
0.13962668 -0.090346657 0.78400004
0.13813335 -0.090346657 0.78400004
0.13664003 -0.090346657 0.78400004
0.13514669 -0.090346657 0.78400004
0.13399431 -0.090577133 0.78600001
0.13249716 -0.090577133 0.78600001
0.13100003 -0.090577133 0.78600001
0.12950288 -0.090577133 0.78600001
0.12800573 -0.090577133 0.78600001
0.12650859 -0.09057714 0.78600001
0.12501144 -0.09057714 0.78600001
0.12382858 -0.090807617 0.78800005
0.12232763 -0.090807617 0.78800005
0.12082668 -0.090807617 0.78800005
0.11932573 -0.090807617 0.78800005
0.11782477 -0.090807617 0.78800005
0.10928573 -0.086428568 0.75000006
0.10785715 -0.086428568 0.75000006
0.10614477 -0.086198092 0.74800003
0.10472001 -0.086198092 0.74800003
0.10315716 -0.086082853 0.74700004
0.10146192 -0.085852377 0.74500006
0.10004286 -0.085852377 0.74500006
0.09862382 -0.085852377 0.74500006
0.096943818 -0.085621901 0.74300003
0.09552858 -0.085621901 0.74300003
0.093986675 -0.085506663 0.74200004
0.092698105 -0.085621901 0.74300003
0.091282867 -0.085621901 0.74300003
0.089867629 -0.085621901 0.74300003
0.088333346 -0.085506663 0.74200004
0.086920008 -0.085506663 0.74200004
0.085621916 -0.085621901 0.74300003
0.084093347 -0.085506663 0.74200004
0.08279144 -0.085621901 0.74300003
0.081266679 -0.085506663 0.74200004
0.079853341 -0.085506663 0.74200004
0.078440011 -0.085506663 0.74200004
0.082528584 -0.091614284 0.79500002
0.081218109 -0.09184476 0.79700005
0.079300009 -0.091383807 0.79300004
0.077789538 -0.091383807 0.79300004
0.076086678 -0.091153331 0.79100001
0.074580014 -0.091153331 0.79100001
0.072796203 -0.090807617 0.78800005
0.071114294 -0.09057714 0.78600001
0.069794297 -0.090807617 0.78800005
0.068293341 -0.090807617 0.78800005
0.066877149 -0.090922855 0.78900003
0.065374292 -0.090922855 0.78900003
0.063871436 -0.090922855 0.78900003
0.062368583 -0.090922855 0.78900003
0.060788579 -0.090807617 0.78800005
0.05928763 -0.090807617 0.78800005
0.057860009 -0.090922855 0.78900003
0.056357153 -0.090922855 0.78900003
0.054645725 -0.09057714 0.78600001
0.16990478 -0.093714274 0.80000001
0.16796002 -0.093479991 0.79800004
0.16623145 -0.093362845 0.79700005
0.16471335 -0.093362845 0.79700005
0.16278574 -0.093128562 0.79500002
0.16086574 -0.092894271 0.79300004
0.15855145 -0.092425704 0.78900003
0.1570486 -0.092425704 0.78900003
0.15554574 -0.092425704 0.78900003
0.15404288 -0.092425704 0.78900003
0.15254001 -0.092425704 0.78900003
0.15103716 -0.092425704 0.78900003
0.1495343 -0.092425704 0.78900003
0.14784382 -0.092308559 0.78800005
0.14634287 -0.092308559 0.78800005
0.14447431 -0.092074275 0.78600001
0.14297716 -0.092074275 0.78600001
0.14112002 -0.091839992 0.78400004
0.13962668 -0.091839992 0.78400004
0.13813335 -0.091839992 0.78400004
0.1369886 -0.092074275 0.78600001
0.13549145 -0.092074275 0.78600001
0.13399431 -0.092074275 0.78600001
0.13249716 -0.092074275 0.78600001
0.13133335 -0.092308559 0.78800005
0.1298324 -0.092308559 0.78800005
0.12833145 -0.092308559 0.78800005
0.12683049 -0.092308566 0.78800005
0.12532954 -0.092308566 0.78800005
0.12398572 -0.092425711 0.78900003
0.12248287 -0.092425711 0.78900003
0.12082668 -0.092308566 0.78800005
0.11947715 -0.092425711 0.78900003
0.1179743 -0.092425711 0.78900003
0.11647144 -0.092425711 0.78900003
0.10928573 -0.087857142 0.75000006
0.10785715 -0.087857142 0.75000006
0.10614477 -0.087622851 0.74800003
0.10472001 -0.087622851 0.74800003
0.10315716 -0.087505713 0.74700004
0.10146192 -0.087271422 0.74500006
0.10004286 -0.087271422 0.74500006
0.09862382 -0.087271422 0.74500006
0.097204775 -0.087271422 0.74500006
0.09552858 -0.087037139 0.74300003
0.093986675 -0.086919993 0.74200004
0.092698105 -0.087037139 0.74300003
0.091282867 -0.087037139 0.74300003
0.089867629 -0.087037139 0.74300003
0.088333346 -0.086919993 0.74200004
0.086920008 -0.086919993 0.74200004
0.085506678 -0.086919993 0.74200004
0.084093347 -0.086919993 0.74200004
0.082680009 -0.086919993 0.74200004
0.081266679 -0.086919993 0.74200004
0.079853341 -0.086919993 0.74200004
0.078440011 -0.086919993 0.74200004
0.082528584 -0.093128569 0.79500002
0.081014298 -0.093128569 0.79500002
0.079300009 -0.092894278 0.79300004
0.077789538 -0.092894278 0.79300004
0.076086678 -0.092659995 0.79100001
0.074580014 -0.092659995 0.79100001
0.073073342 -0.092659995 0.79100001
0.071385726 -0.092425711 0.78900003
0.06988287 -0.092425711 0.78900003
0.068380013 -0.092425711 0.78900003
0.06704668 -0.092659995 0.79100001
0.06587144 -0.093128569 0.79500002
0.064033344 -0.092659995 0.79100001
0.062368583 -0.092425711 0.78900003
0.060865723 -0.092425711 0.78900003
0.059362866 -0.092425711 0.78900003
0.057860009 -0.092425711 0.78900003
0.056357153 -0.092425711 0.78900003
0.16948003 -0.094999991 0.79800004
0.16796002 -0.094999991 0.79800004
0.16623145 -0.094880939 0.79700005
0.16471335 -0.094880939 0.79700005
0.16278574 -0.094642848 0.79500002
0.16086574 -0.09440475 0.79300004
0.15895335 -0.094166659 0.79100001
0.1570486 -0.093928561 0.78900003
0.15554574 -0.093928561 0.78900003
0.15404288 -0.093928561 0.78900003
0.15254001 -0.093928561 0.78900003
0.15103716 -0.093928561 0.78900003
0.1495343 -0.093928561 0.78900003
0.14803144 -0.093928561 0.78900003
0.14634287 -0.093809515 0.78800005
0.14484192 -0.093809515 0.78800005
0.14297716 -0.093571417 0.78600001
0.14148001 -0.093571417 0.78600001
0.13998288 -0.093571417 0.78600001
0.13848573 -0.093571417 0.78600001
0.1369886 -0.093571417 0.78600001
0.13549145 -0.093571417 0.78600001
0.13450573 -0.093928561 0.78900003
0.1328343 -0.093809515 0.78800005
0.13150002 -0.093928561 0.78900003
0.1298324 -0.093809515 0.78800005
0.12833145 -0.093809515 0.78800005
0.12683049 -0.093809523 0.78800005
0.12548859 -0.093928568 0.78900003
0.12398572 -0.093928568 0.78900003
0.12248287 -0.093928568 0.78900003
0.12098001 -0.093928568 0.78900003
0.11947715 -0.093928568 0.78900003
0.11827335 -0.094166666 0.79100001
0.11676668 -0.094166666 0.79100001
0.10928573 -0.089285709 0.75000006
0.10785715 -0.089285709 0.75000006
0.10642859 -0.089285709 0.75000006
0.10472001 -0.089047618 0.74800003
0.10315716 -0.088928565 0.74700004
0.10146192 -0.088690475 0.74500006
0.10004286 -0.088690475 0.74500006
0.09862382 -0.088690475 0.74500006
0.097204775 -0.088690475 0.74500006
0.09552858 -0.088452376 0.74300003
0.093986675 -0.088333331 0.74200004
0.092698105 -0.088452376 0.74300003
0.091282867 -0.088452376 0.74300003
0.089746676 -0.088333331 0.74200004
0.088333346 -0.088333331 0.74200004
0.086920008 -0.088333331 0.74200004
0.085506678 -0.088333331 0.74200004
0.084093347 -0.088333331 0.74200004
0.082680009 -0.088333331 0.74200004
0.081266679 -0.088333331 0.74200004
0.079638109 -0.088095233 0.74000001
0.078228585 -0.088095233 0.74000001
0.076819055 -0.088095233 0.74000001
0.081014298 -0.094642855 0.79500002
0.079300009 -0.094404757 0.79300004
0.077985726 -0.094642855 0.79500002
0.076086678 -0.094166666 0.79100001
0.074580014 -0.094166666 0.79100001
0.073073342 -0.094166666 0.79100001
0.071385726 -0.093928568 0.78900003
0.06988287 -0.093928568 0.78900003
0.068380013 -0.093928568 0.78900003
0.067385726 -0.094642855 0.79500002
0.066037156 -0.094880946 0.79700005
0.064357154 -0.094642855 0.79500002
0.062842868 -0.094642855 0.79500002
0.060865723 -0.093928568 0.78900003
0.059814297 -0.094642855 0.79500002
0.058300011 -0.094642855 0.79500002
0.056785725 -0.094642855 0.79500002
0.16796002 -0.096519992 0.79800004
0.16644002 -0.096519992 0.79800004
0.16492002 -0.096519992 0.79800004
0.16319525 -0.096399039 0.79700005
0.16127145 -0.096157134 0.79500002
0.15895335 -0.095673323 0.79100001
0.1570486 -0.095431417 0.78900003
0.15554574 -0.095431417 0.78900003
0.15404288 -0.095431417 0.78900003
0.15292668 -0.095673323 0.79100001
0.15103716 -0.095431417 0.78900003
0.1495343 -0.095431417 0.78900003
0.14803144 -0.095431417 0.78900003
0.14652859 -0.095431417 0.78900003
0.14484192 -0.095310465 0.78800005
0.14334098 -0.095310465 0.78800005
0.14202002 -0.095431417 0.78900003
0.14051716 -0.095431417 0.78900003
0.13883811 -0.095310465 0.78800005
0.13733716 -0.095310465 0.78800005
0.13583621 -0.095310465 0.78800005
0.13450573 -0.095431417 0.78900003
0.13300288 -0.095431417 0.78900003
0.13150002 -0.095431417 0.78900003
0.12999716 -0.095431417 0.78900003
0.12849431 -0.095431417 0.78900003
0.12699145 -0.095431425 0.78900003
0.12548859 -0.095431425 0.78900003
0.12398572 -0.095431425 0.78900003
0.12248287 -0.095431425 0.78900003
0.12098001 -0.095431425 0.78900003
0.11978001 -0.09567333 0.79100001
0.11827335 -0.09567333 0.79100001
0.11676668 -0.09567333 0.79100001
0.10928573 -0.090714283 0.75000006
0.10814478 -0.090956189 0.75200003
0.10642859 -0.090714283 0.75000006
0.10472001 -0.090472378 0.74800003
0.10329525 -0.090472378 0.74800003
0.1017343 -0.090351425 0.74700004
0.10031144 -0.090351425 0.74700004
0.09862382 -0.09010952 0.74500006
0.097204775 -0.09010952 0.74500006
0.095785722 -0.09010952 0.74500006
0.094113342 -0.089867614 0.74300003
0.092573345 -0.089746661 0.74200004
0.091160014 -0.089746661 0.74200004
0.089746676 -0.089746661 0.74200004
0.088333346 -0.089746661 0.74200004
0.086920008 -0.089746661 0.74200004
0.085276201 -0.089504756 0.74000001
0.083866678 -0.089504756 0.74000001
0.082457155 -0.089504756 0.74000001
0.081047632 -0.089504756 0.74000001
0.079638109 -0.089504756 0.74000001
0.078228585 -0.089504756 0.74000001
0.076819055 -0.089504756 0.74000001
0.080810487 -0.095915236 0.79300004
0.079300009 -0.095915236 0.79300004
0.077985726 -0.096157141 0.79500002
0.076279059 -0.095915236 0.79300004
0.07476858 -0.095915236 0.79300004
0.073258102 -0.095915236 0.79300004
0.071566679 -0.09567333 0.79100001
0.070060007 -0.09567333 0.79100001
0.069073342 -0.096399046 0.79700005
0.067555249 -0.096399046 0.79700005
0.066037156 -0.096399046 0.79700005
0.064357154 -0.096157141 0.79500002
0.063000962 -0.096399046 0.79700005
0.061482865 -0.096399046 0.79700005
0.059814297 -0.096157141 0.79500002
0.058300011 -0.096157141 0.79500002
0.056785725 -0.096157141 0.79500002
0.16838098 -0.098285705 0.80000001
0.16685717 -0.098285705 0.80000001
0.16492002 -0.098039992 0.79800004
0.16340002 -0.098039992 0.79800004
0.16167717 -0.097917132 0.79700005
0.16015907 -0.097917132 0.79700005
0.15744668 -0.097179987 0.79100001
0.15554574 -0.096934274 0.78900003
0.15404288 -0.096934274 0.78900003
0.15254001 -0.096934274 0.78900003
0.15142003 -0.097179987 0.79100001
0.14991336 -0.097179987 0.79100001
0.14840668 -0.097179987 0.79100001
0.14652859 -0.096934274 0.78900003
0.14502573 -0.096934274 0.78900003
0.14352287 -0.096934274 0.78900003
0.14202002 -0.096934274 0.78900003
0.14033906 -0.096811414 0.78800005
0.13883811 -0.096811414 0.78800005
0.13733716 -0.096811414 0.78800005
0.13583621 -0.096811414 0.78800005
0.13450573 -0.096934274 0.78900003
0.13300288 -0.096934274 0.78900003
0.13150002 -0.096934274 0.78900003
0.12999716 -0.096934274 0.78900003
0.12849431 -0.096934274 0.78900003
0.12699145 -0.096934281 0.78900003
0.12548859 -0.096934281 0.78900003
0.12430001 -0.097179994 0.79100001
0.12248287 -0.096934281 0.78900003
0.12098001 -0.096934281 0.78900003
0.11947715 -0.096934281 0.78900003
0.11827335 -0.097179994 0.79100001
0.11676668 -0.097179994 0.79100001
0.10928573 -0.09214285 0.75000006
0.10814478 -0.09238857 0.75200003
0.10642859 -0.09214285 0.75000006
0.10500001 -0.09214285 0.75000006
0.10329525 -0.091897137 0.74800003
0.1017343 -0.091774285 0.74700004
0.10004286 -0.091528565 0.74500006
0.09862382 -0.091528565 0.74500006
0.097204775 -0.091528565 0.74500006
0.095785722 -0.091528565 0.74500006
0.094113342 -0.091282852 0.74300003
0.092698105 -0.091282852 0.74300003
0.091160014 -0.091159999 0.74200004
0.089746676 -0.091159999 0.74200004
0.088095248 -0.090914279 0.74000001
0.086685725 -0.090914279 0.74000001
0.085160963 -0.090791427 0.73900002
0.083753347 -0.090791427 0.73900002
0.082345724 -0.090791427 0.73900002
0.080719061 -0.090545706 0.73700005
0.079315245 -0.090545706 0.73700005
0.077911437 -0.090545706 0.73700005
0.076507628 -0.090545706 0.73700005
0.080810487 -0.097425714 0.79300004
0.079300009 -0.097425714 0.79300004
0.077985726 -0.097671427 0.79500002
0.076279059 -0.097425714 0.79300004
0.074957155 -0.097671427 0.79500002
0.073442869 -0.097671427 0.79500002
0.071747631 -0.097425714 0.79300004
0.070414297 -0.097671427 0.79500002
0.069073342 -0.09791714 0.79700005
0.067640007 -0.09804 0.79800004
0.066120014 -0.09804 0.79800004
0.064519055 -0.09791714 0.79700005
0.063000962 -0.09791714 0.79700005
0.061482865 -0.09791714 0.79700005
0.16533336 -0.099809512 0.80000001
0.16380954 -0.099809512 0.80000001
0.16188002 -0.099559985 0.79800004
0.16015907 -0.099435225 0.79700005
0.15824288 -0.099185705 0.79500002
0.15633431 -0.098936178 0.79300004
0.15482382 -0.098936178 0.79300004
0.15331335 -0.098936178 0.79300004
0.15180288 -0.098936178 0.79300004
0.1502924 -0.098936178 0.79300004
0.14878193 -0.098936178 0.79300004
0.14727145 -0.098936178 0.79300004
0.14576097 -0.098936178 0.79300004
0.14388669 -0.098686658 0.79100001
0.14238001 -0.098686658 0.79100001
0.14087336 -0.098686658 0.79100001
0.1390143 -0.09843713 0.78900003
0.13751145 -0.09843713 0.78900003
0.13600859 -0.09843713 0.78900003
0.13450573 -0.09843713 0.78900003
0.13300288 -0.09843713 0.78900003
0.13150002 -0.09843713 0.78900003
0.12999716 -0.09843713 0.78900003
0.12849431 -0.09843713 0.78900003
0.12699145 -0.098437138 0.78900003
0.12548859 -0.098437138 0.78900003
0.12398572 -0.098437138 0.78900003
0.12248287 -0.098437138 0.78900003
0.12098001 -0.098437138 0.78900003
0.11947715 -0.098437138 0.78900003
0.1179743 -0.098437138 0.78900003
0.11647144 -0.098437138 0.78900003
0.10928573 -0.093571424 0.75000006
0.10785715 -0.093571424 0.75000006
0.10642859 -0.093571424 0.75000006
0.10472001 -0.093321897 0.74800003
0.10329525 -0.093321897 0.74800003
0.1017343 -0.093197137 0.74700004
0.10004286 -0.092947617 0.74500006
0.09862382 -0.092947617 0.74500006
0.097204775 -0.092947617 0.74500006
0.095785722 -0.092947617 0.74500006
0.094113342 -0.09269809 0.74300003
0.092698105 -0.09269809 0.74300003
0.091282867 -0.09269809 0.74300003
0.089746676 -0.09257333 0.74200004
0.088095248 -0.092323802 0.74000001
0.086685725 -0.092323802 0.74000001
0.085160963 -0.092199042 0.73900002
0.083526678 -0.091949522 0.73700005
0.08212287 -0.091949522 0.73700005
0.080719061 -0.091949522 0.73700005
0.079315245 -0.091949522 0.73700005
0.077911437 -0.091949522 0.73700005
0.076507628 -0.091949522 0.73700005
0.080810487 -0.098936185 0.79300004
0.079500012 -0.099185713 0.79500002
0.077985726 -0.099185713 0.79500002
0.076279059 -0.098936185 0.79300004
0.07476858 -0.098936185 0.79300004
0.073442869 -0.099185713 0.79500002
0.071928583 -0.099185713 0.79500002
0.070414297 -0.099185713 0.79500002
0.069073342 -0.099435233 0.79700005
0.067640007 -0.099559993 0.79800004
0.066120014 -0.099559993 0.79800004
0.064600013 -0.099559993 0.79800004
0.063000962 -0.099435233 0.79700005
0.16685717 -0.10133332 0.80000001
0.16533336 -0.10133332 0.80000001
0.16340002 -0.10107999 0.79800004
0.16188002 -0.10107999 0.79800004
0.16036002 -0.10107999 0.79800004
0.15864097 -0.10095333 0.79700005
0.1567286 -0.10069999 0.79500002
0.15482382 -0.10044666 0.79300004
0.15370002 -0.10069999 0.79500002
0.15218574 -0.10069999 0.79500002
0.1502924 -0.10044666 0.79300004
0.14878193 -0.10044666 0.79300004
0.14727145 -0.10044666 0.79300004
0.14576097 -0.10044666 0.79300004
0.1442505 -0.10044666 0.79300004
0.14274003 -0.10044666 0.79300004
0.14087336 -0.10019332 0.79100001
0.13936669 -0.10019332 0.79100001
0.13786002 -0.10019332 0.79100001
0.13635336 -0.10019332 0.79100001
0.13484669 -0.10019332 0.79100001
0.13300288 -0.099939987 0.78900003
0.13150002 -0.099939987 0.78900003
0.12999716 -0.099939987 0.78900003
0.12833145 -0.09981332 0.78800005
0.12699145 -0.099939995 0.78900003
0.12532954 -0.099813327 0.78800005
0.12382858 -0.099813327 0.78800005
0.12232763 -0.099813327 0.78800005
0.12082668 -0.099813327 0.78800005
0.11932573 -0.099813327 0.78800005
0.11782477 -0.099813327 0.78800005
0.11632382 -0.099813327 0.78800005
0.10785715 -0.094999999 0.75000006
0.10614477 -0.094746664 0.74800003
0.10472001 -0.094746664 0.74800003
0.10329525 -0.094746664 0.74800003
0.1017343 -0.094619997 0.74700004
0.10031144 -0.094619997 0.74700004
0.09862382 -0.094366662 0.74500006
0.097204775 -0.094366662 0.74500006
0.095785722 -0.094366662 0.74500006
0.094113342 -0.094113328 0.74300003
0.092698105 -0.094113328 0.74300003
0.091282867 -0.094113328 0.74300003
0.089746676 -0.09398666 0.74200004
0.087976202 -0.093606666 0.73900002
0.086568579 -0.093606666 0.73900002
0.084930487 -0.093353331 0.73700005
0.083526678 -0.093353331 0.73700005
0.082011439 -0.093226664 0.73600006
0.080609538 -0.093226664 0.73600006
0.079315245 -0.093353331 0.73700005
0.077911437 -0.093353331 0.73700005
0.076507628 -0.093353331 0.73700005
0.079500012 -0.1007 0.79500002
0.077985726 -0.1007 0.79500002
0.076663822 -0.10095333 0.79700005
0.075145721 -0.10095333 0.79700005
0.073627628 -0.10095333 0.79700005
0.072109535 -0.10095333 0.79700005
0.070591442 -0.10095333 0.79700005
0.069073342 -0.10095333 0.79700005
0.067640007 -0.10107999 0.79800004
0.066120014 -0.10107999 0.79800004
0.064600013 -0.10107999 0.79800004
0.16533336 -0.10285714 0.80000001
0.16380954 -0.10285714 0.80000001
0.16228573 -0.10285714 0.80000001
0.16036002 -0.10259999 0.79800004
0.15864097 -0.10247142 0.79700005
0.1567286 -0.10221428 0.79500002
0.15521431 -0.10221428 0.79500002
0.15408669 -0.10247142 0.79700005
0.15218574 -0.10221428 0.79500002
0.15067145 -0.10221428 0.79500002
0.14878193 -0.10195713 0.79300004
0.14727145 -0.10195713 0.79300004
0.14612859 -0.10221428 0.79500002
0.1442505 -0.10195713 0.79300004
0.14274003 -0.10195713 0.79300004
0.14122954 -0.10195713 0.79300004
0.13971907 -0.10195713 0.79300004
0.13786002 -0.10169999 0.79100001
0.13669811 -0.10195713 0.79300004
0.13484669 -0.10169999 0.79100001
0.13334002 -0.10169999 0.79100001
0.13150002 -0.10144284 0.78900003
0.1298324 -0.10131428 0.78800005
0.12833145 -0.10131428 0.78800005
0.12683049 -0.10131428 0.78800005
0.12501144 -0.10105714 0.78600001
0.12351429 -0.10105714 0.78600001
0.12201715 -0.10105714 0.78600001
0.12052001 -0.10105714 0.78600001
0.11902287 -0.10105714 0.78600001
0.11782477 -0.10131428 0.78800005
0.11632382 -0.10131428 0.78800005
0.1089943 -0.096171424 0.74800003
0.10756954 -0.096171424 0.74800003
0.10614477 -0.096171424 0.74800003
0.10472001 -0.096171424 0.74800003
0.10329525 -0.096171424 0.74800003
0.10187048 -0.096171424 0.74800003
0.10031144 -0.096042857 0.74700004
0.09862382 -0.095785707 0.74500006
0.097204775 -0.095785707 0.74500006
0.095785722 -0.095785707 0.74500006
0.094113342 -0.095528565 0.74300003
0.092698105 -0.095528565 0.74300003
0.091160014 -0.095399998 0.74200004
0.089746676 -0.095399998 0.74200004
0.087976202 -0.095014282 0.73900002
0.086568579 -0.095014282 0.73900002
0.084930487 -0.09475714 0.73700005
0.08341334 -0.094628565 0.73600006
0.082011439 -0.094628565 0.73600006
0.080609538 -0.094628565 0.73600006
0.079207629 -0.094628565 0.73600006
0.077805728 -0.094628565 0.73600006
0.076760009 -0.10259999 0.79800004
0.075240009 -0.10259999 0.79800004
0.073720008 -0.10259999 0.79800004
0.072109535 -0.10247143 0.79700005
0.070591442 -0.10247143 0.79700005
0.069073342 -0.10247143 0.79700005
0.16380954 -0.10438094 0.80000001
0.16076192 -0.10438094 0.80000001
0.15884002 -0.10411999 0.79800004
0.15712288 -0.10398951 0.79700005
0.15521431 -0.10372856 0.79500002
0.15408669 -0.10398951 0.79700005
0.15256859 -0.10398951 0.79700005
0.15105049 -0.10398951 0.79700005
0.14915717 -0.10372856 0.79500002
0.14764288 -0.10372856 0.79500002
0.14612859 -0.10372856 0.79500002
0.14461431 -0.10372856 0.79500002
0.14310002 -0.10372856 0.79500002
0.14122954 -0.10346761 0.79300004
0.13971907 -0.10346761 0.79300004
0.13786002 -0.10320666 0.79100001
0.13635336 -0.10320666 0.79100001
0.13450573 -0.1029457 0.78900003
0.13300288 -0.1029457 0.78900003
0.13133335 -0.10281523 0.78800005
0.12950288 -0.10255428 0.78600001
0.12800573 -0.10255428 0.78600001
0.12650859 -0.10255428 0.78600001
0.12469335 -0.10229333 0.78400004
0.12320001 -0.10229333 0.78400004
0.1213962 -0.10203238 0.78200006
0.11990668 -0.10203238 0.78200006
0.11841715 -0.10203238 0.78200006
0.11662858 -0.10177142 0.78000003
0.11514287 -0.10177142 0.78000003
0.1089943 -0.097596183 0.74800003
0.10785715 -0.09785714 0.75000006
0.10614477 -0.097596183 0.74800003
0.10472001 -0.097596183 0.74800003
0.10329525 -0.097596183 0.74800003
0.10187048 -0.097596183 0.74800003
0.10031144 -0.097465709 0.74700004
0.098888583 -0.097465709 0.74700004
0.097204775 -0.09720476 0.74500006
0.096042871 -0.097465709 0.74700004
0.094366677 -0.09720476 0.74500006
0.092947632 -0.09720476 0.74500006
0.091282867 -0.096943803 0.74300003
0.089867629 -0.096943803 0.74300003
0.088095248 -0.096552379 0.74000001
0.086685725 -0.096552379 0.74000001
0.085160963 -0.096421897 0.73900002
0.08341334 -0.096030474 0.73600006
0.082011439 -0.096030474 0.73600006
0.080609538 -0.096030474 0.73600006
0.079207629 -0.096030474 0.73600006
0.077805728 -0.096030474 0.73600006
0.076760009 -0.10411999 0.79800004
0.075240009 -0.10411999 0.79800004
0.073720008 -0.10411999 0.79800004
0.072109535 -0.10398952 0.79700005
0.070591442 -0.10398952 0.79700005
0.16380954 -0.10590475 0.80000001
0.16228573 -0.10590475 0.80000001
0.16076192 -0.10590475 0.80000001
0.15884002 -0.10563999 0.79800004
0.15712288 -0.1055076 0.79700005
0.15560478 -0.1055076 0.79700005
0.15408669 -0.1055076 0.79700005
0.15256859 -0.1055076 0.79700005
0.15105049 -0.1055076 0.79700005
0.14953241 -0.1055076 0.79700005
0.14801431 -0.1055076 0.79700005
0.14649621 -0.1055076 0.79700005
0.14497812 -0.1055076 0.79700005
0.14346002 -0.1055076 0.79700005
0.14158574 -0.10524285 0.79500002
0.13971907 -0.10497808 0.79300004
0.13786002 -0.10471332 0.79100001
0.13635336 -0.10471332 0.79100001
0.13450573 -0.10444856 0.78900003
0.1328343 -0.10431618 0.78800005
0.13100003 -0.10405142 0.78600001
0.12950288 -0.10405142 0.78600001
0.12768002 -0.10378666 0.78400004
0.12618668 -0.10378666 0.78400004
0.12437525 -0.1035219 0.78200006
0.12288573 -0.1035219 0.78200006
0.1213962 -0.1035219 0.78200006
0.11960001 -0.10325714 0.78000003
0.1181143 -0.10325714 0.78000003
0.11662858 -0.10325714 0.78000003
0.11499525 -0.10312476 0.77900004
0.11351144 -0.10312476 0.77900004
0.11202763 -0.10312476 0.77900004
0.10642859 -0.099285707 0.75000006
0.10472001 -0.09902095 0.74800003
0.10329525 -0.09902095 0.74800003
0.10187048 -0.09902095 0.74800003
0.10044573 -0.09902095 0.74800003
0.099020965 -0.09902095 0.74800003
0.097596198 -0.09902095 0.74800003
0.096171439 -0.09902095 0.74800003
0.094366677 -0.098623805 0.74500006
0.092947632 -0.098623805 0.74500006
0.091282867 -0.098359041 0.74300003
0.089867629 -0.098359041 0.74300003
0.088333346 -0.098226666 0.74200004
0.086920008 -0.098226666 0.74200004
0.085276201 -0.097961903 0.74000001
0.083526678 -0.097564757 0.73700005
0.08212287 -0.097564757 0.73700005
0.080719061 -0.097564757 0.73700005
0.079207629 -0.097432375 0.73600006
0.077805728 -0.097432375 0.73600006
0.16380954 -0.10742856 0.80000001
0.16228573 -0.10742856 0.80000001
0.16076192 -0.10742856 0.80000001
0.15884002 -0.10715999 0.79800004
0.15712288 -0.10702571 0.79700005
0.15560478 -0.10702571 0.79700005
0.15428002 -0.10715999 0.79800004
0.15276001 -0.10715999 0.79800004
0.15124002 -0.10715999 0.79800004
0.14972001 -0.10715999 0.79800004
0.14820002 -0.10715999 0.79800004
0.14668003 -0.10715999 0.79800004
0.14516002 -0.10715999 0.79800004
0.14346002 -0.10702571 0.79700005
0.14158574 -0.10675713 0.79500002
0.14007145 -0.10675713 0.79500002
0.13786002 -0.10621999 0.79100001
0.13635336 -0.10621999 0.79100001
0.13433526 -0.10581713 0.78800005
0.1328343 -0.10581713 0.78800005
0.13100003 -0.10554856 0.78600001
0.12917335 -0.10527999 0.78400004
0.12768002 -0.10528 0.78400004
0.12618668 -0.10528 0.78400004
0.12437525 -0.10501143 0.78200006
0.12288573 -0.10501143 0.78200006
0.12093049 -0.10460857 0.77900004
0.11944668 -0.10460857 0.77900004
0.11796287 -0.10460857 0.77900004
0.11647906 -0.10460857 0.77900004
0.11499525 -0.10460857 0.77900004
0.11351144 -0.10460857 0.77900004
0.11202763 -0.10460857 0.77900004
0.10642859 -0.10071428 0.75000006
0.10472001 -0.10044571 0.74800003
0.10329525 -0.10044571 0.74800003
0.10187048 -0.10044571 0.74800003
0.10044573 -0.10044571 0.74800003
0.099020965 -0.10044571 0.74800003
0.097596198 -0.10044571 0.74800003
0.096171439 -0.10044571 0.74800003
0.094620012 -0.10031143 0.74700004
0.093197152 -0.10031143 0.74700004
0.09152858 -0.10004285 0.74500006
0.090109535 -0.10004285 0.74500006
0.088452391 -0.099774279 0.74300003
0.087271437 -0.10004285 0.74500006
0.085506678 -0.099639997 0.74200004
0.084773347 -0.10044571 0.74800003
0.08334858 -0.10044571 0.74800003
0.082142867 -0.10071428 0.75000006
0.080714293 -0.10071428 0.75000006
0.079285726 -0.10071428 0.75000006
0.15884002 -0.10867999 0.79800004
0.15712288 -0.1085438 0.79700005
0.15560478 -0.1085438 0.79700005
0.15428002 -0.10867999 0.79800004
0.15314288 -0.10895237 0.80000001
0.15161906 -0.10895237 0.80000001
0.15009525 -0.10895237 0.80000001
0.14857145 -0.10895237 0.80000001
0.14704764 -0.10895237 0.80000001
0.14516002 -0.10867999 0.79800004
0.14364003 -0.10867999 0.79800004
0.14194192 -0.1085438 0.79700005
0.13936669 -0.10772666 0.79100001
0.13786002 -0.10772666 0.79100001
0.13600859 -0.10745428 0.78900003
0.13433526 -0.10731808 0.78800005
0.13249716 -0.1070457 0.78600001
0.13100003 -0.1070457 0.78600001
0.12917335 -0.10677332 0.78400004
0.12768002 -0.10677333 0.78400004
0.12586477 -0.10650095 0.78200006
0.12437525 -0.10650095 0.78200006
0.1224143 -0.10609238 0.77900004
0.12093049 -0.10609238 0.77900004
0.11944668 -0.10609238 0.77900004
0.11796287 -0.10609238 0.77900004
0.11647906 -0.10609238 0.77900004
0.11499525 -0.10609238 0.77900004
0.11351144 -0.10609238 0.77900004
0.11202763 -0.10609238 0.77900004
0.11054382 -0.10609238 0.77900004
0.10472001 -0.10187047 0.74800003
0.10329525 -0.10187047 0.74800003
0.10187048 -0.10187047 0.74800003
0.10044573 -0.10187047 0.74800003
0.099285722 -0.10214286 0.75000006
0.098118104 -0.10241523 0.75200003
0.096428581 -0.10214286 0.75000006
0.095253341 -0.10241523 0.75200003
0.093571439 -0.10214286 0.75000006
0.092142865 -0.10214286 0.75000006
0.090472393 -0.10187047 0.74800003
0.089047633 -0.10187047 0.74800003
0.087622866 -0.10187047 0.74800003
0.086428583 -0.10214286 0.75000006
0.085000008 -0.10214286 0.75000006
0.083571441 -0.10214286 0.75000006
0.082142867 -0.10214286 0.75000006
0.080714293 -0.10214286 0.75000006
0.079285726 -0.10214286 0.75000006
0.077857152 -0.10214286 0.75000006
0.15884002 -0.11019999 0.79800004
0.15712288 -0.11006189 0.79700005
0.15580001 -0.11019999 0.79800004
0.15466669 -0.11047618 0.80000001
0.15314288 -0.11047618 0.80000001
0.14704764 -0.11047618 0.80000001
0.14552383 -0.11047618 0.80000001
0.14364003 -0.11019999 0.79800004
0.14194192 -0.11006189 0.79700005
0.13971907 -0.10950951 0.79300004
0.13786002 -0.10923332 0.79100001
0.13600859 -0.10895713 0.78900003
0.13433526 -0.10881904 0.78800005
0.13249716 -0.10854284 0.78600001
0.13100003 -0.10854284 0.78600001
0.12917335 -0.10826666 0.78400004
0.12768002 -0.10826667 0.78400004
0.12586477 -0.10799047 0.78200006
0.12437525 -0.10799047 0.78200006
0.1224143 -0.10757618 0.77900004
0.12093049 -0.10757618 0.77900004
0.11944668 -0.10757618 0.77900004
0.11796287 -0.10757618 0.77900004
0.11647906 -0.10757618 0.77900004
0.11499525 -0.10757618 0.77900004
0.11351144 -0.10757618 0.77900004
0.11202763 -0.10757618 0.77900004
0.11054382 -0.10757618 0.77900004
0.10472001 -0.10329524 0.74800003
0.10329525 -0.10329524 0.74800003
0.10187048 -0.10329524 0.74800003
0.10044573 -0.10329524 0.74800003
0.099550486 -0.10384762 0.75200003
0.098118104 -0.10384762 0.75200003
0.096685722 -0.10384762 0.75200003
0.095253341 -0.10384762 0.75200003
0.093571439 -0.10357142 0.75000006
0.092142865 -0.10357142 0.75000006
0.090472393 -0.10329524 0.74800003
0.089047633 -0.10329524 0.74800003
0.087622866 -0.10329524 0.74800003
0.086198106 -0.10329524 0.74800003
0.085000008 -0.10357142 0.75000006
0.083571441 -0.10357142 0.75000006
0.082142867 -0.10357142 0.75000006
0.080714293 -0.10357142 0.75000006
0.079497151 -0.10384762 0.75200003
0.07806477 -0.10384762 0.75200003
0.15712288 -0.11157999 0.79700005
0.15580001 -0.11171999 0.79800004
0.14364003 -0.11171999 0.79800004
0.14158574 -0.11129999 0.79500002
0.13971907 -0.11101999 0.79300004
0.13786002 -0.11073999 0.79100001
0.13600859 -0.11045999 0.78900003
0.13433526 -0.11031999 0.78800005
0.13249716 -0.11003999 0.78600001
0.13100003 -0.11003999 0.78600001
0.12917335 -0.10975999 0.78400004
0.12768002 -0.10975999 0.78400004
0.12586477 -0.10947999 0.78200006
0.12405715 -0.10919999 0.78000003
0.12257144 -0.10919999 0.78000003
0.12093049 -0.10906 0.77900004
0.11944668 -0.10906 0.77900004
0.11766001 -0.10878 0.77700001
0.11618001 -0.10878 0.77700001
0.11470001 -0.10878 0.77700001
0.11322001 -0.10878 0.77700001
0.11174001 -0.10878 0.77700001
0.11054382 -0.10906 0.77900004
0.10426191 -0.10569999 0.75500005
0.10282382 -0.10569999 0.75500005
0.10138573 -0.10569999 0.75500005
0.099947631 -0.10569999 0.75500005
0.098248586 -0.10541999 0.75300002
0.096814297 -0.10541999 0.75300002
0.095380008 -0.10541999 0.75300002
0.093820967 -0.10528 0.75200003
0.092142865 -0.105 0.75000006
0.090472393 -0.10472 0.74800003
0.089047633 -0.10472 0.74800003
0.087622866 -0.10472 0.74800003
0.086428583 -0.105 0.75000006
0.085000008 -0.105 0.75000006
0.083571441 -0.105 0.75000006
0.082361914 -0.10528 0.75200003
0.080929533 -0.10528 0.75200003
0.079497151 -0.10528 0.75200003
0.07806477 -0.10528 0.75200003
0.14704764 -0.1135238 0.80000001
0.14516002 -0.11323999 0.79800004
0.14346002 -0.11309808 0.79700005
0.14122954 -0.11253046 0.79300004
0.13936669 -0.11224665 0.79100001
0.13751145 -0.11196285 0.78900003
0.13583621 -0.11182094 0.78800005
0.13399431 -0.11153713 0.78600001
0.13216002 -0.11125332 0.78400004
0.13066669 -0.11125332 0.78400004
0.12917335 -0.11125332 0.78400004
0.12735431 -0.11096952 0.78200006
0.12554288 -0.11068571 0.78000003
0.12405715 -0.11068571 0.78000003
0.12257144 -0.11068571 0.78000003
0.12062001 -0.11025999 0.77700001
0.11914001 -0.11025999 0.77700001
0.11735716 -0.10997619 0.77500004
0.11588097 -0.10997619 0.77500004
0.11470001 -0.11025999 0.77700001
0.11322001 -0.11025999 0.77700001
0.11145239 -0.10997619 0.77500004
0.1099762 -0.10997619 0.77500004
0.10808001 -0.10955048 0.77200001
0.10633335 -0.10926666 0.77000004
0.10486668 -0.10926666 0.77000004
0.10152001 -0.10727999 0.75600004
0.10008001 -0.10727999 0.75600004
0.098509535 -0.10713809 0.75500005
0.097071439 -0.10713809 0.75500005
0.095380008 -0.10685428 0.75300002
0.093820967 -0.10671238 0.75200003
0.092388585 -0.10671238 0.75200003
0.090714298 -0.10642857 0.75000006
0.089285724 -0.10642857 0.75000006
0.087857157 -0.10642857 0.75000006
0.086428583 -0.10642857 0.75000006
0.085226677 -0.10671238 0.75200003
0.083794296 -0.10671238 0.75200003
0.082361914 -0.10671238 0.75200003
0.080929533 -0.10671238 0.75200003
0.079497151 -0.10671238 0.75200003
0.07806477 -0.10671238 0.75200003
0.14704764 -0.11504761 0.80000001
0.14497812 -0.11461618 0.79700005
0.14310002 -0.11432856 0.79500002
0.14122954 -0.11404094 0.79300004
0.13936669 -0.11375333 0.79100001
0.13751145 -0.1134657 0.78900003
0.13583621 -0.11332189 0.78800005
0.13399431 -0.11303428 0.78600001
0.13216002 -0.11274666 0.78400004
0.13066669 -0.11274666 0.78400004
0.12884383 -0.11245903 0.78200006
0.12735431 -0.11245904 0.78200006
0.12554288 -0.11217143 0.78000003
0.12405715 -0.11217143 0.78000003
0.1224143 -0.11202762 0.77900004
0.12093049 -0.11202762 0.77900004
0.11914001 -0.11173999 0.77700001
0.11735716 -0.11145238 0.77500004
0.11588097 -0.11145238 0.77500004
0.11440478 -0.11145238 0.77500004
0.11292858 -0.11145238 0.77500004
0.11116477 -0.11116476 0.77300006
0.10955049 -0.11102095 0.77200001
0.10780001 -0.11073333 0.77000004
0.10633335 -0.11073333 0.77000004
0.10391334 -0.10972666 0.76300001
0.10246001 -0.10972666 0.76300001
0.10034477 -0.10900762 0.75800002
0.09864001 -0.10872 0.75600004
0.097071439 -0.10857619 0.75500005
0.095633343 -0.10857619 0.75500005
0.093945727 -0.10828857 0.75300002
0.092388585 -0.10814476 0.75200003
0.090956204 -0.10814476 0.75200003
0.089523822 -0.10814476 0.75200003
0.087857157 -0.10785714 0.75000006
0.086428583 -0.10785714 0.75000006
0.085000008 -0.10785714 0.75000006
0.083571441 -0.10785714 0.75000006
0.082142867 -0.10785714 0.75000006
0.080929533 -0.10814476 0.75200003
0.079497151 -0.10814476 0.75200003
0.14857145 -0.11657142 0.80000001
0.14668003 -0.11627999 0.79800004
0.14497812 -0.11613428 0.79700005
0.14310002 -0.11584285 0.79500002
0.14122954 -0.11555142 0.79300004
0.13936669 -0.11525999 0.79100001
0.13751145 -0.11496856 0.78900003
0.13583621 -0.11482285 0.78800005
0.13399431 -0.11453142 0.78600001
0.13216002 -0.11423999 0.78400004
0.13033335 -0.11394856 0.78200006
0.12884383 -0.11394856 0.78200006
0.12735431 -0.11394857 0.78200006
0.12554288 -0.11365714 0.78000003
0.1238981 -0.11351143 0.77900004
0.1224143 -0.11351143 0.77900004
0.12093049 -0.11351143 0.77900004
0.11914001 -0.11322 0.77700001
0.11735716 -0.11292857 0.77500004
0.11588097 -0.11292857 0.77500004
0.11440478 -0.11292857 0.77500004
0.11292858 -0.11292857 0.77500004
0.11116477 -0.11263714 0.77300006
0.10955049 -0.11249143 0.77200001
0.10780001 -0.1122 0.77000004
0.10633335 -0.1122 0.77000004
0.1045943 -0.11190857 0.76800001
0.10272858 -0.11147142 0.76500005
0.10074192 -0.11088857 0.76100004
0.099161915 -0.11074285 0.76000005
0.097200014 -0.11015999 0.75600004
0.09576001 -0.11015999 0.75600004
0.094195247 -0.11001428 0.75500005
0.092757151 -0.11001428 0.75500005
0.091077156 -0.10972285 0.75300002
0.089523822 -0.10957714 0.75200003
0.08809144 -0.10957714 0.75200003
0.086659059 -0.10957714 0.75200003
0.085000008 -0.10928571 0.75000006
0.083571441 -0.10928571 0.75000006
0.082142867 -0.10928571 0.75000006
0.080929533 -0.10957714 0.75200003
0.079497151 -0.10957714 0.75200003
0.14801431 -0.11765237 0.79700005
0.14649621 -0.11765237 0.79700005
0.14461431 -0.11735713 0.79500002
0.14310002 -0.11735713 0.79500002
0.14122954 -0.11706189 0.79300004
0.13936669 -0.11676665 0.79100001
0.13751145 -0.11647142 0.78900003
0.13583621 -0.1163238 0.78800005
0.13399431 -0.11602856 0.78600001
0.13216002 -0.11573333 0.78400004
0.13033335 -0.11543808 0.78200006
0.12884383 -0.11543808 0.78200006
0.12702858 -0.11514285 0.78000003
0.12554288 -0.11514285 0.78000003
0.1238981 -0.11499523 0.77900004
0.1224143 -0.11499523 0.77900004
0.12093049 -0.11499523 0.77900004
0.11914001 -0.1147 0.77700001
0.11766001 -0.1147 0.77700001
0.11618001 -0.1147 0.77700001
0.11440478 -0.11440476 0.77500004
0.11263715 -0.11410952 0.77300006
0.11116477 -0.11410952 0.77300006
0.10955049 -0.1139619 0.77200001
0.10780001 -0.11366666 0.77000004
0.10605715 -0.11337142 0.76800001
0.10486668 -0.11366666 0.77000004
0.10299715 -0.11322381 0.76700002
0.10100668 -0.11263333 0.76300001
0.09929239 -0.11233809 0.76100004
0.097457156 -0.11189523 0.75800002
0.09576001 -0.1116 0.75600004
0.094320014 -0.1116 0.75600004
0.092757151 -0.11145238 0.75500005
0.091077156 -0.11115714 0.75300002
0.089642867 -0.11115714 0.75300002
0.08809144 -0.11100952 0.75200003
0.086659059 -0.11100952 0.75200003
0.085000008 -0.11071428 0.75000006
0.083571441 -0.11071428 0.75000006
0.082142867 -0.11071428 0.75000006
0.080714293 -0.11071428 0.75000006
0.079497151 -0.11100952 0.75200003
0.14801431 -0.11917046 0.79700005
0.14612859 -0.11887142 0.79500002
0.14461431 -0.11887142 0.79500002
0.14274003 -0.11857237 0.79300004
0.14122954 -0.11857237 0.79300004
0.13936669 -0.11827333 0.79100001
0.13786002 -0.11827333 0.79100001
0.13600859 -0.11797427 0.78900003
0.13433526 -0.11782475 0.78800005
0.13216002 -0.11722665 0.78400004
0.13033335 -0.11692761 0.78200006
0.12884383 -0.11692761 0.78200006
0.12702858 -0.11662856 0.78000003
0.12554288 -0.11662856 0.78000003
0.1238981 -0.11647905 0.77900004
0.1224143 -0.11647905 0.77900004
0.12062001 -0.11618 0.77700001
0.11914001 -0.11618 0.77700001
0.11735716 -0.11588095 0.77500004
0.11588097 -0.11588095 0.77500004
0.11440478 -0.11588095 0.77500004
0.11263715 -0.1155819 0.77300006
0.11116477 -0.1155819 0.77300006
0.10969239 -0.1155819 0.77300006
0.10808001 -0.11543237 0.77200001
0.10633335 -0.11513333 0.77000004
0.1045943 -0.11483428 0.76800001
0.10299715 -0.11468476 0.76700002
0.10127144 -0.11438571 0.76500005
0.099553347 -0.11408667 0.76300001
0.097714297 -0.1136381 0.76000005
0.09576001 -0.11304 0.75600004
0.094320014 -0.11304 0.75600004
0.092757151 -0.11289047 0.75500005
0.091077156 -0.11259142 0.75300002
0.089642867 -0.11259142 0.75300002
0.088208579 -0.11259142 0.75300002
0.086659059 -0.1124419 0.75200003
0.085000008 -0.11214285 0.75000006
0.083571441 -0.11214285 0.75000006
0.082142867 -0.11214285 0.75000006
0.080714293 -0.11214285 0.75000006
0.14612859 -0.12038571 0.79500002
0.14461431 -0.12038571 0.79500002
0.14310002 -0.12038571 0.79500002
0.14122954 -0.12008285 0.79300004
0.13936669 -0.11977999 0.79100001
0.13786002 -0.11977999 0.79100001
0.13600859 -0.11947713 0.78900003
0.13433526 -0.1193257 0.78800005
0.13216002 -0.11871999 0.78400004
0.13033335 -0.11841713 0.78200006
0.12884383 -0.11841713 0.78200006
0.12702858 -0.11811429 0.78000003
0.12538193 -0.11796285 0.77900004
0.1238981 -0.11796285 0.77900004
0.1224143 -0.11796285 0.77900004
0.12062001 -0.11765999 0.77700001
0.11914001 -0.11765999 0.77700001
0.11735716 -0.11735714 0.77500004
0.11618001 -0.11765999 0.77700001
0.11440478 -0.11735714 0.77500004
0.11292858 -0.11735714 0.77500004
0.11116477 -0.11705428 0.77300006
0.10969239 -0.11705428 0.77300006
0.10808001 -0.11690285 0.77200001
0.10660954 -0.11690285 0.77200001
0.10486668 -0.1166 0.77000004
0.10313144 -0.11629714 0.76800001
0.1015362 -0.11614571 0.76700002
0.10007525 -0.11614571 0.76700002
0.098100014 -0.11554 0.76300001
0.096393347 -0.11523714 0.76100004
0.094943821 -0.11523714 0.76100004
0.092757151 -0.11432857 0.75500005
0.091319062 -0.11432857 0.75500005
0.089880966 -0.11432857 0.75500005
0.088208579 -0.11402571 0.75300002
0.086659059 -0.11387428 0.75200003
0.085000008 -0.11357143 0.75000006
0.08334858 -0.11326857 0.74800003
0.08192382 -0.11326857 0.74800003
0.14461431 -0.12189999 0.79500002
0.14310002 -0.12189999 0.79500002
0.14122954 -0.12159333 0.79300004
0.13936669 -0.12128665 0.79100001
0.13786002 -0.12128665 0.79100001
0.13600859 -0.12097999 0.78900003
0.13433526 -0.12082665 0.78800005
0.13216002 -0.12021332 0.78400004
0.13033335 -0.11990666 0.78200006
0.12884383 -0.11990666 0.78200006
0.12702858 -0.1196 0.78000003
0.12554288 -0.1196 0.78000003
0.1238981 -0.11944667 0.77900004
0.1224143 -0.11944667 0.77900004
0.12093049 -0.11944667 0.77900004
0.11914001 -0.11914 0.77700001
0.11766001 -0.11914 0.77700001
0.11618001 -0.11914 0.77700001
0.11440478 -0.11883333 0.77500004
0.11292858 -0.11883333 0.77500004
0.11145239 -0.11883333 0.77500004
0.10969239 -0.11852666 0.77300006
0.10822001 -0.11852666 0.77300006
0.10660954 -0.11837333 0.77200001
0.10486668 -0.11806666 0.77000004
0.10313144 -0.11776 0.76800001
0.1015362 -0.11760666 0.76700002
0.10007525 -0.11760666 0.76700002
0.098357156 -0.1173 0.76500005
0.096900009 -0.1173 0.76500005
0.095193341 -0.11699333 0.76300001
0.092880011 -0.11592 0.75600004
0.091319062 -0.11576667 0.75500005
0.089642867 -0.11545999 0.75300002
0.08809144 -0.11530666 0.75200003
0.086428583 -0.11499999 0.75000006
0.085000008 -0.11499999 0.75000006
0.083571441 -0.11499999 0.75000006
0.08192382 -0.11469333 0.74800003
0.14310002 -0.12341428 0.79500002
0.14158574 -0.12341428 0.79500002
0.13936669 -0.12279332 0.79100001
0.13786002 -0.12279332 0.79100001
0.13600859 -0.12248284 0.78900003
0.13450573 -0.12248284 0.78900003
0.13216002 -0.12170666 0.78400004
0.13033335 -0.12139618 0.78200006
0.1285143 -0.1210857 0.78000003
0.12702858 -0.12108571 0.78000003
0.12538193 -0.12093047 0.77900004
0.1238981 -0.12093047 0.77900004
0.1224143 -0.12093047 0.77900004
0.12093049 -0.12093047 0.77900004
0.11944668 -0.12093047 0.77900004
0.11796287 -0.12093047 0.77900004
0.11618001 -0.12062 0.77700001
0.11470001 -0.12062 0.77700001
0.11292858 -0.12030952 0.77500004
0.11145239 -0.12030952 0.77500004
0.1099762 -0.12030952 0.77500004
0.10822001 -0.11999904 0.77300006
0.10674763 -0.11999904 0.77300006
0.10513906 -0.1198438 0.77200001
0.10340001 -0.11953333 0.77000004
0.10193335 -0.11953333 0.77000004
0.10020573 -0.11922286 0.76800001
0.098742865 -0.11922286 0.76800001
0.097280011 -0.11922286 0.76800001
0.095692389 -0.11906762 0.76700002
0.093494296 -0.11813619 0.76100004
0.091319062 -0.11720476 0.75500005
0.089880966 -0.11720476 0.75500005
0.08809144 -0.11673904 0.75200003
0.086428583 -0.11642857 0.75000006
0.085000008 -0.11642857 0.75000006
0.083571441 -0.11642857 0.75000006
0.14310002 -0.12492856 0.79500002
0.14158574 -0.12492856 0.79500002
0.13971907 -0.12461428 0.79300004
0.13786002 -0.12429999 0.79100001
0.13635336 -0.12429999 0.79100001
0.13484669 -0.12429999 0.79100001
0.13300288 -0.1239857 0.78900003
0.13150002 -0.1239857 0.78900003
0.12917335 -0.12319999 0.78400004
0.12768002 -0.1232 0.78400004
0.12554288 -0.12257142 0.78000003
0.1238981 -0.12241428 0.77900004
0.1224143 -0.12241428 0.77900004
0.12093049 -0.12241428 0.77900004
0.11960001 -0.12257142 0.78000003
0.1181143 -0.12257142 0.78000003
0.11647906 -0.12241428 0.77900004
0.11470001 -0.1221 0.77700001
0.11322001 -0.1221 0.77700001
0.11174001 -0.1221 0.77700001
0.11026001 -0.1221 0.77700001
0.10850001 -0.12178571 0.77500004
0.10702382 -0.12178571 0.77500004
0.10527525 -0.12147143 0.77300006
0.10380287 -0.12147143 0.77300006
0.10219811 -0.12131428 0.77200001
0.10046668 -0.121 0.77000004
0.099000014 -0.121 0.77000004
0.097533345 -0.121 0.77000004
0.095692389 -0.12052857 0.76700002
0.093985721 -0.12021428 0.76500005
0.091681913 -0.11911428 0.75800002
0.090238109 -0.11911428 0.75800002
0.08809144 -0.11817142 0.75200003
0.086428583 -0.11785714 0.75000006
0.085000008 -0.11785714 0.75000006
0.14158574 -0.12644285 0.79500002
0.13971907 -0.12612475 0.79300004
0.13786002 -0.12580666 0.79100001
0.13635336 -0.12580666 0.79100001
0.13484669 -0.12580666 0.79100001
0.13300288 -0.12548856 0.78900003
0.13150002 -0.12548856 0.78900003
0.12950288 -0.12501141 0.78600001
0.12768002 -0.12469333 0.78400004
0.12586477 -0.12437523 0.78200006
0.12437525 -0.12437523 0.78200006
0.12288573 -0.12437523 0.78200006
0.1213962 -0.12437523 0.78200006
0.11990668 -0.12437523 0.78200006
0.11841715 -0.12437523 0.78200006
0.11662858 -0.12405714 0.78000003
0.11470001 -0.12357999 0.77700001
0.11322001 -0.12357999 0.77700001
0.11174001 -0.12357999 0.77700001
0.11026001 -0.12357999 0.77700001
0.10878001 -0.12357999 0.77700001
0.10702382 -0.1232619 0.77500004
0.10554763 -0.1232619 0.77500004
0.10380287 -0.1229438 0.77300006
0.10233049 -0.1229438 0.77300006
0.10072763 -0.12278476 0.77200001
0.099257156 -0.12278476 0.77200001
0.097533345 -0.12246666 0.77000004
0.095817156 -0.12214857 0.76800001
0.094231442 -0.12198952 0.76700002
0.092770487 -0.12198952 0.76700002
0.091309533 -0.12198952 0.76700002
0.13971907 -0.12763523 0.79300004
0.13786002 -0.12731332 0.79100001
0.13635336 -0.12731332 0.79100001
0.13484669 -0.12731332 0.79100001
0.13300288 -0.12699142 0.78900003
0.13150002 -0.12699142 0.78900003
0.12999716 -0.12699142 0.78900003
0.12768002 -0.12618665 0.78400004
0.12618668 -0.12618665 0.78400004
0.12469335 -0.12618665 0.78400004
0.12320001 -0.12618665 0.78400004
0.1213962 -0.12586474 0.78200006
0.12021334 -0.12618665 0.78400004
0.11872001 -0.12618665 0.78400004
0.11722668 -0.12618665 0.78400004
0.11573335 -0.12618665 0.78400004
0.11351144 -0.1253819 0.77900004
0.11202763 -0.1253819 0.77900004
0.11068573 -0.12554285 0.78000003
0.10906001 -0.1253819 0.77900004
0.1075762 -0.1253819 0.77900004
0.10582001 -0.12505999 0.77700001
0.10434001 -0.12505999 0.77700001
0.10286001 -0.12505999 0.77700001
0.10138001 -0.12505999 0.77700001
0.099642865 -0.12473809 0.77500004
0.097913347 -0.12441619 0.77300006
0.096440963 -0.12441619 0.77300006
0.094231442 -0.12345047 0.76700002
0.092770487 -0.12345047 0.76700002
0.091309533 -0.12345047 0.76700002
0.13971907 -0.1291457 0.79300004
0.1382086 -0.1291457 0.79300004
0.13669811 -0.1291457 0.79300004
0.13518764 -0.1291457 0.79300004
0.13334002 -0.12881999 0.79100001
0.13183336 -0.12881999 0.79100001
0.13032669 -0.12881999 0.79100001
0.12768002 -0.12767999 0.78400004
0.12618668 -0.12767999 0.78400004
0.12501144 -0.1280057 0.78600001
0.1235143 -0.1280057 0.78600001
0.12021334 -0.12767999 0.78400004
0.11902288 -0.1280057 0.78600001
0.11752573 -0.1280057 0.78600001
0.11573335 -0.12767999 0.78400004
0.11365715 -0.12702855 0.78000003
0.11217144 -0.12702855 0.78000003
0.11096954 -0.12735428 0.78200006
0.10920001 -0.12702855 0.78000003
0.1075762 -0.1268657 0.77900004
0.10609239 -0.1268657 0.77900004
0.10434001 -0.12653999 0.77700001
0.10286001 -0.12653999 0.77700001
0.10138001 -0.12653999 0.77700001
0.099642865 -0.12621428 0.77500004
0.097913347 -0.12588856 0.77300006
0.096440963 -0.12588856 0.77300006
0.13971907 -0.13065618 0.79300004
0.13855717 -0.13098571 0.79500002
0.13704288 -0.13098571 0.79500002
0.13518764 -0.13065618 0.79300004
0.13334002 -0.13032666 0.79100001
0.13183336 -0.13032666 0.79100001
0.13032669 -0.13032666 0.79100001
0.12768002 -0.12917332 0.78400004
0.12699145 -0.12999713 0.78900003
0.12548859 -0.12999713 0.78900003
0.12398573 -0.12999713 0.78900003
0.11902288 -0.12950285 0.78600001
0.11573336 -0.12917332 0.78400004
0.11365716 -0.12851427 0.78000003
0.11217145 -0.12851427 0.78000003
0.11096954 -0.1288438 0.78200006
0.10920002 -0.12851427 0.78000003
0.10757621 -0.12834951 0.77900004
0.1060924 -0.12834951 0.77900004
0.10460859 -0.12834951 0.77900004
0.10286002 -0.12801999 0.77700001
0.10138002 -0.12801999 0.77700001
0.099900022 -0.12801999 0.77700001
0.097913347 -0.12736094 0.77300006
0.096440963 -0.12736094 0.77300006
0.11394859 -0.13033332 0.78200006
0.11245906 -0.13033332 0.78200006
0.11096954 -0.13033332 0.78200006
0.10920002 -0.13 0.78000003
0.1077143 -0.13 0.78000003
0.10622859 -0.13 0.78000003
0.10460859 -0.12983333 0.77900004
0.10312478 -0.12983333 0.77900004
0.10164097 -0.12983333 0.77900004
0.10015716 -0.12983333 0.77900004
