0.054868 0.702875 0.079080 
 0.047234 0.707674 0.107099 
 0.029947 0.706288 0.112178 
 0.012660 0.704902 0.117256 
 -0.004627 0.703516 0.122334 
 -0.021914 0.702130 0.127412 
 -0.039201 0.700745 0.132491 
 -0.056488 0.699359 0.137569 
 -0.073775 0.697973 0.142647 
 -0.091062 0.696587 0.147726 
 -0.108350 0.695201 0.152804 
 -0.125637 0.693815 0.157882 
 -0.142924 0.692429 0.162961 
 -0.160211 0.691043 0.168039 
 -0.177498 0.689657 0.173117 
 -0.194785 0.688272 0.178195 
 -0.203137 0.693013 0.206425 
 -0.220469 0.691624 0.211517 
 -0.233379 0.693294 0.228198 
 0.107847 0.689053 0.063242 
 0.085731 0.684598 0.056851 
 0.068511 0.683218 0.061909 
 0.065777 0.691044 0.101377 
 0.034072 0.680457 0.072026 
 0.021636 0.682142 0.088568 
 0.004393 0.680759 0.093633 
 -0.012849 0.679377 0.098698 
 -0.030091 0.677995 0.103763 
 -0.047333 0.676612 0.108828 
 -0.064575 0.675230 0.113893 
 -0.081818 0.673848 0.118958 
 -0.099060 0.672466 0.124023 
 -0.116302 0.671083 0.129089 
 -0.133544 0.669701 0.134154 
 -0.150787 0.668319 0.139219 
 -0.158956 0.673028 0.167395 
 -0.176243 0.671642 0.172473 
 -0.193530 0.670256 0.177552 
 -0.210817 0.668870 0.182630 
 -0.219211 0.673561 0.210871 
 -0.232119 0.675208 0.227552 
 -0.231866 0.685956 0.279029 
 0.292728 0.709731 0.124645 
 0.275284 0.708333 0.129769 
 0.257840 0.706934 0.134894 
 0.240396 0.705536 0.140018 
 0.212977 0.698021 0.122298 
 0.195578 0.696626 0.127409 
 0.168294 0.689122 0.109649 
 0.146020 0.684678 0.103304 
 0.104201 0.668033 0.051151 
 0.086982 0.666653 0.056209 
 0.069762 0.665272 0.061268 
 0.042882 0.657800 0.043389 
 0.025707 0.656424 0.048435 
 0.018102 0.661131 0.076443 
 0.000883 0.659750 0.081502 
 -0.016337 0.658370 0.086561 
 -0.033557 0.656989 0.091619 
 -0.050777 0.655609 0.096678 
 -0.067996 0.654228 0.101736 
 -0.080566 0.655879 0.118316 
 -0.102436 0.651468 0.111853 
 -0.119656 0.650087 0.116912 
 -0.136876 0.648707 0.121970 
 -0.154095 0.647326 0.127029 
 -0.166777 0.648968 0.143642 
 -0.184019 0.647585 0.148707 
 -0.201261 0.646203 0.153772 
 -0.209562 0.650854 0.181986 
 -0.226849 0.649469 0.187064 
 -0.235285 0.654109 0.215317 
 -0.248213 0.655731 0.232003 
 -0.248044 0.666378 0.283503 
 -0.256771 0.670996 0.311843 
 0.339130 0.700440 0.136511 
 0.311439 0.692950 0.118871 
 0.304152 0.697636 0.146786 
 0.286663 0.696234 0.151924 
 0.259106 0.688755 0.134244 
 0.216606 0.672173 0.082293 
 0.189297 0.664714 0.064541 
 0.162077 0.657262 0.046762 
 0.164610 0.668005 0.097567 
 0.137435 0.660556 0.079776 
 0.095654 0.644032 0.027613 
 0.078479 0.642656 0.032659 
 0.061304 0.641279 0.037704 
 0.044129 0.639902 0.042749 
 0.026954 0.638525 0.047795 
 0.009779 0.637148 0.052840 
 -0.007395 0.635771 0.057885 
 -0.024570 0.634394 0.062931 
 -0.041745 0.633017 0.067976 
 -0.058920 0.631641 0.073021 
 -0.076095 0.630264 0.078067 
 -0.093270 0.628887 0.083112 
 -0.110445 0.627510 0.088157 
 -0.127620 0.626133 0.093203 
 -0.144794 0.624756 0.098248 
 -0.152845 0.629380 0.126387 
 -0.170065 0.628000 0.131446 
 -0.187285 0.626619 0.136504 
 -0.200010 0.628234 0.153129 
 -0.217252 0.626852 0.158195 
 -0.225594 0.631453 0.186420 
 -0.242881 0.630067 0.191498 
 -0.251358 0.634657 0.219763 
 -0.264308 0.636254 0.236455 
 -0.264222 0.646801 0.287978 
 -0.268653 0.654350 0.327942 
 -0.286165 0.652946 0.333086 
 -0.286505 0.663458 0.384735 
 0.454033 0.704380 0.166913 
 0.436431 0.702969 0.172084 
 0.418830 0.701558 0.177254 
 0.380549 0.688044 0.136952 
 0.363037 0.686640 0.142096 
 0.340400 0.682214 0.135859 
 0.312706 0.674771 0.118221 
 0.295261 0.673372 0.123345 
 0.267702 0.665940 0.105668 
 0.250302 0.664545 0.110779 
 0.207839 0.648084 0.058819 
 0.190552 0.646698 0.063897 
 0.173265 0.645312 0.068975 
 0.141141 0.634903 0.039751 
 0.123921 0.633523 0.044809 
 0.096901 0.626134 0.026974 
 0.069969 0.618752 0.009111 
 0.052840 0.617379 0.014143 
 0.035710 0.616005 0.019175 
 0.018580 0.614632 0.024207 
 0.001450 0.613259 0.029239 
 -0.015680 0.611886 0.034271 
 -0.032810 0.610512 0.039303 
 -0.049940 0.609139 0.044336 
 -0.067070 0.607766 0.049368 
 -0.084200 0.606393 0.054400 
 -0.101330 0.605019 0.059432 
 -0.118460 0.603646 0.064464 
 -0.135590 0.602273 0.069496 
 -0.152720 0.600899 0.074528 
 -0.160722 0.605480 0.102654 
 -0.177897 0.604104 0.107699 
 -0.195072 0.602727 0.112744 
 -0.212247 0.601350 0.117790 
 -0.216000 0.608883 0.157552 
 -0.233242 0.607501 0.162617 
 -0.241626 0.612051 0.190854 
 -0.250100 0.616595 0.219117 
 -0.263048 0.618168 0.235808 
 -0.262955 0.628621 0.287328 
 -0.267382 0.636100 0.327290 
 -0.284893 0.634697 0.332434 
 -0.293816 0.639204 0.360829 
 -0.302829 0.643704 0.389250 
 -0.311931 0.648197 0.417698 
 -0.321124 0.652683 0.446173 
 -0.334610 0.654213 0.463021 
 -0.352324 0.652793 0.468225 
 0.501081 0.694882 0.178585 
 0.472912 0.687448 0.161087 
 0.455311 0.686037 0.166257 
 0.427276 0.678614 0.148720 
 0.399331 0.671198 0.131156 
 0.376648 0.666792 0.124933 
 0.359159 0.665390 0.130070 
 0.331416 0.657990 0.112447 
 0.313972 0.656591 0.117571 
 0.286365 0.649202 0.099908 
 0.258847 0.641821 0.082219 
 0.241492 0.640429 0.087317 
 0.209094 0.630069 0.058175 
 0.181823 0.622707 0.040412 
 0.159611 0.618338 0.034051 
 0.132497 0.610989 0.016243 
 0.115323 0.609612 0.021289 
 0.088343 0.602273 0.003440 
 0.071213 0.600900 0.008473 
 0.054083 0.599527 0.013505 
 0.027284 0.592203 -0.004395 
 0.010199 0.590833 0.000624 
 -0.006886 0.589463 0.005642 
 -0.023971 0.588094 0.010661 
 -0.041057 0.586724 0.015680 
 -0.058142 0.585354 0.020699 
 -0.075227 0.583984 0.025718 
 -0.092312 0.582615 0.030737 
 -0.109397 0.581245 0.035756 
 -0.126482 0.579875 0.040775 
 -0.143567 0.578506 0.045794 
 -0.160652 0.577136 0.050813 
 -0.168606 0.581674 0.078922 
 -0.185736 0.580301 0.083955 
 -0.202866 0.578927 0.088987 
 -0.219996 0.577554 0.094019 
 -0.228175 0.582074 0.122195 
 -0.245350 0.580697 0.127240 
 -0.253663 0.585207 0.155455 
 -0.270883 0.583826 0.160514 
 -0.274945 0.591264 0.200367 
 -0.283506 0.595753 0.228655 
 -0.287815 0.603171 0.268581 
 -0.296577 0.607645 0.296927 
 -0.305430 0.612111 0.325301 
 -0.310098 0.619500 0.365333 
 -0.319152 0.623950 0.393765 
 -0.336754 0.622539 0.398936 
 -0.354355 0.621128 0.404107 
 -0.351038 0.634333 0.467565 
 0.509393 0.671927 0.150090 
 0.502362 0.676492 0.177927 
 0.474190 0.669105 0.160431 
 0.446107 0.661725 0.142909 
 0.418114 0.654352 0.125359 
 0.400603 0.652948 0.130503 
 0.377918 0.648565 0.124281 
 0.360429 0.647163 0.129419 
 0.342940 0.645761 0.134556 
 0.315239 0.638412 0.116921 
 0.297794 0.637013 0.122046 
 0.260107 0.623735 0.081573 
 0.227636 0.613439 0.052452 
 0.210349 0.612053 0.057531 
 0.183075 0.604738 0.039770 
 0.160861 0.600393 0.033409 
 0.133744 0.593090 0.015603 
 0.116569 0.591713 0.020649 
 0.089587 0.584421 0.002802 
 0.072457 0.583048 0.007834 
 0.045609 0.575767 -0.010051 
 0.028524 0.574397 -0.005032 
 0.006625 0.570077 -0.011485 
 -0.010438 0.568710 -0.006472 
 -0.027500 0.567342 -0.001460 
 -0.044563 0.565974 0.003552 
 -0.061625 0.564606 0.008565 
 -0.078688 0.563238 0.013577 
 -0.095751 0.561870 0.018589 
 -0.112813 0.560502 0.023602 
 -0.129876 0.559134 0.028614 
 -0.146938 0.557767 0.033626 
 -0.164001 0.556399 0.038639 
 -0.176497 0.557961 0.055195 
 -0.193582 0.556591 0.060214 
 -0.201623 0.561076 0.088349 
 -0.218753 0.559702 0.093381 
 -0.226928 0.564176 0.121555 
 -0.244103 0.562799 0.126601 
 -0.261278 0.561422 0.131646 
 -0.278452 0.560045 0.136691 
 -0.286853 0.564500 0.164931 
 -0.290977 0.571862 0.204801 
 -0.299579 0.576301 0.233100 
 -0.312591 0.577822 0.249810 
 -0.329946 0.576431 0.254908 
 -0.330199 0.586668 0.306526 
 -0.326380 0.599796 0.369836 
 -0.343936 0.598389 0.374994 
 -0.353077 0.602784 0.403451 
 0.538936 0.660931 0.166902 
 0.521290 0.659517 0.172086 
 0.503643 0.658102 0.177270 
 0.475468 0.650762 0.159775 
 0.447382 0.643428 0.142255 
 0.419386 0.636103 0.124707 
 0.396677 0.631741 0.118492 
 0.379188 0.630339 0.123630 
 0.361699 0.628937 0.128767 
 0.333949 0.621631 0.111147 
 0.316505 0.620232 0.116271 
 0.273636 0.604092 0.064436 
 0.256304 0.602702 0.069527 
 0.228891 0.595423 0.051808 
 0.201569 0.588151 0.034063 
 0.179331 0.583827 0.027709 
 0.152166 0.576568 0.009918 
 0.134991 0.575191 0.014964 
 0.117816 0.573815 0.020009 
 0.090830 0.566570 0.002164 
 0.073701 0.565196 0.007196 
 0.046850 0.557962 -0.010687 
 0.024926 0.553664 -0.017133 
 -0.001767 0.546442 -0.035063 
 -0.018785 0.545078 -0.030064 
 -0.035803 0.543714 -0.025065 
 -0.052821 0.542349 -0.020066 
 -0.069838 0.540985 -0.015067 
 -0.086856 0.539621 -0.010067 
 -0.103874 0.538257 -0.005068 
 -0.120891 0.536892 -0.000069 
 -0.137909 0.535528 0.004930 
 -0.154927 0.534164 0.009929 
 -0.171945 0.532799 0.014928 
 -0.179825 0.537249 0.043015 
 -0.196887 0.535881 0.048028 
 -0.200379 0.543224 0.087710 
 -0.217509 0.541850 0.092743 
 -0.234639 0.540477 0.097775 
 -0.251769 0.539104 0.102807 
 -0.260031 0.543523 0.131006 
 -0.286029 0.536357 0.112871 
 -0.294380 0.540769 0.141097 
 -0.302822 0.545174 0.169348 
 -0.315698 0.546683 0.186016 
 -0.324296 0.551075 0.214314 
 -0.341583 0.549689 0.219392 
 -0.350317 0.554071 0.247729 
 -0.367649 0.552681 0.252821 
 -0.342662 0.580092 0.374340 
 0.540217 0.642541 0.166245 
 0.511949 0.635240 0.148778 
 0.494347 0.633829 0.153949 
 0.466213 0.626540 0.136443 
 0.448657 0.625132 0.141601 
 0.415436 0.614917 0.112703 
 0.397947 0.613515 0.117840 
 0.380458 0.612113 0.122978 
 0.362968 0.610711 0.128116 
 0.335216 0.603451 0.110497 
 0.307554 0.596199 0.092853 
 0.274894 0.586029 0.063790 
 0.257562 0.584640 0.068881 
 0.220063 0.571565 0.028355 
 0.197801 0.567263 0.022009 
 0.180582 0.565882 0.027068 
 0.153413 0.558670 0.009278 
 0.136238 0.557293 0.014324 
 0.109204 0.550091 -0.003506 
 0.092074 0.548718 0.001526 
 0.065175 0.541527 -0.016343 
 0.043228 0.537250 -0.022781 
 0.026165 0.535882 -0.017768 
 -0.000532 0.528707 -0.035697 
 -0.017550 0.527343 -0.030698 
 -0.034567 0.525979 -0.025699 
 -0.051585 0.524614 -0.020700 
 -0.068603 0.523250 -0.015701 
 -0.085621 0.521886 -0.010701 
 -0.102638 0.520522 -0.005702 
 -0.119656 0.519157 -0.000703 
 -0.136674 0.517793 0.004296 
 -0.153691 0.516429 0.009295 
 -0.170709 0.515064 0.014294 
 -0.187727 0.513700 0.019294 
 -0.204744 0.512336 0.024293 
 -0.208186 0.519612 0.063960 
 -0.216265 0.523998 0.092104 
 -0.233395 0.522625 0.097137 
 -0.250525 0.521252 0.102169 
 -0.267655 0.519879 0.107201 
 -0.284785 0.518505 0.112233 
 -0.301915 0.517132 0.117265 
 -0.310308 0.521494 0.145502 
 -0.318792 0.525848 0.173765 
 -0.331688 0.527332 0.190439 
 -0.340328 0.531673 0.218748 
 -0.336223 0.544589 0.281970 
 -0.353623 0.543194 0.287081 
 0.541499 0.624151 0.165587 
 0.523852 0.622737 0.170771 
 0.495625 0.615486 0.153293 
 0.467488 0.608243 0.135789 
 0.439440 0.601007 0.118258 
 0.416706 0.596691 0.112051 
 0.388815 0.589467 0.094474 
 0.371371 0.588069 0.099598 
 0.353927 0.586670 0.104723 
 0.326216 0.579461 0.087093 
 0.308817 0.578067 0.092204 
 0.265976 0.562163 0.040364 
 0.248689 0.560778 0.045442 
 0.216271 0.550698 0.016309 
 0.189010 0.543525 -0.001452 
 0.171835 0.542148 0.003593 
 0.154660 0.540771 0.008639 
 0.127578 0.533612 -0.009176 
 0.110448 0.532239 -0.004144 
 0.093318 0.530866 0.000888 
 0.061529 0.520836 -0.028429 
 0.034739 0.513701 -0.046329 
 0.017721 0.512337 -0.041330 
 -0.008934 0.505212 -0.059270 
 -0.016314 0.509608 -0.031332 
 -0.033332 0.508244 -0.026333 
 -0.059853 0.501130 -0.044312 
 -0.067367 0.505515 -0.016334 
 -0.084385 0.504151 -0.011335 
 -0.110771 0.497048 -0.029354 
 -0.118420 0.501423 -0.001337 
 -0.144717 0.494327 -0.019382 
 -0.161689 0.492966 -0.014396 
 -0.178662 0.491605 -0.009410 
 -0.186491 0.495965 0.018660 
 -0.203509 0.494601 0.023659 
 -0.220527 0.493237 0.028658 
 -0.228535 0.497582 0.056781 
 -0.241116 0.499067 0.073362 
 -0.249281 0.503400 0.101531 
 -0.266411 0.502027 0.106563 
 -0.283541 0.500654 0.111595 
 -0.300671 0.499280 0.116627 
 -0.309061 0.503595 0.144862 
 -0.326236 0.502218 0.149908 
 -0.334761 0.506522 0.178182 
 -0.347679 0.507980 0.194862 
 -0.356360 0.512272 0.223183 
 -0.365132 0.516556 0.251529 
 -0.382464 0.515167 0.256621 
 0.542780 0.605761 0.164930 
 0.514505 0.598554 0.147467 
 0.496903 0.597143 0.152638 
 0.458223 0.584161 0.112461 
 0.440712 0.582758 0.117605 
 0.417975 0.578465 0.111400 
 0.390082 0.571288 0.093824 
 0.372638 0.569890 0.098948 
 0.344879 0.562724 0.081334 
 0.317210 0.555565 0.063692 
 0.299855 0.554174 0.068791 
 0.267231 0.544148 0.039720 
 0.234741 0.534133 0.010609 
 0.207432 0.527003 -0.007137 
 0.190257 0.525626 -0.002092 
 0.173082 0.524249 0.002954 
 0.145951 0.517134 -0.014847 
 0.128821 0.515760 -0.009815 
 0.111692 0.514387 -0.004782 
 0.084741 0.507286 -0.022635 
 0.062768 0.503054 -0.029064 
 0.035975 0.495966 -0.046963 
 0.009271 0.488885 -0.064888 
 -0.012522 0.484668 -0.071371 
 -0.024675 0.486164 -0.054916 
 -0.041648 0.484803 -0.049930 
 -0.058620 0.483442 -0.044944 
 -0.075593 0.482082 -0.039958 
 -0.092566 0.480721 -0.034972 
 -0.109539 0.479360 -0.029986 
 -0.126512 0.478000 -0.025000 
 -0.143484 0.476639 -0.020014 
 -0.165076 0.472438 -0.026556 
 -0.177430 0.473917 -0.010043 
 -0.194403 0.472557 -0.005057 
 -0.211376 0.471196 -0.000071 
 -0.228348 0.469835 0.004915 
 -0.236309 0.474137 0.033023 
 -0.253327 0.472773 0.038022 
 -0.261421 0.477065 0.066170 
 -0.274045 0.478523 0.082763 
 -0.291130 0.477153 0.087782 
 -0.299428 0.481428 0.115989 
 -0.307814 0.485696 0.144223 
 -0.324989 0.484320 0.149268 
 -0.333511 0.488577 0.177540 
 -0.350731 0.487196 0.182599 
 -0.363669 0.488629 0.199284 
 -0.363874 0.498494 0.250884 
 -0.381206 0.497104 0.255975 
 0.544061 0.587371 0.164273 
 0.515782 0.580211 0.146811 
 0.498181 0.578800 0.151982 
 0.470037 0.571650 0.134481 
 0.436735 0.561640 0.105611 
 0.419245 0.560238 0.110748 
 0.391348 0.553109 0.093174 
 0.363541 0.545986 0.075574 
 0.335824 0.538870 0.057948 
 0.318470 0.537479 0.063046 
 0.296001 0.533231 0.056761 
 0.268486 0.526132 0.039076 
 0.235992 0.516187 0.009968 
 0.208678 0.509104 -0.007777 
 0.191504 0.507727 -0.002732 
 0.164325 0.500655 -0.020517 
 0.147195 0.499282 -0.015485 
 0.130065 0.497909 -0.010453 
 0.112935 0.496535 -0.005421 
 0.061422 0.475279 -0.080478 
 0.044449 0.473918 -0.075492 
 0.022609 0.469721 -0.081961 
 0.005659 0.468362 -0.076982 
 -0.020936 0.461336 -0.094938 
 -0.028242 0.465644 -0.067023 
 -0.045192 0.464285 -0.062043 
 -0.062143 0.462926 -0.057064 
 -0.079093 0.461567 -0.052085 
 -0.096043 0.460208 -0.047105 
 -0.108306 0.461672 -0.030619 
 -0.129944 0.457491 -0.037147 
 -0.156180 0.450494 -0.055209 
 -0.173085 0.449139 -0.050243 
 -0.189991 0.447783 -0.045276 
 -0.197746 0.452055 -0.017229 
 -0.214696 0.450696 -0.012250 
 -0.231646 0.449337 -0.007270 
 -0.244089 0.450786 0.009269 
 -0.252091 0.455038 0.037388 
 -0.269109 0.453674 0.042388 
 -0.277245 0.457915 0.070547 
 -0.294308 0.456547 0.075559 
 -0.298184 0.463577 0.115351 
 -0.315314 0.462203 0.120383 
 -0.323742 0.466421 0.148628 
 -0.332261 0.470631 0.176899 
 -0.349481 0.469251 0.181958 
 -0.366700 0.467870 0.187016 
 -0.371137 0.474855 0.226973 
 -0.388424 0.473469 0.232051 
 0.534662 0.563279 0.140985 
 0.517060 0.561868 0.146156 
 0.499459 0.560457 0.151326 
 0.481857 0.559046 0.156497 
 0.438004 0.543414 0.104959 
 0.410059 0.536327 0.087400 
 0.382204 0.529248 0.069815 
 0.354439 0.522176 0.052203 
 0.337084 0.520785 0.057301 
 0.314591 0.516558 0.051024 
 0.297260 0.515169 0.056116 
 0.269741 0.508116 0.038432 
 0.237242 0.498242 0.009327 
 0.209925 0.491206 -0.008417 
 0.182699 0.484176 -0.026187 
 0.165569 0.482803 -0.021155 
 0.133496 0.472962 -0.050385 
 0.116434 0.471595 -0.045373 
 0.079627 0.458951 -0.086097 
 0.057740 0.454773 -0.092551 
 0.031008 0.447784 -0.110467 
 0.014102 0.446429 -0.105500 
 -0.007650 0.442262 -0.111994 
 -0.024533 0.440909 -0.107035 
 -0.041416 0.439555 -0.102075 
 -0.058299 0.438202 -0.097116 
 -0.070425 0.439653 -0.080669 
 -0.087331 0.438297 -0.075703 
 -0.104236 0.436942 -0.070737 
 -0.125831 0.432788 -0.077277 
 -0.138047 0.434231 -0.060805 
 -0.159597 0.430081 -0.067358 
 -0.171858 0.431521 -0.050872 
 -0.188763 0.430165 -0.045906 
 -0.205669 0.428810 -0.040940 
 -0.222574 0.427455 -0.035974 
 -0.230416 0.431672 -0.007902 
 -0.247366 0.430314 -0.002922 
 -0.259829 0.431738 0.013623 
 -0.276802 0.430377 0.018609 
 -0.284891 0.434575 0.046753 
 -0.301909 0.433211 0.051752 
 -0.305735 0.440173 0.091528 
 -0.314070 0.444351 0.119745 
 -0.331200 0.442978 0.124777 
 -0.339670 0.447145 0.153034 
 -0.348230 0.451305 0.181316 
 -0.365450 0.449925 0.186375 
 -0.369882 0.456839 0.226329 
 -0.374449 0.463742 0.266323 
 -0.391804 0.462351 0.271421 
 0.535940 0.544936 0.140329 
 0.507700 0.537872 0.122858 
 0.479549 0.530816 0.105360 
 0.456763 0.526590 0.099170 
 0.428770 0.519547 0.081625 
 0.400867 0.512510 0.064055 
 0.373053 0.505481 0.046459 
 0.350514 0.501275 0.040196 
 0.333182 0.499885 0.045287 
 0.305571 0.492873 0.027631 
 0.288283 0.491487 0.032710 
 0.260807 0.484485 0.015013 
 0.228347 0.474684 -0.014102 
 0.201072 0.467698 -0.031857 
 0.173888 0.460719 -0.049639 
 0.151797 0.456549 -0.056033 
 0.124770 0.449583 -0.073861 
 0.092872 0.439827 -0.103141 
 0.075921 0.438468 -0.098162 
 0.044225 0.428728 -0.127502 
 0.027342 0.427374 -0.122543 
 0.010459 0.426021 -0.117583 
 -0.006424 0.424667 -0.112623 
 -0.023307 0.423314 -0.107664 
 -0.040190 0.421961 -0.102704 
 -0.057073 0.420607 -0.097745 
 -0.073956 0.419254 -0.092785 
 -0.086103 0.420679 -0.076333 
 -0.103009 0.419324 -0.071367 
 -0.124605 0.415193 -0.077906 
 -0.141488 0.413840 -0.072947 
 -0.153725 0.415258 -0.056468 
 -0.175254 0.411133 -0.063028 
 -0.192137 0.409779 -0.058068 
 -0.209020 0.408426 -0.053108 
 -0.225903 0.407072 -0.048149 
 -0.238252 0.408482 -0.031637 
 -0.255158 0.407126 -0.026671 
 -0.263086 0.411290 0.001426 
 -0.280036 0.409931 0.006405 
 -0.292543 0.411328 0.022962 
 -0.309516 0.409967 0.027948 
 -0.317691 0.414111 0.056117 
 -0.325956 0.418248 0.084313 
 -0.338664 0.419629 0.100930 
 -0.338423 0.429247 0.152394 
 -0.355598 0.427870 0.157439 
 -0.364200 0.431979 0.185733 
 -0.377156 0.433340 0.202423 
 -0.377431 0.442917 0.254038 
 -0.382105 0.449741 0.294063 
 -0.399505 0.448346 0.299174 
 -0.408555 0.452420 0.327600 
 0.565551 0.533616 0.157117 
 0.526531 0.520983 0.117047 
 0.508974 0.519576 0.122204 
 0.480821 0.512567 0.104707 
 0.458033 0.508364 0.098518 
 0.430036 0.501367 0.080976 
 0.391668 0.488787 0.040714 
 0.374313 0.487396 0.045812 
 0.351772 0.483212 0.039550 
 0.324113 0.476243 0.021909 
 0.306826 0.474857 0.026987 
 0.279301 0.467898 0.009306 
 0.246769 0.458162 -0.019787 
 0.229594 0.456785 -0.014742 
 0.202316 0.449846 -0.032496 
 0.185186 0.448473 -0.027464 
 0.153036 0.438767 -0.056669 
 0.116037 0.426297 -0.097333 
 0.084179 0.416614 -0.126625 
 0.067273 0.415259 -0.121658 
 0.035617 0.405593 -0.151009 
 0.018779 0.404243 -0.146062 
 0.001941 0.402893 -0.141116 
 -0.014897 0.401543 -0.136169 
 -0.031735 0.400193 -0.131223 
 -0.038964 0.404366 -0.103333 
 -0.055847 0.403012 -0.098374 
 -0.072730 0.401659 -0.093414 
 -0.089613 0.400305 -0.088454 
 -0.106496 0.398952 -0.083495 
 -0.123379 0.397599 -0.078535 
 -0.140262 0.396245 -0.073576 
 -0.157145 0.394892 -0.068616 
 -0.174028 0.393538 -0.063656 
 -0.200116 0.386694 -0.081759 
 -0.216954 0.385344 -0.076813 
 -0.224677 0.389478 -0.048778 
 -0.241560 0.388124 -0.043818 
 -0.258443 0.386771 -0.038859 
 -0.261855 0.393625 0.000794 
 -0.278805 0.392266 0.005773 
 -0.295756 0.390908 0.010753 
 -0.308283 0.392279 0.027316 
 -0.325256 0.390919 0.032302 
 -0.324717 0.400466 0.083677 
 -0.337424 0.401824 0.100293 
 -0.345843 0.405901 0.128533 
 -0.354351 0.409971 0.156799 
 -0.362950 0.414034 0.185092 
 -0.375904 0.415372 0.201780 
 -0.376173 0.424854 0.253393 
 -0.393505 0.423465 0.258484 
 -0.406638 0.424788 0.275226 
 -0.423993 0.423397 0.280324 
 0.556097 0.509660 0.133847 
 0.527805 0.502687 0.116393 
 0.510249 0.501279 0.121550 
 0.482092 0.494317 0.104055 
 0.459303 0.490138 0.097867 
 0.431303 0.483188 0.080326 
 0.392928 0.470701 0.040068 
 0.370363 0.466539 0.033813 
 0.353031 0.465150 0.038904 
 0.325368 0.458227 0.021265 
 0.308081 0.456841 0.026343 
 0.280552 0.449929 0.008664 
 0.237820 0.434741 -0.043198 
 0.230841 0.438886 -0.015382 
 0.203560 0.431994 -0.033134 
 0.176368 0.425109 -0.050912 
 0.144259 0.415477 -0.080128 
 0.112283 0.405856 -0.109384 
 0.080443 0.396246 -0.138679 
 0.053678 0.389395 -0.156582 
 0.036840 0.388045 -0.151636 
 0.020002 0.386695 -0.146690 
 -0.006584 0.379859 -0.164646 
 -0.013674 0.383995 -0.136797 
 -0.040170 0.377166 -0.154780 
 -0.047351 0.381296 -0.126904 
 -0.064189 0.379946 -0.121958 
 -0.071504 0.384065 -0.094043 
 -0.088387 0.382711 -0.089083 
 -0.105270 0.381358 -0.084124 
 -0.122153 0.380004 -0.079164 
 -0.139036 0.378651 -0.074205 
 -0.165217 0.371846 -0.092279 
 -0.182055 0.370496 -0.087333 
 -0.198894 0.369147 -0.082386 
 -0.224895 0.362357 -0.100514 
 -0.241688 0.361011 -0.095581 
 -0.258482 0.359665 -0.090648 
 -0.266246 0.363747 -0.062601 
 -0.283084 0.362397 -0.057654 
 -0.290983 0.366469 -0.029568 
 -0.307866 0.365116 -0.024609 
 -0.311476 0.371884 0.015101 
 -0.328426 0.370525 0.020080 
 -0.332237 0.377277 0.059848 
 -0.340541 0.381317 0.088054 
 -0.353268 0.382649 0.104676 
 -0.353104 0.392072 0.156160 
 -0.361700 0.396089 0.184450 
 -0.378919 0.394708 0.189509 
 -0.383404 0.401406 0.229475 
 -0.392246 0.405402 0.257838 
 -0.409578 0.404013 0.262930 
 -0.426910 0.402623 0.268021 
 0.557375 0.491317 0.133192 
 0.529080 0.484390 0.115739 
 0.511524 0.482983 0.120896 
 0.483363 0.476067 0.103403 
 0.460573 0.471911 0.097215 
 0.432569 0.465008 0.079676 
 0.394188 0.452615 0.039421 
 0.371621 0.448477 0.033167 
 0.354289 0.447087 0.038259 
 0.326623 0.440211 0.020621 
 0.309336 0.438826 0.025699 
 0.276682 0.429221 -0.003356 
 0.239063 0.416889 -0.043836 
 0.211779 0.410043 -0.061586 
 0.194694 0.408674 -0.056567 
 0.162512 0.399107 -0.085761 
 0.135474 0.392281 -0.103584 
 0.103539 0.382734 -0.132850 
 0.071739 0.373197 -0.162156 
 0.045015 0.366397 -0.180071 
 0.023302 0.362327 -0.186575 
 0.006531 0.360982 -0.181649 
 -0.005364 0.362358 -0.165272 
 -0.022158 0.361012 -0.160339 
 -0.038951 0.359665 -0.155405 
 -0.046128 0.363748 -0.127531 
 -0.062966 0.362398 -0.122585 
 -0.070278 0.366470 -0.094672 
 -0.087161 0.365116 -0.089712 
 -0.104044 0.363763 -0.084753 
 -0.130319 0.356999 -0.102799 
 -0.147157 0.355649 -0.097853 
 -0.163995 0.354299 -0.092906 
 -0.190090 0.347549 -0.111006 
 -0.206883 0.346202 -0.106073 
 -0.223676 0.344856 -0.101140 
 -0.240469 0.343510 -0.096207 
 -0.257262 0.342164 -0.091274 
 -0.274056 0.340817 -0.086340 
 -0.295342 0.336782 -0.092970 
 -0.307642 0.338125 -0.076474 
 -0.315538 0.342150 -0.048389 
 -0.323524 0.346168 -0.020278 
 -0.336003 0.347496 -0.003730 
 -0.339764 0.354182 0.036024 
 -0.356737 0.352821 0.041009 
 -0.365037 0.356814 0.069213 
 -0.351857 0.374174 0.155520 
 -0.360449 0.378143 0.183809 
 -0.377669 0.376763 0.188867 
 -0.382149 0.383391 0.228831 
 -0.399436 0.382005 0.233910 
 -0.425127 0.375287 0.215691 
 -0.442369 0.373905 0.220756 
 0.587041 0.479860 0.149961 
 0.558653 0.472974 0.132536 
 0.530355 0.466094 0.115085 
 0.512798 0.464687 0.120242 
 0.484635 0.457818 0.102750 
 0.461842 0.453685 0.096564 
 0.433836 0.446829 0.079026 
 0.390211 0.431804 0.027430 
 0.372879 0.430415 0.032521 
 0.345165 0.423582 0.014899 
 0.327878 0.422196 0.019977 
 0.300298 0.415374 0.002314 
 0.267685 0.405843 -0.026752 
 0.240307 0.399037 -0.044474 
 0.223177 0.397663 -0.039442 
 0.190878 0.388158 -0.068600 
 0.153679 0.375953 -0.109202 
 0.131695 0.371886 -0.115626 
 0.089799 0.356999 -0.167730 
 0.063028 0.350242 -0.185630 
 0.041290 0.346194 -0.192127 
 0.024520 0.344849 -0.187200 
 -0.002050 0.338108 -0.205159 
 -0.009022 0.342160 -0.177347 
 -0.035501 0.335427 -0.195332 
 -0.042563 0.339472 -0.167494 
 -0.054525 0.340818 -0.151098 
 -0.061744 0.344850 -0.123212 
 -0.078582 0.343501 -0.118266 
 -0.095420 0.342151 -0.113319 
 -0.112258 0.340801 -0.108373 
 -0.129096 0.339451 -0.103426 
 -0.145934 0.338101 -0.098480 
 -0.162772 0.336751 -0.093534 
 -0.188870 0.330048 -0.111632 
 -0.205664 0.328701 -0.106699 
 -0.227042 0.324682 -0.113301 
 -0.243812 0.323338 -0.108374 
 -0.260583 0.321993 -0.103448 
 -0.277354 0.320649 -0.098521 
 -0.303115 0.313972 -0.116718 
 -0.310895 0.317960 -0.088668 
 -0.327666 0.316615 -0.083741 
 -0.331153 0.323252 -0.044070 
 -0.325965 0.335196 0.018817 
 -0.342915 0.333837 0.023797 
 -0.355505 0.335133 0.040377 
 -0.372478 0.333772 0.045363 
 -0.380819 0.337715 0.073578 
 -0.367785 0.354898 0.159925 
 -0.376419 0.358817 0.188226 
 -0.380894 0.365375 0.228187 
 -0.389730 0.369278 0.256547 
 -0.407062 0.367888 0.261639 
 -0.424394 0.366499 0.266730 
 0.588322 0.461471 0.149304 
 0.559931 0.454630 0.131880 
 0.542329 0.453219 0.137051 
 0.514073 0.446390 0.119588 
 0.485906 0.439568 0.102098 
 0.452547 0.430048 0.073252 
 0.424582 0.423242 0.055703 
 0.391470 0.413742 0.026784 
 0.374138 0.412352 0.031876 
 0.346420 0.405566 0.014255 
 0.318792 0.398787 -0.003393 
 0.296402 0.394710 -0.009698 
 0.268932 0.387944 -0.027392 
 0.231345 0.375803 -0.067878 
 0.209179 0.371744 -0.074248 
 0.182001 0.365001 -0.092028 
 0.154912 0.358265 -0.109834 
 0.117886 0.346169 -0.150485 
 0.091022 0.339452 -0.168357 
 0.074184 0.338102 -0.163411 
 0.032616 0.323359 -0.215609 
 0.015891 0.322018 -0.210696 
 -0.000835 0.320678 -0.205782 
 -0.017561 0.319337 -0.200869 
 -0.034287 0.317996 -0.195956 
 -0.051013 0.316655 -0.191042 
 -0.053305 0.323317 -0.151723 
 -0.060521 0.327303 -0.123839 
 -0.077359 0.325953 -0.118893 
 -0.094197 0.324603 -0.113947 
 -0.111036 0.323253 -0.109000 
 -0.127874 0.321903 -0.104054 
 -0.144712 0.320553 -0.099107 
 -0.161550 0.319203 -0.094161 
 -0.192283 0.309893 -0.123779 
 -0.209053 0.308549 -0.118852 
 -0.234997 0.301905 -0.136994 
 -0.251723 0.300564 -0.132081 
 -0.259366 0.304516 -0.104072 
 -0.285175 0.297883 -0.122254 
 -0.301901 0.296542 -0.117341 
 -0.318626 0.295201 -0.112427 
 -0.326449 0.299138 -0.084366 
 -0.338790 0.300430 -0.067859 
 -0.346769 0.304355 -0.039751 
 -0.350454 0.310905 -0.000023 
 -0.358635 0.314813 0.028145 
 -0.375585 0.313454 0.033124 
 -0.388218 0.314723 0.049717 
 -0.388012 0.323868 0.101184 
 -0.375169 0.340872 0.187584 
 -0.379639 0.347359 0.227543 
 -0.384244 0.353836 0.267542 
 -0.401598 0.352445 0.272640 
 -0.423135 0.348436 0.266084 
 0.618087 0.449881 0.166042 
 0.589603 0.443080 0.148646 
 0.561209 0.436287 0.131225 
 0.543607 0.434876 0.136395 
 0.515348 0.428094 0.118934 
 0.471257 0.413267 0.067478 
 0.453813 0.411868 0.072602 
 0.425846 0.405109 0.055055 
 0.392728 0.395679 0.026139 
 0.364963 0.388936 0.008532 
 0.347675 0.387550 0.013611 
 0.314872 0.378145 -0.015398 
 0.287354 0.371422 -0.033077 
 0.249670 0.359367 -0.073533 
 0.217272 0.349995 -0.102661 
 0.200254 0.348630 -0.097661 
 0.173117 0.341938 -0.115452 
 0.141032 0.332590 -0.144672 
 0.119112 0.328575 -0.151114 
 0.077267 0.313928 -0.203229 
 0.050557 0.307269 -0.221146 
 0.033831 0.305929 -0.216232 
 0.017105 0.304588 -0.211319 
 -0.009426 0.297944 -0.229289 
 -0.026107 0.296607 -0.224388 
 -0.033073 0.300565 -0.196579 
 -0.049798 0.299224 -0.191665 
 -0.056899 0.303172 -0.163817 
 -0.059299 0.309755 -0.124467 
 -0.076137 0.308405 -0.119520 
 -0.092975 0.307055 -0.114574 
 -0.109813 0.305705 -0.109627 
 -0.126651 0.304355 -0.104681 
 -0.143489 0.303006 -0.099735 
 -0.174294 0.293761 -0.129330 
 -0.191065 0.292416 -0.124404 
 -0.207836 0.291071 -0.119477 
 -0.233783 0.284474 -0.137618 
 -0.250509 0.283133 -0.132704 
 -0.267235 0.281793 -0.127791 
 -0.283960 0.280452 -0.122877 
 -0.309683 0.273873 -0.141084 
 -0.317412 0.277770 -0.113050 
 -0.334138 0.276429 -0.108137 
 -0.337571 0.282929 -0.068484 
 -0.345546 0.286807 -0.040378 
 -0.353612 0.290677 -0.012246 
 -0.357404 0.297149 0.027513 
 -0.374354 0.295790 0.032492 
 -0.386986 0.297035 0.049085 
 -0.373884 0.313895 0.135406 
 -0.373918 0.322926 0.186943 
 -0.386887 0.324145 0.203634 
 -0.387213 0.333153 0.255256 
 -0.404545 0.331763 0.260347 
 0.608530 0.426105 0.142805 
 0.590884 0.424690 0.147989 
 0.562487 0.417944 0.130569 
 0.534179 0.411205 0.113123 
 0.500630 0.401811 0.084334 
 0.472524 0.395088 0.066828 
 0.455080 0.393689 0.071952 
 0.427109 0.386977 0.054407 
 0.393987 0.377617 0.025493 
 0.366218 0.370921 0.007888 
 0.338538 0.364232 -0.009743 
 0.305775 0.354900 -0.038762 
 0.278298 0.348228 -0.056453 
 0.245782 0.338916 -0.085544 
 0.218507 0.332260 -0.103294 
 0.201489 0.330895 -0.098295 
 0.174349 0.324250 -0.116085 
 0.152337 0.320250 -0.122500 
 0.120338 0.310980 -0.151743 
 0.078485 0.296450 -0.203854 
 0.051771 0.289839 -0.221769 
 0.025147 0.283234 -0.239710 
 0.008466 0.281897 -0.234810 
 -0.008215 0.280560 -0.229910 
 -0.024896 0.279223 -0.225010 
 -0.041577 0.277885 -0.220110 
 -0.048584 0.281794 -0.192288 
 -0.065310 0.280453 -0.187375 
 -0.072452 0.284350 -0.159515 
 -0.089223 0.283006 -0.154588 
 -0.101247 0.284276 -0.138175 
 -0.108590 0.288158 -0.110255 
 -0.125429 0.286808 -0.105308 
 -0.156306 0.277628 -0.134882 
 -0.182391 0.271067 -0.152981 
 -0.199117 0.269726 -0.148067 
 -0.215843 0.268385 -0.143154 
 -0.232568 0.267044 -0.138241 
 -0.249294 0.265703 -0.133327 
 -0.266020 0.264362 -0.128414 
 -0.282746 0.263021 -0.123500 
 -0.308472 0.256489 -0.141706 
 -0.316198 0.260339 -0.113674 
 -0.332924 0.258999 -0.108760 
 -0.340784 0.262838 -0.080689 
 -0.353145 0.264082 -0.064177 
 -0.361162 0.267909 -0.036059 
 -0.369270 0.271729 -0.007915 
 -0.386153 0.270376 -0.002955 
 -0.390074 0.276766 0.036840 
 -0.372641 0.296043 0.134768 
 -0.372668 0.304981 0.186301 
 -0.385635 0.306176 0.202991 
 -0.385954 0.315090 0.254610 
 -0.403287 0.313701 0.259702 
 0.598967 0.402423 0.119572 
 0.581366 0.401012 0.124743 
 0.542255 0.389031 0.084708 
 0.535453 0.392908 0.112468 
 0.501900 0.383584 0.083682 
 0.473790 0.376908 0.066178 
 0.435197 0.364968 0.025993 
 0.412577 0.360944 0.019756 
 0.374275 0.349027 -0.020516 
 0.351812 0.345015 -0.026798 
 0.324197 0.338379 -0.044447 
 0.296672 0.331749 -0.062123 
 0.279542 0.330376 -0.057091 
 0.247021 0.321134 -0.086180 
 0.219743 0.314525 -0.103928 
 0.192554 0.307922 -0.121703 
 0.175581 0.306562 -0.116717 
 0.153568 0.302586 -0.123131 
 0.126581 0.295999 -0.140965 
 0.069711 0.273749 -0.227305 
 0.043039 0.267188 -0.245232 
 0.036259 0.271067 -0.217478 
 0.009677 0.264513 -0.235432 
 0.002808 0.268385 -0.207652 
 -0.023685 0.261839 -0.225631 
 -0.040366 0.260501 -0.220731 
 -0.047370 0.264363 -0.192911 
 -0.049648 0.270814 -0.153600 
 -0.066441 0.269468 -0.148667 
 -0.083234 0.268122 -0.143734 
 -0.100027 0.266776 -0.138800 
 -0.116821 0.265429 -0.133867 
 -0.133614 0.264083 -0.128934 
 -0.155088 0.260150 -0.135506 
 -0.181177 0.253636 -0.153604 
 -0.197902 0.252295 -0.148691 
 -0.214628 0.250954 -0.143777 
 -0.231354 0.249613 -0.138864 
 -0.248080 0.248272 -0.133950 
 -0.264806 0.246931 -0.129037 
 -0.281532 0.245590 -0.124123 
 -0.307261 0.239105 -0.142327 
 -0.323942 0.237768 -0.137427 
 -0.331709 0.241568 -0.109383 
 -0.348435 0.240227 -0.104470 
 -0.356337 0.244016 -0.076387 
 -0.368719 0.245235 -0.059869 
 -0.376778 0.249012 -0.031740 
 -0.384927 0.252781 -0.003584 
 -0.397488 0.253985 0.012986 
 -0.392895 0.265411 0.076041 
 -0.409913 0.264046 0.081040 
 -0.384383 0.288207 0.202349 
 -0.401625 0.286825 0.207414 
 -0.402028 0.295638 0.259056 
 0.600245 0.384080 0.118916 
 0.582644 0.382669 0.124087 
 0.543527 0.370781 0.084056 
 0.526015 0.369377 0.089200 
 0.492501 0.360127 0.060403 
 0.464434 0.353501 0.042888 
 0.436457 0.346882 0.025346 
 0.403302 0.337661 -0.003556 
 0.375526 0.331058 -0.021158 
 0.353062 0.327070 -0.027439 
 0.325444 0.320480 -0.045087 
 0.297915 0.313897 -0.062761 
 0.270477 0.307322 -0.080461 
 0.237996 0.298154 -0.109562 
 0.220978 0.296790 -0.104562 
 0.193786 0.290234 -0.122335 
 0.176814 0.288874 -0.117349 
 0.154799 0.284921 -0.123762 
 0.122789 0.275791 -0.153001 
 0.070925 0.256318 -0.227928 
 0.044250 0.249804 -0.245853 
 0.037474 0.253636 -0.218102 
 0.020748 0.252296 -0.213188 
 0.004022 0.250955 -0.208275 
 -0.012704 0.249614 -0.203361 
 -0.039155 0.243117 -0.221352 
 -0.046155 0.246932 -0.193534 
 -0.048429 0.253313 -0.154226 
 -0.065222 0.251967 -0.149292 
 -0.072469 0.255762 -0.121402 
 -0.089307 0.254412 -0.116456 
 -0.115601 0.247928 -0.134493 
 -0.132394 0.246582 -0.129560 
 -0.153871 0.242672 -0.136131 
 -0.170641 0.241328 -0.131204 
 -0.187412 0.239983 -0.126278 
 -0.213414 0.233523 -0.144400 
 -0.230140 0.232182 -0.139487 
 -0.246866 0.230841 -0.134573 
 -0.263591 0.229500 -0.129660 
 -0.280317 0.228159 -0.124747 
 -0.306050 0.221721 -0.142949 
 -0.322731 0.220384 -0.138048 
 -0.330495 0.224137 -0.110006 
 -0.338349 0.227883 -0.081938 
 -0.355120 0.226538 -0.077012 
 -0.367499 0.227734 -0.060495 
 -0.375555 0.231464 -0.032367 
 -0.383701 0.235187 -0.004213 
 -0.396260 0.236368 0.012357 
 -0.391659 0.247676 0.075407 
 -0.408677 0.246311 0.080407 
 -0.387388 0.267709 0.190077 
 -0.391905 0.273911 0.230046 
 -0.409193 0.272525 0.235124 
 0.573116 0.359130 0.100846 
 0.539418 0.349936 0.072104 
 0.527287 0.351128 0.088548 
 0.493768 0.341948 0.059754 
 0.455071 0.330188 0.019601 
 0.432426 0.326208 0.013373 
 0.404557 0.319645 -0.004200 
 0.376778 0.313090 -0.021800 
 0.343866 0.303958 -0.050772 
 0.316289 0.297419 -0.068432 
 0.288802 0.290886 -0.086117 
 0.256249 0.281784 -0.115195 
 0.239231 0.280419 -0.110195 
 0.211991 0.273907 -0.127953 
 0.195019 0.272546 -0.122967 
 0.172980 0.268615 -0.129373 
 0.156029 0.267256 -0.124394 
 0.124015 0.258197 -0.153630 
 0.072140 0.238888 -0.228551 
 0.045461 0.232420 -0.246475 
 0.028780 0.231083 -0.241575 
 0.012099 0.229745 -0.236674 
 0.005236 0.233524 -0.208898 
 -0.021263 0.227071 -0.226874 
 -0.028215 0.230842 -0.199071 
 -0.044941 0.229501 -0.194158 
 -0.052028 0.233262 -0.166316 
 -0.064002 0.234466 -0.149918 
 -0.071247 0.238214 -0.122029 
 -0.088085 0.236864 -0.117083 
 -0.104923 0.235514 -0.112136 
 -0.131175 0.229081 -0.130185 
 -0.147968 0.227735 -0.125252 
 -0.169424 0.223851 -0.131829 
 -0.186195 0.222506 -0.126903 
 -0.202965 0.221161 -0.121976 
 -0.228925 0.214751 -0.140110 
 -0.245651 0.213411 -0.135196 
 -0.262377 0.212070 -0.130283 
 -0.279103 0.210729 -0.125370 
 -0.304839 0.204337 -0.143570 
 -0.321520 0.203000 -0.138670 
 -0.329281 0.206706 -0.110629 
 -0.337131 0.210406 -0.082563 
 -0.349487 0.211579 -0.066053 
 -0.357495 0.215266 -0.037940 
 -0.365592 0.218946 -0.009802 
 -0.382475 0.217592 -0.004842 
 -0.395033 0.218750 0.011727 
 -0.399030 0.224922 0.051541 
 -0.416002 0.223562 0.056527 
 -0.403169 0.239741 0.142918 
 -0.420299 0.238368 0.147950 
 -0.437429 0.236994 0.152982 
 0.563581 0.335686 0.077607 
 0.540687 0.331710 0.071453 
 0.512479 0.325167 0.053979 
 0.484360 0.318631 0.036480 
 0.456331 0.312102 0.018955 
 0.433684 0.308146 0.012727 
 0.405812 0.301630 -0.004844 
 0.378030 0.295121 -0.022443 
 0.345113 0.286059 -0.051412 
 0.317533 0.279567 -0.069070 
 0.290043 0.273081 -0.086753 
 0.257485 0.264049 -0.115829 
 0.240467 0.262684 -0.110829 
 0.213224 0.256219 -0.128586 
 0.191161 0.252309 -0.134984 
 0.174210 0.250950 -0.130005 
 0.147169 0.244501 -0.147821 
 0.125241 0.240602 -0.154259 
 0.083355 0.226540 -0.206353 
 0.056628 0.220116 -0.224261 
 0.039903 0.218775 -0.219348 
 0.023177 0.217434 -0.214434 
 0.006451 0.216093 -0.209521 
 -0.010275 0.214752 -0.204607 
 -0.027001 0.213411 -0.199694 
 -0.043727 0.212071 -0.194781 
 -0.050811 0.215784 -0.166940 
 -0.062783 0.216965 -0.150544 
 -0.079576 0.215619 -0.145610 
 -0.086862 0.219316 -0.117710 
 -0.113163 0.212926 -0.135744 
 -0.129956 0.211580 -0.130811 
 -0.146749 0.210234 -0.125878 
 -0.168206 0.206373 -0.132454 
 -0.184977 0.205028 -0.127527 
 -0.201748 0.203684 -0.122601 
 -0.227711 0.197321 -0.140733 
 -0.244437 0.195980 -0.135820 
 -0.261163 0.194639 -0.130906 
 -0.277889 0.193298 -0.125993 
 -0.294615 0.191957 -0.121079 
 -0.311340 0.190616 -0.116166 
 -0.328066 0.189275 -0.111252 
 -0.335914 0.192928 -0.083188 
 -0.348268 0.194078 -0.066679 
 -0.365061 0.192732 -0.061746 
 -0.373110 0.196368 -0.033621 
 -0.381250 0.199998 -0.005471 
 -0.398133 0.198644 -0.000512 
 -0.402102 0.204748 0.039294 
 -0.419052 0.203389 0.044273 
 -0.436003 0.202031 0.049253 
 -0.452953 0.200672 0.054232 
 -0.436186 0.219143 0.152344 
 0.559446 0.314886 0.065663 
 0.541957 0.313483 0.070801 
 0.513745 0.306987 0.053330 
 0.496301 0.305589 0.058454 
 0.457591 0.294016 0.018308 
 0.434942 0.290083 0.012082 
 0.407067 0.283614 -0.005488 
 0.379282 0.277152 -0.023085 
 0.356813 0.273233 -0.029364 
 0.318776 0.261715 -0.069708 
 0.291283 0.255276 -0.087390 
 0.258720 0.246314 -0.116463 
 0.241703 0.244949 -0.111463 
 0.214456 0.238531 -0.129218 
 0.192391 0.234644 -0.135615 
 0.175441 0.233286 -0.130636 
 0.148396 0.226883 -0.148451 
 0.126466 0.223007 -0.154888 
 0.084573 0.209063 -0.206978 
 0.057843 0.202685 -0.224884 
 0.041117 0.201344 -0.219971 
 0.024391 0.200003 -0.215057 
 0.007665 0.198662 -0.210144 
 -0.009061 0.197321 -0.205230 
 -0.025787 0.195981 -0.200317 
 -0.042512 0.194640 -0.195404 
 -0.049593 0.198307 -0.167565 
 -0.061564 0.199464 -0.151169 
 -0.078357 0.198118 -0.146236 
 -0.085640 0.201769 -0.118337 
 -0.111944 0.195425 -0.136370 
 -0.128737 0.194079 -0.131436 
 -0.145530 0.192733 -0.126503 
 -0.162323 0.191387 -0.121570 
 -0.179116 0.190040 -0.116637 
 -0.200530 0.186206 -0.123226 
 -0.226497 0.179890 -0.141356 
 -0.243223 0.178549 -0.136443 
 -0.259948 0.177208 -0.131529 
 -0.276674 0.175867 -0.126616 
 -0.293400 0.174526 -0.121702 
 -0.310126 0.173186 -0.116789 
 -0.326852 0.171845 -0.111876 
 -0.334696 0.175450 -0.083813 
 -0.347048 0.176577 -0.067305 
 -0.363842 0.175231 -0.062371 
 -0.371888 0.178821 -0.034249 
 -0.380024 0.182403 -0.006100 
 -0.396907 0.181050 -0.001141 
 -0.409484 0.182159 0.015433 
 -0.426389 0.180803 0.020400 
 -0.443295 0.179448 0.025366 
 -0.451722 0.183007 0.053601 
 0.560716 0.296659 0.065012 
 0.543227 0.295257 0.070150 
 0.525738 0.293855 0.075287 
 0.497568 0.287409 0.057804 
 0.458851 0.275930 0.017662 
 0.436201 0.272021 0.011436 
 0.408323 0.265598 -0.006132 
 0.380534 0.259183 -0.023727 
 0.347607 0.250262 -0.052691 
 0.320020 0.243863 -0.070346 
 0.292524 0.237471 -0.088026 
 0.259956 0.228579 -0.117096 
 0.232661 0.222203 -0.134836 
 0.215688 0.220842 -0.129850 
 0.193622 0.216980 -0.136247 
 0.176672 0.215621 -0.131268 
 0.149624 0.209265 -0.149080 
 0.127692 0.205413 -0.155517 
 0.090794 0.194080 -0.196194 
 0.059057 0.185254 -0.225507 
 0.042331 0.183913 -0.220594 
 0.025605 0.182572 -0.215680 
 0.008879 0.181232 -0.210767 
 -0.007846 0.179891 -0.205854 
 -0.024572 0.178550 -0.200940 
 -0.041298 0.177209 -0.196027 
 -0.043552 0.183310 -0.156728 
 -0.060345 0.181963 -0.151795 
 -0.077138 0.180617 -0.146862 
 -0.084417 0.184221 -0.118965 
 -0.110724 0.177925 -0.136995 
 -0.127517 0.176578 -0.132062 
 -0.144311 0.175232 -0.127129 
 -0.161104 0.173886 -0.122196 
 -0.177897 0.172539 -0.117262 
 -0.199312 0.168729 -0.123850 
 -0.216083 0.167384 -0.118924 
 -0.242008 0.161118 -0.137066 
 -0.258734 0.159777 -0.132152 
 -0.275460 0.158437 -0.127239 
 -0.292186 0.157096 -0.122325 
 -0.308912 0.155755 -0.117412 
 -0.316708 0.159317 -0.089364 
 -0.333478 0.157973 -0.084437 
 -0.345829 0.159076 -0.067930 
 -0.353827 0.162623 -0.039822 
 -0.370665 0.161273 -0.034876 
 -0.378798 0.164809 -0.006729 
 -0.395681 0.163455 -0.001769 
 -0.408256 0.164541 0.014804 
 -0.425162 0.163185 0.019770 
 -0.442067 0.161830 0.024736 
 0.544497 0.277031 0.069498 
 0.527008 0.275629 0.074636 
 0.498834 0.269230 0.057154 
 0.470750 0.262838 0.039647 
 0.437459 0.253958 0.010790 
 0.409578 0.247583 -0.006776 
 0.381786 0.241214 -0.024370 
 0.359314 0.237342 -0.030647 
 0.321264 0.226011 -0.070984 
 0.288579 0.217180 -0.100018 
 0.261191 0.210844 -0.117730 
 0.233893 0.204515 -0.135468 
 0.216921 0.203154 -0.130483 
 0.194853 0.199315 -0.136878 
 0.177902 0.197956 -0.131899 
 0.150851 0.191647 -0.149710 
 0.128918 0.187818 -0.156146 
 0.092013 0.176579 -0.196819 
 0.070237 0.172763 -0.203301 
 0.053466 0.171418 -0.198374 
 0.036696 0.170074 -0.193448 
 0.010094 0.163801 -0.211390 
 -0.006632 0.162460 -0.206477 
 -0.013617 0.166041 -0.178668 
 -0.030387 0.164696 -0.173741 
 -0.042332 0.165809 -0.157354 
 -0.059125 0.164463 -0.152420 
 -0.075919 0.163116 -0.147487 
 -0.083195 0.166673 -0.119592 
 -0.100033 0.165323 -0.114645 
 -0.126298 0.159077 -0.132688 
 -0.143092 0.157731 -0.127754 
 -0.164553 0.153940 -0.134328 
 -0.176678 0.155038 -0.117888 
 -0.198095 0.151251 -0.124475 
 -0.214866 0.149907 -0.119548 
 -0.240794 0.143688 -0.137689 
 -0.257520 0.142347 -0.132775 
 -0.274246 0.141006 -0.127862 
 -0.290971 0.139665 -0.122948 
 -0.307697 0.138324 -0.118035 
 -0.315490 0.141840 -0.089989 
 -0.332261 0.140495 -0.085062 
 -0.344610 0.141576 -0.068556 
 -0.352605 0.145075 -0.040450 
 -0.369443 0.143725 -0.035503 
 -0.377572 0.147214 -0.007358 
 -0.394455 0.145861 -0.002398 
 -0.407029 0.146923 0.014174 
 -0.423934 0.145568 0.019140 
 -0.440840 0.144212 0.024106 
 0.545767 0.258805 0.068847 
 0.528277 0.257403 0.073984 
 0.500101 0.251050 0.056504 
 0.472014 0.244705 0.038999 
 0.444017 0.238367 0.021467 
 0.421385 0.234506 0.015236 
 0.393545 0.228181 -0.002342 
 0.360564 0.219397 -0.031288 
 0.322508 0.208159 -0.071622 
 0.289818 0.199398 -0.100654 
 0.262427 0.193109 -0.118364 
 0.235126 0.186827 -0.136101 
 0.218153 0.185466 -0.131115 
 0.196083 0.181650 -0.137510 
 0.168984 0.175384 -0.155306 
 0.152079 0.174029 -0.150340 
 0.120085 0.165324 -0.179576 
 0.103247 0.163974 -0.174630 
 0.076439 0.157732 -0.192512 
 0.044760 0.149052 -0.221840 
 0.028034 0.147711 -0.216927 
 0.011308 0.146370 -0.212013 
 -0.005418 0.145029 -0.207100 
 -0.022144 0.143688 -0.202186 
 -0.029170 0.147218 -0.174366 
 -0.041113 0.148308 -0.157979 
 -0.057906 0.146962 -0.153046 
 -0.074699 0.145615 -0.148113 
 -0.081972 0.149126 -0.120219 
 -0.098810 0.147776 -0.115273 
 -0.115649 0.146426 -0.110326 
 -0.141872 0.140230 -0.128380 
 -0.158665 0.138884 -0.123447 
 -0.175459 0.137537 -0.118514 
 -0.196877 0.133774 -0.125100 
 -0.213648 0.132429 -0.120173 
 -0.239579 0.126257 -0.138312 
 -0.256305 0.124916 -0.133398 
 -0.273031 0.123575 -0.128485 
 -0.289757 0.122234 -0.123572 
 -0.306483 0.120893 -0.118658 
 -0.314272 0.124362 -0.090613 
 -0.331043 0.123018 -0.085687 
 -0.334544 0.128877 -0.046023 
 -0.351382 0.127527 -0.041077 
 -0.359463 0.130973 -0.012946 
 -0.376346 0.129619 -0.007987 
 -0.393229 0.128266 -0.003027 
 -0.405801 0.129305 0.013544 
 -0.422707 0.127949 0.018510 
 -0.439612 0.126594 0.023476 
 0.547036 0.240578 0.068195 
 0.529547 0.239176 0.073333 
 0.512058 0.237774 0.078470 
 0.483923 0.231472 0.060979 
 0.477080 0.234970 0.088746 
 0.449034 0.228675 0.071228 
 0.405312 0.215054 0.019682 
 0.361814 0.201451 -0.031930 
 0.334173 0.195189 -0.049565 
 0.306621 0.188934 -0.067228 
 0.263662 0.175374 -0.118998 
 0.246645 0.174010 -0.113999 
 0.219385 0.167778 -0.131747 
 0.197314 0.163985 -0.138141 
 0.170211 0.157766 -0.155936 
 0.153306 0.156411 -0.150970 
 0.131369 0.152629 -0.157403 
 0.104469 0.146427 -0.175257 
 0.077659 0.140231 -0.193137 
 0.060865 0.138885 -0.188204 
 0.039131 0.135119 -0.194697 
 0.022360 0.133774 -0.189770 
 0.005589 0.132430 -0.184844 
 -0.011181 0.131085 -0.179917 
 -0.027952 0.129741 -0.174991 
 -0.039894 0.130807 -0.158605 
 -0.056687 0.129461 -0.153672 
 -0.073480 0.128114 -0.148738 
 -0.080750 0.131578 -0.120846 
 -0.097588 0.130228 -0.115900 
 -0.114426 0.128878 -0.110954 
 -0.131264 0.127528 -0.106007 
 -0.157446 0.121383 -0.124072 
 -0.174239 0.120036 -0.119139 
 -0.191033 0.118690 -0.114206 
 -0.212430 0.114952 -0.120798 
 -0.238365 0.108826 -0.138935 
 -0.245972 0.112263 -0.110945 
 -0.262743 0.110918 -0.106018 
 -0.279513 0.109574 -0.101091 
 -0.296284 0.108229 -0.096165 
 -0.313055 0.106885 -0.091238 
 -0.325378 0.107920 -0.074740 
 -0.342171 0.106574 -0.069807 
 -0.350160 0.109980 -0.041704 
 -0.366998 0.108630 -0.036758 
 -0.375121 0.112025 -0.008616 
 -0.392004 0.110671 -0.003656 
 -0.408887 0.109318 0.001303 
 -0.425770 0.107964 0.006263 
 -0.438385 0.108976 0.022847 
 0.548306 0.222352 0.067544 
 0.530817 0.220950 0.072681 
 0.513328 0.219548 0.077819 
 0.495838 0.218146 0.082957 
 0.478349 0.216744 0.088094 
 0.450301 0.210496 0.070578 
 0.411828 0.199413 0.030370 
 0.368299 0.185925 -0.021231 
 0.345844 0.182125 -0.027513 
 0.307865 0.171082 -0.067866 
 0.275233 0.162467 -0.096913 
 0.258170 0.161099 -0.091900 
 0.230862 0.154911 -0.109634 
 0.203645 0.148729 -0.127393 
 0.181594 0.144962 -0.133793 
 0.154533 0.138793 -0.151599 
 0.132595 0.135035 -0.158032 
 0.105692 0.128879 -0.175884 
 0.088854 0.127529 -0.170938 
 0.072016 0.126179 -0.165991 
 0.045292 0.120037 -0.183896 
 0.028498 0.118691 -0.178963 
 0.006807 0.114952 -0.185469 
 -0.005088 0.115998 -0.169097 
 -0.021881 0.114652 -0.164164 
 -0.029013 0.118080 -0.136313 
 -0.045851 0.116730 -0.131366 
 -0.062689 0.115380 -0.126420 
 -0.079527 0.114030 -0.121474 
 -0.096365 0.112680 -0.116527 
 -0.113204 0.111330 -0.111581 
 -0.130042 0.109980 -0.106634 
 -0.146880 0.108631 -0.101688 
 -0.163718 0.107281 -0.096742 
 -0.189813 0.101189 -0.114831 
 -0.206607 0.099843 -0.109898 
 -0.227983 0.096129 -0.116496 
 -0.244754 0.094785 -0.111569 
 -0.261525 0.093441 -0.106643 
 -0.278296 0.092096 -0.101716 
 -0.295066 0.090752 -0.096790 
 -0.307366 0.091765 -0.080299 
 -0.315261 0.095132 -0.052224 
 -0.332099 0.093782 -0.047278 
 -0.340129 0.097137 -0.019164 
 -0.357012 0.095784 -0.014204 
 -0.373895 0.094430 -0.009245 
 -0.390778 0.093077 -0.004285 
 -0.407661 0.091724 0.000674 
 -0.424544 0.090370 0.005634 
 -0.441427 0.089017 0.010594 
 0.532087 0.202724 0.072030 
 0.519946 0.203727 0.088473 
 0.497108 0.199920 0.082305 
 0.479619 0.198518 0.087443 
 0.467411 0.199515 0.103906 
 0.434123 0.190918 0.075053 
 0.416679 0.189520 0.080177 
 0.352309 0.166574 -0.016809 
 0.309109 0.153230 -0.068505 
 0.281641 0.147076 -0.086190 
 0.274849 0.150484 -0.058440 
 0.232098 0.137176 -0.110268 
 0.215080 0.135812 -0.105269 
 0.187904 0.129680 -0.123040 
 0.165875 0.125938 -0.129445 
 0.133821 0.117440 -0.158661 
 0.116938 0.116087 -0.153702 
 0.090076 0.109981 -0.171565 
 0.073238 0.108631 -0.166619 
 0.056400 0.107281 -0.161672 
 0.029717 0.101190 -0.179589 
 0.012924 0.099844 -0.174656 
 -0.003869 0.098497 -0.169722 
 -0.010952 0.101882 -0.141887 
 -0.027791 0.100532 -0.136940 
 -0.044629 0.099182 -0.131994 
 -0.061467 0.097832 -0.127047 
 -0.068775 0.101199 -0.099146 
 -0.085658 0.099845 -0.094187 
 -0.111981 0.093783 -0.112208 
 -0.128819 0.092433 -0.107262 
 -0.145657 0.091083 -0.102315 
 -0.162495 0.089733 -0.097369 
 -0.179333 0.088383 -0.092423 
 -0.205387 0.082342 -0.110524 
 -0.222181 0.080996 -0.105591 
 -0.238974 0.079649 -0.100657 
 -0.255767 0.078303 -0.095724 
 -0.272560 0.076957 -0.090791 
 -0.289353 0.075611 -0.085858 
 -0.297200 0.078934 -0.057798 
 -0.314038 0.077584 -0.052851 
 -0.330876 0.076234 -0.047905 
 -0.347715 0.074884 -0.042959 
 -0.351403 0.080517 -0.003244 
 -0.372669 0.076836 -0.009874 
 -0.389552 0.075482 -0.004914 
 -0.406435 0.074129 0.000045 
 -0.423318 0.072775 0.005005 
 -0.440201 0.071422 0.009965 
 0.521217 0.185477 0.087821 
 0.503706 0.184073 0.092965 
 0.486194 0.182669 0.098109 
 0.479249 0.186018 0.125904 
 0.445910 0.177487 0.097066 
 0.428421 0.176085 0.102204 
 0.353560 0.148605 -0.017451 
 0.320739 0.140116 -0.046439 
 0.293222 0.134005 -0.064111 
 0.265796 0.127901 -0.081807 
 0.243585 0.124168 -0.088159 
 0.216316 0.118077 -0.105903 
 0.199298 0.116712 -0.100904 
 0.172164 0.110632 -0.118686 
 0.140083 0.102202 -0.147893 
 0.118164 0.098492 -0.154331 
 0.101281 0.097139 -0.149371 
 0.074461 0.091084 -0.167246 
 0.057622 0.089734 -0.162299 
 0.040784 0.088384 -0.157353 
 0.023946 0.087034 -0.152407 
 0.007108 0.085684 -0.147460 
 -0.009730 0.084334 -0.142514 
 -0.026568 0.082984 -0.137567 
 -0.043406 0.081634 -0.132621 
 -0.050666 0.084958 -0.104735 
 -0.067549 0.083604 -0.099775 
 -0.084432 0.082251 -0.094816 
 -0.101315 0.080897 -0.089856 
 -0.118198 0.079544 -0.084896 
 -0.135081 0.078190 -0.079937 
 -0.151964 0.076837 -0.074977 
 -0.178111 0.070835 -0.093050 
 -0.194949 0.069485 -0.088103 
 -0.211787 0.068135 -0.083157 
 -0.237755 0.062149 -0.101283 
 -0.254548 0.060802 -0.096350 
 -0.262302 0.064086 -0.068318 
 -0.279140 0.062736 -0.063371 
 -0.295978 0.061386 -0.058425 
 -0.303911 0.064655 -0.030341 
 -0.320794 0.063302 -0.025381 
 -0.337677 0.061948 -0.020422 
 -0.350176 0.062899 -0.003874 
 -0.367081 0.061544 0.001093 
 -0.388326 0.057888 -0.005543 
 -0.405209 0.056534 -0.000583 
 -0.422092 0.055181 0.004376 
 -0.438975 0.053828 0.009336 
 0.533193 0.171944 0.109778 
 0.504977 0.165824 0.092313 
 0.487466 0.164420 0.097457 
 0.464670 0.160663 0.091277 
 0.447180 0.159261 0.096415 
 0.382534 0.136717 -0.000483 
 0.365247 0.135331 0.004595 
 0.321986 0.122217 -0.047079 
 0.294466 0.116153 -0.064749 
 0.277336 0.114780 -0.059717 
 0.249951 0.108726 -0.077425 
 0.227762 0.105018 -0.083783 
 0.200534 0.098977 -0.101537 
 0.173396 0.092944 -0.119318 
 0.151385 0.089250 -0.125729 
 0.124405 0.083229 -0.143556 
 0.102506 0.079544 -0.150000 
 0.085624 0.078191 -0.145040 
 0.068741 0.076837 -0.140081 
 0.042007 0.070836 -0.157980 
 0.025169 0.069486 -0.153034 
 0.018091 0.072777 -0.125202 
 0.001208 0.071423 -0.120242 
 -0.015675 0.070070 -0.115283 
 -0.032558 0.068716 -0.110323 
 -0.049441 0.067363 -0.105364 
 -0.061555 0.068321 -0.088928 
 -0.083207 0.064656 -0.095445 
 -0.095366 0.065610 -0.078996 
 -0.116973 0.061949 -0.085525 
 -0.133856 0.060596 -0.080566 
 -0.150739 0.059242 -0.075606 
 -0.176888 0.053288 -0.093677 
 -0.193727 0.051938 -0.088731 
 -0.210565 0.050588 -0.083784 
 -0.227403 0.049238 -0.078838 
 -0.253328 0.043301 -0.096975 
 -0.261079 0.046538 -0.068945 
 -0.277917 0.045188 -0.063999 
 -0.294755 0.043838 -0.059052 
 -0.311593 0.042489 -0.054106 
 -0.319569 0.045707 -0.026010 
 -0.336452 0.044354 -0.021051 
 -0.348948 0.045281 -0.004503 
 -0.365854 0.043926 0.000463 
 -0.387101 0.040293 -0.006172 
 -0.403984 0.038940 -0.001212 
 -0.420867 0.037586 0.003747 
 -0.437750 0.036233 0.008707 
 0.534467 0.153647 0.109124 
 0.516911 0.152240 0.114281 
 0.488737 0.146170 0.096805 
 0.465939 0.142437 0.090626 
 0.448450 0.141035 0.095763 
 0.373306 0.114050 -0.023801 
 0.356064 0.112668 -0.018736 
 0.323233 0.104319 -0.047719 
 0.306058 0.102942 -0.042674 
 0.278580 0.096928 -0.060355 
 0.251192 0.090921 -0.078061 
 0.234107 0.089552 -0.073042 
 0.211938 0.085869 -0.079406 
 0.184752 0.079878 -0.097172 
 0.152616 0.071585 -0.126360 
 0.135666 0.070227 -0.121381 
 0.108727 0.064256 -0.139220 
 0.091821 0.062900 -0.134254 
 0.069966 0.059243 -0.140710 
 0.053083 0.057889 -0.135750 
 0.036200 0.056536 -0.130791 
 0.019317 0.055182 -0.125831 
 0.002434 0.053829 -0.120871 
 -0.014449 0.052476 -0.115912 
 -0.031332 0.051122 -0.110952 
 -0.048215 0.049769 -0.105993 
 -0.050788 0.055279 -0.066608 
 -0.077233 0.049348 -0.084592 
 -0.094139 0.047992 -0.079626 
 -0.115747 0.044355 -0.086154 
 -0.141990 0.038440 -0.104197 
 -0.149513 0.041648 -0.076235 
 -0.175666 0.035740 -0.094304 
 -0.192504 0.034390 -0.089358 
 -0.209342 0.033040 -0.084412 
 -0.226180 0.031690 -0.079465 
 -0.243018 0.030340 -0.074519 
 -0.259857 0.028990 -0.069572 
 -0.276695 0.027641 -0.064626 
 -0.284577 0.030820 -0.036558 
 -0.301460 0.029466 -0.031599 
 -0.313910 0.030374 -0.015065 
 -0.330815 0.029018 -0.010099 
 -0.347721 0.027663 -0.005133 
 -0.364626 0.026308 -0.000167 
 -0.385875 0.022699 -0.006801 
 -0.402758 0.021345 -0.001841 
 -0.419641 0.019992 0.003118 
 -0.436524 0.018638 0.008078 
 0.518186 0.133943 0.113627 
 0.490008 0.127920 0.096152 
 0.493648 0.135740 0.146587 
 0.476047 0.134329 0.151757 
 0.385044 0.100686 -0.001771 
 0.341655 0.087797 -0.053404 
 0.324480 0.086420 -0.048359 
 0.307305 0.085043 -0.043314 
 0.279824 0.079076 -0.060993 
 0.252432 0.073116 -0.078698 
 0.235347 0.071746 -0.073679 
 0.213176 0.068087 -0.080041 
 0.196114 0.066719 -0.075029 
 0.168969 0.060779 -0.092807 
 0.136896 0.052562 -0.122012 
 0.119946 0.051203 -0.117033 
 0.093049 0.045283 -0.134884 
 0.076143 0.043927 -0.129917 
 0.054309 0.040295 -0.136379 
 0.037426 0.038941 -0.131420 
 0.020543 0.037588 -0.126460 
 0.003660 0.036234 -0.121500 
 -0.013223 0.034881 -0.116541 
 -0.030106 0.033527 -0.111581 
 -0.042195 0.034440 -0.095154 
 -0.049558 0.037614 -0.067239 
 -0.076006 0.031730 -0.085222 
 -0.092912 0.030375 -0.080256 
 -0.114521 0.026760 -0.086783 
 -0.131404 0.025407 -0.081824 
 -0.148287 0.024053 -0.076864 
 -0.174443 0.018192 -0.094932 
 -0.191282 0.016842 -0.089985 
 -0.208120 0.015492 -0.085039 
 -0.224958 0.014142 -0.080092 
 -0.241796 0.012792 -0.075146 
 -0.258634 0.011443 -0.070200 
 -0.275472 0.010093 -0.065253 
 -0.283351 0.013225 -0.037187 
 -0.300234 0.011872 -0.032228 
 -0.312682 0.012756 -0.015695 
 -0.334000 0.009165 -0.022309 
 -0.346493 0.010045 -0.005763 
 -0.363399 0.008690 -0.000797 
 -0.384649 0.005104 -0.007430 
 -0.410177 -0.000706 -0.025682 
 -0.427015 -0.002056 -0.020736 
 -0.443853 -0.003406 -0.015789 
 0.505505 0.121962 0.168574 
 0.477325 0.115986 0.151102 
 0.386299 0.082670 -0.002415 
 0.369012 0.081284 0.002663 
 0.325727 0.068522 -0.048999 
 0.308552 0.067145 -0.043953 
 0.281067 0.061224 -0.061631 
 0.263937 0.059851 -0.056599 
 0.246807 0.058478 -0.051567 
 0.219503 0.052572 -0.069296 
 0.202417 0.051202 -0.064277 
 0.170205 0.043044 -0.093441 
 0.143147 0.037158 -0.111243 
 0.126174 0.035797 -0.106257 
 0.104226 0.032179 -0.112685 
 0.077370 0.026309 -0.130547 
 0.060465 0.024954 -0.125581 
 0.043560 0.023599 -0.120615 
 0.026654 0.022243 -0.115649 
 0.009749 0.020888 -0.110682 
 -0.007157 0.019533 -0.105716 
 -0.024062 0.018178 -0.100750 
 -0.031377 0.021308 -0.072850 
 -0.043554 0.022191 -0.056398 
 -0.065277 0.018591 -0.062891 
 -0.082228 0.017232 -0.057912 
 -0.113295 0.009166 -0.087412 
 -0.130178 0.007812 -0.082453 
 -0.147061 0.006459 -0.077493 
 -0.173221 0.000644 -0.095559 
 -0.190059 -0.000706 -0.090612 
 -0.206897 -0.002055 -0.085666 
 -0.223735 -0.003405 -0.080720 
 -0.240573 -0.004755 -0.075773 
 -0.257412 -0.006105 -0.070827 
 -0.265242 -0.003016 -0.042776 
 -0.282125 -0.004369 -0.037816 
 -0.299008 -0.005723 -0.032857 
 -0.311455 -0.004862 -0.016325 
 -0.328361 -0.006217 -0.011359 
 -0.345266 -0.007573 -0.006393 
 -0.366540 -0.011137 -0.013018 
 -0.392116 -0.016904 -0.031256 
 -0.408954 -0.018254 -0.026309 
 -0.425793 -0.019604 -0.021363 
 -0.442631 -0.020954 -0.016416 
 0.540373 0.111770 0.196675 
 0.517368 0.108090 0.190559 
 0.499677 0.106672 0.195756 
 0.481986 0.105254 0.200953 
 0.354596 0.056507 -0.032003 
 0.337376 0.055127 -0.026944 
 0.309799 0.049246 -0.044593 
 0.292624 0.047869 -0.039548 
 0.265181 0.041999 -0.057237 
 0.248051 0.040626 -0.052205 
 0.230921 0.039252 -0.047173 
 0.213791 0.037879 -0.042141 
 0.181529 0.029788 -0.071288 
 0.154423 0.023945 -0.089076 
 0.127407 0.018109 -0.106889 
 0.110434 0.016749 -0.101904 
 0.088507 0.013156 -0.108337 
 0.061692 0.007336 -0.126211 
 0.044787 0.005981 -0.121245 
 0.027881 0.004626 -0.116278 
 0.010976 0.003270 -0.111312 
 -0.005929 0.001915 -0.106346 
 -0.022835 0.000560 -0.101380 
 -0.025349 0.005863 -0.062016 
 -0.042322 0.004502 -0.057030 
 -0.059294 0.003142 -0.052044 
 -0.076267 0.001781 -0.047058 
 -0.107362 -0.006217 -0.076549 
 -0.128953 -0.009782 -0.083082 
 -0.145836 -0.011136 -0.078122 
 -0.162719 -0.012490 -0.073162 
 -0.179602 -0.013843 -0.068203 
 -0.196485 -0.015196 -0.063243 
 -0.222513 -0.020953 -0.081347 
 -0.239351 -0.022303 -0.076401 
 -0.256189 -0.023653 -0.071454 
 -0.264017 -0.020610 -0.043405 
 -0.280900 -0.021964 -0.038445 
 -0.297783 -0.023317 -0.033486 
 -0.310228 -0.022480 -0.016955 
 -0.318302 -0.019457 0.011168 
 -0.335252 -0.020816 0.016147 
 -0.360944 -0.026546 -0.002056 
 -0.377850 -0.027901 0.002910 
 -0.394755 -0.029256 0.007876 
 -0.424570 -0.037152 -0.021990 
 0.541659 0.093309 0.196016 
 0.518653 0.089653 0.189900 
 0.500962 0.088235 0.195097 
 0.483270 0.086817 0.200294 
 0.371522 0.045253 0.001375 
 0.338626 0.037181 -0.027586 
 0.311046 0.031347 -0.045233 
 0.293871 0.029970 -0.040188 
 0.266425 0.024147 -0.057875 
 0.249295 0.022774 -0.052843 
 0.232165 0.021401 -0.047811 
 0.215035 0.020027 -0.042779 
 0.187813 0.014222 -0.060531 
 0.155658 0.006210 -0.089710 
 0.138641 0.004846 -0.084711 
 0.111666 -0.000940 -0.102536 
 0.094693 -0.002300 -0.097550 
 0.072787 -0.005868 -0.103989 
 0.055837 -0.007227 -0.099010 
 0.043775 -0.006382 -0.082592 
 0.021936 -0.009945 -0.089051 
 0.004985 -0.011303 -0.084072 
 -0.011965 -0.012662 -0.079092 
 -0.024116 -0.011825 -0.062648 
 -0.031537 -0.008797 -0.034719 
 -0.058062 -0.014546 -0.052676 
 -0.075035 -0.015907 -0.047690 
 -0.092008 -0.017268 -0.042704 
 -0.113667 -0.020816 -0.049216 
 -0.144610 -0.028730 -0.078751 
 -0.161493 -0.030084 -0.073791 
 -0.187614 -0.035801 -0.091867 
 -0.204452 -0.037151 -0.086921 
 -0.212142 -0.034144 -0.058912 
 -0.229025 -0.035498 -0.053953 
 -0.245908 -0.036851 -0.048993 
 -0.262791 -0.038205 -0.044034 
 -0.275189 -0.037388 -0.027517 
 -0.292095 -0.038743 -0.022551 
 -0.309000 -0.040098 -0.017585 
 -0.317071 -0.037122 0.010536 
 -0.334022 -0.038481 0.015516 
 -0.359717 -0.044164 -0.002686 
 -0.376622 -0.045519 0.002280 
 -0.393528 -0.046874 0.007246 
 0.372777 0.027237 0.000731 
 0.345081 0.021441 -0.016882 
 0.322657 0.017855 -0.023169 
 0.295118 0.012072 -0.040827 
 0.277943 0.010695 -0.035782 
 0.260768 0.009318 -0.030737 
 0.233408 0.003549 -0.048449 
 0.216279 0.002175 -0.043417 
 0.189054 -0.003583 -0.061168 
 0.156894 -0.011525 -0.090344 
 0.139876 -0.012889 -0.085345 
 0.122858 -0.014253 -0.080345 
 0.095926 -0.019988 -0.098182 
 0.078953 -0.021349 -0.093196 
 0.061980 -0.022710 -0.088210 
 0.045007 -0.024070 -0.083224 
 0.023166 -0.027609 -0.089683 
 0.006216 -0.028968 -0.084703 
 -0.005911 -0.028152 -0.068266 
 -0.022884 -0.029513 -0.063280 
 -0.030301 -0.026532 -0.035353 
 -0.056830 -0.032234 -0.053308 
 -0.073803 -0.033595 -0.048322 
 -0.090775 -0.034956 -0.043336 
 -0.121813 -0.042808 -0.072842 
 -0.143384 -0.046325 -0.079380 
 -0.160267 -0.047679 -0.074420 
 -0.186392 -0.053349 -0.092494 
 -0.203230 -0.054699 -0.087548 
 -0.220068 -0.056048 -0.082601 
 -0.227799 -0.053092 -0.054582 
 -0.244682 -0.054446 -0.049622 
 -0.261565 -0.055799 -0.044663 
 -0.273962 -0.055005 -0.028147 
 -0.277476 -0.049923 0.011509 
 -0.294449 -0.051284 0.016495 
 -0.311422 -0.052645 0.021481 
 -0.328395 -0.054006 0.026467 
 -0.345368 -0.055366 0.031453 
 -0.362340 -0.056727 0.036439 
 -0.392300 -0.064492 0.006617 
 0.374032 0.009221 0.000087 
 0.346333 0.003472 -0.017524 
 0.323907 -0.000090 -0.023810 
 0.296365 -0.005827 -0.041467 
 0.279190 -0.007204 -0.036422 
 0.262015 -0.008581 -0.031377 
 0.234652 -0.014303 -0.049087 
 0.217522 -0.015676 -0.044055 
 0.200392 -0.017050 -0.039023 
 0.168183 -0.024925 -0.068182 
 0.141112 -0.030624 -0.085979 
 0.124094 -0.031988 -0.080979 
 0.097158 -0.037676 -0.098814 
 0.080185 -0.039037 -0.093828 
 0.063212 -0.040398 -0.088842 
 0.046239 -0.041758 -0.083856 
 0.024397 -0.045274 -0.090314 
 0.012294 -0.044480 -0.073885 
 -0.004679 -0.045840 -0.068899 
 -0.021652 -0.047201 -0.063913 
 -0.038625 -0.048562 -0.058927 
 -0.055598 -0.049922 -0.053941 
 -0.063101 -0.046995 -0.025989 
 -0.089543 -0.052644 -0.043969 
 -0.106516 -0.054004 -0.038983 
 -0.142158 -0.063919 -0.080009 
 -0.159041 -0.065273 -0.075049 
 -0.175924 -0.066627 -0.070090 
 -0.202007 -0.072246 -0.088175 
 -0.218845 -0.073596 -0.083229 
 -0.226573 -0.070687 -0.055211 
 -0.243456 -0.072041 -0.050251 
 -0.260339 -0.073394 -0.045292 
 -0.259271 -0.066251 0.005891 
 -0.276244 -0.067611 0.010877 
 -0.293217 -0.068972 0.015863 
 -0.301349 -0.066095 0.044000 
 -0.318367 -0.067460 0.048999 
 -0.335384 -0.068824 0.053998 
 -0.361108 -0.074415 0.035807 
 0.385748 -0.004474 0.022117 
 0.358000 -0.010180 0.004521 
 0.325157 -0.018036 -0.024452 
 0.307937 -0.019416 -0.019393 
 0.280437 -0.025103 -0.037062 
 0.263262 -0.026479 -0.032016 
 0.246087 -0.027856 -0.026971 
 0.218766 -0.033528 -0.044693 
 0.201636 -0.034902 -0.039661 
 0.169421 -0.042707 -0.068818 
 0.142347 -0.048359 -0.086612 
 0.125329 -0.049723 -0.081613 
 0.098390 -0.055365 -0.099447 
 0.081417 -0.056725 -0.094461 
 0.064444 -0.058086 -0.089475 
 0.047472 -0.059447 -0.084489 
 0.030499 -0.060807 -0.079503 
 0.013526 -0.062168 -0.074517 
 -0.003447 -0.063529 -0.069531 
 -0.020420 -0.064889 -0.064545 
 -0.037392 -0.066250 -0.059559 
 -0.054365 -0.067611 -0.054573 
 -0.061865 -0.064730 -0.026623 
 -0.078883 -0.066095 -0.021623 
 -0.105284 -0.071693 -0.039615 
 -0.136264 -0.079399 -0.069136 
 -0.153169 -0.080754 -0.064169 
 -0.174699 -0.084221 -0.070718 
 -0.191582 -0.085575 -0.065759 
 -0.208465 -0.086928 -0.060799 
 -0.225348 -0.088281 -0.055840 
 -0.242231 -0.089635 -0.050880 
 -0.254602 -0.088886 -0.034372 
 -0.258039 -0.083939 0.005259 
 -0.275012 -0.085300 0.010245 
 -0.291985 -0.086660 0.015231 
 -0.308957 -0.088021 0.020217 
 -0.325930 -0.089382 0.025203 
 -0.342903 -0.090742 0.030189 
 0.387006 -0.022537 0.021471 
 0.359256 -0.028196 0.003877 
 0.326407 -0.035981 -0.025093 
 0.309188 -0.037362 -0.020035 
 0.281684 -0.043001 -0.037702 
 0.264509 -0.044378 -0.032656 
 0.247334 -0.045755 -0.027611 
 0.220010 -0.051380 -0.045331 
 0.202880 -0.052753 -0.040299 
 0.170660 -0.060488 -0.069454 
 0.143583 -0.066094 -0.087246 
 0.126565 -0.067458 -0.082247 
 0.099622 -0.073053 -0.100079 
 0.082650 -0.074413 -0.095093 
 0.065677 -0.075774 -0.090107 
 0.048704 -0.077135 -0.085121 
 0.031731 -0.078495 -0.080135 
 0.014758 -0.079856 -0.075149 
 -0.002215 -0.081217 -0.070163 
 -0.019187 -0.082577 -0.065177 
 -0.026594 -0.079737 -0.037255 
 -0.043612 -0.081101 -0.032256 
 -0.060630 -0.082465 -0.027257 
 -0.077648 -0.083829 -0.022257 
 -0.104051 -0.089381 -0.040247 
 -0.125695 -0.092833 -0.046763 
 -0.151942 -0.098372 -0.064799 
 -0.173473 -0.101816 -0.071347 
 -0.190356 -0.103169 -0.066388 
 -0.207239 -0.104523 -0.061428 
 -0.224122 -0.105876 -0.056469 
 -0.236469 -0.105149 -0.039968 
 -0.253374 -0.106504 -0.035002 
 -0.256807 -0.101627 0.004626 
 -0.273779 -0.102988 0.009612 
 -0.281860 -0.100201 0.037733 
 -0.298878 -0.101565 0.042732 
 -0.315896 -0.102929 0.047731 
 -0.332913 -0.104294 0.052730 
 0.327658 -0.053927 -0.025735 
 0.310438 -0.055307 -0.020676 
 0.293218 -0.056688 -0.015618 
 0.265756 -0.062277 -0.033296 
 0.248581 -0.063654 -0.028251 
 0.231406 -0.065031 -0.023205 
 0.204123 -0.070605 -0.040937 
 0.176930 -0.076173 -0.058695 
 0.154836 -0.079638 -0.065077 
 0.127801 -0.085193 -0.082881 
 0.100855 -0.090741 -0.100711 
 0.083882 -0.092101 -0.095725 
 0.066909 -0.093462 -0.090739 
 0.049936 -0.094823 -0.085753 
 0.032963 -0.096184 -0.080767 
 0.015991 -0.097544 -0.075781 
 -0.000982 -0.098905 -0.070795 
 -0.017955 -0.100266 -0.065809 
 -0.025359 -0.097472 -0.037889 
 -0.042377 -0.098836 -0.032890 
 -0.059394 -0.100200 -0.027890 
 -0.076412 -0.101564 -0.022891 
 -0.102819 -0.107069 -0.040880 
 -0.119792 -0.108430 -0.035894 
 -0.136765 -0.109791 -0.030908 
 -0.158365 -0.113216 -0.037435 
 -0.175315 -0.114575 -0.032456 
 -0.192266 -0.115934 -0.027476 
 -0.209216 -0.117293 -0.022497 
 -0.226166 -0.118651 -0.017518 
 -0.243117 -0.120010 -0.012538 
 -0.255574 -0.119315 0.003994 
 -0.272547 -0.120676 0.008980 
 -0.280625 -0.117936 0.037099 
 -0.297642 -0.119300 0.042098 
 -0.314660 -0.120664 0.047097 
 -0.331678 -0.122029 0.052096 
 0.334098 -0.069786 -0.015028 
 0.327192 -0.066999 0.012746 
 0.299614 -0.072550 -0.004898 
 0.277248 -0.076014 -0.011201 
 0.249828 -0.081552 -0.028890 
 0.232653 -0.082929 -0.023845 
 0.215478 -0.084306 -0.018800 
 0.178171 -0.093978 -0.059331 
 0.146054 -0.101564 -0.088514 
 0.119060 -0.107068 -0.106329 
 0.102087 -0.108429 -0.101343 
 0.085114 -0.109790 -0.096358 
 0.068141 -0.111150 -0.091372 
 0.051168 -0.112511 -0.086386 
 0.034196 -0.113872 -0.081400 
 0.017223 -0.115232 -0.076414 
 0.009912 -0.112478 -0.048521 
 -0.007106 -0.113842 -0.043522 
 -0.024123 -0.115206 -0.038523 
 -0.041141 -0.116571 -0.033524 
 -0.058159 -0.117935 -0.028524 
 -0.075176 -0.119299 -0.023525 
 -0.101587 -0.124757 -0.041512 
 -0.118560 -0.126118 -0.036526 
 -0.135532 -0.127479 -0.031540 
 -0.157134 -0.130881 -0.038067 
 -0.174085 -0.132240 -0.033087 
 -0.191035 -0.133598 -0.028108 
 -0.207985 -0.134957 -0.023129 
 -0.224936 -0.136316 -0.018149 
 -0.237369 -0.135643 -0.001624 
 -0.254342 -0.137003 0.003362 
 -0.271315 -0.138364 0.008348 
 -0.279389 -0.135671 0.036465 
 -0.296407 -0.137035 0.041464 
 -0.313424 -0.138399 0.046463 
 -0.330442 -0.139764 0.051462 
 -0.347460 -0.141128 0.056461 
 0.363021 -0.082243 0.001945 
 0.345734 -0.083629 0.007024 
 0.328447 -0.085015 0.012102 
 0.311159 -0.086401 0.017180 
 0.283623 -0.091902 -0.000475 
 0.261279 -0.095340 -0.006784 
 0.244059 -0.096720 -0.001725 
 0.226839 -0.098101 0.003333 
 0.179411 -0.111783 -0.059967 
 0.157314 -0.115201 -0.066348 
 0.130272 -0.120663 -0.084149 
 0.103319 -0.126117 -0.101976 
 0.086346 -0.127478 -0.096990 
 0.069374 -0.128838 -0.092004 
 0.052401 -0.130199 -0.087018 
 0.035428 -0.131560 -0.082032 
 0.028165 -0.128848 -0.054154 
 0.011148 -0.130213 -0.049155 
 -0.015490 -0.135642 -0.067074 
 -0.022888 -0.132941 -0.039157 
 -0.039906 -0.134305 -0.034157 
 -0.056923 -0.135670 -0.029158 
 -0.073941 -0.137034 -0.024159 
 -0.100355 -0.142445 -0.042144 
 -0.117327 -0.143806 -0.037158 
 -0.134300 -0.145167 -0.032172 
 -0.155904 -0.148545 -0.038698 
 -0.172854 -0.149904 -0.033719 
 -0.189804 -0.151263 -0.028739 
 -0.206755 -0.152622 -0.023760 
 -0.223705 -0.153981 -0.018781 
 -0.236137 -0.153331 -0.002256 
 -0.253110 -0.154691 0.002730 
 -0.261136 -0.152041 0.030832 
 -0.278153 -0.153406 0.035831 
 -0.286314 -0.150766 0.063973 
 -0.303377 -0.152134 0.068985 
 -0.320439 -0.153502 0.073998 
 -0.337502 -0.154870 0.079010 
 0.364276 -0.100259 0.001301 
 0.346989 -0.101644 0.006380 
 0.340044 -0.098955 0.034163 
 0.312415 -0.104416 0.016536 
 0.284875 -0.109870 -0.001118 
 0.267633 -0.111253 0.003947 
 0.245309 -0.114665 -0.002367 
 0.228090 -0.116046 0.002692 
 0.190724 -0.125534 -0.037819 
 0.163567 -0.130958 -0.055585 
 0.141490 -0.134351 -0.061971 
 0.114490 -0.139762 -0.079784 
 0.087579 -0.145166 -0.097622 
 0.070606 -0.146526 -0.092636 
 0.063436 -0.143855 -0.064786 
 0.046419 -0.145219 -0.059787 
 0.029401 -0.146583 -0.054788 
 0.012383 -0.147948 -0.049789 
 0.004989 -0.145294 -0.021873 
 -0.012073 -0.146662 -0.016860 
 -0.029136 -0.148030 -0.011848 
 -0.055688 -0.153405 -0.029792 
 -0.072705 -0.154769 -0.024793 
 -0.099122 -0.160133 -0.042776 
 -0.116095 -0.161494 -0.037790 
 -0.133068 -0.162855 -0.032805 
 -0.154673 -0.166210 -0.039330 
 -0.171623 -0.167569 -0.034350 
 -0.188574 -0.168928 -0.029371 
 -0.205524 -0.170287 -0.024391 
 -0.222474 -0.171646 -0.019412 
 -0.234905 -0.171019 -0.002889 
 -0.251877 -0.172379 0.002097 
 -0.268850 -0.173740 0.007083 
 -0.285823 -0.175101 0.012069 
 -0.302796 -0.176461 0.017055 
 -0.302138 -0.169916 0.068350 
 -0.319200 -0.171284 0.073362 
 -0.336263 -0.172652 0.078374 
 0.348244 -0.119660 0.005736 
 0.330957 -0.121046 0.010814 
 0.313670 -0.122432 0.015892 
 0.286127 -0.127839 -0.001760 
 0.268885 -0.129222 0.003305 
 0.251642 -0.130604 0.008370 
 0.234400 -0.131986 0.013435 
 0.212120 -0.135372 0.007109 
 0.164807 -0.148763 -0.056221 
 0.147722 -0.150133 -0.051202 
 0.115725 -0.157497 -0.080418 
 0.098707 -0.158861 -0.075419 
 0.081690 -0.160225 -0.070420 
 0.064672 -0.161590 -0.065420 
 0.047654 -0.162954 -0.060421 
 0.030637 -0.164318 -0.055422 
 0.023291 -0.161708 -0.027521 
 -0.003399 -0.167047 -0.045424 
 -0.010834 -0.164444 -0.017496 
 -0.027897 -0.165812 -0.012484 
 -0.054452 -0.171140 -0.030426 
 -0.071470 -0.172504 -0.025427 
 -0.097890 -0.177821 -0.043409 
 -0.114863 -0.179182 -0.038423 
 -0.131835 -0.180543 -0.033437 
 -0.148808 -0.181904 -0.028451 
 -0.170393 -0.185234 -0.034982 
 -0.187343 -0.186593 -0.030002 
 -0.204293 -0.187951 -0.025023 
 -0.216700 -0.187346 -0.008507 
 -0.233672 -0.188707 -0.003521 
 -0.250645 -0.190068 0.001465 
 -0.258665 -0.187511 0.029564 
 -0.275682 -0.188875 0.034563 
 -0.283836 -0.186330 0.062702 
 -0.300899 -0.187698 0.067714 
 -0.317961 -0.189066 0.072726 
 0.349499 -0.137676 0.005092 
 0.332212 -0.139062 0.010170 
 0.314925 -0.140448 0.015248 
 0.287379 -0.145808 -0.002402 
 0.270137 -0.147190 0.002663 
 0.252894 -0.148573 0.007728 
 0.235652 -0.149955 0.012793 
 0.203291 -0.157278 -0.016314 
 0.176082 -0.162611 -0.034064 
 0.148962 -0.167938 -0.051839 
 0.126905 -0.171282 -0.058230 
 0.099943 -0.176596 -0.076053 
 0.082925 -0.177960 -0.071053 
 0.065907 -0.179325 -0.066054 
 0.048890 -0.180689 -0.061055 
 0.041592 -0.178122 -0.033169 
 0.024530 -0.179490 -0.028156 
 0.007467 -0.180857 -0.023144 
 -0.009596 -0.182225 -0.018132 
 -0.026658 -0.183593 -0.013119 
 -0.043721 -0.184961 -0.008107 
 -0.070234 -0.190239 -0.026061 
 -0.096658 -0.195510 -0.044041 
 -0.113630 -0.196870 -0.039055 
 -0.130603 -0.198231 -0.034069 
 -0.147576 -0.199592 -0.029083 
 -0.164549 -0.200952 -0.024097 
 -0.181522 -0.202313 -0.019111 
 -0.198494 -0.203674 -0.014125 
 -0.215467 -0.205034 -0.009139 
 -0.232440 -0.206395 -0.004153 
 -0.240411 -0.203882 0.023931 
 -0.257429 -0.205246 0.028930 
 -0.274447 -0.206610 0.033929 
 -0.278164 -0.202180 0.073635 
 -0.295249 -0.203550 0.078654 
 -0.312334 -0.204919 0.083673 
 0.350754 -0.155691 0.004448 
 0.333467 -0.157077 0.009526 
 0.316180 -0.158463 0.014604 
 0.288631 -0.163777 -0.003045 
 0.271388 -0.165159 0.002020 
 0.254146 -0.166542 0.007085 
 0.236904 -0.167924 0.012151 
 0.214621 -0.171263 0.005826 
 0.177326 -0.180463 -0.034702 
 0.160196 -0.181837 -0.029670 
 0.128144 -0.189064 -0.058866 
 0.101178 -0.194331 -0.076687 
 0.084161 -0.195695 -0.071687 
 0.067143 -0.197060 -0.066688 
 0.050125 -0.198424 -0.061689 
 0.042831 -0.195903 -0.033804 
 0.025768 -0.197271 -0.028792 
 0.008706 -0.198639 -0.023780 
 -0.003563 -0.198070 -0.007305 
 -0.020648 -0.199440 -0.002286 
 -0.042482 -0.202743 -0.008743 
 -0.068999 -0.207974 -0.026695 
 -0.086016 -0.209338 -0.021696 
 -0.112398 -0.214558 -0.039687 
 -0.129371 -0.215919 -0.034701 
 -0.146344 -0.217280 -0.029715 
 -0.163317 -0.218640 -0.024729 
 -0.180289 -0.220001 -0.019743 
 -0.197262 -0.221362 -0.014757 
 -0.214235 -0.222722 -0.009771 
 -0.222158 -0.220252 0.018297 
 -0.239176 -0.221617 0.023297 
 -0.247233 -0.219157 0.051406 
 -0.264296 -0.220525 0.056418 
 -0.268054 -0.216169 0.096134 
 -0.285184 -0.217542 0.101166 
 -0.311094 -0.222724 0.083036 
 0.352009 -0.173707 0.003804 
 0.334722 -0.175093 0.008882 
 0.317435 -0.176479 0.013960 
 0.300148 -0.177865 0.019039 
 0.282861 -0.179251 0.024117 
 0.265574 -0.180637 0.029195 
 0.238156 -0.185893 0.011508 
 0.220914 -0.187275 0.016573 
 0.188610 -0.194452 -0.012548 
 0.161439 -0.199689 -0.030308 
 0.129383 -0.206846 -0.059502 
 0.102414 -0.212066 -0.077321 
 0.085396 -0.213430 -0.072321 
 0.068378 -0.214795 -0.067322 
 0.051361 -0.216159 -0.062323 
 0.044070 -0.213685 -0.034440 
 0.027007 -0.215053 -0.029428 
 0.009945 -0.216421 -0.024415 
 -0.002322 -0.215875 -0.007941 
 -0.019407 -0.217245 -0.002922 
 -0.041243 -0.220525 -0.009378 
 -0.058306 -0.221892 -0.004366 
 -0.084781 -0.227073 -0.022330 
 -0.101799 -0.228437 -0.017331 
 -0.128139 -0.233607 -0.035334 
 -0.145111 -0.234968 -0.030348 
 -0.162084 -0.236329 -0.025362 
 -0.179057 -0.237689 -0.020376 
 -0.196030 -0.239050 -0.015390 
 -0.203905 -0.236623 0.012664 
 -0.220923 -0.237987 0.017663 
 -0.228932 -0.235571 0.045758 
 -0.241513 -0.235051 0.062324 
 -0.258598 -0.236420 0.067343 
 -0.266810 -0.234020 0.095496 
 -0.283940 -0.235394 0.100528 
 -0.301070 -0.236767 0.105560 
 0.353264 -0.191723 0.003160 
 0.335977 -0.193109 0.008238 
 0.318690 -0.194495 0.013316 
 0.301403 -0.195881 0.018395 
 0.284116 -0.197266 0.023473 
 0.266829 -0.198652 0.028551 
 0.249542 -0.200038 0.033630 
 0.222165 -0.205244 0.015931 
 0.189857 -0.212351 -0.013188 
 0.172682 -0.213728 -0.008143 
 0.135599 -0.222723 -0.048729 
 0.113559 -0.225995 -0.055125 
 0.086632 -0.231165 -0.072955 
 0.079434 -0.228731 -0.045100 
 0.062371 -0.230099 -0.040088 
 0.045309 -0.231467 -0.035076 
 0.033088 -0.230941 -0.018616 
 0.011183 -0.234203 -0.025051 
 -0.001082 -0.233680 -0.008578 
 -0.018167 -0.235050 -0.003559 
 -0.040004 -0.238306 -0.010014 
 -0.057067 -0.239674 -0.005001 
 -0.083545 -0.244808 -0.022964 
 -0.100563 -0.246172 -0.017965 
 -0.117581 -0.247536 -0.012965 
 -0.143879 -0.252656 -0.030980 
 -0.160852 -0.254017 -0.025994 
 -0.168634 -0.251629 0.002032 
 -0.185652 -0.252994 0.007031 
 -0.202669 -0.254358 0.012030 
 -0.210631 -0.251985 0.040110 
 -0.227693 -0.253353 0.045122 
 -0.240273 -0.252856 0.061687 
 -0.257358 -0.254225 0.066706 
 -0.274443 -0.255595 0.071725 
 -0.282696 -0.253246 0.099890 
 -0.299826 -0.254619 0.104922 
 0.354520 -0.209739 0.002516 
 0.337232 -0.211124 0.007594 
 0.319945 -0.212510 0.012672 
 0.302658 -0.213896 0.017751 
 0.285371 -0.215282 0.022829 
 0.268084 -0.216668 0.027907 
 0.250797 -0.218054 0.032986 
 0.223417 -0.223213 0.015289 
 0.191104 -0.230249 -0.013828 
 0.173929 -0.231626 -0.008782 
 0.136839 -0.240528 -0.049366 
 0.114798 -0.243777 -0.055761 
 0.097735 -0.245145 -0.050748 
 0.070850 -0.250264 -0.068590 
 0.063610 -0.247881 -0.040724 
 0.051414 -0.247376 -0.024271 
 0.029485 -0.250616 -0.030699 
 0.012422 -0.251984 -0.025686 
 0.000159 -0.251485 -0.009214 
 -0.016926 -0.252855 -0.004195 
 -0.034011 -0.254225 0.000824 
 -0.055828 -0.257456 -0.005637 
 -0.082310 -0.262543 -0.023598 
 -0.099327 -0.263907 -0.018599 
 -0.116345 -0.265271 -0.013599 
 -0.142647 -0.270344 -0.031612 
 -0.159620 -0.271705 -0.026626 
 -0.176593 -0.273065 -0.021640 
 -0.184416 -0.270729 0.006397 
 -0.201434 -0.272093 0.011396 
 -0.209392 -0.269767 0.039474 
 -0.226454 -0.271135 0.044486 
 -0.239032 -0.270661 0.061051 
 -0.247192 -0.268351 0.089187 
 -0.264322 -0.269724 0.094219 
 -0.272617 -0.267425 0.122396 
 -0.289792 -0.268802 0.127441 
 0.355775 -0.227754 0.001872 
 0.338488 -0.229140 0.006950 
 0.321200 -0.230526 0.012028 
 0.303913 -0.231912 0.017107 
 0.286626 -0.233298 0.022185 
 0.269339 -0.234684 0.027263 
 0.252052 -0.236069 0.032342 
 0.224669 -0.241182 0.014646 
 0.202402 -0.244425 0.008318 
 0.175176 -0.249525 -0.009422 
 0.138080 -0.258333 -0.050002 
 0.116037 -0.261559 -0.056396 
 0.098974 -0.262927 -0.051384 
 0.072085 -0.267999 -0.069224 
 0.055067 -0.269364 -0.064225 
 0.047786 -0.267030 -0.036347 
 0.030724 -0.268398 -0.031334 
 0.013661 -0.269766 -0.026322 
 0.001399 -0.269291 -0.009851 
 -0.015686 -0.270660 -0.004832 
 -0.032771 -0.272030 0.000187 
 -0.054589 -0.275238 -0.006273 
 -0.081074 -0.280278 -0.024232 
 -0.098092 -0.281642 -0.019232 
 -0.115110 -0.283006 -0.014233 
 -0.132127 -0.284371 -0.009234 
 -0.149145 -0.285735 -0.004235 
 -0.166163 -0.287099 0.000764 
 -0.183180 -0.288463 0.005763 
 -0.191090 -0.286181 0.033826 
 -0.208153 -0.287548 0.038838 
 -0.220707 -0.287096 0.055396 
 -0.237792 -0.288466 0.060414 
 -0.245949 -0.286203 0.088549 
 -0.263079 -0.287576 0.093581 
 -0.271370 -0.285324 0.121756 
 -0.288545 -0.286701 0.126802 
 0.339743 -0.247156 0.006306 
 0.332779 -0.244844 0.034090 
 0.315447 -0.246234 0.039181 
 0.298115 -0.247623 0.044273 
 0.280783 -0.249013 0.049364 
 0.253307 -0.254085 0.031698 
 0.236020 -0.255471 0.036776 
 0.208679 -0.260533 0.019069 
 0.186432 -0.263751 0.012736 
 0.149284 -0.272469 -0.027828 
 0.122235 -0.277508 -0.045620 
 0.105150 -0.278878 -0.040601 
 0.083150 -0.282076 -0.047007 
 0.070980 -0.281617 -0.030563 
 0.053895 -0.282987 -0.025544 
 0.046504 -0.280709 0.002365 
 0.019725 -0.285726 -0.015506 
 0.012244 -0.283456 0.012429 
 -0.004886 -0.284829 0.017461 
 -0.022016 -0.286202 0.022493 
 -0.048616 -0.291205 0.004570 
 -0.070413 -0.294387 -0.001896 
 -0.087476 -0.295755 0.003116 
 -0.104538 -0.297123 0.008129 
 -0.130892 -0.302105 -0.009868 
 -0.147910 -0.303470 -0.004869 
 -0.164927 -0.304834 0.000130 
 -0.181945 -0.306198 0.005129 
 -0.198963 -0.307563 0.010129 
 -0.206914 -0.305330 0.038203 
 -0.219466 -0.304901 0.054759 
 -0.236551 -0.306271 0.059778 
 -0.244705 -0.304055 0.087911 
 -0.261835 -0.305428 0.092943 
 -0.278965 -0.306801 0.097975 
 -0.287298 -0.304599 0.126162 
 0.340998 -0.265171 0.005662 
 0.339201 -0.261081 0.044796 
 0.316705 -0.264296 0.038535 
 0.299373 -0.265685 0.043627 
 0.282041 -0.267075 0.048718 
 0.264709 -0.268464 0.053810 
 0.247377 -0.269854 0.058901 
 0.219988 -0.274873 0.041210 
 0.187682 -0.281697 0.012094 
 0.160495 -0.286699 -0.005656 
 0.133398 -0.291695 -0.023434 
 0.106390 -0.296683 -0.041237 
 0.089305 -0.298052 -0.036218 
 0.072220 -0.299422 -0.031199 
 0.064878 -0.297188 -0.003306 
 0.047748 -0.298561 0.001727 
 0.030618 -0.299934 0.006759 
 0.013488 -0.301307 0.011791 
 -0.003642 -0.302681 0.016823 
 -0.020772 -0.304054 0.021855 
 -0.047375 -0.309010 0.003933 
 -0.069174 -0.312169 -0.002532 
 -0.086237 -0.313537 0.002481 
 -0.103300 -0.314904 0.007493 
 -0.129656 -0.319840 -0.010502 
 -0.146674 -0.321205 -0.005503 
 -0.163692 -0.322569 -0.000504 
 -0.171550 -0.320376 0.027543 
 -0.188613 -0.321744 0.032555 
 -0.201141 -0.321337 0.049104 
 -0.218226 -0.322706 0.054123 
 -0.226331 -0.320533 0.082241 
 -0.243461 -0.321907 0.087273 
 -0.251702 -0.319744 0.115431 
 -0.268876 -0.321121 0.120477 
 -0.286051 -0.322498 0.125522 
 0.340461 -0.279167 0.044150 
 0.323106 -0.280558 0.049248 
 0.305752 -0.281950 0.054346 
 0.288397 -0.283341 0.059444 
 0.265967 -0.286527 0.053164 
 0.248635 -0.287916 0.058256 
 0.221243 -0.292888 0.040566 
 0.193940 -0.297853 0.022850 
 0.171713 -0.301023 0.016511 
 0.144567 -0.305975 -0.001251 
 0.117512 -0.310920 -0.019040 
 0.100382 -0.312293 -0.014008 
 0.083252 -0.313666 -0.008976 
 0.066122 -0.315040 -0.003944 
 0.048992 -0.316413 0.001088 
 0.031862 -0.317786 0.006121 
 0.014732 -0.319159 0.011153 
 -0.002398 -0.320533 0.016185 
 -0.019528 -0.321906 0.021217 
 -0.036658 -0.323279 0.026249 
 -0.053788 -0.324652 0.031281 
 -0.084998 -0.331318 0.001845 
 -0.102061 -0.332686 0.006857 
 -0.119124 -0.334054 0.011870 
 -0.145438 -0.338940 -0.006137 
 -0.162456 -0.340304 -0.001138 
 -0.170311 -0.338158 0.026907 
 -0.187374 -0.339526 0.031919 
 -0.199900 -0.339142 0.048467 
 -0.216985 -0.340512 0.053486 
 -0.225088 -0.338385 0.081603 
 -0.242218 -0.339758 0.086635 
 -0.259348 -0.341132 0.091667 
 -0.267629 -0.339020 0.119837 
 0.341720 -0.297253 0.043503 
 0.324366 -0.298644 0.048601 
 0.307012 -0.300035 0.053700 
 0.289657 -0.301427 0.058798 
 0.267226 -0.304589 0.052519 
 0.249894 -0.305979 0.057610 
 0.222498 -0.310904 0.039922 
 0.195192 -0.315822 0.022207 
 0.172963 -0.318968 0.015870 
 0.145814 -0.323874 -0.001891 
 0.118755 -0.328772 -0.019678 
 0.101625 -0.330145 -0.014646 
 0.084495 -0.331518 -0.009614 
 0.067365 -0.332891 -0.004582 
 0.050235 -0.334265 0.000450 
 0.033105 -0.335638 0.005482 
 0.015975 -0.337011 0.010515 
 0.008415 -0.334889 0.038472 
 -0.008759 -0.336265 0.043517 
 -0.035414 -0.341131 0.025611 
 -0.052544 -0.342504 0.030643 
 -0.079064 -0.347359 0.012698 
 -0.100822 -0.350468 0.006222 
 -0.117885 -0.351836 0.011234 
 -0.144203 -0.356674 -0.006771 
 -0.161221 -0.358039 -0.001772 
 -0.169073 -0.355939 0.026271 
 -0.186135 -0.357307 0.031284 
 -0.198660 -0.356947 0.047831 
 -0.215745 -0.358317 0.052850 
 -0.223844 -0.356237 0.080964 
 -0.240974 -0.357610 0.085997 
 -0.258104 -0.358984 0.091029 
 0.342980 -0.315339 0.042857 
 0.325626 -0.316730 0.047955 
 0.308272 -0.318121 0.053053 
 0.290917 -0.319513 0.058151 
 0.273563 -0.320904 0.063249 
 0.251152 -0.324041 0.056964 
 0.223753 -0.328920 0.039278 
 0.196444 -0.333791 0.021565 
 0.174213 -0.336914 0.015228 
 0.147061 -0.341772 -0.002530 
 0.119999 -0.346624 -0.020316 
 0.102869 -0.347997 -0.015284 
 0.085739 -0.349370 -0.010252 
 0.068609 -0.350743 -0.005220 
 0.051479 -0.352117 -0.000188 
 0.044012 -0.350033 0.027741 
 0.026837 -0.351410 0.032787 
 0.009662 -0.352787 0.037832 
 -0.007513 -0.354164 0.042877 
 -0.034171 -0.358983 0.024973 
 -0.051301 -0.360356 0.030005 
 -0.077824 -0.365164 0.012062 
 -0.099583 -0.368250 0.005586 
 -0.116646 -0.369617 0.010599 
 -0.133709 -0.370985 0.015611 
 -0.159985 -0.375774 -0.002406 
 -0.167834 -0.373721 0.025636 
 -0.184896 -0.375089 0.030648 
 -0.197420 -0.374752 0.047194 
 -0.214505 -0.376122 0.052213 
 -0.222600 -0.374089 0.080326 
 -0.239730 -0.375462 0.085358 
 -0.256860 -0.376836 0.090391 
 0.354580 -0.329961 0.064907 
 0.337181 -0.331356 0.070019 
 0.309532 -0.336207 0.052407 
 0.292177 -0.337598 0.057505 
 0.269743 -0.340714 0.051227 
 0.252410 -0.342104 0.056319 
 0.225008 -0.346935 0.038634 
 0.197696 -0.351760 0.020923 
 0.175463 -0.354859 0.014587 
 0.148308 -0.359671 -0.003170 
 0.121243 -0.364475 -0.020954 
 0.104113 -0.365849 -0.015922 
 0.086983 -0.367222 -0.010890 
 0.079609 -0.365178 0.017011 
 0.062434 -0.366555 0.022056 
 0.045259 -0.367932 0.027102 
 0.028084 -0.369309 0.032147 
 0.010909 -0.370686 0.037192 
 -0.006266 -0.372063 0.042238 
 -0.032927 -0.376835 0.024335 
 -0.050057 -0.378208 0.029367 
 -0.076584 -0.382969 0.011425 
 -0.098344 -0.386031 0.004951 
 -0.115407 -0.387399 0.009963 
 -0.132470 -0.388767 0.014975 
 -0.149532 -0.390135 0.019988 
 -0.166595 -0.391503 0.025000 
 -0.183658 -0.392871 0.030012 
 -0.196179 -0.392557 0.046558 
 -0.213264 -0.393927 0.051577 
 -0.230349 -0.395296 0.056596 
 -0.238487 -0.393314 0.084720 
 0.355843 -0.348094 0.064259 
 0.328146 -0.352902 0.046662 
 0.310792 -0.354293 0.051760 
 0.293437 -0.355684 0.056858 
 0.271001 -0.358777 0.050582 
 0.253669 -0.360166 0.055673 
 0.216190 -0.368346 0.015215 
 0.198948 -0.369728 0.020280 
 0.176714 -0.372805 0.013945 
 0.149555 -0.377570 -0.003810 
 0.122486 -0.382327 -0.021593 
 0.105356 -0.383701 -0.016560 
 0.088226 -0.385074 -0.011528 
 0.080856 -0.383077 0.016371 
 0.063681 -0.384454 0.021417 
 0.046506 -0.385831 0.026462 
 0.029331 -0.387208 0.031507 
 0.012156 -0.388585 0.036553 
 -0.005019 -0.389961 0.041598 
 -0.031683 -0.394687 0.023697 
 -0.048813 -0.396060 0.028729 
 -0.075343 -0.400775 0.010789 
 -0.092428 -0.402144 0.015808 
 -0.109513 -0.403514 0.020827 
 -0.126598 -0.404884 0.025846 
 -0.143683 -0.406253 0.030865 
 -0.160768 -0.407623 0.035883 
 -0.177854 -0.408993 0.040902 
 -0.194939 -0.410362 0.045921 
 -0.212024 -0.411732 0.050940 
 -0.229109 -0.413102 0.055959 
 0.339707 -0.367621 0.068722 
 0.312052 -0.372379 0.051114 
 0.294697 -0.373770 0.056212 
 0.272259 -0.376839 0.049936 
 0.244806 -0.381581 0.032268 
 0.212403 -0.387989 0.003187 
 0.195184 -0.389370 0.008245 
 0.177964 -0.390750 0.013304 
 0.150802 -0.395468 -0.004450 
 0.133627 -0.396845 0.000595 
 0.106600 -0.401552 -0.017199 
 0.089470 -0.402926 -0.012166 
 0.072340 -0.404299 -0.007134 
 0.064928 -0.402353 0.020777 
 0.038080 -0.407046 0.002930 
 0.020950 -0.408419 0.007962 
 0.003820 -0.409792 0.012994 
 -0.003772 -0.407860 0.040958 
 -0.030440 -0.412539 0.023058 
 -0.047570 -0.413912 0.028091 
 -0.064700 -0.415285 0.033123 
 -0.091188 -0.419949 0.015171 
 -0.108273 -0.421319 0.020190 
 -0.125358 -0.422689 0.025209 
 -0.142443 -0.424058 0.030228 
 -0.159528 -0.425428 0.035247 
 -0.176613 -0.426798 0.040266 
 -0.184609 -0.424898 0.068348 
 -0.201739 -0.426271 0.073380 
 -0.227868 -0.430907 0.055323 
 0.340970 -0.385754 0.068074 
 0.313312 -0.390465 0.050467 
 0.295957 -0.391856 0.055565 
 0.273518 -0.394902 0.049290 
 0.246061 -0.399596 0.031624 
 0.213654 -0.405935 0.002545 
 0.201451 -0.405666 0.018996 
 0.184209 -0.407048 0.024061 
 0.161994 -0.410076 0.017721 
 0.134874 -0.414744 -0.000044 
 0.117699 -0.416121 0.005001 
 0.100524 -0.417498 0.010046 
 0.083350 -0.418874 0.015092 
 0.066175 -0.420251 0.020137 
 0.049000 -0.421628 0.025182 
 0.031825 -0.423005 0.030228 
 0.014650 -0.424382 0.035273 
 -0.002525 -0.425759 0.040318 
 -0.019700 -0.427136 0.045364 
 -0.046326 -0.431764 0.027452 
 -0.063456 -0.433137 0.032485 
 -0.089947 -0.437754 0.014535 
 -0.107032 -0.439124 0.019554 
 -0.124117 -0.440494 0.024573 
 -0.141203 -0.441864 0.029592 
 -0.158288 -0.443233 0.034611 
 -0.166236 -0.441377 0.062677 
 -0.183366 -0.442750 0.067710 
 -0.200496 -0.444123 0.072742 
 0.247316 -0.417612 0.030980 
 0.214904 -0.423880 0.001904 
 0.202703 -0.423635 0.018353 
 0.180464 -0.426641 0.012021 
 0.163244 -0.428022 0.017079 
 0.146025 -0.429402 0.022138 
 0.118946 -0.434019 0.004361 
 0.101771 -0.435396 0.009406 
 0.084597 -0.436773 0.014452 
 0.067422 -0.438150 0.019497 
 0.050247 -0.439527 0.024542 
 0.033072 -0.440904 0.029588 
 0.015897 -0.442281 0.034633 
 -0.001278 -0.443658 0.039678 
 -0.018453 -0.445034 0.044724 
 -0.045082 -0.449616 0.026814 
 -0.062212 -0.450989 0.031846 
 -0.079342 -0.452362 0.036879 
 -0.096472 -0.453736 0.041911 
 -0.113602 -0.455109 0.046943 
 -0.130732 -0.456482 0.051975 
 -0.147862 -0.457855 0.057007 
 -0.164992 -0.459229 0.062039 
 -0.182122 -0.460602 0.067071 
 -0.190201 -0.458803 0.095177 
 -0.207376 -0.460180 0.100222 
 0.216154 -0.441826 0.001262 
 0.198934 -0.443206 0.006321 
 0.181714 -0.444587 0.011379 
 0.164495 -0.445967 0.016438 
 0.147275 -0.447348 0.021496 
 0.130055 -0.448728 0.026555 
 0.103018 -0.453295 0.008767 
 0.095616 -0.451489 0.036672 
 0.068669 -0.456049 0.018857 
 0.051494 -0.457426 0.023903 
 0.034319 -0.458802 0.028948 
 0.017144 -0.460179 0.033993 
 -0.000031 -0.461556 0.039039 
 -0.017206 -0.462933 0.044084 
 -0.043839 -0.467468 0.026176 
 -0.060969 -0.468841 0.031208 
 -0.078099 -0.470214 0.036240 
 -0.095228 -0.471587 0.041273 
 -0.112358 -0.472961 0.046305 
 -0.129488 -0.474334 0.051337 
 -0.146618 -0.475707 0.056369 
 -0.163748 -0.477081 0.061401 
 -0.180878 -0.478454 0.066433 
 -0.188954 -0.476702 0.094537 
 -0.206129 -0.478079 0.099583 
 -0.223304 -0.479456 0.104628 
 0.217404 -0.459771 0.000621 
 0.200184 -0.461152 0.005679 
 0.182965 -0.462532 0.010738 
 0.165745 -0.463913 0.015796 
 0.148525 -0.465293 0.020855 
 0.131305 -0.466674 0.025913 
 0.114086 -0.468054 0.030972 
 0.096866 -0.469434 0.036030 
 0.079646 -0.470815 0.041089 
 0.052741 -0.475324 0.023263 
 0.035566 -0.476701 0.028308 
 0.018391 -0.478078 0.033353 
 0.001216 -0.479455 0.038399 
 -0.015959 -0.480832 0.043444 
 -0.042595 -0.485319 0.025538 
 -0.059725 -0.486693 0.030570 
 -0.076855 -0.488066 0.035602 
 -0.093985 -0.489439 0.040634 
 -0.111115 -0.490813 0.045667 
 -0.128245 -0.492186 0.050699 
 -0.145375 -0.493559 0.055731 
 -0.162505 -0.494932 0.060763 
 -0.170533 -0.493224 0.088852 
 -0.187707 -0.494600 0.093897 
 -0.204882 -0.495977 0.098943 
 -0.222057 -0.497354 0.103988 
 0.191387 -0.482208 -0.017740 
 0.184215 -0.480478 0.010096 
 0.166995 -0.481858 0.015155 
 0.149775 -0.483239 0.020213 
 0.132555 -0.484619 0.025272 
 0.105512 -0.489092 0.007487 
 0.098116 -0.487380 0.035389 
 0.080896 -0.488760 0.040447 
 0.053988 -0.493223 0.022623 
 0.036813 -0.494600 0.027668 
 0.019638 -0.495977 0.032714 
 0.002463 -0.497354 0.037759 
 -0.014712 -0.498730 0.042804 
 -0.041351 -0.503171 0.024900 
 -0.058481 -0.504545 0.029932 
 -0.075611 -0.505918 0.034964 
 -0.092741 -0.507291 0.039996 
 -0.109871 -0.508664 0.045029 
 -0.127001 -0.510038 0.050061 
 -0.144131 -0.511411 0.055093 
 -0.161261 -0.512784 0.060125 
 -0.169286 -0.511122 0.088212 
 -0.186460 -0.512499 0.093258 
 -0.203635 -0.513876 0.098303 
 -0.220810 -0.515253 0.103348 
 0.192634 -0.500107 -0.018379 
 0.185465 -0.498423 0.009455 
 0.168245 -0.499804 0.014513 
 0.151026 -0.501184 0.019572 
 0.133806 -0.502564 0.024630 
 0.106759 -0.506991 0.006847 
 0.099366 -0.505325 0.034747 
 0.082146 -0.506706 0.039806 
 0.055235 -0.511122 0.021983 
 0.038060 -0.512498 0.027029 
 0.020885 -0.513875 0.032074 
 0.003710 -0.515252 0.037119 
 -0.013465 -0.516629 0.042165 
 -0.040108 -0.521023 0.024262 
 -0.066660 -0.525410 0.006334 
 -0.074367 -0.523770 0.034326 
 -0.091497 -0.525143 0.039358 
 -0.108627 -0.526516 0.044390 
 -0.125757 -0.527890 0.049423 
 -0.142887 -0.529263 0.054455 
 -0.160017 -0.530636 0.059487 
 -0.177147 -0.532009 0.064519 
 -0.185214 -0.530398 0.092618 
 -0.202388 -0.531775 0.097663 
 0.203935 -0.514988 0.003755 
 0.186715 -0.516369 0.008813 
 0.169495 -0.517749 0.013872 
 0.152276 -0.519129 0.018930 
 0.135056 -0.520510 0.023989 
 0.108006 -0.524890 0.006207 
 0.090831 -0.526267 0.011253 
 0.073656 -0.527643 0.016298 
 0.056482 -0.529020 0.021343 
 0.039307 -0.530397 0.026389 
 0.022132 -0.531774 0.031434 
 -0.004604 -0.536129 0.013559 
 -0.012218 -0.534528 0.041525 
 -0.038864 -0.538875 0.023624 
 -0.065420 -0.543215 0.005697 
 -0.082505 -0.544585 0.010716 
 -0.099590 -0.545955 0.015735 
 -0.107384 -0.544368 0.043752 
 -0.124514 -0.545742 0.048784 
 -0.141644 -0.547115 0.053817 
 -0.158774 -0.548488 0.058849 
 -0.175904 -0.549861 0.063881 
 -0.193034 -0.551235 0.068913 
 -0.210163 -0.552608 0.073945 
 0.205185 -0.532934 0.003113 
 0.177953 -0.537281 -0.014614 
 0.160778 -0.538658 -0.009568 
 0.143603 -0.540035 -0.004523 
 0.126428 -0.541411 0.000522 
 0.109253 -0.542788 0.005568 
 0.092078 -0.544165 0.010613 
 0.074903 -0.545542 0.015658 
 0.057729 -0.546919 0.020704 
 0.040554 -0.548296 0.025749 
 0.023379 -0.549673 0.030794 
 0.006204 -0.551050 0.035840 
 -0.010971 -0.552426 0.040885 
 -0.037620 -0.556727 0.022986 
 -0.064179 -0.561020 0.005061 
 -0.071880 -0.559474 0.033050 
 -0.098349 -0.563760 0.015099 
 -0.106140 -0.562220 0.043114 
 -0.123270 -0.563593 0.048146 
 -0.140400 -0.564967 0.053178 
 -0.157530 -0.566340 0.058211 
 -0.174660 -0.567713 0.063243 
 -0.191790 -0.569087 0.068275 
 -0.208920 -0.570460 0.073307 
 0.189216 -0.552259 0.007530 
 0.171996 -0.553640 0.012589 
 0.154776 -0.555020 0.017647 
 0.137556 -0.556401 0.022706 
 0.110500 -0.560687 0.004928 
 0.093325 -0.562064 0.009973 
 0.076150 -0.563441 0.015018 
 0.058975 -0.564818 0.020064 
 0.041801 -0.566195 0.025109 
 0.024626 -0.567571 0.030154 
 -0.002117 -0.571832 0.012283 
 -0.019246 -0.573206 0.017315 
 -0.036376 -0.574579 0.022347 
 -0.062939 -0.578825 0.004424 
 -0.080024 -0.580195 0.009443 
 -0.097109 -0.581565 0.014462 
 -0.104896 -0.580072 0.042476 
 -0.122026 -0.581445 0.047508 
 -0.139156 -0.582819 0.052540 
 -0.156286 -0.584192 0.057572 
 -0.173416 -0.585565 0.062605 
 -0.190546 -0.586938 0.067637 
 -0.207676 -0.588312 0.072669 
 0.195476 -0.568768 0.018280 
 0.173246 -0.571585 0.011947 
 0.156026 -0.572966 0.017006 
 0.138807 -0.574346 0.022065 
 0.111747 -0.578586 0.004288 
 0.094572 -0.579963 0.009333 
 0.077397 -0.581340 0.014379 
 0.060222 -0.582716 0.019424 
 0.043048 -0.584093 0.024469 
 0.025873 -0.585470 0.029515 
 0.008698 -0.586847 0.034560 
 -0.018003 -0.591058 0.016677 
 -0.035133 -0.592431 0.021709 
 -0.052263 -0.593804 0.026741 
 -0.069393 -0.595177 0.031774 
 -0.095869 -0.599370 0.013826 
 -0.103653 -0.597924 0.041838 
 -0.120783 -0.599297 0.046870 
 -0.137913 -0.600670 0.051902 
 -0.155043 -0.602044 0.056934 
 -0.163051 -0.600616 0.085013 
 -0.180226 -0.601993 0.090059 
 0.208936 -0.586770 0.001189 
 0.196727 -0.586737 0.017638 
 0.189463 -0.585297 0.045497 
 0.157277 -0.590911 0.016364 
 0.140057 -0.592292 0.021423 
 0.112994 -0.596484 0.003648 
 0.095819 -0.597861 0.008694 
 0.078644 -0.599238 0.013739 
 0.061469 -0.600615 0.018784 
 0.044294 -0.601992 0.023830 
 0.027120 -0.603369 0.028875 
 0.009945 -0.604746 0.033920 
 -0.016759 -0.608909 0.016039 
 -0.033889 -0.610283 0.021071 
 -0.051019 -0.611656 0.026103 
 -0.068149 -0.613029 0.031135 
 -0.085279 -0.614403 0.036168 
 -0.102409 -0.615776 0.041200 
 -0.119539 -0.617149 0.046232 
 -0.136669 -0.618522 0.051264 
 -0.153799 -0.619896 0.056296 
 -0.170929 -0.621269 0.061328 
 -0.188059 -0.622642 0.066360 
 0.210186 -0.604715 0.000547 
 0.197979 -0.604706 0.016995 
 0.175747 -0.607476 0.010665 
 0.158527 -0.608857 0.015723 
 0.141307 -0.610237 0.020782 
 0.114241 -0.614383 0.003008 
 0.097066 -0.615760 0.008054 
 0.079891 -0.617137 0.013099 
 0.062716 -0.618514 0.018144 
 0.045541 -0.619891 0.023190 
 0.028367 -0.621268 0.028235 
 0.011192 -0.622644 0.033280 
 -0.015515 -0.626761 0.015401 
 -0.032645 -0.628135 0.020433 
 -0.049775 -0.629508 0.025465 
 -0.066905 -0.630881 0.030497 
 -0.084035 -0.632254 0.035529 
 -0.101165 -0.633628 0.040562 
 -0.118295 -0.635001 0.045594 
 -0.135425 -0.636374 0.050626 
 -0.152555 -0.637748 0.055658 
 -0.169685 -0.639121 0.060690 
 -0.186815 -0.640494 0.065722 
 0.216473 -0.621293 0.011288 
 0.199231 -0.622675 0.016353 
 0.176997 -0.625422 0.010023 
 0.159777 -0.626802 0.015082 
 0.142557 -0.628183 0.020140 
 0.115488 -0.632282 0.002369 
 0.098313 -0.633659 0.007414 
 0.081138 -0.635036 0.012459 
 0.063963 -0.636412 0.017505 
 0.046788 -0.637789 0.022550 
 0.029614 -0.639166 0.027595 
 0.012439 -0.640543 0.032641 
 -0.014272 -0.644613 0.014763 
 -0.031402 -0.645986 0.019795 
 -0.048532 -0.647360 0.024827 
 -0.065662 -0.648733 0.029859 
 -0.082792 -0.650106 0.034891 
 -0.099922 -0.651480 0.039923 
 -0.117052 -0.652853 0.044956 
 -0.134182 -0.654226 0.049988 
 -0.151311 -0.655599 0.055020 
 -0.159310 -0.654312 0.083094 
 -0.176485 -0.655689 0.088139 
 0.217725 -0.639262 0.010646 
 0.210516 -0.637958 0.038487 
 0.183241 -0.642026 0.020776 
 0.161027 -0.644748 0.014440 
 0.143807 -0.646128 0.019499 
 0.116735 -0.650181 0.001729 
 0.099560 -0.651557 0.006774 
 0.082385 -0.652934 0.011819 
 0.065210 -0.654311 0.016865 
 0.048035 -0.655688 0.021910 
 0.030860 -0.657065 0.026955 
 0.013686 -0.658442 0.032001 
 -0.003489 -0.659819 0.037046 
 -0.020664 -0.661196 0.042091 
 -0.037839 -0.662572 0.047137 
 -0.055014 -0.663949 0.052182 
 -0.072189 -0.665326 0.057227 
 -0.089364 -0.666703 0.062273 
 -0.106538 -0.668080 0.067318 
 -0.123713 -0.669457 0.072363 
 -0.140888 -0.670834 0.077409 
 -0.158063 -0.672211 0.082454 
 -0.175238 -0.673587 0.087499 
 0.246345 -0.653202 0.027687 
 0.229058 -0.654588 0.032765 
 0.211771 -0.655973 0.037843 
 0.184493 -0.659995 0.020134 
 0.162277 -0.662693 0.013799 
 0.145058 -0.664074 0.018857 
 0.117982 -0.668079 0.001089 
 0.100807 -0.669456 0.006134 
 0.083632 -0.670833 0.011180 
 0.066457 -0.672210 0.016225 
 0.049282 -0.673587 0.021270 
 0.032107 -0.674964 0.026316 
 0.014933 -0.676340 0.031361 
 -0.002242 -0.677717 0.036406 
 -0.019417 -0.679094 0.041452 
 -0.036592 -0.680471 0.046497 
 -0.053767 -0.681848 0.051542 
 -0.070942 -0.683225 0.056588 
 -0.088117 -0.684602 0.061633 
 -0.105291 -0.685979 0.066678 
 -0.122466 -0.687355 0.071724 
 -0.139641 -0.688732 0.076769 
 -0.156816 -0.690109 0.081814 
 -0.173991 -0.691486 0.086860 
 0.247600 -0.671217 0.027043 
 0.230313 -0.672603 0.032121 
 0.213026 -0.673989 0.037199 
 0.185744 -0.677964 0.019491 
 0.163528 -0.680639 0.013157 
 0.146308 -0.682019 0.018216 
 0.119229 -0.685978 0.000449 
 0.102054 -0.687355 0.005495 
 0.084879 -0.688732 0.010540 
 0.067704 -0.690108 0.015585 
 0.050529 -0.691485 0.020631 
 0.033354 -0.692862 0.025676 
 0.016180 -0.694239 0.030721 
 -0.000995 -0.695616 0.035766 
 -0.018170 -0.696993 0.040812 
 -0.035345 -0.698370 0.045857 
 -0.052520 -0.699747 0.050902 
 -0.069695 -0.701123 0.055948 
 -0.086870 -0.702500 0.060993 
 -0.104045 -0.703877 0.066038 
 -0.121219 -0.705254 0.071084 
 -0.138394 -0.706631 0.076129 
 -0.155569 -0.708008 0.081174 
 -0.172744 -0.709385 0.086220 
 0.248855 -0.689233 0.026399 
 0.231568 -0.690619 0.031477 
 0.204239 -0.694550 0.013784 
 0.186996 -0.695933 0.018849 
 0.164778 -0.698584 0.012516 
 0.147558 -0.699965 0.017574 
 0.120476 -0.703877 -0.000191 
 0.103301 -0.705253 0.004855 
 0.086126 -0.706630 0.009900 
 0.068951 -0.708007 0.014945 
 0.051776 -0.709384 0.019991 
 0.034601 -0.710761 0.025036 
 0.017427 -0.712138 0.030081 
 0.000252 -0.713515 0.035127 
 -0.016923 -0.714892 0.040172 
 -0.034098 -0.716268 0.045217 
 -0.051273 -0.717645 0.050263 
 -0.068448 -0.719022 0.055308 
 -0.085623 -0.720399 0.060353 
 -0.102798 -0.721776 0.065399 
 -0.119972 -0.723153 0.070444 
 -0.137147 -0.724530 0.075489 
 -0.154322 -0.725907 0.080535 
 -0.171497 -0.727283 0.085580 
 0.242914 -0.706132 0.053588 
 0.215536 -0.710020 0.035911 
 0.188248 -0.713902 0.018207 
 0.171006 -0.715284 0.023272 
 0.148808 -0.717910 0.016933 
 0.121723 -0.721775 -0.000830 
 0.104548 -0.723152 0.004215 
 0.087373 -0.724529 0.009260 
 0.070198 -0.725906 0.014306 
 0.053023 -0.727283 0.019351 
 0.035848 -0.728660 0.024396 
 0.018673 -0.730036 0.029442 
 0.001499 -0.731413 0.034487 
 -0.015676 -0.732790 0.039532 
 -0.032851 -0.734167 0.044578 
 -0.050026 -0.735544 0.049623 
 -0.067201 -0.736921 0.054668 
 -0.084376 -0.738298 0.059714 
 -0.101551 -0.739675 0.064759 
 -0.118726 -0.741051 0.069804 
 -0.145093 -0.744859 0.051829 
 -0.162223 -0.746232 0.056861 
 -0.170250 -0.745182 0.084940 
 0.244172 -0.724194 0.052943 
 0.216791 -0.728036 0.035267 
 0.199504 -0.729422 0.040345 
 0.172258 -0.733253 0.022629 
 0.150058 -0.735856 0.016291 
 0.132839 -0.737236 0.021350 
 0.105795 -0.741051 0.003575 
 0.088620 -0.742428 0.008620 
 0.071445 -0.743805 0.013666 
 0.054270 -0.745181 0.018711 
 0.037095 -0.746558 0.023756 
 0.019920 -0.747935 0.028802 
 0.002745 -0.749312 0.033847 
 -0.004919 -0.748280 0.061818 
 -0.031604 -0.752066 0.043938 
 -0.039359 -0.751041 0.071935 
 -0.065954 -0.754820 0.054028 
 -0.073798 -0.753802 0.082052 
 -0.100304 -0.757573 0.064119 
 -0.126719 -0.761338 0.046159 
 -0.143849 -0.762711 0.051191 
 -0.160979 -0.764084 0.056223 
 0.250479 -0.741052 0.063674 
 0.228098 -0.743646 0.057389 
 0.200759 -0.747438 0.039701 
 0.183472 -0.748823 0.044780 
 0.156267 -0.752604 0.027052 
 0.134089 -0.755182 0.020708 
 0.116869 -0.756562 0.025767 
 0.089867 -0.760326 0.007981 
 0.082430 -0.759323 0.035884 
 0.055517 -0.763080 0.018071 
 0.038342 -0.764457 0.023117 
 0.030770 -0.763464 0.051059 
 0.013551 -0.764845 0.056118 
 -0.003669 -0.766225 0.061176 
 -0.020889 -0.767606 0.066235 
 -0.038109 -0.768986 0.071293 
 -0.055328 -0.770367 0.076352 
 -0.072548 -0.771747 0.081410 
 -0.099057 -0.775472 0.063479 
 -0.116232 -0.776849 0.068525 
 -0.133406 -0.778226 0.073570 
 -0.150581 -0.779603 0.078615 
 0.251739 -0.759138 0.063028 
 0.229357 -0.761709 0.056743 
 0.202014 -0.765453 0.039058 
 0.184727 -0.766839 0.044136 
 0.157519 -0.770573 0.026410 
 0.135339 -0.773127 0.020067 
 0.118119 -0.774508 0.025125 
 0.100900 -0.775888 0.030184 
 0.083680 -0.777269 0.035242 
 0.066460 -0.778649 0.040301 
 0.049240 -0.780030 0.045359 
 0.032021 -0.781410 0.050418 
 0.014801 -0.782790 0.055476 
 -0.002419 -0.784171 0.060535 
 -0.019639 -0.785551 0.065593 
 -0.036859 -0.786932 0.070652 
 -0.054078 -0.788312 0.075710 
 -0.071298 -0.789693 0.080769 
 -0.097810 -0.793371 0.062839 
 -0.114985 -0.794747 0.067885 
 -0.141362 -0.798415 0.049915 
 -0.158492 -0.799788 0.054947 
 0.252999 -0.777224 0.062381 
 0.230615 -0.779771 0.056097 
 0.213283 -0.781161 0.061189 
 0.185982 -0.784855 0.043492 
 0.158771 -0.788542 0.025768 
 0.136589 -0.791073 0.019425 
 0.119370 -0.792453 0.024484 
 0.102150 -0.793834 0.029542 
 0.084930 -0.795214 0.034601 
 0.067710 -0.796595 0.039659 
 0.040836 -0.800254 0.021837 
 0.033271 -0.799355 0.049776 
 0.016051 -0.800736 0.054835 
 -0.001169 -0.802116 0.059893 
 -0.018389 -0.803497 0.064952 
 -0.035608 -0.804877 0.070010 
 -0.052828 -0.806258 0.075069 
 -0.070048 -0.807638 0.080127 
 -0.096563 -0.811269 0.062200 
 -0.113738 -0.812646 0.067245 
 -0.140118 -0.816266 0.049277 
 -0.157248 -0.817640 0.054309 
 0.231873 -0.797834 0.055452 
 0.204524 -0.801485 0.037770 
 0.187237 -0.802870 0.042848 
 0.160023 -0.806511 0.025125 
 0.142781 -0.807893 0.030190 
 0.120620 -0.810399 0.023842 
 0.103400 -0.811779 0.028901 
 0.091054 -0.812040 0.045386 
 0.068961 -0.814540 0.039018 
 0.051741 -0.815920 0.044076 
 0.034521 -0.817301 0.049135 
 0.017301 -0.818681 0.054193 
 0.004843 -0.818951 0.070711 
 -0.017138 -0.821442 0.064310 
 -0.034358 -0.822823 0.069369 
 -0.051578 -0.824203 0.074427 
 -0.068798 -0.825584 0.079486 
 -0.095316 -0.829168 0.061560 
 -0.121745 -0.832745 0.043606 
 -0.138875 -0.834118 0.048639 
 -0.156005 -0.835492 0.053671 
 0.205780 -0.819500 0.037126 
 0.188492 -0.820886 0.042204 
 0.161275 -0.824479 0.024483 
 0.144033 -0.825862 0.029548 
 0.121870 -0.828344 0.023201 
 0.104650 -0.829725 0.028259 
 0.092306 -0.830008 0.044743 
 0.070211 -0.832485 0.038376 
 0.057821 -0.832773 0.054874 
 0.040579 -0.834155 0.059939 
 0.023337 -0.835538 0.065004 
 0.006095 -0.836920 0.070069 
 -0.015888 -0.839388 0.063669 
 -0.033108 -0.840768 0.068727 
 -0.050328 -0.842149 0.073786 
 -0.067547 -0.843529 0.078845 
 -0.094069 -0.847067 0.060920 
 -0.111244 -0.848444 0.065965 
 -0.137631 -0.851970 0.048000 
 -0.154761 -0.853343 0.053033 
 0.207035 -0.837516 0.036482 
 0.189748 -0.838902 0.041560 
 0.162527 -0.842448 0.023841 
 0.145284 -0.843831 0.028906 
 0.128042 -0.845213 0.033971 
 0.105900 -0.847670 0.027618 
 0.093558 -0.847977 0.044101 
 0.076315 -0.849360 0.049166 
 0.059073 -0.850742 0.054231 
 0.041831 -0.852124 0.059297 
 0.024589 -0.853507 0.064362 
 0.007347 -0.854889 0.069427 
 -0.009896 -0.856271 0.074492 
 -0.027138 -0.857653 0.079557 
 -0.044380 -0.859036 0.084622 
 -0.066297 -0.861475 0.078203 
 -0.083517 -0.862855 0.083262 
 -0.109997 -0.866342 0.065326 
 0.235648 -0.852021 0.053515 
 0.218317 -0.853411 0.058606 
 0.191003 -0.856917 0.040916 
 0.163778 -0.860417 0.023198 
 0.146536 -0.861799 0.028264 
 0.129294 -0.863182 0.033329 
 0.112052 -0.864564 0.038394 
 0.094810 -0.865946 0.043459 
 0.077567 -0.867329 0.048524 
 0.069993 -0.866619 0.076464 
 0.043083 -0.870093 0.058654 
 0.025841 -0.871475 0.063719 
 0.018131 -0.870776 0.091699 
 0.000844 -0.872162 0.096777 
 -0.016443 -0.873548 0.101856 
 -0.043128 -0.877004 0.083980 
 -0.065047 -0.879420 0.077562 
 -0.082267 -0.880801 0.082620 
 0.226832 -0.872161 0.030115 
 0.209545 -0.873547 0.035194 
 0.192258 -0.874933 0.040272 
 0.165030 -0.878386 0.022556 
 0.157683 -0.877705 0.050428 
 0.130546 -0.881151 0.032686 
 0.113304 -0.882533 0.037751 
 0.096061 -0.883915 0.042817 
 0.078819 -0.885297 0.047882 
 0.071248 -0.884634 0.075820 
 0.053961 -0.886020 0.080898 
 0.036674 -0.887406 0.085977 
 0.019387 -0.888792 0.091055 
 0.002099 -0.890178 0.096133 
 -0.015188 -0.891564 0.101212 
 0.228087 -0.890177 0.029471 
 0.220833 -0.889536 0.057315 
 0.193513 -0.892949 0.039628 
 0.166282 -0.896355 0.021914 
 0.158939 -0.895721 0.049785 
 0.131798 -0.899119 0.032044 
 0.114555 -0.900502 0.037109 
 0.097313 -0.901884 0.042174 
 0.089790 -0.901264 0.070098 
 0.072503 -0.902650 0.075176 
 0.055216 -0.904036 0.080254 
 0.037929 -0.905422 0.085333 
 0.020642 -0.906808 0.090411 
 0.003354 -0.908193 0.095489 
 0.212055 -0.909579 0.033906 
 0.194768 -0.910965 0.038984 
 0.177481 -0.912350 0.044062 
 0.160194 -0.913736 0.049141 
 0.133049 -0.917088 0.031402 
 0.115807 -0.918471 0.036467 
 0.098565 -0.919853 0.041532 
 0.091045 -0.919280 0.069454 
 0.083435 -0.918714 0.097401 
 0.066103 -0.920103 0.102493 
 0.048771 -0.921493 0.107584 
 0.021897 -0.924823 0.089767 
 0.004610 -0.926209 0.094845 
 0.213310 -0.927594 0.033262 
 0.196023 -0.928980 0.038340 
 0.178736 -0.930366 0.043418 
 0.161449 -0.931752 0.048497 
 0.134301 -0.935057 0.030759 
 0.117059 -0.936439 0.035825 
 0.099817 -0.937822 0.040890 
 0.092300 -0.937295 0.068810 
 0.075013 -0.938681 0.073888 
 0.067362 -0.938166 0.101847 
 0.050030 -0.939555 0.106939 
 0.197278 -0.946996 0.037696 
 0.179991 -0.948382 0.042774 
 0.162704 -0.949768 0.047853 
 0.145417 -0.951153 0.052931 
 0.118311 -0.954408 0.035182 
 0.101069 -0.955791 0.040247 
 0.093555 -0.955311 0.068166 
 0.076268 -0.956697 0.073244 
 0.181246 -0.966397 0.042130 
 0.163959 -0.967783 0.047209 
 0.136805 -0.970995 0.029475 
 0.119563 -0.972377 0.034540 
 0.102321 -0.973759 0.039605 
 0.155299 -0.987582 0.023767 
 0.138057 -0.988964 0.028832 
 